ticker,date,pred_time,direction,confidence,entry,ret_lo,ret_hi,est_high_pct,max_up,min_down,close_ret,dir_hit,graded_hit,midpoint_hit,exp_hit,far_cov,should_buy,pnl,dip_pnl,dip_filled,dip_pct
20MICRONS.NS,2026-04-29,09:15,BULLISH,MEDIUM,179.0,0.12,3.01,0.78,2.85,-0.35,0.51,1,1,1,1,1,1,0.477,,0,-0.68
20MICRONS.NS,2026-04-29,12:00,BULLISH,MEDIUM,181.48,0.09,2.17,0.56,1.44,-1.15,-0.86,1,1,1,1,1,1,0.262,0.262,1,-0.49
20MICRONS.NS,2026-04-29,14:00,BULLISH,MEDIUM,180.22,0.05,1.25,0.32,0.38,-0.46,-0.17,1,1,0,1,1,1,0.022,0.022,1,-0.28
20MICRONS.NS,2026-04-30,09:15,BEARISH,LOW,179.35,-4.26,-0.12,-1.0,0.26,-2.2,-1.51,1,1,1,1,1,0,,,0,-2.38
20MICRONS.NS,2026-04-30,12:00,BEARISH,LOW,177.24,-3.08,-0.09,-0.72,0.82,-0.45,-0.33,1,1,0,0,1,0,,,0,-1.72
20MICRONS.NS,2026-04-30,14:00,BEARISH,LOW,178.37,-1.78,-0.05,-0.41,0.14,-1.08,-0.96,1,1,1,1,1,0,,,0,-0.99
20MICRONS.NS,2026-05-04,09:15,BULLISH,HIGH,177.11,0.15,3.74,0.98,2.03,-0.27,1.07,1,1,1,1,1,1,0.677,,0,-0.79
20MICRONS.NS,2026-05-04,12:00,BULLISH,HIGH,179.84,0.11,2.7,0.71,0.09,-1.47,-0.47,1,0,0,0,1,1,-0.767,-0.196,1,-0.57
20MICRONS.NS,2026-05-04,14:00,BULLISH,HIGH,178.52,0.06,1.56,0.41,0.83,-0.31,0.27,1,1,1,1,1,1,0.109,,0,-0.33
20MICRONS.NS,2026-05-05,09:15,BEARISH,MEDIUM,176.7,-3.41,-0.1,-0.9,2.43,0.0,1.22,0,0,0,0,1,0,,,0,-2.14
20MICRONS.NS,2026-05-05,12:00,BEARISH,MEDIUM,178.93,-2.47,-0.07,-0.65,1.16,-0.2,-0.04,1,1,0,0,1,0,,,0,-1.55
20MICRONS.NS,2026-05-05,14:00,BEARISH,MEDIUM,180.35,-1.42,-0.04,-0.38,0.08,-0.83,-0.83,1,1,1,1,1,0,,,0,-0.89
20MICRONS.NS,2026-05-06,09:15,BEARISH,LOW,182.39,-2.56,-0.08,-0.6,0.93,-2.41,0.06,1,1,1,1,1,0,,,0,-1.43
20MICRONS.NS,2026-05-06,12:00,BEARISH,LOW,182.34,-1.85,-0.06,-0.43,0.96,-0.94,0.09,1,1,0,1,1,0,,,0,-1.03
20MICRONS.NS,2026-05-06,14:00,BEARISH,LOW,182.82,-1.07,-0.03,-0.25,0.69,-0.8,-0.18,1,1,1,1,1,0,,,0,-0.59
20MICRONS.NS,2026-05-07,09:15,BEARISH,LOW,183.8,-3.8,-0.13,-0.98,1.58,-0.81,0.24,1,1,0,0,1,0,,,0,-2.34
20MICRONS.NS,2026-05-07,12:00,BEARISH,LOW,184.7,-2.75,-0.09,-0.71,0.7,-1.29,-0.24,1,1,0,1,1,0,,,0,-1.69
20MICRONS.NS,2026-05-07,14:00,BEARISH,LOW,185.0,-1.59,-0.05,-0.41,0.04,-0.56,-0.41,1,1,0,1,1,0,,,0,-0.97
20MICRONS.NS,2026-05-08,09:15,BEARISH,LOW,185.0,-3.5,-0.11,-0.88,1.05,-1.97,-1.21,1,1,1,1,1,0,,,0,-2.1
20MICRONS.NS,2026-05-08,12:00,BEARISH,LOW,183.23,-2.53,-0.08,-0.64,0.42,-1.03,-0.26,1,1,0,1,1,0,,,0,-1.52
20MICRONS.NS,2026-05-08,14:00,BEARISH,LOW,183.15,-1.46,-0.04,-0.37,0.02,-0.98,-0.21,1,1,1,1,1,0,,,0,-0.88
20MICRONS.NS,2026-05-11,09:15,BULLISH,MEDIUM,181.0,0.15,4.08,1.1,1.91,-2.07,-0.65,1,1,0,1,1,1,-1.78,0.805,1,-0.96
20MICRONS.NS,2026-05-11,12:00,BULLISH,MEDIUM,181.67,0.11,2.95,0.8,1.53,-1.03,-1.02,1,1,1,1,1,1,0.498,-0.631,1,-0.69
20MICRONS.NS,2026-05-11,14:00,BULLISH,MEDIUM,183.35,0.06,1.7,0.46,0.22,-1.94,-1.93,1,1,0,0,1,1,-1.77,0.164,1,-0.4
20MICRONS.NS,2026-05-12,09:15,BULLISH,MEDIUM,181.7,0.21,4.61,1.25,0.15,-4.18,-3.84,1,0,0,0,1,1,-1.89,-1.89,1,-0.93
20MICRONS.NS,2026-05-12,12:00,BULLISH,MEDIUM,178.5,0.15,3.33,0.9,0.06,-2.46,-2.12,1,0,0,0,1,1,-1.81,-1.81,1,-0.67
20MICRONS.NS,2026-05-12,14:00,BULLISH,MEDIUM,176.6,0.09,1.92,0.52,0.14,-1.42,-1.06,1,1,0,0,1,1,-1.365,0.221,1,-0.39
20MICRONS.NS,2026-05-13,09:15,BULLISH,MEDIUM,177.5,0.17,3.56,1.08,1.06,-1.79,-0.83,1,1,0,0,1,1,-1.93,0.776,1,-0.96
20MICRONS.NS,2026-05-13,12:00,BULLISH,MEDIUM,177.5,0.12,2.57,0.78,1.06,-1.21,-0.83,1,1,0,1,1,1,0.477,0.477,1,-0.69
20MICRONS.NS,2026-05-13,14:00,BULLISH,MEDIUM,178.7,0.07,1.48,0.45,0.21,-1.87,-1.5,1,1,0,0,1,1,-1.9,-1.404,1,-0.4
20MICRONS.NS,2026-05-14,09:15,BEARISH,LOW,179.24,-2.24,-0.07,-0.59,1.68,-2.28,-1.21,1,1,1,1,0,0,,,0,-1.39
20MICRONS.NS,2026-05-14,12:00,BEARISH,LOW,180.69,-1.62,-0.05,-0.42,0.87,-3.07,-2.0,1,1,1,1,0,0,,,0,-1.01
20MICRONS.NS,2026-05-14,14:00,BEARISH,LOW,181.0,-0.93,-0.03,-0.24,0.2,-3.23,-2.17,1,1,1,1,0,0,,,0,-0.58
20MICRONS.NS,2026-05-15,09:15,BULLISH,LOW,179.49,0.1,3.02,0.71,0.28,-3.33,-2.68,1,1,0,0,1,1,-1.86,0.413,1,-1.16
20MICRONS.NS,2026-05-15,12:00,BULLISH,LOW,176.97,0.07,2.18,0.51,0.3,-1.95,-1.29,1,1,0,0,1,1,-1.85,0.214,1,-0.84
20MICRONS.NS,2026-05-15,14:00,BULLISH,LOW,175.23,0.04,1.26,0.3,0.09,-0.98,-0.31,1,1,0,0,1,1,-0.614,-0.003,1,-0.48
20MICRONS.NS,2026-05-18,09:15,BULLISH,HIGH,173.0,0.25,5.26,1.42,0.0,-3.87,-2.31,0,0,0,0,1,1,-1.9,-1.9,1,-1.02
20MICRONS.NS,2026-05-18,12:00,BULLISH,HIGH,169.84,0.18,3.8,1.02,0.45,-0.73,-0.49,1,1,0,0,1,1,-0.795,0.724,1,-0.73
20MICRONS.NS,2026-05-18,14:00,BULLISH,HIGH,169.38,0.1,2.19,0.59,0.72,-0.25,-0.22,1,1,0,1,1,1,0.29,,0,-0.42
20MICRONS.NS,2026-05-19,09:15,BULLISH,HIGH,171.01,0.33,5.68,2.01,0.92,-5.0,-3.4,1,1,0,0,1,1,-1.98,-1.98,1,-1.0
20MICRONS.NS,2026-05-19,12:00,BULLISH,HIGH,166.6,0.24,4.1,1.45,0.54,-1.53,-0.85,1,1,0,0,1,1,-1.146,-0.427,1,-0.72
20MICRONS.NS,2026-05-19,14:00,BULLISH,HIGH,166.34,0.14,2.37,0.84,0.39,-1.38,-0.69,1,1,0,0,1,1,-0.991,-0.572,1,-0.42
20MICRONS.NS,2026-05-20,09:15,BULLISH,HIGH,162.1,0.47,8.29,2.7,15.36,0.0,10.29,1,1,1,1,0,1,2.402,,0,-1.06
20MICRONS.NS,2026-05-20,12:00,BULLISH,HIGH,176.0,0.34,5.98,1.95,6.25,-0.56,1.58,1,1,1,1,0,1,1.655,,0,-0.76
20MICRONS.NS,2026-05-20,14:00,BULLISH,HIGH,179.29,0.19,3.46,1.13,0.4,-1.68,-0.28,1,1,0,0,1,1,-0.584,-0.144,1,-0.44
20MICRONS.NS,2026-05-21,09:15,BEARISH,MEDIUM,181.9,-10.36,-0.61,-3.28,0.05,-4.34,-3.58,1,1,0,1,1,0,,,0,-7.81
20MICRONS.NS,2026-05-21,12:00,BEARISH,MEDIUM,177.66,-7.49,-0.44,-2.37,0.28,-2.05,-1.28,1,1,0,0,1,0,,,0,-5.64
20MICRONS.NS,2026-05-21,14:00,BEARISH,MEDIUM,176.58,-4.32,-0.25,-1.36,0.24,-1.46,-0.67,1,1,0,1,1,0,,,0,-3.26
20MICRONS.NS,2026-05-22,09:15,BULLISH,HIGH,176.5,0.26,5.17,1.45,3.37,-0.79,0.84,1,1,1,1,1,1,1.15,,0,-0.91
20MICRONS.NS,2026-05-22,12:00,BULLISH,HIGH,179.78,0.19,3.74,1.05,0.96,-1.25,-1.0,1,1,0,0,1,1,-1.296,0.746,1,-0.65
20MICRONS.NS,2026-05-22,14:00,BULLISH,HIGH,179.38,0.11,2.16,0.61,0.76,-1.03,-0.77,1,1,0,1,1,1,0.308,0.308,1,-0.38
20MICRONS.NS,2026-05-25,09:15,BEARISH,LOW,180.0,-4.07,-0.14,-1.03,15.5,0.0,10.14,0,0,0,0,1,0,,,0,-2.46
20MICRONS.NS,2026-05-25,12:00,BEARISH,LOW,203.83,-2.94,-0.1,-0.75,2.0,-3.19,-2.74,1,1,1,1,0,0,,,0,-1.78
20MICRONS.NS,2026-05-25,14:00,BEARISH,LOW,207.4,-1.7,-0.06,-0.43,0.05,-4.86,-4.41,1,1,1,1,0,0,,,0,-1.03
20MICRONS.NS,2026-05-26,09:15,BEARISH,LOW,193.52,-11.4,-0.36,-3.41,1.62,-2.34,-2.1,1,1,0,0,1,0,,,0,-8.12
20MICRONS.NS,2026-05-26,12:00,BEARISH,LOW,193.0,-8.24,-0.26,-2.46,0.66,-2.07,-1.83,1,1,0,0,1,0,,,0,-5.86
20MICRONS.NS,2026-05-26,14:00,BEARISH,LOW,191.22,-4.75,-0.15,-1.42,0.19,-1.16,-0.92,1,1,0,0,1,0,,,0,-3.39
20MICRONS.NS,2026-05-27,09:15,BULLISH,HIGH,191.79,0.3,5.67,1.87,1.57,-2.11,-1.98,1,1,0,0,1,1,-2.276,1.572,1,-0.91
20MICRONS.NS,2026-05-27,12:00,BULLISH,HIGH,188.91,0.21,4.09,1.36,0.58,-0.61,-0.48,1,1,0,0,1,1,-0.782,,0,-0.66
20MICRONS.NS,2026-05-27,14:00,BULLISH,HIGH,188.89,0.12,2.36,0.78,0.32,-0.6,-0.47,1,1,0,0,1,1,-0.771,-0.392,1,-0.38
20MICRONS.NS,2026-05-29,09:15,NEUTRAL,HIGH,188.5,-0.5,0.5,0.0,0.08,-3.44,-3.41,0,1,1,0,1,0,,,0,-0.0
20MICRONS.NS,2026-05-29,12:00,NEUTRAL,HIGH,184.66,-0.5,0.5,-0.0,0.44,-1.43,-1.4,0,1,1,0,1,0,,,0,-0.0
20MICRONS.NS,2026-05-29,14:00,NEUTRAL,HIGH,184.0,-0.5,0.5,0.0,0.52,-1.08,-1.04,0,1,1,0,1,0,,,0,-0.0
20MICRONS.NS,2026-06-01,09:15,BULLISH,HIGH,186.42,0.22,5.45,1.46,0.85,-2.34,-2.11,1,1,0,0,1,1,-2.28,1.164,1,-0.77
20MICRONS.NS,2026-06-01,12:00,BULLISH,HIGH,185.62,0.16,3.94,1.06,0.69,-1.92,-1.69,1,1,0,0,1,1,-1.986,-1.433,1,-0.56
20MICRONS.NS,2026-06-01,14:00,BULLISH,HIGH,182.81,0.09,2.27,0.61,0.81,-0.41,-0.18,1,1,0,1,1,1,0.313,0.313,1,-0.32
20MICRONS.NS,2026-06-02,09:15,BULLISH,HIGH,181.73,0.2,4.91,1.34,2.07,-0.21,1.27,1,1,0,1,1,1,1.043,,0,-0.89
20MICRONS.NS,2026-06-02,12:00,BULLISH,HIGH,183.22,0.14,3.54,0.97,1.09,-0.58,0.45,1,1,0,1,1,1,0.672,,0,-0.65
20MICRONS.NS,2026-06-02,14:00,BULLISH,HIGH,184.6,0.08,2.05,0.56,0.34,-0.66,-0.3,1,1,0,0,1,1,-0.603,-0.233,1,-0.37
20MICRONS.NS,2026-06-03,09:15,BULLISH,LOW,182.95,0.08,2.31,0.58,4.18,-1.16,3.09,1,1,1,1,0,1,0.285,,0,-1.27
20MICRONS.NS,2026-06-03,12:00,BULLISH,LOW,181.67,0.06,1.67,0.42,4.91,-0.2,3.81,1,1,1,1,0,1,0.124,,0,-0.92
20MICRONS.NS,2026-06-03,14:00,BULLISH,LOW,188.08,0.03,0.96,0.24,0.71,-0.42,0.28,1,1,1,1,1,1,-0.055,,0,-0.53
20MICRONS.NS,2026-06-04,09:15,BEARISH,MEDIUM,188.36,-4.85,-0.16,-1.43,3.53,-0.64,0.81,1,1,0,0,1,0,,,0,-3.4
20MICRONS.NS,2026-06-04,12:00,BEARISH,MEDIUM,192.3,-3.5,-0.11,-1.03,0.25,-1.97,-1.25,1,1,1,1,1,0,,,0,-2.45
20MICRONS.NS,2026-06-04,14:00,BEARISH,MEDIUM,189.98,-2.02,-0.07,-0.59,0.27,-0.77,-0.05,1,1,0,1,1,0,,,0,-1.42
20MICRONS.NS,2026-06-05,09:15,BEARISH,LOW,191.49,-3.62,-0.12,-0.91,7.46,-0.51,2.6,1,1,0,0,1,0,,,0,-2.16
20MICRONS.NS,2026-06-05,12:00,BEARISH,LOW,193.74,-2.61,-0.08,-0.66,2.23,-0.38,1.4,1,1,0,0,1,0,,,0,-1.56
20MICRONS.NS,2026-06-05,14:00,BEARISH,LOW,193.82,-1.51,-0.05,-0.38,2.19,-0.31,1.36,1,1,0,0,1,0,,,0,-0.9
20MICRONS.NS,2026-06-08,09:15,BEARISH,HIGH,195.9,-6.14,-0.19,-1.7,0.0,-5.97,-5.31,1,1,1,1,1,0,,,0,-4.05
20MICRONS.NS,2026-06-08,12:00,BEARISH,HIGH,188.89,-4.44,-0.14,-1.23,0.45,-2.48,-1.79,1,1,1,1,1,0,,,0,-2.92
20MICRONS.NS,2026-06-08,14:00,BEARISH,HIGH,185.48,-2.56,-0.08,-0.71,1.36,-0.26,0.01,1,1,0,0,1,0,,,0,-1.69
20MICRONS.NS,2026-06-09,09:15,BULLISH,HIGH,187.99,0.28,6.64,1.97,1.22,-1.38,-0.05,1,1,0,0,1,1,-0.348,0.835,1,-1.17
20MICRONS.NS,2026-06-09,12:00,BULLISH,HIGH,186.32,0.2,4.8,1.43,1.21,-0.17,0.85,1,1,0,0,1,1,0.548,,0,-0.84
20MICRONS.NS,2026-06-09,14:00,BULLISH,HIGH,186.78,0.12,2.77,0.82,0.96,-0.35,0.6,1,1,0,1,1,1,0.525,,0,-0.49
20MICRONS.NS,2026-06-10,09:15,BEARISH,LOW,187.75,-2.86,-0.08,-0.63,0.23,-1.62,-1.08,1,1,1,1,1,0,,,0,-1.49
20MICRONS.NS,2026-06-10,12:00,BEARISH,LOW,186.91,-2.07,-0.06,-0.45,0.0,-1.18,-0.63,1,1,1,1,1,0,,,0,-1.08
20MICRONS.NS,2026-06-10,14:00,BEARISH,LOW,185.45,-1.19,-0.03,-0.26,0.25,-0.4,0.15,1,1,0,1,1,0,,,0,-0.62
20MICRONS.NS,2026-06-11,09:15,BULLISH,HIGH,184.0,0.17,4.21,1.28,2.53,-2.87,-2.72,1,1,1,1,1,1,-2.21,0.977,1,-0.59
20MICRONS.NS,2026-06-11,12:00,BULLISH,HIGH,183.43,0.12,3.04,0.92,0.16,-2.57,-2.42,1,1,0,0,1,1,-2.21,-2.21,1,-0.42
20MICRONS.NS,2026-06-11,14:00,BULLISH,HIGH,180.43,0.07,1.75,0.53,0.2,-0.95,-0.79,1,1,0,0,1,1,-1.093,-0.844,1,-0.25
20MICRONS.NS,2026-06-12,09:15,BULLISH,HIGH,182.2,0.22,5.72,1.63,1.25,-0.88,0.48,1,1,0,0,1,1,0.178,1.33,1,-0.82
20MICRONS.NS,2026-06-12,12:00,BULLISH,HIGH,183.77,0.16,4.13,1.18,0.39,-1.73,-0.38,1,1,0,0,1,1,-0.681,-0.09,1,-0.59
20MICRONS.NS,2026-06-12,14:00,BULLISH,HIGH,184.0,0.09,2.38,0.68,0.24,-1.85,-0.51,1,1,0,0,1,1,-0.805,-0.466,1,-0.34
20MICRONS.NS,2026-06-15,09:15,BEARISH,LOW,185.2,-2.82,-0.09,-0.61,6.9,-1.16,1.65,1,1,0,1,1,0,,,0,-1.45
20MICRONS.NS,2026-06-15,12:00,BEARISH,LOW,191.62,-2.03,-0.06,-0.44,0.72,-2.04,-1.76,1,1,1,1,0,0,,,0,-1.05
20MICRONS.NS,2026-06-15,14:00,BEARISH,LOW,190.38,-1.17,-0.04,-0.25,0.15,-1.4,-1.12,1,1,1,1,0,0,,,0,-0.6
20MICRONS.NS,2026-06-16,09:15,BEARISH,LOW,190.0,-4.95,-0.16,-1.31,1.57,-4.41,-2.72,1,1,1,1,1,0,,,0,-3.11
20MICRONS.NS,2026-06-16,12:00,BEARISH,LOW,188.81,-3.57,-0.12,-0.94,0.71,-3.8,-2.11,1,1,1,1,0,0,,,0,-2.25
20MICRONS.NS,2026-06-16,14:00,BEARISH,LOW,182.8,-2.06,-0.07,-0.55,1.31,-0.32,1.11,1,1,0,0,1,0,,,0,-1.3
20MICRONS.NS,2026-06-17,09:15,BULLISH,HIGH,186.99,0.22,5.45,1.58,0.0,-1.79,-1.08,0,0,0,0,1,1,-1.38,-0.381,1,-1.0
20MICRONS.NS,2026-06-17,12:00,BULLISH,HIGH,184.9,0.16,3.94,1.14,0.73,-0.49,0.04,1,1,0,0,1,1,-0.262,,0,-0.73
20MICRONS.NS,2026-06-17,14:00,BULLISH,HIGH,185.15,0.09,2.27,0.66,0.19,-0.59,-0.1,1,1,0,0,1,1,-0.397,0.024,1,-0.42
20MICRONS.NS,2026-06-18,09:15,BEARISH,LOW,187.0,-2.82,-0.09,-0.65,0.0,-1.76,-1.07,1,1,1,1,1,0,,,0,-1.55
20MICRONS.NS,2026-06-18,12:00,BEARISH,LOW,183.81,-2.03,-0.07,-0.47,1.07,-0.05,0.65,1,0,0,0,1,0,,,0,-1.12
20MICRONS.NS,2026-06-18,14:00,BEARISH,LOW,184.87,-1.17,-0.04,-0.27,0.34,-0.63,0.07,1,1,1,1,1,0,,,0,-0.65
20MICRONS.NS,2026-06-19,09:15,BULLISH,MEDIUM,186.14,0.15,3.29,0.83,1.16,-1.9,-0.95,1,1,0,1,1,1,-2.16,0.533,1,-0.65
20MICRONS.NS,2026-06-19,12:00,BULLISH,MEDIUM,185.84,0.11,2.37,0.6,0.06,-1.74,-0.79,1,0,0,0,1,1,-1.086,-0.617,1,-0.47
20MICRONS.NS,2026-06-19,14:00,BULLISH,MEDIUM,184.3,0.06,1.37,0.35,0.27,-0.49,0.04,1,1,0,0,1,1,-0.257,0.047,1,-0.27
20MICRONS.NS,2026-06-22,09:15,BULLISH,MEDIUM,187.69,0.13,3.1,0.7,1.51,-1.71,0.43,1,1,0,1,1,1,0.398,0.398,1,-0.77
20MICRONS.NS,2026-06-22,12:00,BULLISH,MEDIUM,186.5,0.1,2.24,0.5,2.16,-0.95,1.07,1,1,1,1,1,1,0.204,0.204,1,-0.56
20MICRONS.NS,2026-06-22,14:00,BULLISH,MEDIUM,186.64,0.05,1.29,0.29,2.08,0.0,0.99,1,1,1,1,0,1,-0.011,,0,-0.32
20MICRONS.NS,2026-06-23,09:15,BEARISH,LOW,190.99,-4.03,-0.16,-1.08,14.83,0.0,8.1,0,0,0,0,1,0,,,0,-2.58
20MICRONS.NS,2026-06-23,12:00,BEARISH,LOW,209.36,-2.91,-0.11,-0.78,0.04,-3.96,-1.39,1,1,1,1,0,0,,,0,-1.86
20MICRONS.NS,2026-06-23,14:00,BEARISH,LOW,202.0,-1.68,-0.06,-0.45,2.91,-0.46,2.21,1,1,0,1,1,0,,,0,-1.07
20MICRONS.NS,2026-06-24,09:15,BEARISH,HIGH,208.35,-11.89,-0.47,-4.42,1.75,-2.01,-0.22,1,1,0,0,1,0,,,0,-10.52
20MICRONS.NS,2026-06-24,12:00,BEARISH,HIGH,206.46,-8.59,-0.34,-3.19,1.13,-0.95,0.7,1,1,0,0,1,0,,,0,-7.6
20MICRONS.NS,2026-06-24,14:00,BEARISH,HIGH,207.66,-4.96,-0.2,-1.84,0.31,-0.18,0.12,1,0,0,0,1,0,,,0,-4.39
20MICRONS.NS,2026-06-25,09:15,BEARISH,LOW,209.3,-4.54,-0.14,-1.01,0.41,-4.81,-4.46,1,1,1,1,0,0,,,0,-2.41
20MICRONS.NS,2026-06-25,12:00,BEARISH,LOW,203.99,-3.28,-0.1,-0.73,0.07,-2.33,-1.97,1,1,1,1,1,0,,,0,-1.74
20MICRONS.NS,2026-06-25,14:00,BEARISH,LOW,200.68,-1.89,-0.06,-0.42,0.33,-0.72,-0.35,1,1,0,1,1,0,,,0,-1.01
20MICRONS.NS,2026-06-29,09:15,NEUTRAL,HIGH,203.0,-0.5,0.5,0.0,0.0,-3.3,-2.78,0,1,1,0,1,0,,,0,-0.16
20MICRONS.NS,2026-06-29,12:00,NEUTRAL,HIGH,197.36,-0.5,0.5,-0.0,0.57,-0.54,-0.01,1,1,1,1,1,0,,,0,-0.12
20MICRONS.NS,2026-06-29,14:00,NEUTRAL,HIGH,198.24,-0.5,0.5,-0.0,0.13,-0.61,-0.45,1,1,1,1,1,0,,,0,-0.07
20MICRONS.NS,2026-06-30,09:15,BULLISH,HIGH,198.36,0.17,4.0,1.18,3.73,-0.63,1.53,1,1,1,1,1,1,0.885,0.885,1,-0.44
20MICRONS.NS,2026-06-30,12:00,BULLISH,HIGH,201.67,0.13,2.89,0.86,0.7,-0.88,-0.13,1,1,0,0,1,1,-0.434,0.558,1,-0.32
20MICRONS.NS,2026-06-30,14:00,BULLISH,HIGH,200.45,0.07,1.67,0.49,0.64,-0.22,0.47,1,1,0,1,1,1,0.194,0.194,1,-0.18
20MICRONS.NS,2026-07-01,09:15,BEARISH,LOW,204.6,-3.89,-0.1,-0.88,0.1,-2.63,-2.49,1,1,1,1,1,0,,,0,-2.11
20MICRONS.NS,2026-07-01,12:00,BEARISH,LOW,202.0,-2.81,-0.07,-0.64,0.12,-1.38,-1.23,1,1,0,1,1,0,,,0,-1.53
20MICRONS.NS,2026-07-01,14:00,BEARISH,LOW,200.74,-1.62,-0.04,-0.37,0.23,-0.76,-0.61,1,1,0,1,1,0,,,0,-0.88
20MICRONS.NS,2026-07-02,09:15,BULLISH,HIGH,201.0,0.16,3.6,1.0,0.99,-1.24,0.44,1,1,0,0,1,1,0.143,0.7,1,-0.74
20MICRONS.NS,2026-07-02,12:00,BULLISH,HIGH,200.57,0.12,2.6,0.72,1.2,-0.88,0.66,1,1,0,1,1,1,0.423,0.423,1,-0.53
20MICRONS.NS,2026-07-02,14:00,BULLISH,HIGH,199.82,0.07,1.5,0.42,1.58,-0.41,1.04,1,1,1,1,0,1,0.115,0.115,1,-0.31
20MICRONS.NS,2026-07-03,09:15,BEARISH,LOW,202.01,-3.63,-0.08,-0.87,3.46,-0.75,1.48,1,1,0,0,1,0,,,0,-2.07
20MICRONS.NS,2026-07-03,12:00,BEARISH,LOW,207.22,-2.62,-0.06,-0.63,0.67,-2.04,-1.07,1,1,1,1,1,0,,,0,-1.49
20MICRONS.NS,2026-07-03,14:00,BEARISH,LOW,204.35,-1.51,-0.03,-0.36,0.6,-0.66,0.32,1,1,0,1,1,0,,,0,-0.86
20MICRONS.NS,2026-07-06,09:15,BEARISH,MEDIUM,205.18,-4.09,-0.11,-0.96,2.3,-4.71,-4.52,1,1,1,1,0,0,,,0,-2.29
20MICRONS.NS,2026-07-06,12:00,BEARISH,MEDIUM,206.06,-2.96,-0.08,-0.69,0.85,-5.12,-4.93,1,1,1,1,0,0,,,0,-1.65
20MICRONS.NS,2026-07-06,14:00,BEARISH,MEDIUM,202.51,-1.71,-0.05,-0.4,0.44,-3.46,-3.26,1,1,1,1,0,0,,,0,-0.95
20MICRONS.NS,2026-07-07,09:15,BULLISH,HIGH,195.89,0.24,6.11,1.65,0.69,-0.95,-0.18,1,1,0,0,1,1,-0.479,0.479,1,-0.95
20MICRONS.NS,2026-07-07,12:00,BULLISH,HIGH,196.39,0.17,4.41,1.2,0.08,-0.88,-0.43,1,0,0,0,1,1,-0.733,-0.041,1,-0.69
20MICRONS.NS,2026-07-07,14:00,BULLISH,HIGH,195.1,0.1,2.55,0.69,0.72,-0.14,0.23,1,1,0,1,1,1,0.392,,0,-0.4
20MICRONS.NS,2026-07-08,09:15,BULLISH,HIGH,193.1,0.16,3.56,1.0,4.6,-1.61,-0.52,1,1,1,1,0,1,0.705,0.705,1,-0.6
20MICRONS.NS,2026-07-08,12:00,BULLISH,HIGH,196.03,0.11,2.57,0.72,3.04,-3.08,-2.0,1,1,1,1,0,1,-2.07,0.424,1,-0.43
20MICRONS.NS,2026-07-08,14:00,BULLISH,HIGH,195.16,0.07,1.49,0.42,0.36,-2.64,-1.57,1,1,0,0,1,1,-2.07,0.12,1,-0.25
20MICRONS.NS,2026-07-09,09:15,BULLISH,HIGH,192.78,0.19,4.48,1.26,2.71,-0.11,0.41,1,1,1,1,1,1,0.955,,0,-0.84
20MICRONS.NS,2026-07-09,12:00,BULLISH,HIGH,195.02,0.14,3.24,0.91,1.08,-1.01,-0.74,1,1,0,1,1,1,0.608,-0.434,1,-0.61
20MICRONS.NS,2026-07-09,14:00,BULLISH,HIGH,195.4,0.08,1.87,0.52,0.31,-1.2,-0.94,1,1,0,0,1,1,-1.237,-0.889,1,-0.35
20MICRONS.NS,2026-07-10,09:15,BULLISH,LOW,196.3,0.09,2.4,0.66,2.33,0.0,0.9,1,1,1,1,1,1,0.362,,0,-1.22
20MICRONS.NS,2026-07-10,12:00,BULLISH,LOW,197.16,0.07,1.74,0.48,1.29,-0.24,0.46,1,1,1,1,1,1,0.182,,0,-0.88
20MICRONS.NS,2026-07-10,14:00,BULLISH,LOW,198.45,0.04,1.0,0.28,0.63,-0.89,-0.2,1,1,1,1,1,1,-0.023,-0.023,1,-0.51
20MICRONS.NS,2026-07-13,09:15,BEARISH,LOW,197.0,-3.04,-0.09,-0.79,5.08,-1.52,2.54,1,1,0,1,1,0,,,0,-1.88
20MICRONS.NS,2026-07-13,12:00,BEARISH,LOW,199.45,-2.19,-0.07,-0.57,3.79,-0.11,1.28,1,1,0,0,1,0,,,0,-1.36
20MICRONS.NS,2026-07-13,14:00,BEARISH,LOW,205.95,-1.27,-0.04,-0.33,0.51,-2.09,-1.92,1,1,1,1,0,0,,,0,-0.78
20MICRONS.NS,2026-07-14,09:15,BEARISH,MEDIUM,202.0,-3.72,-0.11,-0.94,3.66,-2.09,1.54,1,1,1,1,1,0,,,0,-2.23
20MICRONS.NS,2026-07-14,12:00,BEARISH,MEDIUM,202.0,-2.68,-0.08,-0.68,3.66,0.0,1.54,0,0,0,0,1,0,,,0,-1.61
20MICRONS.NS,2026-07-14,14:00,BEARISH,MEDIUM,205.68,-1.55,-0.05,-0.39,0.26,-0.43,-0.28,1,1,0,1,1,0,,,0,-0.93
20MICRONS.NS,2026-07-15,09:15,BEARISH,MEDIUM,205.0,-4.77,-0.12,-1.28,1.36,-0.51,-0.2,1,1,0,0,1,0,,,0,-3.05
20MICRONS.NS,2026-07-15,12:00,BEARISH,MEDIUM,204.56,-3.45,-0.09,-0.92,0.44,-0.29,0.02,1,1,0,0,1,0,,,0,-2.2
20MICRONS.NS,2026-07-15,14:00,BEARISH,MEDIUM,205.0,-1.99,-0.05,-0.54,0.17,-0.48,-0.2,1,1,0,0,1,0,,,0,-1.27
20MICRONS.NS,2026-07-16,09:15,BULLISH,MEDIUM,205.15,0.12,3.1,0.81,1.77,-0.49,-0.07,1,1,1,1,1,1,0.514,,0,-1.09
20MICRONS.NS,2026-07-16,12:00,BULLISH,MEDIUM,205.64,0.09,2.24,0.59,0.36,-0.44,-0.31,1,1,0,0,1,1,-0.611,,0,-0.79
20MICRONS.NS,2026-07-16,14:00,BULLISH,MEDIUM,205.4,0.05,1.29,0.34,0.19,-0.32,-0.19,1,1,0,0,1,1,-0.495,,0,-0.45
20MICRONS.NS,2026-07-17,09:15,BEARISH,LOW,204.0,-3.28,-0.1,-0.87,1.76,-3.04,0.16,1,1,1,1,1,0,,,0,-2.07
20MICRONS.NS,2026-07-17,12:00,BEARISH,LOW,200.47,-2.37,-0.07,-0.63,3.56,-0.23,1.93,1,1,0,0,1,0,,,0,-1.49
20MICRONS.NS,2026-07-17,14:00,BEARISH,LOW,203.12,-1.37,-0.04,-0.36,1.42,-0.06,0.6,1,1,0,0,1,0,,,0,-0.86
20MICRONS.NS,2026-07-20,09:15,BEARISH,MEDIUM,202.8,-3.49,-0.11,-0.9,2.97,-0.39,1.14,1,1,0,0,1,0,,,0,-2.15
20MICRONS.NS,2026-07-20,12:00,BEARISH,MEDIUM,205.93,-2.52,-0.08,-0.65,0.33,-0.8,-0.4,1,1,0,1,1,0,,,0,-1.55
20MICRONS.NS,2026-07-20,14:00,BEARISH,MEDIUM,205.51,-1.45,-0.05,-0.37,0.53,-0.59,-0.19,1,1,0,1,1,0,,,0,-0.9
20MICRONS.NS,2026-07-21,09:15,BEARISH,LOW,205.17,-3.4,-0.09,-0.91,3.81,-0.88,1.42,1,1,0,0,1,0,,,0,-2.17
20MICRONS.NS,2026-07-21,12:00,BEARISH,LOW,208.0,-2.46,-0.06,-0.66,2.4,-0.34,0.04,1,1,0,0,1,0,,,0,-1.57
21STCENMGM.NS,2026-04-29,09:15,BULLISH,LOW,35.3,0.07,3.21,0.76,3.29,0.0,2.55,1,1,1,1,0,1,0.465,,0,-0.61
21STCENMGM.NS,2026-04-30,09:15,NEUTRAL,LOW,36.21,-0.5,0.5,0.0,1.33,-1.44,-0.08,1,1,1,1,1,0,,,0,-0.9
21STCENMGM.NS,2026-04-30,12:00,NEUTRAL,LOW,35.99,-0.5,0.5,-0.0,0.53,0.0,0.53,1,1,1,1,1,0,,,0,-0.65
21STCENMGM.NS,2026-04-30,14:00,NEUTRAL,LOW,36.0,-0.5,0.5,0.0,0.5,0.0,0.5,1,1,1,1,1,0,,,0,-0.38
21STCENMGM.NS,2026-05-04,09:15,NEUTRAL,LOW,37.25,-0.5,0.5,0.0,0.0,-3.6,-1.5,0,1,1,0,1,0,,,0,-1.0
21STCENMGM.NS,2026-05-04,12:00,NEUTRAL,LOW,36.68,-0.5,0.5,-0.0,0.3,0.0,0.03,1,1,1,1,1,0,,,0,-0.72
21STCENMGM.NS,2026-05-05,09:15,NEUTRAL,LOW,36.69,-0.5,0.5,0.0,0.0,-1.99,-1.99,0,1,1,0,1,0,,,0,-0.73
21STCENMGM.NS,2026-05-05,12:00,NEUTRAL,LOW,36.25,-0.5,0.5,0.0,0.14,-0.8,-0.8,1,1,1,1,1,0,,,0,-0.52
21STCENMGM.NS,2026-05-05,14:00,NEUTRAL,LOW,35.96,-0.5,0.5,0.0,0.0,0.0,0.0,1,1,1,1,1,0,,,0,-0.3
21STCENMGM.NS,2026-05-06,09:15,BULLISH,MEDIUM,36.62,0.07,3.03,0.74,0.0,-3.74,-3.74,0,0,0,0,1,1,-1.37,-1.37,1,-0.48
21STCENMGM.NS,2026-05-07,09:15,BULLISH,MEDIUM,35.25,0.08,4.08,0.91,1.25,-1.84,1.11,1,1,0,1,1,1,-1.73,0.608,1,-0.66
21STCENMGM.NS,2026-05-07,14:00,BULLISH,MEDIUM,35.0,0.03,1.7,0.37,1.83,-0.86,1.83,1,1,1,1,0,1,0.071,0.071,1,-0.27
21STCENMGM.NS,2026-05-08,12:00,BULLISH,MEDIUM,35.2,0.08,3.52,0.85,0.0,-1.42,-0.85,0,0,0,0,1,1,-1.152,-0.674,1,-0.48
21STCENMGM.NS,2026-05-11,09:15,BULLISH,MEDIUM,35.29,0.09,3.32,0.94,0.0,-3.37,-2.89,0,0,0,0,1,1,-1.44,-1.44,1,-0.51
21STCENMGM.NS,2026-05-11,12:00,BULLISH,MEDIUM,34.93,0.07,2.4,0.66,0.06,-1.89,-1.89,1,0,0,0,1,1,-1.45,-1.45,1,-0.37
21STCENMGM.NS,2026-05-11,14:00,BULLISH,MEDIUM,34.94,0.04,1.39,0.4,0.0,-1.92,-1.92,0,0,0,0,1,1,-1.45,-1.45,1,-0.21
21STCENMGM.NS,2026-05-13,09:15,BULLISH,LOW,32.99,0.09,3.48,0.85,2.91,0.0,0.39,1,1,1,1,1,1,0.549,,0,-0.77
21STCENMGM.NS,2026-05-14,12:00,BULLISH,LOW,33.63,0.05,1.87,0.45,0.03,-3.63,-0.12,1,0,0,0,1,1,-1.52,-1.52,1,-0.36
21STCENMGM.NS,2026-05-15,09:15,BULLISH,MEDIUM,32.52,0.14,4.06,1.11,1.32,-2.0,-1.29,1,1,0,1,1,1,-1.66,-1.66,1,-0.42
21STCENMGM.NS,2026-05-15,12:00,BULLISH,MEDIUM,32.25,0.1,2.93,0.81,2.17,-0.47,-0.47,1,1,1,1,1,1,0.506,0.506,1,-0.3
21STCENMGM.NS,2026-05-18,09:15,BULLISH,MEDIUM,32.11,0.14,3.55,1.03,0.0,-1.99,-1.9,0,0,0,0,1,1,-1.61,-1.61,1,-0.36
21STCENMGM.NS,2026-05-18,12:00,BULLISH,MEDIUM,31.47,0.1,2.57,0.73,0.1,0.0,0.1,1,0,0,0,1,1,-0.205,,0,-0.26
21STCENMGM.NS,2026-05-18,14:00,BULLISH,MEDIUM,31.48,0.06,1.48,0.41,0.06,0.0,0.06,1,1,0,0,1,1,-0.236,,0,-0.15
21STCENMGM.NS,2026-05-19,09:15,BULLISH,HIGH,31.95,0.16,3.21,0.85,0.0,-3.29,-3.22,0,0,0,0,1,1,-1.59,-1.59,1,-0.16
21STCENMGM.NS,2026-05-20,09:15,NEUTRAL,LOW,30.5,-0.5,0.5,0.0,3.28,0.0,3.25,0,1,1,0,1,0,,,0,0.0
21STCENMGM.NS,2026-05-21,14:00,BEARISH,HIGH,31.61,-1.94,-0.14,-0.54,0.0,0.0,0.0,0,0,0,0,1,0,,,0,-1.29
21STCENMGM.NS,2026-05-25,14:00,NEUTRAL,LOW,32.88,-0.5,0.5,-0.0,0.0,0.0,0.0,1,1,1,1,1,0,,,0,-0.3
21STCENMGM.NS,2026-05-26,12:00,NEUTRAL,LOW,33.53,-0.5,0.5,0.0,0.0,0.0,0.0,1,1,1,1,1,0,,,0,-0.54
21STCENMGM.NS,2026-05-27,14:00,BEARISH,MEDIUM,34.2,-1.73,-0.02,-0.41,0.0,0.0,0.0,0,0,0,0,1,0,,,0,-0.94
21STCENMGM.NS,2026-05-29,09:15,NEUTRAL,HIGH,34.88,-0.5,0.5,-0.0,0.0,0.0,0.0,1,1,1,1,1,0,,,0,-0.12
21STCENMGM.NS,2026-06-01,09:15,BEARISH,HIGH,35.49,-6.72,-0.11,-1.58,0.0,-3.66,-2.79,1,1,1,1,1,0,,,0,-3.77
21STCENMGM.NS,2026-06-01,12:00,BEARISH,HIGH,35.2,-4.85,-0.08,-1.14,0.28,-2.87,-1.99,1,1,1,1,1,0,,,0,-2.72
21STCENMGM.NS,2026-06-03,09:15,BULLISH,LOW,33.15,0.06,2.08,0.48,3.92,0.0,0.06,1,1,1,1,0,1,0.183,,0,-0.37
21STCENMGM.NS,2026-06-03,12:00,BULLISH,LOW,34.42,0.04,1.5,0.35,0.09,-3.66,-3.63,1,1,0,0,1,1,-1.35,-1.35,1,-0.27
21STCENMGM.NS,2026-06-04,09:15,BULLISH,MEDIUM,33.5,0.11,3.34,0.78,0.84,-2.96,-2.96,1,1,0,1,1,1,-1.71,-1.71,1,-0.67
21STCENMGM.NS,2026-06-04,12:00,BULLISH,MEDIUM,33.77,0.08,2.42,0.56,0.0,-3.73,-3.73,0,0,0,0,1,1,-1.4,-1.4,1,-0.48
21STCENMGM.NS,2026-06-08,09:15,BEARISH,LOW,33.01,-2.52,-0.05,-0.42,1.64,-2.0,1.09,1,1,1,1,1,0,,,0,-0.98
21STCENMGM.NS,2026-06-08,14:00,BEARISH,LOW,32.35,-1.05,-0.02,-0.19,3.15,0.0,3.15,0,0,0,0,1,0,,,0,-0.41
21STCENMGM.NS,2026-06-09,14:00,BEARISH,LOW,33.89,-1.81,-0.03,-0.32,0.0,-3.19,-3.19,1,1,1,1,0,0,,,0,-0.76
21STCENMGM.NS,2026-06-10,09:15,BULLISH,HIGH,32.83,0.15,4.64,1.25,1.98,-1.55,-1.55,1,1,0,1,1,1,-1.83,-1.229,1,-0.63
21STCENMGM.NS,2026-06-11,09:15,BULLISH,MEDIUM,32.99,0.14,3.61,1.15,0.0,-2.49,-2.49,0,0,0,0,1,1,-1.52,-1.52,1,-0.53
21STCENMGM.NS,2026-06-11,14:00,BULLISH,MEDIUM,32.9,0.06,1.5,0.49,0.09,-2.22,-2.22,1,1,0,0,1,1,-1.52,-1.52,1,-0.22
21STCENMGM.NS,2026-06-12,09:15,BULLISH,HIGH,31.85,0.13,3.28,1.1,1.98,-1.85,-1.54,1,1,1,1,1,1,-1.56,-1.56,1,-0.48
21STCENMGM.NS,2026-06-15,09:15,BULLISH,MEDIUM,30.74,0.13,3.12,0.91,4.03,0.0,4.03,1,1,1,1,0,1,0.611,,0,-0.49
21STCENMGM.NS,2026-06-16,09:15,BEARISH,LOW,31.98,-2.34,-0.07,-0.5,1.94,-1.78,0.06,1,1,1,1,1,0,,,0,-1.21
21STCENMGM.NS,2026-06-16,14:00,BEARISH,LOW,32.59,-0.98,-0.03,-0.21,0.0,-3.59,-1.81,1,1,1,1,0,0,,,0,-0.5
21STCENMGM.NS,2026-06-17,09:15,BULLISH,LOW,32.75,0.05,1.82,0.43,0.06,-3.66,0.06,1,1,0,0,1,1,-1.63,-1.63,1,-0.99
21STCENMGM.NS,2026-06-17,12:00,BULLISH,LOW,32.77,0.04,1.31,0.31,0.0,0.0,0.0,0,0,0,0,1,1,-0.3,,0,-0.72
21STCENMGM.NS,2026-06-17,14:00,BULLISH,LOW,32.77,0.02,0.76,0.18,0.0,0.0,0.0,0,0,0,0,1,1,-0.3,,0,-0.41
21STCENMGM.NS,2026-06-18,09:15,BEARISH,LOW,33.42,-3.57,-0.1,-0.84,0.0,0.0,0.0,0,0,0,0,1,0,,,0,-2.01
21STCENMGM.NS,2026-06-19,12:00,BEARISH,LOW,34.08,-1.62,-0.04,-0.35,0.0,-3.76,-0.53,1,1,1,1,0,0,,,0,-0.86
21STCENMGM.NS,2026-06-22,14:00,BEARISH,LOW,33.99,-1.66,-0.04,-0.32,0.0,-1.44,-0.56,1,1,1,1,1,0,,,0,-0.78
21STCENMGM.NS,2026-06-23,12:00,BEARISH,LOW,34.44,-1.48,-0.02,-0.32,0.0,-3.66,-3.57,1,1,1,1,0,0,,,0,-0.74
21STCENMGM.NS,2026-06-24,09:15,BULLISH,HIGH,33.87,0.13,3.37,0.92,0.0,-3.9,-3.9,0,0,0,0,1,1,-1.55,-1.55,1,-0.53
21STCENMGM.NS,2026-06-24,14:00,BULLISH,HIGH,33.71,0.05,1.41,0.39,0.0,-3.44,-3.44,0,0,0,0,1,1,-1.55,-1.55,1,-0.22
21STCENMGM.NS,2026-06-29,09:15,NEUTRAL,HIGH,33.86,-0.5,0.5,-0.0,0.0,-3.9,-3.01,0,1,1,0,1,0,,,0,-0.17
21STCENMGM.NS,2026-06-29,14:00,NEUTRAL,HIGH,32.84,-0.5,0.5,-0.0,0.0,-0.03,0.0,1,1,1,1,1,0,,,0,-0.07
21STCENMGM.NS,2026-06-30,12:00,BULLISH,HIGH,32.75,0.11,2.44,0.67,0.0,-2.11,-2.05,0,0,0,0,1,1,-1.53,-1.53,1,-0.32
21STCENMGM.NS,2026-07-02,12:00,BULLISH,MEDIUM,31.99,0.05,1.54,0.34,2.19,0.0,1.91,1,1,1,1,0,1,0.044,,0,-0.19
21STCENMGM.NS,2026-07-02,14:00,BULLISH,MEDIUM,32.6,0.03,0.89,0.18,0.0,0.0,0.0,0,0,0,0,1,1,-0.3,,0,-0.11
21STCENMGM.NS,2026-07-03,14:00,BULLISH,HIGH,32.0,0.07,1.83,0.44,0.0,-1.94,-0.03,0,0,0,0,1,1,-1.58,-1.58,1,-0.25
21STCENMGM.NS,2026-07-06,09:15,BULLISH,HIGH,30.86,0.16,3.23,0.87,3.69,0.0,0.42,1,1,1,1,0,1,0.575,,0,-0.4
21STCENMGM.NS,2026-07-06,14:00,BULLISH,HIGH,32.0,0.07,1.35,0.37,0.0,-3.16,-3.16,0,0,0,0,1,1,-1.58,-1.58,1,-0.17
21STCENMGM.NS,2026-07-07,09:15,BULLISH,HIGH,30.9,0.17,3.19,0.91,0.39,0.0,0.36,1,1,0,0,1,1,0.056,,0,-0.73
21STCENMGM.NS,2026-07-08,09:15,BULLISH,LOW,30.66,0.07,1.94,0.49,4.04,0.0,1.7,1,1,1,1,0,1,0.189,,0,-0.75
21STCENMGM.NS,2026-07-09,12:00,BULLISH,MEDIUM,31.82,0.11,2.43,0.72,0.0,-2.26,-2.26,0,0,0,0,1,1,-1.59,-1.59,1,-0.48
21STCENMGM.NS,2026-07-10,12:00,NEUTRAL,LOW,31.9,-0.5,0.5,0.0,0.0,-1.72,-0.03,1,1,1,1,1,0,,,0,-0.92
21STCENMGM.NS,2026-07-13,09:15,BEARISH,LOW,32.25,-2.4,-0.07,-0.65,0.0,-2.95,-2.85,1,1,1,1,0,0,,,0,-1.57
21STCENMGM.NS,2026-07-14,09:15,BULLISH,HIGH,31.9,0.16,3.93,0.97,0.16,-2.76,0.13,1,0,0,0,1,1,-1.56,-1.56,1,-0.58
21STCENMGM.NS,2026-07-14,12:00,BULLISH,HIGH,31.95,0.11,2.84,0.69,0.0,-2.66,-0.03,0,0,0,0,1,1,-1.56,-1.56,1,-0.42
21STCENMGM.NS,2026-07-14,14:00,BULLISH,HIGH,31.94,0.07,1.64,0.41,0.0,-2.57,0.0,0,0,0,0,1,1,-1.56,-1.56,1,-0.24
21STCENMGM.NS,2026-07-15,09:15,BEARISH,LOW,32.4,-4.3,-0.11,-1.05,0.25,-2.75,0.25,1,1,1,1,1,0,,,0,-2.47
21STCENMGM.NS,2026-07-15,12:00,BEARISH,LOW,32.0,-3.11,-0.08,-0.75,1.5,0.0,1.5,0,0,0,0,1,0,,,0,-1.79
21STCENMGM.NS,2026-07-16,12:00,BEARISH,MEDIUM,33.12,-2.95,-0.08,-0.69,0.0,-2.6,0.0,1,1,1,1,1,0,,,0,-1.68
21STCENMGM.NS,2026-07-16,14:00,BEARISH,MEDIUM,33.12,-1.7,-0.05,-0.39,0.0,-0.36,0.0,1,1,0,0,1,0,,,0,-0.97
21STCENMGM.NS,2026-07-17,09:15,BEARISH,MEDIUM,33.06,-4.79,-0.13,-1.15,2.0,0.0,2.0,0,0,0,0,1,0,,,0,-2.72
21STCENMGM.NS,2026-07-20,09:15,BEARISH,LOW,34.39,-2.38,-0.05,-0.64,0.0,-3.58,-0.03,1,1,1,1,0,0,,,0,-1.55
21STCENMGM.NS,2026-07-21,12:00,BEARISH,MEDIUM,33.82,-2.11,-0.04,-0.59,3.67,0.0,2.63,0,0,0,0,1,0,,,0,-1.41
360ONE.NS,2026-04-29,09:15,BULLISH,HIGH,1044.1,0.12,3.29,0.87,1.04,-0.95,0.38,1,1,0,1,1,1,0.573,0.573,1,-0.59
360ONE.NS,2026-04-29,12:00,BULLISH,HIGH,1042.85,0.09,2.38,0.63,1.17,0.0,0.5,1,1,0,1,1,1,0.331,,0,-0.43
360ONE.NS,2026-04-29,14:00,BULLISH,HIGH,1049.6,0.05,1.37,0.36,0.23,-0.37,-0.14,1,1,0,0,1,1,-0.443,0.064,1,-0.25
360ONE.NS,2026-04-30,09:15,BEARISH,LOW,1031.0,-2.79,-0.08,-0.74,0.95,-2.13,0.31,1,1,1,1,1,0,,,0,-1.76
360ONE.NS,2026-04-30,12:00,BEARISH,LOW,1027.0,-2.02,-0.06,-0.53,1.34,-0.19,0.7,1,1,0,0,1,0,,,0,-1.27
360ONE.NS,2026-04-30,14:00,BEARISH,LOW,1032.55,-1.17,-0.03,-0.31,0.8,-0.36,0.15,1,1,0,1,1,0,,,0,-0.73
360ONE.NS,2026-05-04,09:15,NEUTRAL,HIGH,1040.9,-0.5,0.5,-0.0,2.99,-0.71,2.41,0,1,1,0,1,0,,,0,-0.07
360ONE.NS,2026-05-04,12:00,NEUTRAL,HIGH,1067.5,-0.5,0.5,0.0,0.42,-0.97,-0.14,1,1,1,1,1,0,,,0,-0.05
360ONE.NS,2026-05-04,14:00,NEUTRAL,HIGH,1058.0,-0.5,0.5,0.0,1.05,-0.03,0.76,1,1,1,1,1,0,,,0,-0.03
360ONE.NS,2026-05-05,09:15,BEARISH,HIGH,1066.0,-5.11,-0.16,-1.43,1.84,-1.41,0.48,1,1,0,0,1,0,,,0,-3.4
360ONE.NS,2026-05-05,12:00,BEARISH,HIGH,1073.0,-3.69,-0.12,-1.03,0.32,-0.49,-0.18,1,1,0,0,1,0,,,0,-2.46
360ONE.NS,2026-05-05,14:00,BEARISH,HIGH,1070.5,-2.13,-0.07,-0.6,0.23,-0.21,0.06,1,1,0,0,1,0,,,0,-1.42
360ONE.NS,2026-05-06,09:15,BEARISH,MEDIUM,1082.8,-3.98,-0.13,-1.09,1.35,-0.72,0.1,1,1,0,0,1,0,,,0,-2.58
360ONE.NS,2026-05-06,12:00,BEARISH,MEDIUM,1081.0,-2.88,-0.09,-0.78,0.63,-0.56,0.27,1,1,0,0,1,0,,,0,-1.87
360ONE.NS,2026-05-06,14:00,BEARISH,MEDIUM,1077.5,-1.66,-0.05,-0.45,0.96,-0.03,0.59,1,0,0,0,1,0,,,0,-1.08
360ONE.NS,2026-05-07,09:15,BEARISH,MEDIUM,1083.0,-4.19,-0.13,-1.14,3.23,0.0,2.36,0,0,0,0,1,0,,,0,-2.71
360ONE.NS,2026-05-07,12:00,BEARISH,MEDIUM,1091.0,-3.03,-0.09,-0.82,2.47,-0.63,1.61,1,1,0,0,1,0,,,0,-1.96
360ONE.NS,2026-05-07,14:00,BEARISH,MEDIUM,1115.0,-1.75,-0.05,-0.48,0.27,-0.7,-0.57,1,1,0,1,1,0,,,0,-1.13
360ONE.NS,2026-05-08,09:15,BEARISH,MEDIUM,1111.8,-2.88,-0.08,-0.8,2.08,-0.53,0.39,1,1,0,0,1,0,,,0,-1.9
360ONE.NS,2026-05-08,12:00,BEARISH,MEDIUM,1127.5,-2.08,-0.06,-0.58,0.41,-1.03,-1.01,1,1,0,1,1,0,,,0,-1.37
360ONE.NS,2026-05-08,14:00,BEARISH,MEDIUM,1120.4,-1.2,-0.03,-0.33,0.57,-0.4,-0.38,1,1,0,1,1,0,,,0,-0.79
360ONE.NS,2026-05-11,09:15,BEARISH,MEDIUM,1115.1,-2.7,-0.08,-0.73,1.73,-0.32,-0.1,1,1,0,0,1,0,,,0,-1.74
360ONE.NS,2026-05-11,12:00,BEARISH,MEDIUM,1122.3,-1.95,-0.06,-0.53,0.51,-0.96,-0.74,1,1,0,1,1,0,,,0,-1.26
360ONE.NS,2026-05-11,14:00,BEARISH,MEDIUM,1123.9,-1.13,-0.03,-0.31,0.03,-1.1,-0.88,1,1,1,1,1,0,,,0,-0.73
360ONE.NS,2026-05-12,09:15,NEUTRAL,LOW,1112.2,-0.5,0.5,0.0,0.25,-3.34,-3.09,0,1,1,0,1,0,,,0,-1.15
360ONE.NS,2026-05-12,12:00,NEUTRAL,LOW,1106.0,-0.5,0.5,0.0,0.24,-2.8,-2.55,0,1,1,0,1,0,,,0,-0.83
360ONE.NS,2026-05-12,14:00,NEUTRAL,LOW,1089.0,-0.5,0.5,0.0,0.35,-1.29,-1.03,0,1,1,0,1,0,,,0,-0.48
360ONE.NS,2026-05-13,09:15,BULLISH,LOW,1084.1,0.13,2.98,0.86,1.47,-0.77,-0.73,1,1,0,1,1,1,0.564,,0,-0.99
360ONE.NS,2026-05-13,12:00,BULLISH,LOW,1090.3,0.09,2.15,0.62,0.51,-1.34,-1.29,1,1,0,0,1,1,-1.51,-0.877,1,-0.72
360ONE.NS,2026-05-13,14:00,BULLISH,LOW,1093.1,0.05,1.24,0.36,0.12,-1.59,-1.55,1,1,0,0,1,1,-1.51,-1.441,1,-0.41
360ONE.NS,2026-05-14,09:15,BULLISH,LOW,1082.0,0.11,2.16,0.58,2.26,-1.79,1.69,1,1,1,1,0,1,-1.51,0.284,1,-0.86
360ONE.NS,2026-05-14,12:00,BULLISH,LOW,1083.4,0.08,1.56,0.42,2.13,-0.03,1.56,1,1,1,1,0,1,0.122,,0,-0.62
360ONE.NS,2026-05-14,14:00,BULLISH,LOW,1099.6,0.04,0.9,0.24,0.63,-0.06,0.06,1,1,1,1,1,1,-0.056,,0,-0.36
360ONE.NS,2026-05-15,09:15,BEARISH,MEDIUM,1115.6,-2.47,-0.08,-0.7,0.71,-2.04,-1.93,1,1,1,1,1,0,,,0,-1.66
360ONE.NS,2026-05-15,12:00,BEARISH,MEDIUM,1103.9,-1.78,-0.06,-0.5,0.55,-1.01,-0.89,1,1,1,1,1,0,,,0,-1.2
360ONE.NS,2026-05-15,14:00,BEARISH,MEDIUM,1103.7,-1.03,-0.04,-0.29,0.0,-0.99,-0.87,1,1,1,1,1,0,,,0,-0.69
360ONE.NS,2026-05-18,09:15,BULLISH,LOW,1085.0,0.11,2.62,0.7,2.44,-1.68,1.97,1,1,1,1,1,1,-1.53,0.401,1,-0.85
360ONE.NS,2026-05-18,12:00,BULLISH,LOW,1086.7,0.08,1.89,0.51,2.28,-0.05,1.81,1,1,1,1,0,1,0.206,,0,-0.61
360ONE.NS,2026-05-18,14:00,BULLISH,LOW,1108.1,0.04,1.09,0.29,0.31,-0.69,-0.15,1,1,0,1,1,1,-0.008,-0.008,1,-0.35
360ONE.NS,2026-05-19,09:15,BEARISH,MEDIUM,1100.9,-3.08,-0.1,-0.89,1.85,-0.81,-0.14,1,1,0,0,1,0,,,0,-2.13
360ONE.NS,2026-05-19,12:00,BEARISH,MEDIUM,1113.5,-2.22,-0.07,-0.65,0.7,-1.32,-1.27,1,1,1,1,1,0,,,0,-1.54
360ONE.NS,2026-05-19,14:00,BEARISH,MEDIUM,1112.0,-1.28,-0.04,-0.37,0.0,-1.19,-1.13,1,1,1,1,1,0,,,0,-0.89
360ONE.NS,2026-05-20,09:15,BULLISH,LOW,1088.2,0.13,2.59,0.62,1.91,-1.1,1.81,1,1,1,1,1,1,0.318,0.318,1,-0.67
360ONE.NS,2026-05-20,12:00,BULLISH,LOW,1092.3,0.09,1.87,0.45,1.53,-0.49,1.43,1,1,1,1,1,1,0.147,,0,-0.49
360ONE.NS,2026-05-20,14:00,BULLISH,LOW,1092.3,0.05,1.08,0.26,1.53,-0.06,1.43,1,1,1,1,0,1,-0.043,,0,-0.28
360ONE.NS,2026-05-21,09:15,BEARISH,LOW,1116.4,-2.16,-0.08,-0.66,1.29,-0.91,-0.46,1,1,0,1,1,0,,,0,-1.58
360ONE.NS,2026-05-21,12:00,BEARISH,LOW,1124.3,-1.56,-0.06,-0.48,0.32,-1.61,-1.16,1,1,1,1,0,0,,,0,-1.14
360ONE.NS,2026-05-21,14:00,BEARISH,LOW,1111.6,-0.9,-0.03,-0.28,0.19,-0.49,-0.03,1,1,1,1,1,0,,,0,-0.66
360ONE.NS,2026-05-22,09:15,BEARISH,MEDIUM,1111.2,-3.14,-0.1,-0.83,0.95,-0.74,0.15,1,1,0,0,1,0,,,0,-1.98
360ONE.NS,2026-05-22,12:00,BEARISH,MEDIUM,1119.6,-2.27,-0.07,-0.6,0.13,-1.13,-0.6,1,1,0,1,1,0,,,0,-1.43
360ONE.NS,2026-05-22,14:00,BEARISH,MEDIUM,1113.1,-1.31,-0.04,-0.35,0.17,-0.45,-0.02,1,1,0,1,1,0,,,0,-0.83
360ONE.NS,2026-05-25,09:15,BEARISH,LOW,1124.0,-2.19,-0.07,-0.6,1.74,-0.36,1.67,1,1,0,0,1,0,,,0,-1.43
360ONE.NS,2026-05-25,12:00,BEARISH,LOW,1137.9,-1.58,-0.05,-0.44,0.5,-0.42,0.43,1,1,0,0,1,0,,,0,-1.04
360ONE.NS,2026-05-25,14:00,BEARISH,LOW,1135.3,-0.91,-0.03,-0.25,0.73,-0.03,0.66,1,0,0,0,1,0,,,0,-0.6
360ONE.NS,2026-05-26,09:15,BEARISH,MEDIUM,1144.9,-3.73,-0.1,-0.89,0.1,-2.03,-1.9,1,1,1,1,1,0,,,0,-2.12
360ONE.NS,2026-05-26,12:00,BEARISH,MEDIUM,1141.4,-2.69,-0.07,-0.64,0.04,-1.73,-1.6,1,1,1,1,1,0,,,0,-1.53
360ONE.NS,2026-05-26,14:00,BEARISH,MEDIUM,1133.0,-1.56,-0.04,-0.37,0.18,-0.88,-0.87,1,1,1,1,1,0,,,0,-0.89
360ONE.NS,2026-05-27,09:15,BULLISH,MEDIUM,1129.5,0.12,2.99,0.87,0.0,-1.8,-1.74,0,0,0,0,1,1,-1.49,0.569,1,-0.88
360ONE.NS,2026-05-27,12:00,BULLISH,MEDIUM,1117.1,0.08,2.16,0.63,0.24,-0.71,-0.65,1,1,0,0,1,1,-0.953,-0.314,1,-0.64
360ONE.NS,2026-05-27,14:00,BULLISH,MEDIUM,1114.1,0.05,1.25,0.36,0.27,-0.44,-0.39,1,1,0,0,1,1,-0.686,0.063,1,-0.37
360ONE.NS,2026-05-29,09:15,NEUTRAL,HIGH,1119.0,-0.5,0.5,0.0,0.79,-1.8,-1.8,0,1,1,0,1,0,,,0,-0.0
360ONE.NS,2026-05-29,12:00,NEUTRAL,HIGH,1116.9,-0.5,0.5,-0.0,0.21,-1.61,-1.61,0,1,1,0,1,0,,,0,-0.0
360ONE.NS,2026-05-29,14:00,NEUTRAL,HIGH,1117.2,-0.5,0.5,0.0,0.14,-1.64,-1.64,0,1,1,0,1,0,,,0,-0.0
360ONE.NS,2026-06-01,09:15,BULLISH,MEDIUM,1106.2,0.14,4.05,1.02,0.63,-3.12,-2.5,1,1,0,0,1,1,-1.42,-1.42,1,-0.81
360ONE.NS,2026-06-01,12:00,BULLISH,MEDIUM,1091.0,0.1,2.92,0.74,0.23,-1.77,-1.15,1,1,0,0,1,1,-1.37,0.436,1,-0.58
360ONE.NS,2026-06-01,14:00,BULLISH,MEDIUM,1084.4,0.06,1.69,0.43,0.0,-1.17,-0.54,0,0,0,0,1,1,-1.36,-0.505,1,-0.34
360ONE.NS,2026-06-02,09:15,BULLISH,HIGH,1070.1,0.15,3.54,0.93,2.13,-1.69,1.9,1,1,1,1,1,1,-1.44,0.634,1,-0.73
360ONE.NS,2026-06-02,12:00,BULLISH,HIGH,1070.8,0.11,2.56,0.68,2.06,-0.54,1.83,1,1,1,1,1,1,0.375,0.375,1,-0.53
360ONE.NS,2026-06-02,14:00,BULLISH,HIGH,1081.7,0.06,1.48,0.39,1.04,-0.04,0.8,1,1,1,1,1,1,0.09,,0,-0.31
360ONE.NS,2026-06-03,09:15,BEARISH,HIGH,1084.4,-3.71,-0.24,-0.99,0.0,-3.25,-1.22,1,1,1,1,1,0,,,0,-2.37
360ONE.NS,2026-06-03,12:00,BEARISH,HIGH,1055.3,-2.68,-0.18,-0.72,1.95,-0.58,1.51,1,1,0,0,1,0,,,0,-1.71
360ONE.NS,2026-06-03,14:00,BEARISH,HIGH,1065.2,-1.55,-0.1,-0.41,1.0,-0.01,0.56,1,0,0,0,1,0,,,0,-0.99
360ONE.NS,2026-06-04,09:15,BULLISH,MEDIUM,1064.2,0.14,3.3,0.85,1.63,-0.11,0.33,1,1,0,1,1,1,0.547,,0,-0.89
360ONE.NS,2026-06-04,12:00,BULLISH,MEDIUM,1068.5,0.1,2.39,0.61,0.69,-0.2,-0.07,1,1,0,1,1,1,0.311,,0,-0.64
360ONE.NS,2026-06-04,14:00,BULLISH,MEDIUM,1071.8,0.06,1.38,0.35,0.27,-0.48,-0.38,1,1,0,0,1,1,-0.683,-0.313,1,-0.37
360ONE.NS,2026-06-05,09:15,BULLISH,LOW,1068.7,0.11,4.25,0.92,2.3,-1.68,0.38,1,1,1,1,1,1,0.616,0.616,1,-1.47
360ONE.NS,2026-06-05,12:00,BULLISH,LOW,1077.7,0.08,3.07,0.66,0.21,-2.51,-0.45,1,1,0,0,1,1,-1.76,-1.76,1,-1.06
360ONE.NS,2026-06-05,14:00,BULLISH,LOW,1061.3,0.05,1.77,0.38,1.57,0.0,1.08,1,1,1,1,1,1,0.082,,0,-0.61
360ONE.NS,2026-06-08,09:15,BEARISH,MEDIUM,1061.1,-4.52,-0.19,-1.05,0.74,-1.26,-0.39,1,1,0,1,1,0,,,0,-2.5
360ONE.NS,2026-06-08,12:00,BEARISH,MEDIUM,1062.6,-3.26,-0.14,-0.76,0.59,-0.81,-0.53,1,1,0,1,1,0,,,0,-1.81
360ONE.NS,2026-06-08,14:00,BEARISH,MEDIUM,1062.8,-1.88,-0.08,-0.44,0.17,-0.83,-0.55,1,1,0,1,1,0,,,0,-1.04
360ONE.NS,2026-06-09,09:15,BULLISH,MEDIUM,1061.2,0.13,2.6,0.8,1.11,-0.11,0.73,1,1,0,1,1,1,0.5,,0,-0.67
360ONE.NS,2026-06-09,12:00,BULLISH,MEDIUM,1067.4,0.1,1.88,0.58,0.52,-0.35,0.14,1,1,0,0,1,1,-0.159,,0,-0.48
360ONE.NS,2026-06-09,14:00,BULLISH,MEDIUM,1065.9,0.05,1.08,0.33,0.67,-0.21,0.28,1,1,1,1,1,1,0.034,,0,-0.28
360ONE.NS,2026-06-10,09:15,BEARISH,LOW,1073.4,-1.87,-0.07,-0.59,0.54,-2.05,-2.04,1,1,1,1,0,0,,,0,-1.4
360ONE.NS,2026-06-10,12:00,BEARISH,LOW,1070.7,-1.35,-0.05,-0.42,0.47,-1.8,-1.79,1,1,1,1,0,0,,,0,-1.01
360ONE.NS,2026-06-10,14:00,BEARISH,LOW,1061.7,-0.78,-0.03,-0.25,0.19,-0.97,-0.96,1,1,1,1,0,0,,,0,-0.58
360ONE.NS,2026-06-11,09:15,BULLISH,MEDIUM,1042.0,0.15,4.04,1.17,2.84,-1.03,2.24,1,1,1,1,1,1,0.869,0.869,1,-0.85
360ONE.NS,2026-06-11,12:00,BULLISH,MEDIUM,1038.9,0.11,2.92,0.84,3.15,0.0,2.54,1,1,1,1,0,1,0.544,,0,-0.61
360ONE.NS,2026-06-11,14:00,BULLISH,MEDIUM,1060.6,0.06,1.68,0.49,1.04,0.0,0.44,1,1,1,1,1,1,0.187,,0,-0.35
360ONE.NS,2026-06-12,09:15,BEARISH,HIGH,1077.5,-3.49,-0.25,-1.07,2.0,-1.81,1.98,1,1,0,1,1,0,,,0,-2.55
360ONE.NS,2026-06-12,12:00,BEARISH,HIGH,1068.6,-2.52,-0.18,-0.77,2.84,-0.3,2.83,1,1,0,0,1,0,,,0,-1.84
360ONE.NS,2026-06-12,14:00,BEARISH,HIGH,1086.3,-1.46,-0.1,-0.45,1.17,-0.17,1.15,1,1,0,0,1,0,,,0,-1.06
360ONE.NS,2026-06-15,09:15,BEARISH,MEDIUM,1113.6,-3.28,-0.11,-0.92,1.89,0.0,1.5,0,0,0,0,1,0,,,0,-2.2
360ONE.NS,2026-06-15,12:00,BEARISH,MEDIUM,1130.2,-2.37,-0.08,-0.67,0.4,-0.29,0.01,1,1,0,0,1,0,,,0,-1.59
360ONE.NS,2026-06-15,14:00,BEARISH,MEDIUM,1131.2,-1.37,-0.05,-0.39,0.14,-0.24,-0.08,1,1,0,0,1,0,,,0,-0.92
360ONE.NS,2026-06-16,09:15,BEARISH,MEDIUM,1143.2,-4.56,-0.14,-1.15,1.91,-1.01,-0.91,1,1,0,0,1,0,,,0,-2.73
360ONE.NS,2026-06-16,12:00,BEARISH,MEDIUM,1138.8,-3.3,-0.1,-0.83,0.54,-0.62,-0.53,1,1,0,0,1,0,,,0,-1.97
360ONE.NS,2026-06-16,14:00,BEARISH,MEDIUM,1137.5,-1.9,-0.06,-0.48,0.66,-0.49,-0.41,1,1,0,1,1,0,,,0,-1.14
360ONE.NS,2026-06-17,09:15,BEARISH,LOW,1143.8,-2.9,-0.08,-0.71,0.09,-1.35,-0.59,1,1,0,1,1,0,,,0,-1.69
360ONE.NS,2026-06-17,12:00,BEARISH,LOW,1142.9,-2.1,-0.06,-0.51,0.04,-1.27,-0.52,1,1,1,1,1,0,,,0,-1.22
360ONE.NS,2026-06-17,14:00,BEARISH,LOW,1135.0,-1.21,-0.04,-0.3,0.37,-0.58,0.18,1,1,0,1,1,0,,,0,-0.7
360ONE.NS,2026-06-18,09:15,BEARISH,LOW,1144.6,-1.86,-0.07,-0.52,1.52,-0.75,-0.43,1,1,0,1,1,0,,,0,-1.24
360ONE.NS,2026-06-18,12:00,BEARISH,LOW,1147.4,-1.34,-0.05,-0.37,0.15,-0.74,-0.67,1,1,1,1,1,0,,,0,-0.89
360ONE.NS,2026-06-18,14:00,BEARISH,LOW,1142.0,-0.77,-0.03,-0.22,0.14,-0.24,-0.2,1,1,0,1,1,0,,,0,-0.52
360ONE.NS,2026-06-19,09:15,BEARISH,LOW,1141.7,-2.58,-0.08,-0.65,0.46,-0.98,0.23,1,1,0,1,1,0,,,0,-1.55
360ONE.NS,2026-06-19,12:00,BEARISH,LOW,1135.0,-1.86,-0.06,-0.47,1.04,-0.4,0.82,1,1,0,0,1,0,,,0,-1.12
360ONE.NS,2026-06-19,14:00,BEARISH,LOW,1145.0,-1.08,-0.03,-0.27,0.16,-0.7,-0.06,1,1,1,1,1,0,,,0,-0.65
360ONE.NS,2026-06-22,09:15,BEARISH,LOW,1148.9,-3.09,-0.08,-0.78,0.54,-0.85,-0.73,1,1,0,1,1,0,,,0,-1.86
360ONE.NS,2026-06-22,12:00,BEARISH,LOW,1151.3,-2.23,-0.06,-0.56,0.2,-1.06,-0.94,1,1,0,1,1,0,,,0,-1.34
360ONE.NS,2026-06-22,14:00,BEARISH,LOW,1141.5,-1.29,-0.04,-0.33,0.31,-0.21,-0.09,1,1,0,0,1,0,,,0,-0.77
360ONE.NS,2026-06-23,09:15,BULLISH,MEDIUM,1139.3,0.1,2.21,0.68,0.0,-2.31,-1.83,0,0,0,0,1,1,-1.39,-1.39,1,-0.47
360ONE.NS,2026-06-23,12:00,BULLISH,MEDIUM,1122.6,0.08,1.6,0.49,0.2,-0.86,-0.37,1,1,0,0,1,1,-0.665,0.19,1,-0.34
360ONE.NS,2026-06-23,14:00,BULLISH,MEDIUM,1115.9,0.04,0.92,0.28,0.6,-0.26,0.23,1,1,1,1,1,1,-0.018,-0.018,1,-0.2
360ONE.NS,2026-06-24,09:15,BULLISH,MEDIUM,1111.8,0.12,2.89,0.79,0.22,-1.91,-1.09,1,1,0,0,1,1,-1.41,-1.41,1,-0.52
360ONE.NS,2026-06-24,12:00,BULLISH,MEDIUM,1101.2,0.09,2.09,0.57,0.58,-0.96,-0.14,1,1,0,1,1,1,0.268,0.268,1,-0.38
360ONE.NS,2026-06-24,14:00,BULLISH,MEDIUM,1105.5,0.05,1.21,0.33,0.14,-0.72,-0.52,1,1,0,0,1,1,-0.825,-0.605,1,-0.22
360ONE.NS,2026-06-25,09:15,BULLISH,HIGH,1109.5,0.12,3.11,0.91,0.0,-2.74,-2.17,0,0,0,0,1,1,-1.41,-1.41,1,-0.58
360ONE.NS,2026-06-25,12:00,BULLISH,HIGH,1098.2,0.09,2.25,0.66,0.05,-1.74,-1.17,1,0,0,0,1,1,-1.41,-1.41,1,-0.42
360ONE.NS,2026-06-25,14:00,BULLISH,HIGH,1089.9,0.05,1.3,0.38,0.18,-0.99,-0.41,1,1,0,0,1,1,-0.713,0.081,1,-0.24
360ONE.NS,2026-06-29,09:15,NEUTRAL,HIGH,1071.0,-0.5,0.5,0.0,2.43,0.0,1.79,0,1,1,0,1,0,,,0,-0.08
360ONE.NS,2026-06-29,12:00,NEUTRAL,HIGH,1088.2,-0.5,0.5,0.0,0.81,-0.29,0.18,1,1,1,1,1,0,,,0,-0.05
360ONE.NS,2026-06-29,14:00,NEUTRAL,HIGH,1093.0,-0.5,0.5,0.0,0.37,-0.44,-0.26,1,1,1,1,1,0,,,0,-0.03
360ONE.NS,2026-06-30,09:15,BEARISH,LOW,1084.4,-2.29,-0.06,-0.45,2.08,-1.06,-0.81,1,1,0,1,1,0,,,0,-1.07
360ONE.NS,2026-06-30,12:00,BEARISH,LOW,1082.9,-1.66,-0.04,-0.33,0.22,-0.92,-0.67,1,1,1,1,1,0,,,0,-0.77
360ONE.NS,2026-06-30,14:00,BEARISH,LOW,1078.0,-0.96,-0.02,-0.19,0.42,-0.47,-0.22,1,1,0,1,1,0,,,0,-0.45
360ONE.NS,2026-07-01,09:15,BULLISH,HIGH,1074.6,0.14,4.06,1.07,0.95,-1.15,-0.57,1,1,0,0,1,1,-1.39,0.77,1,-0.55
360ONE.NS,2026-07-01,12:00,BULLISH,HIGH,1070.6,0.1,2.93,0.77,0.69,-0.78,-0.2,1,1,0,0,1,1,-0.496,-0.095,1,-0.4
360ONE.NS,2026-07-01,14:00,BULLISH,HIGH,1069.2,0.06,1.69,0.45,0.13,-0.65,-0.07,1,1,0,0,1,1,-0.365,-0.135,1,-0.23
360ONE.NS,2026-07-02,09:15,BULLISH,HIGH,1067.3,0.13,3.75,0.93,1.31,-0.59,-0.04,1,1,0,1,1,1,0.628,,0,-0.67
360ONE.NS,2026-07-02,12:00,BULLISH,HIGH,1071.9,0.09,2.71,0.67,0.54,-0.49,-0.47,1,1,0,0,1,1,-0.766,-0.276,1,-0.49
360ONE.NS,2026-07-02,14:00,BULLISH,HIGH,1068.1,0.05,1.56,0.39,0.18,-0.14,-0.11,1,1,0,0,1,1,-0.412,,0,-0.28
360ONE.NS,2026-07-03,09:15,BEARISH,LOW,1081.6,-1.98,-0.05,-0.53,3.63,-0.36,2.53,1,1,0,0,1,0,,,0,-1.25
360ONE.NS,2026-07-03,12:00,BEARISH,LOW,1091.4,-1.43,-0.04,-0.38,2.7,-0.29,1.61,1,1,0,0,1,0,,,0,-0.91
360ONE.NS,2026-07-03,14:00,BEARISH,LOW,1118.7,-0.82,-0.02,-0.22,0.0,-0.97,-0.87,1,1,1,1,0,0,,,0,-0.52
360ONE.NS,2026-07-06,09:15,BEARISH,MEDIUM,1110.8,-3.85,-0.12,-1.1,2.09,0.0,2.04,0,0,0,0,1,0,,,0,-2.61
360ONE.NS,2026-07-06,12:00,BEARISH,MEDIUM,1130.5,-2.78,-0.09,-0.79,0.31,-0.67,0.27,1,1,0,0,1,0,,,0,-1.89
360ONE.NS,2026-07-06,14:00,BEARISH,MEDIUM,1129.7,-1.61,-0.05,-0.46,0.38,-0.09,0.34,1,1,0,0,1,0,,,0,-1.09
360ONE.NS,2026-07-07,09:15,BEARISH,MEDIUM,1139.0,-3.55,-0.1,-0.96,1.23,-1.1,1.03,1,1,0,1,1,0,,,0,-2.3
360ONE.NS,2026-07-07,12:00,BEARISH,MEDIUM,1146.5,-2.57,-0.07,-0.7,0.57,-0.36,0.37,1,1,0,0,1,0,,,0,-1.66
360ONE.NS,2026-07-07,14:00,BEARISH,MEDIUM,1151.3,-1.48,-0.04,-0.4,0.14,-0.37,-0.05,1,1,0,0,1,0,,,0,-0.96
360ONE.NS,2026-07-08,09:15,BEARISH,MEDIUM,1138.3,-3.31,-0.09,-0.86,0.98,-5.02,-4.02,1,1,1,1,0,0,,,0,-2.06
360ONE.NS,2026-07-08,12:00,BEARISH,MEDIUM,1121.4,-2.39,-0.06,-0.62,0.54,-3.58,-2.58,1,1,1,1,0,0,,,0,-1.49
360ONE.NS,2026-07-08,14:00,BEARISH,MEDIUM,1100.7,-1.38,-0.04,-0.36,0.0,-1.77,-0.74,1,1,1,1,0,0,,,0,-0.86
360ONE.NS,2026-07-09,09:15,BULLISH,MEDIUM,1090.8,0.15,5.2,1.23,1.46,-0.27,0.72,1,1,0,1,1,1,0.93,,0,-0.85
360ONE.NS,2026-07-09,12:00,BULLISH,MEDIUM,1103.3,0.11,3.75,0.89,0.31,-0.45,-0.43,1,1,0,0,1,1,-0.726,,0,-0.61
360ONE.NS,2026-07-09,14:00,BULLISH,MEDIUM,1100.0,0.06,2.17,0.51,0.43,-0.15,-0.13,1,1,0,0,1,1,-0.427,,0,-0.35
360ONE.NS,2026-07-10,09:15,BEARISH,LOW,1107.3,-2.15,-0.06,-0.46,2.36,0.0,1.97,0,0,0,0,1,0,,,0,-1.09
360ONE.NS,2026-07-10,12:00,BEARISH,LOW,1124.1,-1.55,-0.05,-0.33,0.59,-0.43,0.44,1,1,0,1,1,0,,,0,-0.78
360ONE.NS,2026-07-10,14:00,BEARISH,LOW,1122.0,-0.9,-0.03,-0.19,0.78,-0.09,0.63,1,1,0,0,1,0,,,0,-0.45
360ONE.NS,2026-07-13,09:15,BEARISH,LOW,1118.5,-2.98,-0.08,-0.7,0.31,-2.09,-0.04,1,1,1,1,1,0,,,0,-1.67
360ONE.NS,2026-07-13,12:00,BEARISH,LOW,1101.9,-2.16,-0.06,-0.51,1.58,-0.09,1.47,1,1,0,0,1,0,,,0,-1.21
360ONE.NS,2026-07-13,14:00,BEARISH,LOW,1106.5,-1.24,-0.03,-0.29,1.16,-0.01,1.05,1,0,0,0,1,0,,,0,-0.7
360ONE.NS,2026-07-14,09:15,BULLISH,HIGH,1107.1,0.13,3.88,1.05,0.41,-1.75,-1.14,1,1,0,0,1,1,-1.82,-0.621,1,-0.82
360ONE.NS,2026-07-14,12:00,BULLISH,HIGH,1093.9,0.09,2.81,0.76,0.82,-0.24,0.05,1,1,0,1,1,1,0.456,,0,-0.59
360ONE.NS,2026-07-14,14:00,BULLISH,HIGH,1100.0,0.05,1.62,0.44,0.26,-0.59,-0.5,1,1,0,0,1,1,-0.8,0.136,1,-0.34
360ONE.NS,2026-07-15,09:15,BULLISH,HIGH,1100.3,0.12,3.47,0.99,1.77,-0.6,-0.45,1,1,0,1,1,1,0.687,,0,-1.0
360ONE.NS,2026-07-15,12:00,BULLISH,HIGH,1108.0,0.09,2.51,0.71,0.02,-1.29,-1.15,1,0,0,0,1,1,-1.47,-0.729,1,-0.72
360ONE.NS,2026-07-15,14:00,BULLISH,HIGH,1099.9,0.05,1.45,0.41,0.0,-0.51,-0.42,0,0,0,0,1,1,-0.718,-0.298,1,-0.42
360ONE.NS,2026-07-16,09:15,BULLISH,MEDIUM,1107.3,0.08,1.94,0.52,0.0,-3.7,-2.86,0,0,0,0,1,1,-1.46,-1.46,1,-0.6
360ONE.NS,2026-07-16,12:00,BULLISH,MEDIUM,1076.7,0.06,1.4,0.37,0.45,-0.2,-0.1,1,1,0,1,1,1,0.072,,0,-0.43
360ONE.NS,2026-07-16,14:00,BULLISH,MEDIUM,1079.0,0.03,0.81,0.22,0.23,-0.42,-0.32,1,1,0,1,1,1,-0.085,-0.085,1,-0.25
360ONE.NS,2026-07-17,09:15,BULLISH,MEDIUM,1108.5,0.1,2.91,0.75,1.72,-2.01,0.42,1,1,1,1,1,1,-1.5,-1.5,1,-0.7
360ONE.NS,2026-07-17,12:00,BULLISH,MEDIUM,1106.4,0.08,2.11,0.54,1.12,-0.73,0.61,1,1,1,1,1,1,0.24,0.24,1,-0.51
360ONE.NS,2026-07-17,14:00,BULLISH,MEDIUM,1105.0,0.04,1.22,0.31,1.25,-0.25,0.74,1,1,1,1,0,1,0.011,,0,-0.29
360ONE.NS,2026-07-20,09:15,BEARISH,MEDIUM,1114.8,-4.34,-0.13,-1.26,1.24,-1.09,1.11,1,1,0,0,1,0,,,0,-3.0
360ONE.NS,2026-07-20,12:00,BEARISH,MEDIUM,1120.0,-3.13,-0.1,-0.91,0.77,-0.67,0.64,1,1,0,0,1,0,,,0,-2.16
360ONE.NS,2026-07-20,14:00,BEARISH,MEDIUM,1120.0,-1.81,-0.06,-0.53,0.77,-0.01,0.64,1,0,0,0,1,0,,,0,-1.25
360ONE.NS,2026-07-21,09:15,BEARISH,LOW,1126.1,-2.38,-0.07,-0.69,0.74,-0.75,-0.37,1,1,0,1,1,0,,,0,-1.65
360ONE.NS,2026-07-21,12:00,BEARISH,LOW,1119.7,-1.72,-0.05,-0.5,0.46,-0.06,0.2,1,1,0,0,1,0,,,0,-1.19
3IINFOLTD.NS,2026-04-29,09:15,NEUTRAL,LOW,17.74,-0.5,0.5,0.0,1.35,-0.51,0.34,1,1,1,1,1,0,,,0,-0.81
3IINFOLTD.NS,2026-04-29,12:00,NEUTRAL,LOW,17.79,-0.5,0.5,-0.0,0.62,-0.51,0.06,1,1,1,1,1,0,,,0,-0.58
3IINFOLTD.NS,2026-04-29,14:00,NEUTRAL,LOW,17.71,-0.5,0.5,0.0,1.07,-0.06,0.51,1,1,1,1,1,0,,,0,-0.34
3IINFOLTD.NS,2026-04-30,09:15,NEUTRAL,LOW,17.93,-0.5,0.5,-0.0,0.0,-3.4,-2.23,0,1,1,0,1,0,,,0,-0.99
3IINFOLTD.NS,2026-04-30,12:00,NEUTRAL,LOW,17.43,-0.5,0.5,-0.0,0.75,-0.46,0.57,1,1,1,1,1,0,,,0,-0.71
3IINFOLTD.NS,2026-04-30,14:00,NEUTRAL,LOW,17.55,-0.5,0.5,0.0,0.0,-0.63,-0.11,1,1,1,1,1,0,,,0,-0.41
3IINFOLTD.NS,2026-05-04,09:15,NEUTRAL,HIGH,17.74,-0.5,0.5,0.0,0.0,-2.82,-2.31,0,1,1,0,1,0,,,0,-0.02
3IINFOLTD.NS,2026-05-04,12:00,NEUTRAL,HIGH,17.35,-0.5,0.5,-0.0,0.06,-0.63,-0.12,1,1,1,1,1,0,,,0,-0.01
3IINFOLTD.NS,2026-05-04,14:00,NEUTRAL,HIGH,17.28,-0.5,0.5,-0.0,0.29,-0.23,0.29,1,1,1,1,1,0,,,0,-0.01
3IINFOLTD.NS,2026-05-05,09:15,BULLISH,MEDIUM,17.46,0.1,2.79,0.69,0.17,-2.63,-2.35,1,1,0,0,1,1,-1.51,-1.51,1,-0.41
3IINFOLTD.NS,2026-05-05,12:00,BULLISH,MEDIUM,17.18,0.07,2.02,0.47,0.41,-1.05,-0.76,1,1,0,0,1,1,-1.057,0.166,1,-0.3
3IINFOLTD.NS,2026-05-05,14:00,BULLISH,MEDIUM,17.2,0.04,1.17,0.29,0.17,-1.16,-0.87,1,1,0,0,1,1,-1.172,-0.009,1,-0.17
3IINFOLTD.NS,2026-05-06,09:15,BULLISH,MEDIUM,17.12,0.12,3.78,0.88,2.69,0.0,1.93,1,1,1,1,1,1,0.576,,0,-0.5
3IINFOLTD.NS,2026-05-06,12:00,BULLISH,MEDIUM,17.35,0.08,2.73,0.63,1.33,-0.58,0.58,1,1,0,1,1,1,0.334,0.334,1,-0.36
3IINFOLTD.NS,2026-05-06,14:00,BULLISH,MEDIUM,17.4,0.05,1.58,0.34,1.03,-0.46,0.29,1,1,1,1,1,1,0.045,0.045,1,-0.21
3IINFOLTD.NS,2026-05-07,09:15,BEARISH,LOW,17.79,-2.45,-0.07,-0.67,0.0,-2.02,-0.79,1,1,1,1,1,0,,,0,-1.62
3IINFOLTD.NS,2026-05-07,12:00,BEARISH,LOW,17.63,-1.77,-0.05,-0.51,0.57,-1.13,0.11,1,1,1,1,1,0,,,0,-1.17
3IINFOLTD.NS,2026-05-07,14:00,BEARISH,LOW,17.68,-1.02,-0.03,-0.28,0.06,-0.51,-0.17,1,1,0,1,1,0,,,0,-0.67
3IINFOLTD.NS,2026-05-08,09:15,BEARISH,LOW,17.59,-2.64,-0.07,-0.74,7.73,-0.51,3.52,1,1,0,0,1,0,,,0,-1.8
3IINFOLTD.NS,2026-05-08,12:00,BEARISH,LOW,18.44,-1.91,-0.05,-0.54,0.65,-1.84,-1.25,1,1,1,1,1,0,,,0,-1.3
3IINFOLTD.NS,2026-05-08,14:00,BEARISH,LOW,18.28,-1.1,-0.03,-0.33,0.6,-0.98,-0.38,1,1,1,1,1,0,,,0,-0.75
3IINFOLTD.NS,2026-05-11,09:15,BEARISH,LOW,17.95,-5.03,-0.14,-1.45,0.0,-4.85,-2.34,1,1,1,1,1,0,,,0,-3.44
3IINFOLTD.NS,2026-05-11,12:00,BEARISH,LOW,17.4,-3.64,-0.1,-1.03,1.38,-0.52,0.75,1,1,0,0,1,0,,,0,-2.48
3IINFOLTD.NS,2026-05-11,14:00,BEARISH,LOW,17.42,-2.1,-0.06,-0.57,1.26,-0.17,0.63,1,1,0,0,1,0,,,0,-1.43
3IINFOLTD.NS,2026-05-12,09:15,BULLISH,HIGH,17.58,0.22,5.92,1.48,0.63,-2.67,-0.46,1,1,0,0,1,1,-1.97,-1.97,1,-0.94
3IINFOLTD.NS,2026-05-12,12:00,BULLISH,HIGH,17.45,0.16,4.27,1.09,1.03,-0.69,0.29,1,1,0,0,1,1,-0.013,0.789,1,-0.68
3IINFOLTD.NS,2026-05-12,14:00,BULLISH,HIGH,17.55,0.09,2.47,0.63,0.23,-1.25,-0.28,1,1,0,0,1,1,-0.585,-0.194,1,-0.39
3IINFOLTD.NS,2026-05-13,09:15,BULLISH,MEDIUM,17.5,0.16,4.72,1.14,1.43,-0.23,0.69,1,1,0,1,1,1,0.843,,0,-1.14
3IINFOLTD.NS,2026-05-13,12:00,BULLISH,MEDIUM,17.6,0.11,3.41,0.85,0.51,-0.57,0.11,1,1,0,0,1,1,-0.186,,0,-0.83
3IINFOLTD.NS,2026-05-13,14:00,BULLISH,MEDIUM,17.68,0.07,1.97,0.45,0.0,-0.51,-0.34,0,0,0,0,1,1,-0.639,-0.159,1,-0.48
3IINFOLTD.NS,2026-05-14,09:15,BEARISH,LOW,17.79,-3.09,-0.09,-0.73,0.0,-3.32,-2.81,1,1,1,1,0,0,,,0,-1.72
3IINFOLTD.NS,2026-05-14,12:00,BEARISH,LOW,17.3,-2.23,-0.06,-0.52,0.64,-0.58,-0.06,1,1,0,1,1,0,,,0,-1.24
3IINFOLTD.NS,2026-05-14,14:00,BEARISH,LOW,17.38,-1.29,-0.04,-0.29,0.0,-1.04,-0.52,1,1,1,1,1,0,,,0,-0.72
3IINFOLTD.NS,2026-05-15,09:15,BULLISH,MEDIUM,17.23,0.16,3.69,1.04,2.26,-0.41,1.97,1,1,1,1,1,1,0.745,,0,-0.8
3IINFOLTD.NS,2026-05-15,12:00,BULLISH,MEDIUM,17.54,0.12,2.66,0.74,0.46,-0.23,0.17,1,1,0,0,1,1,-0.129,,0,-0.58
3IINFOLTD.NS,2026-05-15,14:00,BULLISH,MEDIUM,17.62,0.07,1.54,0.45,0.0,-0.68,-0.28,0,0,0,0,1,1,-0.584,-0.254,1,-0.33
3IINFOLTD.NS,2026-05-18,09:15,BEARISH,LOW,17.55,-2.4,-0.09,-0.68,0.46,-1.42,0.23,1,1,1,1,1,0,,,0,-1.66
3IINFOLTD.NS,2026-05-18,12:00,BEARISH,LOW,17.54,-1.73,-0.07,-0.51,0.51,-0.23,0.29,1,1,0,0,1,0,,,0,-1.2
3IINFOLTD.NS,2026-05-18,14:00,BEARISH,LOW,17.52,-1.0,-0.04,-0.29,0.51,-0.11,0.4,1,1,0,0,1,0,,,0,-0.69
3IINFOLTD.NS,2026-05-19,09:15,BEARISH,LOW,17.75,-2.86,-0.1,-0.68,0.0,-0.96,-0.85,1,1,0,1,1,0,,,0,-1.67
3IINFOLTD.NS,2026-05-19,12:00,BEARISH,LOW,17.65,-2.07,-0.07,-0.51,0.45,-0.28,-0.28,1,1,0,0,1,0,,,0,-1.21
3IINFOLTD.NS,2026-05-19,14:00,BEARISH,LOW,17.7,-1.19,-0.04,-0.28,0.0,-0.56,-0.56,1,1,0,1,1,0,,,0,-0.7
3IINFOLTD.NS,2026-05-20,09:15,BULLISH,MEDIUM,17.5,0.12,2.88,0.74,1.26,-1.43,0.86,1,1,0,1,1,1,-1.57,0.443,1,-0.67
3IINFOLTD.NS,2026-05-20,12:00,BULLISH,MEDIUM,17.6,0.09,2.08,0.51,0.51,0.0,0.28,1,1,0,1,1,1,0.211,,0,-0.49
3IINFOLTD.NS,2026-05-20,14:00,BULLISH,MEDIUM,17.66,0.05,1.2,0.28,0.17,-0.34,-0.06,1,1,0,0,1,1,-0.357,-0.017,1,-0.28
3IINFOLTD.NS,2026-05-21,09:15,NEUTRAL,LOW,17.7,-0.5,0.5,-0.0,0.23,-1.02,-0.28,1,1,1,1,1,0,,,0,-1.17
3IINFOLTD.NS,2026-05-21,12:00,NEUTRAL,LOW,17.69,-0.5,0.5,-0.0,0.28,-0.45,-0.23,1,1,1,1,1,0,,,0,-0.85
3IINFOLTD.NS,2026-05-21,14:00,NEUTRAL,LOW,17.69,-0.5,0.5,-0.0,0.28,-0.45,-0.23,1,1,1,1,1,0,,,0,-0.49
3IINFOLTD.NS,2026-05-22,09:15,BULLISH,LOW,17.58,0.12,2.97,0.8,0.28,-2.16,-1.02,1,1,0,0,1,1,-1.5,-1.5,1,-0.63
3IINFOLTD.NS,2026-05-22,12:00,BULLISH,LOW,17.55,0.08,2.14,0.57,0.23,-1.08,-0.85,1,1,0,0,1,1,-1.155,-0.697,1,-0.46
3IINFOLTD.NS,2026-05-22,14:00,BULLISH,LOW,17.42,0.05,1.24,0.34,0.17,-0.34,-0.11,1,1,0,0,1,1,-0.415,0.044,1,-0.26
3IINFOLTD.NS,2026-05-25,09:15,BULLISH,HIGH,17.6,0.16,4.33,1.08,0.57,-1.14,-0.85,1,1,0,0,1,1,-1.152,0.78,1,-0.62
3IINFOLTD.NS,2026-05-25,12:00,BULLISH,HIGH,17.56,0.11,3.13,0.8,0.63,-0.91,-0.63,1,1,0,0,1,1,-0.926,-0.487,1,-0.44
3IINFOLTD.NS,2026-05-25,14:00,BULLISH,HIGH,17.47,0.06,1.81,0.46,0.46,-0.23,-0.11,1,1,0,0,1,1,-0.414,,0,-0.26
3IINFOLTD.NS,2026-05-26,09:15,NEUTRAL,LOW,17.4,-0.5,0.5,0.0,1.55,-0.57,-0.06,1,1,1,1,1,0,,,0,-0.89
3IINFOLTD.NS,2026-05-26,12:00,NEUTRAL,LOW,17.57,-0.5,0.5,0.0,0.0,-1.54,-1.02,0,1,1,0,1,0,,,0,-0.64
3IINFOLTD.NS,2026-05-26,14:00,NEUTRAL,LOW,17.35,-0.5,0.5,-0.0,0.29,-0.29,0.23,1,1,1,1,1,0,,,0,-0.37
3IINFOLTD.NS,2026-05-27,09:15,BULLISH,MEDIUM,17.41,0.14,3.34,0.86,1.32,-2.93,-0.69,1,1,0,1,1,1,-1.45,-1.45,1,-0.5
3IINFOLTD.NS,2026-05-27,12:00,BULLISH,MEDIUM,17.28,0.1,2.41,0.64,0.06,-0.58,0.06,1,0,0,0,1,1,-0.242,0.119,1,-0.36
3IINFOLTD.NS,2026-05-27,14:00,BULLISH,MEDIUM,17.21,0.06,1.39,0.35,0.46,-0.17,0.46,1,1,0,1,1,1,0.049,,0,-0.21
3IINFOLTD.NS,2026-05-29,09:15,NEUTRAL,HIGH,17.22,-0.5,0.5,0.0,2.09,-1.57,0.87,1,1,1,1,1,0,,,0,-0.0
3IINFOLTD.NS,2026-05-29,12:00,NEUTRAL,HIGH,17.37,-0.5,0.5,-0.0,0.46,-1.5,0.0,1,1,1,1,1,0,,,0,-0.0
3IINFOLTD.NS,2026-05-29,14:00,NEUTRAL,HIGH,17.17,-0.5,0.5,-0.0,1.63,-0.35,1.16,0,1,1,0,1,0,,,0,-0.0
3IINFOLTD.NS,2026-06-01,09:15,BEARISH,LOW,17.01,-2.21,-0.15,-0.65,3.88,0.0,3.47,0,0,0,0,1,0,,,0,-1.6
3IINFOLTD.NS,2026-06-01,12:00,BEARISH,LOW,17.53,-1.6,-0.11,-0.51,0.68,-0.17,0.4,1,1,0,0,1,0,,,0,-1.16
3IINFOLTD.NS,2026-06-01,14:00,BEARISH,LOW,17.52,-0.92,-0.06,-0.29,0.74,-0.11,0.46,1,1,0,0,1,0,,,0,-0.67
3IINFOLTD.NS,2026-06-02,09:15,BEARISH,HIGH,17.6,-4.41,-0.34,-1.48,0.0,-2.44,-1.36,1,1,1,1,1,0,,,0,-3.52
3IINFOLTD.NS,2026-06-02,12:00,BEARISH,HIGH,17.4,-3.19,-0.24,-1.09,0.29,-0.52,-0.23,1,1,0,0,1,0,,,0,-2.54
3IINFOLTD.NS,2026-06-02,14:00,BEARISH,HIGH,17.41,-1.84,-0.14,-0.63,0.11,-0.34,-0.29,1,1,0,0,1,0,,,0,-1.47
3IINFOLTD.NS,2026-06-03,09:15,BEARISH,MEDIUM,17.15,-2.32,-0.18,-0.76,1.87,-0.52,0.58,1,1,0,0,1,0,,,0,-1.75
3IINFOLTD.NS,2026-06-03,12:00,BEARISH,MEDIUM,17.15,-1.68,-0.13,-0.52,0.64,-0.52,0.58,1,1,0,1,1,0,,,0,-1.26
3IINFOLTD.NS,2026-06-03,14:00,BEARISH,MEDIUM,17.2,-0.97,-0.08,-0.29,0.35,-0.17,0.29,1,1,0,0,1,0,,,0,-0.73
3IINFOLTD.NS,2026-06-04,09:15,BULLISH,LOW,17.4,0.1,2.33,0.52,0.0,-1.49,-0.75,0,0,0,0,1,1,-1.46,0.217,1,-0.83
3IINFOLTD.NS,2026-06-04,12:00,BULLISH,LOW,17.33,0.07,1.68,0.35,0.06,-1.1,-0.35,1,0,0,0,1,1,-0.646,0.046,1,-0.6
3IINFOLTD.NS,2026-06-04,14:00,BULLISH,LOW,17.28,0.04,0.97,0.23,0.06,-0.81,-0.06,1,1,0,0,1,1,-0.358,-0.069,1,-0.35
3IINFOLTD.NS,2026-06-05,09:15,NEUTRAL,LOW,17.29,-0.5,0.5,-0.0,0.4,-1.39,-0.87,1,1,1,1,1,0,,,0,-0.77
3IINFOLTD.NS,2026-06-05,12:00,NEUTRAL,LOW,17.09,-0.5,0.5,-0.0,1.58,-0.23,0.29,1,1,1,1,1,0,,,0,-0.56
3IINFOLTD.NS,2026-06-05,14:00,NEUTRAL,LOW,17.11,-0.5,0.5,-0.0,0.64,0.0,0.18,1,1,1,1,1,0,,,0,-0.32
3IINFOLTD.NS,2026-06-08,09:15,BULLISH,LOW,17.0,0.11,2.5,0.65,0.53,-3.18,-2.41,1,1,0,0,1,1,-1.54,0.347,1,-0.62
3IINFOLTD.NS,2026-06-08,12:00,BULLISH,LOW,16.99,0.08,1.81,0.47,0.0,-3.12,-2.35,0,0,0,0,1,1,-1.48,-1.48,1,-0.45
3IINFOLTD.NS,2026-06-08,14:00,BULLISH,LOW,16.89,0.05,1.04,0.3,0.0,-2.55,-1.78,0,0,0,0,1,1,-1.49,-1.49,1,-0.26
3IINFOLTD.NS,2026-06-09,09:15,BULLISH,HIGH,16.97,0.33,4.76,1.65,0.0,-2.65,-1.59,0,0,0,0,1,1,-1.6,-1.6,1,-0.65
3IINFOLTD.NS,2026-06-09,12:00,BULLISH,HIGH,16.8,0.24,3.44,1.19,0.0,-1.19,-0.6,0,0,0,0,1,1,-0.895,-0.426,1,-0.47
3IINFOLTD.NS,2026-06-09,14:00,BULLISH,HIGH,16.7,0.14,1.98,0.72,0.24,-0.54,0.0,1,1,0,0,1,1,-0.3,-0.029,1,-0.27
3IINFOLTD.NS,2026-06-10,09:15,BEARISH,LOW,17.0,-2.86,-0.08,-0.71,0.0,-3.24,-2.94,1,1,1,1,0,0,,,0,-1.67
3IINFOLTD.NS,2026-06-10,12:00,BEARISH,LOW,16.6,-2.07,-0.06,-0.48,0.9,-0.9,-0.6,1,1,0,1,1,0,,,0,-1.21
3IINFOLTD.NS,2026-06-10,14:00,BEARISH,LOW,16.57,-1.19,-0.04,-0.3,0.54,-0.42,-0.42,1,1,0,1,1,0,,,0,-0.7
3IINFOLTD.NS,2026-06-11,09:15,BULLISH,HIGH,17.0,0.22,4.46,1.47,1.76,-1.29,0.06,1,1,0,1,1,1,1.171,1.171,1,-0.58
3IINFOLTD.NS,2026-06-11,12:00,BULLISH,HIGH,17.0,0.16,3.22,1.06,0.88,-1.29,0.06,1,1,0,0,1,1,-0.241,0.181,1,-0.42
3IINFOLTD.NS,2026-06-11,14:00,BULLISH,HIGH,16.95,0.09,1.86,0.59,0.83,-1.0,0.35,1,1,0,1,1,1,0.29,0.29,1,-0.24
3IINFOLTD.NS,2026-06-12,09:15,BEARISH,LOW,17.39,-2.99,-0.11,-0.86,0.0,-2.24,-0.58,1,1,1,1,1,0,,,0,-2.06
3IINFOLTD.NS,2026-06-12,12:00,BEARISH,LOW,17.07,-2.16,-0.08,-0.64,1.29,-0.41,1.29,1,1,0,0,1,0,,,0,-1.49
3IINFOLTD.NS,2026-06-12,14:00,BEARISH,LOW,17.2,-1.25,-0.04,-0.35,0.52,-0.52,0.52,1,1,0,1,1,0,,,0,-0.86
3IINFOLTD.NS,2026-06-15,09:15,BEARISH,LOW,17.56,-2.92,-0.1,-0.8,4.21,-0.34,1.48,1,1,0,0,1,0,,,0,-1.89
3IINFOLTD.NS,2026-06-15,12:00,BEARISH,LOW,17.87,-2.11,-0.07,-0.56,0.9,-0.9,-0.28,1,1,0,1,1,0,,,0,-1.37
3IINFOLTD.NS,2026-06-15,14:00,BEARISH,LOW,17.86,-1.22,-0.04,-0.34,0.45,-0.84,-0.22,1,1,1,1,1,0,,,0,-0.79
3IINFOLTD.NS,2026-06-16,09:15,BEARISH,LOW,18.1,-4.66,-0.13,-1.16,0.0,-3.31,-2.65,1,1,1,1,1,0,,,0,-2.74
3IINFOLTD.NS,2026-06-16,12:00,BEARISH,LOW,17.65,-3.37,-0.1,-0.85,0.51,-0.85,-0.17,1,1,0,1,1,0,,,0,-1.98
3IINFOLTD.NS,2026-06-16,14:00,BEARISH,LOW,17.69,-1.94,-0.06,-0.45,0.06,-1.07,-0.4,1,1,1,1,1,0,,,0,-1.14
3IINFOLTD.NS,2026-06-17,09:15,BULLISH,MEDIUM,17.5,0.13,3.04,0.8,1.37,-0.86,-0.29,1,1,0,1,1,1,0.5,,0,-0.94
3IINFOLTD.NS,2026-06-17,12:00,BULLISH,MEDIUM,17.66,0.09,2.19,0.57,0.0,-1.47,-1.19,0,0,0,0,1,1,-1.67,-0.813,1,-0.68
3IINFOLTD.NS,2026-06-17,14:00,BULLISH,MEDIUM,17.45,0.05,1.27,0.34,0.34,-0.23,0.0,1,1,0,1,1,1,0.044,,0,-0.39
3IINFOLTD.NS,2026-06-18,09:15,BULLISH,MEDIUM,17.69,0.13,3.09,0.9,0.0,-2.37,-2.15,0,0,0,0,1,1,-1.67,0.604,1,-0.9
3IINFOLTD.NS,2026-06-18,12:00,BULLISH,MEDIUM,17.4,0.09,2.23,0.63,0.34,-0.75,-0.52,1,1,0,0,1,1,-0.817,0.332,1,-0.65
3IINFOLTD.NS,2026-06-18,14:00,BULLISH,MEDIUM,17.35,0.05,1.29,0.35,0.46,-0.46,-0.23,1,1,0,1,1,1,0.046,0.046,1,-0.38
3IINFOLTD.NS,2026-06-19,09:15,BULLISH,MEDIUM,17.7,0.11,2.29,0.62,0.0,-2.49,-2.15,0,0,0,0,1,1,-1.61,-1.61,1,-0.55
3IINFOLTD.NS,2026-06-19,12:00,BULLISH,MEDIUM,17.46,0.08,1.66,0.46,0.23,-1.15,-0.8,1,1,0,0,1,1,-1.102,-0.703,1,-0.4
3IINFOLTD.NS,2026-06-19,14:00,BULLISH,MEDIUM,17.35,0.04,0.96,0.23,0.29,-0.29,-0.17,1,1,0,1,1,1,-0.069,-0.069,1,-0.23
3IINFOLTD.NS,2026-06-22,09:15,BULLISH,MEDIUM,17.65,0.1,2.69,0.62,1.13,-1.59,-0.79,1,1,0,1,1,1,-1.62,-0.162,1,-0.93
3IINFOLTD.NS,2026-06-22,12:00,BULLISH,MEDIUM,17.65,0.07,1.94,0.45,0.0,-1.59,-0.79,0,0,0,0,1,1,-1.61,0.153,1,-0.67
3IINFOLTD.NS,2026-06-22,14:00,BULLISH,MEDIUM,17.58,0.04,1.12,0.23,0.06,-1.19,-0.4,1,1,0,0,1,1,-0.698,-0.072,1,-0.39
3IINFOLTD.NS,2026-06-23,09:15,BEARISH,LOW,17.54,-2.99,-0.08,-0.63,0.0,-2.68,-0.8,1,1,1,1,1,0,,,0,-1.48
3IINFOLTD.NS,2026-06-23,12:00,BEARISH,LOW,17.15,-2.16,-0.06,-0.47,1.69,-0.47,1.46,1,1,0,1,1,0,,,0,-1.07
3IINFOLTD.NS,2026-06-23,14:00,BEARISH,LOW,17.2,-1.25,-0.03,-0.23,1.4,-0.35,1.16,1,1,0,1,1,0,,,0,-0.62
3IINFOLTD.NS,2026-06-24,09:15,BULLISH,HIGH,17.11,0.15,3.5,0.99,2.16,-0.06,0.53,1,1,1,1,1,1,0.694,,0,-0.75
3IINFOLTD.NS,2026-06-24,12:00,BULLISH,HIGH,17.34,0.11,2.53,0.69,0.0,-1.21,-0.81,0,0,0,0,1,1,-1.107,-0.569,1,-0.54
3IINFOLTD.NS,2026-06-24,14:00,BULLISH,HIGH,17.15,0.06,1.46,0.41,0.93,-0.12,0.29,1,1,1,1,1,1,0.108,,0,-0.31
3IINFOLTD.NS,2026-06-25,09:15,BULLISH,HIGH,17.5,0.13,3.07,0.86,0.0,-2.11,-1.2,0,0,0,0,1,1,-1.62,-1.62,1,-0.59
3IINFOLTD.NS,2026-06-25,12:00,BULLISH,HIGH,17.39,0.1,2.22,0.63,0.0,-1.04,-0.58,0,0,0,0,1,1,-0.875,-0.446,1,-0.43
3IINFOLTD.NS,2026-06-25,14:00,BULLISH,HIGH,17.26,0.06,1.28,0.35,0.7,-0.23,0.17,1,1,1,1,1,1,0.048,,0,-0.25
3IINFOLTD.NS,2026-06-29,09:15,NEUTRAL,HIGH,17.21,-0.5,0.5,0.0,1.69,-0.52,-0.17,1,1,1,1,1,0,,,0,-0.15
3IINFOLTD.NS,2026-06-29,12:00,NEUTRAL,HIGH,17.21,-0.5,0.5,0.0,0.58,-0.52,-0.17,1,1,1,1,1,0,,,0,-0.11
3IINFOLTD.NS,2026-06-29,14:00,NEUTRAL,HIGH,17.17,-0.5,0.5,-0.0,0.76,-0.17,0.06,1,1,1,1,1,0,,,0,-0.06
3IINFOLTD.NS,2026-06-30,09:15,BULLISH,HIGH,17.2,0.13,2.86,0.81,1.28,-0.47,-0.41,1,1,0,1,1,1,0.514,,0,-0.48
3IINFOLTD.NS,2026-06-30,12:00,BULLISH,HIGH,17.2,0.09,2.06,0.58,0.58,-0.47,-0.41,1,1,0,0,1,1,-0.707,0.281,1,-0.35
3IINFOLTD.NS,2026-06-30,14:00,BULLISH,HIGH,17.18,0.05,1.19,0.35,0.7,-0.35,-0.29,1,1,1,1,1,1,0.049,0.049,1,-0.2
3IINFOLTD.NS,2026-07-01,09:15,BULLISH,HIGH,17.2,0.12,2.57,0.7,1.05,-0.41,-0.29,1,1,0,1,1,1,0.398,,0,-0.52
3IINFOLTD.NS,2026-07-01,12:00,BULLISH,HIGH,17.25,0.08,1.86,0.52,0.29,-0.7,-0.58,1,1,0,0,1,1,-0.88,0.222,1,-0.38
3IINFOLTD.NS,2026-07-01,14:00,BULLISH,HIGH,17.29,0.05,1.07,0.29,0.0,-0.93,-0.81,0,0,0,0,1,1,-1.11,-0.891,1,-0.22
3IINFOLTD.NS,2026-07-02,09:15,BULLISH,LOW,17.0,0.06,1.71,0.41,5.0,0.0,2.06,1,1,1,1,0,1,0.112,,0,-0.38
3IINFOLTD.NS,2026-07-02,12:00,BULLISH,LOW,17.35,0.04,1.24,0.29,0.92,-1.1,0.0,1,1,1,1,1,1,-0.012,-0.012,1,-0.27
3IINFOLTD.NS,2026-07-02,14:00,BULLISH,LOW,17.42,0.02,0.72,0.17,0.52,-0.52,-0.4,1,1,1,1,1,1,-0.128,-0.128,1,-0.16
3IINFOLTD.NS,2026-07-03,09:15,BEARISH,MEDIUM,17.75,-3.6,-0.14,-1.01,0.51,-2.08,-0.34,1,1,1,1,1,0,,,0,-2.43
3IINFOLTD.NS,2026-07-03,12:00,BEARISH,MEDIUM,17.58,-2.6,-0.1,-0.74,1.48,-0.97,0.63,1,1,0,1,1,0,,,0,-1.76
3IINFOLTD.NS,2026-07-03,14:00,BEARISH,MEDIUM,17.66,-1.5,-0.06,-0.45,1.02,-0.34,0.17,1,1,0,0,1,0,,,0,-1.02
3IINFOLTD.NS,2026-07-06,09:15,BEARISH,MEDIUM,17.85,-3.89,-0.12,-0.95,0.22,-2.69,-1.51,1,1,1,1,1,0,,,0,-2.26
3IINFOLTD.NS,2026-07-06,12:00,BEARISH,MEDIUM,17.65,-2.81,-0.09,-0.68,0.17,-0.85,-0.4,1,1,0,1,1,0,,,0,-1.63
3IINFOLTD.NS,2026-07-06,14:00,BEARISH,MEDIUM,17.67,-1.62,-0.05,-0.4,0.0,-0.62,-0.51,1,1,0,1,1,0,,,0,-0.94
3IINFOLTD.NS,2026-07-07,09:15,BULLISH,MEDIUM,17.57,0.1,2.33,0.68,0.17,-1.48,-0.11,1,1,0,0,1,1,-1.45,0.383,1,-0.71
3IINFOLTD.NS,2026-07-07,12:00,BULLISH,MEDIUM,17.43,0.07,1.68,0.52,0.98,-0.23,0.69,1,1,1,1,1,1,0.216,,0,-0.51
3IINFOLTD.NS,2026-07-07,14:00,BULLISH,MEDIUM,17.47,0.04,0.97,0.29,0.74,-0.34,0.46,1,1,1,1,1,1,-0.014,-0.014,1,-0.3
3IINFOLTD.NS,2026-07-08,09:15,BULLISH,MEDIUM,17.92,0.08,1.9,0.5,4.35,-0.67,0.45,1,1,1,1,0,1,0.202,0.202,1,-0.56
3IINFOLTD.NS,2026-07-08,12:00,BULLISH,MEDIUM,18.3,0.06,1.37,0.38,2.19,-2.19,-1.64,1,1,1,1,0,1,-1.4,-1.4,1,-0.4
3IINFOLTD.NS,2026-07-08,14:00,BULLISH,MEDIUM,18.41,0.03,0.79,0.22,0.05,-2.77,-2.23,1,1,0,0,1,1,-1.39,-0.083,1,-0.23
3IINFOLTD.NS,2026-07-09,09:15,BEARISH,MEDIUM,18.49,-5.55,-0.29,-1.84,0.0,-2.11,-1.3,1,1,0,1,1,0,,,0,-4.39
3IINFOLTD.NS,2026-07-09,12:00,BEARISH,MEDIUM,18.26,-4.01,-0.21,-1.31,0.66,-0.77,-0.05,1,1,0,0,1,0,,,0,-3.17
3IINFOLTD.NS,2026-07-09,14:00,BEARISH,MEDIUM,18.17,-2.32,-0.12,-0.77,0.94,-0.06,0.44,1,0,0,0,1,0,,,0,-1.83
3IINFOLTD.NS,2026-07-10,09:15,BEARISH,MEDIUM,18.47,-3.32,-0.11,-0.81,5.68,-1.41,1.89,1,1,0,1,1,0,,,0,-1.93
3IINFOLTD.NS,2026-07-10,12:00,BEARISH,MEDIUM,18.29,-2.4,-0.08,-0.6,6.72,0.0,2.9,0,0,0,0,1,0,,,0,-1.4
3IINFOLTD.NS,2026-07-10,14:00,BEARISH,MEDIUM,18.61,-1.39,-0.05,-0.32,1.13,-0.32,1.13,1,1,0,1,1,0,,,0,-0.81
3IINFOLTD.NS,2026-07-13,09:15,BEARISH,MEDIUM,18.51,-5.83,-0.23,-1.57,2.05,0.0,0.92,0,0,0,0,1,0,,,0,-3.72
3IINFOLTD.NS,2026-07-13,12:00,BEARISH,MEDIUM,18.74,-4.21,-0.17,-1.12,0.64,-0.37,-0.32,1,1,0,0,1,0,,,0,-2.69
3IINFOLTD.NS,2026-07-13,14:00,BEARISH,MEDIUM,18.78,-2.43,-0.1,-0.64,0.16,-0.59,-0.53,1,1,0,0,1,0,,,0,-1.55
3IINFOLTD.NS,2026-07-14,09:15,BULLISH,MEDIUM,18.65,0.1,2.39,0.59,0.97,-2.84,-2.04,1,1,0,1,1,1,-1.54,0.29,1,-0.83
3IINFOLTD.NS,2026-07-14,12:00,BULLISH,MEDIUM,18.39,0.07,1.73,0.44,0.05,-1.47,-0.65,1,0,0,0,1,1,-1.56,0.135,1,-0.6
3IINFOLTD.NS,2026-07-14,14:00,BULLISH,MEDIUM,18.13,0.04,1.0,0.22,1.27,0.0,0.77,1,1,1,1,0,1,-0.079,,0,-0.35
3IINFOLTD.NS,2026-07-15,09:15,BULLISH,MEDIUM,18.26,0.13,3.31,0.99,0.99,-1.26,-0.93,1,1,0,1,1,1,0.686,0.686,1,-0.93
3IINFOLTD.NS,2026-07-15,12:00,BULLISH,MEDIUM,18.06,0.1,2.39,0.72,0.55,-0.17,0.17,1,1,0,0,1,1,-0.134,,0,-0.67
3IINFOLTD.NS,2026-07-15,14:00,BULLISH,MEDIUM,18.11,0.06,1.38,0.44,0.28,-0.44,-0.11,1,1,0,0,1,1,-0.41,0.142,1,-0.39
3IINFOLTD.NS,2026-07-16,09:15,BULLISH,HIGH,18.11,0.13,3.0,0.83,1.55,-0.55,0.5,1,1,0,1,1,1,0.528,,0,-0.61
3IINFOLTD.NS,2026-07-16,12:00,BULLISH,HIGH,18.3,0.09,2.17,0.6,0.16,-1.31,-0.55,1,1,0,0,1,1,-1.56,0.301,1,-0.44
3IINFOLTD.NS,2026-07-16,14:00,BULLISH,HIGH,18.2,0.05,1.25,0.33,0.0,-0.77,0.0,0,0,0,0,1,1,-0.3,-0.049,1,-0.25
3IINFOLTD.NS,2026-07-17,09:15,BULLISH,LOW,18.15,0.06,1.73,0.39,2.15,-0.44,0.88,1,1,1,1,0,1,0.086,,0,-0.91
3IINFOLTD.NS,2026-07-17,12:00,BULLISH,LOW,18.29,0.04,1.25,0.27,0.55,-0.49,0.11,1,1,0,1,1,1,-0.027,,0,-0.65
3IINFOLTD.NS,2026-07-17,14:00,BULLISH,LOW,18.27,0.03,0.72,0.16,0.66,-0.38,0.22,1,1,1,1,1,1,-0.136,-0.136,1,-0.38
3IINFOLTD.NS,2026-07-20,09:15,BEARISH,LOW,18.65,-2.5,-0.07,-0.64,1.55,-1.72,0.54,1,1,1,1,1,0,,,0,-1.49
3IINFOLTD.NS,2026-07-20,12:00,BEARISH,LOW,18.6,-1.8,-0.05,-0.43,1.83,-0.43,0.81,1,1,0,0,1,0,,,0,-1.07
3IINFOLTD.NS,2026-07-20,14:00,BEARISH,LOW,18.8,-1.04,-0.03,-0.27,0.74,-0.32,-0.27,1,1,0,1,1,0,,,0,-0.62
3IINFOLTD.NS,2026-07-21,09:15,BEARISH,MEDIUM,18.86,-3.68,-0.12,-1.01,1.27,-1.75,0.69,1,1,0,1,1,0,,,0,-2.46
3IINFOLTD.NS,2026-07-21,12:00,BEARISH,MEDIUM,18.65,-2.66,-0.09,-0.75,2.41,-0.43,1.82,1,1,0,0,1,0,,,0,-1.78
3MINDIA.NS,2026-04-29,09:15,BULLISH,MEDIUM,33600.0,0.14,2.79,0.77,0.6,-2.62,-1.28,1,1,0,0,1,1,-1.55,-1.55,1,-0.78
3MINDIA.NS,2026-04-29,12:00,BULLISH,MEDIUM,32895.0,0.1,2.01,0.56,1.58,-0.53,0.84,1,1,1,1,1,1,0.258,,0,-0.56
3MINDIA.NS,2026-04-29,14:00,BULLISH,MEDIUM,32730.0,0.06,1.16,0.32,1.57,-0.03,1.34,1,1,1,1,0,1,0.022,,0,-0.33
3MINDIA.NS,2026-04-30,09:15,BULLISH,LOW,33125.0,0.1,3.21,0.81,1.1,-1.07,0.38,1,1,0,1,1,1,0.512,0.512,1,-0.97
3MINDIA.NS,2026-04-30,12:00,BULLISH,LOW,32985.0,0.07,2.32,0.59,1.53,0.0,0.8,1,1,1,1,1,1,0.287,,0,-0.7
3MINDIA.NS,2026-04-30,14:00,BULLISH,LOW,33260.0,0.04,1.34,0.34,0.69,-0.44,-0.03,1,1,1,1,1,1,0.039,0.039,1,-0.4
3MINDIA.NS,2026-05-04,09:15,BEARISH,MEDIUM,33300.0,-2.27,-0.08,-0.65,1.01,-1.37,-0.62,1,1,1,1,1,0,,,0,-1.56
3MINDIA.NS,2026-05-04,12:00,BEARISH,MEDIUM,33220.0,-1.64,-0.06,-0.47,0.08,-1.13,-0.38,1,1,1,1,1,0,,,0,-1.13
3MINDIA.NS,2026-05-04,14:00,BEARISH,MEDIUM,32930.0,-0.95,-0.03,-0.27,0.73,-0.08,0.5,1,1,0,0,1,0,,,0,-0.65
3MINDIA.NS,2026-05-05,09:15,BULLISH,MEDIUM,32915.0,0.08,2.54,0.53,0.56,-1.63,-1.41,1,1,0,1,1,1,-1.51,-1.048,1,-0.67
3MINDIA.NS,2026-05-05,12:00,BULLISH,MEDIUM,32405.0,0.06,1.84,0.38,0.71,-0.08,0.14,1,1,0,1,1,1,0.081,,0,-0.49
3MINDIA.NS,2026-05-05,14:00,BULLISH,MEDIUM,32465.0,0.03,1.06,0.22,0.03,-0.26,-0.05,1,1,0,0,1,1,-0.346,,0,-0.28
3MINDIA.NS,2026-05-06,09:15,BULLISH,MEDIUM,32505.0,0.11,3.48,0.85,0.66,-1.55,0.17,1,1,0,0,1,1,-1.52,0.549,1,-0.74
3MINDIA.NS,2026-05-06,12:00,BULLISH,MEDIUM,32095.0,0.08,2.51,0.61,1.57,-0.09,1.45,1,1,1,1,1,1,0.313,,0,-0.53
3MINDIA.NS,2026-05-06,14:00,BULLISH,MEDIUM,32445.0,0.05,1.45,0.35,0.48,-0.4,0.35,1,1,0,1,1,1,0.054,0.054,1,-0.31
3MINDIA.NS,2026-05-07,09:15,BEARISH,LOW,32525.0,-2.11,-0.06,-0.54,1.34,-0.25,0.4,1,1,0,0,1,0,,,0,-1.28
3MINDIA.NS,2026-05-07,12:00,BEARISH,LOW,32655.0,-1.52,-0.05,-0.39,0.93,-0.4,0.0,1,1,0,1,1,0,,,0,-0.92
3MINDIA.NS,2026-05-07,14:00,BEARISH,LOW,32725.0,-0.88,-0.03,-0.22,0.34,-0.53,-0.21,1,1,1,1,1,0,,,0,-0.53
3MINDIA.NS,2026-05-08,09:15,BEARISH,LOW,32695.0,-1.41,-0.06,-0.43,0.0,-2.11,-2.1,1,1,1,1,0,0,,,0,-1.02
3MINDIA.NS,2026-05-08,12:00,BEARISH,LOW,32285.0,-1.02,-0.04,-0.31,0.0,-0.87,-0.85,1,1,1,1,1,0,,,0,-0.74
3MINDIA.NS,2026-05-08,14:00,BEARISH,LOW,32090.0,-0.59,-0.03,-0.18,0.19,-0.26,-0.25,1,1,0,1,1,0,,,0,-0.43
3MINDIA.NS,2026-05-11,09:15,BULLISH,HIGH,32035.0,0.13,3.31,0.85,0.52,-2.14,-1.05,1,1,0,0,1,1,-1.45,-1.45,1,-0.74
3MINDIA.NS,2026-05-11,12:00,BULLISH,HIGH,31975.0,0.09,2.39,0.62,0.7,-1.02,-0.86,1,1,0,1,1,1,0.317,0.317,1,-0.53
3MINDIA.NS,2026-05-11,14:00,BULLISH,HIGH,32075.0,0.05,1.38,0.36,0.0,-1.33,-1.17,0,0,0,0,1,1,-1.45,-1.162,1,-0.31
3MINDIA.NS,2026-05-12,09:15,BULLISH,MEDIUM,31525.0,0.16,3.3,0.93,0.56,-1.79,-1.62,1,1,0,0,1,1,-1.46,-1.224,1,-0.7
3MINDIA.NS,2026-05-12,12:00,BULLISH,MEDIUM,31480.0,0.12,2.39,0.67,0.16,-1.65,-1.48,1,1,0,0,1,1,-1.46,-1.282,1,-0.5
3MINDIA.NS,2026-05-12,14:00,BULLISH,MEDIUM,31180.0,0.07,1.38,0.39,0.02,-0.71,-0.53,1,0,0,0,1,1,-0.829,-0.54,1,-0.29
3MINDIA.NS,2026-05-13,09:15,BULLISH,HIGH,31030.0,0.15,3.22,0.89,2.9,-0.16,0.02,1,1,1,1,1,1,0.586,,0,-0.58
3MINDIA.NS,2026-05-13,12:00,BULLISH,HIGH,31190.0,0.11,2.32,0.64,0.43,-0.61,-0.5,1,1,0,0,1,1,-0.797,-0.377,1,-0.42
3MINDIA.NS,2026-05-13,14:00,BULLISH,HIGH,31175.0,0.06,1.34,0.37,0.48,-0.56,-0.45,1,1,0,1,1,1,0.07,-0.51,1,-0.24
3MINDIA.NS,2026-05-14,09:15,NEUTRAL,LOW,31225.0,-0.5,0.5,0.0,0.43,-1.2,0.06,1,1,1,1,1,0,,,0,-0.87
3MINDIA.NS,2026-05-14,12:00,NEUTRAL,LOW,31180.0,-0.5,0.5,0.0,0.37,-0.13,0.21,1,1,1,1,1,0,,,0,-0.63
3MINDIA.NS,2026-05-14,14:00,NEUTRAL,LOW,31215.0,-0.5,0.5,0.0,0.26,-0.19,0.1,1,1,1,1,1,0,,,0,-0.36
3MINDIA.NS,2026-05-15,09:15,NEUTRAL,LOW,31415.0,-0.5,0.5,0.0,0.57,-0.94,-0.43,1,1,1,1,1,0,,,0,-0.92
3MINDIA.NS,2026-05-15,12:00,NEUTRAL,LOW,31350.0,-0.5,0.5,0.0,0.1,-0.64,-0.22,1,1,1,1,1,0,,,0,-0.66
3MINDIA.NS,2026-05-15,14:00,NEUTRAL,LOW,31300.0,-0.5,0.5,0.0,0.19,-0.27,-0.06,1,1,1,1,1,0,,,0,-0.38
3MINDIA.NS,2026-05-18,09:15,NEUTRAL,LOW,31090.0,-0.5,0.5,0.0,2.27,-2.61,2.01,0,1,1,0,1,0,,,0,-0.93
3MINDIA.NS,2026-05-18,12:00,NEUTRAL,LOW,31165.0,-0.5,0.5,0.0,2.02,0.0,1.76,0,1,1,0,1,0,,,0,-0.67
3MINDIA.NS,2026-05-18,14:00,NEUTRAL,LOW,31410.0,-0.5,0.5,0.0,1.23,-0.06,0.97,0,1,1,0,1,0,,,0,-0.39
3MINDIA.NS,2026-05-19,09:15,BEARISH,HIGH,31600.0,-4.51,-0.43,-1.53,2.14,0.0,0.78,0,0,0,0,1,0,,,0,-3.64
3MINDIA.NS,2026-05-19,12:00,BEARISH,HIGH,31925.0,-3.26,-0.31,-1.1,0.23,-0.86,-0.25,1,1,0,0,1,0,,,0,-2.63
3MINDIA.NS,2026-05-19,14:00,BEARISH,HIGH,31815.0,-1.88,-0.18,-0.64,0.39,-0.52,0.09,1,1,0,0,1,0,,,0,-1.52
3MINDIA.NS,2026-05-20,09:15,BEARISH,LOW,31620.0,-2.37,-0.08,-0.62,0.16,-1.55,-1.49,1,1,1,1,1,0,,,0,-1.49
3MINDIA.NS,2026-05-20,12:00,BEARISH,LOW,31290.0,-1.71,-0.06,-0.45,0.02,-0.51,-0.45,1,1,0,1,1,0,,,0,-1.07
3MINDIA.NS,2026-05-20,14:00,BEARISH,LOW,31170.0,-0.99,-0.03,-0.26,0.27,-0.06,-0.06,1,1,0,0,1,0,,,0,-0.62
3MINDIA.NS,2026-05-21,09:15,BULLISH,HIGH,31420.0,0.12,3.04,0.78,3.61,-1.97,2.16,1,1,1,1,0,1,-1.44,-1.44,1,-0.6
3MINDIA.NS,2026-05-21,12:00,BULLISH,HIGH,30925.0,0.09,2.2,0.57,5.27,-0.24,3.8,1,1,1,1,0,1,0.265,,0,-0.43
3MINDIA.NS,2026-05-21,14:00,BULLISH,HIGH,31780.0,0.05,1.27,0.33,2.44,-0.52,1.01,1,1,1,1,0,1,0.026,0.026,1,-0.25
3MINDIA.NS,2026-05-22,09:15,BEARISH,MEDIUM,32700.0,-4.5,-0.13,-1.22,4.74,-0.92,1.27,1,1,0,0,1,0,,,0,-2.91
3MINDIA.NS,2026-05-22,12:00,BEARISH,MEDIUM,32825.0,-3.25,-0.1,-0.88,4.34,-1.29,0.88,1,1,0,1,1,0,,,0,-2.1
3MINDIA.NS,2026-05-22,14:00,BEARISH,MEDIUM,32845.0,-1.88,-0.06,-0.51,4.28,-1.35,0.82,1,1,1,1,1,0,,,0,-1.21
3MINDIA.NS,2026-05-25,09:15,BEARISH,LOW,33785.0,-5.85,-0.14,-1.66,1.52,-1.61,-0.44,1,1,0,0,1,0,,,0,-3.96
3MINDIA.NS,2026-05-25,12:00,BEARISH,LOW,33765.0,-4.22,-0.1,-1.2,0.13,-0.8,-0.39,1,1,0,0,1,0,,,0,-2.86
3MINDIA.NS,2026-05-25,14:00,BEARISH,LOW,33650.0,-2.44,-0.06,-0.69,0.13,-0.46,-0.04,1,1,0,0,1,0,,,0,-1.65
3MINDIA.NS,2026-05-26,09:15,BEARISH,LOW,34060.0,-4.22,-0.11,-0.87,0.0,-2.82,-2.76,1,1,1,1,1,0,,,0,-2.08
3MINDIA.NS,2026-05-26,12:00,BEARISH,LOW,33340.0,-3.05,-0.08,-0.63,0.54,-0.72,-0.66,1,1,0,1,1,0,,,0,-1.5
3MINDIA.NS,2026-05-26,14:00,BEARISH,LOW,33200.0,-1.76,-0.05,-0.36,0.24,-0.3,-0.24,1,1,0,0,1,0,,,0,-0.87
3MINDIA.NS,2026-05-27,09:15,BULLISH,HIGH,33435.0,0.19,3.86,1.23,0.49,-0.7,-0.48,1,1,0,0,1,1,-0.779,,0,-0.77
3MINDIA.NS,2026-05-27,12:00,BULLISH,HIGH,33310.0,0.14,2.79,0.89,0.39,-0.33,-0.11,1,1,0,0,1,1,-0.405,,0,-0.56
3MINDIA.NS,2026-05-27,14:00,BULLISH,HIGH,33330.0,0.08,1.61,0.51,0.32,-0.17,-0.17,1,1,0,0,1,1,-0.465,,0,-0.32
3MINDIA.NS,2026-05-29,09:15,NEUTRAL,HIGH,33345.0,-0.5,0.5,0.0,0.39,-1.63,-1.59,0,1,1,0,1,0,,,0,-0.01
3MINDIA.NS,2026-05-29,12:00,NEUTRAL,HIGH,33010.0,-0.5,0.5,0.0,0.35,-0.64,-0.59,1,1,1,1,1,0,,,0,-0.01
3MINDIA.NS,2026-05-29,14:00,NEUTRAL,HIGH,32900.0,-0.5,0.5,0.0,0.68,-0.3,-0.26,1,1,1,1,1,0,,,0,-0.01
3MINDIA.NS,2026-06-01,09:15,BULLISH,HIGH,33090.0,0.15,4.5,1.18,0.32,-2.04,-1.75,1,1,0,0,1,1,-1.49,-1.49,1,-0.8
3MINDIA.NS,2026-06-01,12:00,BULLISH,HIGH,32570.0,0.11,3.25,0.85,0.69,-0.48,-0.18,1,1,0,0,1,1,-0.484,,0,-0.58
3MINDIA.NS,2026-06-01,14:00,BULLISH,HIGH,32515.0,0.06,1.88,0.49,0.86,-0.31,-0.02,1,1,0,1,1,1,0.193,,0,-0.33
3MINDIA.NS,2026-06-02,09:15,BULLISH,HIGH,32400.0,0.12,3.11,0.83,1.39,0.0,0.76,1,1,0,1,1,1,0.525,,0,-0.75
3MINDIA.NS,2026-06-02,12:00,BULLISH,HIGH,32620.0,0.09,2.25,0.6,0.55,-0.06,0.08,1,1,0,0,1,1,-0.223,,0,-0.54
3MINDIA.NS,2026-06-02,14:00,BULLISH,HIGH,32740.0,0.05,1.3,0.34,0.0,-0.43,-0.29,0,0,0,0,1,1,-0.59,-0.28,1,-0.31
3MINDIA.NS,2026-06-03,09:15,NEUTRAL,LOW,32520.0,-0.5,0.5,0.0,0.55,-0.95,-0.06,1,1,1,1,1,0,,,0,-0.93
3MINDIA.NS,2026-06-03,12:00,NEUTRAL,LOW,32240.0,-0.5,0.5,0.0,0.93,-0.06,0.81,1,1,1,1,1,0,,,0,-0.67
3MINDIA.NS,2026-06-03,14:00,NEUTRAL,LOW,32340.0,-0.5,0.5,0.0,0.62,-0.17,0.49,1,1,1,1,1,0,,,0,-0.39
3MINDIA.NS,2026-06-04,09:15,BULLISH,MEDIUM,32605.0,0.1,2.42,0.67,0.61,-1.18,-1.18,1,1,0,0,1,1,-1.39,-0.884,1,-0.6
3MINDIA.NS,2026-06-04,12:00,BULLISH,MEDIUM,32500.0,0.08,1.75,0.49,0.14,-0.86,-0.86,1,1,0,0,1,1,-1.162,-0.733,1,-0.43
3MINDIA.NS,2026-06-04,14:00,BULLISH,MEDIUM,32365.0,0.04,1.01,0.28,0.19,-0.45,-0.45,1,1,0,0,1,1,-0.748,-0.019,1,-0.25
3MINDIA.NS,2026-06-05,09:15,BULLISH,MEDIUM,32495.0,0.12,2.52,0.77,0.0,-2.08,-1.57,0,0,0,0,1,1,-1.39,-1.39,1,-0.64
3MINDIA.NS,2026-06-05,12:00,BULLISH,MEDIUM,32205.0,0.09,1.82,0.55,0.03,-1.2,-0.68,1,0,0,0,1,1,-1.39,-0.524,1,-0.46
3MINDIA.NS,2026-06-05,14:00,BULLISH,MEDIUM,31915.0,0.05,1.05,0.32,0.53,-0.14,0.22,1,1,0,1,1,1,0.02,,0,-0.26
3MINDIA.NS,2026-06-08,09:15,BULLISH,MEDIUM,31690.0,0.11,2.53,0.77,0.88,-0.58,-0.41,1,1,0,1,1,1,0.472,-0.139,1,-0.57
3MINDIA.NS,2026-06-08,12:00,BULLISH,MEDIUM,31695.0,0.08,1.83,0.56,0.65,-0.6,-0.43,1,1,0,1,1,1,0.257,-0.316,1,-0.41
3MINDIA.NS,2026-06-08,14:00,BULLISH,MEDIUM,31710.0,0.05,1.06,0.32,0.22,-0.65,-0.47,1,1,0,0,1,1,-0.773,0.022,1,-0.24
3MINDIA.NS,2026-06-09,09:15,BULLISH,MEDIUM,31925.0,0.11,2.69,0.79,0.53,-0.92,-0.42,1,1,0,0,1,1,-0.723,0.493,1,-0.53
3MINDIA.NS,2026-06-09,12:00,BULLISH,MEDIUM,31700.0,0.08,1.95,0.57,0.6,-0.19,0.28,1,1,0,1,1,1,0.273,,0,-0.38
3MINDIA.NS,2026-06-09,14:00,BULLISH,MEDIUM,31700.0,0.05,1.12,0.33,0.38,-0.19,0.28,1,1,0,1,1,1,0.031,,0,-0.22
3MINDIA.NS,2026-06-10,09:15,NEUTRAL,LOW,31850.0,-0.5,0.5,0.0,0.44,-1.0,-0.8,1,1,1,1,1,0,,,0,-1.0
3MINDIA.NS,2026-06-10,12:00,NEUTRAL,LOW,31970.0,-0.5,0.5,0.0,0.0,-1.38,-1.17,0,1,1,0,1,0,,,0,-0.72
3MINDIA.NS,2026-06-10,14:00,NEUTRAL,LOW,31645.0,-0.5,0.5,0.0,0.21,-0.36,-0.16,1,1,1,1,1,0,,,0,-0.42
3MINDIA.NS,2026-06-11,09:15,BULLISH,MEDIUM,31770.0,0.09,2.38,0.63,0.6,-1.94,-1.84,1,1,0,0,1,1,-1.31,0.333,1,-0.41
3MINDIA.NS,2026-06-11,12:00,BULLISH,MEDIUM,31510.0,0.07,1.72,0.46,0.08,-1.13,-1.03,1,1,0,0,1,1,-1.31,-1.044,1,-0.29
3MINDIA.NS,2026-06-11,14:00,BULLISH,MEDIUM,31290.0,0.04,0.99,0.26,0.16,-0.43,-0.34,1,1,0,0,1,1,-0.636,-0.036,1,-0.17
3MINDIA.NS,2026-06-12,09:15,BULLISH,MEDIUM,31550.0,0.14,2.83,0.89,0.46,-0.94,-0.11,1,1,0,0,1,1,-0.411,0.587,1,-0.47
3MINDIA.NS,2026-06-12,12:00,BULLISH,MEDIUM,31445.0,0.1,2.05,0.64,0.45,-0.6,0.22,1,1,0,0,1,1,-0.077,0.34,1,-0.34
3MINDIA.NS,2026-06-12,14:00,BULLISH,MEDIUM,31375.0,0.06,1.18,0.37,0.67,0.0,0.45,1,1,1,1,1,1,0.07,,0,-0.2
3MINDIA.NS,2026-06-15,09:15,NEUTRAL,LOW,31750.0,-0.5,0.5,0.0,1.4,-0.52,-0.52,1,1,1,1,1,0,,,0,-1.0
3MINDIA.NS,2026-06-15,12:00,NEUTRAL,LOW,31825.0,-0.5,0.5,0.0,0.08,-0.75,-0.75,1,1,1,1,1,0,,,0,-0.72
3MINDIA.NS,2026-06-15,14:00,NEUTRAL,LOW,31750.0,-0.5,0.5,0.0,0.19,-0.52,-0.52,1,1,1,1,1,0,,,0,-0.42
3MINDIA.NS,2026-06-16,09:15,NEUTRAL,LOW,31690.0,-0.5,0.5,0.0,2.92,-0.8,1.83,0,1,1,0,1,0,,,0,-1.0
3MINDIA.NS,2026-06-16,12:00,NEUTRAL,LOW,32270.0,-0.5,0.5,0.0,0.54,-0.34,0.0,1,1,1,1,1,0,,,0,-0.72
3MINDIA.NS,2026-06-16,14:00,NEUTRAL,LOW,32325.0,-0.5,0.5,0.0,0.36,-0.39,-0.17,1,1,1,1,1,0,,,0,-0.42
3MINDIA.NS,2026-06-17,09:15,BEARISH,MEDIUM,32445.0,-2.92,-0.09,-0.76,2.31,-0.09,2.27,1,1,0,0,1,0,,,0,-1.81
3MINDIA.NS,2026-06-17,12:00,BEARISH,MEDIUM,32705.0,-2.11,-0.06,-0.55,1.5,-0.24,1.45,1,1,0,0,1,0,,,0,-1.31
3MINDIA.NS,2026-06-17,14:00,BEARISH,MEDIUM,32895.0,-1.22,-0.04,-0.32,0.91,-0.06,0.87,1,1,0,0,1,0,,,0,-0.76
3MINDIA.NS,2026-06-18,09:15,BEARISH,MEDIUM,33055.0,-2.25,-0.07,-0.63,1.06,-0.73,0.56,1,1,0,1,1,0,,,0,-1.51
3MINDIA.NS,2026-06-18,12:00,BEARISH,MEDIUM,33205.0,-1.63,-0.05,-0.46,0.6,-0.29,0.11,1,1,0,0,1,0,,,0,-1.09
3MINDIA.NS,2026-06-18,14:00,BEARISH,MEDIUM,33355.0,-0.94,-0.03,-0.26,0.09,-0.73,-0.34,1,1,1,1,1,0,,,0,-0.63
3MINDIA.NS,2026-06-19,09:15,BEARISH,MEDIUM,33250.0,-1.89,-0.07,-0.54,0.24,-1.34,-0.27,1,1,1,1,1,0,,,0,-1.28
3MINDIA.NS,2026-06-19,12:00,BEARISH,MEDIUM,33020.0,-1.36,-0.05,-0.39,0.94,-0.65,0.42,1,1,0,1,1,0,,,0,-0.93
3MINDIA.NS,2026-06-19,14:00,BEARISH,MEDIUM,32930.0,-0.79,-0.03,-0.22,1.21,-0.38,0.7,1,1,0,1,1,0,,,0,-0.54
3MINDIA.NS,2026-06-22,09:15,BULLISH,LOW,33350.0,0.05,1.7,0.43,0.31,-0.57,-0.3,1,1,0,0,1,1,-0.6,,0,-1.07
3MINDIA.NS,2026-06-22,12:00,BULLISH,LOW,33330.0,0.04,1.23,0.31,0.21,-0.33,-0.24,1,1,0,0,1,1,-0.54,,0,-0.77
3MINDIA.NS,2026-06-22,14:00,BULLISH,LOW,33260.0,0.02,0.71,0.18,0.42,-0.09,-0.03,1,1,1,1,1,1,-0.123,,0,-0.45
3MINDIA.NS,2026-06-23,09:15,BEARISH,MEDIUM,33300.0,-2.07,-0.09,-0.64,2.99,-0.29,1.55,1,1,0,0,1,0,,,0,-1.51
3MINDIA.NS,2026-06-23,12:00,BEARISH,MEDIUM,33640.0,-1.5,-0.07,-0.46,0.79,-0.73,0.52,1,1,0,1,1,0,,,0,-1.09
3MINDIA.NS,2026-06-23,14:00,BEARISH,MEDIUM,33710.0,-0.86,-0.04,-0.26,0.47,0.0,0.31,0,0,0,0,1,0,,,0,-0.63
3MINDIA.NS,2026-06-24,09:15,BEARISH,MEDIUM,33555.0,-3.96,-0.12,-1.0,0.37,-0.73,-0.03,1,1,0,0,1,0,,,0,-2.38
3MINDIA.NS,2026-06-24,12:00,BEARISH,MEDIUM,33460.0,-2.86,-0.09,-0.72,0.66,-0.45,0.25,1,1,0,0,1,0,,,0,-1.72
3MINDIA.NS,2026-06-24,14:00,BEARISH,MEDIUM,33410.0,-1.65,-0.05,-0.42,0.81,-0.19,0.4,1,1,0,0,1,0,,,0,-0.99
3MINDIA.NS,2026-06-25,09:15,BULLISH,LOW,33540.0,0.07,1.57,0.38,0.72,-0.67,-0.57,1,1,0,1,1,1,0.083,0.083,1,-0.56
3MINDIA.NS,2026-06-25,12:00,BULLISH,LOW,33480.0,0.05,1.13,0.28,0.54,-0.49,-0.39,1,1,0,1,1,1,-0.023,-0.023,1,-0.41
3MINDIA.NS,2026-06-25,14:00,BULLISH,LOW,33460.0,0.03,0.65,0.16,0.12,-0.43,-0.33,1,1,0,0,1,1,-0.629,-0.14,1,-0.23
3MINDIA.NS,2026-06-29,09:15,NEUTRAL,HIGH,33155.0,-0.5,0.5,0.0,3.06,-2.44,-2.11,0,1,1,0,1,0,,,0,-0.17
3MINDIA.NS,2026-06-29,12:00,NEUTRAL,HIGH,33300.0,-0.5,0.5,0.0,0.11,-2.87,-2.54,0,1,1,0,1,0,,,0,-0.12
3MINDIA.NS,2026-06-29,14:00,NEUTRAL,HIGH,32805.0,-0.5,0.5,0.0,0.88,-1.4,-1.07,0,1,1,0,1,0,,,0,-0.07
3MINDIA.NS,2026-06-30,09:15,BULLISH,HIGH,33100.0,0.13,5.03,1.09,3.11,-0.76,-0.66,1,1,1,1,1,1,0.795,-0.385,1,-0.58
3MINDIA.NS,2026-06-30,12:00,BULLISH,HIGH,33340.0,0.1,3.63,0.79,0.15,-1.47,-1.38,1,1,0,0,1,1,-1.68,-1.264,1,-0.42
3MINDIA.NS,2026-06-30,14:00,BULLISH,HIGH,33145.0,0.06,2.1,0.46,0.17,-0.89,-0.8,1,1,0,0,1,1,-1.1,-0.861,1,-0.24
3MINDIA.NS,2026-07-01,09:15,BEARISH,LOW,33100.0,-3.51,-0.07,-0.7,1.8,-0.18,0.92,1,1,0,0,1,0,,,0,-1.67
3MINDIA.NS,2026-07-01,12:00,BEARISH,LOW,33245.0,-2.53,-0.05,-0.51,0.71,-0.06,0.48,1,1,0,0,1,0,,,0,-1.2
3MINDIA.NS,2026-07-01,14:00,BEARISH,LOW,33360.0,-1.46,-0.03,-0.29,0.36,-0.15,0.13,1,1,0,0,1,0,,,0,-0.7
3MINDIA.NS,2026-07-02,09:15,BEARISH,MEDIUM,33500.0,-2.72,-0.08,-0.71,1.24,-0.39,1.09,1,1,0,0,1,0,,,0,-1.68
3MINDIA.NS,2026-07-02,12:00,BEARISH,MEDIUM,33530.0,-1.96,-0.06,-0.51,1.15,-0.04,1.0,1,0,0,0,1,0,,,0,-1.22
3MINDIA.NS,2026-07-02,14:00,BEARISH,MEDIUM,33730.0,-1.13,-0.03,-0.3,0.5,-0.03,0.4,1,0,0,0,1,0,,,0,-0.7
3MINDIA.NS,2026-07-03,09:15,BEARISH,MEDIUM,34100.0,-2.06,-0.07,-0.58,3.5,-0.88,3.31,1,1,0,1,1,0,,,0,-1.38
3MINDIA.NS,2026-07-03,12:00,BEARISH,MEDIUM,34635.0,-1.49,-0.05,-0.42,1.91,-0.59,1.72,1,1,0,1,1,0,,,0,-0.99
3MINDIA.NS,2026-07-03,14:00,BEARISH,MEDIUM,34625.0,-0.86,-0.03,-0.24,1.94,-0.4,1.75,1,1,0,1,1,0,,,0,-0.57
3MINDIA.NS,2026-07-06,09:15,BEARISH,MEDIUM,35240.0,-4.45,-0.12,-1.15,0.24,-1.02,0.11,1,1,0,0,1,0,,,0,-2.74
3MINDIA.NS,2026-07-06,12:00,BEARISH,MEDIUM,35240.0,-3.21,-0.09,-0.83,0.16,-0.38,0.11,1,1,0,0,1,0,,,0,-1.98
3MINDIA.NS,2026-07-06,14:00,BEARISH,MEDIUM,35130.0,-1.86,-0.05,-0.48,0.46,-0.07,0.43,1,1,0,0,1,0,,,0,-1.14
3MINDIA.NS,2026-07-07,09:15,BULLISH,LOW,35200.0,0.06,1.49,0.4,0.85,-0.62,0.01,1,1,1,1,1,1,0.099,0.099,1,-0.62
3MINDIA.NS,2026-07-07,12:00,BULLISH,LOW,35210.0,0.04,1.08,0.29,0.38,-0.44,-0.01,1,1,0,1,1,1,-0.012,,0,-0.45
3MINDIA.NS,2026-07-07,14:00,BULLISH,LOW,35100.0,0.02,0.62,0.17,0.7,-0.13,0.3,1,1,1,1,0,1,-0.134,,0,-0.26
3MINDIA.NS,2026-07-08,09:15,BEARISH,MEDIUM,35205.0,-2.13,-0.09,-0.56,0.61,-3.45,-2.74,1,1,1,1,0,0,,,0,-1.33
3MINDIA.NS,2026-07-08,12:00,BEARISH,MEDIUM,34905.0,-1.54,-0.06,-0.4,0.27,-2.62,-1.91,1,1,1,1,0,0,,,0,-0.96
3MINDIA.NS,2026-07-08,14:00,BEARISH,MEDIUM,34505.0,-0.89,-0.04,-0.23,0.0,-1.49,-0.77,1,1,1,1,0,0,,,0,-0.55
3MINDIA.NS,2026-07-09,09:15,BULLISH,MEDIUM,34300.0,0.14,3.56,1.04,2.83,0.0,1.18,1,1,1,1,1,1,0.737,,0,-0.74
3MINDIA.NS,2026-07-09,12:00,BULLISH,MEDIUM,34995.0,0.1,2.57,0.75,0.73,-1.19,-0.83,1,1,0,0,1,1,-1.34,-0.59,1,-0.54
3MINDIA.NS,2026-07-09,14:00,BULLISH,MEDIUM,35135.0,0.06,1.48,0.43,0.19,-1.58,-1.22,1,1,0,0,1,1,-1.34,0.132,1,-0.31
3MINDIA.NS,2026-07-10,09:15,BEARISH,LOW,35200.0,-2.9,-0.08,-0.61,0.7,-0.99,0.67,1,1,0,1,1,0,,,0,-1.45
3MINDIA.NS,2026-07-10,12:00,BEARISH,LOW,35195.0,-2.1,-0.06,-0.44,0.71,-0.04,0.68,1,0,0,0,1,0,,,0,-1.05
3MINDIA.NS,2026-07-10,14:00,BEARISH,LOW,35310.0,-1.21,-0.03,-0.25,0.38,-0.23,0.35,1,1,0,0,1,0,,,0,-0.6
3MINDIA.NS,2026-07-13,09:15,BEARISH,MEDIUM,35300.0,-1.99,-0.07,-0.53,3.64,-0.45,3.29,1,1,0,0,1,0,,,0,-1.25
3MINDIA.NS,2026-07-13,12:00,BEARISH,MEDIUM,35685.0,-1.44,-0.05,-0.38,2.52,-0.32,2.17,1,1,0,0,1,0,,,0,-0.91
3MINDIA.NS,2026-07-13,14:00,BEARISH,MEDIUM,36000.0,-0.83,-0.03,-0.22,1.63,-0.03,1.28,1,0,0,0,1,0,,,0,-0.52
3MINDIA.NS,2026-07-14,09:15,BEARISH,MEDIUM,36400.0,-3.47,-0.12,-0.97,0.69,-1.07,0.62,1,1,0,1,1,0,,,0,-2.31
3MINDIA.NS,2026-07-14,12:00,BEARISH,MEDIUM,36190.0,-2.5,-0.08,-0.7,1.27,-0.35,1.2,1,1,0,0,1,0,,,0,-1.67
3MINDIA.NS,2026-07-14,14:00,BEARISH,MEDIUM,36150.0,-1.45,-0.05,-0.4,1.38,-0.06,1.31,1,1,0,0,1,0,,,0,-0.96
3MINDIA.NS,2026-07-15,09:15,BEARISH,MEDIUM,36700.0,-3.01,-0.1,-0.79,0.46,-2.45,-2.1,1,1,1,1,1,0,,,0,-1.89
3MINDIA.NS,2026-07-15,12:00,BEARISH,MEDIUM,35920.0,-2.17,-0.07,-0.57,1.48,-0.33,0.03,1,1,0,0,1,0,,,0,-1.36
3MINDIA.NS,2026-07-15,14:00,BEARISH,MEDIUM,35920.0,-1.25,-0.04,-0.33,0.22,-0.19,0.03,1,1,0,0,1,0,,,0,-0.79
3MINDIA.NS,2026-07-16,09:15,BULLISH,HIGH,35940.0,0.15,3.91,1.08,1.27,-1.64,-1.35,1,1,0,1,1,1,-1.82,-0.884,1,-0.77
3MINDIA.NS,2026-07-16,12:00,BULLISH,HIGH,36040.0,0.11,2.82,0.78,0.12,-1.91,-1.62,1,1,0,0,1,1,-1.48,-1.48,1,-0.56
3MINDIA.NS,2026-07-16,14:00,BULLISH,HIGH,35435.0,0.06,1.63,0.45,0.49,-0.24,0.06,1,1,0,1,1,1,0.149,,0,-0.32
3MINDIA.NS,2026-07-17,09:15,BULLISH,HIGH,34900.0,0.11,3.19,0.91,0.87,-0.54,-0.06,1,1,0,0,1,1,-0.357,,0,-0.71
3MINDIA.NS,2026-07-17,12:00,BULLISH,HIGH,34995.0,0.08,2.31,0.65,0.13,-0.81,-0.33,1,1,0,0,1,1,-0.629,-0.118,1,-0.51
3MINDIA.NS,2026-07-17,14:00,BULLISH,HIGH,34760.0,0.05,1.33,0.38,0.62,0.0,0.35,1,1,0,1,1,1,0.078,,0,-0.3
3MINDIA.NS,2026-07-20,09:15,BULLISH,LOW,34940.0,0.07,2.1,0.58,1.75,-0.66,0.86,1,1,1,1,1,1,0.284,,0,-0.76
3MINDIA.NS,2026-07-20,12:00,BULLISH,LOW,35215.0,0.05,1.52,0.42,0.95,-0.16,0.07,1,1,1,1,1,1,0.122,,0,-0.55
3MINDIA.NS,2026-07-20,14:00,BULLISH,LOW,35240.0,0.03,0.88,0.24,0.45,-0.23,0.0,1,1,0,1,1,1,-0.056,,0,-0.32
3MINDIA.NS,2026-07-21,09:15,BULLISH,LOW,35240.0,0.07,2.1,0.58,0.71,-0.95,-0.72,1,1,0,1,1,1,0.284,0.284,1,-0.76
3MINDIA.NS,2026-07-21,12:00,BULLISH,LOW,35035.0,0.05,1.52,0.42,0.77,-0.37,-0.14,1,1,0,1,1,1,0.122,,0,-0.55
3PLAND.NS,2026-04-29,09:15,BULLISH,LOW,35.99,0.04,3.69,0.86,3.92,-2.47,-0.03,1,1,1,1,0,1,-2.45,0.561,1,-2.01
3PLAND.NS,2026-04-29,14:00,BULLISH,LOW,35.5,0.01,1.54,0.37,1.35,-0.99,1.35,1,1,1,1,1,1,0.066,0.066,1,-0.84
3PLAND.NS,2026-04-30,09:15,BULLISH,HIGH,33.99,0.26,6.18,1.65,5.18,0.0,3.85,1,1,1,1,1,1,1.348,,0,-1.08
3PLAND.NS,2026-05-04,14:00,NEUTRAL,HIGH,33.36,-0.5,0.5,-0.0,6.24,0.0,6.12,0,1,1,0,1,0,,,0,-0.01
3PLAND.NS,2026-05-05,12:00,BEARISH,LOW,34.79,-3.65,-0.25,-1.03,0.03,-2.64,-0.55,1,1,1,1,1,0,,,0,-2.47
3PLAND.NS,2026-05-06,09:15,BEARISH,LOW,34.5,-4.86,-0.25,-1.22,3.77,0.0,2.61,0,0,0,0,1,0,,,0,-2.87
3PLAND.NS,2026-05-06,12:00,BEARISH,LOW,35.14,-3.51,-0.18,-0.88,1.88,-0.4,0.74,1,1,0,0,1,0,,,0,-2.07
3PLAND.NS,2026-05-07,09:15,BEARISH,LOW,35.0,-2.71,-0.1,-0.89,4.29,0.0,2.86,0,0,0,0,1,0,,,0,-2.13
3PLAND.NS,2026-05-07,12:00,BEARISH,LOW,36.5,-1.96,-0.08,-0.66,0.0,-3.42,-1.37,1,1,1,1,0,0,,,0,-1.54
3PLAND.NS,2026-05-07,14:00,BEARISH,LOW,36.0,-1.13,-0.04,-0.36,1.08,-1.11,0.0,1,1,1,1,1,0,,,0,-0.89
3PLAND.NS,2026-05-08,09:15,BEARISH,MEDIUM,36.05,-3.61,-0.15,-1.11,0.69,-5.69,-0.14,1,1,1,1,0,0,,,0,-2.65
3PLAND.NS,2026-05-08,12:00,BEARISH,MEDIUM,35.38,-2.6,-0.11,-0.79,2.32,0.0,1.75,0,0,0,0,1,0,,,0,-1.91
3PLAND.NS,2026-05-08,14:00,BEARISH,MEDIUM,35.45,-1.5,-0.06,-0.45,2.12,0.0,1.55,0,0,0,0,1,0,,,0,-1.1
3PLAND.NS,2026-05-11,09:15,BEARISH,HIGH,34.61,-7.9,-0.59,-2.6,6.62,-7.86,-7.54,1,1,1,1,1,0,,,0,-6.19
3PLAND.NS,2026-05-11,12:00,BEARISH,HIGH,35.15,-5.7,-0.43,-1.88,2.22,-9.27,-8.96,1,1,1,1,0,0,,,0,-4.47
3PLAND.NS,2026-05-12,09:15,BULLISH,HIGH,32.8,0.55,14.98,4.15,5.34,0.0,2.13,1,1,0,1,1,1,3.846,,0,-1.45
3PLAND.NS,2026-05-13,09:15,BEARISH,LOW,34.0,-4.92,-0.11,-1.21,3.53,-1.76,-1.68,1,1,0,1,1,0,,,0,-2.87
3PLAND.NS,2026-05-13,12:00,BEARISH,LOW,33.5,-3.55,-0.08,-0.87,1.34,-0.21,-0.21,1,1,0,0,1,0,,,0,-2.07
3PLAND.NS,2026-05-13,14:00,BEARISH,LOW,33.8,-2.05,-0.05,-0.5,0.0,-1.09,-1.09,1,1,1,1,1,0,,,0,-1.2
3PLAND.NS,2026-05-14,12:00,BULLISH,HIGH,32.62,0.25,5.04,1.66,1.16,0.0,1.1,1,1,0,0,1,1,0.804,,0,-0.72
3PLAND.NS,2026-05-14,14:00,BULLISH,HIGH,33.0,0.14,2.91,0.94,0.0,-1.15,-0.06,0,0,0,0,1,1,-0.361,0.051,1,-0.41
3PLAND.NS,2026-05-15,09:15,BULLISH,HIGH,32.62,0.31,6.76,1.96,10.3,-3.43,0.71,1,1,1,1,0,1,-2.78,1.662,1,-0.96
3PLAND.NS,2026-05-15,12:00,BULLISH,HIGH,33.99,0.23,4.89,1.44,0.03,-7.33,-3.35,1,0,0,0,1,1,-2.76,-2.76,1,-0.7
3PLAND.NS,2026-05-15,14:00,BULLISH,HIGH,34.0,0.13,2.82,0.82,0.0,-7.35,-3.38,0,0,0,0,1,1,-2.75,-2.75,1,-0.4
3PLAND.NS,2026-05-18,09:15,BULLISH,HIGH,31.9,0.44,12.71,3.32,4.8,-1.69,3.32,1,1,0,1,1,1,3.023,3.023,1,-1.56
3PLAND.NS,2026-05-20,09:15,BULLISH,HIGH,32.5,0.39,9.87,2.89,1.23,-3.51,-0.03,1,1,0,0,1,1,-3.01,0.883,1,-1.2
3PLAND.NS,2026-05-20,14:00,BULLISH,HIGH,32.45,0.16,4.12,1.2,0.15,-0.89,0.12,1,0,0,0,1,1,-0.177,0.326,1,-0.5
3PLAND.NS,2026-05-21,09:15,BEARISH,LOW,32.7,-6.6,-0.37,-1.62,0.0,-5.2,-3.24,1,1,1,1,1,0,,,0,-3.85
3PLAND.NS,2026-05-21,12:00,BEARISH,LOW,32.5,-4.76,-0.27,-1.17,0.0,-4.62,-2.65,1,1,1,1,1,0,,,0,-2.78
3PLAND.NS,2026-05-21,14:00,BEARISH,LOW,31.84,-2.75,-0.15,-0.66,0.03,-0.75,-0.63,1,1,0,1,1,0,,,0,-1.6
3PLAND.NS,2026-05-22,09:15,BULLISH,HIGH,31.5,0.33,8.23,2.1,3.33,-3.46,-0.67,1,1,0,1,1,1,-3.02,1.795,1,-2.0
3PLAND.NS,2026-05-22,12:00,BULLISH,HIGH,31.96,0.24,5.95,1.53,0.09,-4.85,-2.1,1,0,0,0,1,1,-3.0,1.233,1,-1.44
3PLAND.NS,2026-05-22,14:00,BULLISH,HIGH,31.5,0.14,3.43,0.89,0.0,-1.59,-0.67,0,0,0,0,1,1,-0.967,-0.135,1,-0.83
3PLAND.NS,2026-05-25,09:15,BULLISH,MEDIUM,31.29,0.29,6.74,1.92,0.0,-3.96,-1.41,0,0,0,0,1,1,-3.05,0.677,1,-2.36
3PLAND.NS,2026-05-25,12:00,BULLISH,MEDIUM,30.7,0.21,4.87,1.4,0.98,-0.33,0.49,1,1,0,0,1,1,0.189,,0,-1.71
3PLAND.NS,2026-05-26,09:15,BULLISH,MEDIUM,31.0,0.34,9.91,2.52,1.13,-2.58,-0.16,1,1,0,0,1,1,-0.461,,0,-2.81
3PLAND.NS,2026-05-26,14:00,BULLISH,MEDIUM,30.8,0.14,4.13,1.04,0.49,0.0,0.49,1,1,0,0,1,1,0.187,,0,-1.17
3PLAND.NS,2026-05-27,09:15,BULLISH,HIGH,30.5,0.3,6.34,1.93,5.41,0.0,1.97,1,1,1,1,1,1,1.634,,0,-0.94
3PLAND.NS,2026-05-29,09:15,NEUTRAL,HIGH,31.7,-0.5,0.5,-0.0,0.95,-3.79,-0.63,1,1,1,1,1,0,,,0,-0.05
3PLAND.NS,2026-05-29,12:00,NEUTRAL,HIGH,31.39,-0.5,0.5,0.0,0.35,-1.56,0.35,1,1,1,1,1,0,,,0,-0.03
3PLAND.NS,2026-05-29,14:00,NEUTRAL,HIGH,31.24,-0.5,0.5,0.0,0.83,-0.77,0.83,1,1,1,1,1,0,,,0,-0.02
3PLAND.NS,2026-06-01,09:15,BULLISH,HIGH,31.24,0.24,6.06,1.47,0.83,-3.78,-1.79,1,1,0,0,1,1,-2.62,-2.62,1,-0.86
3PLAND.NS,2026-06-01,12:00,BULLISH,HIGH,31.0,0.17,4.38,1.06,0.0,-3.03,-1.03,0,0,0,0,1,1,-2.6,-2.6,1,-0.62
3PLAND.NS,2026-06-01,14:00,BULLISH,HIGH,30.68,0.1,2.53,0.62,0.0,-0.59,0.0,0,0,0,0,1,1,-0.3,0.061,1,-0.36
3PLAND.NS,2026-06-02,09:15,BULLISH,HIGH,30.99,0.29,5.99,1.68,2.94,-1.55,2.9,1,1,0,1,1,1,1.378,1.378,1,-1.11
3PLAND.NS,2026-06-02,14:00,BULLISH,HIGH,31.09,0.12,2.5,0.71,2.57,-0.87,2.57,1,1,1,1,0,1,0.408,0.408,1,-0.46
3PLAND.NS,2026-06-03,09:15,BEARISH,MEDIUM,31.8,-4.85,-0.17,-1.23,1.57,-1.26,0.94,1,1,0,1,1,0,,,0,-2.95
3PLAND.NS,2026-06-03,12:00,BEARISH,MEDIUM,31.4,-3.5,-0.12,-0.89,2.23,0.0,2.23,0,0,0,0,1,0,,,0,-2.13
3PLAND.NS,2026-06-04,09:15,BEARISH,MEDIUM,31.41,-4.15,-0.1,-0.99,3.12,-0.51,2.2,1,1,0,0,1,0,,,0,-2.38
3PLAND.NS,2026-06-05,12:00,BULLISH,MEDIUM,31.7,0.11,2.53,0.66,0.32,0.0,0.28,1,1,0,0,1,1,-0.016,,0,-0.69
3PLAND.NS,2026-06-08,09:15,BULLISH,LOW,31.94,-0.01,3.12,0.59,15.84,-2.94,2.85,1,1,1,1,0,1,-2.32,-2.32,1,-0.55
3PLAND.NS,2026-06-08,14:00,BULLISH,LOW,33.0,-0.0,1.3,0.24,0.0,-3.33,-0.45,0,1,0,0,1,1,-2.3,-2.3,1,-0.23
3PLAND.NS,2026-06-09,09:15,BEARISH,HIGH,32.76,-7.8,-0.28,-2.38,7.14,-2.93,1.43,1,1,0,1,1,0,,,0,-5.68
3PLAND.NS,2026-06-09,14:00,BEARISH,HIGH,33.15,-3.25,-0.12,-1.0,0.45,0.0,0.24,0,0,0,0,1,0,,,0,-2.37
3PLAND.NS,2026-06-10,09:15,BEARISH,MEDIUM,33.0,-5.61,-0.14,-1.36,0.3,-2.73,0.15,1,1,0,1,1,0,,,0,-3.24
3PLAND.NS,2026-06-10,12:00,BEARISH,MEDIUM,32.9,-4.05,-0.1,-0.97,0.61,-2.43,0.46,1,1,1,1,1,0,,,0,-2.34
3PLAND.NS,2026-06-11,09:15,BULLISH,HIGH,33.6,0.19,5.46,1.46,0.0,-10.71,-6.25,0,0,0,0,1,1,-2.74,-2.74,1,-1.02
3PLAND.NS,2026-06-11,12:00,BULLISH,HIGH,32.98,0.14,3.95,1.06,0.0,-9.04,-4.49,0,0,0,0,1,1,-2.71,-2.71,1,-0.74
3PLAND.NS,2026-06-11,14:00,BULLISH,HIGH,32.98,0.08,2.28,0.61,0.0,-9.04,-4.49,0,0,0,0,1,1,-2.71,-2.71,1,-0.43
3PLAND.NS,2026-06-12,09:15,BEARISH,LOW,32.44,-7.45,-0.47,-1.79,0.0,-5.95,-1.05,1,1,1,1,1,0,,,0,-4.22
3PLAND.NS,2026-06-12,12:00,BEARISH,LOW,31.8,-5.38,-0.34,-1.29,1.67,-0.94,0.94,1,1,0,0,1,0,,,0,-3.05
3PLAND.NS,2026-06-15,12:00,BEARISH,LOW,33.0,-3.02,-0.11,-0.73,0.0,-5.91,-3.79,1,1,1,1,0,0,,,0,-1.77
3PLAND.NS,2026-06-16,09:15,BULLISH,HIGH,31.79,0.38,8.65,2.39,3.18,0.0,3.18,1,1,0,1,1,1,2.091,,0,-1.22
3PLAND.NS,2026-06-16,12:00,BULLISH,HIGH,31.95,0.27,6.25,1.72,2.66,0.0,2.66,1,1,0,1,1,1,1.421,,0,-0.88
3PLAND.NS,2026-06-17,09:15,BEARISH,LOW,32.7,-4.24,-0.14,-1.01,0.92,-0.61,-0.61,1,1,0,0,1,0,,,0,-2.43
3PLAND.NS,2026-06-17,12:00,BEARISH,LOW,32.7,-3.06,-0.1,-0.73,0.46,-0.61,-0.61,1,1,0,0,1,0,,,0,-1.76
3PLAND.NS,2026-06-18,09:15,BULLISH,HIGH,32.3,0.3,6.58,1.76,3.72,-1.55,-0.9,1,1,1,1,1,1,1.465,1.465,1,-1.01
3PLAND.NS,2026-06-18,12:00,BULLISH,HIGH,32.74,0.21,4.75,1.28,0.79,-2.87,-2.23,1,1,0,0,1,1,-2.95,0.983,1,-0.73
3PLAND.NS,2026-06-18,14:00,BULLISH,HIGH,32.1,0.12,2.74,0.75,2.8,-0.93,-0.28,1,1,1,1,0,1,0.448,0.448,1,-0.42
3PLAND.NS,2026-06-19,12:00,BEARISH,LOW,32.42,-4.21,-0.15,-1.17,1.33,-2.81,-2.38,1,1,1,1,1,0,,,0,-2.8
3PLAND.NS,2026-06-19,14:00,BEARISH,LOW,32.7,-2.43,-0.08,-0.67,0.43,-3.21,-3.21,1,1,1,1,0,0,,,0,-1.62
3PLAND.NS,2026-06-22,14:00,BULLISH,MEDIUM,32.1,0.08,1.97,0.53,3.71,-2.12,1.87,1,1,1,1,0,1,0.23,0.23,1,-0.7
3PLAND.NS,2026-06-23,12:00,BEARISH,LOW,32.0,-3.84,-0.14,-1.09,2.37,0.0,1.53,0,0,0,0,1,0,,,0,-2.63
3PLAND.NS,2026-06-23,14:00,BEARISH,LOW,32.5,-2.21,-0.08,-0.65,0.0,-0.46,-0.03,1,1,0,0,1,0,,,0,-1.52
3PLAND.NS,2026-06-25,09:15,BULLISH,HIGH,32.0,0.25,6.1,1.63,1.41,-2.5,-1.13,1,1,0,0,1,1,-2.7,1.325,1,-1.05
3PLAND.NS,2026-06-25,14:00,BULLISH,HIGH,32.09,0.1,2.54,0.69,0.0,-1.84,-1.4,0,0,0,0,1,1,-1.702,-1.267,1,-0.44
3PLAND.NS,2026-06-29,09:15,NEUTRAL,HIGH,32.7,-0.5,0.5,-0.0,0.0,-7.58,-6.09,0,1,1,0,1,0,,,0,-0.1
3PLAND.NS,2026-06-29,12:00,NEUTRAL,HIGH,32.48,-0.5,0.5,0.0,0.0,-5.88,-5.45,0,1,1,0,1,0,,,0,-0.07
3PLAND.NS,2026-06-29,14:00,NEUTRAL,HIGH,32.42,-0.5,0.5,0.0,0.0,-5.27,-5.27,0,1,1,0,1,0,,,0,-0.04
3PLAND.NS,2026-06-30,09:15,BEARISH,MEDIUM,33.0,-6.49,-0.3,-1.55,2.27,-4.52,-4.48,1,1,1,1,1,0,,,0,-3.66
3PLAND.NS,2026-07-01,09:15,BULLISH,HIGH,32.0,0.34,7.63,2.03,1.56,-3.12,0.47,1,1,0,0,1,1,-2.63,1.731,1,-0.89
3PLAND.NS,2026-07-01,12:00,BULLISH,HIGH,32.3,0.25,5.51,1.46,0.0,-3.99,-0.46,0,0,0,0,1,1,-2.61,-2.61,1,-0.65
3PLAND.NS,2026-07-02,09:15,BEARISH,HIGH,33.0,-6.75,-0.42,-1.88,1.03,-3.18,-0.3,1,1,0,1,1,0,,,0,-4.47
3PLAND.NS,2026-07-02,12:00,BEARISH,HIGH,31.96,-4.87,-0.3,-1.35,2.94,0.0,2.94,0,0,0,0,1,0,,,0,-3.23
3PLAND.NS,2026-07-03,09:15,BEARISH,MEDIUM,31.25,-3.99,-0.17,-1.31,7.2,0.0,7.2,0,0,0,0,1,0,,,0,-3.11
3PLAND.NS,2026-07-03,12:00,BEARISH,MEDIUM,32.0,-2.88,-0.12,-0.94,4.69,-1.53,4.69,1,1,1,1,1,0,,,0,-2.25
3PLAND.NS,2026-07-06,09:15,BEARISH,LOW,33.5,-5.38,-0.19,-1.52,0.0,-5.52,-1.49,1,1,1,1,0,0,,,0,-3.66
3PLAND.NS,2026-07-06,12:00,BEARISH,LOW,33.03,-3.88,-0.14,-1.12,0.0,-0.09,-0.09,1,0,0,0,1,0,,,0,-2.64
3PLAND.NS,2026-07-07,14:00,BULLISH,HIGH,32.3,0.09,1.71,0.53,2.6,0.0,2.11,1,1,1,1,0,1,0.226,,0,-0.42
3PLAND.NS,2026-07-08,12:00,BEARISH,LOW,33.0,-2.98,-0.09,-0.7,0.42,-1.67,-1.21,1,1,1,1,1,0,,,0,-1.65
3PLAND.NS,2026-07-09,09:15,BULLISH,HIGH,31.5,0.3,6.65,1.94,6.35,0.0,0.38,1,1,1,1,1,1,1.637,,0,-1.15
3PLAND.NS,2026-07-09,14:00,BULLISH,HIGH,33.25,0.13,2.77,0.81,0.0,-4.9,-4.9,0,0,0,0,1,1,-2.54,-2.54,1,-0.48
3PLAND.NS,2026-07-10,12:00,BULLISH,LOW,31.75,0.09,4.49,1.01,3.78,-0.76,-0.72,1,1,1,1,1,1,0.708,,0,-1.97
3PLAND.NS,2026-07-13,09:15,BULLISH,HIGH,31.5,0.32,7.1,1.97,5.4,0.0,3.65,1,1,1,1,1,1,1.668,,0,-1.01
3PLAND.NS,2026-07-13,12:00,BULLISH,HIGH,32.8,0.23,5.13,1.43,0.0,-3.84,-0.46,0,0,0,0,1,1,-2.54,-2.54,1,-0.73
3PLAND.NS,2026-07-13,14:00,BULLISH,HIGH,32.69,0.13,2.96,0.83,0.0,-0.12,-0.12,0,0,0,0,1,1,-0.422,,0,-0.42
3PLAND.NS,2026-07-14,09:15,NEUTRAL,LOW,32.75,-0.5,0.5,0.0,0.0,-3.21,-2.75,0,1,1,0,1,0,,,0,-2.93
3PLAND.NS,2026-07-14,14:00,NEUTRAL,LOW,32.5,-0.5,0.5,0.0,0.0,-2.0,-2.0,0,1,1,0,1,0,,,0,-1.22
3PLAND.NS,2026-07-15,09:15,BULLISH,HIGH,31.55,0.33,6.92,2.0,4.6,-0.16,-0.13,1,1,1,1,1,1,1.697,,0,-1.33
3PLAND.NS,2026-07-15,12:00,BULLISH,HIGH,31.55,0.23,5.0,1.43,3.9,-0.13,-0.13,1,1,1,1,1,1,1.126,,0,-0.96
3PLAND.NS,2026-07-15,14:00,BULLISH,HIGH,32.5,0.14,2.88,0.83,0.46,-3.05,-3.05,1,1,0,0,1,1,-2.47,0.531,1,-0.56
3PLAND.NS,2026-07-16,09:15,BULLISH,HIGH,32.0,0.15,4.68,1.19,2.31,-0.72,2.0,1,1,0,1,1,1,0.888,,0,-1.71
3PLAND.NS,2026-07-16,12:00,BULLISH,HIGH,31.95,0.11,3.38,0.85,2.35,0.0,2.16,1,1,1,1,1,1,0.545,,0,-1.23
3PLAND.NS,2026-07-16,14:00,BULLISH,HIGH,32.64,0.06,1.95,0.49,0.0,-2.11,0.0,0,0,0,0,1,1,-0.3,0.19,1,-0.71
3PLAND.NS,2026-07-17,09:15,BULLISH,MEDIUM,32.5,0.1,3.18,0.68,1.51,-3.08,-1.02,1,1,0,1,1,1,-2.38,-2.38,1,-0.9
3PLAND.NS,2026-07-17,14:00,BULLISH,MEDIUM,31.81,0.04,1.33,0.28,1.19,0.0,1.13,1,1,1,1,1,1,-0.017,,0,-0.38
3PLAND.NS,2026-07-20,14:00,BULLISH,HIGH,31.99,0.11,2.67,0.75,0.0,-0.88,-0.88,0,0,0,0,1,1,-1.175,-0.787,1,-0.39
5PAISA.NS,2026-04-29,09:15,BEARISH,LOW,336.85,-5.18,-0.14,-1.16,3.24,-0.25,0.62,1,1,0,0,1,0,,,0,-2.75
5PAISA.NS,2026-04-29,12:00,BEARISH,LOW,342.03,-3.74,-0.1,-0.84,0.53,-1.76,-0.9,1,1,0,1,1,0,,,0,-1.99
5PAISA.NS,2026-04-29,14:00,BEARISH,LOW,337.75,-2.16,-0.06,-0.48,0.99,-0.52,0.35,1,1,0,1,1,0,,,0,-1.15
5PAISA.NS,2026-04-30,09:15,BEARISH,LOW,338.98,-3.78,-0.12,-0.81,1.35,-4.05,-1.27,1,1,1,1,0,0,,,0,-1.92
5PAISA.NS,2026-04-30,12:00,BEARISH,LOW,342.24,-2.73,-0.08,-0.58,0.14,-4.96,-2.21,1,1,1,1,0,0,,,0,-1.39
5PAISA.NS,2026-04-30,14:00,BEARISH,LOW,335.83,-1.58,-0.05,-0.34,1.84,-1.65,-0.34,1,1,1,1,0,0,,,0,-0.8
5PAISA.NS,2026-05-04,09:15,BULLISH,HIGH,337.05,0.31,7.74,2.33,3.77,-0.01,0.56,1,1,0,1,1,1,2.026,,0,-1.4
5PAISA.NS,2026-05-04,12:00,BULLISH,HIGH,342.0,0.22,5.59,1.68,0.23,-1.46,-0.89,1,1,0,0,1,1,-1.192,-0.181,1,-1.01
5PAISA.NS,2026-05-04,14:00,BULLISH,HIGH,338.5,0.13,3.23,0.97,0.41,-0.44,0.13,1,1,0,0,1,1,-0.167,,0,-0.58
5PAISA.NS,2026-05-05,09:15,BEARISH,LOW,336.4,-4.48,-0.12,-0.95,0.24,-1.9,-1.22,1,1,0,1,1,0,,,0,-2.25
5PAISA.NS,2026-05-05,12:00,BEARISH,LOW,332.05,-3.23,-0.09,-0.68,0.84,-0.62,0.08,1,1,0,0,1,0,,,0,-1.63
5PAISA.NS,2026-05-05,14:00,BEARISH,LOW,331.25,-1.87,-0.05,-0.4,0.78,-0.08,0.32,1,1,0,0,1,0,,,0,-0.94
5PAISA.NS,2026-05-06,09:15,BULLISH,HIGH,336.0,0.2,4.96,1.38,2.38,-0.74,1.06,1,1,0,1,1,1,1.084,,0,-0.82
5PAISA.NS,2026-05-06,12:00,BULLISH,HIGH,339.7,0.14,3.59,1.0,0.34,-0.88,-0.04,1,1,0,0,1,1,-0.344,0.249,1,-0.59
5PAISA.NS,2026-05-06,14:00,BULLISH,HIGH,337.6,0.08,2.07,0.58,0.96,-0.03,0.58,1,1,0,1,1,1,0.278,,0,-0.34
5PAISA.NS,2026-05-07,09:15,BEARISH,LOW,342.95,-4.14,-0.13,-1.05,0.26,-2.49,-1.04,1,1,1,1,1,0,,,0,-2.49
5PAISA.NS,2026-05-07,12:00,BEARISH,LOW,339.4,-2.99,-0.09,-0.75,0.78,-0.27,0.0,1,1,0,0,1,0,,,0,-1.8
5PAISA.NS,2026-05-07,14:00,BEARISH,LOW,340.3,-1.72,-0.05,-0.43,0.31,-0.53,-0.26,1,1,0,1,1,0,,,0,-1.04
5PAISA.NS,2026-05-08,09:15,BEARISH,LOW,342.8,-3.56,-0.13,-1.06,0.0,-3.15,-2.07,1,1,1,1,1,0,,,0,-2.53
5PAISA.NS,2026-05-08,12:00,BEARISH,LOW,335.0,-2.57,-0.1,-0.77,0.67,-0.37,0.21,1,1,0,0,1,0,,,0,-1.82
5PAISA.NS,2026-05-08,14:00,BEARISH,LOW,334.05,-1.49,-0.06,-0.44,0.96,0.0,0.49,0,0,0,0,1,0,,,0,-1.05
5PAISA.NS,2026-05-11,09:15,BULLISH,HIGH,328.1,0.21,4.95,1.37,1.95,-1.25,-0.87,1,1,0,1,1,1,1.072,-0.177,1,-0.99
5PAISA.NS,2026-05-11,12:00,BULLISH,HIGH,331.65,0.15,3.58,0.99,0.09,-2.31,-1.93,1,0,0,0,1,1,-2.14,-1.519,1,-0.72
5PAISA.NS,2026-05-11,14:00,BULLISH,HIGH,328.95,0.09,2.07,0.57,0.11,-1.5,-1.12,1,1,0,0,1,1,-1.425,-1.018,1,-0.41
5PAISA.NS,2026-05-12,09:15,BULLISH,HIGH,321.6,0.23,4.3,1.32,1.6,-5.6,-4.68,1,1,0,1,1,1,-2.15,-2.15,1,-0.82
5PAISA.NS,2026-05-12,12:00,BULLISH,HIGH,316.9,0.16,3.11,0.96,0.0,-4.2,-3.27,0,0,0,0,1,1,-2.15,-2.15,1,-0.59
5PAISA.NS,2026-05-12,14:00,BULLISH,HIGH,306.0,0.09,1.79,0.55,0.87,-0.78,0.18,1,1,0,1,1,1,0.252,0.252,1,-0.34
5PAISA.NS,2026-05-13,09:15,BULLISH,HIGH,309.0,0.31,6.53,2.05,3.06,-0.5,0.32,1,1,0,1,1,1,1.752,,0,-1.46
5PAISA.NS,2026-05-13,12:00,BULLISH,HIGH,317.6,0.23,4.72,1.48,0.27,-3.07,-2.39,1,1,0,0,1,1,-2.37,-1.657,1,-1.05
5PAISA.NS,2026-05-13,14:00,BULLISH,HIGH,313.8,0.13,2.72,0.86,0.11,-1.9,-1.21,1,0,0,0,1,1,-1.511,-0.905,1,-0.61
5PAISA.NS,2026-05-14,09:15,BEARISH,LOW,314.9,-3.48,-0.15,-0.93,0.0,-3.95,-2.78,1,1,1,1,0,0,,,0,-2.22
5PAISA.NS,2026-05-14,12:00,BEARISH,LOW,307.3,-2.51,-0.11,-0.67,0.13,-0.98,-0.37,1,1,0,1,1,0,,,0,-1.6
5PAISA.NS,2026-05-14,14:00,BEARISH,LOW,306.95,-1.45,-0.06,-0.39,0.21,-0.31,-0.26,1,1,0,0,1,0,,,0,-0.92
5PAISA.NS,2026-05-15,09:15,BULLISH,HIGH,311.0,0.27,5.74,1.89,0.0,-2.88,-2.59,0,0,0,0,1,1,-2.32,-1.765,1,-1.14
5PAISA.NS,2026-05-15,12:00,BULLISH,HIGH,307.8,0.19,4.15,1.36,0.29,-1.87,-1.58,1,1,0,0,1,1,-1.876,-1.062,1,-0.82
5PAISA.NS,2026-05-15,14:00,BULLISH,HIGH,304.95,0.11,2.4,0.79,1.23,-0.95,-0.66,1,1,0,1,1,1,0.487,0.487,1,-0.48
5PAISA.NS,2026-05-18,09:15,BULLISH,MEDIUM,301.0,0.25,4.58,1.49,0.76,-1.5,0.22,1,1,0,0,1,1,-0.084,1.185,1,-1.1
5PAISA.NS,2026-05-18,12:00,BULLISH,MEDIUM,301.85,0.18,3.31,1.07,0.48,-1.03,-0.07,1,1,0,0,1,1,-0.366,0.773,1,-0.8
5PAISA.NS,2026-05-18,14:00,BULLISH,MEDIUM,301.45,0.1,1.91,0.62,0.61,-0.48,0.07,1,1,0,0,1,1,-0.234,0.32,1,-0.46
5PAISA.NS,2026-05-19,09:15,BULLISH,LOW,307.25,0.17,3.6,0.95,1.38,-2.69,1.38,1,1,0,1,1,1,-2.25,0.654,1,-1.55
5PAISA.NS,2026-05-19,12:00,BULLISH,LOW,305.75,0.12,2.6,0.69,1.88,-0.25,1.88,1,1,1,1,1,1,0.39,,0,-1.12
5PAISA.NS,2026-05-19,14:00,BULLISH,LOW,306.2,0.07,1.5,0.4,1.73,0.0,1.73,1,1,1,1,0,1,0.098,,0,-0.65
5PAISA.NS,2026-05-20,09:15,BEARISH,HIGH,312.0,-7.32,-0.6,-2.42,0.43,-1.73,-0.32,1,1,0,0,1,0,,,0,-5.77
5PAISA.NS,2026-05-20,12:00,BEARISH,HIGH,313.35,-5.29,-0.43,-1.75,0.0,-1.5,-0.75,1,1,0,0,1,0,,,0,-4.17
5PAISA.NS,2026-05-20,14:00,BEARISH,HIGH,310.25,-3.05,-0.25,-1.01,0.56,-0.21,0.24,1,0,0,0,1,0,,,0,-2.41
5PAISA.NS,2026-05-21,09:15,BULLISH,LOW,317.0,0.14,3.07,0.67,2.18,-2.0,-0.62,1,1,1,1,1,1,-2.19,0.369,1,-0.98
5PAISA.NS,2026-05-21,12:00,BULLISH,LOW,321.6,0.1,2.22,0.48,0.11,-2.05,-2.04,1,1,0,0,1,1,-2.18,-1.636,1,-0.71
5PAISA.NS,2026-05-21,14:00,BULLISH,LOW,316.35,0.06,1.28,0.28,0.43,-0.41,-0.41,1,1,0,1,1,1,-0.022,-0.022,1,-0.41
5PAISA.NS,2026-05-22,09:15,BEARISH,MEDIUM,321.85,-4.62,-0.17,-1.23,0.67,-2.44,-2.14,1,1,1,1,1,0,,,0,-2.94
5PAISA.NS,2026-05-22,12:00,BEARISH,MEDIUM,316.9,-3.34,-0.12,-0.89,0.25,-0.63,-0.62,1,1,0,0,1,0,,,0,-2.12
5PAISA.NS,2026-05-22,14:00,BEARISH,MEDIUM,316.65,-1.93,-0.07,-0.51,0.0,-0.55,-0.54,1,1,0,1,1,0,,,0,-1.23
5PAISA.NS,2026-05-25,09:15,BULLISH,LOW,317.6,0.12,2.96,0.72,1.98,0.0,0.88,1,1,1,1,1,1,0.424,,0,-1.1
5PAISA.NS,2026-05-25,12:00,BULLISH,LOW,321.7,0.09,2.13,0.52,0.37,-1.06,-0.4,1,1,0,0,1,1,-0.704,0.222,1,-0.8
5PAISA.NS,2026-05-25,14:00,BULLISH,LOW,320.65,0.05,1.23,0.3,0.5,-0.73,-0.08,1,1,0,1,1,1,0.003,0.003,1,-0.46
5PAISA.NS,2026-05-26,09:15,BEARISH,MEDIUM,316.75,-3.98,-0.16,-1.15,6.38,0.0,5.68,0,0,0,0,1,0,,,0,-2.74
5PAISA.NS,2026-05-26,12:00,BEARISH,MEDIUM,319.35,-2.87,-0.11,-0.83,5.51,-0.25,4.82,1,1,0,0,1,0,,,0,-1.98
5PAISA.NS,2026-05-26,14:00,BEARISH,MEDIUM,327.0,-1.66,-0.07,-0.48,3.04,-0.31,2.37,1,1,0,0,1,0,,,0,-1.14
5PAISA.NS,2026-05-27,09:15,BEARISH,MEDIUM,341.5,-8.64,-0.21,-2.01,0.0,-3.32,-2.58,1,1,0,1,1,0,,,0,-4.78
5PAISA.NS,2026-05-27,12:00,BEARISH,MEDIUM,333.7,-6.24,-0.15,-1.45,0.99,-1.06,-0.3,1,1,0,0,1,0,,,0,-3.45
5PAISA.NS,2026-05-27,14:00,BEARISH,MEDIUM,331.45,-3.6,-0.09,-0.84,1.67,-0.12,0.38,1,1,0,0,1,0,,,0,-1.99
5PAISA.NS,2026-05-29,09:15,NEUTRAL,HIGH,335.0,-0.5,0.5,0.0,0.3,-2.69,-2.39,0,1,1,0,1,0,,,0,-0.05
5PAISA.NS,2026-05-29,12:00,NEUTRAL,HIGH,331.05,-0.5,0.5,0.0,0.42,-1.53,-1.22,0,1,1,0,1,0,,,0,-0.04
5PAISA.NS,2026-05-29,14:00,NEUTRAL,HIGH,330.75,-0.5,0.5,0.0,0.35,-1.44,-1.13,0,1,1,0,1,0,,,0,-0.02
5PAISA.NS,2026-06-01,09:15,BULLISH,HIGH,339.85,0.19,4.8,1.3,0.0,-5.55,-4.16,0,0,0,0,1,1,-1.9,-1.9,1,-0.84
5PAISA.NS,2026-06-01,12:00,BULLISH,HIGH,330.35,0.14,3.47,0.94,0.5,-2.83,-1.41,1,1,0,0,1,1,-1.9,-1.9,1,-0.61
5PAISA.NS,2026-06-01,14:00,BULLISH,HIGH,324.65,0.08,2.0,0.54,0.32,-0.48,0.32,1,1,0,0,1,1,0.023,0.242,1,-0.35
5PAISA.NS,2026-06-02,09:15,BULLISH,HIGH,321.0,0.21,4.95,1.36,2.17,-0.83,1.54,1,1,0,1,1,1,1.055,,0,-0.99
5PAISA.NS,2026-06-02,12:00,BULLISH,HIGH,323.1,0.15,3.58,0.98,1.01,-1.16,0.88,1,1,0,1,1,1,0.678,0.678,1,-0.71
5PAISA.NS,2026-06-02,14:00,BULLISH,HIGH,324.65,0.09,2.07,0.57,0.52,-0.97,0.4,1,1,0,0,1,1,0.1,0.267,1,-0.41
5PAISA.NS,2026-06-03,09:15,BULLISH,LOW,328.0,0.11,3.21,0.75,0.0,-3.05,-0.96,0,0,0,0,1,1,-1.99,0.453,1,-1.39
5PAISA.NS,2026-06-03,12:00,BULLISH,LOW,320.15,0.08,2.32,0.54,1.98,-0.67,1.47,1,1,1,1,1,1,0.243,,0,-1.0
5PAISA.NS,2026-06-03,14:00,BULLISH,LOW,323.0,0.04,1.34,0.32,1.08,-0.26,0.57,1,1,1,1,1,1,0.016,,0,-0.58
5PAISA.NS,2026-06-04,09:15,BULLISH,LOW,319.1,0.1,3.01,0.76,2.26,0.0,0.38,1,1,1,1,1,1,0.458,,0,-1.31
5PAISA.NS,2026-06-04,12:00,BULLISH,LOW,322.95,0.07,2.17,0.55,0.31,-0.82,-0.82,1,1,0,0,1,1,-1.121,,0,-0.94
5PAISA.NS,2026-06-04,14:00,BULLISH,LOW,322.45,0.04,1.26,0.32,0.06,-0.67,-0.67,1,1,0,0,1,1,-0.967,0.016,1,-0.54
5PAISA.NS,2026-06-05,09:15,BULLISH,HIGH,323.8,0.17,3.67,1.1,0.09,-4.23,-3.74,1,0,0,0,1,1,-1.91,-1.91,1,-0.62
5PAISA.NS,2026-06-05,12:00,BULLISH,HIGH,318.0,0.13,2.65,0.8,0.46,-2.48,-1.98,1,1,0,0,1,1,-1.91,-1.91,1,-0.45
5PAISA.NS,2026-06-05,14:00,BULLISH,HIGH,312.0,0.07,1.53,0.46,0.64,-0.61,-0.1,1,1,0,1,1,1,0.158,0.158,1,-0.26
5PAISA.NS,2026-06-08,09:15,BULLISH,HIGH,307.0,0.24,5.34,1.58,1.82,-0.55,0.44,1,1,0,1,1,1,1.283,,0,-0.93
5PAISA.NS,2026-06-08,12:00,BULLISH,HIGH,308.65,0.17,3.86,1.14,0.89,-1.09,-0.1,1,1,0,0,1,1,-0.397,0.277,1,-0.67
5PAISA.NS,2026-06-08,14:00,BULLISH,HIGH,308.55,0.1,2.23,0.66,0.29,-1.05,-0.06,1,1,0,0,1,1,-0.365,0.361,1,-0.39
5PAISA.NS,2026-06-09,09:15,BULLISH,HIGH,307.1,0.18,4.23,1.3,1.55,-0.94,1.38,1,1,0,1,1,1,0.999,0.999,1,-0.7
5PAISA.NS,2026-06-09,12:00,BULLISH,HIGH,308.75,0.13,3.06,0.94,1.0,-0.13,0.84,1,1,0,1,1,1,0.636,,0,-0.5
5PAISA.NS,2026-06-09,14:00,BULLISH,HIGH,309.35,0.08,1.77,0.54,0.81,-0.29,0.65,1,1,0,1,1,1,0.24,0.24,1,-0.29
5PAISA.NS,2026-06-10,09:15,BEARISH,LOW,311.3,-2.79,-0.09,-0.63,0.98,-3.76,-2.67,1,1,1,1,0,0,,,0,-1.49
5PAISA.NS,2026-06-10,12:00,BEARISH,LOW,309.35,-2.01,-0.06,-0.45,0.26,-3.15,-2.05,1,1,1,1,0,0,,,0,-1.07
5PAISA.NS,2026-06-10,14:00,BEARISH,LOW,309.0,-1.16,-0.04,-0.26,0.16,-3.04,-1.94,1,1,1,1,0,0,,,0,-0.62
5PAISA.NS,2026-06-11,09:15,BULLISH,HIGH,302.15,0.26,6.55,2.25,0.88,-1.04,0.07,1,1,0,0,1,1,-0.234,0.634,1,-0.86
5PAISA.NS,2026-06-11,12:00,BULLISH,HIGH,303.1,0.19,4.73,1.63,0.56,-0.36,-0.25,1,1,0,0,1,1,-0.547,,0,-0.62
5PAISA.NS,2026-06-11,14:00,BULLISH,HIGH,303.15,0.11,2.73,0.94,0.25,-0.28,-0.26,1,1,0,0,1,1,-0.564,,0,-0.36
5PAISA.NS,2026-06-12,09:15,BULLISH,LOW,310.5,0.11,3.2,0.86,0.16,-1.64,-0.23,1,1,0,0,1,1,-1.93,0.557,1,-0.96
5PAISA.NS,2026-06-12,12:00,BULLISH,LOW,307.15,0.08,2.31,0.62,1.25,-0.52,0.86,1,1,1,1,1,1,0.319,,0,-0.69
5PAISA.NS,2026-06-12,14:00,BULLISH,LOW,309.5,0.05,1.33,0.36,0.48,-0.27,0.1,1,1,0,1,1,1,0.059,,0,-0.4
5PAISA.NS,2026-06-15,09:15,BEARISH,LOW,317.9,-2.5,-0.1,-0.7,1.16,-1.1,-0.13,1,1,0,1,1,0,,,0,-1.67
5PAISA.NS,2026-06-15,12:00,BEARISH,LOW,318.65,-1.81,-0.07,-0.51,0.89,-1.07,-0.36,1,1,1,1,1,0,,,0,-1.2
5PAISA.NS,2026-06-15,14:00,BEARISH,LOW,317.95,-1.04,-0.04,-0.29,1.12,-0.85,-0.14,1,1,1,1,1,0,,,0,-0.7
5PAISA.NS,2026-06-16,09:15,BEARISH,MEDIUM,323.9,-4.17,-0.15,-1.19,2.62,-1.96,0.42,1,1,0,1,1,0,,,0,-2.83
5PAISA.NS,2026-06-16,12:00,BEARISH,MEDIUM,319.1,-3.01,-0.11,-0.86,4.17,-0.42,1.93,1,1,0,0,1,0,,,0,-2.04
5PAISA.NS,2026-06-16,14:00,BEARISH,MEDIUM,327.0,-1.74,-0.06,-0.5,0.4,-0.61,-0.54,1,1,0,1,1,0,,,0,-1.18
5PAISA.NS,2026-06-17,09:15,BEARISH,LOW,328.0,-4.93,-0.15,-1.26,0.12,-1.97,-1.46,1,1,0,1,1,0,,,0,-3.0
5PAISA.NS,2026-06-17,12:00,BEARISH,LOW,323.5,-3.56,-0.11,-0.91,0.59,-0.6,-0.09,1,1,0,0,1,0,,,0,-2.17
5PAISA.NS,2026-06-17,14:00,BEARISH,LOW,323.7,-2.06,-0.06,-0.53,0.02,-0.59,-0.15,1,1,0,1,1,0,,,0,-1.25
5PAISA.NS,2026-06-18,09:15,BULLISH,LOW,325.0,0.1,2.26,0.61,2.08,-1.22,-0.14,1,1,1,1,1,1,0.312,0.312,1,-0.84
5PAISA.NS,2026-06-18,12:00,BULLISH,LOW,328.25,0.07,1.63,0.44,0.08,-2.19,-1.13,1,1,0,0,1,1,-1.8,-1.8,1,-0.61
5PAISA.NS,2026-06-18,14:00,BULLISH,LOW,324.45,0.04,0.94,0.26,0.26,-1.05,0.03,1,1,0,1,1,1,-0.044,-0.044,1,-0.35
5PAISA.NS,2026-06-19,09:15,BEARISH,LOW,320.55,-3.87,-0.11,-0.88,3.45,-0.16,1.11,1,1,0,0,1,0,,,0,-2.1
5PAISA.NS,2026-06-19,12:00,BEARISH,LOW,324.5,-2.79,-0.08,-0.64,2.19,-0.28,-0.12,1,1,0,0,1,0,,,0,-1.52
5PAISA.NS,2026-06-19,14:00,BEARISH,LOW,327.3,-1.61,-0.05,-0.37,0.27,-1.13,-0.98,1,1,1,1,1,0,,,0,-0.88
5PAISA.NS,2026-06-22,09:15,NEUTRAL,LOW,326.0,-0.5,0.5,0.0,4.37,0.0,3.44,0,1,1,0,1,0,,,0,-1.77
5PAISA.NS,2026-06-22,12:00,NEUTRAL,LOW,336.2,-0.5,0.5,-0.0,1.2,-0.49,0.3,1,1,1,1,1,0,,,0,-1.28
5PAISA.NS,2026-06-22,14:00,NEUTRAL,LOW,337.95,-0.5,0.5,-0.0,0.31,-0.41,-0.22,1,1,1,1,1,0,,,0,-0.74
5PAISA.NS,2026-06-23,09:15,BEARISH,LOW,338.0,-4.24,-0.13,-0.99,2.01,-0.92,-0.86,1,1,0,0,1,0,,,0,-2.36
5PAISA.NS,2026-06-23,12:00,BEARISH,LOW,336.4,-3.06,-0.09,-0.72,0.89,-0.45,-0.39,1,1,0,0,1,0,,,0,-1.7
5PAISA.NS,2026-06-23,14:00,BEARISH,LOW,336.0,-1.77,-0.05,-0.41,1.01,-0.33,-0.27,1,1,0,0,1,0,,,0,-0.98
5PAISA.NS,2026-06-24,09:15,BULLISH,MEDIUM,336.55,0.16,3.43,0.96,5.84,-0.01,3.89,1,1,1,1,0,1,0.66,,0,-1.24
5PAISA.NS,2026-06-24,12:00,BULLISH,MEDIUM,339.15,0.11,2.48,0.69,5.03,-0.01,3.1,1,1,1,1,0,1,0.393,,0,-0.89
5PAISA.NS,2026-06-24,14:00,BULLISH,MEDIUM,353.5,0.07,1.43,0.4,0.27,-1.7,-1.09,1,1,0,0,1,1,-1.77,0.099,1,-0.52
5PAISA.NS,2026-06-25,09:15,BEARISH,HIGH,354.05,-6.42,-0.28,-2.02,1.61,-0.72,-0.08,1,1,0,0,1,0,,,0,-4.8
5PAISA.NS,2026-06-25,12:00,BEARISH,HIGH,352.15,-4.64,-0.2,-1.46,1.16,-0.18,0.45,1,0,0,0,1,0,,,0,-3.47
5PAISA.NS,2026-06-25,14:00,BEARISH,HIGH,351.75,-2.68,-0.12,-0.84,1.28,-0.06,0.57,1,0,0,0,1,0,,,0,-2.0
5PAISA.NS,2026-06-29,09:15,NEUTRAL,HIGH,350.45,-0.5,0.5,-0.0,2.13,-0.6,-0.13,1,1,1,1,1,0,,,0,-0.17
5PAISA.NS,2026-06-29,12:00,NEUTRAL,HIGH,352.75,-0.5,0.5,0.0,0.61,-0.78,-0.78,1,1,1,1,1,0,,,0,-0.12
5PAISA.NS,2026-06-29,14:00,NEUTRAL,HIGH,353.0,-0.5,0.5,0.0,0.41,-0.85,-0.85,1,1,1,1,1,0,,,0,-0.07
5PAISA.NS,2026-06-30,09:15,BULLISH,HIGH,351.4,0.19,3.64,1.18,1.52,-0.11,0.83,1,1,0,1,1,1,0.884,,0,-0.84
5PAISA.NS,2026-06-30,12:00,BULLISH,HIGH,353.8,0.13,2.63,0.85,0.62,-0.64,0.14,1,1,0,0,1,1,-0.159,0.554,1,-0.61
5PAISA.NS,2026-06-30,14:00,BULLISH,HIGH,352.1,0.08,1.52,0.49,0.97,-0.16,0.62,1,1,1,1,1,1,0.194,,0,-0.35
5PAISA.NS,2026-07-01,09:15,BEARISH,MEDIUM,353.45,-3.43,-0.12,-0.81,6.95,0.0,3.06,0,0,0,0,1,0,,,0,-1.92
5PAISA.NS,2026-07-01,12:00,BEARISH,MEDIUM,375.6,-2.48,-0.09,-0.58,0.0,-3.35,-3.02,1,1,1,1,0,0,,,0,-1.39
5PAISA.NS,2026-07-01,14:00,BEARISH,MEDIUM,363.55,-1.43,-0.05,-0.34,0.39,-0.07,0.19,1,1,0,0,1,0,,,0,-0.8
5PAISA.NS,2026-07-02,09:15,BEARISH,MEDIUM,366.35,-5.72,-0.18,-1.54,7.41,-0.4,4.26,1,1,0,0,1,0,,,0,-3.66
5PAISA.NS,2026-07-02,12:00,BEARISH,MEDIUM,366.0,-4.13,-0.13,-1.11,7.51,-0.23,4.36,1,1,0,0,1,0,,,0,-2.64
5PAISA.NS,2026-07-02,14:00,BEARISH,MEDIUM,377.85,-2.38,-0.07,-0.64,4.14,-0.87,1.09,1,1,0,1,1,0,,,0,-1.53
5PAISA.NS,2026-07-03,09:15,BEARISH,HIGH,390.5,-7.25,-0.22,-2.19,1.17,-1.91,-0.42,1,1,0,0,1,0,,,0,-5.21
5PAISA.NS,2026-07-03,12:00,BEARISH,HIGH,391.1,-5.24,-0.16,-1.58,0.0,-2.06,-0.58,1,1,0,1,1,0,,,0,-3.77
5PAISA.NS,2026-07-03,14:00,BEARISH,HIGH,385.8,-3.02,-0.09,-0.91,1.33,0.0,0.79,0,0,0,0,1,0,,,0,-2.17
5PAISA.NS,2026-07-06,09:15,BEARISH,MEDIUM,384.0,-4.41,-0.13,-1.14,2.33,-1.03,-0.61,1,1,0,0,1,0,,,0,-2.7
5PAISA.NS,2026-07-06,12:00,BEARISH,MEDIUM,387.55,-3.18,-0.09,-0.82,0.18,-1.94,-1.52,1,1,1,1,1,0,,,0,-1.95
5PAISA.NS,2026-07-06,14:00,BEARISH,MEDIUM,380.5,-1.84,-0.05,-0.47,0.41,-0.12,0.3,1,1,0,0,1,0,,,0,-1.13
5PAISA.NS,2026-07-07,09:15,BULLISH,HIGH,378.2,0.19,3.76,1.21,0.73,-3.53,-3.17,1,1,0,0,1,1,-1.75,-1.75,1,-0.73
5PAISA.NS,2026-07-07,12:00,BULLISH,HIGH,367.0,0.14,2.71,0.87,0.82,-0.54,-0.22,1,1,0,0,1,1,-0.518,0.572,1,-0.53
5PAISA.NS,2026-07-07,14:00,BULLISH,HIGH,369.7,0.08,1.57,0.5,0.08,-0.97,-0.95,1,1,0,0,1,1,-1.247,-0.939,1,-0.31
5PAISA.NS,2026-07-08,09:15,BULLISH,HIGH,364.0,0.22,5.45,1.61,3.39,-0.55,1.0,1,1,1,1,1,1,1.31,,0,-0.84
5PAISA.NS,2026-07-08,12:00,BULLISH,HIGH,371.25,0.16,3.94,1.16,1.37,-2.49,-0.97,1,1,0,1,1,1,-1.86,-1.86,1,-0.61
5PAISA.NS,2026-07-08,14:00,BULLISH,HIGH,368.85,0.09,2.27,0.67,0.04,-1.86,-0.33,1,0,0,0,1,1,-1.85,-0.275,1,-0.35
5PAISA.NS,2026-07-09,09:15,BEARISH,LOW,363.6,-3.26,-0.09,-0.83,4.74,0.0,3.96,0,0,0,0,1,0,,,0,-1.98
5PAISA.NS,2026-07-09,12:00,BEARISH,LOW,375.0,-2.35,-0.06,-0.6,1.25,0.0,0.8,0,0,0,0,1,0,,,0,-1.43
5PAISA.NS,2026-07-09,14:00,BEARISH,LOW,378.05,-1.36,-0.04,-0.35,0.44,-0.03,-0.01,1,0,0,0,1,0,,,0,-0.83
5PAISA.NS,2026-07-10,09:15,BEARISH,LOW,381.0,-2.7,-0.1,-0.7,0.0,-4.78,-4.2,1,1,1,1,0,0,,,0,-1.66
5PAISA.NS,2026-07-10,12:00,BEARISH,LOW,364.5,-1.95,-0.07,-0.5,1.1,-0.47,0.14,1,1,0,0,1,0,,,0,-1.2
5PAISA.NS,2026-07-10,14:00,BEARISH,LOW,366.85,-1.12,-0.04,-0.29,0.45,-0.5,-0.5,1,1,0,1,1,0,,,0,-0.69
5PAISA.NS,2026-07-13,09:15,BULLISH,HIGH,365.75,0.26,6.4,1.86,2.02,-1.12,1.98,1,1,0,1,1,1,1.559,1.559,1,-1.1
5PAISA.NS,2026-07-13,12:00,BULLISH,HIGH,370.6,0.19,4.62,1.34,0.69,-0.63,0.65,1,1,0,0,1,1,0.348,,0,-0.79
5PAISA.NS,2026-07-13,14:00,BULLISH,HIGH,370.15,0.11,2.67,0.78,0.81,0.0,0.77,1,1,0,1,1,1,0.475,,0,-0.46
5PAISA.NS,2026-07-14,09:15,BEARISH,LOW,369.45,-2.97,-0.09,-0.74,5.01,-0.5,3.53,1,1,0,0,1,0,,,0,-1.77
5PAISA.NS,2026-07-14,12:00,BEARISH,LOW,375.75,-2.15,-0.06,-0.54,2.46,-0.2,1.8,1,1,0,0,1,0,,,0,-1.28
5PAISA.NS,2026-07-14,14:00,BEARISH,LOW,378.0,-1.24,-0.04,-0.31,1.85,-0.4,1.19,1,1,0,1,1,0,,,0,-0.74
5PAISA.NS,2026-07-15,09:15,BEARISH,MEDIUM,398.0,-5.41,-0.15,-1.39,0.23,-2.78,-1.58,1,1,0,1,1,0,,,0,-3.32
5PAISA.NS,2026-07-15,12:00,BEARISH,MEDIUM,391.55,-3.91,-0.11,-1.01,1.12,-0.14,0.04,1,1,0,0,1,0,,,0,-2.39
5PAISA.NS,2026-07-15,14:00,BEARISH,MEDIUM,393.3,-2.26,-0.06,-0.58,0.06,-0.44,-0.41,1,1,0,0,1,0,,,0,-1.38
5PAISA.NS,2026-07-16,09:15,BEARISH,LOW,396.3,-4.53,-0.15,-1.2,0.0,-3.48,-3.23,1,1,1,1,1,0,,,0,-2.87
5PAISA.NS,2026-07-16,12:00,BEARISH,LOW,391.1,-3.27,-0.11,-0.87,0.46,-2.2,-1.94,1,1,1,1,1,0,,,0,-2.07
5PAISA.NS,2026-07-16,14:00,BEARISH,LOW,386.35,-1.89,-0.06,-0.5,0.36,-1.0,-0.74,1,1,1,1,1,0,,,0,-1.2
5PAISA.NS,2026-07-17,09:15,BULLISH,HIGH,381.85,0.2,3.88,1.25,0.0,-5.57,-3.89,0,0,0,0,1,1,-1.89,-1.89,1,-0.91
5PAISA.NS,2026-07-17,12:00,BULLISH,HIGH,366.35,0.15,2.81,0.91,0.85,-0.64,0.18,1,1,0,0,1,1,-0.123,,0,-0.66
5PAISA.NS,2026-07-17,14:00,BULLISH,HIGH,366.0,0.08,1.62,0.52,0.94,0.0,0.27,1,1,1,1,1,1,0.222,,0,-0.38
5PAISA.NS,2026-07-20,09:15,BULLISH,MEDIUM,365.6,0.24,6.95,1.84,3.79,-0.7,3.12,1,1,1,1,1,1,1.541,,0,-1.24
5PAISA.NS,2026-07-20,12:00,BULLISH,MEDIUM,365.8,0.17,5.02,1.33,3.73,-0.21,3.06,1,1,1,1,1,1,1.031,,0,-0.9
5PAISA.NS,2026-07-20,14:00,BULLISH,MEDIUM,369.7,0.1,2.9,0.77,2.64,-0.16,1.97,1,1,1,1,1,1,0.468,,0,-0.52
5PAISA.NS,2026-07-21,09:15,BEARISH,MEDIUM,385.0,-3.92,-0.1,-1.07,0.0,-3.64,-3.04,1,1,1,1,1,0,,,0,-2.54
5PAISA.NS,2026-07-21,12:00,BEARISH,MEDIUM,373.35,-2.83,-0.08,-0.77,0.66,-0.01,-0.01,1,0,0,0,1,0,,,0,-1.84
63MOONS.NS,2026-04-29,09:15,BEARISH,LOW,729.8,-4.62,-0.11,-1.01,4.82,-0.25,3.46,1,1,0,0,1,0,,,0,-2.41
63MOONS.NS,2026-04-29,12:00,BEARISH,LOW,756.55,-3.34,-0.08,-0.73,0.42,-0.87,-0.2,1,1,0,1,1,0,,,0,-1.74
63MOONS.NS,2026-04-29,14:00,BEARISH,LOW,751.5,-1.93,-0.05,-0.42,0.79,-0.2,0.47,1,1,0,0,1,0,,,0,-1.01
63MOONS.NS,2026-04-30,09:15,BEARISH,LOW,750.0,-6.44,-0.18,-1.56,1.1,-3.77,-1.07,1,1,1,1,1,0,,,0,-3.71
63MOONS.NS,2026-04-30,12:00,BEARISH,LOW,739.6,-4.65,-0.13,-1.13,2.42,-0.09,0.32,1,0,0,0,1,0,,,0,-2.68
63MOONS.NS,2026-04-30,14:00,BEARISH,LOW,752.25,-2.69,-0.07,-0.65,0.7,-1.46,-1.36,1,1,1,1,1,0,,,0,-1.55
63MOONS.NS,2026-05-04,09:15,NEUTRAL,HIGH,749.25,-0.5,0.5,0.0,1.03,-2.44,-0.83,1,1,1,1,1,0,,,0,-0.09
63MOONS.NS,2026-05-04,12:00,NEUTRAL,HIGH,744.5,-0.5,0.5,0.0,1.68,-1.05,-0.19,1,1,1,1,1,0,,,0,-0.06
63MOONS.NS,2026-05-04,14:00,NEUTRAL,HIGH,746.0,-0.5,0.5,0.0,1.47,-0.48,-0.4,1,1,1,1,1,0,,,0,-0.04
63MOONS.NS,2026-05-05,09:15,BULLISH,LOW,741.8,0.14,3.39,0.83,0.57,-2.06,-0.99,1,1,0,0,1,1,-2.2,-0.179,1,-1.11
63MOONS.NS,2026-05-05,12:00,BULLISH,LOW,728.05,0.1,2.45,0.6,1.23,-0.21,0.88,1,1,0,1,1,1,0.296,,0,-0.8
63MOONS.NS,2026-05-05,14:00,BULLISH,LOW,728.6,0.06,1.41,0.34,1.15,-0.29,0.8,1,1,1,1,1,1,0.044,,0,-0.46
63MOONS.NS,2026-05-06,09:15,BULLISH,HIGH,739.55,0.16,4.6,1.11,0.68,-1.09,0.15,1,1,0,0,1,1,-0.151,0.484,1,-0.63
63MOONS.NS,2026-05-06,12:00,BULLISH,HIGH,738.35,0.12,3.32,0.8,0.49,-0.85,0.31,1,1,0,0,1,1,0.012,0.502,1,-0.46
63MOONS.NS,2026-05-06,14:00,BULLISH,HIGH,733.9,0.07,1.92,0.46,1.1,-0.2,0.92,1,1,1,1,1,1,0.163,,0,-0.26
63MOONS.NS,2026-05-07,09:15,BEARISH,LOW,745.0,-2.88,-0.08,-0.77,1.88,-0.62,-0.02,1,1,0,0,1,0,,,0,-1.82
63MOONS.NS,2026-05-07,12:00,BEARISH,LOW,743.95,-2.08,-0.06,-0.55,0.42,-0.48,0.12,1,1,0,0,1,0,,,0,-1.32
63MOONS.NS,2026-05-07,14:00,BEARISH,LOW,743.9,-1.2,-0.04,-0.32,0.28,-0.39,0.13,1,1,0,1,1,0,,,0,-0.76
63MOONS.NS,2026-05-08,09:15,BULLISH,LOW,741.75,0.08,3.03,0.69,0.26,-2.19,-2.02,1,1,0,0,1,1,-2.05,-0.891,1,-1.44
63MOONS.NS,2026-05-08,12:00,BULLISH,LOW,731.2,0.05,2.19,0.5,0.23,-0.78,-0.61,1,1,0,0,1,1,-0.909,,0,-1.04
63MOONS.NS,2026-05-08,14:00,BULLISH,LOW,729.5,0.03,1.26,0.29,0.34,-0.55,-0.38,1,1,0,1,1,1,-0.012,,0,-0.6
63MOONS.NS,2026-05-11,09:15,BULLISH,HIGH,714.4,0.18,4.79,1.28,0.07,-2.44,-2.44,1,0,0,0,1,1,-2.1,-2.1,1,-0.65
63MOONS.NS,2026-05-11,12:00,BULLISH,HIGH,704.85,0.13,3.46,0.92,0.02,-1.12,-1.12,1,0,0,0,1,1,-1.421,-0.954,1,-0.47
63MOONS.NS,2026-05-11,14:00,BULLISH,HIGH,702.7,0.07,2.0,0.53,0.16,-0.82,-0.82,1,1,0,0,1,1,-1.118,-0.85,1,-0.27
63MOONS.NS,2026-05-12,09:15,BULLISH,HIGH,698.45,0.23,4.72,1.45,0.74,-5.8,-5.51,1,1,0,0,1,1,-2.15,-2.15,1,-0.69
63MOONS.NS,2026-05-12,12:00,BULLISH,HIGH,683.85,0.16,3.41,1.05,0.12,-3.79,-3.49,1,0,0,0,1,1,-2.15,-2.15,1,-0.5
63MOONS.NS,2026-05-12,14:00,BULLISH,HIGH,658.6,0.09,1.97,0.6,1.37,-0.1,0.21,1,1,1,1,1,1,0.304,,0,-0.29
63MOONS.NS,2026-05-13,09:15,BULLISH,HIGH,665.7,0.18,5.74,1.43,1.48,-0.75,-0.01,1,1,0,1,1,1,1.129,,0,-0.86
63MOONS.NS,2026-05-13,12:00,BULLISH,HIGH,669.15,0.13,4.14,1.03,0.5,-0.78,-0.52,1,1,0,0,1,1,-0.823,0.731,1,-0.62
63MOONS.NS,2026-05-13,14:00,BULLISH,HIGH,667.95,0.08,2.39,0.6,0.02,-0.6,-0.34,1,0,0,0,1,1,-0.644,-0.284,1,-0.36
63MOONS.NS,2026-05-14,09:15,BULLISH,LOW,670.7,0.11,2.96,0.71,1.08,-4.8,-2.89,1,1,0,1,1,1,-2.24,0.414,1,-1.17
63MOONS.NS,2026-05-14,12:00,BULLISH,LOW,647.9,0.08,2.14,0.52,1.17,-0.37,0.52,1,1,1,1,1,1,0.216,,0,-0.85
63MOONS.NS,2026-05-14,14:00,BULLISH,LOW,646.0,0.05,1.24,0.3,1.07,0.0,0.82,1,1,1,1,1,1,-0.003,,0,-0.49
63MOONS.NS,2026-05-15,09:15,BULLISH,HIGH,652.1,0.25,6.03,1.86,3.51,-1.09,-1.09,1,1,1,1,1,1,1.556,,0,-1.18
63MOONS.NS,2026-05-15,12:00,BULLISH,HIGH,657.85,0.18,4.36,1.34,0.56,-1.95,-1.95,1,1,0,0,1,1,-2.253,1.041,1,-0.85
63MOONS.NS,2026-05-15,14:00,BULLISH,HIGH,657.9,0.1,2.52,0.77,0.0,-1.96,-1.96,0,0,0,0,1,1,-2.261,-1.778,1,-0.49
63MOONS.NS,2026-05-18,09:15,BULLISH,HIGH,642.0,0.24,5.46,1.54,8.71,-2.96,4.72,1,1,1,1,0,1,-2.33,1.244,1,-1.09
63MOONS.NS,2026-05-18,12:00,BULLISH,HIGH,628.0,0.17,3.95,1.11,11.14,-0.8,7.05,1,1,1,1,0,1,0.815,0.815,1,-0.79
63MOONS.NS,2026-05-18,14:00,BULLISH,HIGH,630.0,0.1,2.28,0.64,10.79,-0.23,6.71,1,1,1,1,0,1,0.344,,0,-0.45
63MOONS.NS,2026-05-19,09:15,BEARISH,HIGH,694.0,-8.48,-0.6,-2.87,2.44,-4.67,0.84,1,1,1,1,1,0,,,0,-6.84
63MOONS.NS,2026-05-19,12:00,BEARISH,HIGH,689.7,-6.12,-0.43,-2.08,3.07,-0.43,1.47,1,1,0,0,1,0,,,0,-4.94
63MOONS.NS,2026-05-19,14:00,BEARISH,HIGH,698.3,-3.54,-0.25,-1.2,0.39,-0.32,0.22,1,1,0,0,1,0,,,0,-2.85
63MOONS.NS,2026-05-20,09:15,BEARISH,MEDIUM,691.0,-6.24,-0.22,-1.88,3.92,-1.29,-0.37,1,1,0,0,1,0,,,0,-4.48
63MOONS.NS,2026-05-20,12:00,BEARISH,MEDIUM,707.0,-4.5,-0.16,-1.36,0.79,-2.83,-2.62,1,1,1,1,1,0,,,0,-3.24
63MOONS.NS,2026-05-20,14:00,BEARISH,MEDIUM,689.7,-2.6,-0.09,-0.78,1.19,-0.25,-0.18,1,1,0,0,1,0,,,0,-1.87
63MOONS.NS,2026-05-21,09:15,BULLISH,MEDIUM,697.5,0.24,6.09,1.71,0.61,-2.36,-2.05,1,1,0,0,1,1,-2.46,-0.747,1,-1.61
63MOONS.NS,2026-05-21,12:00,BULLISH,MEDIUM,694.05,0.17,4.4,1.23,0.13,-1.87,-1.56,1,0,0,0,1,1,-1.863,-0.708,1,-1.16
63MOONS.NS,2026-05-21,14:00,BULLISH,MEDIUM,689.2,0.1,2.54,0.71,0.12,-1.18,-0.87,1,1,0,0,1,1,-1.171,0.411,1,-0.67
63MOONS.NS,2026-05-22,09:15,BULLISH,MEDIUM,685.0,0.15,3.65,1.0,0.66,-0.87,-0.74,1,1,0,0,1,1,-1.037,0.704,1,-0.84
63MOONS.NS,2026-05-22,12:00,BULLISH,MEDIUM,681.8,0.11,2.63,0.73,0.31,-0.4,-0.27,1,1,0,0,1,1,-0.571,,0,-0.61
63MOONS.NS,2026-05-22,14:00,BULLISH,MEDIUM,681.8,0.06,1.52,0.42,0.21,-0.4,-0.27,1,1,0,0,1,1,-0.571,0.119,1,-0.35
63MOONS.NS,2026-05-25,09:15,BULLISH,MEDIUM,682.05,0.13,3.63,0.85,1.6,-6.17,-6.17,1,1,0,1,1,1,-2.31,-2.31,1,-0.77
63MOONS.NS,2026-05-25,12:00,BULLISH,MEDIUM,669.95,0.09,2.62,0.61,0.01,-4.48,-4.48,1,0,0,0,1,1,-2.31,-2.31,1,-0.55
63MOONS.NS,2026-05-25,14:00,BULLISH,MEDIUM,655.0,0.05,1.51,0.35,0.56,-2.3,-2.3,1,1,0,1,1,1,-2.3,0.054,1,-0.32
63MOONS.NS,2026-05-26,09:15,BULLISH,HIGH,642.0,0.28,8.06,2.23,2.9,-2.8,-2.6,1,1,0,1,1,1,-2.54,1.929,1,-1.13
63MOONS.NS,2026-05-26,12:00,BULLISH,HIGH,647.3,0.21,5.83,1.61,0.14,-3.59,-3.4,1,0,0,0,1,1,-2.53,-2.53,1,-0.81
63MOONS.NS,2026-05-26,14:00,BULLISH,HIGH,634.95,0.12,3.36,0.93,0.27,-1.72,-1.52,1,1,0,0,1,1,-1.82,-1.355,1,-0.47
63MOONS.NS,2026-05-27,09:15,BULLISH,HIGH,631.5,0.29,8.94,2.32,0.55,-1.5,0.24,1,1,0,0,1,1,-0.062,1.155,1,-1.2
63MOONS.NS,2026-05-27,12:00,BULLISH,HIGH,631.65,0.21,6.45,1.68,0.48,-1.35,0.21,1,1,0,0,1,1,-0.086,0.793,1,-0.87
63MOONS.NS,2026-05-27,14:00,BULLISH,HIGH,625.0,0.12,3.73,0.97,1.55,-0.3,1.28,1,1,0,1,1,1,0.67,,0,-0.5
63MOONS.NS,2026-05-29,09:15,NEUTRAL,HIGH,634.5,-0.5,0.5,0.0,0.07,-5.85,-3.89,0,1,1,0,1,0,,,0,-0.0
63MOONS.NS,2026-05-29,12:00,NEUTRAL,HIGH,622.85,-0.5,0.5,0.0,0.0,-4.09,-2.1,0,1,1,0,1,0,,,0,-0.0
63MOONS.NS,2026-05-29,14:00,NEUTRAL,HIGH,607.05,-0.5,0.5,0.0,1.67,-0.54,0.45,1,1,1,1,1,0,,,0,-0.0
63MOONS.NS,2026-06-01,09:15,BULLISH,HIGH,615.9,0.28,8.87,2.22,3.64,-0.28,-0.05,1,1,0,1,1,1,1.92,,0,-1.03
63MOONS.NS,2026-06-01,12:00,BULLISH,HIGH,624.1,0.2,6.41,1.6,0.34,-1.59,-1.36,1,1,0,0,1,1,-1.662,-0.917,1,-0.75
63MOONS.NS,2026-06-01,14:00,BULLISH,HIGH,616.15,0.12,3.7,0.93,0.61,-0.32,-0.09,1,1,0,0,1,1,-0.389,,0,-0.43
63MOONS.NS,2026-06-02,09:15,BEARISH,LOW,609.0,-2.8,-0.1,-0.6,3.68,-0.49,2.63,1,1,0,0,1,0,,,0,-1.42
63MOONS.NS,2026-06-02,12:00,BEARISH,LOW,622.65,-2.03,-0.07,-0.43,0.99,-0.58,0.38,1,1,0,1,1,0,,,0,-1.03
63MOONS.NS,2026-06-02,14:00,BEARISH,LOW,627.15,-1.17,-0.04,-0.25,0.26,-1.29,-0.34,1,1,1,1,0,0,,,0,-0.59
63MOONS.NS,2026-06-03,09:15,BEARISH,LOW,623.75,-3.77,-0.12,-0.91,0.68,-3.17,-0.84,1,1,1,1,1,0,,,0,-2.18
63MOONS.NS,2026-06-03,12:00,BEARISH,LOW,607.8,-2.72,-0.09,-0.66,2.0,-0.63,1.76,1,1,0,0,1,0,,,0,-1.57
63MOONS.NS,2026-06-03,14:00,BEARISH,LOW,615.7,-1.57,-0.05,-0.38,0.69,-0.02,0.45,1,0,0,0,1,0,,,0,-0.91
63MOONS.NS,2026-06-04,09:15,BULLISH,MEDIUM,616.0,0.2,4.46,1.24,3.56,-0.14,0.66,1,1,1,1,1,1,0.939,,0,-1.0
63MOONS.NS,2026-06-04,12:00,BULLISH,MEDIUM,632.6,0.14,3.22,0.89,0.18,-2.13,-1.98,1,1,0,0,1,1,-2.32,-1.573,1,-0.72
63MOONS.NS,2026-06-04,14:00,BULLISH,MEDIUM,627.6,0.08,1.86,0.52,0.19,-1.35,-1.2,1,1,0,0,1,1,-1.503,0.216,1,-0.42
63MOONS.NS,2026-06-05,09:15,BEARISH,LOW,624.9,-3.74,-0.12,-0.87,2.25,-1.14,1.61,1,1,0,1,1,0,,,0,-2.06
63MOONS.NS,2026-06-05,12:00,BEARISH,LOW,627.8,-2.7,-0.09,-0.63,1.78,-1.59,1.14,1,1,1,1,1,0,,,0,-1.49
63MOONS.NS,2026-06-05,14:00,BEARISH,LOW,619.5,-1.56,-0.05,-0.36,3.14,-0.13,2.49,1,1,0,0,1,0,,,0,-0.86
63MOONS.NS,2026-06-08,09:15,BEARISH,MEDIUM,622.3,-5.0,-0.18,-1.41,4.3,-0.21,2.06,1,1,0,0,1,0,,,0,-3.36
63MOONS.NS,2026-06-08,12:00,BEARISH,MEDIUM,635.0,-3.61,-0.13,-1.02,0.87,-0.62,0.02,1,1,0,0,1,0,,,0,-2.43
63MOONS.NS,2026-06-08,14:00,BEARISH,MEDIUM,633.3,-2.08,-0.08,-0.59,0.89,-0.29,0.28,1,1,0,0,1,0,,,0,-1.4
63MOONS.NS,2026-06-09,09:15,BULLISH,LOW,636.6,0.12,3.48,0.84,4.78,-0.08,2.73,1,1,1,1,0,1,0.544,,0,-1.75
63MOONS.NS,2026-06-09,12:00,BULLISH,LOW,656.0,0.09,2.51,0.61,0.85,-1.3,-0.3,1,1,0,1,1,1,0.308,0.308,1,-1.26
63MOONS.NS,2026-06-09,14:00,BULLISH,LOW,650.55,0.05,1.45,0.35,0.67,-0.47,0.53,1,1,0,1,1,1,0.052,,0,-0.73
63MOONS.NS,2026-06-10,09:15,BEARISH,HIGH,655.0,-6.27,-0.22,-1.72,1.67,-4.31,-1.7,1,1,1,1,1,0,,,0,-4.1
63MOONS.NS,2026-06-10,12:00,BEARISH,HIGH,642.8,-4.53,-0.16,-1.24,0.81,-2.49,0.16,1,1,1,1,1,0,,,0,-2.96
63MOONS.NS,2026-06-10,14:00,BEARISH,HIGH,633.0,-2.61,-0.09,-0.72,2.37,0.0,1.71,0,0,0,0,1,0,,,0,-1.71
63MOONS.NS,2026-06-11,09:15,BULLISH,HIGH,635.5,0.24,6.02,1.71,2.59,-0.9,0.93,1,1,0,1,1,1,1.406,,0,-1.0
63MOONS.NS,2026-06-11,12:00,BULLISH,HIGH,649.5,0.18,4.35,1.23,0.38,-2.54,-1.25,1,1,0,0,1,1,-2.24,-0.831,1,-0.72
63MOONS.NS,2026-06-11,14:00,BULLISH,HIGH,642.0,0.1,2.51,0.71,0.68,-0.9,-0.09,1,1,0,0,1,1,-0.393,0.412,1,-0.42
63MOONS.NS,2026-06-12,09:15,BULLISH,MEDIUM,649.85,0.15,3.8,1.12,2.1,0.0,1.42,1,1,1,1,1,1,0.819,,0,-0.96
63MOONS.NS,2026-06-12,12:00,BULLISH,MEDIUM,654.0,0.11,2.74,0.81,1.45,-0.15,0.78,1,1,1,1,1,1,0.507,,0,-0.7
63MOONS.NS,2026-06-12,14:00,BULLISH,MEDIUM,659.95,0.06,1.58,0.47,0.54,-0.33,-0.13,1,1,0,1,1,1,0.167,,0,-0.4
63MOONS.NS,2026-06-15,09:15,BEARISH,MEDIUM,671.0,-4.54,-0.17,-1.23,1.94,-1.48,-1.34,1,1,0,1,1,0,,,0,-2.92
63MOONS.NS,2026-06-15,12:00,BEARISH,MEDIUM,668.65,-3.28,-0.12,-0.89,0.12,-1.13,-0.99,1,1,0,1,1,0,,,0,-2.11
63MOONS.NS,2026-06-15,14:00,BEARISH,MEDIUM,664.75,-1.89,-0.07,-0.51,0.1,-0.55,-0.41,1,1,0,1,1,0,,,0,-1.22
63MOONS.NS,2026-06-16,09:15,BULLISH,LOW,665.55,0.12,2.98,0.69,0.98,-0.51,0.59,1,1,0,1,1,1,0.388,,0,-1.22
63MOONS.NS,2026-06-16,12:00,BULLISH,LOW,667.85,0.09,2.16,0.5,0.4,-0.85,0.25,1,1,0,0,1,1,-0.053,,0,-0.88
63MOONS.NS,2026-06-16,14:00,BULLISH,LOW,666.0,0.05,1.24,0.29,0.68,-0.11,0.53,1,1,1,1,1,1,-0.013,,0,-0.51
63MOONS.NS,2026-06-17,09:15,BEARISH,MEDIUM,673.0,-4.08,-0.13,-0.95,1.34,-0.8,-0.51,1,1,0,0,1,0,,,0,-2.27
63MOONS.NS,2026-06-17,12:00,BEARISH,MEDIUM,674.05,-2.94,-0.09,-0.69,0.27,-0.9,-0.67,1,1,0,1,1,0,,,0,-1.64
63MOONS.NS,2026-06-17,14:00,BEARISH,MEDIUM,674.9,-1.7,-0.05,-0.4,0.0,-1.02,-0.79,1,1,1,1,1,0,,,0,-0.95
63MOONS.NS,2026-06-18,09:15,BULLISH,LOW,666.6,0.1,2.7,0.58,0.81,-1.37,0.05,1,1,0,1,1,1,0.281,,0,-1.37
63MOONS.NS,2026-06-18,12:00,BULLISH,LOW,659.0,0.07,1.95,0.42,1.72,-0.15,1.2,1,1,1,1,1,1,0.12,,0,-0.99
63MOONS.NS,2026-06-18,14:00,BULLISH,LOW,663.45,0.04,1.12,0.24,0.67,-0.35,0.52,1,1,1,1,1,1,-0.057,,0,-0.57
63MOONS.NS,2026-06-19,09:15,BEARISH,MEDIUM,669.0,-3.94,-0.15,-1.1,1.2,-0.89,0.33,1,1,0,0,1,0,,,0,-2.62
63MOONS.NS,2026-06-19,12:00,BEARISH,MEDIUM,669.55,-2.85,-0.11,-0.79,0.52,-0.82,0.25,1,1,0,1,1,0,,,0,-1.89
63MOONS.NS,2026-06-19,14:00,BEARISH,MEDIUM,669.55,-1.64,-0.06,-0.46,0.47,-0.74,0.25,1,1,0,1,1,0,,,0,-1.09
63MOONS.NS,2026-06-22,09:15,BEARISH,MEDIUM,672.5,-3.49,-0.12,-0.92,2.42,-0.07,1.56,1,0,0,0,1,0,,,0,-2.18
63MOONS.NS,2026-06-22,12:00,BEARISH,MEDIUM,676.15,-2.52,-0.08,-0.66,1.86,-0.31,1.01,1,1,0,0,1,0,,,0,-1.58
63MOONS.NS,2026-06-22,14:00,BEARISH,MEDIUM,680.0,-1.46,-0.05,-0.38,1.29,-0.12,0.44,1,1,0,0,1,0,,,0,-0.91
63MOONS.NS,2026-06-23,09:15,BEARISH,MEDIUM,682.3,-3.74,-0.13,-1.04,0.89,-2.1,-0.57,1,1,1,1,1,0,,,0,-2.48
63MOONS.NS,2026-06-23,12:00,BEARISH,MEDIUM,671.8,-2.7,-0.09,-0.75,2.47,-0.57,0.98,1,1,0,0,1,0,,,0,-1.79
63MOONS.NS,2026-06-23,14:00,BEARISH,MEDIUM,681.6,-1.56,-0.05,-0.44,0.22,-0.58,-0.47,1,1,0,1,1,0,,,0,-1.04
63MOONS.NS,2026-06-24,09:15,BULLISH,MEDIUM,679.2,0.15,3.58,1.05,2.33,-1.06,-0.32,1,1,1,1,1,1,0.751,,0,-1.11
63MOONS.NS,2026-06-24,12:00,BULLISH,MEDIUM,684.95,0.11,2.59,0.76,0.0,-1.31,-1.16,0,0,0,0,1,1,-1.461,-0.664,1,-0.8
63MOONS.NS,2026-06-24,14:00,BULLISH,MEDIUM,678.8,0.06,1.49,0.44,0.4,-0.41,-0.27,1,1,0,0,1,1,-0.565,,0,-0.46
63MOONS.NS,2026-06-25,09:15,BULLISH,MEDIUM,680.0,0.12,2.85,0.79,0.49,-3.47,-1.16,1,1,0,0,1,1,-1.8,0.494,1,-1.0
63MOONS.NS,2026-06-25,12:00,BULLISH,MEDIUM,660.5,0.09,2.06,0.57,2.17,-0.62,1.76,1,1,1,1,0,1,0.274,,0,-0.72
63MOONS.NS,2026-06-25,14:00,BULLISH,MEDIUM,667.1,0.05,1.19,0.33,1.15,-0.23,0.75,1,1,1,1,1,1,0.031,,0,-0.42
63MOONS.NS,2026-06-29,09:15,NEUTRAL,HIGH,669.1,-0.5,0.5,0.0,0.0,-2.29,-1.8,0,1,1,0,1,0,,,0,-0.14
63MOONS.NS,2026-06-29,12:00,NEUTRAL,HIGH,657.0,-0.5,0.5,0.0,0.84,-0.49,0.01,1,1,1,1,1,0,,,0,-0.1
63MOONS.NS,2026-06-29,14:00,NEUTRAL,HIGH,659.45,-0.5,0.5,-0.0,0.46,-0.52,-0.36,1,1,1,1,1,0,,,0,-0.06
63MOONS.NS,2026-06-30,09:15,BULLISH,HIGH,658.15,0.13,3.46,0.98,1.04,-1.05,-0.65,1,1,0,1,1,1,0.675,0.675,1,-0.65
63MOONS.NS,2026-06-30,12:00,BULLISH,HIGH,659.65,0.09,2.5,0.7,0.0,-1.08,-0.88,0,0,0,0,1,1,-1.179,-0.711,1,-0.47
63MOONS.NS,2026-06-30,14:00,BULLISH,HIGH,655.1,0.05,1.44,0.41,0.5,-0.39,-0.19,1,1,0,1,1,1,0.108,0.108,1,-0.27
63MOONS.NS,2026-07-01,09:15,BULLISH,HIGH,657.05,0.1,3.03,0.79,3.14,-0.16,1.35,1,1,1,1,0,1,0.491,,0,-0.6
63MOONS.NS,2026-07-01,12:00,BULLISH,HIGH,666.3,0.07,2.19,0.57,0.41,-0.87,-0.05,1,1,0,0,1,1,-0.353,0.272,1,-0.43
63MOONS.NS,2026-07-01,14:00,BULLISH,HIGH,665.25,0.04,1.26,0.33,0.52,-0.55,0.11,1,1,0,1,1,1,0.031,0.031,1,-0.25
63MOONS.NS,2026-07-02,09:15,BEARISH,MEDIUM,667.9,-3.35,-0.09,-0.77,1.01,-2.08,-0.76,1,1,1,1,1,0,,,0,-1.83
63MOONS.NS,2026-07-02,12:00,BEARISH,MEDIUM,662.0,-2.42,-0.07,-0.55,0.45,-0.68,0.13,1,1,0,1,1,0,,,0,-1.32
63MOONS.NS,2026-07-02,14:00,BEARISH,MEDIUM,663.3,-1.4,-0.04,-0.32,0.26,-0.38,-0.07,1,1,0,1,1,0,,,0,-0.76
63MOONS.NS,2026-07-03,09:15,BULLISH,MEDIUM,667.0,0.12,2.95,0.81,1.05,-1.62,-1.15,1,1,0,1,1,1,-1.67,-0.61,1,-0.84
63MOONS.NS,2026-07-03,12:00,BULLISH,MEDIUM,660.55,0.09,2.13,0.58,0.22,-0.66,-0.18,1,1,0,0,1,1,-0.482,0.131,1,-0.61
63MOONS.NS,2026-07-03,14:00,BULLISH,MEDIUM,661.2,0.05,1.23,0.34,0.01,-0.76,-0.28,1,0,0,0,1,1,-0.58,-0.23,1,-0.35
63MOONS.NS,2026-07-06,09:15,BULLISH,MEDIUM,661.05,0.11,2.47,0.66,7.68,-1.67,6.19,1,1,1,1,0,1,-1.66,0.363,1,-0.7
63MOONS.NS,2026-07-06,12:00,BULLISH,MEDIUM,660.9,0.08,1.79,0.48,7.7,-0.25,6.21,1,1,1,1,0,1,0.178,,0,-0.51
63MOONS.NS,2026-07-06,14:00,BULLISH,MEDIUM,686.0,0.05,1.03,0.28,3.76,-0.14,2.33,1,1,1,1,0,1,-0.023,,0,-0.29
63MOONS.NS,2026-07-07,09:15,BEARISH,HIGH,711.0,-7.13,-0.35,-2.29,3.28,-1.46,-0.04,1,1,0,0,1,0,,,0,-5.46
63MOONS.NS,2026-07-07,12:00,BEARISH,HIGH,715.85,-5.15,-0.25,-1.66,0.16,-1.79,-0.71,1,1,0,1,1,0,,,0,-3.94
63MOONS.NS,2026-07-07,14:00,BEARISH,HIGH,709.9,-2.97,-0.15,-0.96,0.85,-0.13,0.12,1,0,0,0,1,0,,,0,-2.28
63MOONS.NS,2026-07-08,09:15,BEARISH,MEDIUM,706.05,-7.38,-0.24,-1.76,1.65,-7.11,-5.54,1,1,1,1,1,0,,,0,-4.19
63MOONS.NS,2026-07-08,12:00,BEARISH,MEDIUM,701.5,-5.33,-0.17,-1.27,0.2,-6.51,-4.93,1,1,1,1,0,0,,,0,-3.03
63MOONS.NS,2026-07-08,14:00,BEARISH,MEDIUM,690.0,-3.08,-0.1,-0.73,0.02,-4.95,-3.34,1,1,1,1,0,0,,,0,-1.75
63MOONS.NS,2026-07-09,09:15,BULLISH,HIGH,672.1,0.29,7.57,2.25,1.32,-1.06,-0.31,1,1,0,0,1,1,-0.612,1.953,1,-1.03
63MOONS.NS,2026-07-09,12:00,BULLISH,HIGH,673.9,0.21,5.47,1.63,1.05,-0.58,-0.58,1,1,0,0,1,1,-0.879,,0,-0.74
63MOONS.NS,2026-07-09,14:00,BULLISH,HIGH,676.25,0.12,3.16,0.94,0.29,-0.92,-0.92,1,1,0,0,1,1,-1.224,-0.796,1,-0.43
63MOONS.NS,2026-07-10,09:15,BULLISH,LOW,673.0,0.1,2.79,0.74,1.57,-1.63,0.71,1,1,1,1,1,1,0.44,0.44,1,-1.13
63MOONS.NS,2026-07-10,12:00,BULLISH,LOW,670.55,0.07,2.02,0.53,1.66,-1.28,1.08,1,1,1,1,1,1,0.234,0.234,1,-0.82
63MOONS.NS,2026-07-10,14:00,BULLISH,LOW,666.95,0.04,1.17,0.31,2.2,-0.43,1.63,1,1,1,1,0,1,0.009,,0,-0.47
63MOONS.NS,2026-07-13,09:15,BULLISH,LOW,693.05,0.1,2.83,0.71,11.97,0.0,5.84,1,1,1,1,0,1,0.411,,0,-1.2
63MOONS.NS,2026-07-13,12:00,BULLISH,LOW,742.65,0.07,2.04,0.51,0.4,-1.65,-1.23,1,1,0,0,1,1,-1.93,0.213,1,-0.86
63MOONS.NS,2026-07-13,14:00,BULLISH,LOW,738.45,0.04,1.18,0.3,0.77,-1.08,-0.67,1,1,1,1,1,1,-0.003,-0.003,1,-0.5
63MOONS.NS,2026-07-14,09:15,BEARISH,LOW,734.0,-10.57,-0.32,-3.13,1.9,-2.74,-1.34,1,1,0,0,1,0,,,0,-7.46
63MOONS.NS,2026-07-14,12:00,BEARISH,LOW,724.8,-7.64,-0.23,-2.26,0.83,-1.46,-0.09,1,1,0,0,1,0,,,0,-5.38
63MOONS.NS,2026-07-14,14:00,BEARISH,LOW,724.1,-4.41,-0.13,-1.31,0.08,-1.37,0.01,1,1,0,1,1,0,,,0,-3.11
63MOONS.NS,2026-07-15,09:15,BULLISH,MEDIUM,731.0,0.24,4.12,1.36,1.71,-1.92,-1.84,1,1,0,1,1,1,-2.15,-0.867,1,-1.28
63MOONS.NS,2026-07-15,12:00,BULLISH,MEDIUM,732.85,0.17,2.98,0.98,0.0,-2.17,-2.09,0,0,0,0,1,1,-2.14,-1.469,1,-0.93
63MOONS.NS,2026-07-15,14:00,BULLISH,MEDIUM,725.0,0.1,1.72,0.57,0.15,-1.11,-1.03,1,1,0,0,1,1,-1.328,-0.8,1,-0.53
63MOONS.NS,2026-07-16,09:15,BULLISH,HIGH,724.0,0.17,3.3,0.92,0.39,-5.25,-4.47,1,1,0,0,1,1,-2.13,0.621,1,-0.97
63MOONS.NS,2026-07-16,12:00,BULLISH,HIGH,691.8,0.12,2.38,0.66,0.64,-0.69,-0.02,1,1,0,0,1,1,-0.322,,0,-0.7
63MOONS.NS,2026-07-16,14:00,BULLISH,HIGH,689.6,0.07,1.37,0.38,0.59,-0.26,0.3,1,1,0,1,1,1,0.084,,0,-0.4
63MOONS.NS,2026-07-17,09:15,BULLISH,HIGH,690.0,0.22,4.18,1.27,5.64,-1.88,4.75,1,1,1,1,0,1,0.972,0.972,1,-0.76
63MOONS.NS,2026-07-17,12:00,BULLISH,HIGH,681.9,0.16,3.02,0.92,6.9,-0.72,6.0,1,1,1,1,0,1,0.619,0.619,1,-0.55
63MOONS.NS,2026-07-17,14:00,BULLISH,HIGH,692.95,0.09,1.74,0.53,5.2,-0.23,4.31,1,1,1,1,0,1,0.231,,0,-0.31
63MOONS.NS,2026-07-20,09:15,BEARISH,MEDIUM,719.0,-5.24,-0.16,-1.4,2.45,-0.95,1.2,1,1,0,0,1,0,,,0,-3.32
63MOONS.NS,2026-07-20,12:00,BEARISH,MEDIUM,716.05,-3.79,-0.11,-1.01,2.87,-0.11,1.62,1,1,0,0,1,0,,,0,-2.4
63MOONS.NS,2026-07-20,14:00,BEARISH,MEDIUM,733.0,-2.19,-0.07,-0.58,0.14,-0.73,-0.73,1,1,0,1,1,0,,,0,-1.39
63MOONS.NS,2026-07-21,09:15,BEARISH,LOW,725.8,-3.19,-0.1,-0.85,2.35,-0.51,1.54,1,1,0,0,1,0,,,0,-2.02
63MOONS.NS,2026-07-21,12:00,BEARISH,LOW,735.6,-2.31,-0.08,-0.61,0.99,-0.35,0.19,1,1,0,0,1,0,,,0,-1.46
A2ZINFRA.NS,2026-04-29,09:15,BULLISH,MEDIUM,16.9,0.19,4.5,1.18,0.59,-2.66,-0.12,1,1,0,0,1,1,-2.15,0.883,1,-0.84
A2ZINFRA.NS,2026-04-29,12:00,BULLISH,MEDIUM,16.81,0.14,3.25,0.83,0.77,-0.42,0.42,1,1,0,0,1,1,0.116,,0,-0.61
A2ZINFRA.NS,2026-04-29,14:00,BULLISH,MEDIUM,16.89,0.08,1.88,0.47,0.0,-0.24,-0.06,0,0,0,0,1,1,-0.359,,0,-0.35
A2ZINFRA.NS,2026-04-30,09:15,BULLISH,MEDIUM,16.8,0.19,4.8,1.13,0.89,-0.89,0.89,1,1,0,0,1,1,0.593,,0,-1.1
A2ZINFRA.NS,2026-04-30,12:00,BULLISH,MEDIUM,16.89,0.14,3.47,0.83,0.36,-1.01,0.36,1,1,0,0,1,1,0.055,0.529,1,-0.79
A2ZINFRA.NS,2026-05-04,09:15,BULLISH,MEDIUM,17.1,0.13,3.97,0.82,0.0,-2.63,-1.17,0,0,0,0,1,1,-2.07,0.519,1,-1.05
A2ZINFRA.NS,2026-05-04,12:00,BULLISH,MEDIUM,16.86,0.09,2.87,0.59,1.13,-0.36,0.24,1,1,0,1,1,1,0.293,,0,-0.76
A2ZINFRA.NS,2026-05-04,14:00,BULLISH,MEDIUM,16.9,0.05,1.66,0.36,0.0,-0.41,0.0,0,0,0,0,1,1,-0.3,,0,-0.44
A2ZINFRA.NS,2026-05-05,09:15,BEARISH,LOW,16.98,-2.57,-0.08,-0.65,0.0,-3.42,-2.83,1,1,1,1,0,0,,,0,-1.48
A2ZINFRA.NS,2026-05-05,12:00,BEARISH,LOW,16.6,-1.85,-0.05,-0.42,0.9,-0.9,-0.6,1,1,0,1,1,0,,,0,-1.07
A2ZINFRA.NS,2026-05-05,14:00,BEARISH,LOW,16.5,-1.07,-0.03,-0.24,1.21,-0.3,0.0,1,1,0,1,1,0,,,0,-0.62
A2ZINFRA.NS,2026-05-06,09:15,BULLISH,HIGH,16.49,0.27,5.53,1.52,1.94,-3.82,-0.61,1,1,0,1,1,1,-2.07,-2.07,1,-0.77
A2ZINFRA.NS,2026-05-06,12:00,BULLISH,HIGH,16.25,0.19,3.99,1.05,3.45,-1.54,0.86,1,1,1,1,1,1,0.746,0.746,1,-0.56
A2ZINFRA.NS,2026-05-06,14:00,BULLISH,HIGH,16.75,0.11,2.31,0.6,0.36,-3.76,-2.15,1,1,0,0,1,1,-2.04,0.297,1,-0.32
A2ZINFRA.NS,2026-05-07,09:15,BULLISH,HIGH,16.1,0.37,7.71,2.17,4.78,0.0,2.48,1,1,1,1,1,1,1.874,,0,-1.08
A2ZINFRA.NS,2026-05-07,12:00,BULLISH,HIGH,16.55,0.27,5.57,1.57,1.93,-2.48,-0.3,1,1,0,1,1,1,-2.13,1.271,1,-0.78
A2ZINFRA.NS,2026-05-07,14:00,BULLISH,HIGH,16.7,0.16,3.22,0.9,1.02,-1.5,-1.2,1,1,0,1,1,1,0.598,0.598,1,-0.45
A2ZINFRA.NS,2026-05-08,09:15,BEARISH,MEDIUM,16.81,-5.24,-0.2,-1.37,0.0,-4.05,-1.61,1,1,1,1,1,0,,,0,-3.27
A2ZINFRA.NS,2026-05-08,12:00,BEARISH,MEDIUM,16.51,-3.79,-0.14,-0.97,1.45,-2.3,0.18,1,1,1,1,1,0,,,0,-2.36
A2ZINFRA.NS,2026-05-08,14:00,BEARISH,MEDIUM,16.56,-2.19,-0.08,-0.54,0.36,-2.6,-0.12,1,1,1,1,0,0,,,0,-1.36
A2ZINFRA.NS,2026-05-11,09:15,BULLISH,HIGH,16.23,0.28,6.66,1.85,2.77,-1.29,0.43,1,1,0,1,1,1,1.548,1.548,1,-1.06
A2ZINFRA.NS,2026-05-11,12:00,BULLISH,HIGH,16.1,0.21,4.81,1.37,3.11,0.0,1.24,1,1,1,1,1,1,1.066,,0,-0.76
A2ZINFRA.NS,2026-05-12,09:15,BEARISH,MEDIUM,16.42,-4.16,-0.22,-1.16,2.13,-2.25,-1.04,1,1,1,1,1,0,,,0,-2.71
A2ZINFRA.NS,2026-05-12,14:00,BEARISH,MEDIUM,16.3,-1.73,-0.09,-0.49,0.12,-0.92,-0.31,1,1,1,1,1,0,,,0,-1.13
A2ZINFRA.NS,2026-05-13,09:15,BULLISH,MEDIUM,16.0,0.21,3.99,1.19,3.44,-4.06,-3.12,1,1,1,1,1,1,-2.13,-2.13,1,-1.2
A2ZINFRA.NS,2026-05-13,12:00,BULLISH,MEDIUM,16.0,0.15,2.88,0.88,0.0,-4.06,-3.12,0,0,0,0,1,1,-2.13,-2.13,1,-0.87
A2ZINFRA.NS,2026-05-13,14:00,BULLISH,MEDIUM,15.7,0.09,1.66,0.51,1.27,-2.23,-1.27,1,1,1,1,1,1,-2.09,0.21,1,-0.5
A2ZINFRA.NS,2026-05-14,09:15,BULLISH,HIGH,15.65,0.36,7.1,2.3,0.83,-5.94,-2.94,1,1,0,0,1,1,-3.02,-3.02,1,-1.19
A2ZINFRA.NS,2026-05-14,12:00,BULLISH,HIGH,15.52,0.26,5.13,1.68,1.68,-5.15,-2.13,1,1,0,0,1,1,-2.38,-2.38,1,-0.86
A2ZINFRA.NS,2026-05-14,14:00,BULLISH,HIGH,15.15,0.15,2.96,0.92,0.33,-0.59,0.26,1,1,0,0,1,1,-0.036,0.468,1,-0.5
A2ZINFRA.NS,2026-05-15,09:15,BULLISH,HIGH,14.89,0.41,8.03,2.69,3.43,0.0,0.2,1,1,0,1,1,1,2.386,,0,-1.17
A2ZINFRA.NS,2026-05-15,12:00,BULLISH,HIGH,15.06,0.29,5.8,1.93,0.0,-1.13,-0.93,0,0,0,0,1,1,-1.23,-0.38,1,-0.85
A2ZINFRA.NS,2026-05-15,14:00,BULLISH,HIGH,14.91,0.17,3.35,1.14,0.6,-0.13,0.07,1,1,0,0,1,1,-0.233,,0,-0.49
A2ZINFRA.NS,2026-05-18,09:15,BULLISH,HIGH,15.02,0.33,5.82,2.06,0.0,-4.79,-3.46,0,0,0,0,1,1,-2.32,-2.32,1,-0.99
A2ZINFRA.NS,2026-05-18,12:00,BULLISH,HIGH,14.66,0.24,4.2,1.5,1.57,-2.46,-1.09,1,1,0,1,1,1,-2.36,1.201,1,-0.71
A2ZINFRA.NS,2026-05-18,14:00,BULLISH,HIGH,14.63,0.14,2.43,0.89,0.07,-2.26,-0.89,1,0,0,0,1,1,-2.36,-0.781,1,-0.41
A2ZINFRA.NS,2026-05-19,09:15,BULLISH,HIGH,14.33,0.28,6.03,1.95,2.44,-2.02,-1.26,1,1,0,1,1,1,1.654,-0.589,1,-0.97
A2ZINFRA.NS,2026-05-19,12:00,BULLISH,HIGH,14.21,0.21,4.35,1.41,1.06,-1.2,-0.42,1,1,0,0,1,1,-0.722,-0.02,1,-0.7
A2ZINFRA.NS,2026-05-19,14:00,BULLISH,HIGH,14.28,0.12,2.51,0.77,0.0,-1.68,-0.91,0,0,0,0,1,1,-1.21,-0.812,1,-0.4
A2ZINFRA.NS,2026-05-20,09:15,BULLISH,HIGH,14.2,0.37,7.44,2.39,2.82,-2.11,1.06,1,1,0,1,1,1,2.094,2.094,1,-1.09
A2ZINFRA.NS,2026-05-20,12:00,BULLISH,HIGH,14.59,0.27,5.38,1.78,0.0,-3.36,-1.64,0,0,0,0,1,1,-2.44,-2.44,1,-0.79
A2ZINFRA.NS,2026-05-20,14:00,BULLISH,HIGH,14.5,0.16,3.1,1.03,0.0,-2.76,-1.03,0,0,0,0,1,1,-2.45,-2.45,1,-0.45
A2ZINFRA.NS,2026-05-21,09:15,BEARISH,LOW,14.34,-5.34,-0.22,-1.26,4.95,0.0,4.95,0,0,0,0,1,0,,,0,-2.95
A2ZINFRA.NS,2026-05-21,12:00,BEARISH,LOW,15.05,-3.86,-0.16,-0.86,0.0,-0.4,0.0,1,1,0,0,1,0,,,0,-2.13
A2ZINFRA.NS,2026-05-21,14:00,BEARISH,LOW,15.05,-2.23,-0.09,-0.53,0.0,-0.4,0.0,1,1,0,0,1,0,,,0,-1.23
A2ZINFRA.NS,2026-05-22,09:15,BEARISH,MEDIUM,15.4,-4.98,-0.15,-1.3,1.95,-2.6,1.3,1,1,1,1,1,0,,,0,-3.03
A2ZINFRA.NS,2026-05-22,12:00,BEARISH,MEDIUM,15.2,-3.6,-0.11,-0.92,2.63,-1.32,2.63,1,1,0,1,1,0,,,0,-2.19
A2ZINFRA.NS,2026-05-22,14:00,BEARISH,MEDIUM,15.06,-2.08,-0.06,-0.53,3.59,-0.2,3.59,1,1,0,0,1,0,,,0,-1.26
A2ZINFRA.NS,2026-05-25,09:15,BEARISH,MEDIUM,15.53,-5.37,-0.16,-1.35,0.45,-4.96,-4.7,1,1,1,1,1,0,,,0,-3.19
A2ZINFRA.NS,2026-05-25,12:00,BEARISH,MEDIUM,15.1,-3.88,-0.11,-0.99,0.0,-2.25,-1.99,1,1,1,1,1,0,,,0,-2.31
A2ZINFRA.NS,2026-05-25,14:00,BEARISH,MEDIUM,14.88,-2.24,-0.07,-0.54,0.0,-0.74,-0.54,1,1,0,1,1,0,,,0,-1.33
A2ZINFRA.NS,2026-05-26,09:15,BULLISH,HIGH,14.78,0.27,8.2,2.23,1.29,-4.4,-1.96,1,1,0,0,1,1,-2.35,-2.35,1,-1.11
A2ZINFRA.NS,2026-05-26,12:00,BULLISH,HIGH,14.28,0.2,5.92,1.61,2.24,-1.05,1.47,1,1,0,1,1,1,1.311,1.311,1,-0.8
A2ZINFRA.NS,2026-05-26,14:00,BULLISH,HIGH,14.5,0.11,3.42,0.9,0.69,-1.59,-0.07,1,1,0,0,1,1,-0.369,0.597,1,-0.46
A2ZINFRA.NS,2026-05-27,09:15,BULLISH,HIGH,14.4,0.27,7.32,1.94,3.4,-0.62,2.43,1,1,0,1,1,1,1.644,,0,-1.06
A2ZINFRA.NS,2026-05-27,12:00,BULLISH,HIGH,14.55,0.19,5.29,1.37,1.37,-0.34,1.37,1,1,0,1,1,1,1.075,,0,-0.77
A2ZINFRA.NS,2026-05-27,14:00,BULLISH,HIGH,14.62,0.11,3.05,0.82,0.89,-0.55,0.89,1,1,0,1,1,1,0.521,0.521,1,-0.44
A2ZINFRA.NS,2026-05-29,09:15,NEUTRAL,HIGH,14.66,-0.5,0.5,0.0,2.32,-1.57,-0.41,1,1,1,1,1,0,,,0,-0.0
A2ZINFRA.NS,2026-05-29,12:00,NEUTRAL,HIGH,14.54,-0.5,0.5,0.0,2.13,-0.62,0.41,1,1,1,1,1,0,,,0,-0.0
A2ZINFRA.NS,2026-05-29,14:00,NEUTRAL,HIGH,14.66,-0.5,0.5,0.0,1.3,-1.02,-0.41,1,1,1,1,1,0,,,0,-0.0
A2ZINFRA.NS,2026-06-01,09:15,BULLISH,HIGH,14.83,0.24,6.18,1.55,0.0,-6.88,-6.07,0,0,0,0,1,1,-2.2,-2.2,1,-0.9
A2ZINFRA.NS,2026-06-01,12:00,BULLISH,HIGH,13.85,0.17,4.46,1.16,1.66,-0.22,0.58,1,1,0,1,1,1,0.855,,0,-0.65
A2ZINFRA.NS,2026-06-01,14:00,BULLISH,HIGH,13.97,0.1,2.58,0.64,0.21,-0.5,-0.29,1,1,0,0,1,1,-0.586,-0.216,1,-0.37
A2ZINFRA.NS,2026-06-02,09:15,BULLISH,HIGH,14.49,0.25,7.4,2.07,0.0,-6.0,-0.41,0,0,0,0,1,1,-2.53,-2.53,1,-1.14
A2ZINFRA.NS,2026-06-02,12:00,BULLISH,HIGH,13.96,0.18,5.34,1.5,3.44,-0.43,3.37,1,1,1,1,1,1,1.204,,0,-0.82
A2ZINFRA.NS,2026-06-02,14:00,BULLISH,HIGH,14.25,0.1,3.08,0.84,1.33,0.0,1.26,1,1,0,1,1,1,0.542,,0,-0.48
A2ZINFRA.NS,2026-06-03,09:15,BEARISH,LOW,14.02,-4.51,-0.12,-0.93,5.71,0.0,3.78,0,0,0,0,1,0,,,0,-2.19
A2ZINFRA.NS,2026-06-03,12:00,BEARISH,LOW,14.25,-3.26,-0.09,-0.63,4.0,-0.28,2.11,1,1,0,0,1,0,,,0,-1.58
A2ZINFRA.NS,2026-06-03,14:00,BEARISH,LOW,14.35,-1.88,-0.05,-0.42,3.28,-0.28,1.39,1,1,0,0,1,0,,,0,-0.91
A2ZINFRA.NS,2026-06-04,09:15,BEARISH,MEDIUM,14.67,-4.44,-0.13,-1.23,4.98,-0.14,4.02,1,1,0,0,1,0,,,0,-2.86
A2ZINFRA.NS,2026-06-04,12:00,BEARISH,MEDIUM,15.05,-3.21,-0.1,-0.86,2.33,0.0,1.4,0,0,0,0,1,0,,,0,-2.07
A2ZINFRA.NS,2026-06-04,14:00,BEARISH,MEDIUM,15.2,-1.85,-0.06,-0.53,0.59,0.0,0.39,0,0,0,0,1,0,,,0,-1.19
A2ZINFRA.NS,2026-06-05,09:15,BEARISH,MEDIUM,14.8,-5.53,-0.16,-1.42,5.88,-1.82,-0.41,1,1,0,1,1,0,,,0,-3.4
A2ZINFRA.NS,2026-06-05,14:00,BEARISH,MEDIUM,14.69,-2.3,-0.07,-0.61,0.48,-1.09,0.34,1,1,0,1,1,0,,,0,-1.42
A2ZINFRA.NS,2026-06-08,09:15,BULLISH,HIGH,14.8,0.25,5.62,1.55,0.2,-4.05,-2.84,1,0,0,0,1,1,-2.42,-2.42,1,-1.01
A2ZINFRA.NS,2026-06-08,12:00,BULLISH,HIGH,14.7,0.18,4.06,1.09,0.0,-3.4,-2.18,0,0,0,0,1,1,-2.36,-2.36,1,-0.73
A2ZINFRA.NS,2026-06-08,14:00,BULLISH,HIGH,14.37,0.1,2.34,0.63,0.21,-1.18,0.07,1,1,0,0,1,1,-0.23,0.326,1,-0.42
A2ZINFRA.NS,2026-06-09,09:15,BULLISH,HIGH,14.89,0.21,4.9,1.28,0.0,-5.71,-2.48,0,0,0,0,1,1,-2.47,-2.47,1,-0.92
A2ZINFRA.NS,2026-06-09,12:00,BULLISH,HIGH,14.09,0.15,3.54,0.92,3.19,0.0,3.05,1,1,1,1,1,1,0.623,,0,-0.66
A2ZINFRA.NS,2026-06-09,14:00,BULLISH,HIGH,14.5,0.09,2.04,0.55,0.28,-0.69,0.14,1,1,0,0,1,1,-0.162,0.22,1,-0.38
A2ZINFRA.NS,2026-06-10,09:15,BEARISH,LOW,14.9,-2.77,-0.1,-0.67,0.0,-4.23,-3.02,1,1,1,1,0,0,,,0,-1.62
A2ZINFRA.NS,2026-06-10,12:00,BEARISH,LOW,14.5,-2.0,-0.07,-0.48,0.69,-1.59,-0.34,1,1,1,1,1,0,,,0,-1.17
A2ZINFRA.NS,2026-06-10,14:00,BEARISH,LOW,14.5,-1.15,-0.04,-0.28,0.0,-1.31,-0.34,1,1,1,1,0,0,,,0,-0.67
A2ZINFRA.NS,2026-06-11,09:15,BULLISH,HIGH,14.32,0.22,5.39,1.61,4.75,-3.42,-1.19,1,1,1,1,1,1,-2.41,1.306,1,-0.86
A2ZINFRA.NS,2026-06-11,12:00,BULLISH,HIGH,14.22,0.16,3.9,1.2,5.49,-2.74,-0.49,1,1,1,1,0,1,-2.42,-2.42,1,-0.62
A2ZINFRA.NS,2026-06-11,14:00,BULLISH,HIGH,14.12,0.09,2.25,0.71,1.98,-0.85,0.21,1,1,1,1,1,1,0.408,0.408,1,-0.36
A2ZINFRA.NS,2026-06-12,09:15,BULLISH,LOW,14.5,0.27,6.43,1.79,1.52,-4.48,-2.07,1,1,0,0,1,1,-2.57,0.359,1,-2.71
A2ZINFRA.NS,2026-06-12,12:00,BULLISH,LOW,14.1,0.19,4.64,1.28,1.21,-1.77,0.71,1,1,0,0,1,1,0.409,,0,-1.95
A2ZINFRA.NS,2026-06-12,14:00,BULLISH,LOW,14.11,0.11,2.68,0.78,1.13,-0.21,0.64,1,1,0,1,1,1,0.48,,0,-1.13
A2ZINFRA.NS,2026-06-15,09:15,BULLISH,LOW,14.25,0.13,3.69,0.84,2.67,0.0,1.47,1,1,1,1,1,1,0.542,,0,-1.26
A2ZINFRA.NS,2026-06-15,12:00,BULLISH,LOW,14.57,0.1,2.67,0.62,0.0,-1.85,-0.75,0,0,0,0,1,1,-1.055,0.318,1,-0.91
A2ZINFRA.NS,2026-06-15,14:00,BULLISH,LOW,14.4,0.05,1.54,0.35,0.76,-0.69,0.42,1,1,0,1,1,1,0.047,0.047,1,-0.53
A2ZINFRA.NS,2026-06-16,09:15,BULLISH,LOW,14.6,0.07,2.91,0.55,0.0,-2.74,-1.99,0,0,0,0,1,1,-2.46,-0.794,1,-1.5
A2ZINFRA.NS,2026-06-16,12:00,BULLISH,LOW,14.41,0.05,2.1,0.42,0.21,-1.46,-0.69,1,1,0,0,1,1,-0.994,0.116,1,-1.08
A2ZINFRA.NS,2026-06-16,14:00,BULLISH,LOW,14.23,0.03,1.21,0.21,0.91,-0.21,0.56,1,1,1,1,1,1,-0.089,,0,-0.62
A2ZINFRA.NS,2026-06-17,09:15,BULLISH,HIGH,14.48,0.17,3.73,0.97,0.0,-1.86,-1.86,0,0,0,0,1,1,-2.165,-1.283,1,-0.89
A2ZINFRA.NS,2026-06-17,12:00,BULLISH,HIGH,14.4,0.12,2.69,0.69,0.0,-1.32,-1.32,0,0,0,0,1,1,-1.619,-0.974,1,-0.65
A2ZINFRA.NS,2026-06-17,14:00,BULLISH,HIGH,14.38,0.07,1.55,0.42,0.0,-1.18,-1.18,0,0,0,0,1,1,-1.482,-1.115,1,-0.37
A2ZINFRA.NS,2026-06-18,09:15,BEARISH,LOW,14.55,-2.83,-0.09,-0.69,0.69,-2.41,-1.44,1,1,1,1,1,0,,,0,-1.64
A2ZINFRA.NS,2026-06-18,12:00,BEARISH,LOW,14.51,-2.05,-0.07,-0.48,0.9,-2.14,-1.17,1,1,1,1,0,0,,,0,-1.18
A2ZINFRA.NS,2026-06-18,14:00,BEARISH,LOW,14.39,-1.18,-0.04,-0.28,0.0,-1.32,-0.35,1,1,1,1,0,0,,,0,-0.68
A2ZINFRA.NS,2026-06-19,09:15,BULLISH,HIGH,14.1,0.21,4.53,1.28,3.9,0.0,1.35,1,1,1,1,1,1,0.977,,0,-0.84
A2ZINFRA.NS,2026-06-19,14:00,BULLISH,HIGH,14.36,0.09,1.89,0.56,0.77,-0.7,-0.49,1,1,0,1,1,1,0.257,-0.438,1,-0.35
A2ZINFRA.NS,2026-06-22,09:15,BEARISH,LOW,14.36,-2.92,-0.11,-0.91,2.23,-1.81,-0.35,1,1,1,1,1,0,,,0,-2.09
A2ZINFRA.NS,2026-06-22,12:00,BEARISH,LOW,14.37,-2.11,-0.08,-0.63,0.49,-1.18,-0.42,1,1,1,1,1,0,,,0,-1.51
A2ZINFRA.NS,2026-06-22,14:00,BEARISH,LOW,14.38,-1.22,-0.04,-0.35,0.0,-1.04,-0.49,1,1,1,1,1,0,,,0,-0.87
A2ZINFRA.NS,2026-06-23,09:15,BULLISH,HIGH,14.17,0.21,4.61,1.27,2.33,-0.49,0.14,1,1,0,1,1,1,0.97,,0,-0.76
A2ZINFRA.NS,2026-06-23,12:00,BULLISH,HIGH,14.25,0.15,3.33,0.91,0.21,-1.05,-0.42,1,1,0,0,1,1,-0.721,-0.17,1,-0.55
A2ZINFRA.NS,2026-06-23,14:00,BULLISH,HIGH,14.2,0.09,1.92,0.56,0.0,-0.35,-0.07,0,0,0,0,1,1,-0.37,-0.05,1,-0.32
A2ZINFRA.NS,2026-06-24,09:15,BULLISH,HIGH,14.4,0.24,4.88,1.32,0.35,-3.47,-2.22,1,1,0,0,1,1,-2.19,-2.19,1,-0.89
A2ZINFRA.NS,2026-06-24,12:00,BULLISH,HIGH,14.0,0.18,3.52,0.93,0.57,-0.71,0.57,1,1,0,0,1,1,0.271,0.629,1,-0.65
A2ZINFRA.NS,2026-06-24,14:00,BULLISH,HIGH,13.99,0.1,2.03,0.57,0.64,-0.64,0.64,1,1,0,1,1,1,0.272,0.272,1,-0.37
A2ZINFRA.NS,2026-06-25,09:15,BULLISH,HIGH,14.19,0.26,4.78,1.41,0.0,-3.1,-2.75,0,0,0,0,1,1,-2.23,1.109,1,-1.42
A2ZINFRA.NS,2026-06-25,12:00,BULLISH,HIGH,13.88,0.19,3.45,1.01,0.5,-0.94,-0.58,1,1,0,0,1,1,-0.876,,0,-1.03
A2ZINFRA.NS,2026-06-29,09:15,NEUTRAL,HIGH,13.83,-0.5,0.5,0.0,2.46,-3.98,1.01,0,1,1,0,1,0,,,0,-0.01
A2ZINFRA.NS,2026-06-29,12:00,NEUTRAL,HIGH,13.85,-0.5,0.5,-0.0,0.87,-1.81,0.87,1,1,1,1,1,0,,,0,-0.0
A2ZINFRA.NS,2026-06-29,14:00,NEUTRAL,HIGH,13.93,-0.5,0.5,-0.0,0.29,-1.44,0.29,1,1,1,1,1,0,,,0,-0.0
A2ZINFRA.NS,2026-06-30,09:15,BULLISH,LOW,13.5,0.22,5.13,1.48,3.19,-1.33,-0.59,1,1,1,1,1,1,1.181,,0,-1.96
A2ZINFRA.NS,2026-06-30,12:00,BULLISH,LOW,13.44,0.16,3.71,1.04,1.79,-0.37,-0.15,1,1,0,1,1,1,0.742,,0,-1.42
A2ZINFRA.NS,2026-06-30,14:00,BULLISH,LOW,13.6,0.09,2.14,0.59,0.0,-1.54,-1.32,0,0,0,0,1,1,-1.624,-0.808,1,-0.82
A2ZINFRA.NS,2026-07-01,09:15,BULLISH,HIGH,13.83,0.26,5.09,1.45,0.36,-3.4,-3.4,1,1,0,0,1,1,-2.12,-2.12,1,-0.87
A2ZINFRA.NS,2026-07-01,12:00,BULLISH,HIGH,13.46,0.19,3.68,1.04,0.82,-0.74,-0.74,1,1,0,0,1,1,-1.043,-0.414,1,-0.63
A2ZINFRA.NS,2026-07-01,14:00,BULLISH,HIGH,13.47,0.11,2.12,0.59,0.0,-0.82,-0.82,0,0,0,0,1,1,-1.117,-0.758,1,-0.36
A2ZINFRA.NS,2026-07-02,09:15,BULLISH,HIGH,13.75,0.21,4.27,1.09,1.75,-4.0,-0.07,1,1,0,1,1,1,-2.14,-2.14,1,-1.05
A2ZINFRA.NS,2026-07-02,12:00,BULLISH,HIGH,13.35,0.15,3.09,0.82,4.79,-0.15,2.92,1,1,1,1,0,1,0.524,,0,-0.76
A2ZINFRA.NS,2026-07-02,14:00,BULLISH,HIGH,13.37,0.09,1.78,0.45,4.64,-0.22,2.77,1,1,1,1,0,1,0.149,,0,-0.44
A2ZINFRA.NS,2026-07-03,09:15,BEARISH,HIGH,13.8,-5.75,-0.32,-1.74,6.67,-1.67,1.38,1,1,0,0,1,0,,,0,-4.06
A2ZINFRA.NS,2026-07-03,12:00,BEARISH,HIGH,14.1,-4.15,-0.23,-1.21,0.35,-1.49,-0.78,1,1,0,1,1,0,,,0,-2.93
A2ZINFRA.NS,2026-07-03,14:00,BEARISH,HIGH,14.08,-2.4,-0.13,-0.71,0.07,-0.78,-0.64,1,1,0,1,1,0,,,0,-1.69
A2ZINFRA.NS,2026-07-06,09:15,BEARISH,LOW,14.28,-4.71,-0.19,-1.47,0.0,-4.62,-4.27,1,1,1,1,1,0,,,0,-3.53
A2ZINFRA.NS,2026-07-06,12:00,BEARISH,LOW,13.82,-3.4,-0.14,-1.09,1.01,-1.16,-1.09,1,1,0,1,1,0,,,0,-2.55
A2ZINFRA.NS,2026-07-06,14:00,BEARISH,LOW,13.8,-1.96,-0.08,-0.65,0.0,-1.01,-0.94,1,1,0,1,1,0,,,0,-1.47
A2ZINFRA.NS,2026-07-07,09:15,BULLISH,HIGH,14.29,0.2,4.37,1.19,0.0,-4.48,-4.13,0,0,0,0,1,1,-2.27,-2.27,1,-0.74
A2ZINFRA.NS,2026-07-07,12:00,BULLISH,HIGH,13.7,0.15,3.15,0.88,0.22,-0.36,0.0,1,1,0,0,1,1,-0.3,,0,-0.54
A2ZINFRA.NS,2026-07-07,14:00,BULLISH,HIGH,13.69,0.08,1.82,0.51,0.29,-0.29,0.07,1,1,0,0,1,1,-0.227,,0,-0.31
A2ZINFRA.NS,2026-07-08,09:15,BULLISH,HIGH,13.95,0.21,4.38,1.22,2.29,-3.15,-3.01,1,1,0,1,1,1,-2.25,0.919,1,-0.85
A2ZINFRA.NS,2026-07-08,12:00,BULLISH,HIGH,13.74,0.16,3.16,0.87,0.8,-1.67,-1.53,1,1,0,0,1,1,-1.828,0.573,1,-0.61
A2ZINFRA.NS,2026-07-08,14:00,BULLISH,HIGH,13.78,0.09,1.83,0.51,0.0,-1.96,-1.81,0,0,0,0,1,1,-2.114,-1.769,1,-0.35
A2ZINFRA.NS,2026-07-09,09:15,BULLISH,HIGH,13.97,0.17,3.62,0.93,0.5,-2.93,-2.08,1,1,0,0,1,1,-2.32,-2.32,1,-0.83
A2ZINFRA.NS,2026-07-09,12:00,BULLISH,HIGH,13.59,0.12,2.61,0.66,1.1,-0.22,0.66,1,1,0,1,1,1,0.362,,0,-0.6
A2ZINFRA.NS,2026-07-10,09:15,BULLISH,HIGH,13.5,0.14,4.25,1.11,2.07,-0.3,0.59,1,1,0,1,1,1,0.811,,0,-0.96
A2ZINFRA.NS,2026-07-10,12:00,BULLISH,HIGH,13.59,0.1,3.07,0.81,1.1,-0.96,-0.07,1,1,0,1,1,1,0.509,0.509,1,-0.69
A2ZINFRA.NS,2026-07-10,14:00,BULLISH,HIGH,13.65,0.06,1.77,0.44,0.0,-0.66,-0.51,0,0,0,0,1,1,-0.813,-0.413,1,-0.4
A2ZINFRA.NS,2026-07-13,09:15,BULLISH,MEDIUM,13.99,0.12,3.18,0.86,0.0,-7.08,-5.65,0,0,0,0,1,1,-2.25,0.558,1,-1.17
A2ZINFRA.NS,2026-07-13,12:00,BULLISH,MEDIUM,13.49,0.09,2.3,0.59,0.0,-3.63,-2.15,0,0,0,0,1,1,-2.24,-2.24,1,-0.84
A2ZINFRA.NS,2026-07-13,14:00,BULLISH,MEDIUM,13.2,0.05,1.33,0.38,0.68,-0.15,0.0,1,1,0,1,1,1,0.079,,0,-0.49
A2ZINFRA.NS,2026-07-14,09:15,BULLISH,HIGH,13.15,0.33,8.78,2.36,9.96,0.0,6.46,1,1,1,1,0,1,2.057,,0,-1.39
A2ZINFRA.NS,2026-07-14,12:00,BULLISH,HIGH,13.26,0.24,6.34,1.66,9.05,-0.83,5.58,1,1,1,1,0,1,1.359,,0,-1.0
A2ZINFRA.NS,2026-07-14,14:00,BULLISH,HIGH,13.29,0.14,3.66,0.98,8.8,-0.68,5.34,1,1,1,1,0,1,0.678,0.678,1,-0.58
A2ZINFRA.NS,2026-07-15,09:15,BEARISH,MEDIUM,14.46,-5.89,-0.23,-1.8,0.0,-8.85,-4.98,1,1,1,1,0,0,,,0,-4.24
A2ZINFRA.NS,2026-07-15,12:00,BEARISH,MEDIUM,13.4,-4.26,-0.17,-1.27,2.54,-1.64,2.54,1,1,0,1,1,0,,,0,-3.06
A2ZINFRA.NS,2026-07-15,14:00,BEARISH,MEDIUM,13.4,-2.46,-0.1,-0.75,2.54,-1.12,2.54,1,1,0,1,1,0,,,0,-1.77
A2ZINFRA.NS,2026-07-16,09:15,BULLISH,HIGH,13.6,0.28,9.58,2.57,0.0,-3.6,-2.06,0,0,0,0,1,1,-2.61,-2.61,1,-1.25
A2ZINFRA.NS,2026-07-16,12:00,BULLISH,HIGH,13.5,0.2,6.92,1.85,0.15,-1.48,-1.33,1,0,0,0,1,1,-1.633,-0.737,1,-0.9
A2ZINFRA.NS,2026-07-16,14:00,BULLISH,HIGH,13.4,0.12,4.0,1.04,0.37,-0.75,-0.6,1,1,0,0,1,1,-0.897,-0.377,1,-0.52
A2ZINFRA.NS,2026-07-17,09:15,BULLISH,LOW,13.36,0.19,4.95,1.27,3.29,-4.19,-4.19,1,1,1,1,1,1,-2.61,-1.833,1,-2.7
A2ZINFRA.NS,2026-07-17,12:00,BULLISH,LOW,13.03,0.14,3.57,0.92,0.61,-1.77,-1.77,1,1,0,0,1,1,-2.065,,0,-1.95
A2ZINFRA.NS,2026-07-17,14:00,BULLISH,LOW,12.91,0.08,2.06,0.54,0.46,-0.85,-0.85,1,1,0,0,1,1,-1.152,,0,-1.13
A2ZINFRA.NS,2026-07-20,09:15,BULLISH,HIGH,13.0,0.34,6.83,1.92,0.69,-3.69,-3.08,1,1,0,0,1,1,-2.71,-2.71,1,-1.02
A2ZINFRA.NS,2026-07-20,12:00,BULLISH,HIGH,12.71,0.25,4.93,1.42,0.08,-1.49,-0.87,1,0,0,0,1,1,-1.165,-0.426,1,-0.74
A2ZINFRA.NS,2026-07-20,14:00,BULLISH,HIGH,12.67,0.14,2.85,0.79,0.0,-0.79,-0.55,0,0,0,0,1,1,-0.852,-0.423,1,-0.43
A2ZINFRA.NS,2026-07-21,09:15,BULLISH,HIGH,12.5,0.32,6.61,1.6,4.56,0.0,3.52,1,1,1,1,1,1,1.3,,0,-0.94
A2ZINFRA.NS,2026-07-21,12:00,BULLISH,HIGH,12.83,0.23,4.78,1.17,1.87,0.0,0.86,1,1,0,1,1,1,0.869,,0,-0.68
AAATECH.NS,2026-04-29,09:15,BULLISH,MEDIUM,99.38,0.16,4.26,1.1,0.47,-0.77,0.07,1,1,0,0,1,1,-0.23,0.486,1,-0.71
AAATECH.NS,2026-04-29,12:00,BULLISH,MEDIUM,99.07,0.11,3.08,0.79,0.42,-0.46,0.38,1,1,0,0,1,1,0.084,,0,-0.51
AAATECH.NS,2026-04-29,14:00,BULLISH,MEDIUM,98.84,0.07,1.78,0.46,0.66,-0.23,0.62,1,1,0,1,1,1,0.155,,0,-0.29
AAATECH.NS,2026-04-30,09:15,BEARISH,LOW,99.55,-2.68,-0.08,-0.66,1.02,-0.95,-0.08,1,1,0,1,1,0,,,0,-1.59
AAATECH.NS,2026-04-30,12:00,BEARISH,LOW,99.35,-1.94,-0.06,-0.48,1.23,-0.35,0.12,1,1,0,0,1,0,,,0,-1.15
AAATECH.NS,2026-04-30,14:00,BEARISH,LOW,99.52,-1.12,-0.03,-0.28,0.13,-0.21,-0.05,1,1,0,0,1,0,,,0,-0.66
AAATECH.NS,2026-05-04,09:15,BULLISH,LOW,100.85,0.06,4.42,1.14,0.64,-1.62,-0.69,1,1,0,0,1,1,-0.994,0.84,1,-1.31
AAATECH.NS,2026-05-04,12:00,BULLISH,LOW,100.07,0.04,3.19,0.82,1.43,-0.85,0.08,1,1,0,1,1,1,0.519,,0,-0.95
AAATECH.NS,2026-05-04,14:00,BULLISH,LOW,100.23,0.02,1.84,0.47,0.05,-0.16,-0.08,1,1,0,0,1,1,-0.38,,0,-0.55
AAATECH.NS,2026-05-05,09:15,BEARISH,HIGH,99.07,-4.65,-0.15,-1.21,3.97,0.0,1.56,0,0,0,0,1,0,,,0,-2.88
AAATECH.NS,2026-05-05,12:00,BEARISH,HIGH,101.87,-3.36,-0.11,-0.87,0.13,-1.62,-1.23,1,1,0,1,1,0,,,0,-2.08
AAATECH.NS,2026-05-05,14:00,BEARISH,HIGH,101.34,-1.94,-0.06,-0.5,0.05,-1.11,-0.71,1,1,1,1,1,0,,,0,-1.2
AAATECH.NS,2026-05-06,09:15,BEARISH,MEDIUM,102.0,-3.35,-0.1,-0.81,0.0,-2.16,-1.96,1,1,1,1,1,0,,,0,-1.94
AAATECH.NS,2026-05-06,12:00,BEARISH,MEDIUM,100.24,-2.42,-0.07,-0.59,0.45,-0.44,-0.24,1,1,0,0,1,0,,,0,-1.4
AAATECH.NS,2026-05-07,09:15,BULLISH,MEDIUM,100.67,0.13,3.27,0.88,3.06,-3.57,-0.1,1,1,1,1,1,1,-1.59,-1.59,1,-0.77
AAATECH.NS,2026-05-07,12:00,BULLISH,MEDIUM,99.97,0.09,2.36,0.64,3.78,-2.89,0.6,1,1,1,1,0,1,-1.59,-1.59,1,-0.56
AAATECH.NS,2026-05-07,14:00,BULLISH,MEDIUM,98.96,0.05,1.36,0.37,4.84,-0.46,1.63,1,1,1,1,0,1,0.074,0.074,1,-0.32
AAATECH.NS,2026-05-08,09:15,BEARISH,LOW,101.8,-3.2,-0.1,-0.86,0.08,-2.15,-2.07,1,1,1,1,1,0,,,0,-2.06
AAATECH.NS,2026-05-08,12:00,BEARISH,LOW,101.03,-2.31,-0.07,-0.62,0.45,-1.41,-1.33,1,1,1,1,1,0,,,0,-1.49
AAATECH.NS,2026-05-08,14:00,BEARISH,LOW,101.0,-1.33,-0.04,-0.37,0.0,-1.38,-1.3,1,1,1,1,0,0,,,0,-0.86
AAATECH.NS,2026-05-11,09:15,BULLISH,HIGH,100.94,0.14,3.63,0.98,1.33,-2.91,-2.81,1,1,0,1,1,1,-1.7,0.681,1,-0.64
AAATECH.NS,2026-05-11,12:00,BULLISH,HIGH,99.7,0.1,2.62,0.71,0.18,-1.6,-1.6,1,1,0,0,1,1,-1.7,-1.45,1,-0.46
AAATECH.NS,2026-05-11,14:00,BULLISH,HIGH,99.69,0.06,1.51,0.41,0.19,-1.59,-1.59,1,1,0,0,1,1,-1.7,0.111,1,-0.27
AAATECH.NS,2026-05-12,09:15,BEARISH,LOW,99.5,-2.9,-0.21,-0.8,0.5,-8.19,-1.78,1,1,1,1,0,0,,,0,-1.91
AAATECH.NS,2026-05-12,12:00,BEARISH,LOW,96.25,-2.09,-0.15,-0.58,3.9,-5.09,1.54,1,1,1,1,0,0,,,0,-1.38
AAATECH.NS,2026-05-12,14:00,BEARISH,LOW,94.33,-1.21,-0.09,-0.34,6.01,-2.42,3.6,1,1,1,1,0,0,,,0,-0.8
AAATECH.NS,2026-05-13,09:15,BEARISH,HIGH,99.07,-6.66,-0.37,-1.83,0.72,-2.58,-1.76,1,1,0,1,1,0,,,0,-4.34
AAATECH.NS,2026-05-13,12:00,BEARISH,HIGH,98.82,-4.81,-0.26,-1.32,0.0,-2.34,-1.51,1,1,0,1,1,0,,,0,-3.14
AAATECH.NS,2026-05-13,14:00,BEARISH,HIGH,97.39,-2.78,-0.15,-0.76,0.72,-0.35,-0.06,1,1,0,0,1,0,,,0,-1.81
AAATECH.NS,2026-05-14,09:15,BULLISH,HIGH,98.5,0.17,3.29,1.01,0.0,-4.77,-4.58,0,0,0,0,1,1,-2.08,0.705,1,-1.16
AAATECH.NS,2026-05-14,12:00,BULLISH,HIGH,95.6,0.12,2.37,0.73,0.96,-1.68,-1.68,1,1,0,1,1,1,0.432,0.432,1,-0.84
AAATECH.NS,2026-05-14,14:00,BULLISH,HIGH,95.74,0.07,1.37,0.42,0.19,-1.83,-1.83,1,1,0,0,1,1,-2.06,0.118,1,-0.48
AAATECH.NS,2026-05-15,09:15,BULLISH,HIGH,95.0,0.35,6.89,2.21,0.83,-2.04,-2.04,1,1,0,0,1,1,-2.15,-1.482,1,-0.87
AAATECH.NS,2026-05-15,12:00,BULLISH,HIGH,94.7,0.26,4.98,1.59,0.25,-1.73,-1.73,1,0,0,0,1,1,-2.032,-1.409,1,-0.63
AAATECH.NS,2026-05-15,14:00,BULLISH,HIGH,94.61,0.15,2.87,0.92,0.16,-1.64,-1.64,1,1,0,0,1,1,-1.938,-1.583,1,-0.36
AAATECH.NS,2026-05-18,09:15,BULLISH,HIGH,92.62,0.28,4.99,1.74,2.01,-0.67,-0.13,1,1,0,1,1,1,1.438,,0,-0.68
AAATECH.NS,2026-05-18,12:00,BULLISH,HIGH,93.0,0.2,3.6,1.26,1.59,-1.04,-0.54,1,1,0,1,1,1,0.958,0.958,1,-0.49
AAATECH.NS,2026-05-18,14:00,BULLISH,HIGH,93.0,0.12,2.08,0.72,0.41,-1.04,-0.54,1,1,0,0,1,1,-0.838,-0.558,1,-0.28
AAATECH.NS,2026-05-19,09:15,BULLISH,HIGH,94.5,0.32,5.16,1.67,1.86,-2.5,-0.04,1,1,0,1,1,1,-2.16,1.372,1,-0.79
AAATECH.NS,2026-05-19,12:00,BULLISH,HIGH,95.98,0.23,3.73,1.21,0.0,-1.6,-1.58,0,0,0,0,1,1,-1.884,-1.319,1,-0.57
AAATECH.NS,2026-05-19,14:00,BULLISH,HIGH,95.19,0.13,2.15,0.69,0.01,-0.79,-0.77,1,0,0,0,1,1,-1.067,-0.738,1,-0.33
AAATECH.NS,2026-05-20,09:15,BEARISH,HIGH,96.96,-4.68,-0.32,-1.43,0.0,-4.6,-3.41,1,1,1,1,1,0,,,0,-3.41
AAATECH.NS,2026-05-20,12:00,BEARISH,HIGH,93.96,-3.38,-0.23,-1.03,0.02,-0.81,-0.33,1,1,0,0,1,0,,,0,-2.46
AAATECH.NS,2026-05-21,09:15,BULLISH,HIGH,94.0,0.19,4.15,0.97,0.44,-2.73,-2.13,1,1,0,0,1,1,-2.13,-2.13,1,-0.68
AAATECH.NS,2026-05-21,12:00,BULLISH,HIGH,93.22,0.14,2.99,0.7,0.3,-1.92,-1.31,1,1,0,0,1,1,-2.13,-1.123,1,-0.49
AAATECH.NS,2026-05-21,14:00,BULLISH,HIGH,93.5,0.08,1.73,0.41,0.0,-2.21,-1.6,0,0,0,0,1,1,-2.13,-2.13,1,-0.28
AAATECH.NS,2026-05-22,09:15,BULLISH,HIGH,93.04,0.16,4.21,1.02,0.74,-0.87,-0.8,1,1,0,0,1,1,-1.095,,0,-1.07
AAATECH.NS,2026-05-22,12:00,BULLISH,HIGH,93.73,0.12,3.04,0.74,0.0,-1.6,-1.53,0,0,0,0,1,1,-1.826,-1.062,1,-0.77
AAATECH.NS,2026-05-25,09:15,BULLISH,LOW,93.18,0.08,2.56,0.6,1.29,-0.36,-0.15,1,1,0,1,1,1,0.301,,0,-0.92
AAATECH.NS,2026-05-25,12:00,BULLISH,LOW,94.22,0.06,1.85,0.44,0.17,-1.25,-1.25,1,1,0,0,1,1,-1.552,0.135,1,-0.67
AAATECH.NS,2026-05-25,14:00,BULLISH,LOW,93.91,0.03,1.07,0.26,0.18,-0.93,-0.93,1,1,0,0,1,1,-1.226,-0.044,1,-0.39
AAATECH.NS,2026-05-26,09:15,NEUTRAL,LOW,94.0,-0.5,0.5,0.0,2.02,-3.03,0.02,1,1,1,1,1,0,,,0,-1.19
AAATECH.NS,2026-05-26,12:00,NEUTRAL,LOW,94.9,-0.5,0.5,-0.0,1.05,-1.45,-0.93,0,1,1,0,1,0,,,0,-0.86
AAATECH.NS,2026-05-26,14:00,NEUTRAL,LOW,95.85,-0.5,0.5,0.0,0.0,-1.92,-1.91,0,1,1,0,1,0,,,0,-0.5
AAATECH.NS,2026-05-27,09:15,BEARISH,LOW,94.58,-3.16,-0.09,-0.73,1.7,-0.37,0.44,1,1,0,0,1,0,,,0,-1.75
AAATECH.NS,2026-05-27,12:00,BEARISH,LOW,95.37,-2.28,-0.07,-0.53,0.14,-0.49,-0.39,1,1,0,0,1,0,,,0,-1.26
AAATECH.NS,2026-05-27,14:00,BEARISH,LOW,95.08,-1.32,-0.04,-0.31,0.44,-0.15,-0.08,1,1,0,0,1,0,,,0,-0.73
AAATECH.NS,2026-05-29,09:15,NEUTRAL,HIGH,95.99,-0.5,0.5,0.0,1.82,-3.32,-3.32,0,1,1,0,1,0,,,0,-0.13
AAATECH.NS,2026-05-29,12:00,NEUTRAL,HIGH,95.03,-0.5,0.5,0.0,2.47,-2.35,-2.35,0,1,1,0,1,0,,,0,-0.09
AAATECH.NS,2026-05-29,14:00,NEUTRAL,HIGH,96.54,-0.5,0.5,-0.0,0.03,-3.87,-3.87,0,1,1,0,1,0,,,0,-0.05
AAATECH.NS,2026-06-01,09:15,BULLISH,HIGH,93.22,0.2,5.68,1.42,0.84,-0.67,-0.24,1,1,0,0,1,1,-0.536,,0,-0.96
AAATECH.NS,2026-06-01,12:00,BULLISH,HIGH,93.18,0.14,4.1,1.03,0.02,-0.62,-0.19,1,0,0,0,1,1,-0.493,,0,-0.7
AAATECH.NS,2026-06-01,14:00,BULLISH,HIGH,92.92,0.08,2.37,0.59,0.09,-0.34,0.09,1,1,0,0,1,1,-0.214,,0,-0.4
AAATECH.NS,2026-06-02,09:15,BULLISH,MEDIUM,91.0,0.15,3.29,0.84,3.73,0.0,2.29,1,1,1,1,0,1,0.535,,0,-0.7
AAATECH.NS,2026-06-02,12:00,BULLISH,MEDIUM,94.25,0.11,2.37,0.6,0.15,-2.11,-1.24,1,1,0,0,1,1,-1.85,-1.85,1,-0.5
AAATECH.NS,2026-06-02,14:00,BULLISH,MEDIUM,93.39,0.06,1.37,0.35,0.25,-1.21,-0.33,1,1,0,0,1,1,-0.632,0.053,1,-0.29
AAATECH.NS,2026-06-03,09:15,BULLISH,HIGH,92.31,0.16,3.52,1.03,1.49,-1.85,0.55,1,1,0,1,1,1,-1.85,0.729,1,-0.77
AAATECH.NS,2026-06-03,14:00,BULLISH,HIGH,92.04,0.07,1.47,0.43,1.79,-1.34,0.85,1,1,1,1,0,1,0.135,0.135,1,-0.32
AAATECH.NS,2026-06-04,09:15,BULLISH,MEDIUM,93.0,0.16,3.7,0.96,0.0,-2.13,-0.75,0,0,0,0,1,1,-1.84,-0.222,1,-0.83
AAATECH.NS,2026-06-04,12:00,BULLISH,MEDIUM,92.0,0.11,2.67,0.7,0.54,-1.07,0.33,1,1,0,0,1,1,0.026,0.396,1,-0.6
AAATECH.NS,2026-06-04,14:00,BULLISH,MEDIUM,91.75,0.07,1.54,0.4,0.7,0.0,0.6,1,1,0,1,1,1,0.103,,0,-0.35
AAATECH.NS,2026-06-05,09:15,BULLISH,HIGH,93.0,0.19,4.2,1.19,0.0,-1.59,-0.3,0,0,0,0,1,1,-1.81,0.193,1,-0.79
AAATECH.NS,2026-06-05,12:00,BULLISH,HIGH,92.59,0.14,3.03,0.86,0.22,-0.82,0.14,1,1,0,0,1,1,-0.16,0.414,1,-0.57
AAATECH.NS,2026-06-05,14:00,BULLISH,HIGH,92.09,0.08,1.75,0.5,0.74,-0.1,0.68,1,1,0,1,1,1,0.2,,0,-0.33
AAATECH.NS,2026-06-08,09:15,BEARISH,LOW,92.15,-2.38,-0.07,-0.63,0.0,-1.27,0.0,1,1,1,1,1,0,,,0,-1.49
AAATECH.NS,2026-06-08,12:00,BEARISH,LOW,92.04,-1.72,-0.05,-0.46,0.12,-0.78,0.12,1,1,0,1,1,0,,,0,-1.08
AAATECH.NS,2026-06-08,14:00,BEARISH,LOW,91.8,-0.99,-0.03,-0.26,0.38,-0.44,0.38,1,1,0,1,1,0,,,0,-0.62
AAATECH.NS,2026-06-09,09:15,BULLISH,LOW,92.89,0.11,2.87,0.82,7.65,-0.96,2.87,1,1,1,1,0,1,0.518,0.518,1,-0.71
AAATECH.NS,2026-06-09,12:00,BULLISH,LOW,92.45,0.08,2.08,0.59,8.17,-0.49,3.36,1,1,1,1,0,1,0.295,,0,-0.51
AAATECH.NS,2026-06-09,14:00,BULLISH,LOW,93.14,0.05,1.2,0.34,7.37,0.0,2.6,1,1,1,1,0,1,0.044,,0,-0.29
AAATECH.NS,2026-06-10,09:15,BEARISH,MEDIUM,96.02,-4.85,-0.2,-1.65,0.0,-2.1,-2.05,1,1,0,1,1,0,,,0,-3.92
AAATECH.NS,2026-06-10,12:00,BEARISH,MEDIUM,94.79,-3.51,-0.14,-1.19,0.4,-0.83,-0.78,1,1,0,0,1,0,,,0,-2.83
AAATECH.NS,2026-06-11,09:15,BULLISH,LOW,93.99,0.1,2.42,0.63,4.45,0.0,4.16,1,1,1,1,0,1,0.328,,0,-1.01
AAATECH.NS,2026-06-11,12:00,BULLISH,LOW,96.18,0.07,1.75,0.46,2.07,-0.14,1.79,1,1,1,1,0,1,0.157,,0,-0.73
AAATECH.NS,2026-06-11,14:00,BULLISH,LOW,96.98,0.04,1.01,0.27,1.23,0.0,0.95,1,1,1,1,0,1,-0.032,,0,-0.42
AAATECH.NS,2026-06-12,09:15,BEARISH,HIGH,100.0,-6.35,-0.3,-1.98,0.0,-3.0,-1.9,1,1,0,1,1,0,,,0,-4.73
AAATECH.NS,2026-06-12,12:00,BEARISH,HIGH,98.39,-4.58,-0.21,-1.43,0.0,-1.4,-0.29,1,1,0,0,1,0,,,0,-3.41
AAATECH.NS,2026-06-12,14:00,BEARISH,HIGH,97.5,-2.65,-0.12,-0.83,0.67,-0.5,0.62,1,1,0,0,1,0,,,0,-1.97
AAATECH.NS,2026-06-15,09:15,BULLISH,MEDIUM,96.82,0.15,2.95,0.95,2.25,-0.77,-0.33,1,1,1,1,1,1,0.65,,0,-0.96
AAATECH.NS,2026-06-15,12:00,BULLISH,MEDIUM,97.39,0.11,2.13,0.69,0.0,-0.91,-0.91,0,0,0,0,1,1,-1.214,-0.515,1,-0.7
AAATECH.NS,2026-06-15,14:00,BULLISH,MEDIUM,96.78,0.06,1.23,0.39,0.23,-0.29,-0.29,1,1,0,0,1,1,-0.589,,0,-0.4
AAATECH.NS,2026-06-16,09:15,BULLISH,MEDIUM,97.41,0.14,3.37,0.91,0.38,-1.44,-0.45,1,1,0,0,1,1,-0.752,0.614,1,-0.92
AAATECH.NS,2026-06-16,12:00,BULLISH,MEDIUM,97.48,0.1,2.44,0.66,0.26,-0.9,-0.52,1,1,0,0,1,1,-0.823,0.357,1,-0.66
AAATECH.NS,2026-06-17,09:15,BEARISH,LOW,102.0,-3.04,-0.09,-0.71,0.0,-5.29,-4.31,1,1,1,1,0,0,,,0,-1.67
AAATECH.NS,2026-06-17,12:00,BEARISH,LOW,98.53,-2.2,-0.07,-0.51,0.0,-1.96,-0.94,1,1,1,1,1,0,,,0,-1.21
AAATECH.NS,2026-06-17,14:00,BEARISH,LOW,97.61,-1.27,-0.04,-0.3,0.4,-0.08,-0.01,1,1,0,0,1,0,,,0,-0.7
AAATECH.NS,2026-06-18,09:15,BEARISH,LOW,97.44,-4.1,-0.12,-1.05,1.58,-0.96,0.72,1,1,0,0,1,0,,,0,-2.49
AAATECH.NS,2026-06-18,14:00,BEARISH,LOW,98.09,-1.71,-0.05,-0.44,0.15,-0.66,0.05,1,1,0,1,1,0,,,0,-1.04
AAATECH.NS,2026-06-19,09:15,BEARISH,MEDIUM,98.81,-2.87,-0.11,-0.73,2.01,-2.41,-1.67,1,1,1,1,1,0,,,0,-1.74
AAATECH.NS,2026-06-19,12:00,BEARISH,MEDIUM,98.08,-2.07,-0.08,-0.53,0.2,-1.68,-0.94,1,1,1,1,1,0,,,0,-1.26
AAATECH.NS,2026-06-19,14:00,BEARISH,MEDIUM,98.01,-1.2,-0.05,-0.31,0.19,-1.61,-0.87,1,1,1,1,0,0,,,0,-0.73
AAATECH.NS,2026-06-22,09:15,BULLISH,HIGH,95.8,0.2,5.94,1.43,2.07,-0.78,-0.78,1,1,0,1,1,1,1.13,,0,-1.24
AAATECH.NS,2026-06-22,12:00,BULLISH,HIGH,96.42,0.14,4.29,1.04,1.18,-1.42,-1.42,1,1,0,1,1,1,0.737,0.737,1,-0.9
AAATECH.NS,2026-06-23,09:15,BULLISH,HIGH,95.15,0.18,5.29,1.35,1.3,-0.68,-0.55,1,1,0,0,1,1,-0.847,,0,-0.92
AAATECH.NS,2026-06-23,12:00,BULLISH,HIGH,95.01,0.13,3.82,0.97,0.0,-0.54,-0.4,0,0,0,0,1,1,-0.7,,0,-0.66
AAATECH.NS,2026-06-23,14:00,BULLISH,HIGH,94.94,0.08,2.21,0.56,0.03,-0.44,-0.33,1,0,0,0,1,1,-0.627,-0.246,1,-0.38
AAATECH.NS,2026-06-24,09:15,BULLISH,HIGH,95.25,0.16,4.04,1.04,0.54,-1.3,-1.11,1,1,0,0,1,1,-1.413,0.739,1,-0.85
AAATECH.NS,2026-06-24,12:00,BULLISH,HIGH,94.25,0.11,2.92,0.74,0.72,-0.25,-0.06,1,1,0,0,1,1,-0.364,,0,-0.61
AAATECH.NS,2026-06-25,09:15,BULLISH,HIGH,95.22,0.11,3.4,0.81,1.7,-0.21,-0.21,1,1,0,1,1,1,0.509,,0,-0.71
AAATECH.NS,2026-06-25,12:00,BULLISH,HIGH,95.9,0.08,2.45,0.58,0.38,-0.92,-0.92,1,1,0,0,1,1,-1.218,-0.7,1,-0.52
AAATECH.NS,2026-06-25,14:00,BULLISH,HIGH,96.24,0.05,1.42,0.34,0.01,-1.27,-1.27,1,0,0,0,1,1,-1.568,-1.271,1,-0.3
AAATECH.NS,2026-06-29,09:15,NEUTRAL,HIGH,94.01,-0.5,0.5,-0.0,2.13,-0.01,0.19,1,1,1,1,1,0,,,0,-0.2
AAATECH.NS,2026-06-29,12:00,NEUTRAL,HIGH,94.5,-0.5,0.5,0.0,0.44,-0.53,-0.33,1,1,1,1,1,0,,,0,-0.15
AAATECH.NS,2026-06-29,14:00,NEUTRAL,HIGH,94.45,-0.5,0.5,0.0,0.0,-0.42,-0.28,1,1,1,1,1,0,,,0,-0.08
AAATECH.NS,2026-06-30,09:15,BULLISH,HIGH,94.2,0.13,3.03,0.83,3.69,-0.21,2.55,1,1,1,1,0,1,0.528,,0,-0.56
AAATECH.NS,2026-06-30,12:00,BULLISH,HIGH,96.07,0.1,2.19,0.6,1.68,-0.01,0.55,1,1,1,1,1,1,0.304,,0,-0.4
AAATECH.NS,2026-06-30,14:00,BULLISH,HIGH,96.58,0.06,1.26,0.34,1.14,0.0,0.02,1,1,1,1,1,1,0.042,,0,-0.23
AAATECH.NS,2026-07-01,09:15,BEARISH,MEDIUM,97.0,-4.59,-0.16,-1.22,2.13,0.0,0.64,0,0,0,0,1,0,,,0,-2.89
AAATECH.NS,2026-07-01,12:00,BEARISH,MEDIUM,97.7,-3.32,-0.11,-0.88,0.38,-0.08,-0.08,1,0,0,0,1,0,,,0,-2.09
AAATECH.NS,2026-07-01,14:00,BEARISH,MEDIUM,97.65,-1.91,-0.06,-0.51,0.03,-0.03,-0.03,1,0,0,0,1,0,,,0,-1.21
AAATECH.NS,2026-07-02,09:15,BULLISH,LOW,98.79,0.09,2.38,0.62,3.43,-1.31,-0.74,1,1,1,1,0,1,0.317,0.317,1,-1.17
AAATECH.NS,2026-07-02,12:00,BULLISH,LOW,97.5,0.07,1.72,0.45,4.8,0.0,0.57,1,1,1,1,0,1,0.151,,0,-0.84
AAATECH.NS,2026-07-02,14:00,BULLISH,LOW,98.99,0.04,0.99,0.26,0.0,-0.94,-0.94,0,0,0,0,1,1,-1.239,-0.037,1,-0.49
AAATECH.NS,2026-07-03,09:15,BEARISH,MEDIUM,99.39,-5.33,-0.19,-1.43,0.0,-1.39,-1.39,1,1,0,0,1,0,,,0,-3.39
AAATECH.NS,2026-07-03,12:00,BEARISH,MEDIUM,98.97,-3.85,-0.14,-1.03,0.01,-0.97,-0.97,1,1,0,0,1,0,,,0,-2.45
AAATECH.NS,2026-07-03,14:00,BEARISH,MEDIUM,98.7,-2.22,-0.08,-0.6,0.0,-0.7,-0.7,1,1,0,1,1,0,,,0,-1.41
AAATECH.NS,2026-07-06,09:15,BULLISH,MEDIUM,97.02,0.11,2.6,0.69,0.99,-1.98,-1.47,1,1,0,1,1,1,-1.53,0.391,1,-0.84
AAATECH.NS,2026-07-06,12:00,BULLISH,MEDIUM,96.6,0.08,1.88,0.5,0.1,-1.55,-1.05,1,1,0,0,1,1,-1.51,0.197,1,-0.61
AAATECH.NS,2026-07-06,14:00,BULLISH,MEDIUM,95.25,0.05,1.09,0.28,0.36,-0.16,0.36,1,1,0,1,1,1,-0.017,,0,-0.35
AAATECH.NS,2026-07-07,09:15,BULLISH,HIGH,96.17,0.16,3.75,1.02,1.04,-1.05,-0.28,1,1,0,1,1,1,0.719,0.719,1,-0.68
AAATECH.NS,2026-07-07,12:00,BULLISH,HIGH,96.01,0.11,2.71,0.74,0.48,-0.83,-0.11,1,1,0,0,1,1,-0.415,0.44,1,-0.49
AAATECH.NS,2026-07-07,14:00,BULLISH,HIGH,95.5,0.07,1.56,0.43,0.93,0.0,0.42,1,1,1,1,1,1,0.129,,0,-0.28
AAATECH.NS,2026-07-08,12:00,BULLISH,LOW,95.63,0.04,1.3,0.3,1.96,-0.03,0.18,1,1,1,1,0,1,0.003,,0,-0.65
AAATECH.NS,2026-07-08,14:00,BULLISH,LOW,96.21,0.03,0.75,0.18,0.59,-0.43,-0.43,1,1,1,1,1,1,-0.123,-0.123,1,-0.37
AAATECH.NS,2026-07-09,09:15,NEUTRAL,LOW,95.55,-0.5,0.5,-0.0,1.49,-0.25,-0.1,1,1,1,1,1,0,,,0,-0.79
AAATECH.NS,2026-07-09,12:00,NEUTRAL,LOW,96.31,-0.5,0.5,0.0,0.69,-0.89,-0.89,1,1,1,1,1,0,,,0,-0.57
AAATECH.NS,2026-07-09,14:00,NEUTRAL,LOW,96.31,-0.5,0.5,0.0,0.0,-0.89,-0.89,1,1,1,1,1,0,,,0,-0.33
AAATECH.NS,2026-07-10,09:15,BULLISH,HIGH,96.0,0.12,2.7,0.73,0.81,-0.99,-0.71,1,1,0,1,1,1,0.429,0.429,1,-0.45
AAATECH.NS,2026-07-10,14:00,BULLISH,HIGH,95.44,0.05,1.13,0.3,0.06,-0.41,-0.13,1,1,0,0,1,1,-0.426,-0.236,1,-0.19
AAATECH.NS,2026-07-13,09:15,BULLISH,MEDIUM,95.57,0.1,2.06,0.53,1.29,-0.81,-0.73,1,1,1,1,1,1,0.234,-0.514,1,-0.52
AAATECH.NS,2026-07-13,12:00,BULLISH,MEDIUM,96.4,0.07,1.49,0.38,0.0,-1.66,-1.59,0,0,0,0,1,1,-1.42,-1.42,1,-0.38
AAATECH.NS,2026-07-13,14:00,BULLISH,MEDIUM,94.83,0.04,0.86,0.22,0.55,-0.03,0.04,1,1,1,1,1,1,-0.079,,0,-0.22
AAATECH.NS,2026-07-14,12:00,BULLISH,HIGH,94.43,0.09,2.07,0.5,0.9,0.0,0.76,1,1,0,1,1,1,0.198,,0,-0.43
AAATECH.NS,2026-07-14,14:00,BULLISH,HIGH,94.46,0.05,1.2,0.29,0.78,0.0,0.73,1,1,1,1,1,1,-0.014,,0,-0.25
AAATECH.NS,2026-07-15,09:15,BULLISH,MEDIUM,95.96,0.1,2.35,0.64,0.0,-2.76,-2.66,0,0,0,0,1,1,-1.38,-1.38,1,-0.75
AAATECH.NS,2026-07-15,12:00,BULLISH,MEDIUM,93.71,0.07,1.69,0.46,0.66,-0.41,-0.32,1,1,0,1,1,1,0.159,,0,-0.54
AAATECH.NS,2026-07-15,14:00,BULLISH,MEDIUM,93.75,0.04,0.98,0.27,0.47,-0.45,-0.36,1,1,0,1,1,1,-0.033,-0.353,1,-0.31
AAATECH.NS,2026-07-16,09:15,BULLISH,MEDIUM,93.38,0.1,2.08,0.51,1.2,0.0,0.94,1,1,1,1,1,1,0.214,,0,-0.33
AAATECH.NS,2026-07-16,12:00,BULLISH,MEDIUM,94.0,0.07,1.5,0.37,0.51,-0.27,0.28,1,1,0,1,1,1,0.072,0.072,1,-0.24
AAATECH.NS,2026-07-16,14:00,BULLISH,MEDIUM,94.44,0.04,0.87,0.21,0.0,-0.73,-0.19,0,0,0,0,1,1,-0.491,-0.351,1,-0.14
AAATECH.NS,2026-07-17,09:15,NEUTRAL,LOW,94.01,-0.5,0.5,-0.0,1.28,-0.76,-0.22,1,1,1,1,1,0,,,0,-0.68
AAATECH.NS,2026-07-17,14:00,NEUTRAL,LOW,94.0,-0.5,0.5,0.0,0.0,-0.74,-0.21,1,1,1,1,1,0,,,0,-0.28
AAATECH.NS,2026-07-20,09:15,BULLISH,HIGH,88.0,0.34,5.87,2.07,6.82,-0.66,4.07,1,1,1,1,0,1,1.768,,0,-0.75
AAATECH.NS,2026-07-20,12:00,BULLISH,HIGH,89.5,0.25,4.24,1.5,5.03,-0.56,2.32,1,1,1,1,0,1,1.197,1.197,1,-0.54
AAATECH.NS,2026-07-20,14:00,BULLISH,HIGH,92.29,0.14,2.45,0.87,1.47,-0.77,-0.77,1,1,1,1,1,1,0.567,0.567,1,-0.31
AAATECH.NS,2026-07-21,09:15,BEARISH,MEDIUM,94.0,-5.69,-0.24,-1.49,0.0,-2.63,-2.17,1,1,0,1,1,0,,,0,-3.54
AAATECH.NS,2026-07-21,12:00,BEARISH,MEDIUM,91.53,-4.11,-0.18,-1.07,0.49,0.0,0.47,0,0,0,0,1,0,,,0,-2.56
AADHARHFC.NS,2026-04-29,09:15,BEARISH,LOW,499.9,-2.6,-0.09,-0.68,0.0,-2.38,-2.14,1,1,1,1,1,0,,,0,-1.63
AADHARHFC.NS,2026-04-29,12:00,BEARISH,LOW,489.7,-1.88,-0.07,-0.49,0.41,-0.35,-0.1,1,1,0,0,1,0,,,0,-1.17
AADHARHFC.NS,2026-04-29,14:00,BEARISH,LOW,490.0,-1.08,-0.04,-0.29,0.16,-0.41,-0.16,1,1,0,1,1,0,,,0,-0.68
AADHARHFC.NS,2026-04-30,09:15,BULLISH,MEDIUM,484.0,0.19,5.3,1.32,1.37,-0.48,0.91,1,1,0,1,1,1,1.018,,0,-1.01
AADHARHFC.NS,2026-04-30,12:00,BULLISH,MEDIUM,485.8,0.13,3.83,0.95,1.0,-0.21,0.54,1,1,0,1,1,1,0.653,,0,-0.73
AADHARHFC.NS,2026-04-30,14:00,BULLISH,MEDIUM,489.75,0.08,2.21,0.55,0.11,-0.54,-0.28,1,1,0,0,1,1,-0.576,-0.155,1,-0.42
AADHARHFC.NS,2026-05-04,09:15,NEUTRAL,HIGH,492.0,-0.5,0.5,0.0,1.83,-1.06,1.34,0,1,1,0,1,0,,,0,-0.05
AADHARHFC.NS,2026-05-04,12:00,NEUTRAL,HIGH,497.0,-0.5,0.5,0.0,0.6,-0.8,0.32,1,1,1,1,1,0,,,0,-0.04
AADHARHFC.NS,2026-05-04,14:00,NEUTRAL,HIGH,496.7,-0.5,0.5,-0.0,0.66,-0.32,0.38,1,1,1,1,1,0,,,0,-0.02
AADHARHFC.NS,2026-05-05,09:15,BEARISH,MEDIUM,499.45,-3.18,-0.11,-0.93,4.72,-1.07,3.26,1,1,0,1,1,0,,,0,-2.2
AADHARHFC.NS,2026-05-05,12:00,BEARISH,MEDIUM,506.35,-2.3,-0.08,-0.67,3.29,-0.46,1.86,1,1,0,0,1,0,,,0,-1.59
AADHARHFC.NS,2026-05-05,14:00,BEARISH,MEDIUM,518.45,-1.33,-0.05,-0.39,0.88,-0.61,-0.52,1,1,0,1,1,0,,,0,-0.92
AADHARHFC.NS,2026-05-06,09:15,BEARISH,HIGH,519.8,-6.02,-0.21,-1.75,0.02,-4.68,-3.65,1,1,1,1,1,0,,,0,-4.17
AADHARHFC.NS,2026-05-06,12:00,BEARISH,HIGH,508.65,-4.35,-0.15,-1.27,0.1,-2.6,-1.53,1,1,1,1,1,0,,,0,-3.01
AADHARHFC.NS,2026-05-06,14:00,BEARISH,HIGH,498.3,-2.51,-0.09,-0.73,0.68,-0.57,0.51,1,1,0,0,1,0,,,0,-1.74
AADHARHFC.NS,2026-05-07,09:15,BULLISH,HIGH,503.1,0.19,6.47,1.45,1.17,-1.97,-0.46,1,1,0,0,1,1,-0.757,1.153,1,-1.13
AADHARHFC.NS,2026-05-07,12:00,BULLISH,HIGH,504.65,0.14,4.67,1.05,0.0,-0.92,-0.76,0,0,0,0,1,1,-1.063,-0.242,1,-0.82
AADHARHFC.NS,2026-05-07,14:00,BULLISH,HIGH,501.65,0.08,2.7,0.61,0.32,-0.33,-0.17,1,1,0,0,1,1,-0.469,,0,-0.47
AADHARHFC.NS,2026-05-08,09:15,BEARISH,LOW,504.95,-3.54,-0.08,-0.77,0.01,-1.52,-0.78,1,1,0,1,1,0,,,0,-1.84
AADHARHFC.NS,2026-05-08,12:00,BEARISH,LOW,501.35,-2.56,-0.06,-0.56,0.73,-0.27,-0.07,1,1,0,0,1,0,,,0,-1.33
AADHARHFC.NS,2026-05-08,14:00,BEARISH,LOW,504.6,-1.48,-0.04,-0.32,0.08,-0.74,-0.71,1,1,0,1,1,0,,,0,-0.77
AADHARHFC.NS,2026-05-11,09:15,NEUTRAL,LOW,503.0,-0.5,0.5,0.0,0.0,-2.07,-0.95,0,1,1,0,1,0,,,0,-1.26
AADHARHFC.NS,2026-05-11,12:00,NEUTRAL,LOW,494.9,-0.5,0.5,0.0,1.22,-0.18,0.67,1,1,1,1,1,0,,,0,-0.91
AADHARHFC.NS,2026-05-11,14:00,NEUTRAL,LOW,498.3,-0.5,0.5,0.0,0.42,-0.16,-0.02,1,1,1,1,1,0,,,0,-0.53
AADHARHFC.NS,2026-05-12,09:15,BULLISH,MEDIUM,496.5,0.16,3.01,0.77,0.11,-2.45,-1.69,1,0,0,0,1,1,-1.53,0.473,1,-0.68
AADHARHFC.NS,2026-05-12,12:00,BULLISH,MEDIUM,486.75,0.11,2.17,0.56,0.6,-0.49,0.28,1,1,0,1,1,1,0.259,0.259,1,-0.49
AADHARHFC.NS,2026-05-12,14:00,BULLISH,MEDIUM,485.0,0.07,1.25,0.32,0.94,-0.13,0.64,1,1,1,1,1,1,0.022,,0,-0.28
AADHARHFC.NS,2026-05-13,09:15,BULLISH,MEDIUM,488.5,0.15,3.3,0.9,0.48,-1.59,-0.38,1,1,0,0,1,1,-1.56,0.605,1,-0.9
AADHARHFC.NS,2026-05-13,12:00,BULLISH,MEDIUM,488.75,0.11,2.39,0.65,0.35,-0.6,-0.43,1,1,0,0,1,1,-0.73,,0,-0.65
AADHARHFC.NS,2026-05-13,14:00,BULLISH,MEDIUM,486.95,0.06,1.38,0.38,0.44,-0.24,-0.06,1,1,0,1,1,1,0.078,,0,-0.38
AADHARHFC.NS,2026-05-14,09:15,BULLISH,LOW,486.8,0.13,2.47,0.7,0.4,-3.37,-2.36,1,1,0,0,1,1,-1.53,-1.53,1,-0.76
AADHARHFC.NS,2026-05-14,12:00,BULLISH,LOW,471.65,0.09,1.78,0.5,1.04,-0.27,0.77,1,1,1,1,1,1,0.205,,0,-0.55
AADHARHFC.NS,2026-05-14,14:00,BULLISH,LOW,471.85,0.05,1.03,0.29,1.0,0.0,0.73,1,1,1,1,1,1,-0.008,,0,-0.32
AADHARHFC.NS,2026-05-15,09:15,BULLISH,HIGH,479.8,0.19,3.3,0.98,0.0,-4.25,-3.68,0,0,0,0,1,1,-1.58,-1.58,1,-0.68
AADHARHFC.NS,2026-05-15,12:00,BULLISH,HIGH,462.6,0.14,2.39,0.71,0.86,-0.43,-0.1,1,1,0,1,1,1,0.407,,0,-0.49
AADHARHFC.NS,2026-05-15,14:00,BULLISH,HIGH,463.45,0.08,1.38,0.41,0.13,-0.61,-0.28,1,1,0,0,1,1,-0.581,-0.29,1,-0.29
AADHARHFC.NS,2026-05-18,09:15,BULLISH,HIGH,459.4,0.26,4.53,1.61,1.22,-1.78,1.0,1,1,0,0,1,1,-1.65,1.306,1,-0.89
AADHARHFC.NS,2026-05-18,12:00,BULLISH,HIGH,455.8,0.19,3.28,1.16,2.02,-0.12,1.8,1,1,1,1,1,1,0.861,,0,-0.64
AADHARHFC.NS,2026-05-18,14:00,BULLISH,HIGH,457.05,0.11,1.89,0.67,1.74,0.0,1.52,1,1,1,1,1,1,0.37,,0,-0.37
AADHARHFC.NS,2026-05-19,09:15,BEARISH,LOW,468.85,-2.11,-0.07,-0.56,0.7,-2.22,0.68,1,1,1,1,0,0,,,0,-1.34
AADHARHFC.NS,2026-05-19,12:00,BEARISH,LOW,467.15,-1.52,-0.05,-0.4,1.07,-1.42,1.05,1,1,1,1,1,0,,,0,-0.96
AADHARHFC.NS,2026-05-19,14:00,BEARISH,LOW,467.2,-0.88,-0.03,-0.23,1.06,-0.62,1.04,1,1,1,1,1,0,,,0,-0.56
AADHARHFC.NS,2026-05-20,09:15,BEARISH,HIGH,469.25,-3.53,-0.25,-1.07,3.54,-0.74,2.49,1,1,0,0,1,0,,,0,-2.55
AADHARHFC.NS,2026-05-20,12:00,BEARISH,HIGH,481.95,-2.55,-0.18,-0.77,0.81,-0.84,-0.21,1,1,0,1,1,0,,,0,-1.84
AADHARHFC.NS,2026-05-20,14:00,BEARISH,HIGH,482.75,-1.47,-0.11,-0.45,0.25,-1.0,-0.37,1,1,1,1,1,0,,,0,-1.07
AADHARHFC.NS,2026-05-21,09:15,BEARISH,LOW,485.0,-2.74,-0.1,-0.75,0.0,-2.85,-2.65,1,1,1,1,0,0,,,0,-1.8
AADHARHFC.NS,2026-05-21,12:00,BEARISH,LOW,477.0,-1.98,-0.07,-0.55,0.53,-1.22,-1.02,1,1,1,1,1,0,,,0,-1.3
AADHARHFC.NS,2026-05-21,14:00,BEARISH,LOW,478.55,-1.14,-0.04,-0.32,0.21,-1.54,-1.34,1,1,1,1,0,0,,,0,-0.75
AADHARHFC.NS,2026-05-22,09:15,BULLISH,LOW,473.5,0.11,2.98,0.72,2.72,-0.94,0.5,1,1,1,1,1,1,0.42,0.42,1,-0.74
AADHARHFC.NS,2026-05-22,12:00,BULLISH,LOW,483.0,0.08,2.15,0.52,0.7,-1.66,-1.48,1,1,0,1,1,1,-1.67,-1.255,1,-0.53
AADHARHFC.NS,2026-05-22,14:00,BULLISH,LOW,478.9,0.05,1.24,0.3,0.02,-0.81,-0.64,1,0,0,0,1,1,-0.937,0.001,1,-0.31
AADHARHFC.NS,2026-05-25,09:15,BEARISH,LOW,480.0,-2.75,-0.08,-0.62,0.15,-2.4,-1.61,1,1,1,1,1,0,,,0,-1.49
AADHARHFC.NS,2026-05-25,12:00,BEARISH,LOW,478.3,-1.99,-0.06,-0.45,0.04,-2.05,-1.26,1,1,1,1,0,0,,,0,-1.07
AADHARHFC.NS,2026-05-25,14:00,BEARISH,LOW,469.0,-1.15,-0.03,-0.26,0.69,-0.09,0.69,1,1,0,0,1,0,,,0,-0.62
AADHARHFC.NS,2026-05-26,09:15,BULLISH,HIGH,476.0,0.18,4.07,1.19,1.79,-0.06,0.45,1,1,0,1,1,1,0.891,,0,-0.78
AADHARHFC.NS,2026-05-26,12:00,BULLISH,HIGH,479.25,0.13,2.94,0.86,0.37,-0.45,-0.23,1,1,0,0,1,1,-0.53,,0,-0.56
AADHARHFC.NS,2026-05-26,14:00,BULLISH,HIGH,478.85,0.07,1.7,0.5,0.01,-0.37,-0.15,1,0,0,0,1,1,-0.446,-0.116,1,-0.33
AADHARHFC.NS,2026-05-27,09:15,BEARISH,MEDIUM,476.3,-3.39,-0.12,-0.86,0.78,-0.34,0.36,1,1,0,0,1,0,,,0,-2.06
AADHARHFC.NS,2026-05-27,12:00,BEARISH,MEDIUM,477.4,-2.45,-0.08,-0.62,0.46,-0.16,0.13,1,1,0,0,1,0,,,0,-1.49
AADHARHFC.NS,2026-05-27,14:00,BEARISH,MEDIUM,478.0,-1.41,-0.05,-0.36,0.31,-0.23,0.0,1,1,0,0,1,0,,,0,-0.86
AADHARHFC.NS,2026-05-29,09:15,NEUTRAL,HIGH,481.55,-0.5,0.5,0.0,0.0,-2.17,-0.89,1,1,1,1,1,0,,,0,-0.03
AADHARHFC.NS,2026-05-29,12:00,NEUTRAL,HIGH,475.0,-0.5,0.5,0.0,0.77,-0.25,0.47,1,1,1,1,1,0,,,0,-0.02
AADHARHFC.NS,2026-05-29,14:00,NEUTRAL,HIGH,475.4,-0.5,0.5,0.0,0.68,-0.26,0.39,1,1,1,1,1,0,,,0,-0.01
AADHARHFC.NS,2026-06-01,09:15,BULLISH,MEDIUM,474.0,0.11,3.25,0.86,0.0,-3.57,-1.29,0,0,0,0,1,1,-1.61,-1.61,1,-0.84
AADHARHFC.NS,2026-06-01,12:00,BULLISH,MEDIUM,460.95,0.08,2.34,0.62,1.81,-0.18,1.51,1,1,1,1,1,1,0.325,,0,-0.6
AADHARHFC.NS,2026-06-01,14:00,BULLISH,MEDIUM,465.55,0.05,1.35,0.36,0.81,-0.05,0.5,1,1,1,1,1,1,0.061,,0,-0.35
AADHARHFC.NS,2026-06-02,09:15,BULLISH,MEDIUM,458.7,0.14,3.99,0.97,1.87,-1.68,1.86,1,1,0,1,1,1,-1.93,0.672,1,-0.78
AADHARHFC.NS,2026-06-02,12:00,BULLISH,MEDIUM,457.75,0.1,2.88,0.7,2.09,-0.31,2.08,1,1,1,1,1,1,0.403,,0,-0.56
AADHARHFC.NS,2026-06-02,14:00,BULLISH,MEDIUM,459.05,0.06,1.66,0.41,1.8,-0.12,1.79,1,1,1,1,0,1,0.105,,0,-0.33
AADHARHFC.NS,2026-06-03,09:15,BEARISH,LOW,466.0,-3.48,-0.25,-0.97,0.0,-2.85,-0.31,1,1,1,1,1,0,,,0,-2.32
AADHARHFC.NS,2026-06-03,12:00,BEARISH,LOW,456.45,-2.51,-0.18,-0.7,1.77,-0.82,1.77,1,1,0,1,1,0,,,0,-1.68
AADHARHFC.NS,2026-06-03,14:00,BEARISH,LOW,460.1,-1.45,-0.1,-0.41,0.97,-0.03,0.97,1,0,0,0,1,0,,,0,-0.97
AADHARHFC.NS,2026-06-04,09:15,BEARISH,LOW,462.5,-2.8,-0.22,-0.8,1.84,-0.49,1.61,1,1,0,0,1,0,,,0,-1.91
AADHARHFC.NS,2026-06-04,12:00,BEARISH,LOW,465.75,-2.03,-0.16,-0.58,1.13,-0.56,0.9,1,1,0,0,1,0,,,0,-1.38
AADHARHFC.NS,2026-06-04,14:00,BEARISH,LOW,465.3,-1.17,-0.09,-0.34,1.23,-0.24,1.0,1,1,0,0,1,0,,,0,-0.8
AADHARHFC.NS,2026-06-05,09:15,BEARISH,MEDIUM,466.5,-2.54,-0.1,-0.77,1.81,-0.31,0.58,1,1,0,0,1,0,,,0,-1.83
AADHARHFC.NS,2026-06-05,12:00,BEARISH,MEDIUM,471.5,-1.84,-0.07,-0.56,0.21,-1.37,-0.49,1,1,1,1,1,0,,,0,-1.32
AADHARHFC.NS,2026-06-05,14:00,BEARISH,MEDIUM,466.9,-1.06,-0.04,-0.32,0.93,0.0,0.49,0,0,0,0,1,0,,,0,-0.76
AADHARHFC.NS,2026-06-08,09:15,BULLISH,LOW,461.05,0.11,2.66,0.74,1.67,-0.97,0.24,1,1,1,1,1,1,0.437,0.437,1,-0.83
AADHARHFC.NS,2026-06-08,12:00,BULLISH,LOW,462.6,0.08,1.92,0.53,0.73,-1.3,-0.1,1,1,0,1,1,1,-1.5,0.232,1,-0.6
AADHARHFC.NS,2026-06-08,14:00,BULLISH,LOW,457.95,0.05,1.11,0.31,1.0,-0.1,0.92,1,1,1,1,1,1,0.008,,0,-0.35
AADHARHFC.NS,2026-06-09,09:15,BULLISH,LOW,460.9,0.09,2.53,0.64,1.72,-0.11,1.55,1,1,1,1,1,1,0.342,,0,-0.98
AADHARHFC.NS,2026-06-09,12:00,BULLISH,LOW,463.2,0.06,1.82,0.46,1.22,-0.03,1.05,1,1,1,1,1,1,0.164,,0,-0.71
AADHARHFC.NS,2026-06-09,14:00,BULLISH,LOW,467.1,0.04,1.05,0.27,0.37,-0.22,0.2,1,1,0,1,1,1,-0.032,,0,-0.41
AADHARHFC.NS,2026-06-10,09:15,BEARISH,LOW,469.25,-1.97,-0.07,-0.58,1.27,-0.27,0.06,1,1,0,0,1,0,,,0,-1.37
AADHARHFC.NS,2026-06-10,12:00,BEARISH,LOW,472.65,-1.43,-0.05,-0.42,0.12,-0.88,-0.66,1,1,1,1,1,0,,,0,-0.99
AADHARHFC.NS,2026-06-10,14:00,BEARISH,LOW,470.0,-0.82,-0.03,-0.24,0.32,-0.32,-0.1,1,1,0,1,1,0,,,0,-0.57
AADHARHFC.NS,2026-06-11,09:15,BEARISH,LOW,466.05,-1.9,-0.08,-0.61,0.3,-2.94,-2.82,1,1,1,1,0,0,,,0,-1.44
AADHARHFC.NS,2026-06-11,12:00,BEARISH,LOW,455.4,-1.37,-0.06,-0.44,0.56,-0.67,-0.55,1,1,0,1,1,0,,,0,-1.04
AADHARHFC.NS,2026-06-11,14:00,BEARISH,LOW,456.0,-0.79,-0.03,-0.25,0.07,-0.8,-0.68,1,1,1,1,0,0,,,0,-0.6
AADHARHFC.NS,2026-06-12,09:15,BULLISH,HIGH,461.0,0.24,5.37,1.85,3.3,-0.65,2.61,1,1,1,1,1,1,1.548,,0,-0.84
AADHARHFC.NS,2026-06-12,12:00,BULLISH,HIGH,466.75,0.17,3.88,1.33,2.02,-0.27,1.35,1,1,0,1,1,1,1.035,,0,-0.6
AADHARHFC.NS,2026-06-12,14:00,BULLISH,HIGH,473.1,0.1,2.24,0.77,0.66,-0.11,-0.01,1,1,0,0,1,1,-0.311,,0,-0.35
AADHARHFC.NS,2026-06-15,09:15,BEARISH,MEDIUM,482.95,-2.93,-0.11,-0.88,1.64,-0.23,1.41,1,1,0,0,1,0,,,0,-2.1
AADHARHFC.NS,2026-06-15,12:00,BEARISH,MEDIUM,485.35,-2.11,-0.08,-0.64,1.13,-0.04,0.91,1,0,0,0,1,0,,,0,-1.51
AADHARHFC.NS,2026-06-15,14:00,BEARISH,MEDIUM,490.2,-1.22,-0.05,-0.37,0.0,-0.33,-0.09,1,1,0,0,1,0,,,0,-0.87
AADHARHFC.NS,2026-06-16,09:15,BEARISH,HIGH,493.3,-4.34,-0.13,-1.22,0.49,-1.75,-1.65,1,1,0,1,1,0,,,0,-2.91
AADHARHFC.NS,2026-06-16,12:00,BEARISH,HIGH,487.05,-3.14,-0.1,-0.88,0.14,-0.49,-0.39,1,1,0,0,1,0,,,0,-2.1
AADHARHFC.NS,2026-06-16,14:00,BEARISH,HIGH,486.75,-1.81,-0.06,-0.51,0.21,-0.43,-0.33,1,1,0,0,1,0,,,0,-1.21
AADHARHFC.NS,2026-06-17,09:15,BULLISH,MEDIUM,484.65,0.1,2.66,0.69,1.06,-0.4,0.74,1,1,0,1,1,1,0.389,,0,-0.91
AADHARHFC.NS,2026-06-17,12:00,BULLISH,MEDIUM,486.25,0.07,1.92,0.5,0.73,-0.25,0.41,1,1,0,1,1,1,0.198,,0,-0.66
AADHARHFC.NS,2026-06-17,14:00,BULLISH,MEDIUM,487.6,0.04,1.11,0.29,0.45,-0.16,0.13,1,1,0,1,1,1,-0.013,,0,-0.38
AADHARHFC.NS,2026-06-18,09:15,BEARISH,MEDIUM,487.75,-2.59,-0.08,-0.74,0.44,-1.17,-0.28,1,1,0,1,1,0,,,0,-1.76
AADHARHFC.NS,2026-06-18,12:00,BEARISH,MEDIUM,485.8,-1.87,-0.06,-0.54,0.84,-0.08,0.12,1,1,0,0,1,0,,,0,-1.27
AADHARHFC.NS,2026-06-18,14:00,BEARISH,MEDIUM,487.95,-1.08,-0.03,-0.31,0.22,-0.46,-0.32,1,1,0,1,1,0,,,0,-0.73
AADHARHFC.NS,2026-06-19,09:15,BULLISH,LOW,485.8,0.08,2.06,0.55,7.3,-0.5,6.94,1,1,1,1,0,1,0.254,,0,-0.79
AADHARHFC.NS,2026-06-19,12:00,BULLISH,LOW,492.5,0.06,1.49,0.4,5.84,-0.38,5.48,1,1,1,1,0,1,0.1,,0,-0.57
AADHARHFC.NS,2026-06-19,14:00,BULLISH,LOW,491.6,0.03,0.86,0.23,6.03,-0.04,5.68,1,1,1,1,0,1,-0.07,,0,-0.33
AADHARHFC.NS,2026-06-22,09:15,BEARISH,HIGH,516.95,-7.85,-0.45,-2.78,0.33,-4.55,-4.46,1,1,1,1,1,0,,,0,-6.62
AADHARHFC.NS,2026-06-22,12:00,BEARISH,HIGH,500.6,-5.67,-0.33,-2.01,0.15,-1.43,-1.34,1,1,0,0,1,0,,,0,-4.78
AADHARHFC.NS,2026-06-22,14:00,BEARISH,HIGH,496.8,-3.27,-0.19,-1.16,0.04,-0.67,-0.58,1,1,0,0,1,0,,,0,-2.76
AADHARHFC.NS,2026-06-23,09:15,BULLISH,HIGH,497.75,0.18,3.8,1.16,0.88,-0.74,-0.35,1,1,0,0,1,1,-0.652,0.0,1,-0.65
AADHARHFC.NS,2026-06-23,12:00,BULLISH,HIGH,495.6,0.13,2.74,0.84,0.75,-0.31,0.08,1,1,0,0,1,1,-0.219,,0,-0.47
AADHARHFC.NS,2026-06-23,14:00,BULLISH,HIGH,496.0,0.08,1.58,0.48,0.34,-0.39,0.0,1,1,0,0,1,1,-0.3,-0.029,1,-0.27
AADHARHFC.NS,2026-06-24,09:15,BEARISH,LOW,498.4,-1.99,-0.07,-0.49,2.69,-1.85,1.41,1,1,1,1,1,0,,,0,-1.17
AADHARHFC.NS,2026-06-24,12:00,BEARISH,LOW,505.45,-1.43,-0.05,-0.35,0.59,-0.26,0.0,1,1,0,0,1,0,,,0,-0.84
AADHARHFC.NS,2026-06-24,14:00,BEARISH,LOW,507.25,-0.83,-0.03,-0.21,0.15,-0.61,-0.35,1,1,1,1,1,0,,,0,-0.49
AADHARHFC.NS,2026-06-25,09:15,BEARISH,LOW,514.5,-2.4,-0.08,-0.58,5.31,-0.25,0.87,1,1,0,0,1,0,,,0,-1.38
AADHARHFC.NS,2026-06-25,12:00,BEARISH,LOW,517.15,-1.74,-0.06,-0.42,0.55,-0.37,0.36,1,1,0,0,1,0,,,0,-1.0
AADHARHFC.NS,2026-06-25,14:00,BEARISH,LOW,518.75,-1.0,-0.03,-0.24,0.1,-0.67,0.05,1,1,1,1,1,0,,,0,-0.58
AADHARHFC.NS,2026-06-29,09:15,NEUTRAL,HIGH,516.1,-0.5,0.5,0.0,1.9,-0.21,0.47,1,1,1,1,1,0,,,0,-0.18
AADHARHFC.NS,2026-06-29,12:00,NEUTRAL,HIGH,519.8,-0.5,0.5,0.0,0.37,-0.92,-0.25,1,1,1,1,1,0,,,0,-0.13
AADHARHFC.NS,2026-06-29,14:00,NEUTRAL,HIGH,518.45,-0.5,0.5,-0.0,0.38,-0.67,0.01,1,1,1,1,1,0,,,0,-0.07
AADHARHFC.NS,2026-06-30,09:15,BEARISH,MEDIUM,519.9,-3.18,-0.12,-0.75,0.3,-1.17,-0.76,1,1,0,1,1,0,,,0,-1.8
AADHARHFC.NS,2026-06-30,12:00,BEARISH,MEDIUM,517.95,-2.3,-0.09,-0.54,0.59,-0.75,-0.39,1,1,0,1,1,0,,,0,-1.3
AADHARHFC.NS,2026-06-30,14:00,BEARISH,MEDIUM,515.5,-1.33,-0.05,-0.31,0.24,-0.28,0.09,1,1,0,0,1,0,,,0,-0.75
AADHARHFC.NS,2026-07-01,09:15,BULLISH,MEDIUM,513.95,0.12,2.54,0.76,1.18,-2.29,0.82,1,1,0,1,1,1,-1.51,0.459,1,-0.49
AADHARHFC.NS,2026-07-01,12:00,BULLISH,MEDIUM,505.9,0.09,1.84,0.55,2.79,-0.44,2.42,1,1,1,1,0,1,0.248,0.248,1,-0.35
AADHARHFC.NS,2026-07-01,14:00,BULLISH,MEDIUM,516.2,0.05,1.06,0.32,0.74,-0.23,0.38,1,1,1,1,1,1,0.016,0.016,1,-0.2
AADHARHFC.NS,2026-07-02,09:15,BEARISH,LOW,519.95,-2.97,-0.1,-0.73,4.23,-0.3,2.75,1,1,0,0,1,0,,,0,-1.73
AADHARHFC.NS,2026-07-02,12:00,BEARISH,LOW,538.0,-2.14,-0.07,-0.53,0.73,-1.21,-0.7,1,1,1,1,1,0,,,0,-1.25
AADHARHFC.NS,2026-07-02,14:00,BEARISH,LOW,534.6,-1.24,-0.04,-0.3,1.37,-0.22,-0.07,1,1,0,0,1,0,,,0,-0.72
AADHARHFC.NS,2026-07-03,09:15,BEARISH,MEDIUM,539.9,-4.69,-0.18,-1.41,3.15,-1.12,2.96,1,1,0,0,1,0,,,0,-3.35
AADHARHFC.NS,2026-07-03,12:00,BEARISH,MEDIUM,554.3,-3.39,-0.13,-1.01,0.47,-0.57,0.29,1,1,0,0,1,0,,,0,-2.42
AADHARHFC.NS,2026-07-03,14:00,BEARISH,MEDIUM,551.55,-1.95,-0.07,-0.59,0.79,-0.07,0.79,1,1,0,0,1,0,,,0,-1.39
AADHARHFC.NS,2026-07-06,09:15,BEARISH,HIGH,559.35,-4.91,-0.16,-1.35,0.65,-1.56,0.0,1,1,0,1,1,0,,,0,-3.21
AADHARHFC.NS,2026-07-06,12:00,BEARISH,HIGH,552.2,-3.55,-0.12,-0.98,1.36,-0.29,1.29,1,1,0,0,1,0,,,0,-2.32
AADHARHFC.NS,2026-07-06,14:00,BEARISH,HIGH,550.85,-2.05,-0.07,-0.56,1.61,-0.05,1.54,1,0,0,0,1,0,,,0,-1.34
AADHARHFC.NS,2026-07-07,09:15,BEARISH,MEDIUM,553.0,-2.88,-0.09,-0.76,0.0,-2.27,-1.32,1,1,1,1,1,0,,,0,-1.81
AADHARHFC.NS,2026-07-07,12:00,BEARISH,MEDIUM,546.3,-2.08,-0.07,-0.55,0.35,-0.77,-0.11,1,1,0,1,1,0,,,0,-1.3
AADHARHFC.NS,2026-07-07,14:00,BEARISH,MEDIUM,543.55,-1.2,-0.04,-0.32,0.76,-0.07,0.4,1,1,0,0,1,0,,,0,-0.75
AADHARHFC.NS,2026-07-08,09:15,BULLISH,MEDIUM,545.5,0.13,2.85,0.84,0.31,-4.49,-3.8,1,1,0,0,1,1,-1.52,0.543,1,-0.63
AADHARHFC.NS,2026-07-08,12:00,BULLISH,MEDIUM,539.3,0.09,2.06,0.61,0.87,-3.39,-2.7,1,1,0,1,1,1,-1.52,0.308,1,-0.45
AADHARHFC.NS,2026-07-08,14:00,BULLISH,MEDIUM,533.6,0.05,1.19,0.35,0.1,-2.36,-1.66,1,1,0,0,1,1,-1.52,0.05,1,-0.26
AADHARHFC.NS,2026-07-09,09:15,BULLISH,MEDIUM,529.0,0.17,4.31,1.21,1.43,-1.06,0.22,1,1,0,1,1,1,0.91,0.91,1,-0.9
AADHARHFC.NS,2026-07-09,12:00,BULLISH,MEDIUM,530.85,0.12,3.12,0.87,1.07,-0.26,-0.13,1,1,0,1,1,1,0.574,,0,-0.65
AADHARHFC.NS,2026-07-09,14:00,BULLISH,MEDIUM,535.05,0.07,1.8,0.5,0.18,-0.92,-0.92,1,1,0,0,1,1,-1.216,0.205,1,-0.37
AADHARHFC.NS,2026-07-10,09:15,BEARISH,LOW,534.1,-1.85,-0.06,-0.45,0.92,-2.03,-0.02,1,1,1,1,0,0,,,0,-1.08
AADHARHFC.NS,2026-07-10,12:00,BEARISH,LOW,525.5,-1.34,-0.05,-0.33,2.57,-0.43,1.62,1,1,0,1,1,0,,,0,-0.78
AADHARHFC.NS,2026-07-10,14:00,BEARISH,LOW,531.0,-0.77,-0.03,-0.19,1.51,0.0,0.56,0,0,0,0,1,0,,,0,-0.45
AADHARHFC.NS,2026-07-13,09:15,BEARISH,LOW,532.9,-2.8,-0.07,-0.55,2.05,-1.37,0.42,1,1,0,1,1,0,,,0,-1.3
AADHARHFC.NS,2026-07-13,12:00,BEARISH,LOW,535.15,-2.02,-0.05,-0.4,0.69,-0.69,0.0,1,1,0,1,1,0,,,0,-0.94
AADHARHFC.NS,2026-07-13,14:00,BEARISH,LOW,532.75,-1.17,-0.03,-0.23,0.98,-0.03,0.45,1,0,0,0,1,0,,,0,-0.54
AADHARHFC.NS,2026-07-14,09:15,BULLISH,LOW,534.05,0.06,2.23,0.54,0.0,-2.92,-2.61,0,0,0,0,1,1,-1.6,-1.6,1,-1.29
AADHARHFC.NS,2026-07-14,12:00,BULLISH,LOW,521.35,0.05,1.61,0.39,1.31,-0.56,-0.24,1,1,1,1,1,1,0.087,,0,-0.93
AADHARHFC.NS,2026-07-14,14:00,BULLISH,LOW,522.45,0.03,0.93,0.22,1.1,-0.45,-0.45,1,1,1,1,0,1,-0.076,,0,-0.54
AADHARHFC.NS,2026-07-15,09:15,BULLISH,MEDIUM,519.0,0.15,3.05,0.87,0.48,-1.14,-0.87,1,1,0,0,1,1,-1.167,0.573,1,-0.81
AADHARHFC.NS,2026-07-15,12:00,BULLISH,MEDIUM,517.0,0.11,2.2,0.63,0.67,-0.74,-0.48,1,1,0,1,1,1,0.331,-0.203,1,-0.58
AADHARHFC.NS,2026-07-15,14:00,BULLISH,MEDIUM,516.75,0.06,1.27,0.36,0.0,-0.7,-0.44,0,0,0,0,1,1,-0.735,-0.396,1,-0.34
AADHARHFC.NS,2026-07-16,09:15,BULLISH,HIGH,518.8,0.13,2.92,0.87,0.62,-1.3,-0.54,1,1,0,0,1,1,-0.84,0.567,1,-0.58
AADHARHFC.NS,2026-07-16,12:00,BULLISH,HIGH,517.85,0.09,2.11,0.63,0.34,-0.74,-0.36,1,1,0,0,1,1,-0.657,-0.237,1,-0.42
AADHARHFC.NS,2026-07-16,14:00,BULLISH,HIGH,516.25,0.05,1.22,0.36,0.49,-0.44,-0.05,1,1,0,1,1,1,0.062,0.062,1,-0.24
AADHARHFC.NS,2026-07-17,09:15,BULLISH,LOW,515.75,0.07,1.67,0.48,0.76,-1.21,0.35,1,1,0,1,1,1,0.179,0.179,1,-0.89
AADHARHFC.NS,2026-07-17,12:00,BULLISH,LOW,511.7,0.05,1.21,0.35,1.35,-0.1,1.14,1,1,1,1,0,1,0.046,,0,-0.64
AADHARHFC.NS,2026-07-17,14:00,BULLISH,LOW,515.75,0.03,0.7,0.2,0.55,-0.21,0.35,1,1,1,1,1,1,-0.1,,0,-0.37
AADHARHFC.NS,2026-07-20,09:15,BEARISH,LOW,518.95,-1.68,-0.07,-0.47,0.93,-2.0,-1.58,1,1,1,1,0,0,,,0,-1.12
AADHARHFC.NS,2026-07-20,12:00,BEARISH,LOW,510.1,-1.22,-0.05,-0.34,0.62,0.0,0.13,0,0,0,0,1,0,,,0,-0.81
AADHARHFC.NS,2026-07-20,14:00,BEARISH,LOW,511.55,-0.7,-0.03,-0.2,0.18,-0.24,-0.16,1,1,0,1,1,0,,,0,-0.47
AADHARHFC.NS,2026-07-21,09:15,BEARISH,LOW,510.45,-1.68,-0.07,-0.47,1.02,-0.92,0.86,1,1,1,1,1,0,,,0,-1.12
AADHARHFC.NS,2026-07-21,12:00,BEARISH,LOW,513.05,-1.22,-0.05,-0.34,0.51,-0.48,0.35,1,1,0,1,1,0,,,0,-0.81
AAKASH.NS,2026-04-29,09:15,BEARISH,MEDIUM,8.39,-4.33,-0.18,-1.31,0.12,-2.15,-0.72,1,1,0,1,1,0,,,0,-3.25
AAKASH.NS,2026-04-29,12:00,BEARISH,MEDIUM,8.22,-3.12,-0.13,-0.97,1.34,-0.12,1.34,1,0,0,0,1,0,,,0,-2.35
AAKASH.NS,2026-04-29,14:00,BEARISH,MEDIUM,8.22,-1.8,-0.07,-0.61,1.34,-0.12,1.34,1,1,0,0,1,0,,,0,-1.36
AAKASH.NS,2026-04-30,09:15,BULLISH,HIGH,8.3,0.22,5.16,1.33,0.0,-3.49,-1.33,0,0,0,0,1,1,-2.49,-2.49,1,-1.03
AAKASH.NS,2026-04-30,12:00,BULLISH,HIGH,8.14,0.16,3.73,0.98,0.86,-1.6,0.61,1,1,0,0,1,1,0.314,0.683,1,-0.75
AAKASH.NS,2026-04-30,14:00,BULLISH,HIGH,8.16,0.09,2.15,0.61,0.61,-1.72,0.37,1,1,0,1,1,1,0.313,0.313,1,-0.43
AAKASH.NS,2026-05-04,09:15,BULLISH,HIGH,8.06,0.22,4.61,1.24,2.23,-0.5,1.74,1,1,0,1,1,1,0.941,,0,-0.98
AAKASH.NS,2026-05-04,12:00,BULLISH,HIGH,8.22,0.16,3.33,0.85,0.0,-2.43,-0.24,0,0,0,0,1,1,-2.38,0.16,1,-0.7
AAKASH.NS,2026-05-04,14:00,BULLISH,HIGH,8.1,0.09,1.92,0.49,1.23,-0.99,1.23,1,1,1,1,1,1,0.194,0.194,1,-0.41
AAKASH.NS,2026-05-05,09:15,BEARISH,HIGH,8.1,-4.85,-0.29,-1.36,2.22,-1.11,0.62,1,1,0,0,1,0,,,0,-3.2
AAKASH.NS,2026-05-05,12:00,BEARISH,HIGH,8.07,-3.5,-0.21,-0.99,1.24,-0.74,0.99,1,1,0,0,1,0,,,0,-2.31
AAKASH.NS,2026-05-05,14:00,BEARISH,HIGH,8.1,-2.02,-0.12,-0.62,0.86,-1.11,0.62,1,1,1,1,1,0,,,0,-1.33
AAKASH.NS,2026-05-06,09:15,BULLISH,LOW,8.02,0.16,4.23,1.0,2.37,0.0,1.12,1,1,1,1,1,1,0.698,,0,-1.77
AAKASH.NS,2026-05-06,12:00,BULLISH,LOW,8.13,0.12,3.05,0.74,0.74,-0.74,-0.25,1,1,0,0,1,1,-0.546,,0,-1.28
AAKASH.NS,2026-05-06,14:00,BULLISH,LOW,8.17,0.07,1.76,0.49,0.24,-0.73,-0.73,1,1,0,0,1,1,-1.034,,0,-0.74
AAKASH.NS,2026-05-07,09:15,BEARISH,MEDIUM,8.19,-3.98,-0.2,-1.1,0.49,-1.1,0.24,1,1,0,0,1,0,,,0,-2.53
AAKASH.NS,2026-05-07,12:00,BEARISH,MEDIUM,8.2,-2.88,-0.14,-0.73,0.24,-1.1,0.12,1,1,0,1,1,0,,,0,-1.83
AAKASH.NS,2026-05-07,14:00,BEARISH,MEDIUM,8.21,-1.66,-0.08,-0.49,0.0,-0.97,0.0,1,1,1,1,1,0,,,0,-1.06
AAKASH.NS,2026-05-08,09:15,BULLISH,LOW,8.23,0.08,3.1,0.73,0.73,-1.58,-0.49,1,1,0,0,1,1,-0.786,0.429,1,-1.44
AAKASH.NS,2026-05-08,12:00,BULLISH,LOW,8.15,0.06,2.24,0.49,0.98,-0.61,0.49,1,1,0,1,1,1,0.191,,0,-1.04
AAKASH.NS,2026-05-08,14:00,BULLISH,LOW,8.22,0.03,1.29,0.24,0.0,-1.46,-0.36,0,0,0,0,1,1,-0.665,-0.057,1,-0.6
AAKASH.NS,2026-05-11,09:15,BULLISH,HIGH,8.1,0.28,6.13,1.73,4.32,-1.11,3.33,1,1,1,1,1,1,1.428,1.428,1,-0.69
AAKASH.NS,2026-05-11,12:00,BULLISH,HIGH,8.14,0.2,4.43,1.23,3.81,-1.6,2.83,1,1,1,1,1,1,0.928,0.928,1,-0.5
AAKASH.NS,2026-05-11,14:00,BULLISH,HIGH,8.39,0.12,2.56,0.72,0.6,-2.03,-0.24,1,1,0,0,1,1,-2.09,0.415,1,-0.29
AAKASH.NS,2026-05-12,09:15,BEARISH,HIGH,8.2,-7.49,-0.41,-2.07,3.66,0.0,1.95,0,0,0,0,1,0,,,0,-4.91
AAKASH.NS,2026-05-12,12:00,BEARISH,HIGH,8.38,-5.41,-0.3,-1.43,1.43,-1.19,-0.24,1,1,0,0,1,0,,,0,-3.55
AAKASH.NS,2026-05-12,14:00,BEARISH,HIGH,8.34,-3.12,-0.17,-0.84,1.92,-0.36,0.24,1,1,0,0,1,0,,,0,-2.05
AAKASH.NS,2026-05-13,09:15,BEARISH,MEDIUM,8.8,-5.25,-0.21,-1.36,0.0,-0.57,0.0,1,1,0,0,1,0,,,0,-3.33
AAKASH.NS,2026-05-13,12:00,BEARISH,MEDIUM,8.8,-3.79,-0.15,-1.02,0.0,0.0,0.0,0,0,0,0,1,0,,,0,-2.41
AAKASH.NS,2026-05-13,14:00,BEARISH,MEDIUM,8.8,-2.19,-0.09,-0.57,0.0,0.0,0.0,0,0,0,0,1,0,,,0,-1.39
AAKASH.NS,2026-05-14,09:15,BEARISH,HIGH,9.1,-7.25,-0.35,-2.31,0.44,-6.59,-3.52,1,1,1,1,1,0,,,0,-5.46
AAKASH.NS,2026-05-14,12:00,BEARISH,HIGH,8.69,-5.24,-0.25,-1.61,3.34,-1.27,1.04,1,1,0,0,1,0,,,0,-3.95
AAKASH.NS,2026-05-14,14:00,BEARISH,HIGH,8.75,-3.02,-0.15,-0.91,1.49,-0.23,0.34,1,1,0,0,1,0,,,0,-2.28
AAKASH.NS,2026-05-15,09:15,BEARISH,MEDIUM,8.6,-6.24,-0.19,-1.4,2.56,0.0,2.21,0,0,0,0,1,0,,,0,-3.33
AAKASH.NS,2026-05-15,12:00,BEARISH,MEDIUM,8.74,-4.5,-0.14,-1.03,0.8,-0.69,0.57,1,1,0,0,1,0,,,0,-2.4
AAKASH.NS,2026-05-15,14:00,BEARISH,MEDIUM,8.7,-2.6,-0.08,-0.57,1.26,-0.23,1.03,1,1,0,0,1,0,,,0,-1.39
AAKASH.NS,2026-05-18,09:15,BULLISH,LOW,8.9,0.18,3.56,1.01,0.9,-3.26,-1.24,1,1,0,0,1,1,-2.01,-2.01,1,-1.37
AAKASH.NS,2026-05-18,12:00,BULLISH,LOW,8.68,0.13,2.57,0.69,1.38,0.0,1.27,1,1,1,1,1,1,0.391,,0,-0.99
AAKASH.NS,2026-05-18,14:00,BULLISH,LOW,8.75,0.07,1.48,0.34,0.57,-0.11,0.46,1,1,0,1,1,1,0.043,,0,-0.57
AAKASH.NS,2026-05-19,09:15,BULLISH,LOW,8.61,0.14,3.09,0.81,6.16,0.0,3.37,1,1,1,1,0,1,0.513,,0,-1.32
AAKASH.NS,2026-05-19,12:00,BULLISH,LOW,8.97,0.1,2.23,0.56,0.22,-1.23,-0.78,1,1,0,0,1,1,-1.08,0.257,1,-0.95
AAKASH.NS,2026-05-19,14:00,BULLISH,LOW,8.9,0.06,1.29,0.34,0.9,0.0,0.0,1,1,1,1,1,1,0.037,,0,-0.55
AAKASH.NS,2026-05-20,09:15,BEARISH,MEDIUM,9.13,-5.02,-0.19,-1.31,0.0,-2.41,-2.08,1,1,0,1,1,0,,,0,-3.01
AAKASH.NS,2026-05-20,12:00,BEARISH,MEDIUM,9.03,-3.63,-0.14,-0.89,0.0,-1.0,-1.0,1,1,0,1,1,0,,,0,-2.17
AAKASH.NS,2026-05-20,14:00,BEARISH,MEDIUM,9.02,-2.1,-0.08,-0.55,0.0,-0.89,-0.89,1,1,0,1,1,0,,,0,-1.25
AAKASH.NS,2026-05-21,09:15,BEARISH,MEDIUM,9.2,-3.84,-0.1,-0.87,0.54,-2.72,-2.61,1,1,1,1,1,0,,,0,-2.17
AAKASH.NS,2026-05-21,12:00,BEARISH,MEDIUM,9.09,-2.77,-0.07,-0.66,0.0,-1.54,-1.43,1,1,1,1,1,0,,,0,-1.57
AAKASH.NS,2026-05-21,14:00,BEARISH,MEDIUM,9.06,-1.6,-0.04,-0.33,0.0,-1.1,-1.1,1,1,1,1,1,0,,,0,-0.9
AAKASH.NS,2026-05-22,09:15,BULLISH,LOW,8.97,0.15,3.55,0.89,1.45,-0.78,0.22,1,1,0,1,1,1,0.592,,0,-1.03
AAKASH.NS,2026-05-22,12:00,BULLISH,LOW,9.04,0.11,2.57,0.66,0.0,-1.0,-0.55,0,0,0,0,1,1,-0.853,0.364,1,-0.74
AAKASH.NS,2026-05-22,14:00,BULLISH,LOW,9.0,0.06,1.48,0.33,0.0,-0.44,-0.11,0,0,0,0,1,1,-0.411,0.02,1,-0.43
AAKASH.NS,2026-05-25,09:15,BEARISH,LOW,8.98,-3.75,-0.1,-0.78,3.45,-0.89,-0.56,1,1,0,1,1,0,,,0,-1.91
AAKASH.NS,2026-05-25,12:00,BEARISH,LOW,9.02,-2.71,-0.07,-0.55,0.0,-1.33,-1.0,1,1,0,1,1,0,,,0,-1.38
AAKASH.NS,2026-05-25,14:00,BEARISH,LOW,8.98,-1.56,-0.04,-0.33,0.0,-0.78,-0.56,1,1,0,1,1,0,,,0,-0.79
AAKASH.NS,2026-05-26,09:15,BULLISH,HIGH,9.14,0.21,5.45,1.53,0.0,-3.72,-2.63,0,0,0,0,1,1,-1.96,-1.96,1,-0.96
AAKASH.NS,2026-05-26,12:00,BULLISH,HIGH,8.96,0.16,3.93,1.12,0.22,-1.23,-0.67,1,1,0,0,1,1,-0.97,-0.28,1,-0.69
AAKASH.NS,2026-05-26,14:00,BULLISH,HIGH,8.95,0.09,2.27,0.67,0.34,-0.56,-0.56,1,1,0,0,1,1,-0.859,0.37,1,-0.4
AAKASH.NS,2026-05-27,09:15,BULLISH,MEDIUM,9.0,0.19,4.81,1.33,1.67,-2.11,-1.11,1,1,0,1,1,1,-1.98,1.033,1,-0.85
AAKASH.NS,2026-05-27,12:00,BULLISH,MEDIUM,8.99,0.14,3.47,0.89,0.11,-1.56,-1.0,1,0,0,0,1,1,-1.301,-0.683,1,-0.62
AAKASH.NS,2026-05-27,14:00,BULLISH,MEDIUM,8.97,0.08,2.01,0.56,0.22,-1.0,-0.78,1,1,0,0,1,1,-1.08,0.257,1,-0.36
AAKASH.NS,2026-05-29,09:15,NEUTRAL,HIGH,8.81,-0.5,0.5,-0.0,2.16,-0.45,0.0,1,1,1,1,1,0,,,0,-0.0
AAKASH.NS,2026-05-29,12:00,NEUTRAL,HIGH,8.95,-0.5,0.5,0.0,0.0,-2.01,-1.56,0,1,1,0,1,0,,,0,-0.0
AAKASH.NS,2026-05-29,14:00,NEUTRAL,HIGH,8.93,-0.5,0.5,-0.0,0.11,-1.79,-1.34,0,1,1,0,1,0,,,0,-0.0
AAKASH.NS,2026-06-01,09:15,BULLISH,HIGH,8.77,0.21,5.74,1.48,5.47,0.0,2.62,1,1,1,1,1,1,1.182,,0,-0.96
AAKASH.NS,2026-06-01,12:00,BULLISH,HIGH,8.85,0.15,4.15,1.02,4.52,0.0,1.69,1,1,1,1,0,1,0.717,,0,-0.7
AAKASH.NS,2026-06-01,14:00,BULLISH,HIGH,8.95,0.09,2.4,0.56,1.79,-0.45,0.56,1,1,1,1,1,1,0.259,0.259,1,-0.4
AAKASH.NS,2026-06-02,09:15,BEARISH,MEDIUM,8.81,-4.72,-0.14,-1.25,6.47,0.0,6.47,0,0,0,0,1,0,,,0,-2.89
AAKASH.NS,2026-06-02,12:00,BEARISH,MEDIUM,9.34,-3.41,-0.1,-0.86,0.43,-0.32,0.43,1,1,0,0,1,0,,,0,-2.09
AAKASH.NS,2026-06-02,14:00,BEARISH,MEDIUM,9.38,-1.97,-0.06,-0.53,0.0,0.0,0.0,0,0,0,0,1,0,,,0,-1.2
AAKASH.NS,2026-06-03,09:15,BEARISH,MEDIUM,9.74,-7.09,-0.21,-1.95,1.03,-3.49,-0.21,1,1,0,1,1,0,,,0,-4.74
AAKASH.NS,2026-06-03,12:00,BEARISH,MEDIUM,9.83,-5.12,-0.15,-1.42,0.0,-3.87,-1.12,1,1,1,1,1,0,,,0,-3.42
AAKASH.NS,2026-06-03,14:00,BEARISH,MEDIUM,9.78,-2.96,-0.09,-0.82,0.0,-3.37,-0.61,1,1,1,1,0,0,,,0,-1.97
AAKASH.NS,2026-06-04,09:15,BEARISH,MEDIUM,9.48,-6.4,-0.16,-1.48,5.49,-1.79,5.49,1,1,0,1,1,0,,,0,-3.62
AAKASH.NS,2026-06-04,12:00,BEARISH,MEDIUM,10.0,-4.62,-0.12,-1.1,0.0,-2.6,0.0,1,1,1,1,1,0,,,0,-2.61
AAKASH.NS,2026-06-04,14:00,BEARISH,MEDIUM,10.0,-2.67,-0.07,-0.6,0.0,0.0,0.0,0,0,0,0,1,0,,,0,-1.51
AAKASH.NS,2026-06-05,09:15,BEARISH,HIGH,9.9,-6.87,-0.19,-1.82,3.54,-1.52,0.61,1,1,0,0,1,0,,,0,-4.36
AAKASH.NS,2026-06-05,12:00,BEARISH,HIGH,9.99,-4.96,-0.14,-1.3,1.0,-1.2,-0.3,1,1,0,0,1,0,,,0,-3.15
AAKASH.NS,2026-06-05,14:00,BEARISH,HIGH,10.04,-2.86,-0.08,-0.8,0.0,-1.69,-0.8,1,1,1,1,1,0,,,0,-1.82
AAKASH.NS,2026-06-08,09:15,BULLISH,MEDIUM,9.81,0.18,3.85,1.12,1.63,-1.02,0.2,1,1,0,1,1,1,0.821,,0,-1.32
AAKASH.NS,2026-06-08,12:00,BULLISH,MEDIUM,9.84,0.13,2.78,0.81,0.41,-0.1,-0.1,1,1,0,0,1,1,-0.402,,0,-0.95
AAKASH.NS,2026-06-08,14:00,BULLISH,MEDIUM,9.84,0.08,1.61,0.51,0.1,-0.1,-0.1,1,1,0,0,1,1,-0.402,,0,-0.55
AAKASH.NS,2026-06-09,09:15,BULLISH,LOW,9.79,0.14,3.21,0.92,1.84,-1.74,0.82,1,1,1,1,1,1,-1.95,0.619,1,-1.2
AAKASH.NS,2026-06-09,12:00,BULLISH,LOW,9.86,0.1,2.32,0.71,0.81,-0.1,0.1,1,1,0,1,1,1,0.41,,0,-0.86
AAKASH.NS,2026-06-09,14:00,BULLISH,LOW,9.9,0.06,1.34,0.4,0.4,-0.51,-0.3,1,1,0,0,1,1,-0.603,0.104,1,-0.5
AAKASH.NS,2026-06-10,09:15,BEARISH,LOW,9.88,-4.59,-0.11,-1.11,1.21,-1.11,0.2,1,1,0,0,1,0,,,0,-2.55
AAKASH.NS,2026-06-10,12:00,BEARISH,LOW,9.84,-3.31,-0.08,-0.81,1.42,-0.2,0.61,1,1,0,0,1,0,,,0,-1.84
AAKASH.NS,2026-06-10,14:00,BEARISH,LOW,9.86,-1.91,-0.04,-0.41,0.41,0.0,0.41,0,0,0,0,1,0,,,0,-1.06
AAKASH.NS,2026-06-11,09:15,BULLISH,MEDIUM,9.82,0.16,3.52,1.12,3.87,0.0,1.83,1,1,1,1,0,1,0.82,,0,-0.95
AAKASH.NS,2026-06-11,12:00,BULLISH,MEDIUM,10.01,0.11,2.54,0.8,0.6,-0.1,-0.1,1,1,0,0,1,1,-0.4,,0,-0.69
AAKASH.NS,2026-06-11,14:00,BULLISH,MEDIUM,10.01,0.07,1.47,0.5,0.0,-0.1,-0.1,0,0,0,0,1,1,-0.4,,0,-0.4
AAKASH.NS,2026-06-12,09:15,BEARISH,MEDIUM,10.2,-6.33,-0.21,-1.67,2.94,-1.47,1.37,1,1,0,0,1,0,,,0,-4.03
AAKASH.NS,2026-06-12,12:00,BEARISH,MEDIUM,10.12,-4.57,-0.15,-1.19,2.77,-0.69,2.17,1,1,0,0,1,0,,,0,-2.91
AAKASH.NS,2026-06-12,14:00,BEARISH,MEDIUM,10.1,-2.64,-0.09,-0.69,2.97,-0.2,2.38,1,1,0,0,1,0,,,0,-1.68
AAKASH.NS,2026-06-15,09:15,BEARISH,MEDIUM,10.45,-4.86,-0.13,-1.15,1.44,-7.18,-6.6,1,1,1,1,0,0,,,0,-2.84
AAKASH.NS,2026-06-15,12:00,BEARISH,MEDIUM,9.9,-3.51,-0.09,-0.91,0.1,-2.02,-1.41,1,1,1,1,1,0,,,0,-2.05
AAKASH.NS,2026-06-15,14:00,BEARISH,MEDIUM,9.87,-2.03,-0.05,-0.51,0.0,-1.72,-1.11,1,1,1,1,1,0,,,0,-1.19
AAKASH.NS,2026-06-16,09:15,BULLISH,HIGH,10.05,0.31,8.71,2.39,0.0,-6.07,-3.58,0,0,0,0,1,1,-2.61,-2.61,1,-1.12
AAKASH.NS,2026-06-16,12:00,BULLISH,HIGH,9.51,0.22,6.29,1.68,2.21,-0.63,1.89,1,1,0,1,1,1,1.382,,0,-0.81
AAKASH.NS,2026-06-16,14:00,BULLISH,HIGH,9.58,0.13,3.63,1.04,1.46,-0.52,1.15,1,1,0,1,1,1,0.744,0.744,1,-0.47
AAKASH.NS,2026-06-17,09:15,BULLISH,HIGH,9.7,0.27,6.58,1.86,1.03,-5.05,-4.23,1,1,0,0,1,1,-2.39,1.556,1,-1.1
AAKASH.NS,2026-06-17,12:00,BULLISH,HIGH,9.67,0.19,4.75,1.34,0.0,-4.76,-3.93,0,0,0,0,1,1,-2.18,-2.18,1,-0.79
AAKASH.NS,2026-06-17,14:00,BULLISH,HIGH,9.39,0.11,2.74,0.75,0.85,-1.92,-1.06,1,1,0,1,1,1,0.445,0.445,1,-0.46
AAKASH.NS,2026-06-18,09:15,BULLISH,HIGH,9.22,0.27,7.15,1.95,0.87,-4.01,-0.98,1,1,0,0,1,1,-2.49,-2.49,1,-1.08
AAKASH.NS,2026-06-18,12:00,BULLISH,HIGH,8.97,0.19,5.16,1.45,1.9,-1.34,1.78,1,1,0,1,1,1,1.149,1.149,1,-0.78
AAKASH.NS,2026-06-18,14:00,BULLISH,HIGH,8.95,0.11,2.98,0.78,2.12,-0.22,2.01,1,1,1,1,1,1,0.482,,0,-0.45
AAKASH.NS,2026-06-19,09:15,BULLISH,HIGH,9.0,0.27,5.74,1.67,2.33,0.0,1.11,1,1,0,1,1,1,1.367,,0,-0.95
AAKASH.NS,2026-06-19,12:00,BULLISH,HIGH,9.16,0.19,4.14,1.2,0.11,-1.64,-0.66,1,0,0,0,1,1,-0.955,-0.265,1,-0.69
AAKASH.NS,2026-06-19,14:00,BULLISH,HIGH,9.11,0.11,2.39,0.66,0.22,-0.88,-0.11,1,1,0,0,1,1,-0.41,-0.009,1,-0.4
AAKASH.NS,2026-06-22,09:15,BULLISH,HIGH,9.32,0.13,3.89,1.07,0.0,-2.04,-0.86,0,0,0,0,1,1,-2.25,-0.339,1,-0.82
AAKASH.NS,2026-06-22,12:00,BULLISH,HIGH,9.14,0.1,2.81,0.77,1.75,-0.11,1.09,1,1,1,1,1,1,0.466,,0,-0.59
AAKASH.NS,2026-06-22,14:00,BULLISH,HIGH,9.24,0.06,1.62,0.43,0.54,-0.65,0.0,1,1,0,1,1,1,0.133,0.133,1,-0.34
AAKASH.NS,2026-06-23,09:15,BULLISH,LOW,9.32,0.08,2.98,0.64,0.32,-1.72,-1.39,1,1,0,0,1,1,-1.695,0.344,1,-1.69
AAKASH.NS,2026-06-23,12:00,BULLISH,LOW,9.24,0.06,2.16,0.43,0.11,-0.87,-0.54,1,1,0,0,1,1,-0.841,,0,-1.22
AAKASH.NS,2026-06-23,14:00,BULLISH,LOW,9.24,0.03,1.24,0.32,0.0,-0.65,-0.54,0,0,0,0,1,1,-0.841,,0,-0.71
AAKASH.NS,2026-06-24,09:15,BULLISH,HIGH,9.11,0.19,4.33,1.1,1.21,-0.22,0.33,1,1,0,1,1,1,0.798,,0,-0.78
AAKASH.NS,2026-06-24,12:00,BULLISH,HIGH,9.12,0.14,3.13,0.88,0.66,-0.22,0.22,1,1,0,0,1,1,-0.081,,0,-0.57
AAKASH.NS,2026-06-24,14:00,BULLISH,HIGH,9.12,0.08,1.81,0.44,0.66,-0.22,0.22,1,1,0,1,1,1,0.139,,0,-0.33
AAKASH.NS,2026-06-25,09:15,BULLISH,HIGH,9.15,0.16,4.24,1.09,0.0,-5.25,-4.15,0,0,0,0,1,1,-2.06,-2.06,1,-0.78
AAKASH.NS,2026-06-25,12:00,BULLISH,HIGH,8.94,0.12,3.07,0.78,0.67,-3.02,-1.9,1,1,0,0,1,1,-2.1,-2.1,1,-0.56
AAKASH.NS,2026-06-25,14:00,BULLISH,HIGH,8.91,0.07,1.77,0.45,0.34,-1.68,-1.57,1,1,0,0,1,1,-1.871,0.149,1,-0.32
AAKASH.NS,2026-06-29,09:15,NEUTRAL,HIGH,8.84,-0.5,0.5,-0.0,1.13,-1.81,-1.02,0,1,1,0,1,0,,,0,-0.07
AAKASH.NS,2026-06-29,12:00,NEUTRAL,HIGH,8.89,-0.5,0.5,-0.0,0.0,-2.14,-1.57,0,1,1,0,1,0,,,0,-0.05
AAKASH.NS,2026-06-29,14:00,NEUTRAL,HIGH,8.72,-0.5,0.5,-0.0,0.34,-0.11,0.34,1,1,1,1,1,0,,,0,-0.03
AAKASH.NS,2026-06-30,09:15,BULLISH,HIGH,8.61,0.16,3.57,0.93,3.25,-0.7,0.46,1,1,1,1,1,1,0.629,0.629,1,-0.4
AAKASH.NS,2026-06-30,12:00,BULLISH,HIGH,8.57,0.12,2.58,0.7,0.93,-0.12,0.93,1,1,0,1,1,1,0.4,,0,-0.29
AAKASH.NS,2026-06-30,14:00,BULLISH,HIGH,8.6,0.07,1.49,0.47,0.58,0.0,0.58,1,1,0,1,1,1,0.165,,0,-0.17
AAKASH.NS,2026-07-01,09:15,BULLISH,HIGH,8.78,0.21,4.06,1.14,13.67,-1.03,4.44,1,1,1,1,0,1,0.839,0.839,1,-0.6
AAKASH.NS,2026-07-01,12:00,BULLISH,HIGH,9.06,0.15,2.94,0.77,1.55,-1.99,1.21,1,1,1,1,1,1,-1.96,0.473,1,-0.44
AAKASH.NS,2026-07-01,14:00,BULLISH,HIGH,9.17,0.09,1.7,0.44,0.22,-1.09,0.0,1,1,0,0,1,1,-0.3,0.136,1,-0.25
AAKASH.NS,2026-07-02,09:15,BEARISH,MEDIUM,9.14,-6.15,-0.21,-1.64,1.2,-2.84,-1.31,1,1,0,1,1,0,,,0,-3.94
AAKASH.NS,2026-07-02,12:00,BEARISH,MEDIUM,9.07,-4.45,-0.15,-1.21,0.33,-2.09,-0.55,1,1,0,1,1,0,,,0,-2.84
AAKASH.NS,2026-07-02,14:00,BEARISH,MEDIUM,8.94,-2.57,-0.09,-0.67,1.68,-0.22,0.89,1,1,0,0,1,0,,,0,-1.64
AAKASH.NS,2026-07-03,09:15,BULLISH,LOW,8.98,0.14,3.18,0.78,2.12,-1.34,-0.33,1,1,1,1,1,1,0.48,0.48,1,-1.08
AAKASH.NS,2026-07-03,12:00,BULLISH,LOW,9.06,0.1,2.29,0.55,0.0,-1.66,-1.21,0,0,0,0,1,1,-1.514,0.252,1,-0.78
AAKASH.NS,2026-07-03,14:00,BULLISH,LOW,9.0,0.06,1.32,0.33,0.67,-0.56,-0.56,1,1,0,1,1,1,0.033,0.033,1,-0.45
AAKASH.NS,2026-07-06,09:15,BULLISH,MEDIUM,8.86,0.14,3.24,0.79,1.58,-3.39,-0.11,1,1,0,1,1,1,-2.24,0.49,1,-0.86
AAKASH.NS,2026-07-06,12:00,BULLISH,MEDIUM,8.92,0.1,2.34,0.56,0.22,-2.47,-0.78,1,1,0,0,1,1,-2.22,0.261,1,-0.62
AAKASH.NS,2026-07-06,14:00,BULLISH,MEDIUM,8.8,0.06,1.35,0.34,1.59,-1.14,0.57,1,1,1,1,0,1,0.041,0.041,1,-0.36
AAKASH.NS,2026-07-07,09:15,BULLISH,HIGH,8.65,0.17,3.77,1.04,4.05,0.0,1.16,1,1,1,1,0,1,0.74,,0,-0.82
AAKASH.NS,2026-07-07,12:00,BULLISH,HIGH,8.74,0.13,2.72,0.8,0.69,0.0,0.11,1,1,0,0,1,1,-0.186,,0,-0.59
AAKASH.NS,2026-07-07,14:00,BULLISH,HIGH,8.79,0.07,1.57,0.46,0.11,-0.46,-0.46,1,1,0,0,1,1,-0.755,0.155,1,-0.34
AAKASH.NS,2026-07-08,09:15,BULLISH,LOW,8.82,0.08,2.64,0.68,1.7,-1.36,0.45,1,1,1,1,1,1,0.38,0.38,1,-1.17
AAKASH.NS,2026-07-08,12:00,BULLISH,LOW,8.85,0.06,1.91,0.45,0.56,-1.13,0.11,1,1,0,1,1,1,0.152,0.152,1,-0.84
AAKASH.NS,2026-07-08,14:00,BULLISH,LOW,8.81,0.03,1.1,0.23,1.02,-0.57,0.57,1,1,1,1,1,1,-0.073,-0.073,1,-0.49
AAKASH.NS,2026-07-09,09:15,BEARISH,LOW,8.65,-2.91,-0.08,-0.69,2.31,0.0,1.85,0,0,0,0,1,0,,,0,-1.55
AAKASH.NS,2026-07-09,12:00,BEARISH,LOW,8.71,-2.11,-0.06,-0.46,1.26,-0.46,1.15,1,1,0,0,1,0,,,0,-1.12
AAKASH.NS,2026-07-09,14:00,BEARISH,LOW,8.78,-1.22,-0.03,-0.23,0.34,-0.91,0.34,1,1,1,1,1,0,,,0,-0.64
AAKASH.NS,2026-07-10,09:15,BULLISH,LOW,8.96,0.08,2.43,0.67,0.0,-2.34,-1.23,0,0,0,0,1,1,-2.11,0.37,1,-1.5
AAKASH.NS,2026-07-10,12:00,BULLISH,LOW,8.85,0.06,1.75,0.45,0.45,-0.56,0.0,1,1,0,1,1,1,0.152,,0,-1.09
AAKASH.NS,2026-07-10,14:00,BULLISH,LOW,8.8,0.03,1.01,0.23,0.57,0.0,0.57,1,1,1,1,1,1,-0.073,,0,-0.63
AAKASH.NS,2026-07-13,09:15,BULLISH,LOW,8.66,0.07,2.21,0.58,14.32,0.0,10.28,1,1,1,1,0,1,0.277,,0,-1.12
AAKASH.NS,2026-07-13,12:00,BULLISH,LOW,8.76,0.05,1.59,0.46,13.01,0.0,9.02,1,1,1,1,0,1,0.157,,0,-0.81
AAKASH.NS,2026-07-13,14:00,BULLISH,LOW,9.66,0.03,0.92,0.21,0.83,-1.76,-1.14,1,1,1,1,1,1,-0.093,-0.093,1,-0.47
AAKASH.NS,2026-07-14,09:15,BEARISH,HIGH,9.81,-8.09,-0.23,-2.24,0.0,-6.42,-5.3,1,1,1,1,1,0,,,0,-5.44
AAKASH.NS,2026-07-14,12:00,BEARISH,HIGH,9.22,-5.85,-0.16,-1.63,1.41,-0.22,0.76,1,1,0,0,1,0,,,0,-3.93
AAKASH.NS,2026-07-14,14:00,BEARISH,HIGH,9.26,-3.37,-0.1,-0.97,0.97,-0.11,0.32,1,1,0,0,1,0,,,0,-2.27
AAKASH.NS,2026-07-15,09:15,BULLISH,HIGH,9.2,0.27,6.32,1.74,3.15,-0.65,-0.11,1,1,0,1,1,1,1.439,,0,-1.45
AAKASH.NS,2026-07-15,12:00,BULLISH,HIGH,9.3,0.2,4.57,1.29,0.11,-1.72,-1.18,1,0,0,0,1,1,-1.483,-0.434,1,-1.05
AAKASH.NS,2026-07-15,14:00,BULLISH,HIGH,9.24,0.11,2.64,0.76,0.0,-1.08,-0.54,0,0,0,0,1,1,-0.841,-0.241,1,-0.6
AAKASH.NS,2026-07-16,09:15,BULLISH,HIGH,9.16,0.15,3.85,0.98,2.62,-2.29,-1.42,1,1,1,1,1,1,-2.28,0.683,1,-1.02
AAKASH.NS,2026-07-16,12:00,BULLISH,HIGH,9.1,0.11,2.78,0.77,0.0,-1.32,-0.77,0,0,0,0,1,1,-1.069,-0.329,1,-0.74
AAKASH.NS,2026-07-16,14:00,BULLISH,HIGH,9.0,0.06,1.61,0.44,1.11,0.0,0.33,1,1,1,1,1,1,0.144,,0,-0.43
AAKASH.NS,2026-07-17,09:15,BULLISH,HIGH,8.95,0.16,3.43,0.89,2.35,-0.45,0.22,1,1,1,1,1,1,0.594,,0,-0.83
AAKASH.NS,2026-07-17,12:00,BULLISH,HIGH,9.0,0.11,2.48,0.67,0.0,-0.89,-0.33,0,0,0,0,1,1,-0.633,-0.032,1,-0.6
AAKASH.NS,2026-07-17,14:00,BULLISH,HIGH,8.92,0.07,1.43,0.34,0.78,0.0,0.56,1,1,1,1,1,1,0.036,,0,-0.35
AAKASH.NS,2026-07-20,09:15,BULLISH,MEDIUM,9.13,0.11,3.53,0.88,0.22,-1.97,-0.88,1,1,0,0,1,1,-1.176,0.576,1,-0.85
AAKASH.NS,2026-07-20,12:00,BULLISH,MEDIUM,9.03,0.08,2.55,0.66,0.55,-0.66,0.22,1,1,0,0,1,1,-0.079,0.364,1,-0.62
AAKASH.NS,2026-07-20,14:00,BULLISH,MEDIUM,9.07,0.05,1.47,0.33,0.0,-1.1,-0.22,0,0,0,0,1,1,-0.521,0.031,1,-0.36
AAKASH.NS,2026-07-21,09:15,BULLISH,LOW,9.1,0.09,2.82,0.66,0.0,-1.54,-1.1,0,0,0,0,1,1,-1.399,0.359,1,-1.52
AAKASH.NS,2026-07-21,12:00,BULLISH,LOW,8.99,0.06,2.03,0.44,0.67,-0.33,0.11,1,1,0,1,1,1,0.145,,0,-1.1
AARON.NS,2026-04-29,09:15,BEARISH,LOW,138.55,-4.25,-0.12,-0.87,1.96,0.0,0.14,0,0,0,0,1,0,,,0,-2.08
AARON.NS,2026-04-29,12:00,BEARISH,LOW,140.16,-3.07,-0.09,-0.63,0.16,-1.01,-1.01,1,1,0,1,1,0,,,0,-1.5
AARON.NS,2026-04-29,14:00,BEARISH,LOW,139.49,-1.77,-0.05,-0.37,0.64,-0.53,-0.53,1,1,0,1,1,0,,,0,-0.87
AARON.NS,2026-04-30,09:15,BULLISH,HIGH,139.01,0.21,5.64,1.45,1.04,-0.73,-0.6,1,1,0,0,1,1,-0.904,,0,-0.87
AARON.NS,2026-04-30,14:00,BULLISH,HIGH,138.81,0.09,2.35,0.61,0.86,-0.47,-0.46,1,1,0,1,1,1,0.305,0.305,1,-0.36
AARON.NS,2026-05-04,09:15,BULLISH,HIGH,136.5,0.16,4.04,0.97,1.83,-0.31,0.38,1,1,0,1,1,1,0.667,,0,-0.89
AARON.NS,2026-05-04,12:00,BULLISH,HIGH,137.52,0.11,2.92,0.7,1.06,-0.56,-0.36,1,1,0,1,1,1,0.398,,0,-0.65
AARON.NS,2026-05-04,14:00,BULLISH,HIGH,137.25,0.07,1.68,0.41,1.26,-0.17,-0.17,1,1,1,1,1,1,0.108,,0,-0.37
AARON.NS,2026-05-05,12:00,BULLISH,LOW,138.03,0.08,2.1,0.48,0.88,-0.7,-0.45,1,1,0,1,1,1,0.178,,0,-0.76
AARON.NS,2026-05-05,14:00,BULLISH,LOW,137.45,0.05,1.21,0.28,0.76,-0.04,-0.03,1,1,1,1,1,1,-0.024,,0,-0.44
AARON.NS,2026-05-06,09:15,BULLISH,MEDIUM,138.82,0.19,4.02,1.12,0.12,-4.84,-0.61,1,0,0,0,1,1,-2.02,0.817,1,-1.11
AARON.NS,2026-05-06,12:00,BULLISH,MEDIUM,137.91,0.14,2.91,0.8,0.43,-4.21,0.04,1,1,0,0,1,1,-2.01,-2.01,1,-0.8
AARON.NS,2026-05-06,14:00,BULLISH,MEDIUM,136.95,0.08,1.68,0.47,1.13,-0.54,0.74,1,1,1,1,1,1,0.167,0.167,1,-0.46
AARON.NS,2026-05-07,09:15,BULLISH,HIGH,135.27,0.27,5.66,1.61,2.76,-0.01,2.14,1,1,0,1,1,1,1.312,,0,-1.18
AARON.NS,2026-05-07,12:00,BULLISH,HIGH,137.45,0.2,4.09,1.16,1.13,-1.59,0.52,1,1,0,0,1,1,0.217,0.864,1,-0.85
AARON.NS,2026-05-07,14:00,BULLISH,HIGH,138.3,0.11,2.36,0.67,0.51,-0.58,-0.1,1,1,0,0,1,1,-0.401,0.372,1,-0.49
AARON.NS,2026-05-08,09:15,BEARISH,LOW,136.15,-2.46,-0.09,-0.77,2.6,0.0,1.38,0,0,0,0,1,0,,,0,-1.84
AARON.NS,2026-05-08,12:00,BEARISH,LOW,138.0,-1.78,-0.07,-0.56,1.06,-0.03,0.02,1,0,0,0,1,0,,,0,-1.33
AARON.NS,2026-05-08,14:00,BEARISH,LOW,138.99,-1.03,-0.04,-0.32,0.15,-0.74,-0.69,1,1,1,1,1,0,,,0,-0.77
AARON.NS,2026-05-11,09:15,NEUTRAL,LOW,136.0,-0.5,0.5,0.0,3.68,0.0,2.1,0,1,1,0,1,0,,,0,-1.05
AARON.NS,2026-05-11,12:00,NEUTRAL,LOW,138.83,-0.5,0.5,-0.0,0.01,-1.17,0.01,1,1,1,1,1,0,,,0,-0.76
AARON.NS,2026-05-11,14:00,NEUTRAL,LOW,138.84,-0.5,0.5,0.0,0.01,-0.56,0.01,1,1,1,1,1,0,,,0,-0.44
AARON.NS,2026-05-12,09:15,BEARISH,HIGH,138.96,-4.64,-0.25,-1.29,0.74,-4.83,-2.5,1,1,1,1,0,0,,,0,-3.06
AARON.NS,2026-05-12,12:00,BEARISH,HIGH,136.51,-3.35,-0.18,-0.93,1.22,-3.12,-0.75,1,1,1,1,1,0,,,0,-2.21
AARON.NS,2026-05-12,14:00,BEARISH,HIGH,136.25,-1.93,-0.11,-0.54,1.41,-2.94,-0.56,1,1,1,1,0,0,,,0,-1.28
AARON.NS,2026-05-13,09:15,BULLISH,HIGH,134.5,0.29,4.09,1.5,1.12,-4.19,-3.99,1,1,0,0,1,1,-2.02,-2.02,1,-0.9
AARON.NS,2026-05-13,12:00,BULLISH,HIGH,135.99,0.21,2.96,1.08,0.0,-5.24,-5.04,0,0,0,0,1,1,-2.02,-2.02,1,-0.65
AARON.NS,2026-05-13,14:00,BULLISH,HIGH,133.98,0.12,1.71,0.63,0.01,-3.82,-3.62,1,0,0,0,1,1,-2.01,-2.01,1,-0.38
AARON.NS,2026-05-14,09:15,BULLISH,HIGH,135.0,0.38,5.96,1.94,0.0,-3.33,-1.93,0,0,0,0,1,1,-2.14,-2.14,1,-0.9
AARON.NS,2026-05-14,12:00,BULLISH,HIGH,132.02,0.27,4.3,1.4,0.74,-0.98,0.29,1,1,0,0,1,1,-0.012,0.644,1,-0.65
AARON.NS,2026-05-14,14:00,BULLISH,HIGH,132.5,0.16,2.48,0.81,0.0,-1.05,-0.08,0,0,0,0,1,1,-0.375,0.006,1,-0.38
AARON.NS,2026-05-15,09:15,BULLISH,HIGH,131.0,0.31,5.58,1.92,1.45,-0.76,-0.76,1,1,0,0,1,1,-1.056,,0,-0.89
AARON.NS,2026-05-15,12:00,BULLISH,HIGH,132.78,0.22,4.03,1.39,0.0,-2.09,-2.09,0,0,0,0,1,1,-2.07,-1.755,1,-0.64
AARON.NS,2026-05-15,14:00,BULLISH,HIGH,132.02,0.13,2.33,0.8,0.0,-1.53,-1.52,0,0,0,0,1,1,-1.823,-1.457,1,-0.37
AARON.NS,2026-05-18,09:15,NEUTRAL,LOW,128.05,-0.5,0.5,-0.0,0.0,-4.72,-2.38,0,1,1,0,1,0,,,0,-1.59
AARON.NS,2026-05-18,12:00,NEUTRAL,LOW,124.48,-0.5,0.5,-0.0,1.93,-0.79,0.42,1,1,1,1,1,0,,,0,-1.15
AARON.NS,2026-05-18,14:00,NEUTRAL,LOW,125.64,-0.5,0.5,0.0,0.99,-0.51,-0.51,1,1,1,1,1,0,,,0,-0.66
AARON.NS,2026-05-19,09:15,BULLISH,HIGH,121.55,0.47,7.4,2.69,6.25,0.0,1.4,1,1,1,1,1,1,2.39,,0,-1.19
AARON.NS,2026-05-19,14:00,BULLISH,HIGH,125.14,0.19,3.09,1.13,0.5,-1.51,-1.51,1,1,0,0,1,1,-1.81,-1.315,1,-0.5
AARON.NS,2026-05-20,09:15,BULLISH,HIGH,125.01,0.36,6.32,2.21,2.6,-2.97,-1.61,1,1,0,1,1,1,-2.27,1.908,1,-0.91
AARON.NS,2026-05-20,12:00,BULLISH,HIGH,125.17,0.26,4.56,1.59,1.24,-3.09,-1.73,1,1,0,0,1,1,-2.26,-2.26,1,-0.66
AARON.NS,2026-05-20,14:00,BULLISH,HIGH,125.88,0.15,2.64,0.92,0.0,-3.64,-2.29,0,0,0,0,1,1,-2.26,-2.26,1,-0.38
AARON.NS,2026-05-21,09:15,BULLISH,HIGH,120.0,0.33,6.05,1.9,3.74,0.0,0.82,1,1,1,1,1,1,1.6,,0,-1.07
AARON.NS,2026-05-21,12:00,BULLISH,HIGH,122.0,0.24,4.37,1.38,0.94,-1.6,-0.84,1,1,0,0,1,1,-1.136,-0.367,1,-0.77
AARON.NS,2026-05-21,14:00,BULLISH,HIGH,120.93,0.14,2.52,0.79,0.45,-0.73,0.04,1,1,0,0,1,1,-0.259,0.494,1,-0.45
AARON.NS,2026-05-22,09:15,BULLISH,HIGH,123.5,0.29,6.48,1.97,0.0,-4.17,-3.6,0,0,0,0,1,1,-2.34,-2.34,1,-1.19
AARON.NS,2026-05-22,12:00,BULLISH,HIGH,119.65,0.21,4.68,1.42,1.3,-0.5,-0.5,1,1,0,0,1,1,-0.801,,0,-0.86
AARON.NS,2026-05-22,14:00,BULLISH,HIGH,120.12,0.12,2.7,0.82,0.57,-0.89,-0.89,1,1,0,0,1,1,-1.191,-0.693,1,-0.5
AARON.NS,2026-05-25,09:15,BULLISH,MEDIUM,123.8,0.21,5.19,1.42,3.96,-2.66,1.78,1,1,1,1,1,1,-2.34,1.122,1,-1.23
AARON.NS,2026-05-25,12:00,BULLISH,MEDIUM,125.87,0.15,3.75,1.02,0.9,-0.61,0.1,1,1,0,0,1,1,-0.197,,0,-0.89
AARON.NS,2026-05-25,14:00,BULLISH,MEDIUM,125.16,0.09,2.16,0.59,1.47,-0.05,0.67,1,1,1,1,1,1,0.291,,0,-0.51
AARON.NS,2026-05-26,09:15,BEARISH,MEDIUM,125.97,-5.33,-0.22,-1.77,3.24,-1.56,-1.02,1,1,0,0,1,0,,,0,-4.21
AARON.NS,2026-05-26,12:00,BEARISH,MEDIUM,125.2,-3.85,-0.16,-1.28,0.24,-0.96,-0.41,1,1,0,0,1,0,,,0,-3.04
AARON.NS,2026-05-26,14:00,BEARISH,MEDIUM,124.05,-2.22,-0.09,-0.73,0.52,0.0,0.52,0,0,0,0,1,0,,,0,-1.76
AARON.NS,2026-05-27,09:15,BULLISH,MEDIUM,125.0,0.22,4.5,1.35,1.52,-4.0,-2.58,1,1,0,1,1,1,-2.36,1.052,1,-1.09
AARON.NS,2026-05-27,12:00,BULLISH,MEDIUM,121.62,0.16,3.25,0.98,4.01,-1.33,0.13,1,1,1,1,0,1,0.678,0.678,1,-0.79
AARON.NS,2026-05-27,14:00,BULLISH,MEDIUM,120.09,0.09,1.87,0.57,1.5,0.0,1.41,1,1,1,1,1,1,0.266,,0,-0.45
AARON.NS,2026-05-29,09:15,NEUTRAL,HIGH,125.8,-0.5,0.5,-0.0,0.0,-5.34,-4.09,0,1,1,0,1,0,,,0,-0.0
AARON.NS,2026-05-29,12:00,NEUTRAL,HIGH,125.36,-0.5,0.5,-0.0,0.35,-5.01,-3.75,0,1,1,0,1,0,,,0,-0.0
AARON.NS,2026-05-29,14:00,NEUTRAL,HIGH,124.98,-0.5,0.5,-0.0,0.66,-4.72,-3.46,0,1,1,0,1,0,,,0,-0.0
AARON.NS,2026-06-01,09:15,BEARISH,LOW,119.0,-4.12,-0.1,-1.01,0.8,-2.94,-1.25,1,1,1,1,1,0,,,0,-2.39
AARON.NS,2026-06-01,12:00,BEARISH,LOW,119.36,-2.97,-0.08,-0.73,0.0,-1.55,-1.55,1,1,1,1,1,0,,,0,-1.73
AARON.NS,2026-06-01,14:00,BEARISH,LOW,119.08,-1.72,-0.04,-0.42,0.0,-1.32,-1.32,1,1,1,1,1,0,,,0,-1.0
AARON.NS,2026-06-02,09:15,BULLISH,HIGH,118.23,0.28,5.89,1.73,0.63,-1.95,-0.79,1,1,0,0,1,1,-1.087,-0.095,1,-0.99
AARON.NS,2026-06-02,12:00,BULLISH,HIGH,117.29,0.2,4.26,1.25,1.43,-0.25,0.01,1,1,0,1,1,1,0.953,,0,-0.72
AARON.NS,2026-06-02,14:00,BULLISH,HIGH,118.15,0.12,2.46,0.73,0.69,-0.97,-0.72,1,1,0,0,1,1,-1.019,0.428,1,-0.41
AARON.NS,2026-06-03,09:15,BULLISH,HIGH,119.0,0.23,5.32,1.53,0.0,-2.52,-0.43,0,0,0,0,1,1,-2.27,0.145,1,-0.87
AARON.NS,2026-06-03,12:00,BULLISH,HIGH,118.15,0.17,3.84,1.1,0.5,-0.76,0.29,1,1,0,0,1,1,-0.012,0.8,1,-0.63
AARON.NS,2026-06-03,14:00,BULLISH,HIGH,117.3,0.1,2.22,0.64,1.01,0.0,1.01,1,1,0,1,1,1,0.339,,0,-0.36
AARON.NS,2026-06-04,09:15,BEARISH,LOW,117.9,-3.66,-0.1,-0.81,0.93,-0.51,0.09,1,1,0,0,1,0,,,0,-1.94
AARON.NS,2026-06-04,12:00,BEARISH,LOW,118.92,-2.64,-0.07,-0.59,0.03,-0.77,-0.77,1,1,0,1,1,0,,,0,-1.4
AARON.NS,2026-06-04,14:00,BEARISH,LOW,118.5,-1.53,-0.04,-0.34,0.38,-0.42,-0.41,1,1,0,1,1,0,,,0,-0.81
AARON.NS,2026-06-05,09:15,BEARISH,LOW,122.0,-3.37,-0.1,-0.84,0.0,-6.08,-5.11,1,1,1,1,0,0,,,0,-1.98
AARON.NS,2026-06-05,12:00,BEARISH,LOW,120.0,-2.43,-0.07,-0.6,0.28,-4.52,-3.53,1,1,1,1,0,0,,,0,-1.43
AARON.NS,2026-06-05,14:00,BEARISH,LOW,117.27,-1.4,-0.04,-0.35,0.1,-2.29,-1.28,1,1,1,1,0,0,,,0,-0.83
AARON.NS,2026-06-08,09:15,BULLISH,HIGH,115.0,0.28,6.54,1.97,0.96,-2.17,-0.4,1,1,0,0,1,1,-2.25,0.255,1,-0.95
AARON.NS,2026-06-08,12:00,BULLISH,HIGH,114.99,0.2,4.73,1.43,0.61,-1.43,-0.39,1,1,0,0,1,1,-0.691,0.001,1,-0.69
AARON.NS,2026-06-08,14:00,BULLISH,HIGH,114.5,0.12,2.73,0.82,0.79,-0.83,0.03,1,1,0,0,1,1,-0.265,0.521,1,-0.4
AARON.NS,2026-06-09,09:15,BULLISH,HIGH,113.6,0.19,4.1,1.18,2.54,-1.39,1.19,1,1,1,1,1,1,0.88,0.88,1,-0.74
AARON.NS,2026-06-09,12:00,BULLISH,HIGH,114.83,0.13,2.96,0.85,0.14,-2.45,0.1,1,1,0,0,1,1,-2.21,-2.21,1,-0.53
AARON.NS,2026-06-09,14:00,BULLISH,HIGH,113.91,0.08,1.71,0.49,0.95,0.0,0.91,1,1,1,1,1,1,0.192,,0,-0.31
AARON.NS,2026-06-10,09:15,BULLISH,LOW,114.9,0.13,3.89,1.09,0.09,-1.39,-0.44,1,0,0,0,1,1,-0.735,0.788,1,-1.12
AARON.NS,2026-06-10,12:00,BULLISH,LOW,114.7,0.1,2.81,0.78,0.26,-1.22,-0.26,1,1,0,0,1,1,-0.562,0.485,1,-0.81
AARON.NS,2026-06-10,14:00,BULLISH,LOW,114.48,0.05,1.62,0.45,0.45,-0.33,-0.07,1,1,0,1,1,1,0.154,,0,-0.47
AARON.NS,2026-06-11,09:15,BULLISH,LOW,114.5,0.11,3.42,0.86,0.44,-2.18,0.33,1,1,0,0,1,1,-2.09,0.565,1,-0.79
AARON.NS,2026-06-11,12:00,BULLISH,LOW,113.16,0.08,2.47,0.63,1.52,-0.54,1.52,1,1,1,1,1,1,0.327,,0,-0.57
AARON.NS,2026-06-11,14:00,BULLISH,LOW,113.35,0.04,1.43,0.36,1.35,0.0,1.35,1,1,1,1,1,1,0.062,,0,-0.33
AARON.NS,2026-06-12,09:15,BULLISH,LOW,115.15,0.12,3.26,0.86,4.21,-0.98,3.3,1,1,1,1,0,1,0.56,0.56,1,-0.75
AARON.NS,2026-06-12,12:00,BULLISH,LOW,115.0,0.08,2.35,0.62,4.35,0.0,3.43,1,1,1,1,0,1,0.317,,0,-0.54
AARON.NS,2026-06-12,14:00,BULLISH,LOW,116.73,0.05,1.36,0.36,2.8,-0.3,1.9,1,1,1,1,0,1,0.06,,0,-0.31
AARON.NS,2026-06-15,09:15,BEARISH,MEDIUM,125.0,-3.28,-0.11,-0.9,0.8,-2.78,-2.0,1,1,1,1,1,0,,,0,-2.14
AARON.NS,2026-06-15,12:00,BEARISH,MEDIUM,123.84,-2.37,-0.08,-0.65,0.04,-1.35,-1.08,1,1,1,1,1,0,,,0,-1.55
AARON.NS,2026-06-15,14:00,BEARISH,MEDIUM,123.88,-1.37,-0.04,-0.37,0.01,-1.38,-1.11,1,1,1,1,0,0,,,0,-0.89
AARON.NS,2026-06-16,09:15,BEARISH,MEDIUM,125.0,-4.0,-0.14,-0.98,0.0,-2.44,-1.58,1,1,1,1,1,0,,,0,-2.34
AARON.NS,2026-06-16,12:00,BEARISH,MEDIUM,123.44,-2.89,-0.1,-0.71,0.85,-1.21,-0.34,1,1,0,1,1,0,,,0,-1.69
AARON.NS,2026-06-17,09:15,BEARISH,MEDIUM,125.0,-3.05,-0.1,-0.65,1.38,-0.8,0.36,1,1,0,1,1,0,,,0,-1.54
AARON.NS,2026-06-17,12:00,BEARISH,MEDIUM,125.95,-2.2,-0.07,-0.47,0.03,-1.55,-0.4,1,1,1,1,1,0,,,0,-1.11
AARON.NS,2026-06-17,14:00,BEARISH,MEDIUM,125.5,-1.27,-0.04,-0.27,0.39,-1.2,-0.04,1,1,1,1,1,0,,,0,-0.64
AARON.NS,2026-06-18,09:15,BEARISH,LOW,127.5,-2.93,-0.08,-0.64,0.0,-3.98,-2.78,1,1,1,1,0,0,,,0,-1.5
AARON.NS,2026-06-18,12:00,BEARISH,LOW,123.97,-2.12,-0.05,-0.46,0.02,-1.25,-0.02,1,1,1,1,1,0,,,0,-1.09
AARON.NS,2026-06-18,14:00,BEARISH,LOW,123.98,-1.22,-0.03,-0.27,0.0,-1.26,-0.02,1,1,1,1,0,0,,,0,-0.63
AARON.NS,2026-06-19,09:15,BULLISH,MEDIUM,123.69,0.18,3.36,1.01,0.82,-1.37,-0.66,1,1,0,0,1,1,-0.963,0.711,1,-0.82
AARON.NS,2026-06-19,12:00,BULLISH,MEDIUM,122.9,0.13,2.43,0.73,0.03,-0.73,-0.02,1,0,0,0,1,1,-0.324,0.269,1,-0.59
AARON.NS,2026-06-19,14:00,BULLISH,MEDIUM,122.82,0.07,1.4,0.42,0.1,-0.07,0.04,1,1,0,0,1,1,-0.259,,0,-0.34
AARON.NS,2026-06-22,09:15,BULLISH,MEDIUM,123.59,0.11,2.9,0.68,0.82,-3.29,-2.93,1,1,0,1,1,1,-1.87,0.38,1,-0.87
AARON.NS,2026-06-22,14:00,BULLISH,MEDIUM,123.55,0.05,1.21,0.28,0.04,-3.25,-2.9,1,0,0,0,1,1,-1.86,-0.017,1,-0.36
AARON.NS,2026-06-23,09:15,BULLISH,HIGH,120.0,0.21,5.64,1.47,3.38,0.0,1.62,1,1,1,1,1,1,1.167,,0,-1.03
AARON.NS,2026-06-23,12:00,BULLISH,HIGH,122.47,0.15,4.08,1.06,0.42,-0.79,-0.42,1,1,0,0,1,1,-0.725,0.028,1,-0.75
AARON.NS,2026-06-23,14:00,BULLISH,HIGH,121.93,0.09,2.35,0.62,0.02,-0.35,0.02,1,0,0,0,1,1,-0.284,,0,-0.43
AARON.NS,2026-06-24,09:15,BEARISH,LOW,121.97,-4.19,-0.11,-0.92,0.33,-1.62,-1.16,1,1,0,1,1,0,,,0,-2.19
AARON.NS,2026-06-24,12:00,BEARISH,LOW,121.03,-3.03,-0.08,-0.66,0.38,-0.85,-0.39,1,1,0,1,1,0,,,0,-1.58
AARON.NS,2026-06-24,14:00,BEARISH,LOW,121.49,-1.75,-0.04,-0.39,0.0,-1.23,-0.77,1,1,1,1,1,0,,,0,-0.91
AARON.NS,2026-06-25,09:15,BULLISH,HIGH,118.9,0.21,4.2,1.23,2.83,-1.51,-0.27,1,1,1,1,1,1,0.928,0.928,1,-0.72
AARON.NS,2026-06-25,12:00,BULLISH,HIGH,118.68,0.15,3.04,0.88,0.6,-0.45,-0.08,1,1,0,0,1,1,-0.384,,0,-0.52
AARON.NS,2026-06-25,14:00,BULLISH,HIGH,118.8,0.09,1.75,0.51,0.0,-0.55,-0.19,0,0,0,0,1,1,-0.485,-0.185,1,-0.3
AARON.NS,2026-06-29,09:15,NEUTRAL,HIGH,116.17,-0.5,0.5,0.0,4.07,-0.15,0.41,1,1,1,1,1,0,,,0,-0.07
AARON.NS,2026-06-29,12:00,NEUTRAL,HIGH,118.33,-0.5,0.5,-0.0,1.63,-1.97,-1.42,0,1,1,0,1,0,,,0,-0.05
AARON.NS,2026-06-29,14:00,NEUTRAL,HIGH,118.46,-0.5,0.5,0.0,1.3,-1.62,-1.53,0,1,1,0,1,0,,,0,-0.03
AARON.NS,2026-06-30,09:15,BULLISH,HIGH,117.38,0.19,4.46,1.28,2.21,-1.94,0.1,1,1,0,1,1,1,-1.9,0.978,1,-0.67
AARON.NS,2026-06-30,12:00,BULLISH,HIGH,116.0,0.14,3.22,0.92,2.28,-0.43,1.29,1,1,1,1,1,1,0.622,,0,-0.48
AARON.NS,2026-06-30,14:00,BULLISH,HIGH,116.55,0.08,1.86,0.53,1.54,0.0,0.82,1,1,1,1,1,1,0.232,,0,-0.28
AARON.NS,2026-07-01,09:15,BULLISH,HIGH,115.8,0.18,4.07,1.11,2.75,0.0,1.11,1,1,1,1,1,1,0.814,,0,-0.76
AARON.NS,2026-07-01,14:00,BULLISH,HIGH,116.98,0.07,1.7,0.47,0.44,0.0,0.09,1,1,0,0,1,1,-0.206,,0,-0.32
AARON.NS,2026-07-02,09:15,BULLISH,LOW,116.01,0.06,2.1,0.45,2.52,0.0,2.35,1,1,1,1,0,1,0.148,,0,-1.28
AARON.NS,2026-07-02,14:00,BULLISH,LOW,118.83,0.02,0.88,0.19,0.0,-1.93,-0.08,0,0,0,0,1,1,-1.86,-0.115,1,-0.53
AARON.NS,2026-07-03,09:15,BULLISH,MEDIUM,116.55,0.13,2.94,0.76,1.91,0.0,1.15,1,1,1,1,1,1,0.455,,0,-0.7
AARON.NS,2026-07-03,12:00,BULLISH,MEDIUM,118.1,0.1,2.12,0.55,0.58,-0.51,-0.18,1,1,0,1,1,1,0.25,0.25,1,-0.5
AARON.NS,2026-07-03,14:00,BULLISH,MEDIUM,118.25,0.05,1.23,0.31,0.45,-0.39,-0.3,1,1,0,1,1,1,0.013,0.013,1,-0.29
AARON.NS,2026-07-06,09:15,BEARISH,MEDIUM,118.56,-3.28,-0.13,-0.87,1.17,-1.08,0.08,1,1,0,1,1,0,,,0,-2.06
AARON.NS,2026-07-06,12:00,BEARISH,MEDIUM,119.8,-2.37,-0.09,-0.63,0.05,-1.04,-0.96,1,1,0,1,1,0,,,0,-1.49
AARON.NS,2026-07-06,14:00,BEARISH,MEDIUM,119.28,-1.37,-0.05,-0.36,0.0,-0.61,-0.53,1,1,0,1,1,0,,,0,-0.86
AARON.NS,2026-07-07,09:15,BULLISH,MEDIUM,117.5,0.12,3.21,0.83,2.09,-2.13,-0.47,1,1,1,1,1,1,-1.73,0.526,1,-0.88
AARON.NS,2026-07-07,12:00,BULLISH,MEDIUM,116.5,0.09,2.32,0.59,1.2,-0.39,0.39,1,1,0,1,1,1,0.292,,0,-0.64
AARON.NS,2026-07-07,14:00,BULLISH,MEDIUM,117.2,0.05,1.34,0.34,0.0,-0.98,-0.21,0,0,0,0,1,1,-0.513,-0.143,1,-0.37
AARON.NS,2026-07-08,09:15,BULLISH,HIGH,118.4,0.17,3.61,0.97,0.08,-2.03,-1.55,1,0,0,0,1,1,-1.76,-1.17,1,-0.69
AARON.NS,2026-07-08,12:00,BULLISH,HIGH,118.49,0.12,2.61,0.7,0.0,-2.1,-1.63,0,0,0,0,1,1,-1.77,-1.77,1,-0.5
AARON.NS,2026-07-08,14:00,BULLISH,HIGH,117.1,0.07,1.51,0.4,0.0,-0.94,-0.46,0,0,0,0,1,1,-0.761,-0.472,1,-0.29
AARON.NS,2026-07-09,09:15,BULLISH,MEDIUM,116.5,0.13,2.83,0.7,2.15,-0.34,1.29,1,1,1,1,1,1,0.404,,0,-0.74
AARON.NS,2026-07-09,12:00,BULLISH,MEDIUM,116.79,0.09,2.05,0.51,1.89,-0.59,1.04,1,1,1,1,1,1,0.214,0.214,1,-0.54
AARON.NS,2026-07-09,14:00,BULLISH,MEDIUM,118.5,0.05,1.18,0.3,0.42,-1.06,-0.42,1,1,0,1,1,1,-0.005,-0.005,1,-0.31
AARON.NS,2026-07-10,09:15,BEARISH,MEDIUM,118.9,-2.96,-0.1,-0.84,0.4,-1.58,-1.07,1,1,1,1,1,0,,,0,-2.01
AARON.NS,2026-07-10,14:00,BEARISH,MEDIUM,118.6,-1.23,-0.04,-0.35,0.51,-0.83,-0.82,1,1,1,1,1,0,,,0,-0.84
AARON.NS,2026-07-13,09:15,BEARISH,MEDIUM,118.93,-2.91,-0.11,-0.82,0.06,-3.37,-0.18,1,1,1,1,0,0,,,0,-1.97
AARON.NS,2026-07-13,12:00,BEARISH,MEDIUM,117.98,-2.1,-0.08,-0.6,0.81,-1.59,0.62,1,1,1,1,1,0,,,0,-1.42
AARON.NS,2026-07-13,14:00,BEARISH,MEDIUM,118.49,-1.21,-0.05,-0.35,0.38,-0.41,0.19,1,1,0,1,1,0,,,0,-0.82
AARON.NS,2026-07-14,09:15,BULLISH,MEDIUM,119.5,0.14,3.13,0.79,0.0,-3.35,-2.49,0,0,0,0,1,1,-1.72,-1.72,1,-1.0
AARON.NS,2026-07-14,12:00,BULLISH,MEDIUM,118.24,0.1,2.26,0.57,0.0,-2.32,-1.45,0,0,0,0,1,1,-1.63,0.267,1,-0.72
AARON.NS,2026-07-14,14:00,BULLISH,MEDIUM,116.63,0.06,1.31,0.33,0.62,-0.97,-0.09,1,1,0,1,1,1,0.026,0.026,1,-0.42
AARON.NS,2026-07-15,09:15,BULLISH,HIGH,116.21,0.16,3.17,0.89,1.37,-1.9,-0.67,1,1,0,1,1,1,-1.66,0.595,1,-0.96
AARON.NS,2026-07-15,12:00,BULLISH,HIGH,116.0,0.11,2.29,0.65,1.55,-0.77,-0.49,1,1,1,1,1,1,0.347,0.347,1,-0.69
AARON.NS,2026-07-15,14:00,BULLISH,HIGH,116.2,0.07,1.32,0.38,1.37,-0.94,-0.66,1,1,1,1,0,1,0.079,0.079,1,-0.4
AARON.NS,2026-07-16,12:00,BEARISH,LOW,117.5,-2.84,-0.17,-0.71,0.77,-0.8,-0.43,1,1,0,1,1,0,,,0,-1.71
AARON.NS,2026-07-16,14:00,BEARISH,LOW,117.0,-1.64,-0.1,-0.41,1.2,0.0,0.0,0,0,0,0,1,0,,,0,-0.99
AARON.NS,2026-07-17,09:15,NEUTRAL,LOW,115.51,-0.5,0.5,-0.0,2.48,0.0,0.86,1,1,1,1,1,0,,,0,-0.71
AARON.NS,2026-07-17,12:00,NEUTRAL,LOW,116.31,-0.5,0.5,0.0,1.32,-0.27,0.16,1,1,1,1,1,0,,,0,-0.51
AARON.NS,2026-07-17,14:00,NEUTRAL,LOW,116.39,-0.5,0.5,0.0,1.25,-0.08,0.09,1,1,1,1,1,0,,,0,-0.29
AARON.NS,2026-07-20,09:15,BEARISH,LOW,116.57,-1.69,-0.07,-0.45,1.0,-0.96,-0.96,1,1,1,1,1,0,,,0,-1.09
AARON.NS,2026-07-20,14:00,BEARISH,LOW,116.83,-0.7,-0.03,-0.19,0.0,-1.18,-1.18,1,1,1,1,0,0,,,0,-0.45
AARON.NS,2026-07-21,09:15,BULLISH,LOW,115.98,0.15,3.7,0.91,5.97,-0.15,2.63,1,1,1,1,0,1,0.614,,0,-1.24
AARON.NS,2026-07-21,12:00,BULLISH,LOW,121.98,0.1,2.68,0.66,0.34,-2.42,-2.42,1,1,0,0,1,1,-1.57,0.364,1,-0.9
AARTIDRUGS.NS,2026-04-29,09:15,BULLISH,LOW,382.5,0.1,2.72,0.74,0.55,-3.01,-2.29,1,1,0,0,1,1,-1.68,-1.68,1,-0.88
AARTIDRUGS.NS,2026-04-29,12:00,BULLISH,LOW,377.05,0.08,1.97,0.53,0.0,-1.6,-0.88,0,0,0,0,1,1,-1.62,-0.547,1,-0.63
AARTIDRUGS.NS,2026-04-29,14:00,BULLISH,LOW,374.15,0.04,1.14,0.31,0.08,-0.84,-0.11,1,1,0,0,1,1,-0.407,0.007,1,-0.37
AARTIDRUGS.NS,2026-04-30,09:15,BULLISH,MEDIUM,372.7,0.11,3.06,0.79,1.42,-0.72,0.63,1,1,0,1,1,1,0.486,,0,-0.82
AARTIDRUGS.NS,2026-04-30,12:00,BULLISH,MEDIUM,373.55,0.08,2.21,0.57,1.0,-0.08,0.4,1,1,0,1,1,1,0.268,,0,-0.59
AARTIDRUGS.NS,2026-04-30,14:00,BULLISH,MEDIUM,377.3,0.05,1.28,0.33,0.0,-0.86,-0.6,0,0,0,0,1,1,-0.896,0.029,1,-0.34
AARTIDRUGS.NS,2026-05-04,09:15,NEUTRAL,HIGH,380.0,-0.5,0.5,0.0,4.74,-0.61,3.22,0,1,1,0,1,0,,,0,-0.08
AARTIDRUGS.NS,2026-05-04,12:00,NEUTRAL,HIGH,394.55,-0.5,0.5,0.0,0.27,-1.53,-0.58,1,1,1,1,1,0,,,0,-0.06
AARTIDRUGS.NS,2026-05-04,14:00,NEUTRAL,HIGH,392.4,-0.5,0.5,0.0,0.61,-0.61,-0.04,1,1,1,1,1,0,,,0,-0.03
AARTIDRUGS.NS,2026-05-05,09:15,BEARISH,HIGH,397.7,-6.79,-0.32,-2.32,0.01,-2.4,-1.79,1,1,0,1,1,0,,,0,-5.52
AARTIDRUGS.NS,2026-05-05,12:00,BEARISH,HIGH,389.05,-4.91,-0.23,-1.67,0.75,-0.14,0.4,1,0,0,0,1,0,,,0,-3.99
AARTIDRUGS.NS,2026-05-05,14:00,BEARISH,HIGH,389.3,-2.83,-0.13,-0.97,0.44,-0.18,0.33,1,1,0,0,1,0,,,0,-2.3
AARTIDRUGS.NS,2026-05-06,09:15,BULLISH,MEDIUM,394.85,0.15,3.33,0.95,1.92,-1.1,1.81,1,1,1,1,1,1,0.65,0.65,1,-0.97
AARTIDRUGS.NS,2026-05-06,12:00,BULLISH,MEDIUM,396.45,0.11,2.41,0.69,1.51,-0.86,1.4,1,1,1,1,1,1,0.386,0.386,1,-0.7
AARTIDRUGS.NS,2026-05-06,14:00,BULLISH,MEDIUM,395.1,0.06,1.39,0.39,1.86,-0.2,1.75,1,1,1,1,0,1,0.095,,0,-0.4
AARTIDRUGS.NS,2026-05-07,09:15,BEARISH,MEDIUM,400.4,-3.93,-0.19,-1.22,0.39,-1.89,-0.72,1,1,0,1,1,0,,,0,-2.91
AARTIDRUGS.NS,2026-05-07,12:00,BEARISH,MEDIUM,396.85,-2.84,-0.13,-0.88,0.91,-0.33,0.16,1,1,0,0,1,0,,,0,-2.1
AARTIDRUGS.NS,2026-05-07,14:00,BEARISH,MEDIUM,396.75,-1.64,-0.08,-0.51,0.55,-0.1,0.19,1,1,0,0,1,0,,,0,-1.21
AARTIDRUGS.NS,2026-05-08,09:15,BULLISH,LOW,395.25,0.11,2.51,0.69,1.18,-1.92,-1.51,1,1,0,1,1,1,-1.5,-0.921,1,-0.89
AARTIDRUGS.NS,2026-05-08,12:00,BULLISH,LOW,393.6,0.08,1.81,0.5,0.0,-1.51,-1.09,0,0,0,0,1,1,-1.5,-0.755,1,-0.64
AARTIDRUGS.NS,2026-05-08,14:00,BULLISH,LOW,389.8,0.04,1.05,0.29,0.31,-0.55,-0.13,1,1,0,1,1,1,-0.013,-0.013,1,-0.37
AARTIDRUGS.NS,2026-05-11,09:15,BULLISH,MEDIUM,387.95,0.14,3.79,1.05,0.13,-2.56,-1.22,1,0,0,0,1,1,-1.56,-1.56,1,-0.77
AARTIDRUGS.NS,2026-05-11,12:00,BULLISH,MEDIUM,386.8,0.1,2.74,0.76,0.23,-1.05,-0.93,1,1,0,0,1,1,-1.231,-0.673,1,-0.56
AARTIDRUGS.NS,2026-05-11,14:00,BULLISH,MEDIUM,384.3,0.06,1.58,0.44,0.12,-0.4,-0.29,1,1,0,0,1,1,-0.586,-0.266,1,-0.32
AARTIDRUGS.NS,2026-05-12,09:15,BULLISH,MEDIUM,383.9,0.16,3.45,1.02,0.55,-3.37,-3.31,1,1,0,0,1,1,-1.57,0.716,1,-0.81
AARTIDRUGS.NS,2026-05-12,12:00,BULLISH,MEDIUM,384.0,0.12,2.49,0.73,0.0,-3.4,-3.33,0,0,0,0,1,1,-1.57,-1.57,1,-0.58
AARTIDRUGS.NS,2026-05-12,14:00,BULLISH,MEDIUM,376.25,0.07,1.44,0.43,0.07,-1.41,-1.34,1,0,0,0,1,1,-1.56,-1.306,1,-0.34
AARTIDRUGS.NS,2026-05-13,09:15,BULLISH,MEDIUM,373.5,0.14,3.09,0.91,0.86,-3.03,-2.09,1,1,0,0,1,1,-1.88,0.613,1,-0.89
AARTIDRUGS.NS,2026-05-13,12:00,BULLISH,MEDIUM,370.65,0.1,2.23,0.66,0.2,-2.28,-1.34,1,1,0,0,1,1,-1.63,-1.63,1,-0.64
AARTIDRUGS.NS,2026-05-13,14:00,BULLISH,MEDIUM,366.65,0.06,1.29,0.38,0.35,-0.4,-0.26,1,1,0,0,1,1,-0.559,0.082,1,-0.37
AARTIDRUGS.NS,2026-05-14,09:15,BULLISH,MEDIUM,371.9,0.16,4.4,1.13,1.08,-3.19,-2.12,1,1,0,0,1,1,-1.87,0.829,1,-1.0
AARTIDRUGS.NS,2026-05-14,12:00,BULLISH,MEDIUM,363.15,0.12,3.18,0.82,0.69,-0.18,0.23,1,1,0,0,1,1,-0.066,,0,-0.73
AARTIDRUGS.NS,2026-05-14,14:00,BULLISH,MEDIUM,364.25,0.07,1.84,0.47,0.14,-0.34,-0.07,1,1,0,0,1,1,-0.369,,0,-0.42
AARTIDRUGS.NS,2026-05-15,09:15,BULLISH,HIGH,364.55,0.19,3.94,1.26,2.74,-1.08,0.84,1,1,1,1,1,1,0.965,0.965,1,-0.72
AARTIDRUGS.NS,2026-05-15,12:00,BULLISH,HIGH,368.15,0.13,2.84,0.92,1.74,-0.43,-0.15,1,1,1,1,1,1,0.615,,0,-0.52
AARTIDRUGS.NS,2026-05-15,14:00,BULLISH,HIGH,370.95,0.08,1.64,0.53,0.0,-1.19,-0.9,0,0,0,0,1,1,-1.203,-0.905,1,-0.3
AARTIDRUGS.NS,2026-05-18,09:15,BEARISH,LOW,360.8,-3.42,-0.09,-0.75,1.44,-1.3,1.16,1,1,0,1,1,0,,,0,-1.79
AARTIDRUGS.NS,2026-05-18,12:00,BEARISH,LOW,360.3,-2.47,-0.06,-0.54,1.58,-0.26,1.3,1,1,0,0,1,0,,,0,-1.3
AARTIDRUGS.NS,2026-05-18,14:00,BEARISH,LOW,362.5,-1.43,-0.04,-0.31,0.97,-0.08,0.69,1,1,0,0,1,0,,,0,-0.75
AARTIDRUGS.NS,2026-05-19,09:15,BULLISH,LOW,363.0,0.15,3.34,0.96,5.1,0.0,4.23,1,1,1,1,0,1,0.661,,0,-0.92
AARTIDRUGS.NS,2026-05-19,12:00,BULLISH,LOW,379.4,0.11,2.41,0.69,0.33,-1.12,-0.28,1,1,0,0,1,1,-0.577,0.393,1,-0.67
AARTIDRUGS.NS,2026-05-19,14:00,BULLISH,LOW,378.65,0.06,1.39,0.4,0.3,-0.17,-0.08,1,1,0,0,1,1,-0.379,,0,-0.38
AARTIDRUGS.NS,2026-05-20,09:15,BEARISH,HIGH,374.65,-4.68,-0.17,-1.27,3.14,-1.21,1.82,1,1,0,0,1,0,,,0,-3.02
AARTIDRUGS.NS,2026-05-20,12:00,BEARISH,HIGH,380.0,-3.38,-0.12,-0.92,1.68,-0.51,0.38,1,1,0,0,1,0,,,0,-2.18
AARTIDRUGS.NS,2026-05-20,14:00,BEARISH,HIGH,383.65,-1.95,-0.07,-0.53,0.72,-0.83,-0.57,1,1,0,1,1,0,,,0,-1.26
AARTIDRUGS.NS,2026-05-21,09:15,BEARISH,MEDIUM,384.75,-4.26,-0.14,-1.16,0.0,-1.68,-0.92,1,1,0,1,1,0,,,0,-2.76
AARTIDRUGS.NS,2026-05-21,12:00,BEARISH,MEDIUM,380.75,-3.08,-0.1,-0.84,0.25,-0.2,0.12,1,1,0,0,1,0,,,0,-2.0
AARTIDRUGS.NS,2026-05-21,14:00,BEARISH,MEDIUM,381.65,-1.78,-0.06,-0.48,0.0,-0.3,-0.12,1,1,0,0,1,0,,,0,-1.15
AARTIDRUGS.NS,2026-05-22,09:15,NEUTRAL,LOW,379.35,-0.5,0.5,-0.0,3.72,-1.46,2.98,0,1,1,0,1,0,,,0,-0.92
AARTIDRUGS.NS,2026-05-22,12:00,NEUTRAL,LOW,385.35,-0.5,0.5,-0.0,2.1,-0.21,1.38,0,1,1,0,1,0,,,0,-0.67
AARTIDRUGS.NS,2026-05-22,14:00,NEUTRAL,LOW,391.85,-0.5,0.5,-0.0,0.41,-0.7,-0.31,1,1,1,1,1,0,,,0,-0.38
AARTIDRUGS.NS,2026-05-25,09:15,BEARISH,HIGH,393.0,-5.03,-0.17,-1.37,1.53,-1.12,0.25,1,1,0,0,1,0,,,0,-3.26
AARTIDRUGS.NS,2026-05-25,12:00,BEARISH,HIGH,393.4,-3.63,-0.12,-0.99,0.41,-0.39,0.15,1,1,0,0,1,0,,,0,-2.36
AARTIDRUGS.NS,2026-05-25,14:00,BEARISH,HIGH,394.15,-2.1,-0.07,-0.57,0.22,-0.29,-0.04,1,1,0,0,1,0,,,0,-1.36
AARTIDRUGS.NS,2026-05-26,09:15,BEARISH,MEDIUM,400.0,-3.51,-0.12,-0.99,1.75,-1.75,-1.0,1,1,0,1,1,0,,,0,-2.36
AARTIDRUGS.NS,2026-05-26,12:00,BEARISH,MEDIUM,402.35,-2.53,-0.09,-0.72,0.66,-2.32,-1.58,1,1,1,1,1,0,,,0,-1.7
AARTIDRUGS.NS,2026-05-26,14:00,BEARISH,MEDIUM,401.6,-1.46,-0.05,-0.41,0.26,-2.14,-1.39,1,1,1,1,0,0,,,0,-0.98
AARTIDRUGS.NS,2026-05-27,09:15,BULLISH,LOW,394.4,0.16,4.31,1.16,1.14,-1.12,-0.86,1,1,0,0,1,1,-1.162,,0,-1.87
AARTIDRUGS.NS,2026-05-27,12:00,BULLISH,LOW,395.05,0.12,3.11,0.84,0.15,-1.28,-1.03,1,1,0,0,1,1,-1.325,,0,-1.35
AARTIDRUGS.NS,2026-05-27,14:00,BULLISH,LOW,391.1,0.07,1.8,0.49,0.59,-0.28,-0.03,1,1,0,1,1,1,0.186,,0,-0.78
AARTIDRUGS.NS,2026-05-29,09:15,NEUTRAL,HIGH,388.75,-0.5,0.5,0.0,1.29,-2.51,-2.25,0,1,1,0,1,0,,,0,-0.0
AARTIDRUGS.NS,2026-05-29,12:00,NEUTRAL,HIGH,387.65,-0.5,0.5,0.0,0.86,-2.23,-1.97,0,1,1,0,1,0,,,0,-0.0
AARTIDRUGS.NS,2026-05-29,14:00,NEUTRAL,HIGH,385.45,-0.5,0.5,-0.0,0.25,-1.67,-1.41,0,1,1,0,1,0,,,0,-0.0
AARTIDRUGS.NS,2026-06-01,09:15,BULLISH,MEDIUM,385.9,0.15,4.06,1.17,1.15,-1.79,-0.66,1,1,0,0,1,1,-1.64,0.866,1,-0.68
AARTIDRUGS.NS,2026-06-01,12:00,BULLISH,MEDIUM,384.2,0.11,2.93,0.84,0.7,-0.53,-0.22,1,1,0,0,1,1,-0.521,-0.03,1,-0.49
AARTIDRUGS.NS,2026-06-01,14:00,BULLISH,MEDIUM,384.0,0.06,1.69,0.49,0.47,-0.48,-0.17,1,1,0,0,1,1,-0.469,0.187,1,-0.29
AARTIDRUGS.NS,2026-06-02,09:15,BEARISH,LOW,379.5,-2.15,-0.06,-0.52,0.92,-0.4,0.2,1,1,0,0,1,0,,,0,-1.23
AARTIDRUGS.NS,2026-06-02,12:00,BEARISH,LOW,378.1,-1.56,-0.05,-0.37,0.95,-0.03,0.57,1,0,0,0,1,0,,,0,-0.89
AARTIDRUGS.NS,2026-06-02,14:00,BEARISH,LOW,381.4,-0.9,-0.03,-0.21,0.0,-0.37,-0.3,1,1,0,1,1,0,,,0,-0.51
AARTIDRUGS.NS,2026-06-03,09:15,BULLISH,MEDIUM,382.6,0.13,2.94,0.81,0.1,-2.63,-0.94,1,0,0,0,1,1,-1.57,-1.57,1,-0.58
AARTIDRUGS.NS,2026-06-03,12:00,BULLISH,MEDIUM,373.35,0.09,2.12,0.59,1.75,-0.21,1.51,1,1,1,1,1,1,0.287,,0,-0.42
AARTIDRUGS.NS,2026-06-03,14:00,BULLISH,MEDIUM,377.8,0.05,1.23,0.34,0.56,-0.17,0.32,1,1,0,1,1,1,0.039,,0,-0.24
AARTIDRUGS.NS,2026-06-04,09:15,BULLISH,LOW,376.0,0.12,2.32,0.62,1.73,-0.51,-0.23,1,1,1,1,1,1,0.322,,0,-0.62
AARTIDRUGS.NS,2026-06-04,12:00,BULLISH,LOW,377.8,0.08,1.67,0.45,0.22,-0.98,-0.7,1,1,0,0,1,1,-1.001,-0.553,1,-0.45
AARTIDRUGS.NS,2026-06-04,14:00,BULLISH,LOW,374.4,0.05,0.97,0.26,0.47,0.0,0.2,1,1,0,1,1,1,-0.041,,0,-0.26
AARTIDRUGS.NS,2026-06-05,09:15,BULLISH,MEDIUM,376.8,0.13,2.93,0.86,1.29,-1.0,0.44,1,1,0,1,1,1,0.557,0.557,1,-0.67
AARTIDRUGS.NS,2026-06-05,12:00,BULLISH,MEDIUM,377.85,0.09,2.11,0.62,0.54,-0.74,0.16,1,1,0,0,1,1,-0.141,0.319,1,-0.49
AARTIDRUGS.NS,2026-06-05,14:00,BULLISH,MEDIUM,377.4,0.05,1.22,0.36,0.57,-0.37,0.28,1,1,0,1,1,1,0.058,0.058,1,-0.28
AARTIDRUGS.NS,2026-06-08,09:15,BEARISH,LOW,373.0,-2.63,-0.07,-0.5,2.18,-2.1,-1.92,1,1,1,1,1,0,,,0,-1.2
AARTIDRUGS.NS,2026-06-08,12:00,BEARISH,LOW,375.25,-1.9,-0.05,-0.36,0.17,-2.69,-2.5,1,1,1,1,0,0,,,0,-0.87
AARTIDRUGS.NS,2026-06-08,14:00,BEARISH,LOW,370.6,-1.1,-0.03,-0.21,0.11,-1.47,-1.28,1,1,1,1,0,0,,,0,-0.5
AARTIDRUGS.NS,2026-06-09,09:15,BULLISH,HIGH,365.15,0.15,3.4,1.12,4.03,0.0,3.44,1,1,1,1,0,1,0.82,,0,-0.62
AARTIDRUGS.NS,2026-06-09,12:00,BULLISH,HIGH,378.7,0.11,2.46,0.81,0.3,-1.35,-0.26,1,1,0,0,1,1,-1.61,-0.113,1,-0.45
AARTIDRUGS.NS,2026-06-09,14:00,BULLISH,HIGH,375.0,0.06,1.42,0.47,0.85,-0.37,0.72,1,1,1,1,1,1,0.167,0.167,1,-0.26
AARTIDRUGS.NS,2026-06-10,09:15,BEARISH,LOW,376.1,-3.14,-0.1,-0.84,1.2,-1.17,-1.08,1,1,0,1,1,0,,,0,-1.99
AARTIDRUGS.NS,2026-06-10,12:00,BEARISH,LOW,375.05,-2.27,-0.07,-0.61,0.19,-0.89,-0.8,1,1,0,1,1,0,,,0,-1.44
AARTIDRUGS.NS,2026-06-10,14:00,BEARISH,LOW,373.45,-1.31,-0.04,-0.35,0.27,-0.47,-0.37,1,1,0,1,1,0,,,0,-0.83
AARTIDRUGS.NS,2026-06-11,09:15,BULLISH,MEDIUM,371.9,0.12,3.0,0.81,0.42,-1.77,-1.06,1,1,0,0,1,1,-1.6,0.507,1,-0.65
AARTIDRUGS.NS,2026-06-11,12:00,BULLISH,MEDIUM,370.85,0.08,2.17,0.58,0.0,-1.29,-0.78,0,0,0,0,1,1,-1.082,-0.613,1,-0.47
AARTIDRUGS.NS,2026-06-11,14:00,BULLISH,MEDIUM,367.45,0.05,1.25,0.34,0.41,-0.16,0.14,1,1,0,1,1,1,0.037,,0,-0.27
AARTIDRUGS.NS,2026-06-12,09:15,BULLISH,MEDIUM,375.0,0.13,2.99,0.94,0.0,-1.84,-0.44,0,0,0,0,1,1,-1.58,-1.58,1,-0.52
AARTIDRUGS.NS,2026-06-12,12:00,BULLISH,MEDIUM,369.65,0.09,2.16,0.68,1.0,-0.42,1.0,1,1,0,1,1,1,0.382,0.382,1,-0.38
AARTIDRUGS.NS,2026-06-12,14:00,BULLISH,MEDIUM,370.75,0.05,1.25,0.39,0.7,-0.2,0.7,1,1,1,1,1,1,0.094,,0,-0.22
AARTIDRUGS.NS,2026-06-15,09:15,BEARISH,LOW,375.2,-2.15,-0.08,-0.57,0.75,-0.88,-0.04,1,1,0,1,1,0,,,0,-1.36
AARTIDRUGS.NS,2026-06-15,12:00,BEARISH,LOW,373.25,-1.56,-0.06,-0.41,0.79,-0.36,0.48,1,1,0,0,1,0,,,0,-0.98
AARTIDRUGS.NS,2026-06-15,14:00,BEARISH,LOW,375.5,-0.9,-0.03,-0.24,0.0,-0.44,-0.12,1,1,0,1,1,0,,,0,-0.57
AARTIDRUGS.NS,2026-06-16,09:15,BEARISH,LOW,378.0,-2.51,-0.1,-0.69,0.41,-1.96,-1.69,1,1,1,1,1,0,,,0,-1.64
AARTIDRUGS.NS,2026-06-16,12:00,BEARISH,LOW,372.4,-1.81,-0.07,-0.5,0.15,-0.48,-0.21,1,1,0,0,1,0,,,0,-1.18
AARTIDRUGS.NS,2026-06-16,14:00,BEARISH,LOW,371.2,-1.05,-0.04,-0.29,0.47,-0.04,0.11,1,1,0,0,1,0,,,0,-0.68
AARTIDRUGS.NS,2026-06-17,09:15,BULLISH,HIGH,374.0,0.15,3.61,0.97,0.17,-1.82,-1.67,1,1,0,0,1,1,-1.51,-1.51,1,-0.58
AARTIDRUGS.NS,2026-06-17,12:00,BULLISH,HIGH,369.05,0.11,2.61,0.7,0.16,-0.5,-0.35,1,1,0,0,1,1,-0.652,-0.232,1,-0.42
AARTIDRUGS.NS,2026-06-17,14:00,BULLISH,HIGH,368.55,0.06,1.51,0.41,0.04,-0.37,-0.22,1,0,0,0,1,1,-0.517,-0.277,1,-0.24
AARTIDRUGS.NS,2026-06-18,09:15,BULLISH,MEDIUM,369.85,0.11,2.26,0.68,3.69,-0.66,0.39,1,1,1,1,0,1,0.379,0.379,1,-0.48
AARTIDRUGS.NS,2026-06-18,12:00,BULLISH,MEDIUM,374.3,0.08,1.63,0.49,0.23,-1.84,-0.8,1,1,0,0,1,1,-1.5,-1.5,1,-0.34
AARTIDRUGS.NS,2026-06-18,14:00,BULLISH,MEDIUM,373.85,0.05,0.94,0.28,0.27,-1.73,-0.68,1,1,0,0,1,1,-1.5,-0.016,1,-0.2
AARTIDRUGS.NS,2026-06-19,09:15,BULLISH,LOW,372.0,0.06,3.17,0.63,1.05,-1.02,-0.55,1,1,0,1,1,1,0.326,,0,-1.38
AARTIDRUGS.NS,2026-06-19,12:00,BULLISH,LOW,372.15,0.05,2.29,0.45,0.08,-1.06,-0.59,1,1,0,0,1,1,-0.891,0.113,1,-1.0
AARTIDRUGS.NS,2026-06-19,14:00,BULLISH,LOW,370.95,0.03,1.32,0.26,0.08,-0.74,-0.27,1,1,0,0,1,1,-0.57,-0.039,1,-0.58
AARTIDRUGS.NS,2026-06-22,09:15,BULLISH,LOW,371.15,0.06,2.37,0.52,1.89,0.0,1.44,1,1,1,1,1,1,0.223,,0,-1.08
AARTIDRUGS.NS,2026-06-22,12:00,BULLISH,LOW,375.45,0.04,1.71,0.38,0.72,-0.92,0.28,1,1,0,1,1,1,0.078,0.078,1,-0.78
AARTIDRUGS.NS,2026-06-22,14:00,BULLISH,LOW,376.6,0.02,0.99,0.22,0.41,-0.12,-0.03,1,1,0,1,1,1,-0.082,,0,-0.45
AARTIDRUGS.NS,2026-06-23,09:15,BEARISH,LOW,377.45,-2.98,-0.09,-0.58,1.92,-1.44,-0.83,1,1,0,1,1,0,,,0,-1.37
AARTIDRUGS.NS,2026-06-23,12:00,BEARISH,LOW,372.5,-2.16,-0.07,-0.42,1.21,-0.12,0.48,1,1,0,0,1,0,,,0,-0.99
AARTIDRUGS.NS,2026-06-23,14:00,BEARISH,LOW,374.25,-1.24,-0.04,-0.24,0.61,-0.17,0.01,1,1,0,0,1,0,,,0,-0.57
AARTIDRUGS.NS,2026-06-24,09:15,BULLISH,MEDIUM,375.8,0.15,4.43,1.12,0.75,-1.61,-0.88,1,1,0,0,1,1,-1.178,-0.328,1,-0.85
AARTIDRUGS.NS,2026-06-24,12:00,BULLISH,MEDIUM,371.8,0.1,3.2,0.81,0.4,-0.55,0.19,1,1,0,0,1,1,-0.112,,0,-0.61
AARTIDRUGS.NS,2026-06-24,14:00,BULLISH,MEDIUM,370.45,0.06,1.85,0.46,0.77,0.0,0.55,1,1,0,1,1,1,0.164,,0,-0.35
AARTIDRUGS.NS,2026-06-25,09:15,BULLISH,HIGH,374.0,0.12,3.26,0.82,0.91,-0.71,-0.28,1,1,0,1,1,1,0.518,0.518,1,-0.6
AARTIDRUGS.NS,2026-06-25,12:00,BULLISH,HIGH,375.55,0.09,2.35,0.59,0.33,-0.93,-0.69,1,1,0,0,1,1,-0.992,-0.553,1,-0.44
AARTIDRUGS.NS,2026-06-25,14:00,BULLISH,HIGH,375.15,0.05,1.36,0.34,0.03,-0.83,-0.59,1,0,0,0,1,1,-0.886,-0.637,1,-0.25
AARTIDRUGS.NS,2026-06-29,09:15,NEUTRAL,HIGH,373.5,-0.5,0.5,0.0,1.19,-0.72,-0.16,1,1,1,1,1,0,,,0,-0.1
AARTIDRUGS.NS,2026-06-29,12:00,NEUTRAL,HIGH,373.65,-0.5,0.5,0.0,0.44,-0.76,-0.2,1,1,1,1,1,0,,,0,-0.07
AARTIDRUGS.NS,2026-06-29,14:00,NEUTRAL,HIGH,373.6,-0.5,0.5,-0.0,0.46,-0.54,-0.19,1,1,1,1,1,0,,,0,-0.04
AARTIDRUGS.NS,2026-06-30,09:15,BEARISH,LOW,374.7,-1.62,-0.07,-0.48,4.22,-0.67,2.47,1,1,0,1,1,0,,,0,-1.15
AARTIDRUGS.NS,2026-06-30,12:00,BEARISH,LOW,385.8,-1.17,-0.05,-0.35,0.74,-0.56,-0.48,1,1,0,1,1,0,,,0,-0.83
AARTIDRUGS.NS,2026-06-30,14:00,BEARISH,LOW,386.4,-0.68,-0.03,-0.2,0.58,-0.66,-0.63,1,1,1,1,1,0,,,0,-0.48
AARTIDRUGS.NS,2026-07-01,09:15,BEARISH,LOW,380.15,-3.28,-0.13,-0.82,1.28,-1.41,-1.41,1,1,0,1,1,0,,,0,-1.96
AARTIDRUGS.NS,2026-07-01,12:00,BEARISH,LOW,379.15,-2.37,-0.1,-0.59,0.08,-1.15,-1.15,1,1,0,1,1,0,,,0,-1.41
AARTIDRUGS.NS,2026-07-01,14:00,BEARISH,LOW,377.0,-1.37,-0.06,-0.34,0.32,-0.58,-0.58,1,1,0,1,1,0,,,0,-0.82
AARTIDRUGS.NS,2026-07-02,09:15,BULLISH,HIGH,376.1,0.12,2.49,0.82,3.15,0.0,2.1,1,1,1,1,0,1,0.516,,0,-0.58
AARTIDRUGS.NS,2026-07-02,12:00,BULLISH,HIGH,381.15,0.09,1.8,0.59,1.78,-0.2,0.75,1,1,1,1,1,1,0.29,,0,-0.42
AARTIDRUGS.NS,2026-07-02,14:00,BULLISH,HIGH,381.05,0.05,1.04,0.34,1.81,0.0,0.77,1,1,1,1,0,1,0.041,,0,-0.24
AARTIDRUGS.NS,2026-07-03,09:15,BEARISH,HIGH,385.9,-3.49,-0.19,-1.04,2.32,-0.56,0.48,1,1,0,0,1,0,,,0,-2.48
AARTIDRUGS.NS,2026-07-03,12:00,BEARISH,HIGH,390.8,-2.52,-0.14,-0.75,0.82,-0.96,-0.78,1,1,0,1,1,0,,,0,-1.79
AARTIDRUGS.NS,2026-07-03,14:00,BEARISH,HIGH,387.1,-1.45,-0.08,-0.43,0.44,-0.01,0.17,1,0,0,0,1,0,,,0,-1.04
AARTIDRUGS.NS,2026-07-06,09:15,BEARISH,MEDIUM,387.05,-3.04,-0.14,-0.92,0.28,-2.33,-1.85,1,1,1,1,1,0,,,0,-2.2
AARTIDRUGS.NS,2026-07-06,12:00,BEARISH,MEDIUM,379.45,-2.19,-0.1,-0.67,0.32,-0.37,0.12,1,1,0,0,1,0,,,0,-1.59
AARTIDRUGS.NS,2026-07-06,14:00,BEARISH,MEDIUM,379.9,-1.27,-0.06,-0.38,0.17,-0.24,0.0,1,1,0,0,1,0,,,0,-0.92
AARTIDRUGS.NS,2026-07-07,09:15,BULLISH,HIGH,382.0,0.12,2.63,0.8,2.75,-0.97,1.83,1,1,1,1,0,1,0.504,0.504,1,-0.53
AARTIDRUGS.NS,2026-07-07,12:00,BULLISH,HIGH,385.75,0.09,1.9,0.58,1.75,-0.43,0.84,1,1,1,1,1,1,0.281,0.281,1,-0.38
AARTIDRUGS.NS,2026-07-07,14:00,BULLISH,HIGH,385.8,0.05,1.1,0.33,1.21,-0.21,0.83,1,1,1,1,0,1,0.034,,0,-0.22
AARTIDRUGS.NS,2026-07-08,09:15,BEARISH,MEDIUM,386.95,-3.43,-0.19,-1.11,2.98,-1.14,-0.63,1,1,0,1,1,0,,,0,-2.64
AARTIDRUGS.NS,2026-07-08,12:00,BEARISH,MEDIUM,391.95,-2.48,-0.14,-0.8,1.67,-2.28,-1.9,1,1,1,1,1,0,,,0,-1.91
AARTIDRUGS.NS,2026-07-08,14:00,BEARISH,MEDIUM,389.35,-1.43,-0.08,-0.46,0.0,-1.63,-1.25,1,1,1,1,0,0,,,0,-1.1
AARTIDRUGS.NS,2026-07-09,09:15,BULLISH,LOW,390.95,0.15,3.54,0.95,3.53,-0.87,1.23,1,1,1,1,1,1,0.652,,0,-1.1
AARTIDRUGS.NS,2026-07-09,12:00,BULLISH,LOW,397.7,0.1,2.56,0.69,1.77,-0.68,-0.49,1,1,1,1,1,1,0.389,,0,-0.79
AARTIDRUGS.NS,2026-07-09,14:00,BULLISH,LOW,398.95,0.06,1.48,0.4,0.04,-0.99,-0.8,1,0,0,0,1,1,-1.102,-0.644,1,-0.46
AARTIDRUGS.NS,2026-07-10,09:15,BEARISH,HIGH,399.65,-4.47,-0.25,-1.39,0.5,-1.16,-0.91,1,1,0,0,1,0,,,0,-3.31
AARTIDRUGS.NS,2026-07-10,12:00,BEARISH,HIGH,396.05,-3.23,-0.18,-1.0,0.72,-0.2,-0.01,1,1,0,0,1,0,,,0,-2.39
AARTIDRUGS.NS,2026-07-10,14:00,BEARISH,HIGH,397.0,-1.86,-0.1,-0.58,0.24,-0.25,-0.25,1,1,0,0,1,0,,,0,-1.38
AARTIDRUGS.NS,2026-07-13,09:15,BEARISH,MEDIUM,395.0,-2.59,-0.09,-0.72,1.73,-0.72,0.48,1,1,0,1,1,0,,,0,-1.71
AARTIDRUGS.NS,2026-07-13,12:00,BEARISH,MEDIUM,398.2,-1.87,-0.06,-0.52,0.38,-0.4,-0.33,1,1,0,0,1,0,,,0,-1.24
AARTIDRUGS.NS,2026-07-13,14:00,BEARISH,MEDIUM,397.65,-1.08,-0.04,-0.3,0.25,-0.26,-0.19,1,1,0,0,1,0,,,0,-0.71
AARTIDRUGS.NS,2026-07-14,09:15,BULLISH,LOW,396.45,0.09,2.1,0.5,4.22,-0.09,2.95,1,1,1,1,0,1,0.197,,0,-0.87
AARTIDRUGS.NS,2026-07-14,12:00,BULLISH,LOW,407.15,0.07,1.51,0.36,1.49,-0.96,0.25,1,1,1,1,1,1,0.059,0.059,1,-0.63
AARTIDRUGS.NS,2026-07-14,14:00,BULLISH,LOW,406.7,0.04,0.87,0.21,1.6,-0.1,0.36,1,1,1,1,0,1,-0.093,,0,-0.36
AARTIDRUGS.NS,2026-07-15,09:15,BEARISH,HIGH,407.7,-5.74,-0.26,-1.78,4.91,-0.43,3.26,1,1,0,0,1,0,,,0,-4.24
AARTIDRUGS.NS,2026-07-15,12:00,BEARISH,HIGH,419.5,-4.15,-0.19,-1.28,0.6,-0.62,0.36,1,1,0,0,1,0,,,0,-3.06
AARTIDRUGS.NS,2026-07-15,14:00,BEARISH,HIGH,417.7,-2.39,-0.11,-0.74,1.03,0.0,0.79,0,0,0,0,1,0,,,0,-1.77
AARTIDRUGS.NS,2026-07-16,09:15,BEARISH,HIGH,430.0,-5.49,-0.24,-1.66,1.1,-2.56,-2.37,1,1,0,1,1,0,,,0,-3.94
AARTIDRUGS.NS,2026-07-16,12:00,BEARISH,HIGH,420.5,-3.97,-0.18,-1.2,0.42,-0.36,-0.17,1,1,0,0,1,0,,,0,-2.85
AARTIDRUGS.NS,2026-07-16,14:00,BEARISH,HIGH,420.3,-2.29,-0.1,-0.69,0.46,-0.13,-0.12,1,1,0,0,1,0,,,0,-1.65
AARTIDRUGS.NS,2026-07-17,09:15,BULLISH,MEDIUM,421.95,0.14,2.95,0.81,1.07,-2.78,0.25,1,1,0,1,1,1,-1.75,-1.75,1,-1.05
AARTIDRUGS.NS,2026-07-17,12:00,BULLISH,MEDIUM,415.0,0.1,2.13,0.59,2.76,-0.12,1.93,1,1,1,1,0,1,0.286,,0,-0.76
AARTIDRUGS.NS,2026-07-17,14:00,BULLISH,MEDIUM,416.0,0.06,1.23,0.34,2.51,-0.17,1.68,1,1,1,1,0,1,0.037,,0,-0.44
AARTIDRUGS.NS,2026-07-20,09:15,BEARISH,MEDIUM,416.85,-3.47,-0.16,-0.96,1.36,-1.36,0.28,1,1,0,1,1,0,,,0,-2.29
AARTIDRUGS.NS,2026-07-20,12:00,BEARISH,MEDIUM,415.0,-2.51,-0.11,-0.7,1.81,-0.23,0.72,1,1,0,0,1,0,,,0,-1.66
AARTIDRUGS.NS,2026-07-20,14:00,BEARISH,MEDIUM,419.25,-1.45,-0.07,-0.4,0.23,-0.66,-0.3,1,1,0,1,1,0,,,0,-0.96
AARTIDRUGS.NS,2026-07-21,09:15,BULLISH,MEDIUM,418.0,0.14,3.24,0.98,2.5,-0.3,1.82,1,1,1,1,1,1,0.676,,0,-1.0
AARTIDRUGS.NS,2026-07-21,12:00,BULLISH,MEDIUM,425.5,0.1,2.34,0.71,0.69,-0.26,0.02,1,1,0,0,1,1,-0.276,,0,-0.72
AARTIIND.NS,2026-04-29,09:15,BEARISH,HIGH,505.0,-5.24,-0.16,-1.42,1.47,-0.91,-0.32,1,1,0,0,1,0,,,0,-3.37
AARTIIND.NS,2026-04-29,12:00,BEARISH,HIGH,505.6,-3.79,-0.11,-1.02,0.11,-1.03,-0.44,1,1,0,1,1,0,,,0,-2.43
AARTIIND.NS,2026-04-29,14:00,BEARISH,HIGH,504.7,-2.19,-0.06,-0.59,0.26,-0.85,-0.26,1,1,0,1,1,0,,,0,-1.41
AARTIIND.NS,2026-04-30,09:15,BEARISH,MEDIUM,501.05,-3.75,-0.1,-0.96,1.79,-1.01,1.33,1,1,0,1,1,0,,,0,-2.28
AARTIIND.NS,2026-04-30,12:00,BEARISH,MEDIUM,498.65,-2.71,-0.07,-0.69,2.28,-0.47,1.81,1,1,0,0,1,0,,,0,-1.65
AARTIIND.NS,2026-04-30,14:00,BEARISH,MEDIUM,509.95,-1.56,-0.04,-0.4,0.01,-0.86,-0.44,1,1,1,1,1,0,,,0,-0.95
AARTIIND.NS,2026-05-04,09:15,NEUTRAL,HIGH,514.0,-0.5,0.5,0.0,1.71,-0.97,-0.52,1,1,1,1,1,0,,,0,-0.1
AARTIIND.NS,2026-05-04,12:00,NEUTRAL,HIGH,515.45,-0.5,0.5,-0.0,0.27,-1.25,-0.8,1,1,1,1,1,0,,,0,-0.07
AARTIIND.NS,2026-05-04,14:00,NEUTRAL,HIGH,510.4,-0.5,0.5,0.0,1.07,-0.18,0.19,1,1,1,1,1,0,,,0,-0.04
AARTIIND.NS,2026-05-05,09:15,BEARISH,HIGH,509.8,-4.45,-0.15,-1.26,0.0,-6.67,-4.13,1,1,1,1,0,0,,,0,-2.99
AARTIIND.NS,2026-05-05,12:00,BEARISH,HIGH,483.9,-3.22,-0.11,-0.91,1.35,-0.39,1.0,1,1,0,0,1,0,,,0,-2.16
AARTIIND.NS,2026-05-05,14:00,BEARISH,HIGH,483.4,-1.86,-0.06,-0.52,1.46,-0.22,1.11,1,1,0,0,1,0,,,0,-1.25
AARTIIND.NS,2026-05-06,09:15,BULLISH,HIGH,492.0,0.23,8.54,1.87,2.89,-2.03,1.05,1,1,0,1,1,1,1.574,1.574,1,-1.12
AARTIIND.NS,2026-05-06,12:00,BULLISH,HIGH,490.35,0.17,6.17,1.35,3.23,-1.14,1.39,1,1,1,1,1,1,1.054,1.054,1,-0.81
AARTIIND.NS,2026-05-06,14:00,BULLISH,HIGH,489.75,0.1,3.56,0.78,3.36,-0.04,1.51,1,1,1,1,1,1,0.482,,0,-0.47
AARTIIND.NS,2026-05-07,09:15,BEARISH,LOW,496.5,-4.56,-0.1,-1.01,0.34,-2.48,-1.71,1,1,1,1,1,0,,,0,-2.39
AARTIIND.NS,2026-05-07,12:00,BEARISH,LOW,487.0,-3.29,-0.07,-0.73,2.23,-0.38,0.21,1,1,0,0,1,0,,,0,-1.73
AARTIIND.NS,2026-05-07,14:00,BEARISH,LOW,486.5,-1.9,-0.04,-0.42,0.48,-0.07,0.31,1,1,0,0,1,0,,,0,-1.0
AARTIIND.NS,2026-05-08,09:15,BULLISH,HIGH,486.0,0.18,4.61,1.23,0.86,-0.39,-0.1,1,1,0,0,1,1,-0.403,,0,-0.95
AARTIIND.NS,2026-05-08,12:00,BULLISH,HIGH,486.2,0.13,3.33,0.89,0.53,-0.25,-0.14,1,1,0,0,1,1,-0.444,,0,-0.69
AARTIIND.NS,2026-05-08,14:00,BULLISH,HIGH,485.65,0.07,1.92,0.51,0.65,-0.11,-0.03,1,1,0,1,1,1,0.215,,0,-0.4
AARTIIND.NS,2026-05-11,09:15,BULLISH,MEDIUM,476.95,0.11,2.86,0.71,4.41,-0.38,2.19,1,1,1,1,0,1,0.415,,0,-0.61
AARTIIND.NS,2026-05-11,12:00,BULLISH,MEDIUM,495.45,0.08,2.07,0.52,0.51,-1.88,-1.62,1,1,0,0,1,1,-1.67,-1.67,1,-0.44
AARTIIND.NS,2026-05-11,14:00,BULLISH,MEDIUM,494.9,0.04,1.19,0.3,0.2,-1.77,-1.52,1,1,0,0,1,1,-1.67,-0.003,1,-0.25
AARTIIND.NS,2026-05-12,09:15,BEARISH,LOW,488.0,-3.74,-0.08,-0.86,0.14,-4.26,-3.87,1,1,1,1,0,0,,,0,-2.04
AARTIIND.NS,2026-05-12,12:00,BEARISH,LOW,482.15,-2.7,-0.06,-0.62,0.07,-3.1,-2.71,1,1,1,1,0,0,,,0,-1.48
AARTIIND.NS,2026-05-12,14:00,BEARISH,LOW,475.8,-1.56,-0.03,-0.36,0.37,-1.81,-1.41,1,1,1,1,0,0,,,0,-0.85
AARTIIND.NS,2026-05-13,09:15,BULLISH,MEDIUM,469.2,0.16,4.52,1.13,1.44,-0.25,-0.1,1,1,0,1,1,1,0.83,,0,-0.92
AARTIIND.NS,2026-05-13,12:00,BULLISH,MEDIUM,471.55,0.11,3.26,0.82,0.6,-0.74,-0.59,1,1,0,0,1,1,-0.894,-0.223,1,-0.67
AARTIIND.NS,2026-05-13,14:00,BULLISH,MEDIUM,473.55,0.07,1.88,0.47,0.18,-1.16,-1.01,1,1,0,0,1,1,-1.314,0.171,1,-0.39
AARTIIND.NS,2026-05-14,09:15,BEARISH,LOW,470.0,-2.28,-0.07,-0.59,0.53,-2.46,-0.38,1,1,1,1,0,0,,,0,-1.4
AARTIIND.NS,2026-05-14,12:00,BEARISH,LOW,467.5,-1.65,-0.05,-0.42,0.21,-0.75,0.15,1,1,0,1,1,0,,,0,-1.01
AARTIIND.NS,2026-05-14,14:00,BEARISH,LOW,465.05,-0.95,-0.03,-0.25,0.68,-0.23,0.68,1,1,0,0,1,0,,,0,-0.58
AARTIIND.NS,2026-05-15,09:15,BULLISH,HIGH,468.0,0.18,4.45,1.41,0.43,-0.89,-0.37,1,1,0,0,1,1,-0.674,0.089,1,-0.76
AARTIIND.NS,2026-05-15,12:00,BULLISH,HIGH,467.35,0.13,3.22,1.01,0.35,-0.31,-0.24,1,1,0,0,1,1,-0.535,,0,-0.55
AARTIIND.NS,2026-05-15,14:00,BULLISH,HIGH,467.1,0.08,1.86,0.59,0.11,-0.26,-0.18,1,1,0,0,1,1,-0.482,,0,-0.32
AARTIIND.NS,2026-05-18,09:15,BULLISH,MEDIUM,461.95,0.13,3.27,1.02,0.18,-4.62,-0.04,1,1,0,0,1,1,-1.71,-1.71,1,-0.53
AARTIIND.NS,2026-05-18,12:00,BULLISH,MEDIUM,443.0,0.09,2.36,0.74,4.47,-0.07,4.23,1,1,1,1,0,1,0.438,,0,-0.38
AARTIIND.NS,2026-05-18,14:00,BULLISH,MEDIUM,458.4,0.05,1.36,0.43,0.96,-0.12,0.73,1,1,1,1,1,1,0.125,,0,-0.22
AARTIIND.NS,2026-05-19,09:15,BEARISH,MEDIUM,460.55,-4.06,-0.38,-1.34,2.06,-0.55,1.89,1,1,0,0,1,0,,,0,-3.18
AARTIIND.NS,2026-05-19,12:00,BEARISH,MEDIUM,469.35,-2.93,-0.28,-0.96,0.14,-1.05,-0.02,1,1,0,1,1,0,,,0,-2.3
AARTIIND.NS,2026-05-19,14:00,BEARISH,MEDIUM,465.35,-1.69,-0.16,-0.56,1.0,-0.08,0.84,1,0,0,0,1,0,,,0,-1.33
AARTIIND.NS,2026-05-20,09:15,BEARISH,LOW,464.85,-2.4,-0.08,-0.68,0.99,-0.96,-0.27,1,1,0,1,1,0,,,0,-1.61
AARTIIND.NS,2026-05-20,12:00,BEARISH,LOW,462.4,-1.74,-0.05,-0.49,0.28,-0.43,0.26,1,1,0,0,1,0,,,0,-1.16
AARTIIND.NS,2026-05-20,14:00,BEARISH,LOW,461.6,-1.0,-0.03,-0.28,0.45,-0.26,0.43,1,1,0,0,1,0,,,0,-0.67
AARTIIND.NS,2026-05-21,09:15,BULLISH,MEDIUM,466.0,0.09,2.74,0.61,4.02,0.0,3.58,1,1,1,1,0,1,0.307,,0,-0.52
AARTIIND.NS,2026-05-21,12:00,BULLISH,MEDIUM,481.8,0.06,1.98,0.44,0.61,-0.68,0.19,1,1,0,1,1,1,0.138,0.138,1,-0.38
AARTIIND.NS,2026-05-21,14:00,BULLISH,MEDIUM,483.0,0.04,1.14,0.25,0.36,-0.21,-0.06,1,1,0,1,1,1,-0.047,,0,-0.22
AARTIIND.NS,2026-05-22,09:15,BEARISH,HIGH,480.4,-4.39,-0.15,-1.21,0.0,-1.49,-1.12,1,1,0,1,1,0,,,0,-2.89
AARTIIND.NS,2026-05-22,12:00,BEARISH,HIGH,474.15,-3.17,-0.11,-0.88,1.32,-0.19,0.18,1,1,0,0,1,0,,,0,-2.09
AARTIIND.NS,2026-05-22,14:00,BEARISH,HIGH,479.95,-1.83,-0.06,-0.51,0.09,-1.11,-1.03,1,1,1,1,1,0,,,0,-1.21
AARTIIND.NS,2026-05-25,09:15,BULLISH,LOW,480.0,0.09,2.35,0.55,1.65,-0.4,0.63,1,1,1,1,1,1,0.254,,0,-0.85
AARTIIND.NS,2026-05-25,12:00,BULLISH,LOW,485.15,0.07,1.7,0.4,0.57,-0.6,-0.44,1,1,0,1,1,1,0.102,,0,-0.61
AARTIIND.NS,2026-05-25,14:00,BULLISH,LOW,485.9,0.04,0.98,0.23,0.04,-0.75,-0.6,1,1,0,0,1,1,-0.897,-0.069,1,-0.35
AARTIIND.NS,2026-05-26,09:15,BEARISH,LOW,482.0,-2.53,-0.09,-0.77,3.92,-0.21,1.69,1,1,0,0,1,0,,,0,-1.82
AARTIIND.NS,2026-05-26,12:00,BEARISH,LOW,493.05,-1.83,-0.07,-0.55,0.19,-0.62,-0.59,1,1,0,1,1,0,,,0,-1.32
AARTIIND.NS,2026-05-26,14:00,BEARISH,LOW,492.5,-1.05,-0.04,-0.32,0.05,-0.51,-0.48,1,1,0,1,1,0,,,0,-0.76
AARTIIND.NS,2026-05-27,09:15,BEARISH,HIGH,492.95,-4.55,-0.14,-1.26,1.71,-0.56,1.63,1,1,0,0,1,0,,,0,-3.01
AARTIIND.NS,2026-05-27,12:00,BEARISH,HIGH,495.1,-3.29,-0.1,-0.91,1.27,-0.6,1.19,1,1,0,0,1,0,,,0,-2.17
AARTIIND.NS,2026-05-27,14:00,BEARISH,HIGH,496.0,-1.9,-0.06,-0.53,1.09,-0.05,1.01,1,0,0,0,1,0,,,0,-1.26
AARTIIND.NS,2026-05-29,09:15,NEUTRAL,HIGH,500.0,-0.5,0.5,0.0,0.0,-5.48,-4.98,0,1,1,0,1,0,,,0,-0.05
AARTIIND.NS,2026-05-29,12:00,NEUTRAL,HIGH,488.55,-0.5,0.5,0.0,0.17,-3.26,-2.75,0,1,1,0,1,0,,,0,-0.03
AARTIIND.NS,2026-05-29,14:00,NEUTRAL,HIGH,485.3,-0.5,0.5,0.0,0.04,-2.62,-2.1,0,1,1,0,1,0,,,0,-0.02
AARTIIND.NS,2026-06-01,09:15,BULLISH,MEDIUM,475.0,0.16,4.14,1.09,0.8,-2.02,-0.84,1,1,0,0,1,1,-1.86,-0.342,1,-0.8
AARTIIND.NS,2026-06-01,12:00,BULLISH,MEDIUM,469.8,0.11,2.99,0.79,0.4,-0.94,0.26,1,1,0,0,1,1,-0.045,0.488,1,-0.58
AARTIIND.NS,2026-06-01,14:00,BULLISH,MEDIUM,468.35,0.06,1.73,0.45,0.72,-0.63,0.57,1,1,0,1,1,1,0.155,0.155,1,-0.34
AARTIIND.NS,2026-06-02,09:15,BULLISH,MEDIUM,467.0,0.13,3.02,0.78,1.17,-0.72,0.71,1,1,0,1,1,1,0.479,,0,-0.73
AARTIIND.NS,2026-06-02,12:00,BULLISH,MEDIUM,467.3,0.1,2.18,0.56,1.1,0.0,0.64,1,1,0,1,1,1,0.263,,0,-0.53
AARTIIND.NS,2026-06-02,14:00,BULLISH,MEDIUM,471.3,0.06,1.26,0.32,0.24,-0.84,-0.21,1,1,0,0,1,1,-0.512,0.025,1,-0.31
AARTIIND.NS,2026-06-03,09:15,BULLISH,MEDIUM,470.3,0.12,2.55,0.76,0.0,-3.37,-1.34,0,0,0,0,1,1,-1.6,-1.6,1,-0.66
AARTIIND.NS,2026-06-03,12:00,BULLISH,MEDIUM,457.0,0.09,1.84,0.55,1.64,-0.56,1.53,1,1,1,1,1,1,0.247,0.247,1,-0.48
AARTIIND.NS,2026-06-03,14:00,BULLISH,MEDIUM,457.7,0.05,1.06,0.32,1.49,-0.35,1.38,1,1,1,1,0,1,0.017,0.017,1,-0.28
AARTIIND.NS,2026-06-04,09:15,BULLISH,MEDIUM,463.1,0.15,3.37,0.9,0.48,-0.89,-0.65,1,1,0,0,1,1,-0.948,-0.187,1,-0.76
AARTIIND.NS,2026-06-04,12:00,BULLISH,MEDIUM,462.5,0.11,2.43,0.65,0.04,-0.76,-0.52,1,0,0,0,1,1,-0.819,-0.269,1,-0.55
AARTIIND.NS,2026-06-04,14:00,BULLISH,MEDIUM,460.8,0.06,1.41,0.37,0.08,-0.39,-0.15,1,1,0,0,1,1,-0.452,-0.131,1,-0.32
AARTIIND.NS,2026-06-05,09:15,BULLISH,MEDIUM,462.0,0.14,2.78,0.85,0.0,-1.62,-0.83,0,0,0,0,1,1,-1.59,-0.474,1,-0.66
AARTIIND.NS,2026-06-05,12:00,BULLISH,MEDIUM,459.5,0.1,2.01,0.62,0.0,-0.65,-0.29,0,0,0,0,1,1,-0.594,-0.113,1,-0.48
AARTIIND.NS,2026-06-05,14:00,BULLISH,MEDIUM,457.1,0.06,1.16,0.36,0.32,-0.08,0.23,1,1,0,0,1,1,-0.07,,0,-0.28
AARTIIND.NS,2026-06-08,09:15,BULLISH,MEDIUM,448.7,0.14,2.89,0.89,1.27,-3.55,-3.55,1,1,0,1,1,1,-1.55,-1.55,1,-0.74
AARTIIND.NS,2026-06-08,12:00,BULLISH,MEDIUM,448.25,0.1,2.09,0.64,0.03,-3.46,-3.46,1,0,0,0,1,1,-1.55,-1.55,1,-0.53
AARTIIND.NS,2026-06-08,14:00,BULLISH,MEDIUM,436.85,0.06,1.21,0.37,0.1,-0.94,-0.94,1,1,0,0,1,1,-1.239,0.069,1,-0.31
AARTIIND.NS,2026-06-09,09:15,BULLISH,HIGH,433.0,0.27,4.72,1.45,2.3,-0.38,1.74,1,1,0,1,1,1,1.146,,0,-0.87
AARTIIND.NS,2026-06-09,12:00,BULLISH,HIGH,437.0,0.19,3.41,1.04,1.36,-0.56,0.81,1,1,0,1,1,1,0.743,,0,-0.63
AARTIIND.NS,2026-06-09,14:00,BULLISH,HIGH,435.1,0.11,1.97,0.6,1.8,-0.13,1.25,1,1,1,1,1,1,0.302,,0,-0.36
AARTIIND.NS,2026-06-10,09:15,BEARISH,MEDIUM,442.0,-2.9,-0.14,-0.73,0.0,-2.04,-1.79,1,1,1,1,1,0,,,0,-1.74
AARTIIND.NS,2026-06-10,12:00,BEARISH,MEDIUM,435.9,-2.1,-0.1,-0.53,0.07,-0.67,-0.41,1,1,0,1,1,0,,,0,-1.25
AARTIIND.NS,2026-06-10,14:00,BEARISH,MEDIUM,434.45,-1.21,-0.06,-0.3,0.3,-0.33,-0.08,1,1,0,1,1,0,,,0,-0.72
AARTIIND.NS,2026-06-11,09:15,BULLISH,HIGH,430.05,0.14,3.91,1.23,0.16,-1.41,-0.7,1,1,0,0,1,1,-1.66,-0.689,1,-0.31
AARTIIND.NS,2026-06-11,12:00,BULLISH,HIGH,427.35,0.1,2.83,0.89,0.6,-0.78,-0.07,1,1,0,0,1,1,-0.37,-0.15,1,-0.22
AARTIIND.NS,2026-06-11,14:00,BULLISH,HIGH,426.75,0.06,1.63,0.51,0.74,-0.14,0.07,1,1,0,1,1,1,0.213,-0.099,1,-0.13
AARTIIND.NS,2026-06-12,09:15,BULLISH,LOW,433.0,0.15,3.94,1.04,1.97,-1.15,1.67,1,1,0,1,1,1,0.737,0.737,1,-1.15
AARTIIND.NS,2026-06-12,12:00,BULLISH,LOW,429.35,0.11,2.85,0.75,2.84,-0.31,2.54,1,1,1,1,1,1,0.448,,0,-0.83
AARTIIND.NS,2026-06-12,14:00,BULLISH,LOW,433.9,0.06,1.64,0.43,1.76,-0.07,1.46,1,1,1,1,0,1,0.133,,0,-0.48
AARTIIND.NS,2026-06-15,09:15,BEARISH,MEDIUM,449.45,-2.99,-0.1,-0.82,12.25,-0.08,11.3,1,0,0,0,1,0,,,0,-1.95
AARTIIND.NS,2026-06-15,12:00,BEARISH,MEDIUM,467.9,-2.16,-0.07,-0.59,7.82,-0.11,6.91,1,1,0,0,1,0,,,0,-1.41
AARTIIND.NS,2026-06-15,14:00,BEARISH,MEDIUM,494.85,-1.25,-0.04,-0.34,1.95,-0.86,1.09,1,1,1,1,1,0,,,0,-0.81
AARTIIND.NS,2026-06-16,09:15,BEARISH,HIGH,494.1,-10.05,-0.18,-2.79,1.56,-2.28,0.37,1,1,0,0,1,0,,,0,-6.64
AARTIIND.NS,2026-06-16,12:00,BEARISH,HIGH,489.0,-7.26,-0.13,-2.02,1.66,-0.43,1.42,1,1,0,0,1,0,,,0,-4.8
AARTIIND.NS,2026-06-16,14:00,BEARISH,HIGH,492.75,-4.19,-0.07,-1.16,0.88,-0.76,0.65,1,1,0,0,1,0,,,0,-2.77
AARTIIND.NS,2026-06-17,09:15,BULLISH,HIGH,495.25,0.2,4.69,1.29,0.43,-3.36,-3.12,1,1,0,0,1,1,-2.28,0.992,1,-1.07
AARTIIND.NS,2026-06-17,12:00,BULLISH,HIGH,483.95,0.15,3.39,0.93,0.0,-1.11,-0.86,0,0,0,0,1,1,-1.158,-0.388,1,-0.77
AARTIIND.NS,2026-06-17,14:00,BULLISH,HIGH,480.95,0.08,1.95,0.54,0.11,-0.49,-0.24,1,1,0,0,1,1,-0.539,0.239,1,-0.44
AARTIIND.NS,2026-06-18,09:15,BULLISH,MEDIUM,481.95,0.18,4.4,1.21,2.5,-0.51,1.31,1,1,1,1,1,1,0.908,,0,-0.95
AARTIIND.NS,2026-06-18,12:00,BULLISH,MEDIUM,484.1,0.13,3.18,0.87,1.49,-0.17,0.86,1,1,0,1,1,1,0.572,,0,-0.69
AARTIIND.NS,2026-06-18,14:00,BULLISH,MEDIUM,488.35,0.08,1.84,0.5,0.32,-0.48,-0.02,1,1,0,0,1,1,-0.32,0.204,1,-0.4
AARTIIND.NS,2026-06-19,09:15,BEARISH,LOW,482.7,-2.67,-0.09,-0.7,1.26,-0.93,0.45,1,1,0,1,1,0,,,0,-1.67
AARTIIND.NS,2026-06-19,12:00,BEARISH,LOW,482.75,-1.93,-0.06,-0.51,0.75,-0.94,0.44,1,1,0,1,1,0,,,0,-1.2
AARTIIND.NS,2026-06-19,14:00,BEARISH,LOW,479.9,-1.11,-0.04,-0.29,1.34,-0.06,1.03,1,1,0,0,1,0,,,0,-0.69
AARTIIND.NS,2026-06-22,09:15,BULLISH,MEDIUM,486.4,0.11,2.5,0.68,1.57,-0.12,-0.03,1,1,1,1,1,1,0.383,,0,-0.96
AARTIIND.NS,2026-06-22,12:00,BULLISH,MEDIUM,486.25,0.08,1.81,0.49,1.6,-0.09,0.0,1,1,1,1,1,1,0.192,,0,-0.7
AARTIIND.NS,2026-06-22,14:00,BULLISH,MEDIUM,489.3,0.04,1.04,0.28,0.14,-0.65,-0.62,1,1,0,0,1,1,-0.923,-0.016,1,-0.4
AARTIIND.NS,2026-06-23,09:15,BEARISH,LOW,487.75,-2.56,-0.08,-0.7,0.82,-3.04,-2.88,1,1,1,1,0,0,,,0,-1.66
AARTIIND.NS,2026-06-23,12:00,BEARISH,LOW,480.15,-1.85,-0.06,-0.5,0.03,-1.51,-1.34,1,1,1,1,1,0,,,0,-1.2
AARTIIND.NS,2026-06-23,14:00,BEARISH,LOW,473.65,-1.07,-0.03,-0.29,0.46,-0.08,0.01,1,1,0,0,1,0,,,0,-0.69
AARTIIND.NS,2026-06-24,09:15,BULLISH,HIGH,475.65,0.17,4.04,1.05,0.28,-2.46,-1.67,1,1,0,0,1,1,-1.76,-1.76,1,-0.66
AARTIIND.NS,2026-06-24,12:00,BULLISH,HIGH,465.55,0.12,2.92,0.76,0.69,-0.34,0.46,1,1,0,0,1,1,0.162,,0,-0.48
AARTIIND.NS,2026-06-24,14:00,BULLISH,HIGH,465.6,0.07,1.68,0.44,0.53,-0.35,0.45,1,1,0,1,1,1,0.138,0.138,1,-0.28
AARTIIND.NS,2026-06-25,09:15,BULLISH,HIGH,467.2,0.15,3.84,1.12,0.81,-1.2,-0.26,1,1,0,0,1,1,-0.557,0.116,1,-0.67
AARTIIND.NS,2026-06-25,12:00,BULLISH,HIGH,466.4,0.11,2.77,0.81,0.28,-0.2,-0.09,1,1,0,0,1,1,-0.386,,0,-0.49
AARTIIND.NS,2026-06-25,14:00,BULLISH,HIGH,466.2,0.06,1.6,0.47,0.14,-0.04,-0.04,1,1,0,0,1,1,-0.343,,0,-0.28
AARTIIND.NS,2026-06-29,09:15,NEUTRAL,HIGH,467.7,-0.5,0.5,-0.0,0.0,-2.42,-2.28,0,1,1,0,1,0,,,0,-0.16
AARTIIND.NS,2026-06-29,12:00,NEUTRAL,HIGH,459.15,-0.5,0.5,0.0,0.24,-0.6,-0.46,1,1,1,1,1,0,,,0,-0.12
AARTIIND.NS,2026-06-29,14:00,NEUTRAL,HIGH,459.8,-0.5,0.5,0.0,0.08,-0.74,-0.6,1,1,1,1,1,0,,,0,-0.07
AARTIIND.NS,2026-06-30,09:15,BULLISH,HIGH,457.5,0.14,3.41,0.94,1.02,-0.66,0.04,1,1,0,1,1,1,0.64,0.64,1,-0.54
AARTIIND.NS,2026-06-30,12:00,BULLISH,HIGH,459.05,0.1,2.46,0.68,0.6,-0.38,-0.29,1,1,0,0,1,1,-0.594,,0,-0.39
AARTIIND.NS,2026-06-30,14:00,BULLISH,HIGH,461.2,0.06,1.42,0.39,0.11,-0.85,-0.76,1,1,0,0,1,1,-1.059,-0.84,1,-0.22
AARTIIND.NS,2026-07-01,09:15,NEUTRAL,LOW,462.5,-0.5,0.5,0.0,2.34,-0.91,1.04,0,1,1,0,1,0,,,0,-0.85
AARTIIND.NS,2026-07-01,12:00,NEUTRAL,LOW,464.0,-0.5,0.5,0.0,2.0,0.0,0.71,1,1,1,1,1,0,,,0,-0.61
AARTIIND.NS,2026-07-01,14:00,NEUTRAL,LOW,469.7,-0.5,0.5,-0.0,0.37,-0.56,-0.51,1,1,1,1,1,0,,,0,-0.35
AARTIIND.NS,2026-07-02,09:15,BEARISH,LOW,469.0,-2.32,-0.07,-0.64,4.01,-0.16,2.91,1,1,0,0,1,0,,,0,-1.52
AARTIIND.NS,2026-07-02,12:00,BEARISH,LOW,485.25,-1.68,-0.05,-0.46,0.0,-1.11,-0.54,1,1,1,1,1,0,,,0,-1.1
AARTIIND.NS,2026-07-02,14:00,BEARISH,LOW,480.55,-0.97,-0.03,-0.27,0.72,-0.1,0.44,1,1,0,0,1,0,,,0,-0.63
AARTIIND.NS,2026-07-03,09:15,BEARISH,MEDIUM,484.45,-3.15,-0.08,-0.83,1.08,-0.9,0.66,1,1,0,1,1,0,,,0,-1.97
AARTIIND.NS,2026-07-03,12:00,BEARISH,MEDIUM,482.65,-2.28,-0.06,-0.6,1.46,-0.52,1.04,1,1,0,0,1,0,,,0,-1.42
AARTIIND.NS,2026-07-03,14:00,BEARISH,MEDIUM,484.15,-1.32,-0.04,-0.34,1.15,-0.77,0.72,1,1,1,1,1,0,,,0,-0.82
AARTIIND.NS,2026-07-06,09:15,BEARISH,LOW,487.0,-2.21,-0.07,-0.55,2.78,-0.62,0.32,1,1,0,1,1,0,,,0,-1.32
AARTIIND.NS,2026-07-06,12:00,BEARISH,LOW,492.65,-1.6,-0.05,-0.4,1.6,-1.13,-0.83,1,1,1,1,1,0,,,0,-0.95
AARTIIND.NS,2026-07-06,14:00,BEARISH,LOW,487.85,-0.92,-0.03,-0.23,0.56,-0.15,0.14,1,1,0,0,1,0,,,0,-0.55
AARTIIND.NS,2026-07-07,09:15,BEARISH,MEDIUM,490.0,-2.46,-0.09,-0.68,0.0,-2.5,-2.31,1,1,1,1,0,0,,,0,-1.62
AARTIIND.NS,2026-07-07,12:00,BEARISH,MEDIUM,481.85,-1.77,-0.07,-0.49,0.06,-0.85,-0.65,1,1,0,1,1,0,,,0,-1.17
AARTIIND.NS,2026-07-07,14:00,BEARISH,MEDIUM,480.75,-1.02,-0.04,-0.28,0.24,-0.57,-0.43,1,1,1,1,1,0,,,0,-0.68
AARTIIND.NS,2026-07-08,09:15,BULLISH,MEDIUM,477.0,0.09,2.36,0.62,0.79,-3.09,-2.2,1,1,0,1,1,1,-1.54,0.318,1,-0.51
AARTIIND.NS,2026-07-08,12:00,BULLISH,MEDIUM,479.15,0.06,1.71,0.45,0.0,-3.53,-2.64,0,0,0,0,1,1,-1.54,-1.54,1,-0.37
AARTIIND.NS,2026-07-08,14:00,BULLISH,MEDIUM,470.5,0.04,0.99,0.26,0.11,-1.75,-0.85,1,1,0,0,1,1,-1.54,-0.043,1,-0.21
AARTIIND.NS,2026-07-09,09:15,BULLISH,LOW,466.85,0.09,2.92,0.7,1.94,0.0,0.14,1,1,1,1,1,1,0.398,,0,-0.54
AARTIIND.NS,2026-07-09,12:00,BULLISH,LOW,471.15,0.06,2.11,0.51,0.16,-0.87,-0.77,1,1,0,0,1,1,-1.075,0.205,1,-0.39
AARTIIND.NS,2026-07-09,14:00,BULLISH,LOW,471.0,0.04,1.22,0.29,0.15,-0.84,-0.74,1,1,0,0,1,1,-1.043,-0.009,1,-0.22
AARTIIND.NS,2026-07-10,09:15,BULLISH,LOW,470.05,0.06,1.58,0.41,5.49,0.0,2.85,1,1,1,1,0,1,0.115,,0,-0.83
AARTIIND.NS,2026-07-10,12:00,BULLISH,LOW,490.9,0.04,1.14,0.3,0.02,-1.71,-1.52,1,0,0,0,1,1,-1.56,-1.223,1,-0.6
AARTIIND.NS,2026-07-10,14:00,BULLISH,LOW,484.8,0.03,0.66,0.17,0.14,-0.47,-0.28,1,1,0,0,1,1,-0.578,-0.127,1,-0.34
AARTIIND.NS,2026-07-13,09:15,BEARISH,MEDIUM,480.05,-2.74,-0.09,-0.75,1.73,-0.53,0.92,1,1,0,0,1,0,,,0,-1.79
AARTIIND.NS,2026-07-13,12:00,BEARISH,MEDIUM,480.0,-1.98,-0.06,-0.54,1.55,-0.13,0.93,1,1,0,0,1,0,,,0,-1.3
AARTIIND.NS,2026-07-13,14:00,BEARISH,MEDIUM,486.25,-1.14,-0.04,-0.31,0.25,-0.5,-0.37,1,1,0,1,1,0,,,0,-0.75
AARTIIND.NS,2026-07-14,09:15,BEARISH,LOW,481.5,-2.29,-0.08,-0.57,2.17,-0.51,0.39,1,1,0,0,1,0,,,0,-1.36
AARTIIND.NS,2026-07-14,12:00,BEARISH,LOW,484.35,-1.65,-0.06,-0.41,0.34,-0.67,-0.2,1,1,0,1,1,0,,,0,-0.98
AARTIIND.NS,2026-07-14,14:00,BEARISH,LOW,482.7,-0.96,-0.03,-0.24,0.34,-0.33,0.15,1,1,0,1,1,0,,,0,-0.57
AARTIIND.NS,2026-07-15,09:15,BULLISH,LOW,485.45,0.1,2.37,0.64,5.23,-0.19,3.1,1,1,1,1,0,1,0.343,,0,-1.23
AARTIIND.NS,2026-07-15,12:00,BULLISH,LOW,504.8,0.07,1.71,0.46,0.17,-1.33,-0.85,1,1,0,0,1,1,-1.57,0.164,1,-0.89
AARTIIND.NS,2026-07-15,14:00,BULLISH,LOW,500.6,0.04,0.99,0.27,0.26,-0.31,-0.02,1,1,0,0,1,1,-0.32,,0,-0.51
AARTIIND.NS,2026-07-16,09:15,BEARISH,MEDIUM,501.95,-6.36,-0.26,-1.98,0.77,-0.9,0.48,1,1,0,0,1,0,,,0,-4.72
AARTIIND.NS,2026-07-16,12:00,BEARISH,MEDIUM,502.45,-4.6,-0.19,-1.43,0.56,-0.49,0.38,1,1,0,0,1,0,,,0,-3.41
AARTIIND.NS,2026-07-16,14:00,BEARISH,MEDIUM,501.0,-2.65,-0.11,-0.83,0.85,-0.03,0.67,1,0,0,0,1,0,,,0,-1.97
AARTIIND.NS,2026-07-17,09:15,BEARISH,MEDIUM,504.55,-3.41,-0.11,-0.84,0.0,-3.93,-2.15,1,1,1,1,0,0,,,0,-1.99
AARTIIND.NS,2026-07-17,12:00,BEARISH,MEDIUM,490.4,-2.46,-0.08,-0.6,1.09,-0.21,0.67,1,1,0,0,1,0,,,0,-1.44
AARTIIND.NS,2026-07-17,14:00,BEARISH,MEDIUM,491.5,-1.42,-0.05,-0.35,0.86,-0.11,0.45,1,1,0,0,1,0,,,0,-0.83
AARTIIND.NS,2026-07-20,09:15,BULLISH,HIGH,491.5,0.19,4.45,1.31,2.26,-0.31,0.63,1,1,0,1,1,1,1.01,,0,-0.89
AARTIIND.NS,2026-07-20,12:00,BULLISH,HIGH,495.9,0.14,3.22,0.95,0.41,-0.31,-0.26,1,1,0,0,1,1,-0.562,,0,-0.64
AARTIIND.NS,2026-07-20,14:00,BULLISH,HIGH,496.9,0.08,1.86,0.55,0.12,-0.51,-0.46,1,1,0,0,1,1,-0.763,-0.393,1,-0.37
AARTIIND.NS,2026-07-21,09:15,BULLISH,HIGH,495.0,0.19,4.45,1.31,1.03,-0.28,0.08,1,1,0,0,1,1,-0.219,,0,-0.89
AARTIIND.NS,2026-07-21,12:00,BULLISH,HIGH,497.95,0.14,3.22,0.95,0.08,-0.78,-0.51,1,0,0,0,1,1,-0.812,-0.171,1,-0.64
AARTIPHARM.NS,2026-04-29,09:15,BULLISH,LOW,720.8,0.15,3.87,0.97,2.49,-2.2,-2.1,1,1,1,1,1,1,-2.09,-1.062,1,-1.35
AARTIPHARM.NS,2026-04-29,12:00,BULLISH,LOW,716.95,0.11,2.8,0.7,0.13,-1.67,-1.58,1,1,0,0,1,1,-1.75,0.397,1,-0.97
AARTIPHARM.NS,2026-04-29,14:00,BULLISH,LOW,715.05,0.06,1.61,0.4,0.31,-1.41,-1.31,1,1,0,0,1,1,-1.615,0.103,1,-0.56
AARTIPHARM.NS,2026-04-30,09:15,BULLISH,LOW,709.1,0.15,3.86,0.97,6.21,-0.36,4.19,1,1,1,1,0,1,0.666,,0,-1.08
AARTIPHARM.NS,2026-04-30,12:00,BULLISH,LOW,741.6,0.11,2.79,0.7,1.56,-0.56,-0.38,1,1,1,1,1,1,0.397,,0,-0.78
AARTIPHARM.NS,2026-04-30,14:00,BULLISH,LOW,752.65,0.06,1.61,0.4,0.03,-2.02,-1.84,1,0,0,0,1,1,-1.8,0.103,1,-0.45
AARTIPHARM.NS,2026-05-04,09:15,NEUTRAL,HIGH,751.3,-0.5,0.5,0.0,7.29,-1.17,7.28,0,1,1,0,1,0,,,0,-0.13
AARTIPHARM.NS,2026-05-04,12:00,NEUTRAL,HIGH,785.7,-0.5,0.5,-0.0,2.6,-0.59,2.58,0,1,1,0,1,0,,,0,-0.09
AARTIPHARM.NS,2026-05-04,14:00,NEUTRAL,HIGH,796.3,-0.5,0.5,0.0,1.23,-0.16,1.22,0,1,1,0,1,0,,,0,-0.05
AARTIPHARM.NS,2026-05-05,09:15,BEARISH,HIGH,810.0,-9.9,-0.47,-3.19,0.0,-4.44,-4.31,1,1,0,1,1,0,,,0,-7.6
AARTIPHARM.NS,2026-05-05,12:00,BEARISH,HIGH,785.8,-7.15,-0.34,-2.31,0.91,-1.5,-1.37,1,1,0,0,1,0,,,0,-5.49
AARTIPHARM.NS,2026-05-05,14:00,BEARISH,HIGH,780.3,-4.13,-0.2,-1.33,0.15,-0.8,-0.67,1,1,0,0,1,0,,,0,-3.17
AARTIPHARM.NS,2026-05-06,09:15,BULLISH,HIGH,772.8,0.26,7.63,2.1,2.16,-0.62,1.55,1,1,0,1,1,1,1.801,,0,-1.07
AARTIPHARM.NS,2026-05-06,12:00,BULLISH,HIGH,788.15,0.19,5.51,1.52,0.11,-0.53,-0.43,1,0,0,0,1,1,-0.731,,0,-0.77
AARTIPHARM.NS,2026-05-06,14:00,BULLISH,HIGH,786.05,0.11,3.18,0.88,0.35,-0.26,-0.17,1,1,0,0,1,1,-0.465,,0,-0.45
AARTIPHARM.NS,2026-05-07,09:15,BEARISH,LOW,792.0,-4.69,-0.16,-1.3,0.76,-2.15,-1.96,1,1,0,1,1,0,,,0,-3.1
AARTIPHARM.NS,2026-05-07,12:00,BEARISH,LOW,785.0,-3.39,-0.12,-0.94,0.59,-1.27,-1.09,1,1,0,1,1,0,,,0,-2.24
AARTIPHARM.NS,2026-05-07,14:00,BEARISH,LOW,779.95,-1.96,-0.07,-0.54,0.0,-0.63,-0.45,1,1,0,1,1,0,,,0,-1.29
AARTIPHARM.NS,2026-05-08,09:15,BULLISH,HIGH,776.05,0.18,4.01,1.12,1.6,-1.52,-1.44,1,1,0,1,1,1,0.82,-0.798,1,-0.95
AARTIPHARM.NS,2026-05-08,12:00,BULLISH,HIGH,777.65,0.13,2.9,0.81,0.0,-1.72,-1.65,0,0,0,0,1,1,-1.84,-1.263,1,-0.69
AARTIPHARM.NS,2026-05-08,14:00,BULLISH,HIGH,768.4,0.07,1.67,0.47,0.21,-0.54,-0.46,1,1,0,0,1,1,-0.762,-0.362,1,-0.4
AARTIPHARM.NS,2026-05-11,09:15,BULLISH,HIGH,763.1,0.16,3.88,1.01,1.86,-2.78,-2.66,1,1,0,1,1,1,-1.86,-1.86,1,-0.92
AARTIPHARM.NS,2026-05-11,12:00,BULLISH,HIGH,754.3,0.11,2.8,0.73,0.0,-1.64,-1.52,0,0,0,0,1,1,-1.85,-1.16,1,-0.67
AARTIPHARM.NS,2026-05-11,14:00,BULLISH,HIGH,751.55,0.07,1.62,0.42,0.0,-1.28,-1.16,0,0,0,0,1,1,-1.464,-1.077,1,-0.39
AARTIPHARM.NS,2026-05-12,09:15,BULLISH,MEDIUM,748.65,0.23,4.76,1.42,0.0,-5.02,-4.99,0,0,0,0,1,1,-2.01,-2.01,1,-0.98
AARTIPHARM.NS,2026-05-12,12:00,BULLISH,MEDIUM,726.1,0.16,3.44,1.03,0.12,-2.07,-2.04,1,0,0,0,1,1,-1.94,-1.638,1,-0.71
AARTIPHARM.NS,2026-05-12,14:00,BULLISH,MEDIUM,718.0,0.09,1.98,0.59,0.28,-0.97,-0.93,1,1,0,0,1,1,-1.233,-0.825,1,-0.41
AARTIPHARM.NS,2026-05-13,09:15,BULLISH,MEDIUM,707.5,0.18,4.22,1.23,1.41,-0.59,-0.23,1,1,0,1,1,1,0.931,,0,-1.09
AARTIPHARM.NS,2026-05-13,12:00,BULLISH,MEDIUM,703.45,0.13,3.05,0.89,0.68,0.0,0.35,1,1,0,0,1,1,0.048,,0,-0.79
AARTIPHARM.NS,2026-05-13,14:00,BULLISH,MEDIUM,706.8,0.07,1.76,0.51,0.21,-0.25,-0.13,1,1,0,0,1,1,-0.427,,0,-0.45
AARTIPHARM.NS,2026-05-14,09:15,BULLISH,MEDIUM,711.5,0.17,3.92,1.12,1.48,-0.86,0.64,1,1,0,1,1,1,0.819,,0,-1.07
AARTIPHARM.NS,2026-05-14,12:00,BULLISH,MEDIUM,714.4,0.12,2.83,0.81,0.99,-0.17,0.23,1,1,0,1,1,1,0.508,,0,-0.77
AARTIPHARM.NS,2026-05-14,14:00,BULLISH,MEDIUM,720.05,0.07,1.63,0.47,0.12,-0.56,-0.56,1,1,0,0,1,1,-0.856,-0.406,1,-0.45
AARTIPHARM.NS,2026-05-15,09:15,BEARISH,LOW,721.2,-3.15,-0.09,-0.76,0.56,-2.0,-1.41,1,1,1,1,1,0,,,0,-1.8
AARTIPHARM.NS,2026-05-15,12:00,BEARISH,LOW,711.0,-2.27,-0.06,-0.55,2.0,-0.11,0.01,1,1,0,0,1,0,,,0,-1.3
AARTIPHARM.NS,2026-05-15,14:00,BEARISH,LOW,721.3,-1.31,-0.04,-0.31,0.55,-1.54,-1.42,1,1,1,1,0,0,,,0,-0.75
AARTIPHARM.NS,2026-05-18,09:15,BULLISH,MEDIUM,707.9,0.19,4.18,1.32,0.0,-2.95,-1.08,0,0,0,0,1,1,-1.9,-1.9,1,-0.85
AARTIPHARM.NS,2026-05-18,12:00,BULLISH,MEDIUM,693.6,0.14,3.02,0.95,1.16,-0.09,0.96,1,1,0,1,1,1,0.653,,0,-0.62
AARTIPHARM.NS,2026-05-18,14:00,BULLISH,MEDIUM,698.0,0.08,1.74,0.55,0.52,-0.27,0.32,1,1,0,0,1,1,0.022,,0,-0.36
AARTIPHARM.NS,2026-05-19,09:15,BULLISH,MEDIUM,701.0,0.15,3.07,0.82,2.52,-0.43,0.9,1,1,1,1,1,1,0.52,,0,-0.81
AARTIPHARM.NS,2026-05-19,12:00,BULLISH,MEDIUM,718.0,0.11,2.22,0.59,0.0,-1.8,-1.49,0,0,0,0,1,1,-1.91,-1.216,1,-0.58
AARTIPHARM.NS,2026-05-19,14:00,BULLISH,MEDIUM,708.05,0.06,1.28,0.34,0.37,-0.42,-0.11,1,1,0,1,1,1,0.042,0.042,1,-0.34
AARTIPHARM.NS,2026-05-20,09:15,BEARISH,LOW,704.2,-2.14,-0.07,-0.51,0.78,-0.86,-0.44,1,1,0,1,1,0,,,0,-1.22
AARTIPHARM.NS,2026-05-20,12:00,BEARISH,LOW,700.8,-1.55,-0.05,-0.37,0.36,-0.3,0.04,1,1,0,0,1,0,,,0,-0.88
AARTIPHARM.NS,2026-05-20,14:00,BEARISH,LOW,701.35,-0.89,-0.03,-0.21,0.22,-0.26,-0.04,1,1,0,1,1,0,,,0,-0.51
AARTIPHARM.NS,2026-05-21,09:15,BULLISH,MEDIUM,701.0,0.13,3.72,0.86,1.48,0.0,0.29,1,1,0,1,1,1,0.557,,0,-0.67
AARTIPHARM.NS,2026-05-21,12:00,BULLISH,MEDIUM,706.3,0.09,2.69,0.62,0.06,-0.68,-0.47,1,0,0,0,1,1,-0.767,-0.287,1,-0.48
AARTIPHARM.NS,2026-05-21,14:00,BULLISH,MEDIUM,704.45,0.05,1.55,0.36,0.06,-0.42,-0.21,1,1,0,0,1,1,-0.506,-0.226,1,-0.28
AARTIPHARM.NS,2026-05-22,09:15,BEARISH,LOW,707.6,-2.47,-0.06,-0.52,2.78,-0.65,0.67,1,1,0,1,1,0,,,0,-1.24
AARTIPHARM.NS,2026-05-22,12:00,BEARISH,LOW,720.6,-1.79,-0.04,-0.38,0.19,-1.17,-1.14,1,1,1,1,1,0,,,0,-0.9
AARTIPHARM.NS,2026-05-22,14:00,BEARISH,LOW,717.75,-1.03,-0.03,-0.22,0.03,-0.77,-0.75,1,1,1,1,1,0,,,0,-0.52
AARTIPHARM.NS,2026-05-25,09:15,BEARISH,MEDIUM,741.4,-3.25,-0.1,-0.78,0.0,-3.45,-0.96,1,1,1,1,0,0,,,0,-1.87
AARTIPHARM.NS,2026-05-25,12:00,BEARISH,MEDIUM,737.5,-2.35,-0.07,-0.57,0.2,-1.69,-0.43,1,1,1,1,1,0,,,0,-1.35
AARTIPHARM.NS,2026-05-25,14:00,BEARISH,MEDIUM,732.85,-1.35,-0.04,-0.33,0.84,-0.63,0.2,1,1,0,1,1,0,,,0,-0.78
AARTIPHARM.NS,2026-05-26,09:15,BEARISH,MEDIUM,706.95,-4.13,-0.12,-1.17,1.7,-1.89,-1.8,1,1,0,1,1,0,,,0,-2.79
AARTIPHARM.NS,2026-05-26,12:00,BEARISH,MEDIUM,700.9,-2.98,-0.09,-0.85,0.58,-1.04,-0.96,1,1,0,1,1,0,,,0,-2.01
AARTIPHARM.NS,2026-05-26,14:00,BEARISH,MEDIUM,698.75,-1.72,-0.05,-0.49,0.31,-0.71,-0.65,1,1,0,1,1,0,,,0,-1.16
AARTIPHARM.NS,2026-05-27,09:15,BULLISH,HIGH,694.15,0.2,7.61,1.6,0.76,-5.83,-5.51,1,1,0,0,1,1,-2.19,1.305,1,-1.02
AARTIPHARM.NS,2026-05-27,12:00,BULLISH,HIGH,659.95,0.14,5.5,1.16,0.45,-0.95,-0.61,1,1,0,0,1,1,-0.914,0.859,1,-0.73
AARTIPHARM.NS,2026-05-27,14:00,BULLISH,HIGH,657.95,0.08,3.17,0.67,0.73,-0.65,-0.31,1,1,0,1,1,1,0.369,0.369,1,-0.42
AARTIPHARM.NS,2026-05-29,09:15,NEUTRAL,HIGH,657.8,-0.5,0.5,0.0,0.26,-4.06,-3.9,0,1,1,0,1,0,,,0,-0.0
AARTIPHARM.NS,2026-05-29,12:00,NEUTRAL,HIGH,645.0,-0.5,0.5,0.0,2.09,-2.16,-1.99,0,1,1,0,1,0,,,0,-0.0
AARTIPHARM.NS,2026-05-29,14:00,NEUTRAL,HIGH,651.45,-0.5,0.5,-0.0,0.15,-3.12,-2.96,0,1,1,0,1,0,,,0,-0.0
AARTIPHARM.NS,2026-06-01,09:15,BULLISH,HIGH,640.0,0.23,6.4,1.67,3.08,-0.47,0.34,1,1,0,1,1,1,1.37,,0,-1.31
AARTIPHARM.NS,2026-06-01,12:00,BULLISH,HIGH,649.5,0.17,4.62,1.21,0.31,-1.58,-1.12,1,1,0,0,1,1,-1.424,-0.476,1,-0.95
AARTIPHARM.NS,2026-06-01,14:00,BULLISH,HIGH,644.65,0.1,2.67,0.7,0.34,-0.84,-0.38,1,1,0,0,1,1,-0.68,0.396,1,-0.55
AARTIPHARM.NS,2026-06-02,09:15,BEARISH,LOW,643.0,-2.35,-0.08,-0.63,0.61,-2.21,-1.24,1,1,1,1,1,0,,,0,-1.51
AARTIPHARM.NS,2026-06-02,12:00,BEARISH,LOW,637.6,-1.7,-0.05,-0.46,0.38,-0.73,-0.41,1,1,0,1,1,0,,,0,-1.09
AARTIPHARM.NS,2026-06-02,14:00,BEARISH,LOW,636.95,-0.98,-0.03,-0.26,0.46,-0.46,-0.31,1,1,0,1,1,0,,,0,-0.63
AARTIPHARM.NS,2026-06-03,09:15,BULLISH,HIGH,637.0,0.19,4.45,1.13,0.42,-4.24,-2.42,1,1,0,0,1,1,-1.96,-1.96,1,-0.66
AARTIPHARM.NS,2026-06-03,12:00,BULLISH,HIGH,617.8,0.13,3.22,0.82,1.36,-0.18,0.62,1,1,0,1,1,1,0.516,,0,-0.47
AARTIPHARM.NS,2026-06-03,14:00,BULLISH,HIGH,622.4,0.08,1.86,0.47,0.61,-0.27,-0.13,1,1,0,1,1,1,0.171,0.171,1,-0.27
AARTIPHARM.NS,2026-06-04,09:15,BEARISH,LOW,616.8,-4.07,-0.26,-1.2,5.54,-0.29,4.6,1,1,0,0,1,0,,,0,-2.87
AARTIPHARM.NS,2026-06-04,12:00,BEARISH,LOW,650.9,-2.94,-0.19,-0.87,0.02,-1.02,-0.88,1,1,0,1,1,0,,,0,-2.07
AARTIPHARM.NS,2026-06-04,14:00,BEARISH,LOW,646.8,-1.7,-0.11,-0.5,0.19,-0.39,-0.26,1,1,0,0,1,0,,,0,-1.2
AARTIPHARM.NS,2026-06-05,09:15,BEARISH,MEDIUM,643.75,-4.4,-0.13,-1.13,1.55,-1.91,-1.58,1,1,0,1,1,0,,,0,-2.69
AARTIPHARM.NS,2026-06-05,12:00,BEARISH,MEDIUM,633.05,-3.18,-0.09,-0.82,1.57,-0.25,0.08,1,1,0,0,1,0,,,0,-1.94
AARTIPHARM.NS,2026-06-05,14:00,BEARISH,MEDIUM,634.95,-1.83,-0.05,-0.47,1.12,-0.5,-0.22,1,1,0,1,1,0,,,0,-1.12
AARTIPHARM.NS,2026-06-08,09:15,BULLISH,HIGH,607.2,0.22,5.1,1.43,2.39,-0.15,0.05,1,1,0,1,1,1,1.13,,0,-0.9
AARTIPHARM.NS,2026-06-08,12:00,BULLISH,HIGH,611.75,0.16,3.68,1.03,0.81,-0.89,-0.69,1,1,0,0,1,1,-0.995,-0.345,1,-0.65
AARTIPHARM.NS,2026-06-08,14:00,BULLISH,HIGH,611.35,0.09,2.13,0.6,0.2,-0.83,-0.63,1,1,0,0,1,1,-0.93,-0.551,1,-0.38
AARTIPHARM.NS,2026-06-09,09:15,BULLISH,HIGH,612.85,0.25,4.76,1.43,2.01,-0.8,1.85,1,1,0,1,1,1,1.133,1.133,1,-0.78
AARTIPHARM.NS,2026-06-09,12:00,BULLISH,HIGH,617.0,0.18,3.44,1.03,1.32,-0.15,1.17,1,1,0,1,1,1,0.734,,0,-0.56
AARTIPHARM.NS,2026-06-09,14:00,BULLISH,HIGH,622.25,0.11,1.99,0.6,0.47,-0.18,0.31,1,1,0,0,1,1,0.013,,0,-0.32
AARTIPHARM.NS,2026-06-10,09:15,BEARISH,MEDIUM,622.05,-3.18,-0.1,-0.77,1.76,-0.63,-0.37,1,1,0,0,1,0,,,0,-1.82
AARTIPHARM.NS,2026-06-10,12:00,BEARISH,MEDIUM,631.7,-2.29,-0.07,-0.55,0.01,-1.97,-1.89,1,1,1,1,1,0,,,0,-1.32
AARTIPHARM.NS,2026-06-10,14:00,BEARISH,MEDIUM,627.15,-1.32,-0.04,-0.32,0.0,-1.26,-1.18,1,1,1,1,1,0,,,0,-0.76
AARTIPHARM.NS,2026-06-11,09:15,BULLISH,MEDIUM,625.0,0.15,3.29,1.06,1.26,-1.28,-0.69,1,1,0,1,1,1,0.761,0.761,1,-0.85
AARTIPHARM.NS,2026-06-11,12:00,BULLISH,MEDIUM,626.05,0.11,2.38,0.77,0.86,-0.89,-0.85,1,1,0,1,1,1,0.465,0.465,1,-0.61
AARTIPHARM.NS,2026-06-11,14:00,BULLISH,MEDIUM,624.65,0.06,1.37,0.44,0.46,-0.66,-0.63,1,1,0,1,1,1,0.142,0.142,1,-0.35
AARTIPHARM.NS,2026-06-12,09:15,BEARISH,LOW,629.9,-3.1,-0.1,-0.68,2.24,-0.77,1.95,1,1,0,1,1,0,,,0,-1.61
AARTIPHARM.NS,2026-06-12,12:00,BEARISH,LOW,638.45,-2.24,-0.07,-0.49,0.87,-0.62,0.59,1,1,0,1,1,0,,,0,-1.16
AARTIPHARM.NS,2026-06-12,14:00,BEARISH,LOW,638.6,-1.29,-0.04,-0.28,0.85,-0.14,0.56,1,1,0,0,1,0,,,0,-0.67
AARTIPHARM.NS,2026-06-15,09:15,BEARISH,MEDIUM,648.0,-3.81,-0.14,-1.11,0.92,-1.5,-1.41,1,1,0,1,1,0,,,0,-2.65
AARTIPHARM.NS,2026-06-15,12:00,BEARISH,MEDIUM,643.05,-2.75,-0.1,-0.8,1.08,-0.75,-0.65,1,1,0,0,1,0,,,0,-1.91
AARTIPHARM.NS,2026-06-15,14:00,BEARISH,MEDIUM,648.45,-1.59,-0.06,-0.46,0.05,-1.57,-1.48,1,1,1,1,1,0,,,0,-1.1
AARTIPHARM.NS,2026-06-16,09:15,BULLISH,LOW,647.0,0.09,2.46,0.53,0.34,-1.68,-1.08,1,1,0,0,1,1,-1.86,0.232,1,-1.03
AARTIPHARM.NS,2026-06-16,12:00,BULLISH,LOW,641.15,0.07,1.78,0.38,0.12,-0.78,-0.18,1,1,0,0,1,1,-0.479,0.084,1,-0.74
AARTIPHARM.NS,2026-06-16,14:00,BULLISH,LOW,638.9,0.04,1.03,0.22,0.33,-0.43,0.17,1,1,0,1,1,1,-0.078,-0.078,1,-0.43
AARTIPHARM.NS,2026-06-17,09:15,BULLISH,LOW,642.4,0.08,2.1,0.45,1.95,-0.12,0.58,1,1,1,1,1,1,0.155,,0,-0.92
AARTIPHARM.NS,2026-06-17,12:00,BULLISH,LOW,649.2,0.06,1.51,0.33,0.74,-0.49,-0.48,1,1,0,1,1,1,0.028,,0,-0.66
AARTIPHARM.NS,2026-06-17,14:00,BULLISH,LOW,652.1,0.03,0.87,0.19,0.25,-0.93,-0.92,1,1,0,1,1,1,-0.11,-0.11,1,-0.38
AARTIPHARM.NS,2026-06-18,09:15,BEARISH,MEDIUM,650.0,-3.57,-0.13,-0.93,1.5,-0.62,1.23,1,1,0,0,1,0,,,0,-2.22
AARTIPHARM.NS,2026-06-18,12:00,BEARISH,MEDIUM,655.75,-2.58,-0.1,-0.67,0.61,-0.4,0.34,1,1,0,0,1,0,,,0,-1.61
AARTIPHARM.NS,2026-06-18,14:00,BEARISH,MEDIUM,656.65,-1.49,-0.06,-0.39,0.47,-0.43,0.21,1,1,0,1,1,0,,,0,-0.93
AARTIPHARM.NS,2026-06-19,09:15,BEARISH,MEDIUM,657.4,-3.41,-0.11,-0.85,7.16,-0.66,5.58,1,1,0,0,1,0,,,0,-2.02
AARTIPHARM.NS,2026-06-19,12:00,BEARISH,MEDIUM,700.65,-2.46,-0.08,-0.61,0.16,-3.43,-0.93,1,1,1,1,0,0,,,0,-1.46
AARTIPHARM.NS,2026-06-19,14:00,BEARISH,MEDIUM,685.45,-1.42,-0.05,-0.35,1.5,-1.29,1.26,1,1,1,1,1,0,,,0,-0.84
AARTIPHARM.NS,2026-06-22,09:15,BEARISH,HIGH,695.85,-6.92,-0.19,-1.88,0.0,-3.1,-2.88,1,1,0,1,1,0,,,0,-4.46
AARTIPHARM.NS,2026-06-22,12:00,BEARISH,HIGH,687.0,-4.99,-0.14,-1.36,0.29,-1.86,-1.63,1,1,0,1,1,0,,,0,-3.22
AARTIPHARM.NS,2026-06-22,14:00,BEARISH,HIGH,686.35,-2.88,-0.08,-0.78,0.39,-1.76,-1.54,1,1,1,1,1,0,,,0,-1.86
AARTIPHARM.NS,2026-06-23,09:15,BULLISH,MEDIUM,686.25,0.12,2.63,0.73,8.26,-0.03,3.76,1,1,1,1,0,1,0.433,,0,-0.8
AARTIPHARM.NS,2026-06-23,12:00,BULLISH,MEDIUM,721.4,0.09,1.9,0.53,0.0,-1.54,-1.3,0,0,0,0,1,1,-1.77,0.23,1,-0.58
AARTIPHARM.NS,2026-06-23,14:00,BULLISH,MEDIUM,714.4,0.05,1.1,0.31,0.41,-0.57,-0.33,1,1,0,1,1,1,0.005,0.005,1,-0.33
AARTIPHARM.NS,2026-06-24,09:15,BEARISH,HIGH,714.55,-8.77,-0.34,-2.44,1.04,-1.13,-0.84,1,1,0,0,1,0,,,0,-5.81
AARTIPHARM.NS,2026-06-24,12:00,BEARISH,HIGH,714.75,-6.34,-0.25,-1.76,0.44,-1.15,-0.87,1,1,0,0,1,0,,,0,-4.2
AARTIPHARM.NS,2026-06-24,14:00,BEARISH,HIGH,708.5,-3.66,-0.14,-1.02,0.63,-0.28,0.01,1,1,0,0,1,0,,,0,-2.42
AARTIPHARM.NS,2026-06-25,09:15,BULLISH,MEDIUM,710.8,0.14,3.02,0.85,0.32,-3.35,-3.03,1,1,0,0,1,1,-1.83,0.548,1,-0.92
AARTIPHARM.NS,2026-06-25,12:00,BULLISH,MEDIUM,698.3,0.1,2.18,0.61,0.0,-1.54,-1.3,0,0,0,0,1,1,-1.83,-0.94,1,-0.66
AARTIPHARM.NS,2026-06-25,14:00,BULLISH,MEDIUM,695.85,0.06,1.26,0.35,0.17,-1.19,-0.95,1,1,0,0,1,1,-1.248,-0.871,1,-0.38
AARTIPHARM.NS,2026-06-29,09:15,NEUTRAL,HIGH,689.4,-0.5,0.5,-0.0,1.89,-2.71,-2.2,0,1,1,0,1,0,,,0,-0.16
AARTIPHARM.NS,2026-06-29,12:00,NEUTRAL,HIGH,682.85,-0.5,0.5,0.0,0.21,-1.77,-1.26,0,1,1,0,1,0,,,0,-0.12
AARTIPHARM.NS,2026-06-29,14:00,NEUTRAL,HIGH,675.95,-0.5,0.5,-0.0,0.6,-0.77,-0.25,1,1,1,1,1,0,,,0,-0.07
AARTIPHARM.NS,2026-06-30,09:15,BULLISH,HIGH,676.9,0.23,5.44,1.56,2.53,0.0,0.46,1,1,0,1,1,1,1.257,,0,-0.71
AARTIPHARM.NS,2026-06-30,12:00,BULLISH,HIGH,686.7,0.16,3.93,1.12,0.47,-1.33,-0.98,1,1,0,0,1,1,-1.276,-0.768,1,-0.51
AARTIPHARM.NS,2026-06-30,14:00,BULLISH,HIGH,684.8,0.09,2.27,0.65,0.16,-1.05,-0.7,1,1,0,0,1,1,-1.001,-0.702,1,-0.3
AARTIPHARM.NS,2026-07-01,09:15,BULLISH,LOW,689.0,0.09,2.87,0.77,2.1,-0.75,1.66,1,1,1,1,1,1,0.471,,0,-1.61
AARTIPHARM.NS,2026-07-01,12:00,BULLISH,LOW,694.6,0.06,2.07,0.56,1.27,-0.55,0.84,1,1,1,1,1,1,0.257,,0,-1.17
AARTIPHARM.NS,2026-07-01,14:00,BULLISH,LOW,698.85,0.04,1.2,0.32,0.66,-0.19,0.23,1,1,1,1,1,1,0.022,,0,-0.67
AARTIPHARM.NS,2026-07-02,09:15,BEARISH,MEDIUM,706.0,-3.42,-0.11,-0.87,1.19,-1.82,-1.03,1,1,1,1,1,0,,,0,-2.07
AARTIPHARM.NS,2026-07-02,12:00,BEARISH,MEDIUM,707.7,-2.47,-0.08,-0.63,0.16,-2.06,-1.26,1,1,1,1,1,0,,,0,-1.49
AARTIPHARM.NS,2026-07-02,14:00,BEARISH,MEDIUM,697.9,-1.43,-0.05,-0.36,0.29,-0.68,0.12,1,1,0,1,1,0,,,0,-0.86
AARTIPHARM.NS,2026-07-03,09:15,BULLISH,MEDIUM,701.95,0.15,3.35,0.94,2.22,-0.48,0.66,1,1,1,1,1,1,0.642,,0,-1.02
AARTIPHARM.NS,2026-07-03,12:00,BULLISH,MEDIUM,712.55,0.1,2.42,0.68,0.21,-1.04,-0.84,1,1,0,0,1,1,-1.142,-0.403,1,-0.74
AARTIPHARM.NS,2026-07-03,14:00,BULLISH,MEDIUM,708.0,0.06,1.4,0.39,0.14,-0.4,-0.2,1,1,0,0,1,1,-0.505,,0,-0.43
AARTIPHARM.NS,2026-07-06,09:15,BEARISH,MEDIUM,709.25,-3.14,-0.12,-0.87,0.11,-2.09,-0.51,1,1,1,1,1,0,,,0,-2.08
AARTIPHARM.NS,2026-07-06,12:00,BEARISH,MEDIUM,696.85,-2.27,-0.08,-0.63,1.89,-0.35,1.26,1,1,0,0,1,0,,,0,-1.5
AARTIPHARM.NS,2026-07-06,14:00,BEARISH,MEDIUM,696.95,-1.31,-0.05,-0.36,1.87,-0.25,1.25,1,1,0,0,1,0,,,0,-0.87
AARTIPHARM.NS,2026-07-07,09:15,BULLISH,LOW,707.0,0.09,2.18,0.54,0.62,-1.5,-1.14,1,1,0,1,1,1,-1.68,-0.541,1,-0.9
AARTIPHARM.NS,2026-07-07,12:00,BULLISH,LOW,702.8,0.06,1.58,0.39,0.17,-0.91,-0.55,1,1,0,0,1,1,-0.848,0.093,1,-0.65
AARTIPHARM.NS,2026-07-07,14:00,BULLISH,LOW,702.15,0.04,0.91,0.23,0.14,-0.59,-0.46,1,1,0,0,1,1,-0.756,-0.376,1,-0.38
AARTIPHARM.NS,2026-07-08,09:15,BULLISH,MEDIUM,697.05,0.1,2.44,0.67,1.57,-2.27,-1.73,1,1,1,1,1,1,-1.66,0.369,1,-0.71
AARTIPHARM.NS,2026-07-08,12:00,BULLISH,MEDIUM,700.25,0.08,1.76,0.48,1.11,-2.72,-2.18,1,1,1,1,1,1,-1.66,-1.66,1,-0.52
AARTIPHARM.NS,2026-07-08,14:00,BULLISH,MEDIUM,697.1,0.04,1.02,0.28,0.05,-2.28,-1.74,1,1,0,0,1,1,-1.65,-1.65,1,-0.3
AARTIPHARM.NS,2026-07-09,09:15,BULLISH,MEDIUM,688.0,0.13,3.28,0.93,3.48,-0.12,1.87,1,1,1,1,0,1,0.627,,0,-0.86
AARTIPHARM.NS,2026-07-09,12:00,BULLISH,MEDIUM,703.15,0.1,2.37,0.67,0.72,-0.41,-0.33,1,1,0,1,1,1,0.37,,0,-0.62
AARTIPHARM.NS,2026-07-09,14:00,BULLISH,MEDIUM,707.8,0.05,1.37,0.39,0.03,-1.07,-0.98,1,0,0,0,1,1,-1.282,-0.924,1,-0.36
AARTIPHARM.NS,2026-07-10,09:15,BEARISH,LOW,706.45,-2.85,-0.1,-0.81,0.96,-0.49,0.21,1,1,0,0,1,0,,,0,-1.93
AARTIPHARM.NS,2026-07-10,12:00,BEARISH,LOW,707.35,-2.06,-0.07,-0.59,0.83,-0.33,0.08,1,1,0,0,1,0,,,0,-1.39
AARTIPHARM.NS,2026-07-10,14:00,BEARISH,LOW,708.1,-1.19,-0.04,-0.34,0.72,-0.44,-0.03,1,1,0,1,1,0,,,0,-0.8
AARTIPHARM.NS,2026-07-13,09:15,BEARISH,MEDIUM,709.3,-2.55,-0.09,-0.76,1.65,-0.6,0.87,1,1,0,0,1,0,,,0,-1.81
AARTIPHARM.NS,2026-07-13,12:00,BEARISH,MEDIUM,711.7,-1.84,-0.07,-0.55,1.31,-0.09,0.53,1,1,0,0,1,0,,,0,-1.31
AARTIPHARM.NS,2026-07-13,14:00,BEARISH,MEDIUM,716.3,-1.06,-0.04,-0.32,0.66,-0.2,-0.12,1,1,0,0,1,0,,,0,-0.75
AARTIPHARM.NS,2026-07-14,09:15,BEARISH,LOW,717.5,-2.42,-0.1,-0.74,2.32,-1.3,-1.09,1,1,1,1,1,0,,,0,-1.77
AARTIPHARM.NS,2026-07-14,12:00,BEARISH,LOW,713.85,-1.74,-0.07,-0.54,0.2,-0.8,-0.59,1,1,0,1,1,0,,,0,-1.28
AARTIPHARM.NS,2026-07-14,14:00,BEARISH,LOW,713.55,-1.01,-0.04,-0.31,0.25,-0.76,-0.55,1,1,1,1,1,0,,,0,-0.74
AARTIPHARM.NS,2026-07-15,09:15,BULLISH,MEDIUM,711.0,0.12,2.96,0.82,2.67,-0.14,1.06,1,1,1,1,1,1,0.52,,0,-1.13
AARTIPHARM.NS,2026-07-15,12:00,BULLISH,MEDIUM,728.55,0.09,2.14,0.59,0.2,-1.75,-1.37,1,1,0,0,1,1,-1.62,0.292,1,-0.82
AARTIPHARM.NS,2026-07-15,14:00,BULLISH,MEDIUM,728.2,0.05,1.23,0.34,0.09,-1.7,-1.33,1,1,0,0,1,1,-1.61,0.042,1,-0.47
AARTIPHARM.NS,2026-07-16,09:15,BEARISH,MEDIUM,721.2,-3.33,-0.11,-0.95,1.13,-1.01,-0.42,1,1,0,1,1,0,,,0,-2.26
AARTIPHARM.NS,2026-07-16,12:00,BEARISH,MEDIUM,719.5,-2.41,-0.08,-0.69,0.58,-0.77,-0.19,1,1,0,1,1,0,,,0,-1.63
AARTIPHARM.NS,2026-07-16,14:00,BEARISH,MEDIUM,718.9,-1.39,-0.05,-0.4,0.45,-0.11,-0.1,1,1,0,0,1,0,,,0,-0.94
AARTIPHARM.NS,2026-07-17,09:15,BULLISH,LOW,717.4,0.09,2.05,0.54,0.31,-2.66,-1.37,1,1,0,0,1,1,-1.57,0.241,1,-0.85
AARTIPHARM.NS,2026-07-17,12:00,BULLISH,LOW,700.85,0.06,1.48,0.39,1.5,-0.36,0.96,1,1,1,1,0,1,0.09,,0,-0.61
AARTIPHARM.NS,2026-07-17,14:00,BULLISH,LOW,705.7,0.04,0.85,0.23,0.8,-0.03,0.26,1,1,1,1,1,1,-0.075,,0,-0.35
AARTIPHARM.NS,2026-07-20,09:15,BULLISH,LOW,708.35,0.09,2.66,0.71,0.68,-1.86,-1.39,1,1,0,0,1,1,-1.58,0.414,1,-0.77
AARTIPHARM.NS,2026-07-20,12:00,BULLISH,LOW,706.9,0.07,1.92,0.52,0.15,-1.66,-1.19,1,1,0,0,1,1,-1.58,-0.932,1,-0.56
AARTIPHARM.NS,2026-07-20,14:00,BULLISH,LOW,702.2,0.04,1.11,0.3,0.11,-1.0,-0.53,1,1,0,0,1,1,-0.827,-0.002,1,-0.32
AARTIPHARM.NS,2026-07-21,09:15,BULLISH,MEDIUM,697.8,0.09,2.33,0.55,1.18,-0.26,1.01,1,1,0,1,1,1,0.249,,0,-0.69
AARTIPHARM.NS,2026-07-21,12:00,BULLISH,MEDIUM,699.25,0.06,1.69,0.4,0.97,-0.18,0.8,1,1,1,1,1,1,0.098,,0,-0.5
AARTISURF.NS,2026-04-29,09:15,BEARISH,MEDIUM,420.0,-5.09,-0.16,-1.27,2.38,-1.9,-0.96,1,1,0,1,1,0,,,0,-3.02
AARTISURF.NS,2026-04-29,12:00,BEARISH,MEDIUM,418.55,-3.68,-0.12,-0.92,0.11,-1.56,-0.62,1,1,0,1,1,0,,,0,-2.18
AARTISURF.NS,2026-04-29,14:00,BEARISH,MEDIUM,416.35,-2.12,-0.07,-0.53,0.13,-1.04,-0.1,1,1,0,1,1,0,,,0,-1.26
AARTISURF.NS,2026-04-30,09:15,BULLISH,MEDIUM,410.7,0.15,3.64,0.91,0.79,-2.46,0.1,1,1,0,0,1,1,-2.27,0.608,1,-0.91
AARTISURF.NS,2026-04-30,12:00,BULLISH,MEDIUM,408.2,0.11,2.63,0.66,1.41,-0.64,0.71,1,1,1,1,1,1,0.357,,0,-0.65
AARTISURF.NS,2026-04-30,14:00,BULLISH,MEDIUM,413.45,0.06,1.52,0.38,0.0,-0.94,-0.57,0,0,0,0,1,1,-0.868,0.077,1,-0.38
AARTISURF.NS,2026-05-04,09:15,BULLISH,MEDIUM,405.9,0.12,3.1,0.68,4.78,-0.83,4.53,1,1,1,1,0,1,0.382,,0,-0.85
AARTISURF.NS,2026-05-04,12:00,BULLISH,MEDIUM,421.95,0.09,2.24,0.49,0.79,-1.17,0.56,1,1,0,1,1,1,0.193,0.193,1,-0.62
AARTISURF.NS,2026-05-04,14:00,BULLISH,MEDIUM,417.45,0.05,1.29,0.29,1.88,-0.1,1.64,1,1,1,1,0,1,-0.015,,0,-0.36
AARTISURF.NS,2026-05-05,09:15,BEARISH,HIGH,426.15,-5.39,-0.17,-1.44,3.38,-1.44,-0.38,1,1,0,1,1,0,,,0,-3.43
AARTISURF.NS,2026-05-05,12:00,BEARISH,HIGH,421.0,-3.9,-0.12,-1.04,2.04,-0.24,0.84,1,1,0,0,1,0,,,0,-2.48
AARTISURF.NS,2026-05-06,09:15,BEARISH,MEDIUM,424.5,-4.44,-0.15,-1.2,3.63,-0.82,3.18,1,1,0,0,1,0,,,0,-2.87
AARTISURF.NS,2026-05-06,12:00,BEARISH,MEDIUM,425.85,-3.21,-0.11,-0.87,3.3,-0.08,2.85,1,0,0,0,1,0,,,0,-2.07
AARTISURF.NS,2026-05-06,14:00,BEARISH,MEDIUM,433.0,-1.85,-0.06,-0.5,1.59,-0.45,1.15,1,1,0,0,1,0,,,0,-1.2
AARTISURF.NS,2026-05-07,09:15,BEARISH,MEDIUM,442.4,-5.41,-0.16,-1.53,1.7,-0.77,0.83,1,1,0,0,1,0,,,0,-3.65
AARTISURF.NS,2026-05-07,12:00,BEARISH,MEDIUM,444.95,-3.91,-0.12,-1.11,1.11,-1.34,0.25,1,1,0,1,1,0,,,0,-2.63
AARTISURF.NS,2026-05-07,14:00,BEARISH,MEDIUM,448.0,-2.26,-0.07,-0.64,0.19,-0.89,-0.44,1,1,0,1,1,0,,,0,-1.52
AARTISURF.NS,2026-05-08,09:15,BEARISH,MEDIUM,453.0,-4.52,-0.12,-1.05,2.65,-1.77,1.77,1,1,0,1,1,0,,,0,-2.51
AARTISURF.NS,2026-05-08,12:00,BEARISH,MEDIUM,461.0,-3.27,-0.09,-0.76,0.87,-1.08,0.0,1,1,0,1,1,0,,,0,-1.81
AARTISURF.NS,2026-05-08,14:00,BEARISH,MEDIUM,458.45,-1.89,-0.05,-0.44,0.99,-0.32,0.56,1,1,0,0,1,0,,,0,-1.05
AARTISURF.NS,2026-05-11,09:15,BEARISH,HIGH,425.0,-6.63,-0.2,-1.77,0.0,-5.64,-3.29,1,1,1,1,1,0,,,0,-4.21
AARTISURF.NS,2026-05-11,12:00,BEARISH,HIGH,412.5,-4.79,-0.15,-1.28,1.56,-0.95,-0.36,1,1,0,0,1,0,,,0,-3.04
AARTISURF.NS,2026-05-11,14:00,BEARISH,HIGH,414.0,-2.76,-0.09,-0.74,0.36,-0.97,-0.72,1,1,0,1,1,0,,,0,-1.76
AARTISURF.NS,2026-05-12,09:15,BULLISH,HIGH,407.0,0.37,12.44,3.54,0.0,-2.95,-2.95,0,0,0,0,1,1,-2.68,-1.81,1,-1.46
AARTISURF.NS,2026-05-12,12:00,BULLISH,HIGH,399.4,0.27,8.98,2.56,0.08,-1.1,-1.1,1,0,0,0,1,1,-1.402,-0.352,1,-1.05
AARTISURF.NS,2026-05-12,14:00,BULLISH,HIGH,396.4,0.15,5.19,1.48,0.37,-0.35,-0.35,1,1,0,0,1,1,-0.653,,0,-0.61
AARTISURF.NS,2026-05-13,09:15,BULLISH,HIGH,395.0,0.3,6.43,1.96,2.01,-1.52,0.56,1,1,0,1,1,1,1.657,1.657,1,-1.15
AARTISURF.NS,2026-05-13,12:00,BULLISH,HIGH,402.1,0.22,4.64,1.41,0.21,-1.84,-1.22,1,0,0,0,1,1,-1.519,-0.692,1,-0.83
AARTISURF.NS,2026-05-13,14:00,BULLISH,HIGH,400.85,0.13,2.68,0.82,0.0,-1.53,-0.91,0,0,0,0,1,1,-1.211,-0.733,1,-0.48
AARTISURF.NS,2026-05-14,09:15,BULLISH,HIGH,417.9,0.23,4.92,1.34,0.0,-4.15,-3.55,0,0,0,0,1,1,-2.51,-2.51,1,-0.97
AARTISURF.NS,2026-05-14,12:00,BULLISH,HIGH,405.45,0.17,3.55,0.96,0.73,-0.6,-0.59,1,1,0,0,1,1,-0.892,,0,-0.7
AARTISURF.NS,2026-05-15,09:15,BEARISH,MEDIUM,409.5,-5.08,-0.14,-1.19,0.0,-3.76,-3.47,1,1,1,1,1,0,,,0,-2.84
AARTISURF.NS,2026-05-15,12:00,BEARISH,MEDIUM,404.3,-3.67,-0.1,-0.86,0.0,-2.52,-2.23,1,1,1,1,1,0,,,0,-2.05
AARTISURF.NS,2026-05-15,14:00,BEARISH,MEDIUM,399.95,-2.12,-0.06,-0.5,0.0,-1.46,-1.16,1,1,1,1,1,0,,,0,-1.18
AARTISURF.NS,2026-05-18,09:15,BULLISH,HIGH,387.0,0.24,4.75,1.58,0.78,-1.78,-0.13,1,1,0,0,1,1,-0.429,1.276,1,-0.83
AARTISURF.NS,2026-05-18,12:00,BULLISH,HIGH,384.75,0.17,3.43,1.14,0.83,-0.44,0.45,1,1,0,0,1,1,0.155,,0,-0.6
AARTISURF.NS,2026-05-18,14:00,BULLISH,HIGH,385.6,0.1,1.98,0.66,0.38,-0.4,0.23,1,1,0,0,1,1,-0.067,0.356,1,-0.35
AARTISURF.NS,2026-05-19,09:15,BULLISH,MEDIUM,387.0,0.21,4.41,1.23,2.07,-0.52,0.83,1,1,0,1,1,1,0.933,,0,-0.96
AARTISURF.NS,2026-05-19,12:00,BULLISH,MEDIUM,388.75,0.15,3.19,0.89,0.57,-0.31,0.37,1,1,0,0,1,1,0.073,,0,-0.69
AARTISURF.NS,2026-05-19,14:00,BULLISH,MEDIUM,387.95,0.09,1.84,0.51,0.71,-0.03,0.58,1,1,0,1,1,1,0.213,,0,-0.4
AARTISURF.NS,2026-05-20,09:15,BULLISH,LOW,384.0,0.14,3.64,1.07,2.28,-0.86,0.73,1,1,1,1,1,1,0.773,,0,-1.52
AARTISURF.NS,2026-05-20,12:00,BULLISH,LOW,387.25,0.1,2.63,0.77,0.17,-0.58,-0.12,1,1,0,0,1,1,-0.416,,0,-1.09
AARTISURF.NS,2026-05-20,14:00,BULLISH,LOW,387.0,0.06,1.52,0.45,0.0,-0.23,-0.05,0,0,0,0,1,1,-0.352,,0,-0.63
AARTISURF.NS,2026-05-21,09:15,BULLISH,HIGH,394.4,0.16,4.44,0.97,0.55,-2.87,-2.4,1,1,0,0,1,1,-2.36,0.674,1,-0.65
AARTISURF.NS,2026-05-21,12:00,BULLISH,HIGH,388.9,0.12,3.21,0.7,0.24,-1.49,-1.02,1,1,0,0,1,1,-1.316,0.402,1,-0.47
AARTISURF.NS,2026-05-21,14:00,BULLISH,HIGH,385.2,0.07,1.85,0.4,0.0,-0.52,-0.06,0,0,0,0,1,1,-0.365,-0.094,1,-0.27
AARTISURF.NS,2026-05-22,09:15,BULLISH,LOW,383.2,0.1,3.51,0.84,1.72,-0.31,-0.05,1,1,0,1,1,1,0.54,,0,-1.4
AARTISURF.NS,2026-05-22,12:00,BULLISH,LOW,387.0,0.07,2.54,0.61,0.52,-1.29,-1.03,1,1,0,0,1,1,-1.334,0.307,1,-1.01
AARTISURF.NS,2026-05-22,14:00,BULLISH,LOW,386.0,0.04,1.46,0.35,0.67,-1.04,-0.78,1,1,0,1,1,1,0.05,0.05,1,-0.58
AARTISURF.NS,2026-05-25,09:15,BULLISH,HIGH,381.2,0.22,5.62,1.59,4.41,0.0,3.62,1,1,1,1,1,1,1.295,,0,-0.82
AARTISURF.NS,2026-05-25,12:00,BULLISH,HIGH,396.65,0.16,4.06,1.15,0.29,-1.6,-0.42,1,1,0,0,1,1,-0.716,-0.125,1,-0.59
AARTISURF.NS,2026-05-25,14:00,BULLISH,HIGH,390.45,0.09,2.34,0.67,1.79,0.0,1.17,1,1,1,1,1,1,0.366,,0,-0.34
AARTISURF.NS,2026-05-26,09:15,BEARISH,MEDIUM,385.65,-4.32,-0.18,-1.24,3.72,0.0,1.65,0,0,0,0,1,0,,,0,-2.95
AARTISURF.NS,2026-05-26,12:00,BEARISH,MEDIUM,393.85,-3.12,-0.13,-0.89,0.04,-1.49,-0.47,1,1,0,1,1,0,,,0,-2.13
AARTISURF.NS,2026-05-26,14:00,BEARISH,MEDIUM,391.0,-1.8,-0.08,-0.52,0.36,-0.77,0.26,1,1,0,1,1,0,,,0,-1.23
AARTISURF.NS,2026-05-27,09:15,BULLISH,MEDIUM,394.0,0.16,3.77,1.02,0.49,-2.65,-1.02,1,1,0,0,1,1,-2.19,0.718,1,-1.03
AARTISURF.NS,2026-05-29,09:15,NEUTRAL,HIGH,390.6,-0.5,0.5,-0.0,1.11,-1.15,-0.64,1,1,1,1,1,0,,,0,-0.0
AARTISURF.NS,2026-05-29,12:00,NEUTRAL,HIGH,389.9,-0.5,0.5,0.0,0.78,-0.71,-0.46,1,1,1,1,1,0,,,0,-0.0
AARTISURF.NS,2026-05-29,14:00,NEUTRAL,HIGH,390.45,-0.5,0.5,-0.0,0.64,-0.63,-0.6,1,1,1,1,1,0,,,0,-0.0
AARTISURF.NS,2026-06-01,09:15,BULLISH,HIGH,390.0,0.18,4.67,1.21,3.06,-4.18,-3.21,1,1,1,1,1,1,-1.97,-1.97,1,-0.81
AARTISURF.NS,2026-06-01,12:00,BULLISH,HIGH,386.25,0.13,3.37,0.87,0.19,-3.25,-2.27,1,1,0,0,1,1,-1.96,-1.96,1,-0.58
AARTISURF.NS,2026-06-01,14:00,BULLISH,HIGH,382.5,0.07,1.95,0.5,0.37,-2.3,-1.31,1,1,0,0,1,1,-1.96,-1.96,1,-0.34
AARTISURF.NS,2026-06-02,09:15,BULLISH,HIGH,372.0,0.22,5.0,1.34,3.23,0.0,2.22,1,1,1,1,1,1,1.041,,0,-0.88
AARTISURF.NS,2026-06-02,12:00,BULLISH,HIGH,376.75,0.16,3.61,0.97,1.63,0.0,0.93,1,1,0,1,1,1,0.669,,0,-0.64
AARTISURF.NS,2026-06-02,14:00,BULLISH,HIGH,377.05,0.09,2.09,0.56,1.29,0.0,0.85,1,1,1,1,1,1,0.26,,0,-0.37
AARTISURF.NS,2026-06-03,09:15,BULLISH,LOW,384.5,0.08,2.31,0.56,0.0,-3.64,-2.76,0,0,0,0,1,1,-2.07,-2.07,1,-1.18
AARTISURF.NS,2026-06-03,12:00,BULLISH,LOW,378.1,0.06,1.67,0.4,1.01,-2.01,-1.11,1,1,1,1,1,1,-2.06,0.105,1,-0.85
AARTISURF.NS,2026-06-03,14:00,BULLISH,LOW,375.0,0.03,0.96,0.23,0.83,-0.67,-0.29,1,1,1,1,1,1,-0.065,-0.065,1,-0.49
AARTISURF.NS,2026-06-04,09:15,BULLISH,HIGH,372.0,0.19,4.79,1.33,3.21,-1.73,-0.63,1,1,1,1,1,1,1.025,1.025,1,-0.75
AARTISURF.NS,2026-06-04,12:00,BULLISH,HIGH,375.0,0.14,3.46,0.96,0.53,-2.52,-1.43,1,1,0,0,1,1,-2.06,-2.06,1,-0.54
AARTISURF.NS,2026-06-04,14:00,BULLISH,HIGH,370.3,0.08,2.0,0.55,1.81,-0.62,-0.18,1,1,1,1,1,1,0.251,0.251,1,-0.31
AARTISURF.NS,2026-06-05,09:15,BULLISH,HIGH,371.0,0.24,7.21,1.84,1.87,-0.81,-0.15,1,1,0,1,1,1,1.544,,0,-1.0
AARTISURF.NS,2026-06-05,12:00,BULLISH,HIGH,372.85,0.17,5.21,1.33,1.37,-1.3,-0.64,1,1,0,1,1,1,1.033,-0.223,1,-0.72
AARTISURF.NS,2026-06-05,14:00,BULLISH,HIGH,368.55,0.1,3.01,0.77,0.52,-0.14,0.52,1,1,0,0,1,1,0.216,,0,-0.42
AARTISURF.NS,2026-06-08,09:15,BULLISH,LOW,370.0,0.1,2.49,0.59,1.3,-2.24,-2.22,1,1,1,1,1,1,-2.05,0.286,1,-0.73
AARTISURF.NS,2026-06-08,12:00,BULLISH,LOW,366.05,0.07,1.8,0.42,0.0,-1.19,-1.16,0,0,0,0,1,1,-1.461,-0.934,1,-0.53
AARTISURF.NS,2026-06-08,14:00,BULLISH,LOW,365.4,0.04,1.04,0.24,0.0,-1.01,-0.99,0,0,0,0,1,1,-1.285,-0.056,1,-0.31
AARTISURF.NS,2026-06-09,09:15,BULLISH,HIGH,356.25,0.34,6.04,1.91,2.65,0.0,2.6,1,1,0,1,1,1,1.609,,0,-0.93
AARTISURF.NS,2026-06-09,12:00,BULLISH,HIGH,363.3,0.25,4.36,1.38,0.66,-0.63,0.61,1,1,0,0,1,1,0.306,,0,-0.67
AARTISURF.NS,2026-06-09,14:00,BULLISH,HIGH,364.6,0.14,2.52,0.8,0.3,-0.43,0.25,1,1,0,0,1,1,-0.053,0.339,1,-0.39
AARTISURF.NS,2026-06-10,09:15,BEARISH,MEDIUM,365.0,-4.49,-0.19,-1.12,1.56,-0.77,-0.55,1,1,0,0,1,0,,,0,-2.67
AARTISURF.NS,2026-06-10,12:00,BEARISH,MEDIUM,365.3,-3.24,-0.13,-0.81,0.36,-0.85,-0.63,1,1,0,1,1,0,,,0,-1.93
AARTISURF.NS,2026-06-10,14:00,BEARISH,MEDIUM,364.3,-1.87,-0.08,-0.47,0.0,-0.58,-0.36,1,1,0,1,1,0,,,0,-1.11
AARTISURF.NS,2026-06-11,12:00,BULLISH,HIGH,361.85,0.11,2.64,0.83,0.43,-1.05,-0.82,1,1,0,0,1,1,-1.115,-0.767,1,-0.35
AARTISURF.NS,2026-06-11,14:00,BULLISH,HIGH,358.5,0.06,1.52,0.48,0.4,-0.13,0.11,1,1,0,0,1,1,-0.188,,0,-0.2
AARTISURF.NS,2026-06-12,09:15,BULLISH,HIGH,367.1,0.23,4.93,1.35,2.15,-1.58,1.84,1,1,0,1,1,1,1.046,1.046,1,-0.52
AARTISURF.NS,2026-06-12,12:00,BULLISH,HIGH,362.15,0.16,3.56,0.97,3.55,-0.04,3.23,1,1,1,1,1,1,0.672,,0,-0.38
AARTISURF.NS,2026-06-12,14:00,BULLISH,HIGH,365.8,0.1,2.05,0.56,2.52,0.0,2.2,1,1,1,1,0,1,0.26,,0,-0.22
AARTISURF.NS,2026-06-15,09:15,BEARISH,MEDIUM,381.0,-4.2,-0.17,-1.27,3.66,-0.75,2.1,1,1,0,0,1,0,,,0,-3.02
AARTISURF.NS,2026-06-15,12:00,BEARISH,MEDIUM,385.05,-3.03,-0.12,-0.92,2.57,-0.4,1.03,1,1,0,0,1,0,,,0,-2.18
AARTISURF.NS,2026-06-15,14:00,BEARISH,MEDIUM,391.55,-1.75,-0.07,-0.53,0.8,-0.87,-0.65,1,1,0,1,1,0,,,0,-1.26
AARTISURF.NS,2026-06-16,09:15,BEARISH,HIGH,390.0,-4.67,-0.15,-1.17,0.83,-2.05,-1.54,1,1,0,1,1,0,,,0,-2.79
AARTISURF.NS,2026-06-16,12:00,BEARISH,HIGH,385.1,-3.37,-0.11,-0.85,0.03,-0.8,-0.29,1,1,0,0,1,0,,,0,-2.02
AARTISURF.NS,2026-06-16,14:00,BEARISH,HIGH,384.0,-1.95,-0.06,-0.49,0.31,-0.52,0.0,1,1,0,1,1,0,,,0,-1.16
AARTISURF.NS,2026-06-17,09:15,BULLISH,MEDIUM,386.65,0.12,2.89,0.74,0.93,-1.15,0.47,1,1,0,1,1,1,0.445,0.445,1,-0.99
AARTISURF.NS,2026-06-17,12:00,BULLISH,MEDIUM,389.5,0.09,2.09,0.54,0.19,-0.89,-0.27,1,1,0,0,1,1,-0.57,0.154,1,-0.72
AARTISURF.NS,2026-06-18,09:15,BEARISH,MEDIUM,390.0,-3.1,-0.11,-0.81,1.26,-1.71,-1.0,1,1,1,1,1,0,,,0,-1.93
AARTISURF.NS,2026-06-18,12:00,BEARISH,MEDIUM,387.1,-2.24,-0.08,-0.59,0.75,-0.54,-0.26,1,1,0,0,1,0,,,0,-1.39
AARTISURF.NS,2026-06-18,14:00,BEARISH,MEDIUM,390.0,-1.29,-0.04,-0.34,0.0,-1.28,-1.0,1,1,1,1,1,0,,,0,-0.81
AARTISURF.NS,2026-06-19,09:15,BULLISH,LOW,390.0,0.12,2.61,0.67,0.0,-2.37,-0.45,0,0,0,0,1,1,-1.82,0.374,1,-0.91
AARTISURF.NS,2026-06-19,12:00,BULLISH,LOW,387.25,0.09,1.89,0.49,0.53,-0.54,0.26,1,1,0,1,1,1,0.188,,0,-0.66
AARTISURF.NS,2026-06-19,14:00,BULLISH,LOW,388.75,0.05,1.09,0.28,0.14,-0.57,-0.13,1,1,0,0,1,1,-0.429,-0.048,1,-0.38
AARTISURF.NS,2026-06-22,09:15,BULLISH,LOW,380.0,0.07,2.12,0.44,4.82,-0.37,-0.29,1,1,1,1,0,1,0.145,,0,-1.02
AARTISURF.NS,2026-06-22,12:00,BULLISH,LOW,383.5,0.05,1.53,0.32,0.12,-1.23,-1.2,1,1,0,0,1,1,-1.499,-0.763,1,-0.74
AARTISURF.NS,2026-06-22,14:00,BULLISH,LOW,379.95,0.03,0.88,0.19,0.01,-0.3,-0.28,1,0,0,0,1,1,-0.576,,0,-0.42
AARTISURF.NS,2026-06-23,09:15,BULLISH,HIGH,382.7,0.2,7.32,1.47,0.0,-4.36,-4.36,0,0,0,0,1,1,-2.54,-2.54,1,-1.05
AARTISURF.NS,2026-06-23,12:00,BULLISH,HIGH,370.1,0.14,5.29,1.06,0.58,-1.11,-1.11,1,1,0,0,1,1,-1.408,-0.65,1,-0.76
AARTISURF.NS,2026-06-23,14:00,BULLISH,HIGH,367.95,0.08,3.05,0.61,0.01,-0.53,-0.53,1,0,0,0,1,1,-0.83,-0.39,1,-0.44
AARTISURF.NS,2026-06-24,09:15,BULLISH,HIGH,367.95,0.23,5.48,1.52,3.27,-1.05,2.45,1,1,1,1,1,1,1.225,1.225,1,-0.94
AARTISURF.NS,2026-06-24,12:00,BULLISH,HIGH,368.0,0.16,3.96,1.1,3.26,0.0,2.43,1,1,1,1,1,1,0.801,,0,-0.68
AARTISURF.NS,2026-06-24,14:00,BULLISH,HIGH,377.05,0.1,2.28,0.64,0.78,-0.12,-0.03,1,1,0,1,1,1,0.337,,0,-0.39
AARTISURF.NS,2026-06-25,09:15,BEARISH,MEDIUM,372.0,-3.99,-0.12,-0.93,2.15,0.0,0.34,0,0,0,0,1,0,,,0,-2.22
AARTISURF.NS,2026-06-25,12:00,BEARISH,MEDIUM,375.6,-2.88,-0.08,-0.67,0.37,-0.88,-0.63,1,1,0,1,1,0,,,0,-1.6
AARTISURF.NS,2026-06-25,14:00,BEARISH,MEDIUM,374.85,-1.66,-0.05,-0.39,0.57,-0.45,-0.43,1,1,0,1,1,0,,,0,-0.93
AARTISURF.NS,2026-06-29,09:15,NEUTRAL,HIGH,373.75,-0.5,0.5,0.0,1.59,-0.7,-0.7,1,1,1,1,1,0,,,0,-0.07
AARTISURF.NS,2026-06-29,12:00,NEUTRAL,HIGH,373.1,-0.5,0.5,-0.0,0.48,-0.52,-0.52,1,1,1,1,1,0,,,0,-0.05
AARTISURF.NS,2026-06-29,14:00,NEUTRAL,HIGH,374.6,-0.5,0.5,-0.0,0.0,-0.92,-0.92,0,1,1,0,1,0,,,0,-0.03
AARTISURF.NS,2026-06-30,09:15,BULLISH,MEDIUM,375.15,0.12,2.84,0.76,2.56,-1.91,1.4,1,1,1,1,1,1,-1.78,-1.78,1,-0.4
AARTISURF.NS,2026-06-30,12:00,BULLISH,MEDIUM,371.5,0.09,2.05,0.55,3.57,0.0,2.4,1,1,1,1,0,1,0.246,,0,-0.29
AARTISURF.NS,2026-06-30,14:00,BULLISH,MEDIUM,376.65,0.05,1.18,0.32,2.15,-0.92,1.0,1,1,1,1,0,1,0.016,0.016,1,-0.17
AARTISURF.NS,2026-07-01,09:15,BEARISH,MEDIUM,378.0,-4.72,-0.15,-1.18,1.06,-1.57,0.0,1,1,0,1,1,0,,,0,-2.82
AARTISURF.NS,2026-07-01,12:00,BEARISH,MEDIUM,378.2,-3.41,-0.11,-0.85,0.99,-0.32,-0.05,1,1,0,0,1,0,,,0,-2.03
AARTISURF.NS,2026-07-01,14:00,BEARISH,MEDIUM,377.4,-1.97,-0.06,-0.49,0.6,0.0,0.16,0,0,0,0,1,0,,,0,-1.17
AARTISURF.NS,2026-07-02,09:15,BEARISH,LOW,383.0,-2.59,-0.09,-0.69,0.0,-1.33,-0.4,1,1,0,1,1,0,,,0,-1.65
AARTISURF.NS,2026-07-02,12:00,BEARISH,LOW,380.75,-1.87,-0.06,-0.5,0.59,-0.12,0.18,1,1,0,0,1,0,,,0,-1.19
AARTISURF.NS,2026-07-02,14:00,BEARISH,LOW,381.75,-1.08,-0.04,-0.29,0.05,-0.31,-0.08,1,1,0,1,1,0,,,0,-0.69
AARTISURF.NS,2026-07-03,09:15,BEARISH,LOW,380.7,-1.97,-0.08,-0.58,1.64,-0.18,0.7,1,1,0,0,1,0,,,0,-1.37
AARTISURF.NS,2026-07-03,12:00,BEARISH,LOW,382.75,-1.43,-0.05,-0.42,1.1,-0.72,0.16,1,1,0,1,1,0,,,0,-0.99
AARTISURF.NS,2026-07-03,14:00,BEARISH,LOW,385.05,-0.82,-0.03,-0.24,0.01,-0.51,-0.44,1,1,1,1,1,0,,,0,-0.57
AARTISURF.NS,2026-07-06,09:15,BEARISH,MEDIUM,382.65,-2.85,-0.11,-0.84,2.14,-0.3,1.28,1,1,0,0,1,0,,,0,-2.01
AARTISURF.NS,2026-07-06,12:00,BEARISH,MEDIUM,386.0,-2.06,-0.08,-0.61,1.26,-0.16,0.4,1,1,0,0,1,0,,,0,-1.45
AARTISURF.NS,2026-07-06,14:00,BEARISH,MEDIUM,388.45,-1.19,-0.05,-0.35,0.62,-0.62,-0.23,1,1,0,1,1,0,,,0,-0.84
AARTISURF.NS,2026-07-07,09:15,BEARISH,MEDIUM,389.0,-3.51,-0.11,-0.89,1.3,-1.71,-1.43,1,1,0,1,1,0,,,0,-2.12
AARTISURF.NS,2026-07-07,14:00,BEARISH,MEDIUM,386.0,-1.46,-0.05,-0.37,0.0,-0.95,-0.66,1,1,1,1,1,0,,,0,-0.88
AARTISURF.NS,2026-07-08,09:15,BULLISH,HIGH,389.4,0.13,3.06,0.9,0.0,-4.7,-4.33,0,0,0,0,1,1,-1.59,-1.59,1,-0.71
AARTISURF.NS,2026-07-08,12:00,BULLISH,HIGH,384.5,0.09,2.21,0.65,0.42,-3.49,-3.11,1,1,0,0,1,1,-1.59,0.35,1,-0.51
AARTISURF.NS,2026-07-08,14:00,BULLISH,HIGH,380.8,0.05,1.28,0.38,0.0,-2.55,-2.17,0,0,0,0,1,1,-1.58,-1.58,1,-0.3
AARTISURF.NS,2026-07-09,09:15,BEARISH,LOW,371.6,-3.09,-0.22,-0.96,2.26,-0.15,0.27,1,0,0,0,1,0,,,0,-2.29
AARTISURF.NS,2026-07-09,12:00,BEARISH,LOW,377.3,-2.23,-0.16,-0.69,0.3,-1.26,-1.25,1,1,1,1,1,0,,,0,-1.65
AARTISURF.NS,2026-07-09,14:00,BEARISH,LOW,376.15,-1.29,-0.09,-0.4,0.0,-0.94,-0.94,1,1,1,1,1,0,,,0,-0.95
AARTISURF.NS,2026-07-10,09:15,BULLISH,MEDIUM,373.85,0.08,2.67,0.65,4.05,0.0,3.18,1,1,1,1,0,1,0.353,,0,-1.1
AARTISURF.NS,2026-07-10,12:00,BULLISH,MEDIUM,383.0,0.06,1.93,0.47,1.57,-0.76,0.72,1,1,1,1,1,1,0.173,,0,-0.79
AARTISURF.NS,2026-07-10,14:00,BULLISH,MEDIUM,382.0,0.03,1.11,0.27,1.83,0.0,0.98,1,1,1,1,0,1,-0.028,,0,-0.46
AARTISURF.NS,2026-07-13,09:15,BEARISH,MEDIUM,387.05,-3.32,-0.1,-0.9,0.75,-1.15,-0.45,1,1,0,1,1,0,,,0,-2.14
AARTISURF.NS,2026-07-13,12:00,BEARISH,MEDIUM,384.0,-2.4,-0.07,-0.65,0.96,-0.26,0.34,1,1,0,0,1,0,,,0,-1.55
AARTISURF.NS,2026-07-13,14:00,BEARISH,MEDIUM,384.0,-1.39,-0.04,-0.38,0.55,-0.08,0.34,1,1,0,0,1,0,,,0,-0.89
AARTISURF.NS,2026-07-14,09:15,BULLISH,MEDIUM,380.0,0.12,2.97,0.83,1.75,-0.51,-0.51,1,1,1,1,1,1,0.529,,0,-0.97
AARTISURF.NS,2026-07-14,14:00,BULLISH,MEDIUM,380.1,0.05,1.24,0.34,0.38,-0.54,-0.54,1,1,0,1,1,1,0.045,0.045,1,-0.41
AARTISURF.NS,2026-07-15,09:15,BULLISH,MEDIUM,380.05,0.16,3.43,0.92,3.01,0.0,2.24,1,1,1,1,1,1,0.624,,0,-1.17
AARTISURF.NS,2026-07-15,12:00,BULLISH,MEDIUM,385.1,0.11,2.47,0.67,1.22,-0.65,0.9,1,1,0,1,1,1,0.367,,0,-0.85
AARTISURF.NS,2026-07-15,14:00,BULLISH,MEDIUM,387.4,0.07,1.43,0.38,0.62,-0.49,0.3,1,1,0,1,1,1,0.085,0.085,1,-0.49
AARTISURF.NS,2026-07-16,09:15,BEARISH,MEDIUM,389.8,-3.1,-0.11,-0.88,0.67,-1.73,-0.73,1,1,1,1,1,0,,,0,-2.09
AARTISURF.NS,2026-07-17,09:15,BULLISH,LOW,388.0,0.09,2.08,0.53,2.95,-1.39,0.67,1,1,1,1,0,1,-1.61,0.228,1,-0.78
AARTISURF.NS,2026-07-17,12:00,BULLISH,LOW,391.15,0.07,1.5,0.38,1.23,-0.14,-0.14,1,1,1,1,1,1,0.081,,0,-0.56
AARTISURF.NS,2026-07-17,14:00,BULLISH,LOW,393.0,0.04,0.87,0.22,0.13,-0.61,-0.61,1,1,0,0,1,1,-0.911,-0.079,1,-0.32
AARTISURF.NS,2026-07-20,09:15,BEARISH,HIGH,389.0,-4.77,-0.19,-1.37,2.25,0.0,0.51,0,0,0,0,1,0,,,0,-3.27
AARTISURF.NS,2026-07-20,12:00,BEARISH,HIGH,392.0,-3.44,-0.14,-0.99,0.26,-0.26,-0.26,1,1,0,0,1,0,,,0,-2.36
AARTISURF.NS,2026-07-20,14:00,BEARISH,HIGH,393.0,-1.99,-0.08,-0.57,0.0,-0.51,-0.51,1,1,0,0,1,0,,,0,-1.36
AARTISURF.NS,2026-07-21,09:15,BULLISH,LOW,397.95,0.06,1.79,0.43,0.26,-2.75,-0.94,1,1,0,0,1,1,-1.6,0.132,1,-1.16
AARTISURF.NS,2026-07-21,12:00,BULLISH,LOW,395.2,0.04,1.29,0.31,0.52,-0.78,-0.25,1,1,0,1,1,1,0.011,,0,-0.84
AARVI.NS,2026-04-29,09:15,BULLISH,HIGH,129.1,0.22,5.5,1.46,2.24,-0.83,-0.22,1,1,0,1,1,1,1.156,,0,-0.94
AARVI.NS,2026-04-30,09:15,BULLISH,MEDIUM,128.36,0.16,4.03,0.96,0.29,-3.4,-1.47,1,1,0,0,1,1,-2.17,0.658,1,-0.75
AARVI.NS,2026-04-30,12:00,BULLISH,MEDIUM,125.41,0.11,2.91,0.69,1.09,-0.7,0.85,1,1,0,1,1,1,0.394,0.394,1,-0.54
AARVI.NS,2026-04-30,14:00,BULLISH,MEDIUM,125.68,0.07,1.68,0.4,0.88,-0.49,0.63,1,1,1,1,1,1,0.098,0.098,1,-0.31
AARVI.NS,2026-05-04,09:15,BULLISH,HIGH,125.0,0.28,6.24,1.71,0.21,-1.6,-0.46,1,0,0,0,1,1,-0.764,0.201,1,-0.96
AARVI.NS,2026-05-04,12:00,BULLISH,HIGH,124.69,0.2,4.51,1.24,0.46,-0.47,-0.22,1,1,0,0,1,1,-0.517,,0,-0.7
AARVI.NS,2026-05-05,09:15,BEARISH,LOW,126.0,-5.08,-0.22,-1.19,1.25,-0.75,0.4,1,1,0,0,1,0,,,0,-2.84
AARVI.NS,2026-05-05,12:00,BEARISH,LOW,125.65,-3.67,-0.16,-0.86,1.54,-0.28,0.68,1,1,0,0,1,0,,,0,-2.05
AARVI.NS,2026-05-06,09:15,BULLISH,LOW,127.99,0.09,2.75,0.7,0.3,-2.34,-0.89,1,1,0,0,1,1,-2.04,0.227,1,-1.41
AARVI.NS,2026-05-06,12:00,BULLISH,LOW,125.52,0.06,1.99,0.5,1.06,-0.41,1.06,1,1,1,1,1,1,0.202,,0,-1.02
AARVI.NS,2026-05-06,14:00,BULLISH,LOW,125.01,0.04,1.15,0.29,1.47,0.0,1.47,1,1,1,1,0,1,-0.012,,0,-0.59
AARVI.NS,2026-05-07,09:15,BULLISH,HIGH,126.35,0.17,3.73,1.08,2.56,-0.5,1.31,1,1,1,1,1,1,0.776,,0,-0.96
AARVI.NS,2026-05-07,12:00,BULLISH,HIGH,126.99,0.12,2.69,0.78,2.05,-0.29,0.8,1,1,1,1,1,1,0.48,,0,-0.69
AARVI.NS,2026-05-07,14:00,BULLISH,HIGH,127.0,0.07,1.56,0.45,0.79,-0.06,0.79,1,1,0,1,1,1,0.149,,0,-0.4
AARVI.NS,2026-05-08,09:15,BEARISH,LOW,126.5,-4.0,-0.19,-1.27,2.43,-0.4,0.44,1,1,0,0,1,0,,,0,-3.04
AARVI.NS,2026-05-08,14:00,BEARISH,LOW,126.53,-1.67,-0.08,-0.53,2.41,0.0,0.42,0,0,0,0,1,0,,,0,-1.27
AARVI.NS,2026-05-11,09:15,BULLISH,LOW,126.02,0.13,2.96,0.76,0.93,0.0,0.58,1,1,0,1,1,1,0.462,,0,-1.13
AARVI.NS,2026-05-11,12:00,BULLISH,LOW,126.18,0.09,2.14,0.55,0.66,0.0,0.45,1,1,0,1,1,1,0.247,,0,-0.82
AARVI.NS,2026-05-11,14:00,BULLISH,LOW,126.9,0.05,1.23,0.32,0.09,-0.57,-0.12,1,1,0,0,1,1,-0.418,0.015,1,-0.47
AARVI.NS,2026-05-12,12:00,BULLISH,MEDIUM,124.7,0.11,2.18,0.56,0.07,-2.09,-1.44,1,0,0,0,1,1,-1.85,-1.85,1,-0.49
AARVI.NS,2026-05-12,14:00,BULLISH,MEDIUM,122.51,0.06,1.26,0.32,0.4,-0.33,0.32,1,1,0,1,1,1,0.018,0.018,1,-0.28
AARVI.NS,2026-05-13,09:15,BULLISH,MEDIUM,123.0,0.21,4.29,1.29,1.6,-1.69,0.05,1,1,0,1,1,1,-1.91,0.668,1,-0.91
AARVI.NS,2026-05-13,14:00,BULLISH,MEDIUM,122.03,0.09,1.79,0.54,1.0,0.0,0.84,1,1,1,1,1,1,0.241,,0,-0.38
AARVI.NS,2026-05-14,09:15,BULLISH,MEDIUM,122.94,0.21,3.97,1.23,1.3,-0.57,0.87,1,1,0,1,1,1,0.928,,0,-0.92
AARVI.NS,2026-05-15,09:15,BEARISH,LOW,124.53,-2.44,-0.09,-0.63,0.97,-0.28,0.97,1,1,0,0,1,0,,,0,-1.49
AARVI.NS,2026-05-15,12:00,BEARISH,LOW,125.16,-1.76,-0.06,-0.46,0.46,-0.67,0.46,1,1,0,1,1,0,,,0,-1.08
AARVI.NS,2026-05-15,14:00,BEARISH,LOW,124.32,-1.02,-0.04,-0.26,1.14,0.0,1.14,0,0,0,0,1,0,,,0,-0.62
AARVI.NS,2026-05-18,09:15,BEARISH,LOW,125.0,-2.2,-0.08,-0.62,0.0,-4.55,-2.3,1,1,1,1,0,0,,,0,-1.49
AARVI.NS,2026-05-18,12:00,BEARISH,LOW,121.3,-1.59,-0.05,-0.45,0.73,-0.33,0.68,1,1,0,0,1,0,,,0,-1.08
AARVI.NS,2026-05-18,14:00,BEARISH,LOW,121.36,-0.92,-0.03,-0.26,0.68,-0.21,0.63,1,1,0,0,1,0,,,0,-0.62
AARVI.NS,2026-05-19,09:15,BULLISH,LOW,121.96,0.16,3.5,1.07,2.49,0.0,1.68,1,1,1,1,1,1,0.766,,0,-1.69
AARVI.NS,2026-05-19,12:00,BULLISH,LOW,123.67,0.12,2.53,0.77,1.08,-0.54,0.27,1,1,0,1,1,1,0.468,,0,-1.22
AARVI.NS,2026-05-20,09:15,BEARISH,LOW,126.49,-2.43,-0.08,-0.69,0.0,-2.25,-1.18,1,1,1,1,1,0,,,0,-1.63
AARVI.NS,2026-05-20,12:00,BEARISH,LOW,124.97,-1.75,-0.06,-0.5,0.34,-0.78,0.02,1,1,0,1,1,0,,,0,-1.18
AARVI.NS,2026-05-21,09:15,BEARISH,LOW,126.0,-2.09,-0.07,-0.56,2.6,-0.79,0.79,1,1,0,1,1,0,,,0,-1.33
AARVI.NS,2026-05-21,12:00,BEARISH,LOW,125.9,-1.51,-0.05,-0.41,2.68,-0.71,0.87,1,1,0,1,1,0,,,0,-0.96
AARVI.NS,2026-05-21,14:00,BEARISH,LOW,125.46,-0.87,-0.03,-0.23,3.04,-0.36,1.23,1,1,0,1,1,0,,,0,-0.56
AARVI.NS,2026-05-22,09:15,BEARISH,MEDIUM,124.0,-3.92,-0.12,-0.98,4.44,0.0,4.02,0,0,0,0,1,0,,,0,-2.35
AARVI.NS,2026-05-22,14:00,BEARISH,MEDIUM,128.55,-1.64,-0.05,-0.41,0.34,-0.78,0.34,1,1,0,1,1,0,,,0,-0.98
AARVI.NS,2026-05-25,09:15,BEARISH,LOW,131.98,-3.64,-0.09,-0.78,0.0,-5.66,-3.87,1,1,1,1,0,0,,,0,-1.85
AARVI.NS,2026-05-25,12:00,BEARISH,LOW,127.51,-2.63,-0.07,-0.56,0.0,-2.35,-0.5,1,1,1,1,1,0,,,0,-1.34
AARVI.NS,2026-05-25,14:00,BEARISH,LOW,126.42,-1.52,-0.04,-0.32,0.46,-1.51,0.36,1,1,1,1,1,0,,,0,-0.77
AARVI.NS,2026-05-26,09:15,BULLISH,HIGH,127.75,0.2,9.34,1.93,10.26,-0.51,8.02,1,1,1,1,0,1,1.626,,0,-1.24
AARVI.NS,2026-05-26,12:00,BULLISH,HIGH,136.42,0.14,6.74,1.39,3.25,-1.06,1.16,1,1,0,1,1,1,1.093,1.093,1,-0.9
AARVI.NS,2026-05-26,14:00,BULLISH,HIGH,138.7,0.08,3.89,0.8,1.56,-1.43,-0.5,1,1,0,1,1,1,0.5,0.5,1,-0.52
AARVI.NS,2026-05-27,09:15,BEARISH,HIGH,141.0,-11.03,-0.58,-3.78,2.84,-3.96,-3.72,1,1,0,1,1,0,,,0,-9.0
AARVI.NS,2026-05-27,12:00,BEARISH,HIGH,136.19,-7.96,-0.42,-2.73,0.22,-0.57,-0.32,1,1,0,0,1,0,,,0,-6.5
AARVI.NS,2026-05-27,14:00,BEARISH,HIGH,135.98,-4.6,-0.24,-1.57,0.3,-0.24,-0.17,1,0,0,0,1,0,,,0,-3.75
AARVI.NS,2026-05-29,09:15,NEUTRAL,HIGH,132.6,-0.5,0.5,-0.0,2.23,-3.02,-2.72,0,1,1,0,1,0,,,0,-0.03
AARVI.NS,2026-05-29,14:00,NEUTRAL,HIGH,133.19,-0.5,0.5,-0.0,0.14,-3.45,-3.15,0,1,1,0,1,0,,,0,-0.01
AARVI.NS,2026-06-01,09:15,BULLISH,HIGH,135.0,0.28,6.62,1.79,0.75,-3.24,-2.56,1,1,0,0,1,1,-2.01,-2.01,1,-1.05
AARVI.NS,2026-06-01,14:00,BULLISH,HIGH,131.5,0.12,2.76,0.75,0.37,-0.21,0.03,1,1,0,0,1,1,-0.27,,0,-0.44
AARVI.NS,2026-06-02,09:15,BEARISH,LOW,128.01,-4.1,-0.11,-0.87,4.63,0.0,2.96,0,0,0,0,1,0,,,0,-2.09
AARVI.NS,2026-06-02,12:00,BEARISH,LOW,131.83,-2.96,-0.08,-0.64,0.89,-1.04,-0.02,1,1,0,1,1,0,,,0,-1.51
AARVI.NS,2026-06-02,14:00,BEARISH,LOW,131.65,-1.71,-0.05,-0.36,0.46,-0.9,0.11,1,1,1,1,1,0,,,0,-0.87
AARVI.NS,2026-06-03,09:15,BULLISH,HIGH,132.0,0.21,4.77,1.33,0.0,-2.33,-0.05,0,0,0,0,1,1,-2.02,0.664,1,-1.0
AARVI.NS,2026-06-03,12:00,BULLISH,HIGH,130.32,0.15,3.44,0.97,1.27,-1.07,1.24,1,1,0,1,1,1,0.667,0.667,1,-0.72
AARVI.NS,2026-06-03,14:00,BULLISH,HIGH,131.04,0.09,1.99,0.56,0.72,-0.16,0.69,1,1,0,1,1,1,0.257,,0,-0.42
AARVI.NS,2026-06-04,09:15,BEARISH,LOW,129.55,-2.73,-0.08,-0.67,2.18,-0.86,-0.42,1,1,0,1,1,0,,,0,-1.61
AARVI.NS,2026-06-04,12:00,BEARISH,LOW,131.0,-1.97,-0.06,-0.49,0.0,-1.95,-1.53,1,1,1,1,1,0,,,0,-1.16
AARVI.NS,2026-06-04,14:00,BEARISH,LOW,128.74,-1.14,-0.04,-0.28,0.68,-0.02,0.2,1,0,0,0,1,0,,,0,-0.67
AARVI.NS,2026-06-05,09:15,BULLISH,HIGH,130.0,0.2,4.7,1.28,1.38,-1.63,-0.01,1,1,0,1,1,1,0.977,0.977,1,-0.84
AARVI.NS,2026-06-05,12:00,BULLISH,HIGH,129.68,0.15,3.39,0.93,0.25,-0.94,0.24,1,1,0,0,1,1,-0.061,0.554,1,-0.61
AARVI.NS,2026-06-05,14:00,BULLISH,HIGH,128.62,0.09,1.96,0.53,1.07,-0.12,1.07,1,1,1,1,1,1,0.229,,0,-0.35
AARVI.NS,2026-06-08,09:15,BEARISH,LOW,127.1,-3.07,-0.08,-0.65,6.31,-0.03,2.68,1,0,0,0,1,0,,,0,-1.53
AARVI.NS,2026-06-08,14:00,BEARISH,LOW,132.97,-1.28,-0.03,-0.27,0.0,-1.86,-1.86,1,1,1,1,0,0,,,0,-0.64
AARVI.NS,2026-06-09,09:15,BEARISH,LOW,131.0,-4.21,-0.12,-0.91,1.53,-2.29,-0.09,1,1,1,1,1,0,,,0,-2.16
AARVI.NS,2026-06-09,12:00,BEARISH,LOW,129.5,-3.04,-0.09,-0.66,2.62,-1.16,1.07,1,1,0,1,1,0,,,0,-1.56
AARVI.NS,2026-06-09,14:00,BEARISH,LOW,130.79,-1.76,-0.05,-0.38,1.61,-0.67,0.07,1,1,0,1,1,0,,,0,-0.9
AARVI.NS,2026-06-10,09:15,BEARISH,LOW,132.5,-3.36,-0.1,-0.85,6.04,0.0,2.64,0,0,0,0,1,0,,,0,-2.01
AARVI.NS,2026-06-10,12:00,BEARISH,LOW,137.25,-2.42,-0.07,-0.61,0.55,-1.06,-0.91,1,1,0,1,1,0,,,0,-1.45
AARVI.NS,2026-06-10,14:00,BEARISH,LOW,136.9,-1.4,-0.04,-0.35,0.0,-0.8,-0.66,1,1,1,1,1,0,,,0,-0.84
AARVI.NS,2026-06-11,09:15,BEARISH,LOW,135.92,-5.62,-0.18,-1.4,8.39,0.0,4.77,0,0,0,0,1,0,,,0,-3.33
AARVI.NS,2026-06-11,12:00,BEARISH,LOW,140.88,-4.06,-0.13,-1.01,4.58,-0.62,1.09,1,1,0,0,1,0,,,0,-2.41
AARVI.NS,2026-06-11,14:00,BEARISH,LOW,141.7,-2.34,-0.07,-0.59,3.97,-0.11,0.5,1,1,0,0,1,0,,,0,-1.39
AARVI.NS,2026-06-12,09:15,BEARISH,MEDIUM,146.8,-6.67,-0.23,-1.83,2.13,-3.27,2.13,1,1,0,1,1,0,,,0,-4.35
AARVI.NS,2026-06-12,12:00,BEARISH,MEDIUM,142.33,-4.82,-0.16,-1.32,5.33,-0.23,5.33,1,1,0,0,1,0,,,0,-3.14
AARVI.NS,2026-06-12,14:00,BEARISH,MEDIUM,145.48,-2.78,-0.09,-0.76,3.05,-1.09,3.05,1,1,0,1,1,0,,,0,-1.81
AARVI.NS,2026-06-15,09:15,BEARISH,HIGH,151.26,-5.02,-0.16,-1.27,2.27,-3.21,-2.81,1,1,1,1,1,0,,,0,-3.03
AARVI.NS,2026-06-15,12:00,BEARISH,HIGH,146.98,-3.62,-0.11,-0.92,0.67,-0.33,0.02,1,1,0,0,1,0,,,0,-2.19
AARVI.NS,2026-06-15,14:00,BEARISH,HIGH,146.93,-2.09,-0.07,-0.53,0.71,-0.29,0.05,1,1,0,0,1,0,,,0,-1.26
AARVI.NS,2026-06-16,09:15,BULLISH,MEDIUM,144.78,0.21,3.87,1.12,1.87,-4.69,-1.71,1,1,0,1,1,1,-2.1,-2.1,1,-1.25
AARVI.NS,2026-06-16,12:00,BULLISH,MEDIUM,143.7,0.15,2.79,0.81,0.0,-3.97,-0.97,0,0,0,0,1,1,-2.1,-2.1,1,-0.9
AARVI.NS,2026-06-16,14:00,BULLISH,MEDIUM,141.99,0.09,1.61,0.46,0.63,-2.82,0.23,1,1,0,1,1,1,-2.08,-2.08,1,-0.52
AARVI.NS,2026-06-17,09:15,BULLISH,HIGH,139.19,0.23,5.13,1.55,4.05,-1.54,0.58,1,1,1,1,1,1,1.252,1.252,1,-0.98
AARVI.NS,2026-06-17,12:00,BULLISH,HIGH,138.01,0.16,3.7,1.12,1.59,-0.7,1.44,1,1,0,1,1,1,0.816,,0,-0.71
AARVI.NS,2026-06-17,14:00,BULLISH,HIGH,139.4,0.09,2.14,0.65,0.57,-0.07,0.43,1,1,0,0,1,1,0.13,,0,-0.41
AARVI.NS,2026-06-18,09:15,BEARISH,LOW,140.55,-4.03,-0.11,-0.81,2.8,-0.95,-0.39,1,1,0,1,1,0,,,0,-1.92
AARVI.NS,2026-06-18,12:00,BEARISH,LOW,141.0,-2.91,-0.08,-0.58,0.01,-1.27,-0.71,1,1,0,1,1,0,,,0,-1.39
AARVI.NS,2026-06-19,09:15,BULLISH,HIGH,140.89,0.21,4.7,1.43,2.92,-0.62,0.79,1,1,1,1,1,1,1.127,,0,-0.9
AARVI.NS,2026-06-19,12:00,BULLISH,HIGH,142.61,0.15,3.4,1.03,0.27,-1.35,-0.43,1,1,0,0,1,1,-0.728,-0.076,1,-0.65
AARVI.NS,2026-06-22,09:15,BEARISH,LOW,142.29,-4.27,-0.14,-1.15,0.93,-3.36,-2.69,1,1,1,1,1,0,,,0,-2.75
AARVI.NS,2026-06-22,12:00,BEARISH,LOW,138.49,-3.08,-0.1,-0.84,0.43,-0.61,-0.02,1,1,0,0,1,0,,,0,-1.99
AARVI.NS,2026-06-22,14:00,BEARISH,LOW,138.24,-1.78,-0.06,-0.48,0.54,-0.43,0.16,1,1,0,0,1,0,,,0,-1.15
AARVI.NS,2026-06-23,09:15,BULLISH,HIGH,138.08,0.19,4.24,1.29,11.53,-1.81,7.58,1,1,1,1,0,1,0.989,0.989,1,-0.77
AARVI.NS,2026-06-23,12:00,BULLISH,HIGH,138.71,0.14,3.06,0.93,11.02,-1.05,7.09,1,1,1,1,0,1,0.63,0.63,1,-0.56
AARVI.NS,2026-06-23,14:00,BULLISH,HIGH,137.61,0.08,1.77,0.54,11.91,0.0,7.95,1,1,1,1,0,1,0.238,,0,-0.32
AARVI.NS,2026-06-24,09:15,BEARISH,HIGH,150.0,-10.22,-0.34,-3.02,2.6,-2.0,-0.73,1,1,0,0,1,0,,,0,-7.19
AARVI.NS,2026-06-24,12:00,BEARISH,HIGH,149.33,-7.38,-0.25,-2.18,1.37,-1.53,-0.29,1,1,0,0,1,0,,,0,-5.2
AARVI.NS,2026-06-24,14:00,BEARISH,HIGH,148.48,-4.26,-0.14,-1.26,1.95,-0.96,0.28,1,1,0,0,1,0,,,0,-3.0
AARVI.NS,2026-06-25,09:15,BEARISH,LOW,151.98,-5.12,-0.17,-1.26,0.0,-6.47,-4.79,1,1,1,1,0,0,,,0,-3.01
AARVI.NS,2026-06-25,12:00,BEARISH,LOW,145.01,-3.7,-0.12,-0.91,0.25,-1.98,-0.21,1,1,1,1,1,0,,,0,-2.17
AARVI.NS,2026-06-25,14:00,BEARISH,LOW,143.2,-2.13,-0.07,-0.52,1.12,0.0,1.05,0,0,0,0,1,0,,,0,-1.26
AARVI.NS,2026-06-29,09:15,NEUTRAL,HIGH,144.0,-0.5,0.5,0.0,1.22,-3.18,-2.1,0,1,1,0,1,0,,,0,-0.18
AARVI.NS,2026-06-29,12:00,NEUTRAL,HIGH,140.6,-0.5,0.5,-0.0,1.34,-0.7,0.27,1,1,1,1,1,0,,,0,-0.13
AARVI.NS,2026-06-29,14:00,NEUTRAL,HIGH,140.45,-0.5,0.5,0.0,0.38,-0.6,0.38,1,1,1,1,1,0,,,0,-0.07
AARVI.NS,2026-06-30,09:15,BULLISH,HIGH,140.32,0.21,4.58,1.28,6.83,0.0,3.17,1,1,1,1,0,1,0.983,,0,-0.66
AARVI.NS,2026-06-30,12:00,BULLISH,HIGH,144.2,0.15,3.31,0.93,1.57,0.0,0.4,1,1,0,1,1,1,0.629,,0,-0.48
AARVI.NS,2026-06-30,14:00,BULLISH,HIGH,145.27,0.09,1.91,0.54,0.47,-0.45,-0.34,1,1,0,0,1,1,-0.644,-0.364,1,-0.28
AARVI.NS,2026-07-01,09:15,BEARISH,MEDIUM,142.51,-5.17,-0.16,-1.23,3.15,0.0,1.05,0,0,0,0,1,0,,,0,-2.93
AARVI.NS,2026-07-01,14:00,BEARISH,MEDIUM,146.45,-2.16,-0.06,-0.51,0.0,-1.88,-1.67,1,1,1,1,1,0,,,0,-1.22
AARVI.NS,2026-07-02,09:15,BULLISH,MEDIUM,144.69,0.13,3.15,0.82,0.91,-1.67,-1.04,1,1,0,1,1,1,0.516,-0.418,1,-0.92
AARVI.NS,2026-07-02,14:00,BULLISH,MEDIUM,144.5,0.06,1.31,0.34,0.0,-1.54,-0.91,0,0,0,0,1,1,-1.207,-0.819,1,-0.39
AARVI.NS,2026-07-03,12:00,BULLISH,MEDIUM,145.15,0.1,2.26,0.58,0.65,-1.82,-0.19,1,1,0,1,1,1,0.279,0.089,1,-0.58
AARVI.NS,2026-07-03,14:00,BULLISH,MEDIUM,146.0,0.06,1.3,0.34,0.0,-2.39,-0.77,0,0,0,0,1,1,-2.22,-2.22,1,-0.33
AARVI.NS,2026-07-06,09:15,BEARISH,LOW,149.2,-2.98,-0.09,-0.73,0.0,-5.73,-4.48,1,1,1,1,0,0,,,0,-1.74
AARVI.NS,2026-07-06,12:00,BEARISH,LOW,144.75,-2.15,-0.07,-0.53,0.93,-2.83,-1.55,1,1,1,1,0,0,,,0,-1.25
AARVI.NS,2026-07-06,14:00,BEARISH,LOW,142.39,-1.24,-0.04,-0.3,1.83,0.0,0.08,0,0,0,0,1,0,,,0,-0.72
AARVI.NS,2026-07-07,09:15,BULLISH,HIGH,141.01,0.18,4.01,1.07,5.51,-0.43,0.04,1,1,1,1,0,1,0.771,,0,-0.73
AARVI.NS,2026-07-07,12:00,BULLISH,HIGH,142.01,0.13,2.9,0.77,0.0,-1.13,-0.66,0,0,0,0,1,1,-0.962,-0.433,1,-0.53
AARVI.NS,2026-07-08,09:15,BULLISH,HIGH,141.0,0.25,6.15,1.66,0.71,-2.11,-0.86,1,1,0,0,1,1,-2.36,1.36,1,-1.17
AARVI.NS,2026-07-08,12:00,BULLISH,HIGH,140.1,0.18,4.44,1.2,1.36,-1.48,-0.22,1,1,0,1,1,1,0.899,0.899,1,-0.85
AARVI.NS,2026-07-08,14:00,BULLISH,HIGH,139.15,0.11,2.56,0.69,2.05,-0.81,0.46,1,1,1,1,1,1,0.39,0.39,1,-0.49
AARVI.NS,2026-07-09,09:15,BULLISH,HIGH,138.6,0.21,4.48,1.24,6.57,0.0,5.14,1,1,1,1,0,1,0.941,,0,-1.02
AARVI.NS,2026-07-09,12:00,BULLISH,HIGH,144.7,0.15,3.24,0.9,2.07,-1.17,0.7,1,1,1,1,1,1,0.598,0.598,1,-0.74
AARVI.NS,2026-07-09,14:00,BULLISH,HIGH,144.0,0.09,1.87,0.51,2.57,0.0,1.19,1,1,1,1,0,1,0.214,,0,-0.43
AARVI.NS,2026-07-10,09:15,BEARISH,HIGH,147.09,-6.45,-0.25,-1.87,14.49,-0.75,5.58,1,1,0,0,1,0,,,0,-4.46
AARVI.NS,2026-07-10,12:00,BEARISH,HIGH,166.27,-4.66,-0.18,-1.35,1.28,-7.98,-6.6,1,1,1,1,0,0,,,0,-3.22
AARVI.NS,2026-07-10,14:00,BEARISH,HIGH,163.0,-2.69,-0.1,-0.78,0.19,-6.13,-4.72,1,1,1,1,0,0,,,0,-1.86
AARVI.NS,2026-07-13,09:15,BEARISH,HIGH,151.1,-10.37,-0.32,-3.37,4.55,-0.97,1.91,1,1,0,0,1,0,,,0,-8.02
AARVI.NS,2026-07-13,12:00,BEARISH,HIGH,152.99,-7.49,-0.23,-2.43,0.95,-1.16,0.65,1,1,0,0,1,0,,,0,-5.79
AARVI.NS,2026-07-13,14:00,BEARISH,HIGH,152.11,-4.32,-0.13,-1.41,1.54,-0.59,1.23,1,1,0,0,1,0,,,0,-3.34
AARVI.NS,2026-07-14,09:15,BULLISH,HIGH,155.0,0.27,5.44,1.75,0.0,-4.41,-2.58,0,0,0,0,1,1,-2.52,-2.52,1,-1.32
AARVI.NS,2026-07-14,12:00,BULLISH,HIGH,148.98,0.2,3.93,1.26,2.7,-0.29,1.36,1,1,1,1,1,1,0.962,,0,-0.96
AARVI.NS,2026-07-14,14:00,BULLISH,HIGH,151.0,0.11,2.27,0.73,1.32,0.0,0.0,1,1,1,1,1,1,0.428,,0,-0.55
AARVI.NS,2026-07-15,09:15,BULLISH,HIGH,150.74,0.19,3.84,1.03,0.0,-2.14,-1.96,0,0,0,0,1,1,-2.257,0.735,1,-1.13
AARVI.NS,2026-07-15,12:00,BULLISH,HIGH,148.5,0.14,2.78,0.75,0.33,-0.61,-0.48,1,1,0,0,1,1,-0.778,,0,-0.81
AARVI.NS,2026-07-15,14:00,BULLISH,HIGH,148.7,0.08,1.6,0.43,0.2,-0.71,-0.61,1,1,0,0,1,1,-0.912,0.13,1,-0.47
AARVI.NS,2026-07-16,09:15,BULLISH,HIGH,145.25,0.17,4.3,1.12,12.06,0.0,6.15,1,1,1,1,0,1,0.815,,0,-0.68
AARVI.NS,2026-07-16,12:00,BULLISH,HIGH,158.0,0.12,3.11,0.8,0.61,-3.16,-2.41,1,1,0,0,1,1,-2.48,0.504,1,-0.49
AARVI.NS,2026-07-16,14:00,BULLISH,HIGH,154.14,0.07,1.79,0.47,0.32,-0.74,0.03,1,1,0,0,1,1,-0.268,0.167,1,-0.29
AARVI.NS,2026-07-17,09:15,BEARISH,LOW,152.71,-6.33,-0.19,-1.58,7.24,-2.63,-2.42,1,1,0,1,1,0,,,0,-3.76
AARVI.NS,2026-07-17,12:00,BEARISH,LOW,155.66,-4.57,-0.14,-1.14,0.36,-4.47,-4.27,1,1,1,1,1,0,,,0,-2.71
AARVI.NS,2026-07-17,14:00,BEARISH,LOW,154.35,-2.64,-0.08,-0.66,0.16,-3.66,-3.46,1,1,1,1,0,0,,,0,-1.57
AARVI.NS,2026-07-20,09:15,BULLISH,HIGH,148.87,0.39,10.33,2.9,7.27,-0.99,5.19,1,1,1,1,1,1,2.602,,0,-1.68
AARVI.NS,2026-07-20,12:00,BULLISH,HIGH,147.41,0.28,7.46,2.1,8.34,0.0,6.23,1,1,1,1,0,1,1.796,,0,-1.21
AARVI.NS,2026-07-20,14:00,BULLISH,HIGH,156.2,0.16,4.31,1.21,0.26,-1.91,0.26,1,1,0,0,1,1,-0.044,0.663,1,-0.7
AARVI.NS,2026-07-21,09:15,BEARISH,MEDIUM,159.94,-8.06,-0.24,-2.15,0.0,-2.99,-2.84,1,1,0,1,1,0,,,0,-5.12
AARVI.NS,2026-07-21,12:00,BEARISH,MEDIUM,157.0,-5.82,-0.17,-1.55,0.0,-1.18,-1.02,1,1,0,0,1,0,,,0,-3.7
AAVAS.NS,2026-04-29,09:15,BULLISH,MEDIUM,1390.0,0.11,3.88,0.93,0.31,-1.8,-0.47,1,1,0,0,1,1,-1.71,0.631,1,-0.64
AAVAS.NS,2026-04-29,12:00,BULLISH,MEDIUM,1370.0,0.08,2.8,0.67,1.77,-0.14,0.98,1,1,1,1,1,1,0.372,,0,-0.47
AAVAS.NS,2026-04-29,14:00,BULLISH,MEDIUM,1387.4,0.05,1.62,0.39,0.06,-0.58,-0.29,1,1,0,0,1,1,-0.588,-0.318,1,-0.27
AAVAS.NS,2026-04-30,09:15,NEUTRAL,LOW,1375.0,-0.5,0.5,0.0,0.73,-1.75,0.49,1,1,1,1,1,0,,,0,-1.14
AAVAS.NS,2026-04-30,12:00,NEUTRAL,LOW,1362.5,-0.5,0.5,0.0,1.65,-0.16,1.42,0,1,1,0,1,0,,,0,-0.83
AAVAS.NS,2026-04-30,14:00,NEUTRAL,LOW,1383.4,-0.5,0.5,-0.0,0.04,-0.8,-0.12,1,1,1,1,1,0,,,0,-0.48
AAVAS.NS,2026-05-04,09:15,NEUTRAL,HIGH,1380.0,-0.5,0.5,0.0,0.93,-0.68,0.1,1,1,1,1,1,0,,,0,-0.06
AAVAS.NS,2026-05-04,12:00,NEUTRAL,HIGH,1381.0,-0.5,0.5,0.0,0.38,-0.75,0.03,1,1,1,1,1,0,,,0,-0.05
AAVAS.NS,2026-05-04,14:00,NEUTRAL,HIGH,1382.2,-0.5,0.5,0.0,0.3,-0.31,-0.06,1,1,1,1,1,0,,,0,-0.03
AAVAS.NS,2026-05-05,09:15,BEARISH,LOW,1376.1,-2.25,-0.07,-0.63,6.05,-0.09,4.85,1,1,0,0,1,0,,,0,-1.51
AAVAS.NS,2026-05-05,12:00,BEARISH,LOW,1395.9,-1.63,-0.05,-0.46,4.55,-0.06,3.37,1,1,0,0,1,0,,,0,-1.09
AAVAS.NS,2026-05-05,14:00,BEARISH,LOW,1428.0,-0.94,-0.03,-0.26,2.2,-0.16,1.04,1,1,0,0,1,0,,,0,-0.63
AAVAS.NS,2026-05-06,09:15,BEARISH,MEDIUM,1490.6,-5.56,-0.14,-1.47,0.01,-3.73,-3.64,1,1,1,1,1,0,,,0,-3.51
AAVAS.NS,2026-05-06,12:00,BEARISH,MEDIUM,1443.7,-4.01,-0.1,-1.07,0.82,-0.6,-0.51,1,1,0,0,1,0,,,0,-2.54
AAVAS.NS,2026-05-06,14:00,BEARISH,MEDIUM,1446.3,-2.32,-0.06,-0.62,0.64,-0.78,-0.69,1,1,0,1,1,0,,,0,-1.46
AAVAS.NS,2026-05-07,09:15,BULLISH,MEDIUM,1435.4,0.15,4.33,1.04,0.66,-1.77,-1.02,1,1,0,0,1,1,-1.317,0.743,1,-1.35
AAVAS.NS,2026-05-07,12:00,BULLISH,MEDIUM,1423.1,0.11,3.13,0.75,0.86,-0.39,-0.16,1,1,0,1,1,1,0.453,,0,-0.98
AAVAS.NS,2026-05-07,14:00,BULLISH,MEDIUM,1419.1,0.06,1.81,0.43,0.27,-0.08,0.12,1,1,0,0,1,1,-0.18,,0,-0.56
AAVAS.NS,2026-05-08,09:15,BULLISH,MEDIUM,1415.0,0.09,2.61,0.67,3.14,0.0,2.11,1,1,1,1,0,1,0.368,,0,-0.73
AAVAS.NS,2026-05-08,12:00,BULLISH,MEDIUM,1441.1,0.07,1.89,0.48,0.33,-0.99,0.26,1,1,0,0,1,1,-0.036,0.182,1,-0.52
AAVAS.NS,2026-05-08,14:00,BULLISH,MEDIUM,1432.7,0.04,1.09,0.28,0.92,-0.13,0.85,1,1,1,1,1,1,-0.022,,0,-0.3
AAVAS.NS,2026-05-11,09:15,BEARISH,LOW,1433.2,-2.85,-0.1,-0.81,1.47,-2.32,-2.0,1,1,1,1,1,0,,,0,-1.92
AAVAS.NS,2026-05-11,12:00,BEARISH,LOW,1425.5,-2.06,-0.07,-0.58,0.04,-1.79,-1.47,1,1,1,1,1,0,,,0,-1.39
AAVAS.NS,2026-05-11,14:00,BEARISH,LOW,1408.7,-1.19,-0.04,-0.34,0.21,-0.62,-0.29,1,1,1,1,1,0,,,0,-0.8
AAVAS.NS,2026-05-12,09:15,BULLISH,MEDIUM,1392.0,0.2,4.42,1.27,0.72,-0.86,-0.32,1,1,0,0,1,1,-0.616,0.188,1,-0.8
AAVAS.NS,2026-05-12,12:00,BULLISH,MEDIUM,1394.9,0.14,3.19,0.92,0.01,-1.07,-0.52,1,0,0,0,1,1,-0.823,-0.253,1,-0.57
AAVAS.NS,2026-05-12,14:00,BULLISH,MEDIUM,1391.0,0.08,1.84,0.53,0.29,-0.79,-0.24,1,1,0,0,1,1,-0.544,0.229,1,-0.33
AAVAS.NS,2026-05-13,09:15,BULLISH,LOW,1379.1,0.12,2.57,0.7,1.8,-2.36,1.74,1,1,1,1,1,1,-1.62,-1.62,1,-0.76
AAVAS.NS,2026-05-13,12:00,BULLISH,LOW,1372.9,0.08,1.86,0.51,2.26,-0.15,2.2,1,1,1,1,0,1,0.206,,0,-0.55
AAVAS.NS,2026-05-13,14:00,BULLISH,LOW,1373.0,0.05,1.07,0.29,2.25,0.0,2.19,1,1,1,1,0,1,-0.008,,0,-0.32
AAVAS.NS,2026-05-14,09:15,BEARISH,MEDIUM,1405.1,-2.95,-0.09,-0.73,0.0,-1.78,-0.71,1,1,1,1,1,0,,,0,-1.73
AAVAS.NS,2026-05-14,12:00,BEARISH,MEDIUM,1396.4,-2.13,-0.06,-0.52,0.25,-1.17,-0.09,1,1,1,1,1,0,,,0,-1.25
AAVAS.NS,2026-05-14,14:00,BEARISH,MEDIUM,1391.9,-1.23,-0.04,-0.3,0.57,-0.08,0.23,1,1,0,0,1,0,,,0,-0.72
AAVAS.NS,2026-05-15,09:15,BULLISH,MEDIUM,1383.0,0.13,2.79,0.81,1.24,-0.58,0.04,1,1,0,1,1,1,0.511,,0,-0.67
AAVAS.NS,2026-05-15,12:00,BULLISH,MEDIUM,1389.0,0.1,2.02,0.59,0.24,-0.5,-0.4,1,1,0,0,1,1,-0.696,-0.216,1,-0.48
AAVAS.NS,2026-05-15,14:00,BULLISH,MEDIUM,1388.1,0.06,1.17,0.34,0.24,-0.43,-0.33,1,1,0,0,1,1,-0.631,-0.352,1,-0.28
AAVAS.NS,2026-05-18,09:15,BULLISH,MEDIUM,1375.0,0.15,2.83,0.71,0.0,-2.38,-2.25,0,0,0,0,1,1,-1.62,-1.62,1,-0.6
AAVAS.NS,2026-05-18,12:00,BULLISH,MEDIUM,1351.2,0.11,2.04,0.52,0.0,-0.66,-0.53,0,0,0,0,1,1,-0.825,-0.396,1,-0.43
AAVAS.NS,2026-05-18,14:00,BULLISH,MEDIUM,1346.8,0.06,1.18,0.3,0.33,-0.33,-0.2,1,1,0,1,1,1,-0.002,-0.002,1,-0.25
AAVAS.NS,2026-05-19,09:15,BULLISH,MEDIUM,1340.1,0.2,3.41,1.01,0.71,-0.99,-0.17,1,1,0,0,1,1,-0.472,0.713,1,-0.68
AAVAS.NS,2026-05-19,12:00,BULLISH,MEDIUM,1331.5,0.14,2.46,0.73,1.36,-0.35,0.47,1,1,1,1,1,1,0.432,,0,-0.49
AAVAS.NS,2026-05-19,14:00,BULLISH,MEDIUM,1330.7,0.08,1.42,0.42,1.42,0.0,0.53,1,1,1,1,0,1,0.122,,0,-0.28
AAVAS.NS,2026-05-20,09:15,BULLISH,HIGH,1326.1,0.2,4.22,1.25,3.16,-0.38,2.07,1,1,1,1,1,1,0.95,,0,-0.78
AAVAS.NS,2026-05-20,12:00,BULLISH,HIGH,1340.5,0.14,3.05,0.9,2.05,-0.41,0.97,1,1,1,1,1,1,0.603,,0,-0.56
AAVAS.NS,2026-05-20,14:00,BULLISH,HIGH,1353.6,0.08,1.76,0.52,1.06,-0.22,-0.01,1,1,1,1,1,1,0.222,,0,-0.33
AAVAS.NS,2026-05-21,09:15,BEARISH,HIGH,1369.6,-3.37,-0.23,-1.18,1.05,-1.4,0.19,1,1,0,1,1,0,,,0,-2.8
AAVAS.NS,2026-05-21,12:00,BEARISH,HIGH,1362.1,-2.44,-0.17,-0.85,1.61,-0.41,0.74,1,1,0,0,1,0,,,0,-2.02
AAVAS.NS,2026-05-21,14:00,BEARISH,HIGH,1382.3,-1.41,-0.1,-0.49,0.12,-0.96,-0.73,1,1,1,1,1,0,,,0,-1.17
AAVAS.NS,2026-05-22,09:15,BEARISH,LOW,1356.9,-2.5,-0.09,-0.73,4.06,-0.07,3.14,1,0,0,0,1,0,,,0,-1.73
AAVAS.NS,2026-05-22,12:00,BEARISH,LOW,1394.6,-1.8,-0.06,-0.52,1.25,-0.16,0.35,1,1,0,0,1,0,,,0,-1.25
AAVAS.NS,2026-05-22,14:00,BEARISH,LOW,1405.5,-1.04,-0.04,-0.3,0.25,-0.93,-0.43,1,1,1,1,1,0,,,0,-0.72
AAVAS.NS,2026-05-25,09:15,BEARISH,LOW,1409.9,-4.15,-0.16,-1.19,0.09,-3.4,-2.54,1,1,1,1,1,0,,,0,-2.82
AAVAS.NS,2026-05-25,12:00,BEARISH,LOW,1381.4,-3.0,-0.11,-0.86,0.12,-1.41,-0.53,1,1,0,1,1,0,,,0,-2.04
AAVAS.NS,2026-05-25,14:00,BEARISH,LOW,1374.1,-1.73,-0.06,-0.49,0.32,-0.3,0.0,1,1,0,0,1,0,,,0,-1.18
AAVAS.NS,2026-05-26,09:15,BULLISH,MEDIUM,1375.0,0.12,3.3,0.83,2.4,-0.6,1.5,1,1,1,1,1,1,0.527,,0,-0.73
AAVAS.NS,2026-05-26,12:00,BULLISH,MEDIUM,1389.0,0.09,2.38,0.6,0.71,-0.17,0.48,1,1,0,1,1,1,0.298,,0,-0.53
AAVAS.NS,2026-05-26,14:00,BULLISH,MEDIUM,1390.5,0.05,1.38,0.35,0.6,-0.11,0.37,1,1,0,1,1,1,0.045,,0,-0.31
AAVAS.NS,2026-05-27,09:15,BEARISH,LOW,1390.1,-3.94,-0.12,-1.09,0.89,-1.78,-1.78,1,1,0,1,1,0,,,0,-2.6
AAVAS.NS,2026-05-27,12:00,BEARISH,LOW,1378.0,-2.85,-0.09,-0.79,0.09,-0.92,-0.91,1,1,0,1,1,0,,,0,-1.88
AAVAS.NS,2026-05-27,14:00,BEARISH,LOW,1366.1,-1.64,-0.05,-0.46,0.56,-0.06,-0.05,1,1,0,0,1,0,,,0,-1.09
AAVAS.NS,2026-05-29,09:15,NEUTRAL,HIGH,1370.0,-0.5,0.5,0.0,0.83,-2.89,-2.08,0,1,1,0,1,0,,,0,-0.02
AAVAS.NS,2026-05-29,12:00,NEUTRAL,HIGH,1356.6,-0.5,0.5,0.0,0.47,-1.93,-1.11,0,1,1,0,1,0,,,0,-0.01
AAVAS.NS,2026-05-29,14:00,NEUTRAL,HIGH,1350.4,-0.5,0.5,-0.0,0.61,-1.48,-0.66,1,1,1,1,1,0,,,0,-0.01
AAVAS.NS,2026-06-01,09:15,BULLISH,HIGH,1320.2,0.2,5.11,1.3,1.78,-1.05,0.55,1,1,0,1,1,1,1.001,1.001,1,-0.66
AAVAS.NS,2026-06-01,12:00,BULLISH,HIGH,1319.0,0.14,3.69,0.94,1.06,-0.96,0.64,1,1,0,1,1,1,0.64,0.64,1,-0.48
AAVAS.NS,2026-06-01,14:00,BULLISH,HIGH,1320.0,0.08,2.13,0.54,0.98,0.0,0.57,1,1,0,1,1,1,0.243,,0,-0.27
AAVAS.NS,2026-06-02,09:15,BULLISH,MEDIUM,1301.3,0.14,3.09,0.87,0.84,-0.8,0.14,1,1,0,0,1,1,-0.162,,0,-1.02
AAVAS.NS,2026-06-02,12:00,BULLISH,MEDIUM,1308.6,0.1,2.23,0.63,0.05,-0.81,-0.42,1,0,0,0,1,1,-0.72,0.022,1,-0.74
AAVAS.NS,2026-06-02,14:00,BULLISH,MEDIUM,1303.0,0.06,1.29,0.36,0.27,-0.38,0.01,1,1,0,0,1,1,-0.292,,0,-0.43
AAVAS.NS,2026-06-03,09:15,BULLISH,HIGH,1301.1,0.18,3.12,1.11,1.39,-0.55,0.93,1,1,0,1,1,1,0.807,0.807,1,-0.47
AAVAS.NS,2026-06-03,12:00,BULLISH,HIGH,1295.9,0.13,2.26,0.8,1.8,-0.05,1.33,1,1,1,1,1,1,0.499,,0,-0.34
AAVAS.NS,2026-06-03,14:00,BULLISH,HIGH,1296.7,0.08,1.3,0.46,1.74,0.0,1.27,1,1,1,1,0,1,0.161,,0,-0.2
AAVAS.NS,2026-06-04,09:15,BEARISH,MEDIUM,1300.0,-3.38,-0.15,-0.83,1.46,-0.53,-0.02,1,1,0,0,1,0,,,0,-1.98
AAVAS.NS,2026-06-04,12:00,BEARISH,MEDIUM,1315.9,-2.44,-0.11,-0.6,0.11,-1.73,-1.22,1,1,1,1,1,0,,,0,-1.43
AAVAS.NS,2026-06-04,14:00,BEARISH,MEDIUM,1295.3,-1.41,-0.06,-0.35,0.9,-0.17,0.35,1,1,0,0,1,0,,,0,-0.83
AAVAS.NS,2026-06-05,09:15,BULLISH,HIGH,1306.9,0.19,3.92,1.2,0.82,-1.52,-0.59,1,1,0,0,1,1,-1.53,-0.43,1,-0.46
AAVAS.NS,2026-06-05,12:00,BULLISH,HIGH,1293.3,0.14,2.83,0.87,1.04,-0.49,0.46,1,1,0,1,1,1,0.567,0.567,1,-0.33
AAVAS.NS,2026-06-05,14:00,BULLISH,HIGH,1298.2,0.08,1.64,0.5,0.66,-0.49,0.08,1,1,0,1,1,1,0.2,0.2,1,-0.19
AAVAS.NS,2026-06-08,09:15,BULLISH,LOW,1281.0,0.12,3.5,0.9,0.0,-2.22,-1.55,0,0,0,0,1,1,-2.02,0.602,1,-1.37
AAVAS.NS,2026-06-08,12:00,BULLISH,LOW,1255.6,0.08,2.53,0.65,0.65,-0.25,0.44,1,1,0,1,1,1,0.352,,0,-0.99
AAVAS.NS,2026-06-08,14:00,BULLISH,LOW,1259.9,0.05,1.46,0.38,0.31,-0.31,0.1,1,1,0,0,1,1,-0.205,,0,-0.57
AAVAS.NS,2026-06-09,09:15,BULLISH,MEDIUM,1265.9,0.18,4.42,1.14,0.0,-1.45,-0.56,0,0,0,0,1,1,-0.861,-0.089,1,-0.77
AAVAS.NS,2026-06-09,12:00,BULLISH,MEDIUM,1255.7,0.13,3.19,0.82,0.47,-0.04,0.25,1,1,0,0,1,1,-0.053,,0,-0.55
AAVAS.NS,2026-06-09,14:00,BULLISH,MEDIUM,1257.5,0.07,1.84,0.48,0.33,-0.08,0.1,1,1,0,0,1,1,-0.197,,0,-0.32
AAVAS.NS,2026-06-10,09:15,BULLISH,MEDIUM,1266.0,0.14,3.96,1.09,3.53,-0.47,2.73,1,1,1,1,1,1,0.789,,0,-0.74
AAVAS.NS,2026-06-10,12:00,BULLISH,MEDIUM,1308.4,0.1,2.86,0.79,0.18,-0.91,-0.6,1,1,0,0,1,1,-0.904,-0.364,1,-0.54
AAVAS.NS,2026-06-10,14:00,BULLISH,MEDIUM,1302.7,0.06,1.65,0.45,0.14,-0.48,-0.17,1,1,0,0,1,1,-0.469,-0.158,1,-0.31
AAVAS.NS,2026-06-11,09:15,BEARISH,MEDIUM,1285.0,-3.62,-0.13,-0.98,3.33,0.0,2.72,0,0,0,0,1,0,,,0,-2.33
AAVAS.NS,2026-06-11,12:00,BEARISH,MEDIUM,1319.6,-2.62,-0.1,-0.71,0.54,-0.54,0.02,1,1,0,0,1,0,,,0,-1.68
AAVAS.NS,2026-06-11,14:00,BEARISH,MEDIUM,1320.0,-1.51,-0.06,-0.41,0.39,-0.28,-0.01,1,1,0,0,1,0,,,0,-0.97
AAVAS.NS,2026-06-12,09:15,BEARISH,LOW,1357.9,-5.63,-0.16,-1.75,6.34,0.0,3.74,0,0,0,0,1,0,,,0,-4.17
AAVAS.NS,2026-06-12,12:00,BEARISH,LOW,1425.6,-4.07,-0.11,-1.27,0.17,-1.5,-1.19,1,1,0,1,1,0,,,0,-3.01
AAVAS.NS,2026-06-12,14:00,BEARISH,LOW,1416.5,-2.35,-0.07,-0.73,0.54,-0.8,-0.55,1,1,0,1,1,0,,,0,-1.74
AAVAS.NS,2026-06-15,09:15,BEARISH,LOW,1415.9,-5.74,-0.15,-1.32,0.64,-0.98,-0.28,1,1,0,0,1,0,,,0,-3.13
AAVAS.NS,2026-06-15,12:00,BEARISH,LOW,1415.5,-4.15,-0.11,-0.95,0.1,-0.91,-0.25,1,1,0,0,1,0,,,0,-2.26
AAVAS.NS,2026-06-15,14:00,BEARISH,LOW,1415.0,-2.39,-0.06,-0.55,0.06,-0.88,-0.22,1,1,0,1,1,0,,,0,-1.31
AAVAS.NS,2026-06-16,09:15,BULLISH,LOW,1400.0,0.11,2.54,0.68,1.43,-0.93,-0.54,1,1,1,1,1,1,0.379,0.379,1,-0.84
AAVAS.NS,2026-06-16,12:00,BULLISH,LOW,1402.9,0.08,1.84,0.49,0.0,-1.13,-0.75,0,0,0,0,1,1,-1.048,0.19,1,-0.6
AAVAS.NS,2026-06-16,14:00,BULLISH,LOW,1391.6,0.05,1.06,0.28,0.76,-0.16,0.06,1,1,1,1,1,1,-0.017,,0,-0.35
AAVAS.NS,2026-06-17,09:15,BULLISH,LOW,1401.4,0.09,2.01,0.53,3.97,-0.01,3.51,1,1,1,1,0,1,0.227,,0,-0.73
AAVAS.NS,2026-06-17,12:00,BULLISH,LOW,1437.0,0.06,1.45,0.38,1.29,-0.1,0.95,1,1,1,1,1,1,0.081,,0,-0.53
AAVAS.NS,2026-06-17,14:00,BULLISH,LOW,1440.0,0.04,0.84,0.22,1.08,-0.14,0.74,1,1,1,1,0,1,-0.081,,0,-0.3
AAVAS.NS,2026-06-18,09:15,BEARISH,MEDIUM,1460.4,-3.67,-0.16,-1.02,0.99,-1.04,0.55,1,1,0,1,1,0,,,0,-2.42
AAVAS.NS,2026-06-18,12:00,BEARISH,MEDIUM,1468.0,-2.65,-0.11,-0.73,0.47,-0.55,0.03,1,1,0,0,1,0,,,0,-1.75
AAVAS.NS,2026-06-18,14:00,BEARISH,MEDIUM,1464.0,-1.53,-0.07,-0.42,0.74,-0.28,0.31,1,1,0,0,1,0,,,0,-1.01
AAVAS.NS,2026-06-19,09:15,BEARISH,MEDIUM,1467.7,-2.63,-0.09,-0.66,1.38,-0.4,0.16,1,1,0,0,1,0,,,0,-1.57
AAVAS.NS,2026-06-19,12:00,BEARISH,MEDIUM,1467.6,-1.9,-0.07,-0.48,0.88,-0.17,0.16,1,1,0,0,1,0,,,0,-1.14
AAVAS.NS,2026-06-19,14:00,BEARISH,MEDIUM,1475.0,-1.1,-0.04,-0.28,0.37,-0.51,-0.34,1,1,0,1,1,0,,,0,-0.66
AAVAS.NS,2026-06-22,09:15,BEARISH,MEDIUM,1359.9,-3.09,-0.11,-0.9,9.91,0.0,7.73,0,0,0,0,1,0,,,0,-2.15
AAVAS.NS,2026-06-22,12:00,BEARISH,MEDIUM,1468.5,-2.23,-0.08,-0.65,1.15,-1.02,-0.24,1,1,0,1,1,0,,,0,-1.55
AAVAS.NS,2026-06-22,14:00,BEARISH,MEDIUM,1464.4,-1.29,-0.05,-0.38,0.63,-0.3,0.04,1,1,0,0,1,0,,,0,-0.9
AAVAS.NS,2026-06-23,09:15,BULLISH,MEDIUM,1466.0,0.19,6.59,1.83,0.71,-1.18,-1.02,1,1,0,0,1,1,-1.323,,0,-1.35
AAVAS.NS,2026-06-23,12:00,BULLISH,MEDIUM,1450.0,0.14,4.76,1.32,0.28,-0.09,0.07,1,1,0,0,1,1,-0.231,,0,-0.97
AAVAS.NS,2026-06-23,14:00,BULLISH,MEDIUM,1451.1,0.08,2.75,0.76,0.18,-0.08,-0.01,1,1,0,0,1,1,-0.307,,0,-0.56
AAVAS.NS,2026-06-24,09:15,BULLISH,HIGH,1459.8,0.13,3.05,0.85,2.38,-0.19,1.74,1,1,1,1,1,1,0.547,,0,-0.73
AAVAS.NS,2026-06-24,12:00,BULLISH,HIGH,1483.0,0.09,2.2,0.61,0.24,-0.25,0.15,1,1,0,0,1,1,-0.152,,0,-0.52
AAVAS.NS,2026-06-24,14:00,BULLISH,HIGH,1482.8,0.05,1.27,0.35,0.26,-0.16,0.16,1,1,0,0,1,1,-0.138,,0,-0.3
AAVAS.NS,2026-06-25,09:15,BEARISH,MEDIUM,1495.0,-4.37,-0.13,-1.11,0.33,-1.48,-0.27,1,1,0,1,1,0,,,0,-2.63
AAVAS.NS,2026-06-25,12:00,BEARISH,MEDIUM,1487.1,-3.15,-0.1,-0.8,0.46,-0.95,0.26,1,1,0,1,1,0,,,0,-1.9
AAVAS.NS,2026-06-25,14:00,BEARISH,MEDIUM,1489.9,-1.82,-0.06,-0.46,0.27,-0.48,0.07,1,1,0,1,1,0,,,0,-1.1
AAVAS.NS,2026-06-29,09:15,NEUTRAL,HIGH,1489.1,-0.5,0.5,0.0,0.58,-1.48,0.07,1,1,1,1,1,0,,,0,-0.14
AAVAS.NS,2026-06-29,12:00,NEUTRAL,HIGH,1492.6,-0.5,0.5,0.0,0.11,-0.7,-0.16,1,1,1,1,1,0,,,0,-0.1
AAVAS.NS,2026-06-29,14:00,NEUTRAL,HIGH,1487.1,-0.5,0.5,0.0,0.42,-0.01,0.21,1,1,1,1,1,0,,,0,-0.06
AAVAS.NS,2026-06-30,09:15,BULLISH,MEDIUM,1496.9,0.13,3.14,0.94,1.69,-0.88,1.46,1,1,1,1,1,1,0.641,0.641,1,-0.83
AAVAS.NS,2026-06-30,12:00,BULLISH,MEDIUM,1490.1,0.09,2.27,0.68,2.15,-0.04,1.92,1,1,1,1,1,1,0.38,,0,-0.6
AAVAS.NS,2026-06-30,14:00,BULLISH,MEDIUM,1517.2,0.05,1.31,0.39,0.32,-0.13,0.1,1,1,0,0,1,1,-0.201,,0,-0.35
AAVAS.NS,2026-07-01,09:15,BEARISH,MEDIUM,1520.9,-3.48,-0.13,-0.91,1.31,-1.83,-0.38,1,1,1,1,1,0,,,0,-2.17
AAVAS.NS,2026-07-01,12:00,BEARISH,MEDIUM,1518.0,-2.51,-0.09,-0.66,0.17,-0.62,-0.19,1,1,0,0,1,0,,,0,-1.57
AAVAS.NS,2026-07-01,14:00,BEARISH,MEDIUM,1513.8,-1.45,-0.05,-0.38,0.45,-0.05,0.09,1,1,0,0,1,0,,,0,-0.91
AAVAS.NS,2026-07-02,09:15,BULLISH,LOW,1520.9,0.06,1.72,0.39,0.56,-1.24,-1.13,1,1,0,1,1,1,0.089,0.089,1,-1.05
AAVAS.NS,2026-07-02,12:00,BULLISH,LOW,1516.7,0.05,1.24,0.28,0.0,-0.97,-0.86,0,0,0,0,1,1,-1.157,-0.02,1,-0.75
AAVAS.NS,2026-07-02,14:00,BULLISH,LOW,1505.0,0.03,0.72,0.16,0.4,-0.2,-0.09,1,1,1,1,1,1,-0.138,,0,-0.44
AAVAS.NS,2026-07-03,09:15,BULLISH,LOW,1520.9,0.06,1.84,0.44,0.28,-1.78,-0.95,1,1,0,0,1,1,-1.52,-0.595,1,-0.66
AAVAS.NS,2026-07-03,12:00,BULLISH,LOW,1503.1,0.05,1.33,0.32,0.43,-0.28,0.22,1,1,0,1,1,1,0.015,,0,-0.48
AAVAS.NS,2026-07-03,14:00,BULLISH,LOW,1506.8,0.03,0.77,0.18,0.12,-0.12,-0.03,1,1,0,0,1,1,-0.327,,0,-0.28
AAVAS.NS,2026-07-06,09:15,NEUTRAL,LOW,1511.0,-0.5,0.5,0.0,0.52,-0.59,0.17,1,1,1,1,1,0,,,0,-1.02
AAVAS.NS,2026-07-06,12:00,NEUTRAL,LOW,1513.7,-0.5,0.5,0.0,0.15,-0.51,-0.01,1,1,1,1,1,0,,,0,-0.74
AAVAS.NS,2026-07-06,14:00,NEUTRAL,LOW,1512.5,-0.5,0.5,0.0,0.23,-0.05,0.07,1,1,1,1,1,0,,,0,-0.43
AAVAS.NS,2026-07-07,09:15,BEARISH,LOW,1514.0,-1.99,-0.06,-0.52,1.11,-0.73,-0.42,1,1,0,1,1,0,,,0,-1.25
AAVAS.NS,2026-07-07,12:00,BEARISH,LOW,1505.3,-1.44,-0.04,-0.38,0.54,-0.15,0.15,1,1,0,0,1,0,,,0,-0.9
AAVAS.NS,2026-07-07,14:00,BEARISH,LOW,1504.1,-0.83,-0.03,-0.22,0.62,-0.01,0.23,1,0,0,0,1,0,,,0,-0.52
AAVAS.NS,2026-07-08,09:15,BULLISH,MEDIUM,1506.2,0.09,2.17,0.62,0.52,-2.08,-0.05,1,1,0,0,1,1,-1.41,-1.41,1,-0.64
AAVAS.NS,2026-07-08,12:00,BULLISH,MEDIUM,1508.7,0.07,1.57,0.45,0.19,-2.24,-0.22,1,1,0,0,1,1,-1.41,-1.41,1,-0.46
AAVAS.NS,2026-07-08,14:00,BULLISH,MEDIUM,1506.0,0.04,0.9,0.26,0.32,-2.07,-0.04,1,1,0,1,1,1,-1.41,-0.04,1,-0.27
AAVAS.NS,2026-07-09,09:15,BULLISH,LOW,1506.5,0.08,2.63,0.57,0.86,-0.81,-0.09,1,1,0,1,1,1,0.271,0.271,1,-0.78
AAVAS.NS,2026-07-09,12:00,BULLISH,LOW,1503.2,0.06,1.9,0.41,0.51,-0.59,0.13,1,1,0,1,1,1,0.112,0.112,1,-0.57
AAVAS.NS,2026-07-09,14:00,BULLISH,LOW,1503.0,0.03,1.1,0.24,0.4,0.0,0.14,1,1,0,1,1,1,-0.062,,0,-0.33
AAVAS.NS,2026-07-10,09:15,BEARISH,LOW,1505.3,-2.03,-0.07,-0.55,1.08,-0.14,1.08,1,1,0,0,1,0,,,0,-1.31
AAVAS.NS,2026-07-10,12:00,BEARISH,LOW,1506.2,-1.47,-0.05,-0.4,1.02,-0.2,1.02,1,1,0,0,1,0,,,0,-0.95
AAVAS.NS,2026-07-10,14:00,BEARISH,LOW,1509.6,-0.85,-0.03,-0.23,0.79,0.0,0.79,0,0,0,0,1,0,,,0,-0.55
AAVAS.NS,2026-07-13,09:15,BEARISH,MEDIUM,1520.0,-2.54,-0.08,-0.66,0.5,-1.64,-1.56,1,1,1,1,1,0,,,0,-1.58
AAVAS.NS,2026-07-13,12:00,BEARISH,MEDIUM,1503.2,-1.84,-0.06,-0.48,0.53,-0.55,-0.46,1,1,0,1,1,0,,,0,-1.14
AAVAS.NS,2026-07-13,14:00,BEARISH,MEDIUM,1505.0,-1.06,-0.04,-0.28,0.13,-0.66,-0.58,1,1,1,1,1,0,,,0,-0.66
AAVAS.NS,2026-07-14,09:15,BULLISH,MEDIUM,1495.0,0.1,2.4,0.62,0.01,-3.68,-3.13,1,0,0,0,1,1,-1.37,-1.37,1,-0.51
AAVAS.NS,2026-07-14,12:00,BULLISH,MEDIUM,1453.0,0.07,1.74,0.45,0.28,-0.89,-0.33,1,1,0,0,1,1,-0.63,0.151,1,-0.37
AAVAS.NS,2026-07-14,14:00,BULLISH,MEDIUM,1447.5,0.04,1.0,0.26,0.52,-0.17,0.05,1,1,0,1,1,1,-0.04,,0,-0.21
AAVAS.NS,2026-07-15,09:15,BULLISH,MEDIUM,1452.2,0.12,2.55,0.77,3.28,-0.73,3.17,1,1,1,1,0,1,0.467,,0,-0.96
AAVAS.NS,2026-07-15,12:00,BULLISH,MEDIUM,1492.8,0.09,1.85,0.55,0.4,-0.3,0.37,1,1,0,0,1,1,0.068,,0,-0.69
AAVAS.NS,2026-07-15,14:00,BULLISH,MEDIUM,1491.6,0.05,1.07,0.32,0.48,-0.03,0.45,1,1,0,1,1,1,0.02,,0,-0.4
AAVAS.NS,2026-07-16,09:15,BEARISH,HIGH,1492.1,-4.67,-0.43,-1.6,0.46,-1.02,0.46,1,1,0,0,1,0,,,0,-3.81
AAVAS.NS,2026-07-16,12:00,BEARISH,HIGH,1492.4,-3.37,-0.31,-1.16,0.44,-0.16,0.44,1,0,0,0,1,0,,,0,-2.75
AAVAS.NS,2026-07-16,14:00,BEARISH,HIGH,1490.6,-1.95,-0.18,-0.67,0.56,-0.04,0.56,1,0,0,0,1,0,,,0,-1.59
AAVAS.NS,2026-07-17,09:15,BULLISH,LOW,1500.8,0.06,1.7,0.4,0.49,-1.39,-1.26,1,1,0,1,1,1,-1.44,-0.873,1,-0.69
AAVAS.NS,2026-07-17,12:00,BULLISH,LOW,1487.6,0.05,1.23,0.29,0.48,-0.51,-0.38,1,1,0,1,1,1,-0.01,-0.01,1,-0.5
AAVAS.NS,2026-07-17,14:00,BULLISH,LOW,1487.9,0.03,0.71,0.17,0.46,-0.53,-0.4,1,1,1,1,1,1,-0.132,-0.132,1,-0.29
AAVAS.NS,2026-07-20,09:15,NEUTRAL,LOW,1476.9,-0.5,0.5,-0.0,2.51,0.0,1.38,0,1,1,0,1,0,,,0,-0.6
AAVAS.NS,2026-07-20,12:00,NEUTRAL,LOW,1508.5,-0.5,0.5,0.0,0.36,-0.97,-0.74,1,1,1,1,1,0,,,0,-0.43
AAVAS.NS,2026-07-20,14:00,NEUTRAL,LOW,1505.8,-0.5,0.5,-0.0,0.07,-0.8,-0.56,1,1,1,1,1,0,,,0,-0.25
AAVAS.NS,2026-07-21,09:15,BEARISH,LOW,1495.5,-2.18,-0.08,-0.7,2.16,-0.84,1.78,1,1,0,1,1,0,,,0,-1.66
AAVAS.NS,2026-07-21,12:00,BEARISH,LOW,1512.8,-1.57,-0.06,-0.5,0.99,-0.05,0.61,1,0,0,0,1,0,,,0,-1.2
ABB.NS,2026-04-29,09:15,BULLISH,HIGH,7297.5,0.15,4.01,1.12,1.03,-1.17,-0.42,1,1,0,0,1,1,-0.725,0.823,1,-0.75
ABB.NS,2026-04-29,12:00,BULLISH,HIGH,7266.0,0.11,2.89,0.81,1.47,-0.36,0.01,1,1,0,1,1,1,0.511,,0,-0.54
ABB.NS,2026-04-29,14:00,BULLISH,HIGH,7263.5,0.06,1.67,0.47,0.25,-0.32,0.04,1,1,0,0,1,1,-0.259,0.168,1,-0.31
ABB.NS,2026-04-30,09:15,BULLISH,MEDIUM,7247.5,0.12,4.08,0.95,0.78,-2.01,-0.49,1,1,0,0,1,1,-1.7,0.649,1,-0.9
ABB.NS,2026-04-30,12:00,BULLISH,MEDIUM,7162.0,0.09,2.95,0.69,1.98,0.0,0.7,1,1,1,1,1,1,0.385,,0,-0.65
ABB.NS,2026-04-30,14:00,BULLISH,MEDIUM,7208.0,0.05,1.7,0.4,1.33,-0.17,0.06,1,1,1,1,1,1,0.096,,0,-0.38
ABB.NS,2026-05-04,09:15,NEUTRAL,HIGH,7269.0,-0.5,0.5,0.0,1.29,-1.14,-0.65,1,1,1,1,1,0,,,0,-0.03
ABB.NS,2026-05-04,12:00,NEUTRAL,HIGH,7307.0,-0.5,0.5,0.0,0.25,-1.66,-1.16,0,1,1,0,1,0,,,0,-0.02
ABB.NS,2026-05-04,14:00,NEUTRAL,HIGH,7230.5,-0.5,0.5,0.0,0.27,-0.38,-0.12,1,1,1,1,1,0,,,0,-0.01
ABB.NS,2026-05-05,09:15,BEARISH,MEDIUM,7240.0,-3.19,-0.07,-0.79,1.31,-0.31,1.22,1,1,0,0,1,0,,,0,-1.88
ABB.NS,2026-05-05,12:00,BEARISH,MEDIUM,7246.0,-2.3,-0.05,-0.57,1.16,-0.11,1.13,1,1,0,0,1,0,,,0,-1.36
ABB.NS,2026-05-05,14:00,BEARISH,MEDIUM,7293.0,-1.33,-0.03,-0.33,0.51,-0.23,0.48,1,1,0,0,1,0,,,0,-0.79
ABB.NS,2026-05-06,09:15,BEARISH,MEDIUM,7375.5,-3.46,-0.1,-0.94,0.0,-3.26,-2.65,1,1,1,1,1,0,,,0,-2.24
ABB.NS,2026-05-06,12:00,BEARISH,MEDIUM,7192.5,-2.5,-0.07,-0.68,0.63,-0.35,-0.17,1,1,0,0,1,0,,,0,-1.62
ABB.NS,2026-05-06,14:00,BEARISH,MEDIUM,7221.0,-1.44,-0.04,-0.39,0.24,-0.75,-0.57,1,1,1,1,1,0,,,0,-0.94
ABB.NS,2026-05-07,09:15,BULLISH,MEDIUM,7220.5,0.13,3.2,0.87,0.82,-3.01,-0.54,1,1,0,0,1,1,-1.46,-1.46,1,-0.71
ABB.NS,2026-05-07,12:00,BULLISH,MEDIUM,7104.0,0.09,2.31,0.63,1.62,-0.17,1.09,1,1,1,1,1,1,0.332,,0,-0.51
ABB.NS,2026-05-07,14:00,BULLISH,MEDIUM,7194.0,0.05,1.33,0.36,0.35,-0.4,-0.17,1,1,0,0,1,1,-0.474,0.065,1,-0.3
ABB.NS,2026-05-08,09:15,BEARISH,LOW,7143.0,-2.85,-0.06,-0.6,0.88,-2.12,-1.79,1,1,1,1,1,0,,,0,-1.42
ABB.NS,2026-05-08,12:00,BEARISH,LOW,7052.5,-2.06,-0.05,-0.43,0.49,-0.86,-0.53,1,1,0,1,1,0,,,0,-1.03
ABB.NS,2026-05-08,14:00,BEARISH,LOW,7018.5,-1.19,-0.03,-0.25,0.49,-0.38,-0.05,1,1,0,1,1,0,,,0,-0.59
ABB.NS,2026-05-11,09:15,BULLISH,HIGH,6647.5,0.16,4.8,1.28,0.0,-4.85,-3.94,0,0,0,0,1,1,-1.52,-1.52,1,-0.82
ABB.NS,2026-05-11,12:00,BULLISH,HIGH,6380.5,0.11,3.47,0.92,0.42,-0.87,0.08,1,1,0,0,1,1,-0.222,0.624,1,-0.59
ABB.NS,2026-05-11,14:00,BULLISH,HIGH,6339.0,0.06,2.0,0.53,1.07,0.0,0.73,1,1,1,1,1,1,0.233,,0,-0.34
ABB.NS,2026-05-12,09:15,BULLISH,HIGH,6357.5,0.44,9.62,2.59,0.56,-2.92,-0.6,1,1,0,0,1,1,-0.898,0.299,1,-1.19
ABB.NS,2026-05-12,12:00,BULLISH,HIGH,6194.0,0.32,6.95,1.87,2.5,-0.36,2.03,1,1,0,1,1,1,1.571,,0,-0.86
ABB.NS,2026-05-12,14:00,BULLISH,HIGH,6280.0,0.18,4.01,1.08,1.1,-0.05,0.63,1,1,0,1,1,1,0.78,,0,-0.5
ABB.NS,2026-05-13,09:15,BULLISH,HIGH,6369.5,0.22,5.45,1.45,0.4,-2.43,-1.15,1,1,0,0,1,1,-1.87,1.148,1,-1.04
ABB.NS,2026-05-13,12:00,BULLISH,HIGH,6295.0,0.16,3.93,1.05,1.19,-0.13,0.02,1,1,0,1,1,1,0.746,,0,-0.75
ABB.NS,2026-05-13,14:00,BULLISH,HIGH,6354.5,0.09,2.27,0.6,0.24,-0.96,-0.92,1,1,0,0,1,1,-1.221,-0.793,1,-0.43
ABB.NS,2026-05-14,09:15,BULLISH,MEDIUM,6371.5,0.13,3.52,0.84,1.03,-2.38,0.98,1,1,0,1,1,1,-1.84,0.536,1,-0.75
ABB.NS,2026-05-14,12:00,BULLISH,MEDIUM,6392.0,0.09,2.54,0.6,0.7,-0.3,0.66,1,1,0,1,1,1,0.304,,0,-0.54
ABB.NS,2026-05-14,14:00,BULLISH,MEDIUM,6410.5,0.05,1.47,0.35,0.41,-0.17,0.37,1,1,0,1,1,1,0.049,,0,-0.31
ABB.NS,2026-05-15,09:15,BEARISH,HIGH,6413.0,-4.15,-0.27,-1.4,0.32,-1.62,-0.35,1,1,0,1,1,0,,,0,-3.34
ABB.NS,2026-05-15,12:00,BEARISH,HIGH,6359.5,-3.0,-0.2,-1.01,1.16,-0.09,0.49,1,0,0,0,1,0,,,0,-2.41
ABB.NS,2026-05-15,14:00,BEARISH,HIGH,6421.5,-1.73,-0.11,-0.58,0.19,-0.69,-0.48,1,1,0,1,1,0,,,0,-1.39
ABB.NS,2026-05-18,09:15,BULLISH,LOW,6278.0,0.13,2.75,0.98,2.21,-0.82,2.11,1,1,1,1,1,1,0.678,0.678,1,-0.58
ABB.NS,2026-05-18,12:00,BULLISH,LOW,6310.0,0.09,1.98,0.71,1.7,-0.06,1.59,1,1,1,1,1,1,0.406,,0,-0.42
ABB.NS,2026-05-18,14:00,BULLISH,LOW,6393.0,0.05,1.15,0.41,0.38,-0.47,0.27,1,1,0,0,1,1,-0.026,0.108,1,-0.24
ABB.NS,2026-05-19,09:15,BEARISH,MEDIUM,6444.0,-3.4,-0.1,-0.8,0.04,-2.0,-1.75,1,1,1,1,1,0,,,0,-1.91
ABB.NS,2026-05-19,12:00,BEARISH,MEDIUM,6370.5,-2.46,-0.07,-0.58,0.24,-0.71,-0.62,1,1,0,1,1,0,,,0,-1.38
ABB.NS,2026-05-19,14:00,BEARISH,MEDIUM,6359.5,-1.42,-0.04,-0.33,0.24,-0.54,-0.45,1,1,0,1,1,0,,,0,-0.8
ABB.NS,2026-05-20,09:15,BULLISH,MEDIUM,6269.0,0.17,3.69,1.21,5.44,-0.06,5.28,1,1,1,1,0,1,0.909,,0,-0.61
ABB.NS,2026-05-20,12:00,BULLISH,MEDIUM,6425.0,0.12,2.66,0.87,2.88,-0.26,2.72,1,1,1,1,0,1,0.573,,0,-0.44
ABB.NS,2026-05-20,14:00,BULLISH,MEDIUM,6543.0,0.07,1.54,0.5,1.02,-0.17,0.87,1,1,1,1,1,1,0.204,,0,-0.25
ABB.NS,2026-05-21,09:15,BEARISH,HIGH,6674.5,-4.69,-0.17,-1.41,0.63,-1.61,-1.06,1,1,0,1,1,0,,,0,-3.37
ABB.NS,2026-05-21,12:00,BEARISH,HIGH,6620.0,-3.39,-0.12,-1.02,0.25,-0.58,-0.24,1,1,0,0,1,0,,,0,-2.43
ABB.NS,2026-05-21,14:00,BEARISH,HIGH,6605.0,-1.96,-0.07,-0.59,0.3,-0.24,-0.02,1,1,0,0,1,0,,,0,-1.4
ABB.NS,2026-05-22,09:15,BULLISH,LOW,6635.5,0.1,3.08,0.69,1.59,-0.63,0.68,1,1,0,1,1,1,0.388,,0,-1.47
ABB.NS,2026-05-22,12:00,BULLISH,LOW,6662.0,0.07,2.23,0.5,1.19,-0.27,0.28,1,1,1,1,1,1,0.197,,0,-1.07
ABB.NS,2026-05-22,14:00,BULLISH,LOW,6715.5,0.04,1.29,0.29,0.0,-1.06,-0.52,0,0,0,0,1,1,-0.821,-0.013,1,-0.61
ABB.NS,2026-05-25,09:15,BEARISH,HIGH,6748.5,-4.13,-0.13,-1.24,1.15,-0.46,0.04,1,1,0,0,1,0,,,0,-2.96
ABB.NS,2026-05-25,12:00,BEARISH,HIGH,6774.0,-2.99,-0.1,-0.9,0.35,-0.41,-0.34,1,1,0,0,1,0,,,0,-2.14
ABB.NS,2026-05-25,14:00,BEARISH,HIGH,6757.0,-1.72,-0.06,-0.52,0.34,-0.09,-0.09,1,1,0,0,1,0,,,0,-1.23
ABB.NS,2026-05-26,09:15,BEARISH,MEDIUM,6760.5,-3.28,-0.11,-0.99,0.72,-0.45,0.59,1,1,0,0,1,0,,,0,-2.36
ABB.NS,2026-05-26,12:00,BEARISH,MEDIUM,6774.0,-2.37,-0.08,-0.72,0.46,-0.41,0.39,1,1,0,0,1,0,,,0,-1.7
ABB.NS,2026-05-26,14:00,BEARISH,MEDIUM,6790.0,-1.37,-0.04,-0.41,0.22,-0.17,0.15,1,1,0,0,1,0,,,0,-0.98
ABB.NS,2026-05-27,09:15,BEARISH,MEDIUM,6823.5,-3.33,-0.09,-0.94,5.81,-0.01,5.75,1,0,0,0,1,0,,,0,-2.24
ABB.NS,2026-05-27,12:00,BEARISH,MEDIUM,7038.0,-2.41,-0.07,-0.68,2.59,-0.11,2.53,1,1,0,0,1,0,,,0,-1.61
ABB.NS,2026-05-27,14:00,BEARISH,MEDIUM,7150.0,-1.39,-0.04,-0.39,0.98,-0.1,0.92,1,1,0,0,1,0,,,0,-0.93
ABB.NS,2026-05-29,09:15,NEUTRAL,HIGH,7289.5,-0.5,0.5,0.0,0.69,-2.3,-0.28,1,1,1,1,1,0,,,0,-0.0
ABB.NS,2026-05-29,12:00,NEUTRAL,HIGH,7315.0,-0.5,0.5,0.0,0.0,-1.53,-0.63,1,1,1,1,1,0,,,0,-0.0
ABB.NS,2026-05-29,14:00,NEUTRAL,HIGH,7264.5,-0.5,0.5,0.0,0.11,-0.85,0.06,1,1,1,1,1,0,,,0,-0.0
ABB.NS,2026-06-01,09:15,BEARISH,HIGH,7252.0,-6.28,-0.16,-1.67,0.0,-3.41,-2.94,1,1,1,1,1,0,,,0,-3.97
ABB.NS,2026-06-01,12:00,BEARISH,HIGH,7150.5,-4.53,-0.12,-1.2,0.67,-2.04,-1.56,1,1,0,1,1,0,,,0,-2.87
ABB.NS,2026-06-01,14:00,BEARISH,HIGH,7091.5,-2.62,-0.07,-0.7,0.1,-1.23,-0.74,1,1,0,1,1,0,,,0,-1.66
ABB.NS,2026-06-02,09:15,BULLISH,HIGH,6965.5,0.13,3.66,1.02,2.91,-0.08,2.49,1,1,1,1,1,1,0.722,,0,-0.76
ABB.NS,2026-06-02,12:00,BULLISH,HIGH,7101.5,0.09,2.64,0.74,0.94,-0.3,0.53,1,1,0,1,1,1,0.438,,0,-0.55
ABB.NS,2026-06-02,14:00,BULLISH,HIGH,7127.5,0.05,1.53,0.43,0.57,-0.18,0.16,1,1,0,1,1,1,0.126,,0,-0.32
ABB.NS,2026-06-03,09:15,BEARISH,MEDIUM,7145.5,-3.2,-0.09,-0.71,1.39,-0.77,0.66,1,1,0,1,1,0,,,0,-1.68
ABB.NS,2026-06-03,12:00,BEARISH,MEDIUM,7187.5,-2.31,-0.06,-0.51,0.8,-0.52,0.07,1,1,0,1,1,0,,,0,-1.22
ABB.NS,2026-06-03,14:00,BEARISH,MEDIUM,7234.5,-1.33,-0.04,-0.3,0.15,-0.75,-0.58,1,1,1,1,1,0,,,0,-0.7
ABB.NS,2026-06-04,09:15,BEARISH,MEDIUM,7196.0,-2.3,-0.08,-0.6,1.79,-0.56,-0.42,1,1,0,0,1,0,,,0,-1.44
ABB.NS,2026-06-04,12:00,BEARISH,MEDIUM,7302.5,-1.66,-0.06,-0.44,0.3,-2.01,-1.87,1,1,1,1,0,0,,,0,-1.04
ABB.NS,2026-06-04,14:00,BEARISH,MEDIUM,7223.5,-0.96,-0.03,-0.25,0.28,-0.94,-0.8,1,1,1,1,1,0,,,0,-0.6
ABB.NS,2026-06-05,09:15,BULLISH,MEDIUM,7203.5,0.1,2.39,0.71,0.16,-1.27,-0.46,1,1,0,0,1,1,-1.47,0.407,1,-0.69
ABB.NS,2026-06-05,12:00,BULLISH,MEDIUM,7177.5,0.07,1.73,0.51,0.31,-0.91,-0.1,1,1,0,0,1,1,-0.398,0.211,1,-0.5
ABB.NS,2026-06-05,14:00,BULLISH,MEDIUM,7136.5,0.04,1.0,0.29,0.54,-0.13,0.48,1,1,1,1,1,1,-0.005,,0,-0.29
ABB.NS,2026-06-08,09:15,BEARISH,LOW,7016.5,-2.18,-0.07,-0.58,1.13,-0.65,-0.49,1,1,0,1,1,0,,,0,-1.39
ABB.NS,2026-06-08,12:00,BEARISH,LOW,7069.0,-1.58,-0.05,-0.42,0.37,-1.39,-1.23,1,1,1,1,1,0,,,0,-1.0
ABB.NS,2026-06-08,14:00,BEARISH,LOW,7040.0,-0.91,-0.03,-0.24,0.14,-0.98,-0.82,1,1,1,1,0,0,,,0,-0.58
ABB.NS,2026-06-09,09:15,BULLISH,HIGH,7000.0,0.14,3.99,1.02,0.81,-1.19,-0.84,1,1,0,0,1,1,-1.136,-0.386,1,-0.75
ABB.NS,2026-06-09,12:00,BULLISH,HIGH,7006.0,0.1,2.88,0.74,0.09,-1.27,-0.92,1,0,0,0,1,1,-1.5,-0.683,1,-0.54
ABB.NS,2026-06-09,14:00,BULLISH,HIGH,6938.0,0.06,1.66,0.43,0.25,-0.3,0.05,1,1,0,0,1,1,-0.25,,0,-0.31
ABB.NS,2026-06-10,09:15,BULLISH,MEDIUM,6919.5,0.14,4.57,1.33,0.46,-2.16,-1.73,1,1,0,0,1,1,-1.57,-1.57,1,-0.75
ABB.NS,2026-06-10,12:00,BULLISH,MEDIUM,6830.0,0.1,3.3,0.96,0.97,-0.59,-0.44,1,1,0,1,1,1,0.663,-0.189,1,-0.55
ABB.NS,2026-06-10,14:00,BULLISH,MEDIUM,6824.5,0.06,1.91,0.56,0.08,-0.51,-0.36,1,1,0,0,1,1,-0.659,-0.349,1,-0.31
ABB.NS,2026-06-11,09:15,BULLISH,MEDIUM,6765.0,0.14,4.6,1.57,0.73,-1.66,-0.7,1,1,0,0,1,1,-1.87,-0.211,1,-0.79
ABB.NS,2026-06-11,12:00,BULLISH,MEDIUM,6705.5,0.1,3.32,1.13,0.41,-0.78,0.18,1,1,0,0,1,1,-0.121,0.453,1,-0.57
ABB.NS,2026-06-11,14:00,BULLISH,MEDIUM,6717.0,0.06,1.92,0.65,0.24,-0.46,0.01,1,1,0,0,1,1,-0.293,0.039,1,-0.33
ABB.NS,2026-06-12,09:15,BULLISH,HIGH,6838.0,0.12,3.9,1.24,0.04,-1.7,-0.96,1,0,0,0,1,1,-1.6,-0.58,1,-0.68
ABB.NS,2026-06-12,12:00,BULLISH,HIGH,6818.5,0.09,2.82,0.89,0.1,-1.42,-0.67,1,1,0,0,1,1,-1.49,-0.486,1,-0.49
ABB.NS,2026-06-12,14:00,BULLISH,HIGH,6759.5,0.05,1.63,0.52,0.38,-0.46,0.19,1,1,0,0,1,1,-0.108,0.174,1,-0.28
ABB.NS,2026-06-15,09:15,BEARISH,LOW,6848.5,-1.95,-0.06,-0.46,1.86,-0.34,1.03,1,1,0,0,1,0,,,0,-1.1
ABB.NS,2026-06-15,12:00,BEARISH,LOW,6956.0,-1.41,-0.04,-0.33,0.29,-0.8,-0.53,1,1,1,1,1,0,,,0,-0.79
ABB.NS,2026-06-15,14:00,BEARISH,LOW,6919.5,-0.81,-0.02,-0.19,0.82,-0.27,-0.01,1,1,0,1,1,0,,,0,-0.46
ABB.NS,2026-06-16,09:15,BEARISH,MEDIUM,6955.0,-2.34,-0.08,-0.71,1.78,-0.19,0.98,1,1,0,0,1,0,,,0,-1.68
ABB.NS,2026-06-16,12:00,BEARISH,MEDIUM,6981.5,-1.69,-0.06,-0.51,0.79,-0.37,0.59,1,1,0,0,1,0,,,0,-1.22
ABB.NS,2026-06-16,14:00,BEARISH,MEDIUM,7014.0,-0.98,-0.04,-0.29,0.33,-0.04,0.13,1,1,0,0,1,0,,,0,-0.7
ABB.NS,2026-06-17,09:15,BEARISH,MEDIUM,7035.0,-3.1,-0.1,-0.87,1.86,-0.78,1.42,1,1,0,0,1,0,,,0,-2.06
ABB.NS,2026-06-17,12:00,BEARISH,MEDIUM,7033.0,-2.24,-0.07,-0.63,1.89,-0.07,1.45,1,1,0,0,1,0,,,0,-1.49
ABB.NS,2026-06-17,14:00,BEARISH,MEDIUM,7070.0,-1.29,-0.04,-0.36,1.36,-0.24,0.92,1,1,0,0,1,0,,,0,-0.86
ABB.NS,2026-06-18,09:15,BEARISH,MEDIUM,7164.5,-2.89,-0.08,-0.82,0.96,-1.04,0.96,1,1,0,1,1,0,,,0,-1.96
ABB.NS,2026-06-18,12:00,BEARISH,MEDIUM,7134.5,-2.09,-0.06,-0.6,1.39,-0.02,1.38,1,0,0,0,1,0,,,0,-1.42
ABB.NS,2026-06-18,14:00,BEARISH,MEDIUM,7189.0,-1.2,-0.03,-0.34,0.62,-0.29,0.61,1,1,0,0,1,0,,,0,-0.82
ABB.NS,2026-06-19,09:15,BEARISH,MEDIUM,7265.0,-2.12,-0.08,-0.56,0.54,-1.1,-0.3,1,1,1,1,1,0,,,0,-1.33
ABB.NS,2026-06-19,12:00,BEARISH,MEDIUM,7248.5,-1.53,-0.06,-0.4,0.28,-0.88,-0.07,1,1,1,1,1,0,,,0,-0.96
ABB.NS,2026-06-19,14:00,BEARISH,MEDIUM,7263.0,-0.89,-0.04,-0.23,0.01,-1.07,-0.27,1,1,1,1,0,0,,,0,-0.56
ABB.NS,2026-06-22,09:15,BEARISH,MEDIUM,7258.0,-2.06,-0.07,-0.66,0.43,-0.8,0.03,1,1,0,1,1,0,,,0,-1.57
ABB.NS,2026-06-22,12:00,BEARISH,MEDIUM,7217.5,-1.49,-0.05,-0.48,0.72,-0.23,0.6,1,1,0,0,1,0,,,0,-1.14
ABB.NS,2026-06-22,14:00,BEARISH,MEDIUM,7232.0,-0.86,-0.03,-0.28,0.52,-0.19,0.39,1,1,0,0,1,0,,,0,-0.66
ABB.NS,2026-06-23,09:15,BEARISH,LOW,7245.0,-1.58,-0.06,-0.45,0.38,-1.88,-1.25,1,1,1,1,0,0,,,0,-1.07
ABB.NS,2026-06-23,12:00,BEARISH,LOW,7159.5,-1.14,-0.04,-0.32,0.62,-0.71,-0.07,1,1,1,1,1,0,,,0,-0.77
ABB.NS,2026-06-23,14:00,BEARISH,LOW,7132.0,-0.66,-0.02,-0.19,1.01,-0.08,0.32,1,1,0,0,1,0,,,0,-0.44
ABB.NS,2026-06-24,09:15,BULLISH,MEDIUM,7198.5,0.11,2.7,0.74,0.0,-3.17,-3.16,0,0,0,0,1,1,-1.31,-1.31,1,-0.51
ABB.NS,2026-06-24,12:00,BULLISH,MEDIUM,7040.0,0.08,1.95,0.53,0.45,-0.99,-0.98,1,1,0,0,1,1,-1.28,0.232,1,-0.37
ABB.NS,2026-06-24,14:00,BULLISH,MEDIUM,7036.0,0.04,1.12,0.31,0.01,-0.93,-0.92,1,0,0,0,1,1,-1.224,-1.015,1,-0.21
ABB.NS,2026-06-25,09:15,BULLISH,HIGH,7015.5,0.12,3.55,1.03,1.17,-0.58,-0.28,1,1,0,1,1,1,0.73,0.73,1,-0.56
ABB.NS,2026-06-25,12:00,BULLISH,HIGH,7086.0,0.09,2.56,0.74,0.16,-1.33,-1.27,1,1,0,0,1,1,-1.37,-1.174,1,-0.4
ABB.NS,2026-06-25,14:00,BULLISH,HIGH,7007.0,0.05,1.48,0.43,0.09,-0.22,-0.16,1,1,0,0,1,1,-0.457,,0,-0.23
ABB.NS,2026-06-29,09:15,NEUTRAL,HIGH,7008.0,-0.5,0.5,0.0,3.71,-1.72,1.91,0,1,1,0,1,0,,,0,-0.1
ABB.NS,2026-06-29,12:00,NEUTRAL,HIGH,6996.0,-0.5,0.5,0.0,3.89,-0.32,2.09,0,1,1,0,1,0,,,0,-0.08
ABB.NS,2026-06-29,14:00,NEUTRAL,HIGH,7014.0,-0.5,0.5,0.0,3.62,-0.26,1.82,0,1,1,0,1,0,,,0,-0.04
ABB.NS,2026-06-30,09:15,BEARISH,MEDIUM,7050.0,-3.98,-0.13,-1.05,0.67,-0.77,-0.23,1,1,0,0,1,0,,,0,-2.5
ABB.NS,2026-06-30,12:00,BEARISH,MEDIUM,7048.5,-2.87,-0.09,-0.76,0.7,-0.33,-0.21,1,1,0,0,1,0,,,0,-1.81
ABB.NS,2026-06-30,14:00,BEARISH,MEDIUM,7047.5,-1.66,-0.05,-0.44,0.65,-0.32,-0.19,1,1,0,0,1,0,,,0,-1.04
ABB.NS,2026-07-01,09:15,BULLISH,HIGH,7036.0,0.13,3.13,0.84,0.49,-1.41,-1.31,1,1,0,0,1,1,-1.35,-1.022,1,-0.59
ABB.NS,2026-07-01,12:00,BULLISH,HIGH,7023.0,0.09,2.26,0.61,0.0,-1.22,-1.12,0,0,0,0,1,1,-1.33,-0.998,1,-0.43
ABB.NS,2026-07-01,14:00,BULLISH,HIGH,6953.0,0.05,1.3,0.35,0.22,-0.22,-0.13,1,1,0,0,1,1,-0.429,,0,-0.25
ABB.NS,2026-07-02,09:15,BULLISH,MEDIUM,6946.5,0.1,2.1,0.58,0.0,-1.63,-1.22,0,0,0,0,1,1,-1.34,-1.34,1,-0.54
ABB.NS,2026-07-02,12:00,BULLISH,MEDIUM,6852.5,0.07,1.52,0.42,0.28,-0.26,0.14,1,1,0,0,1,1,-0.161,,0,-0.39
ABB.NS,2026-07-02,14:00,BULLISH,MEDIUM,6856.0,0.04,0.88,0.24,0.23,-0.07,0.09,1,1,0,0,1,1,-0.212,,0,-0.23
ABB.NS,2026-07-03,09:15,BULLISH,HIGH,6899.0,0.11,2.78,0.74,0.78,-2.13,0.78,1,1,0,1,1,1,-1.33,-1.33,1,-0.52
ABB.NS,2026-07-03,12:00,BULLISH,HIGH,6857.0,0.08,2.01,0.53,1.39,-0.06,1.39,1,1,1,1,1,1,0.234,,0,-0.38
ABB.NS,2026-07-03,14:00,BULLISH,HIGH,6915.0,0.05,1.16,0.31,0.54,-0.09,0.54,1,1,0,1,1,1,0.008,,0,-0.22
ABB.NS,2026-07-06,09:15,BEARISH,MEDIUM,6950.0,-2.33,-0.07,-0.59,1.93,-0.77,1.67,1,1,0,1,1,0,,,0,-1.4
ABB.NS,2026-07-06,12:00,BEARISH,MEDIUM,6950.0,-1.68,-0.05,-0.42,1.93,-0.71,1.67,1,1,0,1,1,0,,,0,-1.01
ABB.NS,2026-07-06,14:00,BEARISH,MEDIUM,6981.0,-0.97,-0.03,-0.24,1.48,-0.04,1.22,1,1,0,0,1,0,,,0,-0.58
ABB.NS,2026-07-07,09:15,BEARISH,MEDIUM,7106.5,-2.67,-0.08,-0.72,0.0,-3.36,-1.85,1,1,1,1,0,0,,,0,-1.72
ABB.NS,2026-07-07,12:00,BEARISH,MEDIUM,6938.5,-1.93,-0.06,-0.52,0.67,-0.46,0.53,1,1,0,0,1,0,,,0,-1.24
ABB.NS,2026-07-07,14:00,BEARISH,MEDIUM,6943.0,-1.12,-0.03,-0.3,0.6,-0.06,0.46,1,1,0,0,1,0,,,0,-0.72
ABB.NS,2026-07-08,09:15,BULLISH,MEDIUM,6918.5,0.1,2.41,0.72,0.04,-2.79,-2.34,1,0,0,0,1,1,-1.36,-1.36,1,-0.67
ABB.NS,2026-07-08,12:00,BULLISH,MEDIUM,6846.0,0.07,1.74,0.52,0.34,-1.76,-1.31,1,1,0,0,1,1,-1.36,-1.36,1,-0.48
ABB.NS,2026-07-08,14:00,BULLISH,MEDIUM,6795.5,0.04,1.0,0.3,0.01,-1.03,-0.57,1,0,0,0,1,1,-0.874,-0.595,1,-0.28
ABB.NS,2026-07-09,09:15,BULLISH,HIGH,6790.5,0.14,3.9,0.92,1.01,0.0,0.33,1,1,0,1,1,1,0.625,,0,-0.7
ABB.NS,2026-07-09,12:00,BULLISH,HIGH,6846.0,0.1,2.81,0.67,0.18,-0.56,-0.48,1,1,0,0,1,1,-0.782,-0.272,1,-0.51
ABB.NS,2026-07-09,14:00,BULLISH,HIGH,6846.0,0.06,1.63,0.39,0.17,-0.56,-0.48,1,1,0,0,1,1,-0.782,-0.493,1,-0.29
ABB.NS,2026-07-10,09:15,NEUTRAL,LOW,6867.5,-0.5,0.5,0.0,0.63,-0.8,-0.47,1,1,1,1,1,0,,,0,-0.78
ABB.NS,2026-07-10,12:00,NEUTRAL,LOW,6869.0,-0.5,0.5,0.0,0.12,-0.82,-0.49,1,1,1,1,1,0,,,0,-0.56
ABB.NS,2026-07-10,14:00,NEUTRAL,LOW,6825.0,-0.5,0.5,0.0,0.39,-0.04,0.15,1,1,1,1,1,0,,,0,-0.32
ABB.NS,2026-07-13,09:15,NEUTRAL,LOW,6820.0,-0.5,0.5,0.0,0.76,-1.39,-0.29,1,1,1,1,1,0,,,0,-0.79
ABB.NS,2026-07-13,12:00,NEUTRAL,LOW,6791.5,-0.5,0.5,0.0,0.54,-0.38,0.13,1,1,1,1,1,0,,,0,-0.57
ABB.NS,2026-07-13,14:00,NEUTRAL,LOW,6801.0,-0.5,0.5,0.0,0.24,-0.16,-0.01,1,1,1,1,1,0,,,0,-0.33
ABB.NS,2026-07-14,09:15,BULLISH,HIGH,6770.0,0.13,2.99,0.85,2.1,-0.37,1.57,1,1,1,1,1,1,0.548,,0,-0.49
ABB.NS,2026-07-14,12:00,BULLISH,HIGH,6841.0,0.09,2.16,0.61,1.04,-0.15,0.52,1,1,0,1,1,1,0.313,,0,-0.36
ABB.NS,2026-07-14,14:00,BULLISH,HIGH,6851.5,0.05,1.25,0.35,0.74,-0.15,0.36,1,1,1,1,1,1,0.054,,0,-0.21
ABB.NS,2026-07-15,09:15,BEARISH,MEDIUM,6938.5,-2.43,-0.1,-0.8,4.78,-0.01,4.01,1,0,0,0,1,0,,,0,-1.91
ABB.NS,2026-07-15,12:00,BEARISH,MEDIUM,7232.0,-1.76,-0.07,-0.58,0.53,-1.33,-0.21,1,1,1,1,1,0,,,0,-1.38
ABB.NS,2026-07-15,14:00,BEARISH,MEDIUM,7206.0,-1.02,-0.04,-0.33,0.89,-0.52,0.15,1,1,0,1,1,0,,,0,-0.8
ABB.NS,2026-07-16,09:15,BEARISH,MEDIUM,7262.5,-4.25,-0.13,-1.05,9.12,-0.98,5.49,1,1,0,0,1,0,,,0,-2.5
ABB.NS,2026-07-16,12:00,BEARISH,MEDIUM,7800.0,-3.07,-0.09,-0.76,0.36,-2.27,-1.78,1,1,1,1,1,0,,,0,-1.8
ABB.NS,2026-07-16,14:00,BEARISH,MEDIUM,7688.5,-1.77,-0.05,-0.44,0.35,-0.5,-0.36,1,1,0,1,1,0,,,0,-1.04
ABB.NS,2026-07-17,09:15,BEARISH,HIGH,7647.5,-7.41,-0.31,-2.32,0.77,-1.66,-1.66,1,1,0,0,1,0,,,0,-5.53
ABB.NS,2026-07-17,12:00,BEARISH,HIGH,7543.5,-5.35,-0.22,-1.68,0.61,-0.3,-0.3,1,1,0,0,1,0,,,0,-3.99
ABB.NS,2026-07-17,14:00,BEARISH,HIGH,7546.0,-3.09,-0.13,-0.97,0.11,-0.34,-0.34,1,1,0,0,1,0,,,0,-2.31
ABB.NS,2026-07-20,09:15,BULLISH,MEDIUM,7495.0,0.11,2.64,0.74,1.0,-1.03,0.2,1,1,0,1,1,1,0.44,0.44,1,-0.89
ABB.NS,2026-07-20,12:00,BULLISH,MEDIUM,7434.0,0.08,1.9,0.53,1.21,-0.16,1.02,1,1,1,1,1,1,0.235,,0,-0.64
ABB.NS,2026-07-20,14:00,BULLISH,MEDIUM,7489.5,0.05,1.1,0.31,0.46,-0.19,0.27,1,1,0,1,1,1,0.009,,0,-0.37
ABB.NS,2026-07-21,09:15,BULLISH,MEDIUM,7525.0,0.11,2.64,0.74,1.39,-0.39,0.28,1,1,1,1,1,1,0.44,,0,-0.89
ABB.NS,2026-07-21,12:00,BULLISH,MEDIUM,7550.0,0.08,1.9,0.53,0.5,-0.28,-0.05,1,1,0,0,1,1,-0.353,,0,-0.64
ABBOTINDIA.NS,2026-04-29,09:15,BULLISH,LOW,25570.0,0.07,1.73,0.42,0.78,-0.59,-0.33,1,1,0,1,1,1,0.124,-0.232,1,-0.4
ABBOTINDIA.NS,2026-04-29,12:00,BULLISH,LOW,25655.0,0.05,1.25,0.31,0.0,-0.92,-0.66,0,0,0,0,1,1,-1.09,-0.674,1,-0.29
ABBOTINDIA.NS,2026-04-29,14:00,BULLISH,LOW,25540.0,0.03,0.72,0.18,0.04,-0.47,-0.22,1,1,0,0,1,1,-0.515,-0.123,1,-0.17
ABBOTINDIA.NS,2026-04-30,09:15,BEARISH,LOW,25365.0,-1.35,-0.05,-0.29,0.24,-0.45,0.1,1,1,0,1,1,0,,,0,-0.7
ABBOTINDIA.NS,2026-04-30,12:00,BEARISH,LOW,25400.0,-0.98,-0.04,-0.21,0.08,-0.39,-0.04,1,1,0,1,1,0,,,0,-0.5
ABBOTINDIA.NS,2026-04-30,14:00,BEARISH,LOW,25365.0,-0.56,-0.02,-0.12,0.22,-0.16,0.1,1,1,0,1,1,0,,,0,-0.29
ABBOTINDIA.NS,2026-05-04,09:15,NEUTRAL,HIGH,25600.0,-0.5,0.5,0.0,0.7,-0.92,-0.7,1,1,1,1,1,0,,,0,-0.03
ABBOTINDIA.NS,2026-05-04,12:00,NEUTRAL,HIGH,25570.0,-0.5,0.5,0.0,0.51,-0.8,-0.59,1,1,1,1,1,0,,,0,-0.02
ABBOTINDIA.NS,2026-05-04,14:00,NEUTRAL,HIGH,25565.0,-0.5,0.5,0.0,0.1,-0.78,-0.57,1,1,1,1,1,0,,,0,-0.01
ABBOTINDIA.NS,2026-05-05,09:15,BULLISH,MEDIUM,25415.0,0.06,1.82,0.37,0.63,-0.79,-0.41,1,1,0,1,1,1,-1.01,0.071,1,-0.4
ABBOTINDIA.NS,2026-05-05,12:00,BULLISH,MEDIUM,25345.0,0.05,1.32,0.27,0.12,-0.36,-0.14,1,1,0,0,1,1,-0.438,-0.032,1,-0.29
ABBOTINDIA.NS,2026-05-05,14:00,BULLISH,MEDIUM,25310.0,0.03,0.76,0.15,0.2,-0.12,0.0,1,1,0,1,1,1,-0.145,,0,-0.17
ABBOTINDIA.NS,2026-05-06,09:15,BULLISH,MEDIUM,25440.0,0.08,2.41,0.56,3.56,-0.04,3.56,1,1,1,1,0,1,0.258,,0,-0.31
ABBOTINDIA.NS,2026-05-06,12:00,BULLISH,MEDIUM,25470.0,0.06,1.74,0.4,3.44,0.0,3.44,1,1,1,1,0,1,0.103,,0,-0.23
ABBOTINDIA.NS,2026-05-06,14:00,BULLISH,MEDIUM,25635.0,0.03,1.0,0.23,2.77,-0.2,2.77,1,1,1,1,0,1,-0.067,-0.067,1,-0.13
ABBOTINDIA.NS,2026-05-07,09:15,BEARISH,HIGH,26575.0,-3.11,-0.15,-0.99,1.98,-1.03,0.21,1,1,0,1,1,0,,,0,-2.36
ABBOTINDIA.NS,2026-05-07,12:00,BEARISH,HIGH,26760.0,-2.25,-0.11,-0.72,1.27,-1.72,-0.49,1,1,1,1,1,0,,,0,-1.71
ABBOTINDIA.NS,2026-05-07,14:00,BEARISH,HIGH,26800.0,-1.3,-0.06,-0.41,1.12,-0.63,-0.63,1,1,0,1,1,0,,,0,-0.99
ABBOTINDIA.NS,2026-05-08,09:15,BEARISH,HIGH,26840.0,-3.68,-0.18,-1.21,0.15,-1.08,-0.73,1,1,0,0,1,0,,,0,-2.88
ABBOTINDIA.NS,2026-05-08,12:00,BEARISH,HIGH,26615.0,-2.66,-0.13,-0.87,0.73,-0.11,0.11,1,0,0,0,1,0,,,0,-2.08
ABBOTINDIA.NS,2026-05-08,14:00,BEARISH,HIGH,26650.0,-1.53,-0.08,-0.5,0.38,-0.23,-0.02,1,1,0,0,1,0,,,0,-1.2
ABBOTINDIA.NS,2026-05-11,09:15,NEUTRAL,LOW,26690.0,-0.5,0.5,0.0,4.53,-1.27,4.23,0,1,1,0,1,0,,,0,-0.93
ABBOTINDIA.NS,2026-05-11,12:00,NEUTRAL,LOW,27655.0,-0.5,0.5,0.0,0.89,-0.92,0.6,1,1,1,1,1,0,,,0,-0.67
ABBOTINDIA.NS,2026-05-11,14:00,NEUTRAL,LOW,27695.0,-0.5,0.5,0.0,0.74,-0.7,0.45,1,1,1,1,1,0,,,0,-0.39
ABBOTINDIA.NS,2026-05-12,09:15,BEARISH,HIGH,28000.0,-4.99,-0.31,-1.86,0.0,-4.7,-3.95,1,1,1,1,1,0,,,0,-4.42
ABBOTINDIA.NS,2026-05-12,12:00,BEARISH,HIGH,27050.0,-3.6,-0.23,-1.34,0.11,-1.35,-0.57,1,1,0,1,1,0,,,0,-3.19
ABBOTINDIA.NS,2026-05-12,14:00,BEARISH,HIGH,26890.0,-2.08,-0.13,-0.77,0.19,-0.76,0.02,1,1,0,0,1,0,,,0,-1.84
ABBOTINDIA.NS,2026-05-13,09:15,BULLISH,MEDIUM,27315.0,0.11,2.57,0.77,0.66,-1.32,0.22,1,1,0,0,1,1,-1.49,0.465,1,-0.88
ABBOTINDIA.NS,2026-05-13,12:00,BULLISH,MEDIUM,27000.0,0.08,1.86,0.55,1.44,-0.02,1.39,1,1,1,1,1,1,0.253,,0,-0.63
ABBOTINDIA.NS,2026-05-13,14:00,BULLISH,MEDIUM,27175.0,0.05,1.07,0.32,0.79,-0.22,0.74,1,1,1,1,1,1,0.019,,0,-0.37
ABBOTINDIA.NS,2026-05-14,09:15,BEARISH,MEDIUM,27590.0,-2.69,-0.08,-0.84,0.05,-1.16,-0.36,1,1,0,1,1,0,,,0,-1.99
ABBOTINDIA.NS,2026-05-14,12:00,BEARISH,MEDIUM,27455.0,-1.94,-0.06,-0.6,0.44,-0.25,0.13,1,1,0,0,1,0,,,0,-1.44
ABBOTINDIA.NS,2026-05-14,14:00,BEARISH,MEDIUM,27410.0,-1.12,-0.03,-0.35,0.6,-0.09,0.29,1,1,0,0,1,0,,,0,-0.83
ABBOTINDIA.NS,2026-05-15,09:15,BEARISH,LOW,27600.0,-1.88,-0.07,-0.59,1.81,-0.33,1.2,1,1,0,0,1,0,,,0,-1.4
ABBOTINDIA.NS,2026-05-15,12:00,BEARISH,LOW,27915.0,-1.36,-0.05,-0.42,0.29,-0.59,0.05,1,1,0,1,1,0,,,0,-1.01
ABBOTINDIA.NS,2026-05-15,14:00,BEARISH,LOW,27810.0,-0.78,-0.03,-0.24,0.67,-0.22,0.43,1,1,0,0,1,0,,,0,-0.58
ABBOTINDIA.NS,2026-05-18,09:15,BEARISH,MEDIUM,28090.0,-1.95,-0.09,-0.63,0.68,-1.99,-0.66,1,1,1,1,0,0,,,0,-1.5
ABBOTINDIA.NS,2026-05-18,12:00,BEARISH,MEDIUM,27610.0,-1.41,-0.06,-0.46,1.39,-0.09,1.07,1,1,0,0,1,0,,,0,-1.08
ABBOTINDIA.NS,2026-05-18,14:00,BEARISH,MEDIUM,27630.0,-0.81,-0.04,-0.26,1.32,-0.11,1.0,1,1,0,0,1,0,,,0,-0.63
ABBOTINDIA.NS,2026-05-19,09:15,NEUTRAL,LOW,27955.0,-0.5,0.5,0.0,0.09,-0.97,-0.54,1,1,1,1,1,0,,,0,-1.2
ABBOTINDIA.NS,2026-05-19,12:00,NEUTRAL,LOW,27880.0,-0.5,0.5,0.0,0.04,-0.45,-0.27,1,1,1,1,1,0,,,0,-0.87
ABBOTINDIA.NS,2026-05-19,14:00,NEUTRAL,LOW,27820.0,-0.5,0.5,0.0,0.05,-0.23,-0.05,1,1,1,1,1,0,,,0,-0.5
ABBOTINDIA.NS,2026-05-20,09:15,BULLISH,LOW,27745.0,0.05,1.77,0.35,0.56,-1.46,-1.01,1,1,0,1,1,1,-1.17,-0.641,1,-0.67
ABBOTINDIA.NS,2026-05-20,12:00,BULLISH,LOW,27660.0,0.04,1.28,0.25,0.29,-1.16,-0.7,1,1,0,1,1,1,-1.17,-0.049,1,-0.49
ABBOTINDIA.NS,2026-05-20,14:00,BULLISH,LOW,27605.0,0.02,0.74,0.14,0.07,-0.96,-0.51,1,1,0,0,1,1,-1.17,-0.155,1,-0.28
ABBOTINDIA.NS,2026-05-21,09:15,BULLISH,LOW,27580.0,0.06,2.15,0.45,1.09,-0.22,0.6,1,1,0,1,1,1,0.15,,0,-0.56
ABBOTINDIA.NS,2026-05-21,12:00,BULLISH,LOW,27690.0,0.04,1.55,0.32,0.69,-0.33,0.2,1,1,0,1,1,1,0.025,,0,-0.41
ABBOTINDIA.NS,2026-05-21,14:00,BULLISH,LOW,27660.0,0.03,0.9,0.19,0.8,-0.04,0.31,1,1,1,1,1,1,-0.113,,0,-0.24
ABBOTINDIA.NS,2026-05-22,09:15,BEARISH,LOW,27735.0,-1.88,-0.07,-0.48,0.87,-1.86,0.02,1,1,1,1,1,0,,,0,-1.15
ABBOTINDIA.NS,2026-05-22,12:00,BEARISH,LOW,27545.0,-1.36,-0.05,-0.35,1.56,0.0,0.71,0,0,0,0,1,0,,,0,-0.83
ABBOTINDIA.NS,2026-05-22,14:00,BEARISH,LOW,27775.0,-0.78,-0.03,-0.2,0.72,-0.13,-0.13,1,1,0,0,1,0,,,0,-0.48
ABBOTINDIA.NS,2026-05-25,09:15,BEARISH,LOW,27885.0,-1.88,-0.07,-0.46,0.29,-1.74,-0.66,1,1,1,1,1,0,,,0,-1.09
ABBOTINDIA.NS,2026-05-25,12:00,BEARISH,LOW,27570.0,-1.36,-0.05,-0.33,0.91,-0.62,0.47,1,1,0,1,1,0,,,0,-0.79
ABBOTINDIA.NS,2026-05-25,14:00,BEARISH,LOW,27600.0,-0.78,-0.03,-0.19,0.8,-0.14,0.36,1,1,0,0,1,0,,,0,-0.46
ABBOTINDIA.NS,2026-05-26,09:15,BULLISH,MEDIUM,27865.0,0.1,2.75,0.74,0.0,-1.29,-0.95,0,0,0,0,1,1,-1.29,-0.513,1,-0.74
ABBOTINDIA.NS,2026-05-26,12:00,BULLISH,MEDIUM,27615.0,0.07,1.99,0.54,0.13,-0.22,-0.05,1,1,0,0,1,1,-0.354,,0,-0.53
ABBOTINDIA.NS,2026-05-26,14:00,BULLISH,MEDIUM,27620.0,0.04,1.15,0.31,0.11,-0.24,-0.07,1,1,0,0,1,1,-0.372,,0,-0.31
ABBOTINDIA.NS,2026-05-27,09:15,BULLISH,LOW,27800.0,0.09,2.91,0.77,0.07,-1.24,0.04,1,0,0,0,1,1,-1.47,0.474,1,-0.77
ABBOTINDIA.NS,2026-05-27,12:00,BULLISH,LOW,27560.0,0.06,2.1,0.56,0.94,-0.38,0.91,1,1,0,1,1,1,0.259,,0,-0.55
ABBOTINDIA.NS,2026-05-27,14:00,BULLISH,LOW,27585.0,0.04,1.21,0.32,0.85,-0.47,0.82,1,1,1,1,1,1,0.023,0.023,1,-0.32
ABBOTINDIA.NS,2026-05-29,09:15,NEUTRAL,HIGH,27735.0,-0.5,0.5,0.0,0.4,-3.37,-3.19,0,1,1,0,1,0,,,0,-0.0
ABBOTINDIA.NS,2026-05-29,12:00,NEUTRAL,HIGH,27515.0,-0.5,0.5,0.0,0.18,-2.6,-2.42,0,1,1,0,1,0,,,0,-0.0
ABBOTINDIA.NS,2026-05-29,14:00,NEUTRAL,HIGH,27305.0,-0.5,0.5,0.0,0.18,-1.85,-1.67,0,1,1,0,1,0,,,0,-0.0
ABBOTINDIA.NS,2026-06-01,09:15,BULLISH,MEDIUM,27095.0,0.11,2.99,0.79,0.3,-1.94,-0.83,1,1,0,0,1,1,-1.37,0.494,1,-0.59
ABBOTINDIA.NS,2026-06-01,12:00,BULLISH,MEDIUM,26720.0,0.08,2.16,0.57,0.97,-0.56,0.56,1,1,0,1,1,1,0.274,0.274,1,-0.43
ABBOTINDIA.NS,2026-06-01,14:00,BULLISH,MEDIUM,26650.0,0.04,1.25,0.33,1.24,-0.04,0.83,1,1,1,1,1,1,0.031,,0,-0.25
ABBOTINDIA.NS,2026-06-02,09:15,BULLISH,LOW,26725.0,0.09,2.07,0.6,0.0,-1.72,-1.63,0,0,0,0,1,1,-1.22,-1.22,1,-0.53
ABBOTINDIA.NS,2026-06-02,12:00,BULLISH,LOW,26370.0,0.07,1.5,0.43,0.25,-0.4,-0.3,1,1,0,0,1,1,-0.603,-0.223,1,-0.38
ABBOTINDIA.NS,2026-06-02,14:00,BULLISH,LOW,26325.0,0.04,0.86,0.25,0.42,-0.23,-0.13,1,1,0,1,1,1,-0.051,-0.213,1,-0.22
ABBOTINDIA.NS,2026-06-03,09:15,BULLISH,HIGH,26335.0,0.13,2.45,0.79,0.32,-1.25,-0.23,1,1,0,0,1,1,-1.18,-1.18,1,-0.2
ABBOTINDIA.NS,2026-06-03,12:00,BULLISH,HIGH,26055.0,0.09,1.77,0.57,1.07,-0.19,0.84,1,1,1,1,1,1,0.274,0.274,1,-0.15
ABBOTINDIA.NS,2026-06-03,14:00,BULLISH,HIGH,26160.0,0.05,1.02,0.33,0.67,0.0,0.44,1,1,1,1,1,1,0.031,,0,-0.09
ABBOTINDIA.NS,2026-06-04,09:15,BULLISH,LOW,26290.0,0.09,1.78,0.53,0.27,-1.98,-1.84,1,1,0,0,1,1,-1.29,0.23,1,-0.61
ABBOTINDIA.NS,2026-06-04,12:00,BULLISH,LOW,26090.0,0.06,1.28,0.38,0.04,-1.23,-1.09,1,0,0,0,1,1,-1.17,-0.955,1,-0.44
ABBOTINDIA.NS,2026-06-04,14:00,BULLISH,LOW,25915.0,0.04,0.74,0.22,0.46,-0.56,-0.42,1,1,1,1,1,1,-0.079,-0.079,1,-0.25
ABBOTINDIA.NS,2026-06-05,09:15,BULLISH,HIGH,25930.0,0.16,2.55,0.8,0.96,-0.23,0.37,1,1,0,1,1,1,0.496,,0,-0.47
ABBOTINDIA.NS,2026-06-05,12:00,BULLISH,HIGH,25940.0,0.11,1.84,0.58,0.93,-0.15,0.33,1,1,0,1,1,1,0.275,,0,-0.34
ABBOTINDIA.NS,2026-06-05,14:00,BULLISH,HIGH,26040.0,0.07,1.06,0.33,0.23,-0.15,-0.06,1,1,0,0,1,1,-0.358,,0,-0.2
ABBOTINDIA.NS,2026-06-08,09:15,BEARISH,LOW,25810.0,-2.0,-0.08,-0.54,1.67,-0.54,-0.02,1,1,0,1,1,0,,,0,-1.27
ABBOTINDIA.NS,2026-06-08,12:00,BEARISH,LOW,26015.0,-1.44,-0.06,-0.39,0.21,-0.96,-0.81,1,1,1,1,1,0,,,0,-0.92
ABBOTINDIA.NS,2026-06-08,14:00,BEARISH,LOW,25930.0,-0.83,-0.03,-0.22,0.12,-0.64,-0.48,1,1,1,1,1,0,,,0,-0.53
ABBOTINDIA.NS,2026-06-09,09:15,BULLISH,MEDIUM,25785.0,0.09,1.9,0.64,1.57,0.0,1.38,1,1,1,1,1,1,0.345,,0,-0.26
ABBOTINDIA.NS,2026-06-09,12:00,BULLISH,MEDIUM,25905.0,0.06,1.37,0.47,1.1,-0.21,0.91,1,1,1,1,1,1,0.166,0.166,1,-0.19
ABBOTINDIA.NS,2026-06-09,14:00,BULLISH,MEDIUM,25885.0,0.04,0.79,0.27,1.18,-0.1,0.99,1,1,1,1,0,1,-0.031,,0,-0.11
ABBOTINDIA.NS,2026-06-10,09:15,BEARISH,LOW,26110.0,-1.95,-0.08,-0.57,2.45,-1.0,1.72,1,1,0,1,1,0,,,0,-1.36
ABBOTINDIA.NS,2026-06-10,12:00,BEARISH,LOW,26350.0,-1.41,-0.05,-0.41,0.95,-1.9,0.8,1,1,1,1,0,0,,,0,-0.98
ABBOTINDIA.NS,2026-06-10,14:00,BEARISH,LOW,26250.0,-0.81,-0.03,-0.24,1.33,-1.52,1.18,1,1,1,1,0,0,,,0,-0.57
ABBOTINDIA.NS,2026-06-11,09:15,BEARISH,MEDIUM,26330.0,-2.39,-0.08,-0.73,0.55,-1.41,-0.97,1,1,1,1,1,0,,,0,-1.73
ABBOTINDIA.NS,2026-06-11,12:00,BEARISH,MEDIUM,26165.0,-1.72,-0.06,-0.53,0.94,-0.78,-0.34,1,1,0,1,1,0,,,0,-1.25
ABBOTINDIA.NS,2026-06-11,14:00,BEARISH,MEDIUM,26375.0,-0.99,-0.04,-0.3,0.09,-1.57,-1.14,1,1,1,1,0,0,,,0,-0.72
ABBOTINDIA.NS,2026-06-12,09:15,BULLISH,MEDIUM,26255.0,0.09,2.43,0.76,0.67,-1.12,0.13,1,1,0,0,1,1,-1.21,0.455,1,-0.5
ABBOTINDIA.NS,2026-06-12,12:00,BULLISH,MEDIUM,26195.0,0.07,1.76,0.55,0.9,-0.04,0.36,1,1,0,1,1,1,0.246,,0,-0.36
ABBOTINDIA.NS,2026-06-12,14:00,BULLISH,MEDIUM,26325.0,0.04,1.01,0.31,0.4,-0.28,-0.13,1,1,0,1,1,1,0.015,-0.223,1,-0.21
ABBOTINDIA.NS,2026-06-15,09:15,BEARISH,MEDIUM,26550.0,-2.21,-0.08,-0.64,0.11,-1.43,-1.02,1,1,1,1,1,0,,,0,-1.53
ABBOTINDIA.NS,2026-06-15,12:00,BEARISH,MEDIUM,26270.0,-1.6,-0.06,-0.46,0.19,-0.38,0.04,1,1,0,0,1,0,,,0,-1.11
ABBOTINDIA.NS,2026-06-15,14:00,BEARISH,MEDIUM,26210.0,-0.92,-0.03,-0.27,0.42,-0.08,0.27,1,1,0,0,1,0,,,0,-0.64
ABBOTINDIA.NS,2026-06-16,09:15,BULLISH,LOW,26375.0,0.07,1.51,0.42,0.45,-2.07,-0.91,1,1,0,1,1,1,-1.16,-1.16,1,-0.59
ABBOTINDIA.NS,2026-06-16,12:00,BULLISH,LOW,26110.0,0.05,1.09,0.31,0.17,-1.07,0.1,1,1,0,0,1,1,-1.16,0.006,1,-0.42
ABBOTINDIA.NS,2026-06-16,14:00,BULLISH,LOW,25875.0,0.03,0.63,0.18,1.08,-0.17,1.0,1,1,1,1,0,1,-0.123,,0,-0.24
ABBOTINDIA.NS,2026-06-17,09:15,BULLISH,MEDIUM,26130.0,0.08,2.23,0.6,0.61,-0.78,-0.69,1,1,0,1,1,1,0.299,-0.44,1,-0.55
ABBOTINDIA.NS,2026-06-17,12:00,BULLISH,MEDIUM,25980.0,0.06,1.61,0.43,0.5,-0.21,-0.12,1,1,0,1,1,1,0.133,,0,-0.39
ABBOTINDIA.NS,2026-06-17,14:00,BULLISH,MEDIUM,26030.0,0.04,0.93,0.25,0.02,-0.4,-0.31,1,0,0,0,1,1,-0.607,-0.05,1,-0.23
ABBOTINDIA.NS,2026-06-18,09:15,BULLISH,LOW,26095.0,0.07,1.93,0.47,1.42,-0.34,0.1,1,1,1,1,1,1,0.173,,0,-0.52
ABBOTINDIA.NS,2026-06-18,12:00,BULLISH,LOW,26145.0,0.05,1.39,0.34,1.22,-0.29,-0.1,1,1,1,1,1,1,0.042,,0,-0.37
ABBOTINDIA.NS,2026-06-18,14:00,BULLISH,LOW,26370.0,0.03,0.8,0.2,0.11,-1.0,-0.95,1,1,0,0,1,1,-1.16,-0.103,1,-0.22
ABBOTINDIA.NS,2026-06-19,09:15,BEARISH,MEDIUM,26145.0,-1.9,-0.07,-0.58,0.57,-0.46,0.27,1,1,0,0,1,0,,,0,-1.37
ABBOTINDIA.NS,2026-06-19,12:00,BEARISH,MEDIUM,26100.0,-1.37,-0.05,-0.42,0.75,-0.1,0.44,1,1,0,0,1,0,,,0,-0.99
ABBOTINDIA.NS,2026-06-19,14:00,BEARISH,MEDIUM,26100.0,-0.79,-0.03,-0.24,0.75,-0.06,0.44,1,1,0,0,1,0,,,0,-0.57
ABBOTINDIA.NS,2026-06-22,09:15,BEARISH,LOW,26490.0,-2.02,-0.07,-0.58,0.0,-1.74,-1.59,1,1,1,1,1,0,,,0,-1.38
ABBOTINDIA.NS,2026-06-22,12:00,BEARISH,LOW,26075.0,-1.46,-0.05,-0.42,0.27,-0.12,-0.02,1,1,0,0,1,0,,,0,-1.0
ABBOTINDIA.NS,2026-06-22,14:00,BEARISH,LOW,26100.0,-0.84,-0.03,-0.24,0.17,-0.13,-0.11,1,1,0,0,1,0,,,0,-0.58
ABBOTINDIA.NS,2026-06-23,09:15,BULLISH,MEDIUM,26285.0,0.08,1.85,0.53,0.0,-3.29,-2.85,0,0,0,0,1,1,-1.24,-1.24,1,-0.38
ABBOTINDIA.NS,2026-06-23,12:00,BULLISH,MEDIUM,25500.0,0.06,1.34,0.39,0.61,-0.16,0.14,1,1,0,1,1,1,0.085,,0,-0.27
ABBOTINDIA.NS,2026-06-23,14:00,BULLISH,MEDIUM,25560.0,0.04,0.77,0.22,0.37,-0.16,-0.1,1,1,0,1,1,1,-0.078,,0,-0.16
ABBOTINDIA.NS,2026-06-24,09:15,BULLISH,HIGH,25730.0,0.11,3.4,0.79,0.45,-0.76,-0.56,1,1,0,0,1,1,-0.864,-0.273,1,-0.59
ABBOTINDIA.NS,2026-06-24,12:00,BULLISH,HIGH,25635.0,0.08,2.46,0.57,0.21,-0.39,-0.2,1,1,0,0,1,1,-0.495,,0,-0.42
ABBOTINDIA.NS,2026-06-24,14:00,BULLISH,HIGH,25575.0,0.05,1.42,0.33,0.37,-0.06,0.04,1,1,0,1,1,1,0.031,,0,-0.24
ABBOTINDIA.NS,2026-06-25,09:15,NEUTRAL,LOW,25615.0,-0.5,0.5,0.0,0.29,-0.43,-0.25,1,1,1,1,1,0,,,0,-0.57
ABBOTINDIA.NS,2026-06-25,12:00,NEUTRAL,LOW,25585.0,-0.5,0.5,0.0,0.2,-0.31,-0.14,1,1,1,1,1,0,,,0,-0.41
ABBOTINDIA.NS,2026-06-25,14:00,NEUTRAL,LOW,25580.0,-0.5,0.5,0.0,0.22,-0.27,-0.12,1,1,1,1,1,0,,,0,-0.24
ABBOTINDIA.NS,2026-06-29,09:15,NEUTRAL,HIGH,25610.0,-0.5,0.5,0.0,0.66,-1.54,-1.11,0,1,1,0,1,0,,,0,-0.05
ABBOTINDIA.NS,2026-06-29,12:00,NEUTRAL,HIGH,25325.0,-0.5,0.5,0.0,0.36,-0.43,0.0,1,1,1,1,1,0,,,0,-0.03
ABBOTINDIA.NS,2026-06-29,14:00,NEUTRAL,HIGH,25285.0,-0.5,0.5,0.0,0.51,-0.24,0.16,1,1,1,1,1,0,,,0,-0.02
ABBOTINDIA.NS,2026-06-30,09:15,BULLISH,MEDIUM,25450.0,0.11,3.18,0.74,0.43,-0.98,-0.04,1,1,0,0,1,1,-0.339,0.442,1,-0.5
ABBOTINDIA.NS,2026-06-30,12:00,BULLISH,MEDIUM,25325.0,0.08,2.3,0.54,0.63,-0.08,0.45,1,1,0,1,1,1,0.236,,0,-0.36
ABBOTINDIA.NS,2026-06-30,14:00,BULLISH,MEDIUM,25410.0,0.04,1.33,0.31,0.16,-0.04,0.12,1,1,0,0,1,1,-0.182,,0,-0.21
ABBOTINDIA.NS,2026-07-01,09:15,BEARISH,LOW,25585.0,-2.03,-0.1,-0.57,0.27,-0.84,-0.27,1,1,0,1,1,0,,,0,-1.37
ABBOTINDIA.NS,2026-07-01,12:00,BEARISH,LOW,25605.0,-1.46,-0.07,-0.42,0.08,-0.92,-0.35,1,1,1,1,1,0,,,0,-0.99
ABBOTINDIA.NS,2026-07-01,14:00,BEARISH,LOW,25445.0,-0.85,-0.04,-0.24,0.53,0.0,0.28,0,0,0,0,1,0,,,0,-0.57
ABBOTINDIA.NS,2026-07-02,09:15,NEUTRAL,LOW,25605.0,-0.5,0.5,0.0,0.86,-0.21,0.55,1,1,1,1,1,0,,,0,-0.87
ABBOTINDIA.NS,2026-07-02,12:00,NEUTRAL,LOW,25765.0,-0.5,0.5,0.0,0.08,-0.27,-0.08,1,1,1,1,1,0,,,0,-0.63
ABBOTINDIA.NS,2026-07-02,14:00,NEUTRAL,LOW,25705.0,-0.5,0.5,0.0,0.29,0.0,0.16,1,1,1,1,1,0,,,0,-0.36
ABBOTINDIA.NS,2026-07-03,09:15,BEARISH,LOW,25850.0,-1.29,-0.06,-0.45,0.85,-0.91,-0.33,1,1,1,1,1,0,,,0,-1.08
ABBOTINDIA.NS,2026-07-03,12:00,BEARISH,LOW,25980.0,-0.93,-0.04,-0.33,0.35,-0.9,-0.83,1,1,1,1,1,0,,,0,-0.78
ABBOTINDIA.NS,2026-07-03,14:00,BEARISH,LOW,25770.0,-0.54,-0.02,-0.19,0.23,-0.06,-0.02,1,1,0,0,1,0,,,0,-0.45
ABBOTINDIA.NS,2026-07-06,09:15,BEARISH,LOW,26070.0,-1.81,-0.07,-0.46,3.57,-0.13,3.16,1,1,0,0,1,0,,,0,-1.1
ABBOTINDIA.NS,2026-07-06,12:00,BEARISH,LOW,26910.0,-1.31,-0.05,-0.33,0.33,-0.45,-0.06,1,1,0,1,1,0,,,0,-0.8
ABBOTINDIA.NS,2026-07-06,14:00,BEARISH,LOW,26875.0,-0.75,-0.03,-0.19,0.47,-0.2,0.07,1,1,0,1,1,0,,,0,-0.46
ABBOTINDIA.NS,2026-07-07,09:15,BEARISH,MEDIUM,26950.0,-3.06,-0.11,-0.94,0.17,-1.43,-1.21,1,1,0,1,1,0,,,0,-2.24
ABBOTINDIA.NS,2026-07-07,12:00,BEARISH,MEDIUM,26675.0,-2.21,-0.08,-0.68,0.28,-0.41,-0.19,1,1,0,0,1,0,,,0,-1.62
ABBOTINDIA.NS,2026-07-07,14:00,BEARISH,MEDIUM,26640.0,-1.28,-0.05,-0.39,0.24,-0.28,-0.06,1,1,0,0,1,0,,,0,-0.94
ABBOTINDIA.NS,2026-07-08,09:15,BULLISH,LOW,26700.0,0.05,1.29,0.33,0.3,-2.06,-1.93,1,1,0,0,1,1,-1.06,0.032,1,-0.57
ABBOTINDIA.NS,2026-07-08,12:00,BULLISH,LOW,26735.0,0.03,0.93,0.24,0.13,-2.19,-2.06,1,1,0,0,1,1,-1.06,-0.06,1,-0.41
ABBOTINDIA.NS,2026-07-08,14:00,BULLISH,LOW,26520.0,0.02,0.54,0.14,0.09,-1.4,-1.26,1,1,0,0,1,1,-1.06,-0.161,1,-0.24
ABBOTINDIA.NS,2026-07-09,09:15,BULLISH,LOW,26230.0,0.05,1.71,0.42,2.52,0.0,2.13,1,1,1,1,0,1,0.118,,0,-0.58
ABBOTINDIA.NS,2026-07-09,12:00,BULLISH,LOW,26535.0,0.04,1.24,0.3,1.34,-0.41,0.96,1,1,1,1,0,1,0.002,,0,-0.42
ABBOTINDIA.NS,2026-07-09,14:00,BULLISH,LOW,26600.0,0.02,0.72,0.17,1.09,-0.11,0.71,1,1,1,1,0,1,-0.126,,0,-0.24
ABBOTINDIA.NS,2026-07-10,09:15,BEARISH,MEDIUM,26850.0,-2.79,-0.08,-0.69,1.38,-0.69,1.01,1,1,0,0,1,0,,,0,-1.65
ABBOTINDIA.NS,2026-07-10,12:00,BEARISH,MEDIUM,27040.0,-2.02,-0.06,-0.5,0.44,-0.07,0.3,1,1,0,0,1,0,,,0,-1.19
ABBOTINDIA.NS,2026-07-10,14:00,BEARISH,MEDIUM,27145.0,-1.17,-0.04,-0.29,0.06,-0.35,-0.09,1,1,0,1,1,0,,,0,-0.69
ABBOTINDIA.NS,2026-07-13,09:15,BEARISH,MEDIUM,27295.0,-2.26,-0.09,-0.62,0.79,-0.4,0.4,1,1,0,0,1,0,,,0,-1.49
ABBOTINDIA.NS,2026-07-13,12:00,BEARISH,MEDIUM,27345.0,-1.63,-0.07,-0.45,0.31,-0.11,0.22,1,1,0,0,1,0,,,0,-1.07
ABBOTINDIA.NS,2026-07-13,14:00,BEARISH,MEDIUM,27400.0,-0.94,-0.04,-0.26,0.11,-0.31,0.02,1,1,0,1,1,0,,,0,-0.62
ABBOTINDIA.NS,2026-07-14,09:15,BEARISH,MEDIUM,27450.0,-1.69,-0.08,-0.52,0.44,-0.82,0.27,1,1,0,1,1,0,,,0,-1.24
ABBOTINDIA.NS,2026-07-14,12:00,BEARISH,MEDIUM,27365.0,-1.22,-0.06,-0.38,0.68,-0.51,0.58,1,1,0,1,1,0,,,0,-0.9
ABBOTINDIA.NS,2026-07-14,14:00,BEARISH,MEDIUM,27320.0,-0.7,-0.03,-0.22,0.84,0.0,0.75,0,0,0,0,1,0,,,0,-0.52
ABBOTINDIA.NS,2026-07-15,09:15,BEARISH,MEDIUM,27470.0,-2.32,-0.08,-0.62,0.6,-0.38,0.55,1,1,0,0,1,0,,,0,-1.48
ABBOTINDIA.NS,2026-07-15,12:00,BEARISH,MEDIUM,27490.0,-1.67,-0.06,-0.45,0.47,-0.24,0.47,1,1,0,0,1,0,,,0,-1.07
ABBOTINDIA.NS,2026-07-15,14:00,BEARISH,MEDIUM,27475.0,-0.97,-0.03,-0.26,0.53,-0.16,0.53,1,1,0,0,1,0,,,0,-0.62
ABBOTINDIA.NS,2026-07-16,09:15,BEARISH,LOW,27745.0,-1.37,-0.06,-0.37,0.67,-0.7,0.41,1,1,0,1,1,0,,,0,-0.88
ABBOTINDIA.NS,2026-07-16,12:00,BEARISH,LOW,27750.0,-0.99,-0.05,-0.27,0.65,-0.05,0.4,1,1,0,0,1,0,,,0,-0.64
ABBOTINDIA.NS,2026-07-16,14:00,BEARISH,LOW,27855.0,-0.57,-0.03,-0.15,0.25,-0.13,0.02,1,1,0,0,1,0,,,0,-0.37
ABBOTINDIA.NS,2026-07-17,09:15,BEARISH,LOW,27920.0,-1.3,-0.06,-0.44,0.56,-1.68,0.47,1,1,1,1,0,0,,,0,-1.05
ABBOTINDIA.NS,2026-07-17,12:00,BEARISH,LOW,27625.0,-0.94,-0.04,-0.32,1.63,-0.09,1.54,1,1,0,0,1,0,,,0,-0.76
ABBOTINDIA.NS,2026-07-17,14:00,BEARISH,LOW,27835.0,-0.54,-0.02,-0.18,0.86,-0.07,0.77,1,1,0,0,1,0,,,0,-0.44
ABBOTINDIA.NS,2026-07-20,09:15,BEARISH,MEDIUM,28055.0,-1.72,-0.08,-0.6,1.03,-0.37,0.78,1,1,0,0,1,0,,,0,-1.42
ABBOTINDIA.NS,2026-07-20,12:00,BEARISH,MEDIUM,28285.0,-1.24,-0.06,-0.43,0.19,-0.18,-0.04,1,1,0,0,1,0,,,0,-1.03
ABBOTINDIA.NS,2026-07-20,14:00,BEARISH,MEDIUM,28275.0,-0.72,-0.03,-0.25,0.18,-0.05,0.0,1,1,0,0,1,0,,,0,-0.59
ABBOTINDIA.NS,2026-07-21,09:15,BEARISH,MEDIUM,28300.0,-1.72,-0.08,-0.6,1.73,-0.35,1.54,1,1,0,0,1,0,,,0,-1.42
ABBOTINDIA.NS,2026-07-21,12:00,BEARISH,MEDIUM,28450.0,-1.24,-0.06,-0.43,1.2,-0.23,1.0,1,1,0,0,1,0,,,0,-1.03
ABCAPITAL.NS,2026-04-29,09:15,BULLISH,MEDIUM,339.45,0.17,4.57,1.25,4.4,-0.52,2.72,1,1,1,1,1,1,0.952,,0,-0.92
ABCAPITAL.NS,2026-04-29,12:00,BULLISH,MEDIUM,351.25,0.12,3.3,0.91,0.9,-0.73,-0.73,1,1,0,0,1,1,-1.026,-0.356,1,-0.67
ABCAPITAL.NS,2026-04-29,14:00,BULLISH,MEDIUM,350.7,0.07,1.91,0.52,0.23,-0.57,-0.57,1,1,0,0,1,1,-0.87,0.222,1,-0.38
ABCAPITAL.NS,2026-04-30,09:15,BEARISH,MEDIUM,343.0,-4.92,-0.13,-1.2,1.21,-0.83,0.63,1,1,0,0,1,0,,,0,-2.85
ABCAPITAL.NS,2026-04-30,12:00,BEARISH,MEDIUM,345.4,-3.55,-0.09,-0.86,0.43,-0.61,-0.07,1,1,0,0,1,0,,,0,-2.06
ABCAPITAL.NS,2026-04-30,14:00,BEARISH,MEDIUM,345.9,-2.05,-0.05,-0.5,0.29,-0.52,-0.22,1,1,0,1,1,0,,,0,-1.19
ABCAPITAL.NS,2026-05-04,09:15,NEUTRAL,HIGH,347.55,-0.5,0.5,0.0,3.65,-1.97,-1.8,0,1,1,0,1,0,,,0,-0.08
ABCAPITAL.NS,2026-05-04,12:00,NEUTRAL,HIGH,353.8,-0.5,0.5,0.0,1.82,-3.7,-3.53,0,1,1,0,1,0,,,0,-0.05
ABCAPITAL.NS,2026-05-04,14:00,NEUTRAL,HIGH,351.05,-0.5,0.5,0.0,2.62,-2.95,-2.78,0,1,1,0,1,0,,,0,-0.03
ABCAPITAL.NS,2026-05-05,09:15,BEARISH,LOW,347.55,-4.93,-0.1,-1.1,4.66,0.0,3.87,0,0,0,0,1,0,,,0,-2.61
ABCAPITAL.NS,2026-05-05,12:00,BEARISH,LOW,356.8,-3.56,-0.08,-0.79,1.95,-0.15,1.18,1,1,0,0,1,0,,,0,-1.88
ABCAPITAL.NS,2026-05-05,14:00,BEARISH,LOW,360.9,-2.06,-0.04,-0.46,0.15,-0.33,0.03,1,1,0,0,1,0,,,0,-1.09
ABCAPITAL.NS,2026-05-06,09:15,BEARISH,LOW,364.9,-5.46,-0.16,-1.14,2.08,0.0,1.11,0,0,0,0,1,0,,,0,-2.71
ABCAPITAL.NS,2026-05-06,12:00,BEARISH,LOW,368.35,-3.94,-0.11,-0.82,0.42,-0.75,0.16,1,1,0,0,1,0,,,0,-1.96
ABCAPITAL.NS,2026-05-06,14:00,BEARISH,LOW,366.7,-2.28,-0.07,-0.47,0.87,-0.18,0.61,1,1,0,0,1,0,,,0,-1.13
ABCAPITAL.NS,2026-05-07,09:15,BEARISH,HIGH,370.25,-4.25,-0.24,-1.18,1.49,-0.5,-0.45,1,1,0,0,1,0,,,0,-2.8
ABCAPITAL.NS,2026-05-07,12:00,BEARISH,HIGH,372.2,-3.07,-0.17,-0.85,0.01,-1.02,-0.97,1,1,0,1,1,0,,,0,-2.02
ABCAPITAL.NS,2026-05-07,14:00,BEARISH,HIGH,370.0,-1.77,-0.1,-0.49,0.12,-0.43,-0.38,1,1,0,0,1,0,,,0,-1.17
ABCAPITAL.NS,2026-05-08,09:15,BULLISH,LOW,367.6,0.14,3.0,0.73,0.39,-1.43,-1.32,1,1,0,0,1,1,-1.6,0.432,1,-1.34
ABCAPITAL.NS,2026-05-08,12:00,BULLISH,LOW,364.65,0.1,2.16,0.53,0.21,-0.63,-0.52,1,1,0,0,1,1,-0.821,,0,-0.97
ABCAPITAL.NS,2026-05-08,14:00,BULLISH,LOW,362.8,0.06,1.25,0.31,0.72,-0.11,-0.01,1,1,1,1,1,1,0.006,,0,-0.56
ABCAPITAL.NS,2026-05-11,09:15,BULLISH,MEDIUM,357.45,0.11,2.59,0.8,0.29,-1.71,-1.41,1,1,0,0,1,1,-1.57,0.5,1,-0.79
ABCAPITAL.NS,2026-05-11,12:00,BULLISH,MEDIUM,354.2,0.08,1.87,0.58,1.21,-0.61,-0.51,1,1,1,1,1,1,0.279,0.279,1,-0.57
ABCAPITAL.NS,2026-05-11,14:00,BULLISH,MEDIUM,357.1,0.04,1.08,0.33,0.07,-1.41,-1.32,1,1,0,0,1,1,-1.56,-1.289,1,-0.33
ABCAPITAL.NS,2026-05-12,09:15,BULLISH,MEDIUM,353.6,0.17,3.28,1.06,0.04,-3.85,-3.66,1,0,0,0,1,1,-1.61,-1.61,1,-0.8
ABCAPITAL.NS,2026-05-12,12:00,BULLISH,MEDIUM,346.35,0.12,2.37,0.77,0.27,-1.83,-1.65,1,1,0,0,1,1,-1.6,-1.372,1,-0.58
ABCAPITAL.NS,2026-05-12,14:00,BULLISH,MEDIUM,343.05,0.07,1.37,0.44,0.29,-0.89,-0.7,1,1,0,0,1,1,-1.0,-0.671,1,-0.33
ABCAPITAL.NS,2026-05-13,09:15,BULLISH,MEDIUM,340.05,0.12,2.98,0.86,2.35,-0.15,1.24,1,1,1,1,1,1,0.562,,0,-0.83
ABCAPITAL.NS,2026-05-13,12:00,BULLISH,MEDIUM,346.3,0.09,2.15,0.62,0.51,-0.74,-0.59,1,1,0,0,1,1,-0.892,-0.292,1,-0.6
ABCAPITAL.NS,2026-05-13,14:00,BULLISH,MEDIUM,345.3,0.05,1.24,0.36,0.43,-0.45,-0.3,1,1,0,1,1,1,0.059,-0.254,1,-0.35
ABCAPITAL.NS,2026-05-14,09:15,BEARISH,LOW,346.0,-2.5,-0.08,-0.64,2.27,-0.13,0.71,1,1,0,0,1,0,,,0,-1.53
ABCAPITAL.NS,2026-05-14,12:00,BEARISH,LOW,351.2,-1.81,-0.05,-0.46,0.75,-1.11,-0.78,1,1,1,1,1,0,,,0,-1.1
ABCAPITAL.NS,2026-05-14,14:00,BEARISH,LOW,350.45,-1.04,-0.03,-0.27,0.27,-0.9,-0.57,1,1,1,1,1,0,,,0,-0.64
ABCAPITAL.NS,2026-05-15,09:15,BEARISH,LOW,353.1,-2.93,-0.09,-0.67,2.9,-1.93,1.2,1,1,1,1,1,0,,,0,-1.58
ABCAPITAL.NS,2026-05-15,12:00,BEARISH,LOW,360.4,-2.12,-0.07,-0.48,0.42,-1.32,-0.85,1,1,1,1,1,0,,,0,-1.14
ABCAPITAL.NS,2026-05-15,14:00,BEARISH,LOW,357.65,-1.22,-0.04,-0.28,0.1,-0.56,-0.08,1,1,0,1,1,0,,,0,-0.66
ABCAPITAL.NS,2026-05-18,09:15,BEARISH,MEDIUM,351.1,-3.13,-0.11,-0.81,0.91,-0.7,-0.3,1,1,0,0,1,0,,,0,-1.94
ABCAPITAL.NS,2026-05-18,12:00,BEARISH,MEDIUM,350.1,-2.26,-0.08,-0.59,0.59,-0.41,-0.01,1,1,0,0,1,0,,,0,-1.4
ABCAPITAL.NS,2026-05-18,14:00,BEARISH,MEDIUM,350.1,-1.31,-0.04,-0.34,0.34,-0.41,-0.01,1,1,0,1,1,0,,,0,-0.81
ABCAPITAL.NS,2026-05-19,09:15,BULLISH,LOW,351.5,0.14,3.21,0.9,0.65,-1.45,0.01,1,1,0,0,1,1,-0.286,0.605,1,-1.14
ABCAPITAL.NS,2026-05-19,12:00,BULLISH,LOW,352.6,0.1,2.32,0.66,0.21,-0.48,-0.3,1,1,0,0,1,1,-0.598,,0,-0.82
ABCAPITAL.NS,2026-05-19,14:00,BULLISH,LOW,351.2,0.06,1.34,0.38,0.34,-0.07,0.1,1,1,0,0,1,1,-0.2,,0,-0.48
ABCAPITAL.NS,2026-05-20,09:15,BEARISH,LOW,352.75,-2.42,-0.07,-0.62,0.85,-2.79,0.33,1,1,1,1,0,0,,,0,-1.47
ABCAPITAL.NS,2026-05-20,12:00,BEARISH,LOW,346.2,-1.75,-0.05,-0.45,2.76,-0.58,2.22,1,1,0,1,1,0,,,0,-1.07
ABCAPITAL.NS,2026-05-20,14:00,BEARISH,LOW,345.65,-1.01,-0.03,-0.26,2.92,-0.23,2.39,1,1,0,0,1,0,,,0,-0.61
ABCAPITAL.NS,2026-05-21,09:15,BEARISH,LOW,360.5,-3.66,-0.1,-0.72,0.57,-3.19,-3.11,1,1,1,1,1,0,,,0,-1.72
ABCAPITAL.NS,2026-05-21,12:00,BEARISH,LOW,353.05,-2.65,-0.07,-0.52,0.1,-1.15,-1.06,1,1,0,1,1,0,,,0,-1.24
ABCAPITAL.NS,2026-05-21,14:00,BEARISH,LOW,350.95,-1.53,-0.04,-0.3,0.51,-0.54,-0.47,1,1,0,1,1,0,,,0,-0.72
ABCAPITAL.NS,2026-05-22,09:15,BULLISH,MEDIUM,349.05,0.16,3.95,1.11,2.44,-0.46,2.39,1,1,1,1,1,1,0.809,,0,-0.76
ABCAPITAL.NS,2026-05-22,12:00,BULLISH,MEDIUM,354.8,0.12,2.85,0.8,0.78,-0.58,0.73,1,1,0,0,1,1,0.433,0.5,1,-0.55
ABCAPITAL.NS,2026-05-22,14:00,BULLISH,MEDIUM,354.9,0.07,1.65,0.46,0.75,-0.35,0.7,1,1,0,1,1,1,0.162,0.162,1,-0.32
ABCAPITAL.NS,2026-05-25,09:15,BEARISH,MEDIUM,361.0,-3.27,-0.12,-0.9,1.07,-0.17,0.76,1,1,0,0,1,0,,,0,-2.14
ABCAPITAL.NS,2026-05-25,12:00,BEARISH,MEDIUM,363.85,-2.36,-0.09,-0.65,0.1,-0.59,-0.03,1,1,0,0,1,0,,,0,-1.55
ABCAPITAL.NS,2026-05-25,14:00,BEARISH,MEDIUM,362.25,-1.36,-0.05,-0.38,0.48,-0.15,0.41,1,1,0,0,1,0,,,0,-0.89
ABCAPITAL.NS,2026-05-26,09:15,BEARISH,MEDIUM,363.6,-2.65,-0.1,-0.82,0.65,-0.54,-0.18,1,1,0,0,1,0,,,0,-1.94
ABCAPITAL.NS,2026-05-26,12:00,BEARISH,MEDIUM,363.6,-1.92,-0.07,-0.59,0.34,-0.54,-0.18,1,1,0,0,1,0,,,0,-1.4
ABCAPITAL.NS,2026-05-26,14:00,BEARISH,MEDIUM,363.05,-1.11,-0.04,-0.34,0.26,-0.39,-0.03,1,1,0,1,1,0,,,0,-0.81
ABCAPITAL.NS,2026-05-27,09:15,BULLISH,LOW,363.3,0.09,2.66,0.67,1.27,-0.18,0.45,1,1,0,1,1,1,0.372,,0,-1.1
ABCAPITAL.NS,2026-05-27,12:00,BULLISH,LOW,365.2,0.07,1.92,0.48,0.08,-0.7,-0.07,1,1,0,0,1,1,-0.368,,0,-0.8
ABCAPITAL.NS,2026-05-27,14:00,BULLISH,LOW,364.95,0.04,1.11,0.28,0.15,-0.29,0.0,1,1,0,0,1,1,-0.3,,0,-0.46
ABCAPITAL.NS,2026-05-29,09:15,NEUTRAL,HIGH,367.4,-0.5,0.5,0.0,0.64,-1.42,-1.12,0,1,1,0,1,0,,,0,-0.05
ABCAPITAL.NS,2026-05-29,12:00,NEUTRAL,HIGH,364.25,-0.5,0.5,0.0,0.66,-0.56,-0.26,1,1,1,1,1,0,,,0,-0.03
ABCAPITAL.NS,2026-05-29,14:00,NEUTRAL,HIGH,365.0,-0.5,0.5,0.0,0.45,-0.77,-0.47,1,1,1,1,1,0,,,0,-0.02
ABCAPITAL.NS,2026-06-01,09:15,BULLISH,MEDIUM,365.9,0.12,3.46,0.92,0.03,-4.45,-4.02,1,0,0,0,1,1,-1.61,-1.61,1,-0.82
ABCAPITAL.NS,2026-06-01,12:00,BULLISH,MEDIUM,354.6,0.08,2.5,0.66,0.52,-1.41,-0.96,1,1,0,0,1,1,-1.36,-0.671,1,-0.59
ABCAPITAL.NS,2026-06-01,14:00,BULLISH,MEDIUM,352.15,0.05,1.44,0.38,0.0,-0.72,-0.27,0,0,0,0,1,1,-0.57,-0.23,1,-0.34
ABCAPITAL.NS,2026-06-02,09:15,BULLISH,HIGH,348.6,0.13,2.92,0.82,1.12,-1.32,0.7,1,1,0,1,1,1,-1.51,0.518,1,-0.66
ABCAPITAL.NS,2026-06-02,12:00,BULLISH,HIGH,345.75,0.1,2.11,0.59,1.95,-0.2,1.53,1,1,1,1,1,1,0.29,,0,-0.48
ABCAPITAL.NS,2026-06-02,14:00,BULLISH,HIGH,351.3,0.06,1.22,0.34,0.34,-0.57,-0.07,1,1,0,1,1,1,0.042,0.042,1,-0.28
ABCAPITAL.NS,2026-06-03,09:15,NEUTRAL,LOW,350.95,-0.5,0.5,-0.0,0.0,-2.55,-0.71,1,1,1,1,1,0,,,0,-1.07
ABCAPITAL.NS,2026-06-03,12:00,NEUTRAL,LOW,344.4,-0.5,0.5,0.0,1.61,-0.45,1.18,0,1,1,0,1,0,,,0,-0.77
ABCAPITAL.NS,2026-06-03,14:00,NEUTRAL,LOW,347.25,-0.5,0.5,0.0,0.78,-0.07,0.35,1,1,1,1,1,0,,,0,-0.45
ABCAPITAL.NS,2026-06-04,09:15,BULLISH,MEDIUM,348.7,0.13,2.63,0.75,2.27,-0.2,1.49,1,1,1,1,1,1,0.451,,0,-0.59
ABCAPITAL.NS,2026-06-04,12:00,BULLISH,MEDIUM,352.35,0.09,1.9,0.54,1.21,-0.14,0.44,1,1,1,1,1,1,0.242,,0,-0.42
ABCAPITAL.NS,2026-06-04,14:00,BULLISH,MEDIUM,354.95,0.05,1.1,0.31,0.18,-0.55,-0.3,1,1,0,0,1,1,-0.596,-0.356,1,-0.24
ABCAPITAL.NS,2026-06-05,09:15,BEARISH,MEDIUM,353.45,-2.47,-0.08,-0.7,3.64,-0.16,1.23,1,1,0,0,1,0,,,0,-1.66
ABCAPITAL.NS,2026-06-05,12:00,BEARISH,MEDIUM,362.0,-1.79,-0.06,-0.51,0.22,-1.91,-1.16,1,1,1,1,0,0,,,0,-1.2
ABCAPITAL.NS,2026-06-05,14:00,BEARISH,MEDIUM,356.0,-1.03,-0.03,-0.29,0.81,-0.06,0.51,1,1,0,0,1,0,,,0,-0.69
ABCAPITAL.NS,2026-06-08,09:15,BEARISH,MEDIUM,351.95,-3.07,-0.1,-0.88,0.13,-2.37,-2.02,1,1,1,1,1,0,,,0,-2.11
ABCAPITAL.NS,2026-06-08,12:00,BEARISH,MEDIUM,347.5,-2.22,-0.07,-0.64,0.69,-1.12,-0.76,1,1,0,1,1,0,,,0,-1.52
ABCAPITAL.NS,2026-06-08,14:00,BEARISH,MEDIUM,347.9,-1.28,-0.04,-0.37,0.22,-1.24,-0.88,1,1,1,1,1,0,,,0,-0.88
ABCAPITAL.NS,2026-06-09,09:15,BULLISH,HIGH,345.4,0.14,3.25,0.95,2.03,0.0,1.97,1,1,1,1,1,1,0.65,,0,-0.58
ABCAPITAL.NS,2026-06-09,12:00,BULLISH,HIGH,349.0,0.1,2.34,0.68,0.97,-0.34,0.92,1,1,0,1,1,1,0.385,,0,-0.42
ABCAPITAL.NS,2026-06-09,14:00,BULLISH,HIGH,348.65,0.06,1.35,0.4,1.08,-0.07,1.02,1,1,1,1,1,1,0.096,,0,-0.24
ABCAPITAL.NS,2026-06-10,09:15,BEARISH,LOW,351.6,-2.14,-0.08,-0.61,0.44,-2.73,-2.73,1,1,1,1,0,0,,,0,-1.46
ABCAPITAL.NS,2026-06-10,12:00,BEARISH,LOW,349.0,-1.54,-0.05,-0.44,0.06,-2.01,-2.01,1,1,1,1,0,0,,,0,-1.06
ABCAPITAL.NS,2026-06-10,14:00,BEARISH,LOW,346.1,-0.89,-0.03,-0.26,0.2,-1.18,-1.18,1,1,1,1,0,0,,,0,-0.61
ABCAPITAL.NS,2026-06-11,09:15,BULLISH,HIGH,340.6,0.17,3.73,1.12,0.87,-1.7,-1.17,1,1,0,0,1,1,-1.55,0.816,1,-0.44
ABCAPITAL.NS,2026-06-11,12:00,BULLISH,HIGH,338.1,0.12,2.7,0.8,0.1,-0.98,-0.44,1,0,0,0,1,1,-0.744,-0.424,1,-0.32
ABCAPITAL.NS,2026-06-11,14:00,BULLISH,HIGH,335.65,0.07,1.56,0.46,0.66,-0.13,0.28,1,1,0,1,1,1,0.165,,0,-0.18
ABCAPITAL.NS,2026-06-12,09:15,BULLISH,HIGH,343.55,0.18,3.95,1.32,4.57,0.0,4.38,1,1,1,1,0,1,1.021,,0,-0.57
ABCAPITAL.NS,2026-06-12,12:00,BULLISH,HIGH,347.4,0.13,2.86,0.95,3.41,-0.79,3.22,1,1,1,1,0,1,0.653,0.653,1,-0.41
ABCAPITAL.NS,2026-06-12,14:00,BULLISH,HIGH,352.5,0.07,1.65,0.55,1.91,0.0,1.73,1,1,1,1,0,1,0.25,,0,-0.24
ABCAPITAL.NS,2026-06-15,09:15,BEARISH,HIGH,365.4,-3.54,-0.13,-1.06,2.49,0.0,0.83,0,0,0,0,1,0,,,0,-2.52
ABCAPITAL.NS,2026-06-15,12:00,BEARISH,HIGH,371.4,-2.55,-0.1,-0.76,0.2,-1.17,-0.79,1,1,0,1,1,0,,,0,-1.82
ABCAPITAL.NS,2026-06-15,14:00,BEARISH,HIGH,369.8,-1.47,-0.06,-0.44,0.22,-0.74,-0.37,1,1,0,1,1,0,,,0,-1.05
ABCAPITAL.NS,2026-06-16,09:15,BEARISH,HIGH,367.5,-3.85,-0.13,-1.06,2.29,-0.07,1.86,1,0,0,0,1,0,,,0,-2.53
ABCAPITAL.NS,2026-06-16,12:00,BEARISH,HIGH,370.55,-2.78,-0.09,-0.77,1.44,-0.24,1.03,1,1,0,0,1,0,,,0,-1.83
ABCAPITAL.NS,2026-06-16,14:00,BEARISH,HIGH,371.7,-1.61,-0.05,-0.44,1.13,0.0,0.71,0,0,0,0,1,0,,,0,-1.06
ABCAPITAL.NS,2026-06-17,09:15,BEARISH,MEDIUM,374.45,-2.97,-0.12,-0.86,0.32,-1.08,-0.55,1,1,0,1,1,0,,,0,-2.04
ABCAPITAL.NS,2026-06-17,12:00,BEARISH,MEDIUM,371.65,-2.14,-0.09,-0.62,0.47,-0.19,0.2,1,1,0,0,1,0,,,0,-1.48
ABCAPITAL.NS,2026-06-17,14:00,BEARISH,MEDIUM,371.9,-1.24,-0.05,-0.36,0.4,-0.23,0.13,1,1,0,0,1,0,,,0,-0.85
ABCAPITAL.NS,2026-06-18,09:15,BULLISH,LOW,373.5,0.08,1.94,0.54,0.2,-1.2,-0.82,1,1,0,0,1,1,-1.117,-0.105,1,-1.01
ABCAPITAL.NS,2026-06-18,12:00,BULLISH,LOW,370.1,0.06,1.4,0.39,0.36,-0.3,0.09,1,1,0,0,1,1,-0.205,,0,-0.73
ABCAPITAL.NS,2026-06-18,14:00,BULLISH,LOW,370.65,0.03,0.81,0.22,0.09,-0.45,-0.05,1,1,0,0,1,1,-0.354,-0.076,1,-0.42
ABCAPITAL.NS,2026-06-19,09:15,BULLISH,LOW,369.65,0.06,1.67,0.41,1.99,-0.28,1.81,1,1,1,1,0,1,0.114,,0,-0.76
ABCAPITAL.NS,2026-06-19,12:00,BULLISH,LOW,374.9,0.05,1.21,0.3,0.49,-0.45,0.39,1,1,0,1,1,1,-0.001,,0,-0.55
ABCAPITAL.NS,2026-06-19,14:00,BULLISH,LOW,375.7,0.03,0.7,0.17,0.28,-0.67,0.17,1,1,0,1,1,1,-0.127,-0.127,1,-0.32
ABCAPITAL.NS,2026-06-22,09:15,BEARISH,MEDIUM,377.75,-5.09,-0.15,-1.37,3.96,-0.66,3.77,1,1,0,0,1,0,,,0,-3.26
ABCAPITAL.NS,2026-06-22,12:00,BEARISH,MEDIUM,384.8,-3.68,-0.11,-0.99,2.05,-0.01,1.87,1,0,0,0,1,0,,,0,-2.36
ABCAPITAL.NS,2026-06-22,14:00,BEARISH,MEDIUM,390.05,-2.12,-0.06,-0.57,0.68,-0.05,0.5,1,0,0,0,1,0,,,0,-1.36
ABCAPITAL.NS,2026-06-23,09:15,BEARISH,MEDIUM,393.9,-4.76,-0.18,-1.29,0.13,-2.7,-2.49,1,1,1,1,1,0,,,0,-3.06
ABCAPITAL.NS,2026-06-23,12:00,BEARISH,MEDIUM,387.55,-3.44,-0.13,-0.93,0.22,-1.11,-0.89,1,1,0,1,1,0,,,0,-2.21
ABCAPITAL.NS,2026-06-23,14:00,BEARISH,MEDIUM,384.9,-1.98,-0.08,-0.54,0.19,-0.43,-0.21,1,1,0,0,1,0,,,0,-1.28
ABCAPITAL.NS,2026-06-24,09:15,BULLISH,HIGH,383.8,0.15,3.14,0.99,3.31,-0.36,2.81,1,1,1,1,0,1,0.693,,0,-0.66
ABCAPITAL.NS,2026-06-24,12:00,BULLISH,HIGH,387.65,0.11,2.27,0.72,2.28,-0.21,1.79,1,1,1,1,0,1,0.417,,0,-0.47
ABCAPITAL.NS,2026-06-24,14:00,BULLISH,HIGH,394.85,0.06,1.31,0.42,0.34,-0.49,-0.06,1,1,0,0,1,1,-0.363,0.115,1,-0.27
ABCAPITAL.NS,2026-06-25,09:15,BEARISH,MEDIUM,397.2,-3.66,-0.15,-0.98,0.45,-1.91,-1.55,1,1,1,1,1,0,,,0,-2.32
ABCAPITAL.NS,2026-06-25,12:00,BEARISH,MEDIUM,395.25,-2.64,-0.11,-0.71,0.46,-1.43,-1.06,1,1,1,1,1,0,,,0,-1.68
ABCAPITAL.NS,2026-06-25,14:00,BEARISH,MEDIUM,395.15,-1.53,-0.06,-0.41,0.06,-1.4,-1.04,1,1,1,1,1,0,,,0,-0.97
ABCAPITAL.NS,2026-06-29,09:15,NEUTRAL,HIGH,389.45,-0.5,0.5,-0.0,0.85,-1.3,-1.18,0,1,1,0,1,0,,,0,-0.19
ABCAPITAL.NS,2026-06-29,12:00,NEUTRAL,HIGH,389.25,-0.5,0.5,0.0,0.18,-1.25,-1.13,0,1,1,0,1,0,,,0,-0.14
ABCAPITAL.NS,2026-06-29,14:00,NEUTRAL,HIGH,387.3,-0.5,0.5,0.0,0.31,-0.67,-0.63,1,1,1,1,1,0,,,0,-0.08
ABCAPITAL.NS,2026-06-30,09:15,BULLISH,HIGH,388.4,0.15,4.95,1.31,1.89,-0.57,1.08,1,1,0,1,1,1,1.011,,0,-0.78
ABCAPITAL.NS,2026-06-30,12:00,BULLISH,HIGH,392.9,0.11,3.57,0.95,0.43,-0.48,-0.08,1,1,0,0,1,1,-0.376,,0,-0.57
ABCAPITAL.NS,2026-06-30,14:00,BULLISH,HIGH,391.75,0.06,2.06,0.55,0.73,-0.19,0.22,1,1,0,1,1,1,0.246,,0,-0.33
ABCAPITAL.NS,2026-07-01,09:15,BEARISH,MEDIUM,393.65,-3.36,-0.1,-0.73,0.47,-1.24,-0.19,1,1,0,1,1,0,,,0,-1.75
ABCAPITAL.NS,2026-07-01,12:00,BEARISH,MEDIUM,394.25,-2.42,-0.07,-0.53,0.32,-0.36,-0.34,1,1,0,0,1,0,,,0,-1.26
ABCAPITAL.NS,2026-07-01,14:00,BEARISH,MEDIUM,394.6,-1.4,-0.04,-0.31,0.06,-0.44,-0.43,1,1,0,1,1,0,,,0,-0.73
ABCAPITAL.NS,2026-07-02,09:15,BEARISH,LOW,392.65,-1.85,-0.07,-0.52,1.2,-0.83,0.11,1,1,0,1,1,0,,,0,-1.24
ABCAPITAL.NS,2026-07-02,12:00,BEARISH,LOW,390.55,-1.34,-0.05,-0.38,1.74,-0.03,0.65,1,0,0,0,1,0,,,0,-0.9
ABCAPITAL.NS,2026-07-02,14:00,BEARISH,LOW,393.45,-0.77,-0.03,-0.22,0.08,-0.51,-0.09,1,1,1,1,1,0,,,0,-0.52
ABCAPITAL.NS,2026-07-03,09:15,BULLISH,LOW,396.15,0.08,1.71,0.44,2.23,-0.48,1.33,1,1,1,1,0,1,0.137,,0,-0.75
ABCAPITAL.NS,2026-07-03,12:00,BULLISH,LOW,404.9,0.05,1.23,0.32,0.02,-1.07,-0.86,1,0,0,0,1,1,-1.33,0.016,1,-0.54
ABCAPITAL.NS,2026-07-03,14:00,BULLISH,LOW,402.2,0.03,0.71,0.18,0.44,-0.41,-0.2,1,1,1,1,1,1,-0.119,-0.119,1,-0.31
ABCAPITAL.NS,2026-07-06,09:15,BEARISH,MEDIUM,402.0,-3.81,-0.13,-1.0,2.14,0.0,2.05,0,0,0,0,1,0,,,0,-2.39
ABCAPITAL.NS,2026-07-06,12:00,BEARISH,MEDIUM,407.5,-2.75,-0.09,-0.72,0.76,-0.23,0.67,1,1,0,0,1,0,,,0,-1.73
ABCAPITAL.NS,2026-07-06,14:00,BEARISH,MEDIUM,408.45,-1.59,-0.05,-0.42,0.53,0.0,0.44,0,0,0,0,1,0,,,0,-1.0
ABCAPITAL.NS,2026-07-07,09:15,BEARISH,MEDIUM,409.8,-2.82,-0.09,-0.73,0.18,-1.15,-1.02,1,1,0,1,1,0,,,0,-1.74
ABCAPITAL.NS,2026-07-07,12:00,BEARISH,MEDIUM,408.3,-2.04,-0.06,-0.53,0.34,-0.78,-0.66,1,1,0,1,1,0,,,0,-1.25
ABCAPITAL.NS,2026-07-07,14:00,BEARISH,MEDIUM,407.0,-1.18,-0.04,-0.3,0.16,-0.47,-0.34,1,1,0,1,1,0,,,0,-0.72
ABCAPITAL.NS,2026-07-08,09:15,BULLISH,LOW,400.0,0.09,2.11,0.62,0.88,-4.0,-3.91,1,1,0,1,1,1,-1.48,0.318,1,-0.69
ABCAPITAL.NS,2026-07-08,12:00,BULLISH,LOW,402.85,0.07,1.52,0.45,0.0,-4.68,-4.59,0,0,0,0,1,1,-1.27,0.147,1,-0.5
ABCAPITAL.NS,2026-07-08,14:00,BULLISH,LOW,396.6,0.04,0.88,0.26,0.04,-3.18,-3.09,1,0,0,0,1,1,-1.27,-1.27,1,-0.29
ABCAPITAL.NS,2026-07-09,09:15,BULLISH,LOW,387.8,0.13,4.11,1.06,3.44,0.0,2.45,1,1,1,1,1,1,0.76,,0,-0.87
ABCAPITAL.NS,2026-07-09,12:00,BULLISH,LOW,400.7,0.09,2.97,0.76,0.11,-1.11,-0.85,1,1,0,0,1,1,-1.149,-0.52,1,-0.63
ABCAPITAL.NS,2026-07-09,14:00,BULLISH,LOW,399.15,0.05,1.71,0.44,0.19,-0.73,-0.46,1,1,0,0,1,1,-0.763,0.141,1,-0.36
ABCAPITAL.NS,2026-07-10,09:15,BEARISH,MEDIUM,401.5,-2.54,-0.07,-0.66,1.84,0.0,1.78,0,0,0,0,1,0,,,0,-1.56
ABCAPITAL.NS,2026-07-10,12:00,BEARISH,MEDIUM,406.7,-1.84,-0.05,-0.47,0.54,-0.2,0.48,1,1,0,0,1,0,,,0,-1.13
ABCAPITAL.NS,2026-07-10,14:00,BEARISH,MEDIUM,408.25,-1.06,-0.03,-0.27,0.16,-0.15,0.1,1,1,0,0,1,0,,,0,-0.65
ABCAPITAL.NS,2026-07-13,09:15,BEARISH,MEDIUM,403.5,-2.31,-0.07,-0.68,1.23,-0.67,0.9,1,1,0,0,1,0,,,0,-1.62
ABCAPITAL.NS,2026-07-13,12:00,BEARISH,MEDIUM,403.2,-1.67,-0.05,-0.49,1.3,0.0,0.98,0,0,0,0,1,0,,,0,-1.17
ABCAPITAL.NS,2026-07-13,14:00,BEARISH,MEDIUM,405.6,-0.96,-0.03,-0.28,0.7,0.0,0.38,0,0,0,0,1,0,,,0,-0.67
ABCAPITAL.NS,2026-07-14,09:15,BULLISH,LOW,404.3,0.06,1.72,0.42,0.0,-2.96,-1.21,0,0,0,0,1,1,-1.38,-1.38,1,-0.72
ABCAPITAL.NS,2026-07-14,12:00,BULLISH,LOW,394.0,0.05,1.24,0.31,1.65,-0.29,1.37,1,1,1,1,0,1,0.007,,0,-0.52
ABCAPITAL.NS,2026-07-14,14:00,BULLISH,LOW,398.65,0.03,0.72,0.18,0.28,-0.2,0.19,1,1,0,1,1,1,-0.124,,0,-0.3
ABCAPITAL.NS,2026-07-15,09:15,BULLISH,MEDIUM,402.55,0.11,3.17,0.8,1.45,-0.05,0.42,1,1,0,1,1,1,0.497,,0,-1.1
ABCAPITAL.NS,2026-07-15,12:00,BULLISH,MEDIUM,405.55,0.08,2.29,0.58,0.25,-0.79,-0.32,1,1,0,0,1,1,-0.621,,0,-0.79
ABCAPITAL.NS,2026-07-15,14:00,BULLISH,MEDIUM,404.2,0.04,1.32,0.33,0.21,-0.3,0.01,1,1,0,0,1,1,-0.288,,0,-0.46
ABCAPITAL.NS,2026-07-16,09:15,BEARISH,MEDIUM,405.0,-2.34,-0.07,-0.58,0.0,-1.58,-1.27,1,1,1,1,1,0,,,0,-1.38
ABCAPITAL.NS,2026-07-16,12:00,BEARISH,MEDIUM,400.75,-1.69,-0.05,-0.42,0.21,-0.54,-0.22,1,1,0,1,1,0,,,0,-1.0
ABCAPITAL.NS,2026-07-16,14:00,BEARISH,MEDIUM,399.15,-0.97,-0.03,-0.24,0.38,-0.14,0.18,1,1,0,0,1,0,,,0,-0.58
ABCAPITAL.NS,2026-07-17,09:15,BULLISH,MEDIUM,400.95,0.1,2.19,0.59,0.46,-1.28,0.12,1,1,0,0,1,1,-1.38,0.291,1,-0.53
ABCAPITAL.NS,2026-07-17,12:00,BULLISH,MEDIUM,400.1,0.07,1.58,0.43,0.67,-0.3,0.34,1,1,0,1,1,1,0.127,,0,-0.38
ABCAPITAL.NS,2026-07-17,14:00,BULLISH,MEDIUM,400.05,0.04,0.91,0.25,0.69,-0.07,0.35,1,1,1,1,1,1,-0.053,,0,-0.22
ABCAPITAL.NS,2026-07-20,09:15,BEARISH,MEDIUM,399.85,-3.0,-0.08,-0.72,0.54,-1.35,0.4,1,1,0,1,1,0,,,0,-1.71
ABCAPITAL.NS,2026-07-20,12:00,BEARISH,MEDIUM,398.35,-2.17,-0.06,-0.52,0.78,-0.98,0.78,1,1,0,1,1,0,,,0,-1.24
ABCAPITAL.NS,2026-07-20,14:00,BEARISH,MEDIUM,399.5,-1.25,-0.03,-0.3,0.49,-0.15,0.49,1,1,0,0,1,0,,,0,-0.71
ABCAPITAL.NS,2026-07-21,09:15,BEARISH,MEDIUM,401.35,-3.0,-0.08,-0.72,2.11,0.0,1.63,0,0,0,0,1,0,,,0,-1.71
ABCAPITAL.NS,2026-07-21,12:00,BEARISH,MEDIUM,408.7,-2.17,-0.06,-0.52,0.13,-0.51,-0.2,1,1,0,0,1,0,,,0,-1.24
AXISCADES.NS,2026-04-29,09:15,BEARISH,LOW,1925.8,-4.91,-0.12,-1.09,2.37,-1.07,2.11,1,1,0,0,1,0,,,0,-2.6
AXISCADES.NS,2026-04-29,12:00,BEARISH,LOW,1945.9,-3.55,-0.08,-0.79,1.31,-0.89,1.06,1,1,0,1,1,0,,,0,-1.88
AXISCADES.NS,2026-04-29,14:00,BEARISH,LOW,1948.5,-2.05,-0.05,-0.46,1.18,-0.47,0.92,1,1,0,1,1,0,,,0,-1.09
AXISCADES.NS,2026-04-30,09:15,BEARISH,LOW,1954.4,-3.74,-0.11,-1.0,2.59,-2.86,2.4,1,1,1,1,1,0,,,0,-2.38
AXISCADES.NS,2026-04-30,12:00,BEARISH,LOW,1935.8,-2.7,-0.08,-0.72,3.57,-0.25,3.38,1,1,0,0,1,0,,,0,-1.72
AXISCADES.NS,2026-04-30,14:00,BEARISH,LOW,1948.9,-1.56,-0.05,-0.42,2.88,-0.54,2.69,1,1,0,1,1,0,,,0,-0.99
AXISCADES.NS,2026-05-04,09:15,NEUTRAL,HIGH,2030.0,-0.5,0.5,0.0,3.89,-0.74,1.21,0,1,1,0,1,0,,,0,-0.04
AXISCADES.NS,2026-05-04,12:00,NEUTRAL,HIGH,2070.0,-0.5,0.5,0.0,0.19,-2.66,-0.75,1,1,1,1,1,0,,,0,-0.03
AXISCADES.NS,2026-05-04,14:00,NEUTRAL,HIGH,2045.0,-0.5,0.5,0.0,1.36,-0.17,0.46,1,1,1,1,1,0,,,0,-0.02
AXISCADES.NS,2026-05-05,09:15,BEARISH,MEDIUM,2065.4,-6.82,-0.22,-2.05,3.84,-1.69,3.71,1,1,0,0,1,0,,,0,-4.87
AXISCADES.NS,2026-05-05,12:00,BEARISH,MEDIUM,2050.3,-4.93,-0.16,-1.48,4.61,-0.11,4.47,1,0,0,0,1,0,,,0,-3.52
AXISCADES.NS,2026-05-05,14:00,BEARISH,MEDIUM,2093.3,-2.85,-0.09,-0.85,2.46,-0.1,2.33,1,1,0,0,1,0,,,0,-2.03
AXISCADES.NS,2026-05-06,09:15,BEARISH,MEDIUM,2139.8,-5.21,-0.15,-1.33,2.11,-1.76,0.88,1,1,0,1,1,0,,,0,-3.18
AXISCADES.NS,2026-05-06,12:00,BEARISH,MEDIUM,2134.8,-3.76,-0.11,-0.96,2.35,-1.12,1.11,1,1,0,1,1,0,,,0,-2.29
AXISCADES.NS,2026-05-06,14:00,BEARISH,MEDIUM,2170.4,-2.17,-0.06,-0.56,0.67,-0.89,-0.54,1,1,0,1,1,0,,,0,-1.32
AXISCADES.NS,2026-05-07,09:15,BEARISH,MEDIUM,2141.0,-4.38,-0.13,-1.14,1.12,-1.9,-0.75,1,1,0,1,1,0,,,0,-2.72
AXISCADES.NS,2026-05-07,12:00,BEARISH,MEDIUM,2139.0,-3.16,-0.09,-0.82,1.21,-0.79,-0.66,1,1,0,0,1,0,,,0,-1.96
AXISCADES.NS,2026-05-07,14:00,BEARISH,MEDIUM,2143.0,-1.83,-0.05,-0.48,0.3,-0.98,-0.84,1,1,1,1,1,0,,,0,-1.13
AXISCADES.NS,2026-05-08,09:15,BULLISH,MEDIUM,2143.3,0.16,3.49,1.06,2.55,-0.36,1.24,1,1,1,1,1,1,0.757,,0,-1.15
AXISCADES.NS,2026-05-08,12:00,BULLISH,MEDIUM,2170.3,0.12,2.52,0.76,1.27,-0.47,-0.02,1,1,0,1,1,1,0.464,,0,-0.83
AXISCADES.NS,2026-05-08,14:00,BULLISH,MEDIUM,2177.1,0.07,1.46,0.44,0.41,-0.79,-0.33,1,1,0,0,1,1,-0.631,0.141,1,-0.48
AXISCADES.NS,2026-05-11,09:15,BEARISH,MEDIUM,2190.2,-4.04,-0.13,-1.13,0.9,-5.72,-5.72,1,1,1,1,0,0,,,0,-2.7
AXISCADES.NS,2026-05-11,12:00,BEARISH,MEDIUM,2118.1,-2.92,-0.1,-0.82,0.27,-2.51,-2.51,1,1,1,1,1,0,,,0,-1.95
AXISCADES.NS,2026-05-11,14:00,BEARISH,MEDIUM,2091.0,-1.68,-0.06,-0.47,0.24,-1.24,-1.24,1,1,1,1,1,0,,,0,-1.12
AXISCADES.NS,2026-05-12,09:15,BULLISH,HIGH,2055.6,0.28,7.38,2.08,2.58,-3.55,-1.61,1,1,0,1,1,1,-2.37,-2.37,1,-1.09
AXISCADES.NS,2026-05-12,12:00,BULLISH,HIGH,2095.9,0.2,5.33,1.5,0.22,-5.4,-3.5,1,1,0,0,1,1,-2.05,-2.05,1,-0.78
AXISCADES.NS,2026-05-12,14:00,BULLISH,HIGH,2060.6,0.12,3.08,0.87,0.15,-3.78,-1.85,1,1,0,0,1,1,-2.04,-2.04,1,-0.45
AXISCADES.NS,2026-05-13,09:15,BULLISH,MEDIUM,2025.5,0.24,6.21,1.48,2.49,-0.27,0.72,1,1,0,1,1,1,1.184,,0,-1.32
AXISCADES.NS,2026-05-13,12:00,BULLISH,MEDIUM,2065.6,0.17,4.48,1.07,0.5,-1.42,-1.23,1,1,0,0,1,1,-1.535,-0.587,1,-0.95
AXISCADES.NS,2026-05-13,14:00,BULLISH,MEDIUM,2069.3,0.1,2.59,0.62,0.28,-1.6,-1.41,1,1,0,0,1,1,-1.711,-1.166,1,-0.55
AXISCADES.NS,2026-05-14,09:15,BEARISH,LOW,2061.5,-4.06,-0.08,-0.88,0.94,-2.01,-0.07,1,1,0,1,1,0,,,0,-2.11
AXISCADES.NS,2026-05-14,12:00,BEARISH,LOW,2046.3,-2.93,-0.06,-0.64,1.69,-0.17,0.67,1,1,0,0,1,0,,,0,-1.52
AXISCADES.NS,2026-05-14,14:00,BEARISH,LOW,2071.5,-1.69,-0.03,-0.37,0.45,-1.13,-0.55,1,1,1,1,1,0,,,0,-0.88
AXISCADES.NS,2026-05-15,09:15,BEARISH,LOW,2059.9,-3.09,-0.09,-0.77,1.7,-1.69,-0.44,1,1,1,1,1,0,,,0,-1.83
AXISCADES.NS,2026-05-15,12:00,BEARISH,LOW,2055.0,-2.23,-0.07,-0.56,1.09,-0.73,-0.2,1,1,0,1,1,0,,,0,-1.33
AXISCADES.NS,2026-05-15,14:00,BEARISH,LOW,2067.8,-1.29,-0.04,-0.32,0.46,-1.34,-0.82,1,1,1,1,0,0,,,0,-0.77
AXISCADES.NS,2026-05-18,09:15,BULLISH,MEDIUM,2019.8,0.17,3.19,0.99,2.98,-2.88,-0.67,1,1,1,1,1,1,-2.01,-2.01,1,-0.98
AXISCADES.NS,2026-05-18,12:00,BULLISH,MEDIUM,1979.2,0.12,2.3,0.72,1.85,-0.88,1.37,1,1,1,1,1,1,0.417,0.417,1,-0.71
AXISCADES.NS,2026-05-18,14:00,BULLISH,MEDIUM,1993.0,0.07,1.33,0.41,1.15,-0.1,0.67,1,1,1,1,1,1,0.114,,0,-0.41
AXISCADES.NS,2026-05-19,09:15,BULLISH,MEDIUM,2016.9,0.23,6.01,1.47,4.57,0.0,1.75,1,1,1,1,1,1,1.17,,0,-1.31
AXISCADES.NS,2026-05-19,12:00,BULLISH,MEDIUM,2076.0,0.16,4.34,1.06,0.72,-2.22,-1.15,1,1,0,0,1,1,-2.14,-0.503,1,-0.95
AXISCADES.NS,2026-05-19,14:00,BULLISH,MEDIUM,2086.5,0.09,2.51,0.61,0.22,-2.71,-1.65,1,1,0,0,1,1,-2.09,0.313,1,-0.55
AXISCADES.NS,2026-05-20,09:15,BEARISH,MEDIUM,2026.0,-4.93,-0.12,-1.13,2.37,-0.86,2.0,1,1,0,0,1,0,,,0,-2.69
AXISCADES.NS,2026-05-20,12:00,BEARISH,MEDIUM,2027.7,-3.56,-0.08,-0.82,2.29,-0.33,1.91,1,1,0,0,1,0,,,0,-1.94
AXISCADES.NS,2026-05-20,14:00,BEARISH,MEDIUM,2026.3,-2.06,-0.05,-0.47,2.36,0.0,1.98,0,0,0,0,1,0,,,0,-1.12
AXISCADES.NS,2026-05-21,09:15,BEARISH,MEDIUM,2094.4,-3.22,-0.1,-0.82,2.12,-2.83,-2.36,1,1,1,1,1,0,,,0,-1.96
AXISCADES.NS,2026-05-21,12:00,BEARISH,MEDIUM,2048.5,-2.33,-0.07,-0.59,0.51,-0.65,-0.17,1,1,0,1,1,0,,,0,-1.41
AXISCADES.NS,2026-05-21,14:00,BEARISH,MEDIUM,2052.1,-1.34,-0.04,-0.34,0.33,-0.82,-0.35,1,1,1,1,1,0,,,0,-0.82
AXISCADES.NS,2026-05-22,09:15,BULLISH,MEDIUM,2073.4,0.21,5.39,1.32,0.32,-3.95,-3.93,1,1,0,0,1,1,-2.24,-2.24,1,-1.17
AXISCADES.NS,2026-05-22,12:00,BULLISH,MEDIUM,1997.5,0.15,3.9,0.95,1.24,-0.3,-0.28,1,1,0,1,1,1,0.654,,0,-0.84
AXISCADES.NS,2026-05-22,14:00,BULLISH,MEDIUM,2016.1,0.09,2.25,0.55,0.19,-1.22,-1.2,1,1,0,0,1,1,-1.495,-1.009,1,-0.49
AXISCADES.NS,2026-05-25,09:15,BULLISH,MEDIUM,2024.0,0.21,5.36,1.4,3.14,-1.63,1.18,1,1,1,1,1,1,1.102,1.102,1,-1.05
AXISCADES.NS,2026-05-25,12:00,BULLISH,MEDIUM,2057.0,0.15,3.87,1.01,1.02,-1.17,-0.44,1,1,0,1,1,1,0.712,0.712,1,-0.76
AXISCADES.NS,2026-05-25,14:00,BULLISH,MEDIUM,2046.4,0.09,2.24,0.58,0.18,-0.56,0.07,1,1,0,0,1,1,-0.227,0.284,1,-0.44
AXISCADES.NS,2026-05-26,09:15,BEARISH,MEDIUM,2073.7,-4.71,-0.14,-1.23,0.79,-6.13,-5.87,1,1,1,1,0,0,,,0,-2.94
AXISCADES.NS,2026-05-26,12:00,BEARISH,MEDIUM,2029.9,-3.4,-0.1,-0.89,0.53,-4.1,-3.84,1,1,1,1,0,0,,,0,-2.12
AXISCADES.NS,2026-05-26,14:00,BEARISH,MEDIUM,2013.8,-1.97,-0.06,-0.51,0.0,-3.34,-3.07,1,1,1,1,0,0,,,0,-1.23
AXISCADES.NS,2026-05-27,09:15,BULLISH,HIGH,1937.2,0.3,8.1,2.27,2.11,-2.51,1.45,1,1,0,0,1,1,-2.26,1.965,1,-0.97
AXISCADES.NS,2026-05-27,12:00,BULLISH,HIGH,1956.0,0.22,5.85,1.64,0.71,-1.53,0.48,1,1,0,0,1,1,0.175,0.884,1,-0.7
AXISCADES.NS,2026-05-27,14:00,BULLISH,HIGH,1940.0,0.13,3.38,0.94,1.54,-0.1,1.3,1,1,0,1,1,1,0.644,,0,-0.4
AXISCADES.NS,2026-05-29,09:15,NEUTRAL,HIGH,1863.8,-0.5,0.5,-0.0,0.0,0.0,0.0,1,1,1,1,1,0,,,0,-0.0
AXISCADES.NS,2026-05-29,12:00,NEUTRAL,HIGH,1863.8,-0.5,0.5,-0.0,0.0,0.0,0.0,1,1,1,1,1,0,,,0,-0.0
AXISCADES.NS,2026-05-29,14:00,NEUTRAL,HIGH,1863.8,-0.5,0.5,-0.0,0.0,0.0,0.0,1,1,1,1,1,0,,,0,-0.0
AXISCADES.NS,2026-06-01,09:15,BULLISH,MEDIUM,1770.7,0.18,6.07,1.57,0.0,0.0,0.0,0,0,0,0,1,1,-0.3,,0,-0.44
AXISCADES.NS,2026-06-01,12:00,BULLISH,MEDIUM,1770.7,0.13,4.39,1.14,0.0,0.0,0.0,0,0,0,0,1,1,-0.3,,0,-0.31
AXISCADES.NS,2026-06-01,14:00,BULLISH,MEDIUM,1770.7,0.07,2.53,0.66,0.0,0.0,0.0,0,0,0,0,1,1,-0.3,,0,-0.18
AXISCADES.NS,2026-06-02,09:15,BULLISH,MEDIUM,1682.2,0.15,6.57,1.61,0.0,0.0,0.0,0,0,0,0,1,1,-0.3,,0,-0.49
AXISCADES.NS,2026-06-02,12:00,BULLISH,MEDIUM,1682.2,0.11,4.75,1.16,0.0,0.0,0.0,0,0,0,0,1,1,-0.3,,0,-0.36
AXISCADES.NS,2026-06-02,14:00,BULLISH,MEDIUM,1682.2,0.06,2.74,0.67,0.0,0.0,0.0,0,0,0,0,1,1,-0.3,,0,-0.21
AXISCADES.NS,2026-06-03,09:15,BULLISH,MEDIUM,1633.4,0.25,6.63,2.16,5.66,0.0,2.85,1,1,1,1,1,1,1.855,,0,-0.5
AXISCADES.NS,2026-06-03,12:00,BULLISH,MEDIUM,1695.5,0.18,4.79,1.56,0.09,-1.75,-0.91,1,0,0,0,1,1,-1.214,-0.856,1,-0.36
AXISCADES.NS,2026-06-03,14:00,BULLISH,MEDIUM,1690.0,0.1,2.76,0.9,0.41,-1.11,-0.59,1,1,0,0,1,1,-0.892,-0.683,1,-0.21
AXISCADES.NS,2026-06-04,09:15,BULLISH,LOW,1673.9,0.21,10.48,2.29,5.54,-1.88,5.54,1,1,1,1,1,1,1.988,,0,-2.75
AXISCADES.NS,2026-06-04,12:00,BULLISH,LOW,1709.9,0.15,7.57,1.65,3.32,-0.15,3.32,1,1,0,1,1,1,1.353,,0,-1.98
AXISCADES.NS,2026-06-04,14:00,BULLISH,LOW,1766.7,0.09,4.37,0.95,0.0,0.0,0.0,0,0,0,0,1,1,-0.3,,0,-1.15
AXISCADES.NS,2026-06-05,09:15,BEARISH,MEDIUM,1790.6,-6.98,-0.52,-2.18,3.15,-4.23,2.48,1,1,1,1,1,0,,,0,-5.18
AXISCADES.NS,2026-06-05,12:00,BEARISH,MEDIUM,1820.2,-5.04,-0.37,-1.57,1.47,-1.11,0.81,1,1,0,0,1,0,,,0,-3.75
AXISCADES.NS,2026-06-05,14:00,BEARISH,MEDIUM,1809.0,-2.91,-0.22,-0.91,2.1,-0.19,1.44,1,0,0,0,1,0,,,0,-2.16
AXISCADES.NS,2026-06-08,09:15,BEARISH,LOW,1790.4,-5.48,-0.16,-1.36,5.34,-0.25,3.2,1,1,0,0,1,0,,,0,-3.23
AXISCADES.NS,2026-06-08,12:00,BEARISH,LOW,1829.5,-3.96,-0.12,-0.98,3.09,-0.27,0.99,1,1,0,0,1,0,,,0,-2.33
AXISCADES.NS,2026-06-08,14:00,BEARISH,LOW,1840.0,-2.28,-0.07,-0.57,2.5,-0.42,0.42,1,1,0,0,1,0,,,0,-1.35
AXISCADES.NS,2026-06-09,09:15,BEARISH,LOW,1861.0,-4.83,-0.15,-1.18,4.06,-0.84,3.76,1,1,0,0,1,0,,,0,-2.8
AXISCADES.NS,2026-06-09,12:00,BEARISH,LOW,1919.2,-3.49,-0.11,-0.85,0.9,-0.95,0.61,1,1,0,1,1,0,,,0,-2.02
AXISCADES.NS,2026-06-09,14:00,BEARISH,LOW,1908.8,-2.02,-0.06,-0.49,1.45,-0.2,1.16,1,1,0,0,1,0,,,0,-1.17
AXISCADES.NS,2026-06-10,09:15,BEARISH,MEDIUM,1956.2,-5.1,-0.15,-1.32,3.36,-2.12,-1.91,1,1,0,1,1,0,,,0,-3.14
AXISCADES.NS,2026-06-10,12:00,BEARISH,MEDIUM,1978.2,-3.68,-0.11,-0.95,0.44,-3.2,-3.0,1,1,1,1,1,0,,,0,-2.27
AXISCADES.NS,2026-06-10,14:00,BEARISH,MEDIUM,1982.2,-2.13,-0.06,-0.55,0.0,-3.4,-3.19,1,1,1,1,0,0,,,0,-1.31
AXISCADES.NS,2026-06-11,09:15,BULLISH,LOW,1917.0,0.17,3.93,1.12,2.51,-3.07,-2.71,1,1,1,1,1,1,-2.35,-1.113,1,-1.91
AXISCADES.NS,2026-06-11,12:00,BULLISH,LOW,1946.0,0.12,2.84,0.81,0.08,-4.52,-4.16,1,0,0,0,1,1,-2.34,-2.34,1,-1.38
AXISCADES.NS,2026-06-11,14:00,BULLISH,LOW,1889.9,0.07,1.64,0.47,0.17,-1.68,-1.31,1,1,0,0,1,1,-1.612,0.165,1,-0.8
AXISCADES.NS,2026-06-12,09:15,BULLISH,MEDIUM,1914.9,0.2,5.01,1.38,2.74,-1.76,2.74,1,1,1,1,1,1,1.079,1.079,1,-0.95
AXISCADES.NS,2026-06-12,12:00,BULLISH,MEDIUM,1902.5,0.14,3.62,1.0,3.41,-1.12,3.41,1,1,1,1,1,1,0.696,0.696,1,-0.69
AXISCADES.NS,2026-06-12,14:00,BULLISH,MEDIUM,1898.1,0.08,2.09,0.58,3.65,-0.16,3.65,1,1,1,1,0,1,0.275,,0,-0.4
AXISCADES.NS,2026-06-15,09:15,BEARISH,HIGH,2022.2,-4.33,-0.14,-1.1,0.09,-6.39,-5.94,1,1,1,1,0,0,,,0,-2.62
AXISCADES.NS,2026-06-15,12:00,BEARISH,HIGH,1948.0,-3.13,-0.1,-0.8,0.1,-2.39,-2.36,1,1,1,1,1,0,,,0,-1.89
AXISCADES.NS,2026-06-15,14:00,BEARISH,HIGH,1922.3,-1.81,-0.06,-0.46,0.41,-1.09,-1.06,1,1,1,1,1,0,,,0,-1.09
AXISCADES.NS,2026-06-16,09:15,BULLISH,HIGH,1905.0,0.29,7.09,1.83,0.52,-4.57,-3.96,1,1,0,0,1,1,-2.44,-2.44,1,-1.05
AXISCADES.NS,2026-06-16,12:00,BULLISH,HIGH,1857.5,0.21,5.12,1.32,0.08,-2.13,-1.51,1,0,0,0,1,1,-1.807,-1.053,1,-0.76
AXISCADES.NS,2026-06-16,14:00,BULLISH,HIGH,1838.2,0.12,2.96,0.76,0.4,-0.93,-0.47,1,1,0,0,1,1,-0.773,0.463,1,-0.44
AXISCADES.NS,2026-06-17,09:15,BULLISH,HIGH,1835.0,0.26,7.04,1.83,4.44,-0.38,4.44,1,1,1,1,1,1,1.535,,0,-1.05
AXISCADES.NS,2026-06-17,12:00,BULLISH,HIGH,1842.9,0.19,5.09,1.33,3.99,-0.34,3.99,1,1,1,1,1,1,1.025,,0,-0.76
AXISCADES.NS,2026-06-17,14:00,BULLISH,HIGH,1897.0,0.11,2.94,0.76,1.03,-0.24,1.03,1,1,0,1,1,1,0.465,,0,-0.44
AXISCADES.NS,2026-06-18,09:15,BEARISH,MEDIUM,1912.6,-5.33,-0.15,-1.22,4.05,-1.21,1.72,1,1,0,0,1,0,,,0,-2.91
AXISCADES.NS,2026-06-18,12:00,BEARISH,MEDIUM,1924.3,-3.85,-0.11,-0.88,3.41,-0.11,1.1,1,1,0,0,1,0,,,0,-2.1
AXISCADES.NS,2026-06-18,14:00,BEARISH,MEDIUM,1958.0,-2.22,-0.06,-0.51,0.56,-0.92,-0.64,1,1,0,1,1,0,,,0,-1.21
AXISCADES.NS,2026-06-19,09:15,BEARISH,MEDIUM,1930.2,-4.55,-0.13,-1.14,2.06,-1.0,0.88,1,1,0,0,1,0,,,0,-2.71
AXISCADES.NS,2026-06-19,12:00,BEARISH,MEDIUM,1925.0,-3.29,-0.09,-0.82,1.61,-0.52,1.15,1,1,0,0,1,0,,,0,-1.96
AXISCADES.NS,2026-06-19,14:00,BEARISH,MEDIUM,1926.0,-1.9,-0.05,-0.47,1.56,-0.05,1.1,1,1,0,0,1,0,,,0,-1.13
AXISCADES.NS,2026-06-22,09:15,BEARISH,LOW,1928.0,-3.14,-0.11,-0.85,0.0,-2.74,-2.57,1,1,1,1,1,0,,,0,-2.02
AXISCADES.NS,2026-06-22,12:00,BEARISH,LOW,1887.3,-2.27,-0.08,-0.61,0.16,-0.64,-0.47,1,1,0,1,1,0,,,0,-1.46
AXISCADES.NS,2026-06-22,14:00,BEARISH,LOW,1878.2,-1.31,-0.05,-0.35,0.22,-0.16,0.02,1,1,0,0,1,0,,,0,-0.84
AXISCADES.NS,2026-06-23,09:15,BULLISH,MEDIUM,1896.1,0.22,4.83,1.4,0.62,-3.3,-3.02,1,1,0,0,1,1,-2.36,1.097,1,-0.88
AXISCADES.NS,2026-06-23,12:00,BULLISH,MEDIUM,1847.0,0.16,3.49,1.01,0.33,-0.73,-0.44,1,1,0,0,1,1,-0.739,-0.107,1,-0.63
AXISCADES.NS,2026-06-23,14:00,BULLISH,MEDIUM,1836.3,0.09,2.01,0.58,0.75,-0.07,0.14,1,1,0,1,1,1,0.283,,0,-0.37
AXISCADES.NS,2026-06-24,09:15,BULLISH,HIGH,1880.0,0.21,5.0,1.4,0.11,-6.57,-6.19,1,0,0,0,1,1,-2.36,-2.36,1,-0.86
AXISCADES.NS,2026-06-24,12:00,BULLISH,HIGH,1797.0,0.15,3.61,1.01,0.11,-2.26,-1.85,1,0,0,0,1,1,-2.36,-1.541,1,-0.62
AXISCADES.NS,2026-06-24,14:00,BULLISH,HIGH,1778.9,0.09,2.09,0.58,0.42,-1.26,-0.85,1,1,0,0,1,1,-1.154,0.284,1,-0.36
AXISCADES.NS,2026-06-25,09:15,BULLISH,HIGH,1768.3,0.27,6.76,1.83,0.0,-5.02,-4.38,0,0,0,0,1,1,-2.53,-2.53,1,-1.05
AXISCADES.NS,2026-06-25,12:00,BULLISH,HIGH,1698.8,0.19,4.89,1.32,0.31,-1.14,-0.47,1,1,0,0,1,1,-0.771,-0.009,1,-0.76
AXISCADES.NS,2026-06-25,14:00,BULLISH,HIGH,1683.0,0.11,2.82,0.76,1.18,-0.21,0.46,1,1,0,1,1,1,0.464,,0,-0.44
AXISCADES.NS,2026-06-29,09:15,NEUTRAL,HIGH,1704.9,-0.5,0.5,-0.0,1.07,-4.02,-0.27,1,1,1,1,1,0,,,0,-0.05
AXISCADES.NS,2026-06-29,12:00,NEUTRAL,HIGH,1661.1,-0.5,0.5,0.0,2.72,-1.49,2.36,0,1,1,0,1,0,,,0,-0.04
AXISCADES.NS,2026-06-29,14:00,NEUTRAL,HIGH,1670.1,-0.5,0.5,0.0,2.17,-0.6,1.81,0,1,1,0,1,0,,,0,-0.02
AXISCADES.NS,2026-06-30,09:15,BULLISH,LOW,1750.0,0.13,4.59,1.09,1.94,-4.63,-2.87,1,1,0,1,1,1,-2.48,-2.48,1,-2.27
AXISCADES.NS,2026-06-30,12:00,BULLISH,LOW,1738.0,0.1,3.32,0.79,2.65,-3.97,-2.2,1,1,1,1,1,1,-2.46,-2.46,1,-1.64
AXISCADES.NS,2026-06-30,14:00,BULLISH,LOW,1777.9,0.06,1.92,0.46,0.34,-6.13,-4.39,1,1,0,0,1,1,-2.45,-2.45,1,-0.95
AXISCADES.NS,2026-07-01,09:15,BULLISH,MEDIUM,1714.0,0.16,8.56,1.89,1.05,-3.43,-2.4,1,1,0,0,1,1,-2.9,-0.808,1,-1.9
AXISCADES.NS,2026-07-01,12:00,BULLISH,MEDIUM,1686.4,0.11,6.18,1.37,0.75,-1.85,-0.8,1,1,0,0,1,1,-1.101,1.067,1,-1.37
AXISCADES.NS,2026-07-01,14:00,BULLISH,MEDIUM,1682.1,0.06,3.57,0.79,0.47,-1.6,-0.55,1,1,0,0,1,1,-0.847,0.489,1,-0.79
AXISCADES.NS,2026-07-02,09:15,BULLISH,HIGH,1673.8,0.34,8.52,2.35,0.85,-1.42,0.59,1,1,0,0,1,1,0.285,1.168,1,-0.87
AXISCADES.NS,2026-07-02,12:00,BULLISH,HIGH,1672.3,0.24,6.15,1.7,0.94,-1.27,0.68,1,1,0,0,1,1,0.376,1.014,1,-0.63
AXISCADES.NS,2026-07-02,14:00,BULLISH,HIGH,1679.9,0.14,3.55,0.98,0.48,-0.9,0.22,1,1,0,0,1,1,-0.08,0.282,1,-0.36
AXISCADES.NS,2026-07-03,09:15,NEUTRAL,LOW,1688.0,-0.5,0.5,0.0,0.71,-2.62,-2.12,0,1,1,0,1,0,,,0,-1.38
AXISCADES.NS,2026-07-03,12:00,NEUTRAL,LOW,1653.1,-0.5,0.5,0.0,0.96,-0.56,-0.05,1,1,1,1,1,0,,,0,-1.0
AXISCADES.NS,2026-07-03,14:00,NEUTRAL,LOW,1656.0,-0.5,0.5,0.0,0.37,-0.74,-0.23,1,1,1,1,1,0,,,0,-0.57
AXISCADES.NS,2026-07-06,09:15,BULLISH,HIGH,1648.0,0.27,6.26,1.69,0.66,-4.05,-2.91,1,1,0,0,1,1,-2.4,-2.4,1,-0.82
AXISCADES.NS,2026-07-06,12:00,BULLISH,HIGH,1613.6,0.19,4.52,1.22,1.14,-2.0,-0.84,1,1,0,0,1,1,-1.143,0.921,1,-0.59
AXISCADES.NS,2026-07-06,14:00,BULLISH,HIGH,1610.7,0.11,2.61,0.71,1.32,-1.15,-0.66,1,1,0,1,1,1,0.405,0.405,1,-0.34
AXISCADES.NS,2026-07-07,09:15,BULLISH,HIGH,1596.9,0.31,7.81,2.26,0.82,-4.99,-3.9,1,1,0,0,1,1,-2.46,-2.46,1,-1.09
AXISCADES.NS,2026-07-07,12:00,BULLISH,HIGH,1540.0,0.22,5.64,1.63,0.32,-1.48,-0.34,1,1,0,0,1,1,-0.644,0.149,1,-0.79
AXISCADES.NS,2026-07-07,14:00,BULLISH,HIGH,1528.8,0.13,3.26,0.94,1.06,-0.76,0.39,1,1,0,1,1,1,0.643,0.643,1,-0.45
AXISCADES.NS,2026-07-08,09:15,BULLISH,HIGH,1508.7,0.29,8.35,2.13,5.79,0.0,1.79,1,1,1,1,1,1,1.834,,0,-1.81
AXISCADES.NS,2026-07-08,12:00,BULLISH,HIGH,1557.0,0.21,6.03,1.54,2.5,-1.94,-1.37,1,1,0,1,1,1,1.241,-0.369,1,-1.3
AXISCADES.NS,2026-07-08,14:00,BULLISH,HIGH,1565.7,0.12,3.48,0.89,0.26,-2.48,-1.92,1,1,0,0,1,1,-2.55,0.59,1,-0.75
AXISCADES.NS,2026-07-09,09:15,BULLISH,HIGH,1538.0,0.32,6.82,1.86,4.9,-0.85,3.97,1,1,1,1,1,1,1.556,,0,-1.13
AXISCADES.NS,2026-07-09,12:00,BULLISH,HIGH,1567.0,0.23,4.92,1.34,2.95,-0.07,2.05,1,1,1,1,1,1,1.041,,0,-0.82
AXISCADES.NS,2026-07-09,14:00,BULLISH,HIGH,1584.4,0.13,2.84,0.77,1.82,-0.44,0.93,1,1,1,1,1,1,0.474,,0,-0.47
AXISCADES.NS,2026-07-10,09:15,BEARISH,MEDIUM,1621.0,-5.39,-0.17,-1.41,1.07,-2.02,-1.6,1,1,0,1,1,0,,,0,-3.35
AXISCADES.NS,2026-07-10,12:00,BEARISH,MEDIUM,1632.0,-3.89,-0.13,-1.02,0.37,-2.57,-2.26,1,1,1,1,1,0,,,0,-2.42
AXISCADES.NS,2026-07-10,14:00,BEARISH,MEDIUM,1605.3,-2.25,-0.07,-0.59,0.29,-0.95,-0.64,1,1,0,1,1,0,,,0,-1.4
AXISCADES.NS,2026-07-13,09:15,BULLISH,LOW,1600.0,0.14,3.08,0.85,1.92,-0.75,-0.01,1,1,1,1,1,1,0.554,,0,-1.32
AXISCADES.NS,2026-07-13,12:00,BULLISH,LOW,1596.0,0.1,2.22,0.62,0.87,-0.25,0.24,1,1,0,1,1,1,0.317,,0,-0.96
AXISCADES.NS,2026-07-13,14:00,BULLISH,LOW,1598.0,0.06,1.28,0.36,0.74,-0.05,0.12,1,1,1,1,1,1,0.056,,0,-0.55
AXISCADES.NS,2026-07-14,09:15,BULLISH,LOW,1601.3,0.1,2.87,0.64,3.56,-1.46,2.04,1,1,1,1,0,1,0.341,0.341,1,-1.14
AXISCADES.NS,2026-07-14,12:00,BULLISH,LOW,1619.5,0.07,2.07,0.46,2.4,-0.84,0.89,1,1,1,1,0,1,0.163,0.163,1,-0.82
AXISCADES.NS,2026-07-14,14:00,BULLISH,LOW,1624.0,0.04,1.2,0.27,2.11,-0.25,0.61,1,1,1,1,0,1,-0.033,,0,-0.47
AXISCADES.NS,2026-07-15,09:15,BEARISH,HIGH,1629.0,-6.16,-0.21,-1.72,1.28,-2.05,-1.3,1,1,0,1,1,0,,,0,-4.09
AXISCADES.NS,2026-07-15,12:00,BEARISH,HIGH,1614.3,-4.45,-0.15,-1.24,0.12,-1.16,-0.4,1,1,0,0,1,0,,,0,-2.95
AXISCADES.NS,2026-07-15,14:00,BEARISH,HIGH,1602.0,-2.57,-0.09,-0.72,0.84,0.0,0.37,0,0,0,0,1,0,,,0,-1.71
AXISCADES.NS,2026-07-16,09:15,BULLISH,MEDIUM,1600.0,0.15,3.94,0.98,1.43,-2.54,-2.25,1,1,0,1,1,1,-2.3,-1.791,1,-0.77
AXISCADES.NS,2026-07-16,12:00,BULLISH,MEDIUM,1581.6,0.11,2.85,0.71,0.87,-1.4,-1.11,1,1,0,1,1,1,0.406,-0.866,1,-0.55
AXISCADES.NS,2026-07-16,14:00,BULLISH,MEDIUM,1567.0,0.06,1.64,0.41,0.51,-0.49,-0.19,1,1,0,1,1,1,0.108,0.108,1,-0.32
AXISCADES.NS,2026-07-17,09:15,BULLISH,HIGH,1573.0,0.16,3.76,1.03,0.0,-2.19,-1.3,0,0,0,0,1,1,-2.34,-0.867,1,-0.74
AXISCADES.NS,2026-07-17,12:00,BULLISH,HIGH,1552.2,0.11,2.72,0.75,1.09,-0.88,0.02,1,1,0,1,1,1,0.447,0.252,1,-0.53
AXISCADES.NS,2026-07-17,14:00,BULLISH,HIGH,1557.1,0.07,1.57,0.43,0.39,-1.19,-0.3,1,1,0,0,1,1,-0.595,0.132,1,-0.31
AXISCADES.NS,2026-07-20,09:15,BULLISH,MEDIUM,1558.2,0.14,3.57,0.92,2.49,-2.35,1.51,1,1,1,1,1,1,-2.27,0.617,1,-0.78
AXISCADES.NS,2026-07-20,12:00,BULLISH,MEDIUM,1533.7,0.1,2.58,0.66,4.13,-0.79,3.14,1,1,1,1,0,1,0.362,0.362,1,-0.56
AXISCADES.NS,2026-07-20,14:00,BULLISH,MEDIUM,1584.7,0.06,1.49,0.38,0.78,-0.3,-0.18,1,1,1,1,1,1,0.082,,0,-0.33
AXISCADES.NS,2026-07-21,09:15,BEARISH,LOW,1578.3,-3.11,-0.1,-0.81,0.98,-0.84,0.04,1,1,0,1,1,0,,,0,-1.93
AXISCADES.NS,2026-07-21,12:00,BEARISH,LOW,1579.3,-2.25,-0.07,-0.59,0.51,-0.27,-0.03,1,1,0,0,1,0,,,0,-1.4
DIACABS.NS,2026-04-29,09:15,BULLISH,MEDIUM,165.16,0.18,4.2,1.17,0.94,-4.0,-1.9,1,1,0,0,1,1,-2.13,-2.13,1,-0.82
DIACABS.NS,2026-04-29,12:00,BULLISH,MEDIUM,160.69,0.13,3.03,0.85,1.15,-1.25,0.83,1,1,0,1,1,1,0.546,0.546,1,-0.59
DIACABS.NS,2026-04-29,14:00,BULLISH,MEDIUM,159.18,0.08,1.75,0.49,2.1,-0.31,1.79,1,1,1,1,0,1,0.19,,0,-0.34
DIACABS.NS,2026-04-30,09:15,BULLISH,HIGH,160.1,0.23,6.02,1.49,2.62,-2.5,-1.41,1,1,0,1,1,1,-2.3,-0.599,1,-1.11
DIACABS.NS,2026-04-30,12:00,BULLISH,HIGH,156.26,0.16,4.35,1.08,1.64,0.0,1.02,1,1,0,1,1,1,0.775,,0,-0.8
DIACABS.NS,2026-04-30,14:00,BULLISH,HIGH,158.01,0.09,2.51,0.62,0.31,-0.73,-0.1,1,1,0,0,1,1,-0.401,0.32,1,-0.46
DIACABS.NS,2026-05-04,09:15,NEUTRAL,HIGH,158.95,-0.5,0.5,0.0,5.88,-0.39,4.32,0,1,1,0,1,0,,,0,-0.0
DIACABS.NS,2026-05-04,12:00,NEUTRAL,HIGH,165.59,-0.5,0.5,0.0,1.64,-1.09,0.14,1,1,1,1,1,0,,,0,-0.0
DIACABS.NS,2026-05-04,14:00,NEUTRAL,HIGH,164.8,-0.5,0.5,-0.0,2.12,-0.15,0.62,1,1,1,1,1,0,,,0,-0.0
DIACABS.NS,2026-05-05,09:15,BEARISH,HIGH,167.5,-7.98,-0.26,-2.21,2.57,-0.72,-0.27,1,1,0,0,1,0,,,0,-5.25
DIACABS.NS,2026-05-05,12:00,BEARISH,HIGH,167.25,-5.77,-0.18,-1.6,1.79,-0.3,-0.12,1,1,0,0,1,0,,,0,-3.8
DIACABS.NS,2026-05-05,14:00,BEARISH,HIGH,169.11,-3.33,-0.11,-0.92,0.04,-1.4,-1.22,1,1,0,1,1,0,,,0,-2.19
DIACABS.NS,2026-05-06,09:15,BEARISH,MEDIUM,172.02,-5.06,-0.15,-1.41,4.88,-3.41,2.95,1,1,1,1,1,0,,,0,-3.36
DIACABS.NS,2026-05-06,12:00,BEARISH,MEDIUM,170.68,-3.65,-0.11,-1.02,5.7,-0.62,3.76,1,1,0,0,1,0,,,0,-2.43
DIACABS.NS,2026-05-06,14:00,BEARISH,MEDIUM,173.57,-2.11,-0.06,-0.59,3.94,-0.03,2.03,1,0,0,0,1,0,,,0,-1.4
DIACABS.NS,2026-05-07,09:15,BEARISH,MEDIUM,179.26,-7.15,-0.2,-1.94,2.42,-5.89,-5.31,1,1,1,1,1,0,,,0,-4.62
DIACABS.NS,2026-05-07,12:00,BEARISH,MEDIUM,169.88,-5.17,-0.14,-1.4,4.27,-0.3,-0.08,1,1,0,0,1,0,,,0,-3.34
DIACABS.NS,2026-05-07,14:00,BEARISH,MEDIUM,171.73,-2.98,-0.08,-0.81,0.0,-1.3,-1.16,1,1,0,1,1,0,,,0,-1.93
DIACABS.NS,2026-05-08,09:15,BULLISH,HIGH,170.6,0.34,12.96,3.55,8.19,-1.26,0.9,1,1,1,1,1,1,3.246,,0,-1.47
DIACABS.NS,2026-05-08,12:00,BULLISH,HIGH,171.95,0.25,9.36,2.56,7.34,-0.76,0.1,1,1,1,1,1,1,2.259,,0,-1.06
DIACABS.NS,2026-05-08,14:00,BULLISH,HIGH,178.73,0.14,5.4,1.48,0.13,-4.16,-3.69,1,0,0,0,1,1,-2.25,-2.25,1,-0.61
DIACABS.NS,2026-05-11,09:15,BULLISH,LOW,172.35,0.12,7.42,1.62,3.84,-2.47,1.27,1,1,1,1,1,1,1.325,,0,-4.51
DIACABS.NS,2026-05-11,12:00,BULLISH,LOW,172.51,0.09,5.36,1.17,3.74,-0.59,1.18,1,1,1,1,1,1,0.871,,0,-3.26
DIACABS.NS,2026-05-11,14:00,BULLISH,LOW,173.13,0.05,3.09,0.68,3.37,-0.01,0.81,1,1,1,1,0,1,0.376,,0,-1.88
DIACABS.NS,2026-05-12,09:15,BEARISH,LOW,174.61,-5.08,-0.14,-1.13,0.8,-3.49,-2.34,1,1,1,1,1,0,,,0,-2.69
DIACABS.NS,2026-05-12,12:00,BEARISH,LOW,173.81,-3.67,-0.1,-0.82,0.06,-3.04,-1.89,1,1,1,1,1,0,,,0,-1.94
DIACABS.NS,2026-05-12,14:00,BEARISH,LOW,171.06,-2.12,-0.06,-0.47,0.33,-1.48,-0.32,1,1,1,1,1,0,,,0,-1.12
DIACABS.NS,2026-05-13,09:15,BULLISH,HIGH,170.5,0.31,6.14,1.9,4.16,0.0,2.7,1,1,1,1,1,1,1.6,,0,-1.32
DIACABS.NS,2026-05-13,12:00,BULLISH,HIGH,174.42,0.22,4.44,1.38,1.82,-0.45,0.39,1,1,0,1,1,1,1.076,,0,-0.95
DIACABS.NS,2026-05-13,14:00,BULLISH,HIGH,177.2,0.13,2.56,0.8,0.23,-1.48,-1.19,1,1,0,0,1,1,-1.485,-0.939,1,-0.55
DIACABS.NS,2026-05-14,09:15,BEARISH,MEDIUM,175.25,-6.26,-0.16,-1.42,9.55,0.0,9.55,0,0,0,0,1,0,,,0,-3.38
DIACABS.NS,2026-05-14,12:00,BEARISH,MEDIUM,182.8,-4.52,-0.12,-1.03,5.03,-0.35,5.03,1,1,0,0,1,0,,,0,-2.44
DIACABS.NS,2026-05-14,14:00,BEARISH,MEDIUM,191.99,-2.61,-0.07,-0.59,0.0,-0.69,0.0,1,1,0,1,1,0,,,0,-1.41
DIACABS.NS,2026-05-15,09:15,BEARISH,HIGH,196.0,-8.64,-0.31,-2.52,4.46,-1.99,0.64,1,1,0,0,1,0,,,0,-5.99
DIACABS.NS,2026-05-15,12:00,BEARISH,HIGH,196.48,-6.24,-0.23,-1.82,4.21,-1.2,0.39,1,1,0,0,1,0,,,0,-4.33
DIACABS.NS,2026-05-15,14:00,BEARISH,HIGH,197.65,-3.6,-0.13,-1.05,1.38,-1.64,-0.2,1,1,0,1,1,0,,,0,-2.5
DIACABS.NS,2026-05-18,09:15,BEARISH,MEDIUM,195.76,-8.44,-0.24,-1.93,1.27,-3.7,-1.95,1,1,0,1,1,0,,,0,-4.6
DIACABS.NS,2026-05-18,12:00,BEARISH,MEDIUM,191.35,-6.1,-0.17,-1.4,1.88,-0.22,0.31,1,1,0,0,1,0,,,0,-3.32
DIACABS.NS,2026-05-18,14:00,BEARISH,MEDIUM,192.49,-3.52,-0.1,-0.81,0.08,-0.81,-0.29,1,1,0,1,1,0,,,0,-1.92
DIACABS.NS,2026-05-19,09:15,BULLISH,HIGH,194.0,0.27,4.76,1.53,0.0,-3.39,-1.5,0,0,0,0,1,1,-2.35,-2.35,1,-1.34
DIACABS.NS,2026-05-19,12:00,BULLISH,HIGH,191.01,0.2,3.44,1.1,1.41,-1.05,0.04,1,1,0,1,1,1,0.805,0.805,1,-0.97
DIACABS.NS,2026-05-19,14:00,BULLISH,HIGH,193.13,0.11,1.99,0.64,0.3,-1.32,-1.06,1,1,0,0,1,1,-1.356,0.337,1,-0.56
DIACABS.NS,2026-05-20,09:15,BULLISH,HIGH,189.52,0.22,4.37,1.33,6.47,-0.91,2.84,1,1,1,1,0,1,1.03,,0,-0.93
DIACABS.NS,2026-05-20,12:00,BULLISH,HIGH,197.42,0.16,3.15,0.96,2.21,-1.49,-1.27,1,1,1,1,1,1,0.662,-0.905,1,-0.67
DIACABS.NS,2026-05-20,14:00,BULLISH,HIGH,197.6,0.09,1.82,0.56,0.0,-1.58,-1.36,0,0,0,0,1,1,-1.661,-1.275,1,-0.39
DIACABS.NS,2026-05-21,09:15,BEARISH,MEDIUM,198.8,-6.24,-0.2,-1.45,1.81,-3.07,-2.33,1,1,0,1,1,0,,,0,-3.45
DIACABS.NS,2026-05-21,12:00,BEARISH,MEDIUM,196.01,-4.51,-0.14,-1.05,0.33,-1.69,-0.94,1,1,0,1,1,0,,,0,-2.49
DIACABS.NS,2026-05-21,14:00,BEARISH,MEDIUM,195.22,-2.6,-0.08,-0.6,0.44,-0.69,-0.54,1,1,0,1,1,0,,,0,-1.44
DIACABS.NS,2026-05-22,09:15,BULLISH,HIGH,193.61,0.24,5.07,1.51,2.47,-0.3,0.09,1,1,0,1,1,1,1.208,,0,-1.24
DIACABS.NS,2026-05-22,12:00,BULLISH,HIGH,194.84,0.18,3.66,1.09,1.83,-0.77,-0.54,1,1,0,1,1,1,0.788,,0,-0.89
DIACABS.NS,2026-05-22,14:00,BULLISH,HIGH,195.42,0.1,2.11,0.63,0.17,-1.07,-0.83,1,1,0,0,1,1,-1.134,-0.616,1,-0.52
DIACABS.NS,2026-05-25,09:15,BULLISH,MEDIUM,197.5,0.16,3.8,1.07,0.76,-1.72,-0.52,1,1,0,0,1,1,-0.822,0.773,1,-1.13
DIACABS.NS,2026-05-25,12:00,BULLISH,MEDIUM,196.99,0.12,2.75,0.77,0.52,-1.01,-0.26,1,1,0,0,1,1,-0.564,0.472,1,-0.82
DIACABS.NS,2026-05-25,14:00,BULLISH,MEDIUM,195.35,0.07,1.59,0.45,1.37,-0.18,0.57,1,1,1,1,1,1,0.145,,0,-0.47
DIACABS.NS,2026-05-26,09:15,BEARISH,MEDIUM,197.87,-5.02,-0.16,-1.32,6.13,-2.9,4.4,1,1,1,1,1,0,,,0,-3.15
DIACABS.NS,2026-05-26,12:00,BEARISH,MEDIUM,199.04,-3.63,-0.11,-0.95,5.51,-3.47,3.78,1,1,1,1,1,0,,,0,-2.27
DIACABS.NS,2026-05-26,14:00,BEARISH,MEDIUM,197.81,-2.1,-0.07,-0.55,6.16,-0.7,4.43,1,1,0,1,1,0,,,0,-1.31
DIACABS.NS,2026-05-27,09:15,BEARISH,MEDIUM,208.81,-9.86,-0.24,-2.59,1.05,-6.02,-4.6,1,1,1,1,1,0,,,0,-6.15
DIACABS.NS,2026-05-27,12:00,BEARISH,MEDIUM,198.15,-7.12,-0.17,-1.87,3.05,-0.18,0.53,1,1,0,0,1,0,,,0,-4.44
DIACABS.NS,2026-05-27,14:00,BEARISH,MEDIUM,201.66,-4.11,-0.1,-1.08,0.17,-1.91,-1.22,1,1,0,1,1,0,,,0,-2.57
DIACABS.NS,2026-05-29,09:15,NEUTRAL,HIGH,201.4,-0.5,0.5,0.0,0.49,-4.17,-3.67,0,1,1,0,1,0,,,0,-0.0
DIACABS.NS,2026-05-29,12:00,NEUTRAL,HIGH,196.29,-0.5,0.5,0.0,2.27,-1.67,-1.17,0,1,1,0,1,0,,,0,-0.0
DIACABS.NS,2026-05-29,14:00,NEUTRAL,HIGH,195.23,-0.5,0.5,0.0,2.82,-1.14,-0.63,1,1,1,1,1,0,,,0,-0.0
DIACABS.NS,2026-06-01,09:15,BULLISH,HIGH,195.04,0.25,6.51,1.82,0.88,-7.22,-5.76,1,1,0,0,1,1,-2.3,1.52,1,-0.99
DIACABS.NS,2026-06-01,12:00,BULLISH,HIGH,185.2,0.18,4.7,1.32,1.94,-2.29,-0.76,1,1,0,1,1,1,-2.3,-0.336,1,-0.72
DIACABS.NS,2026-06-01,14:00,BULLISH,HIGH,186.32,0.1,2.71,0.76,0.07,-2.88,-1.35,1,0,0,0,1,1,-2.29,-2.29,1,-0.41
DIACABS.NS,2026-06-02,09:15,BULLISH,HIGH,181.35,0.29,7.97,2.09,8.38,0.0,8.35,1,1,1,1,0,1,1.79,,0,-1.09
DIACABS.NS,2026-06-02,12:00,BULLISH,HIGH,191.0,0.21,5.76,1.51,2.91,-0.63,2.88,1,1,0,1,1,1,1.208,,0,-0.79
DIACABS.NS,2026-06-02,14:00,BULLISH,HIGH,191.79,0.12,3.32,0.87,2.48,0.0,2.46,1,1,1,1,1,1,0.571,,0,-0.45
DIACABS.NS,2026-06-03,09:15,BEARISH,MEDIUM,192.26,-6.13,-0.15,-1.32,0.48,-2.68,-1.93,1,1,0,1,1,0,,,0,-3.15
DIACABS.NS,2026-06-03,12:00,BEARISH,MEDIUM,188.15,-4.43,-0.11,-0.96,1.49,-0.47,0.21,1,1,0,0,1,0,,,0,-2.27
DIACABS.NS,2026-06-03,14:00,BEARISH,MEDIUM,190.46,-2.56,-0.06,-0.55,0.24,-1.17,-1.0,1,1,0,1,1,0,,,0,-1.31
DIACABS.NS,2026-06-04,09:15,BULLISH,HIGH,188.84,0.21,4.58,1.4,4.52,-0.6,2.04,1,1,1,1,1,1,1.098,,0,-0.91
DIACABS.NS,2026-06-04,12:00,BULLISH,HIGH,196.74,0.15,3.3,1.01,0.32,-2.41,-2.05,1,1,0,0,1,1,-2.49,-1.713,1,-0.65
DIACABS.NS,2026-06-04,14:00,BULLISH,HIGH,193.5,0.09,1.91,0.58,0.24,-0.78,-0.41,1,1,0,0,1,1,-0.713,0.284,1,-0.38
DIACABS.NS,2026-06-05,09:15,BEARISH,MEDIUM,194.01,-5.05,-0.13,-1.18,7.21,-1.16,5.22,1,1,0,0,1,0,,,0,-2.8
DIACABS.NS,2026-06-05,12:00,BEARISH,MEDIUM,201.52,-3.65,-0.09,-0.85,3.22,-0.18,1.3,1,1,0,0,1,0,,,0,-2.02
DIACABS.NS,2026-06-05,14:00,BEARISH,MEDIUM,201.93,-2.1,-0.05,-0.49,1.72,0.0,1.09,0,0,0,0,1,0,,,0,-1.17
DIACABS.NS,2026-06-08,09:15,BEARISH,MEDIUM,201.4,-7.08,-0.21,-1.9,5.39,-2.08,-1.34,1,1,0,1,1,0,,,0,-4.51
DIACABS.NS,2026-06-08,12:00,BEARISH,MEDIUM,201.43,-5.11,-0.15,-1.37,1.7,-2.09,-1.35,1,1,0,1,1,0,,,0,-3.26
DIACABS.NS,2026-06-08,14:00,BEARISH,MEDIUM,200.5,-2.95,-0.09,-0.79,0.43,-1.64,-0.89,1,1,1,1,1,0,,,0,-1.88
DIACABS.NS,2026-06-09,09:15,BULLISH,HIGH,201.29,0.28,6.78,1.99,1.69,-1.08,0.81,1,1,0,0,1,1,0.51,,0,-1.45
DIACABS.NS,2026-06-09,12:00,BULLISH,HIGH,200.5,0.2,4.9,1.44,1.3,-0.25,1.21,1,1,0,0,1,1,0.907,,0,-1.05
DIACABS.NS,2026-06-09,14:00,BULLISH,HIGH,200.19,0.12,2.83,0.83,1.46,-0.09,1.36,1,1,0,1,1,1,0.529,,0,-0.61
DIACABS.NS,2026-06-10,09:15,BEARISH,MEDIUM,204.99,-4.92,-0.13,-1.17,0.3,-4.09,-3.86,1,1,1,1,1,0,,,0,-2.78
DIACABS.NS,2026-06-10,12:00,BEARISH,MEDIUM,203.67,-3.55,-0.1,-0.84,0.95,-3.47,-3.24,1,1,1,1,1,0,,,0,-2.01
DIACABS.NS,2026-06-10,14:00,BEARISH,MEDIUM,200.39,-2.05,-0.06,-0.49,0.0,-1.89,-1.66,1,1,1,1,1,0,,,0,-1.16
DIACABS.NS,2026-06-11,09:15,BULLISH,HIGH,198.11,0.23,5.47,1.73,1.08,-3.02,-2.07,1,1,0,0,1,1,-2.49,1.431,1,-0.98
DIACABS.NS,2026-06-11,12:00,BULLISH,HIGH,197.32,0.17,3.95,1.25,0.05,-2.64,-1.68,1,0,0,0,1,1,-2.48,-1.28,1,-0.71
DIACABS.NS,2026-06-11,14:00,BULLISH,HIGH,193.5,0.1,2.28,0.72,1.98,-0.68,0.26,1,1,1,1,1,1,0.424,0.424,1,-0.41
DIACABS.NS,2026-06-12,09:15,BULLISH,HIGH,197.5,0.23,5.38,1.6,2.98,-0.2,2.21,1,1,1,1,1,1,1.3,,0,-0.94
DIACABS.NS,2026-06-12,12:00,BULLISH,HIGH,199.56,0.17,3.89,1.15,1.91,-0.28,1.16,1,1,0,1,1,1,0.853,,0,-0.68
DIACABS.NS,2026-06-12,14:00,BULLISH,HIGH,202.36,0.1,2.24,0.67,0.35,-0.51,-0.24,1,1,0,0,1,1,-0.542,-0.152,1,-0.39
DIACABS.NS,2026-06-15,09:15,BEARISH,MEDIUM,207.44,-5.57,-0.17,-1.48,5.08,-1.12,3.4,1,1,0,0,1,0,,,0,-3.52
DIACABS.NS,2026-06-15,12:00,BEARISH,MEDIUM,212.39,-4.03,-0.12,-1.07,2.63,-0.28,0.99,1,1,0,0,1,0,,,0,-2.54
DIACABS.NS,2026-06-15,14:00,BEARISH,MEDIUM,217.04,-2.32,-0.07,-0.62,0.43,-1.49,-1.17,1,1,1,1,1,0,,,0,-1.47
DIACABS.NS,2026-06-16,09:15,BEARISH,HIGH,217.0,-7.95,-0.27,-2.39,0.87,-5.82,-4.86,1,1,1,1,1,0,,,0,-5.69
DIACABS.NS,2026-06-16,12:00,BEARISH,HIGH,211.5,-5.74,-0.19,-1.73,1.24,-3.38,-2.38,1,1,1,1,1,0,,,0,-4.11
DIACABS.NS,2026-06-16,14:00,BEARISH,HIGH,213.36,-3.31,-0.11,-1.0,0.36,-4.22,-3.23,1,1,1,1,0,0,,,0,-2.37
DIACABS.NS,2026-06-17,09:15,BULLISH,HIGH,206.4,0.3,8.64,2.41,0.61,-1.63,-0.78,1,1,0,0,1,1,-1.08,0.451,1,-1.52
DIACABS.NS,2026-06-17,12:00,BULLISH,HIGH,204.92,0.22,6.24,1.74,0.59,-0.74,-0.06,1,1,0,0,1,1,-0.363,,0,-1.1
DIACABS.NS,2026-06-17,14:00,BULLISH,HIGH,205.69,0.13,3.6,1.01,0.18,-1.11,-0.44,1,1,0,0,1,1,-0.738,-0.096,1,-0.64
DIACABS.NS,2026-06-18,09:15,BULLISH,MEDIUM,205.3,0.2,4.62,1.31,0.75,-2.53,-1.38,1,1,0,0,1,1,-2.44,1.01,1,-1.15
DIACABS.NS,2026-06-18,12:00,BULLISH,MEDIUM,200.89,0.15,3.34,0.95,2.96,-0.39,0.78,1,1,1,1,1,1,0.646,,0,-0.83
DIACABS.NS,2026-06-18,14:00,BULLISH,MEDIUM,203.9,0.09,1.93,0.54,0.2,-1.42,-0.71,1,1,0,0,1,1,-1.006,0.244,1,-0.48
DIACABS.NS,2026-06-19,09:15,BULLISH,MEDIUM,204.96,0.22,4.63,1.29,2.65,-0.31,2.34,1,1,1,1,1,1,0.993,,0,-1.1
DIACABS.NS,2026-06-19,12:00,BULLISH,MEDIUM,208.22,0.16,3.35,0.93,1.03,-0.76,0.74,1,1,0,1,1,1,0.632,,0,-0.8
DIACABS.NS,2026-06-19,14:00,BULLISH,MEDIUM,208.4,0.09,1.93,0.54,0.94,-0.84,0.65,1,1,0,1,1,1,0.237,0.237,1,-0.46
DIACABS.NS,2026-06-22,09:15,BEARISH,MEDIUM,211.01,-6.01,-0.17,-1.63,1.39,-2.09,-1.7,1,1,0,1,1,0,,,0,-3.86
DIACABS.NS,2026-06-22,12:00,BEARISH,MEDIUM,208.15,-4.34,-0.12,-1.17,0.62,-0.36,-0.35,1,1,0,0,1,0,,,0,-2.79
DIACABS.NS,2026-06-22,14:00,BEARISH,MEDIUM,208.39,-2.51,-0.07,-0.68,0.19,-0.48,-0.47,1,1,0,0,1,0,,,0,-1.61
DIACABS.NS,2026-06-23,09:15,BULLISH,HIGH,208.0,0.19,4.03,1.24,0.25,-3.72,-2.8,1,1,0,0,1,1,-2.28,0.936,1,-1.03
DIACABS.NS,2026-06-23,12:00,BULLISH,HIGH,202.0,0.13,2.91,0.89,0.71,-0.86,0.09,1,1,0,0,1,1,-0.211,0.591,1,-0.74
DIACABS.NS,2026-06-23,14:00,BULLISH,HIGH,200.62,0.08,1.68,0.51,1.4,-0.04,0.78,1,1,1,1,1,1,0.213,,0,-0.43
DIACABS.NS,2026-06-24,09:15,BULLISH,HIGH,203.77,0.18,4.23,1.07,2.39,-1.75,0.82,1,1,1,1,1,1,0.775,0.775,1,-0.83
DIACABS.NS,2026-06-24,12:00,BULLISH,HIGH,206.75,0.13,3.06,0.77,0.11,-1.28,-0.63,1,0,0,0,1,1,-0.929,-0.329,1,-0.6
DIACABS.NS,2026-06-24,14:00,BULLISH,HIGH,204.88,0.08,1.76,0.45,0.93,-0.33,0.28,1,1,1,1,1,1,0.149,,0,-0.35
DIACABS.NS,2026-06-25,09:15,BEARISH,LOW,206.0,-4.38,-0.11,-0.88,3.25,-1.84,0.18,1,1,0,1,1,0,,,0,-2.09
DIACABS.NS,2026-06-25,12:00,BEARISH,LOW,210.74,-3.16,-0.08,-0.64,0.0,-2.25,-2.07,1,1,1,1,1,0,,,0,-1.51
DIACABS.NS,2026-06-25,14:00,BEARISH,LOW,208.5,-1.83,-0.05,-0.36,0.2,-1.2,-1.02,1,1,1,1,1,0,,,0,-0.87
DIACABS.NS,2026-06-29,09:15,NEUTRAL,HIGH,208.5,-0.5,0.5,0.0,1.12,-2.06,0.16,1,1,1,1,1,0,,,0,-0.22
DIACABS.NS,2026-06-29,12:00,NEUTRAL,HIGH,208.17,-0.5,0.5,0.0,1.13,-0.74,0.32,1,1,1,1,1,0,,,0,-0.16
DIACABS.NS,2026-06-29,14:00,NEUTRAL,HIGH,209.77,-0.5,0.5,-0.0,0.2,-1.02,-0.45,1,1,1,1,1,0,,,0,-0.09
DIACABS.NS,2026-06-30,09:15,BEARISH,MEDIUM,211.96,-4.71,-0.17,-1.23,1.62,-2.58,-1.22,1,1,1,1,1,0,,,0,-2.92
DIACABS.NS,2026-06-30,12:00,BEARISH,MEDIUM,208.45,-3.4,-0.12,-0.89,0.93,-0.34,0.45,1,1,0,0,1,0,,,0,-2.11
DIACABS.NS,2026-06-30,14:00,BEARISH,MEDIUM,209.05,-1.97,-0.07,-0.51,0.22,-0.63,0.16,1,1,0,1,1,0,,,0,-1.22
DIACABS.NS,2026-07-01,09:15,BEARISH,LOW,211.05,-4.78,-0.17,-1.28,0.41,-1.84,-0.89,1,1,0,1,1,0,,,0,-3.05
DIACABS.NS,2026-07-01,12:00,BEARISH,LOW,209.22,-3.45,-0.12,-0.93,1.29,-0.98,-0.02,1,1,0,1,1,0,,,0,-2.21
DIACABS.NS,2026-07-01,14:00,BEARISH,LOW,207.51,-1.99,-0.07,-0.53,2.13,-0.16,0.8,1,1,0,0,1,0,,,0,-1.27
DIACABS.NS,2026-07-02,09:15,BULLISH,MEDIUM,209.79,0.14,2.89,0.82,1.74,-1.19,0.24,1,1,1,1,1,1,0.52,0.52,1,-0.82
DIACABS.NS,2026-07-02,12:00,BULLISH,MEDIUM,210.64,0.1,2.08,0.59,0.26,-0.75,-0.16,1,1,0,0,1,1,-0.461,0.293,1,-0.6
DIACABS.NS,2026-07-02,14:00,BULLISH,MEDIUM,210.75,0.06,1.2,0.34,0.21,-0.48,-0.21,1,1,0,0,1,1,-0.514,0.042,1,-0.34
DIACABS.NS,2026-07-03,09:15,BEARISH,MEDIUM,211.57,-3.85,-0.13,-0.99,0.0,-6.54,-6.19,1,1,1,1,0,0,,,0,-2.36
DIACABS.NS,2026-07-03,12:00,BEARISH,MEDIUM,202.6,-2.78,-0.09,-0.72,0.14,-2.4,-2.03,1,1,1,1,1,0,,,0,-1.7
DIACABS.NS,2026-07-03,14:00,BEARISH,MEDIUM,201.4,-1.6,-0.05,-0.41,0.25,-1.82,-1.45,1,1,1,1,0,0,,,0,-0.98
DIACABS.NS,2026-07-06,09:15,BULLISH,HIGH,213.8,0.29,7.11,1.91,2.32,-0.28,2.32,1,1,0,1,1,1,1.608,,0,-0.98
DIACABS.NS,2026-07-06,12:00,BULLISH,HIGH,218.77,0.21,5.14,1.38,0.0,-0.4,0.0,0,0,0,0,1,1,-0.3,,0,-0.71
DIACABS.NS,2026-07-06,14:00,BULLISH,HIGH,218.77,0.12,2.97,0.8,0.0,0.0,0.0,0,0,0,0,1,1,-0.3,,0,-0.41
DIACABS.NS,2026-07-07,09:15,BEARISH,MEDIUM,226.94,-7.53,-0.28,-2.33,2.31,-2.93,-0.97,1,1,0,1,1,0,,,0,-5.54
DIACABS.NS,2026-07-07,12:00,BEARISH,MEDIUM,228.86,-5.44,-0.2,-1.68,1.26,-2.24,-1.8,1,1,0,1,1,0,,,0,-4.0
DIACABS.NS,2026-07-07,14:00,BEARISH,MEDIUM,227.77,-3.14,-0.11,-0.97,0.72,-1.77,-1.33,1,1,1,1,1,0,,,0,-2.31
DIACABS.NS,2026-07-08,09:15,BEARISH,MEDIUM,222.9,-6.37,-0.25,-1.94,7.52,-0.98,3.81,1,1,0,0,1,0,,,0,-4.61
DIACABS.NS,2026-07-08,12:00,BEARISH,MEDIUM,228.65,-4.6,-0.18,-1.4,4.82,-1.81,1.2,1,1,0,1,1,0,,,0,-3.33
DIACABS.NS,2026-07-08,14:00,BEARISH,MEDIUM,233.54,-2.66,-0.11,-0.81,0.11,-3.87,-0.92,1,1,1,1,0,0,,,0,-1.92
DIACABS.NS,2026-07-09,09:15,BEARISH,HIGH,236.13,-5.98,-0.2,-1.6,6.59,-0.9,1.2,1,1,0,0,1,0,,,0,-3.82
DIACABS.NS,2026-07-09,12:00,BEARISH,HIGH,241.75,-4.32,-0.15,-1.16,0.52,-1.4,-1.15,1,1,0,1,1,0,,,0,-2.76
DIACABS.NS,2026-07-09,14:00,BEARISH,HIGH,241.18,-2.49,-0.08,-0.67,0.34,-1.17,-0.92,1,1,0,1,1,0,,,0,-1.59
DIACABS.NS,2026-07-10,09:15,BEARISH,MEDIUM,242.0,-6.14,-0.2,-1.34,0.0,-7.79,-5.56,1,1,1,1,0,0,,,0,-3.19
DIACABS.NS,2026-07-10,12:00,BEARISH,MEDIUM,230.82,-4.43,-0.15,-0.97,0.46,-1.63,-0.98,1,1,0,1,1,0,,,0,-2.31
DIACABS.NS,2026-07-10,14:00,BEARISH,MEDIUM,227.86,-2.56,-0.08,-0.56,1.03,-0.07,0.3,1,0,0,0,1,0,,,0,-1.33
DIACABS.NS,2026-07-13,09:15,BULLISH,HIGH,227.96,0.38,9.2,2.63,1.11,-1.52,-0.29,1,1,0,0,1,1,-0.59,0.54,1,-1.12
DIACABS.NS,2026-07-13,12:00,BULLISH,HIGH,225.55,0.28,6.65,1.9,2.19,-0.47,0.78,1,1,0,1,1,1,1.602,,0,-0.81
DIACABS.NS,2026-07-13,14:00,BULLISH,HIGH,229.5,0.16,3.84,1.1,0.09,-0.98,-0.96,1,0,0,0,1,1,-1.259,-0.791,1,-0.47
DIACABS.NS,2026-07-14,09:15,BULLISH,HIGH,225.99,0.23,4.88,1.41,2.19,-1.61,-0.31,1,1,0,1,1,1,1.112,1.112,1,-0.93
DIACABS.NS,2026-07-14,12:00,BULLISH,HIGH,226.51,0.17,3.52,1.02,0.23,-0.66,-0.53,1,1,0,0,1,1,-0.834,,0,-0.67
DIACABS.NS,2026-07-14,14:00,BULLISH,HIGH,225.62,0.1,2.03,0.59,0.62,-0.27,-0.14,1,1,0,1,1,1,0.289,,0,-0.39
DIACABS.NS,2026-07-15,09:15,BULLISH,HIGH,226.0,0.21,4.43,1.33,1.91,-0.22,0.45,1,1,0,1,1,1,1.032,,0,-1.2
DIACABS.NS,2026-07-15,12:00,BULLISH,HIGH,226.0,0.15,3.2,0.96,1.02,-0.22,0.45,1,1,0,1,1,1,0.665,,0,-0.86
DIACABS.NS,2026-07-15,14:00,BULLISH,HIGH,226.65,0.09,1.85,0.56,0.38,-0.33,0.16,1,1,0,0,1,1,-0.137,,0,-0.5
DIACABS.NS,2026-07-16,09:15,BEARISH,LOW,227.95,-3.45,-0.1,-0.76,0.0,-3.04,-1.82,1,1,1,1,1,0,,,0,-1.82
DIACABS.NS,2026-07-16,12:00,BEARISH,LOW,223.8,-2.49,-0.07,-0.55,1.79,-1.25,0.0,1,1,0,1,1,0,,,0,-1.32
DIACABS.NS,2026-07-16,14:00,BEARISH,LOW,222.88,-1.44,-0.04,-0.32,2.21,-0.13,0.42,1,1,0,0,1,0,,,0,-0.76
DIACABS.NS,2026-07-17,09:15,BULLISH,HIGH,228.67,0.2,4.45,1.36,0.36,-5.19,-2.87,1,1,0,0,1,1,-2.24,-2.24,1,-0.72
DIACABS.NS,2026-07-17,12:00,BULLISH,HIGH,219.32,0.15,3.22,0.98,1.81,-1.15,1.27,1,1,1,1,1,1,0.685,0.685,1,-0.52
DIACABS.NS,2026-07-17,14:00,BULLISH,HIGH,222.15,0.09,1.86,0.57,0.52,-0.11,-0.02,1,1,0,0,1,1,-0.323,,0,-0.3
DIACABS.NS,2026-07-20,09:15,BULLISH,MEDIUM,220.0,0.24,6.7,1.83,11.19,0.0,11.19,1,1,1,1,0,1,1.532,,0,-1.46
DIACABS.NS,2026-07-20,12:00,BULLISH,MEDIUM,228.57,0.18,4.84,1.32,7.02,-0.46,7.02,1,1,1,1,0,1,1.021,,0,-1.06
DIACABS.NS,2026-07-20,14:00,BULLISH,MEDIUM,239.0,0.1,2.79,0.76,2.35,0.0,2.35,1,1,1,1,1,1,0.462,,0,-0.61
DIACABS.NS,2026-07-21,09:15,BEARISH,HIGH,247.95,-7.79,-0.3,-2.48,7.04,0.0,6.81,0,0,0,0,1,0,,,0,-5.91
DIACABS.NS,2026-07-21,12:00,BEARISH,HIGH,260.4,-5.63,-0.21,-1.79,1.92,-0.46,1.71,1,1,0,0,1,0,,,0,-4.27
HINDZINC.NS,2026-04-29,09:15,BULLISH,MEDIUM,616.1,0.14,3.7,1.02,0.94,-1.57,-0.53,1,1,0,0,1,1,-1.8,0.721,1,-0.92
HINDZINC.NS,2026-04-29,12:00,BULLISH,MEDIUM,619.25,0.1,2.68,0.74,0.14,-1.11,-1.03,1,1,0,0,1,1,-1.334,0.438,1,-0.66
HINDZINC.NS,2026-04-29,14:00,BULLISH,MEDIUM,615.6,0.06,1.54,0.43,0.06,-0.52,-0.45,1,1,0,0,1,1,-0.747,0.126,1,-0.38
HINDZINC.NS,2026-04-30,09:15,BULLISH,MEDIUM,602.3,0.13,3.82,0.89,0.18,-3.15,-1.02,1,1,0,0,1,1,-1.68,0.59,1,-0.97
HINDZINC.NS,2026-04-30,12:00,BULLISH,MEDIUM,592.15,0.1,2.76,0.64,1.4,-0.49,0.68,1,1,0,1,1,1,0.343,,0,-0.7
HINDZINC.NS,2026-04-30,14:00,BULLISH,MEDIUM,597.55,0.06,1.59,0.37,0.49,-0.39,-0.23,1,1,0,1,1,1,0.072,,0,-0.4
HINDZINC.NS,2026-05-04,09:15,NEUTRAL,HIGH,602.1,-0.5,0.5,0.0,1.64,-0.68,0.77,1,1,1,1,1,0,,,0,-0.07
HINDZINC.NS,2026-05-04,12:00,NEUTRAL,HIGH,606.1,-0.5,0.5,0.0,0.26,-0.9,0.11,1,1,1,1,1,0,,,0,-0.05
HINDZINC.NS,2026-05-04,14:00,NEUTRAL,HIGH,602.85,-0.5,0.5,0.0,0.65,-0.17,0.65,1,1,1,1,1,0,,,0,-0.03
HINDZINC.NS,2026-05-05,09:15,BEARISH,MEDIUM,599.5,-4.01,-0.12,-1.07,2.46,-0.29,1.96,1,1,0,0,1,0,,,0,-2.56
HINDZINC.NS,2026-05-05,12:00,BEARISH,MEDIUM,606.0,-2.9,-0.09,-0.78,1.07,-0.04,0.87,1,0,0,0,1,0,,,0,-1.85
HINDZINC.NS,2026-05-05,14:00,BEARISH,MEDIUM,611.05,-1.67,-0.05,-0.45,0.08,-0.29,0.03,1,1,0,0,1,0,,,0,-1.07
HINDZINC.NS,2026-05-06,09:15,BEARISH,MEDIUM,620.95,-3.25,-0.1,-0.89,2.83,-0.72,2.08,1,1,0,0,1,0,,,0,-2.11
HINDZINC.NS,2026-05-06,12:00,BEARISH,MEDIUM,622.25,-2.35,-0.07,-0.64,2.61,-0.28,1.86,1,1,0,0,1,0,,,0,-1.52
HINDZINC.NS,2026-05-06,14:00,BEARISH,MEDIUM,637.15,-1.36,-0.04,-0.37,0.21,-0.75,-0.52,1,1,1,1,1,0,,,0,-0.88
HINDZINC.NS,2026-05-07,09:15,BEARISH,MEDIUM,642.3,-5.25,-0.15,-1.45,0.52,-1.2,-0.84,1,1,0,0,1,0,,,0,-3.45
HINDZINC.NS,2026-05-07,12:00,BEARISH,MEDIUM,641.5,-3.79,-0.11,-1.05,0.65,-1.08,-0.72,1,1,0,1,1,0,,,0,-2.49
HINDZINC.NS,2026-05-07,14:00,BEARISH,MEDIUM,642.65,-2.19,-0.06,-0.6,0.01,-0.98,-0.89,1,1,0,1,1,0,,,0,-1.44
HINDZINC.NS,2026-05-08,09:15,BEARISH,MEDIUM,634.6,-3.63,-0.1,-0.94,1.24,-0.76,0.03,1,1,0,0,1,0,,,0,-2.25
HINDZINC.NS,2026-05-08,12:00,BEARISH,MEDIUM,639.0,-2.62,-0.07,-0.68,0.55,-0.7,-0.66,1,1,0,1,1,0,,,0,-1.62
HINDZINC.NS,2026-05-08,14:00,BEARISH,MEDIUM,635.95,-1.51,-0.04,-0.39,0.55,-0.23,-0.18,1,1,0,0,1,0,,,0,-0.94
HINDZINC.NS,2026-05-11,09:15,BULLISH,LOW,631.0,0.06,1.85,0.43,1.11,-0.52,-0.46,1,1,1,1,1,1,0.134,,0,-1.08
HINDZINC.NS,2026-05-11,12:00,BULLISH,LOW,632.45,0.04,1.33,0.31,0.88,-0.75,-0.69,1,1,1,1,1,1,0.013,,0,-0.78
HINDZINC.NS,2026-05-11,14:00,BULLISH,LOW,636.55,0.02,0.77,0.18,0.23,-1.39,-1.33,1,1,0,1,1,1,-1.46,-0.119,1,-0.45
HINDZINC.NS,2026-05-12,09:15,BULLISH,LOW,646.6,0.11,2.24,0.6,1.02,-1.11,-0.9,1,1,0,1,1,1,0.302,-0.406,1,-0.8
HINDZINC.NS,2026-05-12,12:00,BULLISH,LOW,651.3,0.08,1.62,0.43,0.07,-1.83,-1.62,1,0,0,0,1,1,-1.44,-1.44,1,-0.58
HINDZINC.NS,2026-05-12,14:00,BULLISH,LOW,645.2,0.04,0.93,0.25,0.03,-0.9,-0.69,1,0,0,0,1,1,-0.99,-0.049,1,-0.34
HINDZINC.NS,2026-05-13,09:15,BEARISH,MEDIUM,660.9,-4.57,-0.16,-1.31,2.34,0.0,1.04,0,0,0,0,1,0,,,0,-3.11
HINDZINC.NS,2026-05-13,12:00,BEARISH,MEDIUM,671.95,-3.3,-0.12,-0.95,0.44,-0.74,-0.63,1,1,0,0,1,0,,,0,-2.25
HINDZINC.NS,2026-05-13,14:00,BEARISH,MEDIUM,669.1,-1.91,-0.07,-0.55,0.36,-0.31,-0.2,1,1,0,0,1,0,,,0,-1.3
HINDZINC.NS,2026-05-14,09:15,BEARISH,HIGH,673.8,-4.57,-0.15,-1.51,0.64,-1.45,-0.64,1,1,0,0,1,0,,,0,-3.59
HINDZINC.NS,2026-05-14,12:00,BEARISH,HIGH,671.35,-3.3,-0.11,-1.09,0.16,-1.09,-0.28,1,1,0,1,1,0,,,0,-2.59
HINDZINC.NS,2026-05-14,14:00,BEARISH,HIGH,667.4,-1.91,-0.06,-0.63,0.75,-0.04,0.31,1,0,0,0,1,0,,,0,-1.5
HINDZINC.NS,2026-05-15,09:15,BEARISH,MEDIUM,657.35,-2.87,-0.09,-0.81,0.26,-3.77,-2.72,1,1,1,1,0,0,,,0,-1.94
HINDZINC.NS,2026-05-15,12:00,BEARISH,MEDIUM,635.65,-2.07,-0.07,-0.59,1.11,-0.16,0.61,1,1,0,0,1,0,,,0,-1.4
HINDZINC.NS,2026-05-15,14:00,BEARISH,MEDIUM,640.05,-1.19,-0.04,-0.34,0.22,-0.71,-0.09,1,1,1,1,1,0,,,0,-0.81
HINDZINC.NS,2026-05-18,09:15,BULLISH,HIGH,625.65,0.24,5.05,1.57,1.96,-0.94,1.69,1,1,0,1,1,1,1.273,1.273,1,-0.76
HINDZINC.NS,2026-05-18,12:00,BULLISH,HIGH,623.4,0.17,3.64,1.14,2.33,-0.09,2.05,1,1,1,1,1,1,0.836,,0,-0.55
HINDZINC.NS,2026-05-18,14:00,BULLISH,HIGH,633.0,0.1,2.1,0.66,0.77,-0.19,0.51,1,1,0,1,1,1,0.356,,0,-0.32
HINDZINC.NS,2026-05-19,09:15,BULLISH,LOW,637.5,0.13,3.08,0.95,0.0,-1.84,-0.68,0,0,0,0,1,1,-1.8,0.651,1,-1.0
HINDZINC.NS,2026-05-19,12:00,BULLISH,LOW,634.65,0.1,2.23,0.69,0.21,-0.63,-0.24,1,1,0,0,1,1,-0.536,,0,-0.72
HINDZINC.NS,2026-05-19,14:00,BULLISH,LOW,633.55,0.06,1.29,0.4,0.21,-0.46,-0.06,1,1,0,0,1,1,-0.363,0.096,1,-0.42
HINDZINC.NS,2026-05-20,09:15,BULLISH,MEDIUM,623.0,0.14,2.89,0.73,1.52,-1.05,1.12,1,1,1,1,1,1,0.434,0.434,1,-0.63
HINDZINC.NS,2026-05-20,12:00,BULLISH,MEDIUM,625.85,0.1,2.09,0.53,1.05,-0.2,0.66,1,1,0,1,1,1,0.229,,0,-0.46
HINDZINC.NS,2026-05-20,14:00,BULLISH,MEDIUM,630.9,0.06,1.21,0.31,0.24,-0.3,-0.14,1,1,0,0,1,1,-0.443,-0.182,1,-0.26
HINDZINC.NS,2026-05-21,09:15,BULLISH,LOW,635.0,0.09,2.83,0.64,0.42,-1.04,-0.98,1,1,0,0,1,1,-1.276,-0.518,1,-0.76
HINDZINC.NS,2026-05-21,12:00,BULLISH,LOW,633.25,0.07,2.05,0.46,0.08,-0.77,-0.7,1,1,0,0,1,1,-1.003,0.164,1,-0.55
HINDZINC.NS,2026-05-21,14:00,BULLISH,LOW,631.3,0.04,1.18,0.27,0.17,-0.46,-0.4,1,1,0,0,1,1,-0.696,-0.032,1,-0.32
HINDZINC.NS,2026-05-22,09:15,BULLISH,LOW,631.4,0.1,2.89,0.68,1.93,-0.22,0.12,1,1,1,1,1,1,0.376,,0,-0.74
HINDZINC.NS,2026-05-22,12:00,BULLISH,LOW,633.65,0.07,2.08,0.49,0.01,-0.58,-0.24,1,0,0,0,1,1,-0.537,0.005,1,-0.54
HINDZINC.NS,2026-05-22,14:00,BULLISH,LOW,632.0,0.04,1.2,0.28,0.14,-0.32,0.02,1,1,0,0,1,1,-0.276,-0.018,1,-0.31
HINDZINC.NS,2026-05-25,09:15,BEARISH,LOW,638.1,-2.69,-0.07,-0.7,0.67,-0.75,-0.47,1,1,0,1,1,0,,,0,-1.67
HINDZINC.NS,2026-05-25,12:00,BEARISH,LOW,638.35,-1.95,-0.05,-0.51,0.03,-0.79,-0.51,1,1,0,1,1,0,,,0,-1.21
HINDZINC.NS,2026-05-25,14:00,BEARISH,LOW,633.65,-1.12,-0.03,-0.29,0.3,-0.06,0.23,1,1,0,0,1,0,,,0,-0.7
HINDZINC.NS,2026-05-26,09:15,BEARISH,LOW,630.25,-2.36,-0.08,-0.66,2.75,0.0,2.74,0,0,0,0,1,0,,,0,-1.56
HINDZINC.NS,2026-05-26,12:00,BEARISH,LOW,645.0,-1.7,-0.05,-0.47,0.4,-0.78,0.39,1,1,0,1,1,0,,,0,-1.13
HINDZINC.NS,2026-05-26,14:00,BEARISH,LOW,646.4,-0.98,-0.03,-0.27,0.19,-0.56,0.17,1,1,1,1,1,0,,,0,-0.65
HINDZINC.NS,2026-05-27,09:15,BEARISH,HIGH,650.25,-4.61,-0.12,-1.18,1.48,-0.41,-0.25,1,1,0,0,1,0,,,0,-2.81
HINDZINC.NS,2026-05-27,12:00,BEARISH,HIGH,649.4,-3.33,-0.08,-0.85,0.42,-0.28,-0.12,1,1,0,0,1,0,,,0,-2.03
HINDZINC.NS,2026-05-27,14:00,BEARISH,HIGH,649.15,-1.92,-0.05,-0.49,0.24,-0.18,-0.08,1,1,0,0,1,0,,,0,-1.17
HINDZINC.NS,2026-05-29,09:15,NEUTRAL,HIGH,653.6,-0.5,0.5,0.0,0.4,-3.37,-3.31,0,1,1,0,1,0,,,0,-0.12
HINDZINC.NS,2026-05-29,12:00,NEUTRAL,HIGH,649.15,-0.5,0.5,-0.0,0.01,-2.7,-2.65,0,1,1,0,1,0,,,0,-0.08
HINDZINC.NS,2026-05-29,14:00,NEUTRAL,HIGH,644.4,-0.5,0.5,-0.0,0.0,-1.99,-1.93,0,1,1,0,1,0,,,0,-0.05
HINDZINC.NS,2026-06-01,09:15,BULLISH,MEDIUM,638.8,0.13,3.63,0.94,0.0,-2.24,-1.81,0,0,0,0,1,1,-1.46,-1.46,1,-0.66
HINDZINC.NS,2026-06-01,12:00,BULLISH,MEDIUM,625.25,0.09,2.62,0.68,0.66,-0.12,0.32,1,1,0,0,1,1,0.02,,0,-0.48
HINDZINC.NS,2026-06-01,14:00,BULLISH,MEDIUM,626.8,0.05,1.51,0.39,0.35,-0.35,0.07,1,1,0,0,1,1,-0.228,0.092,1,-0.28
HINDZINC.NS,2026-06-02,09:15,BULLISH,MEDIUM,629.95,0.12,2.47,0.73,0.25,-2.11,-0.86,1,1,0,0,1,1,-1.4,0.425,1,-0.56
HINDZINC.NS,2026-06-02,12:00,BULLISH,MEDIUM,621.1,0.09,1.79,0.52,1.48,-0.31,0.56,1,1,1,1,1,1,0.223,,0,-0.4
HINDZINC.NS,2026-06-02,14:00,BULLISH,MEDIUM,629.85,0.05,1.03,0.3,0.06,-0.9,-0.84,1,1,0,0,1,1,-1.141,-0.913,1,-0.23
HINDZINC.NS,2026-06-03,09:15,BULLISH,HIGH,622.55,0.13,3.04,0.92,0.22,-2.42,-1.96,1,1,0,0,1,1,-1.39,-1.39,1,-0.6
HINDZINC.NS,2026-06-03,12:00,BULLISH,HIGH,610.1,0.1,2.19,0.67,0.74,-0.43,0.04,1,1,0,1,1,1,0.367,,0,-0.43
HINDZINC.NS,2026-06-03,14:00,BULLISH,HIGH,611.4,0.06,1.27,0.39,0.52,-0.45,-0.17,1,1,0,1,1,1,0.086,0.086,1,-0.25
HINDZINC.NS,2026-06-04,09:15,BULLISH,MEDIUM,608.9,0.13,2.66,0.81,0.7,-1.17,-0.81,1,1,0,0,1,1,-1.113,-0.353,1,-0.76
HINDZINC.NS,2026-06-04,12:00,BULLISH,MEDIUM,610.4,0.09,1.92,0.58,0.14,-1.42,-1.06,1,1,0,0,1,1,-1.43,-0.809,1,-0.55
HINDZINC.NS,2026-06-04,14:00,BULLISH,MEDIUM,603.15,0.05,1.11,0.34,0.44,-0.02,0.13,1,1,0,1,1,1,0.037,,0,-0.32
HINDZINC.NS,2026-06-05,09:15,BULLISH,MEDIUM,604.9,0.14,2.34,0.77,0.0,-6.76,-6.32,0,0,0,0,1,1,-1.42,-1.42,1,-0.54
HINDZINC.NS,2026-06-05,12:00,BULLISH,MEDIUM,577.45,0.1,1.69,0.56,0.55,-2.33,-1.87,1,1,0,0,1,1,-1.42,-1.42,1,-0.39
HINDZINC.NS,2026-06-05,14:00,BULLISH,MEDIUM,568.55,0.06,0.98,0.32,0.43,-0.8,-0.33,1,1,0,1,1,1,0.022,0.022,1,-0.23
HINDZINC.NS,2026-06-08,09:15,BULLISH,HIGH,555.9,0.44,7.11,2.22,2.35,-0.13,0.22,1,1,0,1,1,1,1.92,,0,-0.88
HINDZINC.NS,2026-06-08,12:00,BULLISH,HIGH,561.45,0.32,5.14,1.6,0.26,-1.12,-0.77,1,0,0,0,1,1,-1.066,-0.437,1,-0.63
HINDZINC.NS,2026-06-08,14:00,BULLISH,HIGH,558.95,0.18,2.97,0.92,0.21,-0.68,-0.32,1,1,0,0,1,1,-0.622,-0.252,1,-0.37
HINDZINC.NS,2026-06-09,09:15,BULLISH,MEDIUM,559.8,0.21,4.2,1.08,2.22,-0.56,0.88,1,1,1,1,1,1,0.781,,0,-0.66
HINDZINC.NS,2026-06-09,12:00,BULLISH,MEDIUM,569.85,0.15,3.03,0.78,0.12,-1.33,-0.9,1,0,0,0,1,1,-1.62,-0.726,1,-0.48
HINDZINC.NS,2026-06-09,14:00,BULLISH,MEDIUM,563.1,0.09,1.75,0.45,0.38,-0.08,0.28,1,1,0,0,1,1,-0.016,,0,-0.28
HINDZINC.NS,2026-06-10,09:15,BEARISH,LOW,554.65,-2.24,-0.07,-0.53,0.02,-2.38,-1.4,1,1,1,1,0,0,,,0,-1.27
HINDZINC.NS,2026-06-10,12:00,BEARISH,LOW,553.0,-1.62,-0.05,-0.39,0.32,-1.59,-1.1,1,1,1,1,1,0,,,0,-0.92
HINDZINC.NS,2026-06-10,14:00,BEARISH,LOW,544.85,-0.94,-0.03,-0.22,0.68,-0.05,0.38,1,1,0,0,1,0,,,0,-0.53
HINDZINC.NS,2026-06-11,09:15,BULLISH,MEDIUM,542.45,0.23,4.87,1.65,2.2,-0.6,0.37,1,1,0,1,1,1,1.346,,0,-0.75
HINDZINC.NS,2026-06-11,12:00,BULLISH,MEDIUM,550.0,0.17,3.52,1.19,0.19,-1.16,-1.01,1,1,0,0,1,1,-1.309,-0.772,1,-0.54
HINDZINC.NS,2026-06-11,14:00,BULLISH,MEDIUM,548.65,0.1,2.03,0.69,0.0,-0.92,-0.77,0,0,0,0,1,1,-1.066,-0.757,1,-0.31
HINDZINC.NS,2026-06-12,09:15,BULLISH,LOW,564.8,0.14,3.94,0.98,0.0,-1.72,-0.92,0,0,0,0,1,1,-1.68,0.681,1,-0.98
HINDZINC.NS,2026-06-12,12:00,BULLISH,LOW,557.4,0.1,2.85,0.71,0.62,-0.41,0.39,1,1,0,0,1,1,0.095,,0,-0.71
HINDZINC.NS,2026-06-12,14:00,BULLISH,LOW,560.05,0.06,1.64,0.41,0.14,-0.33,-0.08,1,1,0,0,1,1,-0.38,,0,-0.41
HINDZINC.NS,2026-06-15,09:15,BEARISH,MEDIUM,575.1,-3.07,-0.1,-0.79,0.72,-2.03,-1.95,1,1,1,1,1,0,,,0,-1.89
HINDZINC.NS,2026-06-15,12:00,BEARISH,MEDIUM,567.75,-2.22,-0.07,-0.57,0.21,-0.77,-0.68,1,1,0,1,1,0,,,0,-1.37
HINDZINC.NS,2026-06-15,14:00,BEARISH,MEDIUM,568.0,-1.28,-0.04,-0.33,0.13,-0.81,-0.72,1,1,1,1,1,0,,,0,-0.79
HINDZINC.NS,2026-06-16,09:15,BEARISH,MEDIUM,566.9,-3.39,-0.09,-0.84,0.0,-1.64,-0.35,1,1,0,1,1,0,,,0,-1.99
HINDZINC.NS,2026-06-16,12:00,BEARISH,MEDIUM,561.35,-2.45,-0.07,-0.6,0.65,-0.67,0.63,1,1,0,1,1,0,,,0,-1.44
HINDZINC.NS,2026-06-16,14:00,BEARISH,MEDIUM,562.05,-1.41,-0.04,-0.35,0.52,-0.17,0.51,1,1,0,0,1,0,,,0,-0.83
HINDZINC.NS,2026-06-17,09:15,BEARISH,LOW,565.75,-2.05,-0.07,-0.56,1.4,-0.84,1.13,1,1,0,1,1,0,,,0,-1.34
HINDZINC.NS,2026-06-17,12:00,BEARISH,LOW,568.25,-1.48,-0.05,-0.4,0.95,-0.51,0.69,1,1,0,1,1,0,,,0,-0.97
HINDZINC.NS,2026-06-17,14:00,BEARISH,LOW,571.0,-0.86,-0.03,-0.23,0.46,-0.38,0.2,1,1,0,1,1,0,,,0,-0.56
HINDZINC.NS,2026-06-18,09:15,BEARISH,MEDIUM,570.7,-2.98,-0.09,-0.82,0.45,-0.89,0.11,1,1,0,1,1,0,,,0,-1.95
HINDZINC.NS,2026-06-18,12:00,BEARISH,MEDIUM,569.65,-2.15,-0.07,-0.59,0.38,-0.41,0.3,1,1,0,0,1,0,,,0,-1.41
HINDZINC.NS,2026-06-18,14:00,BEARISH,MEDIUM,569.0,-1.24,-0.04,-0.34,0.49,-0.3,0.41,1,1,0,0,1,0,,,0,-0.81
HINDZINC.NS,2026-06-19,09:15,BULLISH,LOW,560.0,0.08,2.1,0.45,0.86,-1.23,0.62,1,1,0,1,1,1,-1.52,0.148,1,-0.96
HINDZINC.NS,2026-06-19,12:00,BULLISH,LOW,560.85,0.05,1.51,0.32,0.7,-0.5,0.46,1,1,0,1,1,1,0.025,,0,-0.69
HINDZINC.NS,2026-06-19,14:00,BULLISH,LOW,563.6,0.03,0.87,0.19,0.19,-0.36,-0.03,1,1,0,1,1,1,-0.114,,0,-0.4
HINDZINC.NS,2026-06-22,09:15,BULLISH,LOW,566.0,0.09,2.54,0.57,1.79,-0.49,1.11,1,1,1,1,1,1,0.269,,0,-0.74
HINDZINC.NS,2026-06-22,12:00,BULLISH,LOW,565.45,0.07,1.84,0.41,1.89,-0.19,1.21,1,1,1,1,0,1,0.11,,0,-0.54
HINDZINC.NS,2026-06-22,14:00,BULLISH,LOW,568.8,0.04,1.06,0.24,1.29,-0.21,0.62,1,1,1,1,0,1,-0.063,,0,-0.31
HINDZINC.NS,2026-06-23,09:15,BEARISH,MEDIUM,558.8,-2.66,-0.08,-0.78,0.86,-2.65,-2.08,1,1,1,1,1,0,,,0,-1.86
HINDZINC.NS,2026-06-23,12:00,BEARISH,MEDIUM,549.3,-1.92,-0.06,-0.56,0.12,-0.96,-0.38,1,1,0,1,1,0,,,0,-1.34
HINDZINC.NS,2026-06-23,14:00,BEARISH,MEDIUM,544.65,-1.11,-0.03,-0.32,0.87,-0.04,0.47,1,1,0,0,1,0,,,0,-0.78
HINDZINC.NS,2026-06-24,09:15,BULLISH,MEDIUM,541.15,0.17,4.01,1.11,1.04,-1.08,0.21,1,1,0,0,1,1,-0.087,0.814,1,-0.67
HINDZINC.NS,2026-06-24,12:00,BULLISH,MEDIUM,544.9,0.12,2.9,0.81,0.15,-0.84,-0.48,1,1,0,0,1,1,-0.777,-0.287,1,-0.49
HINDZINC.NS,2026-06-24,14:00,BULLISH,MEDIUM,543.5,0.07,1.67,0.47,0.23,-0.59,-0.22,1,1,0,0,1,1,-0.521,-0.241,1,-0.28
HINDZINC.NS,2026-06-25,09:15,BULLISH,MEDIUM,530.5,0.13,2.94,0.83,0.0,-2.36,-2.32,0,0,0,0,1,1,-1.67,-1.67,1,-0.63
HINDZINC.NS,2026-06-25,12:00,BULLISH,MEDIUM,524.5,0.1,2.12,0.6,0.17,-1.24,-1.2,1,1,0,0,1,1,-1.501,-1.045,1,-0.46
HINDZINC.NS,2026-06-25,14:00,BULLISH,MEDIUM,520.95,0.06,1.23,0.34,0.29,-0.57,-0.53,1,1,0,0,1,1,-0.828,-0.569,1,-0.26
HINDZINC.NS,2026-06-29,09:15,NEUTRAL,HIGH,519.4,-0.5,0.5,-0.0,1.16,-0.03,1.11,0,1,1,0,1,0,,,0,-0.08
HINDZINC.NS,2026-06-29,12:00,NEUTRAL,HIGH,522.95,-0.5,0.5,-0.0,0.47,-0.45,0.42,1,1,1,1,1,0,,,0,-0.06
HINDZINC.NS,2026-06-29,14:00,NEUTRAL,HIGH,523.15,-0.5,0.5,-0.0,0.43,-0.49,0.38,1,1,1,1,1,0,,,0,-0.03
HINDZINC.NS,2026-06-30,09:15,BEARISH,LOW,522.15,-2.44,-0.08,-0.58,2.27,-0.9,2.13,1,1,0,1,1,0,,,0,-1.38
HINDZINC.NS,2026-06-30,12:00,BEARISH,LOW,521.4,-1.76,-0.06,-0.42,2.42,-0.04,2.27,1,0,0,0,1,0,,,0,-0.99
HINDZINC.NS,2026-06-30,14:00,BEARISH,LOW,531.7,-1.02,-0.03,-0.24,0.4,-0.17,0.29,1,1,0,0,1,0,,,0,-0.57
HINDZINC.NS,2026-07-01,09:15,BEARISH,LOW,531.95,-2.9,-0.1,-0.72,0.09,-2.1,-1.55,1,1,1,1,1,0,,,0,-1.71
HINDZINC.NS,2026-07-01,12:00,BEARISH,LOW,525.65,-2.1,-0.07,-0.52,0.54,-0.92,-0.37,1,1,0,1,1,0,,,0,-1.24
HINDZINC.NS,2026-07-01,14:00,BEARISH,LOW,525.0,-1.21,-0.04,-0.3,0.22,-0.8,-0.25,1,1,1,1,1,0,,,0,-0.71
HINDZINC.NS,2026-07-02,09:15,BULLISH,MEDIUM,529.25,0.12,2.65,0.76,0.69,-0.59,-0.18,1,1,0,0,1,1,-0.48,0.461,1,-0.55
HINDZINC.NS,2026-07-02,12:00,BULLISH,MEDIUM,528.35,0.09,1.91,0.55,0.6,-0.18,-0.01,1,1,0,1,1,1,0.249,,0,-0.4
HINDZINC.NS,2026-07-02,14:00,BULLISH,MEDIUM,529.25,0.05,1.11,0.32,0.12,-0.22,-0.18,1,1,0,0,1,1,-0.48,,0,-0.23
HINDZINC.NS,2026-07-03,09:15,BEARISH,LOW,538.35,-2.07,-0.06,-0.59,1.16,-0.34,-0.15,1,1,0,0,1,0,,,0,-1.41
HINDZINC.NS,2026-07-03,12:00,BEARISH,LOW,539.5,-1.5,-0.04,-0.43,0.27,-0.56,-0.36,1,1,0,1,1,0,,,0,-1.02
HINDZINC.NS,2026-07-03,14:00,BEARISH,LOW,540.05,-0.86,-0.02,-0.25,0.05,-0.66,-0.46,1,1,1,1,1,0,,,0,-0.59
HINDZINC.NS,2026-07-06,09:15,BEARISH,MEDIUM,539.25,-2.93,-0.09,-0.74,1.07,-0.2,0.11,1,1,0,0,1,0,,,0,-1.75
HINDZINC.NS,2026-07-06,12:00,BEARISH,MEDIUM,540.0,-2.12,-0.06,-0.53,0.24,-0.2,-0.03,1,1,0,0,1,0,,,0,-1.27
HINDZINC.NS,2026-07-06,14:00,BEARISH,MEDIUM,540.65,-1.22,-0.04,-0.31,0.12,-0.32,-0.15,1,1,0,1,1,0,,,0,-0.73
HINDZINC.NS,2026-07-07,09:15,BEARISH,MEDIUM,538.45,-2.45,-0.08,-0.6,0.0,-1.45,-1.41,1,1,1,1,1,0,,,0,-1.42
HINDZINC.NS,2026-07-07,12:00,BEARISH,MEDIUM,533.5,-1.77,-0.06,-0.43,0.09,-0.53,-0.5,1,1,0,1,1,0,,,0,-1.03
HINDZINC.NS,2026-07-07,14:00,BEARISH,MEDIUM,532.15,-1.02,-0.03,-0.25,0.08,-0.26,-0.24,1,1,0,1,1,0,,,0,-0.59
HINDZINC.NS,2026-07-08,09:15,BULLISH,HIGH,523.95,0.12,2.83,0.84,3.73,0.0,1.03,1,1,1,1,0,1,0.544,,0,-0.55
HINDZINC.NS,2026-07-08,12:00,BULLISH,HIGH,541.4,0.09,2.04,0.61,0.02,-2.67,-2.23,1,0,0,0,1,1,-1.41,-1.41,1,-0.4
HINDZINC.NS,2026-07-08,14:00,BULLISH,HIGH,534.95,0.05,1.18,0.35,0.07,-1.5,-1.05,1,1,0,0,1,1,-1.41,-1.41,1,-0.23
HINDZINC.NS,2026-07-09,09:15,BULLISH,LOW,528.75,0.11,3.39,0.88,0.5,-1.01,-0.26,1,1,0,0,1,1,-0.555,0.579,1,-0.79
HINDZINC.NS,2026-07-09,12:00,BULLISH,LOW,527.95,0.08,2.45,0.63,0.65,-0.1,-0.1,1,1,0,1,1,1,0.335,,0,-0.57
HINDZINC.NS,2026-07-09,14:00,BULLISH,LOW,530.6,0.04,1.42,0.37,0.11,-0.6,-0.6,1,1,0,0,1,1,-0.903,-0.574,1,-0.33
HINDZINC.NS,2026-07-10,09:15,BULLISH,MEDIUM,540.9,0.08,1.99,0.53,0.61,-1.05,-0.64,1,1,0,1,1,1,0.229,0.229,1,-0.52
HINDZINC.NS,2026-07-10,12:00,BULLISH,MEDIUM,536.5,0.06,1.44,0.38,0.66,-0.2,0.18,1,1,0,1,1,1,0.082,,0,-0.38
HINDZINC.NS,2026-07-10,14:00,BULLISH,MEDIUM,536.1,0.03,0.83,0.22,0.74,-0.03,0.25,1,1,1,1,1,1,-0.08,,0,-0.22
HINDZINC.NS,2026-07-13,09:15,BEARISH,MEDIUM,526.6,-3.03,-0.11,-0.84,1.54,0.0,1.08,0,0,0,0,1,0,,,0,-2.01
HINDZINC.NS,2026-07-13,12:00,BEARISH,MEDIUM,531.45,-2.19,-0.08,-0.61,0.46,-0.32,0.16,1,1,0,0,1,0,,,0,-1.45
HINDZINC.NS,2026-07-13,14:00,BEARISH,MEDIUM,532.25,-1.27,-0.05,-0.35,0.31,-0.1,0.01,1,1,0,0,1,0,,,0,-0.84
HINDZINC.NS,2026-07-14,09:15,BULLISH,MEDIUM,529.95,0.08,2.32,0.58,1.2,-0.68,-0.38,1,1,0,1,1,1,0.279,0.279,1,-0.54
HINDZINC.NS,2026-07-14,12:00,BULLISH,MEDIUM,529.65,0.06,1.68,0.42,0.18,-0.62,-0.32,1,1,0,0,1,1,-0.621,0.117,1,-0.39
HINDZINC.NS,2026-07-14,14:00,BULLISH,MEDIUM,527.8,0.03,0.97,0.24,0.13,-0.27,0.03,1,1,0,0,1,1,-0.272,-0.059,1,-0.23
HINDZINC.NS,2026-07-15,09:15,BULLISH,LOW,531.3,0.09,2.61,0.67,0.95,-0.75,-0.68,1,1,0,1,1,1,0.372,,0,-0.87
HINDZINC.NS,2026-07-15,12:00,BULLISH,LOW,534.75,0.07,1.88,0.49,0.06,-1.39,-1.32,1,0,0,0,1,1,-1.39,-0.993,1,-0.63
HINDZINC.NS,2026-07-15,14:00,BULLISH,LOW,532.5,0.04,1.09,0.28,0.08,-0.98,-0.9,1,1,0,0,1,1,-1.201,-0.02,1,-0.36
HINDZINC.NS,2026-07-16,09:15,BULLISH,MEDIUM,530.5,0.08,2.29,0.56,0.04,-1.71,-1.66,1,0,0,0,1,1,-1.38,0.262,1,-0.58
HINDZINC.NS,2026-07-16,12:00,BULLISH,MEDIUM,527.0,0.06,1.65,0.41,0.02,-1.05,-1.01,1,0,0,0,1,1,-1.306,-0.888,1,-0.42
HINDZINC.NS,2026-07-16,14:00,BULLISH,MEDIUM,523.6,0.03,0.95,0.23,0.14,-0.41,-0.36,1,1,0,0,1,1,-0.663,-0.423,1,-0.24
HINDZINC.NS,2026-07-17,09:15,BULLISH,MEDIUM,519.95,0.07,1.8,0.48,0.05,-0.96,-0.37,1,0,0,0,1,1,-0.665,0.177,1,-0.48
HINDZINC.NS,2026-07-17,12:00,BULLISH,MEDIUM,516.7,0.05,1.3,0.34,0.5,-0.17,0.26,1,1,0,1,1,1,0.044,,0,-0.35
HINDZINC.NS,2026-07-17,14:00,BULLISH,MEDIUM,516.55,0.03,0.75,0.2,0.49,-0.13,0.29,1,1,1,1,1,1,-0.101,,0,-0.2
HINDZINC.NS,2026-07-20,09:15,BULLISH,LOW,518.65,0.06,1.98,0.52,2.23,0.0,0.8,1,1,1,1,0,1,0.217,,0,-0.56
HINDZINC.NS,2026-07-20,12:00,BULLISH,LOW,526.65,0.04,1.43,0.37,0.17,-0.77,-0.73,1,1,0,0,1,1,-1.031,0.074,1,-0.4
HINDZINC.NS,2026-07-20,14:00,BULLISH,LOW,524.65,0.03,0.82,0.22,0.17,-0.39,-0.35,1,1,0,0,1,1,-0.653,-0.423,1,-0.23
HINDZINC.NS,2026-07-21,09:15,NEUTRAL,LOW,526.85,-0.5,0.5,0.0,1.55,-0.43,1.4,0,1,1,0,1,0,,,0,-0.42
HINDZINC.NS,2026-07-21,12:00,NEUTRAL,LOW,532.05,-0.5,0.5,0.0,0.55,-0.06,0.4,1,1,1,1,1,0,,,0,-0.31
RML.NS,2026-04-29,09:15,BULLISH,MEDIUM,769.65,0.14,3.37,0.87,7.83,0.0,3.47,1,1,1,1,0,1,0.571,,0,-0.95
RML.NS,2026-04-29,12:00,BULLISH,MEDIUM,787.0,0.1,2.43,0.63,5.46,0.0,1.19,1,1,1,1,0,1,0.329,,0,-0.69
RML.NS,2026-04-29,14:00,BULLISH,MEDIUM,805.8,0.06,1.41,0.36,0.0,-1.34,-1.17,0,0,0,0,1,1,-1.473,0.064,1,-0.4
RML.NS,2026-04-30,09:15,BEARISH,MEDIUM,790.0,-6.6,-0.23,-1.79,3.04,-0.63,2.36,1,1,0,0,1,0,,,0,-4.27
RML.NS,2026-04-30,12:00,BEARISH,MEDIUM,805.25,-4.77,-0.17,-1.29,1.09,-0.51,0.42,1,1,0,0,1,0,,,0,-3.08
RML.NS,2026-04-30,14:00,BEARISH,MEDIUM,808.25,-2.75,-0.1,-0.75,0.71,-0.4,0.05,1,1,0,0,1,0,,,0,-1.78
RML.NS,2026-05-04,09:15,NEUTRAL,HIGH,822.15,-0.5,0.5,-0.0,0.75,-1.6,0.34,1,1,1,1,1,0,,,0,-0.07
RML.NS,2026-05-04,12:00,NEUTRAL,HIGH,818.1,-0.5,0.5,0.0,0.84,-1.11,0.84,1,1,1,1,1,0,,,0,-0.05
RML.NS,2026-05-04,14:00,NEUTRAL,HIGH,815.0,-0.5,0.5,0.0,1.22,0.0,1.22,0,1,1,0,1,0,,,0,-0.03
RML.NS,2026-05-05,09:15,BEARISH,HIGH,860.15,-5.08,-0.19,-1.33,2.75,-1.17,-0.21,1,1,0,0,1,0,,,0,-3.16
RML.NS,2026-05-05,12:00,BEARISH,HIGH,857.7,-3.67,-0.13,-0.96,1.95,-0.89,0.08,1,1,0,0,1,0,,,0,-2.28
RML.NS,2026-05-05,14:00,BEARISH,HIGH,862.55,-2.12,-0.08,-0.55,0.17,-0.87,-0.49,1,1,0,1,1,0,,,0,-1.32
RML.NS,2026-05-06,09:15,BEARISH,MEDIUM,865.0,-8.86,-0.25,-2.64,11.26,-1.5,5.2,1,1,0,0,1,0,,,0,-6.29
RML.NS,2026-05-06,12:00,BEARISH,MEDIUM,860.9,-6.4,-0.18,-1.91,11.79,-1.0,5.7,1,1,0,0,1,0,,,0,-4.54
RML.NS,2026-05-06,14:00,BEARISH,MEDIUM,937.45,-3.7,-0.1,-1.1,2.66,-3.76,-2.93,1,1,1,1,0,0,,,0,-2.62
RML.NS,2026-05-07,09:15,BEARISH,LOW,943.5,-12.0,-0.27,-2.96,2.13,-3.18,-0.32,1,1,0,1,1,0,,,0,-7.04
RML.NS,2026-05-07,12:00,BEARISH,LOW,948.95,-8.67,-0.19,-2.14,0.11,-3.74,-0.9,1,1,0,1,1,0,,,0,-5.08
RML.NS,2026-05-07,14:00,BEARISH,LOW,947.85,-5.0,-0.11,-1.23,0.11,-0.99,-0.78,1,1,0,0,1,0,,,0,-2.94
RML.NS,2026-05-08,09:15,BEARISH,LOW,944.0,-6.61,-0.2,-1.56,0.07,-1.77,-1.49,1,1,0,1,1,0,,,0,-3.71
RML.NS,2026-05-08,12:00,BEARISH,LOW,934.8,-4.78,-0.14,-1.13,0.3,-0.8,-0.52,1,1,0,0,1,0,,,0,-2.68
RML.NS,2026-05-08,14:00,BEARISH,LOW,930.5,-2.76,-0.08,-0.65,0.08,-0.34,-0.06,1,1,0,0,1,0,,,0,-1.55
RML.NS,2026-05-11,09:15,BULLISH,HIGH,911.35,0.23,4.26,1.26,0.0,-3.43,-3.43,0,0,0,0,1,1,-1.99,-1.99,1,-0.89
RML.NS,2026-05-11,12:00,BULLISH,HIGH,891.25,0.17,3.08,0.91,0.08,-1.26,-1.26,1,0,0,0,1,1,-1.557,-0.921,1,-0.64
RML.NS,2026-05-11,14:00,BULLISH,HIGH,887.0,0.1,1.78,0.53,0.0,-0.78,-0.78,0,0,0,0,1,1,-1.084,-0.715,1,-0.37
RML.NS,2026-05-12,09:15,BULLISH,HIGH,884.0,0.26,5.63,1.65,0.79,-2.6,0.22,1,1,0,0,1,1,-2.09,-2.09,1,-0.82
RML.NS,2026-05-12,12:00,BULLISH,HIGH,886.4,0.19,4.07,1.19,0.17,-2.6,-0.05,1,0,0,0,1,1,-2.09,-2.09,1,-0.59
RML.NS,2026-05-12,14:00,BULLISH,HIGH,874.05,0.11,2.35,0.69,1.58,-1.22,1.36,1,1,1,1,1,1,0.388,0.388,1,-0.34
RML.NS,2026-05-13,09:15,BEARISH,LOW,902.05,-4.2,-0.11,-0.93,2.97,-1.88,0.39,1,1,0,1,1,0,,,0,-2.2
RML.NS,2026-05-13,12:00,BEARISH,LOW,896.65,-3.04,-0.08,-0.67,3.59,-0.1,1.0,1,1,0,0,1,0,,,0,-1.59
RML.NS,2026-05-13,14:00,BEARISH,LOW,903.8,-1.75,-0.04,-0.39,2.77,-0.24,0.2,1,1,0,0,1,0,,,0,-0.92
RML.NS,2026-05-14,09:15,BEARISH,MEDIUM,911.05,-4.12,-0.12,-1.04,0.54,-2.85,-2.31,1,1,1,1,1,0,,,0,-2.47
RML.NS,2026-05-14,12:00,BEARISH,MEDIUM,891.35,-2.98,-0.09,-0.75,0.69,-0.53,-0.15,1,1,0,0,1,0,,,0,-1.78
RML.NS,2026-05-14,14:00,BEARISH,MEDIUM,888.0,-1.72,-0.05,-0.43,0.45,-0.16,0.23,1,1,0,0,1,0,,,0,-1.03
RML.NS,2026-05-15,09:15,BULLISH,HIGH,896.5,0.19,4.06,1.23,2.39,-1.38,-0.06,1,1,1,1,1,1,0.933,0.933,1,-0.67
RML.NS,2026-05-15,12:00,BULLISH,HIGH,888.45,0.14,2.93,0.89,3.31,-0.48,0.85,1,1,1,1,0,1,0.59,0.59,1,-0.48
RML.NS,2026-05-15,14:00,BULLISH,HIGH,899.9,0.08,1.69,0.51,0.9,-1.21,-0.43,1,1,1,1,1,1,0.213,0.213,1,-0.28
RML.NS,2026-05-18,09:15,BEARISH,MEDIUM,893.0,-4.3,-0.11,-0.98,1.79,-1.57,-0.56,1,1,0,1,1,0,,,0,-2.32
RML.NS,2026-05-18,12:00,BEARISH,MEDIUM,880.25,-3.1,-0.08,-0.71,1.1,0.0,0.88,0,0,0,0,1,0,,,0,-1.68
RML.NS,2026-05-18,14:00,BEARISH,MEDIUM,886.55,-1.79,-0.05,-0.41,0.38,-0.33,0.16,1,1,0,0,1,0,,,0,-0.97
RML.NS,2026-05-19,09:15,BULLISH,MEDIUM,886.0,0.17,3.32,1.13,1.92,0.0,0.46,1,1,1,1,1,1,0.829,,0,-1.05
RML.NS,2026-05-19,12:00,BULLISH,MEDIUM,892.95,0.12,2.4,0.82,0.2,-0.48,-0.32,1,1,0,0,1,1,-0.619,,0,-0.76
RML.NS,2026-05-19,14:00,BULLISH,MEDIUM,892.25,0.07,1.38,0.47,0.28,-0.4,-0.24,1,1,0,0,1,1,-0.541,,0,-0.44
RML.NS,2026-05-20,09:15,BEARISH,LOW,886.0,-2.59,-0.08,-0.61,0.46,-0.68,0.07,1,1,0,1,1,0,,,0,-1.45
RML.NS,2026-05-20,12:00,BEARISH,LOW,888.5,-1.87,-0.06,-0.44,0.0,-0.64,-0.21,1,1,0,1,1,0,,,0,-1.05
RML.NS,2026-05-20,14:00,BEARISH,LOW,886.75,-1.08,-0.03,-0.25,0.17,-0.25,-0.01,1,1,0,1,1,0,,,0,-0.6
RML.NS,2026-05-21,09:15,BULLISH,HIGH,892.95,0.13,3.3,0.76,4.04,-0.55,3.67,1,1,1,1,0,1,0.457,,0,-0.59
RML.NS,2026-05-21,12:00,BULLISH,HIGH,894.1,0.09,2.38,0.55,3.9,-0.68,3.53,1,1,1,1,0,1,0.247,0.247,1,-0.42
RML.NS,2026-05-21,14:00,BULLISH,HIGH,894.9,0.05,1.38,0.32,3.81,-0.21,3.44,1,1,1,1,0,1,0.015,,0,-0.24
RML.NS,2026-05-22,09:15,BEARISH,MEDIUM,932.0,-4.95,-0.14,-1.17,1.49,-1.28,-0.9,1,1,0,1,1,0,,,0,-2.78
RML.NS,2026-05-22,12:00,BEARISH,MEDIUM,932.65,-3.58,-0.1,-0.84,0.0,-1.14,-0.97,1,1,0,1,1,0,,,0,-2.01
RML.NS,2026-05-22,14:00,BEARISH,MEDIUM,926.05,-2.06,-0.06,-0.49,0.09,-0.44,-0.26,1,1,0,0,1,0,,,0,-1.16
RML.NS,2026-05-25,09:15,BULLISH,LOW,944.0,0.1,2.84,0.64,1.01,-1.69,-1.48,1,1,0,1,1,1,-1.85,-0.597,1,-1.19
RML.NS,2026-05-25,12:00,BULLISH,LOW,942.25,0.07,2.05,0.46,0.0,-1.51,-1.3,0,0,0,0,1,1,-1.6,-0.744,1,-0.86
RML.NS,2026-05-25,14:00,BULLISH,LOW,936.1,0.04,1.18,0.27,0.18,-0.87,-0.65,1,1,0,0,1,1,-0.952,-0.032,1,-0.5
RML.NS,2026-05-26,09:15,BEARISH,MEDIUM,927.6,-4.47,-0.14,-1.22,1.61,-0.6,-0.12,1,1,0,0,1,0,,,0,-2.91
RML.NS,2026-05-26,12:00,BEARISH,MEDIUM,934.45,-3.23,-0.1,-0.88,0.03,-1.33,-0.86,1,1,0,1,1,0,,,0,-2.1
RML.NS,2026-05-26,14:00,BEARISH,MEDIUM,927.0,-1.86,-0.06,-0.51,0.0,-0.54,-0.06,1,1,0,1,1,0,,,0,-1.21
RML.NS,2026-05-27,09:15,BULLISH,LOW,926.05,0.1,2.61,0.7,0.85,-0.65,-0.27,1,1,0,1,1,1,0.398,,0,-0.9
RML.NS,2026-05-27,12:00,BULLISH,LOW,920.75,0.07,1.89,0.5,1.09,-0.08,0.3,1,1,1,1,1,1,0.204,,0,-0.65
RML.NS,2026-05-27,14:00,BULLISH,LOW,924.1,0.04,1.09,0.29,0.41,-0.18,-0.06,1,1,0,1,1,1,-0.009,,0,-0.38
RML.NS,2026-05-29,09:15,NEUTRAL,HIGH,925.05,-0.5,0.5,0.0,0.53,-2.16,-1.75,0,1,1,0,1,0,,,0,-0.26
RML.NS,2026-05-29,12:00,NEUTRAL,HIGH,914.3,-0.5,0.5,0.0,0.24,-1.01,-0.59,1,1,1,1,1,0,,,0,-0.19
RML.NS,2026-05-29,14:00,NEUTRAL,HIGH,913.7,-0.5,0.5,-0.0,0.14,-0.94,-0.53,1,1,1,1,1,0,,,0,-0.11
RML.NS,2026-06-01,09:15,BULLISH,MEDIUM,910.0,0.14,3.55,1.0,3.08,-0.77,0.15,1,1,1,1,1,1,0.702,0.702,1,-0.63
RML.NS,2026-06-01,12:00,BULLISH,MEDIUM,927.8,0.1,2.57,0.72,0.18,-1.77,-1.77,1,1,0,0,1,1,-1.63,-1.614,1,-0.46
RML.NS,2026-06-01,14:00,BULLISH,MEDIUM,917.0,0.06,1.48,0.42,0.27,-0.62,-0.61,1,1,0,0,1,1,-0.911,0.118,1,-0.26
RML.NS,2026-06-02,09:15,BEARISH,LOW,898.25,-1.95,-0.06,-0.49,2.42,-0.03,2.13,1,0,0,0,1,0,,,0,-1.16
RML.NS,2026-06-02,12:00,BEARISH,LOW,901.6,-1.41,-0.04,-0.35,2.04,-0.18,1.75,1,1,0,0,1,0,,,0,-0.84
RML.NS,2026-06-02,14:00,BEARISH,LOW,907.9,-0.81,-0.03,-0.2,1.33,-0.06,1.05,1,1,0,0,1,0,,,0,-0.48
RML.NS,2026-06-03,09:15,BEARISH,LOW,916.05,-1.94,-0.07,-0.56,0.09,-1.75,-1.1,1,1,1,1,1,0,,,0,-1.34
RML.NS,2026-06-03,12:00,BEARISH,LOW,904.55,-1.4,-0.05,-0.41,0.71,-0.5,0.16,1,1,0,1,1,0,,,0,-0.97
RML.NS,2026-06-03,14:00,BEARISH,LOW,906.05,-0.81,-0.03,-0.23,0.55,-0.34,-0.01,1,1,0,1,1,0,,,0,-0.56
RML.NS,2026-06-04,09:15,BULLISH,MEDIUM,901.0,0.13,3.1,0.79,3.2,-0.12,1.76,1,1,1,1,0,1,0.495,,0,-0.6
RML.NS,2026-06-04,12:00,BULLISH,MEDIUM,922.75,0.09,2.24,0.57,0.1,-1.14,-0.64,1,1,0,0,1,1,-0.939,-0.51,1,-0.43
RML.NS,2026-06-04,14:00,BULLISH,MEDIUM,916.0,0.05,1.29,0.33,0.44,-0.41,0.09,1,1,0,1,1,1,0.032,0.032,1,-0.25
RML.NS,2026-06-05,09:15,BEARISH,LOW,921.3,-2.76,-0.08,-0.7,0.0,-2.24,-2.2,1,1,1,1,1,0,,,0,-1.66
RML.NS,2026-06-05,12:00,BEARISH,LOW,911.3,-2.0,-0.06,-0.5,0.24,-1.16,-1.13,1,1,1,1,1,0,,,0,-1.2
RML.NS,2026-06-05,14:00,BEARISH,LOW,903.0,-1.15,-0.03,-0.29,0.44,-0.24,-0.22,1,1,0,0,1,0,,,0,-0.69
RML.NS,2026-06-08,09:15,BULLISH,MEDIUM,890.1,0.14,3.51,0.9,1.11,-0.57,-0.31,1,1,0,1,1,1,0.599,,0,-0.65
RML.NS,2026-06-08,12:00,BULLISH,MEDIUM,890.15,0.1,2.54,0.65,1.1,-0.57,-0.32,1,1,0,1,1,1,0.349,-0.149,1,-0.47
RML.NS,2026-06-08,14:00,BULLISH,MEDIUM,890.3,0.06,1.46,0.38,0.15,-0.59,-0.34,1,1,0,0,1,1,-0.637,0.075,1,-0.27
RML.NS,2026-06-09,09:15,BULLISH,HIGH,883.1,0.16,4.38,1.21,5.53,0.0,5.08,1,1,1,1,0,1,0.914,,0,-0.65
RML.NS,2026-06-09,12:00,BULLISH,HIGH,914.95,0.12,3.16,0.88,1.86,-0.34,1.43,1,1,1,1,1,1,0.577,,0,-0.47
RML.NS,2026-06-09,14:00,BULLISH,HIGH,922.95,0.07,1.83,0.51,0.98,-0.54,0.55,1,1,1,1,1,1,0.206,0.206,1,-0.27
RML.NS,2026-06-10,09:15,BEARISH,MEDIUM,927.5,-4.64,-0.15,-1.23,0.35,-2.93,-2.74,1,1,1,1,1,0,,,0,-2.92
RML.NS,2026-06-10,12:00,BEARISH,MEDIUM,917.0,-3.35,-0.11,-0.89,0.0,-1.82,-1.63,1,1,1,1,1,0,,,0,-2.11
RML.NS,2026-06-10,14:00,BEARISH,MEDIUM,908.7,-1.93,-0.06,-0.51,0.0,-0.92,-0.73,1,1,0,1,1,0,,,0,-1.22
RML.NS,2026-06-11,09:15,BULLISH,LOW,914.0,0.12,2.49,0.8,0.0,-3.17,-2.52,0,0,0,0,1,1,-1.62,-1.62,1,-0.69
RML.NS,2026-06-11,12:00,BULLISH,LOW,906.0,0.08,1.8,0.58,0.0,-1.69,-1.66,0,0,0,0,1,1,-1.61,-1.467,1,-0.5
RML.NS,2026-06-11,14:00,BULLISH,LOW,897.95,0.05,1.04,0.33,0.0,-0.81,-0.78,0,0,0,0,1,1,-1.08,-0.791,1,-0.29
RML.NS,2026-06-12,09:15,BULLISH,MEDIUM,898.9,0.15,3.43,1.04,2.89,0.0,2.84,1,1,1,1,1,1,0.736,,0,-0.69
RML.NS,2026-06-12,12:00,BULLISH,MEDIUM,913.25,0.11,2.48,0.75,1.28,-0.13,1.23,1,1,0,1,1,1,0.448,,0,-0.5
RML.NS,2026-06-12,14:00,BULLISH,MEDIUM,914.9,0.06,1.43,0.43,1.09,0.0,1.04,1,1,1,1,1,1,0.132,,0,-0.29
RML.NS,2026-06-15,09:15,BEARISH,MEDIUM,930.0,-3.18,-0.12,-0.99,1.61,-0.22,-0.11,1,1,0,0,1,0,,,0,-2.36
RML.NS,2026-06-15,12:00,BEARISH,MEDIUM,939.4,-2.29,-0.09,-0.72,0.04,-1.21,-1.11,1,1,1,1,1,0,,,0,-1.71
RML.NS,2026-06-15,14:00,BEARISH,MEDIUM,935.3,-1.32,-0.05,-0.41,0.04,-0.78,-0.67,1,1,1,1,1,0,,,0,-0.98
RML.NS,2026-06-16,09:15,BEARISH,LOW,932.0,-3.03,-0.1,-0.81,6.01,-0.53,5.09,1,1,0,0,1,0,,,0,-1.92
RML.NS,2026-06-16,12:00,BEARISH,LOW,984.0,-2.19,-0.08,-0.58,0.3,-1.12,-0.46,1,1,0,1,1,0,,,0,-1.39
RML.NS,2026-06-16,14:00,BEARISH,LOW,979.8,-1.26,-0.04,-0.34,0.44,-0.69,-0.04,1,1,1,1,1,0,,,0,-0.8
RML.NS,2026-06-17,09:15,BEARISH,HIGH,992.0,-7.12,-0.3,-2.48,0.0,-1.92,-1.61,1,1,0,0,1,0,,,0,-5.91
RML.NS,2026-06-17,12:00,BEARISH,HIGH,983.15,-5.14,-0.22,-1.79,0.39,-0.88,-0.73,1,1,0,0,1,0,,,0,-4.27
RML.NS,2026-06-17,14:00,BEARISH,HIGH,979.3,-2.97,-0.13,-1.03,0.34,-0.49,-0.34,1,1,0,0,1,0,,,0,-2.46
RML.NS,2026-06-18,09:15,BULLISH,LOW,990.0,0.16,3.37,0.85,0.0,-2.22,-0.4,0,0,0,0,1,1,-1.7,0.549,1,-1.23
RML.NS,2026-06-18,12:00,BULLISH,LOW,981.7,0.11,2.43,0.61,0.74,-0.43,0.44,1,1,0,1,1,1,0.313,,0,-0.89
RML.NS,2026-06-18,14:00,BULLISH,LOW,981.45,0.07,1.4,0.35,0.77,-0.09,0.47,1,1,1,1,1,1,0.055,,0,-0.51
RML.NS,2026-06-19,09:15,BEARISH,MEDIUM,984.0,-3.67,-0.19,-1.09,15.54,-0.41,13.99,1,1,0,0,1,0,,,0,-2.58
RML.NS,2026-06-19,12:00,BEARISH,MEDIUM,1111.2,-2.65,-0.14,-0.78,2.32,-1.28,0.94,1,1,0,1,1,0,,,0,-1.87
RML.NS,2026-06-19,14:00,BEARISH,MEDIUM,1119.5,-1.53,-0.08,-0.45,1.56,-0.85,0.2,1,1,1,1,1,0,,,0,-1.08
RML.NS,2026-06-22,09:15,BEARISH,HIGH,1126.6,-15.36,-0.52,-4.51,3.76,-0.75,1.26,1,1,0,0,1,0,,,0,-10.73
RML.NS,2026-06-22,12:00,BEARISH,HIGH,1136.05,-11.1,-0.37,-3.25,1.49,-0.87,0.41,1,1,0,0,1,0,,,0,-7.75
RML.NS,2026-06-22,14:00,BEARISH,HIGH,1148.65,-6.41,-0.22,-1.88,0.05,-0.74,-0.69,1,1,0,0,1,0,,,0,-4.47
RML.NS,2026-06-23,09:15,BEARISH,MEDIUM,1135.1,-5.02,-0.19,-1.38,0.0,-6.13,-5.58,1,1,1,1,0,0,,,0,-3.3
RML.NS,2026-06-23,12:00,BEARISH,MEDIUM,1091.15,-3.63,-0.14,-1.0,0.08,-2.35,-1.77,1,1,1,1,1,0,,,0,-2.38
RML.NS,2026-06-23,14:00,BEARISH,MEDIUM,1068.0,-2.09,-0.08,-0.58,1.32,-0.09,0.36,1,1,0,0,1,0,,,0,-1.37
RML.NS,2026-06-24,09:15,BULLISH,HIGH,1072.6,0.22,5.02,1.37,0.9,-1.36,-1.36,1,1,0,0,1,1,-1.661,1.066,1,-0.67
RML.NS,2026-06-24,12:00,BULLISH,HIGH,1080.0,0.16,3.63,0.99,0.01,-2.04,-2.04,1,0,0,0,1,1,-1.91,-1.855,1,-0.49
RML.NS,2026-06-24,14:00,BULLISH,HIGH,1072.1,0.09,2.09,0.57,0.27,-1.32,-1.32,1,1,0,0,1,1,-1.615,-1.338,1,-0.28
RML.NS,2026-06-25,09:15,BULLISH,MEDIUM,1065.0,0.13,3.3,0.87,0.92,-2.61,-2.02,1,1,0,1,1,1,-1.88,0.574,1,-0.49
RML.NS,2026-06-25,12:00,BULLISH,MEDIUM,1056.3,0.09,2.38,0.63,0.5,-1.8,-1.21,1,1,0,0,1,1,-1.88,-1.165,1,-0.35
RML.NS,2026-06-25,14:00,BULLISH,MEDIUM,1044.1,0.05,1.38,0.36,0.2,-0.66,-0.06,1,1,0,0,1,1,-0.357,-0.157,1,-0.2
RML.NS,2026-06-29,09:15,NEUTRAL,HIGH,1040.0,-0.5,0.5,0.0,11.32,-0.47,8.7,0,1,1,0,1,0,,,0,-0.14
RML.NS,2026-06-29,12:00,NEUTRAL,HIGH,1088.0,-0.5,0.5,0.0,6.41,-0.51,3.9,0,1,1,0,1,0,,,0,-0.1
RML.NS,2026-06-29,14:00,NEUTRAL,HIGH,1090.05,-0.5,0.5,-0.0,6.21,-0.24,3.71,0,1,1,0,1,0,,,0,-0.06
RML.NS,2026-06-30,09:15,BEARISH,MEDIUM,1128.65,-7.13,-0.21,-1.85,4.55,-0.12,2.24,1,0,0,0,1,0,,,0,-4.4
RML.NS,2026-06-30,12:00,BEARISH,MEDIUM,1140.95,-5.15,-0.15,-1.34,3.42,-0.92,1.14,1,1,0,0,1,0,,,0,-3.18
RML.NS,2026-06-30,14:00,BEARISH,MEDIUM,1166.5,-2.98,-0.09,-0.77,1.16,-1.19,-1.08,1,1,0,1,1,0,,,0,-1.84
RML.NS,2026-07-01,09:15,BEARISH,MEDIUM,1197.0,-5.23,-0.15,-1.35,5.41,-3.09,0.28,1,1,1,1,1,0,,,0,-3.21
RML.NS,2026-07-01,12:00,BEARISH,MEDIUM,1221.0,-3.78,-0.11,-0.98,0.74,-1.72,-1.7,1,1,0,1,1,0,,,0,-2.32
RML.NS,2026-07-01,14:00,BEARISH,MEDIUM,1215.4,-2.18,-0.06,-0.56,0.05,-1.27,-1.24,1,1,1,1,1,0,,,0,-1.34
RML.NS,2026-07-02,09:15,BEARISH,HIGH,1198.9,-7.63,-0.23,-2.07,1.34,-2.15,-0.38,1,1,0,1,1,0,,,0,-4.94
RML.NS,2026-07-02,12:00,BEARISH,HIGH,1204.0,-5.51,-0.16,-1.5,0.65,-0.92,-0.8,1,1,0,0,1,0,,,0,-3.57
RML.NS,2026-07-02,14:00,BEARISH,HIGH,1202.4,-3.18,-0.09,-0.86,0.48,-0.77,-0.67,1,1,0,0,1,0,,,0,-2.06
RML.NS,2026-07-03,09:15,NEUTRAL,LOW,1202.0,-0.5,0.5,0.0,3.91,-0.17,0.22,1,1,1,1,1,0,,,0,-1.24
RML.NS,2026-07-03,12:00,NEUTRAL,LOW,1215.5,-0.5,0.5,0.0,0.14,-0.99,-0.9,1,1,1,1,1,0,,,0,-0.89
RML.NS,2026-07-03,14:00,NEUTRAL,LOW,1210.4,-0.5,0.5,-0.0,0.37,-0.57,-0.48,1,1,1,1,1,0,,,0,-0.52
RML.NS,2026-07-06,09:15,BEARISH,MEDIUM,1206.0,-4.24,-0.13,-1.15,5.8,-0.5,3.57,1,1,0,0,1,0,,,0,-2.74
RML.NS,2026-07-06,12:00,BEARISH,MEDIUM,1262.1,-3.07,-0.1,-0.83,0.21,-1.91,-1.03,1,1,1,1,1,0,,,0,-1.98
RML.NS,2026-07-06,14:00,BEARISH,MEDIUM,1250.4,-1.77,-0.06,-0.48,0.54,-0.34,-0.1,1,1,0,0,1,0,,,0,-1.14
RML.NS,2026-07-07,09:15,BEARISH,MEDIUM,1241.7,-4.5,-0.12,-1.14,0.81,-2.24,-0.94,1,1,0,1,1,0,,,0,-2.72
RML.NS,2026-07-07,12:00,BEARISH,MEDIUM,1219.8,-3.25,-0.09,-0.83,1.14,-0.23,0.84,1,1,0,0,1,0,,,0,-1.96
RML.NS,2026-07-07,14:00,BEARISH,MEDIUM,1225.2,-1.88,-0.05,-0.48,0.69,-0.33,0.39,1,1,0,0,1,0,,,0,-1.13
RML.NS,2026-07-08,09:15,BULLISH,LOW,1226.0,0.12,2.7,0.77,3.34,-2.13,2.5,1,1,1,1,0,1,-1.97,0.473,1,-0.59
RML.NS,2026-07-08,12:00,BULLISH,LOW,1256.0,0.09,1.95,0.56,0.87,-4.47,0.06,1,1,0,1,1,1,-1.97,0.259,1,-0.43
RML.NS,2026-07-08,14:00,BULLISH,LOW,1229.7,0.05,1.13,0.32,3.03,-2.42,2.2,1,1,1,1,0,1,-1.96,0.023,1,-0.25
RML.NS,2026-07-09,09:15,BEARISH,HIGH,1258.2,-6.43,-0.16,-1.61,5.22,-0.21,1.18,1,1,0,0,1,0,,,0,-3.83
RML.NS,2026-07-09,12:00,BEARISH,HIGH,1283.6,-4.65,-0.12,-1.16,0.41,-0.82,-0.82,1,1,0,0,1,0,,,0,-2.77
RML.NS,2026-07-09,14:00,BEARISH,HIGH,1284.5,-2.68,-0.07,-0.67,0.19,-0.89,-0.89,1,1,0,1,1,0,,,0,-1.6
RML.NS,2026-07-10,09:15,BEARISH,MEDIUM,1284.1,-4.23,-0.13,-0.99,2.65,0.0,1.27,0,0,0,0,1,0,,,0,-2.36
RML.NS,2026-07-10,12:00,BEARISH,MEDIUM,1312.0,-3.05,-0.09,-0.72,0.23,-0.96,-0.88,1,1,0,1,1,0,,,0,-1.71
RML.NS,2026-07-10,14:00,BEARISH,MEDIUM,1302.8,-1.76,-0.05,-0.41,0.9,-0.26,-0.18,1,1,0,0,1,0,,,0,-0.98
RML.NS,2026-07-13,09:15,BEARISH,LOW,1282.7,-2.97,-0.1,-0.67,2.89,-2.55,-2.43,1,1,1,1,1,0,,,0,-1.6
RML.NS,2026-07-13,12:00,BEARISH,LOW,1284.0,-2.15,-0.07,-0.49,0.11,-2.65,-2.53,1,1,1,1,0,0,,,0,-1.16
RML.NS,2026-07-13,14:00,BEARISH,LOW,1259.9,-1.24,-0.04,-0.28,0.24,-0.79,-0.67,1,1,1,1,1,0,,,0,-0.67
RML.NS,2026-07-14,09:15,BULLISH,HIGH,1252.0,0.17,3.69,1.04,1.12,-1.99,-1.13,1,1,0,1,1,1,-2.06,-0.719,1,-0.71
RML.NS,2026-07-14,12:00,BULLISH,HIGH,1229.5,0.12,2.67,0.75,1.94,0.0,0.68,1,1,1,1,1,1,0.453,,0,-0.51
RML.NS,2026-07-14,14:00,BULLISH,HIGH,1248.8,0.07,1.54,0.43,0.1,-1.01,-0.87,1,1,0,0,1,1,-1.173,-0.885,1,-0.29
RML.NS,2026-07-15,09:15,BULLISH,MEDIUM,1234.9,0.12,3.25,0.79,2.44,0.0,0.92,1,1,1,1,1,1,0.494,,0,-0.75
RML.NS,2026-07-15,12:00,BULLISH,MEDIUM,1243.1,0.09,2.35,0.57,1.76,-0.18,0.25,1,1,1,1,1,1,0.274,,0,-0.54
RML.NS,2026-07-15,14:00,BULLISH,MEDIUM,1260.0,0.05,1.35,0.33,0.4,-1.1,-1.1,1,1,0,1,1,1,0.031,0.031,1,-0.31
RML.NS,2026-07-16,09:15,BEARISH,LOW,1240.0,-2.89,-0.06,-0.59,3.54,-0.4,-0.24,1,1,0,0,1,0,,,0,-1.4
RML.NS,2026-07-16,12:00,BEARISH,LOW,1264.9,-2.09,-0.04,-0.43,0.0,-2.36,-2.21,1,1,1,1,0,0,,,0,-1.01
RML.NS,2026-07-16,14:00,BEARISH,LOW,1247.4,-1.21,-0.03,-0.25,0.0,-0.83,-0.83,1,1,1,1,1,0,,,0,-0.59
RML.NS,2026-07-17,09:15,BULLISH,MEDIUM,1240.9,0.08,3.02,0.74,0.0,-5.29,-4.75,0,0,0,0,1,1,-2.0,-2.0,1,-0.54
RML.NS,2026-07-17,12:00,BULLISH,MEDIUM,1191.1,0.06,2.18,0.54,0.08,-1.33,-0.77,1,1,0,0,1,1,-1.072,-0.684,1,-0.39
RML.NS,2026-07-17,14:00,BULLISH,MEDIUM,1182.0,0.03,1.26,0.31,0.7,-0.47,-0.01,1,1,1,1,1,1,0.01,0.01,1,-0.22
RML.NS,2026-07-20,09:15,BULLISH,MEDIUM,1167.6,0.17,4.79,1.29,1.71,0.0,0.72,1,1,0,1,1,1,0.995,,0,-0.85
RML.NS,2026-07-20,12:00,BULLISH,MEDIUM,1176.5,0.12,3.46,0.93,0.83,-0.47,-0.04,1,1,0,0,1,1,-0.342,,0,-0.61
RML.NS,2026-07-20,14:00,BULLISH,MEDIUM,1181.1,0.07,2.0,0.54,0.31,-0.43,-0.43,1,1,0,0,1,1,-0.732,-0.382,1,-0.35
RML.NS,2026-07-21,09:15,BULLISH,LOW,1178.1,0.09,2.5,0.61,3.03,-1.1,2.39,1,1,1,1,0,1,0.308,,0,-1.38
RML.NS,2026-07-21,12:00,BULLISH,LOW,1190.0,0.06,1.81,0.44,1.92,-0.33,1.36,1,1,1,1,0,1,0.139,,0,-1.0
SCI.NS,2026-04-29,09:15,BEARISH,MEDIUM,309.3,-6.25,-0.17,-1.67,2.32,-0.81,-0.74,1,1,0,0,1,0,,,0,-3.99
SCI.NS,2026-04-29,12:00,BEARISH,MEDIUM,309.7,-4.51,-0.13,-1.21,2.03,-0.94,-0.87,1,1,0,0,1,0,,,0,-2.88
SCI.NS,2026-04-29,14:00,BEARISH,MEDIUM,308.22,-2.61,-0.07,-0.7,0.22,-0.46,-0.4,1,1,0,0,1,0,,,0,-1.66
SCI.NS,2026-04-30,09:15,BEARISH,MEDIUM,306.3,-6.53,-0.18,-1.74,1.51,-2.99,-0.7,1,1,0,1,1,0,,,0,-4.14
SCI.NS,2026-04-30,12:00,BEARISH,MEDIUM,302.8,-4.72,-0.13,-1.25,2.17,-0.3,0.45,1,1,0,0,1,0,,,0,-2.99
SCI.NS,2026-04-30,14:00,BEARISH,MEDIUM,307.38,-2.72,-0.07,-0.73,0.0,-1.41,-1.05,1,1,1,1,1,0,,,0,-1.72
SCI.NS,2026-05-04,09:15,NEUTRAL,HIGH,306.95,-0.5,0.5,-0.0,4.02,-1.71,3.34,0,1,1,0,1,0,,,0,-0.11
SCI.NS,2026-05-04,12:00,NEUTRAL,HIGH,312.0,-0.5,0.5,0.0,2.34,-1.57,1.67,0,1,1,0,1,0,,,0,-0.08
SCI.NS,2026-05-04,14:00,NEUTRAL,HIGH,310.4,-0.5,0.5,0.0,2.87,-0.11,2.19,0,1,1,0,1,0,,,0,-0.05
SCI.NS,2026-05-05,09:15,BEARISH,MEDIUM,320.45,-6.2,-0.19,-1.73,2.54,-1.58,0.37,1,1,0,0,1,0,,,0,-4.12
SCI.NS,2026-05-05,12:00,BEARISH,MEDIUM,321.0,-4.48,-0.14,-1.25,0.45,-0.78,0.2,1,1,0,0,1,0,,,0,-2.97
SCI.NS,2026-05-05,14:00,BEARISH,MEDIUM,322.05,-2.59,-0.08,-0.72,0.08,-0.78,-0.12,1,1,0,1,1,0,,,0,-1.72
SCI.NS,2026-05-06,09:15,BEARISH,MEDIUM,322.05,-5.1,-0.15,-1.32,0.34,-4.77,-3.15,1,1,1,1,1,0,,,0,-3.14
SCI.NS,2026-05-06,12:00,BEARISH,MEDIUM,309.95,-3.68,-0.11,-0.95,1.15,-0.76,0.63,1,1,0,0,1,0,,,0,-2.27
SCI.NS,2026-05-06,14:00,BEARISH,MEDIUM,311.65,-2.13,-0.06,-0.55,0.59,-0.08,0.08,1,1,0,0,1,0,,,0,-1.31
SCI.NS,2026-05-07,09:15,BULLISH,HIGH,315.3,0.21,5.66,1.55,2.12,-1.28,1.36,1,1,0,1,1,1,1.248,1.248,1,-1.08
SCI.NS,2026-05-07,12:00,BULLISH,HIGH,318.8,0.15,4.09,1.12,0.82,-1.93,0.25,1,1,0,0,1,1,-2.08,0.82,1,-0.78
SCI.NS,2026-05-07,14:00,BULLISH,HIGH,317.7,0.09,2.36,0.65,1.16,-0.31,0.6,1,1,0,1,1,1,0.345,,0,-0.45
SCI.NS,2026-05-08,09:15,BEARISH,LOW,319.3,-4.26,-0.1,-1.01,8.03,0.0,5.98,0,0,0,0,1,0,,,0,-2.41
SCI.NS,2026-05-08,12:00,BEARISH,LOW,338.5,-3.07,-0.07,-0.73,1.68,-0.99,-0.03,1,1,0,1,1,0,,,0,-1.74
SCI.NS,2026-05-08,14:00,BEARISH,LOW,340.3,-1.78,-0.04,-0.42,0.88,-0.87,-0.56,1,1,0,1,1,0,,,0,-1.0
SCI.NS,2026-05-11,09:15,BEARISH,MEDIUM,335.9,-7.1,-0.19,-1.82,9.5,-0.39,1.38,1,1,0,0,1,0,,,0,-4.34
SCI.NS,2026-05-11,12:00,BEARISH,MEDIUM,344.3,-5.13,-0.14,-1.32,0.0,-1.67,-1.09,1,1,0,1,1,0,,,0,-3.14
SCI.NS,2026-05-11,14:00,BEARISH,MEDIUM,341.7,-2.96,-0.08,-0.76,0.47,-0.92,-0.34,1,1,0,1,1,0,,,0,-1.81
SCI.NS,2026-05-12,09:15,BEARISH,MEDIUM,338.6,-6.89,-0.19,-1.68,3.51,-4.34,-4.18,1,1,1,1,1,0,,,0,-3.99
SCI.NS,2026-05-12,12:00,BEARISH,MEDIUM,337.95,-4.97,-0.14,-1.21,0.03,-4.16,-3.99,1,1,1,1,1,0,,,0,-2.88
SCI.NS,2026-05-12,14:00,BEARISH,MEDIUM,330.0,-2.87,-0.08,-0.7,0.26,-1.85,-1.68,1,1,1,1,1,0,,,0,-1.66
SCI.NS,2026-05-13,09:15,BULLISH,MEDIUM,327.95,0.29,5.79,1.85,4.51,0.0,1.13,1,1,1,1,1,1,1.548,,0,-1.28
SCI.NS,2026-05-13,12:00,BULLISH,MEDIUM,333.15,0.21,4.18,1.34,0.78,-0.74,-0.45,1,1,0,0,1,1,-0.75,,0,-0.92
SCI.NS,2026-05-13,14:00,BULLISH,MEDIUM,333.25,0.12,2.41,0.77,0.75,-0.66,-0.48,1,1,0,0,1,1,-0.78,-0.25,1,-0.53
SCI.NS,2026-05-14,09:15,BEARISH,MEDIUM,336.0,-4.77,-0.11,-1.06,0.22,-4.43,-2.68,1,1,1,1,1,0,,,0,-2.52
SCI.NS,2026-05-14,12:00,BEARISH,MEDIUM,324.6,-3.45,-0.08,-0.76,1.34,-0.49,0.74,1,1,0,0,1,0,,,0,-1.82
SCI.NS,2026-05-14,14:00,BEARISH,MEDIUM,326.5,-1.99,-0.05,-0.44,0.52,-0.61,0.15,1,1,0,1,1,0,,,0,-1.05
SCI.NS,2026-05-15,09:15,BULLISH,HIGH,327.7,0.25,5.28,1.56,4.64,-2.81,1.07,1,1,1,1,1,1,-2.39,1.262,1,-0.86
SCI.NS,2026-05-15,12:00,BULLISH,HIGH,334.3,0.18,3.82,1.13,2.57,-1.05,-0.93,1,1,1,1,1,1,0.828,-0.609,1,-0.62
SCI.NS,2026-05-15,14:00,BULLISH,HIGH,337.7,0.1,2.2,0.65,0.09,-2.04,-1.92,1,0,0,0,1,1,-2.225,-1.87,1,-0.36
SCI.NS,2026-05-18,09:15,BEARISH,MEDIUM,328.4,-6.79,-0.15,-1.37,7.03,-0.79,4.93,1,1,0,0,1,0,,,0,-3.26
SCI.NS,2026-05-18,12:00,BEARISH,MEDIUM,346.9,-4.9,-0.11,-0.99,0.14,-1.47,-0.66,1,1,0,1,1,0,,,0,-2.35
SCI.NS,2026-05-18,14:00,BEARISH,MEDIUM,345.6,-2.83,-0.06,-0.57,0.26,-1.1,-0.29,1,1,0,1,1,0,,,0,-1.36
SCI.NS,2026-05-19,09:15,BEARISH,MEDIUM,348.7,-7.32,-0.24,-2.14,0.5,-2.78,-2.62,1,1,0,1,1,0,,,0,-5.09
SCI.NS,2026-05-19,12:00,BEARISH,MEDIUM,344.2,-5.29,-0.17,-1.54,0.09,-1.51,-1.35,1,1,0,0,1,0,,,0,-3.68
SCI.NS,2026-05-19,14:00,BEARISH,MEDIUM,340.9,-3.05,-0.1,-0.89,0.44,-0.56,-0.4,1,1,0,0,1,0,,,0,-2.12
SCI.NS,2026-05-20,09:15,BULLISH,HIGH,333.45,0.26,5.65,1.73,0.88,-2.64,-1.87,1,1,0,0,1,1,-2.48,1.43,1,-1.17
SCI.NS,2026-05-20,12:00,BULLISH,HIGH,332.25,0.19,4.08,1.25,0.03,-2.29,-1.52,1,0,0,0,1,1,-2.47,-0.976,1,-0.85
SCI.NS,2026-05-20,14:00,BULLISH,HIGH,327.8,0.11,2.36,0.72,0.29,-0.96,-0.18,1,1,0,0,1,1,-0.483,0.42,1,-0.49
SCI.NS,2026-05-21,09:15,BULLISH,HIGH,330.9,0.23,5.31,1.46,1.12,-1.3,-1.13,1,1,0,0,1,1,-1.433,-0.414,1,-1.02
SCI.NS,2026-05-21,12:00,BULLISH,HIGH,329.3,0.16,3.83,1.05,0.29,-0.82,-0.65,1,1,0,0,1,1,-0.953,-0.212,1,-0.74
SCI.NS,2026-05-21,14:00,BULLISH,HIGH,328.6,0.1,2.21,0.61,0.12,-0.56,-0.44,1,1,0,0,1,1,-0.741,-0.311,1,-0.43
SCI.NS,2026-05-22,09:15,BULLISH,LOW,327.5,0.11,3.58,0.91,1.76,-4.05,-3.24,1,1,0,1,1,1,-2.42,-2.42,1,-1.66
SCI.NS,2026-05-22,12:00,BULLISH,LOW,326.55,0.08,2.59,0.66,0.02,-3.77,-2.96,1,0,0,0,1,1,-2.41,-2.41,1,-1.2
SCI.NS,2026-05-22,14:00,BULLISH,LOW,323.55,0.05,1.49,0.38,0.05,-2.87,-2.06,1,0,0,0,1,1,-2.4,0.08,1,-0.69
SCI.NS,2026-05-25,09:15,BULLISH,HIGH,321.5,0.29,7.11,1.97,0.0,-5.91,-5.75,0,0,0,0,1,1,-2.5,-2.5,1,-1.0
SCI.NS,2026-05-25,12:00,BULLISH,HIGH,305.3,0.21,5.14,1.42,0.13,-0.88,-0.75,1,0,0,0,1,1,-1.053,-0.334,1,-0.72
SCI.NS,2026-05-25,14:00,BULLISH,HIGH,303.8,0.12,2.97,0.82,0.13,-0.39,-0.26,1,1,0,0,1,1,-0.563,,0,-0.42
SCI.NS,2026-05-26,09:15,BULLISH,HIGH,304.4,0.33,9.51,2.39,2.81,-1.02,1.02,1,1,0,1,1,1,2.095,,0,-1.05
SCI.NS,2026-05-26,12:00,BULLISH,HIGH,311.05,0.24,6.87,1.73,0.37,-1.62,-1.14,1,1,0,0,1,1,-1.441,-0.684,1,-0.76
SCI.NS,2026-05-26,14:00,BULLISH,HIGH,307.25,0.14,3.96,1.0,0.26,-0.41,0.08,1,1,0,0,1,1,-0.219,,0,-0.44
SCI.NS,2026-05-27,09:15,BULLISH,LOW,308.55,0.14,4.35,1.03,1.39,-2.54,-1.64,1,1,0,1,1,1,-2.56,-0.103,1,-1.83
SCI.NS,2026-05-27,12:00,BULLISH,LOW,303.0,0.1,3.14,0.75,0.59,-0.76,0.17,1,1,0,0,1,1,-0.135,,0,-1.32
SCI.NS,2026-05-27,14:00,BULLISH,LOW,302.85,0.06,1.82,0.43,0.31,-0.71,0.21,1,1,0,0,1,1,-0.085,,0,-0.76
SCI.NS,2026-05-29,09:15,NEUTRAL,HIGH,304.6,-0.5,0.5,-0.0,0.89,-4.27,-4.02,0,1,1,0,1,0,,,0,-0.0
SCI.NS,2026-05-29,12:00,NEUTRAL,HIGH,301.0,-0.5,0.5,0.0,0.13,-3.12,-2.87,0,1,1,0,1,0,,,0,-0.0
SCI.NS,2026-05-29,14:00,NEUTRAL,HIGH,298.85,-0.5,0.5,-0.0,0.18,-2.43,-2.18,0,1,1,0,1,0,,,0,-0.0
SCI.NS,2026-06-01,09:15,BULLISH,HIGH,293.5,0.27,7.09,1.88,0.34,-2.52,-2.25,1,1,0,0,1,1,-2.47,-1.651,1,-0.91
SCI.NS,2026-06-01,12:00,BULLISH,HIGH,290.05,0.2,5.12,1.35,0.26,-1.36,-1.09,1,1,0,0,1,1,-1.386,-0.729,1,-0.66
SCI.NS,2026-06-01,14:00,BULLISH,HIGH,289.05,0.11,2.95,0.78,0.02,-1.02,-0.74,1,0,0,0,1,1,-1.044,-0.665,1,-0.38
SCI.NS,2026-06-02,09:15,BULLISH,HIGH,284.65,0.27,6.11,1.67,6.45,0.0,6.29,1,1,1,1,0,1,1.369,,0,-0.82
SCI.NS,2026-06-02,12:00,BULLISH,HIGH,289.6,0.19,4.41,1.21,4.63,-0.17,4.47,1,1,1,1,0,1,0.905,,0,-0.59
SCI.NS,2026-06-02,14:00,BULLISH,HIGH,299.05,0.11,2.55,0.7,1.32,-0.27,1.17,1,1,0,1,1,1,0.396,,0,-0.34
SCI.NS,2026-06-03,09:15,BEARISH,HIGH,303.8,-8.22,-0.6,-2.76,0.92,-1.97,-0.12,1,1,0,0,1,0,,,0,-6.56
SCI.NS,2026-06-03,12:00,BEARISH,HIGH,298.65,-5.94,-0.43,-1.99,2.16,-0.28,1.61,1,0,0,0,1,0,,,0,-4.74
SCI.NS,2026-06-03,14:00,BEARISH,HIGH,301.5,-3.43,-0.25,-1.15,1.19,-0.1,0.65,1,0,0,0,1,0,,,0,-2.74
SCI.NS,2026-06-04,09:15,BEARISH,MEDIUM,301.9,-3.77,-0.13,-0.99,2.1,0.0,0.89,0,0,0,0,1,0,,,0,-2.36
SCI.NS,2026-06-04,12:00,BEARISH,MEDIUM,306.9,-2.72,-0.09,-0.71,0.16,-1.12,-0.75,1,1,0,1,1,0,,,0,-1.7
SCI.NS,2026-06-04,14:00,BEARISH,MEDIUM,305.55,-1.57,-0.05,-0.41,0.31,-0.69,-0.31,1,1,0,1,1,0,,,0,-0.98
SCI.NS,2026-06-05,09:15,BEARISH,LOW,305.0,-2.69,-0.11,-0.74,6.23,-1.13,-0.93,1,1,0,1,1,0,,,0,-1.76
SCI.NS,2026-06-05,12:00,BEARISH,LOW,320.65,-1.94,-0.08,-0.53,0.33,-5.96,-5.77,1,1,1,1,0,0,,,0,-1.27
SCI.NS,2026-06-05,14:00,BEARISH,LOW,307.35,-1.12,-0.04,-0.31,0.31,-1.89,-1.69,1,1,1,1,0,0,,,0,-0.73
SCI.NS,2026-06-08,09:15,BULLISH,MEDIUM,299.0,0.22,7.28,1.99,0.9,-2.11,-1.97,1,1,0,0,1,1,-2.273,1.687,1,-1.44
SCI.NS,2026-06-08,12:00,BULLISH,MEDIUM,297.45,0.16,5.26,1.44,1.33,-1.6,-1.46,1,1,0,0,1,1,-1.762,-0.727,1,-1.04
SCI.NS,2026-06-08,14:00,BULLISH,MEDIUM,297.6,0.09,3.03,0.83,0.12,-1.65,-1.51,1,1,0,0,1,1,-1.812,-1.218,1,-0.6
SCI.NS,2026-06-09,09:15,BULLISH,MEDIUM,296.05,0.16,4.5,1.11,0.96,-1.44,0.49,1,1,0,0,1,1,0.19,0.808,1,-0.91
SCI.NS,2026-06-09,12:00,BULLISH,MEDIUM,293.75,0.12,3.25,0.8,1.41,-0.31,1.28,1,1,0,1,1,1,0.5,,0,-0.66
SCI.NS,2026-06-09,14:00,BULLISH,MEDIUM,295.1,0.07,1.88,0.46,0.95,-0.08,0.81,1,1,0,1,1,1,0.161,,0,-0.38
SCI.NS,2026-06-10,09:15,BEARISH,LOW,297.6,-3.51,-0.1,-0.79,0.64,-3.48,-3.38,1,1,1,1,1,0,,,0,-1.88
SCI.NS,2026-06-10,12:00,BEARISH,LOW,291.5,-2.54,-0.07,-0.57,0.15,-1.46,-1.36,1,1,1,1,1,0,,,0,-1.36
SCI.NS,2026-06-10,14:00,BEARISH,LOW,290.85,-1.47,-0.04,-0.33,0.14,-1.24,-1.13,1,1,1,1,1,0,,,0,-0.79
SCI.NS,2026-06-11,09:15,BULLISH,HIGH,286.55,0.2,5.01,1.6,4.75,-0.73,-0.1,1,1,1,1,1,1,1.302,,0,-0.84
SCI.NS,2026-06-11,12:00,BULLISH,HIGH,291.15,0.14,3.62,1.16,0.09,-2.3,-1.68,1,0,0,0,1,1,-2.29,-1.39,1,-0.6
SCI.NS,2026-06-11,14:00,BULLISH,HIGH,287.25,0.08,2.09,0.67,0.64,-0.97,-0.35,1,1,0,0,1,1,-0.648,-0.298,1,-0.35
SCI.NS,2026-06-12,09:15,BULLISH,MEDIUM,292.9,0.22,5.94,1.64,1.72,-1.09,1.35,1,1,0,1,1,1,1.335,1.335,1,-0.99
SCI.NS,2026-06-12,12:00,BULLISH,MEDIUM,292.65,0.16,4.29,1.18,1.81,-1.01,1.44,1,1,0,1,1,1,0.882,0.882,1,-0.72
SCI.NS,2026-06-12,14:00,BULLISH,MEDIUM,292.95,0.09,2.48,0.68,1.71,-0.14,1.33,1,1,1,1,1,1,0.383,,0,-0.41
SCI.NS,2026-06-15,09:15,BEARISH,MEDIUM,303.0,-4.34,-0.15,-1.12,5.81,0.0,2.15,0,0,0,0,1,0,,,0,-2.66
SCI.NS,2026-06-15,12:00,BEARISH,MEDIUM,308.0,-3.13,-0.11,-0.81,2.66,-0.45,0.49,1,1,0,0,1,0,,,0,-1.92
SCI.NS,2026-06-15,14:00,BEARISH,MEDIUM,310.1,-1.81,-0.06,-0.47,1.97,-0.26,-0.19,1,1,0,0,1,0,,,0,-1.11
SCI.NS,2026-06-16,09:15,BEARISH,HIGH,311.8,-7.12,-0.23,-2.08,1.67,-1.35,-0.99,1,1,0,0,1,0,,,0,-4.96
SCI.NS,2026-06-16,12:00,BEARISH,HIGH,308.9,-5.15,-0.16,-1.51,0.34,-0.42,-0.06,1,1,0,0,1,0,,,0,-3.58
SCI.NS,2026-06-16,14:00,BEARISH,HIGH,309.05,-2.97,-0.1,-0.87,0.21,-0.15,-0.11,1,1,0,0,1,0,,,0,-2.07
SCI.NS,2026-06-17,09:15,BULLISH,LOW,310.45,0.12,3.04,0.75,1.03,-1.11,0.32,1,1,0,1,1,1,0.451,,0,-1.21
SCI.NS,2026-06-17,12:00,BULLISH,LOW,308.9,0.09,2.2,0.54,1.54,-0.1,0.83,1,1,1,1,1,1,0.241,,0,-0.87
SCI.NS,2026-06-17,14:00,BULLISH,LOW,310.5,0.05,1.27,0.31,0.31,-0.39,0.31,1,1,0,0,1,1,0.006,,0,-0.5
SCI.NS,2026-06-18,09:15,BEARISH,MEDIUM,311.8,-4.15,-0.14,-1.06,2.36,-1.01,-0.67,1,1,0,0,1,0,,,0,-2.51
SCI.NS,2026-06-18,12:00,BEARISH,MEDIUM,313.2,-2.99,-0.1,-0.76,0.43,-1.45,-1.12,1,1,0,1,1,0,,,0,-1.81
SCI.NS,2026-06-18,14:00,BEARISH,MEDIUM,312.95,-1.73,-0.06,-0.44,0.05,-1.37,-1.04,1,1,1,1,1,0,,,0,-1.05
SCI.NS,2026-06-19,09:15,BULLISH,MEDIUM,311.25,0.17,3.74,1.07,2.57,-0.34,0.43,1,1,1,1,1,1,0.773,,0,-1.0
SCI.NS,2026-06-19,12:00,BULLISH,MEDIUM,313.45,0.12,2.7,0.78,0.21,-1.04,-0.27,1,1,0,0,1,1,-0.571,0.152,1,-0.72
SCI.NS,2026-06-19,14:00,BULLISH,MEDIUM,312.85,0.07,1.56,0.45,0.0,-0.85,-0.08,0,0,0,0,1,1,-0.38,0.042,1,-0.42
SCI.NS,2026-06-22,09:15,BEARISH,MEDIUM,315.0,-4.64,-0.17,-1.39,4.41,0.0,2.92,0,0,0,0,1,0,,,0,-3.31
SCI.NS,2026-06-22,12:00,BEARISH,MEDIUM,325.6,-3.35,-0.12,-1.0,0.21,-0.72,-0.43,1,1,0,0,1,0,,,0,-2.39
SCI.NS,2026-06-22,14:00,BEARISH,MEDIUM,324.55,-1.94,-0.07,-0.58,0.32,-0.35,-0.11,1,1,0,0,1,0,,,0,-1.38
SCI.NS,2026-06-23,09:15,BEARISH,HIGH,325.4,-6.6,-0.23,-1.91,0.58,-1.84,-1.55,1,1,0,0,1,0,,,0,-4.55
SCI.NS,2026-06-23,12:00,BEARISH,HIGH,323.1,-4.76,-0.17,-1.38,0.65,-1.15,-0.85,1,1,0,0,1,0,,,0,-3.29
SCI.NS,2026-06-23,14:00,BEARISH,HIGH,320.25,-2.75,-0.1,-0.8,0.66,-0.27,0.03,1,1,0,0,1,0,,,0,-1.9
SCI.NS,2026-06-24,09:15,BULLISH,MEDIUM,321.0,0.17,3.43,0.92,2.8,-0.23,0.56,1,1,1,1,1,1,0.622,,0,-1.23
SCI.NS,2026-06-24,12:00,BULLISH,MEDIUM,325.5,0.12,2.48,0.67,1.38,-1.21,-0.83,1,1,1,1,1,1,0.367,-0.239,1,-0.89
SCI.NS,2026-06-24,14:00,BULLISH,MEDIUM,323.0,0.07,1.43,0.38,0.29,-0.45,-0.06,1,1,0,0,1,1,-0.362,,0,-0.51
SCI.NS,2026-06-25,09:15,BEARISH,MEDIUM,325.8,-4.75,-0.16,-1.15,0.23,-4.68,-4.31,1,1,1,1,1,0,,,0,-2.74
SCI.NS,2026-06-25,12:00,BEARISH,MEDIUM,316.9,-3.43,-0.12,-0.83,0.3,-2.0,-1.63,1,1,1,1,1,0,,,0,-1.98
SCI.NS,2026-06-25,14:00,BEARISH,MEDIUM,312.4,-1.98,-0.07,-0.48,0.05,-0.59,-0.21,1,1,0,1,1,0,,,0,-1.14
SCI.NS,2026-06-29,09:15,NEUTRAL,HIGH,312.8,-0.5,0.5,0.0,1.01,-2.3,-1.93,0,1,1,0,1,0,,,0,-0.14
SCI.NS,2026-06-29,12:00,NEUTRAL,HIGH,306.85,-0.5,0.5,-0.0,0.34,-0.41,-0.03,1,1,1,1,1,0,,,0,-0.1
SCI.NS,2026-06-29,14:00,NEUTRAL,HIGH,306.9,-0.5,0.5,0.0,0.33,-0.21,-0.05,1,1,1,1,1,0,,,0,-0.06
SCI.NS,2026-06-30,09:15,BULLISH,HIGH,308.7,0.16,3.73,1.09,0.45,-1.72,-1.28,1,1,0,0,1,1,-1.92,-1.083,1,-0.5
SCI.NS,2026-06-30,12:00,BULLISH,HIGH,304.9,0.12,2.69,0.79,0.2,-0.44,-0.05,1,1,0,0,1,1,-0.349,0.012,1,-0.36
SCI.NS,2026-06-30,14:00,BULLISH,HIGH,304.1,0.07,1.56,0.46,0.41,-0.18,0.21,1,1,0,0,1,1,-0.086,,0,-0.21
SCI.NS,2026-07-01,09:15,BULLISH,HIGH,307.65,0.15,3.66,1.02,0.29,-2.39,-2.06,1,1,0,0,1,1,-1.89,-1.89,1,-0.67
SCI.NS,2026-07-01,12:00,BULLISH,HIGH,303.25,0.11,2.64,0.74,0.07,-0.96,-0.64,1,0,0,0,1,1,-0.943,-0.464,1,-0.48
SCI.NS,2026-07-01,14:00,BULLISH,HIGH,301.4,0.06,1.53,0.42,0.25,-0.35,-0.03,1,1,0,0,1,1,-0.333,0.125,1,-0.28
SCI.NS,2026-07-02,09:15,BULLISH,HIGH,302.5,0.15,3.62,1.0,0.5,-1.97,0.36,1,1,0,0,1,1,-1.88,0.698,1,-0.72
SCI.NS,2026-07-02,12:00,BULLISH,HIGH,299.85,0.11,2.61,0.72,1.38,-0.05,1.25,1,1,1,1,1,1,0.42,,0,-0.52
SCI.NS,2026-07-02,14:00,BULLISH,HIGH,302.4,0.06,1.51,0.42,0.53,-0.08,0.4,1,1,0,1,1,1,0.117,,0,-0.3
SCI.NS,2026-07-03,09:15,BEARISH,LOW,305.05,-2.63,-0.06,-0.58,0.79,-1.16,-1.07,1,1,0,1,1,0,,,0,-1.38
SCI.NS,2026-07-03,12:00,BEARISH,LOW,302.65,-1.9,-0.05,-0.42,0.25,-0.38,-0.28,1,1,0,0,1,0,,,0,-1.0
SCI.NS,2026-07-03,14:00,BEARISH,LOW,302.5,-1.1,-0.03,-0.24,0.07,-0.33,-0.23,1,1,0,1,1,0,,,0,-0.58
SCI.NS,2026-07-06,09:15,BULLISH,HIGH,302.0,0.14,2.98,0.83,0.0,-3.26,-2.81,0,0,0,0,1,1,-1.79,-1.79,1,-0.6
SCI.NS,2026-07-06,12:00,BULLISH,HIGH,294.05,0.1,2.15,0.6,0.14,-0.65,-0.19,1,1,0,0,1,1,-0.487,-0.056,1,-0.43
SCI.NS,2026-07-06,14:00,BULLISH,HIGH,292.6,0.06,1.24,0.35,0.63,-0.1,0.31,1,1,0,1,1,1,0.049,,0,-0.25
SCI.NS,2026-07-07,09:15,BULLISH,HIGH,294.9,0.16,4.26,1.04,0.0,-2.15,-1.44,0,0,0,0,1,1,-1.81,-1.026,1,-0.72
SCI.NS,2026-07-07,12:00,BULLISH,HIGH,290.05,0.12,3.08,0.75,0.43,-0.52,0.21,1,1,0,0,1,1,-0.093,,0,-0.52
SCI.NS,2026-07-07,14:00,BULLISH,HIGH,289.7,0.07,1.78,0.43,0.55,-0.14,0.33,1,1,0,1,1,1,0.135,,0,-0.3
SCI.NS,2026-07-08,09:15,BULLISH,HIGH,288.25,0.13,3.16,0.85,2.31,-4.41,-3.49,1,1,1,1,1,1,-1.78,0.553,1,-0.53
SCI.NS,2026-07-08,12:00,BULLISH,HIGH,292.85,0.09,2.28,0.61,0.09,-5.91,-5.0,1,0,0,0,1,1,-1.78,-1.78,1,-0.38
SCI.NS,2026-07-08,14:00,BULLISH,HIGH,286.0,0.05,1.32,0.36,0.1,-3.65,-2.73,1,1,0,0,1,1,-1.78,-1.78,1,-0.22
SCI.NS,2026-07-09,09:15,BULLISH,HIGH,278.9,0.28,6.53,1.92,1.25,-1.06,-0.61,1,1,0,0,1,1,-0.91,1.622,1,-0.92
SCI.NS,2026-07-09,12:00,BULLISH,HIGH,278.8,0.2,4.72,1.39,0.39,-0.79,-0.57,1,1,0,0,1,1,-0.874,-0.203,1,-0.67
SCI.NS,2026-07-09,14:00,BULLISH,HIGH,279.3,0.12,2.72,0.8,0.14,-0.97,-0.75,1,1,0,0,1,1,-1.052,-0.673,1,-0.38
SCI.NS,2026-07-10,09:15,BULLISH,LOW,279.85,0.15,3.04,0.83,2.13,0.0,1.73,1,1,1,1,1,1,0.525,,0,-1.39
SCI.NS,2026-07-10,12:00,BULLISH,LOW,284.25,0.11,2.2,0.6,0.42,-0.55,0.16,1,1,0,0,1,1,-0.142,,0,-1.01
SCI.NS,2026-07-10,14:00,BULLISH,LOW,283.7,0.06,1.27,0.35,0.62,-0.16,0.35,1,1,0,1,1,1,0.045,,0,-0.58
SCI.NS,2026-07-13,09:15,BEARISH,LOW,281.05,-1.84,-0.07,-0.57,2.12,-0.32,1.67,1,1,0,0,1,0,,,0,-1.37
SCI.NS,2026-07-13,12:00,BEARISH,LOW,284.45,-1.33,-0.05,-0.41,0.84,-0.11,0.46,1,1,0,0,1,0,,,0,-0.99
SCI.NS,2026-07-13,14:00,BEARISH,LOW,284.85,-0.77,-0.03,-0.24,0.7,-0.02,0.32,1,0,0,0,1,0,,,0,-0.57
SCI.NS,2026-07-14,09:15,BEARISH,LOW,285.6,-2.12,-0.08,-0.56,1.31,-0.89,0.0,1,1,0,1,1,0,,,0,-1.33
SCI.NS,2026-07-14,12:00,BEARISH,LOW,283.45,-1.53,-0.06,-0.41,1.52,-0.14,0.76,1,1,0,0,1,0,,,0,-0.96
SCI.NS,2026-07-14,14:00,BEARISH,LOW,283.7,-0.89,-0.03,-0.23,1.43,-0.11,0.67,1,1,0,0,1,0,,,0,-0.56
SCI.NS,2026-07-15,09:15,BULLISH,LOW,284.5,0.1,2.48,0.64,1.93,-0.53,0.86,1,1,1,1,1,1,0.34,,0,-1.02
SCI.NS,2026-07-15,12:00,BULLISH,LOW,283.45,0.08,1.79,0.46,2.31,-0.02,1.23,1,1,1,1,0,1,0.162,,0,-0.74
SCI.NS,2026-07-15,14:00,BULLISH,LOW,287.2,0.04,1.03,0.27,0.12,-0.26,-0.09,1,1,0,0,1,1,-0.387,,0,-0.43
SCI.NS,2026-07-16,09:15,BEARISH,MEDIUM,288.95,-3.26,-0.1,-0.85,2.44,0.0,0.61,0,0,0,0,1,0,,,0,-2.02
SCI.NS,2026-07-16,12:00,BEARISH,MEDIUM,291.95,-2.35,-0.07,-0.61,0.15,-0.51,-0.43,1,1,0,0,1,0,,,0,-1.46
SCI.NS,2026-07-16,14:00,BEARISH,MEDIUM,292.25,-1.36,-0.04,-0.35,0.05,-0.53,-0.53,1,1,0,1,1,0,,,0,-0.84
SCI.NS,2026-07-17,09:15,BEARISH,MEDIUM,289.1,-2.98,-0.1,-0.81,0.14,-2.73,-2.65,1,1,1,1,1,0,,,0,-1.93
SCI.NS,2026-07-17,12:00,BEARISH,MEDIUM,284.7,-2.16,-0.07,-0.59,0.11,-1.23,-1.14,1,1,1,1,1,0,,,0,-1.39
SCI.NS,2026-07-17,14:00,BEARISH,MEDIUM,281.85,-1.24,-0.04,-0.34,0.8,-0.23,-0.14,1,1,0,0,1,0,,,0,-0.8
SCI.NS,2026-07-20,09:15,BULLISH,MEDIUM,280.95,0.12,2.91,0.87,1.07,-0.85,-0.09,1,1,0,1,1,1,0.568,0.568,1,-0.61
SCI.NS,2026-07-20,12:00,BULLISH,MEDIUM,279.7,0.09,2.1,0.63,0.72,-0.41,0.36,1,1,0,1,1,1,0.326,,0,-0.44
SCI.NS,2026-07-20,14:00,BULLISH,MEDIUM,281.55,0.05,1.21,0.36,0.05,-0.3,-0.3,1,1,0,0,1,1,-0.602,-0.342,1,-0.26
SCI.NS,2026-07-21,09:15,BULLISH,MEDIUM,281.8,0.12,2.91,0.87,0.57,-1.7,-1.4,1,1,0,0,1,1,-1.73,-1.097,1,-0.61
SCI.NS,2026-07-21,12:00,BULLISH,MEDIUM,277.8,0.09,2.1,0.63,0.07,-0.29,0.02,1,0,0,0,1,1,-0.282,,0,-0.44
SHAILY.NS,2026-04-29,09:15,BEARISH,HIGH,2560.2,-7.53,-0.22,-1.92,0.77,-6.84,-1.5,1,1,1,1,1,0,,,0,-4.58
SHAILY.NS,2026-04-29,12:00,BEARISH,HIGH,2417.8,-5.44,-0.16,-1.39,5.0,-0.1,4.3,1,0,0,0,1,0,,,0,-3.31
SHAILY.NS,2026-04-29,14:00,BEARISH,HIGH,2447.1,-3.14,-0.09,-0.8,3.74,-0.25,3.05,1,1,0,0,1,0,,,0,-1.91
SHAILY.NS,2026-04-30,09:15,BEARISH,MEDIUM,2498.1,-7.05,-0.18,-1.52,3.48,-0.76,1.34,1,1,0,0,1,0,,,0,-3.63
SHAILY.NS,2026-04-30,12:00,BEARISH,MEDIUM,2547.0,-5.09,-0.13,-1.1,0.7,-2.67,-0.61,1,1,1,1,1,0,,,0,-2.62
SHAILY.NS,2026-04-30,14:00,BEARISH,MEDIUM,2491.0,-2.94,-0.08,-0.64,2.45,-0.48,1.63,1,1,0,0,1,0,,,0,-1.51
SHAILY.NS,2026-05-04,09:15,NEUTRAL,HIGH,2531.4,-0.5,0.5,0.0,1.92,-2.45,1.25,0,1,1,0,1,0,,,0,-0.05
SHAILY.NS,2026-05-04,12:00,NEUTRAL,HIGH,2473.0,-0.5,0.5,0.0,4.33,-0.08,3.64,0,1,1,0,1,0,,,0,-0.03
SHAILY.NS,2026-05-04,14:00,NEUTRAL,HIGH,2520.2,-0.5,0.5,0.0,2.37,-0.21,1.7,0,1,1,0,1,0,,,0,-0.02
SHAILY.NS,2026-05-05,09:15,BEARISH,HIGH,2575.5,-6.23,-0.18,-1.49,1.34,-1.57,0.76,1,1,0,1,1,0,,,0,-3.55
SHAILY.NS,2026-05-05,12:00,BEARISH,HIGH,2553.6,-4.5,-0.13,-1.08,2.21,-0.33,1.62,1,1,0,0,1,0,,,0,-2.57
SHAILY.NS,2026-05-05,14:00,BEARISH,HIGH,2558.0,-2.6,-0.07,-0.62,2.03,-0.46,1.45,1,1,0,0,1,0,,,0,-1.48
SHAILY.NS,2026-05-06,09:15,BEARISH,MEDIUM,2619.7,-4.62,-0.1,-1.03,1.16,-1.13,0.37,1,1,0,1,1,0,,,0,-2.46
SHAILY.NS,2026-05-06,12:00,BEARISH,MEDIUM,2631.0,-3.34,-0.07,-0.75,0.34,-1.06,-0.06,1,1,0,1,1,0,,,0,-1.77
SHAILY.NS,2026-05-06,14:00,BEARISH,MEDIUM,2611.0,-1.93,-0.04,-0.43,0.88,-0.22,0.7,1,1,0,0,1,0,,,0,-1.02
SHAILY.NS,2026-05-07,09:15,BEARISH,LOW,2665.9,-4.02,-0.09,-0.93,1.24,-1.3,0.3,1,1,0,1,1,0,,,0,-2.22
SHAILY.NS,2026-05-07,12:00,BEARISH,LOW,2668.7,-2.9,-0.07,-0.67,0.67,-1.41,0.2,1,1,0,1,1,0,,,0,-1.6
SHAILY.NS,2026-05-07,14:00,BEARISH,LOW,2665.9,-1.68,-0.04,-0.39,0.78,-0.22,0.3,1,1,0,0,1,0,,,0,-0.92
SHAILY.NS,2026-05-08,09:15,BEARISH,LOW,2659.9,-3.39,-0.07,-0.74,2.26,-1.45,0.72,1,1,0,1,1,0,,,0,-1.76
SHAILY.NS,2026-05-08,12:00,BEARISH,LOW,2665.5,-2.45,-0.05,-0.53,0.99,-1.66,0.51,1,1,1,1,1,0,,,0,-1.27
SHAILY.NS,2026-05-08,14:00,BEARISH,LOW,2628.5,-1.41,-0.03,-0.31,2.41,-0.1,1.92,1,1,0,0,1,0,,,0,-0.73
SHAILY.NS,2026-05-11,09:15,BEARISH,LOW,2664.2,-3.39,-0.08,-0.81,0.89,-5.71,0.24,1,1,1,1,0,0,,,0,-1.93
SHAILY.NS,2026-05-11,12:00,BEARISH,LOW,2631.0,-2.45,-0.05,-0.58,2.16,-0.6,1.51,1,1,0,1,1,0,,,0,-1.39
SHAILY.NS,2026-05-11,14:00,BEARISH,LOW,2643.7,-1.41,-0.03,-0.34,1.67,-0.51,1.02,1,1,0,1,1,0,,,0,-0.8
SHAILY.NS,2026-05-12,09:15,BEARISH,MEDIUM,2703.1,-5.47,-0.13,-1.19,2.84,-1.41,-0.08,1,1,0,1,1,0,,,0,-2.84
SHAILY.NS,2026-05-12,12:00,BEARISH,MEDIUM,2762.0,-3.95,-0.09,-0.86,0.62,-2.21,-2.21,1,1,1,1,1,0,,,0,-2.05
SHAILY.NS,2026-05-12,14:00,BEARISH,MEDIUM,2754.0,-2.28,-0.05,-0.5,0.33,-1.92,-1.92,1,1,1,1,1,0,,,0,-1.18
SHAILY.NS,2026-05-13,09:15,BULLISH,LOW,2699.8,0.16,4.08,0.99,1.86,-1.1,1.83,1,1,0,1,1,1,0.695,,0,-1.88
SHAILY.NS,2026-05-13,12:00,BULLISH,LOW,2735.0,0.12,2.95,0.72,0.55,-0.41,0.52,1,1,0,0,1,1,0.216,,0,-1.36
SHAILY.NS,2026-05-13,14:00,BULLISH,LOW,2737.1,0.07,1.7,0.41,0.47,-0.08,0.44,1,1,0,1,1,1,0.115,,0,-0.78
SHAILY.NS,2026-05-14,09:15,BEARISH,MEDIUM,2737.6,-4.35,-0.13,-1.21,3.63,0.0,2.2,0,0,0,0,1,0,,,0,-2.87
SHAILY.NS,2026-05-14,12:00,BEARISH,MEDIUM,2808.0,-3.14,-0.1,-0.87,0.36,-0.85,-0.36,1,1,0,0,1,0,,,0,-2.08
SHAILY.NS,2026-05-14,14:00,BEARISH,MEDIUM,2799.5,-1.81,-0.06,-0.5,0.28,-0.41,-0.06,1,1,0,0,1,0,,,0,-1.2
SHAILY.NS,2026-05-15,09:15,BEARISH,MEDIUM,2815.0,-4.84,-0.13,-1.17,0.53,-5.52,-1.26,1,1,1,1,0,0,,,0,-2.78
SHAILY.NS,2026-05-15,12:00,BEARISH,MEDIUM,2688.8,-3.5,-0.09,-0.84,3.47,-0.51,3.38,1,1,0,0,1,0,,,0,-2.0
SHAILY.NS,2026-05-15,14:00,BEARISH,MEDIUM,2678.5,-2.02,-0.05,-0.49,3.86,-0.06,3.77,1,1,0,0,1,0,,,0,-1.16
SHAILY.NS,2026-05-18,09:15,BULLISH,MEDIUM,2746.2,0.18,4.12,1.15,1.13,-4.96,-2.25,1,1,0,0,1,1,-2.21,0.854,1,-1.31
SHAILY.NS,2026-05-18,12:00,BULLISH,MEDIUM,2661.4,0.13,2.97,0.83,0.99,-1.67,0.86,1,1,0,1,1,1,0.533,0.533,1,-0.95
SHAILY.NS,2026-05-18,14:00,BULLISH,MEDIUM,2635.5,0.07,1.72,0.48,1.98,-0.7,1.86,1,1,1,1,0,1,0.181,0.181,1,-0.55
SHAILY.NS,2026-05-19,09:15,BULLISH,MEDIUM,2713.5,0.21,5.83,1.48,1.7,-2.89,-2.69,1,1,0,1,1,1,-2.37,1.178,1,-1.37
SHAILY.NS,2026-05-19,12:00,BULLISH,MEDIUM,2697.2,0.15,4.21,1.07,0.4,-2.31,-2.1,1,1,0,0,1,1,-2.31,0.767,1,-0.99
SHAILY.NS,2026-05-19,14:00,BULLISH,MEDIUM,2668.5,0.09,2.43,0.62,0.48,-1.26,-1.05,1,1,0,0,1,1,-1.349,0.316,1,-0.57
SHAILY.NS,2026-05-20,09:15,BULLISH,HIGH,2402.0,0.25,5.27,1.66,17.75,-0.28,14.43,1,1,1,1,0,1,1.363,,0,-0.93
SHAILY.NS,2026-05-20,12:00,BULLISH,HIGH,2741.6,0.18,3.81,1.2,0.37,-1.52,0.26,1,1,0,0,1,1,-0.045,0.632,1,-0.67
SHAILY.NS,2026-05-20,14:00,BULLISH,HIGH,2734.0,0.1,2.2,0.69,0.65,-1.24,0.53,1,1,0,0,1,1,0.234,0.393,1,-0.39
SHAILY.NS,2026-05-21,09:15,BEARISH,MEDIUM,2750.0,-8.83,-0.22,-2.16,1.63,-3.07,-0.21,1,1,0,1,1,0,,,0,-5.15
SHAILY.NS,2026-05-21,12:00,BEARISH,MEDIUM,2679.4,-6.38,-0.16,-1.56,4.3,-0.01,2.41,1,0,0,0,1,0,,,0,-3.72
SHAILY.NS,2026-05-21,14:00,BEARISH,MEDIUM,2759.4,-3.68,-0.09,-0.9,1.28,-0.69,-0.55,1,1,0,0,1,0,,,0,-2.15
SHAILY.NS,2026-05-22,09:15,BEARISH,LOW,2768.7,-5.28,-0.15,-1.25,2.03,-2.77,-2.7,1,1,1,1,1,0,,,0,-2.98
SHAILY.NS,2026-05-22,12:00,BEARISH,LOW,2740.4,-3.81,-0.11,-0.9,0.19,-1.77,-1.69,1,1,0,1,1,0,,,0,-2.15
SHAILY.NS,2026-05-22,14:00,BEARISH,LOW,2717.2,-2.2,-0.06,-0.52,0.03,-0.93,-0.85,1,1,0,1,1,0,,,0,-1.24
SHAILY.NS,2026-05-25,09:15,BULLISH,HIGH,2736.6,0.3,7.19,1.92,1.26,-2.6,0.06,1,1,0,0,1,1,-2.63,1.616,1,-1.15
SHAILY.NS,2026-05-25,12:00,BULLISH,HIGH,2737.5,0.22,5.19,1.38,1.08,-0.38,0.03,1,1,0,0,1,1,-0.271,,0,-0.83
SHAILY.NS,2026-05-25,14:00,BULLISH,HIGH,2762.8,0.13,3.0,0.8,0.15,-0.95,-0.89,1,1,0,0,1,1,-1.187,-0.709,1,-0.48
SHAILY.NS,2026-05-26,09:15,BEARISH,MEDIUM,2755.0,-5.98,-0.18,-1.4,0.7,-2.5,-1.67,1,1,0,1,1,0,,,0,-3.34
SHAILY.NS,2026-05-26,12:00,BEARISH,MEDIUM,2745.0,-4.32,-0.13,-1.01,0.12,-2.14,-1.32,1,1,0,1,1,0,,,0,-2.41
SHAILY.NS,2026-05-26,14:00,BEARISH,MEDIUM,2700.0,-2.49,-0.07,-0.59,0.81,-0.51,0.33,1,1,0,0,1,0,,,0,-1.39
SHAILY.NS,2026-05-27,09:15,BULLISH,HIGH,2701.1,0.27,5.99,1.71,0.93,-1.85,-1.35,1,1,0,0,1,1,-1.648,-0.611,1,-1.04
SHAILY.NS,2026-05-27,12:00,BULLISH,HIGH,2670.5,0.19,4.33,1.24,0.69,-0.73,-0.22,1,1,0,0,1,1,-0.517,,0,-0.75
SHAILY.NS,2026-05-27,14:00,BULLISH,HIGH,2683.3,0.11,2.5,0.71,0.2,-1.2,-0.69,1,1,0,0,1,1,-0.993,-0.564,1,-0.43
SHAILY.NS,2026-05-29,09:15,NEUTRAL,HIGH,2691.4,-0.5,0.5,0.0,11.43,-0.19,11.09,0,1,1,0,1,0,,,0,-0.0
SHAILY.NS,2026-05-29,12:00,NEUTRAL,HIGH,2807.6,-0.5,0.5,-0.0,6.82,-0.69,6.49,0,1,1,0,1,0,,,0,-0.0
SHAILY.NS,2026-05-29,14:00,NEUTRAL,HIGH,2903.3,-0.5,0.5,-0.0,3.3,-0.62,2.98,0,1,1,0,1,0,,,0,-0.0
SHAILY.NS,2026-06-01,09:15,BEARISH,HIGH,3014.6,-14.47,-0.58,-4.65,6.06,-2.85,4.16,1,1,0,0,1,0,,,0,-11.07
SHAILY.NS,2026-06-01,12:00,BEARISH,HIGH,3014.1,-10.45,-0.42,-3.36,6.08,-0.24,4.18,1,0,0,0,1,0,,,0,-7.99
SHAILY.NS,2026-06-01,14:00,BEARISH,HIGH,3140.0,-6.03,-0.24,-1.94,1.43,-0.32,0.0,1,1,0,0,1,0,,,0,-4.61
SHAILY.NS,2026-06-02,09:15,BEARISH,HIGH,3114.8,-9.86,-0.35,-3.18,0.78,-4.63,-1.95,1,1,0,1,1,0,,,0,-7.57
SHAILY.NS,2026-06-02,12:00,BEARISH,HIGH,2985.0,-7.12,-0.25,-2.3,2.51,-0.48,2.31,1,1,0,0,1,0,,,0,-5.47
SHAILY.NS,2026-06-02,14:00,BEARISH,HIGH,2978.0,-4.11,-0.15,-1.33,2.75,-0.09,2.55,1,0,0,0,1,0,,,0,-3.16
SHAILY.NS,2026-06-03,09:15,BULLISH,HIGH,3023.1,0.33,6.26,2.13,5.42,-0.24,1.56,1,1,1,1,1,1,1.829,,0,-1.39
SHAILY.NS,2026-06-03,12:00,BULLISH,HIGH,3074.3,0.24,4.52,1.54,0.68,-0.49,-0.13,1,1,0,0,1,1,-0.427,,0,-1.0
SHAILY.NS,2026-06-03,14:00,BULLISH,HIGH,3079.3,0.14,2.61,0.89,0.12,-0.36,-0.29,1,0,0,0,1,1,-0.589,,0,-0.58
SHAILY.NS,2026-06-04,09:15,BEARISH,MEDIUM,3131.3,-5.92,-0.17,-1.42,1.68,-2.59,-2.2,1,1,0,1,1,0,,,0,-3.37
SHAILY.NS,2026-06-04,12:00,BEARISH,MEDIUM,3084.0,-4.27,-0.12,-1.02,0.21,-1.09,-0.7,1,1,0,1,1,0,,,0,-2.44
SHAILY.NS,2026-06-04,14:00,BEARISH,MEDIUM,3081.9,-2.47,-0.07,-0.59,0.21,-1.03,-0.64,1,1,0,1,1,0,,,0,-1.41
SHAILY.NS,2026-06-05,09:15,BULLISH,HIGH,3117.1,0.24,4.56,1.58,0.91,-2.96,-1.84,1,1,0,0,1,1,-2.4,1.28,1,-1.41
SHAILY.NS,2026-06-05,12:00,BULLISH,HIGH,3090.5,0.17,3.3,1.14,0.11,-2.12,-0.99,1,0,0,0,1,1,-2.4,-0.283,1,-1.01
SHAILY.NS,2026-06-05,14:00,BULLISH,HIGH,3057.3,0.1,1.9,0.66,0.74,-1.06,0.08,1,1,0,1,1,1,0.359,0.359,1,-0.59
SHAILY.NS,2026-06-08,09:15,BULLISH,MEDIUM,3021.0,0.19,4.14,1.28,2.4,-0.31,1.85,1,1,1,1,1,1,0.984,,0,-1.25
SHAILY.NS,2026-06-08,12:00,BULLISH,MEDIUM,3079.3,0.14,2.99,0.93,0.17,-2.2,-0.08,1,1,0,0,1,1,-2.37,0.627,1,-0.9
SHAILY.NS,2026-06-08,14:00,BULLISH,MEDIUM,3016.2,0.08,1.73,0.54,2.27,-0.1,2.01,1,1,1,1,0,1,0.235,,0,-0.52
SHAILY.NS,2026-06-09,09:15,BEARISH,MEDIUM,3116.2,-5.07,-0.13,-1.16,0.12,-2.17,-0.48,1,1,0,1,1,0,,,0,-2.76
SHAILY.NS,2026-06-09,12:00,BEARISH,MEDIUM,3098.2,-3.66,-0.1,-0.84,0.7,-1.19,0.09,1,1,0,1,1,0,,,0,-1.99
SHAILY.NS,2026-06-09,14:00,BEARISH,MEDIUM,3079.1,-2.12,-0.06,-0.48,1.33,-0.58,0.71,1,1,0,1,1,0,,,0,-1.15
SHAILY.NS,2026-06-10,09:15,BEARISH,MEDIUM,3177.9,-4.67,-0.13,-1.13,1.18,-5.02,-4.71,1,1,1,1,0,0,,,0,-2.68
SHAILY.NS,2026-06-10,12:00,BEARISH,MEDIUM,3149.6,-3.38,-0.09,-0.81,0.01,-4.16,-3.86,1,1,1,1,0,0,,,0,-1.94
SHAILY.NS,2026-06-10,14:00,BEARISH,MEDIUM,3132.0,-1.95,-0.05,-0.47,0.08,-3.62,-3.32,1,1,1,1,0,0,,,0,-1.12
SHAILY.NS,2026-06-11,09:15,BULLISH,HIGH,2981.0,0.29,6.98,2.06,2.51,-2.74,-1.24,1,1,0,1,1,1,-2.4,-0.396,1,-1.15
SHAILY.NS,2026-06-11,12:00,BULLISH,HIGH,2969.2,0.21,5.04,1.48,0.05,-2.35,-0.85,1,0,0,0,1,1,-2.39,-0.322,1,-0.83
SHAILY.NS,2026-06-11,14:00,BULLISH,HIGH,2953.6,0.12,2.91,0.86,0.42,-1.84,-0.33,1,1,0,0,1,1,-0.628,-0.148,1,-0.48
SHAILY.NS,2026-06-12,09:15,BULLISH,HIGH,2980.0,0.29,7.42,2.2,0.89,-2.82,-0.28,1,1,0,0,1,1,-2.46,1.899,1,-1.29
SHAILY.NS,2026-06-12,12:00,BULLISH,HIGH,2975.1,0.21,5.36,1.59,1.06,-1.01,-0.11,1,1,0,0,1,1,-0.411,0.527,1,-0.93
SHAILY.NS,2026-06-12,14:00,BULLISH,HIGH,2974.5,0.12,3.1,0.92,0.34,-0.29,-0.09,1,1,0,0,1,1,-0.391,,0,-0.54
SHAILY.NS,2026-06-15,09:15,BEARISH,LOW,3021.3,-5.8,-0.11,-1.16,0.0,-4.2,-2.58,1,1,1,1,1,0,,,0,-2.76
SHAILY.NS,2026-06-15,12:00,BEARISH,LOW,2957.5,-4.19,-0.08,-0.84,0.73,-0.86,-0.48,1,1,0,1,1,0,,,0,-2.0
SHAILY.NS,2026-06-15,14:00,BEARISH,LOW,2954.5,-2.42,-0.05,-0.48,0.18,-0.76,-0.38,1,1,0,1,1,0,,,0,-1.15
SHAILY.NS,2026-06-16,09:15,BULLISH,HIGH,2966.9,0.27,6.17,1.65,1.62,-3.06,-1.22,1,1,0,0,1,1,-2.42,1.353,1,-1.07
SHAILY.NS,2026-06-16,12:00,BULLISH,HIGH,2884.0,0.19,4.46,1.19,2.15,-0.27,1.62,1,1,0,1,1,1,0.893,,0,-0.78
SHAILY.NS,2026-06-16,14:00,BULLISH,HIGH,2902.8,0.11,2.57,0.69,1.49,-0.44,0.96,1,1,1,1,1,1,0.389,,0,-0.45
SHAILY.NS,2026-06-17,09:15,BULLISH,HIGH,2925.0,0.25,5.47,1.49,1.17,-2.22,-1.07,1,1,0,0,1,1,-2.43,-0.243,1,-1.13
SHAILY.NS,2026-06-17,12:00,BULLISH,HIGH,2919.8,0.18,3.95,1.07,0.0,-2.05,-0.9,0,0,0,0,1,1,-1.197,-0.378,1,-0.82
SHAILY.NS,2026-06-17,14:00,BULLISH,HIGH,2895.2,0.1,2.28,0.62,0.16,-1.22,-0.06,1,1,0,0,1,1,-0.355,0.117,1,-0.47
SHAILY.NS,2026-06-18,09:15,BULLISH,HIGH,2909.2,0.22,4.54,1.36,0.28,-9.52,-5.58,1,1,0,0,1,1,-2.4,-2.4,1,-1.03
SHAILY.NS,2026-06-18,12:00,BULLISH,HIGH,2872.9,0.16,3.28,0.98,0.0,-8.37,-4.39,0,0,0,0,1,1,-2.39,-2.39,1,-0.74
SHAILY.NS,2026-06-18,14:00,BULLISH,HIGH,2744.0,0.09,1.89,0.57,0.66,-1.38,0.11,1,1,0,1,1,1,0.266,0.266,1,-0.43
SHAILY.NS,2026-06-19,09:15,BULLISH,MEDIUM,2739.9,0.3,15.2,3.12,2.55,-1.34,2.29,1,1,0,0,1,1,1.988,,0,-1.48
SHAILY.NS,2026-06-19,12:00,BULLISH,MEDIUM,2760.1,0.22,10.98,2.25,1.8,-0.51,1.54,1,1,0,0,1,1,1.24,,0,-1.07
SHAILY.NS,2026-06-19,14:00,BULLISH,MEDIUM,2761.6,0.13,6.34,1.3,1.75,-0.56,1.48,1,1,0,1,1,1,1.0,,0,-0.62
SHAILY.NS,2026-06-22,09:15,BEARISH,MEDIUM,2817.6,-5.11,-0.13,-1.27,0.14,-2.36,-1.76,1,1,0,1,1,0,,,0,-3.04
SHAILY.NS,2026-06-22,12:00,BEARISH,MEDIUM,2766.6,-3.69,-0.09,-0.92,0.48,-0.56,0.05,1,1,0,0,1,0,,,0,-2.19
SHAILY.NS,2026-06-22,14:00,BEARISH,MEDIUM,2779.0,-2.13,-0.05,-0.53,0.0,-0.54,-0.4,1,1,0,1,1,0,,,0,-1.27
SHAILY.NS,2026-06-23,09:15,BULLISH,MEDIUM,2753.6,0.18,4.36,1.17,3.5,0.0,1.65,1,1,1,1,1,1,0.865,,0,-0.81
SHAILY.NS,2026-06-23,12:00,BULLISH,MEDIUM,2808.0,0.13,3.15,0.84,1.49,-0.85,-0.32,1,1,0,1,1,1,0.542,0.542,1,-0.59
SHAILY.NS,2026-06-23,14:00,BULLISH,MEDIUM,2801.0,0.08,1.82,0.49,0.59,-0.2,-0.07,1,1,0,1,1,1,0.186,,0,-0.34
SHAILY.NS,2026-06-24,09:15,BEARISH,MEDIUM,2790.5,-4.51,-0.13,-1.02,1.76,-0.56,0.69,1,1,0,0,1,0,,,0,-2.42
SHAILY.NS,2026-06-24,12:00,BEARISH,MEDIUM,2827.4,-3.25,-0.09,-0.73,0.43,-1.4,-0.62,1,1,0,1,1,0,,,0,-1.75
SHAILY.NS,2026-06-24,14:00,BEARISH,MEDIUM,2833.9,-1.88,-0.05,-0.42,0.0,-1.1,-0.85,1,1,1,1,1,0,,,0,-1.01
SHAILY.NS,2026-06-25,09:15,BEARISH,LOW,2859.0,-3.03,-0.09,-0.66,2.01,-1.34,-0.31,1,1,0,1,1,0,,,0,-1.58
SHAILY.NS,2026-06-25,12:00,BEARISH,LOW,2856.0,-2.19,-0.07,-0.48,0.32,-1.24,-0.21,1,1,1,1,1,0,,,0,-1.14
SHAILY.NS,2026-06-25,14:00,BEARISH,LOW,2838.2,-1.27,-0.04,-0.28,0.94,-0.19,0.42,1,1,0,0,1,0,,,0,-0.66
SHAILY.NS,2026-06-29,09:15,NEUTRAL,HIGH,2834.7,-0.5,0.5,0.0,3.35,-0.4,1.92,0,1,1,0,1,0,,,0,-0.09
SHAILY.NS,2026-06-29,12:00,NEUTRAL,HIGH,2840.0,-0.5,0.5,0.0,3.16,-0.26,1.73,0,1,1,0,1,0,,,0,-0.07
SHAILY.NS,2026-06-29,14:00,NEUTRAL,HIGH,2849.5,-0.5,0.5,0.0,2.81,-0.18,1.39,0,1,1,0,1,0,,,0,-0.04
SHAILY.NS,2026-06-30,09:15,BEARISH,MEDIUM,2900.0,-5.33,-0.19,-1.39,1.76,-0.62,-0.14,1,1,0,0,1,0,,,0,-3.3
SHAILY.NS,2026-06-30,12:00,BEARISH,MEDIUM,2914.8,-3.85,-0.14,-1.0,0.08,-1.12,-0.65,1,1,0,1,1,0,,,0,-2.39
SHAILY.NS,2026-06-30,14:00,BEARISH,MEDIUM,2903.2,-2.22,-0.08,-0.58,0.33,-0.73,-0.25,1,1,0,1,1,0,,,0,-1.38
SHAILY.NS,2026-07-01,09:15,BULLISH,LOW,2926.6,0.09,2.72,0.65,0.42,-3.13,-1.84,1,1,0,0,1,1,-2.04,-0.674,1,-1.47
SHAILY.NS,2026-07-01,12:00,BULLISH,LOW,2843.8,0.06,1.96,0.47,1.92,-0.03,1.02,1,1,1,1,1,1,0.167,,0,-1.06
SHAILY.NS,2026-07-01,14:00,BULLISH,LOW,2874.0,0.04,1.13,0.27,0.31,-0.47,-0.04,1,1,0,1,1,1,-0.03,,0,-0.61
SHAILY.NS,2026-07-02,09:15,BULLISH,MEDIUM,2895.0,0.13,3.2,0.83,1.96,-0.95,1.31,1,1,1,1,1,1,0.532,0.532,1,-0.92
SHAILY.NS,2026-07-02,12:00,BULLISH,MEDIUM,2900.0,0.1,2.31,0.6,1.79,-0.08,1.13,1,1,1,1,1,1,0.301,,0,-0.66
SHAILY.NS,2026-07-02,14:00,BULLISH,MEDIUM,2922.8,0.06,1.33,0.35,0.99,-0.24,0.34,1,1,1,1,1,1,0.047,,0,-0.38
SHAILY.NS,2026-07-03,09:15,BEARISH,HIGH,2939.0,-4.35,-0.15,-1.24,0.14,-4.01,-0.76,1,1,1,1,1,0,,,0,-2.96
SHAILY.NS,2026-07-03,12:00,BEARISH,HIGH,2858.5,-3.14,-0.11,-0.9,2.44,-1.31,2.04,1,1,0,1,1,0,,,0,-2.14
SHAILY.NS,2026-07-03,14:00,BEARISH,HIGH,2833.1,-1.81,-0.06,-0.52,3.36,-0.43,2.95,1,1,0,0,1,0,,,0,-1.23
SHAILY.NS,2026-07-06,09:15,BULLISH,HIGH,2901.8,0.17,3.79,1.09,1.18,-1.58,-1.28,1,1,0,1,1,1,0.787,-0.551,1,-1.03
SHAILY.NS,2026-07-06,12:00,BULLISH,HIGH,2872.2,0.12,2.74,0.79,0.82,-0.56,-0.26,1,1,0,1,1,1,0.485,,0,-0.74
SHAILY.NS,2026-07-06,14:00,BULLISH,HIGH,2872.1,0.07,1.58,0.45,0.82,-0.56,-0.26,1,1,0,1,1,1,0.153,0.153,1,-0.43
SHAILY.NS,2026-07-07,09:15,BULLISH,MEDIUM,2863.9,0.13,2.87,0.75,1.31,-3.05,-2.16,1,1,0,1,1,1,-1.96,0.451,1,-0.79
SHAILY.NS,2026-07-07,12:00,BULLISH,MEDIUM,2826.0,0.1,2.08,0.54,0.08,-1.57,-0.85,1,0,0,0,1,1,-1.146,0.242,1,-0.57
SHAILY.NS,2026-07-07,14:00,BULLISH,MEDIUM,2800.7,0.05,1.2,0.31,0.69,-0.69,0.05,1,1,1,1,1,1,0.013,0.013,1,-0.33
SHAILY.NS,2026-07-08,09:15,BULLISH,HIGH,2784.3,0.17,3.89,1.05,3.74,-0.63,0.15,1,1,1,1,1,1,0.753,,0,-0.86
SHAILY.NS,2026-07-08,12:00,BULLISH,HIGH,2862.5,0.12,2.81,0.76,0.9,-3.34,-2.58,1,1,0,1,1,1,-2.01,-2.01,1,-0.62
SHAILY.NS,2026-07-08,14:00,BULLISH,HIGH,2851.3,0.07,1.62,0.44,0.11,-2.96,-2.2,1,1,0,0,1,1,-2.01,0.139,1,-0.36
SHAILY.NS,2026-07-09,09:15,BULLISH,MEDIUM,2822.0,0.19,4.31,1.14,2.29,-6.87,-3.77,1,1,1,1,1,1,-2.02,-2.02,1,-0.99
SHAILY.NS,2026-07-09,12:00,BULLISH,MEDIUM,2710.0,0.14,3.11,0.83,1.28,-0.48,0.2,1,1,0,1,1,1,0.526,,0,-0.71
SHAILY.NS,2026-07-09,14:00,BULLISH,MEDIUM,2707.3,0.08,1.8,0.48,0.76,-0.25,0.3,1,1,0,1,1,1,0.177,,0,-0.41
SHAILY.NS,2026-07-10,09:15,BULLISH,HIGH,2744.0,0.24,6.32,1.77,1.51,-3.24,0.81,1,1,0,0,1,1,-2.49,1.467,1,-1.38
SHAILY.NS,2026-07-10,12:00,BULLISH,HIGH,2758.0,0.18,4.56,1.28,0.99,-1.38,0.3,1,1,0,0,1,1,-0.003,0.977,1,-1.0
SHAILY.NS,2026-07-10,14:00,BULLISH,HIGH,2763.9,0.1,2.63,0.74,0.78,-0.37,0.08,1,1,0,1,1,1,0.437,,0,-0.58
SHAILY.NS,2026-07-13,09:15,BEARISH,HIGH,2736.0,-4.97,-0.31,-1.53,1.57,-0.69,0.78,1,1,0,0,1,0,,,0,-3.64
SHAILY.NS,2026-07-13,12:00,BEARISH,HIGH,2742.0,-3.59,-0.22,-1.1,0.87,-0.91,0.56,1,1,0,0,1,0,,,0,-2.63
SHAILY.NS,2026-07-13,14:00,BEARISH,HIGH,2728.8,-2.07,-0.13,-0.64,1.36,-0.04,1.05,1,0,0,0,1,0,,,0,-1.52
SHAILY.NS,2026-07-14,09:15,BULLISH,HIGH,2720.4,0.16,3.14,0.87,1.17,-1.04,-0.46,1,1,0,1,1,1,0.569,0.569,1,-0.63
SHAILY.NS,2026-07-14,12:00,BULLISH,HIGH,2713.6,0.12,2.27,0.63,1.43,-0.8,-0.21,1,1,1,1,1,1,0.328,0.328,1,-0.46
SHAILY.NS,2026-07-14,14:00,BULLISH,HIGH,2692.0,0.07,1.31,0.36,2.24,0.0,0.59,1,1,1,1,0,1,0.063,,0,-0.26
SHAILY.NS,2026-07-15,09:15,BULLISH,HIGH,2719.5,0.19,3.43,0.93,0.97,-0.87,-0.75,1,1,0,1,1,1,0.628,-0.33,1,-0.72
SHAILY.NS,2026-07-15,12:00,BULLISH,HIGH,2721.0,0.14,2.48,0.67,0.67,-0.93,-0.8,1,1,0,0,1,1,-1.105,-0.586,1,-0.52
SHAILY.NS,2026-07-15,14:00,BULLISH,HIGH,2721.2,0.08,1.43,0.39,0.13,-0.93,-0.81,1,1,0,0,1,1,-1.112,0.087,1,-0.3
SHAILY.NS,2026-07-16,09:15,BULLISH,HIGH,2693.5,0.14,3.23,0.79,1.23,-1.01,0.56,1,1,0,1,1,1,0.49,0.49,1,-0.38
SHAILY.NS,2026-07-16,12:00,BULLISH,HIGH,2682.9,0.1,2.33,0.57,1.57,-0.48,0.95,1,1,1,1,1,1,0.271,0.271,1,-0.28
SHAILY.NS,2026-07-16,14:00,BULLISH,HIGH,2673.2,0.06,1.35,0.33,1.94,-0.03,1.32,1,1,1,1,0,1,0.03,,0,-0.16
SHAILY.NS,2026-07-17,09:15,BULLISH,LOW,2703.0,0.08,2.88,0.62,3.41,-0.41,1.97,1,1,1,1,0,1,0.322,,0,-1.44
SHAILY.NS,2026-07-17,12:00,BULLISH,LOW,2717.5,0.05,2.08,0.45,2.4,-0.5,1.42,1,1,1,1,0,1,0.149,,0,-1.04
SHAILY.NS,2026-07-17,14:00,BULLISH,LOW,2718.0,0.03,1.2,0.26,2.38,-0.11,1.41,1,1,1,1,0,1,-0.041,,0,-0.6
SHAILY.NS,2026-07-20,09:15,BEARISH,MEDIUM,2746.7,-3.63,-0.14,-1.13,4.98,-0.02,3.89,1,0,0,0,1,0,,,0,-2.7
SHAILY.NS,2026-07-20,12:00,BEARISH,MEDIUM,2765.0,-2.62,-0.1,-0.82,4.29,-0.68,3.2,1,1,0,0,1,0,,,0,-1.95
SHAILY.NS,2026-07-20,14:00,BEARISH,MEDIUM,2862.6,-1.51,-0.06,-0.47,0.46,-0.41,-0.31,1,1,0,0,1,0,,,0,-1.12
SHAILY.NS,2026-07-21,09:15,BEARISH,MEDIUM,2874.3,-4.7,-0.15,-1.39,1.24,-0.85,-0.29,1,1,0,0,1,0,,,0,-3.31
SHAILY.NS,2026-07-21,12:00,BEARISH,MEDIUM,2866.9,-3.4,-0.11,-1.01,0.21,-0.59,-0.03,1,1,0,0,1,0,,,0,-2.39
STAR.NS,2026-04-29,09:15,BULLISH,HIGH,1065.85,0.2,5.01,1.44,0.2,-1.3,-1.18,1,1,0,0,1,1,-1.482,-0.665,1,-0.82
STAR.NS,2026-04-29,12:00,BULLISH,HIGH,1054.65,0.15,3.62,1.04,0.4,-0.18,-0.13,1,1,0,0,1,1,-0.433,,0,-0.59
STAR.NS,2026-04-29,14:00,BULLISH,HIGH,1056.0,0.08,2.09,0.6,0.14,-0.28,-0.26,1,1,0,0,1,1,-0.56,,0,-0.34
STAR.NS,2026-04-30,09:15,BEARISH,LOW,1049.85,-2.62,-0.08,-0.57,0.15,-2.26,-1.27,1,1,1,1,1,0,,,0,-1.35
STAR.NS,2026-04-30,12:00,BEARISH,LOW,1032.15,-1.89,-0.05,-0.41,0.85,-0.32,0.42,1,1,0,0,1,0,,,0,-0.98
STAR.NS,2026-04-30,14:00,BEARISH,LOW,1038.25,-1.09,-0.03,-0.24,0.0,-0.91,-0.17,1,1,1,1,1,0,,,0,-0.56
STAR.NS,2026-05-04,09:15,NEUTRAL,HIGH,1053.0,-0.5,0.5,0.0,0.0,-3.32,-2.26,0,1,1,0,1,0,,,0,-0.04
STAR.NS,2026-05-04,12:00,NEUTRAL,HIGH,1028.2,-0.5,0.5,0.0,0.47,-0.52,0.1,1,1,1,1,1,0,,,0,-0.03
STAR.NS,2026-05-04,14:00,NEUTRAL,HIGH,1027.5,-0.5,0.5,0.0,0.43,-0.2,0.17,1,1,1,1,1,0,,,0,-0.02
STAR.NS,2026-05-05,09:15,BULLISH,MEDIUM,1030.9,0.13,3.25,0.89,3.11,-0.48,2.09,1,1,1,1,1,1,0.593,,0,-0.67
STAR.NS,2026-05-05,12:00,BULLISH,MEDIUM,1054.1,0.09,2.35,0.65,0.38,-0.29,-0.16,1,1,0,0,1,1,-0.461,,0,-0.49
STAR.NS,2026-05-05,14:00,BULLISH,MEDIUM,1052.9,0.05,1.36,0.37,0.07,-0.18,-0.05,1,1,0,0,1,1,-0.347,,0,-0.28
STAR.NS,2026-05-06,09:15,BEARISH,MEDIUM,1059.9,-3.21,-0.11,-0.94,5.34,-1.34,3.51,1,1,0,1,1,0,,,0,-2.23
STAR.NS,2026-05-06,12:00,BEARISH,MEDIUM,1093.7,-2.32,-0.08,-0.68,2.08,-0.82,0.31,1,1,0,1,1,0,,,0,-1.61
STAR.NS,2026-05-06,14:00,BEARISH,MEDIUM,1102.4,-1.34,-0.05,-0.39,0.63,-0.58,-0.48,1,1,0,1,1,0,,,0,-0.93
STAR.NS,2026-05-07,09:15,BEARISH,MEDIUM,1101.7,-5.81,-0.17,-1.65,4.48,-0.96,4.47,1,1,0,0,1,0,,,0,-3.94
STAR.NS,2026-05-07,12:00,BEARISH,MEDIUM,1108.0,-4.19,-0.12,-1.19,3.89,-0.9,3.87,1,1,0,0,1,0,,,0,-2.84
STAR.NS,2026-05-07,14:00,BEARISH,MEDIUM,1116.3,-2.42,-0.07,-0.69,3.12,-0.55,3.1,1,1,0,0,1,0,,,0,-1.64
STAR.NS,2026-05-08,09:15,BEARISH,HIGH,1150.0,-6.25,-0.21,-1.81,1.68,-0.52,0.49,1,1,0,0,1,0,,,0,-4.31
STAR.NS,2026-05-08,12:00,BEARISH,HIGH,1148.5,-4.51,-0.15,-1.31,1.81,-0.36,0.62,1,1,0,0,1,0,,,0,-3.11
STAR.NS,2026-05-08,14:00,BEARISH,HIGH,1156.4,-2.6,-0.09,-0.75,1.12,-0.47,-0.07,1,1,0,0,1,0,,,0,-1.8
STAR.NS,2026-05-11,09:15,BEARISH,MEDIUM,1159.8,-3.69,-0.11,-1.0,1.45,-1.25,-0.24,1,1,0,1,1,0,,,0,-2.39
STAR.NS,2026-05-11,12:00,BEARISH,MEDIUM,1166.4,-2.67,-0.08,-0.72,0.87,-1.15,-0.81,1,1,0,1,1,0,,,0,-1.72
STAR.NS,2026-05-11,14:00,BEARISH,MEDIUM,1162.1,-1.54,-0.04,-0.42,0.59,-0.78,-0.44,1,1,0,1,1,0,,,0,-0.99
STAR.NS,2026-05-12,09:15,NEUTRAL,LOW,1154.7,-0.5,0.5,0.0,6.49,-1.0,-0.5,1,1,1,1,1,0,,,0,-1.27
STAR.NS,2026-05-12,12:00,NEUTRAL,LOW,1224.6,-0.5,0.5,0.0,0.06,-6.35,-6.18,0,1,1,0,1,0,,,0,-0.91
STAR.NS,2026-05-12,14:00,NEUTRAL,LOW,1204.0,-0.5,0.5,0.0,0.0,-4.75,-4.58,0,1,1,0,1,0,,,0,-0.53
STAR.NS,2026-05-13,09:15,BULLISH,LOW,1150.0,0.16,5.3,1.42,2.68,-0.17,0.18,1,1,0,1,1,1,1.117,,0,-1.53
STAR.NS,2026-05-13,12:00,BULLISH,LOW,1156.2,0.12,3.83,1.02,0.86,-0.71,-0.35,1,1,0,0,1,1,-0.655,,0,-1.11
STAR.NS,2026-05-13,14:00,BULLISH,LOW,1160.4,0.07,2.21,0.59,0.16,-1.07,-0.72,1,1,0,0,1,1,-1.015,0.291,1,-0.64
STAR.NS,2026-05-14,09:15,NEUTRAL,LOW,1146.7,-0.5,0.5,0.0,2.37,-0.39,0.89,1,1,1,1,1,0,,,0,-1.11
STAR.NS,2026-05-14,12:00,NEUTRAL,LOW,1147.9,-0.5,0.5,-0.0,1.32,-0.25,0.78,1,1,1,1,1,0,,,0,-0.8
STAR.NS,2026-05-14,14:00,NEUTRAL,LOW,1153.1,-0.5,0.5,0.0,0.87,-0.17,0.33,1,1,1,1,1,0,,,0,-0.46
STAR.NS,2026-05-15,09:15,BEARISH,MEDIUM,1160.7,-3.37,-0.1,-0.87,0.78,-2.91,-0.7,1,1,1,1,1,0,,,0,-2.07
STAR.NS,2026-05-15,12:00,BEARISH,MEDIUM,1159.2,-2.44,-0.07,-0.63,0.89,-0.83,-0.57,1,1,0,1,1,0,,,0,-1.49
STAR.NS,2026-05-15,14:00,BEARISH,MEDIUM,1163.1,-1.41,-0.04,-0.36,0.03,-1.16,-0.9,1,1,1,1,1,0,,,0,-0.86
STAR.NS,2026-05-18,09:15,BULLISH,LOW,1145.1,0.1,2.5,0.67,4.16,-2.61,0.25,1,1,1,1,0,1,-1.74,0.372,1,-0.93
STAR.NS,2026-05-18,12:00,BULLISH,LOW,1137.9,0.07,1.81,0.49,4.82,-1.99,0.89,1,1,1,1,0,1,-1.74,0.186,1,-0.67
STAR.NS,2026-05-18,14:00,BULLISH,LOW,1141.6,0.04,1.04,0.28,4.48,-2.31,0.56,1,1,1,1,0,1,-1.73,-0.02,1,-0.39
STAR.NS,2026-05-19,09:15,BULLISH,LOW,1124.0,0.18,8.4,1.47,3.11,-7.82,2.7,1,1,0,1,1,1,-3.34,-3.34,1,-1.46
STAR.NS,2026-05-19,12:00,BULLISH,LOW,1118.7,0.13,6.07,1.06,3.6,-1.31,3.19,1,1,1,1,1,1,0.763,0.763,1,-1.06
STAR.NS,2026-05-19,14:00,BULLISH,LOW,1120.5,0.07,3.5,0.61,3.44,-0.67,3.03,1,1,1,1,1,1,0.314,0.314,1,-0.61
STAR.NS,2026-05-20,09:15,BEARISH,LOW,1140.0,-6.91,-0.15,-1.58,6.17,-0.75,0.32,1,1,0,0,1,0,,,0,-3.75
STAR.NS,2026-05-20,12:00,BEARISH,LOW,1158.7,-4.99,-0.1,-1.14,0.06,-1.98,-1.29,1,1,0,1,1,0,,,0,-2.71
STAR.NS,2026-05-20,14:00,BEARISH,LOW,1147.5,-2.88,-0.06,-0.66,0.43,-1.03,-0.33,1,1,0,1,1,0,,,0,-1.57
STAR.NS,2026-05-21,09:15,BULLISH,HIGH,1159.9,0.27,6.35,1.71,1.16,-2.48,-0.2,1,1,0,0,1,1,-2.19,1.406,1,-1.19
STAR.NS,2026-05-21,12:00,BULLISH,HIGH,1139.0,0.2,4.59,1.23,3.01,-0.25,1.63,1,1,1,1,1,1,0.933,,0,-0.86
STAR.NS,2026-05-21,14:00,BULLISH,HIGH,1164.9,0.11,2.65,0.71,0.08,-1.27,-0.63,1,0,0,0,1,1,-0.927,-0.437,1,-0.49
STAR.NS,2026-05-22,09:15,BEARISH,MEDIUM,1163.9,-4.78,-0.13,-1.16,0.5,-1.87,-0.75,1,1,0,1,1,0,,,0,-2.77
STAR.NS,2026-05-22,12:00,BEARISH,MEDIUM,1155.1,-3.45,-0.1,-0.84,0.24,-1.13,0.01,1,1,0,1,1,0,,,0,-2.0
STAR.NS,2026-05-22,14:00,BEARISH,MEDIUM,1155.9,-1.99,-0.06,-0.48,0.1,-1.19,-0.06,1,1,1,1,1,0,,,0,-1.15
STAR.NS,2026-05-25,09:15,BULLISH,MEDIUM,1148.0,0.14,3.31,0.94,4.08,0.0,3.9,1,1,1,1,0,1,0.637,,0,-0.87
STAR.NS,2026-05-25,12:00,BULLISH,MEDIUM,1181.4,0.1,2.39,0.68,1.13,-0.18,0.96,1,1,0,1,1,1,0.377,,0,-0.63
STAR.NS,2026-05-25,14:00,BULLISH,MEDIUM,1187.3,0.06,1.38,0.39,0.63,0.0,0.46,1,1,0,1,1,1,0.091,,0,-0.36
STAR.NS,2026-05-26,09:15,BEARISH,MEDIUM,1185.0,-5.27,-0.17,-1.31,1.86,-1.27,-1.27,1,1,0,0,1,0,,,0,-3.12
STAR.NS,2026-05-26,12:00,BEARISH,MEDIUM,1178.0,-3.8,-0.12,-0.95,1.46,-0.68,-0.68,1,1,0,0,1,0,,,0,-2.25
STAR.NS,2026-05-26,14:00,BEARISH,MEDIUM,1173.0,-2.2,-0.07,-0.55,0.45,-0.26,-0.26,1,1,0,0,1,0,,,0,-1.3
STAR.NS,2026-05-27,09:15,BULLISH,MEDIUM,1179.1,0.17,4.42,1.22,0.0,-2.26,-2.02,0,0,0,0,1,1,-2.04,-1.229,1,-1.1
STAR.NS,2026-05-27,12:00,BULLISH,MEDIUM,1156.0,0.12,3.2,0.88,0.24,-0.3,-0.06,1,1,0,0,1,1,-0.361,,0,-0.79
STAR.NS,2026-05-27,14:00,BULLISH,MEDIUM,1155.5,0.07,1.84,0.51,0.22,-0.26,-0.02,1,1,0,0,1,1,-0.317,,0,-0.46
STAR.NS,2026-05-29,09:15,NEUTRAL,HIGH,1160.0,-0.5,0.5,0.0,0.69,-5.78,-4.28,0,1,1,0,1,0,,,0,-0.03
STAR.NS,2026-05-29,12:00,NEUTRAL,HIGH,1154.2,-0.5,0.5,0.0,0.12,-5.3,-3.79,0,1,1,0,1,0,,,0,-0.02
STAR.NS,2026-05-29,14:00,NEUTRAL,HIGH,1137.0,-0.5,0.5,0.0,0.18,-3.87,-2.34,0,1,1,0,1,0,,,0,-0.01
STAR.NS,2026-06-01,09:15,BULLISH,HIGH,1109.7,0.24,6.69,1.77,2.27,-2.1,-1.38,1,1,0,1,1,1,-2.06,-0.481,1,-1.2
STAR.NS,2026-06-01,12:00,BULLISH,HIGH,1108.3,0.17,4.83,1.27,0.23,-1.98,-1.25,1,1,0,0,1,1,-2.05,-0.688,1,-0.87
STAR.NS,2026-06-01,14:00,BULLISH,HIGH,1090.8,0.1,2.79,0.74,0.66,-0.4,0.33,1,1,0,0,1,1,0.03,,0,-0.5
STAR.NS,2026-06-02,09:15,BULLISH,HIGH,1089.0,0.21,4.09,1.13,0.28,-2.6,-1.27,1,1,0,0,1,1,-2.08,-2.08,1,-0.76
STAR.NS,2026-06-02,12:00,BULLISH,HIGH,1062.5,0.15,2.95,0.81,1.65,-0.17,1.2,1,1,1,1,1,1,0.513,,0,-0.55
STAR.NS,2026-06-02,14:00,BULLISH,HIGH,1069.2,0.09,1.71,0.47,1.01,-0.21,0.56,1,1,1,1,1,1,0.17,,0,-0.32
STAR.NS,2026-06-03,09:15,BULLISH,HIGH,1075.0,0.28,5.36,1.65,1.07,-0.82,0.63,1,1,0,0,1,1,0.333,,0,-0.82
STAR.NS,2026-06-03,12:00,BULLISH,HIGH,1080.7,0.2,3.87,1.19,0.35,-0.49,0.1,1,1,0,0,1,1,-0.198,,0,-0.6
STAR.NS,2026-06-03,14:00,BULLISH,HIGH,1081.9,0.12,2.23,0.69,0.24,-0.18,-0.01,1,1,0,0,1,1,-0.309,,0,-0.34
STAR.NS,2026-06-04,09:15,BEARISH,LOW,1079.0,-2.54,-0.06,-0.6,0.0,-4.75,-4.57,1,1,1,1,0,0,,,0,-1.43
STAR.NS,2026-06-04,12:00,BEARISH,LOW,1056.4,-1.83,-0.05,-0.43,0.04,-2.71,-2.53,1,1,1,1,0,0,,,0,-1.04
STAR.NS,2026-06-04,14:00,BEARISH,LOW,1038.9,-1.06,-0.03,-0.25,0.41,-1.07,-0.89,1,1,1,1,0,0,,,0,-0.6
STAR.NS,2026-06-05,09:15,BULLISH,HIGH,1039.5,0.43,7.24,2.35,0.89,-3.28,0.7,1,1,0,0,1,1,-2.14,-2.14,1,-0.99
STAR.NS,2026-06-05,12:00,BULLISH,HIGH,1037.9,0.31,5.23,1.69,1.05,-0.34,0.86,1,1,0,0,1,1,0.558,,0,-0.72
STAR.NS,2026-06-05,14:00,BULLISH,HIGH,1038.9,0.18,3.02,0.98,0.95,-0.16,0.76,1,1,0,0,1,1,0.46,,0,-0.41
STAR.NS,2026-06-08,09:15,BEARISH,MEDIUM,1026.3,-4.31,-0.09,-1.08,3.32,-2.17,-1.78,1,1,0,1,1,0,,,0,-2.57
STAR.NS,2026-06-08,12:00,BEARISH,MEDIUM,1017.6,-3.12,-0.06,-0.78,0.62,-1.34,-0.94,1,1,0,1,1,0,,,0,-1.86
STAR.NS,2026-06-08,14:00,BEARISH,MEDIUM,1009.7,-1.8,-0.04,-0.45,0.27,-0.56,-0.17,1,1,0,1,1,0,,,0,-1.07
STAR.NS,2026-06-09,09:15,BULLISH,HIGH,1015.0,0.29,6.42,1.93,0.37,-1.58,0.21,1,1,0,0,1,1,-0.093,0.837,1,-0.92
STAR.NS,2026-06-09,12:00,BULLISH,HIGH,1014.4,0.21,4.64,1.39,0.43,-0.49,0.27,1,1,0,0,1,1,-0.034,,0,-0.66
STAR.NS,2026-06-09,14:00,BULLISH,HIGH,1011.5,0.12,2.68,0.81,0.67,-0.21,0.55,1,1,0,0,1,1,0.254,,0,-0.38
STAR.NS,2026-06-10,09:15,BEARISH,MEDIUM,1019.5,-3.41,-0.17,-0.89,0.98,-3.87,-3.87,1,1,1,1,0,0,,,0,-2.13
STAR.NS,2026-06-10,12:00,BEARISH,MEDIUM,1002.1,-2.46,-0.12,-0.65,0.16,-2.21,-2.21,1,1,1,1,1,0,,,0,-1.54
STAR.NS,2026-06-10,14:00,BEARISH,MEDIUM,981.9,-1.42,-0.07,-0.37,0.2,-0.19,-0.19,1,1,0,0,1,0,,,0,-0.89
STAR.NS,2026-06-11,09:15,BULLISH,HIGH,969.0,0.29,6.97,2.23,4.12,0.0,2.37,1,1,1,1,1,1,1.928,,0,-0.87
STAR.NS,2026-06-11,12:00,BULLISH,HIGH,1006.0,0.21,5.03,1.61,0.15,-1.88,-1.39,1,0,0,0,1,1,-1.692,-1.076,1,-0.62
STAR.NS,2026-06-11,14:00,BULLISH,HIGH,998.2,0.12,2.9,0.93,0.26,-1.11,-0.62,1,1,0,0,1,1,-0.921,-0.562,1,-0.36
STAR.NS,2026-06-12,09:15,BULLISH,LOW,1000.1,0.11,3.1,0.95,6.26,-1.95,5.59,1,1,1,1,0,1,-2.21,0.646,1,-1.37
STAR.NS,2026-06-12,12:00,BULLISH,LOW,1004.9,0.08,2.24,0.68,5.75,-0.28,5.09,1,1,1,1,0,1,0.383,,0,-0.99
STAR.NS,2026-06-12,14:00,BULLISH,LOW,1014.2,0.05,1.29,0.39,4.78,-0.17,4.12,1,1,1,1,0,1,0.094,,0,-0.57
STAR.NS,2026-06-15,09:15,BEARISH,HIGH,1071.9,-5.32,-0.19,-1.61,3.23,-0.13,1.22,1,0,0,0,1,0,,,0,-3.83
STAR.NS,2026-06-15,12:00,BEARISH,HIGH,1080.1,-3.84,-0.13,-1.16,1.01,-0.65,0.45,1,1,0,0,1,0,,,0,-2.77
STAR.NS,2026-06-15,14:00,BEARISH,HIGH,1077.9,-2.22,-0.08,-0.67,1.22,-0.27,0.66,1,1,0,0,1,0,,,0,-1.6
STAR.NS,2026-06-16,09:15,BEARISH,HIGH,1082.0,-5.49,-0.18,-1.57,2.49,-0.34,1.68,1,1,0,0,1,0,,,0,-3.74
STAR.NS,2026-06-16,12:00,BEARISH,HIGH,1103.3,-3.96,-0.13,-1.14,0.27,-0.34,-0.28,1,1,0,0,1,0,,,0,-2.7
STAR.NS,2026-06-16,14:00,BEARISH,HIGH,1103.2,-2.29,-0.08,-0.66,0.28,-0.29,-0.27,1,1,0,0,1,0,,,0,-1.56
STAR.NS,2026-06-17,09:15,BEARISH,MEDIUM,1104.9,-3.77,-0.13,-1.03,1.18,-0.61,0.07,1,1,0,0,1,0,,,0,-2.44
STAR.NS,2026-06-17,12:00,BEARISH,MEDIUM,1101.2,-2.73,-0.09,-0.74,1.24,0.0,0.41,0,0,0,0,1,0,,,0,-1.76
STAR.NS,2026-06-17,14:00,BEARISH,MEDIUM,1105.6,-1.57,-0.05,-0.43,0.84,-0.09,0.01,1,1,0,0,1,0,,,0,-1.02
STAR.NS,2026-06-18,09:15,BEARISH,MEDIUM,1101.4,-2.93,-0.1,-0.73,2.8,-0.45,1.16,1,1,0,0,1,0,,,0,-1.74
STAR.NS,2026-06-18,12:00,BEARISH,MEDIUM,1118.8,-2.12,-0.07,-0.53,0.1,-0.53,-0.41,1,1,0,0,1,0,,,0,-1.26
STAR.NS,2026-06-18,14:00,BEARISH,MEDIUM,1116.0,-1.22,-0.04,-0.31,0.27,-0.23,-0.16,1,1,0,0,1,0,,,0,-0.73
STAR.NS,2026-06-19,09:15,BEARISH,MEDIUM,1095.0,-2.72,-0.1,-0.68,2.43,0.0,1.28,0,0,0,0,1,0,,,0,-1.63
STAR.NS,2026-06-19,12:00,BEARISH,MEDIUM,1115.0,-1.97,-0.07,-0.49,0.44,-1.2,-0.54,1,1,1,1,1,0,,,0,-1.18
STAR.NS,2026-06-19,14:00,BEARISH,MEDIUM,1115.1,-1.14,-0.04,-0.29,0.16,-1.21,-0.55,1,1,1,1,0,0,,,0,-0.68
STAR.NS,2026-06-22,09:15,BEARISH,LOW,1110.0,-2.47,-0.08,-0.63,1.08,-0.54,0.57,1,1,0,0,1,0,,,0,-1.5
STAR.NS,2026-06-22,12:00,BEARISH,LOW,1116.7,-1.79,-0.06,-0.46,0.12,-0.27,-0.04,1,1,0,0,1,0,,,0,-1.09
STAR.NS,2026-06-22,14:00,BEARISH,LOW,1117.9,-1.03,-0.04,-0.26,0.01,-0.38,-0.14,1,1,0,1,1,0,,,0,-0.63
STAR.NS,2026-06-23,09:15,BEARISH,MEDIUM,1122.1,-2.38,-0.08,-0.67,2.4,-1.16,-0.83,1,1,0,1,1,0,,,0,-1.6
STAR.NS,2026-06-23,12:00,BEARISH,MEDIUM,1118.0,-1.72,-0.06,-0.49,0.49,-0.8,-0.47,1,1,0,1,1,0,,,0,-1.16
STAR.NS,2026-06-23,14:00,BEARISH,MEDIUM,1113.7,-0.99,-0.03,-0.28,0.48,-0.41,-0.08,1,1,0,1,1,0,,,0,-0.67
STAR.NS,2026-06-24,09:15,BULLISH,MEDIUM,1106.6,0.16,3.67,1.02,1.14,0.0,0.44,1,1,0,1,1,1,0.722,,0,-1.06
STAR.NS,2026-06-24,12:00,BULLISH,MEDIUM,1112.6,0.12,2.65,0.74,0.48,-0.33,-0.1,1,1,0,0,1,1,-0.399,,0,-0.76
STAR.NS,2026-06-24,14:00,BULLISH,MEDIUM,1115.8,0.07,1.53,0.43,0.19,-0.51,-0.39,1,1,0,0,1,1,-0.685,-0.245,1,-0.44
STAR.NS,2026-06-25,09:15,BEARISH,LOW,1117.8,-2.25,-0.07,-0.54,0.2,-3.14,-3.06,1,1,1,1,0,0,,,0,-1.3
STAR.NS,2026-06-25,12:00,BEARISH,LOW,1107.9,-1.63,-0.05,-0.39,0.0,-2.27,-2.19,1,1,1,1,0,0,,,0,-0.94
STAR.NS,2026-06-25,14:00,BEARISH,LOW,1097.7,-0.94,-0.03,-0.23,0.03,-1.37,-1.28,1,1,1,1,0,0,,,0,-0.54
STAR.NS,2026-06-29,09:15,NEUTRAL,HIGH,1101.4,-0.5,0.5,-0.0,2.02,-1.45,0.05,1,1,1,1,1,0,,,0,-0.15
STAR.NS,2026-06-29,12:00,NEUTRAL,HIGH,1107.7,-0.5,0.5,0.0,0.02,-1.15,-0.52,1,1,1,1,1,0,,,0,-0.11
STAR.NS,2026-06-29,14:00,NEUTRAL,HIGH,1104.0,-0.5,0.5,0.0,0.35,-0.36,-0.19,1,1,1,1,1,0,,,0,-0.06
STAR.NS,2026-06-30,09:15,BEARISH,MEDIUM,1111.4,-4.63,-0.13,-1.08,0.23,-2.53,-1.49,1,1,1,1,1,0,,,0,-2.57
STAR.NS,2026-06-30,12:00,BEARISH,MEDIUM,1091.3,-3.34,-0.09,-0.78,0.98,-0.73,0.32,1,1,0,0,1,0,,,0,-1.86
STAR.NS,2026-06-30,14:00,BEARISH,MEDIUM,1093.0,-1.93,-0.05,-0.45,0.82,-0.89,0.16,1,1,0,1,1,0,,,0,-1.07
STAR.NS,2026-07-01,09:15,BULLISH,HIGH,1105.9,0.16,4.11,1.09,1.27,-1.61,-1.22,1,1,0,1,1,1,-1.77,0.785,1,-0.84
STAR.NS,2026-07-01,12:00,BULLISH,HIGH,1097.4,0.11,2.97,0.78,0.38,-0.56,-0.46,1,1,0,0,1,1,-0.756,,0,-0.61
STAR.NS,2026-07-01,14:00,BULLISH,HIGH,1098.4,0.07,1.71,0.45,0.24,-0.66,-0.55,1,1,0,0,1,1,-0.846,0.152,1,-0.35
STAR.NS,2026-07-02,09:15,BEARISH,LOW,1105.0,-2.48,-0.08,-0.62,2.17,-1.18,2.02,1,1,0,1,1,0,,,0,-1.47
STAR.NS,2026-07-02,12:00,BEARISH,LOW,1116.1,-1.79,-0.06,-0.44,1.16,-0.62,1.0,1,1,0,1,1,0,,,0,-1.06
STAR.NS,2026-07-02,14:00,BEARISH,LOW,1124.0,-1.03,-0.03,-0.26,0.38,-0.18,0.29,1,1,0,0,1,0,,,0,-0.61
STAR.NS,2026-07-03,09:15,BEARISH,MEDIUM,1132.0,-3.49,-0.14,-0.98,0.52,-1.66,-0.34,1,1,0,1,1,0,,,0,-2.32
STAR.NS,2026-07-03,12:00,BEARISH,MEDIUM,1119.2,-2.52,-0.1,-0.7,0.96,-0.54,0.8,1,1,0,0,1,0,,,0,-1.68
STAR.NS,2026-07-03,14:00,BEARISH,MEDIUM,1115.3,-1.45,-0.06,-0.41,1.32,-0.01,1.16,1,0,0,0,1,0,,,0,-0.97
STAR.NS,2026-07-06,09:15,BEARISH,MEDIUM,1118.5,-2.3,-0.1,-0.7,1.65,-0.38,0.15,1,1,0,0,1,0,,,0,-1.66
STAR.NS,2026-07-06,12:00,BEARISH,MEDIUM,1118.5,-1.66,-0.07,-0.5,0.75,-0.38,0.15,1,1,0,0,1,0,,,0,-1.2
STAR.NS,2026-07-06,14:00,BEARISH,MEDIUM,1117.5,-0.96,-0.04,-0.29,0.84,-0.22,0.24,1,1,0,0,1,0,,,0,-0.69
STAR.NS,2026-07-07,09:15,BULLISH,LOW,1124.1,0.09,2.07,0.53,0.65,-1.29,-0.19,1,1,0,1,1,1,0.226,0.226,1,-0.76
STAR.NS,2026-07-07,12:00,BULLISH,LOW,1123.1,0.06,1.5,0.38,0.5,-0.36,-0.1,1,1,0,1,1,1,0.08,,0,-0.55
STAR.NS,2026-07-07,14:00,BULLISH,LOW,1126.7,0.04,0.86,0.22,0.18,-0.57,-0.42,1,1,0,0,1,1,-0.717,-0.081,1,-0.32
STAR.NS,2026-07-08,09:15,BEARISH,MEDIUM,1118.0,-2.68,-0.1,-0.78,0.6,-3.92,-3.21,1,1,1,1,0,0,,,0,-1.86
STAR.NS,2026-07-08,12:00,BEARISH,MEDIUM,1107.5,-1.93,-0.07,-0.56,0.12,-3.01,-2.29,1,1,1,1,0,0,,,0,-1.34
STAR.NS,2026-07-08,14:00,BEARISH,MEDIUM,1092.3,-1.12,-0.04,-0.33,0.1,-1.66,-0.93,1,1,1,1,0,0,,,0,-0.77
STAR.NS,2026-07-09,09:15,BULLISH,HIGH,1085.3,0.16,4.61,1.41,3.65,-1.03,-0.9,1,1,1,1,1,1,1.105,1.105,1,-0.83
STAR.NS,2026-07-09,12:00,BULLISH,HIGH,1102.5,0.11,3.33,1.01,0.14,-2.58,-2.45,1,1,0,0,1,1,-1.68,-1.68,1,-0.6
STAR.NS,2026-07-09,14:00,BULLISH,HIGH,1085.3,0.07,1.92,0.59,0.06,-1.03,-0.9,1,0,0,0,1,1,-1.203,-0.855,1,-0.35
STAR.NS,2026-07-10,09:15,BULLISH,HIGH,1080.2,0.19,4.89,1.28,2.11,-2.61,-0.49,1,1,0,1,1,1,-1.74,-1.74,1,-0.84
STAR.NS,2026-07-10,12:00,BULLISH,HIGH,1083.1,0.14,3.53,0.92,0.97,-2.87,-0.76,1,1,0,1,1,1,-1.74,-1.74,1,-0.6
STAR.NS,2026-07-10,14:00,BULLISH,HIGH,1078.0,0.08,2.04,0.53,1.45,-0.69,-0.29,1,1,1,1,1,1,0.233,0.233,1,-0.35
STAR.NS,2026-07-13,09:15,BEARISH,MEDIUM,1079.5,-4.95,-0.2,-1.19,1.0,-1.16,-0.36,1,1,0,0,1,0,,,0,-2.83
STAR.NS,2026-07-13,12:00,BEARISH,MEDIUM,1079.7,-3.57,-0.14,-0.86,0.86,-0.58,-0.38,1,1,0,0,1,0,,,0,-2.05
STAR.NS,2026-07-13,14:00,BEARISH,MEDIUM,1088.0,-2.06,-0.08,-0.5,0.01,-1.34,-1.14,1,1,1,1,1,0,,,0,-1.18
STAR.NS,2026-07-14,09:15,BULLISH,HIGH,1079.6,0.18,3.99,1.08,0.32,-1.19,-0.82,1,1,0,0,1,1,-1.115,-0.647,1,-0.47
STAR.NS,2026-07-14,12:00,BULLISH,HIGH,1069.2,0.13,2.88,0.78,0.94,-0.21,0.15,1,1,0,1,1,1,0.479,,0,-0.34
STAR.NS,2026-07-14,14:00,BULLISH,HIGH,1070.2,0.08,1.67,0.45,0.68,-0.02,0.06,1,1,0,1,1,1,0.15,,0,-0.19
STAR.NS,2026-07-15,09:15,BULLISH,HIGH,1074.2,0.14,2.94,0.77,0.1,-1.41,-1.26,1,0,0,0,1,1,-1.68,0.472,1,-0.73
STAR.NS,2026-07-15,12:00,BULLISH,HIGH,1065.3,0.1,2.12,0.56,0.22,-0.58,-0.43,1,1,0,0,1,1,-0.732,-0.201,1,-0.53
STAR.NS,2026-07-15,14:00,BULLISH,HIGH,1065.5,0.06,1.23,0.32,0.2,-0.6,-0.45,1,1,0,0,1,1,-0.75,-0.441,1,-0.31
STAR.NS,2026-07-16,09:15,BULLISH,MEDIUM,1064.0,0.13,2.89,0.85,0.47,-1.75,-1.48,1,1,0,0,1,1,-1.67,0.549,1,-0.73
STAR.NS,2026-07-16,12:00,BULLISH,MEDIUM,1061.7,0.1,2.09,0.61,0.13,-1.54,-1.26,1,1,0,0,1,1,-1.66,0.313,1,-0.53
STAR.NS,2026-07-16,14:00,BULLISH,MEDIUM,1054.3,0.06,1.21,0.35,0.06,-0.84,-0.57,1,0,0,0,1,1,-0.869,-0.57,1,-0.3
STAR.NS,2026-07-17,09:15,BULLISH,MEDIUM,1057.9,0.17,3.99,1.05,0.0,-4.66,-0.99,0,0,0,0,1,1,-1.76,-1.76,1,-0.85
STAR.NS,2026-07-17,12:00,BULLISH,MEDIUM,1018.8,0.12,2.89,0.76,2.82,-0.2,2.81,1,1,1,1,1,1,0.461,,0,-0.61
STAR.NS,2026-07-17,14:00,BULLISH,MEDIUM,1031.4,0.07,1.67,0.44,1.56,-0.23,1.55,1,1,1,1,1,1,0.139,,0,-0.35
STAR.NS,2026-07-20,09:15,BEARISH,HIGH,1074.8,-6.38,-0.37,-1.9,0.29,-2.21,-1.54,1,1,0,1,1,0,,,0,-4.53
STAR.NS,2026-07-20,12:00,BEARISH,HIGH,1063.4,-4.61,-0.27,-1.38,1.32,-0.56,-0.48,1,1,0,0,1,0,,,0,-3.28
STAR.NS,2026-07-20,14:00,BEARISH,HIGH,1070.3,-2.66,-0.15,-0.79,0.66,-1.21,-1.12,1,1,0,1,1,0,,,0,-1.89
STAR.NS,2026-07-21,09:15,BULLISH,LOW,1055.5,0.1,2.34,0.61,0.6,-1.35,0.08,1,1,0,0,1,1,-0.224,0.305,1,-0.91
STAR.NS,2026-07-21,12:00,BULLISH,LOW,1049.7,0.07,1.69,0.44,0.98,-0.13,0.63,1,1,1,1,1,1,0.137,,0,-0.66
WHEELS.NS,2026-04-29,09:15,BEARISH,LOW,1064.25,-5.92,-0.14,-1.59,20.0,0.0,13.39,0,0,0,0,1,0,,,0,-3.78
WHEELS.NS,2026-04-29,12:00,BEARISH,LOW,1130.0,-4.28,-0.1,-1.15,13.02,-0.13,6.79,1,1,0,0,1,0,,,0,-2.73
WHEELS.NS,2026-04-29,14:00,BEARISH,LOW,1238.0,-2.47,-0.06,-0.66,0.06,-2.92,-2.53,1,1,1,1,0,0,,,0,-1.58
WHEELS.NS,2026-04-30,09:15,BEARISH,MEDIUM,1199.85,-12.95,-0.34,-3.97,5.5,-0.91,2.93,1,1,0,0,1,0,,,0,-9.46
WHEELS.NS,2026-04-30,12:00,BEARISH,MEDIUM,1225.85,-9.35,-0.24,-2.87,1.48,-0.56,0.74,1,1,0,0,1,0,,,0,-6.84
WHEELS.NS,2026-04-30,14:00,BEARISH,MEDIUM,1227.15,-5.4,-0.14,-1.66,0.88,-0.66,0.64,1,1,0,0,1,0,,,0,-3.95
WHEELS.NS,2026-05-04,09:15,NEUTRAL,HIGH,1226.7,-0.5,0.5,0.0,6.79,0.0,1.97,0,1,1,0,1,0,,,0,-0.0
WHEELS.NS,2026-05-04,12:00,NEUTRAL,HIGH,1291.6,-0.5,0.5,0.0,0.24,-4.0,-3.15,0,1,1,0,1,0,,,0,-0.0
WHEELS.NS,2026-05-04,14:00,NEUTRAL,HIGH,1256.8,-0.5,0.5,-0.0,0.54,-1.34,-0.47,1,1,1,1,1,0,,,0,-0.0
WHEELS.NS,2026-05-05,09:15,BEARISH,MEDIUM,1259.9,-6.31,-0.24,-1.95,0.16,-2.37,-2.02,1,1,0,1,1,0,,,0,-4.63
WHEELS.NS,2026-05-05,12:00,BEARISH,MEDIUM,1244.1,-4.55,-0.17,-1.41,1.43,-1.04,-0.77,1,1,0,0,1,0,,,0,-3.35
WHEELS.NS,2026-05-05,14:00,BEARISH,MEDIUM,1240.3,-2.63,-0.1,-0.81,0.38,-0.73,-0.47,1,1,0,0,1,0,,,0,-1.93
WHEELS.NS,2026-05-06,09:15,BULLISH,MEDIUM,1242.0,0.19,3.46,1.02,1.76,-1.74,1.06,1,1,0,1,1,1,0.723,0.723,1,-0.84
WHEELS.NS,2026-05-06,12:00,BULLISH,MEDIUM,1236.6,0.14,2.5,0.74,2.2,-1.31,1.5,1,1,1,1,1,1,0.439,0.439,1,-0.6
WHEELS.NS,2026-05-06,14:00,BULLISH,MEDIUM,1232.9,0.08,1.44,0.43,2.51,0.0,1.81,1,1,1,1,0,1,0.127,,0,-0.35
WHEELS.NS,2026-05-07,09:15,BEARISH,MEDIUM,1268.0,-4.46,-0.12,-1.1,5.6,-0.99,4.58,1,1,0,0,1,0,,,0,-2.61
WHEELS.NS,2026-05-07,12:00,BEARISH,MEDIUM,1297.0,-3.22,-0.09,-0.79,3.24,-3.2,2.24,1,1,1,1,1,0,,,0,-1.89
WHEELS.NS,2026-05-07,14:00,BEARISH,MEDIUM,1328.5,-1.86,-0.05,-0.46,0.05,-0.62,-0.18,1,1,0,1,1,0,,,0,-1.09
WHEELS.NS,2026-05-08,09:15,BEARISH,MEDIUM,1337.2,-6.02,-0.17,-1.59,1.63,-1.59,-0.54,1,1,0,0,1,0,,,0,-3.79
WHEELS.NS,2026-05-08,12:00,BEARISH,MEDIUM,1329.8,-4.35,-0.12,-1.15,0.59,-1.04,0.02,1,1,0,0,1,0,,,0,-2.74
WHEELS.NS,2026-05-08,14:00,BEARISH,MEDIUM,1331.1,-2.51,-0.07,-0.66,0.26,-0.27,-0.08,1,1,0,0,1,0,,,0,-1.58
WHEELS.NS,2026-05-11,09:15,BEARISH,MEDIUM,1313.2,-4.23,-0.11,-1.05,3.7,-0.49,0.54,1,1,0,0,1,0,,,0,-2.5
WHEELS.NS,2026-05-11,12:00,BEARISH,MEDIUM,1340.0,-3.06,-0.08,-0.76,0.86,-1.49,-1.47,1,1,0,1,1,0,,,0,-1.81
WHEELS.NS,2026-05-11,14:00,BEARISH,MEDIUM,1336.4,-1.76,-0.05,-0.44,0.25,-1.23,-1.2,1,1,1,1,1,0,,,0,-1.04
WHEELS.NS,2026-05-12,09:15,BULLISH,LOW,1326.0,0.12,2.84,0.8,0.0,-4.22,-3.97,0,0,0,0,1,1,-2.05,0.504,1,-1.53
WHEELS.NS,2026-05-12,12:00,BULLISH,LOW,1278.0,0.09,2.05,0.58,2.03,-0.57,-0.36,1,1,1,1,1,1,0.281,,0,-1.11
WHEELS.NS,2026-05-12,14:00,BULLISH,LOW,1293.9,0.05,1.18,0.34,0.01,-1.79,-1.58,1,0,0,0,1,1,-2.04,0.035,1,-0.64
WHEELS.NS,2026-05-13,09:15,BULLISH,MEDIUM,1276.6,0.2,4.59,1.3,4.42,0.0,3.96,1,1,1,1,1,1,1.001,,0,-1.26
WHEELS.NS,2026-05-13,12:00,BULLISH,MEDIUM,1320.7,0.14,3.32,0.94,0.93,-0.77,0.48,1,1,0,0,1,1,0.185,,0,-0.91
WHEELS.NS,2026-05-13,14:00,BULLISH,MEDIUM,1320.0,0.08,1.92,0.54,0.98,-0.3,0.54,1,1,0,1,1,1,0.242,,0,-0.52
WHEELS.NS,2026-05-14,09:15,BEARISH,MEDIUM,1336.0,-3.99,-0.11,-1.02,0.95,-1.69,-0.75,1,1,0,1,1,0,,,0,-2.42
WHEELS.NS,2026-05-14,12:00,BEARISH,MEDIUM,1324.3,-2.88,-0.08,-0.74,0.67,-0.27,0.13,1,1,0,0,1,0,,,0,-1.75
WHEELS.NS,2026-05-14,14:00,BEARISH,MEDIUM,1324.6,-1.66,-0.04,-0.42,0.48,-0.29,0.11,1,1,0,0,1,0,,,0,-1.01
WHEELS.NS,2026-05-15,09:15,BEARISH,LOW,1339.9,-2.94,-0.09,-0.72,11.54,-4.05,10.81,1,1,1,1,0,0,,,0,-1.71
WHEELS.NS,2026-05-15,12:00,BEARISH,LOW,1338.0,-2.13,-0.07,-0.52,11.7,-3.91,10.96,1,1,1,1,0,0,,,0,-1.23
WHEELS.NS,2026-05-15,14:00,BEARISH,LOW,1325.5,-1.23,-0.04,-0.3,12.75,-3.0,12.01,1,1,1,1,0,0,,,0,-0.71
WHEELS.NS,2026-05-18,09:15,BEARISH,HIGH,1497.8,-9.8,-0.26,-3.05,10.62,-0.59,5.82,1,1,0,0,1,0,,,0,-7.25
WHEELS.NS,2026-05-18,12:00,BEARISH,HIGH,1624.2,-7.08,-0.19,-2.2,0.05,-4.43,-2.41,1,1,1,1,1,0,,,0,-5.24
WHEELS.NS,2026-05-18,14:00,BEARISH,HIGH,1577.5,-4.09,-0.11,-1.27,1.27,-0.79,0.48,1,1,0,0,1,0,,,0,-3.02
WHEELS.NS,2026-05-19,09:15,BEARISH,HIGH,1618.5,-12.32,-0.26,-3.79,0.57,-4.96,-3.11,1,1,0,1,1,0,,,0,-9.02
WHEELS.NS,2026-05-19,12:00,BEARISH,HIGH,1560.0,-8.9,-0.19,-2.74,0.74,-1.4,0.52,1,1,0,0,1,0,,,0,-6.52
WHEELS.NS,2026-05-19,14:00,BEARISH,HIGH,1546.9,-5.14,-0.11,-1.58,1.59,-0.56,1.37,1,1,0,0,1,0,,,0,-3.76
WHEELS.NS,2026-05-20,09:15,BULLISH,MEDIUM,1545.0,0.2,4.49,1.23,4.02,-3.9,0.76,1,1,1,1,1,1,-2.33,-2.33,1,-1.65
WHEELS.NS,2026-05-20,12:00,BULLISH,MEDIUM,1545.4,0.15,3.25,0.89,3.99,-1.27,0.73,1,1,1,1,0,1,0.59,0.59,1,-1.2
WHEELS.NS,2026-05-20,14:00,BULLISH,MEDIUM,1525.9,0.08,1.87,0.51,5.32,0.0,2.02,1,1,1,1,0,1,0.214,,0,-0.69
WHEELS.NS,2026-05-21,09:15,BEARISH,MEDIUM,1610.0,-5.92,-0.14,-1.37,7.14,0.0,4.02,0,0,0,0,1,0,,,0,-3.26
WHEELS.NS,2026-05-21,12:00,BEARISH,MEDIUM,1663.0,-4.28,-0.1,-0.99,3.14,-0.48,0.7,1,1,0,0,1,0,,,0,-2.35
WHEELS.NS,2026-05-21,14:00,BEARISH,MEDIUM,1694.2,-2.47,-0.06,-0.57,0.18,-1.31,-1.15,1,1,1,1,1,0,,,0,-1.36
WHEELS.NS,2026-05-22,09:15,BEARISH,MEDIUM,1686.7,-7.83,-0.18,-1.89,3.37,-2.48,-0.25,1,1,0,1,1,0,,,0,-4.5
WHEELS.NS,2026-05-22,12:00,BEARISH,MEDIUM,1726.5,-5.66,-0.13,-1.36,0.99,-2.69,-2.55,1,1,0,1,1,0,,,0,-3.25
WHEELS.NS,2026-05-22,14:00,BEARISH,MEDIUM,1720.1,-3.27,-0.08,-0.79,1.37,-2.33,-2.19,1,1,1,1,1,0,,,0,-1.88
WHEELS.NS,2026-05-25,09:15,BEARISH,MEDIUM,1688.9,-5.86,-0.13,-1.39,0.01,-4.38,-3.07,1,1,1,1,1,0,,,0,-3.31
WHEELS.NS,2026-05-25,12:00,BEARISH,MEDIUM,1628.0,-4.23,-0.09,-1.01,1.35,-0.8,0.55,1,1,0,0,1,0,,,0,-2.39
WHEELS.NS,2026-05-25,14:00,BEARISH,MEDIUM,1622.8,-2.44,-0.05,-0.58,1.4,-0.36,0.88,1,1,0,0,1,0,,,0,-1.38
WHEELS.NS,2026-05-26,09:15,BULLISH,HIGH,1640.1,0.23,5.83,1.58,1.52,-2.85,-2.37,1,1,0,0,1,1,-2.47,1.279,1,-1.02
WHEELS.NS,2026-05-26,12:00,BULLISH,HIGH,1627.8,0.17,4.21,1.14,0.36,-1.95,-1.63,1,1,0,0,1,1,-1.928,-1.205,1,-0.73
WHEELS.NS,2026-05-26,14:00,BULLISH,HIGH,1614.1,0.1,2.43,0.66,0.3,-1.12,-0.79,1,1,0,0,1,1,-1.093,0.359,1,-0.42
WHEELS.NS,2026-05-27,09:15,BULLISH,HIGH,1612.9,0.2,5.12,1.38,3.23,-0.69,2.55,1,1,1,1,1,1,1.082,,0,-0.82
WHEELS.NS,2026-05-27,12:00,BULLISH,HIGH,1643.9,0.15,3.7,1.0,0.95,-0.23,0.61,1,1,0,0,1,1,0.314,,0,-0.6
WHEELS.NS,2026-05-27,14:00,BULLISH,HIGH,1648.5,0.08,2.14,0.58,0.67,-0.18,0.33,1,1,0,1,1,1,0.276,,0,-0.34
WHEELS.NS,2026-05-29,09:15,NEUTRAL,HIGH,1694.9,-0.5,0.5,-0.0,0.3,-7.0,-5.31,0,1,1,0,1,0,,,0,-0.09
WHEELS.NS,2026-05-29,12:00,NEUTRAL,HIGH,1615.2,-0.5,0.5,0.0,1.72,-1.48,-0.64,1,1,1,1,1,0,,,0,-0.06
WHEELS.NS,2026-05-29,14:00,NEUTRAL,HIGH,1627.6,-0.5,0.5,0.0,0.09,-2.23,-1.39,0,1,1,0,1,0,,,0,-0.04
WHEELS.NS,2026-06-01,09:15,BULLISH,HIGH,1569.7,0.28,9.61,2.13,2.71,-1.41,-0.64,1,1,0,1,1,1,1.834,0.412,1,-1.34
WHEELS.NS,2026-06-01,12:00,BULLISH,HIGH,1586.0,0.2,6.94,1.54,0.22,-2.43,-1.66,1,1,0,0,1,1,-2.47,-0.995,1,-0.97
WHEELS.NS,2026-06-01,14:00,BULLISH,HIGH,1566.1,0.12,4.01,0.89,0.84,-1.19,-0.41,1,1,0,0,1,1,-0.709,0.59,1,-0.56
WHEELS.NS,2026-06-02,09:15,BULLISH,HIGH,1565.0,0.23,5.66,1.42,0.67,-3.67,-2.89,1,1,0,0,1,1,-2.47,1.117,1,-1.0
WHEELS.NS,2026-06-02,12:00,BULLISH,HIGH,1536.5,0.17,4.09,1.02,0.34,-1.88,-1.09,1,1,0,0,1,1,-1.387,0.724,1,-0.72
WHEELS.NS,2026-06-02,14:00,BULLISH,HIGH,1514.4,0.1,2.36,0.59,0.64,-0.29,0.36,1,1,0,1,1,1,0.291,,0,-0.42
WHEELS.NS,2026-06-03,09:15,BULLISH,HIGH,1527.5,0.22,5.26,1.4,0.56,-3.65,-1.66,1,1,0,0,1,1,-2.5,-2.5,1,-0.82
WHEELS.NS,2026-06-03,12:00,BULLISH,HIGH,1491.2,0.16,3.8,1.01,1.52,-1.3,0.74,1,1,0,1,1,1,0.71,0.71,1,-0.59
WHEELS.NS,2026-06-03,14:00,BULLISH,HIGH,1505.4,0.09,2.19,0.58,0.56,-0.43,-0.21,1,1,0,0,1,1,-0.513,0.283,1,-0.34
WHEELS.NS,2026-06-04,09:15,BULLISH,HIGH,1491.3,0.2,5.1,1.31,4.15,0.0,2.4,1,1,1,1,1,1,1.012,,0,-0.92
WHEELS.NS,2026-06-04,12:00,BULLISH,HIGH,1535.0,0.14,3.68,0.95,0.46,-0.91,-0.51,1,1,0,0,1,1,-0.815,-0.154,1,-0.66
WHEELS.NS,2026-06-04,14:00,BULLISH,HIGH,1528.8,0.08,2.13,0.55,0.2,-0.51,-0.11,1,1,0,0,1,1,-0.411,-0.03,1,-0.38
WHEELS.NS,2026-06-05,09:15,BEARISH,MEDIUM,1545.0,-4.71,-0.1,-0.91,4.71,-5.17,-3.31,1,1,1,1,0,0,,,0,-2.17
WHEELS.NS,2026-06-05,12:00,BEARISH,MEDIUM,1535.0,-3.4,-0.07,-0.66,0.07,-4.55,-2.68,1,1,1,1,0,0,,,0,-1.56
WHEELS.NS,2026-06-05,14:00,BEARISH,MEDIUM,1485.1,-1.96,-0.04,-0.38,1.16,0.0,0.59,0,0,0,0,1,0,,,0,-0.9
WHEELS.NS,2026-06-08,09:15,BULLISH,HIGH,1475.0,0.28,8.31,1.9,4.01,-1.04,1.08,1,1,0,1,1,1,1.603,,0,-1.16
WHEELS.NS,2026-06-08,12:00,BULLISH,HIGH,1522.9,0.2,6.0,1.37,0.4,-2.48,-2.1,1,1,0,0,1,1,-2.62,-1.572,1,-0.84
WHEELS.NS,2026-06-08,14:00,BULLISH,HIGH,1516.0,0.12,3.47,0.79,0.08,-2.03,-1.66,1,0,0,0,1,1,-1.956,-1.481,1,-0.48
WHEELS.NS,2026-06-09,09:15,BULLISH,HIGH,1505.0,0.2,5.36,1.37,0.86,-1.99,0.0,1,1,0,0,1,1,-0.3,1.074,1,-0.89
WHEELS.NS,2026-06-09,12:00,BULLISH,HIGH,1492.0,0.15,3.87,0.99,1.74,-0.43,0.87,1,1,0,1,1,1,0.693,,0,-0.64
WHEELS.NS,2026-06-09,14:00,BULLISH,HIGH,1510.0,0.08,2.24,0.57,0.05,-0.99,-0.33,1,0,0,0,1,1,-0.631,-0.261,1,-0.37
WHEELS.NS,2026-06-10,09:15,BEARISH,MEDIUM,1513.9,-5.1,-0.12,-1.01,6.6,-1.8,4.23,1,1,0,1,1,0,,,0,-2.4
WHEELS.NS,2026-06-10,12:00,BEARISH,MEDIUM,1580.0,-3.68,-0.09,-0.73,2.14,-0.57,-0.13,1,1,0,0,1,0,,,0,-1.73
WHEELS.NS,2026-06-10,14:00,BEARISH,MEDIUM,1597.0,-2.13,-0.05,-0.42,1.05,-1.31,-1.19,1,1,1,1,1,0,,,0,-1.0
WHEELS.NS,2026-06-11,09:15,BEARISH,MEDIUM,1589.9,-7.4,-0.21,-1.94,4.67,-1.62,1.99,1,1,0,0,1,0,,,0,-4.62
WHEELS.NS,2026-06-11,12:00,BEARISH,MEDIUM,1620.3,-5.34,-0.15,-1.4,0.89,-1.62,0.07,1,1,0,1,1,0,,,0,-3.34
WHEELS.NS,2026-06-11,14:00,BEARISH,MEDIUM,1609.9,-3.09,-0.09,-0.81,1.55,-0.35,0.72,1,1,0,0,1,0,,,0,-1.93
WHEELS.NS,2026-06-12,09:15,BEARISH,MEDIUM,1648.0,-5.94,-0.16,-1.54,0.0,-2.76,-0.61,1,1,0,1,1,0,,,0,-3.66
WHEELS.NS,2026-06-12,12:00,BEARISH,MEDIUM,1623.7,-4.29,-0.12,-1.11,1.0,-0.78,0.88,1,1,0,0,1,0,,,0,-2.64
WHEELS.NS,2026-06-12,14:00,BEARISH,MEDIUM,1631.8,-2.48,-0.07,-0.64,0.5,-0.53,0.38,1,1,0,0,1,0,,,0,-1.53
WHEELS.NS,2026-06-15,09:15,BEARISH,LOW,1665.3,-4.1,-0.09,-0.91,2.04,-4.37,-3.18,1,1,1,1,0,0,,,0,-2.17
WHEELS.NS,2026-06-15,12:00,BEARISH,LOW,1655.4,-2.96,-0.07,-0.66,0.33,-3.79,-2.6,1,1,1,1,0,0,,,0,-1.57
WHEELS.NS,2026-06-15,14:00,BEARISH,LOW,1628.9,-1.71,-0.04,-0.38,0.01,-2.23,-1.01,1,1,1,1,0,0,,,0,-0.9
WHEELS.NS,2026-06-16,09:15,BULLISH,HIGH,1623.3,0.27,6.33,1.93,0.87,-3.15,-1.63,1,1,0,0,1,1,-2.49,1.627,1,-1.46
WHEELS.NS,2026-06-16,12:00,BULLISH,HIGH,1597.2,0.19,4.58,1.39,0.17,-1.57,-0.03,1,0,0,0,1,1,-0.325,0.746,1,-1.06
WHEELS.NS,2026-06-16,14:00,BULLISH,HIGH,1598.0,0.11,2.64,0.8,0.12,-0.57,-0.08,1,1,0,0,1,1,-0.375,,0,-0.61
WHEELS.NS,2026-06-17,09:15,BULLISH,MEDIUM,1601.0,0.23,5.05,1.49,0.72,-3.8,-2.87,1,1,0,0,1,1,-2.46,1.186,1,-1.18
WHEELS.NS,2026-06-17,12:00,BULLISH,MEDIUM,1564.0,0.17,3.65,1.07,0.18,-0.9,-0.58,1,1,0,0,1,1,-0.875,-0.023,1,-0.85
WHEELS.NS,2026-06-17,14:00,BULLISH,MEDIUM,1555.0,0.1,2.1,0.62,0.59,-0.32,0.0,1,1,0,0,1,1,-0.3,,0,-0.49
WHEELS.NS,2026-06-18,09:15,BULLISH,MEDIUM,1554.0,0.23,4.76,1.4,1.73,-2.12,-1.72,1,1,0,1,1,1,1.098,-0.955,1,-1.07
WHEELS.NS,2026-06-18,12:00,BULLISH,MEDIUM,1535.0,0.16,3.44,1.01,1.09,-0.91,-0.5,1,1,0,1,1,1,0.709,-0.03,1,-0.77
WHEELS.NS,2026-06-18,14:00,BULLISH,MEDIUM,1546.5,0.09,1.99,0.58,0.34,-1.65,-1.24,1,1,0,0,1,1,-1.542,-1.095,1,-0.45
WHEELS.NS,2026-06-19,09:15,BULLISH,MEDIUM,1513.5,0.23,4.85,1.37,3.5,0.0,3.28,1,1,1,1,1,1,1.067,,0,-1.09
WHEELS.NS,2026-06-19,12:00,BULLISH,MEDIUM,1528.9,0.16,3.5,0.99,2.45,-0.19,2.24,1,1,1,1,1,1,0.687,,0,-0.79
WHEELS.NS,2026-06-19,14:00,BULLISH,MEDIUM,1542.2,0.09,2.02,0.57,1.57,-0.45,1.36,1,1,1,1,1,1,0.27,,0,-0.46
WHEELS.NS,2026-06-22,09:15,BEARISH,HIGH,1566.0,-9.46,-0.6,-2.96,4.53,-2.81,3.92,1,1,0,0,1,0,,,0,-7.05
WHEELS.NS,2026-06-22,12:00,BEARISH,HIGH,1613.3,-6.83,-0.44,-2.14,1.16,-0.82,0.87,1,1,0,0,1,0,,,0,-5.09
WHEELS.NS,2026-06-22,14:00,BEARISH,HIGH,1609.1,-3.95,-0.25,-1.24,1.42,-0.57,1.14,1,1,0,0,1,0,,,0,-2.94
WHEELS.NS,2026-06-23,09:15,BEARISH,MEDIUM,1638.0,-6.46,-0.2,-1.89,0.22,-3.24,-2.42,1,1,0,1,1,0,,,0,-4.49
WHEELS.NS,2026-06-23,12:00,BEARISH,MEDIUM,1593.5,-4.66,-0.14,-1.36,0.65,-0.53,0.31,1,1,0,0,1,0,,,0,-3.25
WHEELS.NS,2026-06-23,14:00,BEARISH,MEDIUM,1593.4,-2.69,-0.08,-0.79,0.65,-0.4,0.31,1,1,0,0,1,0,,,0,-1.87
WHEELS.NS,2026-06-24,09:15,BULLISH,HIGH,1590.0,0.23,4.68,1.44,5.0,-2.08,-1.01,1,1,1,1,0,1,1.141,-0.124,1,-1.18
WHEELS.NS,2026-06-24,12:00,BULLISH,HIGH,1650.0,0.17,3.38,1.04,0.0,-5.64,-4.61,0,0,0,0,1,1,-2.47,-2.47,1,-0.85
WHEELS.NS,2026-06-24,14:00,BULLISH,HIGH,1611.5,0.1,1.95,0.6,0.3,-3.39,-2.33,1,1,0,0,1,1,-2.46,0.301,1,-0.49
WHEELS.NS,2026-06-25,09:15,BULLISH,HIGH,1581.5,0.29,7.4,1.93,5.85,-2.04,5.47,1,1,1,1,1,1,1.634,1.634,1,-1.34
WHEELS.NS,2026-06-25,12:00,BULLISH,HIGH,1619.0,0.21,5.35,1.4,3.4,-0.46,3.03,1,1,1,1,1,1,1.097,,0,-0.97
WHEELS.NS,2026-06-25,14:00,BULLISH,HIGH,1632.4,0.12,3.09,0.81,2.55,-0.12,2.18,1,1,1,1,1,1,0.507,,0,-0.56
WHEELS.NS,2026-06-29,09:15,NEUTRAL,HIGH,1698.7,-0.5,0.5,0.0,5.26,0.0,2.02,0,1,1,0,1,0,,,0,-0.21
WHEELS.NS,2026-06-29,12:00,NEUTRAL,HIGH,1772.1,-0.5,0.5,0.0,0.08,-2.86,-2.21,0,1,1,0,1,0,,,0,-0.15
WHEELS.NS,2026-06-29,14:00,NEUTRAL,HIGH,1740.2,-0.5,0.5,0.0,0.97,-1.08,-0.41,1,1,1,1,1,0,,,0,-0.09
WHEELS.NS,2026-06-30,09:15,BEARISH,HIGH,1789.0,-11.32,-0.48,-3.53,1.06,-2.91,-0.47,1,1,0,0,1,0,,,0,-8.41
WHEELS.NS,2026-06-30,12:00,BEARISH,HIGH,1751.9,-8.18,-0.35,-2.55,2.39,-0.11,1.64,1,0,0,0,1,0,,,0,-6.07
WHEELS.NS,2026-06-30,14:00,BEARISH,HIGH,1768.0,-4.72,-0.2,-1.47,1.46,-0.37,0.71,1,1,0,0,1,0,,,0,-3.51
WHEELS.NS,2026-07-01,09:15,BEARISH,MEDIUM,1788.0,-5.73,-0.19,-1.32,0.0,-12.69,-9.25,1,1,1,1,0,0,,,0,-3.14
WHEELS.NS,2026-07-01,12:00,BEARISH,MEDIUM,1719.8,-4.14,-0.14,-0.95,0.43,-9.23,-5.65,1,1,1,1,0,0,,,0,-2.26
WHEELS.NS,2026-07-01,14:00,BEARISH,MEDIUM,1575.9,-2.39,-0.08,-0.55,3.99,-0.94,2.96,1,1,0,1,1,0,,,0,-1.31
WHEELS.NS,2026-07-02,09:15,BULLISH,HIGH,1613.6,0.41,12.67,3.48,1.26,-2.97,0.87,1,1,0,0,1,1,-2.95,2.006,1,-1.4
WHEELS.NS,2026-07-02,12:00,BULLISH,HIGH,1618.6,0.3,9.15,2.51,0.95,-1.32,0.56,1,1,0,0,1,1,0.262,1.288,1,-1.01
WHEELS.NS,2026-07-02,14:00,BULLISH,HIGH,1613.7,0.17,5.28,1.45,0.94,-1.02,0.87,1,1,0,0,1,1,0.568,1.149,1,-0.58
WHEELS.NS,2026-07-03,09:15,BEARISH,LOW,1636.0,-6.68,-0.12,-1.27,0.0,-10.45,-9.11,1,1,1,1,0,0,,,0,-3.03
WHEELS.NS,2026-07-03,12:00,BEARISH,LOW,1567.0,-4.83,-0.09,-0.92,0.42,-6.51,-5.11,1,1,1,1,0,0,,,0,-2.19
WHEELS.NS,2026-07-03,14:00,BEARISH,LOW,1474.9,-2.79,-0.05,-0.53,1.25,-0.13,0.82,1,1,0,0,1,0,,,0,-1.26
WHEELS.NS,2026-07-06,09:15,BULLISH,HIGH,1506.0,0.4,11.03,2.92,1.82,-2.25,-2.24,1,1,0,0,1,1,-2.544,-1.227,1,-1.33
WHEELS.NS,2026-07-06,12:00,BULLISH,HIGH,1503.7,0.29,7.97,2.11,0.57,-2.1,-2.09,1,1,0,0,1,1,-2.395,-1.446,1,-0.96
WHEELS.NS,2026-07-06,14:00,BULLISH,HIGH,1479.7,0.17,4.6,1.22,0.68,-0.51,-0.51,1,1,0,0,1,1,-0.807,,0,-0.55
WHEELS.NS,2026-07-07,09:15,BULLISH,HIGH,1490.1,0.31,7.4,2.06,2.41,-1.35,1.36,1,1,0,1,1,1,1.76,1.76,1,-1.01
WHEELS.NS,2026-07-07,12:00,BULLISH,HIGH,1518.9,0.22,5.34,1.49,0.01,-2.48,-0.57,1,0,0,0,1,1,-0.866,-0.135,1,-0.73
WHEELS.NS,2026-07-07,14:00,BULLISH,HIGH,1495.1,0.13,3.08,0.86,1.6,-0.15,1.02,1,1,0,1,1,1,0.559,,0,-0.42
WHEELS.NS,2026-07-08,09:15,BEARISH,MEDIUM,1514.0,-4.6,-0.13,-1.17,0.0,-5.79,-5.21,1,1,1,1,0,0,,,0,-2.78
WHEELS.NS,2026-07-08,12:00,BEARISH,MEDIUM,1496.5,-3.33,-0.09,-0.84,0.09,-4.68,-4.1,1,1,1,1,0,0,,,0,-2.01
WHEELS.NS,2026-07-08,14:00,BEARISH,MEDIUM,1477.0,-1.92,-0.05,-0.49,0.0,-3.43,-2.84,1,1,1,1,0,0,,,0,-1.16
WHEELS.NS,2026-07-09,09:15,BULLISH,HIGH,1448.9,0.36,8.39,2.41,1.73,-1.19,-0.3,1,1,0,0,1,1,-0.597,2.106,1,-0.93
WHEELS.NS,2026-07-09,12:00,BULLISH,HIGH,1469.2,0.26,6.06,1.74,0.33,-2.18,-1.67,1,1,0,0,1,1,-1.974,-1.311,1,-0.67
WHEELS.NS,2026-07-09,14:00,BULLISH,HIGH,1455.0,0.15,3.5,1.0,0.13,-1.23,-0.71,1,0,0,0,1,1,-1.015,-0.626,1,-0.39
WHEELS.NS,2026-07-10,09:15,BULLISH,LOW,1467.2,0.15,3.37,0.99,3.74,-1.3,3.46,1,1,1,1,0,1,0.686,,0,-1.72
WHEELS.NS,2026-07-10,12:00,BULLISH,LOW,1476.9,0.11,2.44,0.71,3.05,-1.02,2.78,1,1,1,1,0,1,0.412,,0,-1.24
WHEELS.NS,2026-07-10,14:00,BULLISH,LOW,1495.0,0.06,1.41,0.41,1.81,-0.2,1.54,1,1,1,1,0,1,0.111,,0,-0.72
WHEELS.NS,2026-07-13,09:15,BEARISH,MEDIUM,1498.3,-5.33,-0.16,-1.41,1.6,-1.28,-0.73,1,1,0,0,1,0,,,0,-3.35
WHEELS.NS,2026-07-13,12:00,BEARISH,MEDIUM,1503.7,-3.85,-0.12,-1.02,0.29,-1.31,-1.08,1,1,0,1,1,0,,,0,-2.42
WHEELS.NS,2026-07-13,14:00,BEARISH,MEDIUM,1495.3,-2.22,-0.07,-0.59,0.31,-0.76,-0.53,1,1,0,1,1,0,,,0,-1.4
WHEELS.NS,2026-07-14,09:15,BULLISH,MEDIUM,1491.0,0.17,3.96,1.13,0.0,-2.45,-1.31,0,0,0,0,1,1,-2.69,0.833,1,-1.15
WHEELS.NS,2026-07-14,12:00,BULLISH,MEDIUM,1464.0,0.12,2.86,0.82,0.64,-0.58,0.51,1,1,0,0,1,1,0.212,,0,-0.83
WHEELS.NS,2026-07-14,14:00,BULLISH,MEDIUM,1463.7,0.07,1.65,0.47,0.66,-0.42,0.53,1,1,0,1,1,1,0.173,,0,-0.48
WHEELS.NS,2026-07-15,09:15,BULLISH,MEDIUM,1477.8,0.19,4.28,1.12,2.18,-0.79,0.12,1,1,0,1,1,1,0.822,,0,-1.14
WHEELS.NS,2026-07-15,12:00,BULLISH,MEDIUM,1475.1,0.14,3.09,0.81,0.31,-0.61,0.31,1,1,0,0,1,1,0.005,,0,-0.83
WHEELS.NS,2026-07-15,14:00,BULLISH,MEDIUM,1466.1,0.08,1.78,0.47,0.92,0.0,0.92,1,1,0,1,1,1,0.168,,0,-0.48
WHEELS.NS,2026-07-16,09:15,BEARISH,LOW,1486.0,-4.03,-0.09,-0.74,0.61,-1.75,-0.47,1,1,0,1,1,0,,,0,-1.77
WHEELS.NS,2026-07-16,12:00,BEARISH,LOW,1475.8,-2.91,-0.06,-0.54,1.3,-0.37,0.22,1,1,0,0,1,0,,,0,-1.28
WHEELS.NS,2026-07-16,14:00,BEARISH,LOW,1477.5,-1.68,-0.04,-0.31,0.3,-0.49,0.1,1,1,0,1,1,0,,,0,-0.74
WHEELS.NS,2026-07-17,09:15,BEARISH,LOW,1480.0,-3.22,-0.08,-0.67,0.63,-2.01,0.02,1,1,1,1,1,0,,,0,-1.6
WHEELS.NS,2026-07-17,12:00,BEARISH,LOW,1455.4,-2.32,-0.06,-0.49,1.89,-0.06,1.71,1,1,0,0,1,0,,,0,-1.15
WHEELS.NS,2026-07-17,14:00,BEARISH,LOW,1466.7,-1.34,-0.03,-0.28,1.1,-0.32,0.93,1,1,0,1,1,0,,,0,-0.67
WHEELS.NS,2026-07-20,09:15,BULLISH,MEDIUM,1471.0,0.15,4.22,1.13,0.17,-1.62,-0.59,1,1,0,0,1,1,-0.891,-0.049,1,-0.84
WHEELS.NS,2026-07-20,12:00,BULLISH,MEDIUM,1453.0,0.11,3.05,0.81,1.41,-0.2,0.64,1,1,0,1,1,1,0.513,,0,-0.61
WHEELS.NS,2026-07-20,14:00,BULLISH,MEDIUM,1472.2,0.06,1.76,0.47,0.09,-0.68,-0.67,1,1,0,0,1,1,-0.972,-0.624,1,-0.35
WHEELS.NS,2026-07-21,09:15,BULLISH,LOW,1460.0,0.07,2.92,0.66,1.37,-0.48,1.03,1,1,0,1,1,1,0.364,,0,-0.67
WHEELS.NS,2026-07-21,12:00,BULLISH,LOW,1460.9,0.05,2.11,0.48,1.31,0.0,0.97,1,1,1,1,1,1,0.18,,0,-0.49
