cust_id,email,full_name,dob,postcode,consent_marketing,consent_date,status,created_at,last_active
A000001,wei.khan4257@yahoo.com.au,Wei Khan,2000-06-30,2150,true,2024-09-18,lapsed,2021-10-10,2023-04-12
A000002,laura.campbell5032@hotmail.com,Laura Campbell,1969-01-09,3550,true,2021-02-27,lapsed,2019-09-14,2021-05-30
A000003,daniel.clarke165@yahoo.com.au,Daniel Clarke,1981-09-16,3030,false,,active,2026-04-19,2026-04-27
A000004,nancy.adams4315@yahoo.com.au,Nancy Adams,1998-10-11,3056,false,,closed,2020-03-15,2025-11-12
A000005,samantha.taylor670@icloud.com,Samantha Taylor,1952-07-21,2000,false,,lapsed,2021-01-06,2021-07-14
A000006,jessica.pham8171@hotmail.com,Jessica Pham,1966-06-15,6000,true,2024-12-20,closed,2019-04-16,2024-03-20
A000007,joseph.wright2687@yahoo.com.au,Joseph Wright,1989-10-05,4217,true,2024-07-01,active,2021-04-02,2026-05-11
A000008,emily.scott7563@gmail.com,Emily Scott,1979-11-08,6000,false,,lapsed,2021-08-09,2024-07-11
A000009,kevin.anderson7876@bigpond.com,Kevin Anderson,1987-10-23,3550,false,,active,2023-10-26,2026-02-23
A000010,olivia.wright2188@outlook.com,Olivia Wright,1975-02-20,4000,true,2020-11-11,closed,2020-10-10,2026-06-25
A000011,helen.wang3012@bigpond.com,Helen Wang,1969-08-24,2150,true,2024-01-07,active,2019-08-15,2026-03-04
A000012,steven.zhang8903@outlook.com,Steven Zhang,1993-10-17,3000,true,2026-03-24,active,2024-09-30,2026-05-20
A000013,mary.clarke6968@outlook.com,Mary Clarke,2005-11-13,4217,true,2026-04-01,lapsed,2024-11-02,2025-01-02
A000014,susan.ali6596@icloud.com,Susan Ali,1981-08-10,3550,true,2024-11-17,active,2022-08-27,2025-09-25
A000015,samantha.nguyen3604@bigpond.com,Samantha Nguyen,1967-07-17,3056,true,2021-12-08,lapsed,2020-12-25,2023-07-20
A000016,hiro.martin8846@outlook.com,Hiro Martin,1957-03-29,3056,false,,lapsed,2023-01-22,2025-04-05
A000017,jennifer.evans8687@bigpond.com,Jennifer Evans,1971-10-28,2000,true,2026-02-13,active,2025-06-12,2026-04-14
A000018,jessica.wright7233@gmail.com,Jessica Wright,1952-11-18,3000,true,2024-03-06,lapsed,2021-10-15,2022-07-07
A000019,emily.bell152@yahoo.com.au,Emily Bell,1982-11-09,4217,false,,active,2022-12-25,2025-07-09
A000020,jennifer.zhang1706@gmail.com,Jennifer Zhang,1996-03-16,2026,true,2022-05-21,active,2022-04-19,2025-11-15
A000021,elizabeth.johnson4441@gmail.com,Elizabeth Johnson,1989-09-26,3121,false,,active,2024-04-30,2025-09-29
A000022,matthew.king1649@bigpond.com,Matthew King,1989-01-06,6000,true,2025-12-15,lapsed,2018-02-25,2019-08-09
A000023,kevin.hall4651@yahoo.com.au,Kevin Hall,2000-08-12,2170,false,,active,2025-07-31,2025-11-07
A000024,brian.clarke1662@icloud.com,Brian Clarke,1955-06-05,4217,true,2022-05-27,lapsed,2017-12-29,2019-03-14
A000025,deborah.tanaka5178@yahoo.com.au,Deborah Tanaka,2003-01-28,3550,false,,active,2025-11-20,2026-06-05
A000026,thomas.edwards6764@gmail.com,Thomas Edwards,1982-10-16,3182,false,,lapsed,2021-04-02,2021-06-19
A000027,mary.tanaka4384@outlook.com,Mary Tanaka,2005-06-11,3141,true,2022-08-10,lapsed,2018-01-08,2021-10-07
A000028,patricia.clarke1662@gmail.com,Patricia Clarke,1982-04-29,3199,false,,active,2025-07-01,2026-05-16
A000029,samantha.white8665@outlook.com,Samantha White,1997-10-03,3199,true,2025-10-06,lapsed,2023-10-04,2025-06-29
A000030,samantha.collins3748@gmail.com,Samantha Collins,1980-01-25,2170,true,2020-11-05,lapsed,2018-08-01,2020-12-22
A000031,timothy.chen7943@yahoo.com.au,Timothy Chen,1966-08-14,2000,true,2025-05-06,lapsed,2023-09-02,2024-11-18
A000032,patricia.singh3607@yahoo.com.au,Patricia Singh,2004-02-27,3000,true,2026-06-21,active,2026-05-05,2026-05-17
A000033,jessica.king760@gmail.com,Jessica King,1958-08-05,2026,true,2025-12-28,active,2025-10-26,2025-12-19
A000034,linda.costa3267@gmail.com,Linda Costa,1980-08-14,6000,false,,active,2025-08-17,2026-03-18
A000035,robert.baker9470@bigpond.com,Robert Baker,1988-02-14,3121,true,2026-04-07,lapsed,2018-12-06,2023-12-14
A000036,anthony.ali964@gmail.com,Anthony Ali,1970-06-01,3182,true,2024-09-19,lapsed,2021-11-23,2025-04-12
A000037,george.evans9400@gmail.com,George Evans,1993-12-23,6000,true,2024-06-02,lapsed,2017-10-27,2018-10-06
A000038,amanda.campbell7488@yahoo.com.au,Amanda Campbell,1980-09-01,6000,true,2023-03-14,lapsed,2021-05-05,2024-04-10
A000039,mark.rossi4028@bigpond.com,Mark Rossi,1952-01-10,4000,true,2025-05-08,lapsed,2022-01-02,2024-03-29
A000040,robert.mitchell6011@gmail.com,Robert Mitchell,1974-08-14,3056,true,2026-06-15,active,2026-01-31,2026-03-06
A000041,amanda.singh2980@gmail.com,Amanda Singh,1996-04-27,3182,true,2026-06-29,active,2025-12-20,2026-04-30
A000042,ahmed.ali9211@gmail.com,Ahmed Ali,1969-12-20,2170,true,2025-04-05,lapsed,2023-10-22,2025-03-15
A000043,charles.green2735@outlook.com,Charles Green,1994-04-07,2170,true,2021-03-08,active,2021-01-07,2025-11-01
A000044,raj.wright1835@outlook.com,Raj Wright,1984-04-09,2010,true,2025-09-20,active,2025-06-19,2025-09-22
A000045,timothy.ryan569@outlook.com,Timothy Ryan,1974-03-28,3030,true,2025-08-15,active,2025-02-27,2026-05-04
A000046,andrew.smith5070@yahoo.com.au,Andrew Smith,1980-03-03,3056,true,2022-02-26,active,2021-11-26,2026-06-18
A000047,rachel.king3183@hotmail.com,Rachel King,1973-06-03,3000,false,,active,2026-02-18,2026-03-10
A000048,joseph.murphy322@gmail.com,Joseph Murphy,1951-06-22,3121,true,2024-05-03,lapsed,2019-11-26,2024-09-18
A000049,rachel.nguyen3387@hotmail.com,Rachel Nguyen,1970-02-06,3182,true,2018-06-16,lapsed,2017-10-05,2020-06-26
A000050,timothy.harris4618@icloud.com,Timothy Harris,1955-09-21,4217,true,2022-11-08,lapsed,2021-05-05,2025-03-16
A000051,michelle.jones7895@hotmail.com,Michelle Jones,1984-02-06,3220,true,2024-11-24,lapsed,2022-10-08,2024-12-27
A000052,sarah.baker5730@bigpond.com,Sarah Baker,1995-12-28,3000,true,2021-05-20,lapsed,2018-12-24,2023-08-28
A000053,emily.kelly211@hotmail.com,Emily Kelly,1999-02-01,3182,true,2025-11-28,closed,2025-06-01,2025-10-11
A000054,steven.tanaka5802@gmail.com,Steven Tanaka,1976-07-22,2150,false,,active,2023-05-16,2025-09-19
A000055,jennifer.scott3284@hotmail.com,Jennifer Scott,1980-08-05,3550,true,2023-06-22,lapsed,2020-04-19,2021-12-24
A000056,david.collins7798@outlook.com,David Collins,1995-10-11,4217,true,2024-06-11,lapsed,2022-07-02,2023-10-10
A000057,joseph.pham5950@yahoo.com.au,Joseph Pham,1987-07-16,2026,true,2026-07-02,lapsed,2018-07-31,2018-12-08
A000058,patricia.ryan4097@outlook.com,Patricia Ryan,1961-04-22,7000,true,2026-03-28,active,2024-06-06,2025-08-11
A000059,katherine.williams5657@gmail.com,Katherine Williams,1961-05-10,2026,true,2026-04-07,active,2018-03-31,2025-07-04
A000060,charles.tanaka5983@outlook.com,Charles Tanaka,1975-10-05,4217,false,,lapsed,2020-02-04,2024-12-30
A000061,olivia.taylor2339@gmail.com,Olivia Taylor,1994-09-27,3550,true,2025-11-29,active,2024-04-16,2025-12-25
A000062,amanda.adams5102@outlook.com,Amanda Adams,1959-08-16,2000,true,2024-01-25,lapsed,2023-10-08,2024-06-13
A000063,robert.white2250@bigpond.com,Robert White,1973-01-18,2000,true,2021-04-08,lapsed,2020-08-05,2022-11-30
A000064,ahmed.kumar4430@outlook.com,Ahmed Kumar,1977-04-05,3220,true,2025-10-03,active,2021-09-05,2026-03-03
A000065,helen.liu1720@bigpond.com,Helen Liu,1976-04-28,2010,true,2024-03-05,lapsed,2018-04-24,2023-01-12
A000066,melissa.rossi525@icloud.com,Melissa Rossi,1975-09-10,3550,false,,active,2022-07-19,2026-04-29
A000067,joshua.hall7945@hotmail.com,Joshua Hall,1999-05-25,2010,true,2025-07-05,lapsed,2018-04-12,2023-02-15
A000068,raj.scott5897@bigpond.com,Raj Scott,2001-08-05,4217,true,2026-04-14,lapsed,2024-12-11,2025-02-01
A000069,elizabeth.walker3491@icloud.com,Elizabeth Walker,1957-06-08,3182,false,,active,2019-03-10,2026-01-05
A000070,emma.kelly2758@hotmail.com,Emma Kelly,1996-12-01,3199,true,2026-06-26,active,2021-09-07,2026-01-12
A000071,susan.wright9765@icloud.com,Susan Wright,1994-05-24,3121,true,2023-12-21,lapsed,2023-07-30,2025-05-11
A000072,rebecca.tran8304@gmail.com,Rebecca Tran,1950-05-05,7000,false,,lapsed,2018-09-15,2021-11-25
A000073,matthew.obrien3330@icloud.com,Matthew OBrien,1972-04-03,3220,true,2023-01-19,lapsed,2022-11-18,2025-01-18
A000074,richard.harris9510@gmail.com,Richard Harris,2002-06-23,3000,true,2020-12-21,lapsed,2018-08-14,2019-05-11
A000075,mark.jones5200@outlook.com,Mark Jones,1999-05-26,3220,false,,active,2024-02-10,2026-06-10
A000076,mark.campbell7522@yahoo.com.au,Mark Campbell,2000-04-21,4000,false,,lapsed,2018-09-09,2018-10-21
A000077,giulia.pham7750@outlook.com,Giulia Pham,1993-04-29,2010,false,,lapsed,2019-09-24,2021-03-16
A000078,priya.wright9097@outlook.com,Priya Wright,2001-02-01,3220,true,2022-12-20,lapsed,2019-05-18,2022-08-25
A000079,susan.bell7758@bigpond.com,Susan Bell,1966-12-18,6000,true,2026-03-06,active,2025-12-16,2026-04-04
A000080,sandra.johnson106@outlook.com,Sandra Johnson,1983-07-06,3550,false,,lapsed,2019-01-27,2023-09-14
A000081,wei.adams2410@outlook.com,Wei Adams,1969-12-23,3000,true,2024-07-09,lapsed,2022-04-16,2024-08-26
A000082,jessica.thompson5591@gmail.com,Jessica Thompson,2006-03-15,3030,false,,lapsed,2018-12-10,2021-05-14
A000083,lisa.evans3742@outlook.com,Lisa Evans,2003-05-17,6000,false,,lapsed,2021-09-24,2024-06-20
A000084,sandra.smith4145@yahoo.com.au,Sandra Smith,1968-08-15,2150,false,,active,2026-02-06,2026-03-12
A000085,mark.scott3615@yahoo.com.au,Mark Scott,1955-09-03,5000,true,2024-11-22,active,2020-07-04,2026-01-08
A000086,hiro.chen4802@outlook.com,Hiro Chen,1999-05-31,2600,true,2024-07-28,lapsed,2023-05-02,2023-06-24
A000087,charles.sato7687@gmail.com,Charles Sato,1964-10-25,5000,true,2025-12-04,active,2025-05-10,2026-06-10
A000088,elizabeth.harris2392@icloud.com,Elizabeth Harris,2006-02-17,2026,true,2025-07-09,active,2025-04-25,2026-06-22
A000089,charles.king6627@icloud.com,Charles King,1972-10-12,3199,false,,lapsed,2022-09-03,2024-04-09
A000090,melissa.wang6168@icloud.com,Melissa Wang,1957-12-25,3550,true,2020-10-01,lapsed,2017-12-20,2020-03-11
A000091,sandra.thompson7704@outlook.com,Sandra Thompson,2000-06-21,2150,true,2025-07-04,active,2024-09-23,2025-09-11
A000092,william.martin7061@outlook.com,William Martin,1986-02-11,2010,true,2023-04-07,closed,2020-08-11,2025-01-18
A000093,mark.ryan2817@gmail.com,Mark Ryan,1983-05-20,2010,false,,lapsed,2020-11-16,2021-10-24
A000094,michelle.green2539@bigpond.com,Michelle Green,1975-07-23,2150,true,2026-02-28,active,2025-09-21,2026-05-30
A000095,raj.kumar1106@hotmail.com,Raj Kumar,1988-03-28,2010,false,,active,2025-12-28,2026-01-26
A000096,linda.jones2891@bigpond.com,Linda Jones,1983-01-30,5000,true,2023-11-23,lapsed,2021-11-20,2024-12-04
A000097,steven.smith2752@icloud.com,Steven Smith,1998-11-29,6000,false,,active,2019-09-25,2025-10-17
A000098,emily.baker4009@hotmail.com,Emily Baker,1982-10-22,7000,true,2025-08-08,lapsed,2023-01-17,2023-08-05
A000099,lisa.smith9903@bigpond.com,Lisa Smith,1984-12-18,3199,true,2019-07-05,lapsed,2019-03-21,2024-10-05
A000100,sarah.chen954@yahoo.com.au,Sarah Chen,1994-02-10,2026,true,2022-12-25,active,2019-03-09,2026-02-01
A000101,jessica.khan8682@gmail.com,Jessica Khan,1987-06-11,3220,false,,active,2026-05-06,2026-05-19
A000102,mark.murphy3732@hotmail.com,Mark Murphy,1983-12-08,3550,true,2025-06-03,lapsed,2018-10-29,2020-05-10
A000103,emily.zhang4402@hotmail.com,Emily Zhang,1992-09-13,2150,true,2024-07-03,lapsed,2024-02-07,2025-01-20
A000104,helen.white3992@yahoo.com.au,Helen White,1998-09-08,2010,false,,lapsed,2023-08-21,2024-02-15
A000105,priya.ali1909@icloud.com,Priya Ali,1989-06-19,4217,true,2025-05-19,lapsed,2022-02-15,2022-12-21
A000106,jennifer.collins4508@outlook.com,Jennifer Collins,1964-08-17,3220,false,,active,2025-09-27,2026-03-01
A000107,olivia.hall2386@bigpond.com,Olivia Hall,1950-07-22,2026,false,,lapsed,2017-08-05,2018-11-15
A000108,james.khan9591@icloud.com,James Khan,1967-01-02,6000,true,2020-09-19,lapsed,2020-09-09,2024-01-26
A000109,jessica.adams2986@outlook.com,Jessica Adams,1987-01-22,3141,true,2024-12-22,active,2022-12-18,2026-01-03
A000110,melissa.costa1949@icloud.com,Melissa Costa,1999-05-31,3030,true,2025-12-23,active,2021-09-07,2026-04-18
A000111,priya.thompson5079@hotmail.com,Priya Thompson,1959-03-04,3030,true,2023-10-23,lapsed,2022-05-04,2022-12-10
A000112,thomas.king1913@yahoo.com.au,Thomas King,1967-06-21,3550,true,2026-01-28,active,2025-07-22,2026-02-27
A000113,timothy.williams4249@icloud.com,Timothy Williams,1995-11-14,3199,true,2025-02-10,lapsed,2020-05-14,2020-11-20
A000114,amanda.tanaka4369@yahoo.com.au,Amanda Tanaka,1962-03-02,2026,true,2025-08-01,lapsed,2022-06-01,2023-06-23
A000115,elizabeth.hall1805@bigpond.com,Elizabeth Hall,1979-03-14,3000,true,2026-03-01,active,2026-02-13,2026-05-10
A000116,christine.collins9168@outlook.com,Christine Collins,1993-02-22,3141,false,,lapsed,2020-02-10,2022-07-27
A000117,elizabeth.adams2614@outlook.com,Elizabeth Adams,1960-04-09,4000,true,2025-12-28,active,2025-11-11,2026-04-14
A000118,elizabeth.tran938@icloud.com,Elizabeth Tran,1981-11-04,3030,true,2025-06-04,active,2023-07-18,2025-10-19
A000119,timothy.smith6131@bigpond.com,Timothy Smith,1999-02-11,3121,false,,lapsed,2019-04-28,2022-12-16
A000120,deborah.green475@hotmail.com,Deborah Green,1983-08-13,3182,false,,lapsed,2017-11-12,2025-05-05
A000121,yuki.liu802@gmail.com,Yuki Liu,1981-04-19,4000,true,2026-04-04,lapsed,2023-11-13,2024-09-28
A000122,brian.wright4125@gmail.com,Brian Wright,1981-03-29,2000,true,2025-09-11,active,2024-02-15,2026-06-13
A000123,raj.williams8993@hotmail.com,Raj Williams,2000-06-20,3121,true,2018-07-07,lapsed,2018-05-23,2021-06-12
A000124,joseph.kelly1636@gmail.com,Joseph Kelly,1970-02-08,7000,false,,lapsed,2022-09-09,2022-09-11
A000125,emma.smith2548@gmail.com,Emma Smith,1987-02-25,7000,true,2025-07-21,lapsed,2020-04-08,2022-10-08
A000126,thomas.anderson2121@icloud.com,Thomas Anderson,1961-09-30,2170,true,2025-08-20,active,2025-06-02,2025-12-17
A000127,steven.murphy9342@bigpond.com,Steven Murphy,1954-06-15,2026,true,2021-05-05,active,2020-08-13,2025-08-13
A000128,robert.thompson1273@hotmail.com,Robert Thompson,1993-02-16,4217,true,2026-05-28,active,2025-07-16,2025-12-01
A000129,giulia.white8886@yahoo.com.au,Giulia White,1979-07-28,3220,true,2023-11-15,active,2022-12-09,2026-05-07
A000130,jennifer.adams7188@bigpond.com,Jennifer Adams,1973-10-02,3121,false,,lapsed,2021-08-30,2023-05-11
A000131,william.ali4547@icloud.com,William Ali,1996-12-03,3056,false,,lapsed,2019-04-17,2021-05-24
A000132,william.rossi2466@icloud.com,William Rossi,1985-04-09,3056,true,2024-04-12,lapsed,2022-04-29,2023-06-17
A000133,susan.murphy1663@bigpond.com,Susan Murphy,1998-10-18,3550,false,,lapsed,2020-07-08,2022-10-22
A000134,wei.wilson6363@icloud.com,Wei Wilson,1983-03-08,6000,true,2026-06-28,lapsed,2023-06-02,2023-06-04
A000135,michael.white1602@outlook.com,Michael White,1977-11-05,7000,true,2026-01-23,lapsed,2020-06-18,2023-08-07
A000136,william.evans4050@outlook.com,William Evans,1968-08-08,3000,true,2022-03-22,lapsed,2020-02-06,2023-12-20
A000137,emily.lee3026@icloud.com,Emily Lee,2004-08-12,7000,false,,lapsed,2024-01-24,2025-04-14
A000138,mary.pham433@hotmail.com,Mary Pham,1988-05-15,5000,false,,lapsed,2019-03-02,2022-07-23
A000139,daniel.adams9793@gmail.com,Daniel Adams,1987-09-29,3550,true,2022-04-26,active,2020-10-23,2026-06-11
A000140,jennifer.nguyen2264@icloud.com,Jennifer Nguyen,2006-06-25,2150,false,,active,2025-05-12,2025-10-25
A000141,kevin.murphy3647@bigpond.com,Kevin Murphy,2002-12-16,3141,true,2026-02-22,active,2025-06-03,2026-02-16
A000142,katherine.campbell164@outlook.com,Katherine Campbell,1969-11-04,3199,true,2024-08-24,lapsed,2017-09-07,2018-07-31
A000143,george.taylor3974@outlook.com,George Taylor,1977-04-03,4217,false,,lapsed,2024-05-18,2024-07-30
A000144,margaret.scott8763@hotmail.com,Margaret Scott,1989-08-09,2000,true,2021-04-14,lapsed,2020-06-24,2022-02-18
A000145,patricia.martin187@bigpond.com,Patricia Martin,1980-09-19,2026,true,2026-06-20,active,2022-05-01,2026-04-22
A000146,steven.ali3176@gmail.com,Steven Ali,1961-09-17,3141,true,2026-04-06,closed,2024-03-04,2025-12-04
A000147,matthew.ali5888@outlook.com,Matthew Ali,1989-01-03,4000,false,,lapsed,2018-11-03,2024-06-06
A000148,rachel.robinson1458@icloud.com,Rachel Robinson,1954-03-29,3030,true,2023-03-24,lapsed,2020-01-13,2024-09-27
A000149,katherine.costa9546@outlook.com,Katherine Costa,1980-05-03,2026,true,2026-06-18,active,2025-04-22,2025-11-04
A000150,jennifer.wang9829@hotmail.com,Jennifer Wang,1977-05-15,2150,true,2025-12-11,lapsed,2024-05-11,2025-02-19
A000151,robert.baker1307@gmail.com,Robert Baker,2000-07-13,3550,true,2022-07-11,lapsed,2017-09-20,2019-06-08
A000152,timothy.campbell1193@hotmail.com,Timothy Campbell,1990-10-07,3199,true,2023-08-18,lapsed,2023-08-05,2024-04-22
A000153,anthony.zhang5038@yahoo.com.au,Anthony Zhang,1979-10-22,3182,false,,active,2024-10-27,2025-11-19
A000154,jessica.khan4397@gmail.com,Jessica Khan,1991-02-17,2150,true,2020-06-28,active,2020-06-12,2026-05-08
A000155,robert.rossi4204@yahoo.com.au,Robert Rossi,1987-10-30,3199,false,,lapsed,2022-03-02,2024-01-24
A000156,joshua.white8803@gmail.com,Joshua White,1995-05-17,4000,true,2022-06-06,lapsed,2020-05-01,2021-08-24
A000157,patricia.scott6598@yahoo.com.au,Patricia Scott,1997-12-09,4217,true,2022-12-07,lapsed,2017-11-29,2024-08-31
A000158,olivia.bell7881@yahoo.com.au,Olivia Bell,1987-02-10,3000,true,2026-06-26,active,2024-01-12,2025-07-31
A000159,helen.zhang8514@gmail.com,Helen Zhang,1968-02-05,3056,true,2021-12-18,lapsed,2020-07-23,2023-01-31
A000160,timothy.zhang3941@yahoo.com.au,Timothy Zhang,1969-08-17,7000,false,,lapsed,2022-07-29,2024-11-19
A000161,helen.ali1428@yahoo.com.au,Helen Ali,2006-11-25,3030,true,2024-06-08,lapsed,2022-08-07,2024-10-15
A000162,joshua.anderson6336@icloud.com,Joshua Anderson,1955-11-21,3121,false,,active,2025-07-19,2026-04-10
A000163,ashley.thompson5525@yahoo.com.au,Ashley Thompson,1998-06-03,4000,true,2026-05-27,active,2023-02-04,2025-10-03
A000164,wei.zhang6804@yahoo.com.au,Wei Zhang,2004-05-08,3550,true,2019-07-02,closed,2018-10-06,2019-10-31
A000165,marco.singh3316@icloud.com,Marco Singh,2005-10-09,2150,false,,lapsed,2020-05-12,2023-10-08
A000166,rachel.anderson5073@hotmail.com,Rachel Anderson,1979-05-29,2170,true,2018-06-30,closed,2017-08-30,2021-03-06
A000167,thomas.nguyen1031@hotmail.com,Thomas Nguyen,1979-11-05,2600,true,2023-04-20,lapsed,2022-11-06,2024-04-16
A000168,hiro.tran4790@bigpond.com,Hiro Tran,1966-02-27,4000,true,2026-05-23,active,2026-05-12,2026-05-28
A000169,george.stewart2077@hotmail.com,George Stewart,1975-11-01,3182,true,2025-12-08,closed,2023-04-26,2024-12-18
A000170,hiro.williams5700@yahoo.com.au,Hiro Williams,1952-08-01,5000,true,2021-09-10,lapsed,2018-06-16,2024-08-25
A000171,amanda.kelly5860@bigpond.com,Amanda Kelly,1993-04-01,3141,false,,lapsed,2024-07-23,2025-01-14
A000172,mary.mitchell5620@gmail.com,Mary Mitchell,2001-07-26,4000,true,2026-05-22,active,2026-04-10,2026-06-28
A000173,marco.white9387@gmail.com,Marco White,1977-10-27,5000,true,2024-03-24,lapsed,2022-01-18,2025-03-12
A000174,samantha.stewart9780@outlook.com,Samantha Stewart,1993-06-21,3550,true,2020-12-01,lapsed,2019-08-06,2023-07-06
A000175,sandra.williams8111@hotmail.com,Sandra Williams,2003-02-23,4000,true,2026-06-03,lapsed,2023-06-02,2024-01-09
A000176,christine.martin4375@hotmail.com,Christine Martin,1981-11-09,3141,true,2023-12-17,lapsed,2019-09-06,2023-11-17
A000177,robert.ryan8718@hotmail.com,Robert Ryan,1986-02-21,2010,true,2025-08-30,closed,2025-07-14,2026-03-27
A000178,william.pham897@hotmail.com,William Pham,1985-03-11,3000,false,,active,2025-08-12,2026-05-14
A000179,giulia.hall153@hotmail.com,Giulia Hall,1998-03-21,4217,true,2024-07-13,lapsed,2022-11-24,2022-11-28
A000180,linda.wang5123@outlook.com,Linda Wang,1969-10-20,3121,true,2026-02-13,active,2025-10-27,2025-11-15
A000181,david.white3357@outlook.com,David White,1987-06-27,2150,false,,lapsed,2023-10-25,2024-04-23
A000182,thomas.tanaka7272@bigpond.com,Thomas Tanaka,1951-07-14,3000,true,2025-08-22,active,2024-07-14,2026-05-07
A000183,mary.baker7097@bigpond.com,Mary Baker,1971-01-29,2000,false,,active,2024-11-24,2026-02-27
A000184,samantha.lee9082@outlook.com,Samantha Lee,1962-05-08,3000,false,,lapsed,2020-05-28,2021-04-06
A000185,priya.walker9354@icloud.com,Priya Walker,1998-08-21,2000,true,2022-09-26,lapsed,2018-11-18,2024-07-19
A000186,andrew.scott7225@hotmail.com,Andrew Scott,1988-05-24,3550,false,,lapsed,2022-01-23,2023-07-17
A000187,marco.king5651@outlook.com,Marco King,1993-07-14,5000,true,2026-03-12,closed,2018-01-21,2022-08-04
A000188,sandra.costa3430@gmail.com,Sandra Costa,1994-07-26,6000,true,2023-12-25,active,2021-09-25,2025-09-09
A000189,michael.green1508@yahoo.com.au,Michael Green,1952-02-15,2170,false,,lapsed,2019-08-21,2024-11-18
A000190,michael.turner9782@icloud.com,Michael Turner,2003-11-10,3182,true,2025-06-11,active,2025-01-05,2026-06-12
A000191,linda.adams2494@outlook.com,Linda Adams,1996-04-09,3056,true,2025-02-28,lapsed,2025-01-25,2025-06-02
A000192,patricia.sato8678@bigpond.com,Patricia Sato,1961-11-19,2170,false,,lapsed,2022-07-04,2023-03-29
A000193,wei.zhang761@hotmail.com,Wei Zhang,1980-03-30,3550,false,,active,2025-10-26,2025-11-02
A000194,melissa.martin335@yahoo.com.au,Melissa Martin,1983-05-22,3141,true,2026-02-25,lapsed,2018-09-21,2023-04-13
A000195,ashley.edwards662@icloud.com,Ashley Edwards,1974-07-10,3141,true,2026-06-16,active,2026-04-09,2026-05-13
A000196,amanda.robinson6161@icloud.com,Amanda Robinson,1966-11-16,2150,true,2025-08-14,lapsed,2020-07-14,2024-07-19
A000197,michelle.nguyen4357@bigpond.com,Michelle Nguyen,1975-06-14,3550,true,2021-09-13,lapsed,2021-02-12,2022-11-23
A000198,mary.green1359@yahoo.com.au,Mary Green,1958-10-22,3182,true,2021-12-08,lapsed,2019-01-15,2019-05-18
A000199,emily.williams6832@icloud.com,Emily Williams,1980-02-26,4217,true,2024-11-30,active,2024-11-28,2025-10-24
A000200,wei.lee2958@icloud.com,Wei Lee,1950-12-24,2150,false,,lapsed,2024-11-15,2025-06-17
A000201,yuki.tanaka2971@bigpond.com,Yuki Tanaka,1964-02-09,3141,false,,lapsed,2020-04-01,2021-12-24
A000202,elizabeth.chen5744@gmail.com,Elizabeth Chen,1979-10-09,3182,true,2021-04-27,active,2017-10-29,2026-05-19
A000203,olivia.khan5115@hotmail.com,Olivia Khan,1996-10-04,4000,true,2021-01-23,lapsed,2017-12-27,2018-07-06
A000204,marco.chen4201@gmail.com,Marco Chen,1958-09-03,3030,true,2025-12-20,lapsed,2024-11-04,2024-11-10
A000205,samantha.murphy7409@hotmail.com,Samantha Murphy,1986-02-16,3220,true,2022-12-21,active,2020-07-12,2026-04-23
A000206,giulia.robinson4312@bigpond.com,Giulia Robinson,1951-05-11,2000,true,2024-04-16,lapsed,2022-07-27,2023-12-04
A000207,steven.evans3890@outlook.com,Steven Evans,1973-09-15,3030,true,2022-04-28,closed,2020-06-12,2021-01-24
A000208,patricia.tran3533@gmail.com,Patricia Tran,1964-09-02,5000,true,2023-11-10,lapsed,2022-03-09,2025-02-12
A000209,james.wang2050@icloud.com,James Wang,1958-07-19,3121,false,,lapsed,2021-09-09,2021-11-11
A000210,andrew.stewart1974@yahoo.com.au,Andrew Stewart,2006-11-01,3220,true,2019-03-12,lapsed,2018-11-01,2021-06-15
A000211,marco.baker3043@gmail.com,Marco Baker,1976-06-19,3199,true,2025-01-04,active,2024-04-23,2026-01-10
A000212,deborah.pham4642@bigpond.com,Deborah Pham,1950-10-15,2026,true,2022-11-26,lapsed,2021-03-25,2024-06-27
A000213,brian.pham1121@yahoo.com.au,Brian Pham,1959-05-27,2000,true,2019-08-08,lapsed,2018-01-06,2024-12-27
A000214,linda.evans2958@yahoo.com.au,Linda Evans,1970-05-28,2600,true,2026-03-15,active,2023-02-09,2025-10-11
A000215,jessica.ali2233@bigpond.com,Jessica Ali,2003-03-25,2010,true,2026-06-06,active,2025-06-30,2025-12-16
A000216,james.costa7554@hotmail.com,James Costa,1972-08-27,3000,true,2020-06-17,lapsed,2017-11-23,2024-07-17
A000217,joshua.wright7696@outlook.com,Joshua Wright,2000-02-26,3550,true,2025-09-25,lapsed,2024-11-11,2025-01-21
A000218,katherine.ryan7529@bigpond.com,Katherine Ryan,1955-10-29,3182,true,2026-01-29,active,2025-11-02,2026-04-12
A000219,patricia.stewart8365@icloud.com,Patricia Stewart,1992-06-13,4217,true,2022-12-16,lapsed,2020-11-17,2024-01-12
A000220,rebecca.singh4908@gmail.com,Rebecca Singh,1951-07-17,3056,false,,lapsed,2020-02-22,2023-11-18
A000221,nancy.pham9543@bigpond.com,Nancy Pham,1986-04-01,7000,true,2024-06-17,lapsed,2022-05-20,2025-02-04
A000222,joshua.wang2702@outlook.com,Joshua Wang,1990-03-02,3182,true,2025-12-22,lapsed,2023-12-30,2025-02-28
A000223,brian.turner753@outlook.com,Brian Turner,2002-09-13,2150,false,,lapsed,2022-07-31,2024-06-17
A000224,lisa.thompson2075@outlook.com,Lisa Thompson,1951-05-04,2170,true,2019-11-15,lapsed,2019-10-10,2020-02-05
A000225,brian.campbell9765@yahoo.com.au,Brian Campbell,2003-08-07,3000,false,,lapsed,2020-03-14,2024-07-24
A000226,stephanie.walker6390@outlook.com,Stephanie Walker,1985-02-27,2150,false,,lapsed,2021-07-08,2025-05-10
A000227,charles.zhang8173@hotmail.com,Charles Zhang,1986-10-28,3056,true,2023-07-20,lapsed,2021-11-18,2024-03-28
A000228,jennifer.wilson3883@icloud.com,Jennifer Wilson,1986-05-02,3056,false,,active,2023-10-20,2026-06-02
A000229,matthew.walker3052@hotmail.com,Matthew Walker,1950-07-10,3056,true,2023-08-22,active,2022-09-28,2026-06-30
A000230,susan.white7449@gmail.com,Susan White,1970-11-07,3030,true,2022-04-09,lapsed,2019-01-01,2020-04-19
A000231,brian.baker7014@outlook.com,Brian Baker,1976-02-01,2000,true,2023-10-29,lapsed,2020-06-26,2024-09-02
A000232,steven.clarke718@gmail.com,Steven Clarke,1989-04-21,3141,true,2019-05-26,lapsed,2018-03-26,2018-11-25
A000233,jennifer.clarke1942@hotmail.com,Jennifer Clarke,1989-08-11,3550,true,2026-02-03,active,2023-09-14,2025-07-31
A000234,matthew.thompson6508@bigpond.com,Matthew Thompson,1980-09-28,4217,true,2025-12-01,active,2025-09-24,2025-10-14
A000235,michael.liu2341@gmail.com,Michael Liu,1980-01-07,3056,false,,lapsed,2019-08-31,2019-11-02
A000236,ashley.chen5965@hotmail.com,Ashley Chen,1996-06-24,4217,true,2021-12-31,lapsed,2019-10-19,2021-09-22
A000237,marco.johnson1385@icloud.com,Marco Johnson,1996-03-09,3056,true,2021-08-31,lapsed,2017-10-09,2021-01-12
A000238,mary.tanaka1287@gmail.com,Mary Tanaka,1951-06-09,2026,true,2026-02-07,lapsed,2025-05-06,2025-05-15
A000239,mark.murphy9461@gmail.com,Mark Murphy,1990-08-03,6000,true,2026-01-04,closed,2023-03-09,2024-09-14
A000240,jennifer.liu5943@hotmail.com,Jennifer Liu,1982-04-25,3141,true,2023-11-22,lapsed,2017-12-22,2022-02-15
A000241,mark.scott9947@yahoo.com.au,Mark Scott,1996-05-10,3030,true,2025-02-06,active,2024-10-09,2025-11-07
A000242,sandra.martin9351@yahoo.com.au,Sandra Martin,1968-09-13,7000,true,2022-11-03,lapsed,2021-09-24,2023-07-03
A000243,lisa.wright8543@bigpond.com,Lisa Wright,1992-03-10,2000,false,,lapsed,2021-12-05,2022-04-10
A000244,christine.walker5540@gmail.com,Christine Walker,1959-03-17,3199,true,2025-08-01,lapsed,2019-05-27,2021-04-16
A000245,william.tanaka9794@yahoo.com.au,William Tanaka,1981-11-22,2000,true,2022-05-26,lapsed,2018-11-15,2021-06-03
A000246,yuki.tanaka3070@yahoo.com.au,Yuki Tanaka,1951-04-15,3220,false,,lapsed,2022-12-14,2022-12-15
A000247,samantha.wang1229@hotmail.com,Samantha Wang,1970-02-13,3141,true,2021-05-23,lapsed,2018-11-08,2021-08-01
A000248,olivia.clarke47@icloud.com,Olivia Clarke,1978-04-13,2600,true,2024-08-20,lapsed,2021-07-27,2025-06-30
A000249,marco.kelly2867@yahoo.com.au,Marco Kelly,1980-08-27,3141,true,2025-07-09,lapsed,2021-12-07,2023-03-24
A000250,rebecca.scott7248@hotmail.com,Rebecca Scott,1976-11-11,7000,false,,active,2025-10-28,2026-01-12
A000251,robert.green8582@bigpond.com,Robert Green,1960-03-03,3550,false,,lapsed,2018-05-11,2021-12-04
A000252,ahmed.king9878@icloud.com,Ahmed King,1956-07-10,6000,true,2021-03-20,lapsed,2019-05-29,2022-03-20
A000253,daniel.costa7083@icloud.com,Daniel Costa,1965-01-16,2010,false,,active,2024-06-01,2025-10-24
A000254,raj.wilson5325@hotmail.com,Raj Wilson,1960-12-14,4217,true,2024-01-24,lapsed,2020-01-08,2021-11-13
A000255,joseph.nguyen4686@outlook.com,Joseph Nguyen,1987-12-09,3199,true,2024-11-19,lapsed,2024-01-18,2025-06-14
A000256,marco.mitchell8548@gmail.com,Marco Mitchell,1973-12-03,2600,true,2022-03-17,lapsed,2017-12-26,2018-08-03
A000257,samantha.green6426@icloud.com,Samantha Green,1984-10-29,3030,false,,active,2026-02-13,2026-06-03
A000258,richard.kelly141@bigpond.com,Richard Kelly,1963-09-28,2170,true,2025-07-30,lapsed,2024-09-13,2025-01-05
A000259,andrew.jones7656@outlook.com,Andrew Jones,1997-03-20,3000,false,,lapsed,2024-08-13,2025-04-22
A000260,stephanie.smith6118@hotmail.com,Stephanie Smith,1990-08-06,2600,false,,lapsed,2017-08-26,2022-08-06
A000261,william.tanaka6385@hotmail.com,William Tanaka,2006-06-28,2026,true,2025-02-26,lapsed,2020-12-19,2023-07-16
A000262,ahmed.edwards7265@yahoo.com.au,Ahmed Edwards,2000-07-04,3199,true,2021-05-05,lapsed,2020-12-04,2023-08-16
A000263,timothy.chen2491@hotmail.com,Timothy Chen,2002-12-01,2150,true,2021-09-02,lapsed,2020-02-13,2023-08-23
A000264,steven.martin6595@gmail.com,Steven Martin,1981-12-23,2010,false,,active,2023-10-09,2025-11-03
A000265,margaret.wilson8335@outlook.com,Margaret Wilson,1976-12-26,6000,true,2024-01-07,lapsed,2017-08-13,2017-10-15
A000266,olivia.smith3854@icloud.com,Olivia Smith,1961-05-06,3056,false,,lapsed,2020-05-15,2024-11-10
A000267,andrew.thompson1977@gmail.com,Andrew Thompson,1961-03-15,2150,true,2024-09-04,active,2023-12-16,2026-03-24
A000268,priya.scott4548@gmail.com,Priya Scott,1968-06-16,4000,true,2022-04-18,lapsed,2017-08-29,2019-02-11
A000269,samantha.sato2598@bigpond.com,Samantha Sato,1989-05-22,3121,true,2025-11-05,active,2025-11-04,2026-06-13
A000270,susan.adams5215@gmail.com,Susan Adams,1954-04-19,5000,true,2024-05-19,active,2020-06-14,2026-01-04
A000271,daniel.thompson8296@outlook.com,Daniel Thompson,1958-11-06,7000,false,,lapsed,2022-08-17,2024-08-16
A000272,david.evans3184@icloud.com,David Evans,1988-11-26,6000,true,2025-10-09,active,2025-05-12,2025-12-11
A000273,sarah.robinson6820@yahoo.com.au,Sarah Robinson,2003-05-08,3121,true,2025-03-29,lapsed,2022-07-13,2023-02-08
A000274,ming.rossi2579@bigpond.com,Ming Rossi,1983-11-06,3141,true,2023-10-08,lapsed,2017-10-25,2022-04-05
A000275,emma.brown5419@icloud.com,Emma Brown,1967-06-25,3121,true,2026-05-07,active,2026-03-05,2026-05-30
A000276,joseph.kumar8863@gmail.com,Joseph Kumar,1985-10-09,7000,true,2023-08-20,lapsed,2022-05-03,2024-12-16
A000277,samantha.smith2490@yahoo.com.au,Samantha Smith,1975-12-13,6000,true,2026-02-21,lapsed,2024-04-10,2025-07-02
A000278,charles.evans1030@yahoo.com.au,Charles Evans,1950-09-29,3182,true,2026-03-19,active,2018-06-26,2026-01-07
A000279,ming.clarke7664@gmail.com,Ming Clarke,1955-10-26,3141,false,,lapsed,2019-01-07,2023-08-04
A000280,samantha.walker884@bigpond.com,Samantha Walker,1960-04-02,5000,true,2023-04-20,lapsed,2018-05-29,2024-11-19
A000281,emma.taylor3505@gmail.com,Emma Taylor,1955-09-20,3056,true,2023-11-22,closed,2019-01-20,2022-07-29
A000282,george.ryan1986@gmail.com,George Ryan,1958-02-15,3121,true,2021-10-11,closed,2021-08-07,2023-03-21
A000283,helen.evans2178@icloud.com,Helen Evans,1978-07-12,2010,true,2025-09-30,active,2021-03-26,2026-04-10
A000284,joshua.ali1687@hotmail.com,Joshua Ali,2001-05-14,3199,false,,lapsed,2020-09-24,2025-01-13
A000285,rachel.taylor4956@outlook.com,Rachel Taylor,1966-11-21,2150,true,2025-09-18,lapsed,2019-07-26,2021-09-24
A000286,priya.wilson1179@yahoo.com.au,Priya Wilson,1951-09-10,3030,true,2026-06-15,active,2026-01-21,2026-02-07
A000287,joshua.evans2348@outlook.com,Joshua Evans,1960-01-09,2026,true,2024-03-13,lapsed,2021-10-15,2025-02-07
A000288,priya.walker4946@outlook.com,Priya Walker,1976-04-23,3000,true,2023-03-16,lapsed,2017-07-18,2023-11-05
A000289,ahmed.obrien4039@outlook.com,Ahmed OBrien,1970-10-31,2010,true,2025-01-10,active,2021-12-12,2026-04-10
A000290,yuki.pham3866@icloud.com,Yuki Pham,1953-08-04,3030,true,2026-05-06,lapsed,2024-04-18,2025-02-05
A000291,james.singh8539@gmail.com,James Singh,1990-10-20,3199,false,,lapsed,2017-08-30,2017-12-09
A000292,marco.white9226@icloud.com,Marco White,1975-08-25,7000,false,,lapsed,2022-06-09,2022-09-28
A000293,thomas.stewart4149@gmail.com,Thomas Stewart,1978-10-31,3182,false,,active,2020-03-31,2026-03-17
A000294,jessica.scott5587@outlook.com,Jessica Scott,1984-06-18,2026,false,,closed,2025-12-29,2026-01-24
A000295,laura.bell6843@outlook.com,Laura Bell,1988-02-14,7000,true,2026-06-01,active,2026-03-20,2026-06-02
A000296,amanda.williams8926@gmail.com,Amanda Williams,1955-01-27,3141,true,2026-05-31,lapsed,2019-04-20,2022-10-06
A000297,emily.liu2344@hotmail.com,Emily Liu,1963-10-04,3030,true,2026-05-09,active,2024-05-25,2025-09-12
A000298,emma.brown3649@bigpond.com,Emma Brown,1973-09-30,7000,true,2026-07-01,lapsed,2023-02-10,2025-03-02
A000299,brian.martin6173@yahoo.com.au,Brian Martin,1976-10-15,3000,false,,lapsed,2017-07-29,2021-05-16
A000300,patricia.tanaka8911@icloud.com,Patricia Tanaka,1981-02-12,3550,false,,active,2025-05-03,2026-03-04
A000301,raj.wright8412@gmail.com,Raj Wright,1993-09-27,4000,false,,active,2025-10-04,2026-02-22
A000302,ashley.walker3805@icloud.com,Ashley Walker,1995-12-04,4217,true,2026-05-22,lapsed,2022-08-16,2022-11-23
A000303,samantha.zhang5985@yahoo.com.au,Samantha Zhang,1986-03-14,5000,true,2023-11-05,lapsed,2018-02-28,2024-11-16
A000304,sarah.singh1597@bigpond.com,Sarah Singh,1981-08-14,3182,true,2023-06-22,active,2019-11-05,2025-09-11
A000305,andrew.obrien4548@gmail.com,Andrew OBrien,1995-02-06,3030,false,,lapsed,2021-12-10,2025-05-21
A000306,anthony.baker9437@yahoo.com.au,Anthony Baker,1992-04-17,2600,true,2023-10-20,lapsed,2022-10-24,2024-09-28
A000307,samantha.williams5250@outlook.com,Samantha Williams,1999-03-20,3000,true,2026-01-15,lapsed,2022-11-20,2025-03-08
A000308,susan.anderson4009@gmail.com,Susan Anderson,1976-10-08,2600,true,2026-03-12,active,2025-06-26,2026-01-27
A000309,wei.liu7651@gmail.com,Wei Liu,2006-06-12,3000,false,,lapsed,2019-10-31,2024-05-15
A000310,rebecca.brown8072@hotmail.com,Rebecca Brown,1963-01-22,6000,true,2025-11-16,active,2024-02-20,2026-02-01
A000311,hiro.clarke7253@bigpond.com,Hiro Clarke,1988-02-05,2010,true,2023-05-03,lapsed,2021-03-14,2021-09-10
A000312,nancy.nguyen7561@icloud.com,Nancy Nguyen,1956-10-12,7000,false,,lapsed,2020-06-19,2020-11-06
A000313,thomas.smith913@bigpond.com,Thomas Smith,2001-08-13,7000,true,2026-01-06,lapsed,2020-02-04,2021-02-03
A000314,brian.pham6675@yahoo.com.au,Brian Pham,1991-11-27,3121,true,2020-03-04,lapsed,2017-08-11,2017-12-14
A000315,melissa.wright1321@icloud.com,Melissa Wright,1964-09-11,2026,true,2024-05-04,active,2024-04-30,2025-07-21
A000316,george.edwards9468@yahoo.com.au,George Edwards,1993-10-06,7000,true,2026-04-05,lapsed,2021-07-11,2023-11-26
A000317,michelle.ryan5789@hotmail.com,Michelle Ryan,1983-05-04,2010,true,2023-11-04,active,2023-02-16,2025-07-28
A000318,katherine.wilson4088@hotmail.com,Katherine Wilson,1960-08-31,3056,false,,active,2023-07-07,2025-11-30
A000319,karen.turner9728@gmail.com,Karen Turner,1972-09-14,3121,true,2026-04-21,active,2023-10-14,2026-02-14
A000320,linda.bell3935@outlook.com,Linda Bell,1954-12-07,7000,false,,lapsed,2022-11-20,2025-03-24
A000321,rachel.costa4597@hotmail.com,Rachel Costa,1998-06-24,4000,true,2024-08-04,lapsed,2017-07-27,2022-10-12
A000322,brian.campbell4902@icloud.com,Brian Campbell,1980-05-09,3220,false,,closed,2019-11-05,2024-12-31
A000323,hiro.white3951@gmail.com,Hiro White,1961-05-02,3056,true,2026-03-25,active,2026-02-25,2026-03-22
A000324,lisa.campbell3660@hotmail.com,Lisa Campbell,1964-08-02,2150,true,2025-02-07,lapsed,2025-02-02,2025-06-24
A000325,rachel.tran7471@yahoo.com.au,Rachel Tran,1995-10-29,7000,false,,lapsed,2019-11-02,2025-01-23
A000326,anthony.scott6637@outlook.com,Anthony Scott,1967-02-17,2170,false,,lapsed,2019-07-11,2021-08-20
A000327,lisa.pham4116@yahoo.com.au,Lisa Pham,1988-08-26,3550,false,,active,2025-02-27,2025-11-04
A000328,katherine.brown6171@outlook.com,Katherine Brown,1991-02-22,3141,true,2021-01-04,lapsed,2020-07-11,2022-07-10
A000329,jennifer.lee8381@icloud.com,Jennifer Lee,2004-12-31,4000,false,,lapsed,2020-01-04,2023-09-25
A000330,anthony.obrien2244@icloud.com,Anthony OBrien,2002-12-24,2170,true,2025-08-17,lapsed,2024-09-26,2024-10-23
A000331,kevin.murphy2823@outlook.com,Kevin Murphy,1952-01-14,2026,true,2022-07-18,active,2022-02-21,2026-02-08
A000332,emily.clarke6052@hotmail.com,Emily Clarke,1956-12-02,4000,true,2024-07-14,active,2020-08-13,2026-06-11
A000333,mary.kelly861@icloud.com,Mary Kelly,2003-05-14,4217,true,2022-01-06,active,2017-12-12,2025-08-10
A000334,giulia.wright567@gmail.com,Giulia Wright,1957-08-24,3199,true,2025-03-21,lapsed,2022-10-19,2023-04-12
A000335,richard.obrien2352@outlook.com,Richard OBrien,1976-02-23,3056,true,2025-05-12,active,2024-03-03,2026-02-10
A000336,brian.singh5782@yahoo.com.au,Brian Singh,1978-05-26,5000,false,,lapsed,2024-07-21,2025-04-16
A000337,christine.clarke3177@icloud.com,Christine Clarke,1976-12-08,3141,true,2022-02-09,lapsed,2020-05-30,2020-10-08
A000338,robert.brown8809@bigpond.com,Robert Brown,1957-01-14,2150,true,2025-09-10,active,2024-11-19,2025-07-09
A000339,olivia.white2702@gmail.com,Olivia White,1952-04-29,2600,true,2026-01-19,active,2024-02-20,2026-06-13
A000340,rachel.smith8751@gmail.com,Rachel Smith,1976-10-09,5000,true,2021-03-14,active,2018-11-01,2026-03-08
A000341,timothy.khan8539@icloud.com,Timothy Khan,1968-11-05,5000,true,2021-02-27,lapsed,2020-06-29,2022-09-11
A000342,david.martin8619@gmail.com,David Martin,1957-10-01,2170,false,,lapsed,2022-08-03,2023-11-12
A000343,matthew.harris4700@bigpond.com,Matthew Harris,1963-12-23,3182,false,,lapsed,2021-06-17,2024-01-18
A000344,david.costa7152@hotmail.com,David Costa,1980-04-19,3182,true,2019-12-27,active,2019-03-12,2026-02-16
A000345,wei.bell2427@outlook.com,Wei Bell,1978-08-25,3121,true,2022-03-30,lapsed,2019-04-23,2019-05-14
A000346,brian.khan8351@gmail.com,Brian Khan,1952-02-26,3550,true,2026-02-19,lapsed,2023-11-02,2024-06-19
A000347,susan.lee1636@icloud.com,Susan Lee,2002-01-19,3141,false,,lapsed,2017-07-26,2023-12-31
A000348,michael.lee6229@hotmail.com,Michael Lee,1993-06-16,7000,true,2023-07-23,lapsed,2020-03-09,2023-02-07
A000349,william.baker3442@gmail.com,William Baker,1977-09-13,4217,true,2022-11-11,lapsed,2019-10-20,2025-02-04
A000350,stephanie.martin2768@bigpond.com,Stephanie Martin,1972-08-06,3550,true,2024-12-24,lapsed,2020-08-29,2023-03-02
A000351,charles.harris984@bigpond.com,Charles Harris,1964-09-23,3030,true,2024-04-11,lapsed,2021-11-12,2023-09-17
A000352,ahmed.robinson3285@gmail.com,Ahmed Robinson,1965-11-08,7000,true,2026-07-01,active,2026-05-23,2026-06-20
A000353,rebecca.kumar236@hotmail.com,Rebecca Kumar,1992-10-25,3141,true,2026-06-14,active,2026-03-29,2026-05-23
A000354,mary.green8952@hotmail.com,Mary Green,1985-04-14,3000,true,2018-05-04,lapsed,2017-07-16,2021-05-01
A000355,catherine.tanaka7835@yahoo.com.au,Catherine Tanaka,1998-10-18,3141,true,2023-12-14,closed,2023-03-29,2024-06-07
A000356,brian.jones438@bigpond.com,Brian Jones,1960-02-07,4000,true,2024-07-02,lapsed,2019-07-12,2020-12-11
A000357,helen.ali5199@yahoo.com.au,Helen Ali,1983-06-27,2600,true,2024-12-11,lapsed,2018-02-03,2024-07-22
A000358,samantha.harris3179@yahoo.com.au,Samantha Harris,1966-06-04,3141,true,2022-08-28,lapsed,2018-10-19,2020-06-03
A000359,sandra.campbell7272@yahoo.com.au,Sandra Campbell,1995-06-27,3182,false,,lapsed,2018-04-25,2023-09-21
A000360,thomas.campbell87@yahoo.com.au,Thomas Campbell,1977-01-02,2010,false,,lapsed,2018-06-21,2021-05-05
A000361,brian.thompson9854@gmail.com,Brian Thompson,1995-01-13,3182,true,2025-09-15,lapsed,2024-06-13,2024-07-19
A000362,deborah.ryan3554@icloud.com,Deborah Ryan,1956-02-25,2010,true,2026-06-13,active,2025-07-18,2025-11-05
A000363,hiro.wilson1031@icloud.com,Hiro Wilson,2005-08-14,3000,true,2026-05-27,active,2026-05-03,2026-06-28
A000364,helen.brown6231@bigpond.com,Helen Brown,1991-03-07,5000,true,2025-11-01,active,2025-08-15,2026-01-07
A000365,fatima.anderson8407@gmail.com,Fatima Anderson,2003-05-27,7000,false,,lapsed,2021-10-17,2022-11-26
A000366,lisa.williams835@outlook.com,Lisa Williams,1967-02-17,2010,false,,lapsed,2023-02-15,2023-06-16
A000367,laura.kumar2834@gmail.com,Laura Kumar,1981-04-30,2026,true,2019-09-17,lapsed,2018-11-30,2022-02-09
A000368,thomas.harris6452@outlook.com,Thomas Harris,1963-08-20,3000,true,2025-03-20,lapsed,2018-06-23,2022-03-15
A000369,linda.hall3264@icloud.com,Linda Hall,1959-08-01,3220,true,2022-08-06,lapsed,2018-09-12,2021-08-25
A000370,michelle.mitchell4165@yahoo.com.au,Michelle Mitchell,1988-12-20,3182,false,,active,2025-05-24,2025-09-03
A000371,rachel.chen5444@outlook.com,Rachel Chen,1958-07-17,2026,false,,lapsed,2018-11-04,2024-08-08
A000372,james.smith7021@icloud.com,James Smith,1990-03-21,3199,true,2026-03-09,active,2026-02-14,2026-02-16
A000373,ahmed.mitchell6135@icloud.com,Ahmed Mitchell,1986-03-29,6000,true,2025-05-11,lapsed,2022-02-10,2024-12-13
A000374,raj.smith8734@hotmail.com,Raj Smith,1985-09-03,5000,true,2025-08-16,lapsed,2024-09-28,2025-03-17
A000375,david.baker6869@yahoo.com.au,David Baker,1965-03-23,6000,false,,active,2025-06-15,2025-08-19
A000376,margaret.khan6736@gmail.com,Margaret Khan,1969-03-22,2600,true,2024-12-04,lapsed,2023-02-19,2025-01-30
A000377,robert.costa6810@bigpond.com,Robert Costa,1954-07-25,2170,false,,active,2025-08-28,2025-11-28
A000378,rachel.adams751@yahoo.com.au,Rachel Adams,1997-02-25,3550,true,2026-04-12,lapsed,2022-01-21,2022-11-15
A000379,daniel.stewart4948@yahoo.com.au,Daniel Stewart,1985-07-19,3199,false,,active,2025-07-18,2025-07-25
A000380,michael.ryan9716@outlook.com,Michael Ryan,1962-07-23,3000,true,2023-11-17,lapsed,2023-04-23,2023-09-27
A000381,deborah.harris7800@outlook.com,Deborah Harris,1957-07-11,3141,false,,lapsed,2022-06-29,2025-05-13
A000382,wei.murphy328@hotmail.com,Wei Murphy,1995-05-02,2600,true,2024-02-07,active,2023-07-26,2025-11-02
A000383,margaret.robinson1472@yahoo.com.au,Margaret Robinson,1965-08-04,2170,true,2019-05-23,closed,2018-09-07,2022-04-04
A000384,giulia.sato1560@gmail.com,Giulia Sato,1993-08-01,2170,true,2025-03-02,active,2020-03-21,2026-06-29
A000385,raj.white4488@bigpond.com,Raj White,1952-03-29,2600,true,2025-10-15,lapsed,2024-06-02,2025-06-14
A000386,sarah.johnson7335@gmail.com,Sarah Johnson,1953-11-08,4217,true,2023-07-22,lapsed,2018-06-25,2021-07-10
A000387,michelle.mitchell7463@hotmail.com,Michelle Mitchell,1996-02-28,3030,true,2025-08-28,lapsed,2024-04-10,2025-03-18
A000388,brian.green2624@bigpond.com,Brian Green,1979-11-13,7000,true,2026-03-27,active,2026-03-26,2026-04-20
A000389,richard.white2727@gmail.com,Richard White,2005-05-29,3550,true,2024-12-26,active,2024-11-29,2025-12-29
A000390,fatima.clarke9556@gmail.com,Fatima Clarke,1952-07-23,2026,false,,lapsed,2024-03-27,2025-01-31
A000391,susan.white9673@bigpond.com,Susan White,2004-09-18,2000,false,,active,2023-02-08,2025-11-22
A000392,michael.taylor6974@hotmail.com,Michael Taylor,1990-10-01,6000,true,2025-05-08,lapsed,2022-10-24,2024-06-15
A000393,yuki.costa1195@bigpond.com,Yuki Costa,1965-03-03,2000,false,,active,2026-02-23,2026-03-16
A000394,emily.adams5566@yahoo.com.au,Emily Adams,2002-03-31,2150,true,2025-05-05,lapsed,2017-11-20,2021-01-28
A000395,william.singh472@icloud.com,William Singh,1962-07-04,3182,true,2019-03-10,lapsed,2018-01-18,2023-09-09
A000396,matthew.thompson251@outlook.com,Matthew Thompson,1997-04-30,2600,false,,lapsed,2018-03-26,2022-06-27
A000397,emma.jones2076@bigpond.com,Emma Jones,1967-11-28,3220,true,2026-04-19,lapsed,2024-08-14,2025-05-12
A000398,helen.wilson8105@hotmail.com,Helen Wilson,1985-04-27,3030,false,,active,2025-09-30,2025-12-08
A000399,catherine.ryan6509@gmail.com,Catherine Ryan,2006-09-01,6000,false,,active,2023-12-21,2025-09-01
A000400,george.pham6296@icloud.com,George Pham,2004-01-26,3141,true,2021-10-10,lapsed,2017-09-09,2024-03-07
A000401,margaret.smith5821@gmail.com,Margaret Smith,1951-07-26,3220,true,2022-04-11,active,2020-09-03,2025-09-30
A000402,james.anderson2175@gmail.com,James Anderson,1966-06-25,5000,true,2023-03-12,lapsed,2021-04-30,2022-04-02
A000403,steven.harris9757@yahoo.com.au,Steven Harris,1989-05-23,3030,false,,active,2026-04-01,2026-06-01
A000404,nancy.walker9559@gmail.com,Nancy Walker,1972-07-17,3121,true,2024-05-26,lapsed,2017-09-01,2018-11-17
A000405,elizabeth.rossi5900@icloud.com,Elizabeth Rossi,1963-08-04,3141,true,2020-04-02,lapsed,2019-06-19,2022-01-04
A000406,james.wilson9218@hotmail.com,James Wilson,1965-02-08,3000,false,,lapsed,2021-01-20,2022-08-10
A000407,margaret.robinson5051@outlook.com,Margaret Robinson,1999-10-18,6000,true,2023-02-15,lapsed,2019-11-20,2022-11-01
A000408,susan.martin9908@outlook.com,Susan Martin,1964-05-27,3030,true,2026-05-22,active,2025-01-16,2026-03-29
A000409,mary.khan1022@icloud.com,Mary Khan,1970-09-27,2010,false,,lapsed,2021-09-09,2024-10-26
A000410,yuki.taylor8628@icloud.com,Yuki Taylor,1968-09-29,3030,true,2021-02-13,active,2018-10-19,2026-02-26
A000411,susan.robinson3790@gmail.com,Susan Robinson,1989-10-22,3141,true,2024-03-06,lapsed,2018-05-11,2023-01-11
A000412,thomas.edwards1612@bigpond.com,Thomas Edwards,1960-02-19,4217,true,2023-03-14,active,2019-12-06,2025-12-12
A000413,richard.smith8386@hotmail.com,Richard Smith,1972-08-21,2600,true,2026-01-18,active,2022-10-02,2026-04-15
A000414,ming.turner7376@gmail.com,Ming Turner,1983-12-31,6000,true,2022-10-07,lapsed,2018-02-16,2025-01-23
A000415,susan.chen485@outlook.com,Susan Chen,1969-05-25,2600,true,2025-03-30,active,2023-09-20,2026-02-01
A000416,jessica.wilson5494@outlook.com,Jessica Wilson,1981-03-18,2600,true,2025-05-29,active,2021-11-02,2025-09-03
A000417,emily.ryan2824@bigpond.com,Emily Ryan,1965-10-12,2150,false,,lapsed,2018-02-18,2024-12-05
A000418,matthew.pham9587@outlook.com,Matthew Pham,1962-07-23,4000,false,,active,2024-08-31,2026-03-29
A000419,emma.martin6113@gmail.com,Emma Martin,2003-11-08,3182,true,2025-05-22,lapsed,2024-09-04,2024-11-06
A000420,catherine.clarke1289@hotmail.com,Catherine Clarke,1977-06-09,7000,true,2020-06-16,lapsed,2018-05-26,2023-02-11
A000421,raj.jones5794@outlook.com,Raj Jones,2004-01-22,3030,true,2020-09-07,lapsed,2018-04-02,2021-10-13
A000422,jessica.thompson4692@hotmail.com,Jessica Thompson,1963-07-05,3182,false,,active,2026-02-22,2026-05-25
A000423,anthony.anderson3760@outlook.com,Anthony Anderson,1989-02-22,3000,false,,lapsed,2017-07-05,2017-12-29
A000424,anthony.white6083@hotmail.com,Anthony White,1953-05-26,4000,true,2022-12-02,lapsed,2021-01-02,2023-09-16
A000425,raj.rossi1935@yahoo.com.au,Raj Rossi,1973-03-16,4000,true,2023-03-09,lapsed,2023-02-24,2023-10-05
A000426,mary.scott1783@hotmail.com,Mary Scott,1965-12-22,2000,true,2024-02-26,lapsed,2021-01-31,2023-02-19
A000427,patricia.khan60@bigpond.com,Patricia Khan,1965-05-17,6000,true,2025-10-24,lapsed,2017-12-02,2020-05-24
A000428,katherine.anderson5047@outlook.com,Katherine Anderson,1993-12-11,3141,true,2025-04-22,lapsed,2024-03-16,2024-11-11
A000429,priya.clarke1982@outlook.com,Priya Clarke,1978-04-07,3121,false,,active,2022-02-20,2026-05-13
A000430,jessica.costa8120@outlook.com,Jessica Costa,1996-02-01,3182,false,,lapsed,2017-10-25,2022-03-23
A000431,ahmed.turner1168@gmail.com,Ahmed Turner,1950-02-15,6000,true,2026-06-08,closed,2025-10-27,2025-11-27
A000432,william.costa5531@gmail.com,William Costa,1983-09-10,3121,true,2026-04-24,lapsed,2022-12-02,2025-05-02
A000433,joseph.hall2220@bigpond.com,Joseph Hall,1959-12-19,5000,true,2026-02-04,lapsed,2019-11-11,2022-09-14
A000434,giulia.tanaka730@bigpond.com,Giulia Tanaka,1992-10-29,2026,true,2026-03-27,active,2025-11-19,2025-12-10
A000435,george.obrien4196@outlook.com,George OBrien,1995-07-10,2000,true,2025-02-01,active,2025-01-19,2026-03-04
A000436,ashley.pham1352@hotmail.com,Ashley Pham,1992-05-20,2026,true,2020-02-10,lapsed,2018-10-07,2023-01-26
A000437,helen.jones4911@gmail.com,Helen Jones,1957-06-01,3550,false,,active,2023-02-19,2026-01-17
A000438,olivia.harris203@yahoo.com.au,Olivia Harris,1958-09-09,2026,true,2025-02-14,lapsed,2024-05-02,2024-10-08
A000439,olivia.martin5595@icloud.com,Olivia Martin,1951-09-16,3182,true,2022-08-26,lapsed,2018-10-20,2021-11-17
A000440,catherine.khan4203@yahoo.com.au,Catherine Khan,1991-09-18,3000,true,2026-03-18,active,2025-07-06,2025-08-09
A000441,jennifer.robinson2011@yahoo.com.au,Jennifer Robinson,1988-05-18,6000,false,,lapsed,2023-07-29,2024-08-11
A000442,catherine.sato1616@icloud.com,Catherine Sato,1977-07-10,2170,true,2024-08-24,lapsed,2020-09-08,2025-02-26
A000443,amanda.stewart590@yahoo.com.au,Amanda Stewart,1976-11-29,3550,true,2023-03-11,lapsed,2022-12-28,2025-04-21
A000444,susan.chen5662@icloud.com,Susan Chen,1952-11-28,3182,false,,lapsed,2019-03-26,2020-09-10
A000445,hiro.murphy5149@yahoo.com.au,Hiro Murphy,1955-07-23,2010,true,2025-05-10,lapsed,2020-12-25,2022-07-07
A000446,ming.liu1208@icloud.com,Ming Liu,1960-11-05,2170,false,,active,2023-05-31,2025-10-17
A000447,fatima.campbell7066@gmail.com,Fatima Campbell,1967-06-08,4000,true,2025-06-13,lapsed,2022-11-05,2023-12-15
A000448,raj.ryan1299@outlook.com,Raj Ryan,1965-06-15,3550,true,2024-04-18,lapsed,2021-08-11,2023-10-22
A000449,emily.tran3910@yahoo.com.au,Emily Tran,1975-06-24,3550,true,2026-04-11,active,2025-02-16,2025-07-20
A000450,linda.ali7014@gmail.com,Linda Ali,1963-10-22,6000,true,2024-09-23,lapsed,2019-07-28,2020-06-15
A000451,lisa.thompson4878@hotmail.com,Lisa Thompson,1960-03-28,6000,true,2025-04-15,lapsed,2023-03-30,2023-04-12
A000452,sarah.wilson9983@gmail.com,Sarah Wilson,1982-03-20,3141,false,,active,2024-09-11,2026-03-24
A000453,laura.walker2426@outlook.com,Laura Walker,1992-12-24,3000,true,2026-04-19,lapsed,2017-10-08,2024-03-01
A000454,mark.martin3615@yahoo.com.au,Mark Martin,1954-10-08,2600,true,2024-10-28,active,2017-11-03,2025-12-10
A000455,giulia.pham7701@yahoo.com.au,Giulia Pham,1954-10-20,5000,false,,lapsed,2018-06-17,2020-11-23
A000456,linda.lee5192@outlook.com,Linda Lee,1997-02-05,5000,false,,lapsed,2018-11-12,2025-05-09
A000457,rebecca.harris2391@gmail.com,Rebecca Harris,1990-05-19,2026,true,2025-07-08,lapsed,2022-04-24,2023-07-31
A000458,christine.evans6735@outlook.com,Christine Evans,1988-07-02,6000,true,2022-05-10,lapsed,2022-01-26,2023-12-05
A000459,james.green636@hotmail.com,James Green,1968-03-30,3550,true,2026-06-26,active,2026-02-17,2026-04-14
A000460,laura.anderson4621@hotmail.com,Laura Anderson,1966-11-24,2600,true,2024-01-22,lapsed,2019-09-13,2022-12-05
A000461,james.evans6637@gmail.com,James Evans,1972-09-09,2150,false,,active,2018-11-26,2025-12-21
A000462,priya.ali3443@outlook.com,Priya Ali,1985-09-08,3141,true,2024-02-18,lapsed,2018-10-15,2024-08-22
A000463,deborah.rossi9668@yahoo.com.au,Deborah Rossi,1969-05-30,6000,false,,lapsed,2018-02-06,2023-05-08
A000464,yuki.singh35@icloud.com,Yuki Singh,1981-07-16,2010,false,,lapsed,2018-04-20,2024-10-02
A000465,emily.sato919@yahoo.com.au,Emily Sato,1954-09-07,6000,false,,active,2025-05-02,2025-08-29
A000466,charles.zhang8319@yahoo.com.au,Charles Zhang,1977-09-29,3550,true,2025-09-27,active,2018-06-09,2026-06-08
A000467,william.hall163@outlook.com,William Hall,1984-06-30,2026,true,2025-11-01,active,2025-09-01,2026-05-28
A000468,mark.johnson63@bigpond.com,Mark Johnson,1983-05-09,2170,false,,lapsed,2021-06-06,2023-04-23
A000469,emily.walker3242@hotmail.com,Emily Walker,1961-09-13,3220,true,2026-06-25,lapsed,2023-01-12,2024-12-21
A000470,mark.wilson3417@gmail.com,Mark Wilson,1980-12-29,3182,false,,lapsed,2023-10-07,2025-05-03
A000471,deborah.smith5105@outlook.com,Deborah Smith,1955-01-31,3000,true,2025-12-31,active,2025-08-04,2026-03-08
A000472,deborah.smith819@icloud.com,Deborah Smith,1995-03-31,3220,true,2020-09-15,lapsed,2018-07-01,2021-07-03
A000473,patricia.wang1419@outlook.com,Patricia Wang,1960-05-20,2170,false,,lapsed,2023-07-07,2024-12-04
A000474,joseph.taylor8894@outlook.com,Joseph Taylor,1954-03-27,3220,false,,active,2024-09-10,2026-03-07
A000475,anthony.stewart187@yahoo.com.au,Anthony Stewart,1976-11-19,7000,true,2026-03-25,active,2026-02-20,2026-02-27
A000476,fatima.king4872@outlook.com,Fatima King,1970-11-15,5000,false,,active,2019-08-11,2026-06-10
A000477,andrew.ryan228@hotmail.com,Andrew Ryan,1997-10-19,3030,true,2025-12-12,lapsed,2023-11-15,2024-05-07
A000478,amanda.jones5138@yahoo.com.au,Amanda Jones,1998-07-24,4217,true,2021-10-30,closed,2021-04-24,2024-01-30
A000479,george.collins9049@hotmail.com,George Collins,1952-08-14,2150,false,,lapsed,2017-11-21,2018-06-20
A000480,mary.hall8730@outlook.com,Mary Hall,1967-07-06,3141,false,,lapsed,2023-03-15,2023-06-13
A000481,elizabeth.tanaka598@outlook.com,Elizabeth Tanaka,1986-02-27,3199,true,2025-11-06,active,2024-03-15,2026-04-25
A000482,matthew.khan7097@icloud.com,Matthew Khan,1988-05-17,5000,true,2021-05-25,lapsed,2020-11-28,2022-07-08
A000483,emily.thompson3361@hotmail.com,Emily Thompson,1975-05-23,3141,true,2024-03-06,lapsed,2021-09-09,2023-04-01
A000484,emma.campbell3610@icloud.com,Emma Campbell,1997-10-20,2170,false,,lapsed,2022-10-17,2024-05-13
A000485,nancy.kelly5999@bigpond.com,Nancy Kelly,1987-03-12,5000,true,2024-12-23,lapsed,2019-08-26,2020-03-10
A000486,stephanie.ryan259@icloud.com,Stephanie Ryan,1951-09-10,3000,true,2025-02-24,lapsed,2024-02-01,2024-08-03
A000487,andrew.green6992@hotmail.com,Andrew Green,1963-05-08,3220,true,2024-02-14,lapsed,2018-07-12,2023-02-09
A000488,robert.ryan7831@gmail.com,Robert Ryan,1996-08-27,2010,true,2026-04-02,active,2026-03-10,2026-03-11
A000489,marco.stewart4755@bigpond.com,Marco Stewart,1976-08-27,3000,true,2026-03-15,active,2026-02-11,2026-04-22
A000490,linda.anderson3750@icloud.com,Linda Anderson,1986-11-03,7000,true,2025-10-29,active,2024-12-01,2025-07-24
A000491,helen.brown7171@hotmail.com,Helen Brown,1990-10-22,3141,false,,active,2026-03-30,2026-05-30
A000492,margaret.wilson8844@hotmail.com,Margaret Wilson,2000-06-29,2150,false,,lapsed,2024-02-27,2025-01-14
A000493,katherine.wilson1018@bigpond.com,Katherine Wilson,1954-12-28,3030,false,,active,2021-05-23,2025-08-19
A000494,elizabeth.evans9484@gmail.com,Elizabeth Evans,1955-12-11,2170,false,,lapsed,2022-10-31,2023-05-05
A000495,emily.brown1345@outlook.com,Emily Brown,2001-02-12,3121,false,,active,2023-02-24,2025-10-02
A000496,david.king5163@bigpond.com,David King,1977-09-18,6000,false,,active,2025-03-07,2026-05-29
A000497,katherine.walker8046@icloud.com,Katherine Walker,1968-07-14,3121,true,2025-11-19,active,2025-01-25,2025-10-09
A000498,daniel.mitchell5301@yahoo.com.au,Daniel Mitchell,1966-07-27,3220,true,2025-12-23,active,2025-09-16,2026-02-08
A000499,patricia.liu4101@outlook.com,Patricia Liu,1995-12-26,2026,true,2025-04-19,lapsed,2018-01-19,2018-03-20
A000500,robert.clarke1492@bigpond.com,Robert Clarke,1962-05-31,3121,false,,lapsed,2017-11-06,2024-10-31
A000501,amanda.scott9702@outlook.com,Amanda Scott,1967-09-14,6000,true,2019-11-23,lapsed,2017-09-09,2024-11-25
A000502,ahmed.hall8456@gmail.com,Ahmed Hall,1950-09-27,5000,false,,lapsed,2020-05-18,2023-11-01
A000503,william.zhang82@icloud.com,William Zhang,2003-02-27,3182,true,2022-06-21,lapsed,2021-10-12,2022-02-20
A000504,linda.singh8220@hotmail.com,Linda Singh,1959-04-02,3199,true,2025-10-18,lapsed,2017-08-03,2020-11-01
A000505,steven.thompson7362@hotmail.com,Steven Thompson,1986-06-16,4217,true,2024-05-25,lapsed,2023-06-16,2024-09-14
A000506,thomas.white7580@bigpond.com,Thomas White,1965-06-19,3182,true,2025-11-15,closed,2019-08-03,2023-01-14
A000507,laura.nguyen5703@gmail.com,Laura Nguyen,1964-09-24,3550,true,2023-11-11,closed,2021-02-17,2026-03-08
A000508,yuki.green213@gmail.com,Yuki Green,1963-08-17,3199,false,,lapsed,2019-10-09,2024-12-28
A000509,raj.wang365@bigpond.com,Raj Wang,2004-04-05,7000,true,2026-02-19,active,2025-08-11,2025-10-13
A000510,wei.wilson394@outlook.com,Wei Wilson,1956-09-04,4217,true,2024-12-16,active,2021-04-18,2025-07-15
A000511,george.murphy1714@hotmail.com,George Murphy,1975-06-21,2010,true,2026-03-11,active,2024-11-12,2025-08-11
A000512,catherine.scott5769@bigpond.com,Catherine Scott,1951-08-23,3056,true,2025-06-05,active,2022-12-29,2026-01-28
A000513,matthew.chen819@outlook.com,Matthew Chen,1951-08-10,4000,true,2026-02-24,active,2024-06-22,2025-10-20
A000514,stephanie.clarke6619@hotmail.com,Stephanie Clarke,1996-11-03,3141,true,2023-08-19,lapsed,2021-10-02,2024-08-21
A000515,raj.walker3693@outlook.com,Raj Walker,1982-12-22,3550,true,2025-04-24,lapsed,2019-09-23,2021-08-13
A000516,amanda.clarke5550@hotmail.com,Amanda Clarke,1978-02-04,3000,true,2019-01-28,lapsed,2017-11-23,2024-09-17
A000517,stephanie.obrien3952@yahoo.com.au,Stephanie OBrien,1964-07-06,5000,true,2020-06-23,lapsed,2018-12-11,2019-08-01
A000518,robert.tran6839@yahoo.com.au,Robert Tran,1973-10-16,2600,true,2019-07-21,closed,2019-07-14,2020-03-02
A000519,rebecca.lee5063@bigpond.com,Rebecca Lee,1981-08-07,4217,true,2025-12-09,active,2025-10-03,2026-01-01
A000520,robert.liu2134@gmail.com,Robert Liu,1970-03-29,3141,true,2026-03-10,lapsed,2022-03-22,2022-05-26
A000521,katherine.costa6361@yahoo.com.au,Katherine Costa,1991-07-09,2170,false,,active,2025-10-02,2026-05-10
A000522,emma.hall4028@outlook.com,Emma Hall,2003-02-06,3000,true,2021-09-05,lapsed,2021-07-08,2025-06-13
A000523,richard.tran8364@gmail.com,Richard Tran,2000-12-13,3000,true,2025-11-01,active,2022-10-21,2026-04-14
A000524,mary.sato912@yahoo.com.au,Mary Sato,1958-03-12,3550,true,2023-02-26,lapsed,2020-02-11,2020-08-18
A000525,william.clarke7792@gmail.com,William Clarke,1985-09-18,4000,true,2026-05-27,lapsed,2021-01-10,2021-02-20
A000526,thomas.nguyen8194@bigpond.com,Thomas Nguyen,1991-04-17,2000,false,,active,2019-09-16,2026-05-14
A000527,margaret.kumar3503@gmail.com,Margaret Kumar,1964-08-05,6000,false,,lapsed,2021-11-27,2024-02-02
A000528,mary.clarke5936@bigpond.com,Mary Clarke,2006-03-02,2010,true,2025-01-26,lapsed,2024-04-01,2025-01-12
A000529,anthony.edwards6434@bigpond.com,Anthony Edwards,1971-10-23,3550,true,2020-03-01,lapsed,2018-09-26,2019-09-23
A000530,thomas.ryan8099@bigpond.com,Thomas Ryan,1964-05-30,2600,false,,lapsed,2019-06-03,2023-08-05
A000531,brian.hall5431@yahoo.com.au,Brian Hall,1984-06-07,3182,false,,lapsed,2023-01-28,2023-07-02
A000532,sandra.anderson8678@outlook.com,Sandra Anderson,1971-06-21,3220,true,2023-01-22,lapsed,2022-05-01,2023-11-08
A000533,michael.campbell2534@gmail.com,Michael Campbell,1997-05-23,3000,false,,lapsed,2020-11-09,2024-11-25
A000534,jennifer.mitchell8519@bigpond.com,Jennifer Mitchell,2000-09-25,2170,true,2024-04-16,active,2024-02-06,2026-06-21
A000535,olivia.khan6176@outlook.com,Olivia Khan,1979-02-16,2600,true,2025-01-25,lapsed,2024-11-30,2025-05-01
A000536,michelle.scott3880@icloud.com,Michelle Scott,2005-03-13,2150,false,,active,2025-06-15,2025-08-13
A000537,laura.king3957@bigpond.com,Laura King,1958-10-30,3182,true,2026-04-12,active,2023-11-03,2026-06-24
A000538,stephanie.collins71@icloud.com,Stephanie Collins,1978-09-15,3550,true,2026-04-20,active,2026-03-05,2026-04-03
A000539,olivia.mitchell8022@bigpond.com,Olivia Mitchell,2005-07-29,3056,true,2024-07-18,lapsed,2024-03-21,2024-09-20
A000540,sarah.johnson3197@hotmail.com,Sarah Johnson,1979-05-05,3030,true,2022-11-14,lapsed,2022-10-02,2025-06-06
A000541,thomas.stewart2953@gmail.com,Thomas Stewart,2004-06-27,2026,true,2022-02-03,lapsed,2019-03-01,2024-10-17
A000542,richard.jones5990@hotmail.com,Richard Jones,1965-11-18,2000,true,2025-07-14,lapsed,2018-02-28,2022-04-23
A000543,emma.wright5469@icloud.com,Emma Wright,1968-07-31,3121,true,2025-10-10,active,2025-07-19,2026-04-20
A000544,raj.scott8054@outlook.com,Raj Scott,1994-07-08,2600,true,2026-04-14,lapsed,2019-12-06,2020-08-03
A000545,karen.wright1069@icloud.com,Karen Wright,1956-06-26,2150,false,,lapsed,2020-01-14,2024-02-26
A000546,sarah.scott2933@gmail.com,Sarah Scott,1962-05-31,3199,true,2026-05-22,active,2023-11-03,2025-08-13
A000547,katherine.lee3956@hotmail.com,Katherine Lee,1955-08-15,3056,true,2025-05-30,lapsed,2024-12-06,2025-06-09
A000548,amanda.wang7188@gmail.com,Amanda Wang,1962-08-30,6000,true,2019-06-26,lapsed,2018-10-07,2022-06-12
A000549,timothy.liu3931@bigpond.com,Timothy Liu,1980-08-02,4217,false,,lapsed,2023-07-22,2024-06-26
A000550,timothy.anderson5160@bigpond.com,Timothy Anderson,1989-02-07,7000,true,2023-07-21,lapsed,2021-02-17,2023-04-11
A000551,kevin.tanaka4527@gmail.com,Kevin Tanaka,1973-07-14,3550,false,,lapsed,2019-10-12,2022-02-03
A000552,nancy.wang4815@gmail.com,Nancy Wang,1952-04-17,2010,true,2024-02-02,lapsed,2021-06-17,2024-02-10
A000553,ahmed.adams9261@bigpond.com,Ahmed Adams,1996-11-19,3000,true,2025-03-28,lapsed,2022-04-28,2023-12-07
A000554,matthew.turner6490@outlook.com,Matthew Turner,1990-03-04,4000,true,2025-09-08,lapsed,2021-11-27,2024-12-19
A000555,nancy.white4798@outlook.com,Nancy White,2001-11-10,3220,true,2018-03-30,lapsed,2018-03-06,2024-04-19
A000556,robert.stewart8512@yahoo.com.au,Robert Stewart,1980-02-29,3550,true,2026-05-30,active,2026-04-22,2026-05-06
A000557,olivia.tanaka7531@outlook.com,Olivia Tanaka,1980-10-21,4217,true,2023-01-19,lapsed,2019-09-12,2020-12-20
A000558,deborah.stewart8522@yahoo.com.au,Deborah Stewart,1967-03-11,3199,true,2025-11-21,active,2025-07-24,2025-12-04
A000559,marco.obrien5742@bigpond.com,Marco OBrien,2004-06-15,6000,true,2025-07-06,lapsed,2018-11-20,2024-10-29
A000560,raj.stewart164@yahoo.com.au,Raj Stewart,1970-05-17,7000,false,,lapsed,2018-04-03,2019-07-27
A000561,olivia.rossi3549@bigpond.com,Olivia Rossi,1968-07-24,6000,true,2025-06-18,active,2018-03-10,2026-05-14
A000562,giulia.chen5710@bigpond.com,Giulia Chen,1987-05-21,2150,true,2022-03-01,active,2020-09-09,2025-12-10
A000563,yuki.bell7662@yahoo.com.au,Yuki Bell,1953-04-09,3000,true,2026-06-07,active,2025-07-27,2026-03-19
A000564,helen.white6849@bigpond.com,Helen White,1971-04-21,4000,true,2025-11-09,closed,2022-06-13,2023-10-31
A000565,rebecca.wilson8958@outlook.com,Rebecca Wilson,1950-12-27,2150,true,2026-04-30,active,2023-06-22,2026-03-19
A000566,sarah.kelly4205@hotmail.com,Sarah Kelly,1978-08-24,2600,true,2019-11-12,lapsed,2019-01-08,2020-08-29
A000567,patricia.king976@hotmail.com,Patricia King,1976-10-25,2600,false,,lapsed,2021-09-12,2024-10-01
A000568,michael.evans920@outlook.com,Michael Evans,1983-02-27,3121,true,2025-08-20,active,2025-05-11,2026-06-14
A000569,george.williams2197@yahoo.com.au,George Williams,1964-10-09,3550,true,2024-05-30,active,2021-01-27,2025-10-29
A000570,mark.martin6795@bigpond.com,Mark Martin,1995-05-18,2170,true,2024-04-13,lapsed,2023-04-29,2024-12-30
A000571,andrew.obrien1666@yahoo.com.au,Andrew OBrien,1988-06-01,7000,true,2019-09-28,closed,2017-08-24,2026-06-12
A000572,steven.walker9414@outlook.com,Steven Walker,1968-03-16,2026,true,2023-01-08,lapsed,2021-05-25,2022-07-20
A000573,ashley.chen4475@hotmail.com,Ashley Chen,1980-07-29,7000,true,2024-08-19,lapsed,2021-11-12,2022-02-05
A000574,wei.adams2099@icloud.com,Wei Adams,1975-08-15,2010,true,2020-12-22,lapsed,2017-10-20,2022-12-30
A000575,ming.robinson9107@bigpond.com,Ming Robinson,1969-09-20,3220,true,2021-10-18,lapsed,2018-07-06,2019-12-18
A000576,george.harris8051@hotmail.com,George Harris,1955-10-19,6000,false,,lapsed,2023-11-28,2025-06-05
A000577,steven.zhang9887@gmail.com,Steven Zhang,1995-10-30,2026,true,2025-01-26,lapsed,2023-12-10,2024-06-25
A000578,giulia.wright4015@gmail.com,Giulia Wright,2001-10-19,7000,true,2024-10-24,lapsed,2024-05-14,2025-04-15
A000579,ahmed.clarke3517@hotmail.com,Ahmed Clarke,1958-09-26,2000,true,2026-03-26,lapsed,2021-11-28,2022-07-18
A000580,margaret.ryan4384@outlook.com,Margaret Ryan,1956-10-29,2010,false,,lapsed,2023-10-11,2023-11-18
A000581,emma.smith4818@bigpond.com,Emma Smith,1995-12-20,2000,true,2026-05-23,active,2022-08-10,2025-11-19
A000582,emily.khan8392@bigpond.com,Emily Khan,1977-08-20,3550,true,2023-02-09,lapsed,2022-07-08,2023-12-02
A000583,mary.tanaka6709@gmail.com,Mary Tanaka,1985-11-25,3056,true,2025-11-29,lapsed,2024-01-23,2024-11-04
A000584,wei.scott8575@outlook.com,Wei Scott,2005-03-07,2150,true,2026-01-05,active,2025-11-01,2025-11-16
A000585,yuki.adams5313@icloud.com,Yuki Adams,1960-02-22,5000,false,,active,2018-10-08,2025-07-20
A000586,laura.obrien5816@hotmail.com,Laura OBrien,1992-03-22,3220,false,,active,2026-04-19,2026-06-17
A000587,katherine.costa2481@icloud.com,Katherine Costa,1989-09-01,2010,true,2026-02-24,active,2025-10-05,2026-04-07
A000588,ming.singh6836@gmail.com,Ming Singh,1983-07-18,4217,true,2023-11-09,lapsed,2019-10-17,2021-12-25
A000589,william.white6115@hotmail.com,William White,1980-06-25,3056,false,,lapsed,2021-09-27,2025-06-05
A000590,hiro.pham2534@hotmail.com,Hiro Pham,1982-06-24,7000,false,,lapsed,2018-07-01,2018-10-26
A000591,robert.bell2588@outlook.com,Robert Bell,1953-05-09,5000,true,2021-04-23,lapsed,2019-09-15,2021-10-19
A000592,rachel.hall3220@bigpond.com,Rachel Hall,1967-08-02,4217,true,2025-11-26,lapsed,2022-01-20,2023-05-23
A000593,jennifer.bell4090@outlook.com,Jennifer Bell,2002-06-06,3121,true,2025-11-06,active,2025-10-23,2025-12-22
A000594,sandra.chen3968@icloud.com,Sandra Chen,1950-07-22,2000,true,2026-05-23,active,2025-06-03,2025-12-12
A000595,melissa.white3422@bigpond.com,Melissa White,1954-07-16,2150,true,2024-02-08,active,2023-02-02,2025-10-06
A000596,hiro.wilson1283@bigpond.com,Hiro Wilson,1963-09-28,4217,true,2025-03-12,lapsed,2023-10-16,2025-05-10
A000597,daniel.tanaka7408@gmail.com,Daniel Tanaka,1960-12-22,3030,false,,lapsed,2021-12-07,2022-08-22
A000598,giulia.wilson9056@icloud.com,Giulia Wilson,1997-11-02,5000,false,,lapsed,2019-03-26,2025-02-05
A000599,emma.mitchell223@outlook.com,Emma Mitchell,1983-05-08,5000,true,2025-02-20,lapsed,2020-04-07,2021-11-18
A000600,raj.zhang5948@bigpond.com,Raj Zhang,1996-10-26,3141,false,,closed,2021-12-11,2022-07-03
A000601,kevin.brown7252@gmail.com,Kevin Brown,1966-01-08,3000,true,2021-08-17,lapsed,2019-02-15,2020-11-21
A000602,giulia.tanaka9817@icloud.com,Giulia Tanaka,1950-03-26,6000,true,2024-03-21,active,2021-11-12,2026-01-28
A000603,nancy.chen6462@icloud.com,Nancy Chen,1982-07-07,2000,true,2024-11-18,closed,2019-05-09,2020-07-15
A000604,sarah.brown8496@yahoo.com.au,Sarah Brown,1961-05-28,2026,true,2026-03-10,active,2025-04-17,2025-11-06
A000605,linda.jones340@outlook.com,Linda Jones,2000-05-23,3141,false,,lapsed,2018-05-10,2019-06-24
A000606,matthew.wilson3693@yahoo.com.au,Matthew Wilson,1958-04-08,3182,true,2020-11-03,lapsed,2019-06-10,2021-10-08
A000607,sandra.khan9093@bigpond.com,Sandra Khan,1971-08-29,7000,true,2024-04-24,lapsed,2021-07-29,2022-11-19
A000608,laura.williams7264@gmail.com,Laura Williams,1988-03-06,7000,true,2025-04-25,lapsed,2024-09-29,2025-04-23
A000609,patricia.campbell4396@gmail.com,Patricia Campbell,1996-07-29,2600,false,,lapsed,2018-01-05,2021-05-20
A000610,catherine.pham313@bigpond.com,Catherine Pham,1985-10-25,3030,false,,closed,2019-04-17,2021-04-08
A000611,melissa.ryan3541@gmail.com,Melissa Ryan,1983-04-16,3199,false,,lapsed,2018-12-08,2023-02-21
A000612,steven.smith8354@yahoo.com.au,Steven Smith,1998-11-07,3000,true,2025-12-12,active,2025-08-11,2026-03-18
A000613,amanda.singh9535@outlook.com,Amanda Singh,1968-10-15,2026,true,2021-03-14,lapsed,2018-02-23,2020-12-26
A000614,giulia.baker9477@yahoo.com.au,Giulia Baker,1955-12-29,4217,false,,lapsed,2019-12-29,2024-02-01
A000615,brian.murphy3499@outlook.com,Brian Murphy,1998-12-30,2010,true,2026-01-23,lapsed,2020-03-15,2023-01-07
A000616,hiro.clarke6583@gmail.com,Hiro Clarke,1962-04-17,5000,false,,active,2023-12-30,2025-12-07
A000617,hiro.wilson899@gmail.com,Hiro Wilson,2005-02-13,3550,true,2024-10-27,lapsed,2023-09-02,2025-06-11
A000618,margaret.brown9968@gmail.com,Margaret Brown,1950-04-28,3550,true,2026-03-10,active,2026-02-20,2026-03-09
A000619,amanda.tanaka7004@outlook.com,Amanda Tanaka,1960-05-26,2010,true,2026-02-11,closed,2025-08-13,2025-09-20
A000620,deborah.campbell4230@bigpond.com,Deborah Campbell,1979-07-29,2000,true,2025-05-20,active,2020-11-16,2025-08-23
A000621,giulia.bell1108@hotmail.com,Giulia Bell,1987-03-04,3030,true,2025-05-31,lapsed,2023-11-20,2024-07-04
A000622,steven.bell8003@gmail.com,Steven Bell,1980-04-23,2026,false,,lapsed,2023-07-19,2024-05-03
A000623,sarah.brown2975@hotmail.com,Sarah Brown,1957-04-07,4217,true,2026-05-19,lapsed,2020-11-16,2021-10-16
A000624,patricia.kumar1928@hotmail.com,Patricia Kumar,1975-12-29,3121,true,2025-09-07,closed,2024-05-12,2025-02-17
A000625,fatima.ali5788@gmail.com,Fatima Ali,1999-08-27,5000,true,2021-08-01,lapsed,2020-02-05,2021-04-23
A000626,michelle.kelly5933@icloud.com,Michelle Kelly,1998-01-16,6000,true,2023-10-25,active,2022-11-19,2026-06-14
A000627,hiro.baker9955@icloud.com,Hiro Baker,1972-10-31,3182,true,2025-10-15,active,2021-09-10,2026-02-13
A000628,linda.harris485@icloud.com,Linda Harris,1995-01-08,3000,true,2025-03-27,lapsed,2022-09-18,2025-03-01
A000629,laura.thompson945@hotmail.com,Laura Thompson,1950-06-12,3056,true,2025-03-15,lapsed,2022-10-12,2023-10-01
A000630,stephanie.collins7492@icloud.com,Stephanie Collins,1984-09-05,4000,false,,lapsed,2022-05-13,2023-11-06
A000631,giulia.williams3521@icloud.com,Giulia Williams,1960-01-08,4217,false,,closed,2023-01-02,2026-05-12
A000632,mary.brown2474@gmail.com,Mary Brown,1975-01-14,2150,true,2023-03-28,lapsed,2021-03-15,2023-11-22
A000633,thomas.green9921@gmail.com,Thomas Green,1987-06-14,3000,true,2026-04-03,closed,2026-03-22,2026-06-14
A000634,charles.ryan9883@gmail.com,Charles Ryan,2006-08-03,2150,true,2024-01-17,lapsed,2018-01-14,2022-01-31
A000635,rebecca.khan7203@gmail.com,Rebecca Khan,1963-08-31,3000,true,2025-05-11,lapsed,2019-07-09,2021-10-21
A000636,jennifer.chen5804@yahoo.com.au,Jennifer Chen,1964-12-27,4000,true,2023-05-26,lapsed,2022-07-20,2024-02-24
A000637,karen.tran4726@gmail.com,Karen Tran,1950-11-21,2000,false,,lapsed,2017-11-05,2019-02-20
A000638,timothy.murphy7935@outlook.com,Timothy Murphy,1972-10-07,2026,true,2024-09-13,lapsed,2021-02-23,2024-03-01
A000639,daniel.ali477@yahoo.com.au,Daniel Ali,1975-05-17,3056,true,2023-09-24,lapsed,2018-02-23,2020-05-24
A000640,brian.white5718@gmail.com,Brian White,1973-07-19,3550,true,2023-10-16,closed,2018-02-23,2020-09-10
A000641,andrew.hall243@hotmail.com,Andrew Hall,1953-09-16,2170,true,2025-08-06,lapsed,2023-06-13,2025-02-18
A000642,emma.murphy1147@icloud.com,Emma Murphy,1966-01-23,2026,false,,lapsed,2020-01-05,2025-01-13
A000643,steven.thompson2131@outlook.com,Steven Thompson,1954-08-18,3056,false,,lapsed,2019-04-03,2021-01-04
A000644,brian.obrien5693@yahoo.com.au,Brian OBrien,2005-02-21,3056,true,2024-05-18,active,2022-03-16,2026-01-20
A000645,deborah.zhang2409@hotmail.com,Deborah Zhang,1973-05-12,3141,true,2024-09-25,lapsed,2020-05-15,2023-02-04
A000646,ashley.tran1734@outlook.com,Ashley Tran,1990-10-06,4217,true,2024-10-06,active,2021-09-14,2025-07-23
A000647,ashley.mitchell9862@icloud.com,Ashley Mitchell,1983-05-26,6000,false,,lapsed,2018-01-04,2022-04-29
A000648,samantha.obrien3191@outlook.com,Samantha OBrien,1978-09-11,3550,true,2025-07-25,active,2025-01-31,2025-07-29
A000649,patricia.adams4829@bigpond.com,Patricia Adams,1969-10-27,2010,false,,active,2023-11-15,2026-06-26
A000650,emma.chen5642@yahoo.com.au,Emma Chen,1982-08-27,3199,true,2023-09-17,lapsed,2023-07-30,2024-06-25
A000651,timothy.costa8745@bigpond.com,Timothy Costa,1990-06-17,2010,false,,lapsed,2021-10-19,2022-08-03
A000652,margaret.evans433@icloud.com,Margaret Evans,1965-05-20,2170,false,,active,2024-02-27,2026-02-22
A000653,james.pham3983@icloud.com,James Pham,1983-01-01,2170,true,2022-10-06,active,2021-07-25,2025-07-11
A000654,fatima.evans7368@hotmail.com,Fatima Evans,1967-08-10,2010,true,2026-05-29,lapsed,2020-12-15,2024-12-03
A000655,rebecca.murphy5553@yahoo.com.au,Rebecca Murphy,1975-03-16,3550,true,2025-11-16,active,2025-10-19,2026-03-13
A000656,wei.green4053@outlook.com,Wei Green,1995-07-21,3000,true,2025-02-18,closed,2021-12-01,2025-09-01
A000657,karen.martin8135@icloud.com,Karen Martin,2006-04-15,3121,true,2025-12-14,active,2025-09-12,2026-03-19
A000658,helen.ali6366@icloud.com,Helen Ali,1976-04-14,3030,true,2022-07-17,lapsed,2020-02-23,2022-01-25
A000659,ming.nguyen4943@outlook.com,Ming Nguyen,1976-03-30,3030,true,2024-05-21,lapsed,2020-06-29,2021-06-10
A000660,michael.chen6792@gmail.com,Michael Chen,1956-12-12,3182,true,2026-03-02,lapsed,2022-04-05,2022-04-08
A000661,brian.mitchell3068@yahoo.com.au,Brian Mitchell,1994-10-18,2600,true,2025-08-15,active,2024-08-14,2026-01-23
A000662,lisa.clarke3066@icloud.com,Lisa Clarke,1977-03-29,5000,false,,lapsed,2022-01-06,2023-01-07
A000663,nancy.adams6787@icloud.com,Nancy Adams,2004-12-31,4000,false,,active,2022-11-26,2025-10-11
A000664,anthony.adams2987@hotmail.com,Anthony Adams,1996-02-24,4217,true,2026-03-18,lapsed,2023-02-03,2025-04-29
A000665,joshua.rossi6114@yahoo.com.au,Joshua Rossi,2003-04-25,7000,true,2026-05-14,active,2026-03-07,2026-05-10
A000666,margaret.mitchell7952@outlook.com,Margaret Mitchell,1972-12-17,2000,false,,lapsed,2018-04-12,2025-06-04
A000667,michael.jones9904@hotmail.com,Michael Jones,1952-09-08,6000,false,,lapsed,2020-10-17,2023-07-29
A000668,lisa.taylor3412@hotmail.com,Lisa Taylor,1968-05-27,3182,true,2026-01-11,active,2021-04-14,2026-03-16
A000669,thomas.tanaka9527@icloud.com,Thomas Tanaka,1985-12-06,7000,false,,lapsed,2023-07-01,2024-08-27
A000670,steven.ali6999@bigpond.com,Steven Ali,1951-06-26,2000,true,2026-04-18,active,2025-05-23,2026-04-15
A000671,ashley.edwards4064@yahoo.com.au,Ashley Edwards,1953-09-25,6000,true,2026-06-02,active,2025-08-23,2026-05-07
A000672,andrew.lee486@yahoo.com.au,Andrew Lee,1993-05-08,3141,true,2025-02-16,lapsed,2018-04-06,2020-08-18
A000673,steven.baker1194@yahoo.com.au,Steven Baker,1971-08-06,2000,true,2022-07-02,lapsed,2018-09-28,2022-10-21
A000674,mary.wright9639@icloud.com,Mary Wright,1991-05-10,6000,true,2022-07-03,lapsed,2021-10-03,2023-02-14
A000675,james.stewart5038@icloud.com,James Stewart,1983-07-20,7000,true,2025-12-06,active,2025-08-28,2025-12-13
A000676,sandra.thompson3653@outlook.com,Sandra Thompson,1992-03-15,3220,true,2025-09-26,lapsed,2023-02-25,2024-08-22
A000677,brian.murphy5975@outlook.com,Brian Murphy,1986-06-01,3550,true,2025-02-24,lapsed,2021-03-29,2024-11-11
A000678,mark.brown7147@icloud.com,Mark Brown,1997-02-20,3030,true,2020-06-01,lapsed,2019-10-10,2019-10-30
A000679,catherine.thompson9263@bigpond.com,Catherine Thompson,1983-03-22,3030,true,2025-07-08,lapsed,2023-03-12,2023-10-03
A000680,ahmed.robinson2975@outlook.com,Ahmed Robinson,1957-08-05,3550,true,2024-04-16,active,2023-11-15,2025-10-17
A000681,ashley.williams9191@yahoo.com.au,Ashley Williams,1960-03-05,2026,false,,active,2020-07-26,2026-04-05
A000682,laura.hall139@icloud.com,Laura Hall,1994-11-12,3030,true,2025-11-17,lapsed,2025-05-07,2025-05-23
A000683,james.kumar9332@yahoo.com.au,James Kumar,1950-06-28,3141,true,2026-03-07,active,2026-02-19,2026-03-04
A000684,brian.zhang2233@bigpond.com,Brian Zhang,1973-11-05,7000,false,,lapsed,2020-09-14,2021-05-17
A000685,ming.evans5252@gmail.com,Ming Evans,1970-01-19,3141,true,2021-08-31,lapsed,2018-11-14,2019-06-16
A000686,michelle.white432@yahoo.com.au,Michelle White,1987-02-22,3030,true,2021-02-15,lapsed,2018-12-25,2023-12-28
A000687,karen.evans9970@gmail.com,Karen Evans,1977-06-04,3056,true,2024-10-28,lapsed,2019-02-28,2022-04-08
A000688,priya.baker5790@hotmail.com,Priya Baker,2000-10-18,4000,true,2022-10-21,lapsed,2017-10-14,2020-11-22
A000689,fatima.chen9404@outlook.com,Fatima Chen,1990-06-08,5000,false,,active,2025-01-18,2025-11-15
A000690,helen.baker1381@hotmail.com,Helen Baker,2006-09-30,2026,true,2025-07-09,active,2024-12-24,2026-03-04
A000691,emma.bell3420@yahoo.com.au,Emma Bell,1972-02-16,2600,true,2024-08-17,lapsed,2024-04-18,2025-02-13
A000692,michael.kelly3025@icloud.com,Michael Kelly,1959-06-08,2010,false,,lapsed,2018-03-28,2021-10-11
A000693,mark.costa51@hotmail.com,Mark Costa,1958-06-16,3121,true,2026-07-02,active,2026-03-05,2026-05-14
A000694,daniel.scott3789@icloud.com,Daniel Scott,1993-06-29,2000,true,2024-02-08,lapsed,2020-10-26,2023-01-21
A000695,george.rossi1697@icloud.com,George Rossi,1988-04-07,5000,true,2026-02-12,active,2025-06-30,2026-07-02
A000696,andrew.edwards9330@yahoo.com.au,Andrew Edwards,1954-10-20,3550,true,2025-06-15,lapsed,2022-12-07,2024-02-18
A000697,ming.costa7319@hotmail.com,Ming Costa,1961-08-03,2150,true,2026-02-19,active,2025-10-11,2026-03-10
A000698,margaret.obrien5476@outlook.com,Margaret OBrien,1999-07-14,4217,true,2019-11-05,lapsed,2019-07-02,2023-04-13
A000699,lisa.williams4253@bigpond.com,Lisa Williams,1955-07-01,3199,true,2024-12-23,lapsed,2022-10-12,2022-11-01
A000700,olivia.obrien7850@outlook.com,Olivia OBrien,1962-02-01,3056,true,2026-05-21,lapsed,2024-05-09,2025-05-30
A000701,robert.collins7083@yahoo.com.au,Robert Collins,1975-09-07,4217,true,2024-05-25,active,2021-10-13,2025-08-25
A000702,amanda.zhang9090@bigpond.com,Amanda Zhang,1960-12-01,4217,true,2026-04-29,active,2026-04-17,2026-04-24
A000703,mark.bell5843@bigpond.com,Mark Bell,1989-12-23,7000,false,,lapsed,2020-02-10,2022-08-11
A000704,charles.hall7030@hotmail.com,Charles Hall,1963-01-02,2150,true,2024-06-20,lapsed,2022-04-23,2022-08-21
A000705,mary.tran3277@bigpond.com,Mary Tran,1998-05-07,2026,false,,active,2024-12-27,2026-01-16
A000706,rebecca.smith7975@hotmail.com,Rebecca Smith,1981-05-25,3030,true,2024-10-08,lapsed,2019-01-09,2023-08-06
A000707,ahmed.harris1780@hotmail.com,Ahmed Harris,1966-12-10,3000,true,2025-05-26,lapsed,2018-06-10,2024-10-23
A000708,joseph.white4367@yahoo.com.au,Joseph White,1953-11-14,6000,true,2026-05-24,active,2025-10-03,2025-12-07
A000709,lisa.rossi6661@bigpond.com,Lisa Rossi,1960-01-30,2026,false,,lapsed,2019-06-17,2020-08-29
A000710,joshua.turner5527@gmail.com,Joshua Turner,1991-04-06,5000,true,2025-04-29,lapsed,2024-03-22,2024-07-14
A000711,brian.brown9040@bigpond.com,Brian Brown,1965-08-04,5000,true,2021-12-25,lapsed,2021-05-12,2022-03-29
A000712,christine.tran2088@bigpond.com,Christine Tran,1956-09-19,2600,true,2025-09-02,lapsed,2025-04-13,2025-06-14
A000713,charles.wilson4300@outlook.com,Charles Wilson,2006-09-02,4000,false,,lapsed,2017-12-28,2018-02-21
A000714,sarah.zhang3764@icloud.com,Sarah Zhang,1966-08-15,6000,true,2025-01-24,lapsed,2024-07-05,2024-08-26
A000715,rebecca.chen5313@outlook.com,Rebecca Chen,2001-11-20,5000,true,2024-01-31,active,2023-10-29,2025-09-10
A000716,katherine.tran8419@bigpond.com,Katherine Tran,1988-09-25,3182,true,2025-03-28,lapsed,2022-11-25,2024-09-14
A000717,susan.singh2976@icloud.com,Susan Singh,1960-05-06,3199,true,2024-08-30,closed,2018-04-01,2020-07-02
A000718,catherine.turner6777@gmail.com,Catherine Turner,1981-07-03,2170,true,2019-04-16,lapsed,2018-08-11,2024-09-26
A000719,linda.sato4753@gmail.com,Linda Sato,1952-11-19,2000,true,2024-10-11,active,2020-09-16,2025-07-09
A000720,james.scott5673@hotmail.com,James Scott,1973-02-15,3182,false,,lapsed,2020-01-02,2024-02-06
A000721,nancy.williams1289@icloud.com,Nancy Williams,1971-09-01,7000,false,,lapsed,2019-04-09,2022-12-11
A000722,catherine.adams8027@gmail.com,Catherine Adams,1972-10-13,7000,false,,lapsed,2022-10-22,2024-04-04
A000723,yuki.chen6269@icloud.com,Yuki Chen,1950-07-27,2150,true,2022-03-20,lapsed,2017-11-12,2020-02-06
A000724,steven.obrien8570@yahoo.com.au,Steven OBrien,1958-11-13,5000,true,2026-01-26,lapsed,2019-08-24,2021-06-13
A000725,andrew.ryan1391@gmail.com,Andrew Ryan,1978-12-25,3030,false,,lapsed,2019-02-09,2021-05-18
A000726,samantha.wilson4840@icloud.com,Samantha Wilson,1981-12-05,2600,false,,lapsed,2018-05-21,2020-08-05
A000727,anthony.evans1434@icloud.com,Anthony Evans,1980-07-06,3199,false,,lapsed,2023-09-16,2023-11-03
A000728,william.lee6371@gmail.com,William Lee,1993-02-17,3121,true,2024-06-16,active,2022-11-26,2026-01-09
A000729,joseph.turner3094@gmail.com,Joseph Turner,1968-06-07,2010,true,2025-10-22,lapsed,2024-04-22,2025-06-03
A000730,yuki.liu2173@bigpond.com,Yuki Liu,1957-10-30,3182,true,2025-04-15,lapsed,2022-06-25,2023-02-11
A000731,timothy.scott1315@icloud.com,Timothy Scott,1965-02-06,3220,true,2026-03-26,active,2025-12-11,2026-02-03
A000732,helen.smith2923@bigpond.com,Helen Smith,1988-06-21,3550,true,2022-01-30,lapsed,2021-04-10,2021-06-29
A000733,karen.bell8905@icloud.com,Karen Bell,1993-09-10,4000,false,,lapsed,2018-05-25,2025-01-18
A000734,margaret.thompson7209@outlook.com,Margaret Thompson,1988-02-28,3121,true,2026-05-02,active,2024-12-20,2025-11-19
A000735,patricia.murphy7819@hotmail.com,Patricia Murphy,1994-11-06,2026,true,2023-10-04,closed,2022-12-25,2023-05-02
A000736,wei.walker5345@gmail.com,Wei Walker,1961-05-14,6000,false,,active,2025-11-13,2026-03-05
A000737,joshua.nguyen5165@yahoo.com.au,Joshua Nguyen,1957-04-29,3199,true,2025-01-14,active,2023-01-16,2025-11-29
A000738,helen.stewart1630@icloud.com,Helen Stewart,1967-06-17,3056,false,,active,2024-09-20,2026-01-04
A000739,giulia.green2314@gmail.com,Giulia Green,2002-02-17,3199,false,,lapsed,2018-01-07,2019-11-13
A000740,william.pham1949@gmail.com,William Pham,1971-11-01,2150,false,,lapsed,2019-09-10,2025-05-10
A000741,matthew.zhang5464@hotmail.com,Matthew Zhang,1979-10-06,3030,false,,active,2024-12-06,2026-04-06
A000742,wei.campbell6832@outlook.com,Wei Campbell,1977-12-13,3220,true,2024-10-10,lapsed,2022-05-03,2024-11-13
A000743,william.brown7722@bigpond.com,William Brown,1987-05-20,3550,true,2024-11-04,active,2021-11-18,2026-02-22
A000744,rachel.edwards9387@yahoo.com.au,Rachel Edwards,1983-12-17,2600,true,2026-04-03,active,2026-03-30,2026-04-25
A000745,michael.rossi8843@gmail.com,Michael Rossi,1963-05-09,3199,true,2020-07-24,lapsed,2018-10-03,2021-08-27
A000746,david.obrien6759@hotmail.com,David OBrien,1983-01-17,2150,true,2023-02-01,lapsed,2021-03-23,2025-03-14
A000747,olivia.robinson7821@gmail.com,Olivia Robinson,1998-10-29,4000,false,,lapsed,2018-09-27,2021-06-30
A000748,margaret.adams6455@gmail.com,Margaret Adams,1989-07-09,4217,true,2026-06-15,closed,2026-05-26,2026-06-06
A000749,patricia.harris9171@gmail.com,Patricia Harris,2004-02-12,3182,false,,lapsed,2018-03-31,2022-10-31
A000750,jennifer.wright9345@hotmail.com,Jennifer Wright,1989-08-26,3182,true,2026-05-17,active,2024-10-26,2025-12-27
A000751,amanda.walker4982@icloud.com,Amanda Walker,1952-01-18,7000,true,2026-07-01,lapsed,2021-06-30,2024-08-20
A000752,amanda.wang5858@hotmail.com,Amanda Wang,1958-06-10,3121,false,,active,2024-07-08,2025-12-16
A000753,anthony.costa2492@gmail.com,Anthony Costa,2005-07-24,2150,false,,lapsed,2024-08-18,2025-05-26
A000754,ashley.edwards9005@gmail.com,Ashley Edwards,1980-08-21,3182,true,2026-06-04,active,2023-11-17,2025-08-14
A000755,olivia.zhang1135@bigpond.com,Olivia Zhang,1972-06-11,4000,false,,active,2026-02-16,2026-02-20
A000756,olivia.thompson6473@icloud.com,Olivia Thompson,1973-08-21,3550,true,2022-05-30,lapsed,2021-02-03,2025-04-23
A000757,ahmed.walker1128@hotmail.com,Ahmed Walker,1996-06-08,4000,false,,lapsed,2022-09-13,2023-10-04
A000758,sarah.smith6243@gmail.com,Sarah Smith,1964-10-04,3056,true,2023-04-18,lapsed,2023-03-31,2025-04-16
A000759,david.scott7138@yahoo.com.au,David Scott,2002-03-18,7000,true,2025-11-04,active,2024-08-16,2026-01-08
A000760,timothy.white5877@hotmail.com,Timothy White,1961-08-08,3121,true,2026-01-24,active,2025-03-05,2025-11-16
A000761,jessica.tanaka7160@hotmail.com,Jessica Tanaka,1951-04-20,3030,true,2021-06-03,lapsed,2021-01-16,2021-02-18
A000762,emily.singh4573@bigpond.com,Emily Singh,1993-08-03,2000,false,,lapsed,2022-06-07,2024-08-07
A000763,robert.jones8263@hotmail.com,Robert Jones,1957-05-21,3141,true,2025-07-22,lapsed,2019-10-22,2022-01-05
A000764,raj.martin5325@bigpond.com,Raj Martin,1974-11-26,2000,true,2020-09-19,active,2018-05-15,2025-08-21
A000765,hiro.anderson9970@bigpond.com,Hiro Anderson,2004-06-25,3056,true,2023-09-21,lapsed,2018-07-23,2024-05-09
A000766,michael.turner7420@gmail.com,Michael Turner,2005-11-07,3550,false,,active,2026-03-18,2026-06-21
A000767,sandra.green5446@gmail.com,Sandra Green,1989-10-12,3182,true,2024-05-08,lapsed,2023-06-03,2025-05-30
A000768,melissa.nguyen7448@gmail.com,Melissa Nguyen,1961-03-10,3000,false,,lapsed,2021-03-03,2024-03-16
A000769,joseph.stewart8732@yahoo.com.au,Joseph Stewart,1985-01-12,2170,false,,active,2021-08-07,2025-08-12
A000770,anthony.mitchell2672@hotmail.com,Anthony Mitchell,1977-07-19,3182,true,2021-11-18,lapsed,2020-04-11,2022-05-29
A000771,george.pham1943@bigpond.com,George Pham,1969-07-01,4217,true,2025-11-07,active,2021-02-18,2026-05-07
A000772,ahmed.sato385@icloud.com,Ahmed Sato,1996-03-22,3056,true,2025-02-04,lapsed,2023-10-17,2024-02-29
A000773,elizabeth.lee2651@bigpond.com,Elizabeth Lee,1956-05-07,6000,false,,lapsed,2019-08-30,2021-12-09
A000774,michelle.sato1403@outlook.com,Michelle Sato,1977-11-04,6000,true,2022-05-08,active,2018-10-01,2025-09-30
A000775,ashley.pham6308@yahoo.com.au,Ashley Pham,1965-01-19,6000,true,2022-05-20,lapsed,2017-08-09,2020-07-11
A000776,kevin.williams4126@bigpond.com,Kevin Williams,1997-02-02,4000,true,2020-06-20,active,2020-04-03,2025-12-10
A000777,lisa.bell1663@bigpond.com,Lisa Bell,1985-11-13,7000,true,2025-05-29,lapsed,2019-08-14,2024-11-27
A000778,olivia.obrien4294@gmail.com,Olivia OBrien,1994-11-03,3056,false,,active,2025-07-26,2025-11-20
A000779,kevin.evans9664@outlook.com,Kevin Evans,1960-06-14,2150,true,2023-07-09,lapsed,2021-05-24,2021-09-06
A000780,karen.khan2364@hotmail.com,Karen Khan,1973-03-29,2600,true,2026-04-27,active,2025-08-05,2026-05-17
A000781,linda.clarke9040@outlook.com,Linda Clarke,1971-10-19,3550,false,,lapsed,2020-03-30,2024-04-27
A000782,charles.turner9709@gmail.com,Charles Turner,1982-07-19,2150,true,2020-11-26,lapsed,2017-07-15,2025-02-15
A000783,richard.hall1456@yahoo.com.au,Richard Hall,1976-09-11,6000,true,2020-12-22,lapsed,2017-11-27,2023-04-16
A000784,linda.wilson3205@gmail.com,Linda Wilson,1957-10-11,3199,false,,lapsed,2024-05-22,2024-12-19
A000785,amanda.turner2432@outlook.com,Amanda Turner,1967-03-25,3030,true,2025-11-25,lapsed,2020-03-23,2025-03-22
A000786,christine.taylor6800@gmail.com,Christine Taylor,2006-10-13,2150,false,,active,2025-12-09,2026-05-18
A000787,christine.hall9718@outlook.com,Christine Hall,1966-08-07,4217,false,,lapsed,2020-05-09,2023-02-11
A000788,marco.walker3625@yahoo.com.au,Marco Walker,1995-03-11,3220,false,,lapsed,2021-05-07,2021-08-04
A000789,emma.mitchell6604@yahoo.com.au,Emma Mitchell,1989-12-23,2026,false,,lapsed,2022-09-11,2024-10-22
A000790,stephanie.tran8354@outlook.com,Stephanie Tran,1976-12-22,3030,true,2024-09-09,lapsed,2022-09-12,2025-02-03
A000791,priya.tanaka9822@icloud.com,Priya Tanaka,1969-03-28,2600,true,2026-05-25,active,2026-05-13,2026-06-29
A000792,andrew.zhang7269@bigpond.com,Andrew Zhang,1997-11-11,3056,true,2024-11-24,lapsed,2024-02-07,2024-08-23
A000793,wei.johnson2677@outlook.com,Wei Johnson,1963-11-08,3141,true,2021-10-29,lapsed,2021-10-01,2022-10-11
A000794,charles.turner9273@gmail.com,Charles Turner,1956-09-23,2000,true,2026-04-27,active,2026-03-18,2026-04-06
A000795,charles.campbell7562@outlook.com,Charles Campbell,1973-06-28,3141,false,,lapsed,2018-03-02,2023-03-21
A000796,james.harris3570@gmail.com,James Harris,2003-05-31,5000,true,2026-01-25,lapsed,2021-02-07,2023-05-20
A000797,samantha.murphy4014@outlook.com,Samantha Murphy,1973-12-09,2010,true,2023-01-22,lapsed,2023-01-04,2025-06-12
A000798,mary.wang7885@yahoo.com.au,Mary Wang,1988-04-29,2000,false,,lapsed,2019-05-02,2019-08-08
A000799,giulia.johnson3181@gmail.com,Giulia Johnson,1961-09-01,3182,true,2025-11-15,active,2022-03-09,2026-05-29
A000800,samantha.khan678@icloud.com,Samantha Khan,1970-07-20,3550,false,,active,2025-04-02,2026-05-26
A000801,david.harris220@icloud.com,David Harris,1978-06-20,3550,false,,lapsed,2019-06-19,2020-11-30
A000802,timothy.tran3973@hotmail.com,Timothy Tran,1982-07-19,3030,false,,lapsed,2017-07-09,2023-01-01
A000803,helen.tanaka6345@outlook.com,Helen Tanaka,1973-03-16,6000,false,,lapsed,2023-11-30,2023-11-30
A000804,giulia.khan2420@bigpond.com,Giulia Khan,1992-10-17,3056,false,,lapsed,2022-03-04,2024-04-25
A000805,matthew.jones1813@yahoo.com.au,Matthew Jones,1956-09-24,2170,true,2026-06-23,active,2026-05-04,2026-05-30
A000806,stephanie.campbell7772@yahoo.com.au,Stephanie Campbell,2004-01-15,6000,true,2025-12-19,active,2025-10-22,2025-11-05
A000807,olivia.johnson3897@hotmail.com,Olivia Johnson,1950-10-14,6000,false,,closed,2024-04-28,2026-02-09
A000808,kevin.martin5677@yahoo.com.au,Kevin Martin,1967-09-08,3220,true,2023-05-08,lapsed,2023-01-04,2024-04-14
A000809,brian.evans5957@yahoo.com.au,Brian Evans,1953-12-01,5000,true,2021-07-23,active,2019-05-06,2025-10-05
A000810,raj.smith6680@outlook.com,Raj Smith,1998-10-11,6000,true,2024-05-03,closed,2020-06-18,2026-04-01
A000811,jessica.tran3304@bigpond.com,Jessica Tran,1972-03-12,6000,false,,lapsed,2020-10-28,2021-07-24
A000812,nancy.wright1276@gmail.com,Nancy Wright,1992-02-07,3550,true,2024-05-02,active,2022-11-24,2025-12-09
A000813,nancy.sato3743@icloud.com,Nancy Sato,1987-12-15,6000,true,2026-04-12,active,2026-03-16,2026-06-11
A000814,joshua.edwards6301@hotmail.com,Joshua Edwards,1977-06-30,2600,true,2025-07-10,lapsed,2021-05-28,2023-02-17
A000815,emma.pham9436@yahoo.com.au,Emma Pham,1993-12-07,6000,true,2026-07-02,active,2026-05-28,2026-06-21
A000816,wei.khan2040@icloud.com,Wei Khan,2005-10-11,2010,true,2023-01-01,lapsed,2021-07-10,2022-10-08
A000817,amanda.liu6490@yahoo.com.au,Amanda Liu,1958-03-24,3121,true,2019-05-21,lapsed,2019-01-18,2019-04-19
A000818,helen.martin2293@bigpond.com,Helen Martin,1958-11-08,3550,true,2025-03-21,lapsed,2021-09-28,2023-01-09
A000819,timothy.tran2123@yahoo.com.au,Timothy Tran,1990-06-27,3056,false,,active,2022-10-21,2026-01-22
A000820,michael.turner8954@yahoo.com.au,Michael Turner,1999-12-31,7000,false,,lapsed,2020-01-22,2023-08-07
A000821,rachel.tanaka622@bigpond.com,Rachel Tanaka,1990-09-25,3182,true,2019-10-12,lapsed,2019-05-01,2023-09-23
A000822,brian.brown2640@hotmail.com,Brian Brown,1970-06-30,4000,false,,lapsed,2021-05-14,2023-05-08
A000823,melissa.collins2718@gmail.com,Melissa Collins,1998-11-29,2170,true,2024-05-25,active,2018-07-27,2025-10-25
A000824,raj.wilson9525@bigpond.com,Raj Wilson,1952-04-20,3056,true,2024-08-10,lapsed,2022-12-17,2025-02-08
A000825,joseph.singh7930@bigpond.com,Joseph Singh,1955-06-12,4000,true,2026-05-05,active,2025-02-12,2025-08-29
A000826,yuki.zhang423@hotmail.com,Yuki Zhang,1979-04-09,3056,false,,lapsed,2025-03-19,2025-06-18
A000827,raj.kumar6229@outlook.com,Raj Kumar,1977-10-15,4000,true,2022-08-30,lapsed,2022-07-12,2022-10-02
A000828,michael.baker9681@outlook.com,Michael Baker,1964-11-09,6000,false,,active,2026-01-08,2026-02-05
A000829,charles.jones6757@bigpond.com,Charles Jones,2006-09-10,2010,false,,lapsed,2018-04-05,2020-08-01
A000830,emma.wright6851@icloud.com,Emma Wright,1993-07-23,4217,true,2025-10-27,active,2023-10-29,2026-03-18
A000831,emma.hall5827@gmail.com,Emma Hall,1993-07-05,2000,false,,closed,2022-12-18,2025-04-30
A000832,marco.thompson9034@bigpond.com,Marco Thompson,1994-09-29,2150,true,2025-09-26,lapsed,2024-09-23,2024-11-11
A000833,kevin.king8673@gmail.com,Kevin King,1988-09-08,5000,true,2026-05-19,active,2025-07-27,2025-09-09
A000834,daniel.lee5870@hotmail.com,Daniel Lee,1977-08-10,2010,true,2026-02-17,closed,2025-04-05,2025-04-15
A000835,michelle.brown2448@yahoo.com.au,Michelle Brown,1998-03-23,3000,true,2026-01-10,active,2025-11-02,2026-02-27
A000836,hiro.singh3230@outlook.com,Hiro Singh,1984-01-17,2170,true,2025-02-16,active,2025-01-06,2026-06-26
A000837,laura.thompson2290@outlook.com,Laura Thompson,1971-04-06,3220,true,2025-11-02,active,2025-10-19,2026-05-01
A000838,joseph.mitchell4760@outlook.com,Joseph Mitchell,1967-01-29,3141,true,2019-03-11,lapsed,2018-05-13,2019-11-30
A000839,elizabeth.green9486@hotmail.com,Elizabeth Green,1961-09-02,3000,false,,lapsed,2021-11-19,2025-04-09
A000840,michael.smith1402@outlook.com,Michael Smith,1951-10-14,2010,true,2025-01-16,active,2024-10-28,2025-08-28
A000841,emily.sato4519@hotmail.com,Emily Sato,1989-11-01,3000,true,2023-08-26,lapsed,2022-09-05,2025-05-11
A000842,timothy.liu9947@outlook.com,Timothy Liu,2003-02-24,3056,true,2025-08-26,active,2025-06-07,2026-03-26
A000843,patricia.chen4097@bigpond.com,Patricia Chen,1993-06-12,4000,false,,closed,2023-07-06,2024-05-20
A000844,olivia.kumar1251@yahoo.com.au,Olivia Kumar,1969-11-10,6000,false,,lapsed,2019-05-06,2023-03-02
A000845,emily.rossi8192@yahoo.com.au,Emily Rossi,1973-10-15,3121,false,,lapsed,2022-09-19,2024-04-29
A000846,rebecca.brown4440@bigpond.com,Rebecca Brown,1988-09-07,2150,true,2024-11-29,active,2023-09-13,2025-10-19
A000847,emily.wang9694@yahoo.com.au,Emily Wang,1976-03-15,3030,false,,active,2026-01-19,2026-06-21
A000848,michelle.wright5630@hotmail.com,Michelle Wright,1953-07-17,2026,false,,lapsed,2023-10-01,2025-05-08
A000849,michelle.green5864@icloud.com,Michelle Green,2000-10-17,2150,true,2021-06-17,active,2019-03-31,2026-04-21
A000850,samantha.jones7023@hotmail.com,Samantha Jones,1958-10-10,6000,true,2021-12-10,lapsed,2019-02-17,2019-11-23
A000851,karen.liu6219@icloud.com,Karen Liu,2001-12-15,3030,true,2026-01-15,lapsed,2021-06-11,2023-03-29
A000852,kevin.jones681@yahoo.com.au,Kevin Jones,1998-09-14,3220,true,2018-09-13,lapsed,2018-02-10,2022-12-13
A000853,michael.chen2540@yahoo.com.au,Michael Chen,1972-10-30,4000,true,2023-01-28,lapsed,2021-07-02,2024-12-07
A000854,michael.zhang9312@icloud.com,Michael Zhang,2003-01-26,3550,true,2020-12-18,lapsed,2017-09-23,2020-02-12
A000855,anthony.jones1180@hotmail.com,Anthony Jones,1998-03-21,3030,true,2026-06-19,closed,2026-01-11,2026-05-12
A000856,wei.chen3711@yahoo.com.au,Wei Chen,1957-01-31,3199,false,,lapsed,2024-08-04,2024-09-15
A000857,priya.ryan5427@yahoo.com.au,Priya Ryan,1998-12-25,2170,true,2025-07-15,active,2022-08-14,2026-01-17
A000858,thomas.williams1137@hotmail.com,Thomas Williams,1976-11-28,4217,true,2026-03-12,lapsed,2018-12-27,2025-05-26
A000859,brian.jones8425@yahoo.com.au,Brian Jones,1966-01-23,2010,true,2025-12-31,active,2025-11-01,2026-02-16
A000860,joshua.khan6674@icloud.com,Joshua Khan,1986-11-18,3182,false,,active,2025-10-16,2025-12-10
A000861,anthony.thompson5290@yahoo.com.au,Anthony Thompson,1966-05-02,3000,true,2020-12-18,active,2020-02-09,2025-10-31
A000862,robert.wilson9431@bigpond.com,Robert Wilson,1980-12-01,4217,true,2020-11-10,lapsed,2019-02-02,2024-08-31
A000863,thomas.taylor8651@bigpond.com,Thomas Taylor,1982-05-23,3199,true,2025-12-25,lapsed,2024-07-03,2025-02-08
A000864,brian.chen4123@outlook.com,Brian Chen,2005-12-07,3000,false,,active,2026-04-12,2026-05-06
A000865,linda.sato4732@outlook.com,Linda Sato,1979-09-18,3550,true,2024-02-24,lapsed,2022-01-20,2022-08-23
A000866,catherine.chen804@icloud.com,Catherine Chen,1980-10-04,3182,true,2023-07-27,lapsed,2023-07-04,2023-08-18
A000867,timothy.scott5638@bigpond.com,Timothy Scott,1975-12-30,2000,true,2026-03-03,active,2026-02-04,2026-04-18
A000868,helen.obrien188@gmail.com,Helen OBrien,1991-04-13,7000,true,2025-04-27,active,2025-04-08,2026-01-26
A000869,rebecca.lee3032@outlook.com,Rebecca Lee,1979-10-12,3056,true,2024-06-25,lapsed,2022-07-16,2023-04-09
A000870,andrew.zhang2312@bigpond.com,Andrew Zhang,1960-05-10,3182,true,2026-04-25,lapsed,2022-11-19,2023-09-11
A000871,patricia.ryan1351@yahoo.com.au,Patricia Ryan,1977-02-17,5000,false,,lapsed,2023-05-06,2025-01-13
A000872,jennifer.williams9494@gmail.com,Jennifer Williams,2001-10-08,2150,true,2024-02-27,lapsed,2019-05-26,2025-02-01
A000873,helen.chen4386@bigpond.com,Helen Chen,1963-11-02,2000,true,2025-10-24,active,2024-09-02,2025-08-07
A000874,fatima.tran1187@outlook.com,Fatima Tran,1958-02-02,2000,true,2024-04-21,active,2023-10-02,2026-06-19
A000875,ahmed.murphy8244@outlook.com,Ahmed Murphy,1963-02-05,3199,false,,active,2018-08-02,2025-12-03
A000876,lisa.edwards1044@outlook.com,Lisa Edwards,2006-06-14,6000,true,2024-02-01,active,2023-05-07,2025-10-17
A000877,brian.wilson913@icloud.com,Brian Wilson,2001-09-04,2150,true,2026-04-18,active,2026-03-08,2026-04-15
A000878,catherine.liu9993@yahoo.com.au,Catherine Liu,1976-07-08,6000,true,2023-07-12,lapsed,2018-12-07,2023-11-21
A000879,linda.robinson7175@hotmail.com,Linda Robinson,2003-10-05,3550,true,2021-04-29,lapsed,2019-02-25,2024-07-17
A000880,yuki.nguyen8345@bigpond.com,Yuki Nguyen,1975-05-09,2170,true,2025-04-11,active,2023-12-02,2026-04-14
A000881,ming.turner332@icloud.com,Ming Turner,1999-12-30,3121,true,2023-07-14,lapsed,2018-01-27,2022-08-02
A000882,hiro.liu5323@gmail.com,Hiro Liu,1993-09-28,3550,true,2026-05-08,active,2022-11-16,2025-11-25
A000883,kevin.murphy1738@bigpond.com,Kevin Murphy,1989-11-05,2000,true,2024-12-31,lapsed,2023-08-01,2025-05-25
A000884,mark.singh3557@hotmail.com,Mark Singh,1968-10-17,3550,false,,lapsed,2018-02-06,2024-04-06
A000885,raj.ryan841@bigpond.com,Raj Ryan,1962-02-25,5000,true,2025-06-09,lapsed,2018-06-08,2018-07-16
A000886,patricia.scott9936@gmail.com,Patricia Scott,1985-10-10,2170,true,2023-02-15,lapsed,2020-09-11,2025-02-05
A000887,ahmed.zhang389@icloud.com,Ahmed Zhang,1995-10-12,3199,false,,lapsed,2025-05-02,2025-05-09
A000888,joshua.rossi3842@hotmail.com,Joshua Rossi,2005-07-31,7000,true,2024-11-11,lapsed,2023-10-22,2025-01-24
A000889,ming.walker6119@yahoo.com.au,Ming Walker,2006-02-28,3056,false,,lapsed,2023-10-12,2025-02-28
A000890,patricia.green885@outlook.com,Patricia Green,1963-03-27,4217,true,2019-01-11,lapsed,2018-10-10,2024-07-24
A000891,amanda.brown8721@outlook.com,Amanda Brown,2000-05-03,3121,true,2024-02-09,lapsed,2022-05-08,2023-08-26
A000892,jennifer.green4848@yahoo.com.au,Jennifer Green,1977-09-22,3030,true,2024-11-09,active,2023-07-30,2025-12-12
A000893,jennifer.turner8043@icloud.com,Jennifer Turner,1999-03-08,3220,false,,active,2024-01-09,2026-01-25
A000894,mark.edwards9872@outlook.com,Mark Edwards,1988-09-24,5000,false,,active,2025-12-07,2026-05-21
A000895,christine.edwards6551@bigpond.com,Christine Edwards,1983-11-05,3000,true,2019-12-17,lapsed,2019-04-09,2020-09-03
A000896,patricia.obrien5218@outlook.com,Patricia OBrien,1967-01-17,2600,false,,lapsed,2020-04-04,2025-05-15
A000897,james.obrien2491@gmail.com,James OBrien,1978-04-07,3056,true,2025-01-09,lapsed,2021-05-28,2023-12-28
A000898,michael.ali1166@hotmail.com,Michael Ali,1950-06-18,3199,false,,active,2022-06-06,2025-11-16
A000899,melissa.evans2665@hotmail.com,Melissa Evans,1963-10-17,2010,true,2021-10-07,lapsed,2018-11-03,2022-05-12
A000900,susan.robinson2473@icloud.com,Susan Robinson,1965-12-09,3056,true,2021-09-23,lapsed,2017-08-11,2023-05-01
A000901,rebecca.smith1139@gmail.com,Rebecca Smith,1971-07-02,3056,false,,active,2024-08-15,2025-07-07
A000902,joseph.singh2570@outlook.com,Joseph Singh,1973-05-14,5000,false,,active,2024-06-14,2026-03-23
A000903,catherine.jones568@yahoo.com.au,Catherine Jones,1978-11-04,3121,true,2025-03-14,lapsed,2019-09-21,2020-10-08
A000904,wei.green2784@icloud.com,Wei Green,1959-10-16,3220,false,,closed,2021-07-20,2024-10-30
A000905,rebecca.walker517@hotmail.com,Rebecca Walker,1999-02-21,3000,false,,lapsed,2018-09-28,2021-10-01
A000906,fatima.anderson7212@bigpond.com,Fatima Anderson,1996-08-31,3550,false,,lapsed,2021-08-15,2023-09-03
A000907,priya.stewart2899@yahoo.com.au,Priya Stewart,1979-08-17,3141,true,2019-10-12,lapsed,2017-11-13,2019-05-22
A000908,jessica.edwards1421@hotmail.com,Jessica Edwards,1990-07-06,5000,true,2020-05-22,active,2019-02-02,2025-11-21
A000909,ahmed.ali4037@bigpond.com,Ahmed Ali,1986-12-31,3056,false,,lapsed,2023-06-07,2024-07-22
A000910,sarah.adams2375@bigpond.com,Sarah Adams,1950-09-12,4000,true,2024-10-07,active,2023-06-21,2026-02-15
A000911,kevin.thompson1582@gmail.com,Kevin Thompson,1991-08-12,2026,true,2023-12-21,lapsed,2019-12-14,2024-01-29
A000912,ming.baker56@bigpond.com,Ming Baker,1981-12-22,3056,true,2024-06-21,lapsed,2022-11-29,2024-06-10
A000913,daniel.obrien5146@gmail.com,Daniel OBrien,2000-12-12,2010,false,,lapsed,2019-10-04,2025-02-01
A000914,melissa.wilson8057@gmail.com,Melissa Wilson,1954-07-04,2010,true,2025-03-25,lapsed,2017-11-13,2019-01-08
A000915,christine.wang6191@bigpond.com,Christine Wang,1959-04-05,2170,true,2019-12-10,lapsed,2019-02-25,2023-12-17
A000916,timothy.walker4509@hotmail.com,Timothy Walker,1995-01-09,4000,true,2023-03-08,lapsed,2018-04-02,2023-08-13
A000917,george.williams1045@icloud.com,George Williams,1983-06-04,5000,false,,active,2025-10-10,2026-03-20
A000918,matthew.adams2726@bigpond.com,Matthew Adams,1986-05-06,3550,true,2023-04-22,closed,2017-12-31,2023-01-19
A000919,ashley.tran9989@yahoo.com.au,Ashley Tran,1978-10-30,3030,true,2021-07-30,lapsed,2018-09-17,2024-05-31
A000920,mark.rossi3063@yahoo.com.au,Mark Rossi,1957-04-17,3141,false,,closed,2025-11-20,2026-02-10
A000921,katherine.white7986@icloud.com,Katherine White,1971-07-01,3056,true,2026-03-29,active,2025-07-12,2026-06-21
A000922,hiro.green4499@yahoo.com.au,Hiro Green,1959-05-11,6000,false,,lapsed,2021-01-03,2022-07-21
A000923,christine.hall6231@gmail.com,Christine Hall,1952-05-05,3199,true,2023-12-12,lapsed,2020-01-01,2020-07-09
A000924,george.brown9416@bigpond.com,George Brown,1997-06-14,2000,true,2024-12-17,lapsed,2017-09-16,2022-03-19
A000925,brian.white5903@gmail.com,Brian White,1955-05-07,5000,true,2025-05-06,active,2024-11-10,2025-09-04
A000926,fatima.harris2276@icloud.com,Fatima Harris,2000-10-12,5000,true,2021-02-02,lapsed,2020-04-10,2023-10-14
A000927,timothy.edwards6591@gmail.com,Timothy Edwards,2006-10-31,4217,true,2024-08-26,active,2024-03-05,2026-02-03
A000928,linda.tran4882@hotmail.com,Linda Tran,1994-09-02,3141,true,2017-08-21,lapsed,2017-07-27,2018-01-13
A000929,matthew.brown3868@hotmail.com,Matthew Brown,1998-04-12,2600,true,2025-09-29,lapsed,2024-07-25,2024-12-15
A000930,emma.jones7431@yahoo.com.au,Emma Jones,1997-02-16,2600,true,2025-07-02,active,2023-12-08,2026-04-22
A000931,karen.ryan1032@bigpond.com,Karen Ryan,1988-02-07,3000,true,2022-01-23,lapsed,2017-09-22,2021-05-14
A000932,nancy.collins8313@icloud.com,Nancy Collins,1989-03-12,3056,true,2025-02-21,lapsed,2022-10-21,2024-09-17
A000933,michelle.singh9771@outlook.com,Michelle Singh,1955-01-21,3030,true,2023-04-23,lapsed,2019-11-19,2023-01-05
A000934,david.scott1749@yahoo.com.au,David Scott,1984-02-28,3030,false,,lapsed,2019-12-19,2021-04-08
A000935,laura.pham4841@gmail.com,Laura Pham,1956-12-19,3220,true,2026-05-24,active,2025-08-01,2026-05-29
A000936,samantha.thompson2973@bigpond.com,Samantha Thompson,2002-12-20,3550,true,2026-04-12,active,2025-02-20,2025-12-05
A000937,christine.turner9315@yahoo.com.au,Christine Turner,1974-09-29,3056,true,2023-12-03,active,2021-02-22,2026-06-09
A000938,marco.pham4348@hotmail.com,Marco Pham,1961-08-06,6000,true,2023-11-24,active,2023-04-08,2026-03-26
A000939,marco.rossi3424@hotmail.com,Marco Rossi,1960-09-11,2600,false,,lapsed,2018-11-07,2021-04-03
A000940,mary.campbell6012@hotmail.com,Mary Campbell,1980-12-24,3141,false,,lapsed,2020-05-15,2023-09-15
A000941,stephanie.baker9707@bigpond.com,Stephanie Baker,1950-11-09,2010,true,2026-05-04,active,2026-03-18,2026-06-02
A000942,samantha.king58@hotmail.com,Samantha King,1962-02-01,2026,true,2019-09-16,active,2019-04-15,2026-01-30
A000943,giulia.turner8816@icloud.com,Giulia Turner,1978-10-02,4217,true,2026-02-09,active,2025-12-26,2026-04-08
A000944,michael.scott885@bigpond.com,Michael Scott,1999-05-19,7000,true,2023-10-15,lapsed,2023-07-09,2025-01-01
A000945,amanda.baker9369@bigpond.com,Amanda Baker,1986-05-27,3121,true,2024-09-28,lapsed,2022-05-13,2024-02-10
A000946,george.sato4110@icloud.com,George Sato,1952-10-16,3199,false,,active,2026-03-27,2026-04-18
A000947,mary.harris4296@icloud.com,Mary Harris,1957-03-21,2010,false,,lapsed,2020-06-14,2024-03-09
A000948,catherine.chen7958@icloud.com,Catherine Chen,1962-10-20,3220,true,2023-06-23,lapsed,2020-11-22,2025-06-08
A000949,emma.smith4731@yahoo.com.au,Emma Smith,1972-11-08,3220,true,2023-07-29,lapsed,2019-01-15,2024-08-03
A000950,kevin.wright3323@outlook.com,Kevin Wright,1977-05-22,2150,true,2026-03-03,lapsed,2020-05-31,2025-05-02
A000951,anthony.ali5531@yahoo.com.au,Anthony Ali,1969-04-06,3121,false,,active,2025-03-23,2026-05-31
A000952,melissa.turner6266@bigpond.com,Melissa Turner,1954-03-17,4000,true,2024-03-21,active,2019-01-31,2025-08-27
A000953,priya.hall3179@yahoo.com.au,Priya Hall,1967-02-21,3121,false,,lapsed,2020-10-29,2022-05-20
A000954,catherine.wright1910@yahoo.com.au,Catherine Wright,1995-10-21,2170,true,2026-05-16,active,2026-04-29,2026-07-02
A000955,amanda.collins1377@outlook.com,Amanda Collins,1965-10-17,4000,true,2025-07-17,lapsed,2020-03-05,2022-10-09
A000956,jessica.tran4566@icloud.com,Jessica Tran,1982-12-15,4217,true,2025-06-06,lapsed,2018-11-15,2019-03-08
A000957,laura.wright7249@icloud.com,Laura Wright,1965-07-30,2000,false,,active,2019-09-24,2026-04-06
A000958,nancy.smith4251@bigpond.com,Nancy Smith,1992-12-20,3220,true,2026-02-07,active,2023-06-29,2025-09-28
A000959,matthew.pham7603@bigpond.com,Matthew Pham,1988-07-17,3550,true,2024-06-02,closed,2024-03-03,2024-10-15
A000960,emily.chen9604@yahoo.com.au,Emily Chen,1999-09-22,3141,true,2025-01-05,active,2024-05-27,2026-03-10
A000961,priya.collins4928@outlook.com,Priya Collins,1995-11-10,2170,true,2026-04-19,active,2025-12-28,2026-03-29
A000962,marco.robinson7903@yahoo.com.au,Marco Robinson,1970-01-30,2026,true,2024-02-04,lapsed,2017-11-04,2022-10-29
A000963,rebecca.walker9769@yahoo.com.au,Rebecca Walker,1992-03-18,2026,true,2023-12-25,lapsed,2023-10-30,2024-12-29
A000964,timothy.taylor8737@bigpond.com,Timothy Taylor,1980-04-25,2600,true,2026-05-17,active,2024-12-14,2026-06-25
A000965,timothy.clarke2832@gmail.com,Timothy Clarke,1980-01-30,3550,true,2023-06-16,lapsed,2020-03-20,2021-06-11
A000966,olivia.tanaka5431@outlook.com,Olivia Tanaka,1998-05-17,2010,false,,active,2020-08-15,2025-09-05
A000967,mary.thompson1313@outlook.com,Mary Thompson,1963-09-19,3550,true,2022-10-03,active,2019-02-20,2025-08-14
A000968,deborah.jones9145@outlook.com,Deborah Jones,2000-04-22,4000,true,2026-03-05,active,2025-05-12,2026-05-18
A000969,stephanie.tran8432@icloud.com,Stephanie Tran,1966-05-11,2150,false,,lapsed,2021-10-15,2024-05-09
A000970,deborah.mitchell7226@gmail.com,Deborah Mitchell,2005-04-24,3182,true,2024-03-05,active,2022-11-24,2025-11-29
A000971,olivia.nguyen3297@icloud.com,Olivia Nguyen,1972-06-12,2600,true,2025-11-21,lapsed,2023-11-10,2024-10-02
A000972,deborah.tanaka8260@yahoo.com.au,Deborah Tanaka,1976-08-30,2150,false,,active,2021-05-22,2025-09-09
A000973,ashley.brown8083@outlook.com,Ashley Brown,1962-07-05,2170,false,,lapsed,2023-03-15,2023-12-01
A000974,laura.ryan7211@yahoo.com.au,Laura Ryan,1977-07-18,2010,true,2026-03-17,lapsed,2019-10-20,2020-06-13
A000975,amanda.turner9222@hotmail.com,Amanda Turner,1979-12-27,6000,false,,active,2020-02-09,2026-05-06
A000976,emma.wright8004@gmail.com,Emma Wright,1980-01-05,2150,false,,active,2026-05-06,2026-06-14
A000977,sandra.wang2905@gmail.com,Sandra Wang,2005-01-10,3121,true,2026-06-30,active,2026-04-10,2026-05-29
A000978,steven.green4425@bigpond.com,Steven Green,1972-04-15,3121,false,,active,2021-07-01,2026-01-04
A000979,patricia.mitchell5769@outlook.com,Patricia Mitchell,1986-09-04,3182,false,,lapsed,2022-10-22,2025-04-24
A000980,robert.nguyen4873@icloud.com,Robert Nguyen,1970-12-14,3199,true,2019-02-10,lapsed,2018-12-22,2020-03-08
A000981,ashley.johnson4267@yahoo.com.au,Ashley Johnson,1952-12-30,7000,true,2025-09-11,lapsed,2022-08-02,2024-04-23
A000982,william.turner7624@outlook.com,William Turner,1961-11-01,3220,true,2025-10-17,lapsed,2022-12-25,2023-12-24
A000983,marco.taylor8331@outlook.com,Marco Taylor,1950-09-14,5000,true,2025-03-24,active,2024-06-22,2026-06-07
A000984,kevin.adams9317@icloud.com,Kevin Adams,2006-05-31,5000,true,2023-09-12,lapsed,2023-04-25,2024-06-15
A000985,steven.lee5902@icloud.com,Steven Lee,1967-11-19,3199,true,2026-02-15,active,2025-10-05,2026-05-11
A000986,michael.johnson963@icloud.com,Michael Johnson,1982-05-07,4217,false,,active,2025-12-10,2026-06-11
A000987,michelle.murphy4261@gmail.com,Michelle Murphy,1969-08-30,3220,false,,lapsed,2022-10-10,2023-12-31
A000988,helen.nguyen7526@outlook.com,Helen Nguyen,1991-02-24,3141,true,2021-07-11,lapsed,2020-09-20,2023-06-27
A000989,marco.thompson9989@hotmail.com,Marco Thompson,1999-05-08,7000,false,,active,2026-03-06,2026-05-11
A000990,james.smith4959@bigpond.com,James Smith,2006-09-30,5000,true,2024-11-18,lapsed,2024-02-05,2024-05-25
A000991,emily.singh2710@gmail.com,Emily Singh,1961-08-11,2000,false,,lapsed,2019-05-31,2019-07-19
A000992,emma.khan550@outlook.com,Emma Khan,1994-12-30,2000,false,,active,2024-03-11,2026-03-23
A000993,susan.white4763@yahoo.com.au,Susan White,1997-02-22,3182,true,2026-02-03,active,2023-09-12,2025-10-28
A000994,timothy.ryan856@outlook.com,Timothy Ryan,1959-03-07,3030,false,,lapsed,2018-08-01,2023-03-09
A000995,matthew.wang717@outlook.com,Matthew Wang,2002-11-22,3199,true,2026-07-02,lapsed,2023-12-07,2024-09-11
A000996,susan.lee9109@outlook.com,Susan Lee,1956-04-22,3121,true,2025-12-09,lapsed,2022-09-06,2023-01-27
A000997,christine.king2643@yahoo.com.au,Christine King,2000-03-09,3141,true,2024-07-19,lapsed,2024-06-09,2024-11-26
A000998,susan.edwards678@icloud.com,Susan Edwards,1991-11-30,3199,true,2026-01-30,active,2025-11-08,2026-01-04
A000999,melissa.brown6087@bigpond.com,Melissa Brown,1965-04-01,2150,false,,active,2020-08-19,2025-08-17
A001000,joseph.martin911@hotmail.com,Joseph Martin,1956-03-08,7000,true,2025-05-24,lapsed,2021-04-11,2022-08-04
A001001,nancy.rossi4718@bigpond.com,Nancy Rossi,2002-12-16,2026,true,2025-08-15,active,2025-04-30,2025-11-12
A001002,robert.pham8885@bigpond.com,Robert Pham,1992-12-04,2600,true,2024-12-29,active,2024-06-07,2025-09-01
A001003,olivia.stewart3615@yahoo.com.au,Olivia Stewart,1996-08-03,7000,true,2021-12-03,lapsed,2019-05-04,2022-09-22
A001004,ashley.tanaka2612@hotmail.com,Ashley Tanaka,2003-08-26,3030,true,2020-12-13,lapsed,2020-06-06,2023-07-02
A001005,james.wright8203@bigpond.com,James Wright,1992-02-13,2600,false,,active,2021-05-21,2026-04-05
A001006,priya.hall1823@yahoo.com.au,Priya Hall,1950-09-25,3121,false,,active,2021-01-06,2025-12-04
A001007,amanda.ryan3814@gmail.com,Amanda Ryan,1969-10-30,3141,true,2023-09-18,lapsed,2023-06-14,2023-06-19
A001008,marco.green9568@outlook.com,Marco Green,1981-07-08,2170,true,2025-12-08,lapsed,2021-09-03,2025-04-25
A001009,andrew.jones3662@outlook.com,Andrew Jones,1951-04-24,2000,true,2026-05-22,active,2024-11-30,2026-01-15
A001010,steven.green6901@outlook.com,Steven Green,1992-06-05,4000,false,,lapsed,2022-05-31,2022-07-07
A001011,linda.clarke914@bigpond.com,Linda Clarke,1963-09-29,3000,true,2023-04-10,lapsed,2020-10-08,2023-08-30
A001012,christine.obrien347@bigpond.com,Christine OBrien,1952-01-04,2150,true,2020-11-10,lapsed,2019-10-19,2023-12-10
A001013,timothy.brown115@yahoo.com.au,Timothy Brown,1965-12-26,4217,false,,lapsed,2019-02-21,2024-01-26
A001014,charles.sato1216@hotmail.com,Charles Sato,1956-12-01,2150,true,2025-01-14,closed,2018-12-30,2019-08-20
A001015,elizabeth.bell3301@hotmail.com,Elizabeth Bell,1972-06-25,3141,true,2025-06-15,lapsed,2024-03-31,2024-07-24
A001016,deborah.robinson1119@outlook.com,Deborah Robinson,1979-03-26,2026,false,,lapsed,2019-12-17,2022-07-06
A001017,matthew.wang7249@bigpond.com,Matthew Wang,1985-09-11,5000,false,,lapsed,2017-11-30,2023-04-20
A001018,helen.costa5244@gmail.com,Helen Costa,1978-03-29,4000,true,2019-10-19,closed,2018-12-20,2021-11-30
A001019,michelle.mitchell1211@icloud.com,Michelle Mitchell,1995-07-27,2026,true,2025-02-28,lapsed,2022-01-17,2024-07-05
A001020,giulia.wilson3770@outlook.com,Giulia Wilson,1991-05-20,3220,false,,lapsed,2024-01-27,2024-01-28
A001021,elizabeth.bell913@yahoo.com.au,Elizabeth Bell,1970-07-05,3199,true,2022-05-20,lapsed,2020-04-17,2023-08-01
A001022,ming.kelly2370@icloud.com,Ming Kelly,1953-09-22,5000,true,2023-11-02,lapsed,2020-07-20,2021-09-09
A001023,daniel.harris2957@icloud.com,Daniel Harris,1960-07-10,2150,true,2023-04-21,lapsed,2019-03-09,2020-06-27
A001024,katherine.ali3790@bigpond.com,Katherine Ali,1956-07-07,3000,false,,active,2026-03-14,2026-04-07
A001025,david.scott4405@yahoo.com.au,David Scott,1987-11-21,3030,true,2023-07-05,lapsed,2021-04-07,2022-11-02
A001026,ming.taylor9571@yahoo.com.au,Ming Taylor,1966-10-22,7000,true,2024-08-21,lapsed,2021-04-10,2021-08-05
A001027,ashley.turner8722@bigpond.com,Ashley Turner,1973-12-18,4217,false,,lapsed,2024-04-05,2025-02-24
A001028,nancy.khan3094@icloud.com,Nancy Khan,1992-01-06,5000,true,2025-03-17,lapsed,2022-05-01,2024-06-01
A001029,raj.costa474@gmail.com,Raj Costa,2004-04-12,3199,true,2026-01-13,lapsed,2020-12-25,2022-06-25
A001030,helen.kelly5378@icloud.com,Helen Kelly,1969-11-13,5000,false,,lapsed,2024-01-16,2025-04-07
A001031,wei.collins7363@icloud.com,Wei Collins,2001-04-13,2150,true,2022-05-19,lapsed,2022-03-07,2025-03-31
A001032,deborah.robinson5474@outlook.com,Deborah Robinson,1997-12-14,3056,false,,lapsed,2021-06-15,2025-03-31
A001033,jessica.evans6019@icloud.com,Jessica Evans,1997-03-28,3000,true,2020-08-28,lapsed,2018-10-01,2021-08-02
A001034,helen.baker5324@bigpond.com,Helen Baker,1951-05-26,3199,true,2025-05-10,lapsed,2020-08-17,2021-01-01
A001035,susan.taylor4925@bigpond.com,Susan Taylor,1969-08-27,3056,true,2020-08-28,lapsed,2020-02-05,2020-09-30
A001036,sandra.kelly4006@gmail.com,Sandra Kelly,1962-12-26,5000,true,2023-05-07,lapsed,2018-12-31,2023-11-18
A001037,laura.martin18@outlook.com,Laura Martin,1981-09-05,3182,true,2026-06-02,active,2025-12-31,2026-06-20
A001038,sarah.turner4700@gmail.com,Sarah Turner,1994-06-04,2000,true,2020-05-09,lapsed,2019-01-03,2019-03-13
A001039,mary.baker551@bigpond.com,Mary Baker,2005-01-17,2150,true,2025-01-02,active,2023-01-08,2026-06-10
A001040,richard.evans9386@yahoo.com.au,Richard Evans,2006-01-02,5000,true,2026-03-04,active,2025-05-22,2026-02-16
A001041,sarah.ali5555@bigpond.com,Sarah Ali,1950-12-09,6000,false,,active,2025-11-20,2026-01-18
A001042,charles.robinson2596@icloud.com,Charles Robinson,1964-04-26,2170,true,2026-03-31,lapsed,2023-11-05,2024-11-27
A001043,mark.green8952@outlook.com,Mark Green,1983-03-05,2170,false,,active,2024-09-27,2025-10-14
A001044,daniel.singh2663@icloud.com,Daniel Singh,1962-05-16,3121,true,2026-01-12,active,2026-01-06,2026-06-24
A001045,ming.rossi9435@icloud.com,Ming Rossi,1994-03-07,2010,true,2023-08-28,active,2020-12-23,2026-06-26
A001046,hiro.walker9963@gmail.com,Hiro Walker,2006-01-13,2170,false,,closed,2022-04-29,2024-09-21
A001047,william.hall4147@bigpond.com,William Hall,1983-03-28,5000,true,2025-06-24,active,2025-04-26,2026-05-21
A001048,fatima.taylor1241@yahoo.com.au,Fatima Taylor,1951-05-20,3550,false,,lapsed,2022-10-09,2022-12-24
A001049,michelle.scott7243@gmail.com,Michelle Scott,1958-09-13,3220,true,2023-09-04,lapsed,2022-04-20,2022-12-21
A001050,wei.jones7017@outlook.com,Wei Jones,1952-04-16,2600,true,2023-10-25,closed,2023-03-08,2025-10-20
A001051,ashley.lee7054@gmail.com,Ashley Lee,1968-10-10,3199,true,2025-04-22,lapsed,2023-11-27,2025-04-29
A001052,thomas.smith2148@hotmail.com,Thomas Smith,2003-08-14,3030,false,,active,2025-09-24,2026-04-15
A001053,andrew.khan8739@bigpond.com,Andrew Khan,2005-07-12,3182,false,,lapsed,2017-09-26,2024-12-13
A001054,karen.costa5793@icloud.com,Karen Costa,1972-10-30,4000,true,2025-09-10,lapsed,2022-10-22,2025-05-25
A001055,deborah.green5082@icloud.com,Deborah Green,2003-01-12,6000,true,2026-02-24,active,2025-02-25,2026-04-23
A001056,daniel.scott3978@gmail.com,Daniel Scott,1994-03-16,3550,true,2025-02-15,lapsed,2024-10-13,2024-12-07
A001057,rebecca.kelly5207@icloud.com,Rebecca Kelly,1962-02-28,3121,false,,lapsed,2020-11-17,2022-01-21
A001058,charles.king4730@icloud.com,Charles King,1984-07-03,2600,true,2025-10-22,lapsed,2021-01-03,2024-08-03
A001059,anthony.harris9361@hotmail.com,Anthony Harris,1974-09-07,3000,true,2020-05-19,lapsed,2018-12-27,2020-12-02
A001060,ahmed.rossi7733@yahoo.com.au,Ahmed Rossi,1978-07-05,4217,true,2026-03-17,active,2025-06-03,2025-10-30
A001061,charles.walker5476@outlook.com,Charles Walker,1967-10-04,3056,false,,lapsed,2023-11-12,2024-09-04
A001062,olivia.robinson4246@gmail.com,Olivia Robinson,1969-06-11,2170,false,,active,2025-03-15,2026-01-22
A001063,helen.stewart3011@gmail.com,Helen Stewart,1975-05-01,2010,true,2022-11-07,active,2022-04-16,2025-09-24
A001064,samantha.khan4797@bigpond.com,Samantha Khan,1959-09-04,2000,true,2024-01-22,active,2021-11-22,2025-10-06
A001065,thomas.ali9596@icloud.com,Thomas Ali,1950-10-15,3056,true,2021-09-12,lapsed,2021-07-14,2024-10-24
A001066,fatima.campbell7330@bigpond.com,Fatima Campbell,1997-09-08,2026,true,2024-08-27,active,2019-08-30,2026-04-08
A001067,thomas.lee9797@yahoo.com.au,Thomas Lee,2001-08-17,6000,true,2024-11-02,active,2017-08-16,2025-10-22
A001068,sarah.clarke6085@outlook.com,Sarah Clarke,1987-11-20,3141,false,,lapsed,2020-05-28,2023-11-13
A001069,sandra.tanaka6428@icloud.com,Sandra Tanaka,1951-05-24,3550,false,,lapsed,2019-07-08,2022-10-12
A001070,daniel.smith1745@bigpond.com,Daniel Smith,1980-06-14,3056,false,,active,2025-12-19,2026-06-29
A001071,william.kelly6461@outlook.com,William Kelly,1969-09-09,7000,true,2023-12-04,lapsed,2021-09-14,2023-06-18
A001072,elizabeth.chen4443@hotmail.com,Elizabeth Chen,1961-08-12,3141,true,2026-01-08,active,2025-06-28,2026-06-26
A001073,emma.ryan5263@gmail.com,Emma Ryan,2002-06-18,3199,false,,active,2024-07-30,2026-05-23
A001074,stephanie.baker2099@hotmail.com,Stephanie Baker,1960-02-13,3199,true,2021-04-02,lapsed,2020-03-13,2021-04-04
A001075,karen.kelly2446@yahoo.com.au,Karen Kelly,1965-02-17,2600,true,2026-05-02,active,2024-11-12,2026-05-31
A001076,rebecca.white8185@bigpond.com,Rebecca White,1982-11-21,5000,false,,lapsed,2022-10-11,2024-11-25
A001077,anthony.wilson1634@yahoo.com.au,Anthony Wilson,2001-02-06,3141,true,2019-08-31,lapsed,2018-07-22,2020-04-27
A001078,brian.hall1701@icloud.com,Brian Hall,1990-02-02,2026,true,2020-10-23,active,2019-10-17,2026-01-03
A001079,patricia.thompson1993@outlook.com,Patricia Thompson,1982-08-01,3121,false,,lapsed,2019-08-10,2021-08-17
A001080,emily.collins4257@outlook.com,Emily Collins,1950-08-16,2170,true,2024-12-29,lapsed,2024-11-20,2025-01-31
A001081,mark.king4903@bigpond.com,Mark King,1951-04-24,2026,true,2026-04-21,active,2026-04-11,2026-06-26
A001082,ahmed.anderson9539@icloud.com,Ahmed Anderson,1995-05-10,4000,true,2024-02-20,lapsed,2020-02-12,2025-06-01
A001083,nancy.stewart3495@hotmail.com,Nancy Stewart,1966-11-23,2150,true,2025-05-25,active,2024-04-07,2025-10-03
A001084,emily.turner5143@yahoo.com.au,Emily Turner,1967-09-16,3220,false,,lapsed,2024-07-02,2025-03-03
A001085,patricia.robinson6892@bigpond.com,Patricia Robinson,1974-07-27,3550,false,,lapsed,2019-11-05,2020-05-05
A001086,james.costa6565@gmail.com,James Costa,1954-11-27,3199,false,,closed,2025-05-21,2026-05-18
A001087,kevin.johnson6378@outlook.com,Kevin Johnson,1985-07-19,4217,true,2026-04-26,closed,2025-02-22,2026-02-21
A001088,yuki.wright1535@yahoo.com.au,Yuki Wright,1993-08-22,7000,true,2021-08-15,lapsed,2020-01-25,2023-12-29
A001089,matthew.lee5343@yahoo.com.au,Matthew Lee,1954-05-11,3550,true,2026-06-04,active,2026-03-14,2026-06-06
A001090,raj.campbell3100@icloud.com,Raj Campbell,2000-02-10,3000,true,2025-05-20,lapsed,2018-03-17,2018-06-17
A001091,richard.harris1413@icloud.com,Richard Harris,1993-07-08,2150,true,2025-09-20,active,2021-10-13,2025-11-21
A001092,yuki.edwards9210@icloud.com,Yuki Edwards,1957-08-09,2000,true,2024-07-12,lapsed,2021-05-16,2023-10-31
A001093,david.brown7895@outlook.com,David Brown,1969-04-07,3550,true,2022-11-24,lapsed,2021-01-22,2025-04-06
A001094,lisa.zhang8421@yahoo.com.au,Lisa Zhang,1972-09-05,2010,false,,active,2021-04-14,2026-03-03
A001095,david.anderson2802@hotmail.com,David Anderson,1998-06-20,3121,true,2025-12-23,active,2024-02-08,2025-10-29
A001096,olivia.wilson2185@bigpond.com,Olivia Wilson,1994-12-26,3000,true,2022-05-06,lapsed,2022-03-10,2025-01-05
A001097,hiro.wilson3491@icloud.com,Hiro Wilson,1974-04-04,3030,true,2024-12-04,active,2024-07-03,2025-10-08
A001098,jessica.turner9860@icloud.com,Jessica Turner,1990-01-26,2600,true,2024-09-06,lapsed,2024-05-06,2024-10-24
A001099,michelle.murphy2068@icloud.com,Michelle Murphy,1964-11-26,2026,true,2024-07-17,lapsed,2020-08-06,2023-07-24
A001100,matthew.williams8818@bigpond.com,Matthew Williams,1989-05-23,3121,true,2022-06-13,lapsed,2021-06-10,2023-03-06
A001101,deborah.tanaka8899@hotmail.com,Deborah Tanaka,1988-01-14,6000,true,2021-12-11,lapsed,2021-04-26,2023-11-09
A001102,joshua.wright1412@bigpond.com,Joshua Wright,1967-10-07,3550,true,2025-05-04,active,2024-03-18,2026-07-02
A001103,sandra.nguyen8423@bigpond.com,Sandra Nguyen,1988-09-09,6000,true,2026-01-07,lapsed,2019-03-10,2025-04-28
A001104,ming.murphy3480@gmail.com,Ming Murphy,1953-12-13,3000,true,2024-11-18,lapsed,2020-04-21,2024-10-11
A001105,jennifer.pham3302@hotmail.com,Jennifer Pham,2001-03-05,2026,true,2026-05-01,active,2019-08-02,2026-06-27
A001106,jennifer.harris9460@bigpond.com,Jennifer Harris,1978-08-19,3220,false,,active,2024-12-30,2025-12-28
A001107,michelle.khan7839@yahoo.com.au,Michelle Khan,1983-05-23,7000,true,2023-03-16,lapsed,2017-12-13,2022-06-05
A001108,melissa.costa9315@icloud.com,Melissa Costa,1963-07-29,3220,true,2025-11-21,lapsed,2020-03-08,2025-06-28
A001109,matthew.rossi5908@icloud.com,Matthew Rossi,1975-09-28,7000,true,2026-03-12,active,2025-09-18,2025-09-22
A001110,karen.taylor2920@icloud.com,Karen Taylor,1980-01-17,3000,true,2026-04-16,active,2025-12-25,2026-03-07
A001111,stephanie.wilson3193@bigpond.com,Stephanie Wilson,1992-02-17,4000,true,2023-05-19,lapsed,2022-08-25,2024-06-06
A001112,sandra.ali6464@outlook.com,Sandra Ali,1974-12-31,3056,true,2025-08-03,closed,2024-09-25,2024-10-25
A001113,marco.zhang93@yahoo.com.au,Marco Zhang,1962-08-11,4000,false,,lapsed,2019-01-11,2024-02-13
A001114,linda.murphy4346@bigpond.com,Linda Murphy,1993-04-11,2600,true,2023-06-06,lapsed,2020-12-24,2025-04-24
A001115,marco.ali840@icloud.com,Marco Ali,1991-03-08,3199,true,2025-09-25,active,2025-06-25,2025-11-08
A001116,kevin.nguyen1515@icloud.com,Kevin Nguyen,1972-02-22,3199,true,2020-08-07,lapsed,2019-01-30,2025-01-15
A001117,amanda.edwards3966@icloud.com,Amanda Edwards,1993-01-26,6000,false,,lapsed,2022-05-04,2025-01-26
A001118,david.robinson6192@yahoo.com.au,David Robinson,1958-12-13,3550,true,2021-03-27,lapsed,2020-09-26,2024-01-04
A001119,christine.khan9325@bigpond.com,Christine Khan,1968-07-31,6000,true,2022-06-09,lapsed,2021-08-07,2023-07-12
A001120,thomas.anderson278@bigpond.com,Thomas Anderson,1952-10-16,2000,true,2026-04-04,active,2025-09-23,2025-10-11
A001121,christine.green6106@bigpond.com,Christine Green,1976-07-22,2026,true,2025-09-03,lapsed,2025-03-13,2025-05-07
A001122,thomas.green9593@yahoo.com.au,Thomas Green,1977-02-06,2010,true,2025-10-04,lapsed,2017-08-06,2019-09-01
A001123,marco.ryan9377@yahoo.com.au,Marco Ryan,1959-05-16,2000,false,,lapsed,2018-01-30,2018-07-14
A001124,thomas.lee411@outlook.com,Thomas Lee,1986-02-18,2010,true,2024-09-18,active,2024-08-28,2026-02-08
A001125,sandra.jones6568@yahoo.com.au,Sandra Jones,1953-06-03,3141,true,2023-10-16,lapsed,2021-06-02,2024-11-26
A001126,jennifer.king4312@bigpond.com,Jennifer King,1992-10-20,3199,true,2026-06-07,lapsed,2017-07-25,2018-07-03
A001127,jessica.rossi9163@bigpond.com,Jessica Rossi,1958-05-31,5000,true,2026-04-16,active,2024-07-24,2025-08-01
A001128,daniel.williams8140@outlook.com,Daniel Williams,1988-04-22,3550,true,2020-06-22,lapsed,2018-04-21,2021-01-05
A001129,emily.obrien9831@icloud.com,Emily OBrien,1960-12-12,2026,true,2026-02-04,lapsed,2021-12-27,2023-12-13
A001130,samantha.campbell9923@hotmail.com,Samantha Campbell,1987-07-24,3199,false,,lapsed,2020-03-29,2025-03-11
A001131,michelle.taylor3352@bigpond.com,Michelle Taylor,1995-09-16,3121,true,2024-01-06,lapsed,2022-12-20,2024-09-21
A001132,christine.williams6116@outlook.com,Christine Williams,1951-06-22,2600,false,,lapsed,2024-10-01,2025-04-25
A001133,matthew.evans2975@hotmail.com,Matthew Evans,1991-11-14,3000,true,2026-05-12,active,2025-01-26,2026-02-06
A001134,wei.wright1267@yahoo.com.au,Wei Wright,1997-07-18,3030,false,,lapsed,2019-11-29,2023-04-16
A001135,charles.zhang9950@icloud.com,Charles Zhang,1971-09-24,3000,false,,active,2023-12-07,2025-10-04
A001136,karen.harris8664@yahoo.com.au,Karen Harris,1976-09-19,7000,true,2025-07-21,lapsed,2024-01-12,2024-10-07
A001137,thomas.ryan9444@bigpond.com,Thomas Ryan,1959-03-02,3550,true,2025-08-11,active,2023-01-24,2025-12-20
A001138,laura.liu7170@yahoo.com.au,Laura Liu,1989-05-15,3141,true,2023-06-18,closed,2022-05-11,2022-11-07
A001139,rebecca.bell8815@gmail.com,Rebecca Bell,2003-01-11,3056,true,2019-12-31,lapsed,2019-03-05,2024-02-24
A001140,george.mitchell2333@gmail.com,George Mitchell,1981-12-20,3199,true,2022-07-10,closed,2017-07-26,2025-09-12
A001141,robert.martin7008@bigpond.com,Robert Martin,1976-07-14,4217,true,2025-06-22,active,2025-05-31,2026-05-20
A001142,giulia.taylor8480@gmail.com,Giulia Taylor,1950-04-21,2150,true,2026-03-06,active,2025-10-31,2026-01-03
A001143,matthew.sato6506@hotmail.com,Matthew Sato,1991-03-25,4000,true,2024-04-13,lapsed,2019-05-30,2023-07-30
A001144,joshua.taylor1600@bigpond.com,Joshua Taylor,1970-05-13,3141,true,2021-07-27,lapsed,2020-01-22,2021-02-14
A001145,robert.adams7216@gmail.com,Robert Adams,1969-08-10,4217,true,2025-11-21,active,2024-10-21,2025-10-11
A001146,matthew.brown2641@yahoo.com.au,Matthew Brown,1986-04-06,2600,false,,closed,2022-05-14,2024-10-10
A001147,rachel.kumar8104@gmail.com,Rachel Kumar,1968-08-26,2000,false,,lapsed,2023-03-03,2024-08-05
A001148,linda.williams9341@bigpond.com,Linda Williams,1988-05-13,6000,true,2025-09-26,active,2025-08-25,2025-11-02
A001149,rachel.anderson1467@outlook.com,Rachel Anderson,1968-07-12,7000,false,,active,2025-06-01,2025-10-15
A001150,margaret.adams2215@outlook.com,Margaret Adams,1957-09-06,2026,false,,lapsed,2022-08-21,2023-01-25
A001151,linda.murphy7847@yahoo.com.au,Linda Murphy,1979-04-19,2600,false,,lapsed,2018-04-24,2025-01-08
A001152,ashley.white7534@bigpond.com,Ashley White,2003-05-27,2600,false,,active,2024-08-07,2025-12-06
A001153,sandra.baker9468@yahoo.com.au,Sandra Baker,2006-08-01,6000,false,,active,2023-09-13,2026-06-26
A001154,steven.anderson5589@icloud.com,Steven Anderson,1977-04-03,4217,true,2024-11-19,lapsed,2024-08-16,2024-09-06
A001155,deborah.kelly9018@gmail.com,Deborah Kelly,1970-04-27,3030,false,,active,2025-09-03,2025-11-20
A001156,jessica.harris7317@hotmail.com,Jessica Harris,1996-11-20,2150,true,2024-07-25,lapsed,2024-05-04,2024-10-06
A001157,michael.thompson8090@gmail.com,Michael Thompson,1998-10-13,3000,true,2025-12-16,lapsed,2023-10-17,2023-12-06
A001158,fatima.taylor6937@gmail.com,Fatima Taylor,1956-05-08,2150,false,,active,2018-07-15,2026-04-25
A001159,daniel.kumar2977@yahoo.com.au,Daniel Kumar,1981-12-13,4217,true,2021-08-09,lapsed,2020-04-20,2024-02-25
A001160,william.clarke798@bigpond.com,William Clarke,1956-03-26,3030,true,2026-02-17,active,2025-08-07,2026-02-26
A001161,ashley.wright7448@outlook.com,Ashley Wright,1986-07-08,3182,false,,lapsed,2023-02-26,2024-09-29
A001162,fatima.smith8682@yahoo.com.au,Fatima Smith,1960-03-03,2000,true,2025-12-05,lapsed,2021-05-10,2023-03-05
A001163,george.turner5969@icloud.com,George Turner,1971-12-13,3121,true,2025-09-20,lapsed,2019-07-21,2024-08-05
A001164,elizabeth.kelly4705@yahoo.com.au,Elizabeth Kelly,2003-06-29,3182,false,,active,2025-10-04,2026-05-26
A001165,joseph.campbell2027@outlook.com,Joseph Campbell,1971-02-14,2026,false,,lapsed,2018-10-20,2019-07-27
A001166,amanda.tanaka6628@icloud.com,Amanda Tanaka,1991-05-03,2600,true,2025-11-13,lapsed,2020-07-21,2023-09-03
A001167,ashley.scott3969@yahoo.com.au,Ashley Scott,1987-02-12,2150,true,2019-02-14,lapsed,2017-10-12,2024-06-08
A001168,ashley.brown5919@bigpond.com,Ashley Brown,1990-08-22,2600,true,2022-12-24,closed,2018-10-15,2019-10-07
A001169,brian.jones3676@hotmail.com,Brian Jones,1970-08-11,3220,false,,closed,2020-09-13,2025-08-24
A001170,karen.white5801@outlook.com,Karen White,1959-09-17,2170,true,2024-05-30,lapsed,2018-07-25,2019-05-04
A001171,stephanie.hall1742@yahoo.com.au,Stephanie Hall,1966-11-15,4000,false,,lapsed,2018-04-16,2023-06-27
A001172,ahmed.evans6201@outlook.com,Ahmed Evans,1981-07-04,3182,true,2025-06-07,lapsed,2020-07-02,2023-08-07
A001173,joshua.king839@hotmail.com,Joshua King,1960-12-29,5000,true,2022-12-01,lapsed,2020-07-02,2022-09-03
A001174,marco.stewart5606@hotmail.com,Marco Stewart,1957-08-20,2170,false,,active,2019-12-20,2026-02-09
A001175,william.chen7882@yahoo.com.au,William Chen,1975-01-04,2000,true,2026-02-02,active,2025-06-01,2025-07-19
A001176,rebecca.singh4234@outlook.com,Rebecca Singh,1970-01-13,2600,false,,lapsed,2023-10-25,2025-01-18
A001177,jennifer.clarke6825@hotmail.com,Jennifer Clarke,1962-04-17,2150,true,2026-02-22,active,2025-11-03,2026-06-11
A001178,marco.stewart2166@bigpond.com,Marco Stewart,1978-05-30,4217,false,,lapsed,2021-11-29,2023-08-01
A001179,hiro.edwards6307@gmail.com,Hiro Edwards,1976-06-22,3000,false,,lapsed,2021-06-25,2022-01-01
A001180,sandra.robinson2025@yahoo.com.au,Sandra Robinson,1965-08-15,3121,true,2026-03-29,lapsed,2022-07-23,2023-09-02
A001181,robert.edwards4223@bigpond.com,Robert Edwards,1978-10-10,6000,true,2023-07-31,lapsed,2020-07-11,2020-09-23
A001182,anthony.clarke5203@icloud.com,Anthony Clarke,1963-10-27,2170,true,2024-11-24,lapsed,2023-07-16,2024-12-17
A001183,christine.tanaka2386@bigpond.com,Christine Tanaka,1986-07-21,3550,true,2026-05-16,active,2026-03-18,2026-04-25
A001184,thomas.wang8299@outlook.com,Thomas Wang,1992-08-05,7000,true,2026-04-07,active,2026-01-07,2026-03-15
A001185,yuki.jones7176@yahoo.com.au,Yuki Jones,1986-02-12,3141,false,,active,2024-09-06,2025-11-19
A001186,karen.nguyen8556@icloud.com,Karen Nguyen,1981-06-07,4217,false,,lapsed,2021-01-05,2024-05-02
A001187,jennifer.murphy4781@outlook.com,Jennifer Murphy,1967-04-07,3182,false,,lapsed,2018-06-06,2021-10-12
A001188,christine.green9361@outlook.com,Christine Green,1980-03-29,4000,true,2026-06-07,active,2026-05-19,2026-06-16
A001189,james.murphy6257@yahoo.com.au,James Murphy,1960-12-05,5000,false,,active,2025-03-07,2026-04-04
A001190,deborah.green9351@bigpond.com,Deborah Green,1950-08-29,3199,false,,lapsed,2019-04-13,2022-09-13
A001191,samantha.anderson3407@icloud.com,Samantha Anderson,1967-06-29,3199,true,2024-03-30,lapsed,2023-11-19,2024-10-16
A001192,joshua.turner4020@outlook.com,Joshua Turner,1976-08-16,6000,true,2026-03-22,active,2025-03-24,2025-11-06
A001193,marco.edwards2692@outlook.com,Marco Edwards,1976-06-03,3121,true,2025-07-22,active,2023-02-03,2026-06-16
A001194,ashley.tanaka8556@yahoo.com.au,Ashley Tanaka,1970-04-04,4217,false,,active,2025-06-15,2025-12-18
A001195,marco.chen2356@yahoo.com.au,Marco Chen,1997-12-04,3199,true,2026-06-03,lapsed,2022-12-10,2023-10-21
A001196,stephanie.costa9924@yahoo.com.au,Stephanie Costa,1950-06-18,7000,true,2025-05-12,lapsed,2024-03-26,2024-06-09
A001197,katherine.wang4233@bigpond.com,Katherine Wang,1959-11-06,2000,true,2025-12-23,active,2023-04-15,2025-09-24
A001198,raj.bell2845@outlook.com,Raj Bell,1964-12-24,3199,false,,lapsed,2024-02-01,2024-11-21
A001199,stephanie.green5135@hotmail.com,Stephanie Green,1952-08-16,2010,true,2019-02-15,lapsed,2018-01-31,2024-09-20
A001200,william.hall7563@yahoo.com.au,William Hall,1993-06-16,2600,true,2026-03-15,active,2022-04-13,2025-07-22
A001201,wei.khan2512@icloud.com,Wei Khan,2005-07-11,3056,true,2023-01-19,active,2019-07-03,2025-12-17
A001202,michael.turner1230@outlook.com,Michael Turner,1981-12-20,4217,true,2026-06-30,active,2026-04-20,2026-05-04
A001203,patricia.robinson4896@outlook.com,Patricia Robinson,2005-07-19,4000,true,2019-05-02,lapsed,2017-10-29,2023-02-07
A001204,james.wright486@bigpond.com,James Wright,1965-08-21,5000,true,2024-10-06,lapsed,2019-08-01,2022-11-11
A001205,steven.liu3672@icloud.com,Steven Liu,1990-03-30,4217,false,,active,2024-01-09,2025-10-19
A001206,steven.kumar3@icloud.com,Steven Kumar,1991-11-13,3056,false,,lapsed,2019-03-24,2019-12-05
A001207,ahmed.hall4932@hotmail.com,Ahmed Hall,1954-09-29,2010,true,2024-04-12,active,2023-11-11,2025-10-26
A001208,giulia.thompson9199@bigpond.com,Giulia Thompson,2002-01-07,7000,true,2025-03-10,lapsed,2021-04-30,2023-06-03
A001209,mark.wright1676@hotmail.com,Mark Wright,2001-07-17,6000,false,,lapsed,2021-09-14,2023-11-03
A001210,ahmed.clarke6928@icloud.com,Ahmed Clarke,1976-02-19,4000,true,2019-03-16,lapsed,2017-11-26,2023-01-26
A001211,joseph.anderson5506@gmail.com,Joseph Anderson,1954-01-26,4217,true,2026-03-25,lapsed,2024-01-05,2024-04-15
A001212,catherine.pham4160@yahoo.com.au,Catherine Pham,1991-12-27,2000,true,2022-01-07,lapsed,2018-02-17,2023-06-07
A001213,melissa.clarke9998@hotmail.com,Melissa Clarke,2004-12-16,2170,true,2021-08-03,lapsed,2019-10-13,2021-08-31
A001214,david.ryan3801@icloud.com,David Ryan,1976-09-11,7000,false,,lapsed,2024-05-18,2025-06-06
A001215,olivia.tanaka832@outlook.com,Olivia Tanaka,1985-09-12,3220,true,2023-07-03,lapsed,2018-10-05,2019-04-24
A001216,mary.campbell8167@icloud.com,Mary Campbell,2002-07-03,3220,true,2022-09-20,lapsed,2017-08-09,2023-07-23
A001217,linda.pham9345@yahoo.com.au,Linda Pham,1959-09-28,2000,true,2024-01-06,active,2017-10-25,2025-10-25
A001218,linda.harris4379@hotmail.com,Linda Harris,1979-02-04,2170,true,2020-06-07,lapsed,2020-04-25,2022-10-18
A001219,william.obrien4156@bigpond.com,William OBrien,1973-08-21,2600,true,2026-05-31,active,2025-12-02,2026-03-30
A001220,yuki.nguyen3890@hotmail.com,Yuki Nguyen,1985-04-29,3056,true,2026-03-31,active,2026-01-21,2026-03-02
A001221,timothy.kumar7368@bigpond.com,Timothy Kumar,1955-09-17,2026,true,2024-08-27,active,2018-03-04,2026-03-15
A001222,charles.robinson1619@bigpond.com,Charles Robinson,1989-11-27,3141,true,2025-10-15,active,2025-09-20,2026-03-29
A001223,thomas.murphy6364@yahoo.com.au,Thomas Murphy,1953-10-10,3220,true,2025-07-18,active,2022-07-27,2025-12-05
A001224,sandra.scott8615@gmail.com,Sandra Scott,1950-10-28,2010,true,2025-06-12,lapsed,2024-01-24,2025-05-20
A001225,elizabeth.green2155@outlook.com,Elizabeth Green,1998-06-26,2600,true,2023-03-01,lapsed,2020-05-17,2021-12-20
A001226,sandra.wright7729@outlook.com,Sandra Wright,1996-08-31,3220,true,2025-09-24,lapsed,2024-01-25,2024-02-04
A001227,ahmed.kumar4886@bigpond.com,Ahmed Kumar,1995-11-28,2010,true,2024-10-16,lapsed,2022-04-14,2024-02-02
A001228,linda.baker236@hotmail.com,Linda Baker,1999-02-05,3141,true,2025-02-03,active,2023-11-12,2026-03-02
A001229,hiro.hall5476@bigpond.com,Hiro Hall,1956-04-11,6000,true,2022-08-22,lapsed,2020-05-04,2024-03-12
A001230,lisa.zhang5794@outlook.com,Lisa Zhang,1979-08-18,6000,true,2021-05-13,lapsed,2020-12-08,2022-03-23
A001231,sarah.taylor4999@yahoo.com.au,Sarah Taylor,1975-09-05,2010,true,2025-04-17,lapsed,2024-05-01,2024-11-19
A001232,laura.stewart3709@hotmail.com,Laura Stewart,1988-11-03,2026,true,2025-07-22,active,2025-04-26,2025-12-25
A001233,mark.rossi7476@icloud.com,Mark Rossi,1960-11-16,2600,true,2024-08-30,lapsed,2021-02-25,2023-12-29
A001234,kevin.mitchell6549@icloud.com,Kevin Mitchell,1951-02-03,3030,false,,active,2022-11-21,2025-10-12
A001235,giulia.wilson4015@icloud.com,Giulia Wilson,1963-07-03,4000,true,2025-11-12,lapsed,2023-09-06,2023-10-22
A001236,stephanie.thompson5367@hotmail.com,Stephanie Thompson,1964-11-12,2170,true,2021-12-27,closed,2021-06-10,2023-07-03
A001237,laura.rossi707@outlook.com,Laura Rossi,1998-01-22,2010,false,,active,2026-03-08,2026-05-10
A001238,kevin.ryan9296@icloud.com,Kevin Ryan,1956-01-18,3030,true,2025-09-16,active,2025-03-09,2025-11-27
A001239,william.green150@hotmail.com,William Green,1998-11-02,2000,false,,lapsed,2017-07-19,2018-05-22
A001240,richard.thompson3826@yahoo.com.au,Richard Thompson,1956-10-23,2170,false,,lapsed,2023-07-23,2025-01-11
A001241,margaret.liu4152@hotmail.com,Margaret Liu,1991-05-17,2150,true,2023-08-10,lapsed,2019-03-13,2023-09-04
A001242,robert.adams485@icloud.com,Robert Adams,1971-11-06,6000,false,,active,2024-08-13,2026-07-02
A001243,amanda.obrien5718@hotmail.com,Amanda OBrien,1955-01-23,4217,true,2026-06-26,active,2025-04-03,2026-01-22
A001244,susan.kelly2104@gmail.com,Susan Kelly,1973-01-12,3220,true,2025-10-05,lapsed,2023-07-05,2024-05-19
A001245,joshua.thompson6087@hotmail.com,Joshua Thompson,1966-07-20,3030,true,2024-10-16,lapsed,2022-11-01,2024-01-31
A001246,sandra.hall8973@gmail.com,Sandra Hall,1980-01-17,3141,true,2026-05-09,lapsed,2019-10-09,2020-04-11
A001247,david.turner1629@gmail.com,David Turner,1961-09-20,7000,true,2022-05-10,lapsed,2018-10-23,2021-10-15
A001248,rachel.king4914@hotmail.com,Rachel King,1955-01-15,2000,true,2026-05-06,active,2026-01-28,2026-06-28
A001249,mark.pham8006@gmail.com,Mark Pham,1978-11-09,5000,true,2021-02-27,lapsed,2020-08-25,2024-08-30
A001250,sarah.collins5755@bigpond.com,Sarah Collins,1988-09-22,3030,false,,active,2018-08-04,2025-10-01
A001251,mark.kumar4347@yahoo.com.au,Mark Kumar,1990-08-29,2150,true,2025-08-31,lapsed,2022-09-19,2025-05-09
A001252,susan.campbell6390@outlook.com,Susan Campbell,1956-11-03,2600,true,2024-07-20,lapsed,2023-11-13,2024-07-03
A001253,ming.williams3748@bigpond.com,Ming Williams,2006-01-17,2010,true,2025-05-09,lapsed,2024-12-20,2025-04-29
A001254,margaret.anderson62@gmail.com,Margaret Anderson,1953-09-15,2000,true,2022-08-16,lapsed,2021-05-09,2025-03-02
A001255,richard.costa212@gmail.com,Richard Costa,2001-12-25,3141,true,2019-06-27,lapsed,2018-01-15,2020-03-16
A001256,anthony.jones5792@hotmail.com,Anthony Jones,1976-05-28,3141,true,2025-08-17,closed,2024-05-20,2025-08-11
A001257,david.ryan4457@outlook.com,David Ryan,1963-10-10,7000,true,2024-10-11,active,2024-06-24,2026-05-08
A001258,steven.zhang6700@icloud.com,Steven Zhang,1986-06-29,6000,true,2022-01-08,lapsed,2020-02-29,2025-06-08
A001259,david.mitchell4631@yahoo.com.au,David Mitchell,1955-03-20,2000,false,,lapsed,2024-03-24,2024-12-16
A001260,jennifer.wright2890@hotmail.com,Jennifer Wright,1950-04-23,2026,true,2023-03-10,lapsed,2019-12-10,2025-06-18
A001261,joseph.anderson576@icloud.com,Joseph Anderson,1953-12-04,4000,true,2023-12-04,lapsed,2018-08-29,2021-12-08
A001262,elizabeth.stewart7974@bigpond.com,Elizabeth Stewart,1951-07-05,6000,false,,lapsed,2023-11-29,2023-12-18
A001263,margaret.baker9342@yahoo.com.au,Margaret Baker,2003-05-22,5000,false,,active,2024-07-07,2025-10-06
A001264,catherine.singh494@icloud.com,Catherine Singh,1994-01-27,5000,true,2026-05-31,active,2026-03-31,2026-06-05
A001265,hiro.singh9403@gmail.com,Hiro Singh,1996-09-03,2170,true,2024-12-29,lapsed,2017-10-31,2020-06-07
A001266,karen.baker1516@outlook.com,Karen Baker,1950-01-05,2150,false,,lapsed,2022-08-04,2024-09-16
A001267,raj.taylor7016@gmail.com,Raj Taylor,1977-04-09,3550,true,2022-10-18,lapsed,2022-02-21,2024-09-24
A001268,joseph.taylor8265@yahoo.com.au,Joseph Taylor,1997-08-29,2026,true,2026-04-21,lapsed,2020-04-07,2020-07-26
A001269,giulia.nguyen9818@icloud.com,Giulia Nguyen,1957-04-25,3030,false,,lapsed,2023-03-13,2024-06-28
A001270,richard.brown9930@gmail.com,Richard Brown,1996-07-29,3030,false,,lapsed,2018-07-02,2024-05-21
A001271,yuki.johnson4819@outlook.com,Yuki Johnson,2004-07-31,2026,false,,active,2024-11-30,2026-04-22
A001272,joshua.williams3414@gmail.com,Joshua Williams,1983-06-05,2000,true,2026-06-05,active,2026-01-06,2026-03-26
A001273,michael.rossi3109@outlook.com,Michael Rossi,1978-02-06,2600,true,2025-12-30,lapsed,2022-05-05,2025-02-10
A001274,giulia.taylor4645@hotmail.com,Giulia Taylor,1989-10-06,2150,true,2025-02-04,lapsed,2018-08-14,2019-02-27
A001275,ming.stewart7172@yahoo.com.au,Ming Stewart,1960-01-20,3121,true,2022-06-01,lapsed,2021-08-22,2023-07-26
A001276,andrew.liu1331@bigpond.com,Andrew Liu,1954-11-10,2010,true,2025-06-05,lapsed,2025-02-22,2025-04-16
A001277,hiro.sato6675@bigpond.com,Hiro Sato,1961-12-23,2000,true,2022-07-23,lapsed,2020-11-20,2021-11-03
A001278,richard.wang6856@yahoo.com.au,Richard Wang,1995-08-29,2026,true,2023-07-05,active,2021-04-22,2026-01-30
A001279,laura.anderson985@outlook.com,Laura Anderson,1959-06-17,3030,false,,lapsed,2022-03-16,2024-08-13
A001280,stephanie.stewart5038@yahoo.com.au,Stephanie Stewart,1993-02-21,3199,false,,closed,2018-07-20,2020-07-05
A001281,rebecca.evans4510@gmail.com,Rebecca Evans,1996-09-18,2010,true,2025-06-07,lapsed,2018-06-05,2024-03-05
A001282,marco.nguyen9742@bigpond.com,Marco Nguyen,1995-03-07,4217,false,,lapsed,2018-09-15,2019-04-02
A001283,linda.pham4435@outlook.com,Linda Pham,1960-06-15,3141,true,2023-03-21,lapsed,2017-10-09,2024-08-23
A001284,george.walker6167@yahoo.com.au,George Walker,1984-09-22,4000,true,2020-12-19,lapsed,2017-08-27,2020-04-14
A001285,hiro.ryan3519@outlook.com,Hiro Ryan,1978-07-04,4217,false,,active,2025-02-14,2026-03-04
A001286,charles.baker1096@outlook.com,Charles Baker,1975-08-11,3182,true,2024-07-18,lapsed,2021-07-24,2025-03-27
A001287,william.ali2735@hotmail.com,William Ali,1992-10-12,3182,true,2025-12-18,active,2025-10-12,2026-04-05
A001288,michael.clarke7098@bigpond.com,Michael Clarke,1968-01-29,3199,true,2022-06-20,lapsed,2019-12-25,2025-02-21
A001289,catherine.green3145@bigpond.com,Catherine Green,1950-06-12,3000,false,,lapsed,2019-03-31,2024-06-09
A001290,matthew.jones4354@icloud.com,Matthew Jones,1991-10-29,3141,false,,lapsed,2021-11-22,2025-05-02
A001291,brian.tanaka7157@yahoo.com.au,Brian Tanaka,1999-12-01,3030,false,,lapsed,2021-12-11,2023-01-06
A001292,samantha.green7746@bigpond.com,Samantha Green,1990-07-11,2170,true,2025-02-03,active,2021-04-09,2025-11-11
A001293,samantha.rossi6922@gmail.com,Samantha Rossi,1996-11-05,2000,true,2022-06-29,closed,2017-09-10,2024-03-08
A001294,james.king5499@yahoo.com.au,James King,1993-12-02,3199,false,,lapsed,2018-12-03,2021-06-19
A001295,raj.stewart4255@yahoo.com.au,Raj Stewart,1970-07-21,3000,true,2023-10-12,lapsed,2019-03-21,2024-11-18
A001296,brian.chen816@bigpond.com,Brian Chen,1963-04-30,2150,false,,lapsed,2023-06-06,2024-09-21
A001297,christine.singh1628@gmail.com,Christine Singh,1958-02-19,6000,false,,closed,2017-12-18,2024-01-31
A001298,steven.white1748@yahoo.com.au,Steven White,1958-12-05,2170,true,2025-08-06,lapsed,2025-05-14,2025-06-06
A001299,anthony.martin3382@gmail.com,Anthony Martin,1957-06-09,4000,false,,lapsed,2020-08-04,2024-01-06
A001300,david.turner5299@hotmail.com,David Turner,1985-05-29,2010,false,,active,2025-07-10,2026-04-08
A001301,karen.clarke9861@icloud.com,Karen Clarke,1966-07-03,2010,true,2020-08-16,lapsed,2019-12-20,2022-07-11
A001302,katherine.zhang4949@yahoo.com.au,Katherine Zhang,1966-08-13,3550,true,2026-01-08,active,2024-03-17,2026-02-06
A001303,mark.johnson1092@icloud.com,Mark Johnson,1976-12-03,3141,false,,closed,2017-10-15,2020-10-06
A001304,amanda.kumar781@outlook.com,Amanda Kumar,1958-06-18,2170,true,2022-03-19,lapsed,2021-10-10,2024-06-30
A001305,catherine.collins4530@gmail.com,Catherine Collins,1972-10-12,3550,false,,lapsed,2022-03-18,2024-03-14
A001306,karen.robinson1260@bigpond.com,Karen Robinson,2005-12-13,3056,true,2022-09-11,lapsed,2017-07-07,2020-05-20
A001307,samantha.jones9541@hotmail.com,Samantha Jones,1980-01-19,3182,false,,lapsed,2019-08-03,2021-10-18
A001308,patricia.scott74@hotmail.com,Patricia Scott,1988-06-18,3141,true,2026-06-10,active,2025-09-21,2026-06-19
A001309,marco.kumar8735@icloud.com,Marco Kumar,1984-09-02,3182,false,,lapsed,2022-05-11,2022-08-15
A001310,deborah.murphy7464@bigpond.com,Deborah Murphy,1967-06-04,3030,true,2022-11-01,lapsed,2021-07-21,2024-08-15
A001311,joseph.evans2081@bigpond.com,Joseph Evans,1972-11-01,3199,true,2025-08-29,active,2023-06-14,2026-06-20
A001312,catherine.edwards4221@outlook.com,Catherine Edwards,2004-12-16,6000,true,2024-02-24,lapsed,2023-11-11,2024-11-14
A001313,katherine.costa6167@bigpond.com,Katherine Costa,1965-04-16,2170,true,2023-10-16,lapsed,2022-07-02,2024-02-27
A001314,charles.liu7522@icloud.com,Charles Liu,1977-07-23,7000,true,2020-11-01,lapsed,2019-04-11,2020-02-10
A001315,karen.khan8806@gmail.com,Karen Khan,1956-12-12,3199,true,2021-08-11,closed,2019-02-28,2021-10-26
A001316,brian.nguyen8315@hotmail.com,Brian Nguyen,1963-02-02,2150,true,2022-07-25,lapsed,2018-04-18,2022-02-26
A001317,raj.chen3835@outlook.com,Raj Chen,1971-05-11,3182,true,2020-09-12,active,2017-11-29,2026-04-13
A001318,linda.ali4155@icloud.com,Linda Ali,1999-08-06,7000,true,2025-10-04,active,2024-12-30,2026-01-31
A001319,catherine.green9076@hotmail.com,Catherine Green,1969-03-19,4000,false,,active,2020-12-20,2026-05-28
A001320,deborah.mitchell8594@yahoo.com.au,Deborah Mitchell,2004-01-07,2170,false,,active,2022-10-06,2025-09-11
A001321,sandra.jones1282@gmail.com,Sandra Jones,1995-07-20,3199,true,2024-09-03,lapsed,2017-09-28,2019-04-11
A001322,charles.clarke3001@outlook.com,Charles Clarke,1993-07-02,3000,false,,lapsed,2022-01-07,2023-10-22
A001323,karen.williams7889@yahoo.com.au,Karen Williams,1965-06-16,2010,false,,active,2024-04-19,2025-11-29
A001324,lisa.robinson8731@yahoo.com.au,Lisa Robinson,1992-05-30,3550,true,2022-03-04,closed,2020-06-19,2024-02-26
A001325,mark.turner7476@gmail.com,Mark Turner,1995-09-21,2170,true,2024-08-30,lapsed,2023-11-15,2025-05-12
A001326,nancy.liu7109@icloud.com,Nancy Liu,2006-09-21,2600,true,2023-12-01,lapsed,2023-10-18,2025-03-08
A001327,ahmed.harris3542@yahoo.com.au,Ahmed Harris,1980-06-27,3000,false,,active,2017-08-25,2025-10-07
A001328,brian.nguyen346@yahoo.com.au,Brian Nguyen,1970-08-29,6000,true,2025-08-12,active,2024-11-13,2026-06-09
A001329,george.khan2326@yahoo.com.au,George Khan,1967-03-30,4000,true,2024-12-01,lapsed,2020-12-08,2023-07-07
A001330,mark.jones150@yahoo.com.au,Mark Jones,1973-09-23,3182,true,2023-01-22,lapsed,2021-05-16,2022-01-24
A001331,elizabeth.liu5845@bigpond.com,Elizabeth Liu,1979-05-26,5000,true,2024-09-10,active,2022-04-23,2025-09-28
A001332,fatima.bell1583@icloud.com,Fatima Bell,1975-07-16,3199,true,2025-09-25,lapsed,2019-07-30,2022-03-10
A001333,priya.clarke7156@yahoo.com.au,Priya Clarke,1965-05-12,4217,false,,lapsed,2018-09-10,2024-06-26
A001334,rachel.costa1782@outlook.com,Rachel Costa,1965-12-07,2150,true,2024-12-24,active,2020-01-20,2025-10-19
A001335,andrew.martin4435@bigpond.com,Andrew Martin,1988-10-31,3220,false,,active,2025-10-26,2025-11-29
A001336,steven.zhang8736@yahoo.com.au,Steven Zhang,1986-01-22,6000,true,2024-07-05,lapsed,2023-02-06,2023-05-15
A001337,brian.costa4751@hotmail.com,Brian Costa,1978-12-22,3030,false,,closed,2025-05-19,2025-06-08
A001338,jennifer.scott154@gmail.com,Jennifer Scott,1999-12-31,2600,true,2025-09-09,lapsed,2018-01-07,2024-06-09
A001339,melissa.murphy1727@gmail.com,Melissa Murphy,1975-11-09,2600,true,2025-10-24,lapsed,2022-07-01,2022-09-16
A001340,deborah.chen5317@outlook.com,Deborah Chen,1991-08-09,2150,false,,lapsed,2022-05-21,2022-12-22
A001341,wei.costa5267@gmail.com,Wei Costa,1957-01-20,7000,false,,lapsed,2019-07-25,2021-08-08
A001342,jennifer.zhang5974@bigpond.com,Jennifer Zhang,1974-04-21,3220,false,,lapsed,2021-08-31,2024-08-16
A001343,yuki.martin1417@outlook.com,Yuki Martin,1983-07-26,4217,true,2025-02-16,active,2023-12-27,2026-04-18
A001344,joshua.sato7079@hotmail.com,Joshua Sato,1971-05-29,2170,true,2026-02-12,lapsed,2025-01-01,2025-01-01
A001345,george.kelly4386@icloud.com,George Kelly,1959-09-14,7000,true,2023-01-24,lapsed,2019-01-12,2019-12-09
A001346,david.pham3713@bigpond.com,David Pham,1977-05-09,3199,true,2025-03-21,lapsed,2022-04-04,2023-04-25
A001347,priya.thompson8529@icloud.com,Priya Thompson,1991-12-16,3182,true,2022-07-09,lapsed,2020-05-16,2021-10-11
A001348,george.mitchell5724@bigpond.com,George Mitchell,2004-05-17,2000,true,2025-12-06,lapsed,2025-01-07,2025-03-01
A001349,steven.walker8202@outlook.com,Steven Walker,1964-07-05,2150,true,2020-08-03,lapsed,2020-05-19,2022-02-08
A001350,helen.williams8566@icloud.com,Helen Williams,1975-06-11,3220,true,2025-05-04,lapsed,2023-08-28,2024-12-24
A001351,katherine.green27@yahoo.com.au,Katherine Green,1988-07-29,3030,true,2026-03-16,lapsed,2025-06-08,2025-07-01
A001352,raj.king1996@hotmail.com,Raj King,1959-08-27,3220,true,2024-07-01,lapsed,2018-10-25,2022-04-11
A001353,george.tran1487@outlook.com,George Tran,1952-07-20,6000,true,2021-09-03,active,2021-04-24,2025-12-08
A001354,ashley.nguyen8940@yahoo.com.au,Ashley Nguyen,1967-01-31,2010,true,2024-09-04,lapsed,2020-06-19,2020-10-24
A001355,ahmed.tran6993@gmail.com,Ahmed Tran,1987-11-13,6000,true,2025-09-13,active,2024-10-09,2026-01-30
A001356,olivia.costa6969@outlook.com,Olivia Costa,1997-09-01,3121,false,,active,2018-03-12,2025-09-25
A001357,timothy.nguyen7127@outlook.com,Timothy Nguyen,1971-07-30,4217,true,2025-08-24,active,2025-06-14,2026-05-19
A001358,george.bell9440@bigpond.com,George Bell,1999-11-23,3220,false,,lapsed,2018-03-20,2020-03-26
A001359,priya.smith9832@hotmail.com,Priya Smith,2006-02-13,4217,false,,active,2025-04-09,2026-05-08
A001360,patricia.white5124@hotmail.com,Patricia White,1967-08-31,5000,false,,active,2021-05-25,2026-01-29
A001361,susan.harris4798@yahoo.com.au,Susan Harris,1952-10-16,3030,false,,lapsed,2023-04-09,2024-01-07
A001362,olivia.brown6979@bigpond.com,Olivia Brown,1957-07-24,3220,true,2023-06-02,lapsed,2020-02-23,2023-10-01
A001363,brian.sato9231@gmail.com,Brian Sato,1982-06-06,3550,false,,lapsed,2018-07-14,2020-03-18
A001364,amanda.smith4335@yahoo.com.au,Amanda Smith,2005-02-22,7000,true,2022-10-31,lapsed,2020-12-10,2022-08-19
A001365,robert.evans8751@bigpond.com,Robert Evans,1993-10-11,3199,true,2023-04-20,lapsed,2020-09-20,2023-10-04
A001366,susan.rossi7217@bigpond.com,Susan Rossi,1987-12-18,2170,true,2025-08-24,active,2025-04-24,2026-05-16
A001367,yuki.robinson7687@gmail.com,Yuki Robinson,1988-04-01,3550,true,2023-09-03,lapsed,2019-12-19,2020-02-04
A001368,david.walker8622@bigpond.com,David Walker,1952-09-20,3182,true,2026-04-09,lapsed,2024-10-28,2024-11-29
A001369,rebecca.liu6558@hotmail.com,Rebecca Liu,1996-10-15,3030,false,,lapsed,2019-09-12,2022-08-17
A001370,patricia.wilson6475@yahoo.com.au,Patricia Wilson,2006-02-23,2170,true,2025-11-02,lapsed,2018-08-03,2023-08-05
A001371,richard.adams9455@icloud.com,Richard Adams,1999-05-30,3030,true,2018-09-30,lapsed,2018-05-25,2023-06-21
A001372,ashley.lee9995@bigpond.com,Ashley Lee,1987-03-21,3030,true,2022-11-03,lapsed,2022-05-12,2023-09-04
A001373,sandra.johnson4091@yahoo.com.au,Sandra Johnson,1954-10-08,3121,true,2024-01-28,lapsed,2023-02-19,2024-02-19
A001374,lisa.hall6447@gmail.com,Lisa Hall,1954-12-03,3121,true,2026-06-03,active,2026-05-23,2026-06-08
A001375,brian.scott447@icloud.com,Brian Scott,1971-12-24,3056,true,2023-09-20,lapsed,2019-02-23,2023-03-31
A001376,anthony.white4292@hotmail.com,Anthony White,1982-12-08,7000,false,,lapsed,2017-07-12,2025-06-19
A001377,deborah.liu6341@outlook.com,Deborah Liu,1988-07-22,4217,false,,lapsed,2020-02-17,2020-02-27
A001378,rebecca.liu3912@bigpond.com,Rebecca Liu,1986-12-22,7000,false,,lapsed,2023-07-26,2025-04-05
A001379,patricia.smith6829@bigpond.com,Patricia Smith,1978-01-15,3056,true,2023-08-02,closed,2021-08-13,2025-08-21
A001380,melissa.johnson4615@outlook.com,Melissa Johnson,1978-11-26,3030,false,,lapsed,2023-07-20,2024-04-04
A001381,amanda.taylor6997@outlook.com,Amanda Taylor,1983-10-31,2000,true,2026-06-02,active,2026-06-01,2026-06-14
A001382,giulia.ryan9662@outlook.com,Giulia Ryan,1963-08-18,4000,true,2025-05-29,lapsed,2023-02-14,2024-07-22
A001383,jessica.green1546@hotmail.com,Jessica Green,1970-10-02,3141,true,2025-06-18,active,2025-03-11,2026-03-31
A001384,lisa.martin591@yahoo.com.au,Lisa Martin,1968-07-30,3141,true,2019-01-18,lapsed,2017-08-29,2019-10-05
A001385,timothy.stewart7698@outlook.com,Timothy Stewart,1987-05-12,7000,true,2025-03-20,lapsed,2018-06-06,2025-06-14
A001386,george.pham9189@gmail.com,George Pham,1959-10-18,3000,false,,active,2026-05-24,2026-06-23
A001387,wei.edwards1045@outlook.com,Wei Edwards,1961-08-09,6000,true,2026-03-12,lapsed,2017-09-05,2022-07-17
A001388,margaret.hall8341@outlook.com,Margaret Hall,2003-11-30,2010,true,2022-07-03,lapsed,2020-05-17,2024-11-17
A001389,rebecca.brown3161@outlook.com,Rebecca Brown,1951-12-04,3199,true,2022-11-11,closed,2021-10-07,2022-01-07
A001390,ahmed.rossi5278@hotmail.com,Ahmed Rossi,1961-01-07,2170,true,2025-01-03,lapsed,2020-08-25,2021-12-22
A001391,joseph.king6828@icloud.com,Joseph King,1952-08-08,3182,false,,active,2023-12-03,2026-02-15
A001392,emma.campbell8073@icloud.com,Emma Campbell,1967-10-31,6000,false,,lapsed,2022-10-24,2024-11-03
A001393,giulia.campbell2268@hotmail.com,Giulia Campbell,1951-04-07,5000,true,2022-11-17,closed,2017-11-22,2026-06-30
A001394,katherine.robinson3868@bigpond.com,Katherine Robinson,1998-05-04,3030,true,2023-11-12,lapsed,2020-07-18,2021-01-20
A001395,james.baker1828@hotmail.com,James Baker,1953-07-26,3199,true,2023-08-29,lapsed,2022-11-26,2024-05-31
A001396,brian.hall7678@yahoo.com.au,Brian Hall,1993-05-01,4217,false,,lapsed,2018-01-17,2024-06-25
A001397,amanda.clarke934@hotmail.com,Amanda Clarke,2004-02-26,2170,true,2025-05-12,lapsed,2018-08-16,2019-06-21
A001398,linda.ryan9865@icloud.com,Linda Ryan,1981-06-13,2000,true,2025-05-09,lapsed,2019-07-01,2024-05-22
A001399,raj.obrien4059@yahoo.com.au,Raj OBrien,1996-05-14,2026,false,,lapsed,2022-04-30,2024-07-29
A001400,ashley.stewart2398@gmail.com,Ashley Stewart,1964-10-24,3030,true,2023-04-07,active,2023-01-28,2025-08-27
A001401,melissa.chen9821@outlook.com,Melissa Chen,1957-08-21,3220,false,,lapsed,2022-03-30,2024-12-07
A001402,samantha.johnson1698@yahoo.com.au,Samantha Johnson,1982-02-09,2000,false,,lapsed,2017-08-25,2019-06-02
A001403,joshua.murphy7675@gmail.com,Joshua Murphy,1990-10-26,3056,true,2021-06-22,lapsed,2020-09-16,2024-07-08
A001404,rachel.thompson3463@outlook.com,Rachel Thompson,1951-03-12,3182,true,2025-09-17,active,2024-06-27,2026-02-04
A001405,christine.baker4113@outlook.com,Christine Baker,1962-09-10,4217,true,2021-09-20,lapsed,2021-02-19,2024-08-10
A001406,richard.brown4158@yahoo.com.au,Richard Brown,1972-08-22,3199,false,,active,2020-10-14,2026-01-21
A001407,thomas.campbell1291@bigpond.com,Thomas Campbell,1987-02-18,3550,true,2023-12-12,lapsed,2023-11-25,2024-10-02
A001408,jessica.singh5893@bigpond.com,Jessica Singh,1985-09-09,4217,true,2022-04-02,lapsed,2020-02-08,2025-02-12
A001409,katherine.ryan4886@gmail.com,Katherine Ryan,1968-10-02,3220,true,2023-01-07,lapsed,2022-08-18,2023-02-19
A001410,timothy.ali5299@bigpond.com,Timothy Ali,1962-08-29,2600,true,2026-02-27,lapsed,2024-08-30,2024-10-16
A001411,samantha.martin7290@yahoo.com.au,Samantha Martin,1980-08-24,4217,true,2026-06-26,active,2026-05-12,2026-06-06
A001412,michael.martin4352@yahoo.com.au,Michael Martin,1953-10-04,3199,true,2026-01-11,closed,2025-12-27,2026-04-18
A001413,deborah.singh6477@outlook.com,Deborah Singh,2003-06-03,2010,true,2025-08-31,active,2025-07-28,2025-09-04
A001414,matthew.anderson4749@icloud.com,Matthew Anderson,1960-02-29,3000,true,2025-05-01,lapsed,2021-01-26,2022-10-02
A001415,ashley.johnson9097@hotmail.com,Ashley Johnson,1994-01-16,7000,true,2025-09-09,active,2025-03-22,2026-03-22
A001416,charles.martin7177@hotmail.com,Charles Martin,1952-02-27,2170,true,2025-09-12,lapsed,2017-07-10,2021-06-30
A001417,ming.mitchell741@yahoo.com.au,Ming Mitchell,1986-10-27,3030,true,2023-05-19,active,2023-05-08,2025-10-11
A001418,patricia.johnson124@bigpond.com,Patricia Johnson,1974-06-25,2150,false,,lapsed,2020-10-16,2025-03-24
A001419,priya.wilson1015@yahoo.com.au,Priya Wilson,1995-08-10,2010,true,2023-05-23,lapsed,2022-10-23,2024-01-28
A001420,raj.rossi6147@gmail.com,Raj Rossi,1975-07-28,3182,false,,active,2024-06-26,2026-01-28
A001421,ahmed.king2775@hotmail.com,Ahmed King,1968-07-12,6000,true,2026-02-20,lapsed,2018-03-06,2018-03-30
A001422,robert.campbell5469@outlook.com,Robert Campbell,1983-12-24,2150,true,2024-09-25,lapsed,2021-10-14,2024-03-28
A001423,ashley.scott5073@gmail.com,Ashley Scott,1968-06-24,2150,true,2020-07-27,lapsed,2019-11-28,2023-03-29
A001424,wei.liu1158@bigpond.com,Wei Liu,1960-03-30,3056,false,,active,2022-07-24,2025-10-09
A001425,kevin.martin599@hotmail.com,Kevin Martin,1964-10-15,3141,true,2026-02-02,lapsed,2018-04-26,2019-11-21
A001426,michael.martin6484@gmail.com,Michael Martin,1962-11-22,7000,true,2023-01-03,lapsed,2022-12-29,2023-05-16
A001427,linda.collins4178@icloud.com,Linda Collins,1993-07-11,3199,false,,active,2020-01-29,2025-12-26
A001428,yuki.turner7628@outlook.com,Yuki Turner,2000-04-07,2000,false,,active,2020-03-21,2026-02-06
A001429,charles.thompson7983@outlook.com,Charles Thompson,1996-07-31,2026,false,,lapsed,2018-11-30,2020-04-29
A001430,marco.sato1968@yahoo.com.au,Marco Sato,1971-07-01,3220,true,2026-07-02,active,2026-01-24,2026-06-17
A001431,susan.adams2315@hotmail.com,Susan Adams,1983-01-15,3056,false,,lapsed,2021-04-03,2022-05-07
A001432,yuki.edwards1395@outlook.com,Yuki Edwards,2005-04-09,7000,true,2026-04-02,lapsed,2017-12-31,2023-08-24
A001433,mark.brown9909@outlook.com,Mark Brown,2003-08-03,3199,true,2019-11-07,active,2019-02-03,2025-11-19
A001434,hiro.turner7035@bigpond.com,Hiro Turner,1960-10-11,6000,true,2026-05-29,active,2026-04-17,2026-06-12
A001435,laura.brown5518@hotmail.com,Laura Brown,2000-07-14,3141,true,2025-01-07,lapsed,2023-09-06,2024-11-26
A001436,brian.jones3465@outlook.com,Brian Jones,1963-07-11,3000,true,2026-05-01,active,2025-12-15,2026-03-01
A001437,george.white8845@hotmail.com,George White,1981-03-29,2000,false,,lapsed,2018-06-28,2023-04-05
A001438,lisa.tanaka8255@bigpond.com,Lisa Tanaka,1997-05-27,3550,false,,active,2026-04-18,2026-06-15
A001439,priya.ali1135@outlook.com,Priya Ali,1954-09-12,3141,true,2025-09-19,active,2025-07-07,2026-03-18
A001440,melissa.murphy5168@outlook.com,Melissa Murphy,1982-08-30,3056,true,2024-07-05,active,2024-06-22,2026-05-02
A001441,giulia.johnson1741@outlook.com,Giulia Johnson,1961-10-23,3030,false,,lapsed,2019-11-07,2021-01-16
A001442,sandra.edwards2260@yahoo.com.au,Sandra Edwards,1979-02-11,2026,true,2024-10-26,active,2022-01-25,2025-12-10
A001443,joseph.adams5811@hotmail.com,Joseph Adams,1972-01-09,2000,true,2025-06-10,active,2025-05-06,2025-08-19
A001444,emily.evans606@bigpond.com,Emily Evans,1994-08-29,3182,false,,active,2019-10-06,2026-03-07
A001445,george.sato3431@yahoo.com.au,George Sato,1953-04-04,3000,true,2023-09-20,lapsed,2019-10-16,2021-11-12
A001446,yuki.costa2991@yahoo.com.au,Yuki Costa,1985-05-11,2026,false,,lapsed,2019-03-08,2020-10-21
A001447,mark.ryan1608@outlook.com,Mark Ryan,2003-02-06,3056,true,2025-10-05,active,2023-10-20,2026-02-04
A001448,david.liu1984@gmail.com,David Liu,1968-08-05,6000,true,2026-04-21,active,2025-09-25,2025-12-31
A001449,deborah.thompson5270@hotmail.com,Deborah Thompson,1974-01-31,2600,true,2026-01-19,active,2025-01-31,2026-07-01
A001450,david.chen123@icloud.com,David Chen,1969-04-14,3550,true,2026-04-21,active,2026-01-19,2026-01-27
A001451,william.kelly3669@icloud.com,William Kelly,1957-05-18,3056,true,2023-10-13,active,2022-09-12,2025-07-08
A001452,marco.robinson4888@gmail.com,Marco Robinson,2006-02-05,2010,true,2026-06-08,active,2026-03-01,2026-06-23
A001453,marco.harris5297@gmail.com,Marco Harris,1962-09-15,2026,true,2019-07-14,active,2018-04-12,2026-06-28
A001454,thomas.jones922@outlook.com,Thomas Jones,2002-05-13,7000,true,2026-03-01,lapsed,2021-02-22,2021-09-24
A001455,susan.pham710@icloud.com,Susan Pham,2002-09-22,2026,false,,lapsed,2018-03-03,2018-10-12
A001456,elizabeth.scott7342@hotmail.com,Elizabeth Scott,1993-04-03,2000,true,2024-07-04,lapsed,2019-09-04,2021-12-06
A001457,fatima.williams9649@yahoo.com.au,Fatima Williams,1997-04-14,5000,false,,lapsed,2018-03-06,2021-01-04
A001458,elizabeth.bell2945@yahoo.com.au,Elizabeth Bell,1962-08-21,2000,true,2023-03-21,lapsed,2022-09-19,2024-10-18
A001459,michelle.chen8145@gmail.com,Michelle Chen,1963-02-18,3199,false,,lapsed,2019-07-08,2024-05-29
A001460,richard.ali2379@outlook.com,Richard Ali,1977-09-20,3030,false,,lapsed,2017-11-28,2017-12-22
A001461,jessica.king3267@bigpond.com,Jessica King,1968-12-09,3550,true,2021-12-09,lapsed,2019-10-05,2023-01-24
A001462,timothy.pham198@icloud.com,Timothy Pham,1962-06-24,3182,false,,lapsed,2021-11-27,2024-01-15
A001463,rebecca.smith2443@icloud.com,Rebecca Smith,1992-05-24,2000,true,2026-06-10,active,2025-11-20,2025-11-26
A001464,fatima.nguyen5677@hotmail.com,Fatima Nguyen,1961-11-04,7000,true,2024-11-21,lapsed,2019-07-31,2023-09-22
A001465,melissa.liu7522@icloud.com,Melissa Liu,1990-02-25,2600,true,2025-11-14,active,2019-10-30,2025-07-20
A001466,sandra.wilson1935@bigpond.com,Sandra Wilson,2001-08-30,2000,true,2024-09-14,lapsed,2017-09-09,2023-12-22
A001467,marco.adams7581@hotmail.com,Marco Adams,1953-01-04,2000,true,2023-08-11,lapsed,2018-12-30,2024-01-08
A001468,emily.white3954@gmail.com,Emily White,1962-10-22,3121,true,2025-09-21,lapsed,2018-08-16,2018-09-08
A001469,susan.zhang8562@outlook.com,Susan Zhang,1975-08-24,2170,true,2025-03-15,active,2024-06-30,2025-11-07
A001470,nancy.murphy6162@icloud.com,Nancy Murphy,1965-11-27,3220,true,2025-12-08,closed,2025-04-06,2025-10-15
A001471,rebecca.thompson2746@outlook.com,Rebecca Thompson,1996-07-21,2010,true,2024-12-28,lapsed,2021-05-30,2023-12-24
A001472,priya.smith7725@outlook.com,Priya Smith,1996-01-09,3141,true,2023-08-01,lapsed,2021-12-16,2021-12-22
A001473,nancy.turner3079@icloud.com,Nancy Turner,1979-06-24,3141,true,2023-05-24,lapsed,2017-08-13,2020-08-02
A001474,joseph.smith2557@yahoo.com.au,Joseph Smith,1955-06-06,4000,true,2023-07-22,lapsed,2023-03-10,2024-05-21
A001475,jennifer.nguyen4315@hotmail.com,Jennifer Nguyen,1964-10-19,3199,false,,lapsed,2018-09-23,2024-02-14
A001476,brian.king9450@outlook.com,Brian King,1985-12-01,3121,true,2025-09-18,lapsed,2017-12-19,2024-06-22
A001477,olivia.king6815@bigpond.com,Olivia King,1954-05-22,5000,false,,active,2026-02-04,2026-03-17
A001478,jessica.martin2709@bigpond.com,Jessica Martin,1996-03-03,5000,false,,active,2026-01-30,2026-05-24
A001479,timothy.king6700@icloud.com,Timothy King,1987-09-03,5000,true,2026-06-13,active,2023-11-03,2026-02-17
A001480,stephanie.turner5878@yahoo.com.au,Stephanie Turner,2006-07-31,5000,true,2019-06-21,lapsed,2017-10-05,2022-10-09
A001481,michelle.taylor67@hotmail.com,Michelle Taylor,2003-10-22,4000,true,2026-04-17,active,2023-10-20,2025-08-03
A001482,william.wilson5336@hotmail.com,William Wilson,1957-10-05,3000,true,2024-09-14,closed,2020-10-10,2021-06-07
A001483,priya.anderson9679@yahoo.com.au,Priya Anderson,2003-05-27,2026,false,,active,2025-11-25,2026-03-29
A001484,giulia.turner4168@hotmail.com,Giulia Turner,1952-03-21,3056,false,,active,2024-03-21,2026-06-07
A001485,william.wang9896@bigpond.com,William Wang,1985-10-29,3199,true,2019-12-16,lapsed,2018-07-30,2022-04-25
A001486,wei.brown5268@outlook.com,Wei Brown,1984-12-07,2026,false,,active,2021-08-06,2025-07-22
A001487,wei.campbell3952@outlook.com,Wei Campbell,1999-06-03,2600,false,,lapsed,2019-02-26,2022-10-23
A001488,christine.chen5122@outlook.com,Christine Chen,2002-06-05,3220,true,2019-09-06,lapsed,2018-01-19,2023-05-03
A001489,wei.ali6651@yahoo.com.au,Wei Ali,1976-01-05,3141,false,,active,2021-10-07,2025-10-21
A001490,steven.adams9308@gmail.com,Steven Adams,1997-04-21,2000,false,,closed,2020-09-27,2025-02-08
A001491,margaret.smith7617@yahoo.com.au,Margaret Smith,1998-10-07,4217,true,2025-12-14,active,2025-09-30,2026-01-20
A001492,michelle.thompson8244@hotmail.com,Michelle Thompson,2004-01-12,2000,false,,active,2024-09-18,2025-07-26
A001493,michael.clarke511@yahoo.com.au,Michael Clarke,1979-01-30,2170,true,2024-01-13,lapsed,2020-08-22,2024-07-13
A001494,mark.nguyen86@gmail.com,Mark Nguyen,1965-01-10,3550,false,,lapsed,2018-08-03,2022-07-12
A001495,michael.mitchell5638@icloud.com,Michael Mitchell,1966-05-16,2170,true,2026-03-31,closed,2025-10-18,2026-04-26
A001496,raj.adams9784@icloud.com,Raj Adams,2005-04-25,4000,false,,lapsed,2023-05-05,2024-01-12
A001497,richard.scott4950@outlook.com,Richard Scott,1966-05-29,3550,true,2026-03-22,lapsed,2023-06-07,2024-09-05
A001498,george.kumar7269@bigpond.com,George Kumar,2002-01-13,2150,false,,lapsed,2021-07-26,2022-10-05
A001499,helen.ryan4636@gmail.com,Helen Ryan,1959-07-13,2026,true,2025-03-22,lapsed,2024-10-28,2025-02-26
A001500,rebecca.ali7291@bigpond.com,Rebecca Ali,1983-11-29,3030,false,,lapsed,2022-01-04,2025-02-03
A001501,deborah.ali7495@bigpond.com,Deborah Ali,1982-02-11,3056,true,2025-08-20,lapsed,2020-12-05,2024-03-16
A001502,catherine.baker1526@bigpond.com,Catherine Baker,1962-05-09,3220,true,2025-09-28,lapsed,2024-10-04,2025-02-11
A001503,margaret.lee6404@icloud.com,Margaret Lee,1955-07-09,4217,true,2026-05-04,active,2026-02-19,2026-03-30
A001504,mark.singh1793@gmail.com,Mark Singh,1982-10-11,3199,false,,active,2019-09-07,2025-12-26
A001505,deborah.clarke6026@hotmail.com,Deborah Clarke,1958-04-05,4000,true,2021-05-17,lapsed,2017-07-30,2022-03-31
A001506,linda.nguyen5499@yahoo.com.au,Linda Nguyen,1961-09-29,3550,true,2022-02-20,lapsed,2018-03-24,2023-12-02
A001507,emily.turner7765@outlook.com,Emily Turner,1971-10-31,2600,false,,lapsed,2017-10-28,2021-08-16
A001508,kevin.smith5016@hotmail.com,Kevin Smith,1998-06-11,2000,true,2026-02-27,active,2025-12-28,2026-05-13
A001509,stephanie.nguyen9883@bigpond.com,Stephanie Nguyen,1953-01-15,3220,true,2022-06-28,lapsed,2020-07-03,2020-07-10
A001510,helen.obrien5656@icloud.com,Helen OBrien,1990-09-23,3056,true,2023-11-02,active,2021-03-29,2025-12-19
A001511,margaret.green3271@outlook.com,Margaret Green,1963-01-25,7000,false,,lapsed,2020-04-19,2020-09-20
A001512,katherine.edwards6664@hotmail.com,Katherine Edwards,1964-01-28,3220,true,2021-08-07,lapsed,2020-07-04,2020-08-18
A001513,ashley.bell7292@hotmail.com,Ashley Bell,1952-02-21,3199,false,,lapsed,2018-12-02,2023-09-22
A001514,steven.thompson3592@gmail.com,Steven Thompson,1966-01-25,3141,true,2025-09-10,active,2022-07-25,2026-02-18
A001515,andrew.lee6657@gmail.com,Andrew Lee,1986-08-29,4217,true,2022-06-24,closed,2021-04-30,2021-06-06
A001516,sarah.rossi2901@gmail.com,Sarah Rossi,1992-09-29,2600,false,,lapsed,2017-11-02,2024-07-13
A001517,andrew.anderson4101@outlook.com,Andrew Anderson,1959-07-26,2150,true,2023-12-15,lapsed,2018-06-29,2021-02-07
A001518,emily.campbell1835@outlook.com,Emily Campbell,1988-07-26,3182,true,2025-09-06,lapsed,2023-06-11,2024-05-02
A001519,marco.adams5890@gmail.com,Marco Adams,1992-10-17,4217,true,2025-12-23,active,2023-11-20,2026-01-27
A001520,mary.baker354@hotmail.com,Mary Baker,1960-07-03,7000,false,,lapsed,2021-06-10,2024-06-09
A001521,james.pham771@icloud.com,James Pham,1978-03-24,6000,true,2026-05-05,lapsed,2023-11-27,2025-04-24
A001522,david.williams7870@icloud.com,David Williams,1985-03-18,2600,true,2025-01-16,lapsed,2017-09-17,2022-09-30
A001523,amanda.pham9526@yahoo.com.au,Amanda Pham,1963-03-16,2600,true,2026-02-14,active,2025-09-12,2026-03-15
A001524,emma.costa5072@gmail.com,Emma Costa,1996-12-17,3182,true,2023-09-13,lapsed,2017-10-03,2022-09-09
A001525,linda.lee4784@hotmail.com,Linda Lee,1979-01-18,3550,true,2023-07-17,lapsed,2017-09-08,2018-01-06
A001526,olivia.smith7893@yahoo.com.au,Olivia Smith,2001-12-07,2600,true,2025-06-06,lapsed,2023-06-25,2023-07-10
A001527,patricia.stewart4013@hotmail.com,Patricia Stewart,1985-01-24,4217,true,2022-06-13,lapsed,2019-03-12,2022-05-21
A001528,melissa.baker1421@bigpond.com,Melissa Baker,1982-03-04,2170,true,2020-01-21,lapsed,2018-10-09,2019-10-18
A001529,brian.jones9915@hotmail.com,Brian Jones,1953-10-09,4000,true,2025-04-07,active,2024-12-06,2025-10-11
A001530,sandra.costa2098@bigpond.com,Sandra Costa,1965-05-17,3030,true,2026-06-12,active,2025-09-25,2026-06-24
A001531,marco.obrien6453@gmail.com,Marco OBrien,1963-07-24,3121,false,,active,2025-03-05,2026-03-25
A001532,mary.wilson4452@outlook.com,Mary Wilson,1977-10-28,3182,false,,lapsed,2020-02-10,2024-08-05
A001533,emma.thompson4211@icloud.com,Emma Thompson,1968-07-15,3220,true,2025-05-01,active,2018-12-07,2026-05-29
A001534,susan.mitchell745@outlook.com,Susan Mitchell,1977-03-27,4217,false,,lapsed,2022-12-26,2023-10-07
A001535,sandra.walker1448@hotmail.com,Sandra Walker,1963-12-05,3199,true,2026-01-06,lapsed,2017-07-23,2025-04-11
A001536,michael.ryan8674@hotmail.com,Michael Ryan,2000-07-20,7000,true,2026-06-14,lapsed,2023-09-23,2024-08-08
A001537,rebecca.obrien2932@gmail.com,Rebecca OBrien,1971-06-02,2600,true,2019-07-27,lapsed,2018-12-05,2022-03-12
A001538,melissa.martin1725@outlook.com,Melissa Martin,1951-06-09,3550,false,,active,2025-08-01,2025-12-11
A001539,david.kumar8685@hotmail.com,David Kumar,1994-07-18,2600,true,2022-11-12,lapsed,2018-08-09,2023-11-07
A001540,giulia.ali631@gmail.com,Giulia Ali,2004-04-03,4217,true,2022-07-19,lapsed,2022-01-05,2022-05-29
A001541,wei.sato8835@hotmail.com,Wei Sato,1971-10-11,3000,true,2018-07-05,lapsed,2018-02-18,2019-09-04
A001542,robert.rossi8213@yahoo.com.au,Robert Rossi,1983-07-04,4217,true,2026-04-19,lapsed,2019-01-16,2023-01-25
A001543,lisa.mitchell6395@icloud.com,Lisa Mitchell,1993-05-28,3121,true,2021-12-24,lapsed,2019-09-03,2024-06-15
A001544,sarah.obrien40@yahoo.com.au,Sarah OBrien,1963-12-16,7000,true,2025-05-21,active,2023-03-07,2026-02-18
A001545,brian.sato3768@gmail.com,Brian Sato,1994-09-12,3550,false,,lapsed,2018-05-25,2021-09-18
A001546,thomas.thompson2550@hotmail.com,Thomas Thompson,1981-07-24,3199,false,,lapsed,2020-01-31,2022-12-28
A001547,yuki.sato623@bigpond.com,Yuki Sato,2000-06-24,3220,true,2024-10-11,lapsed,2023-01-28,2024-04-25
A001548,jessica.zhang9097@hotmail.com,Jessica Zhang,1976-06-13,2026,true,2025-06-29,active,2024-12-06,2026-06-30
A001549,marco.harris9371@hotmail.com,Marco Harris,1956-08-21,2026,false,,lapsed,2024-07-26,2024-12-31
A001550,stephanie.zhang7665@hotmail.com,Stephanie Zhang,1997-11-10,3550,true,2026-07-02,active,2026-03-27,2026-04-04
A001551,nancy.chen4811@gmail.com,Nancy Chen,1954-09-23,3141,true,2025-12-28,lapsed,2021-10-26,2023-09-24
A001552,giulia.kelly5291@gmail.com,Giulia Kelly,1991-02-28,6000,true,2025-05-19,lapsed,2023-11-09,2024-03-17
A001553,karen.pham4881@bigpond.com,Karen Pham,1971-06-02,3199,true,2026-02-06,active,2022-05-11,2026-06-24
A001554,charles.hall7155@outlook.com,Charles Hall,1958-02-22,3030,true,2024-05-28,lapsed,2018-03-23,2019-08-12
A001555,ahmed.robinson4402@bigpond.com,Ahmed Robinson,1987-09-09,4000,true,2026-06-03,active,2026-05-31,2026-06-02
A001556,jennifer.mitchell396@yahoo.com.au,Jennifer Mitchell,1951-12-20,3182,true,2019-02-04,lapsed,2018-10-13,2019-12-29
A001557,nancy.smith3779@bigpond.com,Nancy Smith,1993-10-29,3056,true,2019-04-22,lapsed,2017-12-29,2025-03-10
A001558,michelle.rossi5030@hotmail.com,Michelle Rossi,1994-03-12,3220,false,,lapsed,2021-03-10,2021-06-11
A001559,samantha.chen8618@bigpond.com,Samantha Chen,1986-10-20,3056,true,2023-08-04,lapsed,2023-04-30,2023-12-28
A001560,steven.kumar5843@hotmail.com,Steven Kumar,1981-02-28,7000,true,2024-07-12,lapsed,2023-05-17,2023-12-30
A001561,william.edwards7580@hotmail.com,William Edwards,1999-10-14,3056,true,2025-07-17,active,2024-03-15,2025-12-24
A001562,nancy.kelly8024@hotmail.com,Nancy Kelly,1997-02-12,3056,false,,lapsed,2023-10-08,2023-11-27
A001563,thomas.edwards474@gmail.com,Thomas Edwards,1991-06-11,5000,false,,lapsed,2020-05-02,2024-10-11
A001564,ming.chen3646@icloud.com,Ming Chen,1972-09-18,4217,true,2024-10-11,lapsed,2020-11-30,2024-08-28
A001565,fatima.lee7563@gmail.com,Fatima Lee,2001-10-14,3121,true,2025-05-08,lapsed,2024-08-28,2025-04-01
A001566,robert.rossi5100@gmail.com,Robert Rossi,1996-07-27,2170,true,2025-08-27,active,2020-01-14,2025-12-04
A001567,laura.kumar6519@bigpond.com,Laura Kumar,1960-07-25,3141,true,2026-05-30,active,2025-06-04,2025-12-18
A001568,joshua.bell7993@gmail.com,Joshua Bell,1973-09-21,2010,false,,active,2025-10-11,2025-10-18
A001569,raj.wilson6917@yahoo.com.au,Raj Wilson,1977-03-02,7000,true,2026-04-24,active,2026-03-13,2026-05-28
A001570,mary.kelly587@gmail.com,Mary Kelly,1977-02-05,3121,true,2022-12-10,lapsed,2018-01-10,2021-09-25
A001571,william.liu517@hotmail.com,William Liu,1990-02-18,4217,true,2024-05-26,lapsed,2017-12-15,2023-06-06
A001572,jennifer.ryan8857@outlook.com,Jennifer Ryan,1997-04-30,3220,true,2026-03-27,active,2026-02-05,2026-04-30
A001573,yuki.tran8922@icloud.com,Yuki Tran,1970-07-24,3000,true,2024-12-25,lapsed,2017-12-01,2024-04-08
A001574,fatima.collins3582@hotmail.com,Fatima Collins,1973-10-08,6000,true,2024-11-13,active,2021-08-04,2026-05-18
A001575,christine.bell8376@hotmail.com,Christine Bell,1991-04-01,5000,true,2024-02-15,active,2020-09-23,2026-01-06
A001576,samantha.edwards8794@gmail.com,Samantha Edwards,1961-08-14,2150,true,2024-08-17,active,2017-08-07,2026-03-22
A001577,michael.lee5007@outlook.com,Michael Lee,1965-11-28,5000,false,,active,2025-11-28,2026-02-08
A001578,sandra.obrien8485@yahoo.com.au,Sandra OBrien,1968-11-04,2026,true,2020-10-10,lapsed,2020-08-24,2022-01-27
A001579,amanda.jones9907@yahoo.com.au,Amanda Jones,1993-03-25,4000,false,,lapsed,2020-11-26,2023-06-02
A001580,melissa.anderson3746@outlook.com,Melissa Anderson,1994-08-26,2600,true,2025-08-11,lapsed,2023-12-03,2024-04-19
A001581,patricia.obrien3574@icloud.com,Patricia OBrien,1983-06-28,3182,true,2026-05-08,lapsed,2019-10-13,2022-12-07
A001582,christine.white5192@icloud.com,Christine White,1950-02-07,2170,true,2026-06-27,lapsed,2024-07-02,2025-02-23
A001583,joseph.edwards803@outlook.com,Joseph Edwards,1982-10-08,3550,true,2024-01-18,lapsed,2018-03-25,2019-08-19
A001584,timothy.johnson2932@outlook.com,Timothy Johnson,1982-07-22,4000,true,2026-06-01,closed,2024-11-16,2024-11-24
A001585,thomas.nguyen7571@outlook.com,Thomas Nguyen,2002-02-12,3182,false,,active,2023-04-10,2025-10-18
A001586,joseph.obrien3278@bigpond.com,Joseph OBrien,1986-02-12,3182,true,2025-12-28,lapsed,2024-03-08,2024-03-08
A001587,ashley.green3993@hotmail.com,Ashley Green,1988-07-01,3141,true,2024-10-12,lapsed,2021-09-10,2022-06-26
A001588,raj.chen6745@hotmail.com,Raj Chen,1964-03-09,3141,false,,active,2025-01-02,2025-11-24
A001589,raj.chen6600@outlook.com,Raj Chen,1954-12-10,5000,false,,active,2025-10-07,2026-03-17
A001590,matthew.tanaka1460@yahoo.com.au,Matthew Tanaka,2001-09-01,3220,true,2024-03-20,lapsed,2023-11-02,2024-05-21
A001591,matthew.wilson3425@yahoo.com.au,Matthew Wilson,1976-02-01,3121,true,2022-08-15,lapsed,2020-09-19,2025-06-03
A001592,kevin.harris3914@yahoo.com.au,Kevin Harris,1992-03-08,2026,false,,lapsed,2020-06-29,2023-06-29
A001593,raj.thompson2776@icloud.com,Raj Thompson,1955-04-03,4000,true,2023-08-05,active,2022-03-24,2026-03-30
A001594,jessica.white5620@icloud.com,Jessica White,1964-01-24,3550,false,,active,2025-01-29,2026-03-10
A001595,katherine.clarke7840@icloud.com,Katherine Clarke,1990-11-17,5000,true,2024-11-04,lapsed,2020-05-27,2021-05-24
A001596,fatima.johnson1493@gmail.com,Fatima Johnson,1980-10-13,3056,true,2024-06-28,lapsed,2021-08-15,2022-01-31
A001597,ming.taylor5019@outlook.com,Ming Taylor,1983-07-26,2170,true,2025-11-26,lapsed,2019-05-05,2019-11-04
A001598,fatima.bell3446@yahoo.com.au,Fatima Bell,1973-04-17,2026,true,2025-11-22,active,2025-04-13,2025-07-04
A001599,jessica.harris3936@outlook.com,Jessica Harris,1975-07-23,3056,true,2026-04-08,active,2026-02-24,2026-04-09
A001600,thomas.singh5381@yahoo.com.au,Thomas Singh,1966-10-10,3141,true,2025-06-28,lapsed,2019-09-29,2021-01-03
A001601,joseph.wang9341@outlook.com,Joseph Wang,1956-10-15,4000,true,2022-05-30,lapsed,2021-06-17,2021-09-26
A001602,karen.wang9146@icloud.com,Karen Wang,1979-10-04,3550,true,2022-08-29,closed,2022-04-27,2022-07-08
A001603,brian.campbell2184@icloud.com,Brian Campbell,1993-05-03,3550,true,2020-09-24,lapsed,2020-08-26,2023-08-22
A001604,amanda.scott3937@hotmail.com,Amanda Scott,1996-03-27,2026,true,2023-02-21,active,2022-08-16,2025-08-26
A001605,matthew.obrien9759@yahoo.com.au,Matthew OBrien,1993-11-17,3220,false,,lapsed,2022-05-06,2024-05-14
A001606,james.williams6419@icloud.com,James Williams,1978-07-31,6000,false,,active,2024-04-06,2025-12-09
A001607,linda.murphy2439@gmail.com,Linda Murphy,1983-05-31,2170,true,2019-07-09,lapsed,2019-03-29,2019-05-08
A001608,brian.scott1377@outlook.com,Brian Scott,1956-07-04,2150,true,2025-01-28,closed,2023-06-29,2023-07-15
A001609,priya.murphy9043@yahoo.com.au,Priya Murphy,1977-11-28,2150,false,,active,2025-09-19,2026-02-10
A001610,sandra.singh608@gmail.com,Sandra Singh,1999-10-09,3182,false,,lapsed,2022-10-24,2024-01-14
A001611,raj.adams2814@gmail.com,Raj Adams,1956-03-07,3030,true,2023-03-16,lapsed,2020-01-26,2021-11-21
A001612,james.singh9884@gmail.com,James Singh,2004-09-04,3000,true,2026-06-27,active,2026-04-03,2026-05-17
A001613,susan.scott9297@icloud.com,Susan Scott,1971-03-29,3056,true,2026-05-16,active,2025-03-03,2025-09-05
A001614,joshua.king4979@yahoo.com.au,Joshua King,2001-02-08,6000,true,2020-08-04,lapsed,2017-11-20,2021-05-19
A001615,ming.smith2098@yahoo.com.au,Ming Smith,2005-04-12,3121,true,2023-06-08,active,2023-03-22,2025-09-09
A001616,wei.taylor6443@hotmail.com,Wei Taylor,1966-05-13,4000,true,2023-04-22,active,2019-06-02,2025-09-30
A001617,ashley.tran6319@yahoo.com.au,Ashley Tran,2005-03-15,3000,true,2023-06-16,lapsed,2022-01-17,2024-06-15
A001618,wei.smith7660@icloud.com,Wei Smith,1981-07-16,7000,true,2022-05-17,closed,2020-09-12,2023-01-27
A001619,katherine.ali985@bigpond.com,Katherine Ali,1953-12-05,2150,false,,active,2019-10-06,2026-01-27
A001620,giulia.walker9072@bigpond.com,Giulia Walker,1971-06-06,3141,true,2025-06-21,lapsed,2018-05-14,2022-04-14
A001621,susan.collins8711@outlook.com,Susan Collins,2002-06-17,3000,false,,lapsed,2019-07-07,2025-03-23
A001622,michelle.baker8392@hotmail.com,Michelle Baker,1971-06-23,4217,false,,lapsed,2021-10-05,2024-09-21
A001623,andrew.hall9322@hotmail.com,Andrew Hall,1986-02-07,4217,false,,active,2020-05-18,2026-06-16
A001624,mary.stewart9432@icloud.com,Mary Stewart,1975-06-08,3121,true,2020-12-11,lapsed,2018-03-28,2018-06-21
A001625,priya.kumar4734@icloud.com,Priya Kumar,1955-03-27,4217,true,2024-05-19,lapsed,2017-08-04,2018-01-15
A001626,rachel.rossi7257@icloud.com,Rachel Rossi,1961-10-20,5000,true,2024-04-23,lapsed,2017-10-13,2023-12-25
A001627,michael.zhang4302@gmail.com,Michael Zhang,1967-05-09,3199,true,2025-12-06,lapsed,2021-10-16,2023-11-02
A001628,stephanie.williams5829@bigpond.com,Stephanie Williams,1954-08-23,4217,true,2023-06-06,lapsed,2021-11-30,2022-08-09
A001629,melissa.hall9393@bigpond.com,Melissa Hall,1957-02-22,4000,true,2025-10-08,active,2023-10-03,2026-02-15
A001630,priya.baker1970@gmail.com,Priya Baker,1957-07-21,2170,true,2023-02-16,lapsed,2022-08-10,2025-05-27
A001631,patricia.murphy2836@gmail.com,Patricia Murphy,1957-08-02,3000,true,2026-04-30,active,2026-02-08,2026-05-31
A001632,james.walker5226@gmail.com,James Walker,1977-09-10,2000,false,,active,2021-04-12,2025-08-14
A001633,thomas.kelly1735@hotmail.com,Thomas Kelly,1970-01-31,2026,true,2026-01-05,active,2024-05-31,2026-05-27
A001634,george.sato2893@hotmail.com,George Sato,1985-04-20,2010,true,2024-06-30,lapsed,2020-08-20,2025-01-05
A001635,karen.walker9866@yahoo.com.au,Karen Walker,1982-10-12,3199,true,2020-01-03,active,2017-12-15,2025-12-15
A001636,karen.edwards6316@hotmail.com,Karen Edwards,2004-11-17,3220,true,2024-04-15,lapsed,2019-08-17,2020-06-14
A001637,emma.robinson5034@icloud.com,Emma Robinson,1977-03-31,3182,true,2024-02-20,lapsed,2023-07-05,2025-01-04
A001638,hiro.thompson3198@yahoo.com.au,Hiro Thompson,1973-06-24,2600,false,,lapsed,2019-04-05,2023-08-09
A001639,matthew.smith4198@hotmail.com,Matthew Smith,1953-07-02,3056,true,2025-10-22,active,2025-09-10,2025-11-07
A001640,kevin.mitchell2219@icloud.com,Kevin Mitchell,1999-01-21,2600,true,2024-08-19,lapsed,2021-01-13,2025-06-25
A001641,deborah.martin5008@icloud.com,Deborah Martin,1975-02-07,3182,false,,active,2025-09-04,2026-05-07
A001642,kevin.obrien2291@outlook.com,Kevin OBrien,1956-06-27,2600,true,2025-04-03,active,2019-04-24,2025-08-06
A001643,rachel.kumar262@gmail.com,Rachel Kumar,1952-04-11,6000,false,,active,2025-06-14,2026-03-19
A001644,yuki.brown2689@gmail.com,Yuki Brown,1975-03-03,2150,true,2024-08-18,active,2024-06-17,2025-10-24
A001645,patricia.obrien4653@hotmail.com,Patricia OBrien,1969-04-25,2000,false,,active,2025-11-24,2026-02-09
A001646,michael.costa8184@outlook.com,Michael Costa,1982-02-15,3220,true,2025-05-30,lapsed,2019-11-17,2024-03-19
A001647,christine.tanaka4146@gmail.com,Christine Tanaka,1977-12-26,2170,true,2026-01-30,active,2024-10-02,2025-09-28
A001648,catherine.white6362@yahoo.com.au,Catherine White,1999-10-05,4000,false,,lapsed,2023-10-22,2024-07-29
A001649,marco.pham1952@icloud.com,Marco Pham,1960-04-24,3000,true,2026-05-16,active,2024-01-02,2026-05-14
A001650,elizabeth.lee5866@outlook.com,Elizabeth Lee,1963-12-14,4000,true,2025-05-11,lapsed,2020-08-06,2022-11-05
A001651,matthew.taylor490@bigpond.com,Matthew Taylor,1956-03-25,3550,false,,active,2018-12-01,2026-02-06
A001652,sarah.wang1358@bigpond.com,Sarah Wang,2005-07-07,3199,true,2018-03-17,lapsed,2018-02-25,2024-04-07
A001653,yuki.scott6261@bigpond.com,Yuki Scott,1982-09-07,3182,true,2023-06-13,lapsed,2021-04-03,2023-11-12
A001654,nancy.robinson6464@gmail.com,Nancy Robinson,1964-03-27,5000,true,2024-06-24,active,2022-09-09,2025-12-01
A001655,katherine.chen3055@gmail.com,Katherine Chen,1966-05-14,2170,false,,lapsed,2019-12-22,2021-04-03
A001656,michelle.mitchell6933@yahoo.com.au,Michelle Mitchell,1989-10-23,2000,true,2026-01-01,active,2025-10-17,2026-04-25
A001657,ahmed.mitchell5716@outlook.com,Ahmed Mitchell,1950-06-21,4217,false,,lapsed,2020-07-16,2024-04-25
A001658,raj.tran8713@outlook.com,Raj Tran,1984-06-28,3220,true,2024-06-22,active,2023-01-31,2026-04-29
A001659,rebecca.liu6246@gmail.com,Rebecca Liu,1989-02-05,2150,true,2025-02-05,lapsed,2023-06-30,2024-02-17
A001660,james.bell7165@bigpond.com,James Bell,1965-07-01,7000,true,2024-09-27,active,2024-03-12,2025-09-16
A001661,joshua.chen6470@hotmail.com,Joshua Chen,1959-05-30,3199,true,2025-05-22,lapsed,2019-05-02,2020-11-24
A001662,nancy.smith3397@bigpond.com,Nancy Smith,1951-05-09,3220,true,2023-05-21,lapsed,2022-08-25,2023-02-21
A001663,olivia.brown6412@hotmail.com,Olivia Brown,1981-05-22,2010,true,2024-11-14,active,2023-09-06,2026-06-26
A001664,raj.scott5762@outlook.com,Raj Scott,1973-09-21,3199,false,,lapsed,2023-04-04,2024-11-19
A001665,yuki.costa8266@outlook.com,Yuki Costa,1954-03-17,2026,true,2025-04-02,lapsed,2018-05-11,2020-04-20
A001666,marco.nguyen4545@icloud.com,Marco Nguyen,1953-07-28,6000,true,2019-05-18,lapsed,2018-06-22,2021-05-27
A001667,mary.taylor8722@bigpond.com,Mary Taylor,1977-04-15,3220,true,2025-12-19,lapsed,2021-06-02,2025-02-23
A001668,susan.collins8886@gmail.com,Susan Collins,2006-06-05,2010,true,2025-06-04,active,2025-03-02,2025-10-01
A001669,brian.bell5283@yahoo.com.au,Brian Bell,1976-12-22,2170,true,2025-07-17,closed,2023-11-08,2024-04-02
A001670,rebecca.sato1909@icloud.com,Rebecca Sato,1965-08-22,6000,true,2025-05-18,active,2024-06-06,2026-06-14
A001671,susan.evans2689@bigpond.com,Susan Evans,1998-10-01,3121,true,2024-05-27,lapsed,2022-12-19,2023-01-18
A001672,steven.king4032@hotmail.com,Steven King,1980-07-16,2010,true,2023-12-19,lapsed,2023-04-19,2023-08-17
A001673,margaret.martin7605@outlook.com,Margaret Martin,1959-11-19,3220,true,2021-05-08,lapsed,2018-08-12,2025-01-30
A001674,ahmed.costa3514@hotmail.com,Ahmed Costa,1990-03-25,3199,false,,active,2024-08-07,2026-05-15
A001675,rebecca.obrien5332@icloud.com,Rebecca OBrien,1990-09-14,2170,true,2025-11-30,active,2025-06-27,2026-04-21
A001676,margaret.costa1959@outlook.com,Margaret Costa,1987-05-30,3141,false,,lapsed,2023-08-29,2024-01-12
A001677,rebecca.baker2326@yahoo.com.au,Rebecca Baker,1979-03-27,2026,true,2026-05-31,closed,2024-02-25,2025-10-20
A001678,ahmed.scott5520@yahoo.com.au,Ahmed Scott,1952-09-30,3182,true,2025-06-26,active,2023-05-05,2025-12-15
A001679,laura.ryan4028@bigpond.com,Laura Ryan,1992-05-10,2600,true,2026-06-16,closed,2026-05-10,2026-06-11
A001680,ashley.nguyen1353@bigpond.com,Ashley Nguyen,1957-09-21,3030,true,2024-10-21,lapsed,2024-10-06,2024-12-30
A001681,elizabeth.stewart192@bigpond.com,Elizabeth Stewart,1974-07-25,4000,false,,lapsed,2023-02-20,2023-04-15
A001682,ahmed.adams9750@hotmail.com,Ahmed Adams,1982-03-06,7000,true,2021-10-07,closed,2020-04-20,2025-07-14
A001683,kevin.murphy9370@bigpond.com,Kevin Murphy,1999-10-10,4217,false,,lapsed,2021-02-25,2022-12-21
A001684,yuki.obrien6926@gmail.com,Yuki OBrien,1951-06-11,3000,true,2024-01-15,lapsed,2020-12-05,2023-05-02
A001685,stephanie.baker195@yahoo.com.au,Stephanie Baker,1954-12-19,2000,true,2024-05-15,closed,2024-03-06,2024-05-07
A001686,sarah.bell2385@hotmail.com,Sarah Bell,2003-04-15,2150,true,2025-12-09,closed,2025-10-08,2026-01-16
A001687,linda.walker4049@yahoo.com.au,Linda Walker,1951-12-21,2000,true,2026-06-04,active,2020-07-17,2026-02-04
A001688,stephanie.clarke1509@bigpond.com,Stephanie Clarke,2006-06-23,6000,true,2024-11-25,lapsed,2022-07-15,2024-04-16
A001689,sandra.scott2968@icloud.com,Sandra Scott,1970-07-14,4000,true,2026-03-05,active,2017-09-16,2026-03-02
A001690,michael.clarke7346@gmail.com,Michael Clarke,1956-05-22,2010,true,2022-01-08,lapsed,2019-08-12,2020-09-05
A001691,deborah.johnson5832@bigpond.com,Deborah Johnson,1967-04-08,7000,true,2022-05-03,active,2020-04-29,2026-06-19
A001692,thomas.clarke4457@icloud.com,Thomas Clarke,1989-04-21,3141,true,2025-07-13,lapsed,2024-02-07,2024-09-22
A001693,sandra.martin8559@yahoo.com.au,Sandra Martin,2005-11-23,2150,true,2020-06-24,lapsed,2019-01-27,2020-08-24
A001694,robert.tran6091@bigpond.com,Robert Tran,1986-03-25,7000,true,2025-07-14,lapsed,2019-11-16,2021-02-23
A001695,deborah.wright5739@yahoo.com.au,Deborah Wright,1990-12-29,3121,false,,lapsed,2020-10-24,2022-04-27
A001696,michelle.tran8058@yahoo.com.au,Michelle Tran,1971-01-17,3030,true,2026-05-31,active,2025-07-28,2025-11-09
A001697,william.collins8560@hotmail.com,William Collins,1958-02-15,3199,false,,lapsed,2018-10-19,2019-02-13
A001698,michelle.singh8305@outlook.com,Michelle Singh,1983-07-22,6000,true,2021-12-25,lapsed,2018-03-15,2019-04-19
A001699,wei.rossi3954@outlook.com,Wei Rossi,1998-02-04,3121,true,2026-03-20,lapsed,2021-04-22,2022-11-21
A001700,emily.smith103@hotmail.com,Emily Smith,1979-09-07,2026,true,2024-03-10,lapsed,2024-01-21,2024-07-12
A001701,steven.ryan726@icloud.com,Steven Ryan,1955-02-26,5000,true,2025-08-12,active,2025-06-06,2025-12-19
A001702,priya.walker290@outlook.com,Priya Walker,1983-10-09,2000,true,2026-03-05,lapsed,2024-08-20,2025-03-24
A001703,hiro.obrien6868@icloud.com,Hiro OBrien,1980-07-18,6000,true,2021-04-30,lapsed,2021-02-17,2022-08-19
A001704,helen.costa7610@gmail.com,Helen Costa,1994-10-10,2000,true,2020-03-02,lapsed,2019-12-12,2021-01-22
A001705,nancy.clarke1947@outlook.com,Nancy Clarke,1960-06-27,3199,true,2023-08-24,lapsed,2021-10-19,2023-04-05
A001706,rebecca.thompson685@bigpond.com,Rebecca Thompson,1974-07-14,3121,false,,active,2026-03-22,2026-04-26
A001707,priya.campbell9658@bigpond.com,Priya Campbell,1962-03-21,3141,false,,lapsed,2018-11-03,2021-12-30
A001708,william.green3565@icloud.com,William Green,1978-05-11,3000,true,2026-02-12,active,2024-01-07,2026-03-04
A001709,joshua.collins6434@bigpond.com,Joshua Collins,1991-02-14,7000,true,2025-12-31,active,2021-02-21,2025-08-27
A001710,mark.lee6350@icloud.com,Mark Lee,1995-07-14,2600,true,2026-02-03,lapsed,2019-05-14,2023-06-21
A001711,olivia.jones1993@bigpond.com,Olivia Jones,2002-09-28,2150,true,2025-07-19,lapsed,2025-02-03,2025-06-03
A001712,emma.ryan2962@hotmail.com,Emma Ryan,2002-04-23,3030,false,,lapsed,2019-09-22,2023-05-08
A001713,kevin.wang8438@icloud.com,Kevin Wang,1995-07-30,3030,false,,active,2024-09-11,2026-04-30
A001714,sandra.johnson5488@hotmail.com,Sandra Johnson,1997-04-21,3121,false,,lapsed,2018-04-02,2024-11-04
A001715,ashley.turner1661@gmail.com,Ashley Turner,1981-03-03,2000,true,2025-08-18,lapsed,2018-04-16,2023-05-02
A001716,michael.hall6663@gmail.com,Michael Hall,1958-09-13,3121,true,2025-06-21,lapsed,2021-05-29,2023-08-05
A001717,george.wright775@outlook.com,George Wright,1971-02-06,3000,false,,active,2024-07-21,2025-12-06
A001718,william.tanaka1803@bigpond.com,William Tanaka,1991-12-26,2150,true,2025-09-01,lapsed,2024-01-18,2024-11-16
A001719,kevin.thompson5475@hotmail.com,Kevin Thompson,1958-08-16,2026,true,2026-03-26,active,2026-02-08,2026-05-23
A001720,ming.pham8909@hotmail.com,Ming Pham,1988-08-13,6000,true,2026-06-14,active,2026-05-05,2026-05-28
A001721,laura.turner1187@hotmail.com,Laura Turner,1993-04-12,3000,true,2024-12-26,active,2024-02-03,2025-08-22
A001722,yuki.evans5165@gmail.com,Yuki Evans,1959-08-28,3550,true,2025-11-10,active,2024-10-25,2026-01-24
A001723,linda.lee3178@icloud.com,Linda Lee,1973-09-17,2170,false,,active,2022-09-04,2025-07-20
A001724,emma.smith3047@outlook.com,Emma Smith,1981-03-27,3220,false,,active,2021-03-23,2026-04-05
A001725,marco.martin456@bigpond.com,Marco Martin,1952-02-06,3220,false,,lapsed,2017-10-15,2019-04-02
A001726,fatima.chen4933@outlook.com,Fatima Chen,1994-03-12,3550,true,2026-03-10,lapsed,2021-06-23,2024-03-26
A001727,andrew.zhang536@yahoo.com.au,Andrew Zhang,1953-09-09,6000,true,2026-01-01,lapsed,2019-01-19,2023-07-20
A001728,james.kelly1887@gmail.com,James Kelly,1980-03-30,2600,true,2025-10-28,lapsed,2023-06-14,2025-05-12
A001729,jessica.walker9531@icloud.com,Jessica Walker,1970-11-26,3182,false,,active,2025-01-03,2025-10-19
A001730,andrew.ryan5954@bigpond.com,Andrew Ryan,1963-04-27,3030,false,,active,2019-10-17,2025-08-19
A001731,daniel.brown7959@hotmail.com,Daniel Brown,1973-01-15,4217,true,2021-03-06,closed,2020-08-05,2023-01-20
A001732,helen.edwards9090@icloud.com,Helen Edwards,1971-02-09,7000,true,2022-10-25,lapsed,2018-12-11,2023-12-06
A001733,david.white3945@icloud.com,David White,1963-03-17,2010,false,,active,2023-04-16,2026-06-12
A001734,steven.robinson1852@icloud.com,Steven Robinson,1968-05-21,3141,true,2023-09-17,active,2020-04-21,2025-11-20
A001735,ming.ryan2985@icloud.com,Ming Ryan,1995-05-08,3199,true,2022-06-13,lapsed,2020-02-12,2021-08-06
A001736,catherine.hall9868@yahoo.com.au,Catherine Hall,1973-04-12,3199,true,2022-07-08,active,2018-07-30,2025-12-14
A001737,thomas.green5269@hotmail.com,Thomas Green,1981-08-27,3550,false,,lapsed,2019-01-10,2019-12-18
A001738,ahmed.mitchell8216@outlook.com,Ahmed Mitchell,1999-08-16,3199,true,2025-04-01,lapsed,2019-11-04,2021-01-07
A001739,wei.khan7077@yahoo.com.au,Wei Khan,1987-12-02,3220,true,2023-06-14,lapsed,2021-07-05,2022-03-10
A001740,raj.bell346@outlook.com,Raj Bell,1991-06-20,3056,true,2023-07-04,lapsed,2021-07-07,2023-05-09
A001741,timothy.clarke5606@outlook.com,Timothy Clarke,1986-07-23,7000,true,2019-07-30,lapsed,2017-10-12,2024-12-12
A001742,thomas.anderson4038@bigpond.com,Thomas Anderson,1968-09-09,3121,true,2020-04-02,lapsed,2020-01-10,2021-01-06
A001743,ahmed.kumar5473@outlook.com,Ahmed Kumar,1962-08-30,2010,true,2024-05-07,lapsed,2022-11-12,2024-03-06
A001744,patricia.sato8743@gmail.com,Patricia Sato,1989-04-28,3121,false,,closed,2019-03-11,2021-09-30
A001745,elizabeth.wright3503@yahoo.com.au,Elizabeth Wright,1966-03-28,3141,true,2026-01-01,active,2024-11-06,2026-04-23
A001746,nancy.adams1075@bigpond.com,Nancy Adams,1953-11-09,2026,false,,active,2018-10-21,2026-02-06
A001747,sandra.ryan2696@gmail.com,Sandra Ryan,1995-02-24,5000,false,,active,2024-02-19,2026-03-01
A001748,fatima.nguyen5655@hotmail.com,Fatima Nguyen,1973-11-09,3550,true,2022-10-01,lapsed,2021-06-24,2025-01-14
A001749,karen.collins4237@gmail.com,Karen Collins,2000-04-18,4217,true,2022-05-09,lapsed,2021-01-13,2023-05-01
A001750,emma.wang8061@yahoo.com.au,Emma Wang,1997-09-03,3056,true,2026-06-12,lapsed,2018-06-17,2024-06-28
A001751,mary.green7466@bigpond.com,Mary Green,1971-02-08,2150,true,2023-07-13,lapsed,2020-11-09,2022-02-11
A001752,deborah.chen8544@icloud.com,Deborah Chen,1962-08-31,2170,true,2025-09-02,active,2024-12-21,2025-09-02
A001753,margaret.rossi4367@hotmail.com,Margaret Rossi,1964-03-28,2026,true,2025-01-08,lapsed,2024-04-22,2024-11-08
A001754,katherine.campbell2459@gmail.com,Katherine Campbell,2002-07-20,2026,true,2020-02-02,lapsed,2019-08-29,2025-06-14
A001755,susan.green6456@hotmail.com,Susan Green,1975-01-03,3550,false,,lapsed,2022-03-26,2025-05-12
A001756,joshua.murphy7036@hotmail.com,Joshua Murphy,1990-03-12,3199,false,,active,2024-12-11,2025-10-02
A001757,rachel.zhang5@yahoo.com.au,Rachel Zhang,2003-02-17,7000,true,2024-07-02,lapsed,2023-07-05,2023-12-20
A001758,brian.walker3214@gmail.com,Brian Walker,1979-04-15,2026,false,,lapsed,2022-12-29,2025-06-16
A001759,emma.brown9516@hotmail.com,Emma Brown,1988-10-23,3550,true,2023-07-01,lapsed,2019-07-05,2025-06-26
A001760,jennifer.johnson2569@icloud.com,Jennifer Johnson,1968-08-19,3056,true,2022-09-14,lapsed,2019-08-24,2024-06-27
A001761,brian.edwards147@outlook.com,Brian Edwards,1972-12-23,2000,false,,lapsed,2024-02-17,2025-05-02
A001762,catherine.mitchell453@bigpond.com,Catherine Mitchell,1993-02-04,2150,true,2023-10-24,lapsed,2023-10-21,2024-10-21
A001763,stephanie.campbell2385@bigpond.com,Stephanie Campbell,2002-01-18,3199,false,,lapsed,2021-05-09,2022-03-11
A001764,michael.ryan6621@bigpond.com,Michael Ryan,1981-08-12,7000,false,,lapsed,2017-07-11,2023-11-23
A001765,amanda.ryan3058@icloud.com,Amanda Ryan,1956-07-24,5000,false,,lapsed,2024-11-02,2025-05-17
A001766,rebecca.edwards1335@yahoo.com.au,Rebecca Edwards,1986-11-20,2170,false,,active,2022-07-17,2026-01-07
A001767,helen.khan8270@gmail.com,Helen Khan,2002-02-10,3030,true,2026-01-31,active,2022-12-22,2025-09-14
A001768,charles.stewart3720@gmail.com,Charles Stewart,1995-05-31,3056,true,2020-09-26,lapsed,2017-07-24,2022-06-18
A001769,lisa.lee2797@icloud.com,Lisa Lee,1990-07-28,2000,false,,lapsed,2019-10-18,2021-03-29
A001770,brian.white9404@icloud.com,Brian White,1976-03-09,2010,false,,lapsed,2022-08-04,2025-04-15
A001771,emma.king1686@outlook.com,Emma King,1980-05-01,2170,true,2024-07-17,lapsed,2022-05-08,2023-12-31
A001772,melissa.hall4001@outlook.com,Melissa Hall,2000-12-11,5000,true,2025-01-24,lapsed,2024-07-28,2025-02-09
A001773,catherine.bell9504@outlook.com,Catherine Bell,1992-03-02,6000,true,2022-08-12,active,2018-10-17,2026-06-19
A001774,giulia.robinson6132@outlook.com,Giulia Robinson,1955-11-30,2150,false,,active,2025-04-01,2025-08-21
A001775,matthew.edwards2558@gmail.com,Matthew Edwards,1956-11-24,6000,false,,closed,2018-05-02,2025-03-11
A001776,rachel.wilson4810@bigpond.com,Rachel Wilson,1972-03-15,3182,false,,active,2025-05-20,2025-08-06
A001777,robert.wright4650@hotmail.com,Robert Wright,1991-03-25,3141,true,2025-12-20,active,2025-12-15,2026-07-02
A001778,stephanie.tran4488@bigpond.com,Stephanie Tran,1957-05-18,5000,true,2021-08-24,lapsed,2020-05-17,2021-01-09
A001779,catherine.sato4329@outlook.com,Catherine Sato,1953-02-13,2000,true,2025-10-10,lapsed,2022-02-05,2022-12-24
A001780,amanda.sato6853@bigpond.com,Amanda Sato,1965-06-23,3030,true,2026-06-15,active,2020-11-02,2025-11-24
A001781,katherine.mitchell859@hotmail.com,Katherine Mitchell,1992-10-04,2150,true,2024-04-12,lapsed,2019-02-14,2020-07-01
A001782,daniel.robinson7039@icloud.com,Daniel Robinson,1963-08-24,3056,false,,lapsed,2023-06-13,2025-01-11
A001783,laura.tran7375@outlook.com,Laura Tran,1999-12-17,2150,false,,active,2018-09-15,2025-08-17
A001784,anthony.scott4864@hotmail.com,Anthony Scott,1960-08-05,3000,true,2025-02-15,active,2024-04-03,2025-10-29
A001785,kevin.tanaka7866@outlook.com,Kevin Tanaka,1979-05-23,7000,true,2024-12-14,lapsed,2021-09-18,2023-07-27
A001786,daniel.turner8773@hotmail.com,Daniel Turner,2003-01-05,3550,true,2025-08-01,lapsed,2020-08-15,2023-12-10
A001787,emma.edwards5634@hotmail.com,Emma Edwards,1951-02-27,2150,true,2018-11-21,lapsed,2018-02-22,2022-06-20
A001788,kevin.pham1051@icloud.com,Kevin Pham,1953-09-05,3141,true,2022-03-28,lapsed,2017-09-07,2021-02-17
A001789,karen.murphy7701@icloud.com,Karen Murphy,1994-10-19,3121,false,,lapsed,2020-09-04,2022-05-26
A001790,emma.walker6583@hotmail.com,Emma Walker,1989-02-15,4000,false,,lapsed,2022-08-23,2023-06-16
A001791,anthony.rossi1918@yahoo.com.au,Anthony Rossi,1979-09-01,4217,true,2025-02-09,lapsed,2022-03-30,2023-06-18
A001792,george.wilson2790@gmail.com,George Wilson,1970-12-28,3550,true,2024-01-05,lapsed,2020-04-13,2024-03-29
A001793,catherine.liu5162@icloud.com,Catherine Liu,1974-08-04,2010,true,2026-01-29,active,2026-01-07,2026-03-13
A001794,helen.harris3241@outlook.com,Helen Harris,1974-12-17,3030,false,,lapsed,2018-07-05,2019-07-12
A001795,deborah.robinson2761@outlook.com,Deborah Robinson,1983-04-03,3141,false,,active,2019-12-30,2026-05-01
A001796,laura.wright2118@yahoo.com.au,Laura Wright,1983-04-25,2000,true,2026-04-03,active,2026-03-09,2026-04-24
A001797,steven.turner2606@outlook.com,Steven Turner,1969-08-22,2000,true,2024-05-16,lapsed,2022-07-29,2023-05-10
A001798,nancy.green9048@outlook.com,Nancy Green,1986-02-10,3182,true,2019-06-23,lapsed,2018-01-03,2025-05-26
A001799,anthony.campbell6434@icloud.com,Anthony Campbell,1976-05-17,5000,true,2025-01-26,lapsed,2024-07-29,2025-05-04
A001800,richard.johnson1749@outlook.com,Richard Johnson,1951-11-10,5000,true,2023-01-09,lapsed,2020-02-26,2021-09-07
A001801,sandra.rossi1441@outlook.com,Sandra Rossi,1985-08-22,2026,true,2024-02-05,active,2021-05-09,2026-06-02
A001802,amanda.taylor5168@outlook.com,Amanda Taylor,1958-03-02,3199,true,2024-03-30,lapsed,2020-07-18,2022-12-07
A001803,lisa.murphy6708@bigpond.com,Lisa Murphy,1952-08-14,3550,false,,lapsed,2020-08-05,2023-02-01
A001804,lisa.martin9748@icloud.com,Lisa Martin,1975-12-01,3121,true,2026-06-26,active,2026-01-12,2026-05-22
A001805,helen.rossi315@outlook.com,Helen Rossi,1987-07-31,2600,false,,closed,2022-04-29,2023-11-04
A001806,margaret.mitchell2501@yahoo.com.au,Margaret Mitchell,1972-07-11,3220,true,2020-10-06,active,2019-05-04,2025-10-03
A001807,nancy.bell9890@outlook.com,Nancy Bell,1958-01-30,6000,true,2022-11-07,active,2022-09-12,2025-11-28
A001808,amanda.taylor3971@gmail.com,Amanda Taylor,1964-06-25,3056,false,,active,2022-07-21,2026-02-05
A001809,joshua.walker615@yahoo.com.au,Joshua Walker,1986-06-27,2600,true,2023-12-10,lapsed,2020-01-20,2024-03-16
A001810,raj.thompson2394@yahoo.com.au,Raj Thompson,1987-04-25,7000,true,2025-10-25,active,2025-05-27,2025-08-05
A001811,amanda.brown48@bigpond.com,Amanda Brown,1976-11-29,2000,true,2020-12-03,lapsed,2019-06-26,2023-08-21
A001812,matthew.johnson2818@bigpond.com,Matthew Johnson,1956-03-25,3121,false,,active,2025-04-20,2026-04-01
A001813,elizabeth.baker1195@hotmail.com,Elizabeth Baker,2001-07-24,3030,true,2024-05-25,lapsed,2021-07-02,2023-04-13
A001814,laura.smith2068@hotmail.com,Laura Smith,1996-02-05,2150,false,,lapsed,2025-02-13,2025-02-24
A001815,sarah.thompson1761@gmail.com,Sarah Thompson,1991-05-17,3141,false,,lapsed,2023-08-31,2025-02-07
A001816,helen.kelly3892@hotmail.com,Helen Kelly,1997-03-11,3182,true,2025-10-21,closed,2021-07-26,2024-09-15
A001817,giulia.clarke7045@bigpond.com,Giulia Clarke,1996-07-07,2026,true,2019-03-21,lapsed,2018-09-11,2020-07-01
A001818,elizabeth.evans3946@icloud.com,Elizabeth Evans,2003-04-24,2150,true,2025-10-20,active,2022-03-03,2025-08-20
A001819,yuki.brown6091@gmail.com,Yuki Brown,1958-10-04,4217,false,,lapsed,2018-12-16,2021-06-23
A001820,daniel.martin5202@bigpond.com,Daniel Martin,1953-07-24,3056,true,2021-02-13,lapsed,2019-09-06,2022-02-24
A001821,robert.nguyen1876@hotmail.com,Robert Nguyen,1958-10-16,5000,true,2026-02-11,lapsed,2022-09-21,2025-05-08
A001822,rebecca.ali9015@icloud.com,Rebecca Ali,1983-09-06,2026,true,2025-12-23,active,2025-08-17,2025-12-13
A001823,emma.ryan1426@hotmail.com,Emma Ryan,1964-05-29,3056,true,2026-04-21,lapsed,2024-10-05,2025-06-27
A001824,joseph.tran1540@hotmail.com,Joseph Tran,1975-05-03,2150,false,,lapsed,2021-12-21,2023-09-22
A001825,susan.kelly4018@icloud.com,Susan Kelly,1993-08-22,5000,false,,active,2024-10-25,2025-11-27
A001826,margaret.wilson3338@bigpond.com,Margaret Wilson,1970-08-27,3030,true,2026-02-03,lapsed,2020-04-14,2022-08-23
A001827,margaret.obrien9486@hotmail.com,Margaret OBrien,1963-07-15,3030,false,,closed,2022-05-26,2022-08-28
A001828,sandra.smith8496@outlook.com,Sandra Smith,1993-10-22,3550,true,2023-01-19,lapsed,2021-01-31,2022-08-01
A001829,richard.tran1624@gmail.com,Richard Tran,1974-03-14,4217,true,2026-04-03,lapsed,2018-11-08,2025-05-12
A001830,wei.mitchell458@outlook.com,Wei Mitchell,1987-11-21,6000,true,2024-08-07,closed,2023-05-31,2025-03-14
A001831,ming.obrien9802@gmail.com,Ming OBrien,1992-09-19,4217,true,2025-11-22,active,2024-08-03,2025-10-12
A001832,rebecca.collins250@bigpond.com,Rebecca Collins,1987-07-01,7000,false,,active,2026-01-10,2026-02-19
A001833,ming.edwards4940@icloud.com,Ming Edwards,1961-02-16,3121,true,2026-06-17,active,2025-07-25,2026-01-19
A001834,melissa.campbell2335@bigpond.com,Melissa Campbell,1983-03-10,2026,true,2018-10-22,lapsed,2018-07-29,2020-09-09
A001835,jennifer.scott5313@hotmail.com,Jennifer Scott,1961-07-21,3000,false,,active,2025-08-12,2025-08-21
A001836,samantha.edwards7387@hotmail.com,Samantha Edwards,1982-09-08,2600,true,2025-08-17,active,2025-02-09,2025-07-17
A001837,steven.anderson5791@icloud.com,Steven Anderson,1953-02-20,6000,true,2024-08-05,active,2024-05-25,2025-12-05
A001838,linda.taylor9879@outlook.com,Linda Taylor,1997-05-21,3030,false,,lapsed,2019-12-13,2020-07-08
A001839,george.scott4703@yahoo.com.au,George Scott,2000-05-17,3030,true,2024-05-17,lapsed,2023-03-29,2023-04-30
A001840,steven.ryan8381@gmail.com,Steven Ryan,1982-04-19,2170,true,2025-07-17,lapsed,2017-12-23,2019-04-02
A001841,james.mitchell2032@yahoo.com.au,James Mitchell,1984-04-12,3199,true,2026-06-01,active,2024-10-18,2026-05-22
A001842,raj.murphy7231@icloud.com,Raj Murphy,1989-10-02,3000,true,2025-05-28,active,2022-10-30,2025-11-14
A001843,andrew.zhang3074@outlook.com,Andrew Zhang,2006-11-30,2600,true,2017-08-15,lapsed,2017-07-30,2017-09-30
A001844,priya.obrien7652@gmail.com,Priya OBrien,1972-08-27,2000,false,,lapsed,2022-12-16,2024-12-26
A001845,anthony.turner8272@outlook.com,Anthony Turner,1985-11-11,3000,true,2024-07-14,lapsed,2024-05-16,2025-02-23
A001846,jessica.campbell4871@hotmail.com,Jessica Campbell,1988-05-24,2600,true,2024-01-12,lapsed,2021-03-19,2023-08-11
A001847,daniel.costa6256@yahoo.com.au,Daniel Costa,1962-06-29,5000,false,,lapsed,2024-02-20,2024-03-02
A001848,george.edwards1906@yahoo.com.au,George Edwards,1969-09-05,3199,true,2024-08-04,lapsed,2023-08-30,2023-11-28
A001849,linda.tanaka7693@bigpond.com,Linda Tanaka,1956-09-11,3220,true,2026-04-07,active,2025-07-30,2026-02-27
A001850,brian.murphy4458@yahoo.com.au,Brian Murphy,1988-02-09,7000,false,,lapsed,2020-05-19,2024-07-09
A001851,michelle.thompson6079@outlook.com,Michelle Thompson,1991-10-15,3220,false,,lapsed,2020-09-05,2022-02-28
A001852,marco.white8246@bigpond.com,Marco White,1976-07-07,2170,false,,lapsed,2022-12-28,2024-12-26
A001853,richard.tran8254@hotmail.com,Richard Tran,1966-12-26,4217,false,,lapsed,2019-03-21,2020-10-01
A001854,richard.chen889@yahoo.com.au,Richard Chen,1966-06-03,3182,false,,active,2025-01-08,2025-11-13
A001855,anthony.brown3678@yahoo.com.au,Anthony Brown,2005-07-16,2150,true,2026-01-23,lapsed,2023-06-10,2024-11-03
A001856,joshua.wang7374@outlook.com,Joshua Wang,1972-02-06,3030,true,2022-02-27,lapsed,2020-02-06,2025-05-07
A001857,sandra.stewart6229@hotmail.com,Sandra Stewart,2005-03-08,5000,true,2023-04-14,lapsed,2019-09-08,2022-02-05
A001858,michelle.ryan5603@outlook.com,Michelle Ryan,1964-07-24,3220,false,,lapsed,2023-01-20,2023-10-26
A001859,george.green2624@icloud.com,George Green,1983-07-21,2170,true,2021-08-23,lapsed,2020-07-09,2021-06-11
A001860,melissa.green4505@icloud.com,Melissa Green,1965-12-08,2170,true,2023-09-23,lapsed,2017-07-20,2018-12-03
A001861,melissa.tanaka285@gmail.com,Melissa Tanaka,1960-12-06,2170,true,2025-12-15,lapsed,2019-03-31,2024-08-23
A001862,rachel.kelly1248@hotmail.com,Rachel Kelly,1981-03-02,3056,false,,active,2024-09-14,2025-11-30
A001863,jennifer.harris1837@outlook.com,Jennifer Harris,1970-08-28,2026,true,2023-06-16,closed,2018-03-02,2022-09-02
A001864,brian.walker6821@yahoo.com.au,Brian Walker,1982-08-11,4217,true,2021-10-09,lapsed,2019-03-02,2023-04-16
A001865,david.harris7532@hotmail.com,David Harris,1960-09-07,5000,false,,lapsed,2024-06-05,2024-11-08
A001866,giulia.scott8813@outlook.com,Giulia Scott,1973-05-31,7000,true,2023-03-21,lapsed,2019-10-15,2023-12-08
A001867,william.tran3383@gmail.com,William Tran,2001-10-23,3030,true,2026-03-30,lapsed,2020-10-21,2023-08-16
A001868,joshua.ryan3629@hotmail.com,Joshua Ryan,1997-06-27,4217,true,2026-02-16,active,2024-06-20,2025-11-07
A001869,anthony.adams4293@bigpond.com,Anthony Adams,1974-10-04,3550,true,2023-03-27,lapsed,2018-11-28,2019-01-15
A001870,linda.scott94@hotmail.com,Linda Scott,1957-05-27,3000,false,,lapsed,2023-11-21,2025-03-06
A001871,marco.pham4754@yahoo.com.au,Marco Pham,2003-07-19,4000,false,,active,2022-04-11,2025-12-27
A001872,joseph.singh353@outlook.com,Joseph Singh,1956-10-11,3199,false,,lapsed,2023-03-25,2023-08-09
A001873,matthew.jones4713@outlook.com,Matthew Jones,1983-09-01,7000,false,,active,2019-02-19,2025-08-29
A001874,raj.tran245@gmail.com,Raj Tran,1994-07-29,2000,true,2025-08-03,lapsed,2018-06-19,2021-12-25
A001875,emma.ali2234@gmail.com,Emma Ali,1969-07-26,4217,true,2025-04-17,closed,2025-01-07,2025-01-16
A001876,samantha.wright8783@yahoo.com.au,Samantha Wright,2003-02-02,5000,true,2026-02-04,active,2025-05-22,2026-03-31
A001877,amanda.thompson8857@outlook.com,Amanda Thompson,1976-06-24,2026,true,2025-01-05,active,2024-01-25,2026-04-26
A001878,kevin.white4112@outlook.com,Kevin White,1979-04-20,3182,true,2024-01-31,lapsed,2023-02-09,2024-04-22
A001879,margaret.chen2644@outlook.com,Margaret Chen,1972-09-08,3030,true,2025-12-09,closed,2022-02-26,2026-02-15
A001880,christine.bell1392@yahoo.com.au,Christine Bell,1975-10-18,2000,true,2026-02-04,active,2025-12-11,2026-03-26
A001881,david.lee5133@outlook.com,David Lee,1954-04-24,5000,true,2024-06-06,active,2024-06-06,2025-07-08
A001882,anthony.evans5575@bigpond.com,Anthony Evans,2003-11-11,4000,true,2022-08-28,lapsed,2020-06-22,2023-08-14
A001883,brian.sato972@outlook.com,Brian Sato,1992-12-14,3220,true,2026-06-08,lapsed,2017-10-22,2017-12-20
A001884,steven.chen1324@gmail.com,Steven Chen,1997-08-27,7000,true,2024-09-28,lapsed,2018-03-27,2022-04-07
A001885,rachel.anderson5510@icloud.com,Rachel Anderson,1964-04-12,3550,true,2020-11-01,lapsed,2017-11-10,2023-08-21
A001886,mary.campbell1784@bigpond.com,Mary Campbell,1961-11-21,2150,true,2025-03-28,lapsed,2017-09-21,2025-03-03
A001887,emma.edwards7340@yahoo.com.au,Emma Edwards,1993-11-13,5000,true,2025-09-07,lapsed,2025-04-23,2025-05-29
A001888,raj.kumar7149@gmail.com,Raj Kumar,1970-09-14,3550,true,2026-01-30,active,2025-03-06,2026-06-05
A001889,anthony.sato5424@gmail.com,Anthony Sato,1973-06-28,2150,false,,lapsed,2018-12-29,2021-12-19
A001890,james.costa4857@yahoo.com.au,James Costa,1973-07-15,3220,false,,lapsed,2020-11-25,2025-04-22
A001891,ashley.edwards2895@outlook.com,Ashley Edwards,1977-04-02,4000,true,2019-05-12,lapsed,2018-11-25,2024-10-13
A001892,giulia.adams9982@bigpond.com,Giulia Adams,1969-12-20,3056,true,2025-12-13,active,2019-05-28,2025-12-29
A001893,nancy.martin7590@gmail.com,Nancy Martin,1960-08-20,3182,false,,lapsed,2019-10-23,2020-11-17
A001894,amanda.williams4516@hotmail.com,Amanda Williams,1957-03-15,2150,true,2025-12-31,lapsed,2019-02-03,2024-08-31
A001895,christine.wright7932@yahoo.com.au,Christine Wright,1998-04-28,3220,true,2020-04-24,active,2020-02-13,2025-10-09
A001896,giulia.harris4705@outlook.com,Giulia Harris,2000-10-05,5000,true,2022-07-30,lapsed,2018-03-15,2025-04-02
A001897,robert.hall1325@gmail.com,Robert Hall,2001-01-03,2150,true,2025-06-21,lapsed,2018-11-05,2022-07-17
A001898,raj.rossi9347@icloud.com,Raj Rossi,2005-06-29,3182,true,2026-06-22,active,2026-01-31,2026-03-30
A001899,elizabeth.campbell8503@bigpond.com,Elizabeth Campbell,1990-01-02,3182,false,,lapsed,2017-07-10,2022-08-08
A001900,ming.collins2975@hotmail.com,Ming Collins,1955-07-01,3550,true,2024-11-19,lapsed,2022-09-16,2023-07-10
A001901,raj.walker1633@icloud.com,Raj Walker,1980-08-10,2150,true,2026-06-24,lapsed,2024-02-07,2025-01-30
A001902,rebecca.evans3883@icloud.com,Rebecca Evans,1977-03-05,2000,true,2020-05-21,lapsed,2019-04-22,2019-10-09
A001903,helen.pham4774@icloud.com,Helen Pham,1965-04-02,4217,true,2025-11-20,closed,2025-11-10,2026-06-23
A001904,william.zhang5830@hotmail.com,William Zhang,1954-08-16,4000,true,2025-09-27,lapsed,2024-11-30,2025-05-08
A001905,thomas.obrien8258@hotmail.com,Thomas OBrien,1973-03-07,3141,false,,lapsed,2025-04-14,2025-04-20
A001906,patricia.harris553@icloud.com,Patricia Harris,1965-09-26,2170,true,2024-06-10,lapsed,2017-09-11,2025-01-31
A001907,elizabeth.williams7167@outlook.com,Elizabeth Williams,1963-07-31,2170,false,,lapsed,2019-11-02,2021-12-09
A001908,ahmed.khan180@hotmail.com,Ahmed Khan,1976-04-10,3182,true,2025-10-18,active,2024-10-01,2026-01-14
A001909,giulia.wilson4215@bigpond.com,Giulia Wilson,1955-04-23,2000,false,,lapsed,2019-02-02,2022-12-10
A001910,katherine.obrien8977@outlook.com,Katherine OBrien,1951-12-10,2010,true,2021-08-13,lapsed,2020-07-15,2024-05-15
A001911,rebecca.wright9255@bigpond.com,Rebecca Wright,1976-05-07,3550,true,2025-06-28,active,2021-09-20,2025-11-10
A001912,christine.zhang527@yahoo.com.au,Christine Zhang,1958-03-23,2010,true,2023-06-07,lapsed,2018-06-19,2024-03-04
A001913,matthew.kelly483@gmail.com,Matthew Kelly,1959-07-31,2600,false,,lapsed,2018-11-05,2023-08-20
A001914,melissa.sato871@yahoo.com.au,Melissa Sato,1985-07-24,3030,true,2026-02-09,lapsed,2019-08-18,2020-12-03
A001915,hiro.anderson8469@bigpond.com,Hiro Anderson,1997-04-12,3182,true,2021-09-29,lapsed,2017-09-01,2019-01-28
A001916,ahmed.sato3612@outlook.com,Ahmed Sato,2003-04-27,6000,true,2024-04-12,lapsed,2022-11-03,2023-03-02
A001917,charles.wang9523@outlook.com,Charles Wang,1994-12-06,6000,true,2026-02-20,lapsed,2024-06-02,2024-10-16
A001918,deborah.tran6955@icloud.com,Deborah Tran,2001-09-18,3000,false,,active,2025-10-07,2025-11-24
A001919,laura.costa7820@outlook.com,Laura Costa,1983-05-24,3550,false,,active,2025-04-09,2025-09-15
A001920,kevin.white8164@outlook.com,Kevin White,2002-06-09,3199,true,2021-11-27,lapsed,2021-10-30,2023-10-03
A001921,david.ali5275@yahoo.com.au,David Ali,1966-11-29,3056,true,2021-10-08,lapsed,2020-06-29,2023-11-22
A001922,amanda.green4725@hotmail.com,Amanda Green,1996-01-18,4000,true,2026-06-27,active,2020-07-13,2026-02-03
A001923,laura.smith7272@bigpond.com,Laura Smith,1963-05-23,3056,false,,active,2025-11-22,2026-02-27
A001924,rebecca.mitchell7626@gmail.com,Rebecca Mitchell,1971-07-14,3182,true,2025-08-20,lapsed,2024-06-11,2025-02-15
A001925,kevin.collins1497@yahoo.com.au,Kevin Collins,1981-12-14,3056,false,,lapsed,2019-03-03,2021-07-15
A001926,emily.white1635@icloud.com,Emily White,1976-01-17,3030,true,2025-03-23,active,2023-03-26,2026-05-31
A001927,helen.smith9973@gmail.com,Helen Smith,1960-10-17,3199,false,,lapsed,2020-12-16,2025-03-20
A001928,james.campbell7368@yahoo.com.au,James Campbell,1955-05-01,6000,true,2023-06-26,lapsed,2023-02-11,2023-04-08
A001929,giulia.jones8903@bigpond.com,Giulia Jones,2006-02-01,3220,true,2022-09-20,lapsed,2022-07-07,2022-09-06
A001930,katherine.sato936@icloud.com,Katherine Sato,1989-05-17,3141,true,2022-12-14,lapsed,2021-02-28,2023-09-02
A001931,helen.bell8413@bigpond.com,Helen Bell,1957-01-15,3030,true,2024-04-15,lapsed,2020-10-26,2024-03-04
A001932,karen.chen2369@gmail.com,Karen Chen,1962-02-17,3182,true,2020-10-19,lapsed,2020-06-17,2024-05-09
A001933,mary.evans4426@hotmail.com,Mary Evans,2001-06-12,3550,false,,lapsed,2018-12-30,2022-09-11
A001934,james.khan3608@icloud.com,James Khan,1992-03-10,3550,true,2020-12-24,lapsed,2020-10-30,2024-09-04
A001935,wei.wilson3024@gmail.com,Wei Wilson,1961-06-10,3000,true,2026-04-04,lapsed,2023-05-16,2023-12-28
A001936,thomas.williams3575@yahoo.com.au,Thomas Williams,1964-01-15,2000,false,,lapsed,2019-03-29,2020-06-09
A001937,rebecca.chen6841@outlook.com,Rebecca Chen,1956-03-19,3141,true,2020-06-07,lapsed,2019-05-02,2019-07-05
A001938,william.harris5331@hotmail.com,William Harris,1985-10-19,2150,true,2023-10-15,active,2022-02-04,2026-07-01
A001939,amanda.hall8371@icloud.com,Amanda Hall,1967-04-04,3000,true,2026-05-24,lapsed,2022-12-18,2025-02-15
A001940,elizabeth.murphy266@outlook.com,Elizabeth Murphy,1951-04-01,3199,true,2020-06-09,lapsed,2018-03-12,2021-06-06
A001941,samantha.murphy5477@hotmail.com,Samantha Murphy,1991-09-21,3550,true,2023-05-26,lapsed,2020-12-06,2021-01-22
A001942,thomas.anderson3468@outlook.com,Thomas Anderson,1957-12-13,2000,true,2024-10-11,closed,2020-07-03,2024-04-01
A001943,mark.nguyen1275@icloud.com,Mark Nguyen,1995-04-01,3182,false,,active,2026-01-27,2026-06-25
A001944,emma.walker5752@yahoo.com.au,Emma Walker,1972-08-26,6000,true,2018-03-16,lapsed,2017-10-27,2018-03-21
A001945,laura.clarke4881@hotmail.com,Laura Clarke,2002-10-12,3220,true,2025-02-23,active,2024-09-05,2026-04-06
A001946,raj.pham4209@yahoo.com.au,Raj Pham,1988-07-25,3000,true,2026-04-01,active,2025-07-31,2026-04-11
A001947,emma.thompson1167@bigpond.com,Emma Thompson,1982-12-03,2026,false,,active,2025-12-18,2026-05-18
A001948,emily.wilson9061@bigpond.com,Emily Wilson,1998-03-27,3141,true,2025-04-18,lapsed,2021-11-27,2022-03-31
A001949,emma.edwards6830@hotmail.com,Emma Edwards,1953-11-04,3182,true,2021-05-24,lapsed,2019-09-24,2024-02-05
A001950,daniel.wright9805@gmail.com,Daniel Wright,1979-02-25,2000,true,2025-08-18,lapsed,2024-03-11,2024-03-26
A001951,giulia.chen408@gmail.com,Giulia Chen,1956-05-04,2000,true,2023-05-06,lapsed,2018-05-02,2019-05-06
A001952,ming.ali7730@bigpond.com,Ming Ali,1995-11-27,4217,true,2025-05-07,lapsed,2022-08-12,2025-04-26
A001953,fatima.singh2334@yahoo.com.au,Fatima Singh,1963-06-28,2600,true,2020-08-26,lapsed,2018-04-23,2018-07-31
A001954,jennifer.edwards3772@yahoo.com.au,Jennifer Edwards,1952-10-22,2600,false,,lapsed,2024-08-29,2025-03-12
A001955,michael.wright2697@icloud.com,Michael Wright,1975-04-26,2000,true,2025-09-29,lapsed,2018-10-29,2020-05-13
A001956,timothy.johnson4124@hotmail.com,Timothy Johnson,1962-09-19,6000,false,,active,2025-05-03,2025-07-31
A001957,linda.martin8947@gmail.com,Linda Martin,1953-03-11,2150,false,,active,2021-05-06,2026-03-03
A001958,emma.obrien4145@yahoo.com.au,Emma OBrien,1976-10-29,2026,false,,lapsed,2021-09-29,2024-09-16
A001959,thomas.mitchell7482@outlook.com,Thomas Mitchell,1981-08-06,5000,false,,lapsed,2022-02-27,2024-01-08
A001960,ming.martin2232@icloud.com,Ming Martin,1950-10-05,3121,true,2020-08-28,lapsed,2018-12-03,2019-07-07
A001961,charles.robinson6997@hotmail.com,Charles Robinson,1989-09-09,7000,false,,lapsed,2018-02-05,2022-03-07
A001962,mary.collins8749@yahoo.com.au,Mary Collins,1964-11-05,4000,true,2024-02-05,active,2022-09-16,2025-07-24
A001963,matthew.king9085@yahoo.com.au,Matthew King,1959-11-08,3030,true,2023-08-14,lapsed,2022-09-20,2025-06-25
A001964,wei.evans6237@gmail.com,Wei Evans,1993-09-07,2010,true,2026-02-15,active,2026-02-08,2026-02-23
A001965,robert.green6304@outlook.com,Robert Green,1984-12-13,2000,true,2023-07-12,lapsed,2022-03-15,2024-12-20
A001966,andrew.harris4425@icloud.com,Andrew Harris,1977-04-11,3220,true,2018-05-30,lapsed,2018-02-28,2018-12-11
A001967,amanda.mitchell9914@bigpond.com,Amanda Mitchell,1983-10-15,4000,true,2022-10-28,lapsed,2021-12-26,2023-11-25
A001968,marco.tran2011@bigpond.com,Marco Tran,1963-05-16,3182,false,,lapsed,2018-01-03,2020-10-28
A001969,catherine.taylor2761@yahoo.com.au,Catherine Taylor,1965-07-07,3030,true,2024-11-26,lapsed,2017-09-21,2022-08-05
A001970,fatima.wilson4500@bigpond.com,Fatima Wilson,1961-03-19,2026,true,2025-11-15,closed,2025-06-28,2026-01-13
A001971,daniel.anderson2638@hotmail.com,Daniel Anderson,2001-08-28,3121,true,2019-06-27,lapsed,2018-03-22,2019-10-16
A001972,david.collins9054@gmail.com,David Collins,1976-08-08,2000,true,2025-01-01,closed,2024-03-08,2025-12-18
A001973,rachel.tran4887@bigpond.com,Rachel Tran,1999-02-19,3056,true,2026-05-29,lapsed,2022-10-30,2024-10-02
A001974,sandra.hall829@yahoo.com.au,Sandra Hall,1958-07-29,3000,true,2025-02-15,lapsed,2023-09-18,2024-09-22
A001975,marco.anderson9581@hotmail.com,Marco Anderson,1980-12-30,3182,true,2025-01-20,lapsed,2023-07-10,2023-09-24
A001976,patricia.bell6105@gmail.com,Patricia Bell,1956-11-13,6000,true,2026-05-07,lapsed,2023-10-21,2024-08-19
A001977,james.baker5400@gmail.com,James Baker,1962-05-26,4000,false,,lapsed,2020-10-04,2023-12-14
A001978,patricia.ryan7202@outlook.com,Patricia Ryan,2001-12-04,3550,true,2025-05-04,active,2024-09-22,2026-05-21
A001979,melissa.zhang8000@bigpond.com,Melissa Zhang,1988-10-03,2010,true,2020-01-16,lapsed,2018-01-26,2018-12-10
A001980,hiro.hall4237@icloud.com,Hiro Hall,2001-08-25,5000,true,2023-12-28,lapsed,2023-03-03,2023-07-08
A001981,lisa.white9791@icloud.com,Lisa White,2006-07-16,3550,false,,lapsed,2022-11-12,2023-01-14
A001982,ashley.tanaka3934@yahoo.com.au,Ashley Tanaka,1953-04-16,3550,true,2021-09-11,lapsed,2019-06-12,2020-05-12
A001983,elizabeth.smith7906@gmail.com,Elizabeth Smith,1972-04-17,4000,true,2024-01-20,lapsed,2022-03-17,2023-09-26
A001984,william.rossi4813@outlook.com,William Rossi,1997-06-09,2600,false,,active,2020-07-18,2025-08-20
A001985,amanda.anderson7378@gmail.com,Amanda Anderson,1960-03-08,3141,true,2021-07-20,active,2018-08-27,2025-08-01
A001986,ming.stewart4697@yahoo.com.au,Ming Stewart,1995-08-25,4000,false,,lapsed,2020-08-12,2020-11-11
A001987,ming.smith4389@outlook.com,Ming Smith,1964-11-14,2010,true,2024-10-15,active,2023-08-21,2026-05-22
A001988,lisa.sato9665@bigpond.com,Lisa Sato,1997-11-17,3141,true,2025-06-01,active,2025-02-09,2026-06-17
A001989,sarah.clarke4673@gmail.com,Sarah Clarke,1970-05-26,3141,false,,lapsed,2017-07-20,2023-06-28
A001990,george.sato1249@gmail.com,George Sato,1963-12-12,6000,false,,lapsed,2018-05-21,2023-06-01
A001991,katherine.baker3251@outlook.com,Katherine Baker,1989-02-09,5000,false,,lapsed,2020-05-13,2023-09-22
A001992,steven.wright1075@outlook.com,Steven Wright,1972-09-04,5000,false,,active,2019-11-04,2025-11-28
A001993,ashley.walker4455@yahoo.com.au,Ashley Walker,1966-02-08,3030,true,2023-09-12,lapsed,2023-06-15,2025-03-30
A001994,emma.green2852@yahoo.com.au,Emma Green,1979-01-10,2026,true,2026-03-16,lapsed,2025-05-15,2025-05-28
A001995,giulia.bell3542@gmail.com,Giulia Bell,1976-07-28,2000,true,2019-04-08,lapsed,2017-10-08,2023-10-04
A001996,margaret.nguyen6996@gmail.com,Margaret Nguyen,1994-11-16,2026,true,2023-10-01,closed,2019-10-08,2025-12-02
A001997,deborah.obrien1057@yahoo.com.au,Deborah OBrien,1974-09-03,3141,false,,lapsed,2023-10-23,2023-11-12
A001998,joseph.nguyen5659@outlook.com,Joseph Nguyen,1957-11-26,3000,true,2023-10-13,lapsed,2019-06-04,2024-02-21
A001999,margaret.walker5314@hotmail.com,Margaret Walker,1999-11-25,3141,true,2026-02-26,active,2025-06-18,2026-06-04
A002000,christine.hall3115@gmail.com,Christine Hall,1967-12-22,2600,true,2026-04-24,active,2025-04-10,2025-12-11
A002001,mark.khan6665@gmail.com,Mark Khan,1990-11-02,2026,true,2025-09-24,lapsed,2024-12-16,2024-12-19
A002002,fatima.collins2245@hotmail.com,Fatima Collins,1960-02-13,4217,true,2026-06-23,lapsed,2019-08-14,2023-10-01
A002003,wei.campbell1009@gmail.com,Wei Campbell,1969-09-02,2600,true,2020-05-07,lapsed,2019-08-21,2021-02-07
A002004,sarah.walker2706@icloud.com,Sarah Walker,1987-08-19,3220,false,,lapsed,2023-03-07,2024-03-27
A002005,timothy.wright8173@icloud.com,Timothy Wright,1967-07-04,7000,false,,lapsed,2023-06-25,2024-02-15
A002006,katherine.thompson6279@gmail.com,Katherine Thompson,1983-10-30,2000,true,2025-07-16,closed,2023-07-16,2026-06-24
A002007,mary.stewart8206@gmail.com,Mary Stewart,1977-06-19,7000,true,2023-10-27,lapsed,2020-06-28,2022-09-19
A002008,steven.martin9499@bigpond.com,Steven Martin,1996-10-05,4000,false,,lapsed,2019-04-27,2019-08-18
A002009,jessica.hall5753@hotmail.com,Jessica Hall,2005-09-01,3550,true,2025-09-19,active,2025-08-23,2026-05-13
A002010,ashley.chen6023@icloud.com,Ashley Chen,1997-11-27,3141,true,2022-06-07,lapsed,2020-05-05,2021-01-06
A002011,steven.white2359@bigpond.com,Steven White,1966-09-14,2000,true,2020-01-07,active,2018-12-08,2026-01-18
A002012,michelle.green7293@gmail.com,Michelle Green,1957-12-22,3141,false,,lapsed,2020-04-02,2022-10-14
A002013,linda.taylor5296@outlook.com,Linda Taylor,1984-07-16,3141,true,2024-07-11,active,2024-03-11,2026-02-17
A002014,susan.murphy3855@yahoo.com.au,Susan Murphy,1977-01-09,2600,true,2024-05-26,lapsed,2023-12-10,2024-10-18
A002015,mary.robinson2884@gmail.com,Mary Robinson,1969-07-27,3220,true,2019-10-30,lapsed,2017-12-05,2022-01-22
A002016,joshua.white9483@gmail.com,Joshua White,1952-02-11,3121,false,,active,2025-09-24,2026-02-18
A002017,michael.chen9676@yahoo.com.au,Michael Chen,1966-10-28,4000,true,2026-06-30,lapsed,2021-02-02,2021-12-07
A002018,jennifer.martin4842@outlook.com,Jennifer Martin,1999-10-12,3199,true,2025-04-16,lapsed,2024-02-21,2024-12-20
A002019,steven.bell1717@gmail.com,Steven Bell,1983-08-06,6000,true,2026-05-27,active,2026-05-27,2026-06-13
A002020,george.lee6892@gmail.com,George Lee,2001-07-26,6000,true,2020-12-10,lapsed,2019-04-03,2020-09-12
A002021,sarah.khan5671@bigpond.com,Sarah Khan,1959-03-31,2000,false,,active,2021-03-08,2025-10-06
A002022,mark.lee3131@outlook.com,Mark Lee,1993-09-10,2170,false,,active,2024-08-20,2026-01-30
A002023,lisa.liu7907@outlook.com,Lisa Liu,1995-08-10,3550,true,2026-06-23,lapsed,2024-09-25,2024-12-21
A002024,george.baker7040@bigpond.com,George Baker,1976-05-13,2026,true,2023-09-22,lapsed,2021-09-20,2022-05-26
A002025,daniel.evans6149@icloud.com,Daniel Evans,1954-08-05,4000,false,,closed,2020-02-08,2022-06-03
A002026,anthony.anderson6974@icloud.com,Anthony Anderson,1965-01-24,3000,true,2021-04-07,lapsed,2021-01-31,2021-04-07
A002027,fatima.bell7388@outlook.com,Fatima Bell,1970-07-11,5000,true,2026-03-17,closed,2025-10-08,2026-05-17
A002028,deborah.tran2563@gmail.com,Deborah Tran,1974-06-09,2000,true,2022-05-24,lapsed,2022-01-01,2024-04-13
A002029,giulia.khan3559@yahoo.com.au,Giulia Khan,1979-12-28,2026,true,2026-06-25,active,2026-04-29,2026-04-30
A002030,david.clarke580@outlook.com,David Clarke,1983-02-28,3030,true,2026-04-21,lapsed,2023-11-19,2024-12-21
A002031,priya.brown5880@icloud.com,Priya Brown,2005-06-04,3220,true,2018-11-29,lapsed,2018-08-23,2020-09-22
A002032,lisa.mitchell4116@icloud.com,Lisa Mitchell,1957-03-28,7000,true,2021-01-07,lapsed,2020-03-18,2024-08-12
A002033,helen.baker6273@icloud.com,Helen Baker,1977-08-08,3000,true,2025-05-01,lapsed,2023-02-05,2024-06-21
A002034,daniel.evans8214@bigpond.com,Daniel Evans,1952-04-14,2150,true,2023-11-21,lapsed,2022-12-05,2023-07-20
A002035,andrew.costa1732@gmail.com,Andrew Costa,2000-02-13,3030,true,2024-12-19,lapsed,2020-10-13,2024-10-16
A002036,raj.white8353@yahoo.com.au,Raj White,1975-07-05,3121,true,2026-03-27,active,2026-01-26,2026-06-27
A002037,ashley.tanaka650@gmail.com,Ashley Tanaka,1995-01-22,3220,false,,lapsed,2024-07-16,2025-01-02
A002038,amanda.bell5986@hotmail.com,Amanda Bell,1981-11-07,3056,true,2023-09-04,lapsed,2018-07-22,2020-01-26
A002039,james.bell248@yahoo.com.au,James Bell,1974-11-06,2000,true,2025-10-14,lapsed,2022-02-11,2024-05-25
A002040,sandra.baker8430@yahoo.com.au,Sandra Baker,2000-10-06,2600,true,2021-07-12,lapsed,2019-01-04,2024-02-26
A002041,andrew.murphy4442@hotmail.com,Andrew Murphy,1962-12-17,4217,true,2025-03-23,active,2024-08-02,2025-12-17
A002042,mark.zhang6348@icloud.com,Mark Zhang,1957-05-02,3220,true,2024-09-18,active,2022-09-20,2026-02-20
A002043,susan.ryan9539@outlook.com,Susan Ryan,2001-02-07,3141,true,2023-10-22,lapsed,2020-06-05,2022-09-18
A002044,ming.mitchell6110@icloud.com,Ming Mitchell,1956-03-04,2170,true,2025-06-20,lapsed,2022-08-27,2022-09-11
A002045,olivia.mitchell6238@outlook.com,Olivia Mitchell,1964-03-23,3141,true,2025-10-09,active,2025-07-30,2026-04-01
A002046,giulia.ali6409@gmail.com,Giulia Ali,1982-12-15,5000,true,2026-03-24,closed,2026-02-16,2026-04-21
A002047,steven.stewart4561@gmail.com,Steven Stewart,1959-10-27,3220,true,2022-12-14,lapsed,2020-09-29,2024-10-01
A002048,margaret.robinson8463@yahoo.com.au,Margaret Robinson,1974-11-15,3550,true,2026-03-25,active,2025-12-10,2026-02-17
A002049,joseph.williams7046@icloud.com,Joseph Williams,1988-11-30,3182,true,2019-09-13,lapsed,2017-10-22,2022-06-29
A002050,richard.johnson7532@bigpond.com,Richard Johnson,1994-11-24,3550,true,2024-04-01,lapsed,2021-01-31,2021-12-15
A002051,sandra.harris5027@yahoo.com.au,Sandra Harris,1977-08-26,2600,false,,active,2024-11-30,2025-12-21
A002052,jessica.anderson7054@outlook.com,Jessica Anderson,1973-09-10,3550,true,2022-10-03,lapsed,2021-06-12,2023-12-27
A002053,stephanie.chen2428@bigpond.com,Stephanie Chen,2002-04-24,3141,true,2021-08-05,lapsed,2019-03-04,2023-11-11
A002054,matthew.evans285@yahoo.com.au,Matthew Evans,1962-09-28,3199,true,2024-08-18,lapsed,2024-05-26,2025-01-01
A002055,olivia.hall1408@bigpond.com,Olivia Hall,2005-02-02,2150,false,,active,2023-05-26,2025-08-02
A002056,elizabeth.brown5967@icloud.com,Elizabeth Brown,1978-05-20,4000,true,2022-01-18,active,2019-03-13,2025-11-23
A002057,lisa.khan252@hotmail.com,Lisa Khan,1984-04-20,3182,true,2023-10-25,lapsed,2021-05-10,2024-07-28
A002058,sarah.kelly2611@hotmail.com,Sarah Kelly,1986-11-28,3182,true,2021-06-04,lapsed,2018-11-08,2023-09-04
A002059,michelle.jones4557@outlook.com,Michelle Jones,1979-12-22,2010,true,2025-07-11,active,2024-11-16,2025-12-09
A002060,kevin.adams4593@icloud.com,Kevin Adams,1968-10-27,5000,false,,lapsed,2020-04-19,2021-08-21
A002061,karen.robinson3982@bigpond.com,Karen Robinson,1968-10-12,4000,true,2026-06-18,active,2024-12-08,2025-08-13
A002062,priya.hall3458@hotmail.com,Priya Hall,2006-09-11,2150,true,2022-11-12,lapsed,2017-07-20,2023-09-27
A002063,stephanie.zhang4964@gmail.com,Stephanie Zhang,1991-03-01,6000,true,2018-04-12,lapsed,2018-01-22,2023-03-09
A002064,timothy.green7476@bigpond.com,Timothy Green,1963-06-29,2010,false,,closed,2026-04-24,2026-05-24
A002065,william.ryan4046@outlook.com,William Ryan,1959-02-27,3030,false,,active,2018-11-21,2026-06-27
A002066,brian.kelly8504@gmail.com,Brian Kelly,1996-04-12,2026,false,,lapsed,2022-03-21,2024-12-15
A002067,sandra.thompson7835@yahoo.com.au,Sandra Thompson,1997-11-25,3550,false,,lapsed,2021-01-23,2022-08-13
A002068,melissa.murphy2659@gmail.com,Melissa Murphy,1972-04-16,2600,true,2021-10-12,lapsed,2019-07-10,2022-07-29
A002069,samantha.zhang7007@outlook.com,Samantha Zhang,1962-07-22,3121,true,2024-01-10,lapsed,2022-08-24,2022-08-31
A002070,daniel.taylor2070@outlook.com,Daniel Taylor,1958-03-21,3550,true,2022-12-28,lapsed,2019-12-26,2021-06-03
A002071,timothy.white1719@yahoo.com.au,Timothy White,1972-08-21,7000,false,,lapsed,2023-04-10,2024-03-06
A002072,jessica.rossi1146@gmail.com,Jessica Rossi,1958-05-08,2026,true,2018-11-09,lapsed,2018-08-18,2022-11-26
A002073,lisa.adams8040@yahoo.com.au,Lisa Adams,1978-01-23,3121,false,,lapsed,2023-03-11,2024-05-16
A002074,yuki.evans9863@bigpond.com,Yuki Evans,1959-01-09,2600,true,2020-06-15,closed,2019-08-09,2024-09-25
A002075,anthony.walker7742@gmail.com,Anthony Walker,1982-04-25,2170,true,2022-05-02,lapsed,2021-06-23,2025-06-08
A002076,nancy.martin798@bigpond.com,Nancy Martin,1998-10-05,2000,true,2023-12-03,lapsed,2021-02-25,2022-02-20
A002077,margaret.costa6384@hotmail.com,Margaret Costa,1988-04-23,2600,true,2023-08-04,lapsed,2023-07-23,2024-10-13
A002078,melissa.wang9788@icloud.com,Melissa Wang,1983-01-06,2010,true,2025-08-14,active,2025-07-27,2026-02-28
A002079,marco.murphy4910@yahoo.com.au,Marco Murphy,1982-11-24,4000,true,2025-08-17,closed,2020-07-06,2024-03-06
A002080,jennifer.williams9992@yahoo.com.au,Jennifer Williams,1974-02-17,4000,false,,lapsed,2021-12-18,2023-12-07
A002081,raj.liu8816@yahoo.com.au,Raj Liu,1958-12-23,6000,false,,active,2022-07-14,2026-03-11
A002082,katherine.anderson9820@icloud.com,Katherine Anderson,2005-06-02,3220,true,2020-10-23,active,2020-04-06,2025-07-24
A002083,emma.turner8303@bigpond.com,Emma Turner,1967-06-28,3141,true,2024-11-17,lapsed,2018-07-26,2022-04-26
A002084,deborah.jones1031@yahoo.com.au,Deborah Jones,1957-06-22,3030,false,,lapsed,2017-08-16,2018-12-14
A002085,robert.khan9144@bigpond.com,Robert Khan,1970-10-11,3030,false,,lapsed,2021-03-08,2023-06-05
A002086,samantha.singh9346@icloud.com,Samantha Singh,1960-08-26,3030,false,,lapsed,2023-02-06,2023-12-20
A002087,george.tran602@icloud.com,George Tran,1968-03-18,2150,true,2018-11-23,lapsed,2018-04-10,2023-12-14
A002088,kevin.anderson2652@yahoo.com.au,Kevin Anderson,1973-11-13,3121,true,2019-06-07,lapsed,2019-05-07,2024-09-06
A002089,william.brown3596@bigpond.com,William Brown,1950-12-07,3000,true,2022-08-24,lapsed,2020-04-15,2023-11-26
A002090,brian.scott2857@gmail.com,Brian Scott,1981-07-13,4217,false,,lapsed,2024-11-12,2025-02-22
A002091,katherine.anderson6526@outlook.com,Katherine Anderson,1985-06-28,3550,true,2024-02-14,lapsed,2021-04-19,2022-04-04
A002092,rebecca.rossi6616@outlook.com,Rebecca Rossi,1963-04-07,3056,true,2025-09-29,lapsed,2018-02-26,2025-03-29
A002093,deborah.kelly9699@hotmail.com,Deborah Kelly,1950-05-07,2170,true,2024-05-24,lapsed,2018-03-01,2022-09-04
A002094,emma.martin5538@icloud.com,Emma Martin,1964-11-13,2600,true,2023-11-29,closed,2020-07-03,2022-12-17
A002095,raj.murphy6020@outlook.com,Raj Murphy,2002-04-08,3141,true,2025-02-27,lapsed,2023-07-28,2024-09-23
A002096,hiro.smith6387@bigpond.com,Hiro Smith,2006-05-08,3030,false,,lapsed,2017-07-07,2022-12-28
A002097,ahmed.anderson8118@bigpond.com,Ahmed Anderson,1957-07-19,3141,true,2026-05-06,active,2025-09-28,2026-03-11
A002098,ahmed.lee8980@hotmail.com,Ahmed Lee,1973-02-20,3182,false,,lapsed,2024-03-23,2025-03-27
A002099,emma.evans3765@gmail.com,Emma Evans,1999-05-14,4000,false,,active,2026-02-03,2026-05-03
A002100,catherine.turner8746@outlook.com,Catherine Turner,1998-11-17,2170,true,2020-07-30,lapsed,2018-10-31,2019-09-05
A002101,ahmed.lee2828@bigpond.com,Ahmed Lee,1971-06-18,3220,true,2025-06-04,lapsed,2018-06-22,2020-10-29
A002102,deborah.rossi2586@icloud.com,Deborah Rossi,1992-10-06,3182,true,2025-06-15,lapsed,2018-10-19,2025-04-12
A002103,andrew.edwards631@yahoo.com.au,Andrew Edwards,1994-02-16,3550,true,2019-09-30,lapsed,2019-06-10,2020-03-26
A002104,david.tanaka8864@gmail.com,David Tanaka,1975-02-03,7000,true,2026-03-09,active,2024-11-29,2025-08-19
A002105,thomas.robinson9144@yahoo.com.au,Thomas Robinson,1991-12-07,4217,false,,lapsed,2017-12-23,2024-12-14
A002106,emily.sato6590@gmail.com,Emily Sato,1992-11-25,2000,false,,lapsed,2020-09-18,2024-12-15
A002107,deborah.stewart2999@outlook.com,Deborah Stewart,1975-06-13,3199,true,2024-05-24,lapsed,2020-01-04,2022-04-13
A002108,priya.murphy4578@outlook.com,Priya Murphy,1956-03-11,2026,true,2026-02-03,active,2025-06-20,2025-11-13
A002109,william.thompson1577@outlook.com,William Thompson,1959-09-09,3220,true,2024-11-09,lapsed,2024-03-13,2024-05-30
A002110,rebecca.lee8714@outlook.com,Rebecca Lee,2001-03-31,2010,true,2020-03-31,lapsed,2019-10-20,2023-07-23
A002111,matthew.kumar9334@bigpond.com,Matthew Kumar,1966-12-11,5000,false,,lapsed,2022-09-19,2024-04-20
A002112,nancy.khan9512@gmail.com,Nancy Khan,2000-11-27,2010,true,2023-12-13,lapsed,2023-04-26,2024-10-29
A002113,fatima.jones7638@outlook.com,Fatima Jones,1954-01-08,7000,true,2025-12-05,lapsed,2017-08-28,2020-05-03
A002114,margaret.williams3945@gmail.com,Margaret Williams,1983-10-16,3141,false,,closed,2022-09-27,2022-12-08
A002115,george.clarke6531@hotmail.com,George Clarke,2002-07-15,2150,true,2026-01-14,lapsed,2019-07-28,2020-04-19
A002116,helen.brown5511@icloud.com,Helen Brown,1954-05-16,3000,true,2022-07-14,active,2021-05-13,2025-09-28
A002117,amanda.williams5709@outlook.com,Amanda Williams,1974-01-20,3199,true,2026-01-07,active,2017-12-19,2025-11-06
A002118,rebecca.kelly9458@outlook.com,Rebecca Kelly,1951-10-15,3000,true,2024-09-22,closed,2022-07-11,2024-05-01
A002119,andrew.king4194@outlook.com,Andrew King,1967-04-06,3199,false,,lapsed,2020-08-31,2024-03-05
A002120,deborah.sato6394@hotmail.com,Deborah Sato,2000-06-08,3199,true,2023-06-06,lapsed,2022-12-15,2024-05-19
A002121,richard.tanaka2325@yahoo.com.au,Richard Tanaka,1957-10-04,3550,true,2022-01-16,lapsed,2020-01-10,2022-08-02
A002122,wei.robinson5576@gmail.com,Wei Robinson,1971-03-15,5000,true,2024-02-03,lapsed,2019-09-23,2025-04-12
A002123,helen.walker7730@gmail.com,Helen Walker,1957-12-12,3550,true,2026-03-24,lapsed,2022-04-26,2025-06-25
A002124,james.thompson7542@outlook.com,James Thompson,1962-09-26,2170,false,,lapsed,2019-11-28,2024-10-31
A002125,george.king1112@hotmail.com,George King,1970-01-27,3220,false,,active,2023-03-12,2025-07-15
A002126,katherine.murphy633@hotmail.com,Katherine Murphy,1955-10-05,3182,false,,lapsed,2023-06-26,2023-10-13
A002127,mark.sato2183@yahoo.com.au,Mark Sato,1994-03-04,5000,true,2026-04-08,active,2026-04-01,2026-05-15
A002128,giulia.wright7504@hotmail.com,Giulia Wright,1972-04-11,4217,true,2019-08-11,lapsed,2018-09-10,2021-06-17
A002129,wei.kumar5833@yahoo.com.au,Wei Kumar,1991-02-05,2170,false,,lapsed,2020-04-03,2021-06-05
A002130,mary.obrien1175@hotmail.com,Mary OBrien,1957-02-07,3000,true,2026-03-24,lapsed,2020-08-24,2020-11-17
A002131,jennifer.williams283@hotmail.com,Jennifer Williams,1970-09-10,4217,true,2023-07-31,lapsed,2021-06-09,2022-09-10
A002132,wei.green265@bigpond.com,Wei Green,1969-09-08,2150,true,2026-06-17,active,2025-11-27,2026-04-22
A002133,rachel.martin226@icloud.com,Rachel Martin,1956-11-11,5000,true,2024-12-11,lapsed,2018-11-17,2021-08-21
A002134,catherine.taylor6185@hotmail.com,Catherine Taylor,1996-07-22,2010,true,2019-06-02,lapsed,2018-03-12,2024-02-05
A002135,robert.harris8395@outlook.com,Robert Harris,1952-11-12,3182,true,2025-07-08,active,2022-04-03,2025-11-06
A002136,priya.tanaka6693@outlook.com,Priya Tanaka,1968-12-01,2170,true,2025-01-12,lapsed,2020-07-06,2025-06-27
A002137,lisa.nguyen6221@gmail.com,Lisa Nguyen,1968-12-05,2010,true,2024-02-01,active,2023-12-15,2026-05-02
A002138,nancy.walker4498@yahoo.com.au,Nancy Walker,1960-10-21,3220,true,2020-06-07,lapsed,2018-03-14,2024-12-21
A002139,giulia.evans303@bigpond.com,Giulia Evans,1984-02-12,3220,true,2026-02-09,closed,2025-12-18,2026-03-26
A002140,giulia.wright2739@icloud.com,Giulia Wright,1976-02-29,3220,true,2026-02-10,active,2026-01-21,2026-01-27
A002141,william.obrien8307@icloud.com,William OBrien,1966-10-20,2010,false,,closed,2024-06-24,2025-09-02
A002142,stephanie.jones6552@yahoo.com.au,Stephanie Jones,1983-08-14,2600,true,2022-01-01,lapsed,2019-09-24,2023-11-06
A002143,george.zhang562@outlook.com,George Zhang,1957-10-10,3030,false,,lapsed,2017-09-26,2022-01-09
A002144,margaret.wang7470@outlook.com,Margaret Wang,1966-11-16,3141,true,2022-10-15,lapsed,2020-03-25,2021-11-04
A002145,deborah.brown5899@gmail.com,Deborah Brown,1994-06-26,3121,true,2024-07-12,lapsed,2022-11-09,2025-02-03
A002146,daniel.anderson9894@icloud.com,Daniel Anderson,1954-06-24,6000,true,2022-09-12,lapsed,2018-09-05,2018-12-28
A002147,patricia.edwards2949@icloud.com,Patricia Edwards,1987-06-14,7000,false,,lapsed,2021-04-03,2022-04-07
A002148,yuki.wang3247@outlook.com,Yuki Wang,2001-08-19,7000,false,,lapsed,2024-05-01,2024-11-14
A002149,helen.costa6969@hotmail.com,Helen Costa,1955-06-10,3220,true,2025-06-26,lapsed,2023-06-03,2024-06-22
A002150,sarah.lee5363@yahoo.com.au,Sarah Lee,2006-04-07,4000,true,2025-08-31,active,2023-09-06,2026-03-19
A002151,robert.bell8943@bigpond.com,Robert Bell,1971-07-16,3030,true,2023-02-25,active,2022-03-17,2025-11-01
A002152,daniel.ryan6648@outlook.com,Daniel Ryan,1961-04-29,3000,true,2024-06-02,lapsed,2022-05-19,2024-03-18
A002153,karen.walker3242@hotmail.com,Karen Walker,1985-08-16,3000,false,,lapsed,2022-06-05,2025-04-07
A002154,matthew.baker849@hotmail.com,Matthew Baker,1953-12-24,2000,true,2026-06-07,lapsed,2019-10-21,2020-08-02
A002155,olivia.liu2800@outlook.com,Olivia Liu,1997-06-11,2600,true,2017-10-02,lapsed,2017-09-25,2022-05-10
A002156,christine.nguyen6370@yahoo.com.au,Christine Nguyen,1952-03-10,2026,true,2025-12-26,lapsed,2024-04-11,2024-06-06
A002157,catherine.adams1582@bigpond.com,Catherine Adams,1952-11-14,2000,false,,lapsed,2017-11-12,2018-10-15
A002158,joshua.martin3727@bigpond.com,Joshua Martin,1961-12-05,3121,false,,active,2021-07-20,2026-02-10
A002159,nancy.johnson1682@outlook.com,Nancy Johnson,1950-11-25,6000,true,2025-04-07,lapsed,2020-04-15,2020-12-13
A002160,priya.walker9127@gmail.com,Priya Walker,1972-05-16,3030,true,2023-01-05,lapsed,2019-06-20,2023-07-01
A002161,sarah.collins3004@yahoo.com.au,Sarah Collins,1994-04-26,7000,true,2026-03-16,lapsed,2024-11-02,2025-02-07
A002162,thomas.walker7392@gmail.com,Thomas Walker,1972-07-23,2010,true,2022-05-17,lapsed,2018-09-04,2019-10-26
A002163,karen.obrien3349@yahoo.com.au,Karen OBrien,1957-06-01,3030,true,2025-05-27,active,2023-11-28,2026-06-24
A002164,samantha.martin3983@bigpond.com,Samantha Martin,1962-10-18,3141,true,2025-02-15,lapsed,2018-09-18,2022-08-04
A002165,lisa.singh3509@icloud.com,Lisa Singh,2005-11-05,3182,true,2024-04-29,active,2019-10-20,2026-02-07
A002166,rebecca.adams3324@hotmail.com,Rebecca Adams,1974-03-15,2000,true,2025-07-05,active,2025-05-20,2026-02-09
A002167,matthew.baker2798@gmail.com,Matthew Baker,1981-09-19,3141,true,2026-05-29,active,2026-03-08,2026-03-26
A002168,catherine.zhang7308@icloud.com,Catherine Zhang,1974-03-01,3220,false,,lapsed,2019-11-15,2022-01-22
A002169,brian.scott8350@hotmail.com,Brian Scott,2001-08-23,3141,true,2019-02-24,lapsed,2018-04-12,2019-03-21
A002170,george.zhang1579@hotmail.com,George Zhang,1961-05-15,2010,true,2025-10-04,lapsed,2020-01-28,2021-06-10
A002171,thomas.stewart2790@outlook.com,Thomas Stewart,1979-08-01,3030,true,2025-08-12,closed,2024-04-09,2026-05-07
A002172,mary.bell1087@yahoo.com.au,Mary Bell,1950-08-30,3000,true,2025-08-15,lapsed,2018-12-12,2021-06-20
A002173,laura.rossi9941@hotmail.com,Laura Rossi,1956-09-23,2150,true,2025-12-02,active,2024-03-27,2026-02-11
A002174,michelle.anderson163@hotmail.com,Michelle Anderson,1979-08-02,3030,true,2022-05-06,lapsed,2018-06-10,2020-07-18
A002175,richard.taylor8607@yahoo.com.au,Richard Taylor,1988-11-07,3550,true,2026-06-26,closed,2026-02-19,2026-06-05
A002176,emily.bell3842@yahoo.com.au,Emily Bell,1961-02-11,3030,true,2023-01-21,lapsed,2019-03-31,2021-11-28
A002177,wei.evans1132@gmail.com,Wei Evans,1957-02-02,3141,true,2026-03-21,active,2025-01-24,2025-08-25
A002178,emma.wang3677@bigpond.com,Emma Wang,1967-12-29,3141,true,2021-03-21,lapsed,2017-10-26,2023-12-31
A002179,marco.mitchell9199@bigpond.com,Marco Mitchell,1982-10-08,4000,true,2025-01-17,lapsed,2022-09-15,2023-06-08
A002180,catherine.kelly3430@gmail.com,Catherine Kelly,1976-03-23,3182,false,,lapsed,2018-08-23,2024-11-01
A002181,emma.mitchell8600@icloud.com,Emma Mitchell,1965-02-28,4000,true,2024-08-31,lapsed,2019-02-09,2020-04-26
A002182,richard.zhang4844@bigpond.com,Richard Zhang,1958-01-03,3000,false,,lapsed,2024-12-24,2025-03-10
A002183,stephanie.stewart2465@gmail.com,Stephanie Stewart,1951-05-03,2150,true,2026-06-20,active,2025-10-07,2025-10-31
A002184,wei.khan3536@hotmail.com,Wei Khan,1957-03-29,3121,false,,lapsed,2021-03-09,2023-12-27
A002185,ming.kumar186@gmail.com,Ming Kumar,1985-11-24,3000,false,,lapsed,2021-12-23,2023-11-21
A002186,linda.murphy9975@icloud.com,Linda Murphy,2005-12-05,2000,true,2021-09-21,active,2020-06-11,2026-05-06
A002187,priya.sato5694@outlook.com,Priya Sato,1981-08-23,6000,true,2024-09-26,closed,2023-03-14,2025-07-18
A002188,david.thompson1504@icloud.com,David Thompson,2002-06-09,3182,true,2023-11-02,lapsed,2021-02-21,2023-08-26
A002189,joshua.clarke7446@icloud.com,Joshua Clarke,1964-04-21,4000,true,2024-05-12,lapsed,2019-03-15,2020-10-05
A002190,robert.walker679@gmail.com,Robert Walker,2006-10-19,7000,true,2025-07-17,active,2022-10-06,2026-06-03
A002191,lisa.evans4334@yahoo.com.au,Lisa Evans,1965-02-02,3199,true,2022-12-29,active,2022-09-13,2026-02-02
A002192,robert.edwards222@outlook.com,Robert Edwards,1989-07-06,3056,true,2026-02-13,active,2019-08-12,2026-06-05
A002193,patricia.taylor5806@gmail.com,Patricia Taylor,1996-06-03,3030,true,2023-12-17,lapsed,2019-07-30,2019-10-08
A002194,margaret.obrien3904@icloud.com,Margaret OBrien,2004-02-03,2150,false,,active,2025-04-13,2026-05-31
A002195,sandra.clarke8227@bigpond.com,Sandra Clarke,1967-11-25,3220,true,2021-02-20,closed,2020-12-06,2020-12-06
A002196,michelle.rossi2259@hotmail.com,Michelle Rossi,1992-01-28,2010,true,2024-08-05,lapsed,2024-01-02,2025-01-04
A002197,kevin.tanaka3880@icloud.com,Kevin Tanaka,1998-12-20,4000,false,,active,2025-08-03,2025-10-06
A002198,laura.kumar3326@icloud.com,Laura Kumar,1991-09-20,3141,true,2023-09-26,active,2023-07-30,2025-11-04
A002199,patricia.adams4859@hotmail.com,Patricia Adams,1997-04-19,3141,true,2025-09-22,lapsed,2023-05-21,2024-05-01
A002200,matthew.jones7885@gmail.com,Matthew Jones,1983-08-29,3220,false,,lapsed,2018-11-24,2019-04-29
A002201,anthony.tran9114@gmail.com,Anthony Tran,1976-01-27,5000,true,2020-05-03,lapsed,2020-01-04,2021-08-18
A002202,emily.lee4738@gmail.com,Emily Lee,1958-09-16,3182,true,2023-05-11,lapsed,2020-04-11,2020-11-15
A002203,joseph.scott2160@bigpond.com,Joseph Scott,2003-07-05,3000,true,2025-02-08,active,2024-04-07,2025-11-12
A002204,david.hall4604@gmail.com,David Hall,1965-09-26,6000,true,2024-08-25,lapsed,2021-10-13,2022-12-06
A002205,stephanie.williams8992@bigpond.com,Stephanie Williams,1961-10-16,3141,false,,lapsed,2022-09-02,2024-04-18
A002206,rebecca.wang7736@outlook.com,Rebecca Wang,1964-05-18,2026,false,,lapsed,2021-08-30,2023-05-03
A002207,ming.taylor9855@outlook.com,Ming Taylor,1960-04-19,3000,false,,active,2026-04-08,2026-06-10
A002208,kevin.khan5138@icloud.com,Kevin Khan,1978-02-21,4217,true,2025-09-15,active,2024-10-31,2025-07-30
A002209,rachel.liu6168@outlook.com,Rachel Liu,1963-08-11,3220,true,2026-06-17,active,2025-08-29,2025-10-23
A002210,sarah.tran2920@icloud.com,Sarah Tran,1962-04-28,2000,true,2026-06-18,active,2024-06-28,2026-04-13
A002211,emily.brown4498@outlook.com,Emily Brown,2006-10-25,2170,true,2022-02-26,lapsed,2020-12-01,2022-02-19
A002212,kevin.pham457@yahoo.com.au,Kevin Pham,1986-11-16,3056,true,2022-12-11,active,2021-06-07,2026-02-21
A002213,priya.harris2950@yahoo.com.au,Priya Harris,1954-04-08,2170,false,,active,2024-02-24,2025-09-18
A002214,margaret.murphy2032@bigpond.com,Margaret Murphy,1996-07-20,2150,true,2024-03-16,lapsed,2021-01-09,2022-02-01
A002215,steven.thompson3484@outlook.com,Steven Thompson,1975-06-26,2026,false,,lapsed,2017-12-30,2021-08-05
A002216,raj.nguyen3018@yahoo.com.au,Raj Nguyen,1961-06-17,2026,true,2026-06-10,active,2026-05-23,2026-05-27
A002217,linda.kelly4767@icloud.com,Linda Kelly,1987-04-07,2026,false,,active,2025-08-07,2026-05-05
A002218,joshua.mitchell8347@hotmail.com,Joshua Mitchell,1988-03-21,2026,true,2019-12-23,lapsed,2019-01-25,2025-03-15
A002219,sarah.murphy7116@icloud.com,Sarah Murphy,1988-10-03,3141,true,2024-03-27,closed,2022-03-10,2023-08-24
A002220,sandra.wright3673@hotmail.com,Sandra Wright,1956-02-25,4217,true,2021-01-21,lapsed,2020-12-27,2024-12-09
A002221,katherine.harris4774@bigpond.com,Katherine Harris,1998-01-09,3550,true,2024-11-12,lapsed,2018-02-22,2024-06-01
A002222,melissa.lee8075@outlook.com,Melissa Lee,1966-11-04,2026,true,2025-09-23,lapsed,2024-02-13,2024-03-18
A002223,catherine.thompson421@gmail.com,Catherine Thompson,1962-04-10,4217,true,2023-09-08,lapsed,2019-04-01,2023-12-19
A002224,ming.adams499@hotmail.com,Ming Adams,1950-04-16,3056,true,2022-01-31,lapsed,2017-12-28,2020-06-26
A002225,david.tanaka3667@bigpond.com,David Tanaka,1988-05-03,2170,true,2025-08-09,lapsed,2023-06-13,2023-08-07
A002226,margaret.ryan6452@yahoo.com.au,Margaret Ryan,1990-05-30,2150,false,,lapsed,2020-11-05,2022-07-07
A002227,william.singh5891@icloud.com,William Singh,1970-06-15,4000,true,2023-08-17,lapsed,2020-10-05,2021-07-06
A002228,melissa.harris756@yahoo.com.au,Melissa Harris,1999-02-09,3199,false,,lapsed,2019-01-03,2024-04-06
A002229,thomas.anderson4106@hotmail.com,Thomas Anderson,2005-02-09,3550,true,2025-12-08,active,2025-09-12,2026-01-17
A002230,jessica.taylor8346@yahoo.com.au,Jessica Taylor,2003-10-02,5000,true,2022-05-26,lapsed,2019-09-20,2023-12-22
A002231,david.murphy3724@icloud.com,David Murphy,1961-06-12,2000,true,2022-10-10,lapsed,2021-03-08,2023-09-25
A002232,yuki.clarke879@bigpond.com,Yuki Clarke,1999-05-19,4217,false,,lapsed,2020-11-04,2021-10-08
A002233,samantha.liu2167@bigpond.com,Samantha Liu,2005-12-25,3121,true,2026-06-23,lapsed,2021-08-02,2021-10-03
A002234,david.ryan8808@bigpond.com,David Ryan,1963-12-01,2170,false,,lapsed,2024-02-05,2024-07-06
A002235,michael.ryan262@bigpond.com,Michael Ryan,1966-10-09,3121,true,2025-07-31,lapsed,2024-08-01,2024-11-26
A002236,marco.chen2310@yahoo.com.au,Marco Chen,1950-12-19,3182,true,2023-01-25,lapsed,2018-11-09,2024-09-08
A002237,amanda.ryan3926@icloud.com,Amanda Ryan,1974-08-25,2010,true,2025-02-25,lapsed,2017-07-07,2018-05-27
A002238,priya.smith6677@icloud.com,Priya Smith,2000-08-22,2600,true,2026-03-05,lapsed,2021-02-08,2024-03-23
A002239,lisa.green4695@gmail.com,Lisa Green,1996-01-14,3199,true,2023-08-28,active,2022-03-16,2025-10-23
A002240,kevin.thompson4127@hotmail.com,Kevin Thompson,1976-01-09,2010,true,2026-03-13,active,2025-11-11,2026-06-04
A002241,james.edwards1426@gmail.com,James Edwards,1970-11-01,3550,false,,active,2025-01-27,2026-04-06
A002242,daniel.walker8740@outlook.com,Daniel Walker,1966-01-02,7000,true,2024-08-17,lapsed,2022-05-16,2024-09-08
A002243,robert.rossi4060@yahoo.com.au,Robert Rossi,1998-08-29,3056,true,2021-01-23,lapsed,2019-01-29,2021-09-12
A002244,hiro.walker9409@bigpond.com,Hiro Walker,1954-06-13,3056,true,2026-04-20,lapsed,2022-11-07,2024-07-18
A002245,james.smith8422@outlook.com,James Smith,1950-07-21,3000,true,2024-01-04,lapsed,2021-06-04,2022-11-03
A002246,lisa.walker5089@hotmail.com,Lisa Walker,1990-12-18,3220,false,,active,2025-02-13,2025-09-16
A002247,priya.nguyen2482@outlook.com,Priya Nguyen,1985-01-19,3000,true,2026-05-20,active,2025-06-02,2025-08-09
A002248,mark.sato7652@hotmail.com,Mark Sato,1980-03-06,2000,true,2024-09-20,active,2021-08-28,2026-06-17
A002249,mark.tran3565@bigpond.com,Mark Tran,1988-09-21,3030,true,2022-06-21,lapsed,2018-05-29,2024-02-25
A002250,jessica.murphy3509@gmail.com,Jessica Murphy,1984-09-25,3199,true,2021-01-09,lapsed,2020-08-07,2022-04-10
A002251,melissa.smith3156@gmail.com,Melissa Smith,2005-07-19,3121,true,2023-04-08,lapsed,2021-04-18,2022-03-06
A002252,margaret.baker5460@gmail.com,Margaret Baker,1951-09-30,2600,true,2026-06-20,closed,2026-03-21,2026-03-23
A002253,james.rossi632@icloud.com,James Rossi,1959-04-03,3000,false,,closed,2019-02-02,2023-02-21
A002254,robert.evans2237@bigpond.com,Robert Evans,1954-12-09,2150,false,,lapsed,2020-01-15,2022-04-26
A002255,brian.white9004@bigpond.com,Brian White,1973-08-24,7000,true,2019-02-21,lapsed,2017-12-18,2019-08-02
A002256,daniel.johnson7890@yahoo.com.au,Daniel Johnson,1982-04-23,4217,false,,active,2026-04-13,2026-06-29
A002257,jessica.clarke9941@bigpond.com,Jessica Clarke,1989-09-06,2150,false,,active,2026-03-28,2026-05-13
A002258,mark.harris3765@yahoo.com.au,Mark Harris,1980-02-10,3220,true,2024-05-16,lapsed,2020-02-14,2022-08-04
A002259,nancy.hall1297@outlook.com,Nancy Hall,1997-01-16,2600,true,2025-09-18,active,2024-11-10,2026-05-30
A002260,elizabeth.harris3840@hotmail.com,Elizabeth Harris,1973-02-05,3550,true,2024-12-28,lapsed,2023-02-13,2023-05-28
A002261,brian.lee4391@hotmail.com,Brian Lee,1957-12-31,3182,true,2026-02-14,lapsed,2020-09-25,2024-07-11
A002262,timothy.green9466@icloud.com,Timothy Green,1981-11-28,6000,true,2020-09-11,lapsed,2017-07-26,2020-12-06
A002263,helen.liu3383@outlook.com,Helen Liu,2005-12-14,2026,true,2026-02-21,active,2024-08-20,2026-02-11
A002264,anthony.wang6279@hotmail.com,Anthony Wang,1965-12-04,2026,true,2025-10-29,active,2024-11-06,2025-11-04
A002265,james.wilson4274@hotmail.com,James Wilson,2002-09-20,7000,false,,lapsed,2021-02-02,2024-08-24
A002266,kevin.harris4093@hotmail.com,Kevin Harris,2006-08-14,2000,true,2022-11-13,lapsed,2022-07-15,2024-06-24
A002267,anthony.anderson4227@yahoo.com.au,Anthony Anderson,2004-04-24,3121,true,2021-12-08,lapsed,2021-11-15,2023-11-02
A002268,joseph.liu8161@hotmail.com,Joseph Liu,1951-07-23,2600,true,2026-01-13,active,2018-03-22,2026-06-28
A002269,sandra.stewart2037@gmail.com,Sandra Stewart,1950-07-21,3220,true,2025-12-13,lapsed,2024-08-01,2025-07-02
A002270,charles.white9287@outlook.com,Charles White,1958-05-20,2010,false,,lapsed,2018-01-02,2018-12-12
A002271,jessica.green8305@bigpond.com,Jessica Green,1957-06-07,3030,true,2024-11-08,active,2024-08-13,2026-06-26
A002272,elizabeth.taylor6715@hotmail.com,Elizabeth Taylor,1953-03-30,2600,true,2020-09-05,lapsed,2018-02-17,2021-01-16
A002273,jessica.pham2250@gmail.com,Jessica Pham,1987-06-22,2150,true,2026-03-09,active,2024-12-07,2026-03-21
A002274,elizabeth.king4639@icloud.com,Elizabeth King,1996-10-20,4000,true,2026-01-14,active,2025-10-14,2026-06-02
A002275,margaret.turner3702@bigpond.com,Margaret Turner,1956-10-30,3220,true,2022-07-06,active,2021-02-21,2026-04-29
A002276,joseph.collins3560@outlook.com,Joseph Collins,1978-10-14,6000,true,2022-01-01,lapsed,2019-12-30,2020-06-09
A002277,yuki.zhang6307@hotmail.com,Yuki Zhang,1997-04-27,3199,false,,active,2025-03-29,2025-11-02
A002278,elizabeth.smith4742@bigpond.com,Elizabeth Smith,1997-12-14,3182,false,,active,2024-12-12,2026-05-17
A002279,joseph.jones7001@yahoo.com.au,Joseph Jones,2003-10-16,3121,false,,lapsed,2018-09-22,2021-06-10
A002280,samantha.campbell5929@gmail.com,Samantha Campbell,1953-12-17,2026,false,,lapsed,2022-12-09,2023-02-07
A002281,ming.singh6386@bigpond.com,Ming Singh,1956-01-18,2026,true,2026-02-24,active,2024-08-27,2026-06-16
A002282,raj.mitchell387@bigpond.com,Raj Mitchell,1999-03-09,3220,true,2024-12-25,lapsed,2024-07-22,2024-10-09
A002283,brian.martin4041@bigpond.com,Brian Martin,2006-12-16,3199,true,2026-03-29,active,2025-11-05,2026-03-16
A002284,richard.edwards3781@icloud.com,Richard Edwards,2004-04-09,2150,true,2024-11-23,active,2017-12-22,2026-01-12
A002285,amanda.brown1269@icloud.com,Amanda Brown,1959-07-16,2000,true,2026-04-07,active,2026-02-14,2026-02-28
A002286,margaret.khan5949@yahoo.com.au,Margaret Khan,1970-11-05,2026,true,2023-09-04,lapsed,2020-05-03,2021-03-06
A002287,katherine.green9704@outlook.com,Katherine Green,1959-02-09,3199,true,2025-02-01,lapsed,2020-06-07,2021-08-24
A002288,katherine.hall9786@gmail.com,Katherine Hall,1983-11-27,2600,true,2024-04-30,active,2022-06-03,2025-10-18
A002289,mark.singh448@bigpond.com,Mark Singh,1993-07-10,3182,true,2025-05-29,active,2025-04-10,2025-12-29
A002290,fatima.williams9805@hotmail.com,Fatima Williams,1963-11-19,2150,true,2025-04-15,active,2021-02-21,2025-10-05
A002291,sarah.smith491@outlook.com,Sarah Smith,1982-12-24,3550,true,2026-02-11,lapsed,2022-12-19,2023-07-28
A002292,william.tran813@bigpond.com,William Tran,1968-03-15,2150,false,,lapsed,2019-08-19,2023-10-10
A002293,sandra.ryan1071@outlook.com,Sandra Ryan,1953-02-04,2600,false,,lapsed,2019-10-04,2020-03-08
A002294,mark.singh1593@yahoo.com.au,Mark Singh,1984-11-13,3000,false,,lapsed,2019-09-08,2023-07-29
A002295,susan.chen1039@yahoo.com.au,Susan Chen,1950-09-22,5000,true,2025-10-27,lapsed,2021-03-16,2024-05-08
A002296,daniel.martin5871@bigpond.com,Daniel Martin,1981-06-11,2010,true,2025-05-07,lapsed,2021-11-12,2022-03-16
A002297,patricia.anderson3403@icloud.com,Patricia Anderson,1993-01-12,3550,false,,lapsed,2022-12-18,2024-02-24
A002298,elizabeth.jones2679@gmail.com,Elizabeth Jones,1952-08-04,5000,false,,lapsed,2019-09-28,2025-04-23
A002299,michael.tran7767@outlook.com,Michael Tran,1993-07-10,3121,true,2025-06-16,lapsed,2018-11-11,2019-12-26
A002300,yuki.wang7309@outlook.com,Yuki Wang,1998-06-18,5000,false,,active,2021-04-16,2025-11-20
A002301,david.turner5347@yahoo.com.au,David Turner,1983-05-10,2600,true,2025-06-28,lapsed,2021-07-29,2023-03-26
A002302,yuki.stewart4012@bigpond.com,Yuki Stewart,1990-03-06,3199,true,2024-10-09,lapsed,2022-06-05,2022-08-31
A002303,deborah.adams5006@yahoo.com.au,Deborah Adams,1959-03-14,6000,true,2026-05-09,active,2025-11-30,2026-01-10
A002304,katherine.zhang3280@hotmail.com,Katherine Zhang,1987-07-17,4217,true,2020-01-02,lapsed,2018-03-01,2024-01-04
A002305,michael.liu4639@icloud.com,Michael Liu,1970-12-22,2026,true,2026-05-13,lapsed,2018-07-10,2024-10-12
A002306,lisa.kelly4473@icloud.com,Lisa Kelly,2005-08-08,4217,false,,active,2017-11-15,2026-04-03
A002307,richard.thompson3073@hotmail.com,Richard Thompson,1991-07-19,3056,false,,lapsed,2018-02-17,2019-09-24
A002308,kevin.jones5007@hotmail.com,Kevin Jones,2004-02-07,3550,false,,active,2026-03-08,2026-03-22
A002309,ashley.robinson840@bigpond.com,Ashley Robinson,1975-06-24,2010,true,2026-03-30,closed,2026-03-21,2026-04-30
A002310,emma.williams7460@gmail.com,Emma Williams,1995-01-05,4217,true,2020-06-16,lapsed,2017-09-08,2025-01-20
A002311,deborah.green194@outlook.com,Deborah Green,1988-01-13,2026,true,2025-10-25,lapsed,2024-10-10,2025-03-02
A002312,hiro.pham7065@hotmail.com,Hiro Pham,1977-01-20,2150,true,2025-09-24,active,2025-02-16,2026-01-16
A002313,joseph.lee1482@bigpond.com,Joseph Lee,1953-01-01,3550,false,,active,2021-11-13,2026-01-24
A002314,susan.chen4167@bigpond.com,Susan Chen,1951-03-16,5000,false,,closed,2020-04-03,2024-03-31
A002315,patricia.ryan6939@yahoo.com.au,Patricia Ryan,1996-07-13,4000,false,,active,2023-05-28,2025-10-14
A002316,elizabeth.khan3257@outlook.com,Elizabeth Khan,1998-03-10,2026,true,2025-10-27,active,2025-03-17,2025-09-12
A002317,melissa.bell4434@outlook.com,Melissa Bell,1969-04-06,3000,true,2023-11-10,lapsed,2023-07-04,2025-02-21
A002318,lisa.thompson9694@bigpond.com,Lisa Thompson,2004-05-20,2170,true,2026-01-29,lapsed,2021-09-06,2025-01-24
A002319,richard.costa8400@icloud.com,Richard Costa,1982-05-08,5000,true,2020-11-19,lapsed,2018-10-13,2021-03-22
A002320,giulia.harris571@hotmail.com,Giulia Harris,1962-09-28,3199,true,2026-02-16,lapsed,2019-11-18,2020-12-15
A002321,helen.pham9046@gmail.com,Helen Pham,1954-08-08,3121,false,,lapsed,2017-08-15,2025-05-17
A002322,christine.bell8645@outlook.com,Christine Bell,1955-12-09,3056,true,2022-08-12,lapsed,2021-12-13,2023-08-08
A002323,charles.clarke8261@bigpond.com,Charles Clarke,1950-02-21,3056,true,2025-06-22,lapsed,2024-02-12,2024-08-29
A002324,samantha.stewart7626@bigpond.com,Samantha Stewart,1997-05-25,3030,true,2024-05-01,closed,2023-05-21,2023-07-30
A002325,olivia.tran9251@outlook.com,Olivia Tran,1988-07-07,7000,false,,lapsed,2018-06-03,2023-09-08
A002326,brian.obrien2141@hotmail.com,Brian OBrien,1964-10-18,6000,false,,active,2026-04-14,2026-06-28
A002327,ming.hall9648@gmail.com,Ming Hall,1957-12-22,3550,true,2024-09-27,lapsed,2022-04-07,2025-02-28
A002328,charles.pham7669@yahoo.com.au,Charles Pham,1967-07-26,2010,true,2019-09-27,lapsed,2019-05-09,2024-11-05
A002329,joshua.robinson854@yahoo.com.au,Joshua Robinson,2004-01-24,3056,true,2026-06-11,active,2025-05-08,2025-12-03
A002330,nancy.baker7473@yahoo.com.au,Nancy Baker,1993-02-05,3550,true,2020-01-05,lapsed,2018-12-16,2024-09-06
A002331,melissa.jones9124@yahoo.com.au,Melissa Jones,1993-09-07,5000,true,2019-09-28,lapsed,2019-06-07,2025-03-29
A002332,kevin.wang6361@bigpond.com,Kevin Wang,1999-04-20,5000,false,,lapsed,2022-05-24,2022-06-04
A002333,linda.liu5408@icloud.com,Linda Liu,1959-07-17,3220,false,,lapsed,2023-04-14,2024-08-03
A002334,timothy.campbell7250@gmail.com,Timothy Campbell,1977-09-04,3550,true,2023-08-14,lapsed,2021-04-02,2024-06-06
A002335,olivia.robinson4324@hotmail.com,Olivia Robinson,1980-09-16,7000,true,2025-03-02,active,2024-11-05,2026-05-29
A002336,yuki.zhang2614@gmail.com,Yuki Zhang,2006-04-24,3199,true,2026-05-18,lapsed,2023-10-05,2024-10-27
A002337,lisa.williams5779@bigpond.com,Lisa Williams,2005-04-29,2010,true,2024-05-29,lapsed,2019-03-03,2019-11-04
A002338,william.singh839@gmail.com,William Singh,1983-06-29,7000,false,,lapsed,2017-08-06,2023-06-08
A002339,joseph.kelly4241@hotmail.com,Joseph Kelly,2003-07-09,6000,true,2024-10-24,active,2024-01-03,2025-12-03
A002340,yuki.sato8263@gmail.com,Yuki Sato,1977-06-18,5000,true,2026-05-29,active,2026-01-24,2026-05-03
A002341,mark.king4773@yahoo.com.au,Mark King,1972-02-13,7000,false,,lapsed,2023-01-17,2025-04-22
A002342,emma.king1678@icloud.com,Emma King,2003-08-26,2000,true,2024-03-12,lapsed,2023-11-13,2023-11-19
A002343,andrew.thompson4023@bigpond.com,Andrew Thompson,1987-04-24,4000,true,2026-06-26,active,2025-10-21,2026-05-24
A002344,ahmed.wright9934@icloud.com,Ahmed Wright,1985-07-08,6000,false,,lapsed,2019-12-18,2021-03-30
A002345,emily.stewart2665@icloud.com,Emily Stewart,1967-02-19,4000,false,,lapsed,2021-06-29,2022-03-24
A002346,catherine.ali7599@bigpond.com,Catherine Ali,1953-01-12,3030,false,,active,2018-07-11,2025-08-11
A002347,deborah.campbell9382@outlook.com,Deborah Campbell,1979-05-06,2010,true,2025-07-02,lapsed,2022-03-16,2023-08-15
A002348,matthew.turner9205@icloud.com,Matthew Turner,2006-02-22,2150,true,2023-06-05,lapsed,2021-02-26,2021-08-09
A002349,mary.johnson2665@yahoo.com.au,Mary Johnson,1958-09-18,3000,true,2018-02-09,lapsed,2017-09-04,2024-07-15
A002350,ashley.ali7232@yahoo.com.au,Ashley Ali,1971-11-01,3199,false,,lapsed,2021-10-22,2024-02-20
A002351,susan.campbell5079@hotmail.com,Susan Campbell,1994-01-01,2600,false,,lapsed,2022-07-01,2023-01-03
A002352,susan.obrien8223@yahoo.com.au,Susan OBrien,1973-06-08,3121,false,,active,2024-06-24,2026-02-13
A002353,yuki.mitchell3285@gmail.com,Yuki Mitchell,1973-04-17,2000,true,2024-01-12,active,2023-08-27,2025-12-23
A002354,william.king295@icloud.com,William King,2000-02-19,3182,true,2020-11-09,active,2018-08-29,2026-06-21
A002355,nancy.martin4589@gmail.com,Nancy Martin,1993-05-31,2010,true,2025-06-01,active,2023-10-25,2026-03-25
A002356,olivia.walker1584@gmail.com,Olivia Walker,1999-01-17,2170,true,2026-02-17,lapsed,2023-02-27,2023-05-15
A002357,ashley.khan8414@hotmail.com,Ashley Khan,1981-05-29,3056,false,,lapsed,2022-10-24,2024-07-01
A002358,daniel.kumar485@yahoo.com.au,Daniel Kumar,1993-05-22,6000,true,2024-05-09,active,2022-02-28,2025-12-15
A002359,joshua.tran653@hotmail.com,Joshua Tran,1964-12-09,4000,true,2023-02-21,lapsed,2019-08-07,2022-03-09
A002360,raj.kumar9121@hotmail.com,Raj Kumar,1970-11-06,2010,true,2025-11-02,active,2024-01-19,2026-04-09
A002361,michael.taylor7499@hotmail.com,Michael Taylor,1969-01-29,3000,true,2025-06-03,lapsed,2024-07-13,2024-08-27
A002362,richard.stewart4996@gmail.com,Richard Stewart,1972-05-17,2600,true,2025-11-01,active,2024-02-06,2026-06-06
A002363,mark.ali8088@hotmail.com,Mark Ali,1963-05-23,7000,true,2024-01-09,lapsed,2020-10-20,2023-12-03
A002364,james.anderson3984@icloud.com,James Anderson,1972-03-23,2600,true,2021-08-01,lapsed,2020-12-01,2022-07-28
A002365,linda.chen2339@icloud.com,Linda Chen,1962-09-02,2600,false,,lapsed,2019-04-06,2022-04-28
A002366,priya.collins8860@outlook.com,Priya Collins,1957-01-25,4217,false,,lapsed,2017-08-28,2020-06-07
A002367,brian.hall4908@yahoo.com.au,Brian Hall,1957-10-13,3199,true,2024-06-09,lapsed,2020-09-05,2022-08-26
A002368,ahmed.ali7568@bigpond.com,Ahmed Ali,1970-10-24,2600,false,,lapsed,2019-02-16,2020-06-20
A002369,wei.ryan9673@gmail.com,Wei Ryan,1990-02-26,5000,true,2025-02-28,lapsed,2023-01-21,2023-08-06
A002370,andrew.brown3366@gmail.com,Andrew Brown,1974-03-09,2000,true,2023-12-20,lapsed,2019-08-21,2020-12-20
A002371,joseph.williams5949@hotmail.com,Joseph Williams,1977-08-16,7000,false,,lapsed,2019-09-01,2024-05-03
A002372,samantha.zhang1069@gmail.com,Samantha Zhang,1996-11-18,6000,false,,active,2026-04-21,2026-06-05
A002373,wei.tanaka7476@icloud.com,Wei Tanaka,1970-03-07,3056,true,2022-03-02,lapsed,2020-10-09,2021-02-22
A002374,melissa.ryan3934@hotmail.com,Melissa Ryan,1969-04-18,2600,true,2026-01-02,active,2025-09-14,2026-01-12
A002375,matthew.campbell9909@yahoo.com.au,Matthew Campbell,1987-02-15,2026,false,,lapsed,2022-02-01,2023-06-30
A002376,giulia.obrien4716@hotmail.com,Giulia OBrien,1952-06-14,3000,true,2026-03-03,lapsed,2022-08-03,2025-04-18
A002377,patricia.khan6630@gmail.com,Patricia Khan,1956-02-27,3199,false,,lapsed,2025-01-28,2025-04-10
A002378,mark.brown1316@icloud.com,Mark Brown,1950-04-07,7000,true,2025-07-06,closed,2021-02-06,2023-03-31
A002379,susan.chen8030@yahoo.com.au,Susan Chen,1965-03-22,2010,false,,lapsed,2021-09-03,2022-03-24
A002380,olivia.smith6230@bigpond.com,Olivia Smith,1958-10-03,3056,false,,lapsed,2023-12-05,2024-08-01
A002381,patricia.white8801@icloud.com,Patricia White,1970-10-12,3182,false,,lapsed,2020-05-19,2021-11-22
A002382,melissa.baker8354@outlook.com,Melissa Baker,1953-02-08,3199,true,2024-01-04,lapsed,2021-11-11,2025-05-30
A002383,rebecca.liu4173@gmail.com,Rebecca Liu,1994-06-16,3030,true,2024-03-21,lapsed,2018-09-23,2025-03-16
A002384,ahmed.wilson122@outlook.com,Ahmed Wilson,1950-11-05,7000,true,2022-11-14,lapsed,2020-01-04,2024-04-24
A002385,david.khan5672@icloud.com,David Khan,1965-05-05,3220,false,,active,2026-01-15,2026-05-15
A002386,steven.collins3617@gmail.com,Steven Collins,1965-05-11,3182,true,2021-07-06,lapsed,2020-04-22,2023-04-19
A002387,linda.singh3742@bigpond.com,Linda Singh,1954-08-10,6000,false,,lapsed,2024-07-21,2025-03-18
A002388,jennifer.wright5072@outlook.com,Jennifer Wright,1989-02-13,3121,true,2020-05-17,lapsed,2019-03-04,2023-05-28
A002389,emma.adams9515@gmail.com,Emma Adams,1965-11-28,3056,true,2026-02-28,lapsed,2019-08-08,2020-01-07
A002390,marco.wang8196@yahoo.com.au,Marco Wang,1985-01-29,3182,false,,lapsed,2021-05-03,2024-09-09
A002391,robert.hall6042@outlook.com,Robert Hall,1973-05-09,3000,false,,active,2025-04-26,2026-01-21
A002392,andrew.ali1621@gmail.com,Andrew Ali,1957-07-24,2010,false,,lapsed,2018-05-01,2021-04-12
A002393,robert.murphy6662@icloud.com,Robert Murphy,1983-02-23,3000,true,2024-02-12,active,2023-09-17,2025-12-19
A002394,christine.rossi7415@icloud.com,Christine Rossi,2000-06-18,3199,true,2023-10-18,lapsed,2021-06-21,2022-09-11
A002395,brian.king7560@outlook.com,Brian King,1969-02-24,2000,false,,closed,2026-04-16,2026-05-14
A002396,mary.costa1971@outlook.com,Mary Costa,1954-08-02,3199,true,2024-01-15,lapsed,2023-05-22,2024-12-09
A002397,christine.johnson1654@outlook.com,Christine Johnson,1958-06-03,3199,false,,lapsed,2023-07-25,2023-09-20
A002398,mary.mitchell9414@yahoo.com.au,Mary Mitchell,1979-06-13,3030,false,,closed,2023-06-16,2024-12-03
A002399,rachel.smith9805@bigpond.com,Rachel Smith,1991-05-05,6000,false,,lapsed,2018-12-03,2022-05-15
A002400,steven.wang3358@icloud.com,Steven Wang,1965-11-24,7000,false,,active,2022-11-10,2025-12-21
A002401,michelle.martin6845@icloud.com,Michelle Martin,1954-02-21,3220,true,2019-06-14,lapsed,2019-06-04,2023-11-15
A002402,fatima.king9155@gmail.com,Fatima King,1967-03-29,3199,true,2024-02-25,active,2023-03-27,2025-09-25
A002403,george.nguyen6195@gmail.com,George Nguyen,1979-08-23,2026,true,2026-04-20,active,2026-02-17,2026-05-11
A002404,mary.taylor8895@yahoo.com.au,Mary Taylor,2001-04-07,3000,false,,lapsed,2024-01-01,2024-05-30
A002405,rebecca.scott5808@bigpond.com,Rebecca Scott,2005-01-09,3056,true,2024-08-31,lapsed,2024-08-14,2024-12-04
A002406,amanda.tanaka5180@icloud.com,Amanda Tanaka,1997-08-11,2010,true,2026-02-18,closed,2023-07-22,2023-09-21
A002407,stephanie.white6359@outlook.com,Stephanie White,1971-12-30,2010,false,,lapsed,2023-09-15,2023-10-17
A002408,ming.king1457@yahoo.com.au,Ming King,1994-05-07,2000,false,,closed,2025-01-05,2025-03-25
A002409,linda.hall3250@yahoo.com.au,Linda Hall,1963-09-08,3121,true,2021-11-03,closed,2018-01-11,2024-05-07
A002410,timothy.edwards1889@hotmail.com,Timothy Edwards,1991-11-07,2026,true,2025-12-10,active,2025-11-16,2026-02-25
A002411,rebecca.mitchell8112@gmail.com,Rebecca Mitchell,1977-07-29,3141,true,2024-11-01,lapsed,2022-11-07,2025-06-25
A002412,ahmed.nguyen1795@bigpond.com,Ahmed Nguyen,1999-08-01,4217,true,2025-10-31,active,2025-05-04,2026-03-12
A002413,helen.king3223@yahoo.com.au,Helen King,1989-02-20,3550,true,2025-12-10,active,2025-09-12,2025-11-28
A002414,amanda.hall3898@gmail.com,Amanda Hall,1998-05-17,4000,true,2026-06-14,lapsed,2021-10-17,2024-07-04
A002415,katherine.khan8416@yahoo.com.au,Katherine Khan,1996-05-01,2170,true,2024-04-11,lapsed,2022-04-23,2023-08-09
A002416,robert.kumar763@icloud.com,Robert Kumar,2006-04-20,3056,false,,active,2023-08-18,2026-02-24
A002417,joshua.walker4837@gmail.com,Joshua Walker,1992-09-09,3000,false,,active,2024-09-29,2025-08-02
A002418,anthony.tanaka1901@gmail.com,Anthony Tanaka,1980-10-04,5000,false,,lapsed,2021-12-15,2023-06-28
A002419,raj.wright684@yahoo.com.au,Raj Wright,1950-04-22,6000,true,2026-05-16,active,2025-10-09,2026-04-28
A002420,hiro.costa2862@outlook.com,Hiro Costa,1959-01-12,5000,false,,lapsed,2018-04-07,2024-06-19
A002421,laura.martin2551@yahoo.com.au,Laura Martin,2005-02-13,3000,true,2024-10-11,active,2024-03-09,2025-10-25
A002422,emily.rossi6921@bigpond.com,Emily Rossi,2001-12-10,3121,true,2026-02-23,lapsed,2024-11-16,2024-12-30
A002423,raj.anderson5635@icloud.com,Raj Anderson,1993-07-21,3030,false,,lapsed,2024-11-24,2025-01-28
A002424,william.green9961@outlook.com,William Green,1972-01-14,3121,true,2023-05-05,lapsed,2022-03-30,2022-09-21
A002425,elizabeth.evans5724@gmail.com,Elizabeth Evans,1997-06-10,7000,true,2026-03-22,lapsed,2023-04-22,2024-09-28
A002426,james.edwards9502@yahoo.com.au,James Edwards,1957-03-31,5000,true,2021-09-29,lapsed,2020-05-24,2022-11-28
A002427,anthony.ali6370@hotmail.com,Anthony Ali,1978-07-14,3220,true,2024-05-28,lapsed,2023-04-03,2023-09-20
A002428,rebecca.tanaka6905@outlook.com,Rebecca Tanaka,1970-10-21,3141,false,,lapsed,2024-06-27,2025-01-16
A002429,james.williams911@yahoo.com.au,James Williams,1988-02-18,3000,true,2025-05-23,active,2025-05-11,2025-12-27
A002430,margaret.kelly5412@icloud.com,Margaret Kelly,1975-08-15,2600,true,2023-06-04,active,2023-02-26,2026-06-14
A002431,daniel.ali1848@bigpond.com,Daniel Ali,1950-08-01,3000,false,,lapsed,2019-11-07,2025-02-07
A002432,deborah.wright2865@outlook.com,Deborah Wright,1999-11-22,7000,true,2024-04-08,lapsed,2019-06-26,2022-12-28
A002433,sarah.harris5178@hotmail.com,Sarah Harris,1962-02-03,2010,false,,active,2022-12-26,2026-02-28
A002434,anthony.anderson7173@bigpond.com,Anthony Anderson,1982-02-22,5000,true,2025-11-07,lapsed,2023-01-22,2023-08-31
A002435,jessica.williams4932@icloud.com,Jessica Williams,1989-04-30,3030,true,2023-01-17,lapsed,2021-07-20,2023-12-22
A002436,susan.stewart7127@outlook.com,Susan Stewart,1956-01-25,3030,false,,lapsed,2018-05-17,2023-11-26
A002437,brian.rossi8571@outlook.com,Brian Rossi,1966-08-19,3121,false,,lapsed,2019-04-27,2024-02-11
A002438,wei.khan112@icloud.com,Wei Khan,2003-11-04,2150,false,,lapsed,2024-12-29,2025-03-12
A002439,sandra.sato4156@icloud.com,Sandra Sato,1996-11-19,4000,true,2018-12-28,closed,2018-01-15,2024-07-31
A002440,wei.kumar6058@hotmail.com,Wei Kumar,1970-08-01,6000,false,,lapsed,2022-12-18,2023-09-10
A002441,richard.robinson2843@bigpond.com,Richard Robinson,1984-07-17,7000,false,,active,2022-06-11,2025-07-26
A002442,hiro.pham9417@outlook.com,Hiro Pham,1972-12-19,2150,true,2026-04-10,active,2026-01-27,2026-02-05
A002443,christine.collins9770@outlook.com,Christine Collins,1959-10-24,6000,true,2025-02-07,closed,2018-08-03,2020-08-07
A002444,melissa.zhang5742@hotmail.com,Melissa Zhang,1952-11-09,3182,true,2024-08-29,lapsed,2022-01-14,2025-06-01
A002445,richard.white5583@gmail.com,Richard White,1955-01-08,4000,true,2024-08-29,lapsed,2021-07-11,2024-05-19
A002446,mary.ryan3224@outlook.com,Mary Ryan,2001-12-06,6000,false,,lapsed,2024-06-28,2025-06-27
A002447,sandra.costa6980@icloud.com,Sandra Costa,1983-08-04,6000,false,,lapsed,2021-02-18,2023-04-22
A002448,amanda.jones876@bigpond.com,Amanda Jones,1954-05-25,4217,true,2023-07-23,lapsed,2020-10-18,2023-04-15
A002449,andrew.johnson4952@outlook.com,Andrew Johnson,2004-11-30,3030,false,,lapsed,2017-10-12,2020-07-26
A002450,wei.bell5991@yahoo.com.au,Wei Bell,1973-11-09,3056,true,2026-05-26,lapsed,2023-08-21,2024-04-23
A002451,richard.chen9581@bigpond.com,Richard Chen,1950-10-30,5000,false,,lapsed,2017-11-16,2022-05-19
A002452,richard.hall613@icloud.com,Richard Hall,1976-01-21,3030,true,2019-09-27,lapsed,2019-08-15,2019-11-17
A002453,mary.walker2295@icloud.com,Mary Walker,1985-06-29,3199,true,2018-12-09,lapsed,2018-11-16,2022-10-05
A002454,timothy.jones3437@gmail.com,Timothy Jones,1998-10-20,2026,true,2024-02-18,lapsed,2022-07-20,2022-10-15
A002455,wei.sato172@icloud.com,Wei Sato,1955-06-10,7000,true,2022-09-08,lapsed,2020-03-23,2023-01-18
A002456,matthew.jones7732@yahoo.com.au,Matthew Jones,1961-11-12,3121,false,,active,2023-03-25,2026-04-27
A002457,stephanie.smith179@hotmail.com,Stephanie Smith,1953-02-05,3550,true,2023-12-10,active,2021-08-29,2026-02-22
A002458,stephanie.adams3907@bigpond.com,Stephanie Adams,1954-01-14,3220,true,2021-04-26,lapsed,2018-01-20,2018-06-28
A002459,robert.anderson6130@gmail.com,Robert Anderson,1980-10-20,4000,true,2025-09-24,active,2023-10-04,2026-05-06
A002460,samantha.smith6880@gmail.com,Samantha Smith,1988-09-13,2010,true,2024-10-16,lapsed,2022-12-29,2023-05-15
A002461,robert.green1880@icloud.com,Robert Green,1973-10-29,3220,false,,lapsed,2021-03-10,2021-07-10
A002462,anthony.williams7279@bigpond.com,Anthony Williams,1977-07-06,3199,true,2022-05-16,lapsed,2018-03-03,2018-08-27
A002463,sarah.martin1226@bigpond.com,Sarah Martin,1988-04-13,3550,true,2025-01-03,lapsed,2017-07-15,2025-03-21
A002464,andrew.ali696@hotmail.com,Andrew Ali,1985-11-25,2170,true,2025-12-24,active,2022-02-02,2026-04-11
A002465,priya.obrien9773@icloud.com,Priya OBrien,2002-03-06,3056,true,2026-05-02,lapsed,2022-12-24,2023-05-16
A002466,elizabeth.mitchell7095@icloud.com,Elizabeth Mitchell,1961-03-07,2150,true,2025-07-24,lapsed,2024-03-02,2024-12-19
A002467,jessica.robinson7466@outlook.com,Jessica Robinson,1964-07-27,2150,true,2024-12-12,lapsed,2020-08-24,2021-10-30
A002468,andrew.hall9866@hotmail.com,Andrew Hall,2006-02-24,6000,false,,lapsed,2018-04-07,2022-11-08
A002469,anthony.nguyen9989@gmail.com,Anthony Nguyen,1996-10-11,4217,true,2022-08-12,lapsed,2021-04-07,2023-09-21
A002470,patricia.wright881@hotmail.com,Patricia Wright,1953-07-05,2026,true,2026-06-22,active,2026-04-15,2026-05-05
A002471,jessica.robinson3942@icloud.com,Jessica Robinson,1971-04-08,2026,false,,lapsed,2018-08-13,2023-04-02
A002472,jennifer.collins1078@gmail.com,Jennifer Collins,1964-07-16,3550,false,,lapsed,2020-05-02,2023-07-01
A002473,michelle.taylor2669@icloud.com,Michelle Taylor,1952-02-03,2170,false,,lapsed,2018-03-07,2021-03-18
A002474,anthony.brown5442@yahoo.com.au,Anthony Brown,1951-12-26,3199,false,,lapsed,2019-12-26,2025-01-18
A002475,yuki.wang1834@hotmail.com,Yuki Wang,1993-03-01,3182,false,,lapsed,2018-09-16,2023-05-12
A002476,priya.king3382@bigpond.com,Priya King,2001-11-09,6000,true,2024-06-17,closed,2023-02-28,2023-08-09
A002477,george.thompson2026@hotmail.com,George Thompson,1971-06-14,2600,true,2025-07-02,lapsed,2023-11-21,2024-05-08
A002478,giulia.obrien7474@bigpond.com,Giulia OBrien,2000-09-08,3141,false,,lapsed,2023-09-11,2025-05-03
A002479,anthony.kumar7334@outlook.com,Anthony Kumar,1977-12-08,5000,false,,lapsed,2022-03-14,2024-09-13
A002480,deborah.edwards4515@outlook.com,Deborah Edwards,1994-11-28,4000,true,2025-09-01,lapsed,2025-03-20,2025-04-06
A002481,marco.stewart4164@gmail.com,Marco Stewart,1980-12-20,2010,true,2024-11-03,lapsed,2018-08-29,2023-01-07
A002482,rachel.white3041@yahoo.com.au,Rachel White,1952-05-03,3121,true,2024-10-18,lapsed,2022-10-20,2023-03-01
A002483,catherine.turner8555@bigpond.com,Catherine Turner,1985-01-11,3220,true,2025-10-14,active,2024-04-19,2025-12-06
A002484,joshua.sato1852@hotmail.com,Joshua Sato,1970-06-26,2026,true,2025-07-23,closed,2025-07-11,2025-07-15
A002485,james.tran947@yahoo.com.au,James Tran,1961-01-24,3141,false,,lapsed,2020-06-14,2023-06-03
A002486,katherine.baker4082@yahoo.com.au,Katherine Baker,2002-08-28,4217,false,,lapsed,2020-10-31,2021-07-29
A002487,giulia.stewart4098@outlook.com,Giulia Stewart,1980-12-11,3030,false,,lapsed,2023-04-24,2023-11-14
A002488,deborah.green1364@hotmail.com,Deborah Green,1951-09-04,3056,false,,lapsed,2019-07-05,2022-08-11
A002489,rachel.evans6297@icloud.com,Rachel Evans,1958-06-19,3000,true,2026-05-28,active,2022-06-12,2026-05-18
A002490,steven.bell2780@hotmail.com,Steven Bell,1975-08-13,4217,true,2020-06-20,active,2018-08-19,2025-12-12
A002491,linda.brown9513@gmail.com,Linda Brown,1958-08-18,4000,false,,active,2022-11-05,2025-11-18
A002492,marco.campbell4278@bigpond.com,Marco Campbell,1983-08-15,5000,false,,active,2025-10-16,2026-01-09
A002493,mark.nguyen4296@bigpond.com,Mark Nguyen,1955-10-27,2150,false,,lapsed,2023-06-08,2024-10-01
A002494,anthony.brown4887@bigpond.com,Anthony Brown,1993-01-08,2000,false,,active,2024-07-19,2026-04-15
A002495,emily.pham2138@icloud.com,Emily Pham,1960-11-30,2010,true,2024-09-24,lapsed,2020-09-18,2022-03-28
A002496,stephanie.rossi3887@icloud.com,Stephanie Rossi,1992-08-10,3220,false,,lapsed,2022-04-04,2023-03-12
A002497,rachel.chen9771@yahoo.com.au,Rachel Chen,1975-06-28,3030,false,,lapsed,2019-04-05,2020-08-09
A002498,raj.white766@outlook.com,Raj White,1972-03-09,4217,true,2026-06-12,active,2025-03-14,2026-01-01
A002499,hiro.baker3070@yahoo.com.au,Hiro Baker,2002-11-22,3121,true,2026-04-07,active,2024-09-17,2026-02-20
A002500,ashley.brown9752@icloud.com,Ashley Brown,1983-11-27,3121,true,2025-08-31,active,2022-12-15,2025-10-11
A002501,richard.tanaka4799@bigpond.com,Richard Tanaka,1990-10-18,3000,true,2025-03-26,active,2021-09-13,2025-12-19
A002502,rachel.smith2196@outlook.com,Rachel Smith,1988-11-15,2026,true,2023-09-03,active,2023-02-10,2025-09-21
A002503,samantha.brown4649@yahoo.com.au,Samantha Brown,1982-09-02,2170,true,2022-05-16,lapsed,2019-12-26,2024-02-14
A002504,steven.murphy1835@gmail.com,Steven Murphy,1990-10-20,3550,false,,active,2024-04-10,2026-04-18
A002505,laura.martin6631@bigpond.com,Laura Martin,1967-05-22,2170,true,2025-08-20,lapsed,2018-03-18,2022-06-23
A002506,linda.green2826@hotmail.com,Linda Green,1982-02-17,3220,true,2025-11-19,lapsed,2020-02-06,2023-03-06
A002507,george.king8619@outlook.com,George King,1951-09-17,3182,true,2019-06-23,lapsed,2019-03-05,2022-06-29
A002508,anthony.hall2725@icloud.com,Anthony Hall,1965-10-21,2000,true,2024-02-27,lapsed,2023-10-22,2025-05-28
A002509,samantha.pham2006@yahoo.com.au,Samantha Pham,1964-12-05,3182,false,,active,2025-11-26,2026-03-15
A002510,marco.taylor7295@bigpond.com,Marco Taylor,1970-06-25,3141,true,2024-11-26,lapsed,2018-12-14,2020-06-11
A002511,rebecca.tanaka643@hotmail.com,Rebecca Tanaka,1981-03-18,2150,true,2026-02-12,lapsed,2023-06-27,2023-07-31
A002512,kevin.zhang9314@outlook.com,Kevin Zhang,1972-04-13,3550,true,2023-05-15,active,2022-09-29,2026-02-17
A002513,laura.obrien2246@yahoo.com.au,Laura OBrien,1956-08-20,3220,false,,active,2024-11-03,2026-05-26
A002514,mark.smith4602@icloud.com,Mark Smith,1985-08-05,3121,true,2023-02-09,lapsed,2022-11-30,2024-10-13
A002515,sandra.ali4935@icloud.com,Sandra Ali,1964-07-10,2026,false,,lapsed,2020-01-05,2020-02-28
A002516,rachel.edwards5010@outlook.com,Rachel Edwards,1980-12-21,2000,true,2026-04-19,active,2025-06-27,2026-06-20
A002517,jennifer.kelly9706@hotmail.com,Jennifer Kelly,1954-10-11,4000,false,,active,2025-04-22,2026-03-20
A002518,joseph.scott3889@yahoo.com.au,Joseph Scott,1994-01-14,2600,false,,lapsed,2023-06-14,2023-07-29
A002519,ming.clarke8079@bigpond.com,Ming Clarke,1970-03-31,2010,true,2024-07-02,lapsed,2021-12-10,2023-08-22
A002520,linda.king7809@hotmail.com,Linda King,1989-07-02,3199,false,,lapsed,2021-07-11,2023-04-04
A002521,anthony.chen6006@gmail.com,Anthony Chen,1990-02-03,4000,true,2025-12-10,active,2024-03-08,2025-11-11
A002522,olivia.chen3549@gmail.com,Olivia Chen,1978-02-06,4000,true,2021-07-04,lapsed,2018-02-20,2023-06-23
A002523,emily.wang5912@icloud.com,Emily Wang,1958-10-30,7000,true,2022-05-18,lapsed,2021-10-04,2023-11-21
A002524,jessica.martin85@bigpond.com,Jessica Martin,1995-05-25,2150,true,2025-01-16,active,2024-11-27,2026-04-06
A002525,andrew.evans5771@gmail.com,Andrew Evans,1955-07-21,6000,true,2025-08-19,active,2024-01-17,2026-04-15
A002526,marco.anderson8200@hotmail.com,Marco Anderson,1977-06-20,2150,false,,lapsed,2024-05-24,2025-04-10
A002527,michael.sato3435@gmail.com,Michael Sato,1976-08-24,2170,true,2026-05-13,active,2023-06-22,2026-03-17
A002528,ahmed.collins645@yahoo.com.au,Ahmed Collins,1974-09-27,2026,true,2025-12-07,active,2025-07-15,2025-09-23
A002529,linda.zhang1154@gmail.com,Linda Zhang,1988-01-28,3121,true,2025-06-23,lapsed,2024-06-25,2025-05-26
A002530,steven.kumar5884@outlook.com,Steven Kumar,1972-05-28,2010,true,2025-05-18,lapsed,2023-03-15,2025-03-22
A002531,giulia.rossi3578@bigpond.com,Giulia Rossi,1974-09-08,3141,true,2024-02-29,active,2018-02-07,2025-11-24
A002532,christine.wang8607@icloud.com,Christine Wang,1951-02-27,2150,false,,lapsed,2021-09-25,2022-03-21
A002533,ming.ryan3426@outlook.com,Ming Ryan,1979-10-16,7000,false,,lapsed,2024-04-20,2024-12-04
A002534,michelle.anderson6076@hotmail.com,Michelle Anderson,1987-06-14,7000,true,2023-07-05,lapsed,2019-01-01,2021-12-07
A002535,emma.tanaka6746@hotmail.com,Emma Tanaka,1982-11-07,3141,false,,closed,2018-09-01,2025-06-24
A002536,michelle.sato6728@bigpond.com,Michelle Sato,1953-05-26,2170,false,,lapsed,2018-04-17,2021-07-08
A002537,joshua.walker4202@outlook.com,Joshua Walker,1979-07-19,3199,false,,active,2026-03-19,2026-06-15
A002538,lisa.robinson3120@yahoo.com.au,Lisa Robinson,1981-12-23,3121,true,2024-04-18,lapsed,2022-11-15,2024-09-06
A002539,kevin.tanaka9595@yahoo.com.au,Kevin Tanaka,1989-01-09,3182,true,2026-05-27,lapsed,2023-12-01,2025-02-17
A002540,james.baker8391@yahoo.com.au,James Baker,1965-06-12,5000,false,,lapsed,2021-06-07,2023-01-23
A002541,hiro.evans2041@outlook.com,Hiro Evans,1980-11-27,2150,true,2025-08-22,lapsed,2023-03-17,2024-01-01
A002542,david.obrien5731@bigpond.com,David OBrien,1999-10-19,3121,true,2024-10-23,lapsed,2024-03-23,2025-05-09
A002543,giulia.smith3281@outlook.com,Giulia Smith,1973-07-08,3182,true,2025-02-20,active,2023-09-20,2026-07-01
A002544,mary.johnson5110@hotmail.com,Mary Johnson,1992-05-21,3141,true,2025-11-01,lapsed,2020-10-13,2022-12-08
A002545,mary.harris9684@hotmail.com,Mary Harris,1950-07-19,4217,false,,closed,2024-08-20,2024-10-01
A002546,wei.williams420@gmail.com,Wei Williams,1988-08-26,6000,true,2026-05-25,closed,2021-03-19,2023-10-19
A002547,george.khan173@hotmail.com,George Khan,1994-07-28,3220,true,2022-01-25,lapsed,2021-05-22,2022-03-27
A002548,daniel.liu317@gmail.com,Daniel Liu,1985-07-14,4000,false,,lapsed,2020-07-13,2022-10-27
A002549,ming.brown1567@outlook.com,Ming Brown,1970-08-31,3030,true,2026-07-01,active,2026-01-26,2026-05-31
A002550,david.singh1453@yahoo.com.au,David Singh,1977-10-17,3121,true,2023-05-02,lapsed,2021-01-31,2024-11-21
A002551,james.anderson4073@bigpond.com,James Anderson,1971-09-24,2170,true,2025-06-24,active,2024-11-18,2025-10-14
A002552,mary.obrien6376@outlook.com,Mary OBrien,1963-11-23,2150,true,2020-11-16,active,2018-08-26,2025-10-10
A002553,yuki.hall4806@hotmail.com,Yuki Hall,2003-07-02,3056,true,2026-01-08,lapsed,2022-11-03,2025-04-07
A002554,stephanie.obrien1564@icloud.com,Stephanie OBrien,1977-06-05,3121,true,2026-03-05,lapsed,2021-09-21,2024-12-10
A002555,hiro.johnson1367@bigpond.com,Hiro Johnson,1963-12-09,2150,true,2022-03-27,lapsed,2021-10-30,2022-05-31
A002556,emma.adams4677@yahoo.com.au,Emma Adams,2002-11-06,6000,true,2026-03-07,lapsed,2021-08-21,2025-06-27
A002557,richard.scott7422@icloud.com,Richard Scott,1980-07-14,2026,false,,lapsed,2020-08-05,2022-06-07
A002558,sandra.jones4382@hotmail.com,Sandra Jones,1994-07-29,3121,true,2021-11-04,lapsed,2020-04-29,2023-09-17
A002559,patricia.zhang7868@gmail.com,Patricia Zhang,1974-04-01,3030,false,,lapsed,2018-02-07,2022-09-10
A002560,katherine.walker5649@hotmail.com,Katherine Walker,1987-06-17,4000,true,2025-05-08,lapsed,2024-02-05,2024-03-30
A002561,linda.smith6411@bigpond.com,Linda Smith,1967-03-18,3030,true,2023-01-01,lapsed,2019-05-13,2023-03-14
A002562,christine.tanaka4651@hotmail.com,Christine Tanaka,1953-11-04,3182,true,2019-06-02,closed,2019-02-09,2020-04-02
A002563,emily.chen8059@yahoo.com.au,Emily Chen,1964-10-28,3141,true,2026-04-26,active,2021-07-24,2026-02-27
A002564,joseph.brown7425@hotmail.com,Joseph Brown,1978-04-26,3182,true,2025-12-18,active,2025-09-18,2025-11-28
A002565,stephanie.scott8946@outlook.com,Stephanie Scott,1954-06-03,2170,false,,lapsed,2020-08-24,2023-09-12
A002566,michelle.johnson561@bigpond.com,Michelle Johnson,1983-07-02,2010,false,,lapsed,2024-10-06,2025-04-03
A002567,nancy.singh306@outlook.com,Nancy Singh,1988-05-19,4000,false,,lapsed,2018-08-14,2021-02-28
A002568,rebecca.thompson3821@hotmail.com,Rebecca Thompson,1974-01-27,2010,false,,active,2023-12-15,2025-12-26
A002569,emma.walker6141@bigpond.com,Emma Walker,1956-09-22,7000,true,2023-08-03,lapsed,2023-06-02,2024-01-13
A002570,richard.ryan8962@icloud.com,Richard Ryan,1955-04-19,4000,true,2024-01-16,lapsed,2021-12-24,2023-07-20
A002571,margaret.liu3258@bigpond.com,Margaret Liu,1982-04-08,2150,true,2025-04-15,lapsed,2022-07-30,2024-04-20
A002572,sarah.murphy862@yahoo.com.au,Sarah Murphy,1954-08-23,2000,true,2021-06-10,lapsed,2017-10-06,2022-03-07
A002573,giulia.stewart3890@gmail.com,Giulia Stewart,1980-06-03,7000,true,2024-03-17,lapsed,2022-04-27,2025-06-28
A002574,timothy.taylor1589@outlook.com,Timothy Taylor,1962-02-23,2600,true,2025-11-18,lapsed,2019-01-22,2019-03-14
A002575,william.tanaka9971@gmail.com,William Tanaka,1950-09-14,3220,false,,lapsed,2020-10-23,2021-05-20
A002576,elizabeth.campbell4668@yahoo.com.au,Elizabeth Campbell,1952-04-26,2010,true,2026-02-08,lapsed,2020-04-21,2020-07-12
A002577,helen.kumar4361@hotmail.com,Helen Kumar,1999-08-18,2026,true,2025-05-14,lapsed,2023-04-14,2025-05-10
A002578,mary.anderson3278@bigpond.com,Mary Anderson,1956-01-24,2170,false,,lapsed,2022-08-27,2023-02-21
A002579,christine.scott1962@hotmail.com,Christine Scott,1988-11-12,2600,true,2021-10-19,lapsed,2020-02-05,2022-11-13
A002580,daniel.khan296@outlook.com,Daniel Khan,1951-06-28,3550,false,,lapsed,2018-01-11,2021-08-11
A002581,sarah.collins3943@icloud.com,Sarah Collins,1975-12-04,2000,true,2024-12-31,active,2024-03-18,2026-01-31
A002582,sarah.turner3205@bigpond.com,Sarah Turner,1960-04-04,2170,true,2025-04-25,lapsed,2023-03-25,2024-03-11
A002583,michael.obrien5987@outlook.com,Michael OBrien,1981-09-18,3220,false,,active,2025-08-20,2025-10-02
A002584,william.collins3308@outlook.com,William Collins,2000-02-05,3056,false,,active,2023-10-26,2025-07-28
A002585,anthony.thompson3580@icloud.com,Anthony Thompson,2005-06-13,3550,false,,active,2024-03-05,2026-04-13
A002586,anthony.ryan5825@bigpond.com,Anthony Ryan,1968-05-22,2150,true,2020-08-21,lapsed,2020-07-11,2023-05-04
A002587,hiro.baker6820@bigpond.com,Hiro Baker,1951-10-24,2170,true,2026-04-26,active,2025-04-09,2026-03-06
A002588,anthony.johnson1140@icloud.com,Anthony Johnson,1961-04-26,2600,true,2024-09-26,active,2024-09-04,2026-02-03
A002589,ahmed.kumar8511@hotmail.com,Ahmed Kumar,1993-11-28,5000,true,2021-09-11,lapsed,2017-10-16,2021-01-30
A002590,ming.ryan3831@bigpond.com,Ming Ryan,1968-06-15,6000,true,2020-03-10,lapsed,2017-12-03,2025-02-20
A002591,giulia.adams7965@gmail.com,Giulia Adams,1983-01-31,4000,false,,active,2025-05-11,2026-03-07
A002592,karen.johnson4248@bigpond.com,Karen Johnson,1950-04-12,2150,false,,active,2023-11-06,2026-04-24
A002593,david.tanaka9377@yahoo.com.au,David Tanaka,1986-08-08,2170,true,2020-03-31,lapsed,2017-09-30,2018-03-22
A002594,brian.king9783@hotmail.com,Brian King,1994-03-15,3121,true,2024-03-13,active,2023-02-27,2026-03-03
A002595,laura.evans1567@bigpond.com,Laura Evans,1975-02-09,7000,true,2023-06-08,lapsed,2020-10-09,2024-10-06
A002596,ahmed.smith7241@hotmail.com,Ahmed Smith,1970-10-03,3182,false,,lapsed,2022-05-20,2024-09-14
A002597,charles.ryan8231@icloud.com,Charles Ryan,1977-08-22,3000,true,2022-08-30,active,2020-10-14,2026-04-02
A002598,matthew.thompson8837@outlook.com,Matthew Thompson,1981-12-27,2600,false,,active,2023-01-02,2026-04-09
A002599,yuki.king1497@outlook.com,Yuki King,1958-02-13,3182,true,2024-11-20,lapsed,2023-09-28,2025-01-13
A002600,joseph.ali9356@bigpond.com,Joseph Ali,1986-01-04,3550,true,2022-07-15,lapsed,2019-01-22,2021-07-06
A002601,mark.liu1383@yahoo.com.au,Mark Liu,1951-05-19,3121,true,2026-05-16,active,2025-08-29,2026-01-04
A002602,brian.turner932@hotmail.com,Brian Turner,1969-10-01,5000,true,2026-01-17,active,2025-11-26,2026-06-16
A002603,lisa.anderson660@yahoo.com.au,Lisa Anderson,1961-03-16,6000,true,2026-03-31,lapsed,2025-03-04,2025-06-05
A002604,brian.obrien4191@gmail.com,Brian OBrien,1995-03-14,3220,true,2025-08-15,lapsed,2023-11-11,2024-09-24
A002605,matthew.anderson7599@bigpond.com,Matthew Anderson,2006-05-22,3182,true,2022-09-26,lapsed,2017-11-02,2022-04-15
A002606,mary.mitchell8529@bigpond.com,Mary Mitchell,1953-12-08,2010,true,2024-10-02,lapsed,2022-07-21,2025-04-10
A002607,charles.smith2847@yahoo.com.au,Charles Smith,1993-01-26,6000,true,2022-01-13,lapsed,2020-03-08,2023-03-29
A002608,joshua.martin9006@outlook.com,Joshua Martin,1971-04-04,2150,true,2025-11-05,lapsed,2018-02-03,2024-06-19
A002609,deborah.adams2079@outlook.com,Deborah Adams,1984-04-05,6000,true,2023-10-10,lapsed,2020-06-12,2025-02-19
A002610,michelle.king7891@yahoo.com.au,Michelle King,1969-12-10,7000,true,2025-12-30,active,2025-09-06,2025-10-03
A002611,steven.williams7189@bigpond.com,Steven Williams,1959-11-10,7000,false,,lapsed,2019-05-19,2019-10-30
A002612,james.martin7417@yahoo.com.au,James Martin,1989-12-03,3056,true,2022-07-22,lapsed,2018-09-26,2020-08-11
A002613,emily.martin6052@bigpond.com,Emily Martin,1968-02-26,5000,true,2020-10-05,lapsed,2019-01-27,2023-10-07
A002614,william.campbell2673@hotmail.com,William Campbell,1981-12-12,2010,true,2024-03-29,active,2021-11-26,2026-06-07
A002615,rebecca.green2490@hotmail.com,Rebecca Green,1954-11-24,3000,false,,lapsed,2019-11-03,2021-09-19
A002616,sarah.stewart15@hotmail.com,Sarah Stewart,1959-02-01,3000,true,2023-01-25,lapsed,2022-03-20,2022-10-13
A002617,rachel.clarke5087@icloud.com,Rachel Clarke,1959-04-24,6000,false,,closed,2025-12-06,2026-03-17
A002618,fatima.green4265@gmail.com,Fatima Green,1975-05-08,6000,true,2025-12-30,active,2023-05-30,2025-10-10
A002619,hiro.brown2960@outlook.com,Hiro Brown,1994-01-10,3121,true,2023-02-14,lapsed,2022-06-06,2023-11-09
A002620,michael.costa6299@yahoo.com.au,Michael Costa,1951-06-08,2010,true,2021-11-28,lapsed,2018-06-27,2020-07-01
A002621,marco.tran6696@gmail.com,Marco Tran,1983-04-17,3056,true,2026-02-14,lapsed,2020-02-03,2021-06-15
A002622,karen.pham6783@yahoo.com.au,Karen Pham,1958-06-15,4217,false,,lapsed,2018-05-09,2024-06-26
A002623,patricia.walker1504@gmail.com,Patricia Walker,1990-04-09,3220,false,,active,2026-04-19,2026-05-09
A002624,emma.campbell5143@outlook.com,Emma Campbell,2005-01-01,3199,true,2020-02-28,lapsed,2019-04-07,2024-11-05
A002625,anthony.jones6373@bigpond.com,Anthony Jones,1976-09-04,3220,false,,lapsed,2018-09-13,2024-08-17
A002626,kevin.turner1112@gmail.com,Kevin Turner,1951-11-22,2150,true,2026-04-06,lapsed,2022-07-21,2024-10-22
A002627,jessica.chen7393@outlook.com,Jessica Chen,1961-11-02,3000,true,2026-02-21,closed,2025-10-19,2025-11-05
A002628,william.obrien9859@gmail.com,William OBrien,1951-07-20,3182,true,2021-05-20,lapsed,2020-06-17,2020-12-15
A002629,steven.robinson9496@hotmail.com,Steven Robinson,1993-04-15,6000,true,2022-05-21,lapsed,2020-02-26,2021-08-21
A002630,richard.ryan7827@icloud.com,Richard Ryan,1959-03-28,3199,true,2026-06-07,lapsed,2024-04-05,2024-09-04
A002631,kevin.evans2385@bigpond.com,Kevin Evans,1960-07-22,7000,true,2021-10-12,active,2021-08-19,2025-12-02
A002632,david.hall8664@outlook.com,David Hall,1994-09-28,2000,false,,lapsed,2021-01-29,2021-04-09
A002633,katherine.campbell5829@outlook.com,Katherine Campbell,1953-09-09,3199,true,2023-03-10,lapsed,2019-12-25,2021-01-08
A002634,emma.smith8699@gmail.com,Emma Smith,1952-06-03,5000,true,2022-12-21,active,2021-08-29,2025-08-25
A002635,charles.evans5533@outlook.com,Charles Evans,1982-05-12,7000,true,2024-04-21,active,2021-01-24,2025-12-01
A002636,kevin.robinson7982@bigpond.com,Kevin Robinson,1980-06-03,3030,false,,lapsed,2022-10-06,2025-04-04
A002637,amanda.tanaka9735@yahoo.com.au,Amanda Tanaka,1969-06-05,2150,false,,active,2018-12-27,2026-02-28
A002638,matthew.smith4138@bigpond.com,Matthew Smith,1979-10-02,2010,true,2025-02-02,active,2021-05-28,2025-07-14
A002639,amanda.scott378@yahoo.com.au,Amanda Scott,1986-05-12,4217,true,2024-10-09,lapsed,2020-09-22,2021-09-21
A002640,lisa.jones754@bigpond.com,Lisa Jones,1987-12-25,3056,true,2026-06-06,active,2025-05-27,2025-10-10
A002641,wei.lee5080@outlook.com,Wei Lee,1952-08-19,2010,true,2023-03-04,lapsed,2021-06-28,2021-11-15
A002642,rachel.liu1004@bigpond.com,Rachel Liu,1960-09-14,3030,false,,lapsed,2023-06-03,2024-09-10
A002643,brian.green4500@icloud.com,Brian Green,1980-05-11,3550,true,2019-07-08,active,2017-10-21,2025-12-28
A002644,christine.turner6157@yahoo.com.au,Christine Turner,2002-06-12,2026,false,,active,2025-09-25,2026-03-21
A002645,olivia.singh7620@bigpond.com,Olivia Singh,1999-03-15,2600,true,2025-12-10,lapsed,2023-07-15,2025-06-21
A002646,daniel.collins2066@gmail.com,Daniel Collins,1976-06-28,2026,false,,lapsed,2019-01-26,2021-04-13
A002647,hiro.wright8639@bigpond.com,Hiro Wright,1954-03-05,2000,true,2024-11-01,lapsed,2018-10-23,2019-02-06
A002648,karen.ryan2047@yahoo.com.au,Karen Ryan,1988-02-20,4000,false,,lapsed,2020-05-26,2024-03-14
A002649,sarah.evans8582@icloud.com,Sarah Evans,1965-10-07,2600,true,2024-05-15,closed,2023-02-26,2024-03-25
A002650,richard.robinson3706@icloud.com,Richard Robinson,1971-12-18,2000,false,,active,2026-02-04,2026-02-23
A002651,hiro.ali5313@yahoo.com.au,Hiro Ali,2002-03-06,3000,true,2021-06-06,closed,2019-05-16,2019-07-19
A002652,hiro.edwards1479@bigpond.com,Hiro Edwards,2001-03-27,3121,true,2025-07-25,lapsed,2022-01-20,2024-08-09
A002653,linda.smith397@bigpond.com,Linda Smith,2000-03-09,2010,false,,lapsed,2019-09-20,2020-11-24
A002654,ming.wright8961@hotmail.com,Ming Wright,1967-07-11,2600,true,2019-07-04,lapsed,2019-06-18,2022-12-13
A002655,nancy.chen7110@bigpond.com,Nancy Chen,1969-12-28,4217,true,2021-12-29,lapsed,2018-12-16,2021-03-07
A002656,george.scott5427@gmail.com,George Scott,2002-11-18,5000,true,2020-08-13,lapsed,2019-03-15,2024-01-16
A002657,william.nguyen2095@hotmail.com,William Nguyen,1972-01-01,3550,true,2026-03-21,active,2023-11-08,2026-05-15
A002658,richard.smith5296@hotmail.com,Richard Smith,1990-03-14,3000,true,2025-05-02,active,2020-10-21,2025-11-27
A002659,nancy.kumar3650@bigpond.com,Nancy Kumar,1982-10-18,3030,true,2023-09-11,lapsed,2022-01-12,2025-05-25
A002660,helen.campbell8900@hotmail.com,Helen Campbell,1952-07-07,2150,false,,lapsed,2020-12-08,2022-06-14
A002661,mark.johnson7254@icloud.com,Mark Johnson,1957-06-19,3220,true,2025-11-16,lapsed,2021-05-25,2024-07-13
A002662,laura.johnson2426@icloud.com,Laura Johnson,1994-12-18,6000,true,2026-03-14,lapsed,2022-01-12,2024-09-06
A002663,emily.brown8458@bigpond.com,Emily Brown,2001-03-11,3056,true,2026-04-09,active,2025-07-23,2026-02-28
A002664,christine.zhang2958@gmail.com,Christine Zhang,1971-01-03,3199,true,2025-10-21,active,2025-09-16,2025-12-27
A002665,david.wang1795@bigpond.com,David Wang,1984-06-19,7000,true,2026-06-13,lapsed,2022-07-14,2025-02-19
A002666,jennifer.wang8598@outlook.com,Jennifer Wang,1988-09-24,3550,true,2023-02-22,lapsed,2017-11-21,2021-02-13
A002667,susan.edwards2145@bigpond.com,Susan Edwards,1989-05-11,3199,true,2022-05-16,lapsed,2020-09-22,2023-08-04
A002668,michael.smith4374@bigpond.com,Michael Smith,1982-12-07,2150,true,2020-05-24,lapsed,2019-06-11,2025-02-12
A002669,mary.wang1388@gmail.com,Mary Wang,1960-11-24,3056,false,,lapsed,2024-09-08,2025-03-22
A002670,elizabeth.jones1602@yahoo.com.au,Elizabeth Jones,1981-09-01,4217,true,2017-11-09,lapsed,2017-10-03,2017-10-12
A002671,wei.robinson5196@hotmail.com,Wei Robinson,1971-01-23,6000,true,2026-03-09,active,2025-04-06,2026-01-17
A002672,jennifer.collins1507@outlook.com,Jennifer Collins,2000-08-26,2150,true,2023-12-23,lapsed,2023-10-28,2024-02-08
A002673,steven.rossi8458@icloud.com,Steven Rossi,1968-05-17,3220,true,2026-01-24,active,2024-01-11,2025-10-22
A002674,karen.anderson1439@icloud.com,Karen Anderson,1979-03-04,2600,true,2024-07-20,lapsed,2023-05-08,2023-10-03
A002675,katherine.turner1810@icloud.com,Katherine Turner,1970-01-04,3220,true,2025-06-29,lapsed,2024-01-28,2024-07-19
A002676,susan.brown2148@icloud.com,Susan Brown,1970-12-12,3550,false,,active,2021-12-10,2025-07-10
A002677,jessica.pham6096@outlook.com,Jessica Pham,1993-05-09,2600,true,2024-03-10,lapsed,2020-07-31,2024-01-16
A002678,elizabeth.harris1680@bigpond.com,Elizabeth Harris,1979-11-05,2010,true,2025-09-12,lapsed,2023-05-29,2025-02-04
A002679,sandra.hall9115@hotmail.com,Sandra Hall,1973-12-21,6000,false,,lapsed,2018-06-04,2022-12-03
A002680,andrew.mitchell938@hotmail.com,Andrew Mitchell,1961-02-04,7000,true,2026-01-03,closed,2025-12-25,2026-03-15
A002681,emma.pham1790@icloud.com,Emma Pham,1961-04-23,4000,true,2019-06-21,lapsed,2017-11-28,2022-12-23
A002682,sandra.stewart1520@yahoo.com.au,Sandra Stewart,1982-03-30,2000,false,,active,2026-05-18,2026-07-02
A002683,rebecca.walker1841@icloud.com,Rebecca Walker,1960-03-30,3056,true,2020-04-01,lapsed,2019-07-23,2021-02-19
A002684,patricia.green8704@hotmail.com,Patricia Green,1953-10-05,4000,true,2024-12-28,lapsed,2019-04-25,2020-02-10
A002685,fatima.wright2476@hotmail.com,Fatima Wright,1977-03-04,4000,true,2020-01-11,lapsed,2017-08-28,2023-07-18
A002686,rebecca.smith403@icloud.com,Rebecca Smith,2005-04-23,3121,false,,lapsed,2020-04-05,2022-08-01
A002687,amanda.green6595@bigpond.com,Amanda Green,1974-02-25,3121,false,,lapsed,2023-05-01,2023-07-29
A002688,george.taylor7999@gmail.com,George Taylor,1988-06-29,5000,true,2022-04-03,lapsed,2021-03-14,2022-09-08
A002689,nancy.walker8129@yahoo.com.au,Nancy Walker,1982-07-10,6000,true,2023-08-02,lapsed,2019-08-17,2021-06-05
A002690,nancy.brown9081@outlook.com,Nancy Brown,1979-09-07,7000,false,,active,2022-10-07,2026-04-03
A002691,deborah.singh52@bigpond.com,Deborah Singh,1960-03-30,3030,true,2026-05-11,active,2026-02-22,2026-06-03
A002692,margaret.khan3210@hotmail.com,Margaret Khan,1983-02-22,3550,false,,lapsed,2023-05-18,2023-09-20
A002693,patricia.anderson8331@yahoo.com.au,Patricia Anderson,1961-03-26,2150,false,,lapsed,2018-04-10,2023-10-16
A002694,brian.nguyen8825@hotmail.com,Brian Nguyen,1962-03-09,4217,true,2026-04-09,active,2025-05-05,2025-08-09
A002695,karen.sato1164@hotmail.com,Karen Sato,1985-06-07,4217,true,2025-06-22,lapsed,2017-08-11,2018-01-23
A002696,giulia.evans1216@icloud.com,Giulia Evans,1955-01-18,6000,true,2020-01-13,lapsed,2019-12-25,2020-08-17
A002697,giulia.tran6051@outlook.com,Giulia Tran,2006-03-27,3000,true,2023-04-16,active,2022-01-11,2026-05-08
A002698,susan.kumar2905@yahoo.com.au,Susan Kumar,1999-04-25,5000,true,2022-12-11,lapsed,2022-09-09,2023-01-05
A002699,katherine.costa9961@bigpond.com,Katherine Costa,1987-08-02,3121,true,2024-06-01,active,2024-05-31,2026-01-30
A002700,jennifer.jones3521@hotmail.com,Jennifer Jones,1973-06-20,5000,true,2023-04-18,lapsed,2018-12-20,2019-01-04
A002701,sarah.edwards3482@yahoo.com.au,Sarah Edwards,1965-11-14,3220,true,2025-03-05,lapsed,2024-11-21,2025-02-21
A002702,brian.singh9803@outlook.com,Brian Singh,1982-04-19,2150,true,2020-06-13,lapsed,2020-06-12,2021-03-24
A002703,rebecca.robinson3766@outlook.com,Rebecca Robinson,1994-07-01,6000,true,2026-07-03,active,2026-04-24,2026-06-11
A002704,thomas.jones8300@yahoo.com.au,Thomas Jones,1962-05-13,3056,true,2019-11-12,lapsed,2018-03-04,2021-09-19
A002705,karen.hall9748@bigpond.com,Karen Hall,2000-07-07,4000,true,2025-03-25,lapsed,2018-06-05,2021-04-27
A002706,timothy.singh4609@gmail.com,Timothy Singh,1962-04-05,3030,false,,closed,2020-05-23,2026-02-09
A002707,nancy.tran414@outlook.com,Nancy Tran,1970-02-09,3000,true,2026-03-31,lapsed,2020-08-31,2021-11-17
A002708,deborah.pham6183@hotmail.com,Deborah Pham,1999-09-23,2010,false,,lapsed,2022-11-05,2023-06-30
A002709,nancy.sato9678@hotmail.com,Nancy Sato,1981-05-26,7000,false,,active,2023-09-15,2026-05-15
A002710,marco.stewart9488@outlook.com,Marco Stewart,1951-05-11,3182,true,2024-08-26,active,2022-10-05,2026-02-12
A002711,christine.ryan9638@icloud.com,Christine Ryan,1967-04-15,3030,false,,lapsed,2019-04-15,2024-09-01
A002712,samantha.clarke3995@icloud.com,Samantha Clarke,1958-09-03,3056,true,2026-06-08,active,2023-10-31,2025-11-28
A002713,melissa.harris9569@gmail.com,Melissa Harris,1973-02-16,6000,false,,lapsed,2024-03-20,2024-10-09
A002714,richard.turner556@icloud.com,Richard Turner,1950-05-06,7000,true,2024-07-26,lapsed,2022-07-08,2023-06-04
A002715,michael.green7597@hotmail.com,Michael Green,1980-03-05,2150,true,2025-12-18,lapsed,2019-09-08,2024-06-02
A002716,mary.ryan8163@hotmail.com,Mary Ryan,1971-01-25,3550,true,2025-08-22,lapsed,2018-03-02,2021-12-28
A002717,yuki.brown1522@bigpond.com,Yuki Brown,1993-02-02,3030,true,2025-07-03,active,2022-04-21,2025-11-11
A002718,emily.obrien6954@yahoo.com.au,Emily OBrien,1971-02-18,2000,false,,lapsed,2017-12-28,2021-11-08
A002719,fatima.wilson7456@outlook.com,Fatima Wilson,1957-08-28,7000,true,2025-01-03,lapsed,2023-05-11,2023-09-10
A002720,kevin.taylor4283@outlook.com,Kevin Taylor,1994-01-22,4217,false,,active,2026-03-27,2026-05-06
A002721,michael.johnson7396@outlook.com,Michael Johnson,1972-09-21,2026,false,,lapsed,2024-10-06,2025-05-15
A002722,sarah.martin2329@hotmail.com,Sarah Martin,1977-12-10,3056,false,,closed,2022-10-30,2023-10-31
A002723,kevin.anderson6048@icloud.com,Kevin Anderson,1983-10-28,3220,true,2025-09-16,lapsed,2025-01-14,2025-03-25
A002724,linda.lee6105@bigpond.com,Linda Lee,2003-03-08,3550,true,2022-12-03,lapsed,2021-09-06,2023-03-16
A002725,james.scott2061@outlook.com,James Scott,1967-11-10,2170,true,2025-01-08,lapsed,2019-12-18,2020-02-01
A002726,giulia.edwards5088@hotmail.com,Giulia Edwards,1991-05-30,2010,false,,active,2019-01-29,2026-04-20
A002727,david.martin1247@gmail.com,David Martin,1983-07-26,3199,true,2023-11-16,active,2022-08-27,2025-09-25
A002728,joshua.kelly8642@bigpond.com,Joshua Kelly,1996-04-26,3182,true,2024-11-24,lapsed,2023-11-02,2025-02-06
A002729,ashley.scott7365@yahoo.com.au,Ashley Scott,1979-12-19,7000,true,2026-01-27,active,2025-08-22,2026-05-06
A002730,sarah.kelly5564@outlook.com,Sarah Kelly,1973-05-19,2600,true,2023-11-02,lapsed,2022-12-07,2024-07-05
A002731,karen.chen3699@icloud.com,Karen Chen,1967-12-09,3056,false,,lapsed,2019-02-21,2023-12-22
A002732,marco.sato1647@gmail.com,Marco Sato,1988-05-01,5000,true,2026-01-15,lapsed,2018-01-05,2025-04-19
A002733,elizabeth.turner4685@yahoo.com.au,Elizabeth Turner,1958-11-08,7000,false,,lapsed,2022-10-20,2023-12-26
A002734,fatima.johnson6347@outlook.com,Fatima Johnson,1977-11-06,2026,false,,lapsed,2019-04-11,2024-03-26
A002735,daniel.ali9545@outlook.com,Daniel Ali,2005-05-05,2010,true,2025-03-21,lapsed,2019-06-03,2021-07-10
A002736,lisa.sato7898@gmail.com,Lisa Sato,1953-03-26,4000,false,,lapsed,2019-03-12,2024-08-01
A002737,michael.smith7390@outlook.com,Michael Smith,1962-08-20,3056,true,2019-01-30,active,2018-06-25,2025-08-23
A002738,amanda.wang6092@gmail.com,Amanda Wang,1961-12-06,2000,true,2022-06-10,active,2020-06-30,2025-12-10
A002739,patricia.lee5621@icloud.com,Patricia Lee,1954-12-08,2010,true,2021-01-29,lapsed,2018-04-14,2022-09-30
A002740,raj.sato9578@icloud.com,Raj Sato,1970-07-10,3220,true,2026-06-06,lapsed,2024-07-24,2024-09-04
A002741,katherine.tanaka8915@icloud.com,Katherine Tanaka,1971-06-30,3550,false,,lapsed,2021-10-22,2023-08-21
A002742,jennifer.zhang3458@yahoo.com.au,Jennifer Zhang,1973-04-27,3141,false,,lapsed,2023-07-17,2023-10-26
A002743,emily.kumar878@bigpond.com,Emily Kumar,2001-08-22,3220,false,,lapsed,2019-05-10,2022-07-25
A002744,david.white7421@gmail.com,David White,1952-12-15,3199,false,,active,2025-05-09,2025-12-15
A002745,james.taylor9909@bigpond.com,James Taylor,1984-02-15,4217,true,2024-07-22,lapsed,2021-11-03,2023-11-28
A002746,michelle.white2403@icloud.com,Michelle White,1958-07-04,4000,true,2025-02-27,lapsed,2020-08-15,2024-04-01
A002747,anthony.smith3254@hotmail.com,Anthony Smith,2005-06-12,3030,false,,lapsed,2018-04-21,2023-01-02
A002748,susan.turner2192@icloud.com,Susan Turner,1977-01-09,4217,true,2022-06-29,lapsed,2018-09-11,2019-07-03
A002749,yuki.adams3000@outlook.com,Yuki Adams,1966-08-01,3550,false,,lapsed,2023-11-23,2024-10-31
A002750,priya.adams4090@hotmail.com,Priya Adams,1993-02-18,3121,true,2020-09-30,lapsed,2019-08-28,2021-03-11
A002751,joshua.collins4748@gmail.com,Joshua Collins,1965-04-03,3199,true,2023-11-06,lapsed,2021-08-20,2024-09-25
A002752,emma.collins2055@outlook.com,Emma Collins,1995-06-22,5000,true,2019-04-02,lapsed,2017-10-13,2017-10-16
A002753,mary.adams6170@gmail.com,Mary Adams,1997-03-22,3182,false,,lapsed,2020-02-10,2025-05-15
A002754,jessica.sato4087@gmail.com,Jessica Sato,2004-11-14,3550,true,2024-04-24,closed,2023-11-23,2025-12-22
A002755,mark.wang5066@hotmail.com,Mark Wang,1984-09-03,3220,true,2021-08-22,lapsed,2020-12-16,2021-05-10
A002756,kevin.lee39@bigpond.com,Kevin Lee,1952-07-27,5000,true,2026-02-19,active,2026-01-26,2026-02-09
A002757,jessica.wright9361@bigpond.com,Jessica Wright,1965-07-11,4217,false,,lapsed,2018-09-23,2019-09-11
A002758,william.brown5387@hotmail.com,William Brown,1987-06-02,3056,true,2026-02-22,lapsed,2019-10-04,2025-01-04
A002759,yuki.khan6497@icloud.com,Yuki Khan,1961-10-09,2600,true,2019-09-18,lapsed,2017-09-17,2023-10-28
A002760,sandra.edwards7750@bigpond.com,Sandra Edwards,1960-01-16,3121,true,2025-02-18,active,2019-01-09,2026-04-18
A002761,anthony.collins7367@gmail.com,Anthony Collins,1971-06-04,2000,true,2025-02-26,active,2024-12-16,2025-07-08
A002762,nancy.edwards976@bigpond.com,Nancy Edwards,1967-04-18,3220,false,,lapsed,2023-02-20,2025-04-01
A002763,ashley.green2882@outlook.com,Ashley Green,1968-10-23,3182,true,2026-03-25,active,2025-09-23,2026-05-03
A002764,linda.mitchell6080@hotmail.com,Linda Mitchell,1999-05-11,3199,false,,lapsed,2018-05-10,2018-09-01
A002765,yuki.ryan1311@bigpond.com,Yuki Ryan,1979-12-17,2600,false,,active,2020-05-01,2025-07-11
A002766,melissa.stewart3226@gmail.com,Melissa Stewart,1987-04-24,3220,false,,active,2024-06-28,2025-10-29
A002767,jennifer.tran5334@outlook.com,Jennifer Tran,1977-01-26,2150,true,2025-12-17,active,2024-02-04,2025-08-22
A002768,ashley.singh2988@yahoo.com.au,Ashley Singh,1970-10-14,7000,true,2025-01-13,lapsed,2022-03-29,2024-10-06
A002769,catherine.johnson7522@gmail.com,Catherine Johnson,1988-06-28,4000,false,,lapsed,2024-05-21,2024-12-28
A002770,timothy.wilson6836@hotmail.com,Timothy Wilson,1952-07-15,2000,true,2026-05-04,active,2026-03-15,2026-04-05
A002771,elizabeth.walker8587@outlook.com,Elizabeth Walker,1990-11-28,7000,false,,lapsed,2018-03-03,2022-07-09
A002772,emily.wright7935@hotmail.com,Emily Wright,1978-08-16,6000,true,2020-05-02,active,2018-01-02,2025-08-21
A002773,anthony.brown5792@icloud.com,Anthony Brown,1984-03-29,5000,true,2021-02-05,lapsed,2018-10-18,2020-08-16
A002774,daniel.ryan4778@yahoo.com.au,Daniel Ryan,1950-03-18,2170,false,,active,2025-07-19,2026-01-01
A002775,yuki.pham3690@gmail.com,Yuki Pham,1956-07-05,3220,true,2026-01-30,lapsed,2024-10-21,2025-05-15
A002776,patricia.wang9208@hotmail.com,Patricia Wang,1983-03-29,3220,true,2025-11-23,lapsed,2023-10-22,2023-10-29
A002777,ahmed.liu2023@icloud.com,Ahmed Liu,1989-03-20,6000,true,2025-06-04,lapsed,2021-10-27,2025-02-06
A002778,christine.ali9901@bigpond.com,Christine Ali,1979-04-15,2026,true,2023-01-23,lapsed,2017-12-15,2021-12-11
A002779,david.obrien7093@gmail.com,David OBrien,1964-03-17,3182,true,2023-08-26,lapsed,2020-10-11,2024-08-18
A002780,david.bell4852@icloud.com,David Bell,1994-05-05,3141,false,,active,2024-03-03,2026-01-30
A002781,catherine.thompson4862@yahoo.com.au,Catherine Thompson,1984-01-11,2010,false,,lapsed,2020-07-23,2023-04-14
A002782,robert.jones6734@icloud.com,Robert Jones,2003-03-18,3121,true,2024-03-19,lapsed,2021-05-15,2023-02-02
A002783,kevin.martin4298@outlook.com,Kevin Martin,1967-08-31,2170,false,,lapsed,2019-06-10,2019-10-06
A002784,rebecca.collins6093@bigpond.com,Rebecca Collins,1978-11-08,2000,true,2019-11-30,lapsed,2018-07-09,2020-05-07
A002785,stephanie.liu229@bigpond.com,Stephanie Liu,1956-01-27,2170,true,2023-01-26,active,2022-04-22,2025-10-26
A002786,michael.chen6704@hotmail.com,Michael Chen,1973-09-20,3000,true,2025-05-20,lapsed,2024-09-28,2025-04-26
A002787,catherine.obrien5300@hotmail.com,Catherine OBrien,1961-05-15,3000,true,2025-09-08,active,2024-12-29,2025-08-19
A002788,fatima.turner6581@outlook.com,Fatima Turner,1996-05-05,2150,true,2026-01-26,active,2024-01-24,2025-12-30
A002789,hiro.walker8207@bigpond.com,Hiro Walker,1953-12-01,3030,true,2023-06-21,lapsed,2023-05-27,2025-02-14
A002790,timothy.kumar6761@bigpond.com,Timothy Kumar,1996-04-30,2000,true,2021-06-26,lapsed,2018-05-19,2021-12-25
A002791,william.jones3563@yahoo.com.au,William Jones,1964-02-13,3199,true,2026-02-28,lapsed,2020-07-02,2020-10-29
A002792,laura.liu4984@yahoo.com.au,Laura Liu,2004-06-27,3182,false,,active,2022-01-05,2025-07-17
A002793,daniel.murphy2692@outlook.com,Daniel Murphy,1978-02-17,4000,true,2026-03-15,active,2026-01-17,2026-05-28
A002794,timothy.king3888@bigpond.com,Timothy King,1990-04-28,3056,false,,lapsed,2021-10-02,2025-03-16
A002795,jennifer.pham705@icloud.com,Jennifer Pham,1950-06-14,3000,false,,lapsed,2018-10-05,2024-04-25
A002796,katherine.zhang8421@outlook.com,Katherine Zhang,1989-10-26,3220,true,2023-10-31,lapsed,2017-12-28,2024-09-06
A002797,anthony.martin2184@hotmail.com,Anthony Martin,1951-09-05,7000,true,2026-03-07,lapsed,2024-12-01,2025-04-12
A002798,joshua.nguyen3749@outlook.com,Joshua Nguyen,2003-07-27,2000,true,2022-08-03,lapsed,2020-12-05,2024-11-27
A002799,george.collins3164@gmail.com,George Collins,1953-12-15,4217,false,,lapsed,2023-09-23,2023-10-16
A002800,laura.green16@hotmail.com,Laura Green,1959-03-17,2000,true,2026-05-10,active,2024-01-18,2026-02-01
A002801,fatima.robinson8167@gmail.com,Fatima Robinson,1972-11-29,3000,true,2026-06-02,active,2026-05-06,2026-06-19
A002802,george.nguyen2917@bigpond.com,George Nguyen,1959-01-29,2600,true,2019-04-04,closed,2018-09-21,2025-08-19
A002803,amanda.khan1719@yahoo.com.au,Amanda Khan,1989-11-16,2010,true,2023-07-26,lapsed,2017-09-11,2024-07-21
A002804,mark.clarke378@gmail.com,Mark Clarke,1974-06-30,2000,true,2023-04-03,active,2022-12-11,2025-08-13
A002805,nancy.green3997@bigpond.com,Nancy Green,1966-03-07,2150,false,,active,2024-06-22,2026-07-01
A002806,wei.campbell3959@bigpond.com,Wei Campbell,1976-03-15,3550,false,,lapsed,2019-12-03,2021-07-19
A002807,emily.wright7161@bigpond.com,Emily Wright,1958-03-20,2026,true,2025-06-28,active,2025-01-28,2025-10-03
A002808,katherine.anderson5492@gmail.com,Katherine Anderson,1994-06-04,2150,false,,lapsed,2024-06-20,2025-03-09
A002809,laura.kumar3777@gmail.com,Laura Kumar,1989-03-31,4000,false,,lapsed,2022-04-05,2023-10-09
A002810,jessica.anderson2230@yahoo.com.au,Jessica Anderson,1992-03-13,7000,true,2025-01-21,lapsed,2019-11-27,2023-09-06
A002811,olivia.ali273@gmail.com,Olivia Ali,2006-08-14,3056,true,2021-04-07,lapsed,2020-02-28,2022-08-10
A002812,marco.turner7762@outlook.com,Marco Turner,2004-07-27,2150,true,2021-03-23,active,2019-08-05,2026-01-21
A002813,charles.anderson6727@icloud.com,Charles Anderson,1993-11-03,3182,false,,active,2025-08-01,2026-05-11
A002814,daniel.bell3691@bigpond.com,Daniel Bell,2003-04-28,2000,true,2020-12-24,lapsed,2018-06-13,2023-11-23
A002815,george.costa1653@bigpond.com,George Costa,1958-06-29,3550,false,,active,2020-12-11,2026-05-20
A002816,marco.wang7679@hotmail.com,Marco Wang,1972-03-19,2026,false,,active,2025-08-17,2026-01-12
A002817,kevin.collins7885@hotmail.com,Kevin Collins,1986-10-28,6000,true,2025-01-17,lapsed,2024-08-30,2025-05-22
A002818,robert.sato5314@hotmail.com,Robert Sato,2000-06-10,3121,true,2023-02-26,active,2022-03-04,2026-06-22
A002819,laura.walker6665@outlook.com,Laura Walker,1965-09-30,2170,true,2026-05-30,active,2026-05-13,2026-06-03
A002820,sarah.johnson7951@hotmail.com,Sarah Johnson,1957-04-01,2600,true,2022-05-29,lapsed,2019-12-18,2020-11-28
A002821,amanda.brown2561@outlook.com,Amanda Brown,1970-08-14,2600,false,,active,2021-10-13,2025-10-17
A002822,samantha.thompson9016@yahoo.com.au,Samantha Thompson,2002-01-13,2010,false,,active,2026-03-29,2026-04-15
A002823,thomas.khan8790@yahoo.com.au,Thomas Khan,1959-06-16,5000,true,2025-01-07,lapsed,2020-02-23,2022-10-15
A002824,samantha.bell7732@hotmail.com,Samantha Bell,1961-11-03,3550,true,2019-12-09,lapsed,2019-05-11,2023-11-20
A002825,amanda.kelly4591@icloud.com,Amanda Kelly,1999-10-08,6000,false,,lapsed,2020-01-20,2020-08-24
A002826,susan.king2963@gmail.com,Susan King,1996-08-31,2010,true,2025-02-28,active,2024-10-17,2025-12-12
A002827,kevin.robinson1777@bigpond.com,Kevin Robinson,1955-09-10,3220,false,,lapsed,2020-12-02,2021-11-21
A002828,helen.costa1937@hotmail.com,Helen Costa,2003-04-03,3141,true,2024-07-25,lapsed,2019-07-12,2020-07-15
A002829,patricia.chen1596@icloud.com,Patricia Chen,1952-10-10,2150,false,,lapsed,2023-02-01,2023-02-10
A002830,rachel.williams3806@outlook.com,Rachel Williams,1991-08-16,3220,true,2021-09-08,lapsed,2018-03-16,2021-04-03
A002831,nancy.wilson4310@icloud.com,Nancy Wilson,1995-11-07,2170,true,2024-10-25,lapsed,2023-10-22,2024-03-29
A002832,george.harris3147@outlook.com,George Harris,1955-01-29,3199,false,,lapsed,2018-05-31,2022-06-01
A002833,richard.adams9428@gmail.com,Richard Adams,2006-03-26,3000,true,2025-05-08,lapsed,2019-11-19,2021-04-05
A002834,marco.king1024@yahoo.com.au,Marco King,2004-10-15,2600,true,2026-06-04,active,2026-05-27,2026-06-19
A002835,marco.thompson9203@hotmail.com,Marco Thompson,1964-03-19,2170,true,2021-11-14,active,2020-08-24,2025-08-07
A002836,steven.bell8693@gmail.com,Steven Bell,1953-09-04,3550,true,2022-05-26,lapsed,2021-03-24,2021-12-08
A002837,rebecca.khan2519@outlook.com,Rebecca Khan,2000-05-28,3220,true,2021-05-24,active,2019-09-16,2025-12-25
A002838,anthony.anderson472@bigpond.com,Anthony Anderson,1969-05-28,5000,false,,active,2025-04-17,2025-08-14
A002839,melissa.khan9183@icloud.com,Melissa Khan,1973-02-09,3182,true,2022-04-03,closed,2019-03-02,2021-08-13
A002840,timothy.taylor1077@yahoo.com.au,Timothy Taylor,1968-04-27,4217,false,,lapsed,2019-11-29,2023-06-23
A002841,yuki.johnson7673@gmail.com,Yuki Johnson,2003-04-28,4217,true,2025-04-08,closed,2017-10-04,2026-01-18
A002842,jennifer.scott7539@hotmail.com,Jennifer Scott,1957-09-02,2000,true,2024-09-01,lapsed,2024-06-20,2025-03-01
A002843,margaret.anderson561@yahoo.com.au,Margaret Anderson,1969-03-22,3550,false,,lapsed,2020-12-19,2023-12-09
A002844,marco.pham1045@bigpond.com,Marco Pham,1952-04-12,7000,true,2025-07-08,lapsed,2023-01-21,2023-05-05
A002845,fatima.thompson5337@gmail.com,Fatima Thompson,1961-10-19,2000,true,2025-10-31,lapsed,2019-07-03,2020-12-15
A002846,rachel.murphy6878@gmail.com,Rachel Murphy,1969-05-16,4217,true,2025-07-07,active,2024-08-21,2026-06-11
A002847,timothy.anderson1750@bigpond.com,Timothy Anderson,1988-08-16,3550,true,2024-03-07,active,2022-06-07,2025-07-10
A002848,andrew.brown3262@yahoo.com.au,Andrew Brown,1963-11-23,2170,true,2025-12-10,active,2024-03-08,2026-01-23
A002849,ahmed.martin8714@gmail.com,Ahmed Martin,1960-11-21,3030,true,2023-08-24,lapsed,2021-03-19,2025-01-01
A002850,melissa.scott4715@gmail.com,Melissa Scott,1958-01-16,6000,false,,lapsed,2020-07-22,2024-02-04
A002851,michael.ali926@yahoo.com.au,Michael Ali,1979-07-22,2170,true,2026-06-11,active,2026-01-06,2026-06-08
A002852,jessica.jones9230@icloud.com,Jessica Jones,1984-02-01,2170,false,,active,2025-07-18,2026-01-01
A002853,joseph.pham4667@outlook.com,Joseph Pham,1954-01-25,4000,false,,lapsed,2019-03-14,2024-06-08
A002854,marco.tanaka1186@icloud.com,Marco Tanaka,1977-12-07,3000,true,2026-01-26,active,2025-08-28,2025-10-19
A002855,olivia.chen5983@gmail.com,Olivia Chen,1980-10-20,3030,true,2024-06-27,lapsed,2021-02-07,2022-08-15
A002856,joseph.pham2477@icloud.com,Joseph Pham,1973-05-23,2000,true,2025-09-22,lapsed,2023-12-17,2024-09-07
A002857,wei.khan3719@hotmail.com,Wei Khan,1963-05-02,3199,false,,lapsed,2023-10-18,2025-04-17
A002858,christine.wang9015@gmail.com,Christine Wang,1956-03-15,3121,true,2026-04-11,active,2025-12-29,2026-03-19
A002859,stephanie.ali4537@icloud.com,Stephanie Ali,1991-11-19,4000,true,2022-03-10,lapsed,2017-09-25,2022-10-16
A002860,michael.nguyen1319@outlook.com,Michael Nguyen,1950-08-07,7000,false,,active,2026-03-30,2026-06-10
A002861,anthony.zhang6991@bigpond.com,Anthony Zhang,1995-06-07,5000,false,,lapsed,2020-03-13,2024-12-11
A002862,margaret.williams2202@outlook.com,Margaret Williams,1953-02-21,7000,false,,lapsed,2019-08-29,2019-09-10
A002863,ahmed.wang4432@bigpond.com,Ahmed Wang,1974-01-18,2170,true,2023-10-02,lapsed,2022-03-22,2023-09-02
A002864,raj.wright9723@icloud.com,Raj Wright,1968-12-02,4217,true,2024-10-02,lapsed,2024-03-19,2025-01-21
A002865,michelle.tanaka7705@bigpond.com,Michelle Tanaka,1992-02-16,2010,true,2026-05-22,active,2026-03-12,2026-07-02
A002866,amanda.mitchell6124@bigpond.com,Amanda Mitchell,1954-08-20,3182,false,,lapsed,2018-08-22,2022-03-27
A002867,mark.campbell6691@bigpond.com,Mark Campbell,1973-05-04,3000,false,,lapsed,2018-02-08,2021-03-29
A002868,emma.costa2107@gmail.com,Emma Costa,2005-10-08,2026,true,2021-12-26,lapsed,2019-08-10,2023-11-06
A002869,wei.lee8071@outlook.com,Wei Lee,1965-03-25,3056,false,,active,2017-12-07,2025-12-24
A002870,hiro.stewart1153@hotmail.com,Hiro Stewart,1983-11-27,5000,false,,active,2025-11-23,2026-04-29
A002871,andrew.collins4084@outlook.com,Andrew Collins,1955-05-22,2000,true,2025-11-13,active,2023-11-06,2025-10-02
A002872,mark.ryan9379@yahoo.com.au,Mark Ryan,1992-08-15,3182,false,,lapsed,2023-02-23,2023-10-04
A002873,elizabeth.jones9609@hotmail.com,Elizabeth Jones,1973-03-15,3182,false,,lapsed,2023-06-28,2025-04-27
A002874,marco.campbell1263@icloud.com,Marco Campbell,1954-02-17,3550,true,2025-10-08,active,2024-09-14,2025-12-26
A002875,rachel.kumar7307@icloud.com,Rachel Kumar,1964-03-12,2010,false,,active,2025-02-18,2025-12-21
A002876,katherine.wilson1314@icloud.com,Katherine Wilson,1956-01-30,3199,false,,lapsed,2024-04-06,2025-05-29
A002877,yuki.kelly9127@bigpond.com,Yuki Kelly,1993-06-10,3199,true,2026-02-06,lapsed,2021-08-16,2025-01-23
A002878,christine.murphy9414@yahoo.com.au,Christine Murphy,1986-09-13,3121,true,2024-11-08,lapsed,2022-02-22,2025-06-25
A002879,timothy.hall8789@gmail.com,Timothy Hall,1980-11-18,3182,true,2026-06-16,active,2026-06-02,2026-06-21
A002880,katherine.hall6636@yahoo.com.au,Katherine Hall,1994-04-22,3056,true,2023-06-05,active,2021-03-12,2026-06-23
A002881,lisa.adams3406@gmail.com,Lisa Adams,1964-09-24,7000,true,2022-08-24,lapsed,2017-10-03,2020-06-01
A002882,rebecca.king6263@bigpond.com,Rebecca King,1962-07-30,2600,true,2026-06-05,lapsed,2017-07-20,2018-12-02
A002883,george.bell4782@yahoo.com.au,George Bell,1995-01-01,2000,true,2023-07-22,lapsed,2019-03-17,2021-01-21
A002884,robert.campbell332@yahoo.com.au,Robert Campbell,2001-12-27,4217,true,2019-09-05,lapsed,2018-01-04,2024-09-09
A002885,thomas.edwards4746@outlook.com,Thomas Edwards,1971-01-26,6000,true,2022-12-05,closed,2018-10-08,2023-02-12
A002886,raj.stewart8118@gmail.com,Raj Stewart,2003-07-16,3030,true,2025-02-17,lapsed,2025-02-12,2025-03-24
A002887,rachel.wilson6469@bigpond.com,Rachel Wilson,1958-09-17,3141,true,2026-04-26,lapsed,2021-05-29,2021-08-19
A002888,kevin.williams8469@outlook.com,Kevin Williams,1999-04-07,3182,false,,lapsed,2021-04-04,2022-03-06
A002889,karen.robinson1080@yahoo.com.au,Karen Robinson,1973-11-24,3030,false,,lapsed,2021-11-27,2024-04-21
A002890,olivia.adams1365@yahoo.com.au,Olivia Adams,2001-05-18,2170,true,2025-02-24,lapsed,2024-01-13,2025-02-26
A002891,catherine.baker1421@yahoo.com.au,Catherine Baker,1977-12-27,3220,false,,active,2020-07-19,2025-11-04
A002892,sarah.lee3018@icloud.com,Sarah Lee,1989-04-18,2010,true,2025-08-19,lapsed,2020-08-27,2023-08-12
A002893,david.sato7094@bigpond.com,David Sato,1975-08-10,3220,false,,active,2024-01-05,2026-01-04
A002894,marco.lee3823@outlook.com,Marco Lee,1953-03-29,2150,false,,active,2025-05-05,2026-01-08
A002895,james.clarke3572@icloud.com,James Clarke,1950-07-30,3220,true,2023-01-07,lapsed,2019-08-30,2021-09-09
A002896,robert.kumar4410@hotmail.com,Robert Kumar,1971-02-27,3121,false,,lapsed,2019-09-12,2025-05-11
A002897,yuki.chen7962@bigpond.com,Yuki Chen,2003-06-24,5000,true,2023-01-28,lapsed,2022-05-13,2022-11-13
A002898,steven.king7385@outlook.com,Steven King,1969-04-09,2150,true,2025-09-02,active,2024-12-30,2025-11-16
A002899,nancy.stewart7747@icloud.com,Nancy Stewart,1996-05-17,3000,true,2018-11-20,lapsed,2017-12-24,2024-04-05
A002900,george.hall9098@gmail.com,George Hall,1969-10-21,3550,true,2023-11-14,lapsed,2022-04-19,2022-05-19
A002901,susan.singh2990@hotmail.com,Susan Singh,1999-01-01,6000,false,,lapsed,2019-07-26,2020-08-07
A002902,joshua.wilson5115@icloud.com,Joshua Wilson,1993-11-10,3550,true,2023-10-19,closed,2022-08-22,2025-05-18
A002903,david.ryan2025@yahoo.com.au,David Ryan,1960-07-25,3199,true,2026-06-16,lapsed,2022-11-12,2023-01-30
A002904,karen.baker5856@bigpond.com,Karen Baker,1975-08-27,2170,true,2023-04-26,lapsed,2018-03-23,2020-05-20
A002905,steven.evans4287@outlook.com,Steven Evans,1983-11-09,7000,true,2021-04-01,lapsed,2020-09-27,2024-10-15
A002906,patricia.robinson8355@yahoo.com.au,Patricia Robinson,1950-02-24,3182,true,2026-05-27,active,2025-07-30,2026-04-02
A002907,david.chen8795@gmail.com,David Chen,1976-03-10,6000,true,2025-01-30,lapsed,2024-02-12,2024-07-05
A002908,michael.khan34@gmail.com,Michael Khan,2002-03-31,3220,true,2026-01-25,lapsed,2020-05-02,2020-12-16
A002909,catherine.rossi2733@gmail.com,Catherine Rossi,1994-12-01,3141,true,2023-12-09,active,2019-11-15,2025-09-19
A002910,marco.smith1096@gmail.com,Marco Smith,1959-01-30,2150,true,2019-08-30,lapsed,2019-05-28,2020-05-07
A002911,margaret.baker7798@hotmail.com,Margaret Baker,1982-02-26,3056,true,2026-04-28,active,2026-03-16,2026-03-26
A002912,daniel.clarke5958@hotmail.com,Daniel Clarke,1951-07-15,2000,false,,lapsed,2017-11-17,2024-10-31
A002913,ahmed.lee1550@yahoo.com.au,Ahmed Lee,1962-06-18,2150,true,2024-07-23,lapsed,2022-07-24,2024-09-06
A002914,deborah.walker733@hotmail.com,Deborah Walker,1966-05-25,3182,true,2024-02-09,lapsed,2021-02-02,2022-10-08
A002915,elizabeth.ryan5475@icloud.com,Elizabeth Ryan,1980-11-19,3182,false,,active,2020-04-28,2026-05-25
A002916,william.white3967@gmail.com,William White,1984-10-11,3000,true,2025-03-27,active,2025-01-29,2025-07-21
A002917,ming.murphy1671@icloud.com,Ming Murphy,1972-11-04,3199,false,,active,2024-01-22,2026-02-01
A002918,ahmed.nguyen4670@hotmail.com,Ahmed Nguyen,2002-04-01,4000,true,2023-11-13,active,2021-03-16,2025-07-21
A002919,james.wang4631@outlook.com,James Wang,1974-04-08,6000,true,2023-10-22,active,2019-10-02,2026-05-24
A002920,kevin.robinson9384@gmail.com,Kevin Robinson,1983-07-28,3199,false,,lapsed,2023-12-23,2024-05-20
A002921,emma.smith5586@gmail.com,Emma Smith,1986-09-27,5000,true,2024-10-19,lapsed,2021-12-18,2024-12-01
A002922,amanda.ali5809@bigpond.com,Amanda Ali,1956-07-23,4000,true,2025-02-09,active,2024-11-16,2026-03-31
A002923,fatima.zhang1221@outlook.com,Fatima Zhang,1975-03-20,2600,true,2025-11-19,active,2024-07-25,2026-01-22
A002924,sandra.smith5579@bigpond.com,Sandra Smith,1985-02-24,3550,true,2022-10-13,lapsed,2021-08-23,2022-09-12
A002925,brian.edwards5892@icloud.com,Brian Edwards,1981-09-15,2600,true,2025-02-15,lapsed,2024-12-01,2025-02-25
A002926,thomas.taylor5119@yahoo.com.au,Thomas Taylor,1960-05-23,5000,true,2026-05-30,active,2026-04-08,2026-06-27
A002927,david.wright4582@bigpond.com,David Wright,1982-10-21,2150,true,2020-02-21,lapsed,2020-01-17,2023-08-03
A002928,ahmed.rossi3870@icloud.com,Ahmed Rossi,2004-06-20,3550,false,,lapsed,2021-02-12,2024-11-18
A002929,stephanie.obrien6735@outlook.com,Stephanie OBrien,1989-04-20,3550,true,2024-08-14,lapsed,2021-10-22,2025-06-29
A002930,timothy.wilson6683@bigpond.com,Timothy Wilson,1964-09-11,6000,true,2024-09-14,lapsed,2022-12-07,2024-03-02
A002931,kevin.white5681@yahoo.com.au,Kevin White,1957-12-03,3030,true,2021-03-24,closed,2020-01-28,2025-05-10
A002932,anthony.johnson1484@outlook.com,Anthony Johnson,1987-09-08,3550,false,,lapsed,2024-04-25,2025-01-15
A002933,james.baker9833@yahoo.com.au,James Baker,1999-08-19,2026,false,,lapsed,2020-07-17,2024-06-09
A002934,hiro.walker3059@bigpond.com,Hiro Walker,1981-01-19,6000,true,2023-08-29,active,2023-02-01,2026-04-17
A002935,amanda.kelly2991@hotmail.com,Amanda Kelly,1990-05-30,2000,true,2025-08-29,closed,2024-12-31,2026-01-11
A002936,stephanie.anderson9256@bigpond.com,Stephanie Anderson,1952-07-10,2170,true,2018-07-12,lapsed,2017-10-21,2017-10-30
A002937,jennifer.jones2176@icloud.com,Jennifer Jones,1993-04-04,2600,false,,active,2020-04-01,2026-05-12
A002938,nancy.zhang8038@bigpond.com,Nancy Zhang,1972-02-29,3141,true,2023-09-12,lapsed,2021-05-11,2021-06-16
A002939,giulia.costa4515@hotmail.com,Giulia Costa,1967-12-14,2150,false,,active,2017-12-11,2026-02-02
A002940,amanda.scott522@gmail.com,Amanda Scott,1957-01-22,3121,true,2023-05-05,lapsed,2019-08-07,2024-12-02
A002941,lisa.rossi1002@bigpond.com,Lisa Rossi,1978-04-15,2000,true,2025-11-30,lapsed,2024-09-29,2025-01-21
A002942,giulia.johnson3809@yahoo.com.au,Giulia Johnson,1972-02-17,3550,true,2026-05-08,active,2025-10-04,2026-06-30
A002943,stephanie.bell7961@yahoo.com.au,Stephanie Bell,1992-10-11,2600,true,2025-01-21,active,2024-12-29,2026-06-21
A002944,robert.campbell4733@icloud.com,Robert Campbell,1977-09-30,3141,false,,lapsed,2020-01-22,2021-04-15
A002945,robert.martin5589@yahoo.com.au,Robert Martin,1987-09-11,2170,true,2025-11-28,active,2025-05-10,2025-10-07
A002946,katherine.kelly7011@icloud.com,Katherine Kelly,1974-05-04,3056,true,2025-03-16,lapsed,2023-11-01,2024-07-09
A002947,priya.bell9661@yahoo.com.au,Priya Bell,1972-01-09,3056,true,2020-09-24,active,2019-10-25,2026-04-22
A002948,elizabeth.wilson9425@icloud.com,Elizabeth Wilson,1966-09-05,3141,true,2025-04-26,closed,2020-04-17,2022-03-24
A002949,thomas.liu1369@gmail.com,Thomas Liu,1953-04-29,3030,false,,lapsed,2021-01-21,2024-06-08
A002950,robert.murphy1583@gmail.com,Robert Murphy,2001-07-20,4217,true,2026-07-02,active,2024-02-17,2025-09-02
A002951,andrew.thompson8557@bigpond.com,Andrew Thompson,1991-01-01,3199,true,2024-06-28,lapsed,2023-09-17,2025-05-19
A002952,hiro.murphy2559@gmail.com,Hiro Murphy,1989-09-03,2000,true,2025-03-22,active,2021-04-21,2025-12-29
A002953,emily.white8548@gmail.com,Emily White,1964-07-28,2170,true,2026-04-27,active,2025-10-18,2026-02-16
A002954,jennifer.thompson75@bigpond.com,Jennifer Thompson,1980-11-15,3056,false,,active,2025-03-15,2026-05-13
A002955,patricia.wilson5858@bigpond.com,Patricia Wilson,1981-07-31,3030,true,2024-10-04,active,2021-05-24,2025-11-21
A002956,brian.taylor4134@outlook.com,Brian Taylor,1962-06-07,2000,true,2021-06-30,lapsed,2021-04-27,2023-09-21
A002957,nancy.martin9814@gmail.com,Nancy Martin,1952-06-02,4000,true,2026-02-17,active,2026-01-18,2026-04-20
A002958,ahmed.robinson1120@outlook.com,Ahmed Robinson,1953-01-02,3030,true,2020-09-29,lapsed,2019-04-21,2019-07-20
A002959,jessica.turner2235@bigpond.com,Jessica Turner,1997-08-31,3550,true,2023-11-17,lapsed,2023-09-02,2023-11-13
A002960,olivia.mitchell6210@icloud.com,Olivia Mitchell,1954-03-08,3056,true,2025-11-30,lapsed,2022-11-15,2024-03-29
A002961,mary.liu9993@outlook.com,Mary Liu,1959-09-25,2000,true,2026-06-27,active,2026-02-24,2026-05-15
A002962,mark.harris3635@icloud.com,Mark Harris,2003-01-26,3550,true,2023-09-08,lapsed,2022-01-26,2023-11-01
A002963,hiro.turner1589@icloud.com,Hiro Turner,1985-04-25,2170,false,,lapsed,2020-11-02,2024-09-07
A002964,yuki.hall324@bigpond.com,Yuki Hall,1993-03-05,2010,true,2023-08-17,closed,2018-10-01,2022-08-28
A002965,ashley.obrien6462@bigpond.com,Ashley OBrien,1985-09-21,3141,true,2025-01-30,lapsed,2020-09-14,2023-06-30
A002966,margaret.baker5308@icloud.com,Margaret Baker,1957-09-13,4217,true,2020-10-06,lapsed,2019-08-31,2021-11-08
A002967,robert.walker796@hotmail.com,Robert Walker,1985-08-20,2150,true,2023-09-08,lapsed,2018-11-25,2021-10-15
A002968,william.thompson4138@bigpond.com,William Thompson,1977-09-19,2026,false,,lapsed,2018-07-23,2019-11-16
A002969,catherine.thompson8016@yahoo.com.au,Catherine Thompson,1992-02-02,4217,true,2025-01-19,lapsed,2020-12-20,2023-12-03
A002970,samantha.nguyen3261@yahoo.com.au,Samantha Nguyen,1999-01-30,3550,false,,active,2022-10-23,2025-12-31
A002971,michelle.ryan138@hotmail.com,Michelle Ryan,1979-10-12,3199,true,2025-02-07,active,2021-12-28,2026-01-13
A002972,yuki.mitchell7037@gmail.com,Yuki Mitchell,1976-01-21,3000,true,2025-10-30,active,2024-03-21,2025-12-23
A002973,james.clarke7054@bigpond.com,James Clarke,2000-10-05,4217,true,2023-02-21,lapsed,2021-11-14,2024-12-07
A002974,margaret.lee3546@outlook.com,Margaret Lee,1968-08-23,3056,true,2024-08-24,lapsed,2024-08-11,2025-06-12
A002975,laura.sato2003@hotmail.com,Laura Sato,1970-03-29,2026,true,2025-02-03,lapsed,2023-12-14,2025-05-22
A002976,matthew.evans6755@icloud.com,Matthew Evans,1956-01-29,2150,true,2022-11-04,lapsed,2019-04-10,2023-04-13
A002977,linda.kumar8816@hotmail.com,Linda Kumar,1995-08-20,6000,true,2025-08-23,active,2024-04-21,2025-10-07
A002978,katherine.thompson6436@yahoo.com.au,Katherine Thompson,1979-12-22,5000,false,,lapsed,2021-01-23,2021-06-14
A002979,marco.costa423@yahoo.com.au,Marco Costa,1982-10-19,4000,true,2024-08-11,lapsed,2018-10-20,2023-10-06
A002980,elizabeth.rossi8859@icloud.com,Elizabeth Rossi,1996-02-08,3141,true,2026-03-13,active,2025-04-01,2025-11-21
A002981,mary.thompson3857@hotmail.com,Mary Thompson,1964-10-05,3141,true,2025-10-27,active,2024-10-22,2026-06-18
A002982,andrew.williams6456@icloud.com,Andrew Williams,1970-11-08,4000,false,,lapsed,2020-10-28,2021-01-25
A002983,james.wilson1651@yahoo.com.au,James Wilson,1967-05-18,3056,false,,lapsed,2024-04-06,2024-05-11
A002984,linda.white7980@icloud.com,Linda White,2005-08-16,2170,true,2023-08-12,lapsed,2022-04-26,2024-07-06
A002985,hiro.ryan5371@icloud.com,Hiro Ryan,1951-11-21,7000,true,2025-10-27,active,2025-10-25,2025-11-27
A002986,linda.clarke7472@yahoo.com.au,Linda Clarke,1955-12-18,2000,false,,lapsed,2018-07-06,2020-11-17
A002987,michelle.clarke3397@hotmail.com,Michelle Clarke,1998-12-12,4000,true,2026-03-18,active,2025-02-27,2025-10-25
A002988,deborah.ryan5631@gmail.com,Deborah Ryan,1995-05-20,5000,false,,lapsed,2019-01-29,2019-09-24
A002989,amanda.taylor6391@icloud.com,Amanda Taylor,1965-06-07,3121,false,,active,2023-01-05,2026-01-21
A002990,brian.lee3145@icloud.com,Brian Lee,1994-07-13,2170,false,,lapsed,2020-05-23,2023-12-13
A002991,laura.sato2688@hotmail.com,Laura Sato,1985-08-13,3550,false,,active,2019-06-05,2026-01-14
A002992,patricia.edwards8691@hotmail.com,Patricia Edwards,1967-01-14,6000,false,,lapsed,2023-09-01,2025-04-06
A002993,amanda.lee7038@yahoo.com.au,Amanda Lee,1965-04-22,2170,true,2024-12-31,lapsed,2021-07-15,2021-10-24
A002994,robert.wright9531@outlook.com,Robert Wright,1954-09-12,4000,false,,active,2025-11-22,2025-12-15
A002995,patricia.tran9717@gmail.com,Patricia Tran,1998-06-04,3182,true,2025-07-12,lapsed,2023-01-10,2025-01-09
A002996,lisa.scott8822@outlook.com,Lisa Scott,1958-12-04,3000,true,2025-04-22,lapsed,2024-11-05,2024-11-29
A002997,lisa.scott5321@hotmail.com,Lisa Scott,1971-02-04,3121,true,2024-11-01,lapsed,2022-06-23,2025-01-02
A002998,richard.robinson3355@outlook.com,Richard Robinson,1987-10-31,2026,true,2024-04-08,lapsed,2019-02-16,2020-08-30
A002999,raj.williams4748@bigpond.com,Raj Williams,1955-11-11,3220,true,2025-02-06,active,2025-01-03,2026-01-11
A003000,rachel.bell5221@hotmail.com,Rachel Bell,1984-10-18,3000,true,2025-08-05,active,2025-05-19,2025-07-14
A003001,ashley.campbell2484@hotmail.com,Ashley Campbell,2004-01-24,6000,false,,active,2025-07-17,2026-01-28
A003002,fatima.costa3082@gmail.com,Fatima Costa,1983-07-06,2010,true,2024-11-28,active,2021-05-31,2025-10-21
A003003,timothy.murphy4433@yahoo.com.au,Timothy Murphy,1978-03-03,6000,true,2021-11-22,lapsed,2017-12-11,2019-06-04
A003004,margaret.johnson1597@yahoo.com.au,Margaret Johnson,1979-09-04,3220,false,,lapsed,2019-10-31,2019-10-31
A003005,priya.sato3959@outlook.com,Priya Sato,1996-03-29,2170,false,,lapsed,2022-03-01,2023-05-11
A003006,daniel.ryan1205@icloud.com,Daniel Ryan,1975-03-10,3550,true,2025-06-26,active,2024-08-27,2025-07-20
A003007,priya.white1388@bigpond.com,Priya White,1984-12-28,2026,true,2025-11-09,closed,2020-08-18,2022-05-10
A003008,jennifer.wilson153@gmail.com,Jennifer Wilson,1971-01-31,3000,true,2023-12-09,active,2022-01-15,2026-01-02
A003009,sarah.scott6910@icloud.com,Sarah Scott,1976-11-24,4217,false,,lapsed,2020-01-15,2021-05-22
A003010,brian.pham6606@icloud.com,Brian Pham,2004-10-10,4000,true,2025-03-05,lapsed,2023-04-16,2024-02-07
A003011,katherine.anderson7087@bigpond.com,Katherine Anderson,1973-03-11,3550,true,2023-10-02,lapsed,2021-05-15,2022-04-29
A003012,charles.williams5914@yahoo.com.au,Charles Williams,1951-02-11,4000,true,2025-08-16,active,2025-06-10,2026-01-31
A003013,karen.king6634@hotmail.com,Karen King,2003-08-07,3000,true,2025-06-15,lapsed,2023-05-09,2024-05-14
A003014,jennifer.taylor4623@hotmail.com,Jennifer Taylor,1993-01-05,3220,false,,lapsed,2024-06-08,2024-11-28
A003015,brian.white7642@yahoo.com.au,Brian White,1999-09-18,3182,true,2025-12-15,active,2025-05-15,2026-06-14
A003016,ahmed.williams7918@outlook.com,Ahmed Williams,1997-05-11,2026,true,2024-04-01,lapsed,2023-08-14,2024-01-24
A003017,yuki.mitchell6532@yahoo.com.au,Yuki Mitchell,1969-08-06,3030,true,2019-10-15,lapsed,2018-01-02,2019-07-29
A003018,ming.rossi9938@icloud.com,Ming Rossi,1970-02-18,3000,true,2026-07-02,lapsed,2019-02-26,2020-07-21
A003019,helen.zhang5657@bigpond.com,Helen Zhang,1979-07-25,2026,true,2025-05-15,active,2025-05-14,2025-08-13
A003020,kevin.wang7289@gmail.com,Kevin Wang,1962-01-20,6000,false,,lapsed,2023-10-08,2025-02-03
A003021,marco.sato6311@gmail.com,Marco Sato,1954-09-22,3056,false,,active,2025-10-12,2026-06-29
A003022,marco.taylor1291@icloud.com,Marco Taylor,1979-07-29,4000,true,2025-08-24,active,2024-06-17,2025-09-01
A003023,deborah.scott27@gmail.com,Deborah Scott,1952-11-07,3182,false,,closed,2025-11-02,2026-02-20
A003024,timothy.adams5085@outlook.com,Timothy Adams,1956-05-24,7000,true,2026-04-19,active,2026-01-31,2026-04-03
A003025,patricia.adams8080@gmail.com,Patricia Adams,1953-09-15,2150,false,,lapsed,2024-10-25,2025-06-02
A003026,george.kumar422@gmail.com,George Kumar,2006-03-08,3121,true,2019-12-24,lapsed,2018-09-12,2019-10-15
A003027,richard.ali4324@yahoo.com.au,Richard Ali,1990-03-10,3030,true,2026-03-20,active,2025-11-11,2026-05-14
A003028,jessica.tran2657@bigpond.com,Jessica Tran,1977-11-09,3056,false,,closed,2018-08-29,2024-01-01
A003029,timothy.rossi3804@outlook.com,Timothy Rossi,1953-05-02,3199,true,2021-10-29,lapsed,2017-10-22,2020-12-29
A003030,mary.wang2788@icloud.com,Mary Wang,1960-06-01,2010,false,,lapsed,2019-10-31,2023-04-13
A003031,ming.tran4637@yahoo.com.au,Ming Tran,2003-08-20,3030,false,,active,2025-06-20,2026-03-20
A003032,jessica.johnson7440@icloud.com,Jessica Johnson,1986-09-26,6000,false,,lapsed,2017-11-05,2020-05-17
A003033,ashley.stewart618@outlook.com,Ashley Stewart,1988-09-19,3121,true,2020-09-09,lapsed,2020-04-11,2025-04-29
A003034,giulia.ali8615@gmail.com,Giulia Ali,1982-12-30,3000,true,2023-05-29,active,2018-08-29,2025-09-04
A003035,daniel.nguyen3783@gmail.com,Daniel Nguyen,1992-03-16,5000,true,2022-03-07,lapsed,2017-11-03,2022-03-19
A003036,richard.chen6161@icloud.com,Richard Chen,2002-02-03,2600,true,2024-09-11,lapsed,2024-02-01,2025-06-10
A003037,emily.johnson1552@outlook.com,Emily Johnson,1995-07-16,2170,true,2025-01-31,lapsed,2024-03-25,2024-09-29
A003038,james.harris777@outlook.com,James Harris,1965-05-16,2000,true,2023-10-15,lapsed,2021-10-08,2024-08-25
A003039,rebecca.wilson3529@icloud.com,Rebecca Wilson,1979-10-01,4000,true,2020-08-12,lapsed,2018-10-09,2018-11-25
A003040,yuki.tran7679@icloud.com,Yuki Tran,1961-06-07,5000,true,2025-05-31,lapsed,2022-09-19,2024-04-09
A003041,sarah.harris6265@outlook.com,Sarah Harris,1996-07-31,2600,true,2025-06-22,active,2024-11-01,2025-11-24
A003042,raj.collins7624@gmail.com,Raj Collins,1968-09-24,6000,true,2020-06-26,lapsed,2018-10-23,2023-04-23
A003043,sarah.campbell6659@icloud.com,Sarah Campbell,1982-04-18,2026,false,,lapsed,2023-01-01,2023-08-11
A003044,katherine.brown3830@gmail.com,Katherine Brown,1992-04-23,2150,true,2026-05-02,active,2025-02-23,2026-02-16
A003045,joseph.campbell843@icloud.com,Joseph Campbell,2003-12-27,6000,false,,active,2024-11-18,2025-08-29
A003046,marco.taylor1750@yahoo.com.au,Marco Taylor,1957-08-04,5000,true,2022-07-17,lapsed,2021-08-27,2024-01-13
A003047,giulia.king5791@hotmail.com,Giulia King,1973-05-28,2600,true,2023-10-22,active,2021-03-13,2026-01-25
A003048,patricia.liu8868@icloud.com,Patricia Liu,1990-05-09,2150,true,2024-04-02,lapsed,2021-10-14,2022-12-08
A003049,george.sato7933@outlook.com,George Sato,1995-06-20,5000,false,,active,2023-04-27,2026-05-18
A003050,giulia.thompson422@gmail.com,Giulia Thompson,1963-07-12,3056,false,,lapsed,2020-03-10,2020-06-02
A003051,ahmed.hall6979@icloud.com,Ahmed Hall,1979-08-07,3141,false,,lapsed,2020-12-31,2023-02-22
A003052,rachel.nguyen9012@hotmail.com,Rachel Nguyen,1992-10-28,3000,false,,active,2024-10-06,2026-03-22
A003053,karen.kelly9812@bigpond.com,Karen Kelly,1987-04-15,2000,true,2026-04-29,lapsed,2024-02-04,2024-04-19
A003054,matthew.tanaka6103@gmail.com,Matthew Tanaka,1959-05-05,3220,true,2025-12-24,active,2025-01-26,2025-09-19
A003055,thomas.king7268@hotmail.com,Thomas King,1994-07-30,3000,true,2018-01-02,lapsed,2017-08-06,2018-12-26
A003056,kevin.hall2509@outlook.com,Kevin Hall,1963-11-21,3182,false,,lapsed,2021-09-27,2025-03-11
A003057,rachel.robinson8612@hotmail.com,Rachel Robinson,1950-09-06,2026,true,2023-05-26,lapsed,2018-12-25,2022-08-20
A003058,brian.walker157@bigpond.com,Brian Walker,1998-08-25,5000,true,2026-03-28,lapsed,2017-09-29,2022-06-28
A003059,joshua.king3148@hotmail.com,Joshua King,2000-10-19,3141,false,,active,2024-11-16,2025-10-23
A003060,richard.robinson1927@bigpond.com,Richard Robinson,1991-12-11,3121,true,2026-06-04,active,2025-08-11,2026-01-09
A003061,olivia.wright694@hotmail.com,Olivia Wright,1978-07-02,2150,false,,lapsed,2023-02-13,2023-08-27
A003062,samantha.pham4328@icloud.com,Samantha Pham,1983-01-02,3550,true,2023-07-02,active,2019-02-18,2026-03-03
A003063,michelle.taylor7074@gmail.com,Michelle Taylor,1997-02-27,2026,true,2024-06-25,lapsed,2021-07-29,2023-01-14
A003064,rachel.king586@hotmail.com,Rachel King,1975-05-23,2150,false,,lapsed,2020-08-08,2022-06-27
A003065,raj.ali1078@hotmail.com,Raj Ali,1994-08-15,6000,false,,lapsed,2024-08-02,2025-06-13
A003066,raj.khan3445@bigpond.com,Raj Khan,1986-11-22,3141,false,,active,2024-02-17,2025-07-15
A003067,ahmed.obrien3032@gmail.com,Ahmed OBrien,2003-05-18,3000,true,2021-11-20,lapsed,2021-07-06,2023-05-14
A003068,priya.campbell1455@hotmail.com,Priya Campbell,1996-11-19,3220,false,,active,2026-05-06,2026-05-25
A003069,yuki.brown2127@yahoo.com.au,Yuki Brown,1975-03-03,3199,true,2025-06-08,lapsed,2024-07-12,2025-01-06
A003070,giulia.williams1754@gmail.com,Giulia Williams,1962-03-03,3199,true,2026-02-20,active,2025-11-14,2025-11-19
A003071,catherine.taylor9626@yahoo.com.au,Catherine Taylor,1959-07-16,2010,true,2024-05-02,lapsed,2022-06-24,2023-08-04
A003072,ming.thompson7459@bigpond.com,Ming Thompson,1999-06-05,7000,true,2025-06-01,lapsed,2021-08-03,2024-12-17
A003073,william.kumar5313@hotmail.com,William Kumar,1953-10-15,2026,true,2024-04-10,closed,2022-10-31,2025-04-08
A003074,mary.campbell644@gmail.com,Mary Campbell,1990-02-24,4217,true,2022-12-08,lapsed,2021-04-20,2023-03-04
A003075,fatima.singh6639@bigpond.com,Fatima Singh,1972-04-12,2600,false,,active,2025-03-26,2025-07-12
A003076,sarah.jones1344@hotmail.com,Sarah Jones,2004-03-26,3000,true,2020-12-27,active,2020-05-01,2025-07-17
A003077,james.khan7720@gmail.com,James Khan,1973-05-13,3000,true,2023-05-05,active,2019-01-18,2026-05-11
A003078,rebecca.mitchell6941@hotmail.com,Rebecca Mitchell,1981-04-10,6000,true,2025-07-06,lapsed,2019-06-08,2020-10-31
A003079,catherine.hall4939@outlook.com,Catherine Hall,1953-10-20,5000,true,2018-09-20,closed,2017-10-20,2022-06-05
A003080,olivia.anderson8217@outlook.com,Olivia Anderson,1959-02-01,7000,true,2024-06-03,lapsed,2023-07-24,2023-10-21
A003081,joseph.stewart9830@hotmail.com,Joseph Stewart,1952-06-28,3199,true,2026-03-01,active,2025-07-24,2025-09-08
A003082,elizabeth.nguyen1423@yahoo.com.au,Elizabeth Nguyen,1992-07-29,5000,true,2022-08-24,lapsed,2019-12-11,2023-01-04
A003083,margaret.bell9336@yahoo.com.au,Margaret Bell,2003-06-06,2010,true,2022-06-27,lapsed,2021-09-07,2023-03-25
A003084,ahmed.pham9188@icloud.com,Ahmed Pham,1986-11-10,7000,true,2026-01-23,active,2024-07-25,2026-02-06
A003085,michael.walker512@yahoo.com.au,Michael Walker,1983-10-24,3182,true,2023-10-11,lapsed,2023-01-09,2023-12-24
A003086,michelle.jones1237@yahoo.com.au,Michelle Jones,1975-10-05,3199,false,,lapsed,2021-04-09,2023-09-08
A003087,stephanie.brown6496@outlook.com,Stephanie Brown,1966-09-12,5000,true,2021-12-27,lapsed,2019-06-17,2023-08-24
A003088,stephanie.brown5677@outlook.com,Stephanie Brown,1994-08-27,2026,false,,lapsed,2024-04-23,2024-12-24
A003089,helen.clarke5041@outlook.com,Helen Clarke,1975-02-12,2000,false,,active,2023-07-07,2025-08-27
A003090,michael.tran4496@yahoo.com.au,Michael Tran,2004-06-29,3220,true,2026-06-05,closed,2025-12-26,2026-05-25
A003091,patricia.lee6311@bigpond.com,Patricia Lee,1990-03-26,2150,true,2023-10-17,lapsed,2023-09-01,2024-05-19
A003092,rebecca.tanaka4583@gmail.com,Rebecca Tanaka,1959-07-29,4217,false,,lapsed,2022-06-25,2024-07-13
A003093,anthony.sato9154@outlook.com,Anthony Sato,1975-09-25,2010,true,2024-10-16,lapsed,2017-10-30,2023-02-04
A003094,fatima.ryan8983@hotmail.com,Fatima Ryan,2002-05-26,3550,true,2024-04-16,closed,2021-08-01,2023-03-17
A003095,christine.khan4275@yahoo.com.au,Christine Khan,2004-08-24,3550,true,2021-12-16,lapsed,2021-08-06,2024-06-19
A003096,jennifer.baker9830@outlook.com,Jennifer Baker,2005-08-25,3220,false,,lapsed,2017-09-25,2025-02-01
A003097,hiro.jones5831@outlook.com,Hiro Jones,1986-02-17,2600,false,,lapsed,2018-12-22,2022-10-31
A003098,charles.clarke2885@bigpond.com,Charles Clarke,2004-06-11,3000,true,2024-09-11,active,2018-03-08,2026-03-11
A003099,nancy.tanaka3430@yahoo.com.au,Nancy Tanaka,1985-11-22,3220,true,2022-06-01,lapsed,2018-05-22,2025-06-13
A003100,patricia.jones1557@yahoo.com.au,Patricia Jones,1983-02-20,3056,true,2025-12-16,lapsed,2021-11-13,2024-03-29
A003101,david.singh8746@yahoo.com.au,David Singh,2003-04-06,2026,false,,active,2025-04-21,2025-12-23
A003102,brian.collins8896@bigpond.com,Brian Collins,1959-07-01,7000,false,,lapsed,2018-11-28,2024-12-30
A003103,hiro.martin7301@icloud.com,Hiro Martin,1999-07-11,4000,true,2026-06-20,closed,2026-05-15,2026-06-23
A003104,emily.taylor4104@gmail.com,Emily Taylor,1969-03-26,4217,true,2025-08-06,lapsed,2023-06-08,2023-08-16
A003105,david.baker1295@gmail.com,David Baker,1973-01-30,2150,true,2025-11-23,active,2025-11-19,2026-06-04
A003106,brian.ryan9650@hotmail.com,Brian Ryan,1957-06-08,3121,true,2025-01-05,lapsed,2022-06-26,2023-07-21
A003107,christine.collins6780@icloud.com,Christine Collins,1977-12-12,4000,true,2025-02-06,closed,2018-01-24,2019-01-09
A003108,charles.campbell7709@bigpond.com,Charles Campbell,1988-11-12,2010,true,2022-10-30,lapsed,2018-01-19,2020-04-19
A003109,melissa.nguyen3895@icloud.com,Melissa Nguyen,1960-05-16,4217,true,2026-05-07,active,2025-09-14,2025-10-15
A003110,anthony.singh4710@hotmail.com,Anthony Singh,1964-12-03,3121,true,2025-02-16,lapsed,2021-02-27,2023-02-23
A003111,hiro.scott132@bigpond.com,Hiro Scott,1991-07-23,6000,false,,closed,2019-10-28,2024-11-10
A003112,priya.obrien3620@gmail.com,Priya OBrien,1952-01-24,2600,true,2023-09-06,lapsed,2019-09-28,2022-07-24
A003113,ashley.collins8022@hotmail.com,Ashley Collins,1970-12-13,2170,true,2017-11-11,lapsed,2017-07-27,2024-07-15
A003114,ashley.robinson6639@yahoo.com.au,Ashley Robinson,1997-05-31,3199,false,,lapsed,2024-08-25,2025-02-10
A003115,william.walker6357@outlook.com,William Walker,1990-01-15,2010,true,2026-03-22,active,2025-04-28,2025-12-07
A003116,rebecca.kumar9030@icloud.com,Rebecca Kumar,1954-09-22,2010,true,2026-04-30,active,2025-08-20,2026-01-17
A003117,jennifer.rossi4388@bigpond.com,Jennifer Rossi,1971-03-28,3121,true,2019-12-31,lapsed,2017-11-18,2020-11-29
A003118,rachel.williams801@bigpond.com,Rachel Williams,1980-01-19,3030,true,2025-11-23,lapsed,2023-07-27,2025-07-02
A003119,fatima.campbell9661@yahoo.com.au,Fatima Campbell,2002-10-07,2170,false,,lapsed,2024-06-16,2024-11-17
A003120,lisa.stewart8124@hotmail.com,Lisa Stewart,1964-07-06,3220,true,2026-06-22,active,2026-05-21,2026-06-23
A003121,ashley.williams9780@outlook.com,Ashley Williams,1959-08-31,5000,true,2025-03-11,lapsed,2023-04-10,2025-04-21
A003122,patricia.scott5972@icloud.com,Patricia Scott,1968-12-15,3199,true,2024-02-22,lapsed,2023-12-27,2025-06-10
A003123,linda.scott3969@bigpond.com,Linda Scott,1983-08-01,4000,true,2025-07-03,active,2025-03-30,2025-09-20
A003124,matthew.campbell681@gmail.com,Matthew Campbell,1971-03-12,5000,true,2022-06-20,active,2021-12-20,2025-08-04
A003125,giulia.pham1809@icloud.com,Giulia Pham,1995-02-18,2170,true,2020-09-25,lapsed,2017-12-28,2019-11-20
A003126,amanda.brown6078@outlook.com,Amanda Brown,1984-08-08,7000,true,2023-08-14,lapsed,2023-06-25,2024-02-08
A003127,laura.taylor3705@gmail.com,Laura Taylor,1973-06-25,3141,false,,lapsed,2021-03-08,2022-10-20
A003128,ashley.wang993@gmail.com,Ashley Wang,2006-07-03,2026,true,2024-07-01,active,2023-09-08,2025-11-26
A003129,samantha.clarke2761@bigpond.com,Samantha Clarke,1973-02-17,3030,false,,lapsed,2020-07-03,2023-11-05
A003130,david.zhang9455@yahoo.com.au,David Zhang,1994-10-01,3141,true,2019-03-20,lapsed,2018-10-15,2024-09-10
A003131,andrew.lee9640@yahoo.com.au,Andrew Lee,2005-12-01,2010,false,,active,2025-07-23,2026-02-12
A003132,rebecca.tanaka8856@outlook.com,Rebecca Tanaka,1954-06-27,4217,true,2023-11-29,active,2023-03-11,2025-12-21
A003133,timothy.singh5971@bigpond.com,Timothy Singh,1990-06-22,3121,true,2025-04-21,active,2024-12-26,2025-09-26
A003134,ming.tran9102@icloud.com,Ming Tran,2006-02-21,2010,true,2024-11-13,active,2023-05-20,2026-03-28
A003135,linda.edwards3110@hotmail.com,Linda Edwards,1965-12-08,3550,true,2026-04-22,active,2022-07-07,2026-03-06
A003136,catherine.johnson2697@bigpond.com,Catherine Johnson,1954-05-23,4217,false,,active,2022-10-04,2025-08-30
A003137,raj.king8914@hotmail.com,Raj King,1978-12-17,3550,true,2024-12-22,lapsed,2024-03-27,2025-05-08
A003138,giulia.king9337@outlook.com,Giulia King,1972-04-28,3141,false,,lapsed,2020-04-01,2023-03-21
A003139,matthew.anderson4488@yahoo.com.au,Matthew Anderson,1981-01-20,3182,true,2026-01-10,lapsed,2019-12-14,2021-02-09
A003140,sandra.green4326@outlook.com,Sandra Green,1994-10-04,3550,true,2024-05-18,lapsed,2023-10-02,2024-06-08
A003141,matthew.clarke4038@yahoo.com.au,Matthew Clarke,1970-12-02,3121,false,,active,2017-12-29,2026-06-17
A003142,charles.evans7198@bigpond.com,Charles Evans,1960-03-12,4217,true,2026-06-10,active,2026-03-26,2026-06-04
A003143,michelle.baker2566@hotmail.com,Michelle Baker,1952-12-06,2000,true,2025-12-20,lapsed,2022-02-23,2024-07-11
A003144,mary.edwards5032@gmail.com,Mary Edwards,1980-10-12,6000,false,,lapsed,2018-06-22,2024-07-05
A003145,andrew.martin6975@bigpond.com,Andrew Martin,1966-04-15,4000,false,,active,2025-02-16,2026-06-01
A003146,charles.green9453@bigpond.com,Charles Green,1983-05-15,4217,true,2024-01-05,active,2023-09-11,2025-09-02
A003147,lisa.zhang6757@hotmail.com,Lisa Zhang,1970-03-20,3199,true,2022-11-28,closed,2021-10-05,2025-02-21
A003148,raj.johnson3989@gmail.com,Raj Johnson,1989-05-07,6000,true,2026-05-09,lapsed,2018-10-30,2021-01-11
A003149,emma.wilson3528@gmail.com,Emma Wilson,2005-06-30,2600,true,2025-07-23,closed,2024-10-31,2026-03-02
A003150,margaret.smith1458@icloud.com,Margaret Smith,1989-10-06,3220,true,2026-03-09,lapsed,2023-05-07,2023-06-22
A003151,george.pham9715@hotmail.com,George Pham,1980-06-10,3030,true,2021-01-11,lapsed,2018-11-26,2019-09-12
A003152,wei.scott1939@outlook.com,Wei Scott,1989-07-07,6000,true,2025-08-24,lapsed,2022-03-22,2023-07-18
A003153,robert.singh6649@outlook.com,Robert Singh,1985-04-13,3199,true,2024-12-10,lapsed,2024-11-28,2025-01-19
A003154,james.khan4894@icloud.com,James Khan,1954-03-06,3056,false,,active,2017-10-26,2026-01-04
A003155,richard.kelly7208@bigpond.com,Richard Kelly,1965-04-27,2010,false,,lapsed,2021-01-11,2021-12-18
A003156,richard.harris8475@bigpond.com,Richard Harris,1976-01-30,7000,true,2026-04-30,lapsed,2021-09-08,2021-09-24
A003157,michael.ali9687@outlook.com,Michael Ali,1957-07-04,3141,true,2024-02-03,lapsed,2020-09-15,2023-05-30
A003158,jennifer.wang1388@hotmail.com,Jennifer Wang,2004-11-16,3056,true,2023-12-20,lapsed,2021-08-23,2024-12-27
A003159,marco.anderson8085@hotmail.com,Marco Anderson,1980-11-05,5000,true,2021-12-25,lapsed,2018-03-30,2021-10-28
A003160,wei.martin7554@gmail.com,Wei Martin,2000-10-15,3056,true,2023-06-03,lapsed,2023-01-30,2025-03-24
A003161,sarah.harris5828@hotmail.com,Sarah Harris,1993-01-27,4000,true,2024-05-01,lapsed,2019-09-14,2021-08-03
A003162,steven.taylor1585@outlook.com,Steven Taylor,1961-01-23,3220,false,,lapsed,2018-09-16,2022-10-30
A003163,thomas.nguyen5482@yahoo.com.au,Thomas Nguyen,1963-06-10,2170,true,2019-09-27,lapsed,2018-02-25,2022-08-09
A003164,emily.anderson4659@icloud.com,Emily Anderson,1951-01-27,2010,true,2025-08-21,closed,2018-10-10,2026-04-05
A003165,ming.evans7350@icloud.com,Ming Evans,1995-12-16,5000,true,2024-02-08,lapsed,2020-06-03,2022-02-26
A003166,christine.jones5781@gmail.com,Christine Jones,1953-07-29,3220,true,2021-06-02,active,2019-04-10,2026-05-14
A003167,ashley.brown1331@bigpond.com,Ashley Brown,1968-02-25,5000,true,2026-01-22,active,2025-12-27,2026-06-07
A003168,charles.campbell2508@yahoo.com.au,Charles Campbell,1983-10-06,4217,true,2024-10-30,active,2023-01-02,2026-04-04
A003169,mark.singh6525@gmail.com,Mark Singh,1953-03-05,2150,false,,active,2017-07-12,2025-07-26
A003170,steven.smith6505@outlook.com,Steven Smith,1976-05-11,4217,false,,lapsed,2020-07-16,2025-05-05
A003171,brian.ali9357@hotmail.com,Brian Ali,1985-12-28,2150,true,2023-10-03,lapsed,2022-10-15,2023-02-04
A003172,ming.kumar8216@outlook.com,Ming Kumar,1994-03-08,2000,true,2026-06-06,active,2026-05-18,2026-06-02
A003173,fatima.robinson209@gmail.com,Fatima Robinson,1984-07-02,2026,false,,lapsed,2023-08-17,2025-06-10
A003174,sandra.sato6398@icloud.com,Sandra Sato,1960-08-27,4217,false,,lapsed,2018-02-14,2019-02-12
A003175,joshua.white4322@icloud.com,Joshua White,1998-09-06,3199,true,2026-05-08,active,2025-11-04,2026-02-24
A003176,anthony.nguyen1633@gmail.com,Anthony Nguyen,2002-09-03,3056,false,,lapsed,2023-05-14,2024-11-05
A003177,thomas.tran7482@hotmail.com,Thomas Tran,1990-11-13,4217,true,2023-08-18,lapsed,2023-04-18,2024-09-19
A003178,mark.kelly1516@yahoo.com.au,Mark Kelly,1962-10-21,3000,true,2025-12-14,active,2023-04-13,2026-04-04
A003179,robert.edwards6937@outlook.com,Robert Edwards,1961-07-11,2150,true,2025-11-22,active,2025-09-26,2026-04-17
A003180,joseph.evans6698@outlook.com,Joseph Evans,1999-05-26,4217,false,,lapsed,2019-11-27,2022-03-07
A003181,katherine.bell4845@yahoo.com.au,Katherine Bell,1975-06-11,3121,false,,lapsed,2022-12-03,2025-03-08
A003182,william.rossi4443@icloud.com,William Rossi,1957-01-20,6000,true,2025-10-11,active,2025-07-16,2026-05-15
A003183,stephanie.mitchell4523@bigpond.com,Stephanie Mitchell,1964-10-05,3000,false,,lapsed,2020-11-04,2023-09-22
A003184,rebecca.wright6511@outlook.com,Rebecca Wright,1964-01-26,3182,true,2026-05-25,lapsed,2021-03-06,2025-03-17
A003185,marco.williams7523@hotmail.com,Marco Williams,1971-12-11,3220,true,2026-03-10,lapsed,2021-12-08,2022-10-06
A003186,yuki.jones5845@yahoo.com.au,Yuki Jones,1987-06-17,3550,false,,lapsed,2024-12-11,2025-01-02
A003187,james.wang4956@outlook.com,James Wang,1963-11-13,5000,false,,active,2025-07-15,2025-12-06
A003188,mark.obrien9767@icloud.com,Mark OBrien,1976-01-03,2600,true,2023-06-26,lapsed,2023-06-09,2023-07-07
A003189,emily.johnson5392@outlook.com,Emily Johnson,2002-06-30,2150,true,2026-03-02,active,2023-12-02,2025-07-15
A003190,kevin.khan6049@bigpond.com,Kevin Khan,2002-11-19,6000,true,2020-09-24,lapsed,2017-12-21,2020-09-18
A003191,raj.smith924@gmail.com,Raj Smith,1965-06-11,2150,true,2026-03-21,active,2023-01-22,2026-03-14
A003192,sandra.obrien3252@hotmail.com,Sandra OBrien,1993-10-21,4217,true,2025-11-27,active,2024-08-23,2025-08-15
A003193,samantha.bell9087@gmail.com,Samantha Bell,1980-10-18,2010,true,2025-01-06,active,2023-11-18,2025-11-04
A003194,nancy.turner451@gmail.com,Nancy Turner,1973-10-02,4000,false,,active,2025-11-16,2026-03-27
A003195,olivia.taylor3619@icloud.com,Olivia Taylor,1970-12-21,3199,true,2019-07-11,lapsed,2018-01-23,2020-06-27
A003196,ming.obrien4572@outlook.com,Ming OBrien,2003-10-15,2170,true,2020-04-09,lapsed,2017-08-02,2021-05-27
A003197,charles.tanaka7901@yahoo.com.au,Charles Tanaka,1969-11-12,7000,true,2025-01-26,lapsed,2024-08-31,2024-09-21
A003198,thomas.wright7654@gmail.com,Thomas Wright,1981-01-15,3056,false,,lapsed,2018-12-22,2021-06-18
A003199,fatima.jones2887@outlook.com,Fatima Jones,1998-12-25,3220,true,2020-08-30,lapsed,2018-03-01,2021-04-06
A003200,brian.robinson177@icloud.com,Brian Robinson,2006-02-07,2600,true,2026-07-02,active,2024-03-07,2025-08-01
A003201,rachel.brown7935@yahoo.com.au,Rachel Brown,1977-09-13,3000,true,2024-10-25,active,2022-08-06,2025-08-11
A003202,richard.taylor8029@gmail.com,Richard Taylor,1967-04-21,4217,true,2022-05-30,lapsed,2018-06-04,2023-04-18
A003203,rebecca.tran8400@yahoo.com.au,Rebecca Tran,1992-09-27,3141,true,2026-06-05,lapsed,2021-10-25,2025-01-18
A003204,michelle.murphy5679@icloud.com,Michelle Murphy,1984-08-16,6000,true,2022-08-30,lapsed,2021-05-11,2023-05-19
A003205,melissa.thompson912@icloud.com,Melissa Thompson,1973-06-23,3182,true,2023-03-22,lapsed,2019-12-20,2024-11-06
A003206,ashley.campbell6627@outlook.com,Ashley Campbell,1987-04-30,6000,true,2025-04-03,lapsed,2022-11-13,2023-02-16
A003207,jessica.bell2238@gmail.com,Jessica Bell,1972-07-05,6000,false,,lapsed,2020-07-27,2023-10-23
A003208,kevin.wright8124@outlook.com,Kevin Wright,1964-04-24,4217,false,,lapsed,2025-06-21,2025-06-22
A003209,mary.king8110@gmail.com,Mary King,1974-09-18,2600,false,,active,2025-08-08,2026-04-25
A003210,joseph.robinson6654@bigpond.com,Joseph Robinson,2002-01-17,3056,true,2021-12-03,active,2019-09-19,2026-04-14
A003211,sandra.johnson9389@yahoo.com.au,Sandra Johnson,1990-09-13,6000,true,2020-12-21,lapsed,2019-05-18,2020-11-15
A003212,deborah.thompson9982@icloud.com,Deborah Thompson,1955-11-12,7000,true,2024-07-30,active,2024-07-05,2026-04-09
A003213,michael.murphy6657@bigpond.com,Michael Murphy,1985-09-22,6000,true,2026-01-25,active,2022-05-08,2025-09-30
A003214,william.nguyen9638@icloud.com,William Nguyen,1967-10-19,3056,true,2021-08-09,lapsed,2017-10-04,2024-12-26
A003215,linda.walker2068@gmail.com,Linda Walker,1959-06-30,2026,true,2026-03-10,lapsed,2024-09-01,2025-02-06
A003216,brian.white3247@outlook.com,Brian White,1967-01-19,3182,true,2025-10-14,lapsed,2017-12-09,2018-09-18
A003217,karen.chen6111@icloud.com,Karen Chen,2000-02-26,4000,true,2023-10-25,lapsed,2022-06-12,2024-03-23
A003218,william.thompson8595@yahoo.com.au,William Thompson,1988-08-20,2010,true,2022-11-08,lapsed,2019-07-25,2023-12-06
A003219,mary.williams5218@bigpond.com,Mary Williams,1997-09-28,5000,false,,lapsed,2020-09-01,2020-09-22
A003220,brian.wang5173@hotmail.com,Brian Wang,1954-01-28,3220,true,2024-06-10,active,2021-04-20,2026-06-27
A003221,olivia.campbell1002@hotmail.com,Olivia Campbell,1984-01-10,2170,true,2025-09-25,active,2023-05-14,2026-01-28
A003222,ming.collins5099@bigpond.com,Ming Collins,1973-11-05,7000,false,,active,2023-12-25,2026-05-18
A003223,lisa.clarke6752@gmail.com,Lisa Clarke,1999-06-10,2170,true,2020-04-16,lapsed,2018-04-29,2020-11-16
A003224,mark.jones3780@yahoo.com.au,Mark Jones,1986-09-18,3141,true,2025-05-17,active,2022-09-15,2026-01-01
A003225,joshua.ali5275@hotmail.com,Joshua Ali,2000-04-07,3220,false,,lapsed,2020-05-09,2021-03-04
A003226,ming.anderson3425@icloud.com,Ming Anderson,1976-01-17,2170,true,2026-06-13,active,2024-12-20,2025-10-11
A003227,emily.jones5738@yahoo.com.au,Emily Jones,1971-04-13,4217,true,2025-08-21,lapsed,2024-09-05,2024-09-12
A003228,timothy.scott376@bigpond.com,Timothy Scott,1994-12-24,2600,true,2023-02-15,lapsed,2022-02-21,2023-05-02
A003229,elizabeth.taylor7572@bigpond.com,Elizabeth Taylor,1990-04-15,7000,true,2026-06-20,active,2025-10-31,2026-01-25
A003230,stephanie.sato9438@bigpond.com,Stephanie Sato,1959-12-10,7000,true,2020-01-09,lapsed,2018-04-16,2019-12-13
A003231,charles.brown5793@outlook.com,Charles Brown,1951-05-03,5000,true,2024-11-23,lapsed,2018-06-19,2023-05-19
A003232,amanda.brown8570@yahoo.com.au,Amanda Brown,1995-09-13,2600,true,2026-03-31,lapsed,2024-08-07,2024-09-24
A003233,rachel.stewart5800@yahoo.com.au,Rachel Stewart,1969-09-07,3141,false,,closed,2023-02-21,2024-12-08
A003234,christine.king7019@gmail.com,Christine King,2006-03-05,3056,true,2025-11-08,active,2025-08-28,2025-09-17
A003235,marco.brown4956@outlook.com,Marco Brown,1970-10-05,2000,true,2024-12-24,lapsed,2022-03-22,2023-03-17
A003236,joshua.walker691@hotmail.com,Joshua Walker,1992-03-14,3550,true,2026-05-29,active,2023-11-19,2026-06-16
A003237,melissa.king1562@icloud.com,Melissa King,1997-08-07,3220,true,2026-05-22,active,2026-04-07,2026-05-23
A003238,sarah.liu1467@yahoo.com.au,Sarah Liu,1968-11-19,3121,true,2025-08-20,active,2017-10-27,2025-07-18
A003239,brian.anderson6653@gmail.com,Brian Anderson,2001-09-23,6000,false,,active,2026-04-12,2026-05-09
A003240,matthew.green6125@gmail.com,Matthew Green,1998-03-21,3141,true,2026-06-05,closed,2025-04-11,2025-08-22
A003241,olivia.baker1914@gmail.com,Olivia Baker,1989-12-17,4217,true,2023-11-10,lapsed,2022-12-11,2023-12-29
A003242,linda.williams8196@bigpond.com,Linda Williams,1985-05-11,3220,true,2026-01-03,active,2022-02-16,2026-02-04
A003243,george.adams7247@hotmail.com,George Adams,1957-08-07,3141,true,2023-11-07,active,2020-07-07,2026-02-21
A003244,joseph.anderson8564@yahoo.com.au,Joseph Anderson,1976-06-04,7000,true,2026-01-15,active,2025-09-03,2025-12-29
A003245,kevin.sato7037@icloud.com,Kevin Sato,1953-07-11,3199,true,2026-05-18,closed,2026-05-11,2026-05-27
A003246,stephanie.costa5768@bigpond.com,Stephanie Costa,1976-11-08,3000,true,2021-08-24,lapsed,2017-08-02,2022-12-19
A003247,mary.chen1820@outlook.com,Mary Chen,1978-12-09,3000,true,2025-09-26,lapsed,2022-06-08,2023-04-15
A003248,david.pham9019@hotmail.com,David Pham,2004-08-17,3141,true,2025-11-11,active,2025-09-15,2025-10-31
A003249,jennifer.brown7843@icloud.com,Jennifer Brown,1953-05-01,3000,true,2026-04-14,active,2025-10-01,2026-02-21
A003250,elizabeth.evans7410@outlook.com,Elizabeth Evans,1956-04-16,7000,true,2023-03-03,lapsed,2020-07-28,2024-08-03
A003251,daniel.obrien635@gmail.com,Daniel OBrien,2004-02-12,2170,true,2023-11-28,lapsed,2022-10-26,2024-02-28
A003252,jessica.jones6802@yahoo.com.au,Jessica Jones,1981-01-18,5000,true,2023-08-31,lapsed,2019-02-27,2022-09-29
A003253,mary.collins9230@hotmail.com,Mary Collins,1980-05-05,5000,false,,lapsed,2021-05-26,2024-08-23
A003254,fatima.tanaka9114@bigpond.com,Fatima Tanaka,2006-09-08,2150,true,2026-06-09,lapsed,2024-09-29,2025-05-20
A003255,mary.turner9049@hotmail.com,Mary Turner,1953-07-06,6000,true,2026-03-09,lapsed,2021-05-01,2025-05-17
A003256,daniel.rossi6134@bigpond.com,Daniel Rossi,1975-07-17,2170,true,2026-06-23,lapsed,2024-02-17,2024-12-22
A003257,matthew.thompson9794@icloud.com,Matthew Thompson,1982-10-18,3199,true,2023-09-22,lapsed,2021-11-19,2024-09-03
A003258,lisa.adams8571@gmail.com,Lisa Adams,1977-05-15,3220,false,,lapsed,2024-09-06,2024-11-14
A003259,helen.tran6721@gmail.com,Helen Tran,1995-12-02,6000,false,,lapsed,2022-03-23,2022-06-27
A003260,nancy.brown5743@gmail.com,Nancy Brown,1966-03-18,3220,true,2024-10-23,lapsed,2020-06-16,2024-11-30
A003261,karen.zhang2049@hotmail.com,Karen Zhang,1960-02-10,3121,true,2026-03-24,lapsed,2023-05-11,2024-08-02
A003262,laura.mitchell9264@outlook.com,Laura Mitchell,1980-09-11,4000,true,2024-05-25,lapsed,2019-07-03,2024-10-05
A003263,helen.ali5313@outlook.com,Helen Ali,1973-05-27,7000,true,2026-05-07,active,2026-01-28,2026-03-16
A003264,ahmed.johnson6334@icloud.com,Ahmed Johnson,1983-04-03,2000,true,2025-06-30,lapsed,2024-02-29,2025-04-04
A003265,raj.bell2411@hotmail.com,Raj Bell,1999-02-06,2150,true,2024-07-10,lapsed,2021-07-19,2022-09-18
A003266,stephanie.campbell8745@yahoo.com.au,Stephanie Campbell,1958-01-19,2600,true,2023-05-14,active,2022-11-25,2025-08-31
A003267,rebecca.brown9874@yahoo.com.au,Rebecca Brown,1989-02-05,3030,true,2019-01-04,active,2018-02-26,2026-04-23
A003268,richard.baker9585@icloud.com,Richard Baker,1977-04-20,3550,true,2026-01-14,lapsed,2018-03-12,2020-08-09
A003269,brian.adams9638@gmail.com,Brian Adams,1970-12-27,3056,false,,lapsed,2018-03-24,2018-05-03
A003270,rachel.campbell8126@yahoo.com.au,Rachel Campbell,1994-08-29,2026,true,2024-08-05,lapsed,2021-08-15,2023-02-16
A003271,joseph.lee9951@gmail.com,Joseph Lee,1960-10-16,4217,true,2025-06-03,lapsed,2022-04-28,2023-11-13
A003272,margaret.stewart5633@yahoo.com.au,Margaret Stewart,2002-09-06,5000,false,,lapsed,2019-02-09,2025-06-27
A003273,mark.walker5912@gmail.com,Mark Walker,1954-03-31,2026,true,2025-08-12,lapsed,2024-06-21,2025-01-28
A003274,anthony.taylor5798@yahoo.com.au,Anthony Taylor,2004-04-21,2010,false,,lapsed,2019-01-30,2024-05-02
A003275,deborah.rossi9564@gmail.com,Deborah Rossi,1999-04-29,3030,true,2026-04-26,active,2025-10-22,2025-11-02
A003276,joseph.zhang4213@gmail.com,Joseph Zhang,1980-01-27,3141,true,2026-05-09,active,2025-12-13,2025-12-15
A003277,robert.liu4603@outlook.com,Robert Liu,1982-07-21,2000,true,2021-10-29,lapsed,2021-08-10,2022-09-09
A003278,amanda.walker125@hotmail.com,Amanda Walker,1995-09-30,2150,false,,lapsed,2023-08-31,2024-02-21
A003279,wei.wang70@hotmail.com,Wei Wang,1954-05-12,3220,true,2022-09-19,lapsed,2017-09-11,2020-01-17
A003280,william.robinson5762@yahoo.com.au,William Robinson,1986-02-05,2150,true,2024-08-12,active,2021-07-07,2025-10-28
A003281,andrew.tanaka4868@bigpond.com,Andrew Tanaka,1962-03-17,3030,true,2025-04-30,lapsed,2023-12-04,2025-05-22
A003282,george.johnson954@bigpond.com,George Johnson,1975-11-09,3141,false,,lapsed,2024-05-07,2024-09-26
A003283,hiro.tanaka5989@outlook.com,Hiro Tanaka,2000-09-26,3182,true,2024-01-06,lapsed,2021-08-07,2022-04-22
A003284,charles.green1438@yahoo.com.au,Charles Green,1994-03-14,3182,false,,lapsed,2021-10-07,2024-04-27
A003285,patricia.rossi7672@icloud.com,Patricia Rossi,1994-12-16,7000,true,2018-05-25,lapsed,2018-04-20,2023-12-06
A003286,sarah.nguyen2619@yahoo.com.au,Sarah Nguyen,1974-05-31,2170,true,2025-08-23,active,2025-03-15,2026-02-10
A003287,emma.obrien1117@bigpond.com,Emma OBrien,1994-02-17,3550,true,2025-04-20,active,2023-03-31,2026-05-07
A003288,ahmed.harris9471@bigpond.com,Ahmed Harris,1986-09-07,4000,true,2025-12-06,closed,2025-10-07,2026-01-20
A003289,yuki.collins8585@outlook.com,Yuki Collins,1967-10-25,3220,true,2026-06-20,lapsed,2018-06-05,2018-11-12
A003290,ming.nguyen1986@icloud.com,Ming Nguyen,1962-02-01,7000,true,2026-05-22,lapsed,2018-05-12,2023-12-23
A003291,james.kelly834@gmail.com,James Kelly,1960-02-01,3550,true,2022-12-11,lapsed,2019-03-06,2025-04-01
A003292,ashley.wright1706@bigpond.com,Ashley Wright,1976-07-15,3000,false,,lapsed,2019-09-07,2023-06-27
A003293,anthony.collins4826@bigpond.com,Anthony Collins,1986-12-24,3141,true,2018-05-26,lapsed,2018-05-17,2019-10-31
A003294,melissa.thompson799@icloud.com,Melissa Thompson,1988-01-12,3141,true,2022-12-28,lapsed,2022-08-22,2022-09-05
A003295,hiro.singh8249@bigpond.com,Hiro Singh,1984-10-28,3030,false,,active,2025-03-05,2025-11-26
A003296,nancy.tran8816@icloud.com,Nancy Tran,1996-12-09,2026,true,2026-01-07,active,2025-11-05,2026-04-10
A003297,david.jones8113@yahoo.com.au,David Jones,1999-03-11,2000,true,2023-08-22,closed,2021-06-17,2024-06-27
A003298,james.baker3366@yahoo.com.au,James Baker,2003-12-28,3121,true,2025-07-17,lapsed,2020-04-29,2025-04-05
A003299,giulia.lee6081@icloud.com,Giulia Lee,1993-03-01,3121,false,,lapsed,2018-11-04,2023-04-06
A003300,nancy.nguyen8102@yahoo.com.au,Nancy Nguyen,1968-12-07,2600,true,2022-06-15,lapsed,2020-06-22,2024-01-08
A003301,steven.tanaka8958@yahoo.com.au,Steven Tanaka,1982-01-22,5000,true,2023-11-21,lapsed,2018-01-15,2025-03-12
A003302,david.hall1190@yahoo.com.au,David Hall,1958-03-21,2150,true,2025-10-10,active,2024-01-10,2026-06-25
A003303,hiro.pham6102@yahoo.com.au,Hiro Pham,1982-11-13,3220,true,2024-12-01,active,2023-05-24,2026-01-22
A003304,anthony.ali6464@icloud.com,Anthony Ali,2003-01-07,2010,true,2024-04-28,active,2022-10-29,2026-02-02
A003305,sandra.wright2791@outlook.com,Sandra Wright,1997-01-28,2000,true,2026-03-20,lapsed,2023-05-28,2024-02-20
A003306,mark.edwards1896@gmail.com,Mark Edwards,1952-11-03,4000,false,,lapsed,2023-03-28,2023-07-21
A003307,david.robinson34@gmail.com,David Robinson,1979-05-28,3182,false,,lapsed,2017-12-07,2021-06-29
A003308,mary.tanaka6638@yahoo.com.au,Mary Tanaka,1951-09-30,5000,false,,active,2025-06-11,2025-10-15
A003309,catherine.mitchell8926@yahoo.com.au,Catherine Mitchell,1971-10-07,6000,true,2025-07-06,active,2025-06-12,2026-01-22
A003310,joseph.brown2021@outlook.com,Joseph Brown,1966-11-08,4217,false,,active,2019-07-05,2026-02-08
A003311,george.costa8684@icloud.com,George Costa,1979-08-27,2026,true,2020-09-29,lapsed,2017-08-23,2019-10-12
A003312,margaret.wright9073@bigpond.com,Margaret Wright,1961-01-12,3199,true,2024-12-13,lapsed,2021-12-16,2022-03-25
A003313,sarah.thompson9070@bigpond.com,Sarah Thompson,1960-03-20,2600,false,,lapsed,2023-11-12,2024-10-15
A003314,michelle.bell3934@yahoo.com.au,Michelle Bell,1958-02-09,3550,false,,lapsed,2019-09-15,2024-09-27
A003315,david.singh251@hotmail.com,David Singh,1991-01-30,3121,true,2024-04-20,lapsed,2021-11-19,2025-04-21
A003316,olivia.thompson2800@icloud.com,Olivia Thompson,1982-12-31,4000,true,2024-02-09,lapsed,2020-09-02,2025-03-13
A003317,fatima.baker327@hotmail.com,Fatima Baker,1975-06-24,3199,false,,lapsed,2022-05-18,2025-05-20
A003318,ming.baker841@yahoo.com.au,Ming Baker,2000-08-20,3220,true,2021-04-23,lapsed,2020-03-13,2021-01-29
A003319,stephanie.taylor2623@bigpond.com,Stephanie Taylor,1953-01-30,3199,true,2024-12-26,lapsed,2019-05-25,2023-02-03
A003320,robert.bell9413@outlook.com,Robert Bell,1977-03-04,2000,false,,lapsed,2021-03-01,2023-04-13
A003321,emma.wilson2519@icloud.com,Emma Wilson,1960-07-30,2000,false,,lapsed,2020-04-13,2020-04-19
A003322,melissa.williams4136@outlook.com,Melissa Williams,1954-03-28,3550,true,2021-10-22,lapsed,2017-09-12,2021-11-03
A003323,patricia.rossi2123@icloud.com,Patricia Rossi,2001-09-04,5000,false,,lapsed,2021-01-08,2023-06-10
A003324,sarah.nguyen4381@gmail.com,Sarah Nguyen,1951-03-01,6000,true,2022-12-27,lapsed,2020-04-13,2024-02-21
A003325,linda.brown1332@yahoo.com.au,Linda Brown,1958-05-29,3182,true,2023-01-26,lapsed,2020-07-18,2022-12-14
A003326,hiro.rossi2576@icloud.com,Hiro Rossi,2002-02-24,7000,true,2021-09-01,lapsed,2018-03-14,2023-04-09
A003327,robert.liu3907@bigpond.com,Robert Liu,1987-01-03,2026,false,,active,2026-04-15,2026-06-10
A003328,christine.white625@icloud.com,Christine White,1987-08-17,5000,false,,lapsed,2022-08-15,2024-07-30
A003329,marco.stewart7370@icloud.com,Marco Stewart,1985-12-17,3141,false,,active,2018-11-20,2026-06-28
A003330,melissa.ryan118@bigpond.com,Melissa Ryan,1966-11-18,3220,true,2024-04-04,lapsed,2022-09-17,2024-07-26
A003331,mark.scott7239@outlook.com,Mark Scott,2004-11-22,6000,true,2026-05-15,active,2026-03-27,2026-04-13
A003332,ahmed.clarke6106@hotmail.com,Ahmed Clarke,2001-02-20,5000,true,2026-03-22,active,2022-08-25,2026-06-22
A003333,joseph.khan7254@bigpond.com,Joseph Khan,1980-01-25,3030,true,2024-06-07,lapsed,2020-04-13,2022-12-25
A003334,sarah.kumar9394@bigpond.com,Sarah Kumar,1994-05-06,2600,true,2024-11-23,lapsed,2021-02-27,2021-07-26
A003335,steven.chen8504@hotmail.com,Steven Chen,1970-12-31,6000,true,2026-01-04,lapsed,2019-09-17,2020-08-05
A003336,mark.chen6577@bigpond.com,Mark Chen,1999-11-09,3121,true,2025-03-20,lapsed,2021-07-03,2022-03-25
A003337,ahmed.brown7056@yahoo.com.au,Ahmed Brown,2001-02-26,2170,false,,closed,2017-10-27,2026-01-19
A003338,anthony.evans8476@icloud.com,Anthony Evans,1966-06-25,2026,true,2024-12-06,lapsed,2023-03-30,2024-02-20
A003339,rachel.brown4947@gmail.com,Rachel Brown,1999-02-24,7000,true,2025-10-20,active,2025-01-31,2025-10-12
A003340,anthony.williams147@bigpond.com,Anthony Williams,1977-11-12,2150,true,2026-05-02,lapsed,2023-11-19,2024-09-12
A003341,ming.walker354@hotmail.com,Ming Walker,1972-06-29,3141,true,2025-03-27,lapsed,2024-02-11,2024-06-06
A003342,steven.robinson6062@hotmail.com,Steven Robinson,1984-12-18,2150,false,,lapsed,2024-11-25,2025-06-07
A003343,rachel.baker77@bigpond.com,Rachel Baker,1983-01-10,3220,false,,lapsed,2018-02-24,2022-11-17
A003344,helen.anderson5884@gmail.com,Helen Anderson,1997-06-17,2600,false,,lapsed,2017-07-11,2022-02-18
A003345,robert.collins1519@hotmail.com,Robert Collins,1987-03-23,3550,true,2024-08-09,active,2023-04-03,2025-07-07
A003346,james.kumar4505@yahoo.com.au,James Kumar,1986-06-12,2600,true,2021-06-15,lapsed,2019-09-21,2019-12-21
A003347,daniel.hall5222@icloud.com,Daniel Hall,1967-06-05,2150,true,2022-04-15,lapsed,2020-04-09,2025-03-21
A003348,mark.murphy9864@gmail.com,Mark Murphy,1990-06-16,4217,true,2024-06-04,lapsed,2022-08-10,2024-02-17
A003349,kevin.hall8320@yahoo.com.au,Kevin Hall,1966-12-30,2010,true,2024-06-30,lapsed,2020-02-15,2023-09-12
A003350,susan.ryan2143@outlook.com,Susan Ryan,1985-01-04,2000,true,2025-06-25,lapsed,2024-08-06,2025-01-01
A003351,nancy.campbell4802@bigpond.com,Nancy Campbell,1965-12-30,3550,false,,active,2022-08-06,2026-05-30
A003352,matthew.singh7561@hotmail.com,Matthew Singh,1998-03-25,6000,false,,lapsed,2022-08-12,2024-04-05
A003353,fatima.walker7815@gmail.com,Fatima Walker,1953-12-01,2170,true,2025-12-20,active,2025-08-23,2026-04-12
A003354,jennifer.walker9489@icloud.com,Jennifer Walker,1954-08-24,3220,true,2023-01-21,lapsed,2021-02-20,2021-05-02
A003355,ming.clarke2690@outlook.com,Ming Clarke,1961-06-30,2170,false,,active,2024-04-26,2026-03-21
A003356,jessica.jones1481@outlook.com,Jessica Jones,1958-03-12,5000,true,2023-06-27,lapsed,2022-10-20,2024-11-12
A003357,samantha.ryan226@icloud.com,Samantha Ryan,1953-02-13,4000,true,2025-08-08,lapsed,2022-06-30,2025-06-13
A003358,mary.king1046@hotmail.com,Mary King,1962-09-19,2600,false,,lapsed,2017-08-22,2021-10-17
A003359,giulia.thompson939@outlook.com,Giulia Thompson,1964-12-24,3199,true,2023-09-17,lapsed,2019-06-30,2022-06-07
A003360,matthew.evans6295@outlook.com,Matthew Evans,1993-04-29,4000,false,,lapsed,2017-11-10,2025-02-17
A003361,matthew.sato1459@gmail.com,Matthew Sato,1962-01-24,2600,true,2022-09-21,lapsed,2019-02-02,2023-11-04
A003362,jennifer.wang9525@bigpond.com,Jennifer Wang,1998-08-27,2026,true,2025-02-27,active,2020-09-12,2026-05-05
A003363,mark.stewart9903@icloud.com,Mark Stewart,1968-09-21,5000,true,2021-12-16,lapsed,2018-11-08,2020-02-16
A003364,laura.thompson7054@gmail.com,Laura Thompson,1977-04-19,3030,true,2026-01-02,lapsed,2020-08-08,2022-08-03
A003365,kevin.anderson703@yahoo.com.au,Kevin Anderson,1953-08-18,6000,true,2026-02-20,closed,2025-10-21,2026-04-23
A003366,olivia.tran8671@icloud.com,Olivia Tran,1970-12-16,3000,false,,closed,2019-06-24,2019-09-08
A003367,andrew.ali3142@bigpond.com,Andrew Ali,1951-04-06,2600,true,2025-09-19,active,2022-06-07,2026-01-13
A003368,ahmed.taylor2795@yahoo.com.au,Ahmed Taylor,1978-05-22,3199,false,,lapsed,2021-06-25,2021-10-07
A003369,olivia.wang4949@hotmail.com,Olivia Wang,1964-03-25,3000,false,,active,2025-01-25,2025-07-06
A003370,christine.king3516@hotmail.com,Christine King,1977-08-11,2000,true,2023-01-10,lapsed,2019-08-09,2024-06-25
A003371,joshua.baker8042@yahoo.com.au,Joshua Baker,2000-09-17,3141,true,2025-01-23,lapsed,2025-01-03,2025-06-08
A003372,katherine.pham5274@icloud.com,Katherine Pham,1970-07-31,3056,false,,active,2026-03-27,2026-06-09
A003373,ming.white6778@hotmail.com,Ming White,1955-03-29,2000,true,2024-02-29,lapsed,2020-03-29,2021-07-12
A003374,susan.jones6638@yahoo.com.au,Susan Jones,1977-03-12,3000,true,2023-11-28,lapsed,2019-02-04,2019-05-05
A003375,emily.singh4860@yahoo.com.au,Emily Singh,2003-01-14,3121,true,2020-05-13,lapsed,2019-06-29,2020-08-21
A003376,giulia.hall5385@hotmail.com,Giulia Hall,1977-07-17,3182,true,2025-12-29,active,2025-09-17,2026-05-12
A003377,emily.taylor3747@bigpond.com,Emily Taylor,1993-01-21,3199,true,2022-10-10,active,2020-08-27,2025-11-21
A003378,robert.kelly8923@gmail.com,Robert Kelly,1987-06-28,2000,false,,active,2021-01-10,2025-12-18
A003379,karen.tanaka5113@yahoo.com.au,Karen Tanaka,1974-08-29,3030,false,,active,2026-05-27,2026-06-26
A003380,emily.murphy4183@hotmail.com,Emily Murphy,2000-07-07,3030,true,2023-08-10,lapsed,2019-01-06,2023-08-17
A003381,sarah.pham4675@hotmail.com,Sarah Pham,1955-04-21,2010,false,,lapsed,2017-07-11,2017-09-21
A003382,helen.hall8369@bigpond.com,Helen Hall,1975-03-30,3141,false,,closed,2017-07-20,2019-11-12
A003383,matthew.walker6038@bigpond.com,Matthew Walker,1959-12-18,3182,true,2022-05-31,active,2020-07-26,2026-05-14
A003384,rebecca.wilson894@yahoo.com.au,Rebecca Wilson,1955-05-19,2170,true,2020-03-27,lapsed,2017-12-10,2021-07-16
A003385,anthony.murphy5695@gmail.com,Anthony Murphy,1977-06-30,2170,true,2026-06-01,active,2024-09-06,2025-08-17
A003386,charles.obrien8769@gmail.com,Charles OBrien,1988-03-22,5000,true,2025-11-01,active,2025-02-24,2025-12-10
A003387,mark.hall1355@yahoo.com.au,Mark Hall,1998-03-31,3030,true,2026-06-13,active,2024-10-08,2026-02-28
A003388,amanda.zhang990@yahoo.com.au,Amanda Zhang,1978-03-26,3199,true,2025-02-20,lapsed,2018-12-29,2021-12-19
A003389,patricia.johnson1056@icloud.com,Patricia Johnson,1991-06-21,3030,true,2021-12-25,lapsed,2020-01-03,2024-09-12
A003390,rebecca.kelly5150@bigpond.com,Rebecca Kelly,1973-12-04,3141,true,2024-05-27,active,2023-06-03,2026-04-20
A003391,joseph.williams4277@yahoo.com.au,Joseph Williams,1989-04-15,3182,false,,lapsed,2022-04-22,2022-10-13
A003392,priya.adams3978@bigpond.com,Priya Adams,1961-11-16,3056,true,2020-05-11,lapsed,2018-08-19,2020-06-16
A003393,emma.tran2783@icloud.com,Emma Tran,1973-09-25,2010,true,2024-05-03,lapsed,2018-02-03,2024-09-06
A003394,susan.zhang3984@hotmail.com,Susan Zhang,1990-01-10,3121,false,,lapsed,2020-01-18,2020-06-24
A003395,stephanie.tran6448@bigpond.com,Stephanie Tran,2005-04-25,7000,true,2026-01-10,active,2025-09-19,2026-03-16
A003396,andrew.baker4916@yahoo.com.au,Andrew Baker,1983-05-29,6000,true,2022-10-28,lapsed,2022-10-14,2025-01-17
A003397,linda.chen6614@hotmail.com,Linda Chen,1951-02-27,3030,true,2021-11-07,lapsed,2018-10-02,2024-10-05
A003398,sandra.tran4376@hotmail.com,Sandra Tran,1955-02-24,3220,true,2026-02-01,closed,2024-12-02,2025-07-12
A003399,david.stewart8595@yahoo.com.au,David Stewart,1995-12-25,3199,true,2019-10-11,closed,2018-03-25,2024-01-15
A003400,nancy.clarke3978@hotmail.com,Nancy Clarke,1959-04-14,3030,true,2019-02-04,lapsed,2018-07-05,2021-03-22
A003401,sarah.murphy981@outlook.com,Sarah Murphy,1981-09-24,4000,false,,active,2021-07-12,2025-09-02
A003402,patricia.khan5710@bigpond.com,Patricia Khan,1981-08-13,2000,true,2021-03-29,lapsed,2018-10-31,2021-12-05
A003403,christine.smith2540@gmail.com,Christine Smith,1954-05-26,3141,true,2021-09-12,active,2019-07-22,2025-09-19
A003404,margaret.johnson3741@bigpond.com,Margaret Johnson,1951-12-10,3030,true,2022-11-21,lapsed,2019-05-02,2021-04-01
A003405,michelle.costa4221@yahoo.com.au,Michelle Costa,1978-08-16,3121,false,,lapsed,2022-04-27,2024-08-21
A003406,ashley.campbell53@yahoo.com.au,Ashley Campbell,2004-04-06,7000,true,2025-12-20,lapsed,2022-03-15,2022-04-25
A003407,karen.johnson8633@icloud.com,Karen Johnson,1985-01-01,3141,false,,lapsed,2020-06-10,2020-11-25
A003408,robert.thompson8929@bigpond.com,Robert Thompson,1970-06-06,3121,true,2021-04-15,lapsed,2018-10-08,2024-08-05
A003409,emma.smith5909@yahoo.com.au,Emma Smith,1990-10-03,2010,true,2022-05-28,lapsed,2019-02-09,2024-12-11
A003410,sarah.zhang3903@hotmail.com,Sarah Zhang,2002-01-10,2150,true,2022-06-07,lapsed,2018-01-05,2023-03-29
A003411,patricia.mitchell6531@bigpond.com,Patricia Mitchell,1955-07-18,4217,true,2026-04-09,active,2026-04-01,2026-05-06
A003412,mary.murphy9223@hotmail.com,Mary Murphy,2001-05-01,3550,true,2025-12-13,lapsed,2017-11-16,2019-06-13
A003413,robert.johnson8935@yahoo.com.au,Robert Johnson,1982-02-02,3199,true,2024-04-07,active,2020-07-31,2025-09-05
A003414,giulia.edwards172@hotmail.com,Giulia Edwards,1997-04-24,3141,false,,lapsed,2019-01-18,2024-10-20
A003415,robert.taylor8636@yahoo.com.au,Robert Taylor,1958-10-22,2150,true,2024-09-07,lapsed,2023-08-29,2024-05-20
A003416,karen.williams7961@gmail.com,Karen Williams,1980-10-05,4217,true,2024-08-30,active,2019-08-23,2026-04-28
A003417,katherine.smith5528@gmail.com,Katherine Smith,1972-01-22,4000,true,2021-05-23,lapsed,2020-07-26,2021-08-23
A003418,brian.wilson3367@icloud.com,Brian Wilson,1994-03-31,7000,false,,lapsed,2022-02-24,2025-05-15
A003419,mary.robinson5910@yahoo.com.au,Mary Robinson,1967-02-08,3199,true,2022-03-11,lapsed,2020-07-24,2023-06-07
A003420,olivia.bell4795@hotmail.com,Olivia Bell,1961-07-17,2010,true,2019-11-04,lapsed,2017-08-16,2022-05-17
A003421,andrew.singh8259@outlook.com,Andrew Singh,1968-08-15,3220,true,2026-07-01,lapsed,2024-07-20,2025-02-26
A003422,charles.zhang6683@icloud.com,Charles Zhang,1996-09-27,2000,true,2024-05-25,active,2022-07-24,2025-08-28
A003423,michelle.chen3776@hotmail.com,Michelle Chen,1989-05-09,3121,false,,lapsed,2018-11-07,2023-06-14
A003424,charles.lee2443@outlook.com,Charles Lee,1955-02-21,2600,false,,lapsed,2020-09-16,2025-04-15
A003425,steven.anderson3644@bigpond.com,Steven Anderson,1986-12-30,3000,true,2024-05-18,lapsed,2023-10-01,2024-09-24
A003426,andrew.ali7702@gmail.com,Andrew Ali,2001-11-10,3121,false,,lapsed,2018-02-14,2018-12-28
A003427,nancy.martin9370@icloud.com,Nancy Martin,1956-07-23,6000,true,2024-09-28,lapsed,2020-05-25,2024-04-03
A003428,mary.wilson6247@icloud.com,Mary Wilson,1962-08-30,3121,true,2026-03-02,active,2024-11-28,2025-10-18
A003429,nancy.thompson9292@hotmail.com,Nancy Thompson,1966-10-30,2026,false,,lapsed,2018-07-05,2024-09-05
A003430,emily.scott1802@icloud.com,Emily Scott,1995-08-09,6000,true,2024-02-21,lapsed,2019-11-28,2024-03-25
A003431,ashley.taylor4978@bigpond.com,Ashley Taylor,1997-06-13,2170,true,2024-12-19,lapsed,2024-05-20,2025-02-15
A003432,susan.wright1373@bigpond.com,Susan Wright,1969-07-28,4217,false,,lapsed,2018-09-04,2024-07-28
A003433,wei.tanaka6297@icloud.com,Wei Tanaka,2001-11-06,3056,false,,closed,2024-01-10,2025-10-28
A003434,karen.stewart9853@gmail.com,Karen Stewart,1952-09-25,3220,false,,active,2023-01-19,2025-07-05
A003435,ahmed.murphy1380@icloud.com,Ahmed Murphy,1997-01-08,3000,true,2025-09-27,lapsed,2024-02-16,2024-10-20
A003436,amanda.wilson304@hotmail.com,Amanda Wilson,1953-08-25,3199,true,2026-04-23,lapsed,2021-03-26,2023-06-26
A003437,olivia.scott3603@icloud.com,Olivia Scott,1985-10-29,2010,false,,active,2025-05-31,2026-04-27
A003438,christine.thompson1324@outlook.com,Christine Thompson,1997-03-01,2000,true,2019-09-13,closed,2017-10-23,2021-11-24
A003439,jennifer.singh497@hotmail.com,Jennifer Singh,1952-03-18,3199,true,2026-04-14,lapsed,2021-07-21,2023-03-02
A003440,emily.sato3751@bigpond.com,Emily Sato,1956-10-26,2600,false,,lapsed,2023-12-28,2024-11-24
A003441,steven.sato5424@gmail.com,Steven Sato,1966-10-22,3121,true,2023-06-08,lapsed,2020-08-31,2024-12-04
A003442,olivia.nguyen1337@gmail.com,Olivia Nguyen,2004-06-10,2170,false,,lapsed,2024-01-17,2024-08-06
A003443,rebecca.liu3554@hotmail.com,Rebecca Liu,1970-11-05,4000,true,2022-08-08,lapsed,2020-11-03,2021-03-12
A003444,joshua.liu1618@outlook.com,Joshua Liu,1966-09-17,2170,true,2025-06-10,active,2024-01-24,2026-03-10
A003445,mary.tanaka1527@yahoo.com.au,Mary Tanaka,1962-08-24,3056,true,2025-01-28,lapsed,2017-08-12,2020-08-10
A003446,helen.singh3671@yahoo.com.au,Helen Singh,1984-10-24,2010,true,2025-09-06,lapsed,2024-10-04,2025-03-11
A003447,robert.williams8198@outlook.com,Robert Williams,1951-05-01,2000,true,2024-01-23,lapsed,2021-03-18,2024-05-08
A003448,james.mitchell2906@bigpond.com,James Mitchell,1972-10-04,3182,true,2024-10-13,lapsed,2022-11-14,2025-01-04
A003449,susan.stewart9098@hotmail.com,Susan Stewart,1994-10-03,4000,true,2019-04-07,lapsed,2018-04-05,2020-11-14
A003450,amanda.chen5334@icloud.com,Amanda Chen,1984-03-23,2026,true,2024-12-14,active,2022-12-05,2025-11-08
A003451,raj.johnson1335@gmail.com,Raj Johnson,1971-07-01,2170,true,2023-05-10,lapsed,2021-02-16,2024-03-14
A003452,ashley.khan3151@outlook.com,Ashley Khan,1997-11-10,3182,false,,lapsed,2020-11-29,2024-03-03
A003453,richard.edwards6281@hotmail.com,Richard Edwards,2006-02-27,6000,true,2019-02-22,lapsed,2018-04-03,2021-01-02
A003454,steven.stewart7486@gmail.com,Steven Stewart,1996-08-18,3000,true,2025-11-08,active,2025-05-16,2026-02-01
A003455,ahmed.walker2319@outlook.com,Ahmed Walker,1977-07-19,3000,true,2024-11-10,lapsed,2023-02-22,2023-09-07
A003456,matthew.evans1801@bigpond.com,Matthew Evans,1970-08-15,3141,false,,closed,2024-02-29,2024-12-17
A003457,kevin.tran2785@outlook.com,Kevin Tran,1954-12-24,3030,true,2024-10-14,lapsed,2022-10-26,2024-07-04
A003458,helen.king7299@hotmail.com,Helen King,1952-08-12,4217,true,2026-03-16,active,2025-09-01,2025-10-16
A003459,lisa.hall6953@yahoo.com.au,Lisa Hall,1988-01-14,3030,true,2020-01-20,lapsed,2018-02-17,2025-06-01
A003460,thomas.sato6@yahoo.com.au,Thomas Sato,1998-09-14,2600,false,,lapsed,2022-07-09,2025-01-01
A003461,jessica.williams9077@icloud.com,Jessica Williams,1985-11-01,6000,true,2022-12-03,lapsed,2022-05-12,2023-02-06
A003462,priya.collins9603@bigpond.com,Priya Collins,1983-07-06,3056,true,2025-04-18,lapsed,2025-02-11,2025-06-28
A003463,laura.turner3106@bigpond.com,Laura Turner,1993-05-17,2010,false,,lapsed,2017-12-12,2021-12-18
A003464,laura.edwards2419@icloud.com,Laura Edwards,1967-01-16,7000,true,2023-05-24,lapsed,2022-07-23,2022-10-30
A003465,deborah.white998@icloud.com,Deborah White,1977-05-11,4217,true,2026-02-14,closed,2024-03-22,2025-05-04
A003466,sandra.martin9172@yahoo.com.au,Sandra Martin,1968-05-02,4217,true,2026-06-22,active,2023-08-03,2026-05-28
A003467,andrew.robinson2740@icloud.com,Andrew Robinson,1978-10-03,2150,false,,lapsed,2022-06-27,2025-07-01
A003468,william.clarke4026@outlook.com,William Clarke,1951-06-28,2150,true,2026-06-04,active,2026-02-28,2026-04-20
A003469,richard.hall8412@outlook.com,Richard Hall,2005-12-03,3121,true,2020-12-24,lapsed,2018-06-01,2021-12-12
A003470,joshua.obrien9079@hotmail.com,Joshua OBrien,2004-09-17,6000,false,,lapsed,2020-07-30,2024-08-20
A003471,william.wang9995@yahoo.com.au,William Wang,1991-12-31,3056,true,2023-11-28,active,2021-10-16,2026-03-06
A003472,emily.thompson7515@hotmail.com,Emily Thompson,1980-11-07,2010,true,2024-05-17,lapsed,2022-06-26,2022-11-21
A003473,brian.zhang3478@bigpond.com,Brian Zhang,1959-09-07,5000,true,2026-01-17,active,2025-11-19,2026-03-03
A003474,michelle.ali851@icloud.com,Michelle Ali,1991-07-29,2010,true,2023-11-06,lapsed,2019-04-27,2024-05-19
A003475,raj.scott8488@yahoo.com.au,Raj Scott,1954-08-14,2600,true,2021-03-26,lapsed,2020-02-21,2020-05-05
A003476,amanda.walker6608@hotmail.com,Amanda Walker,2001-06-10,3550,true,2026-02-27,closed,2023-07-09,2024-02-28
A003477,daniel.stewart1027@hotmail.com,Daniel Stewart,1956-05-19,3000,true,2025-01-18,lapsed,2023-01-08,2025-05-13
A003478,ahmed.ryan5054@outlook.com,Ahmed Ryan,1987-10-06,5000,true,2024-06-07,lapsed,2022-10-17,2023-04-16
A003479,nancy.wright5953@icloud.com,Nancy Wright,1984-03-27,3121,true,2023-01-04,lapsed,2020-05-21,2021-07-28
A003480,emily.zhang7362@yahoo.com.au,Emily Zhang,1990-08-08,2150,true,2025-04-29,active,2025-04-26,2026-05-04
A003481,giulia.johnson8079@bigpond.com,Giulia Johnson,1972-12-20,3199,true,2026-04-20,active,2026-04-01,2026-05-13
A003482,olivia.smith7275@yahoo.com.au,Olivia Smith,1965-06-19,2026,true,2026-04-02,active,2025-10-17,2026-04-28
A003483,robert.baker9784@gmail.com,Robert Baker,1998-05-08,3141,false,,active,2025-05-08,2025-11-08
A003484,brian.sato4042@gmail.com,Brian Sato,1961-09-22,3000,true,2020-08-08,lapsed,2018-03-25,2020-10-13
A003485,hiro.harris7966@bigpond.com,Hiro Harris,1956-09-06,2000,false,,closed,2020-07-02,2023-09-04
A003486,linda.zhang1646@icloud.com,Linda Zhang,1994-06-02,5000,true,2023-12-02,lapsed,2022-11-18,2023-12-30
A003487,rebecca.jones789@yahoo.com.au,Rebecca Jones,1962-11-08,3220,true,2025-02-13,lapsed,2023-05-04,2023-08-03
A003488,joshua.mitchell7759@icloud.com,Joshua Mitchell,1997-03-19,3182,true,2025-12-02,active,2024-02-20,2025-12-21
A003489,helen.pham6587@outlook.com,Helen Pham,1951-07-14,4000,true,2024-12-02,lapsed,2018-01-22,2023-12-25
A003490,hiro.clarke326@outlook.com,Hiro Clarke,1971-03-26,7000,false,,lapsed,2025-02-13,2025-02-13
A003491,michelle.murphy5060@gmail.com,Michelle Murphy,1995-07-17,3141,false,,lapsed,2022-05-23,2025-03-11
A003492,steven.khan138@hotmail.com,Steven Khan,1955-09-14,3550,true,2021-10-15,lapsed,2019-06-04,2020-11-11
A003493,andrew.robinson5614@hotmail.com,Andrew Robinson,1985-09-07,2026,false,,lapsed,2022-11-05,2024-01-24
A003494,andrew.costa6653@outlook.com,Andrew Costa,1964-09-07,5000,true,2026-06-18,lapsed,2023-03-11,2024-12-10
A003495,david.wilson1173@yahoo.com.au,David Wilson,1963-06-07,3000,false,,lapsed,2020-05-23,2021-04-17
A003496,margaret.king8462@outlook.com,Margaret King,2005-12-09,4000,false,,lapsed,2020-03-19,2023-09-18
A003497,margaret.chen1398@outlook.com,Margaret Chen,1986-04-06,4217,true,2020-07-06,lapsed,2018-10-06,2022-10-23
A003498,mark.smith4899@gmail.com,Mark Smith,2001-11-26,3141,true,2026-04-10,active,2026-01-28,2026-04-08
A003499,linda.ali1527@outlook.com,Linda Ali,1976-05-02,2026,true,2021-10-13,lapsed,2018-12-05,2022-06-24
A003500,marco.harris1446@icloud.com,Marco Harris,1954-02-12,3000,true,2025-04-10,lapsed,2021-09-03,2023-06-25
A003501,patricia.martin6977@gmail.com,Patricia Martin,1978-04-24,2026,true,2017-11-16,lapsed,2017-09-22,2020-12-06
A003502,william.williams705@yahoo.com.au,William Williams,1988-12-12,3030,true,2020-04-15,lapsed,2018-04-20,2019-03-14
A003503,deborah.thompson126@gmail.com,Deborah Thompson,1962-01-21,7000,true,2024-07-16,active,2024-04-06,2026-03-29
A003504,jennifer.chen4872@yahoo.com.au,Jennifer Chen,1973-08-23,2010,true,2021-07-04,lapsed,2019-04-05,2025-03-24
A003505,helen.brown6679@hotmail.com,Helen Brown,1973-02-17,3056,false,,lapsed,2021-04-24,2023-09-29
A003506,nancy.ryan8153@yahoo.com.au,Nancy Ryan,1992-11-24,4000,true,2026-06-05,lapsed,2022-11-22,2023-04-20
A003507,laura.zhang3796@gmail.com,Laura Zhang,1960-03-16,2000,true,2024-03-14,lapsed,2018-09-15,2025-02-27
A003508,patricia.king1161@bigpond.com,Patricia King,1983-06-05,2026,false,,closed,2019-09-26,2024-08-31
A003509,anthony.walker8270@yahoo.com.au,Anthony Walker,2000-02-04,2010,true,2026-05-23,active,2026-05-15,2026-06-18
A003510,george.robinson1325@icloud.com,George Robinson,1992-01-26,3220,true,2022-10-29,active,2018-10-15,2026-04-10
A003511,fatima.lee6476@yahoo.com.au,Fatima Lee,1953-10-17,2010,false,,lapsed,2018-04-12,2019-03-31
A003512,hiro.rossi9611@bigpond.com,Hiro Rossi,1969-03-23,3199,true,2023-03-03,lapsed,2021-02-23,2025-02-28
A003513,timothy.taylor5545@yahoo.com.au,Timothy Taylor,1963-12-02,3141,false,,lapsed,2018-09-18,2023-08-14
A003514,rebecca.liu6970@outlook.com,Rebecca Liu,1962-03-19,5000,true,2024-10-27,closed,2023-06-09,2025-02-24
A003515,jennifer.evans2563@yahoo.com.au,Jennifer Evans,1983-07-26,3030,true,2025-12-14,active,2024-08-25,2026-06-02
A003516,daniel.khan5890@icloud.com,Daniel Khan,1970-09-15,3199,true,2024-07-13,lapsed,2018-03-27,2024-09-12
A003517,linda.hall8851@outlook.com,Linda Hall,1998-10-30,3000,true,2025-12-02,active,2024-08-30,2026-04-06
A003518,raj.campbell4542@gmail.com,Raj Campbell,1966-01-14,3199,true,2026-07-01,active,2025-09-11,2026-02-24
A003519,jennifer.smith8641@outlook.com,Jennifer Smith,1995-07-13,5000,false,,lapsed,2020-10-28,2023-01-21
A003520,helen.obrien1510@hotmail.com,Helen OBrien,2001-10-14,3121,false,,lapsed,2020-06-05,2021-03-11
A003521,laura.thompson6212@yahoo.com.au,Laura Thompson,1991-08-08,6000,true,2024-03-12,lapsed,2020-08-05,2023-04-03
A003522,joshua.pham4114@icloud.com,Joshua Pham,1976-12-16,3141,false,,active,2024-06-03,2025-10-23
A003523,margaret.evans936@bigpond.com,Margaret Evans,1997-12-17,3220,false,,active,2026-02-19,2026-03-03
A003524,michael.murphy8389@hotmail.com,Michael Murphy,1979-07-04,2150,true,2019-10-03,lapsed,2017-09-06,2020-07-03
A003525,marco.robinson1527@hotmail.com,Marco Robinson,1967-06-06,3030,true,2025-05-04,closed,2022-12-26,2023-04-02
A003526,stephanie.martin2758@bigpond.com,Stephanie Martin,1957-08-23,2000,true,2025-04-17,active,2019-11-28,2026-01-13
A003527,melissa.bell8980@gmail.com,Melissa Bell,1995-12-09,3000,true,2026-05-16,closed,2026-05-08,2026-05-30
A003528,sarah.wilson1118@outlook.com,Sarah Wilson,1977-05-14,3056,false,,lapsed,2018-10-24,2019-07-03
A003529,charles.khan5567@hotmail.com,Charles Khan,1955-10-21,3199,true,2026-03-15,active,2025-02-08,2026-06-22
A003530,brian.tran5762@bigpond.com,Brian Tran,1994-08-16,2170,false,,lapsed,2021-07-09,2021-12-29
A003531,katherine.nguyen2786@gmail.com,Katherine Nguyen,1997-12-21,3220,true,2020-07-07,lapsed,2018-04-05,2018-05-01
A003532,brian.khan7517@outlook.com,Brian Khan,1974-07-28,3030,true,2021-10-11,lapsed,2017-11-14,2021-05-17
A003533,amanda.khan8080@hotmail.com,Amanda Khan,2006-10-26,7000,false,,closed,2019-11-07,2023-12-31
A003534,fatima.johnson6940@bigpond.com,Fatima Johnson,1983-06-03,3056,false,,active,2024-10-27,2025-07-12
A003535,george.johnson4940@icloud.com,George Johnson,1993-12-02,3182,true,2025-11-27,lapsed,2020-04-15,2023-06-25
A003536,emma.clarke3778@outlook.com,Emma Clarke,1974-09-07,2010,true,2025-10-08,lapsed,2019-11-19,2022-04-18
A003537,melissa.kelly9022@yahoo.com.au,Melissa Kelly,1953-07-17,7000,false,,lapsed,2019-06-11,2021-06-09
A003538,karen.baker5240@outlook.com,Karen Baker,1999-02-16,3182,true,2025-08-11,active,2022-11-26,2026-04-18
A003539,lisa.evans8498@bigpond.com,Lisa Evans,1979-05-23,3056,true,2025-11-19,active,2025-07-30,2025-09-02
A003540,giulia.brown7400@hotmail.com,Giulia Brown,1985-10-20,2600,false,,lapsed,2018-03-31,2020-10-28
A003541,yuki.costa882@hotmail.com,Yuki Costa,1984-10-18,4217,true,2025-01-16,active,2024-05-08,2025-10-03
A003542,amanda.stewart5642@bigpond.com,Amanda Stewart,1960-09-25,7000,true,2026-01-31,active,2025-10-07,2025-11-20
A003543,joshua.martin7848@hotmail.com,Joshua Martin,1999-01-25,5000,true,2024-02-06,lapsed,2021-07-29,2023-06-12
A003544,wei.smith394@hotmail.com,Wei Smith,1963-11-19,3199,false,,lapsed,2019-04-29,2021-01-14
A003545,mark.adams349@outlook.com,Mark Adams,2001-09-29,3220,false,,lapsed,2020-07-24,2022-04-21
A003546,rebecca.kumar6574@outlook.com,Rebecca Kumar,1953-04-17,2600,false,,lapsed,2021-09-10,2023-06-12
A003547,timothy.harris8100@icloud.com,Timothy Harris,1972-08-24,3550,false,,active,2019-10-05,2025-08-12
A003548,william.smith4344@hotmail.com,William Smith,1985-11-06,3550,true,2021-08-24,closed,2018-02-24,2018-07-29
A003549,marco.wilson1339@yahoo.com.au,Marco Wilson,1956-03-17,3220,true,2022-12-20,lapsed,2020-09-14,2022-09-09
A003550,stephanie.costa5944@hotmail.com,Stephanie Costa,1986-10-14,2600,true,2024-12-03,active,2024-06-13,2026-01-27
A003551,andrew.liu5657@hotmail.com,Andrew Liu,1954-03-15,3182,true,2026-01-08,active,2025-08-23,2025-12-08
A003552,emma.collins3381@outlook.com,Emma Collins,1967-05-29,3000,true,2023-06-27,lapsed,2022-04-24,2024-04-21
A003553,elizabeth.costa7765@hotmail.com,Elizabeth Costa,1978-12-31,3199,true,2025-12-03,active,2025-07-02,2026-03-09
A003554,thomas.kumar2389@outlook.com,Thomas Kumar,2001-07-05,4217,true,2022-10-18,closed,2019-11-07,2020-08-28
A003555,sarah.adams8490@outlook.com,Sarah Adams,1984-09-17,5000,true,2024-05-08,active,2019-06-09,2026-03-15
A003556,margaret.chen9464@yahoo.com.au,Margaret Chen,2004-10-26,2000,false,,lapsed,2020-09-06,2023-03-22
A003557,catherine.king2988@hotmail.com,Catherine King,1968-10-01,4217,true,2024-12-30,lapsed,2017-10-13,2019-08-10
A003558,susan.turner8815@hotmail.com,Susan Turner,1995-12-10,3056,true,2022-07-02,lapsed,2022-05-02,2023-01-28
A003559,catherine.scott1737@bigpond.com,Catherine Scott,1986-07-31,2010,true,2022-08-29,lapsed,2017-12-24,2021-12-21
A003560,raj.wilson5933@outlook.com,Raj Wilson,1984-06-23,2170,false,,lapsed,2019-08-01,2022-06-16
A003561,raj.campbell748@bigpond.com,Raj Campbell,1976-05-27,2000,false,,lapsed,2019-11-06,2020-10-29
A003562,jennifer.campbell3727@outlook.com,Jennifer Campbell,2003-02-18,2010,true,2023-11-28,active,2021-12-08,2025-07-28
A003563,melissa.adams7598@yahoo.com.au,Melissa Adams,2002-07-12,3121,true,2024-02-16,active,2023-10-08,2025-09-18
A003564,sandra.nguyen951@gmail.com,Sandra Nguyen,1956-03-29,2170,false,,lapsed,2023-08-30,2024-05-28
A003565,patricia.khan8688@outlook.com,Patricia Khan,1950-12-23,7000,true,2024-04-05,lapsed,2023-11-02,2025-02-12
A003566,deborah.baker5211@icloud.com,Deborah Baker,1952-11-21,2000,false,,lapsed,2022-07-16,2025-04-04
A003567,mark.anderson7876@hotmail.com,Mark Anderson,1973-01-17,2026,true,2025-01-28,closed,2024-11-11,2025-10-06
A003568,hiro.clarke491@icloud.com,Hiro Clarke,1971-06-21,3220,true,2026-05-29,active,2024-12-12,2025-09-02
A003569,brian.obrien8422@bigpond.com,Brian OBrien,1964-10-17,4217,true,2021-06-18,lapsed,2019-05-20,2021-09-14
A003570,kevin.anderson2141@bigpond.com,Kevin Anderson,1992-05-31,2170,true,2025-08-14,active,2025-06-27,2025-10-23
A003571,jennifer.jones8137@icloud.com,Jennifer Jones,1956-09-04,2000,true,2026-04-09,active,2026-03-10,2026-06-30
A003572,olivia.rossi380@hotmail.com,Olivia Rossi,1981-04-11,7000,true,2026-06-01,lapsed,2018-02-10,2019-03-04
A003573,rebecca.turner3780@hotmail.com,Rebecca Turner,1989-04-22,2010,false,,lapsed,2022-12-15,2023-10-16
A003574,melissa.robinson2480@hotmail.com,Melissa Robinson,1952-05-28,3182,false,,active,2024-11-30,2025-09-10
A003575,jessica.khan7573@outlook.com,Jessica Khan,1960-11-11,3000,false,,active,2023-06-29,2025-08-11
A003576,joseph.walker6554@gmail.com,Joseph Walker,1989-12-31,2170,true,2020-12-09,lapsed,2018-03-23,2020-08-26
A003577,deborah.campbell5364@yahoo.com.au,Deborah Campbell,2003-09-25,3056,true,2025-07-03,active,2022-07-27,2026-03-16
A003578,emma.taylor5369@outlook.com,Emma Taylor,1968-07-31,3121,true,2025-09-06,lapsed,2018-07-20,2025-05-22
A003579,fatima.king1017@hotmail.com,Fatima King,2006-11-16,3141,true,2025-02-06,lapsed,2021-05-02,2023-02-26
A003580,olivia.brown6111@outlook.com,Olivia Brown,1994-09-24,7000,true,2024-08-13,lapsed,2023-08-24,2025-05-01
A003581,jessica.thompson7526@yahoo.com.au,Jessica Thompson,1982-04-06,3000,true,2023-10-18,closed,2018-12-01,2025-12-26
A003582,marco.green8043@gmail.com,Marco Green,1994-01-18,7000,true,2023-05-29,lapsed,2021-10-05,2022-06-27
A003583,william.evans8112@yahoo.com.au,William Evans,1989-11-14,2026,false,,lapsed,2021-11-01,2022-05-07
A003584,jennifer.white3439@hotmail.com,Jennifer White,1970-12-19,3121,false,,active,2025-02-25,2026-05-15
A003585,susan.martin4358@bigpond.com,Susan Martin,1976-02-03,3121,true,2026-02-23,lapsed,2018-01-18,2023-10-15
A003586,jessica.robinson7480@bigpond.com,Jessica Robinson,1950-05-09,3030,true,2024-08-15,lapsed,2020-10-20,2025-06-02
A003587,emma.anderson6287@bigpond.com,Emma Anderson,1994-09-24,3030,true,2025-01-01,active,2019-12-27,2025-07-14
A003588,james.hall1066@icloud.com,James Hall,1963-07-16,3030,false,,lapsed,2022-01-20,2022-02-19
A003589,linda.wang4395@hotmail.com,Linda Wang,1979-07-16,2010,true,2021-03-11,lapsed,2019-12-03,2023-07-19
A003590,joshua.king5279@yahoo.com.au,Joshua King,1952-08-02,3121,true,2025-10-03,lapsed,2024-08-08,2024-09-12
A003591,william.ali6203@outlook.com,William Ali,1955-03-17,2010,true,2024-04-27,active,2022-05-15,2025-10-25
A003592,giulia.white7551@outlook.com,Giulia White,1968-06-30,3030,false,,active,2026-05-26,2026-06-07
A003593,helen.king1343@icloud.com,Helen King,1996-08-17,3199,true,2022-10-21,closed,2020-11-09,2021-12-09
A003594,wei.stewart7792@icloud.com,Wei Stewart,2006-05-09,6000,false,,active,2025-09-01,2025-10-22
A003595,nancy.tran8933@bigpond.com,Nancy Tran,1955-06-18,3000,true,2023-11-11,lapsed,2022-08-07,2023-11-22
A003596,katherine.bell9999@yahoo.com.au,Katherine Bell,1977-06-04,3550,true,2025-03-28,active,2024-02-09,2026-05-17
A003597,jessica.kumar710@hotmail.com,Jessica Kumar,1960-09-14,2170,false,,lapsed,2023-08-14,2024-09-11
A003598,charles.pham251@bigpond.com,Charles Pham,1993-06-16,2600,false,,active,2023-04-25,2025-08-20
A003599,andrew.ryan8324@bigpond.com,Andrew Ryan,1973-01-17,7000,false,,active,2022-10-28,2025-11-17
A003600,daniel.williams6666@outlook.com,Daniel Williams,1971-12-01,2170,true,2020-08-23,lapsed,2017-12-11,2018-09-30
A003601,lisa.robinson2935@hotmail.com,Lisa Robinson,1979-04-14,2010,true,2024-07-13,lapsed,2021-06-23,2023-12-30
A003602,giulia.anderson1023@yahoo.com.au,Giulia Anderson,1963-12-14,6000,true,2020-05-01,lapsed,2019-04-18,2020-10-06
A003603,christine.khan3849@icloud.com,Christine Khan,1966-11-10,6000,false,,lapsed,2021-12-27,2022-04-24
A003604,mary.clarke715@gmail.com,Mary Clarke,1990-10-20,2010,true,2025-02-04,lapsed,2022-06-05,2022-06-30
A003605,andrew.wilson6407@hotmail.com,Andrew Wilson,1964-10-24,5000,false,,lapsed,2022-07-16,2024-03-24
A003606,rachel.green5731@hotmail.com,Rachel Green,1950-05-05,2170,true,2022-11-27,lapsed,2022-10-30,2024-06-23
A003607,mary.costa7304@icloud.com,Mary Costa,1967-08-14,7000,false,,lapsed,2024-05-12,2024-10-24
A003608,giulia.chen9660@hotmail.com,Giulia Chen,1958-03-29,2010,false,,active,2025-07-27,2026-02-14
A003609,susan.mitchell5206@bigpond.com,Susan Mitchell,1991-06-24,4000,false,,active,2025-05-27,2026-05-30
A003610,charles.collins3245@outlook.com,Charles Collins,1981-11-02,3199,true,2024-11-21,lapsed,2021-11-15,2025-07-01
A003611,mary.pham327@hotmail.com,Mary Pham,1978-06-02,3141,true,2026-06-15,active,2026-05-21,2026-06-24
A003612,james.hall3174@yahoo.com.au,James Hall,1970-07-23,2026,true,2026-02-12,active,2025-10-02,2026-05-03
A003613,raj.hall2944@icloud.com,Raj Hall,1950-12-04,2026,true,2022-06-07,lapsed,2020-02-24,2024-05-20
A003614,emily.green4753@bigpond.com,Emily Green,1975-08-23,3199,true,2026-05-12,active,2025-01-06,2026-01-05
A003615,amanda.adams7574@gmail.com,Amanda Adams,1978-08-09,3030,true,2025-04-22,active,2023-10-01,2025-08-22
A003616,olivia.smith482@outlook.com,Olivia Smith,1960-06-25,6000,true,2021-01-31,lapsed,2019-12-07,2021-03-26
A003617,lisa.singh9143@outlook.com,Lisa Singh,1957-03-24,2600,false,,active,2020-05-23,2026-05-21
A003618,richard.zhang1208@gmail.com,Richard Zhang,1993-11-19,2026,false,,lapsed,2024-09-26,2024-09-29
A003619,mary.kumar5070@bigpond.com,Mary Kumar,1988-07-29,6000,false,,closed,2021-04-27,2026-06-29
A003620,mark.clarke2898@icloud.com,Mark Clarke,1998-03-19,4217,false,,lapsed,2023-10-04,2023-12-18
A003621,michael.tran8356@hotmail.com,Michael Tran,1978-10-27,3199,true,2023-11-20,lapsed,2023-11-16,2025-06-14
A003622,amanda.singh6779@bigpond.com,Amanda Singh,1979-04-06,3550,true,2026-06-27,lapsed,2020-10-19,2022-12-14
A003623,samantha.pham22@gmail.com,Samantha Pham,1983-05-14,2600,false,,active,2025-12-05,2026-06-24
A003624,ahmed.liu2842@hotmail.com,Ahmed Liu,1953-11-04,2600,true,2024-09-14,lapsed,2022-12-21,2023-05-24
A003625,anthony.clarke6236@bigpond.com,Anthony Clarke,1962-07-27,5000,false,,lapsed,2017-07-13,2023-07-11
A003626,elizabeth.harris8798@hotmail.com,Elizabeth Harris,1962-12-26,2170,true,2024-04-27,lapsed,2023-01-06,2024-11-22
A003627,marco.brown4934@outlook.com,Marco Brown,1987-01-27,4000,false,,active,2019-09-04,2026-03-11
A003628,helen.bell7186@outlook.com,Helen Bell,1994-09-08,3550,true,2024-06-12,lapsed,2022-07-04,2024-01-21
A003629,patricia.turner9632@yahoo.com.au,Patricia Turner,1985-01-25,2150,true,2023-05-22,active,2022-06-28,2025-08-02
A003630,raj.hall5734@hotmail.com,Raj Hall,1978-01-09,3121,false,,lapsed,2023-07-19,2024-01-02
A003631,thomas.hall354@icloud.com,Thomas Hall,1978-10-11,3056,true,2023-01-23,lapsed,2019-09-22,2024-08-17
A003632,emily.bell3359@bigpond.com,Emily Bell,1951-02-17,3182,true,2024-07-07,active,2019-09-06,2026-06-03
A003633,rebecca.ali4083@yahoo.com.au,Rebecca Ali,1994-09-28,2170,true,2024-09-27,lapsed,2024-09-09,2025-03-01
A003634,melissa.mitchell6707@hotmail.com,Melissa Mitchell,1977-02-13,3000,true,2026-06-07,active,2024-07-14,2025-10-10
A003635,andrew.martin3360@hotmail.com,Andrew Martin,1997-03-05,4217,true,2025-10-16,lapsed,2017-09-08,2023-09-26
A003636,christine.khan8119@hotmail.com,Christine Khan,1997-09-15,3199,true,2026-01-30,lapsed,2025-03-04,2025-06-06
A003637,olivia.ryan5514@icloud.com,Olivia Ryan,2004-06-04,3199,true,2020-12-06,lapsed,2020-07-23,2023-01-01
A003638,brian.taylor9788@icloud.com,Brian Taylor,1980-03-23,3220,true,2018-07-20,lapsed,2017-07-10,2021-12-13
A003639,richard.hall6462@bigpond.com,Richard Hall,1969-07-29,3220,true,2026-01-13,active,2025-06-09,2026-04-22
A003640,yuki.wright5406@bigpond.com,Yuki Wright,1986-09-30,2170,true,2023-12-04,lapsed,2018-02-28,2021-03-25
A003641,thomas.wilson9406@icloud.com,Thomas Wilson,2001-11-08,6000,true,2025-10-29,active,2025-07-10,2025-10-25
A003642,william.tanaka6976@icloud.com,William Tanaka,1972-03-05,3220,true,2025-11-08,lapsed,2020-02-08,2020-08-03
A003643,andrew.sato2208@icloud.com,Andrew Sato,1979-11-03,4000,true,2025-12-11,active,2025-11-29,2026-02-03
A003644,steven.thompson5626@outlook.com,Steven Thompson,1996-03-28,2150,true,2025-07-19,active,2022-10-31,2026-06-04
A003645,emily.tran6493@yahoo.com.au,Emily Tran,1964-03-23,2600,false,,lapsed,2019-04-02,2025-03-04
A003646,charles.nguyen9183@outlook.com,Charles Nguyen,1958-02-17,2026,false,,lapsed,2021-07-04,2024-05-18
A003647,charles.mitchell9229@gmail.com,Charles Mitchell,1963-03-31,3182,true,2025-07-12,active,2024-01-27,2025-11-30
A003648,michael.martin1383@hotmail.com,Michael Martin,1984-02-10,2150,true,2023-09-03,lapsed,2020-01-29,2022-07-31
A003649,samantha.baker3802@hotmail.com,Samantha Baker,1988-06-28,3182,true,2024-11-30,lapsed,2023-12-01,2024-12-05
A003650,elizabeth.tran6762@outlook.com,Elizabeth Tran,2005-11-29,3056,true,2025-07-17,lapsed,2020-11-16,2020-12-02
A003651,nancy.kelly2766@icloud.com,Nancy Kelly,1986-12-21,2000,true,2025-01-12,lapsed,2022-02-27,2024-08-19
A003652,daniel.chen4717@icloud.com,Daniel Chen,1988-02-25,2170,false,,lapsed,2018-12-06,2019-03-07
A003653,deborah.bell8547@hotmail.com,Deborah Bell,1978-02-08,6000,true,2025-09-23,active,2025-06-05,2026-06-28
A003654,hiro.ali1987@hotmail.com,Hiro Ali,1974-09-16,3220,true,2026-05-30,lapsed,2022-11-07,2024-01-22
A003655,elizabeth.wang7446@bigpond.com,Elizabeth Wang,1957-08-07,6000,true,2025-02-10,closed,2023-07-09,2024-04-13
A003656,joshua.scott9751@bigpond.com,Joshua Scott,1952-05-15,3000,false,,lapsed,2018-01-28,2023-02-07
A003657,linda.johnson1984@outlook.com,Linda Johnson,2006-10-23,5000,false,,lapsed,2021-04-15,2024-09-03
A003658,ashley.singh2111@icloud.com,Ashley Singh,1976-05-02,3182,true,2023-01-05,lapsed,2021-05-22,2022-01-14
A003659,wei.anderson9723@icloud.com,Wei Anderson,1970-06-04,3550,true,2021-05-20,lapsed,2018-01-09,2024-10-01
A003660,raj.tran1935@gmail.com,Raj Tran,1967-06-18,3182,true,2023-11-16,lapsed,2021-12-16,2023-10-06
A003661,sandra.jones3898@yahoo.com.au,Sandra Jones,1974-01-15,3121,true,2024-10-10,lapsed,2020-10-22,2025-05-16
A003662,ashley.brown7072@hotmail.com,Ashley Brown,1994-06-06,2170,true,2024-05-13,lapsed,2018-01-16,2022-06-12
A003663,joshua.wang6905@gmail.com,Joshua Wang,1993-05-11,3199,true,2023-08-13,lapsed,2022-12-07,2024-05-06
A003664,michelle.lee24@outlook.com,Michelle Lee,1976-05-05,2026,false,,lapsed,2020-11-16,2022-11-14
A003665,laura.anderson3816@hotmail.com,Laura Anderson,2006-02-14,3220,true,2022-03-06,active,2020-05-06,2026-01-17
A003666,william.green2108@hotmail.com,William Green,1961-04-12,7000,false,,lapsed,2022-02-06,2023-05-26
A003667,elizabeth.rossi1445@hotmail.com,Elizabeth Rossi,1995-09-15,3550,true,2024-04-25,lapsed,2022-06-07,2024-08-19
A003668,wei.turner3432@hotmail.com,Wei Turner,2004-06-25,2150,false,,lapsed,2022-07-06,2022-10-28
A003669,mary.liu2312@yahoo.com.au,Mary Liu,1963-01-09,3056,false,,lapsed,2023-10-19,2025-03-20
A003670,elizabeth.walker453@gmail.com,Elizabeth Walker,1991-11-26,2170,true,2023-05-15,lapsed,2022-04-23,2022-11-08
A003671,rachel.tanaka9113@icloud.com,Rachel Tanaka,2001-03-06,3121,false,,lapsed,2023-12-21,2024-04-06
A003672,michael.khan6337@gmail.com,Michael Khan,1962-05-29,2170,false,,active,2022-09-30,2025-07-14
A003673,katherine.nguyen7625@yahoo.com.au,Katherine Nguyen,1952-12-31,3550,true,2024-10-25,lapsed,2019-11-22,2021-03-16
A003674,katherine.sato3854@yahoo.com.au,Katherine Sato,2000-03-28,4000,false,,active,2024-09-03,2026-02-03
A003675,michelle.sato7195@outlook.com,Michelle Sato,1957-07-19,2150,true,2025-07-29,lapsed,2021-03-07,2025-01-20
A003676,kevin.taylor1014@hotmail.com,Kevin Taylor,1974-01-27,2026,false,,lapsed,2019-06-20,2020-07-08
A003677,amanda.wilson6867@icloud.com,Amanda Wilson,1993-08-27,5000,true,2026-01-27,active,2017-10-19,2026-01-30
A003678,rebecca.king4474@hotmail.com,Rebecca King,1975-04-22,7000,true,2025-12-14,lapsed,2018-08-30,2020-01-21
A003679,rachel.rossi6868@hotmail.com,Rachel Rossi,1970-02-27,3030,false,,closed,2018-04-03,2024-01-30
A003680,steven.collins5365@icloud.com,Steven Collins,1993-04-01,3550,true,2026-03-30,active,2026-03-26,2026-05-28
A003681,samantha.costa803@hotmail.com,Samantha Costa,1992-11-05,3121,true,2025-06-28,lapsed,2020-05-06,2020-11-28
A003682,rachel.thompson3539@icloud.com,Rachel Thompson,1974-11-10,2010,true,2025-04-24,active,2024-09-18,2025-07-16
A003683,ashley.clarke8889@hotmail.com,Ashley Clarke,1956-03-27,3141,true,2026-04-23,lapsed,2020-06-22,2023-12-18
A003684,jessica.tran3770@bigpond.com,Jessica Tran,1976-04-21,3199,true,2025-11-24,active,2024-08-18,2025-10-16
A003685,linda.smith4406@outlook.com,Linda Smith,1978-03-23,3182,true,2024-07-21,lapsed,2024-04-01,2024-06-22
A003686,jennifer.sato35@icloud.com,Jennifer Sato,1992-09-04,3199,true,2018-06-12,lapsed,2017-09-16,2019-06-25
A003687,mary.kelly9245@hotmail.com,Mary Kelly,1964-08-04,4217,false,,active,2021-07-18,2025-08-20
A003688,lisa.rossi9202@outlook.com,Lisa Rossi,1969-03-26,2150,true,2020-07-22,lapsed,2019-06-07,2019-08-30
A003689,nancy.collins3163@bigpond.com,Nancy Collins,1968-09-26,3182,true,2025-07-18,lapsed,2022-09-17,2023-12-16
A003690,daniel.nguyen7837@yahoo.com.au,Daniel Nguyen,1977-10-24,3141,true,2023-10-21,lapsed,2022-09-26,2023-12-06
A003691,hiro.rossi930@bigpond.com,Hiro Rossi,2002-02-12,2026,true,2026-06-13,lapsed,2024-01-29,2024-04-12
A003692,catherine.robinson1058@bigpond.com,Catherine Robinson,1985-05-01,3141,true,2026-02-10,lapsed,2024-01-29,2024-09-25
A003693,mary.thompson6022@hotmail.com,Mary Thompson,1996-12-30,3182,true,2026-01-24,lapsed,2017-11-15,2022-03-02
A003694,marco.turner7723@hotmail.com,Marco Turner,1982-09-04,3121,true,2024-06-03,active,2022-10-29,2025-11-14
A003695,fatima.hall5519@gmail.com,Fatima Hall,1981-09-20,2150,true,2025-10-11,lapsed,2018-05-05,2024-02-19
A003696,priya.king8949@icloud.com,Priya King,2002-05-29,7000,true,2026-01-10,active,2023-09-05,2025-07-21
A003697,wei.martin9782@yahoo.com.au,Wei Martin,1960-12-14,3182,true,2025-09-10,active,2023-12-23,2025-10-12
A003698,katherine.adams9031@bigpond.com,Katherine Adams,1956-06-26,6000,false,,lapsed,2018-12-13,2022-01-24
A003699,ashley.singh3415@yahoo.com.au,Ashley Singh,1995-05-27,2010,false,,lapsed,2018-05-27,2021-12-22
A003700,mary.king5414@icloud.com,Mary King,1953-02-28,7000,true,2024-01-15,lapsed,2019-07-19,2020-10-07
A003701,jessica.edwards839@outlook.com,Jessica Edwards,1954-04-08,2600,true,2026-03-23,lapsed,2022-05-12,2022-07-23
A003702,catherine.campbell4188@gmail.com,Catherine Campbell,1973-04-03,2000,true,2026-06-16,active,2026-05-24,2026-06-19
A003703,susan.wang1209@icloud.com,Susan Wang,1967-12-21,3030,true,2023-07-07,lapsed,2021-02-23,2021-04-06
A003704,elizabeth.sato7809@bigpond.com,Elizabeth Sato,1956-08-11,7000,true,2022-04-20,active,2018-06-01,2026-04-07
A003705,sarah.king3282@hotmail.com,Sarah King,1993-06-24,7000,true,2025-10-03,closed,2023-03-13,2025-04-11
A003706,melissa.pham383@hotmail.com,Melissa Pham,2002-10-17,5000,true,2024-05-20,lapsed,2020-05-27,2024-10-15
A003707,sandra.king3704@hotmail.com,Sandra King,1959-08-16,3550,true,2026-06-26,active,2026-05-15,2026-06-06
A003708,laura.clarke5835@gmail.com,Laura Clarke,1951-07-17,3550,false,,lapsed,2020-10-04,2022-04-06
A003709,william.chen6206@hotmail.com,William Chen,1982-08-09,3030,true,2022-05-05,lapsed,2017-10-03,2024-05-20
A003710,daniel.campbell7160@icloud.com,Daniel Campbell,1960-03-05,2026,false,,lapsed,2017-10-19,2020-04-11
A003711,mary.scott8006@outlook.com,Mary Scott,1965-04-16,3220,true,2026-04-18,lapsed,2024-09-05,2025-05-19
A003712,karen.robinson6361@yahoo.com.au,Karen Robinson,1997-12-16,2000,false,,lapsed,2019-12-18,2019-12-28
A003713,matthew.mitchell7060@gmail.com,Matthew Mitchell,1955-04-27,2026,true,2021-10-11,lapsed,2018-10-22,2023-08-26
A003714,wei.green4827@hotmail.com,Wei Green,1952-08-02,3000,true,2025-05-18,active,2024-05-20,2025-07-28
A003715,andrew.nguyen5938@hotmail.com,Andrew Nguyen,1958-12-19,2150,true,2022-03-04,lapsed,2021-08-09,2022-01-23
A003716,mark.edwards2999@bigpond.com,Mark Edwards,1977-03-04,2170,false,,lapsed,2022-03-31,2024-02-07
A003717,olivia.campbell5174@hotmail.com,Olivia Campbell,1988-11-30,2170,true,2021-06-23,lapsed,2018-06-08,2020-11-21
A003718,robert.martin2269@gmail.com,Robert Martin,1988-12-16,5000,true,2026-03-27,lapsed,2025-05-07,2025-06-28
A003719,jessica.campbell2401@outlook.com,Jessica Campbell,1951-03-07,2010,true,2021-10-25,lapsed,2019-02-22,2022-09-06
A003720,sandra.nguyen7224@outlook.com,Sandra Nguyen,1972-11-21,5000,false,,active,2022-09-23,2025-12-09
A003721,amanda.obrien950@bigpond.com,Amanda OBrien,2001-06-16,3000,false,,lapsed,2017-11-05,2018-03-16
A003722,nancy.murphy3498@bigpond.com,Nancy Murphy,1987-03-29,2170,true,2020-11-03,lapsed,2020-10-12,2025-03-16
A003723,sandra.kelly3071@outlook.com,Sandra Kelly,1972-12-18,3141,true,2026-03-05,active,2025-06-28,2025-11-10
A003724,christine.ali9062@yahoo.com.au,Christine Ali,1996-02-27,3056,false,,active,2025-12-29,2026-03-17
A003725,kevin.lee7853@gmail.com,Kevin Lee,1975-02-21,2600,false,,active,2024-03-13,2025-12-19
A003726,karen.martin3315@icloud.com,Karen Martin,1954-04-06,3056,true,2026-02-14,active,2019-08-17,2025-07-10
A003727,richard.taylor1800@hotmail.com,Richard Taylor,1981-03-31,3121,true,2025-03-10,lapsed,2020-12-10,2024-03-01
A003728,susan.johnson3614@yahoo.com.au,Susan Johnson,1951-09-16,7000,false,,active,2021-10-20,2026-05-18
A003729,jennifer.edwards2376@outlook.com,Jennifer Edwards,1992-12-17,2010,false,,lapsed,2020-02-13,2022-02-20
A003730,laura.edwards8332@hotmail.com,Laura Edwards,1970-02-01,3550,true,2026-05-07,active,2023-02-15,2025-11-06
A003731,matthew.nguyen351@icloud.com,Matthew Nguyen,1964-12-21,4000,false,,lapsed,2020-07-30,2024-12-31
A003732,yuki.wright4234@yahoo.com.au,Yuki Wright,1972-11-04,3121,true,2021-09-26,lapsed,2018-02-10,2022-06-08
A003733,fatima.kumar6495@outlook.com,Fatima Kumar,1958-08-04,3141,false,,lapsed,2022-06-25,2024-10-13
A003734,timothy.pham4158@hotmail.com,Timothy Pham,1987-01-26,2170,true,2024-02-10,lapsed,2021-09-23,2023-05-31
A003735,olivia.pham1725@bigpond.com,Olivia Pham,1974-08-21,3056,false,,lapsed,2023-05-14,2024-04-28
A003736,katherine.nguyen317@outlook.com,Katherine Nguyen,1998-01-19,3121,true,2026-02-15,active,2021-08-16,2026-04-14
A003737,joshua.kumar6458@gmail.com,Joshua Kumar,1957-05-26,3199,true,2026-07-03,active,2026-05-22,2026-06-18
A003738,rebecca.mitchell2184@outlook.com,Rebecca Mitchell,1988-07-31,3220,true,2022-08-22,lapsed,2021-04-08,2023-04-22
A003739,ming.mitchell1867@bigpond.com,Ming Mitchell,1961-03-11,4217,true,2021-01-26,lapsed,2020-10-28,2023-05-30
A003740,michelle.chen9424@icloud.com,Michelle Chen,2001-02-04,3056,true,2025-11-25,lapsed,2022-07-31,2024-01-23
A003741,rebecca.williams6947@yahoo.com.au,Rebecca Williams,1977-07-30,3121,true,2026-01-13,lapsed,2019-07-19,2024-03-22
A003742,margaret.ali1390@yahoo.com.au,Margaret Ali,1971-03-10,2000,true,2026-06-03,active,2026-05-16,2026-06-26
A003743,joshua.white4781@outlook.com,Joshua White,1963-08-04,3030,true,2018-03-14,lapsed,2017-11-11,2021-01-19
A003744,emily.campbell4578@gmail.com,Emily Campbell,1984-08-16,2010,false,,active,2025-09-30,2026-02-10
A003745,kevin.liu6933@yahoo.com.au,Kevin Liu,2001-08-01,2170,true,2021-08-16,lapsed,2020-05-08,2021-03-02
A003746,mark.nguyen9726@gmail.com,Mark Nguyen,1965-08-31,2600,true,2026-04-02,lapsed,2024-06-28,2024-08-14
A003747,david.adams524@outlook.com,David Adams,1980-02-26,2170,true,2020-06-14,active,2018-07-13,2026-05-20
A003748,catherine.hall6993@bigpond.com,Catherine Hall,1987-08-05,2010,false,,active,2024-08-11,2025-09-30
A003749,christine.martin5203@gmail.com,Christine Martin,1969-09-13,6000,false,,active,2025-10-01,2026-05-24
A003750,samantha.green689@bigpond.com,Samantha Green,2002-12-13,2026,true,2025-05-04,lapsed,2020-04-24,2022-08-03
A003751,rachel.hall9445@icloud.com,Rachel Hall,1968-11-10,3182,true,2022-02-23,lapsed,2021-01-30,2024-12-23
A003752,priya.stewart9421@bigpond.com,Priya Stewart,1961-11-05,2150,true,2026-04-18,lapsed,2020-03-28,2025-03-13
A003753,hiro.costa6115@gmail.com,Hiro Costa,1983-02-19,2010,true,2022-05-16,lapsed,2020-07-19,2024-11-11
A003754,matthew.brown6741@gmail.com,Matthew Brown,1984-03-30,4217,true,2023-11-14,lapsed,2018-11-10,2021-07-29
A003755,giulia.evans2955@yahoo.com.au,Giulia Evans,1966-01-02,4000,true,2026-03-06,lapsed,2024-07-08,2025-04-27
A003756,yuki.tran4272@gmail.com,Yuki Tran,1993-08-16,3182,true,2025-03-30,lapsed,2025-01-04,2025-01-18
A003757,susan.singh4018@outlook.com,Susan Singh,2006-10-26,3000,false,,lapsed,2020-01-28,2023-07-12
A003758,andrew.nguyen1239@gmail.com,Andrew Nguyen,1959-01-11,3182,false,,lapsed,2019-06-30,2022-02-17
A003759,steven.khan4326@yahoo.com.au,Steven Khan,1986-10-21,3000,true,2025-08-07,lapsed,2024-08-04,2024-11-03
A003760,george.edwards385@hotmail.com,George Edwards,1954-03-19,5000,true,2026-06-03,active,2026-05-27,2026-06-06
A003761,hiro.clarke848@hotmail.com,Hiro Clarke,1960-07-29,2026,false,,lapsed,2023-06-29,2024-04-01
A003762,priya.nguyen5378@bigpond.com,Priya Nguyen,1966-03-30,2170,true,2023-04-28,lapsed,2022-05-12,2022-10-25
A003763,steven.wilson6266@outlook.com,Steven Wilson,1959-07-11,2600,true,2025-01-14,active,2023-05-12,2025-07-11
A003764,karen.zhang4305@icloud.com,Karen Zhang,1980-01-02,2600,false,,lapsed,2018-05-10,2021-11-13
A003765,olivia.campbell1813@hotmail.com,Olivia Campbell,1973-09-05,3182,true,2026-01-13,active,2025-09-03,2025-12-16
A003766,richard.liu2388@gmail.com,Richard Liu,1963-09-27,3199,true,2020-12-02,lapsed,2019-05-06,2023-09-26
A003767,ahmed.kumar5975@yahoo.com.au,Ahmed Kumar,1985-04-15,4000,false,,active,2020-08-06,2025-08-07
A003768,george.campbell8502@icloud.com,George Campbell,1995-07-01,3030,true,2025-01-17,lapsed,2024-03-15,2024-03-17
A003769,elizabeth.williams7450@gmail.com,Elizabeth Williams,1981-10-24,2150,true,2026-07-01,active,2026-06-01,2026-06-16
A003770,timothy.wilson8177@bigpond.com,Timothy Wilson,1951-10-12,3121,true,2026-03-05,lapsed,2024-09-02,2025-04-08
A003771,michelle.lee1573@yahoo.com.au,Michelle Lee,1955-07-29,2170,true,2026-04-15,lapsed,2020-03-18,2024-11-07
A003772,rebecca.costa8300@bigpond.com,Rebecca Costa,1974-01-04,7000,true,2023-09-13,lapsed,2023-06-29,2023-06-30
A003773,rebecca.kelly8615@bigpond.com,Rebecca Kelly,1980-05-18,3220,false,,active,2021-06-09,2025-08-27
A003774,michael.king5821@hotmail.com,Michael King,1950-07-01,2026,true,2024-09-29,closed,2024-08-08,2025-02-13
A003775,thomas.martin399@icloud.com,Thomas Martin,1965-01-16,3121,true,2024-05-09,active,2023-09-07,2025-09-07
A003776,lisa.sato7798@outlook.com,Lisa Sato,1977-01-01,3182,true,2025-06-01,lapsed,2023-11-28,2025-02-09
A003777,joseph.chen9527@bigpond.com,Joseph Chen,2004-06-15,3141,true,2026-05-25,closed,2025-03-20,2025-07-03
A003778,emma.hall7299@outlook.com,Emma Hall,1950-05-30,2026,true,2024-04-30,lapsed,2018-02-14,2019-03-27
A003779,christine.taylor8272@bigpond.com,Christine Taylor,1994-09-25,3182,false,,active,2023-07-09,2026-03-01
A003780,william.taylor1744@yahoo.com.au,William Taylor,1994-04-30,4217,false,,lapsed,2021-05-02,2024-08-06
A003781,olivia.green9066@gmail.com,Olivia Green,1989-02-03,2600,true,2026-06-06,active,2025-05-18,2026-06-21
A003782,ahmed.adams633@icloud.com,Ahmed Adams,1950-02-05,3550,true,2024-12-28,lapsed,2019-04-14,2024-02-28
A003783,brian.king1203@bigpond.com,Brian King,1990-06-10,2150,false,,lapsed,2022-03-24,2024-02-21
A003784,amanda.kelly3260@outlook.com,Amanda Kelly,1993-02-09,3550,true,2025-01-01,closed,2019-05-04,2020-03-12
A003785,deborah.robinson8098@outlook.com,Deborah Robinson,1997-07-28,2170,true,2024-07-08,lapsed,2024-04-10,2024-06-26
A003786,michael.harris6727@outlook.com,Michael Harris,2006-04-16,2170,true,2024-06-04,active,2024-05-07,2026-02-23
A003787,melissa.turner7139@yahoo.com.au,Melissa Turner,1973-05-31,3220,true,2026-05-16,active,2026-04-26,2026-05-10
A003788,hiro.scott3116@icloud.com,Hiro Scott,2003-04-18,4000,false,,active,2025-03-25,2026-05-19
A003789,anthony.williams6689@icloud.com,Anthony Williams,1968-10-20,2000,false,,lapsed,2021-08-22,2021-10-28
A003790,emma.evans3557@outlook.com,Emma Evans,2005-02-07,5000,true,2022-11-11,lapsed,2022-10-22,2023-07-27
A003791,ashley.walker3009@icloud.com,Ashley Walker,1951-05-18,2170,false,,closed,2025-07-02,2025-12-29
A003792,amanda.murphy3900@yahoo.com.au,Amanda Murphy,2001-10-02,3182,true,2025-12-12,lapsed,2023-05-21,2023-11-22
A003793,ashley.harris1035@gmail.com,Ashley Harris,2000-04-05,7000,true,2024-11-04,lapsed,2021-11-17,2022-08-21
A003794,marco.johnson6228@bigpond.com,Marco Johnson,1998-11-27,6000,true,2025-01-14,active,2024-09-01,2026-05-03
A003795,richard.anderson5470@yahoo.com.au,Richard Anderson,1972-09-16,4217,true,2025-05-05,lapsed,2022-03-31,2022-09-07
A003796,laura.wang8547@yahoo.com.au,Laura Wang,1977-06-06,5000,true,2022-04-08,lapsed,2021-01-02,2023-04-28
A003797,ashley.evans3304@outlook.com,Ashley Evans,1991-05-08,3056,true,2025-05-19,lapsed,2021-06-24,2022-12-02
A003798,elizabeth.pham4648@outlook.com,Elizabeth Pham,1981-08-03,3550,true,2019-06-28,closed,2019-01-23,2023-02-10
A003799,brian.tanaka2857@bigpond.com,Brian Tanaka,1988-05-17,4217,true,2026-01-21,active,2026-01-15,2026-06-09
A003800,helen.liu8222@gmail.com,Helen Liu,2004-10-05,7000,true,2026-05-25,active,2026-03-18,2026-04-23
A003801,charles.harris7977@icloud.com,Charles Harris,1963-06-30,3056,false,,lapsed,2019-01-30,2020-09-10
A003802,emily.chen5788@gmail.com,Emily Chen,1998-07-17,7000,true,2025-12-12,active,2025-02-22,2026-06-18
A003803,margaret.robinson823@outlook.com,Margaret Robinson,2003-03-24,2000,true,2024-11-16,lapsed,2023-08-14,2024-07-28
A003804,katherine.liu5048@icloud.com,Katherine Liu,2001-01-22,3000,true,2023-11-29,lapsed,2022-09-20,2023-09-05
A003805,jennifer.harris8936@outlook.com,Jennifer Harris,2003-05-07,3550,true,2023-07-30,active,2018-05-22,2025-09-06
A003806,joshua.ali7056@yahoo.com.au,Joshua Ali,1972-07-06,3199,true,2022-05-14,lapsed,2020-04-19,2020-06-09
A003807,mark.collins2370@bigpond.com,Mark Collins,1955-04-03,3030,true,2021-04-12,lapsed,2020-10-03,2024-08-23
A003808,susan.sato9991@outlook.com,Susan Sato,2000-10-09,3030,false,,lapsed,2023-03-06,2024-08-23
A003809,richard.ali8897@gmail.com,Richard Ali,1991-05-07,2600,true,2021-05-28,closed,2020-03-25,2020-10-17
A003810,charles.green5553@bigpond.com,Charles Green,1977-10-17,2000,false,,lapsed,2020-07-06,2021-05-28
A003811,charles.hall8910@outlook.com,Charles Hall,1986-10-27,7000,true,2020-09-18,lapsed,2018-01-22,2021-01-24
A003812,brian.williams257@bigpond.com,Brian Williams,1970-07-28,2010,true,2025-04-20,lapsed,2021-05-26,2022-07-09
A003813,charles.campbell5232@bigpond.com,Charles Campbell,1987-03-20,7000,false,,active,2025-06-29,2026-02-04
A003814,michelle.clarke4674@outlook.com,Michelle Clarke,1964-03-05,3000,true,2026-06-20,active,2026-05-22,2026-07-01
A003815,sarah.anderson6806@icloud.com,Sarah Anderson,1992-11-16,3220,false,,lapsed,2023-11-14,2024-10-25
A003816,elizabeth.brown4595@icloud.com,Elizabeth Brown,1994-09-28,4000,true,2026-05-26,active,2026-04-20,2026-05-14
A003817,sarah.williams6339@outlook.com,Sarah Williams,1988-07-24,5000,true,2021-06-10,lapsed,2020-03-27,2022-09-01
A003818,katherine.campbell4075@bigpond.com,Katherine Campbell,1967-08-24,2026,true,2025-03-14,lapsed,2025-02-18,2025-04-30
A003819,brian.stewart9139@bigpond.com,Brian Stewart,1958-07-30,3199,false,,active,2020-06-10,2025-10-05
A003820,daniel.martin5646@yahoo.com.au,Daniel Martin,2000-09-15,3550,false,,lapsed,2021-12-21,2022-04-29
A003821,james.scott9260@icloud.com,James Scott,1970-06-18,3000,true,2026-06-02,active,2026-05-16,2026-05-19
A003822,margaret.lee9122@yahoo.com.au,Margaret Lee,1977-10-02,3220,true,2019-11-25,active,2018-02-11,2026-03-09
A003823,ahmed.green5759@icloud.com,Ahmed Green,1956-04-03,5000,false,,lapsed,2020-11-28,2023-08-30
A003824,giulia.adams7786@icloud.com,Giulia Adams,1960-02-04,3121,true,2026-01-24,active,2021-11-13,2026-05-12
A003825,michelle.taylor9746@yahoo.com.au,Michelle Taylor,1984-08-03,3199,false,,lapsed,2020-07-01,2023-08-26
A003826,sandra.walker2991@icloud.com,Sandra Walker,1999-10-31,2170,true,2020-11-19,lapsed,2020-04-07,2021-03-27
A003827,raj.tran6395@yahoo.com.au,Raj Tran,1960-08-03,3220,true,2025-08-25,closed,2025-08-10,2026-04-08
A003828,karen.ryan5340@yahoo.com.au,Karen Ryan,1956-06-23,2026,true,2026-02-05,lapsed,2024-05-15,2025-01-20
A003829,priya.clarke6188@hotmail.com,Priya Clarke,1980-07-14,3141,true,2021-12-22,active,2021-07-08,2025-10-26
A003830,raj.tran1594@outlook.com,Raj Tran,2004-03-31,3030,true,2023-09-20,lapsed,2021-06-12,2024-01-01
A003831,mark.evans3442@bigpond.com,Mark Evans,1965-01-25,3550,false,,active,2025-09-26,2026-03-26
A003832,emma.kumar3448@outlook.com,Emma Kumar,1985-09-07,2000,true,2025-03-05,lapsed,2023-01-06,2023-03-17
A003833,susan.chen1145@gmail.com,Susan Chen,1967-06-12,3121,false,,active,2022-03-27,2026-01-02
A003834,james.sato7250@icloud.com,James Sato,1975-03-21,4217,false,,active,2026-01-15,2026-06-08
A003835,jessica.ali6842@outlook.com,Jessica Ali,1991-10-03,2150,true,2024-01-13,lapsed,2020-06-04,2024-04-08
A003836,deborah.wang3155@yahoo.com.au,Deborah Wang,1968-11-27,4000,true,2024-11-28,active,2022-11-16,2025-07-14
A003837,matthew.edwards4874@icloud.com,Matthew Edwards,1985-02-14,3550,false,,lapsed,2022-02-07,2024-09-25
A003838,ashley.campbell4784@bigpond.com,Ashley Campbell,1986-03-03,3199,false,,lapsed,2021-04-25,2022-03-26
A003839,timothy.edwards577@outlook.com,Timothy Edwards,1986-07-30,3141,false,,lapsed,2020-03-07,2022-07-24
A003840,steven.pham3743@yahoo.com.au,Steven Pham,1988-01-30,5000,true,2025-05-04,active,2025-04-25,2025-09-17
A003841,william.thompson5670@bigpond.com,William Thompson,1970-06-03,4000,true,2021-04-30,active,2018-08-20,2025-09-12
A003842,marco.costa2028@outlook.com,Marco Costa,1977-06-05,2010,true,2022-09-04,lapsed,2022-09-03,2024-06-23
A003843,joseph.hall2618@gmail.com,Joseph Hall,1996-04-02,6000,true,2022-09-18,lapsed,2018-01-16,2020-06-14
A003844,david.evans6330@icloud.com,David Evans,1999-02-26,3000,true,2024-12-18,lapsed,2021-10-13,2022-02-26
A003845,patricia.murphy30@bigpond.com,Patricia Murphy,1953-07-19,7000,false,,active,2025-12-05,2026-03-17
A003846,brian.robinson2377@icloud.com,Brian Robinson,1966-05-26,3030,false,,active,2021-05-11,2026-06-24
A003847,helen.clarke7494@icloud.com,Helen Clarke,1977-04-10,2600,true,2025-05-01,lapsed,2021-03-12,2024-12-10
A003848,patricia.singh9079@icloud.com,Patricia Singh,2005-06-16,3550,true,2026-05-01,active,2026-02-12,2026-06-25
A003849,samantha.ali4670@hotmail.com,Samantha Ali,1969-10-22,2170,true,2019-08-17,active,2018-11-08,2026-04-09
A003850,karen.zhang7604@outlook.com,Karen Zhang,1991-12-26,2600,false,,lapsed,2023-09-09,2024-09-12
A003851,priya.taylor2519@outlook.com,Priya Taylor,1951-03-23,3000,true,2026-03-02,lapsed,2025-03-30,2025-05-15
A003852,susan.wright4496@outlook.com,Susan Wright,1995-12-14,3030,true,2025-04-20,active,2025-03-22,2026-06-13
A003853,thomas.sato6812@icloud.com,Thomas Sato,1958-09-02,3141,true,2023-05-14,lapsed,2021-05-29,2022-03-17
A003854,joseph.stewart5595@yahoo.com.au,Joseph Stewart,1999-11-08,3550,false,,lapsed,2021-06-17,2023-10-22
A003855,elizabeth.anderson5719@bigpond.com,Elizabeth Anderson,1987-06-13,4217,true,2025-08-09,lapsed,2022-10-02,2025-02-14
A003856,ahmed.walker828@bigpond.com,Ahmed Walker,1983-11-26,2026,true,2020-08-08,lapsed,2018-01-11,2024-04-18
A003857,charles.stewart765@outlook.com,Charles Stewart,1982-01-21,2600,true,2026-04-21,active,2024-03-11,2026-05-23
A003858,emily.tanaka6964@hotmail.com,Emily Tanaka,1966-08-12,2026,true,2021-06-01,lapsed,2020-07-28,2020-09-11
A003859,olivia.chen6011@gmail.com,Olivia Chen,1990-02-10,3141,false,,lapsed,2017-12-08,2020-04-21
A003860,deborah.edwards1323@hotmail.com,Deborah Edwards,1999-06-08,3220,true,2025-04-04,active,2018-05-20,2026-03-28
A003861,matthew.pham8399@icloud.com,Matthew Pham,2006-01-28,3121,true,2024-11-03,lapsed,2024-02-24,2025-05-11
A003862,matthew.brown8659@outlook.com,Matthew Brown,1989-09-25,2000,true,2026-03-01,active,2024-07-21,2026-05-23
A003863,linda.collins4024@yahoo.com.au,Linda Collins,1972-07-17,7000,true,2022-11-29,lapsed,2020-09-15,2022-06-03
A003864,jessica.tran3299@hotmail.com,Jessica Tran,1958-07-17,3141,true,2026-02-03,lapsed,2021-09-22,2023-11-22
A003865,mark.chen8052@icloud.com,Mark Chen,1991-10-27,3182,false,,lapsed,2024-09-03,2025-01-09
A003866,william.walker4643@bigpond.com,William Walker,1986-01-01,2150,true,2026-04-28,active,2026-04-27,2026-05-29
A003867,jennifer.hall6569@icloud.com,Jennifer Hall,1965-11-14,2170,false,,lapsed,2020-06-26,2022-05-16
A003868,nancy.thompson5661@icloud.com,Nancy Thompson,1961-08-07,3000,false,,active,2025-11-15,2026-03-14
A003869,wei.campbell8527@outlook.com,Wei Campbell,1997-01-05,3000,false,,active,2025-07-13,2026-02-13
A003870,marco.singh2792@icloud.com,Marco Singh,1995-11-18,3030,true,2025-12-03,active,2025-06-10,2025-12-26
A003871,sandra.thompson9642@bigpond.com,Sandra Thompson,1984-03-11,2000,true,2021-09-12,active,2019-06-01,2025-10-24
A003872,raj.wang2248@icloud.com,Raj Wang,1987-10-10,3056,true,2025-03-19,lapsed,2018-06-01,2022-12-26
A003873,samantha.green4858@icloud.com,Samantha Green,1959-07-08,2600,true,2025-12-16,lapsed,2019-03-29,2019-03-31
A003874,steven.johnson899@gmail.com,Steven Johnson,1995-04-17,2000,false,,lapsed,2023-01-21,2024-04-12
A003875,rebecca.white2585@outlook.com,Rebecca White,2004-03-29,4217,false,,lapsed,2022-02-08,2022-11-10
A003876,jessica.green7890@hotmail.com,Jessica Green,1952-03-11,3550,true,2024-10-10,active,2023-05-07,2026-03-26
A003877,george.evans3946@yahoo.com.au,George Evans,2002-07-18,3199,true,2026-04-01,lapsed,2018-04-25,2020-02-08
A003878,thomas.chen7034@bigpond.com,Thomas Chen,1973-02-15,2600,false,,lapsed,2023-11-13,2024-01-17
A003879,emily.turner4538@gmail.com,Emily Turner,1978-02-08,2600,true,2019-11-08,lapsed,2019-04-30,2024-03-31
A003880,olivia.brown7101@hotmail.com,Olivia Brown,1962-08-21,5000,false,,lapsed,2021-12-31,2024-11-26
A003881,giulia.lee5976@yahoo.com.au,Giulia Lee,2006-10-05,2010,true,2025-04-07,lapsed,2022-09-13,2024-04-20
A003882,ahmed.liu9538@yahoo.com.au,Ahmed Liu,1992-09-25,2026,false,,lapsed,2023-01-13,2024-03-17
A003883,george.smith8835@icloud.com,George Smith,1985-01-13,2170,true,2025-01-09,lapsed,2022-04-22,2023-12-24
A003884,fatima.king4269@icloud.com,Fatima King,1952-10-26,3121,false,,lapsed,2021-02-20,2022-07-04
A003885,jessica.king3674@outlook.com,Jessica King,1994-11-23,2026,true,2021-10-25,lapsed,2017-07-30,2020-01-13
A003886,james.clarke9119@icloud.com,James Clarke,1993-09-27,7000,true,2022-08-16,lapsed,2022-01-25,2022-04-06
A003887,sandra.collins3556@hotmail.com,Sandra Collins,2005-12-08,2010,true,2026-02-24,lapsed,2023-04-29,2024-06-28
A003888,margaret.robinson6295@hotmail.com,Margaret Robinson,1957-08-09,3182,false,,active,2019-08-17,2025-07-23
A003889,patricia.scott1065@hotmail.com,Patricia Scott,1970-11-11,3199,true,2026-05-13,active,2025-05-21,2025-11-06
A003890,mary.johnson8506@outlook.com,Mary Johnson,2003-01-23,3199,true,2026-04-13,active,2025-09-21,2025-10-05
A003891,ashley.clarke6019@outlook.com,Ashley Clarke,1973-04-11,4000,false,,lapsed,2021-12-18,2023-05-06
A003892,robert.robinson2433@icloud.com,Robert Robinson,1957-04-18,3182,true,2023-08-12,lapsed,2021-04-19,2024-11-27
A003893,robert.kumar5960@icloud.com,Robert Kumar,1959-02-04,2000,true,2020-07-12,lapsed,2019-03-15,2020-11-09
A003894,emma.lee5209@yahoo.com.au,Emma Lee,2004-08-05,2010,false,,lapsed,2017-11-16,2024-01-04
A003895,stephanie.king5367@gmail.com,Stephanie King,1998-04-08,3182,true,2025-04-21,lapsed,2024-04-04,2024-11-27
A003896,matthew.williams4207@hotmail.com,Matthew Williams,1954-05-12,3141,true,2026-01-08,active,2024-10-26,2026-06-17
A003897,james.king6467@hotmail.com,James King,1965-09-24,2026,true,2023-08-24,active,2022-11-28,2026-04-28
A003898,joshua.obrien6718@outlook.com,Joshua OBrien,1953-03-30,3030,true,2019-04-20,lapsed,2018-05-27,2022-04-23
A003899,rebecca.thompson6692@icloud.com,Rebecca Thompson,1973-03-11,2026,false,,lapsed,2022-02-15,2022-03-27
A003900,mary.zhang1935@yahoo.com.au,Mary Zhang,1993-08-15,2000,true,2025-07-19,lapsed,2024-07-31,2025-02-27
A003901,christine.chen325@hotmail.com,Christine Chen,1970-12-08,6000,false,,lapsed,2021-12-26,2023-12-25
A003902,laura.pham8360@hotmail.com,Laura Pham,1992-11-03,2600,true,2026-03-22,lapsed,2024-07-20,2024-08-14
A003903,rachel.mitchell9278@icloud.com,Rachel Mitchell,1982-12-04,3199,false,,lapsed,2019-10-05,2022-06-12
A003904,thomas.zhang3434@bigpond.com,Thomas Zhang,1988-11-22,4217,true,2024-05-11,active,2023-12-25,2026-06-13
A003905,ahmed.sato5235@icloud.com,Ahmed Sato,1956-03-12,2150,true,2025-03-26,lapsed,2021-05-01,2021-10-11
A003906,steven.white917@outlook.com,Steven White,2006-10-12,2170,false,,active,2024-04-28,2026-05-09
A003907,nancy.wang4171@hotmail.com,Nancy Wang,1965-09-24,3030,true,2026-03-29,lapsed,2019-09-27,2020-06-28
A003908,raj.bell9311@bigpond.com,Raj Bell,1979-07-23,3550,true,2025-06-09,closed,2022-08-22,2025-04-28
A003909,karen.wang3346@yahoo.com.au,Karen Wang,1962-11-11,3121,true,2025-10-21,lapsed,2018-01-01,2024-04-24
A003910,brian.turner7541@outlook.com,Brian Turner,1988-02-02,6000,true,2026-07-03,active,2026-01-31,2026-02-28
A003911,richard.costa2636@icloud.com,Richard Costa,1964-06-07,2026,true,2021-10-01,active,2021-05-21,2026-01-22
A003912,thomas.tanaka8807@gmail.com,Thomas Tanaka,1978-10-18,3056,true,2026-04-25,active,2023-11-22,2026-05-11
A003913,samantha.clarke2214@icloud.com,Samantha Clarke,1991-06-17,3056,true,2026-03-26,lapsed,2021-08-14,2023-09-01
A003914,michael.liu7413@bigpond.com,Michael Liu,1958-02-14,3121,true,2025-10-14,active,2022-11-19,2026-03-11
A003915,matthew.nguyen1676@bigpond.com,Matthew Nguyen,1965-06-26,3550,false,,lapsed,2024-12-25,2025-03-13
A003916,stephanie.johnson9746@gmail.com,Stephanie Johnson,1964-12-28,4217,true,2026-03-08,active,2025-06-28,2025-10-02
A003917,katherine.campbell1560@gmail.com,Katherine Campbell,1992-09-06,4000,true,2022-05-26,lapsed,2019-03-27,2020-06-26
A003918,timothy.johnson2818@hotmail.com,Timothy Johnson,1991-07-08,3182,true,2021-10-14,lapsed,2019-10-22,2024-12-08
A003919,elizabeth.thompson7126@bigpond.com,Elizabeth Thompson,1952-12-11,2010,false,,lapsed,2018-02-02,2021-05-24
A003920,james.tran6350@gmail.com,James Tran,1950-12-06,2000,false,,active,2025-04-30,2025-09-14
A003921,hiro.kumar4890@outlook.com,Hiro Kumar,1968-01-11,6000,false,,lapsed,2022-02-28,2023-02-15
A003922,sarah.clarke8854@hotmail.com,Sarah Clarke,1955-09-02,2026,true,2021-07-27,active,2017-08-24,2025-11-20
A003923,susan.zhang70@hotmail.com,Susan Zhang,1968-04-21,3550,false,,lapsed,2024-08-04,2024-11-26
A003924,yuki.wang9016@yahoo.com.au,Yuki Wang,1991-06-28,2000,true,2023-01-09,lapsed,2019-03-03,2022-01-03
A003925,charles.hall8652@yahoo.com.au,Charles Hall,1967-05-04,2026,true,2020-09-27,lapsed,2017-11-24,2021-12-13
A003926,hiro.liu4860@hotmail.com,Hiro Liu,1981-02-23,2010,true,2025-05-05,lapsed,2023-04-12,2023-12-12
A003927,marco.scott7791@yahoo.com.au,Marco Scott,1966-06-19,3199,true,2025-10-26,lapsed,2025-01-08,2025-06-01
A003928,catherine.khan217@gmail.com,Catherine Khan,1999-09-10,7000,true,2019-02-24,lapsed,2018-07-05,2020-05-12
A003929,samantha.costa1714@hotmail.com,Samantha Costa,1965-01-19,5000,true,2022-05-12,lapsed,2020-02-21,2021-02-13
A003930,joshua.tanaka8436@hotmail.com,Joshua Tanaka,1992-10-13,2170,false,,active,2021-02-27,2025-07-04
A003931,raj.sato2293@hotmail.com,Raj Sato,1977-01-26,3199,false,,lapsed,2023-05-03,2025-06-26
A003932,margaret.mitchell8687@outlook.com,Margaret Mitchell,2003-04-19,3056,true,2024-05-28,lapsed,2022-01-02,2024-02-22
A003933,thomas.costa26@yahoo.com.au,Thomas Costa,1959-06-29,6000,true,2023-03-28,lapsed,2023-03-15,2023-09-08
A003934,linda.taylor6726@yahoo.com.au,Linda Taylor,1960-12-31,3220,false,,lapsed,2020-05-29,2025-05-07
A003935,sandra.kumar7853@yahoo.com.au,Sandra Kumar,1958-02-02,4000,true,2021-08-08,lapsed,2021-02-05,2023-08-04
A003936,kevin.murphy3887@gmail.com,Kevin Murphy,1961-04-28,5000,true,2025-02-19,lapsed,2021-11-26,2023-09-10
A003937,robert.tran5171@hotmail.com,Robert Tran,1955-01-14,2026,true,2022-06-22,closed,2020-10-17,2024-12-27
A003938,steven.king7357@gmail.com,Steven King,1965-05-27,4000,true,2025-04-03,lapsed,2022-04-18,2024-07-30
A003939,margaret.baker9813@bigpond.com,Margaret Baker,1953-05-13,3121,false,,lapsed,2022-05-01,2024-08-17
A003940,michelle.bell3186@bigpond.com,Michelle Bell,1951-11-19,4000,true,2020-10-04,lapsed,2018-07-31,2020-11-23
A003941,susan.robinson397@icloud.com,Susan Robinson,2000-10-23,5000,true,2021-02-10,lapsed,2019-08-10,2021-03-07
A003942,helen.green3096@yahoo.com.au,Helen Green,1958-12-16,2000,true,2025-03-13,lapsed,2020-12-27,2024-03-17
A003943,deborah.kumar4970@hotmail.com,Deborah Kumar,1987-10-24,2026,true,2024-11-21,lapsed,2021-02-17,2023-09-14
A003944,stephanie.campbell4706@hotmail.com,Stephanie Campbell,1969-12-25,4000,true,2024-08-01,active,2023-11-22,2026-03-24
A003945,ming.jones8840@bigpond.com,Ming Jones,1975-08-02,5000,true,2026-01-17,lapsed,2022-11-20,2024-02-19
A003946,james.edwards824@hotmail.com,James Edwards,1960-01-16,4217,true,2023-10-08,lapsed,2023-08-24,2024-02-15
A003947,marco.turner8921@yahoo.com.au,Marco Turner,1980-11-23,4000,false,,active,2023-10-03,2025-12-01
A003948,anthony.chen236@yahoo.com.au,Anthony Chen,1976-06-04,3550,true,2023-04-25,lapsed,2017-11-27,2021-05-19
A003949,george.anderson8321@icloud.com,George Anderson,1960-08-20,3550,true,2026-02-20,active,2024-02-23,2026-01-02
A003950,marco.brown7280@outlook.com,Marco Brown,1957-03-27,2600,false,,lapsed,2021-02-17,2021-09-14
A003951,charles.stewart8974@hotmail.com,Charles Stewart,1973-12-07,2000,true,2025-09-07,active,2025-01-02,2025-07-16
A003952,catherine.mitchell8894@outlook.com,Catherine Mitchell,1991-05-02,2600,true,2026-04-19,lapsed,2024-12-21,2025-05-04
A003953,catherine.murphy3034@hotmail.com,Catherine Murphy,1950-02-06,2000,false,,lapsed,2017-11-15,2022-12-12
A003954,emma.adams894@yahoo.com.au,Emma Adams,1968-01-27,2600,true,2023-10-11,lapsed,2020-03-27,2020-09-01
A003955,marco.murphy6279@bigpond.com,Marco Murphy,1997-02-13,2150,true,2026-02-05,lapsed,2024-06-22,2024-12-08
A003956,charles.khan5258@gmail.com,Charles Khan,1960-12-07,2150,true,2024-07-19,closed,2018-08-07,2021-09-16
A003957,michelle.clarke5495@outlook.com,Michelle Clarke,1964-04-13,2150,true,2024-04-19,lapsed,2023-05-06,2025-02-22
A003958,susan.zhang6719@yahoo.com.au,Susan Zhang,2002-09-30,3220,true,2025-02-01,lapsed,2023-01-03,2023-03-08
A003959,george.collins6304@icloud.com,George Collins,1978-08-17,2026,true,2023-06-16,lapsed,2019-11-07,2021-11-22
A003960,james.adams1524@icloud.com,James Adams,2005-01-03,3220,true,2023-07-18,lapsed,2019-12-16,2023-01-04
A003961,laura.johnson9359@outlook.com,Laura Johnson,1965-09-04,3550,true,2021-03-08,lapsed,2019-06-25,2023-05-11
A003962,karen.jones3205@gmail.com,Karen Jones,1981-07-11,3550,false,,active,2020-08-21,2025-09-07
A003963,katherine.harris2614@icloud.com,Katherine Harris,1980-10-07,3030,false,,active,2025-07-22,2026-02-23
A003964,stephanie.smith4136@yahoo.com.au,Stephanie Smith,1971-10-12,2170,true,2025-09-10,closed,2021-01-10,2025-02-19
A003965,raj.green2390@bigpond.com,Raj Green,1970-12-15,3030,false,,active,2017-08-17,2026-03-11
A003966,michael.lee3170@hotmail.com,Michael Lee,1979-09-24,3030,true,2021-03-05,active,2020-03-05,2025-09-06
A003967,susan.obrien4192@icloud.com,Susan OBrien,1992-04-24,3220,true,2025-11-30,lapsed,2018-08-01,2019-02-04
A003968,marco.jones9006@yahoo.com.au,Marco Jones,1971-10-14,7000,true,2024-11-14,active,2020-05-03,2025-08-18
A003969,kevin.sato9265@outlook.com,Kevin Sato,1993-08-28,6000,false,,lapsed,2021-05-18,2022-02-10
A003970,david.ryan3393@hotmail.com,David Ryan,1996-01-23,4000,true,2022-10-08,lapsed,2022-02-22,2024-08-26
A003971,brian.singh5941@outlook.com,Brian Singh,1953-06-22,3199,true,2023-10-10,lapsed,2019-06-10,2025-01-22
A003972,david.walker1578@bigpond.com,David Walker,1952-02-09,3121,true,2024-11-17,lapsed,2020-12-26,2023-10-09
A003973,daniel.kelly5783@bigpond.com,Daniel Kelly,1957-12-25,6000,true,2024-02-14,lapsed,2022-08-04,2025-05-03
A003974,hiro.chen1113@gmail.com,Hiro Chen,1953-09-29,2170,false,,active,2025-08-29,2026-02-10
A003975,marco.robinson8100@bigpond.com,Marco Robinson,1975-09-25,2026,false,,lapsed,2018-07-23,2021-07-03
A003976,marco.tran2760@outlook.com,Marco Tran,1952-02-08,3182,true,2024-09-02,active,2018-12-01,2025-09-17
A003977,christine.khan544@icloud.com,Christine Khan,1966-04-09,3030,true,2024-07-05,lapsed,2020-06-12,2020-11-27
A003978,daniel.ryan796@bigpond.com,Daniel Ryan,1975-04-06,3030,true,2021-12-10,lapsed,2018-05-14,2020-10-18
A003979,david.ryan6636@icloud.com,David Ryan,1968-04-09,2000,true,2026-06-18,active,2026-05-14,2026-06-23
A003980,yuki.bell8589@bigpond.com,Yuki Bell,1969-02-15,2150,true,2025-12-14,lapsed,2019-02-12,2022-07-21
A003981,mark.mitchell4703@yahoo.com.au,Mark Mitchell,1997-07-09,3141,true,2026-01-17,lapsed,2024-06-13,2025-01-07
A003982,james.tran4164@yahoo.com.au,James Tran,2000-01-13,7000,false,,active,2024-02-23,2025-09-06
A003983,priya.collins9667@hotmail.com,Priya Collins,1962-11-30,2150,false,,lapsed,2024-08-20,2024-11-07
A003984,amanda.anderson8151@icloud.com,Amanda Anderson,1998-07-18,3000,true,2022-04-04,lapsed,2018-06-20,2020-09-20
A003985,samantha.smith4950@outlook.com,Samantha Smith,1953-12-31,2150,false,,closed,2018-12-05,2018-12-10
A003986,christine.wilson5442@bigpond.com,Christine Wilson,1980-10-24,3182,true,2023-05-29,closed,2022-01-17,2022-06-30
A003987,michelle.chen6972@outlook.com,Michelle Chen,1993-10-01,2000,true,2026-03-20,lapsed,2024-04-06,2024-08-01
A003988,samantha.martin6549@hotmail.com,Samantha Martin,1986-08-21,2010,true,2025-09-01,lapsed,2024-11-08,2025-02-12
A003989,michelle.kumar8752@yahoo.com.au,Michelle Kumar,1958-09-17,7000,false,,lapsed,2022-11-06,2024-09-20
A003990,james.wang2739@bigpond.com,James Wang,1965-08-15,2170,false,,lapsed,2017-10-03,2021-01-21
A003991,laura.wright5189@yahoo.com.au,Laura Wright,1967-12-15,3141,true,2021-01-08,lapsed,2019-01-26,2024-08-08
A003992,anthony.edwards8994@outlook.com,Anthony Edwards,1990-01-09,3030,false,,closed,2025-12-17,2026-05-22
A003993,patricia.murphy4893@outlook.com,Patricia Murphy,1972-05-27,3056,false,,active,2023-09-27,2026-01-28
A003994,emma.taylor3953@yahoo.com.au,Emma Taylor,1999-05-05,2000,true,2024-10-17,lapsed,2021-12-03,2023-05-07
A003995,susan.green845@outlook.com,Susan Green,1976-02-11,3550,false,,lapsed,2019-01-09,2022-03-30
A003996,helen.wright1410@icloud.com,Helen Wright,1964-06-14,4217,true,2026-06-05,lapsed,2024-09-11,2025-05-17
A003997,stephanie.lee2228@bigpond.com,Stephanie Lee,1966-11-25,3121,false,,lapsed,2020-06-20,2021-09-20
A003998,karen.bell2207@outlook.com,Karen Bell,2000-07-17,5000,true,2023-01-08,active,2022-05-20,2025-07-15
A003999,ming.collins7867@gmail.com,Ming Collins,2004-02-03,5000,false,,lapsed,2023-02-01,2023-11-22
A004000,laura.stewart2724@icloud.com,Laura Stewart,1995-10-21,3030,true,2024-07-08,active,2023-12-07,2026-04-17
A004001,kevin.martin9845@gmail.com,Kevin Martin,1971-12-18,2150,true,2026-01-31,active,2024-11-24,2025-12-13
A004002,brian.tanaka8551@hotmail.com,Brian Tanaka,1976-10-26,3182,true,2026-06-03,active,2026-05-31,2026-06-04
A004003,catherine.edwards5575@hotmail.com,Catherine Edwards,1990-03-19,3121,false,,active,2025-06-25,2025-11-13
A004004,daniel.johnson7461@outlook.com,Daniel Johnson,1958-03-21,2170,false,,lapsed,2018-11-11,2023-10-23
A004005,james.ali8047@yahoo.com.au,James Ali,1964-06-30,2000,true,2024-02-05,lapsed,2023-03-12,2024-05-06
A004006,william.liu3597@icloud.com,William Liu,1987-09-30,2150,true,2025-09-24,lapsed,2022-12-19,2023-12-20
A004007,olivia.johnson1664@yahoo.com.au,Olivia Johnson,1959-08-23,5000,true,2020-07-12,lapsed,2019-03-15,2022-09-10
A004008,lisa.wang5317@icloud.com,Lisa Wang,1999-09-09,5000,true,2020-05-27,lapsed,2019-09-19,2021-12-31
A004009,raj.anderson3133@icloud.com,Raj Anderson,2006-12-01,6000,true,2026-01-10,lapsed,2024-05-20,2025-03-10
A004010,wei.mitchell3863@icloud.com,Wei Mitchell,1972-12-07,3056,true,2025-05-14,lapsed,2020-12-05,2021-01-19
A004011,elizabeth.ryan3930@gmail.com,Elizabeth Ryan,1997-12-15,2600,false,,closed,2023-02-07,2025-01-23
A004012,lisa.kumar6877@icloud.com,Lisa Kumar,1982-11-29,3056,true,2026-02-02,lapsed,2018-02-14,2020-07-04
A004013,olivia.wright375@icloud.com,Olivia Wright,2006-04-15,2170,true,2025-08-25,lapsed,2020-11-07,2022-08-12
A004014,amanda.hall1496@hotmail.com,Amanda Hall,1961-09-08,3199,true,2021-06-11,lapsed,2020-10-05,2022-01-20
A004015,deborah.bell7842@hotmail.com,Deborah Bell,1999-12-21,3030,true,2025-12-02,lapsed,2024-12-29,2025-06-24
A004016,ahmed.wright6021@gmail.com,Ahmed Wright,1960-05-21,3056,true,2025-07-02,lapsed,2022-11-06,2023-11-21
A004017,marco.turner7421@yahoo.com.au,Marco Turner,1997-10-25,2010,false,,lapsed,2022-08-01,2024-08-09
A004018,steven.scott2426@hotmail.com,Steven Scott,1986-09-17,3121,true,2026-05-09,active,2025-11-17,2025-12-16
A004019,fatima.nguyen8844@outlook.com,Fatima Nguyen,1973-01-14,2000,false,,active,2024-03-05,2026-05-14
A004020,mary.zhang7720@bigpond.com,Mary Zhang,1959-05-01,3550,false,,active,2023-02-27,2025-10-28
A004021,wei.turner3046@gmail.com,Wei Turner,1951-07-29,3030,true,2026-02-05,active,2026-01-03,2026-02-10
A004022,raj.robinson3944@yahoo.com.au,Raj Robinson,1961-06-10,2600,true,2025-12-17,closed,2021-07-02,2024-07-01
A004023,raj.costa9974@yahoo.com.au,Raj Costa,1976-04-02,3141,true,2025-12-03,lapsed,2024-01-02,2025-02-05
A004024,priya.tanaka729@gmail.com,Priya Tanaka,1975-03-16,2026,true,2025-10-13,active,2025-09-03,2026-02-20
A004025,deborah.brown6311@hotmail.com,Deborah Brown,2001-07-22,2010,false,,lapsed,2023-02-02,2023-12-21
A004026,joseph.baker3845@outlook.com,Joseph Baker,1988-09-16,6000,false,,lapsed,2020-05-20,2022-03-01
A004027,yuki.wang2481@hotmail.com,Yuki Wang,1964-09-11,3220,true,2026-04-09,active,2025-12-20,2026-02-12
A004028,sandra.baker498@yahoo.com.au,Sandra Baker,1999-11-24,2600,true,2022-09-06,lapsed,2022-08-25,2023-10-09
A004029,hiro.wilson6498@yahoo.com.au,Hiro Wilson,1979-04-10,2150,true,2021-04-17,lapsed,2021-02-14,2024-02-12
A004030,raj.murphy3176@yahoo.com.au,Raj Murphy,1994-07-22,2010,false,,lapsed,2018-04-02,2022-09-13
A004031,melissa.evans3744@hotmail.com,Melissa Evans,1984-11-21,3030,true,2022-11-21,lapsed,2019-07-15,2023-06-30
A004032,katherine.mitchell9435@icloud.com,Katherine Mitchell,1995-04-18,6000,true,2026-04-17,lapsed,2023-04-14,2024-03-20
A004033,charles.lee6638@outlook.com,Charles Lee,1990-06-16,2170,true,2020-05-09,lapsed,2019-04-18,2020-08-01
A004034,catherine.evans1689@icloud.com,Catherine Evans,1961-08-03,5000,true,2024-07-30,active,2024-02-16,2026-03-14
A004035,raj.edwards1373@icloud.com,Raj Edwards,1981-11-23,3121,true,2019-09-30,lapsed,2017-10-19,2024-02-25
A004036,steven.bell7064@bigpond.com,Steven Bell,1974-09-17,2600,true,2025-08-27,lapsed,2020-01-21,2020-06-08
A004037,george.williams6083@gmail.com,George Williams,1995-09-24,3220,true,2023-01-21,lapsed,2017-10-21,2023-11-15
A004038,mary.king2697@gmail.com,Mary King,1951-03-22,3220,false,,active,2023-01-02,2025-07-21
A004039,brian.tran7884@outlook.com,Brian Tran,1963-12-26,3000,false,,lapsed,2017-11-17,2020-08-06
A004040,priya.brown3223@bigpond.com,Priya Brown,1982-07-03,3056,true,2025-05-21,active,2025-04-23,2025-07-18
A004041,samantha.bell6482@yahoo.com.au,Samantha Bell,1981-07-05,3056,true,2025-10-07,active,2023-10-01,2026-03-11
A004042,linda.white7735@hotmail.com,Linda White,1956-01-10,3182,true,2021-07-12,lapsed,2021-05-15,2021-07-19
A004043,rebecca.rossi9052@bigpond.com,Rebecca Rossi,1977-09-22,3030,true,2024-12-17,lapsed,2022-05-15,2024-07-30
A004044,susan.sato2496@yahoo.com.au,Susan Sato,1992-03-11,3199,true,2025-07-19,lapsed,2019-12-06,2021-03-27
A004045,kevin.collins2136@bigpond.com,Kevin Collins,1991-12-29,3199,false,,active,2025-04-26,2026-01-23
A004046,kevin.anderson377@bigpond.com,Kevin Anderson,1957-02-13,4000,false,,lapsed,2017-10-28,2019-09-30
A004047,joseph.khan6946@icloud.com,Joseph Khan,1977-11-13,3220,false,,lapsed,2024-03-05,2025-03-13
A004048,emily.kelly8247@hotmail.com,Emily Kelly,1950-08-16,7000,true,2024-07-18,closed,2021-06-18,2022-03-08
A004049,rebecca.anderson9089@icloud.com,Rebecca Anderson,1971-06-10,2170,false,,active,2023-06-29,2026-04-13
A004050,charles.ali1873@bigpond.com,Charles Ali,1993-01-15,3550,true,2025-02-03,lapsed,2018-10-11,2020-04-09
A004051,stephanie.king3030@outlook.com,Stephanie King,1987-08-19,2600,false,,active,2025-12-07,2026-05-29
A004052,helen.tran4950@icloud.com,Helen Tran,1993-11-09,3121,false,,active,2018-05-29,2026-01-26
A004053,wei.martin8765@hotmail.com,Wei Martin,1956-06-07,3141,true,2026-03-25,active,2025-11-11,2026-01-26
A004054,michael.obrien9700@gmail.com,Michael OBrien,2006-12-02,3182,false,,lapsed,2021-01-17,2021-06-12
A004055,anthony.anderson9544@bigpond.com,Anthony Anderson,2000-06-16,4000,true,2025-11-22,lapsed,2024-02-06,2025-01-15
A004056,anthony.smith128@bigpond.com,Anthony Smith,1958-07-27,3220,true,2025-12-24,active,2025-08-19,2025-08-30
A004057,raj.white1853@gmail.com,Raj White,1985-02-21,2170,false,,active,2026-02-06,2026-04-15
A004058,christine.williams5190@bigpond.com,Christine Williams,1951-04-29,2170,false,,active,2025-09-25,2026-02-19
A004059,robert.bell8108@hotmail.com,Robert Bell,1999-05-23,2000,true,2023-04-05,lapsed,2023-02-24,2025-02-20
A004060,giulia.brown6255@hotmail.com,Giulia Brown,1955-01-28,7000,true,2024-05-02,active,2019-08-25,2026-02-23
A004061,sandra.walker6760@yahoo.com.au,Sandra Walker,1998-09-25,2010,false,,active,2020-08-28,2026-06-16
A004062,priya.wright6214@outlook.com,Priya Wright,1974-08-17,2150,false,,active,2025-01-15,2026-03-04
A004063,deborah.khan1096@hotmail.com,Deborah Khan,1974-09-04,6000,true,2018-12-26,lapsed,2018-04-23,2024-08-14
A004064,joshua.rossi5792@icloud.com,Joshua Rossi,1993-01-17,2026,true,2026-06-26,active,2025-11-22,2026-06-30
A004065,deborah.liu9736@gmail.com,Deborah Liu,1968-03-23,2000,true,2022-02-28,lapsed,2018-11-13,2024-06-20
A004066,steven.edwards1943@outlook.com,Steven Edwards,1980-06-09,6000,true,2024-05-17,lapsed,2017-10-10,2019-10-20
A004067,ashley.pham9415@icloud.com,Ashley Pham,1954-12-30,2170,true,2023-07-29,lapsed,2018-06-22,2020-02-27
A004068,yuki.johnson3639@gmail.com,Yuki Johnson,1961-09-27,3030,false,,lapsed,2023-08-24,2023-08-29
A004069,emily.evans956@outlook.com,Emily Evans,1977-09-03,3141,true,2026-03-07,active,2025-11-23,2026-01-24
A004070,andrew.pham6851@gmail.com,Andrew Pham,1951-02-19,7000,false,,lapsed,2023-07-15,2023-09-14
A004071,marco.turner1346@hotmail.com,Marco Turner,1987-01-08,2600,false,,lapsed,2023-09-16,2024-07-02
A004072,sarah.evans3770@bigpond.com,Sarah Evans,1962-04-28,3199,true,2026-05-29,active,2026-05-27,2026-06-12
A004073,margaret.edwards7512@outlook.com,Margaret Edwards,1996-03-02,2170,false,,lapsed,2021-09-11,2025-06-10
A004074,steven.sato1332@bigpond.com,Steven Sato,1985-06-07,2010,true,2024-12-10,lapsed,2024-11-22,2025-03-09
A004075,amanda.clarke1474@icloud.com,Amanda Clarke,1952-10-30,3121,false,,lapsed,2022-09-24,2024-11-04
A004076,laura.baker4970@outlook.com,Laura Baker,1958-12-27,2600,false,,active,2021-11-30,2026-01-12
A004077,robert.harris4228@gmail.com,Robert Harris,1982-04-05,2170,false,,lapsed,2024-01-04,2024-10-06
A004078,helen.chen9203@yahoo.com.au,Helen Chen,1978-03-24,6000,false,,lapsed,2019-10-30,2021-05-04
A004079,richard.johnson6517@yahoo.com.au,Richard Johnson,1958-07-25,2600,true,2022-01-20,lapsed,2021-09-12,2023-01-14
A004080,james.mitchell3678@icloud.com,James Mitchell,1984-06-17,3000,false,,active,2025-06-25,2026-03-01
A004081,deborah.bell3306@gmail.com,Deborah Bell,1963-01-26,2026,true,2025-02-20,lapsed,2024-07-06,2025-03-13
A004082,mark.martin3137@icloud.com,Mark Martin,1999-12-02,2600,true,2023-04-20,active,2021-05-14,2025-10-10
A004083,amanda.robinson7344@hotmail.com,Amanda Robinson,2005-12-12,3056,true,2026-06-12,active,2025-01-16,2025-12-27
A004084,joshua.clarke873@outlook.com,Joshua Clarke,1979-08-10,2010,false,,lapsed,2018-05-17,2022-07-26
A004085,anthony.liu4316@hotmail.com,Anthony Liu,1966-09-23,3000,true,2026-06-20,active,2025-05-31,2025-07-03
A004086,jennifer.sato253@yahoo.com.au,Jennifer Sato,1998-02-09,2600,false,,active,2025-03-14,2025-10-06
A004087,marco.harris6087@yahoo.com.au,Marco Harris,1995-02-18,3550,true,2025-04-25,lapsed,2021-01-05,2022-07-11
A004088,william.murphy3997@gmail.com,William Murphy,1997-09-04,7000,false,,active,2025-08-24,2026-05-02
A004089,helen.taylor4642@hotmail.com,Helen Taylor,1972-09-08,5000,true,2025-05-04,lapsed,2024-01-18,2024-04-23
A004090,david.smith9244@hotmail.com,David Smith,2001-03-12,5000,true,2024-06-20,lapsed,2022-10-24,2023-09-27
A004091,patricia.scott3@outlook.com,Patricia Scott,1993-02-21,4000,true,2025-05-22,lapsed,2020-02-10,2023-03-17
A004092,thomas.lee9746@gmail.com,Thomas Lee,1955-04-27,6000,false,,lapsed,2018-11-07,2020-02-06
A004093,ashley.chen59@bigpond.com,Ashley Chen,1984-01-23,7000,true,2025-02-17,active,2025-02-07,2026-01-09
A004094,michelle.kumar2002@gmail.com,Michelle Kumar,1983-03-03,4217,true,2025-10-01,active,2019-12-14,2025-10-23
A004095,melissa.scott1060@outlook.com,Melissa Scott,1998-08-13,2026,true,2020-03-11,lapsed,2017-12-12,2019-02-26
A004096,samantha.king8008@outlook.com,Samantha King,1971-06-03,3121,true,2020-10-09,active,2020-07-25,2026-03-16
A004097,nancy.ryan4398@yahoo.com.au,Nancy Ryan,1968-07-10,3199,true,2026-02-16,active,2025-05-15,2026-03-16
A004098,steven.stewart6873@hotmail.com,Steven Stewart,2000-04-30,3550,true,2023-12-06,active,2023-09-16,2025-10-02
A004099,wei.thompson7598@bigpond.com,Wei Thompson,1993-12-30,2026,true,2025-09-13,lapsed,2023-03-19,2023-10-05
A004100,rachel.smith2672@icloud.com,Rachel Smith,1972-05-04,4000,true,2019-02-05,lapsed,2019-01-30,2023-11-05
A004101,david.lee8444@hotmail.com,David Lee,1974-05-01,4217,true,2025-12-20,lapsed,2023-01-30,2023-03-23
A004102,matthew.martin1598@outlook.com,Matthew Martin,1953-09-14,2150,true,2025-12-11,lapsed,2018-07-26,2020-05-21
A004103,patricia.kumar4959@gmail.com,Patricia Kumar,1956-04-09,2000,true,2025-03-18,lapsed,2019-03-11,2023-06-28
A004104,yuki.stewart2103@gmail.com,Yuki Stewart,1992-05-23,3056,false,,active,2024-05-17,2025-11-28
A004105,david.martin9129@bigpond.com,David Martin,1980-09-06,2010,false,,lapsed,2023-02-23,2023-03-21
A004106,andrew.williams9230@gmail.com,Andrew Williams,1989-01-29,5000,false,,active,2022-03-25,2026-06-11
A004107,george.tanaka7604@icloud.com,George Tanaka,1990-02-07,4217,true,2025-12-14,active,2025-10-16,2025-11-17
A004108,emma.obrien9461@bigpond.com,Emma OBrien,2004-11-30,7000,true,2023-03-10,lapsed,2022-12-25,2023-04-28
A004109,melissa.taylor2978@hotmail.com,Melissa Taylor,2004-09-08,3182,false,,lapsed,2017-10-17,2019-05-23
A004110,ashley.thompson3387@icloud.com,Ashley Thompson,1956-11-16,2010,true,2020-08-15,lapsed,2018-12-03,2024-04-28
A004111,james.sato4496@hotmail.com,James Sato,1957-06-11,2010,false,,lapsed,2023-01-12,2024-06-05
A004112,matthew.sato4457@outlook.com,Matthew Sato,1994-11-13,3182,true,2021-11-04,closed,2020-07-06,2026-01-12
A004113,jennifer.king626@icloud.com,Jennifer King,1995-05-16,4217,true,2026-04-12,active,2025-07-28,2025-11-17
A004114,stephanie.martin6324@bigpond.com,Stephanie Martin,1978-12-22,3182,true,2024-08-12,active,2020-05-24,2026-06-13
A004115,marco.bell476@hotmail.com,Marco Bell,2003-04-02,3182,false,,lapsed,2023-04-07,2025-01-17
A004116,brian.kumar9021@yahoo.com.au,Brian Kumar,1985-01-30,3141,true,2026-01-13,active,2025-12-02,2026-01-13
A004117,susan.martin6958@outlook.com,Susan Martin,1960-04-07,2150,true,2018-10-13,lapsed,2018-03-12,2024-02-25
A004118,ashley.tanaka6839@icloud.com,Ashley Tanaka,1969-09-18,2600,true,2025-09-21,closed,2024-07-14,2025-07-03
A004119,jennifer.baker5477@hotmail.com,Jennifer Baker,1978-07-23,3182,true,2024-03-05,active,2021-02-12,2025-08-05
A004120,rebecca.williams3346@hotmail.com,Rebecca Williams,1961-04-03,7000,true,2024-12-27,lapsed,2023-02-27,2024-01-17
A004121,giulia.zhang7215@gmail.com,Giulia Zhang,1982-04-09,3056,false,,active,2023-02-23,2026-05-03
A004122,olivia.murphy1361@hotmail.com,Olivia Murphy,1991-07-31,2170,false,,lapsed,2020-09-30,2022-08-07
A004123,james.tanaka4265@icloud.com,James Tanaka,1961-07-11,3182,true,2025-10-01,lapsed,2023-03-01,2023-06-12
A004124,thomas.taylor3531@yahoo.com.au,Thomas Taylor,1983-04-03,3199,true,2022-09-06,lapsed,2019-05-18,2021-03-30
A004125,linda.sato5661@yahoo.com.au,Linda Sato,2004-05-14,2010,true,2022-06-02,lapsed,2018-12-18,2024-08-20
A004126,karen.anderson7853@bigpond.com,Karen Anderson,1954-12-29,7000,true,2026-02-10,closed,2024-07-12,2025-11-16
A004127,amanda.king583@bigpond.com,Amanda King,1984-03-10,3141,true,2024-07-07,lapsed,2022-11-27,2023-02-21
A004128,kevin.collins552@gmail.com,Kevin Collins,1959-01-16,2150,true,2022-04-02,closed,2021-07-25,2022-10-30
A004129,patricia.smith941@bigpond.com,Patricia Smith,1967-09-03,3199,true,2022-02-24,lapsed,2021-11-23,2025-06-09
A004130,sarah.williams8578@bigpond.com,Sarah Williams,1986-03-29,3056,false,,lapsed,2019-01-30,2025-04-07
A004131,marco.khan4341@hotmail.com,Marco Khan,1979-03-01,2026,true,2025-03-26,lapsed,2023-03-26,2024-06-13
A004132,thomas.jones3323@outlook.com,Thomas Jones,1966-05-20,2026,true,2025-11-16,active,2024-08-16,2026-06-23
A004133,william.murphy4085@outlook.com,William Murphy,1969-12-04,3550,false,,active,2023-08-11,2025-08-14
A004134,thomas.pham2660@hotmail.com,Thomas Pham,1996-02-13,7000,true,2024-02-21,lapsed,2022-07-20,2024-11-10
A004135,patricia.pham475@yahoo.com.au,Patricia Pham,2003-10-04,2600,true,2024-02-15,active,2023-03-17,2025-09-05
A004136,stephanie.liu7050@gmail.com,Stephanie Liu,2003-10-31,7000,false,,closed,2020-12-18,2025-03-23
A004137,olivia.anderson5753@gmail.com,Olivia Anderson,1985-12-07,2600,true,2020-05-07,lapsed,2017-08-15,2018-01-29
A004138,timothy.taylor5834@hotmail.com,Timothy Taylor,1977-03-07,3000,true,2026-04-22,active,2022-10-17,2025-08-08
A004139,wei.harris1296@gmail.com,Wei Harris,1997-06-29,3056,false,,lapsed,2019-06-07,2021-04-09
A004140,richard.johnson5183@gmail.com,Richard Johnson,1961-03-10,3199,true,2019-11-30,closed,2018-05-02,2018-08-23
A004141,andrew.pham7233@bigpond.com,Andrew Pham,1981-03-11,2170,true,2024-11-30,lapsed,2018-08-11,2020-02-15
A004142,giulia.collins8844@gmail.com,Giulia Collins,1959-08-02,2170,true,2025-02-14,lapsed,2023-10-21,2024-01-02
A004143,deborah.johnson5031@outlook.com,Deborah Johnson,1994-08-07,5000,true,2026-05-04,lapsed,2022-06-05,2023-10-20
A004144,ming.costa2893@outlook.com,Ming Costa,1961-01-03,3141,true,2022-12-26,active,2022-02-10,2026-05-19
A004145,brian.king7833@outlook.com,Brian King,1963-03-24,3056,false,,lapsed,2023-05-30,2025-01-14
A004146,elizabeth.harris6489@bigpond.com,Elizabeth Harris,1952-11-05,3056,true,2024-12-22,lapsed,2017-08-28,2024-03-28
A004147,karen.ryan2974@outlook.com,Karen Ryan,1973-01-09,3141,true,2025-07-04,lapsed,2025-01-18,2025-05-06
A004148,ahmed.singh1232@hotmail.com,Ahmed Singh,1998-07-20,2000,true,2026-03-05,closed,2025-04-15,2025-07-23
A004149,timothy.sato526@hotmail.com,Timothy Sato,1950-06-17,6000,true,2021-09-06,lapsed,2018-03-22,2022-12-10
A004150,joshua.walker3735@outlook.com,Joshua Walker,1987-03-08,3000,true,2025-09-06,lapsed,2018-02-05,2019-09-23
A004151,lisa.edwards6740@hotmail.com,Lisa Edwards,1963-02-12,7000,false,,active,2025-01-28,2025-08-10
A004152,sandra.robinson1589@hotmail.com,Sandra Robinson,1971-10-15,6000,false,,lapsed,2019-08-11,2022-10-11
A004153,timothy.brown178@outlook.com,Timothy Brown,1971-11-01,3056,true,2026-04-04,lapsed,2018-03-13,2019-08-11
A004154,sarah.williams8639@yahoo.com.au,Sarah Williams,1969-12-29,3030,true,2023-06-17,active,2021-10-25,2026-02-08
A004155,stephanie.costa6170@bigpond.com,Stephanie Costa,1981-01-11,3000,false,,lapsed,2022-11-11,2023-10-18
A004156,sarah.ryan1016@gmail.com,Sarah Ryan,1984-04-02,5000,true,2023-04-01,lapsed,2023-03-23,2023-09-11
A004157,ahmed.baker647@hotmail.com,Ahmed Baker,1989-07-02,3121,true,2025-10-30,lapsed,2019-01-26,2020-06-15
A004158,rebecca.mitchell4465@yahoo.com.au,Rebecca Mitchell,1990-02-07,2170,true,2024-10-16,active,2024-09-05,2026-01-06
A004159,catherine.wright1483@gmail.com,Catherine Wright,1956-11-23,2150,true,2025-01-02,lapsed,2022-02-27,2022-09-21
A004160,james.johnson9820@outlook.com,James Johnson,2002-08-31,3550,true,2024-07-23,active,2024-05-30,2026-02-21
A004161,thomas.brown674@bigpond.com,Thomas Brown,1964-09-29,3030,true,2025-04-19,active,2024-12-12,2025-08-03
A004162,helen.liu9260@hotmail.com,Helen Liu,1972-06-17,3056,true,2025-03-26,lapsed,2018-03-16,2020-04-23
A004163,william.stewart5598@outlook.com,William Stewart,1959-08-31,3056,true,2026-05-17,active,2026-03-30,2026-05-24
A004164,stephanie.robinson7565@outlook.com,Stephanie Robinson,1953-02-23,3220,true,2022-09-13,active,2021-06-21,2025-07-11
A004165,amanda.king5531@icloud.com,Amanda King,1977-11-07,2000,true,2023-09-28,active,2021-08-28,2026-05-02
A004166,stephanie.obrien4806@yahoo.com.au,Stephanie OBrien,1967-06-16,3182,false,,lapsed,2023-06-26,2023-10-13
A004167,david.evans1055@outlook.com,David Evans,1960-07-31,6000,false,,lapsed,2022-12-20,2023-12-16
A004168,priya.collins2128@gmail.com,Priya Collins,1973-06-01,3030,true,2024-09-07,lapsed,2024-03-04,2024-07-26
A004169,laura.clarke857@outlook.com,Laura Clarke,1998-01-22,3182,true,2022-09-06,lapsed,2020-01-11,2021-02-03
A004170,thomas.mitchell4276@gmail.com,Thomas Mitchell,1991-03-08,3550,false,,lapsed,2019-02-11,2025-02-15
A004171,ming.campbell5854@yahoo.com.au,Ming Campbell,1955-11-09,2150,false,,closed,2024-08-26,2025-12-19
A004172,giulia.white1133@yahoo.com.au,Giulia White,1993-08-03,3550,true,2025-10-26,lapsed,2024-07-20,2025-02-18
A004173,jennifer.chen8287@hotmail.com,Jennifer Chen,1979-09-21,3121,true,2023-11-14,lapsed,2023-11-09,2024-11-28
A004174,patricia.anderson5979@yahoo.com.au,Patricia Anderson,1996-09-25,3220,false,,closed,2020-04-30,2024-11-21
A004175,raj.adams1603@yahoo.com.au,Raj Adams,1969-07-23,4000,true,2025-03-12,lapsed,2024-07-09,2025-02-03
A004176,william.collins7634@gmail.com,William Collins,1986-10-24,3030,true,2026-06-26,lapsed,2025-01-16,2025-06-17
A004177,david.rossi5929@yahoo.com.au,David Rossi,2002-10-02,2150,true,2025-07-22,active,2025-07-04,2026-02-20
A004178,steven.williams4953@icloud.com,Steven Williams,1952-12-20,3199,false,,lapsed,2019-05-10,2022-04-21
A004179,melissa.baker4637@icloud.com,Melissa Baker,1963-09-06,3141,true,2024-08-12,lapsed,2018-05-15,2023-03-22
A004180,jessica.taylor4764@icloud.com,Jessica Taylor,1981-12-07,2026,true,2020-05-18,lapsed,2019-11-14,2019-12-28
A004181,mary.stewart7057@icloud.com,Mary Stewart,1997-02-21,3141,true,2024-10-06,lapsed,2023-04-13,2024-02-22
A004182,william.evans3438@icloud.com,William Evans,2005-03-15,3000,false,,lapsed,2018-10-21,2024-09-12
A004183,deborah.mitchell6397@icloud.com,Deborah Mitchell,1952-11-14,2150,true,2022-10-05,lapsed,2022-02-15,2025-02-16
A004184,charles.harris4949@outlook.com,Charles Harris,1989-05-19,3182,false,,lapsed,2023-12-22,2024-01-31
A004185,priya.tran3351@gmail.com,Priya Tran,1964-01-14,3030,true,2021-04-22,lapsed,2017-09-30,2021-03-21
A004186,timothy.brown4073@hotmail.com,Timothy Brown,1954-11-18,2170,false,,lapsed,2024-11-24,2024-12-01
A004187,joseph.khan9274@outlook.com,Joseph Khan,1993-11-17,2600,true,2021-05-10,lapsed,2018-02-28,2024-03-27
A004188,rebecca.singh3607@bigpond.com,Rebecca Singh,1973-07-03,3199,true,2018-05-02,active,2018-04-23,2025-09-10
A004189,hiro.sato1795@bigpond.com,Hiro Sato,1951-05-17,3220,true,2023-12-06,lapsed,2020-10-12,2021-08-13
A004190,christine.nguyen7760@bigpond.com,Christine Nguyen,1963-10-17,3000,true,2026-03-10,lapsed,2020-01-22,2024-12-19
A004191,emma.sato4185@gmail.com,Emma Sato,1958-04-16,7000,true,2021-12-06,active,2018-09-22,2025-12-18
A004192,laura.harris33@gmail.com,Laura Harris,2004-07-10,3182,false,,active,2024-05-28,2025-08-21
A004193,brian.chen5424@gmail.com,Brian Chen,1970-05-20,3056,true,2026-01-18,active,2023-10-21,2026-07-03
A004194,brian.baker4536@icloud.com,Brian Baker,1961-01-27,3199,false,,lapsed,2024-03-25,2024-04-24
A004195,jennifer.scott1297@bigpond.com,Jennifer Scott,1980-10-05,3000,false,,active,2026-05-26,2026-07-01
A004196,george.rossi1238@yahoo.com.au,George Rossi,1979-06-03,2000,true,2023-10-28,lapsed,2020-04-06,2020-09-05
A004197,kevin.liu9906@hotmail.com,Kevin Liu,1988-11-25,3199,true,2021-10-31,lapsed,2018-08-26,2023-01-03
A004198,rachel.stewart4808@outlook.com,Rachel Stewart,1959-05-30,5000,true,2023-02-25,lapsed,2022-12-24,2023-04-22
A004199,emma.martin3474@gmail.com,Emma Martin,1988-05-26,3121,true,2024-12-30,lapsed,2023-07-28,2024-12-15
A004200,hiro.bell8999@hotmail.com,Hiro Bell,1990-11-07,3199,false,,lapsed,2024-09-10,2025-04-27
A004201,anthony.bell9440@outlook.com,Anthony Bell,1986-07-13,2170,true,2026-05-05,active,2025-10-20,2025-12-17
A004202,matthew.ali1248@hotmail.com,Matthew Ali,1995-07-10,2010,false,,lapsed,2024-05-01,2025-03-13
A004203,william.wright1554@icloud.com,William Wright,1986-04-22,3220,true,2024-05-10,lapsed,2022-10-27,2023-02-04
A004204,christine.adams8766@bigpond.com,Christine Adams,1993-08-21,3121,true,2026-03-26,lapsed,2023-11-06,2024-01-24
A004205,raj.bell9647@yahoo.com.au,Raj Bell,2000-09-30,4000,true,2026-05-10,active,2024-08-25,2025-08-29
A004206,rachel.harris9839@yahoo.com.au,Rachel Harris,2006-07-23,3056,true,2020-09-08,lapsed,2018-01-16,2019-08-20
A004207,fatima.hall9936@hotmail.com,Fatima Hall,1997-02-13,3121,true,2024-12-31,lapsed,2019-02-27,2023-10-17
A004208,brian.ali6633@icloud.com,Brian Ali,1988-09-06,3030,true,2025-06-11,lapsed,2019-03-28,2019-08-10
A004209,elizabeth.brown1755@bigpond.com,Elizabeth Brown,1991-07-29,3121,false,,lapsed,2017-12-02,2023-08-11
A004210,marco.walker733@bigpond.com,Marco Walker,1965-04-25,2026,true,2023-08-07,active,2022-07-23,2026-02-03
A004211,timothy.brown6071@gmail.com,Timothy Brown,1987-07-31,3121,true,2026-06-30,active,2024-12-05,2026-06-13
A004212,ashley.singh174@bigpond.com,Ashley Singh,1974-07-15,6000,true,2025-05-09,lapsed,2019-10-17,2020-11-09
A004213,nancy.taylor4490@bigpond.com,Nancy Taylor,1962-04-20,3220,true,2021-10-16,lapsed,2020-02-19,2023-03-15
A004214,fatima.martin9571@outlook.com,Fatima Martin,1964-03-05,4217,true,2020-07-23,lapsed,2019-12-09,2024-07-23
A004215,hiro.murphy9985@yahoo.com.au,Hiro Murphy,1979-02-17,3000,true,2020-12-06,lapsed,2018-07-21,2021-05-18
A004216,daniel.baker2261@icloud.com,Daniel Baker,1998-12-03,7000,false,,lapsed,2017-11-24,2020-10-18
A004217,rebecca.singh4965@bigpond.com,Rebecca Singh,1978-03-23,5000,true,2019-07-19,active,2018-02-09,2025-08-01
A004218,margaret.evans712@outlook.com,Margaret Evans,1950-09-03,3000,false,,lapsed,2018-02-16,2021-01-30
A004219,ming.brown8542@bigpond.com,Ming Brown,1986-08-06,3199,false,,active,2024-11-30,2026-04-28
A004220,michael.taylor3421@icloud.com,Michael Taylor,2002-01-21,3199,true,2025-09-21,active,2024-05-26,2026-03-04
A004221,sarah.murphy8968@hotmail.com,Sarah Murphy,1991-04-21,2600,true,2023-10-27,lapsed,2019-03-24,2021-04-10
A004222,robert.bell7491@yahoo.com.au,Robert Bell,1999-12-01,7000,true,2025-09-10,active,2023-01-13,2025-11-26
A004223,thomas.zhang8173@gmail.com,Thomas Zhang,1966-11-17,3121,true,2026-05-16,closed,2025-05-18,2026-01-09
A004224,nancy.zhang619@icloud.com,Nancy Zhang,1966-06-02,2000,true,2026-05-19,active,2026-05-08,2026-07-03
A004225,thomas.wright7823@outlook.com,Thomas Wright,1960-10-21,5000,true,2025-05-20,lapsed,2022-08-29,2024-07-14
A004226,karen.martin1007@hotmail.com,Karen Martin,1963-10-14,2026,true,2023-01-30,lapsed,2020-03-24,2022-04-30
A004227,katherine.kelly475@outlook.com,Katherine Kelly,1975-09-30,3199,false,,active,2025-12-17,2026-02-13
A004228,brian.turner1071@gmail.com,Brian Turner,2002-03-19,4000,true,2024-04-05,lapsed,2022-06-09,2024-02-04
A004229,hiro.rossi8622@outlook.com,Hiro Rossi,1981-06-29,3199,true,2022-12-27,active,2020-03-22,2026-04-11
A004230,lisa.singh9619@icloud.com,Lisa Singh,1980-09-09,3199,true,2026-05-05,active,2025-10-11,2026-03-27
A004231,sandra.murphy6658@outlook.com,Sandra Murphy,1960-06-01,2026,false,,lapsed,2024-01-29,2024-02-24
A004232,raj.walker5971@outlook.com,Raj Walker,1992-12-07,3199,true,2026-04-14,lapsed,2023-03-24,2024-03-04
A004233,timothy.tanaka8176@yahoo.com.au,Timothy Tanaka,1970-07-30,7000,true,2023-02-06,lapsed,2022-12-08,2022-12-22
A004234,kevin.evans5432@hotmail.com,Kevin Evans,2004-05-06,2170,false,,lapsed,2020-09-26,2022-02-21
A004235,david.martin9224@icloud.com,David Martin,1986-07-19,3030,false,,closed,2026-03-15,2026-04-20
A004236,ashley.obrien5601@hotmail.com,Ashley OBrien,2006-08-25,2150,false,,active,2025-09-03,2026-04-16
A004237,fatima.wright4454@outlook.com,Fatima Wright,1983-09-04,2026,false,,lapsed,2018-02-12,2020-03-07
A004238,raj.white9231@icloud.com,Raj White,1999-06-12,2170,false,,active,2023-01-08,2026-04-25
A004239,rebecca.nguyen7683@icloud.com,Rebecca Nguyen,2001-01-10,6000,true,2024-03-19,lapsed,2023-10-21,2024-01-16
A004240,samantha.clarke995@hotmail.com,Samantha Clarke,1969-09-23,3550,false,,lapsed,2017-07-13,2020-12-18
A004241,joseph.robinson1794@hotmail.com,Joseph Robinson,1958-12-03,3550,false,,lapsed,2018-09-15,2025-04-13
A004242,joseph.harris2510@outlook.com,Joseph Harris,1982-03-22,3199,true,2025-09-15,active,2025-04-29,2026-02-12
A004243,margaret.lee9102@yahoo.com.au,Margaret Lee,1958-01-13,3121,false,,active,2026-05-07,2026-06-09
A004244,margaret.clarke1509@gmail.com,Margaret Clarke,2000-04-03,6000,true,2024-05-24,active,2023-07-15,2025-12-22
A004245,ashley.brown4633@bigpond.com,Ashley Brown,2001-09-26,3199,true,2023-10-03,lapsed,2022-11-26,2023-12-13
A004246,daniel.kelly9717@yahoo.com.au,Daniel Kelly,1970-06-26,2000,true,2024-11-08,lapsed,2017-12-04,2021-06-08
A004247,ahmed.kelly5819@outlook.com,Ahmed Kelly,1956-05-29,2010,true,2024-02-17,lapsed,2019-01-13,2020-07-29
A004248,jessica.sato9312@bigpond.com,Jessica Sato,1995-12-22,3121,true,2025-10-27,active,2019-05-29,2026-05-13
A004249,michael.martin1581@outlook.com,Michael Martin,1974-12-23,3199,true,2022-02-21,lapsed,2018-04-23,2024-06-06
A004250,michael.chen3509@outlook.com,Michael Chen,1973-05-16,6000,true,2026-02-15,lapsed,2024-08-28,2025-03-15
A004251,james.chen6448@outlook.com,James Chen,1982-01-31,3000,true,2026-06-22,active,2025-06-07,2026-06-15
A004252,helen.zhang3644@bigpond.com,Helen Zhang,1965-07-21,4217,true,2026-01-05,lapsed,2023-05-22,2023-09-26
A004253,amanda.tran8555@gmail.com,Amanda Tran,1959-09-29,3030,true,2020-04-22,lapsed,2018-09-20,2024-07-19
A004254,lisa.kumar6691@gmail.com,Lisa Kumar,1956-05-15,3141,false,,active,2021-09-21,2026-02-16
A004255,emily.mitchell1889@gmail.com,Emily Mitchell,1970-01-24,3000,true,2026-04-15,active,2025-05-10,2025-12-17
A004256,hiro.tran5945@bigpond.com,Hiro Tran,1969-11-27,4000,false,,lapsed,2022-02-23,2023-03-09
A004257,charles.collins6722@hotmail.com,Charles Collins,1953-06-01,2150,true,2024-03-18,active,2022-06-04,2025-07-12
A004258,karen.taylor7353@hotmail.com,Karen Taylor,1980-06-18,4217,true,2024-12-15,lapsed,2022-06-17,2024-09-24
A004259,priya.green7763@bigpond.com,Priya Green,1961-09-29,2600,false,,active,2026-01-14,2026-03-03
A004260,matthew.bell3509@gmail.com,Matthew Bell,1994-07-25,6000,true,2019-04-14,lapsed,2017-09-15,2018-05-07
A004261,sarah.nguyen6160@hotmail.com,Sarah Nguyen,1971-01-17,7000,true,2026-05-26,lapsed,2023-12-19,2024-05-16
A004262,emma.smith9786@icloud.com,Emma Smith,2004-06-28,5000,false,,lapsed,2018-05-03,2018-07-18
A004263,deborah.taylor6522@hotmail.com,Deborah Taylor,1999-04-27,3199,true,2025-11-27,lapsed,2020-10-02,2022-06-17
A004264,mark.costa2092@bigpond.com,Mark Costa,1977-08-06,7000,true,2025-11-22,lapsed,2023-07-04,2025-03-11
A004265,kevin.liu9976@yahoo.com.au,Kevin Liu,1985-06-11,3141,true,2025-06-13,active,2025-03-01,2026-02-01
A004266,mark.tanaka7527@yahoo.com.au,Mark Tanaka,1991-11-25,7000,true,2026-03-05,active,2025-10-30,2026-02-16
A004267,fatima.rossi2333@outlook.com,Fatima Rossi,1973-12-13,2000,true,2025-07-15,active,2025-01-31,2026-02-09
A004268,samantha.baker8085@gmail.com,Samantha Baker,1978-12-25,2150,true,2024-02-09,lapsed,2022-09-07,2023-11-09
A004269,patricia.clarke9914@yahoo.com.au,Patricia Clarke,1977-08-06,2000,true,2026-03-02,lapsed,2024-09-01,2025-05-01
A004270,karen.brown1727@gmail.com,Karen Brown,2006-03-23,2026,true,2024-07-23,lapsed,2021-05-26,2021-09-30
A004271,george.turner1680@hotmail.com,George Turner,1999-01-20,7000,true,2024-11-30,lapsed,2023-07-10,2023-12-23
A004272,emily.walker1687@icloud.com,Emily Walker,1970-11-06,3000,true,2024-09-15,lapsed,2019-12-02,2020-01-06
A004273,sarah.kumar5035@hotmail.com,Sarah Kumar,1977-01-10,6000,true,2024-08-27,lapsed,2022-12-04,2024-03-21
A004274,linda.king1138@gmail.com,Linda King,1959-03-08,5000,true,2025-10-10,active,2022-11-18,2026-02-24
A004275,susan.harris8766@gmail.com,Susan Harris,1980-06-24,3056,true,2024-07-26,lapsed,2022-05-04,2022-12-07
A004276,jennifer.zhang2853@outlook.com,Jennifer Zhang,2004-04-06,5000,false,,lapsed,2020-05-14,2020-12-13
A004277,emma.rossi8871@icloud.com,Emma Rossi,1982-04-29,5000,true,2026-04-27,lapsed,2019-05-01,2021-10-07
A004278,ming.robinson4523@outlook.com,Ming Robinson,1999-04-05,3199,false,,lapsed,2022-03-06,2025-03-06
A004279,joseph.brown9990@bigpond.com,Joseph Brown,1958-05-23,3182,true,2026-01-04,lapsed,2025-02-27,2025-05-30
A004280,joseph.white9584@hotmail.com,Joseph White,1976-02-08,7000,true,2025-09-22,active,2025-08-29,2025-11-19
A004281,amanda.king2790@icloud.com,Amanda King,1994-05-12,3000,true,2018-02-07,lapsed,2017-11-03,2021-06-25
A004282,jessica.turner4520@bigpond.com,Jessica Turner,1982-07-18,3182,false,,lapsed,2022-12-08,2025-04-05
A004283,mark.chen2879@outlook.com,Mark Chen,1977-01-25,3030,true,2022-12-12,lapsed,2022-05-28,2023-05-19
A004284,joshua.chen9600@hotmail.com,Joshua Chen,2001-12-30,3182,true,2026-01-02,active,2025-08-29,2026-02-02
A004285,timothy.costa1722@bigpond.com,Timothy Costa,1993-05-20,6000,false,,closed,2021-12-26,2022-03-13
A004286,timothy.zhang2764@outlook.com,Timothy Zhang,1979-09-17,3121,true,2026-05-08,active,2026-01-16,2026-02-20
A004287,brian.lee1569@outlook.com,Brian Lee,1955-03-16,2170,true,2024-03-24,lapsed,2023-01-15,2023-09-25
A004288,katherine.anderson1117@yahoo.com.au,Katherine Anderson,1997-05-06,3550,false,,lapsed,2017-10-28,2025-04-02
A004289,hiro.evans8233@gmail.com,Hiro Evans,1956-04-29,2026,false,,active,2025-10-28,2026-02-04
A004290,priya.anderson5852@hotmail.com,Priya Anderson,1983-06-27,7000,true,2023-10-13,lapsed,2017-12-05,2023-09-19
A004291,stephanie.rossi6385@gmail.com,Stephanie Rossi,1994-02-11,2170,false,,active,2025-04-15,2026-04-03
A004292,susan.thompson1979@gmail.com,Susan Thompson,1952-01-25,3121,true,2021-09-12,lapsed,2018-12-12,2019-03-25
A004293,katherine.white8552@bigpond.com,Katherine White,1982-03-11,3220,true,2021-12-02,closed,2019-09-24,2022-10-28
A004294,margaret.obrien4404@gmail.com,Margaret OBrien,1960-10-01,6000,true,2024-10-19,active,2020-04-30,2025-07-25
A004295,linda.kelly3878@hotmail.com,Linda Kelly,1996-03-10,4217,true,2025-06-12,lapsed,2024-10-07,2024-10-09
A004296,catherine.jones763@icloud.com,Catherine Jones,1997-06-22,3030,true,2024-09-04,lapsed,2021-12-07,2023-12-14
A004297,jessica.ryan508@bigpond.com,Jessica Ryan,1998-05-22,4000,true,2021-04-29,lapsed,2021-02-05,2023-12-31
A004298,robert.clarke2616@outlook.com,Robert Clarke,1960-03-27,6000,true,2026-01-04,lapsed,2023-06-27,2024-02-06
A004299,steven.stewart932@hotmail.com,Steven Stewart,1995-01-22,6000,true,2021-03-30,lapsed,2019-12-30,2022-12-06
A004300,deborah.kelly4772@icloud.com,Deborah Kelly,2006-04-03,3550,true,2024-07-19,lapsed,2018-01-28,2019-06-04
A004301,anthony.johnson3220@outlook.com,Anthony Johnson,1951-09-09,3056,true,2025-10-02,lapsed,2018-10-18,2023-10-11
A004302,george.liu1176@bigpond.com,George Liu,1957-12-23,3182,false,,active,2025-05-25,2026-03-04
A004303,karen.tanaka6280@gmail.com,Karen Tanaka,1971-08-14,3056,false,,lapsed,2018-04-09,2019-05-21
A004304,emma.taylor4002@outlook.com,Emma Taylor,1995-06-06,3121,true,2026-05-22,active,2026-02-19,2026-04-11
A004305,wei.wright3808@outlook.com,Wei Wright,1988-02-06,6000,true,2024-05-09,lapsed,2022-09-10,2024-01-04
A004306,robert.wright58@yahoo.com.au,Robert Wright,1994-02-14,7000,true,2025-02-25,active,2024-12-11,2026-03-07
A004307,deborah.jones8893@icloud.com,Deborah Jones,1965-02-26,5000,true,2025-01-25,lapsed,2023-11-04,2025-01-22
A004308,katherine.baker6247@yahoo.com.au,Katherine Baker,1983-04-27,2150,true,2022-12-23,closed,2020-05-27,2022-01-13
A004309,andrew.wang4491@icloud.com,Andrew Wang,1979-05-15,4217,true,2025-08-11,active,2023-09-22,2026-02-16
A004310,timothy.nguyen2900@yahoo.com.au,Timothy Nguyen,1964-04-03,5000,true,2025-02-28,active,2024-12-18,2026-04-29
A004311,joshua.lee9784@icloud.com,Joshua Lee,1976-08-20,3141,true,2025-07-23,active,2024-10-09,2026-06-28
A004312,emma.khan2579@bigpond.com,Emma Khan,1961-10-18,3182,true,2021-05-30,closed,2020-04-06,2024-03-25
A004313,patricia.king9458@yahoo.com.au,Patricia King,1960-08-26,3199,true,2025-07-25,active,2023-09-22,2025-08-13
A004314,rebecca.walker8215@yahoo.com.au,Rebecca Walker,1952-09-02,3199,true,2026-05-21,lapsed,2019-02-28,2021-07-04
A004315,anthony.king7339@yahoo.com.au,Anthony King,1995-03-22,2150,false,,lapsed,2020-06-16,2023-05-21
A004316,michelle.liu3520@yahoo.com.au,Michelle Liu,1969-11-19,3056,true,2023-11-14,lapsed,2021-08-27,2023-03-23
A004317,priya.murphy1349@bigpond.com,Priya Murphy,1984-07-22,2000,true,2024-01-16,lapsed,2022-11-22,2025-06-04
A004318,joshua.johnson8061@gmail.com,Joshua Johnson,1987-08-22,3141,true,2024-12-27,active,2024-03-17,2025-09-28
A004319,fatima.baker4618@hotmail.com,Fatima Baker,1954-03-13,7000,true,2022-08-28,lapsed,2020-08-24,2025-05-16
A004320,joshua.stewart6197@yahoo.com.au,Joshua Stewart,1980-12-10,3550,false,,lapsed,2018-10-29,2020-08-11
A004321,wei.walker1843@bigpond.com,Wei Walker,1982-01-05,2170,true,2022-12-27,lapsed,2021-08-10,2024-04-08
A004322,samantha.smith3185@gmail.com,Samantha Smith,2004-12-22,3199,true,2026-06-06,active,2026-02-25,2026-02-27
A004323,jessica.zhang5089@gmail.com,Jessica Zhang,1980-08-13,3000,true,2023-07-30,lapsed,2023-01-01,2024-09-22
A004324,sarah.wilson6640@hotmail.com,Sarah Wilson,1951-10-24,2026,true,2025-03-23,lapsed,2020-09-03,2020-12-24
A004325,christine.kumar6026@bigpond.com,Christine Kumar,1983-01-17,2000,true,2026-03-24,closed,2023-07-08,2026-04-07
A004326,kevin.adams6961@outlook.com,Kevin Adams,1953-01-22,3121,true,2022-09-20,lapsed,2019-05-11,2025-03-20
A004327,william.chen4958@gmail.com,William Chen,1960-05-19,7000,false,,lapsed,2024-08-03,2024-12-01
A004328,ming.murphy5461@bigpond.com,Ming Murphy,1970-01-09,2010,false,,lapsed,2018-01-24,2021-06-30
A004329,george.sato7570@yahoo.com.au,George Sato,2003-06-10,3220,true,2020-05-12,lapsed,2019-09-06,2020-01-06
A004330,priya.murphy9123@outlook.com,Priya Murphy,1968-03-05,3141,false,,lapsed,2018-09-21,2020-10-27
A004331,david.murphy3008@icloud.com,David Murphy,1985-12-19,2010,true,2020-05-05,lapsed,2018-05-29,2020-05-17
A004332,helen.baker2185@icloud.com,Helen Baker,1982-04-22,3220,true,2022-08-05,lapsed,2019-04-14,2023-04-10
A004333,steven.brown5413@yahoo.com.au,Steven Brown,1952-09-04,3121,true,2025-09-11,active,2024-08-30,2026-03-19
A004334,george.green1845@hotmail.com,George Green,2004-08-06,2150,true,2026-05-08,lapsed,2023-07-09,2024-07-17
A004335,steven.lee2749@gmail.com,Steven Lee,1950-11-03,2600,true,2026-01-27,lapsed,2018-10-04,2023-03-10
A004336,christine.walker5007@gmail.com,Christine Walker,1961-07-28,3056,true,2026-04-12,active,2023-07-15,2025-10-22
A004337,mark.wright1524@outlook.com,Mark Wright,1987-06-28,6000,true,2024-02-13,lapsed,2019-01-13,2020-08-17
A004338,ahmed.wright1529@gmail.com,Ahmed Wright,1990-11-25,3182,true,2026-06-15,active,2026-05-12,2026-05-27
A004339,brian.wright8963@hotmail.com,Brian Wright,1981-01-17,2000,true,2024-09-19,lapsed,2023-09-18,2024-04-15
A004340,michelle.collins7598@outlook.com,Michelle Collins,1978-01-03,7000,false,,active,2024-06-20,2025-12-24
A004341,hiro.edwards7521@hotmail.com,Hiro Edwards,1970-11-22,5000,false,,closed,2025-09-03,2026-05-23
A004342,catherine.pham6514@bigpond.com,Catherine Pham,1967-05-05,2170,true,2026-06-28,active,2026-05-26,2026-06-17
A004343,steven.sato7042@icloud.com,Steven Sato,1963-04-11,2010,true,2026-06-16,active,2025-08-09,2026-01-04
A004344,michelle.edwards4040@gmail.com,Michelle Edwards,1986-01-20,2026,true,2020-03-16,lapsed,2019-06-02,2021-06-13
A004345,joshua.thompson5759@hotmail.com,Joshua Thompson,1970-10-08,4217,true,2024-09-04,lapsed,2019-01-26,2024-08-21
A004346,ashley.king6840@bigpond.com,Ashley King,1977-11-08,2600,true,2025-12-03,lapsed,2021-01-22,2021-08-23
A004347,linda.walker9547@icloud.com,Linda Walker,1977-04-30,2600,false,,active,2022-02-26,2026-04-20
A004348,joshua.johnson1799@icloud.com,Joshua Johnson,1979-10-25,2600,true,2026-01-20,active,2025-05-15,2025-08-19
A004349,jessica.bell2231@gmail.com,Jessica Bell,1951-02-25,3550,true,2025-09-06,active,2025-05-30,2026-05-25
A004350,amanda.sato2386@bigpond.com,Amanda Sato,1979-08-23,3182,true,2023-01-17,lapsed,2018-07-18,2024-12-15
A004351,charles.hall4682@icloud.com,Charles Hall,1990-06-21,3182,true,2026-01-16,active,2025-11-14,2025-11-15
A004352,karen.ryan9817@gmail.com,Karen Ryan,1996-01-31,2010,true,2025-05-13,active,2019-11-05,2025-12-21
A004353,william.tanaka7783@yahoo.com.au,William Tanaka,1950-02-14,7000,false,,lapsed,2019-04-09,2021-07-04
A004354,william.adams6834@yahoo.com.au,William Adams,1975-07-04,2170,false,,lapsed,2024-09-04,2025-06-27
A004355,mark.sato6796@hotmail.com,Mark Sato,2000-06-20,3141,false,,active,2018-11-18,2025-11-25
A004356,rebecca.kelly7461@gmail.com,Rebecca Kelly,1977-01-16,5000,true,2025-12-20,active,2025-10-30,2026-02-12
A004357,matthew.campbell9598@outlook.com,Matthew Campbell,1969-07-08,3199,false,,active,2025-08-18,2026-03-11
A004358,margaret.scott734@yahoo.com.au,Margaret Scott,1976-03-19,2026,false,,active,2022-09-02,2026-04-28
A004359,george.khan7384@gmail.com,George Khan,1996-09-30,3056,false,,active,2025-11-10,2025-12-12
A004360,kevin.singh3600@icloud.com,Kevin Singh,1998-01-23,3199,true,2026-03-04,active,2025-12-30,2026-03-24
A004361,joshua.rossi9486@bigpond.com,Joshua Rossi,1970-04-25,2600,true,2026-04-23,active,2024-11-24,2026-06-10
A004362,giulia.walker8748@gmail.com,Giulia Walker,1996-06-03,2026,true,2024-02-01,active,2021-10-20,2026-05-10
A004363,william.sato3769@outlook.com,William Sato,1981-09-29,2170,true,2018-12-23,lapsed,2018-09-22,2022-12-31
A004364,raj.ali514@hotmail.com,Raj Ali,1959-04-20,2000,true,2025-07-13,active,2025-05-18,2025-09-13
A004365,daniel.hall4680@hotmail.com,Daniel Hall,1968-03-17,5000,true,2024-05-01,lapsed,2023-03-03,2023-06-18
A004366,laura.wang5812@icloud.com,Laura Wang,1978-04-16,3030,true,2021-10-07,lapsed,2017-09-25,2023-03-08
A004367,steven.green7783@bigpond.com,Steven Green,1961-11-05,2170,true,2020-04-21,lapsed,2018-02-28,2019-03-13
A004368,michael.hall9697@bigpond.com,Michael Hall,1955-08-31,3000,true,2026-06-13,lapsed,2022-12-02,2024-09-11
A004369,ahmed.ryan8278@icloud.com,Ahmed Ryan,1970-11-13,6000,true,2025-02-24,active,2019-02-10,2025-11-02
A004370,james.brown1861@bigpond.com,James Brown,1986-02-18,2150,false,,lapsed,2021-01-09,2023-07-04
A004371,matthew.wright5392@icloud.com,Matthew Wright,1976-01-30,3121,false,,active,2026-01-02,2026-06-11
A004372,thomas.singh6557@gmail.com,Thomas Singh,1956-02-11,3141,false,,lapsed,2018-05-02,2023-04-02
A004373,samantha.brown7019@gmail.com,Samantha Brown,1978-11-27,7000,true,2026-04-30,active,2026-04-21,2026-05-17
A004374,matthew.williams3818@gmail.com,Matthew Williams,2001-04-17,3030,true,2025-05-17,lapsed,2024-05-02,2024-09-28
A004375,karen.nguyen987@icloud.com,Karen Nguyen,1988-02-24,3141,true,2025-05-20,lapsed,2021-10-01,2023-05-25
A004376,laura.pham547@gmail.com,Laura Pham,1981-11-23,3056,true,2026-02-25,active,2025-07-02,2025-08-02
A004377,olivia.wilson4216@yahoo.com.au,Olivia Wilson,1993-01-19,3220,false,,active,2025-12-19,2026-04-02
A004378,katherine.tran9@icloud.com,Katherine Tran,1960-11-29,5000,true,2026-01-28,active,2023-09-18,2026-04-17
A004379,david.kelly7336@bigpond.com,David Kelly,1957-11-04,2026,false,,lapsed,2022-12-07,2023-06-22
A004380,rebecca.pham8061@icloud.com,Rebecca Pham,1957-05-04,4217,false,,active,2026-02-09,2026-04-14
A004381,emily.wilson5429@gmail.com,Emily Wilson,1990-07-29,2600,false,,lapsed,2023-04-04,2023-08-15
A004382,lisa.martin2015@yahoo.com.au,Lisa Martin,1990-03-30,7000,true,2026-06-29,active,2025-06-19,2026-06-03
A004383,mary.johnson7621@outlook.com,Mary Johnson,1989-03-02,4217,false,,lapsed,2017-12-06,2018-12-07
A004384,rachel.king9857@gmail.com,Rachel King,1963-12-08,5000,true,2025-04-19,lapsed,2022-09-17,2024-06-26
A004385,ashley.rossi1413@icloud.com,Ashley Rossi,1977-07-19,6000,true,2025-04-04,lapsed,2023-04-29,2023-07-29
A004386,robert.hall4043@bigpond.com,Robert Hall,1962-10-10,3182,true,2025-07-16,lapsed,2024-02-25,2024-07-13
A004387,william.wang1393@yahoo.com.au,William Wang,1982-07-09,2026,false,,lapsed,2018-05-12,2025-01-30
A004388,david.ryan5096@icloud.com,David Ryan,1995-12-16,3182,true,2024-09-25,lapsed,2023-09-29,2024-12-09
A004389,marco.wright6449@icloud.com,Marco Wright,1954-01-09,4217,false,,active,2025-05-28,2026-05-10
A004390,melissa.singh1076@yahoo.com.au,Melissa Singh,1987-10-23,3220,true,2026-06-21,lapsed,2018-09-16,2021-01-06
A004391,timothy.bell3529@icloud.com,Timothy Bell,1970-04-04,3000,true,2024-06-23,lapsed,2024-01-01,2024-06-09
A004392,daniel.campbell5000@icloud.com,Daniel Campbell,1968-12-16,2600,false,,lapsed,2017-09-25,2018-12-11
A004393,hiro.lee7804@icloud.com,Hiro Lee,1951-01-21,2000,true,2025-10-19,active,2024-05-17,2025-10-13
A004394,david.white4536@bigpond.com,David White,1982-08-01,6000,true,2025-09-10,lapsed,2023-08-08,2023-10-26
A004395,elizabeth.rossi692@yahoo.com.au,Elizabeth Rossi,1968-03-07,4000,true,2025-12-24,active,2025-05-25,2025-10-04
A004396,rebecca.edwards4908@outlook.com,Rebecca Edwards,1950-08-17,3000,true,2025-12-17,lapsed,2020-03-18,2020-08-02
A004397,rachel.wang3408@outlook.com,Rachel Wang,1994-05-20,2010,true,2023-11-14,lapsed,2018-11-21,2024-02-12
A004398,charles.adams7571@outlook.com,Charles Adams,2004-09-12,4000,false,,lapsed,2019-01-21,2021-12-26
A004399,karen.obrien5891@hotmail.com,Karen OBrien,1965-03-25,3550,true,2021-03-13,active,2018-04-06,2025-07-25
A004400,sarah.white1502@gmail.com,Sarah White,1973-01-21,7000,false,,lapsed,2023-12-29,2025-01-21
A004401,yuki.nguyen7364@hotmail.com,Yuki Nguyen,1985-05-05,3220,false,,lapsed,2020-06-09,2023-11-10
A004402,laura.white3152@bigpond.com,Laura White,1951-01-30,3220,false,,lapsed,2022-02-06,2025-06-23
A004403,helen.tanaka561@icloud.com,Helen Tanaka,1950-01-23,7000,false,,lapsed,2019-06-17,2022-06-26
A004404,michelle.murphy5289@icloud.com,Michelle Murphy,1958-11-23,5000,false,,lapsed,2020-01-04,2022-11-20
A004405,joshua.chen5070@icloud.com,Joshua Chen,1989-12-25,3030,true,2024-07-08,active,2024-01-27,2025-11-01
A004406,yuki.tanaka6155@hotmail.com,Yuki Tanaka,1975-07-25,3000,false,,lapsed,2021-04-03,2022-01-26
A004407,priya.campbell1342@yahoo.com.au,Priya Campbell,1968-02-02,3000,false,,lapsed,2021-09-06,2023-01-27
A004408,lisa.white2135@outlook.com,Lisa White,2002-10-16,2150,false,,lapsed,2021-03-11,2023-01-04
A004409,sandra.chen8144@hotmail.com,Sandra Chen,1969-04-27,7000,true,2025-04-06,lapsed,2024-05-21,2025-05-17
A004410,brian.wilson8001@bigpond.com,Brian Wilson,1968-05-07,2600,true,2025-10-31,lapsed,2024-06-01,2024-10-24
A004411,marco.stewart3082@bigpond.com,Marco Stewart,2005-09-07,3141,true,2025-09-18,active,2025-08-10,2025-11-15
A004412,deborah.bell7770@gmail.com,Deborah Bell,1956-05-28,3199,true,2025-04-02,closed,2020-01-19,2021-03-14
A004413,amanda.pham428@bigpond.com,Amanda Pham,1994-08-29,3220,true,2024-12-05,lapsed,2024-09-17,2025-01-04
A004414,marco.robinson3238@outlook.com,Marco Robinson,1952-08-15,3030,true,2022-09-17,active,2021-03-29,2026-04-01
A004415,stephanie.liu1870@outlook.com,Stephanie Liu,1968-08-31,3141,true,2024-12-23,lapsed,2024-04-10,2025-04-16
A004416,kevin.wang2214@gmail.com,Kevin Wang,1995-09-04,2010,true,2025-12-31,active,2024-01-14,2026-03-09
A004417,michael.pham7389@hotmail.com,Michael Pham,1997-10-03,3182,true,2021-02-01,lapsed,2018-11-15,2022-10-24
A004418,susan.scott9059@bigpond.com,Susan Scott,1958-06-01,3550,true,2026-01-27,lapsed,2018-01-30,2023-02-24
A004419,brian.wang6074@gmail.com,Brian Wang,1958-08-05,2010,false,,active,2023-06-24,2025-07-23
A004420,sandra.hall6664@outlook.com,Sandra Hall,2006-08-18,2170,true,2026-06-05,active,2026-01-26,2026-05-12
A004421,wei.mitchell2157@outlook.com,Wei Mitchell,1956-02-29,6000,true,2026-02-09,active,2025-07-08,2026-06-09
A004422,raj.walker7190@icloud.com,Raj Walker,1971-08-19,2170,true,2024-11-03,lapsed,2019-12-07,2021-11-13
A004423,catherine.bell635@outlook.com,Catherine Bell,1978-06-07,4000,true,2026-03-09,lapsed,2024-12-09,2025-02-12
A004424,anthony.green150@outlook.com,Anthony Green,2001-04-14,2010,true,2020-11-01,lapsed,2017-10-13,2021-05-19
A004425,wei.pham1182@hotmail.com,Wei Pham,1985-03-09,2150,true,2025-07-15,lapsed,2020-04-05,2021-05-23
A004426,lisa.murphy1118@icloud.com,Lisa Murphy,1958-05-24,2000,true,2026-05-11,active,2025-04-22,2025-09-12
A004427,lisa.taylor5957@bigpond.com,Lisa Taylor,1988-08-08,3550,true,2026-04-13,active,2025-06-23,2025-10-20
A004428,samantha.wright3838@hotmail.com,Samantha Wright,1969-08-17,2026,true,2026-03-29,active,2026-03-25,2026-06-02
A004429,kevin.baker5537@gmail.com,Kevin Baker,1964-01-13,3056,true,2022-12-16,lapsed,2017-09-13,2019-09-29
A004430,wei.edwards7517@icloud.com,Wei Edwards,1955-07-14,2150,true,2021-12-16,active,2020-03-29,2026-02-23
A004431,giulia.scott985@yahoo.com.au,Giulia Scott,2003-10-12,6000,false,,lapsed,2023-08-10,2025-05-11
A004432,thomas.nguyen7250@yahoo.com.au,Thomas Nguyen,2005-02-06,2010,false,,active,2025-10-13,2026-06-27
A004433,steven.ali9248@icloud.com,Steven Ali,2006-08-04,7000,true,2022-02-27,lapsed,2017-12-16,2018-09-10
A004434,linda.jones9254@hotmail.com,Linda Jones,1953-02-27,2170,true,2023-05-13,lapsed,2022-07-08,2024-04-04
A004435,priya.murphy2942@outlook.com,Priya Murphy,1951-12-26,4217,false,,lapsed,2023-03-13,2024-08-27
A004436,mark.nguyen1168@outlook.com,Mark Nguyen,1969-03-08,2150,true,2024-12-03,lapsed,2019-12-11,2022-03-14
A004437,patricia.wilson5380@icloud.com,Patricia Wilson,1984-04-04,3220,true,2025-01-08,active,2024-04-17,2025-08-29
A004438,lisa.chen3460@yahoo.com.au,Lisa Chen,1991-03-01,2600,false,,lapsed,2018-08-19,2021-09-09
A004439,kevin.rossi9193@outlook.com,Kevin Rossi,1991-09-30,2000,true,2024-02-03,lapsed,2022-02-25,2024-09-02
A004440,anthony.costa2635@outlook.com,Anthony Costa,1968-10-06,4217,true,2024-08-16,lapsed,2020-06-02,2023-11-03
A004441,karen.campbell5507@icloud.com,Karen Campbell,1973-11-08,3141,false,,active,2025-04-07,2025-07-06
A004442,amanda.collins4197@bigpond.com,Amanda Collins,1953-12-24,3141,true,2025-11-29,closed,2025-11-06,2026-06-16
A004443,mary.ali5984@hotmail.com,Mary Ali,1957-12-25,3141,true,2022-03-25,lapsed,2019-11-29,2023-10-23
A004444,kevin.mitchell8536@outlook.com,Kevin Mitchell,1977-12-05,3141,false,,lapsed,2021-01-14,2021-03-05
A004445,andrew.martin914@hotmail.com,Andrew Martin,1964-05-20,2000,true,2025-09-11,lapsed,2020-02-17,2024-11-13
A004446,mary.smith7039@gmail.com,Mary Smith,1993-09-21,5000,false,,active,2024-09-19,2025-09-09
A004447,steven.anderson4198@gmail.com,Steven Anderson,1991-12-01,2010,false,,active,2022-11-04,2026-04-16
A004448,stephanie.williams4546@outlook.com,Stephanie Williams,1961-06-21,3199,true,2026-03-07,lapsed,2023-08-14,2023-08-20
A004449,rachel.brown1896@hotmail.com,Rachel Brown,1983-06-21,2000,true,2021-12-06,active,2021-02-28,2025-12-15
A004450,stephanie.taylor8236@hotmail.com,Stephanie Taylor,1968-09-25,3199,true,2023-05-27,lapsed,2019-12-23,2023-12-28
A004451,richard.sato6548@gmail.com,Richard Sato,1956-04-21,3141,false,,closed,2018-05-16,2020-03-05
A004452,amanda.obrien3387@outlook.com,Amanda OBrien,1992-11-08,2170,true,2025-04-22,active,2023-04-20,2025-10-25
A004453,mary.obrien9715@yahoo.com.au,Mary OBrien,1990-05-08,2000,true,2022-12-14,lapsed,2022-03-08,2023-03-06
A004454,emily.hall6943@bigpond.com,Emily Hall,1992-11-18,3141,true,2025-06-14,active,2024-11-18,2025-12-29
A004455,melissa.bell6687@gmail.com,Melissa Bell,1978-12-01,3199,false,,lapsed,2023-05-11,2024-11-13
A004456,karen.pham7666@icloud.com,Karen Pham,2000-12-24,3030,true,2025-02-27,lapsed,2021-02-27,2022-12-03
A004457,patricia.stewart5742@yahoo.com.au,Patricia Stewart,1970-08-19,2000,true,2025-09-17,active,2025-09-05,2026-01-15
A004458,emma.murphy7821@gmail.com,Emma Murphy,2005-09-30,4000,false,,lapsed,2022-06-10,2022-08-12
A004459,deborah.wright7245@yahoo.com.au,Deborah Wright,1954-04-07,3182,true,2023-07-14,lapsed,2023-06-23,2024-03-29
A004460,robert.kumar9947@outlook.com,Robert Kumar,2003-09-23,3199,true,2026-03-12,active,2025-04-04,2026-04-26
A004461,richard.murphy4914@icloud.com,Richard Murphy,1975-02-16,5000,true,2025-04-13,active,2021-10-16,2026-05-17
A004462,joshua.costa7142@bigpond.com,Joshua Costa,1958-05-02,3030,true,2023-03-18,closed,2018-10-26,2019-01-05
A004463,michelle.scott665@bigpond.com,Michelle Scott,1981-01-23,3000,true,2026-03-15,active,2025-02-24,2025-08-15
A004464,anthony.mitchell4496@bigpond.com,Anthony Mitchell,1982-09-04,3030,true,2025-04-19,active,2024-06-14,2025-11-08
A004465,giulia.walker6802@outlook.com,Giulia Walker,1997-11-24,4217,false,,lapsed,2021-12-04,2024-03-09
A004466,rachel.zhang181@yahoo.com.au,Rachel Zhang,1989-07-04,3220,true,2022-10-23,lapsed,2022-09-21,2024-10-25
A004467,yuki.tran5439@icloud.com,Yuki Tran,1989-01-19,3000,true,2026-01-04,active,2024-10-27,2025-10-14
A004468,christine.pham6975@yahoo.com.au,Christine Pham,1997-09-10,3182,false,,lapsed,2023-07-21,2024-02-21
A004469,samantha.singh6136@icloud.com,Samantha Singh,1998-04-14,6000,false,,lapsed,2025-03-15,2025-05-07
A004470,yuki.stewart1455@hotmail.com,Yuki Stewart,1955-04-02,2000,true,2022-04-19,active,2017-07-11,2025-09-13
A004471,timothy.baker7900@bigpond.com,Timothy Baker,1962-11-25,3121,true,2026-04-25,active,2024-10-10,2025-09-06
A004472,fatima.chen6810@outlook.com,Fatima Chen,1950-09-16,4217,true,2024-04-03,lapsed,2022-03-19,2024-06-01
A004473,anthony.wilson8766@yahoo.com.au,Anthony Wilson,1957-04-11,2000,true,2026-06-18,active,2025-03-13,2025-12-26
A004474,stephanie.brown5193@outlook.com,Stephanie Brown,1966-06-12,4000,false,,lapsed,2022-07-23,2025-02-25
A004475,joshua.zhang9772@bigpond.com,Joshua Zhang,2001-02-04,3121,false,,lapsed,2023-05-06,2024-08-17
A004476,timothy.jones3731@hotmail.com,Timothy Jones,1958-09-26,3182,true,2026-06-28,closed,2023-11-27,2026-02-05
A004477,joshua.smith5666@icloud.com,Joshua Smith,1966-07-05,2026,true,2024-02-27,active,2018-12-11,2025-12-29
A004478,emily.turner2067@outlook.com,Emily Turner,1965-02-01,3182,false,,lapsed,2021-12-04,2021-12-16
A004479,marco.green139@icloud.com,Marco Green,1997-11-20,2026,false,,active,2025-09-29,2026-06-30
A004480,amanda.king5458@icloud.com,Amanda King,1991-10-23,2150,false,,active,2025-07-30,2025-09-29
A004481,hiro.campbell69@yahoo.com.au,Hiro Campbell,1980-03-29,3000,false,,active,2024-05-16,2025-10-09
A004482,katherine.pham6558@bigpond.com,Katherine Pham,1968-07-28,3121,true,2024-08-11,lapsed,2021-01-08,2022-04-18
A004483,anthony.tanaka8799@outlook.com,Anthony Tanaka,1970-09-06,3030,true,2021-01-31,lapsed,2017-10-04,2018-10-11
A004484,brian.singh4289@gmail.com,Brian Singh,1977-08-28,3550,false,,lapsed,2017-09-25,2022-01-19
A004485,deborah.taylor3840@icloud.com,Deborah Taylor,1998-06-20,3141,false,,lapsed,2023-09-08,2025-04-23
A004486,ming.bell1293@icloud.com,Ming Bell,1982-01-08,3000,true,2025-05-20,active,2019-07-11,2026-01-12
A004487,linda.liu9622@yahoo.com.au,Linda Liu,1950-08-07,3056,false,,lapsed,2024-10-21,2025-01-30
A004488,emma.taylor1160@gmail.com,Emma Taylor,1951-12-24,3030,true,2026-01-22,active,2024-04-25,2025-12-16
A004489,richard.white7121@yahoo.com.au,Richard White,1961-03-17,3199,false,,lapsed,2021-12-21,2024-10-09
A004490,olivia.campbell4922@hotmail.com,Olivia Campbell,1995-09-10,2150,false,,lapsed,2024-08-18,2024-10-30
A004491,brian.scott2616@bigpond.com,Brian Scott,1981-04-03,3030,true,2026-05-31,active,2026-05-30,2026-06-30
A004492,samantha.campbell9964@yahoo.com.au,Samantha Campbell,1959-12-11,3030,true,2023-04-29,lapsed,2022-09-10,2023-08-16
A004493,fatima.walker9199@icloud.com,Fatima Walker,1999-12-08,3056,true,2025-03-08,active,2024-08-16,2026-02-26
A004494,wei.jones4333@bigpond.com,Wei Jones,2005-01-11,3199,false,,lapsed,2018-09-02,2020-02-20
A004495,yuki.smith737@bigpond.com,Yuki Smith,2001-12-19,3220,false,,active,2026-03-04,2026-03-05
A004496,wei.martin9736@hotmail.com,Wei Martin,1999-03-12,6000,true,2025-04-02,lapsed,2018-02-02,2018-09-14
A004497,joshua.campbell9657@gmail.com,Joshua Campbell,1972-06-14,2000,true,2025-01-21,lapsed,2024-12-11,2025-06-26
A004498,joseph.sato2725@icloud.com,Joseph Sato,2003-03-09,2150,true,2021-12-15,lapsed,2017-11-29,2021-12-14
A004499,deborah.taylor5121@yahoo.com.au,Deborah Taylor,1988-09-13,4000,false,,lapsed,2022-12-27,2025-02-05
A004500,wei.stewart7652@outlook.com,Wei Stewart,1961-12-14,6000,true,2025-09-16,lapsed,2023-08-30,2023-12-18
A004501,rachel.johnson8598@gmail.com,Rachel Johnson,1962-02-18,2026,true,2023-06-19,active,2021-10-28,2026-04-03
A004502,matthew.campbell9405@icloud.com,Matthew Campbell,1965-11-20,3121,true,2026-02-10,active,2026-02-06,2026-04-21
A004503,joshua.stewart5631@outlook.com,Joshua Stewart,1975-01-18,4000,true,2026-06-10,active,2025-12-29,2026-03-03
A004504,margaret.sato8543@hotmail.com,Margaret Sato,2005-01-29,2150,true,2026-03-07,lapsed,2023-06-17,2024-09-30
A004505,margaret.pham1404@gmail.com,Margaret Pham,1972-12-24,3199,false,,active,2021-09-13,2025-12-20
A004506,amanda.khan4465@bigpond.com,Amanda Khan,2002-01-16,3056,true,2023-06-26,lapsed,2020-09-16,2022-08-31
A004507,brian.clarke9403@hotmail.com,Brian Clarke,1977-01-15,3199,false,,active,2024-12-19,2026-06-06
A004508,ming.taylor716@icloud.com,Ming Taylor,1989-05-28,3141,false,,active,2024-02-03,2026-06-11
A004509,laura.taylor1648@hotmail.com,Laura Taylor,1952-01-05,3121,true,2026-05-13,lapsed,2021-11-25,2023-11-09
A004510,joseph.walker144@icloud.com,Joseph Walker,1977-01-16,6000,true,2024-03-10,active,2019-12-24,2026-03-01
A004511,christine.kumar7096@bigpond.com,Christine Kumar,1954-05-15,2010,false,,lapsed,2020-03-19,2021-03-01
A004512,rebecca.adams7729@yahoo.com.au,Rebecca Adams,1983-04-29,4000,true,2023-11-16,lapsed,2021-03-18,2024-01-17
A004513,linda.jones7780@gmail.com,Linda Jones,1977-08-17,3056,true,2024-08-20,lapsed,2023-05-22,2024-08-08
A004514,christine.sato2053@yahoo.com.au,Christine Sato,1973-09-03,2150,false,,lapsed,2024-07-03,2025-01-14
A004515,steven.williams9368@yahoo.com.au,Steven Williams,1978-04-02,3182,true,2024-07-19,lapsed,2022-09-17,2025-01-29
A004516,jessica.baker4788@hotmail.com,Jessica Baker,1997-03-25,4000,true,2025-04-18,closed,2024-08-10,2025-01-27
A004517,emily.liu7655@outlook.com,Emily Liu,1969-08-18,2600,true,2024-08-28,lapsed,2023-05-16,2024-02-25
A004518,giulia.edwards3269@gmail.com,Giulia Edwards,2003-03-07,4000,true,2026-02-22,active,2026-02-05,2026-05-28
A004519,charles.rossi5084@gmail.com,Charles Rossi,1995-01-12,4000,true,2026-04-15,active,2024-10-31,2026-05-04
A004520,giulia.pham9510@bigpond.com,Giulia Pham,1977-04-15,3000,true,2022-08-16,active,2021-11-19,2026-05-28
A004521,brian.walker3869@gmail.com,Brian Walker,1954-09-19,3121,false,,lapsed,2017-10-27,2023-01-23
A004522,andrew.hall4869@icloud.com,Andrew Hall,1983-09-19,2000,true,2024-11-15,lapsed,2022-05-25,2025-03-13
A004523,kevin.adams6346@bigpond.com,Kevin Adams,1960-09-10,3056,true,2025-06-14,active,2024-08-30,2026-05-07
A004524,margaret.smith1970@gmail.com,Margaret Smith,1974-09-08,4217,false,,active,2023-10-30,2026-04-15
A004525,william.king1446@hotmail.com,William King,1999-07-31,2026,true,2026-06-01,active,2025-06-18,2025-11-23
A004526,david.white446@bigpond.com,David White,1982-02-02,3220,false,,lapsed,2022-08-28,2024-06-12
A004527,margaret.ali8225@gmail.com,Margaret Ali,1968-06-12,3121,false,,lapsed,2017-08-13,2018-04-26
A004528,karen.stewart9033@outlook.com,Karen Stewart,1952-12-03,3121,true,2025-07-05,lapsed,2023-07-17,2024-01-03
A004529,richard.obrien3699@outlook.com,Richard OBrien,1978-06-07,2026,true,2023-04-07,lapsed,2022-02-18,2024-03-28
A004530,thomas.wright3928@icloud.com,Thomas Wright,2000-11-16,2600,true,2025-05-07,lapsed,2018-03-20,2019-10-26
A004531,thomas.hall1526@hotmail.com,Thomas Hall,1962-01-23,2000,true,2022-05-13,lapsed,2018-11-11,2020-06-18
A004532,marco.jones4524@gmail.com,Marco Jones,1985-10-19,4217,true,2021-04-08,lapsed,2019-09-21,2022-07-21
A004533,charles.mitchell7241@outlook.com,Charles Mitchell,1972-07-07,3000,true,2023-01-02,lapsed,2019-06-22,2023-01-19
A004534,jessica.johnson6160@hotmail.com,Jessica Johnson,2000-11-21,7000,false,,closed,2024-08-29,2024-12-20
A004535,laura.kelly9014@gmail.com,Laura Kelly,1960-12-10,3220,true,2021-07-13,lapsed,2020-11-07,2025-06-28
A004536,emma.ryan2015@yahoo.com.au,Emma Ryan,1963-06-04,6000,false,,lapsed,2019-06-16,2019-09-28
A004537,christine.ali4214@hotmail.com,Christine Ali,2005-12-13,3030,true,2025-04-01,lapsed,2024-11-07,2025-05-04
A004538,karen.martin696@gmail.com,Karen Martin,1985-08-26,2000,true,2025-10-09,active,2018-09-07,2025-11-16
A004539,matthew.scott9069@gmail.com,Matthew Scott,1983-07-15,3056,false,,active,2025-02-20,2026-02-09
A004540,joshua.liu3718@outlook.com,Joshua Liu,2000-08-28,7000,true,2024-07-03,lapsed,2019-03-24,2022-09-20
A004541,helen.robinson1802@outlook.com,Helen Robinson,1961-04-22,3141,false,,closed,2023-06-08,2024-08-21
A004542,mary.baker6854@hotmail.com,Mary Baker,1975-04-01,6000,true,2020-09-13,lapsed,2020-04-14,2023-12-12
A004543,giulia.campbell2357@outlook.com,Giulia Campbell,1989-09-13,2010,true,2026-03-13,lapsed,2025-05-15,2025-06-01
A004544,michael.campbell4144@hotmail.com,Michael Campbell,1984-12-06,3000,false,,active,2023-07-18,2026-02-26
A004545,fatima.turner2487@icloud.com,Fatima Turner,1980-11-14,3121,false,,lapsed,2019-12-28,2023-06-19
A004546,rebecca.wang4484@outlook.com,Rebecca Wang,1997-03-28,2000,true,2025-05-05,lapsed,2018-06-14,2024-10-10
A004547,ashley.sato2463@gmail.com,Ashley Sato,1975-01-07,5000,true,2026-03-10,lapsed,2022-07-10,2022-11-25
A004548,daniel.wright3675@outlook.com,Daniel Wright,1953-07-12,3141,false,,active,2025-02-28,2026-03-24
A004549,fatima.tanaka7299@outlook.com,Fatima Tanaka,2006-03-02,2600,true,2024-08-26,active,2023-06-14,2025-10-26
A004550,michael.lee8804@yahoo.com.au,Michael Lee,1981-12-14,4000,true,2026-05-16,lapsed,2025-05-14,2025-06-16
A004551,rachel.scott4189@outlook.com,Rachel Scott,1963-10-17,4217,true,2020-12-22,closed,2020-04-18,2022-07-20
A004552,melissa.sato327@hotmail.com,Melissa Sato,1978-05-23,3220,true,2023-05-04,lapsed,2021-12-09,2022-06-10
A004553,emily.singh9023@yahoo.com.au,Emily Singh,1981-12-02,3000,false,,lapsed,2021-12-23,2022-03-19
A004554,susan.anderson7320@icloud.com,Susan Anderson,1963-10-28,6000,true,2026-03-21,active,2026-01-10,2026-04-19
A004555,wei.campbell4177@gmail.com,Wei Campbell,1996-02-22,2000,false,,lapsed,2019-03-02,2022-12-22
A004556,hiro.lee2536@icloud.com,Hiro Lee,1984-01-21,2026,true,2025-06-17,lapsed,2020-02-24,2021-08-27
A004557,andrew.king2858@icloud.com,Andrew King,1991-12-31,3121,true,2025-06-21,lapsed,2023-12-18,2024-04-05
A004558,sandra.rossi9319@hotmail.com,Sandra Rossi,1978-05-15,4000,true,2020-03-08,lapsed,2017-10-29,2025-03-08
A004559,sandra.martin1389@bigpond.com,Sandra Martin,1983-01-15,3121,true,2025-11-15,active,2021-08-01,2025-07-28
A004560,mary.williams4256@yahoo.com.au,Mary Williams,2006-11-11,6000,false,,active,2026-04-25,2026-04-29
A004561,jennifer.clarke1640@gmail.com,Jennifer Clarke,1968-06-13,2600,true,2024-08-13,lapsed,2024-05-24,2024-11-20
A004562,sandra.smith4999@yahoo.com.au,Sandra Smith,1991-05-30,2010,false,,active,2025-08-25,2026-01-21
A004563,deborah.rossi2503@icloud.com,Deborah Rossi,1998-01-26,2170,true,2024-01-16,closed,2021-08-22,2026-04-10
A004564,karen.chen5999@yahoo.com.au,Karen Chen,1983-11-09,4217,true,2024-05-06,lapsed,2019-06-21,2025-03-20
A004565,wei.evans8423@hotmail.com,Wei Evans,1971-11-25,2010,true,2025-09-22,active,2023-07-14,2025-11-21
A004566,melissa.murphy1154@bigpond.com,Melissa Murphy,1955-02-07,3199,true,2025-06-09,lapsed,2023-07-13,2024-05-18
A004567,sarah.martin8758@outlook.com,Sarah Martin,1983-02-09,2170,true,2026-06-29,active,2023-09-02,2025-12-22
A004568,george.costa382@bigpond.com,George Costa,1971-10-23,2000,true,2019-10-13,lapsed,2018-08-24,2019-06-16
A004569,stephanie.ali156@yahoo.com.au,Stephanie Ali,1986-12-15,4217,true,2025-08-29,active,2024-01-25,2025-12-05
A004570,michael.taylor456@icloud.com,Michael Taylor,1988-12-17,3030,true,2025-10-08,lapsed,2020-11-11,2022-07-07
A004571,kevin.collins8651@icloud.com,Kevin Collins,1956-07-08,3000,true,2025-08-23,lapsed,2021-06-11,2024-06-25
A004572,catherine.harris3145@outlook.com,Catherine Harris,1953-05-05,2150,false,,active,2018-02-07,2025-11-01
A004573,patricia.khan1431@outlook.com,Patricia Khan,1968-02-12,2600,true,2025-05-08,lapsed,2024-05-07,2025-05-16
A004574,george.sato5747@yahoo.com.au,George Sato,1959-04-25,2150,true,2024-02-15,lapsed,2023-10-06,2024-05-11
A004575,stephanie.white6985@yahoo.com.au,Stephanie White,1967-09-25,3220,false,,lapsed,2018-06-27,2024-01-28
A004576,raj.scott5580@outlook.com,Raj Scott,1990-02-10,3000,true,2026-01-14,active,2025-08-10,2025-12-04
A004577,melissa.liu1856@bigpond.com,Melissa Liu,1991-02-14,3056,true,2024-05-15,lapsed,2017-09-22,2019-01-29
A004578,stephanie.evans2797@outlook.com,Stephanie Evans,1987-11-23,3000,true,2025-03-18,active,2024-12-14,2026-05-06
A004579,helen.campbell8369@hotmail.com,Helen Campbell,1999-10-16,7000,true,2025-10-14,lapsed,2017-09-30,2018-06-16
A004580,helen.brown6867@gmail.com,Helen Brown,1973-05-17,2600,true,2026-04-25,active,2026-04-09,2026-05-05
A004581,kevin.walker2618@gmail.com,Kevin Walker,1974-06-13,2026,true,2026-01-14,lapsed,2020-09-02,2021-12-17
A004582,timothy.martin8378@bigpond.com,Timothy Martin,1966-03-28,3000,true,2020-08-19,lapsed,2020-03-15,2023-02-26
A004583,emily.tran1894@hotmail.com,Emily Tran,1970-02-25,2170,true,2022-02-18,active,2022-01-26,2026-03-26
A004584,elizabeth.scott9537@gmail.com,Elizabeth Scott,1967-11-11,2026,false,,active,2025-06-21,2025-07-16
A004585,samantha.singh9641@yahoo.com.au,Samantha Singh,1974-02-19,5000,true,2026-04-18,active,2022-11-13,2025-09-25
A004586,robert.robinson6850@yahoo.com.au,Robert Robinson,1989-04-01,4000,false,,lapsed,2020-01-06,2025-04-05
A004587,giulia.ali4913@bigpond.com,Giulia Ali,1982-05-24,3030,false,,lapsed,2020-10-01,2021-06-13
A004588,kevin.taylor6753@gmail.com,Kevin Taylor,1970-10-28,3121,true,2026-02-20,lapsed,2024-10-18,2025-06-03
A004589,samantha.brown9279@icloud.com,Samantha Brown,1967-07-20,5000,true,2026-03-15,lapsed,2024-02-20,2024-10-12
A004590,margaret.edwards4152@hotmail.com,Margaret Edwards,1996-05-14,7000,false,,lapsed,2022-05-31,2023-12-29
A004591,andrew.robinson6838@hotmail.com,Andrew Robinson,1968-02-15,2010,true,2023-02-07,lapsed,2020-02-17,2024-04-27
A004592,patricia.smith335@outlook.com,Patricia Smith,2003-09-13,2150,true,2023-12-05,lapsed,2023-02-14,2024-07-10
A004593,laura.pham105@bigpond.com,Laura Pham,1998-01-07,3056,true,2025-10-14,closed,2024-10-04,2026-05-21
A004594,raj.wang4968@yahoo.com.au,Raj Wang,1993-07-29,2026,true,2021-07-15,lapsed,2018-10-13,2019-04-06
A004595,jessica.thompson4340@gmail.com,Jessica Thompson,1991-11-07,3550,true,2021-01-16,lapsed,2019-07-06,2023-05-09
A004596,brian.kumar2536@hotmail.com,Brian Kumar,1963-03-10,2000,true,2024-07-15,active,2024-01-14,2026-07-01
A004597,nancy.martin7120@icloud.com,Nancy Martin,1988-03-17,3141,true,2022-11-08,lapsed,2022-11-01,2024-05-10
A004598,emma.stewart6499@icloud.com,Emma Stewart,1978-10-09,3550,true,2026-01-30,active,2025-07-01,2026-03-29
A004599,william.singh8801@icloud.com,William Singh,1971-11-13,2000,false,,lapsed,2021-03-08,2025-06-10
A004600,ming.white7188@gmail.com,Ming White,2000-01-24,3000,true,2023-07-17,lapsed,2019-08-01,2023-06-23
A004601,joshua.taylor8464@icloud.com,Joshua Taylor,2006-07-27,3141,true,2024-09-30,lapsed,2023-01-25,2024-06-13
A004602,jennifer.rossi6756@bigpond.com,Jennifer Rossi,1990-04-02,2170,true,2025-05-13,closed,2024-10-13,2025-04-02
A004603,michelle.evans4907@yahoo.com.au,Michelle Evans,1976-01-30,3000,true,2024-11-27,lapsed,2024-10-31,2025-06-28
A004604,joseph.adams4858@hotmail.com,Joseph Adams,1971-10-29,3141,true,2026-06-22,active,2026-05-17,2026-06-13
A004605,christine.ali5120@bigpond.com,Christine Ali,1958-09-20,3182,false,,active,2020-03-22,2026-06-29
A004606,raj.pham8227@hotmail.com,Raj Pham,1980-08-20,3182,true,2023-01-23,lapsed,2022-02-09,2024-02-27
A004607,helen.ali8454@gmail.com,Helen Ali,1984-02-02,3182,true,2025-11-17,active,2025-08-18,2025-10-07
A004608,mark.hall3134@icloud.com,Mark Hall,2004-04-27,3550,true,2025-07-21,active,2023-01-09,2025-12-13
A004609,stephanie.mitchell5766@gmail.com,Stephanie Mitchell,1996-11-14,3550,true,2023-12-14,active,2023-10-05,2026-02-25
A004610,michael.jones5545@yahoo.com.au,Michael Jones,1988-06-23,3220,false,,lapsed,2022-07-14,2024-04-12
A004611,olivia.campbell7330@bigpond.com,Olivia Campbell,1998-08-08,5000,false,,lapsed,2018-01-01,2018-05-13
A004612,daniel.kumar5374@gmail.com,Daniel Kumar,1964-08-26,3121,true,2024-10-26,lapsed,2019-01-15,2025-02-26
A004613,andrew.jones5639@bigpond.com,Andrew Jones,1982-06-19,4000,true,2026-07-01,lapsed,2021-09-18,2022-08-06
A004614,linda.tran363@hotmail.com,Linda Tran,1961-05-10,4000,true,2025-08-31,active,2025-05-31,2025-07-15
A004615,patricia.nguyen4811@outlook.com,Patricia Nguyen,1952-03-15,4217,true,2020-10-31,closed,2018-02-10,2022-05-24
A004616,linda.thompson5757@yahoo.com.au,Linda Thompson,1980-02-07,3121,false,,lapsed,2022-05-19,2022-06-22
A004617,lisa.clarke2988@yahoo.com.au,Lisa Clarke,1982-02-17,2150,false,,lapsed,2023-11-22,2025-06-17
A004618,helen.wright9844@outlook.com,Helen Wright,1962-10-30,3199,true,2020-03-08,lapsed,2017-07-06,2020-12-08
A004619,karen.brown2733@yahoo.com.au,Karen Brown,1989-06-22,3182,false,,closed,2021-05-20,2026-06-11
A004620,sarah.smith3570@gmail.com,Sarah Smith,1961-03-02,5000,true,2022-11-22,active,2020-08-21,2026-03-17
A004621,elizabeth.wilson2845@gmail.com,Elizabeth Wilson,1964-06-23,2000,true,2026-03-08,lapsed,2023-07-26,2023-11-07
A004622,thomas.johnson6538@gmail.com,Thomas Johnson,1972-03-29,3220,false,,lapsed,2018-08-01,2022-12-07
A004623,brian.murphy8438@hotmail.com,Brian Murphy,1954-07-28,3000,true,2020-09-05,active,2020-02-13,2025-08-14
A004624,rebecca.edwards4593@yahoo.com.au,Rebecca Edwards,1953-08-23,3121,true,2021-06-03,lapsed,2018-12-08,2023-08-03
A004625,ashley.clarke4837@gmail.com,Ashley Clarke,1964-10-04,6000,false,,active,2025-05-16,2025-11-13
A004626,george.evans7170@hotmail.com,George Evans,1993-04-15,2150,false,,lapsed,2020-03-02,2023-06-03
A004627,helen.costa957@outlook.com,Helen Costa,1996-09-14,4217,true,2025-03-15,lapsed,2017-07-18,2021-12-24
A004628,raj.zhang9216@yahoo.com.au,Raj Zhang,1980-02-29,5000,false,,lapsed,2020-06-18,2020-11-14
A004629,kevin.ryan6472@yahoo.com.au,Kevin Ryan,2003-12-28,2000,true,2022-10-26,active,2022-09-28,2026-02-05
A004630,rachel.mitchell3176@gmail.com,Rachel Mitchell,1958-06-11,5000,false,,lapsed,2020-02-23,2021-06-07
A004631,rebecca.johnson4326@hotmail.com,Rebecca Johnson,1976-12-17,3030,true,2025-11-10,lapsed,2022-06-27,2023-11-24
A004632,thomas.edwards5694@outlook.com,Thomas Edwards,1956-01-30,3121,true,2025-03-01,lapsed,2021-12-31,2024-07-30
A004633,christine.costa3327@gmail.com,Christine Costa,1950-10-30,2170,true,2026-03-01,lapsed,2023-01-05,2024-11-21
A004634,sandra.zhang3971@icloud.com,Sandra Zhang,1999-03-01,3550,true,2024-08-16,active,2023-12-03,2026-06-11
A004635,catherine.kelly5357@outlook.com,Catherine Kelly,1954-09-07,3550,true,2023-02-04,closed,2022-08-08,2025-10-17
A004636,wei.jones9446@bigpond.com,Wei Jones,1951-07-21,2026,true,2023-07-05,lapsed,2019-04-10,2023-01-08
A004637,ahmed.singh7774@gmail.com,Ahmed Singh,1957-01-03,6000,true,2026-01-13,lapsed,2021-08-01,2024-12-06
A004638,elizabeth.scott2357@yahoo.com.au,Elizabeth Scott,1965-06-16,2000,false,,closed,2023-01-23,2024-03-13
A004639,emma.wright2413@outlook.com,Emma Wright,1973-05-16,3141,true,2022-05-30,lapsed,2021-08-05,2022-04-09
A004640,george.pham6211@bigpond.com,George Pham,1990-07-17,3121,false,,active,2022-12-06,2026-03-30
A004641,nancy.williams8405@hotmail.com,Nancy Williams,1965-03-13,3220,true,2024-01-04,closed,2023-08-20,2024-07-04
A004642,deborah.brown9110@icloud.com,Deborah Brown,1992-03-21,2600,true,2026-03-12,active,2025-12-14,2026-03-19
A004643,olivia.clarke135@bigpond.com,Olivia Clarke,1972-02-19,2150,false,,active,2024-09-08,2026-04-03
A004644,laura.tanaka7734@icloud.com,Laura Tanaka,1992-10-03,4000,false,,lapsed,2023-09-30,2024-06-29
A004645,david.walker9901@outlook.com,David Walker,1987-10-19,2026,false,,lapsed,2018-02-26,2018-08-26
A004646,steven.williams4621@bigpond.com,Steven Williams,1966-06-09,5000,true,2026-02-20,lapsed,2022-07-29,2024-08-01
A004647,thomas.harris5735@outlook.com,Thomas Harris,1974-12-01,2170,true,2026-05-17,lapsed,2023-12-26,2025-02-28
A004648,andrew.turner8687@gmail.com,Andrew Turner,1988-05-16,2150,false,,closed,2020-02-09,2022-10-16
A004649,william.evans1847@gmail.com,William Evans,1951-11-20,4000,true,2018-10-23,active,2018-06-07,2025-12-17
A004650,katherine.clarke9345@hotmail.com,Katherine Clarke,1994-10-22,7000,true,2026-01-25,lapsed,2019-12-12,2025-01-08
A004651,rachel.wang2709@yahoo.com.au,Rachel Wang,1980-12-18,3182,true,2023-10-25,lapsed,2021-06-13,2023-04-30
A004652,daniel.white3124@gmail.com,Daniel White,1997-09-10,2010,false,,lapsed,2021-06-19,2025-03-01
A004653,nancy.ryan8582@icloud.com,Nancy Ryan,1993-06-19,2150,true,2026-01-09,active,2025-06-30,2025-12-11
A004654,ming.johnson9130@yahoo.com.au,Ming Johnson,2003-09-18,7000,true,2024-09-02,active,2021-12-12,2026-03-24
A004655,lisa.robinson3439@hotmail.com,Lisa Robinson,1960-02-02,2010,false,,active,2020-04-03,2025-10-30
A004656,charles.anderson4194@yahoo.com.au,Charles Anderson,1983-11-27,3182,false,,lapsed,2018-09-07,2019-05-21
A004657,jennifer.walker3393@yahoo.com.au,Jennifer Walker,1958-10-30,5000,true,2026-04-23,lapsed,2022-01-18,2022-01-31
A004658,katherine.scott4377@yahoo.com.au,Katherine Scott,1989-11-26,3000,true,2026-06-03,active,2025-10-17,2025-10-23
A004659,sandra.chen696@outlook.com,Sandra Chen,1967-05-21,3199,true,2026-05-17,active,2023-11-07,2025-10-04
A004660,raj.evans7494@bigpond.com,Raj Evans,1997-02-06,6000,true,2025-04-27,lapsed,2024-02-19,2024-06-01
A004661,andrew.nguyen393@outlook.com,Andrew Nguyen,1959-11-07,6000,true,2024-05-12,lapsed,2020-04-28,2021-11-07
A004662,laura.anderson2662@gmail.com,Laura Anderson,1985-11-10,2600,true,2025-09-08,lapsed,2021-03-30,2022-02-22
A004663,marco.jones5898@outlook.com,Marco Jones,1995-03-10,7000,true,2024-09-12,active,2024-09-09,2026-03-15
A004664,marco.walker9949@yahoo.com.au,Marco Walker,1959-05-15,3182,true,2026-04-05,active,2025-11-21,2026-03-09
A004665,mark.taylor3178@gmail.com,Mark Taylor,2003-07-04,4217,true,2024-03-17,lapsed,2020-11-24,2023-01-03
A004666,olivia.martin944@gmail.com,Olivia Martin,1960-06-19,7000,false,,lapsed,2017-12-04,2019-12-26
A004667,robert.clarke758@hotmail.com,Robert Clarke,1998-10-14,3220,false,,lapsed,2023-08-11,2023-08-17
A004668,rebecca.kelly8597@icloud.com,Rebecca Kelly,2002-05-18,2000,true,2026-03-02,active,2026-02-21,2026-03-12
A004669,rebecca.jones650@outlook.com,Rebecca Jones,1954-08-07,3199,false,,lapsed,2020-05-14,2024-02-26
A004670,nancy.turner5432@icloud.com,Nancy Turner,2003-03-17,3000,true,2026-04-20,closed,2026-03-24,2026-06-12
A004671,andrew.wright1642@gmail.com,Andrew Wright,1977-05-21,2150,true,2026-03-23,active,2025-12-03,2026-04-13
A004672,elizabeth.ali4077@gmail.com,Elizabeth Ali,1953-03-05,2600,true,2021-04-27,closed,2019-12-01,2023-07-17
A004673,william.thompson7403@gmail.com,William Thompson,1973-08-09,2000,false,,lapsed,2022-10-25,2023-08-21
A004674,giulia.singh1511@gmail.com,Giulia Singh,1962-07-10,2000,true,2023-01-24,lapsed,2018-10-05,2021-12-09
A004675,anthony.edwards8807@hotmail.com,Anthony Edwards,1990-01-16,3030,true,2019-06-25,lapsed,2018-12-27,2019-12-10
A004676,daniel.ryan8755@hotmail.com,Daniel Ryan,1959-09-14,3182,true,2023-08-23,lapsed,2022-02-23,2022-05-15
A004677,amanda.stewart7703@bigpond.com,Amanda Stewart,1988-10-01,3182,false,,lapsed,2017-11-20,2024-05-30
A004678,katherine.costa3034@hotmail.com,Katherine Costa,1975-12-24,3000,true,2026-05-08,active,2026-03-10,2026-05-02
A004679,jessica.jones6720@outlook.com,Jessica Jones,1985-12-01,3030,true,2024-11-13,lapsed,2022-06-07,2023-05-29
A004680,priya.white4372@hotmail.com,Priya White,1999-06-22,3182,true,2026-05-21,active,2026-03-02,2026-06-04
A004681,ashley.jones2850@icloud.com,Ashley Jones,1986-11-07,3030,false,,lapsed,2017-08-13,2019-07-01
A004682,emily.edwards5221@hotmail.com,Emily Edwards,1982-01-26,3030,false,,lapsed,2021-08-10,2024-11-03
A004683,laura.white8182@yahoo.com.au,Laura White,1969-08-08,3141,true,2020-12-20,lapsed,2018-09-14,2019-03-01
A004684,anthony.edwards74@icloud.com,Anthony Edwards,2004-08-11,3220,false,,lapsed,2017-07-30,2023-06-18
A004685,olivia.martin2793@outlook.com,Olivia Martin,1989-04-19,4217,false,,lapsed,2021-06-13,2021-11-24
A004686,linda.zhang3303@gmail.com,Linda Zhang,1959-11-26,3220,true,2025-01-15,active,2024-11-06,2026-04-25
A004687,deborah.edwards5988@hotmail.com,Deborah Edwards,1974-04-28,2026,true,2024-08-25,active,2024-04-05,2025-09-18
A004688,olivia.costa5116@bigpond.com,Olivia Costa,1999-09-14,3121,true,2024-11-05,lapsed,2021-10-15,2023-10-22
A004689,rachel.sato7770@gmail.com,Rachel Sato,1982-11-04,2150,true,2025-04-21,lapsed,2024-10-04,2025-01-27
A004690,thomas.baker1360@hotmail.com,Thomas Baker,1965-10-11,4000,true,2019-08-27,lapsed,2018-02-10,2020-06-10
A004691,amanda.pham6289@icloud.com,Amanda Pham,2000-05-31,2010,false,,active,2018-07-23,2025-12-25
A004692,rebecca.thompson3236@yahoo.com.au,Rebecca Thompson,1955-01-20,2000,false,,lapsed,2024-05-07,2025-01-21
A004693,ming.obrien3711@gmail.com,Ming OBrien,1981-06-02,6000,true,2022-10-27,lapsed,2021-05-19,2023-10-01
A004694,margaret.sato3800@icloud.com,Margaret Sato,2001-04-14,2170,true,2024-07-25,lapsed,2023-05-11,2024-08-04
A004695,ashley.khan3009@hotmail.com,Ashley Khan,2004-06-14,3056,true,2026-04-24,active,2026-01-22,2026-05-09
A004696,raj.white4686@outlook.com,Raj White,1983-11-12,5000,true,2023-04-03,lapsed,2023-02-26,2023-05-15
A004697,susan.turner581@yahoo.com.au,Susan Turner,1991-06-17,6000,false,,lapsed,2019-06-06,2022-04-16
A004698,ahmed.adams7300@hotmail.com,Ahmed Adams,1952-08-24,4000,true,2023-03-24,lapsed,2023-03-21,2024-07-17
A004699,emma.wilson59@gmail.com,Emma Wilson,1981-03-26,4000,true,2025-10-25,lapsed,2024-05-27,2025-05-14
A004700,nancy.mitchell231@bigpond.com,Nancy Mitchell,2002-05-20,3056,false,,lapsed,2017-10-05,2021-12-27
A004701,yuki.baker4194@gmail.com,Yuki Baker,2004-02-09,7000,false,,lapsed,2021-10-19,2025-03-07
A004702,marco.king7486@yahoo.com.au,Marco King,1979-01-30,3121,true,2026-03-25,active,2025-07-03,2025-09-09
A004703,emily.pham8190@yahoo.com.au,Emily Pham,1984-02-29,3000,false,,active,2023-10-12,2025-08-17
A004704,giulia.wilson416@bigpond.com,Giulia Wilson,2006-05-26,4217,true,2026-06-02,active,2026-06-02,2026-06-11
A004705,emily.wright6936@bigpond.com,Emily Wright,1998-06-06,3121,true,2026-06-07,lapsed,2021-11-21,2025-01-28
A004706,william.evans6090@bigpond.com,William Evans,1977-08-28,2010,false,,active,2024-04-12,2026-02-23
A004707,deborah.kelly4349@outlook.com,Deborah Kelly,1965-10-01,3030,false,,lapsed,2021-05-12,2024-01-13
A004708,marco.adams508@icloud.com,Marco Adams,1996-08-01,2170,true,2024-10-03,active,2019-03-20,2025-07-27
A004709,robert.evans1710@icloud.com,Robert Evans,1975-02-03,2000,false,,closed,2018-03-30,2025-05-07
A004710,laura.walker3408@hotmail.com,Laura Walker,1971-01-24,6000,true,2025-12-27,active,2025-09-14,2026-02-10
A004711,priya.turner3797@yahoo.com.au,Priya Turner,1961-06-07,2150,true,2023-02-10,lapsed,2018-03-09,2021-09-24
A004712,ahmed.clarke439@hotmail.com,Ahmed Clarke,1977-10-20,2600,true,2024-12-12,active,2023-01-15,2025-07-03
A004713,anthony.williams9810@icloud.com,Anthony Williams,1985-03-10,2600,false,,lapsed,2021-06-08,2023-09-16
A004714,timothy.brown5533@gmail.com,Timothy Brown,1975-09-07,3220,true,2021-08-24,closed,2021-02-15,2021-08-10
A004715,hiro.mitchell1407@hotmail.com,Hiro Mitchell,1963-09-28,2150,true,2024-03-07,lapsed,2023-09-25,2024-01-08
A004716,daniel.thompson9224@outlook.com,Daniel Thompson,1974-12-01,3141,true,2025-10-10,lapsed,2023-07-16,2025-05-26
A004717,david.williams1387@gmail.com,David Williams,1996-07-06,4217,true,2020-08-19,active,2019-10-28,2026-03-13
A004718,margaret.chen909@bigpond.com,Margaret Chen,1975-11-15,3056,true,2022-09-02,active,2021-12-01,2026-05-13
A004719,andrew.sato1773@bigpond.com,Andrew Sato,1991-11-27,3220,true,2023-10-13,lapsed,2022-03-23,2023-01-16
A004720,patricia.baker1664@bigpond.com,Patricia Baker,1969-09-10,3182,true,2025-02-02,lapsed,2024-08-02,2025-02-23
A004721,richard.robinson9679@outlook.com,Richard Robinson,1981-08-09,6000,false,,lapsed,2019-03-28,2024-11-23
A004722,mark.wilson7759@gmail.com,Mark Wilson,1972-08-30,3121,true,2024-11-18,lapsed,2021-01-14,2024-07-09
A004723,marco.lee8102@hotmail.com,Marco Lee,1954-07-27,6000,false,,lapsed,2019-10-26,2020-05-12
A004724,nancy.collins4208@gmail.com,Nancy Collins,1990-08-21,3199,false,,lapsed,2017-11-25,2018-05-31
A004725,katherine.rossi7848@icloud.com,Katherine Rossi,1979-10-06,3056,true,2023-03-24,active,2018-07-28,2025-09-29
A004726,ahmed.wright6315@hotmail.com,Ahmed Wright,1982-08-28,2600,false,,lapsed,2024-04-25,2025-06-03
A004727,nancy.johnson7825@icloud.com,Nancy Johnson,1960-11-22,2000,true,2026-06-16,active,2021-10-26,2026-05-19
A004728,emily.clarke9503@bigpond.com,Emily Clarke,1967-10-03,3000,false,,active,2022-12-08,2026-05-12
A004729,steven.anderson1077@gmail.com,Steven Anderson,1963-04-23,3182,true,2025-04-22,lapsed,2024-11-11,2025-03-13
A004730,stephanie.williams3492@bigpond.com,Stephanie Williams,1989-02-01,5000,false,,lapsed,2020-03-11,2021-09-08
A004731,rachel.ryan1571@bigpond.com,Rachel Ryan,1974-03-12,5000,true,2026-04-03,active,2025-12-18,2026-03-14
A004732,yuki.ali1560@icloud.com,Yuki Ali,1979-07-17,2600,true,2025-02-21,active,2024-03-28,2025-11-05
A004733,samantha.edwards9618@icloud.com,Samantha Edwards,1958-12-11,4217,true,2026-04-03,active,2026-03-18,2026-07-03
A004734,mary.ali1635@outlook.com,Mary Ali,1987-08-16,3141,true,2018-09-15,lapsed,2017-10-04,2017-11-26
A004735,anthony.johnson9639@outlook.com,Anthony Johnson,1977-02-08,2010,true,2025-12-22,active,2022-03-25,2025-10-24
A004736,mark.wang4805@outlook.com,Mark Wang,2002-01-17,7000,true,2026-02-12,active,2024-06-15,2025-12-16
A004737,giulia.adams4335@gmail.com,Giulia Adams,1977-02-02,2170,true,2025-03-29,active,2021-11-14,2025-10-01
A004738,yuki.rossi1698@icloud.com,Yuki Rossi,1974-08-20,3030,false,,lapsed,2024-08-23,2024-11-11
A004739,susan.turner6846@outlook.com,Susan Turner,1966-02-14,3141,true,2025-07-16,active,2025-06-04,2025-09-21
A004740,yuki.nguyen3326@gmail.com,Yuki Nguyen,1978-04-05,2170,false,,lapsed,2024-05-29,2024-08-27
A004741,giulia.hall3997@bigpond.com,Giulia Hall,1972-03-21,4217,true,2026-02-05,active,2024-03-01,2026-01-28
A004742,lisa.rossi7736@gmail.com,Lisa Rossi,1964-06-19,2600,false,,lapsed,2020-12-18,2022-12-23
A004743,olivia.green870@icloud.com,Olivia Green,2004-04-23,4000,true,2026-03-03,lapsed,2024-01-25,2025-06-14
A004744,hiro.tran9881@icloud.com,Hiro Tran,2005-06-10,3550,true,2024-01-17,lapsed,2023-06-15,2025-03-01
A004745,priya.adams8125@outlook.com,Priya Adams,1975-05-07,3121,true,2025-10-03,lapsed,2021-12-19,2024-10-17
A004746,ming.kumar384@bigpond.com,Ming Kumar,1974-11-21,2010,false,,active,2022-06-26,2025-10-27
A004747,kevin.costa1943@outlook.com,Kevin Costa,2000-01-30,3141,true,2024-12-27,lapsed,2019-06-19,2020-03-26
A004748,olivia.bell5685@hotmail.com,Olivia Bell,1950-03-24,3030,false,,active,2022-09-10,2026-05-13
A004749,mark.baker7483@yahoo.com.au,Mark Baker,1957-07-29,3030,true,2020-04-30,closed,2018-04-04,2020-12-17
A004750,jessica.wright1016@bigpond.com,Jessica Wright,1953-04-23,2026,true,2024-07-24,lapsed,2023-02-19,2024-09-18
A004751,charles.wright503@yahoo.com.au,Charles Wright,1986-11-25,2600,true,2025-11-03,lapsed,2020-10-13,2022-12-02
A004752,catherine.rossi1729@icloud.com,Catherine Rossi,1997-12-16,2150,true,2026-06-11,active,2025-07-01,2025-11-08
A004753,timothy.robinson35@icloud.com,Timothy Robinson,1959-04-04,2170,true,2025-06-29,active,2024-10-31,2025-07-24
A004754,rachel.taylor8844@hotmail.com,Rachel Taylor,1997-02-27,2010,true,2025-02-14,active,2024-01-07,2026-05-05
A004755,ahmed.turner7709@gmail.com,Ahmed Turner,1951-05-30,4000,false,,lapsed,2019-03-19,2024-07-11
A004756,catherine.scott2314@icloud.com,Catherine Scott,1990-10-01,4217,false,,active,2024-09-15,2026-02-25
A004757,thomas.martin1353@hotmail.com,Thomas Martin,1951-09-16,6000,true,2022-11-15,lapsed,2020-11-13,2025-06-18
A004758,priya.tanaka6353@hotmail.com,Priya Tanaka,2003-01-09,7000,false,,lapsed,2021-11-09,2024-04-15
A004759,kevin.harris6666@yahoo.com.au,Kevin Harris,2001-07-31,2000,true,2021-05-22,lapsed,2021-04-14,2024-10-12
A004760,kevin.chen5573@hotmail.com,Kevin Chen,1988-11-05,2026,true,2025-08-05,active,2025-06-07,2026-01-15
A004761,olivia.robinson2191@icloud.com,Olivia Robinson,1962-09-07,6000,true,2024-03-04,lapsed,2020-06-20,2024-08-02
A004762,mary.ryan2979@gmail.com,Mary Ryan,2002-02-14,4217,true,2021-01-10,active,2020-06-09,2025-12-30
A004763,helen.robinson239@icloud.com,Helen Robinson,1982-07-01,5000,true,2023-09-09,lapsed,2023-08-15,2024-02-11
A004764,daniel.mitchell1835@yahoo.com.au,Daniel Mitchell,1960-02-21,2000,false,,lapsed,2024-02-14,2024-06-01
A004765,giulia.mitchell9989@outlook.com,Giulia Mitchell,1959-09-13,3550,false,,lapsed,2023-07-15,2024-06-05
A004766,rachel.nguyen9327@icloud.com,Rachel Nguyen,1961-09-04,3000,true,2024-06-18,lapsed,2022-01-20,2023-03-08
A004767,sarah.khan6863@gmail.com,Sarah Khan,2006-06-10,2010,false,,active,2023-05-27,2026-06-28
A004768,mary.bell1474@outlook.com,Mary Bell,1959-12-05,4000,true,2024-12-21,lapsed,2021-11-29,2023-10-16
A004769,james.king2560@yahoo.com.au,James King,1976-08-19,2010,true,2025-07-16,active,2025-01-02,2025-07-09
A004770,giulia.clarke6813@yahoo.com.au,Giulia Clarke,2003-09-11,2000,false,,lapsed,2018-03-25,2022-01-12
A004771,raj.sato8527@hotmail.com,Raj Sato,1968-12-15,3056,true,2020-06-14,lapsed,2019-08-09,2023-06-20
A004772,christine.scott625@yahoo.com.au,Christine Scott,1985-10-02,2600,true,2021-05-26,lapsed,2020-03-30,2020-09-06
A004773,michael.wang7002@outlook.com,Michael Wang,1975-10-20,4217,false,,lapsed,2020-04-29,2023-05-10
A004774,brian.wang7281@yahoo.com.au,Brian Wang,1992-04-13,3141,true,2023-12-31,active,2023-11-10,2025-11-24
A004775,karen.chen6660@icloud.com,Karen Chen,1985-09-30,6000,true,2026-04-04,lapsed,2017-10-13,2023-11-27
A004776,deborah.anderson5463@yahoo.com.au,Deborah Anderson,1994-07-24,7000,true,2025-11-12,lapsed,2024-07-02,2025-06-09
A004777,daniel.brown4031@icloud.com,Daniel Brown,2001-02-23,3121,true,2021-06-19,lapsed,2019-10-09,2025-04-17
A004778,deborah.zhang7435@bigpond.com,Deborah Zhang,2005-08-25,3000,true,2024-04-06,active,2024-02-19,2025-08-12
A004779,olivia.nguyen8928@icloud.com,Olivia Nguyen,2004-04-10,4000,false,,active,2025-08-14,2026-06-23
A004780,steven.sato3247@outlook.com,Steven Sato,1983-10-16,3220,true,2018-12-31,active,2017-11-04,2026-04-23
A004781,matthew.robinson7748@hotmail.com,Matthew Robinson,1996-08-19,7000,true,2021-07-08,lapsed,2020-09-05,2024-07-10
A004782,yuki.costa4158@icloud.com,Yuki Costa,1991-09-09,3550,true,2023-10-17,lapsed,2018-12-25,2022-09-17
A004783,samantha.johnson31@yahoo.com.au,Samantha Johnson,1958-03-16,6000,true,2020-04-12,closed,2017-08-13,2021-06-08
A004784,richard.mitchell5296@icloud.com,Richard Mitchell,1953-01-08,3056,false,,lapsed,2023-06-28,2023-11-11
A004785,ashley.johnson8663@yahoo.com.au,Ashley Johnson,2006-11-26,6000,false,,lapsed,2017-11-20,2022-11-08
A004786,james.khan8234@gmail.com,James Khan,1987-06-18,7000,true,2021-11-25,active,2021-05-31,2025-07-10
A004787,emily.johnson2451@hotmail.com,Emily Johnson,1957-07-10,2150,true,2026-05-07,active,2025-05-30,2025-09-22
A004788,hiro.costa3245@gmail.com,Hiro Costa,1982-08-29,5000,false,,active,2025-09-11,2026-03-22
A004789,brian.liu7661@yahoo.com.au,Brian Liu,1971-03-20,3141,true,2026-02-09,lapsed,2023-10-28,2025-03-08
A004790,michael.thompson9211@gmail.com,Michael Thompson,2001-12-08,3121,true,2026-06-25,active,2026-02-21,2026-06-16
A004791,anthony.liu5210@bigpond.com,Anthony Liu,1986-04-18,2600,false,,active,2022-03-08,2025-11-16
A004792,jessica.obrien8673@icloud.com,Jessica OBrien,2003-03-22,3121,false,,active,2025-11-30,2025-12-24
A004793,mark.evans5118@icloud.com,Mark Evans,1995-10-28,3220,true,2024-07-10,lapsed,2023-09-20,2025-05-31
A004794,wei.rossi415@yahoo.com.au,Wei Rossi,1977-12-24,3056,false,,lapsed,2018-10-24,2019-03-10
A004795,anthony.johnson9587@icloud.com,Anthony Johnson,2004-04-17,2010,true,2020-05-13,lapsed,2018-11-25,2024-05-18
A004796,daniel.obrien4223@icloud.com,Daniel OBrien,1969-03-08,3121,false,,active,2019-02-18,2026-04-25
A004797,nancy.turner7196@hotmail.com,Nancy Turner,2000-06-30,2000,false,,active,2021-06-11,2025-10-05
A004798,susan.ryan8894@hotmail.com,Susan Ryan,1995-03-23,2170,false,,lapsed,2018-07-08,2022-09-19
A004799,ming.baker9416@hotmail.com,Ming Baker,1995-01-02,7000,true,2026-01-28,lapsed,2021-10-16,2022-10-01
A004800,ahmed.robinson9802@gmail.com,Ahmed Robinson,1964-02-21,2000,true,2023-06-28,active,2023-02-15,2026-02-26
A004801,ming.jones9197@yahoo.com.au,Ming Jones,1986-09-12,2170,false,,closed,2026-05-15,2026-06-24
A004802,richard.lee1226@outlook.com,Richard Lee,1998-12-14,3141,true,2023-06-12,active,2021-03-29,2025-07-17
A004803,mark.wang3512@yahoo.com.au,Mark Wang,1967-08-16,3550,true,2024-02-14,lapsed,2023-11-19,2024-09-06
A004804,rebecca.martin9790@hotmail.com,Rebecca Martin,1954-02-01,3550,false,,lapsed,2022-04-09,2023-01-18
A004805,stephanie.pham9067@gmail.com,Stephanie Pham,1965-12-02,5000,false,,active,2021-05-01,2025-09-21
A004806,olivia.anderson1122@icloud.com,Olivia Anderson,1975-09-08,3141,true,2025-06-07,active,2025-04-04,2025-09-29
A004807,michael.rossi9414@hotmail.com,Michael Rossi,1990-11-06,6000,true,2022-06-09,lapsed,2020-08-26,2021-07-08
A004808,deborah.singh6384@icloud.com,Deborah Singh,1979-09-02,3199,true,2026-04-19,lapsed,2024-05-08,2024-12-07
A004809,raj.collins2646@bigpond.com,Raj Collins,2002-07-19,3056,false,,lapsed,2020-04-14,2023-11-22
A004810,sarah.collins4019@icloud.com,Sarah Collins,1954-12-10,2150,false,,lapsed,2018-05-07,2020-08-13
A004811,lisa.rossi8368@outlook.com,Lisa Rossi,1964-11-19,3182,true,2024-09-23,lapsed,2018-07-27,2020-05-27
A004812,raj.green9611@yahoo.com.au,Raj Green,1982-06-01,2600,false,,lapsed,2024-12-05,2024-12-09
A004813,joshua.white4665@bigpond.com,Joshua White,1958-07-14,6000,false,,lapsed,2018-04-08,2023-02-03
A004814,james.jones7107@bigpond.com,James Jones,1991-07-04,3550,true,2021-11-14,lapsed,2018-04-01,2018-09-08
A004815,joshua.stewart2584@outlook.com,Joshua Stewart,2006-07-16,3550,true,2025-08-19,lapsed,2019-07-11,2022-12-06
A004816,david.tran7168@yahoo.com.au,David Tran,1952-12-10,2026,true,2021-12-27,lapsed,2021-03-07,2022-03-10
A004817,helen.zhang5448@yahoo.com.au,Helen Zhang,1975-11-22,4000,true,2026-04-21,active,2026-02-01,2026-02-18
A004818,priya.wright8416@yahoo.com.au,Priya Wright,1981-10-11,4000,true,2026-06-13,active,2022-03-14,2025-12-24
A004819,david.singh2667@icloud.com,David Singh,1978-11-04,3182,true,2020-12-17,lapsed,2019-06-01,2024-08-23
A004820,mary.scott5579@icloud.com,Mary Scott,2000-04-05,2010,true,2021-12-11,closed,2018-11-13,2019-09-10
A004821,elizabeth.chen7115@gmail.com,Elizabeth Chen,1979-04-26,4000,false,,lapsed,2018-06-11,2021-11-24
A004822,ming.khan7833@yahoo.com.au,Ming Khan,1961-05-28,2600,false,,lapsed,2019-05-02,2021-05-27
A004823,joseph.nguyen3135@yahoo.com.au,Joseph Nguyen,1999-07-31,7000,true,2019-05-14,lapsed,2018-10-01,2024-11-12
A004824,ming.thompson6374@hotmail.com,Ming Thompson,1985-12-27,3056,false,,active,2020-07-10,2025-07-13
A004825,jennifer.liu875@yahoo.com.au,Jennifer Liu,1985-11-27,3220,false,,lapsed,2019-09-15,2020-06-06
A004826,margaret.lee1669@icloud.com,Margaret Lee,1981-03-20,3550,true,2026-05-27,active,2025-09-14,2025-12-18
A004827,james.khan7699@gmail.com,James Khan,1953-04-17,2026,false,,closed,2019-09-14,2021-02-12
A004828,wei.rossi5384@outlook.com,Wei Rossi,1989-02-19,3121,false,,active,2025-05-28,2025-11-18
A004829,melissa.murphy4102@hotmail.com,Melissa Murphy,1958-07-28,3199,true,2023-05-25,lapsed,2022-02-16,2022-07-21
A004830,elizabeth.wright8456@outlook.com,Elizabeth Wright,2002-11-21,3030,true,2025-02-25,lapsed,2024-03-05,2024-10-22
A004831,jennifer.taylor9662@yahoo.com.au,Jennifer Taylor,1951-01-22,2150,false,,lapsed,2020-08-21,2024-06-03
A004832,michelle.nguyen4503@bigpond.com,Michelle Nguyen,1979-08-26,4000,false,,active,2026-03-11,2026-05-01
A004833,mary.ali4101@yahoo.com.au,Mary Ali,2002-12-15,4000,true,2025-08-20,active,2025-06-17,2025-10-11
A004834,thomas.ryan3004@hotmail.com,Thomas Ryan,1992-07-11,2600,false,,active,2023-07-19,2026-04-27
A004835,michael.anderson9596@icloud.com,Michael Anderson,1965-06-25,3056,true,2020-03-20,lapsed,2017-09-12,2020-09-28
A004836,michelle.murphy8524@gmail.com,Michelle Murphy,2005-11-27,6000,true,2025-03-10,closed,2024-06-24,2025-02-26
A004837,michelle.williams7821@outlook.com,Michelle Williams,1972-11-18,3220,true,2026-06-05,active,2025-04-21,2026-04-08
A004838,michelle.wilson6528@outlook.com,Michelle Wilson,1981-10-05,3056,true,2020-08-12,lapsed,2019-10-20,2020-03-26
A004839,jennifer.wright317@yahoo.com.au,Jennifer Wright,1973-10-14,3182,true,2026-05-17,active,2026-02-08,2026-06-24
A004840,deborah.khan9728@bigpond.com,Deborah Khan,1954-01-24,3056,true,2022-11-14,lapsed,2017-07-17,2019-01-15
A004841,emma.mitchell2852@hotmail.com,Emma Mitchell,1957-03-25,3121,true,2025-08-25,lapsed,2025-04-12,2025-05-30
A004842,melissa.williams3898@yahoo.com.au,Melissa Williams,1996-03-29,3220,true,2019-10-22,lapsed,2019-02-18,2024-09-07
A004843,ming.singh8425@icloud.com,Ming Singh,1998-12-08,3182,true,2026-05-11,active,2024-11-17,2025-12-15
A004844,sarah.wright1240@icloud.com,Sarah Wright,1992-06-29,3141,true,2022-01-19,active,2021-06-09,2025-11-22
A004845,jessica.wilson9379@yahoo.com.au,Jessica Wilson,1958-10-09,4000,true,2021-07-26,active,2020-04-24,2026-02-22
A004846,giulia.liu4244@bigpond.com,Giulia Liu,2002-09-05,4000,false,,lapsed,2019-08-26,2021-05-17
A004847,robert.wilson345@gmail.com,Robert Wilson,1983-02-26,2170,false,,lapsed,2018-06-09,2019-05-07
A004848,marco.edwards1377@gmail.com,Marco Edwards,1959-07-29,4000,true,2026-03-21,active,2025-11-03,2026-01-08
A004849,elizabeth.martin7847@icloud.com,Elizabeth Martin,1960-04-10,3056,false,,lapsed,2017-11-29,2018-11-04
A004850,hiro.clarke5721@gmail.com,Hiro Clarke,1970-02-16,2010,false,,lapsed,2019-06-01,2022-12-29
A004851,jessica.wang219@hotmail.com,Jessica Wang,1954-01-13,3220,false,,closed,2020-09-07,2023-06-06
A004852,raj.wright4134@outlook.com,Raj Wright,1973-10-05,5000,true,2025-10-25,lapsed,2020-03-22,2023-11-20
A004853,george.mitchell4479@hotmail.com,George Mitchell,1993-08-03,5000,true,2023-06-14,lapsed,2022-04-22,2023-11-06
A004854,hiro.stewart4450@icloud.com,Hiro Stewart,1990-09-13,6000,false,,active,2024-09-15,2025-12-03
A004855,brian.rossi8719@gmail.com,Brian Rossi,1952-11-25,3121,true,2025-07-26,lapsed,2021-09-14,2022-03-05
A004856,matthew.walker3243@yahoo.com.au,Matthew Walker,1977-08-09,6000,true,2025-12-25,lapsed,2022-08-26,2025-03-17
A004857,ashley.kumar5512@bigpond.com,Ashley Kumar,1976-11-08,3000,true,2026-03-16,active,2026-02-09,2026-02-22
A004858,michelle.brown9412@hotmail.com,Michelle Brown,1973-07-24,2170,false,,active,2024-11-24,2026-02-12
A004859,susan.campbell7630@gmail.com,Susan Campbell,1953-10-10,6000,false,,lapsed,2019-04-05,2024-09-10
A004860,raj.williams2661@outlook.com,Raj Williams,1999-06-18,2170,true,2020-06-06,lapsed,2019-10-01,2022-09-29
A004861,priya.bell8004@hotmail.com,Priya Bell,1979-03-13,4000,false,,active,2021-10-11,2026-03-31
A004862,mary.nguyen2594@bigpond.com,Mary Nguyen,1987-10-24,3141,true,2025-01-08,active,2024-12-11,2025-10-30
A004863,giulia.mitchell2155@icloud.com,Giulia Mitchell,1951-10-30,2170,true,2024-08-15,lapsed,2024-03-25,2025-01-13
A004864,stephanie.baker7970@bigpond.com,Stephanie Baker,1951-03-19,6000,false,,lapsed,2022-11-06,2023-01-09
A004865,steven.wright8612@yahoo.com.au,Steven Wright,2000-01-29,2170,true,2025-12-14,lapsed,2019-10-11,2021-11-29
A004866,olivia.wang4364@gmail.com,Olivia Wang,1956-03-28,3056,true,2024-04-12,lapsed,2023-05-14,2024-10-05
A004867,michelle.rossi1094@icloud.com,Michelle Rossi,1978-08-31,3199,false,,lapsed,2021-12-27,2024-07-23
A004868,rachel.khan5177@bigpond.com,Rachel Khan,1975-09-07,2000,true,2022-01-08,lapsed,2019-01-28,2020-09-07
A004869,mary.campbell9988@gmail.com,Mary Campbell,1966-03-13,3121,true,2024-01-06,lapsed,2022-09-17,2022-09-28
A004870,jessica.khan1391@outlook.com,Jessica Khan,1982-08-26,3220,true,2025-01-01,lapsed,2017-12-05,2022-04-17
A004871,ashley.obrien3703@gmail.com,Ashley OBrien,1994-01-12,3141,false,,lapsed,2024-03-06,2025-02-08
A004872,andrew.campbell6102@bigpond.com,Andrew Campbell,2000-08-19,7000,true,2025-09-03,active,2025-04-03,2025-08-26
A004873,george.khan1565@bigpond.com,George Khan,1953-06-03,2600,false,,lapsed,2022-05-04,2024-02-13
A004874,linda.clarke2405@yahoo.com.au,Linda Clarke,1997-10-06,3030,true,2025-04-05,active,2025-03-10,2025-09-14
A004875,elizabeth.costa754@gmail.com,Elizabeth Costa,1994-10-26,7000,true,2025-05-03,lapsed,2019-11-27,2024-10-29
A004876,helen.scott4394@hotmail.com,Helen Scott,1955-01-05,3182,true,2025-09-23,active,2020-10-27,2026-06-28
A004877,jessica.lee9121@gmail.com,Jessica Lee,1950-05-24,6000,true,2026-03-22,lapsed,2023-02-19,2023-04-14
A004878,helen.white649@yahoo.com.au,Helen White,2004-05-17,3182,true,2026-03-03,active,2023-12-07,2025-10-17
A004879,emily.zhang8914@bigpond.com,Emily Zhang,1993-01-30,4000,false,,lapsed,2018-07-10,2023-08-10
A004880,ahmed.clarke343@gmail.com,Ahmed Clarke,1993-07-20,3121,false,,lapsed,2022-08-03,2024-07-18
A004881,joshua.turner9233@hotmail.com,Joshua Turner,1975-04-10,2010,true,2022-07-25,lapsed,2019-10-21,2022-07-25
A004882,brian.hall8399@icloud.com,Brian Hall,1977-07-12,2000,true,2021-03-03,lapsed,2021-02-18,2022-01-22
A004883,laura.ali7055@icloud.com,Laura Ali,1970-07-15,2600,false,,lapsed,2018-10-18,2020-12-14
A004884,raj.johnson7221@icloud.com,Raj Johnson,1963-02-02,2150,true,2026-06-08,active,2025-01-02,2025-11-26
A004885,samantha.rossi7733@bigpond.com,Samantha Rossi,1962-12-29,4217,false,,lapsed,2019-12-27,2022-05-08
A004886,anthony.kumar2680@bigpond.com,Anthony Kumar,2002-05-24,2600,true,2025-03-10,lapsed,2022-05-31,2024-06-11
A004887,fatima.mitchell8414@outlook.com,Fatima Mitchell,1986-07-20,2010,true,2023-02-17,lapsed,2023-01-27,2024-11-28
A004888,kevin.walker8017@yahoo.com.au,Kevin Walker,1965-07-04,2010,false,,lapsed,2022-01-13,2024-04-18
A004889,anthony.taylor8431@bigpond.com,Anthony Taylor,1996-03-17,2000,true,2025-12-28,active,2025-11-04,2026-06-27
A004890,david.wilson4727@yahoo.com.au,David Wilson,1988-04-05,3121,false,,lapsed,2024-10-11,2025-06-19
A004891,nancy.evans4000@bigpond.com,Nancy Evans,1956-10-12,2010,true,2019-04-02,lapsed,2017-08-24,2019-06-07
A004892,patricia.ryan7724@yahoo.com.au,Patricia Ryan,1990-06-01,2600,false,,lapsed,2024-04-12,2025-03-23
A004893,emily.brown2381@bigpond.com,Emily Brown,1979-11-04,3182,false,,closed,2025-04-07,2025-08-27
A004894,raj.stewart4360@icloud.com,Raj Stewart,1954-04-01,3220,true,2023-10-03,lapsed,2023-05-27,2023-07-08
A004895,mark.jones2227@yahoo.com.au,Mark Jones,1977-07-18,3000,false,,lapsed,2019-05-02,2020-11-03
A004896,priya.anderson9993@gmail.com,Priya Anderson,1997-01-11,2000,true,2026-06-02,active,2021-08-13,2026-01-16
A004897,michelle.harris1112@yahoo.com.au,Michelle Harris,1975-08-06,3182,false,,lapsed,2020-01-27,2025-03-01
A004898,brian.murphy9478@bigpond.com,Brian Murphy,2004-09-29,2000,false,,active,2026-02-24,2026-06-08
A004899,michael.nguyen9922@hotmail.com,Michael Nguyen,1996-08-30,3000,true,2025-08-25,lapsed,2019-05-13,2019-07-10
A004900,hiro.thompson4132@icloud.com,Hiro Thompson,1970-05-18,2010,true,2026-06-07,active,2025-12-22,2026-01-04
A004901,elizabeth.kelly1875@outlook.com,Elizabeth Kelly,1952-07-26,3030,true,2025-10-20,lapsed,2020-11-29,2024-12-08
A004902,karen.walker3751@bigpond.com,Karen Walker,1968-07-24,7000,true,2025-11-17,active,2021-11-06,2026-03-27
A004903,katherine.king3387@bigpond.com,Katherine King,1985-11-27,3000,false,,active,2020-04-18,2026-06-15
A004904,andrew.campbell1613@icloud.com,Andrew Campbell,1992-03-13,2000,false,,lapsed,2020-02-21,2024-06-29
A004905,fatima.robinson1955@icloud.com,Fatima Robinson,1956-01-10,2170,true,2026-06-13,lapsed,2024-12-14,2024-12-29
A004906,james.evans3632@hotmail.com,James Evans,1976-11-03,3182,false,,active,2023-08-06,2026-06-19
A004907,margaret.smith5406@hotmail.com,Margaret Smith,1967-07-05,3056,true,2020-03-28,lapsed,2020-01-27,2024-07-01
A004908,steven.ryan6171@outlook.com,Steven Ryan,1981-05-12,3121,true,2023-01-03,lapsed,2021-03-14,2022-07-22
A004909,matthew.ryan8776@icloud.com,Matthew Ryan,1986-06-27,5000,true,2026-06-11,active,2026-01-10,2026-05-28
A004910,mary.kelly1471@yahoo.com.au,Mary Kelly,1955-12-17,3141,true,2026-04-30,active,2025-09-28,2026-05-03
A004911,margaret.pham9519@outlook.com,Margaret Pham,2005-09-27,2000,false,,lapsed,2023-02-21,2025-01-05
A004912,thomas.martin290@gmail.com,Thomas Martin,1952-07-11,3220,true,2022-04-03,lapsed,2018-11-29,2022-10-21
A004913,katherine.kelly489@outlook.com,Katherine Kelly,2000-10-03,2170,false,,lapsed,2020-11-10,2024-04-11
A004914,jessica.tanaka7226@bigpond.com,Jessica Tanaka,1950-08-24,5000,false,,lapsed,2019-01-06,2019-12-26
A004915,ming.wright1074@gmail.com,Ming Wright,1964-12-14,3550,true,2023-05-20,lapsed,2023-01-14,2024-08-20
A004916,thomas.clarke9997@outlook.com,Thomas Clarke,1973-07-17,3030,true,2026-06-07,active,2026-03-04,2026-04-29
A004917,mark.baker2326@gmail.com,Mark Baker,1973-08-11,6000,false,,active,2025-12-03,2025-12-05
A004918,thomas.hall5697@yahoo.com.au,Thomas Hall,1966-02-09,4000,false,,lapsed,2023-03-20,2023-09-17
A004919,katherine.khan8138@outlook.com,Katherine Khan,1961-09-06,2026,true,2019-03-07,lapsed,2017-09-07,2024-07-16
A004920,robert.campbell4673@gmail.com,Robert Campbell,1991-04-02,2000,true,2023-12-11,lapsed,2018-05-15,2020-04-30
A004921,joshua.jones5574@yahoo.com.au,Joshua Jones,1964-12-05,2010,false,,lapsed,2020-03-20,2023-03-13
A004922,michael.ryan8245@bigpond.com,Michael Ryan,1991-01-12,3550,false,,active,2024-08-14,2026-04-07
A004923,karen.rossi1263@hotmail.com,Karen Rossi,1978-12-16,4217,true,2025-07-30,lapsed,2024-09-28,2025-06-12
A004924,mark.martin4374@yahoo.com.au,Mark Martin,1988-10-11,5000,false,,active,2025-10-06,2025-12-25
A004925,michael.hall1101@yahoo.com.au,Michael Hall,1986-10-09,2170,false,,lapsed,2024-04-25,2025-04-16
A004926,yuki.tran4810@yahoo.com.au,Yuki Tran,1967-10-19,3199,true,2025-05-05,lapsed,2018-11-01,2019-07-27
A004927,stephanie.rossi2850@yahoo.com.au,Stephanie Rossi,1989-07-30,4000,true,2023-09-20,active,2022-06-14,2026-03-25
A004928,kevin.bell100@yahoo.com.au,Kevin Bell,1953-09-20,2150,true,2018-11-13,lapsed,2017-08-08,2024-02-04
A004929,kevin.hall8428@yahoo.com.au,Kevin Hall,1970-10-09,7000,false,,lapsed,2017-10-02,2022-04-14
A004930,sandra.khan6566@outlook.com,Sandra Khan,1998-10-16,3550,true,2021-07-25,lapsed,2019-10-29,2020-10-06
A004931,melissa.nguyen5184@outlook.com,Melissa Nguyen,1993-11-22,3199,true,2021-09-18,lapsed,2017-08-06,2021-03-15
A004932,jennifer.nguyen3502@icloud.com,Jennifer Nguyen,1977-05-10,4000,false,,active,2020-03-02,2026-03-23
A004933,emily.liu3222@icloud.com,Emily Liu,1988-12-17,4217,false,,lapsed,2017-07-30,2021-04-01
A004934,rachel.williams5986@hotmail.com,Rachel Williams,1985-06-04,4000,true,2025-04-02,active,2024-12-12,2025-10-03
A004935,joseph.jones2767@yahoo.com.au,Joseph Jones,1962-11-28,2000,false,,lapsed,2022-02-05,2023-02-18
A004936,emma.king3616@hotmail.com,Emma King,1979-06-25,3056,true,2026-02-15,lapsed,2022-12-12,2024-05-21
A004937,thomas.liu64@yahoo.com.au,Thomas Liu,1979-06-14,3141,true,2025-02-07,lapsed,2021-01-20,2021-02-25
A004938,joseph.rossi4993@outlook.com,Joseph Rossi,1995-06-19,2000,true,2024-05-16,lapsed,2023-03-16,2025-03-01
A004939,hiro.evans4872@icloud.com,Hiro Evans,1955-05-19,3141,true,2023-01-26,lapsed,2018-10-06,2022-05-15
A004940,karen.wright2168@hotmail.com,Karen Wright,1981-03-01,2150,true,2025-05-30,active,2025-04-08,2026-04-24
A004941,lisa.kumar4912@icloud.com,Lisa Kumar,1992-01-26,2000,false,,lapsed,2021-12-08,2024-01-28
A004942,timothy.khan1763@icloud.com,Timothy Khan,2003-04-28,3182,false,,lapsed,2024-12-20,2025-02-05
A004943,sandra.williams4692@bigpond.com,Sandra Williams,1992-09-30,5000,true,2025-04-15,lapsed,2024-01-28,2025-01-16
A004944,kevin.sato6676@icloud.com,Kevin Sato,1976-03-31,4217,true,2024-11-20,lapsed,2022-07-03,2024-02-14
A004945,karen.mitchell7215@gmail.com,Karen Mitchell,1952-05-02,3056,true,2024-11-18,lapsed,2023-07-11,2024-03-20
A004946,katherine.green9840@icloud.com,Katherine Green,1996-05-03,4217,false,,lapsed,2021-11-28,2022-03-09
A004947,lisa.walker2789@outlook.com,Lisa Walker,1956-07-18,3550,true,2021-06-02,closed,2020-08-13,2023-06-29
A004948,patricia.jones6852@yahoo.com.au,Patricia Jones,1955-08-26,3121,true,2024-01-06,lapsed,2018-05-02,2022-01-02
A004949,christine.tanaka7595@bigpond.com,Christine Tanaka,1970-01-21,3121,true,2025-03-13,lapsed,2024-02-21,2025-06-30
A004950,ming.singh400@icloud.com,Ming Singh,1986-03-12,6000,true,2025-06-11,lapsed,2023-07-20,2024-09-19
A004951,yuki.murphy4935@gmail.com,Yuki Murphy,1990-02-14,2010,true,2024-08-04,lapsed,2018-09-19,2018-10-20
A004952,anthony.liu4885@outlook.com,Anthony Liu,1974-02-11,3000,true,2026-03-11,active,2025-10-10,2026-06-14
A004953,rachel.wilson7220@outlook.com,Rachel Wilson,1959-12-13,2026,false,,lapsed,2018-11-02,2020-09-05
A004954,deborah.evans8837@hotmail.com,Deborah Evans,2004-08-17,3550,true,2021-01-24,lapsed,2019-03-09,2022-12-29
A004955,david.martin9730@icloud.com,David Martin,1956-07-25,3182,false,,lapsed,2021-07-25,2024-01-26
A004956,ahmed.adams3575@yahoo.com.au,Ahmed Adams,2002-11-14,3000,true,2026-03-05,lapsed,2024-07-03,2025-01-26
A004957,elizabeth.singh700@gmail.com,Elizabeth Singh,1980-10-01,4217,false,,active,2017-10-28,2025-10-02
A004958,david.collins244@bigpond.com,David Collins,1974-09-26,7000,true,2025-06-05,lapsed,2023-07-28,2023-11-29
A004959,priya.chen2903@icloud.com,Priya Chen,2006-08-12,3030,false,,lapsed,2018-06-11,2024-10-23
A004960,mary.singh3594@yahoo.com.au,Mary Singh,1985-11-13,2600,false,,active,2022-02-17,2026-03-20
A004961,charles.walker1146@outlook.com,Charles Walker,1950-06-05,7000,true,2026-05-20,lapsed,2021-09-17,2021-10-13
A004962,jessica.harris22@outlook.com,Jessica Harris,1984-08-11,2026,true,2026-03-02,active,2025-07-25,2025-10-03
A004963,mark.kumar3394@gmail.com,Mark Kumar,1995-09-20,3030,false,,lapsed,2022-02-23,2022-12-04
A004964,emily.wang7785@gmail.com,Emily Wang,1951-10-02,7000,true,2023-04-15,lapsed,2022-07-01,2022-12-15
A004965,james.tanaka8675@icloud.com,James Tanaka,1975-07-18,6000,false,,lapsed,2018-09-19,2023-05-23
A004966,fatima.evans2996@bigpond.com,Fatima Evans,1954-09-19,2010,true,2026-03-03,closed,2024-04-05,2024-05-21
A004967,robert.turner9308@yahoo.com.au,Robert Turner,2001-10-20,3000,false,,lapsed,2018-05-07,2024-08-14
A004968,linda.mitchell3405@gmail.com,Linda Mitchell,1995-07-23,4217,false,,lapsed,2022-05-14,2022-07-29
A004969,laura.johnson2825@outlook.com,Laura Johnson,1960-11-12,5000,true,2023-12-04,closed,2021-11-28,2024-04-09
A004970,rachel.turner1629@yahoo.com.au,Rachel Turner,1958-02-09,5000,true,2023-09-18,active,2023-08-11,2025-07-15
A004971,richard.kelly107@yahoo.com.au,Richard Kelly,1965-01-31,2600,true,2026-03-23,lapsed,2025-02-08,2025-04-11
A004972,brian.liu5372@outlook.com,Brian Liu,1975-06-12,2026,true,2022-05-26,lapsed,2020-09-25,2022-01-10
A004973,olivia.baker6092@yahoo.com.au,Olivia Baker,2006-02-28,5000,true,2023-08-27,lapsed,2023-01-16,2024-05-22
A004974,deborah.baker542@gmail.com,Deborah Baker,1989-05-09,3199,true,2024-01-07,lapsed,2018-01-08,2025-01-04
A004975,christine.robinson8112@gmail.com,Christine Robinson,1952-08-10,3056,true,2025-03-25,lapsed,2022-07-25,2024-10-27
A004976,james.ryan8328@outlook.com,James Ryan,2006-11-28,2170,false,,active,2024-06-16,2026-06-15
A004977,jessica.sato7564@icloud.com,Jessica Sato,1953-01-19,3199,true,2023-12-02,lapsed,2021-08-26,2022-05-13
A004978,priya.taylor9002@gmail.com,Priya Taylor,1982-12-25,2010,true,2022-06-17,lapsed,2021-05-13,2021-11-27
A004979,catherine.robinson2787@yahoo.com.au,Catherine Robinson,1971-08-25,3000,false,,closed,2020-11-07,2022-04-03
A004980,melissa.walker4680@yahoo.com.au,Melissa Walker,1956-09-04,2170,false,,lapsed,2022-08-11,2022-12-20
A004981,david.lee2465@yahoo.com.au,David Lee,1958-11-02,2010,false,,lapsed,2019-11-26,2020-12-15
A004982,samantha.evans4694@yahoo.com.au,Samantha Evans,1989-05-02,4000,true,2026-06-11,active,2026-05-01,2026-05-11
A004983,mark.ryan1257@gmail.com,Mark Ryan,1996-10-17,2170,false,,active,2021-01-10,2026-05-15
A004984,catherine.harris8850@hotmail.com,Catherine Harris,2004-06-18,3056,true,2020-01-13,lapsed,2019-01-16,2019-04-03
A004985,emma.wang3077@icloud.com,Emma Wang,1990-11-22,7000,true,2020-04-22,lapsed,2018-10-20,2025-03-02
A004986,emma.mitchell2360@hotmail.com,Emma Mitchell,1987-12-08,3056,true,2026-01-04,lapsed,2022-09-17,2023-07-08
A004987,matthew.jones9920@bigpond.com,Matthew Jones,2002-10-07,4217,true,2023-11-14,lapsed,2018-10-21,2021-06-07
A004988,elizabeth.jones5985@hotmail.com,Elizabeth Jones,1991-03-24,3550,false,,closed,2020-04-09,2025-01-11
A004989,helen.kelly772@gmail.com,Helen Kelly,1952-02-11,2170,true,2023-07-18,active,2022-12-28,2025-08-24
A004990,george.ali7798@bigpond.com,George Ali,2003-03-02,3121,true,2022-11-20,lapsed,2017-10-12,2021-12-05
A004991,sarah.nguyen5093@outlook.com,Sarah Nguyen,1994-08-31,2000,true,2025-12-08,lapsed,2019-08-19,2019-11-02
A004992,sandra.edwards8566@outlook.com,Sandra Edwards,1989-01-27,3182,true,2025-11-27,lapsed,2022-03-10,2023-01-02
A004993,robert.bell729@outlook.com,Robert Bell,1982-11-17,3141,false,,active,2025-03-13,2025-11-03
A004994,catherine.taylor2946@bigpond.com,Catherine Taylor,1954-10-18,3121,true,2023-06-16,lapsed,2021-10-20,2022-09-26
A004995,raj.wright1262@bigpond.com,Raj Wright,1964-01-23,3121,false,,lapsed,2020-07-02,2022-01-07
A004996,brian.martin4789@hotmail.com,Brian Martin,1998-05-29,3000,true,2020-05-31,lapsed,2019-06-15,2023-01-02
A004997,amanda.hall5708@outlook.com,Amanda Hall,1985-06-10,2150,true,2022-10-11,active,2022-04-02,2025-07-18
A004998,susan.khan7135@icloud.com,Susan Khan,1953-12-25,4000,true,2022-11-03,lapsed,2018-11-09,2020-09-23
A004999,elizabeth.mitchell2620@bigpond.com,Elizabeth Mitchell,1955-06-04,5000,true,2019-08-07,active,2018-05-28,2025-12-05
A005000,kevin.khan3704@gmail.com,Kevin Khan,2003-08-07,2010,true,2024-10-26,lapsed,2021-08-22,2022-01-16
