customer_ref,email,name,state,newsletter,created,last_order
C00001,jennifer.campbell2242@icloud.com,Jennifer Campbell,VIC,true,2025-06-22,2025-07-14
C00002,lisa.white2789@outlook.com,Lisa White,VIC,true,2022-11-16,2026-04-08
C00003,jessica.pham8171@hotmail.com,Jessica Pham,WA,false,2024-08-17,2026-05-03
C00004,joseph.wright2687@yahoo.com.au,Joseph Wright,QLD,true,2025-11-18,2026-05-11
C00005,melissa.adams716@yahoo.com.au,Melissa Adams,VIC,true,2023-07-22,2025-02-23
C00006,amanda.martin903@bigpond.com,Amanda Martin,ACT,true,2022-10-20,2025-12-20
C00007,fatima.taylor7074@hotmail.com,Fatima Taylor,QLD,false,2023-07-13,2025-05-19
C00008,brian.evans9901@yahoo.com.au,Brian Evans,NSW,true,2022-04-04,2025-08-19
C00009,margaret.kumar3722@gmail.com,Margaret Kumar,NSW,true,2025-01-24,2025-02-15
C00010,mary.clarke6968@outlook.com,Mary Clarke,QLD,true,2026-05-19,2026-05-30
C00011,catherine.smith6763@gmail.com,Catherine Smith,TAS,true,2023-09-05,2023-10-20
C00012,susan.ali6596@icloud.com,Susan Ali,VIC,true,2024-06-03,2025-05-13
C00013,james.stewart2109@bigpond.com,James Stewart,VIC,true,2023-05-01,2023-07-30
C00014,lisa.wang1364@icloud.com,Lisa Wang,VIC,true,2025-05-01,2026-06-03
C00015,jennifer.evans8687@bigpond.com,Jennifer Evans,NSW,true,2024-02-14,2025-09-06
C00016,amanda.liu6722@bigpond.com,Amanda Liu,VIC,true,2023-08-14,2025-06-27
C00017,daniel.smith4321@bigpond.com,Daniel Smith,VIC,true,2025-01-11,2026-05-04
C00018,brian.clarke1662@icloud.com,Brian Clarke,QLD,true,2021-09-08,2024-10-18
C00019,margaret.hall8040@bigpond.com,Margaret Hall,NSW,true,2022-08-22,2024-04-30
C00020,lisa.turner9653@gmail.com,Lisa Turner,NSW,true,2021-12-12,2023-07-23
C00021,thomas.king7217@bigpond.com,Thomas King,VIC,true,2021-08-30,2026-06-20
C00022,mary.tanaka4384@outlook.com,Mary Tanaka,VIC,true,2021-09-30,2025-09-03
C00023,giulia.liu1443@hotmail.com,Giulia Liu,SA,true,2026-01-08,2026-05-31
C00024,richard.johnson9233@bigpond.com,Richard Johnson,TAS,true,2024-08-30,2025-06-11
C00025,giulia.sato9244@bigpond.com,Giulia Sato,VIC,true,2026-04-05,2026-06-13
C00026,andrew.robinson5997@outlook.com,Andrew Robinson,NSW,true,2026-06-26,2026-06-30
C00027,ahmed.kelly6830@yahoo.com.au,Ahmed Kelly,NSW,true,2023-08-05,2026-03-09
C00028,ming.tran5259@icloud.com,Ming Tran,VIC,true,2021-12-09,2024-09-22
C00029,yuki.collins563@gmail.com,Yuki Collins,VIC,true,2025-06-05,2025-06-05
C00030,catherine.obrien2257@outlook.com,Catherine OBrien,VIC,true,2022-01-21,2022-12-02
C00031,andrew.tran6545@yahoo.com.au,Andrew Tran,VIC,true,2024-09-17,2025-03-19
C00032,priya.tanaka9301@bigpond.com,Priya Tanaka,TAS,true,2024-10-14,2025-11-11
C00033,joseph.robinson8801@outlook.com,Joseph Robinson,TAS,true,2026-02-16,2026-05-25
C00034,patricia.hall3476@hotmail.com,Patricia Hall,VIC,true,2024-08-24,2026-06-23
C00035,kevin.pham8933@hotmail.com,Kevin Pham,VIC,true,2025-02-08,2025-11-13
C00036,wei.murphy3643@hotmail.com,Wei Murphy,NSW,true,2024-01-15,2024-02-23
C00037,amanda.adams5102@outlook.com,Amanda Adams,NSW,true,2022-11-10,2023-10-06
C00038,giulia.collins4439@bigpond.com,Giulia Collins,VIC,true,2024-05-21,2026-01-29
C00039,melissa.rossi525@icloud.com,Melissa Rossi,VIC,false,2025-11-11,2026-05-15
C00040,olivia.tanaka3447@yahoo.com.au,Olivia Tanaka,QLD,true,2026-03-13,2026-03-21
C00041,thomas.green7225@outlook.com,Thomas Green,VIC,true,2022-04-29,2024-06-13
C00042,timothy.pham4724@icloud.com,Timothy Pham,VIC,true,2025-08-05,2025-11-28
C00043,emma.kelly2758@hotmail.com,Emma Kelly,VIC,true,2022-11-24,2025-02-05
C00044,michael.robinson7490@outlook.com,Michael Robinson,SA,true,2025-01-26,2025-06-01
C00045,kevin.martin4682@yahoo.com.au,Kevin Martin,VIC,true,2022-02-08,2022-08-25
C00046,giulia.pham7750@outlook.com,Giulia Pham,NSW,true,2021-11-21,2023-08-09
C00047,wei.singh5410@icloud.com,Wei Singh,QLD,true,2022-04-09,2026-03-18
C00048,priya.wright9097@outlook.com,Priya Wright,VIC,true,2026-06-12,2026-06-14
C00049,sandra.kumar7886@bigpond.com,Sandra Kumar,ACT,false,2023-05-23,2025-09-09
C00050,sandra.johnson106@outlook.com,Sandra Johnson,VIC,true,2024-03-19,2026-03-23
C00051,giulia.kumar4913@yahoo.com.au,Giulia Kumar,NSW,true,2024-11-10,2025-01-15
C00052,sandra.thompson7704@outlook.com,Sandra Thompson,NSW,true,2021-11-26,2024-05-21
C00053,helen.chen6739@yahoo.com.au,Helen Chen,WA,true,2024-04-02,2026-05-10
C00054,mark.ryan2817@gmail.com,Mark Ryan,NSW,true,2022-02-25,2023-12-01
C00055,linda.jones2891@bigpond.com,Linda Jones,SA,true,2023-07-10,2023-09-26
C00056,margaret.ali6313@yahoo.com.au,Margaret Ali,VIC,true,2025-07-10,2026-04-23
C00057,elizabeth.williams9621@bigpond.com,Elizabeth Williams,VIC,true,2025-04-21,2025-10-31
C00058,marco.collins4476@outlook.com,Marco Collins,VIC,true,2021-12-28,2023-01-07
C00059,jessica.khan8682@gmail.com,Jessica Khan,VIC,true,2025-10-11,2025-12-10
C00060,george.bell9026@yahoo.com.au,George Bell,NSW,true,2024-01-25,2025-03-28
C00061,david.zhang9712@bigpond.com,David Zhang,QLD,true,2021-09-23,2026-01-08
C00062,sarah.rossi6693@outlook.com,Sarah Rossi,VIC,true,2022-05-13,2025-01-01
C00063,sandra.mitchell1452@bigpond.com,Sandra Mitchell,QLD,true,2025-10-09,2026-06-24
C00064,fatima.kelly7534@yahoo.com.au,Fatima Kelly,QLD,true,2023-01-18,2025-05-30
C00065,william.campbell9365@gmail.com,William Campbell,NSW,true,2023-12-13,2025-04-22
C00066,william.sato3237@outlook.com,William Sato,NSW,true,2023-01-10,2023-11-30
C00067,anthony.smith1808@gmail.com,Anthony Smith,QLD,true,2022-10-13,2025-04-11
C00068,karen.ryan7562@yahoo.com.au,Karen Ryan,VIC,true,2025-04-17,2025-09-06
C00069,emma.robinson5195@bigpond.com,Emma Robinson,NSW,true,2025-01-17,2025-04-23
C00070,joshua.mitchell3654@gmail.com,Joshua Mitchell,VIC,true,2024-02-26,2025-07-22
C00071,james.costa8629@icloud.com,James Costa,VIC,true,2022-10-21,2023-08-15
C00072,richard.robinson1690@gmail.com,Richard Robinson,VIC,true,2025-07-27,2026-04-17
C00073,nancy.rossi732@bigpond.com,Nancy Rossi,NSW,true,2022-12-25,2024-08-21
C00074,william.evans4050@outlook.com,William Evans,VIC,true,2023-12-18,2024-05-06
C00075,emily.lee3026@icloud.com,Emily Lee,TAS,false,2024-04-25,2024-07-22
C00076,rebecca.tanaka9414@gmail.com,Rebecca Tanaka,NSW,true,2022-09-10,2023-10-21
C00077,jennifer.brown5527@icloud.com,Jennifer Brown,WA,true,2024-02-09,2026-05-20
C00078,katherine.costa9546@outlook.com,Katherine Costa,NSW,true,2022-01-16,2026-03-10
C00079,christine.martin1956@yahoo.com.au,Christine Martin,VIC,true,2024-06-18,2025-01-10
C00080,ming.williams8975@yahoo.com.au,Ming Williams,VIC,true,2024-07-12,2025-02-03
C00081,jessica.khan4397@gmail.com,Jessica Khan,NSW,true,2025-12-28,2026-01-17
C00082,joshua.white8803@gmail.com,Joshua White,QLD,true,2025-12-13,2026-07-02
C00083,brian.tanaka351@yahoo.com.au,Brian Tanaka,ACT,true,2023-02-10,2026-02-01
C00084,mark.kelly1125@bigpond.com,Mark Kelly,VIC,true,2021-09-06,2024-04-17
C00085,nancy.martin3858@gmail.com,Nancy Martin,NSW,true,2024-02-02,2024-11-04
C00086,michael.brown5828@gmail.com,Michael Brown,ACT,true,2023-12-15,2026-04-15
C00087,melissa.tran4096@outlook.com,Melissa Tran,ACT,true,2024-06-27,2024-10-10
C00088,ashley.thompson5525@yahoo.com.au,Ashley Thompson,QLD,true,2023-02-10,2026-05-18
C00089,marco.singh3316@icloud.com,Marco Singh,NSW,true,2022-05-13,2025-03-25
C00090,thomas.nguyen1031@hotmail.com,Thomas Nguyen,ACT,true,2023-04-03,2023-10-23
C00091,hiro.williams5700@yahoo.com.au,Hiro Williams,SA,true,2022-02-19,2022-03-18
C00092,sandra.williams8111@hotmail.com,Sandra Williams,QLD,true,2022-07-31,2023-07-05
C00093,amanda.obrien8088@bigpond.com,Amanda OBrien,VIC,true,2023-02-04,2023-08-29
C00094,christine.martin4375@hotmail.com,Christine Martin,VIC,true,2023-02-08,2025-04-04
C00095,thomas.smith9038@icloud.com,Thomas Smith,VIC,true,2024-03-28,2026-05-14
C00096,sandra.smith7752@yahoo.com.au,Sandra Smith,WA,true,2025-07-30,2025-08-14
C00097,amanda.edwards199@icloud.com,Amanda Edwards,VIC,true,2023-07-10,2026-06-07
C00098,fatima.mitchell5096@hotmail.com,Fatima Mitchell,VIC,true,2024-11-09,2026-02-26
C00099,joseph.kumar4582@bigpond.com,Joseph Kumar,NSW,true,2023-01-18,2023-08-24
C00100,elizabeth.murphy1921@outlook.com,Elizabeth Murphy,VIC,true,2024-06-12,2024-12-21
C00101,michael.turner9782@icloud.com,Michael Turner,VIC,true,2023-05-12,2024-11-16
C00102,katherine.white3746@icloud.com,Katherine White,VIC,true,2025-05-12,2026-02-24
C00103,patricia.sato8678@bigpond.com,Patricia Sato,NSW,true,2024-03-05,2024-11-07
C00104,marco.robinson3724@yahoo.com.au,Marco Robinson,WA,true,2024-02-04,2024-02-29
C00105,melissa.martin335@yahoo.com.au,Melissa Martin,VIC,true,2025-04-21,2026-05-16
C00106,michael.mitchell7296@outlook.com,Michael Mitchell,VIC,true,2025-08-01,2026-04-01
C00107,amanda.johnson7067@yahoo.com.au,Amanda Johnson,QLD,true,2023-07-23,2024-11-22
C00108,emily.williams6832@icloud.com,Emily Williams,QLD,true,2024-03-09,2026-01-03
C00109,george.murphy6679@hotmail.com,George Murphy,NSW,true,2023-10-28,2024-04-10
C00110,raj.turner219@outlook.com,Raj Turner,VIC,true,2022-05-14,2023-03-21
C00111,michelle.ryan880@outlook.com,Michelle Ryan,VIC,true,2022-10-25,2024-06-03
C00112,james.wang2050@icloud.com,James Wang,VIC,true,2024-05-26,2024-07-17
C00113,mark.edwards3936@yahoo.com.au,Mark Edwards,VIC,true,2023-01-31,2023-02-13
C00114,catherine.robinson5758@outlook.com,Catherine Robinson,VIC,true,2025-08-28,2026-01-21
C00115,richard.wang7659@gmail.com,Richard Wang,VIC,true,2024-12-02,2024-12-13
C00116,jennifer.nguyen351@bigpond.com,Jennifer Nguyen,VIC,true,2025-06-02,2025-11-07
C00117,wei.green311@bigpond.com,Wei Green,VIC,true,2022-02-17,2026-04-13
C00118,raj.thompson9556@gmail.com,Raj Thompson,ACT,true,2023-05-11,2026-04-14
C00119,brian.turner753@outlook.com,Brian Turner,NSW,true,2025-01-10,2026-05-29
C00120,jennifer.jones3080@yahoo.com.au,Jennifer Jones,NSW,true,2025-07-25,2025-12-05
C00121,ming.chen3866@gmail.com,Ming Chen,WA,true,2025-05-12,2025-06-22
C00122,raj.wilson8211@bigpond.com,Raj Wilson,VIC,true,2023-12-01,2024-08-24
C00123,anthony.zhang5736@hotmail.com,Anthony Zhang,NSW,true,2025-05-26,2026-06-07
C00124,david.zhang63@bigpond.com,David Zhang,VIC,true,2025-02-11,2026-01-13
C00125,richard.robinson3855@icloud.com,Richard Robinson,NSW,true,2026-01-29,2026-05-27
C00126,marco.johnson1385@icloud.com,Marco Johnson,VIC,true,2022-09-20,2025-07-16
C00127,george.costa9956@yahoo.com.au,George Costa,WA,true,2023-05-12,2024-05-04
C00128,giulia.campbell5856@yahoo.com.au,Giulia Campbell,NSW,true,2026-05-30,2026-06-12
C00129,james.lee9942@outlook.com,James Lee,ACT,true,2025-09-10,2025-12-01
C00130,robert.turner3017@outlook.com,Robert Turner,VIC,true,2022-09-14,2024-01-14
C00131,william.ryan9690@icloud.com,William Ryan,VIC,true,2021-11-08,2025-09-14
C00132,nancy.clarke7758@icloud.com,Nancy Clarke,VIC,true,2023-02-25,2023-10-14
C00133,emma.campbell1132@yahoo.com.au,Emma Campbell,VIC,true,2022-04-13,2025-02-04
C00134,yuki.wright8344@yahoo.com.au,Yuki Wright,TAS,true,2021-09-21,2022-11-12
C00135,george.thompson6699@hotmail.com,George Thompson,NSW,true,2024-04-27,2025-05-29
C00136,jessica.wright8979@hotmail.com,Jessica Wright,VIC,true,2021-11-21,2025-02-23
C00137,nancy.scott5787@bigpond.com,Nancy Scott,VIC,true,2024-10-04,2025-11-28
C00138,yuki.bell7970@gmail.com,Yuki Bell,QLD,false,2024-12-31,2026-02-22
C00139,hiro.brown5613@bigpond.com,Hiro Brown,VIC,true,2022-08-17,2026-01-14
C00140,andrew.chen9138@icloud.com,Andrew Chen,VIC,true,2024-07-16,2025-11-20
C00141,richard.collins3518@outlook.com,Richard Collins,NSW,true,2025-04-30,2025-11-05
C00142,linda.rossi8639@icloud.com,Linda Rossi,VIC,true,2024-02-02,2025-11-27
C00143,michelle.hall3283@hotmail.com,Michelle Hall,VIC,true,2024-02-16,2024-06-01
C00144,lisa.brown6188@yahoo.com.au,Lisa Brown,NSW,true,2023-01-18,2023-12-21
C00145,katherine.robinson8383@hotmail.com,Katherine Robinson,QLD,false,2023-10-07,2023-12-05
C00146,priya.stewart9107@gmail.com,Priya Stewart,VIC,true,2023-07-26,2024-12-07
C00147,stephanie.smith6118@hotmail.com,Stephanie Smith,ACT,true,2021-10-25,2026-07-02
C00148,richard.kelly5387@bigpond.com,Richard Kelly,VIC,true,2025-11-10,2026-02-22
C00149,katherine.baker2857@hotmail.com,Katherine Baker,VIC,true,2025-09-10,2026-04-13
C00150,joseph.baker1368@gmail.com,Joseph Baker,ACT,false,2025-03-02,2026-06-25
C00151,brian.baker1829@icloud.com,Brian Baker,VIC,true,2026-01-08,2026-05-26
C00152,sandra.chen835@outlook.com,Sandra Chen,QLD,true,2021-08-31,2024-05-30
C00153,catherine.baker8546@hotmail.com,Catherine Baker,NSW,true,2026-03-29,2026-04-15
C00154,raj.robinson2242@gmail.com,Raj Robinson,TAS,true,2021-10-18,2024-03-10
C00155,jessica.rossi8133@icloud.com,Jessica Rossi,VIC,true,2023-02-16,2025-06-19
C00156,yuki.thompson6682@yahoo.com.au,Yuki Thompson,NSW,true,2022-01-25,2022-07-27
C00157,george.obrien5951@yahoo.com.au,George OBrien,VIC,true,2023-04-27,2024-11-05
C00158,daniel.robinson3176@hotmail.com,Daniel Robinson,NSW,true,2023-11-30,2025-11-05
C00159,olivia.robinson5915@outlook.com,Olivia Robinson,TAS,true,2021-07-29,2023-07-03
C00160,george.ryan1986@gmail.com,George Ryan,VIC,true,2022-08-24,2023-07-05
C00161,patricia.costa877@yahoo.com.au,Patricia Costa,WA,true,2022-01-17,2025-12-27
C00162,patricia.anderson9870@hotmail.com,Patricia Anderson,VIC,true,2022-07-05,2023-05-16
C00163,priya.zhang7428@yahoo.com.au,Priya Zhang,TAS,true,2021-11-01,2025-04-19
C00164,marco.white9226@icloud.com,Marco White,TAS,true,2021-08-12,2023-06-25
C00165,christine.costa2109@bigpond.com,Christine Costa,SA,true,2023-10-04,2025-01-11
C00166,margaret.evans7823@icloud.com,Margaret Evans,NSW,true,2021-08-27,2023-04-10
C00167,andrew.kelly6586@hotmail.com,Andrew Kelly,ACT,true,2022-11-21,2024-02-19
C00168,emma.brown3649@bigpond.com,Emma Brown,TAS,true,2022-03-26,2023-06-12
C00169,yuki.walker7155@yahoo.com.au,Yuki Walker,ACT,true,2025-11-24,2026-02-12
C00170,olivia.adams772@icloud.com,Olivia Adams,ACT,true,2022-12-19,2023-10-17
C00171,linda.taylor1542@yahoo.com.au,Linda Taylor,QLD,true,2023-07-19,2024-04-25
C00172,giulia.ali2042@yahoo.com.au,Giulia Ali,QLD,true,2023-04-13,2025-11-25
C00173,lisa.adams5028@yahoo.com.au,Lisa Adams,NSW,true,2024-05-14,2026-02-19
C00174,christine.tanaka3105@icloud.com,Christine Tanaka,NSW,true,2021-09-27,2022-07-24
C00175,george.edwards9468@yahoo.com.au,George Edwards,TAS,true,2024-03-31,2025-08-26
C00176,susan.collins6017@yahoo.com.au,Susan Collins,VIC,true,2021-11-18,2022-09-22
C00177,kevin.murphy8076@icloud.com,Kevin Murphy,VIC,true,2024-05-14,2025-01-08
C00178,richard.green6288@gmail.com,Richard Green,VIC,true,2021-12-07,2023-02-23
C00179,timothy.williams7304@bigpond.com,Timothy Williams,ACT,true,2023-10-13,2025-01-21
C00180,rachel.costa4597@hotmail.com,Rachel Costa,QLD,true,2023-04-03,2023-12-14
C00181,jennifer.liu1859@yahoo.com.au,Jennifer Liu,NSW,true,2021-09-09,2023-11-02
C00182,emma.williams1378@icloud.com,Emma Williams,NSW,true,2024-04-09,2025-08-06
C00183,mary.nguyen5532@outlook.com,Mary Nguyen,NSW,true,2023-01-01,2026-03-13
C00184,lisa.pham4116@yahoo.com.au,Lisa Pham,VIC,true,2024-05-01,2024-06-12
C00185,sandra.jones2838@bigpond.com,Sandra Jones,VIC,true,2022-01-02,2025-08-08
C00186,michael.thompson6284@outlook.com,Michael Thompson,NSW,true,2022-12-03,2023-07-18
C00187,mark.smith9717@icloud.com,Mark Smith,WA,true,2022-02-02,2025-07-24
C00188,emily.wang3060@yahoo.com.au,Emily Wang,NSW,true,2021-10-07,2024-03-12
C00189,sandra.tanaka6719@icloud.com,Sandra Tanaka,WA,true,2022-09-08,2023-08-21
C00190,olivia.clarke8760@gmail.com,Olivia Clarke,VIC,true,2026-03-20,2026-06-24
C00191,wei.edwards6940@gmail.com,Wei Edwards,WA,true,2023-04-10,2024-05-14
C00192,christine.clarke3177@icloud.com,Christine Clarke,VIC,false,2023-09-20,2024-09-20
C00193,matthew.chen1197@hotmail.com,Matthew Chen,VIC,true,2024-07-19,2026-02-28
C00194,margaret.zhang9163@gmail.com,Margaret Zhang,VIC,true,2025-07-05,2026-04-17
C00195,susan.lee1636@icloud.com,Susan Lee,VIC,true,2024-08-24,2025-08-21
C00196,robert.costa2212@icloud.com,Robert Costa,NSW,false,2026-06-27,2026-07-03
C00197,michael.lee6229@hotmail.com,Michael Lee,TAS,true,2023-01-22,2025-06-28
C00198,margaret.singh2308@outlook.com,Margaret Singh,VIC,true,2022-06-06,2023-09-08
C00199,sarah.liu6912@gmail.com,Sarah Liu,TAS,true,2024-02-27,2024-12-09
C00200,charles.harris984@bigpond.com,Charles Harris,VIC,true,2023-08-13,2025-03-23
C00201,nancy.khan246@bigpond.com,Nancy Khan,VIC,true,2024-10-22,2026-01-29
C00202,sarah.baker9924@outlook.com,Sarah Baker,VIC,true,2022-11-27,2025-02-28
C00203,robert.taylor4367@hotmail.com,Robert Taylor,VIC,true,2022-09-18,2026-06-23
C00204,jessica.smith2086@outlook.com,Jessica Smith,TAS,true,2021-11-21,2023-11-29
C00205,william.nguyen6138@yahoo.com.au,William Nguyen,VIC,true,2023-04-20,2023-11-27
C00206,jessica.sato1677@outlook.com,Jessica Sato,VIC,true,2022-01-20,2022-08-30
C00207,michelle.taylor4840@icloud.com,Michelle Taylor,NSW,true,2022-07-27,2023-03-01
C00208,timothy.kumar5870@icloud.com,Timothy Kumar,NSW,true,2021-08-17,2023-01-15
C00209,samantha.kumar2118@bigpond.com,Samantha Kumar,VIC,true,2022-09-21,2024-12-18
C00210,samantha.king5363@yahoo.com.au,Samantha King,NSW,true,2024-04-12,2025-05-10
C00211,jennifer.obrien595@bigpond.com,Jennifer OBrien,ACT,false,2024-03-12,2024-06-30
C00212,deborah.harris7800@outlook.com,Deborah Harris,VIC,true,2021-10-01,2025-08-09
C00213,catherine.obrien9458@bigpond.com,Catherine OBrien,VIC,true,2022-03-15,2024-02-25
C00214,andrew.ali6859@hotmail.com,Andrew Ali,ACT,true,2025-11-07,2026-04-16
C00215,samantha.mitchell3457@yahoo.com.au,Samantha Mitchell,QLD,true,2022-09-07,2024-07-02
C00216,raj.kelly2707@hotmail.com,Raj Kelly,WA,true,2023-06-18,2023-07-03
C00217,mary.johnson7715@icloud.com,Mary Johnson,VIC,false,2023-05-18,2023-09-02
C00218,jennifer.khan8464@yahoo.com.au,Jennifer Khan,WA,true,2023-09-19,2025-07-04
C00219,michelle.mitchell7463@hotmail.com,Michelle Mitchell,VIC,true,2023-07-02,2025-07-23
C00220,michael.taylor6974@hotmail.com,Michael Taylor,WA,true,2022-10-10,2024-06-27
C00221,michael.jones3210@gmail.com,Michael Jones,VIC,true,2026-04-22,2026-05-09
C00222,matthew.thompson251@outlook.com,Matthew Thompson,ACT,true,2021-07-05,2024-06-12
C00223,andrew.king1121@gmail.com,Andrew King,VIC,true,2023-06-05,2026-01-22
C00224,andrew.sato5057@hotmail.com,Andrew Sato,VIC,true,2024-12-10,2025-04-11
C00225,charles.smith2952@icloud.com,Charles Smith,VIC,true,2024-12-01,2025-08-18
C00226,stephanie.king1155@hotmail.com,Stephanie King,NSW,true,2022-12-04,2025-05-25
C00227,joshua.hall7838@gmail.com,Joshua Hall,VIC,true,2024-06-03,2025-03-06
C00228,emma.martin6113@gmail.com,Emma Martin,VIC,true,2026-05-21,2026-06-26
C00229,mark.thompson108@hotmail.com,Mark Thompson,VIC,true,2023-09-18,2024-05-16
C00230,priya.green3463@icloud.com,Priya Green,ACT,true,2026-06-07,2026-06-14
C00231,raj.rossi1935@yahoo.com.au,Raj Rossi,QLD,true,2025-02-07,2025-04-20
C00232,fatima.pham5513@hotmail.com,Fatima Pham,VIC,true,2022-08-03,2025-10-15
C00233,anthony.anderson7611@icloud.com,Anthony Anderson,NSW,true,2024-04-28,2024-05-01
C00234,margaret.wilson1662@outlook.com,Margaret Wilson,VIC,true,2023-04-23,2026-01-09
C00235,ming.turner2583@yahoo.com.au,Ming Turner,NSW,true,2024-10-17,2025-11-15
C00236,priya.king597@icloud.com,Priya King,VIC,true,2023-06-03,2024-08-08
C00237,matthew.turner8273@yahoo.com.au,Matthew Turner,WA,true,2025-03-21,2025-12-08
C00238,catherine.khan4203@yahoo.com.au,Catherine Khan,VIC,true,2022-05-21,2023-07-17
C00239,timothy.edwards6571@hotmail.com,Timothy Edwards,WA,true,2026-02-01,2026-05-15
C00240,hiro.murphy5149@yahoo.com.au,Hiro Murphy,NSW,true,2026-02-02,2026-03-04
C00241,sandra.chen5462@outlook.com,Sandra Chen,QLD,true,2022-12-30,2025-12-08
C00242,patricia.jones7788@gmail.com,Patricia Jones,VIC,true,2021-09-12,2023-10-28
C00243,james.evans6637@gmail.com,James Evans,NSW,true,2022-03-24,2024-04-16
C00244,thomas.kumar2988@hotmail.com,Thomas Kumar,VIC,true,2023-06-10,2025-12-16
C00245,ahmed.wilson6558@bigpond.com,Ahmed Wilson,VIC,true,2022-03-14,2025-04-24
C00246,william.tanaka2091@yahoo.com.au,William Tanaka,TAS,true,2024-10-15,2025-05-06
C00247,rachel.costa3847@icloud.com,Rachel Costa,ACT,true,2026-03-05,2026-05-05
C00248,nancy.murphy4582@gmail.com,Nancy Murphy,WA,true,2024-01-03,2024-05-28
C00249,nancy.kumar6616@bigpond.com,Nancy Kumar,NSW,true,2024-05-10,2025-04-15
C00250,amanda.jones5138@yahoo.com.au,Amanda Jones,QLD,true,2021-07-17,2025-04-10
C00251,samantha.campbell6676@yahoo.com.au,Samantha Campbell,VIC,true,2022-02-26,2022-06-29
C00252,mary.hall8730@outlook.com,Mary Hall,VIC,true,2025-07-08,2026-06-08
C00253,margaret.sato3547@bigpond.com,Margaret Sato,VIC,false,2025-09-18,2025-10-16
C00254,sandra.stewart5220@bigpond.com,Sandra Stewart,WA,true,2021-11-20,2023-07-05
C00255,ashley.kelly3736@icloud.com,Ashley Kelly,ACT,true,2024-08-17,2025-03-22
C00256,charles.collins3554@bigpond.com,Charles Collins,TAS,true,2023-10-03,2025-09-30
C00257,mary.kumar8519@hotmail.com,Mary Kumar,VIC,true,2022-05-30,2025-08-19
C00258,steven.campbell9875@gmail.com,Steven Campbell,VIC,true,2023-11-26,2024-06-27
C00259,andrew.obrien7683@outlook.com,Andrew OBrien,VIC,true,2024-08-22,2026-05-06
C00260,amanda.chen1312@icloud.com,Amanda Chen,WA,true,2021-09-17,2024-04-17
C00261,george.white5733@hotmail.com,George White,ACT,true,2023-04-25,2026-03-20
C00262,patricia.rossi8937@outlook.com,Patricia Rossi,NSW,true,2023-06-06,2024-02-16
C00263,margaret.evans7894@outlook.com,Margaret Evans,VIC,true,2024-02-27,2025-01-08
C00264,matthew.wang7144@yahoo.com.au,Matthew Wang,QLD,true,2022-10-17,2024-04-12
C00265,nancy.zhang8030@hotmail.com,Nancy Zhang,NSW,true,2022-05-22,2024-03-29
C00266,elizabeth.evans9484@gmail.com,Elizabeth Evans,NSW,true,2024-01-26,2024-10-15
C00267,rebecca.obrien3531@gmail.com,Rebecca OBrien,QLD,true,2024-07-23,2025-07-02
C00268,christine.evans5660@yahoo.com.au,Christine Evans,VIC,true,2025-12-08,2026-04-16
C00269,christine.chen8394@icloud.com,Christine Chen,NSW,true,2023-04-03,2026-06-24
C00270,christine.white4316@hotmail.com,Christine White,NSW,true,2024-04-16,2025-04-30
C00271,nancy.singh2099@icloud.com,Nancy Singh,VIC,true,2024-10-04,2024-12-29
C00272,daniel.evans4485@hotmail.com,Daniel Evans,NSW,true,2023-04-15,2025-04-06
C00273,giulia.taylor6444@bigpond.com,Giulia Taylor,VIC,true,2026-04-18,2026-05-08
C00274,matthew.chen819@outlook.com,Matthew Chen,QLD,true,2025-02-22,2025-07-02
C00275,brian.taylor2883@gmail.com,Brian Taylor,TAS,true,2022-09-28,2024-05-01
C00276,rachel.costa6721@yahoo.com.au,Rachel Costa,VIC,true,2025-10-02,2026-05-07
C00277,raj.sato2227@yahoo.com.au,Raj Sato,NSW,true,2023-08-02,2025-10-27
C00278,melissa.green8939@hotmail.com,Melissa Green,NSW,true,2026-05-19,2026-06-04
C00279,robert.tran6839@yahoo.com.au,Robert Tran,ACT,true,2023-05-18,2024-01-27
C00280,richard.williams1118@gmail.com,Richard Williams,NSW,true,2022-03-18,2026-01-02
C00281,sarah.jones1427@bigpond.com,Sarah Jones,ACT,true,2024-11-30,2025-09-09
C00282,christine.anderson5199@yahoo.com.au,Christine Anderson,VIC,true,2022-05-16,2023-09-30
C00283,mary.zhang694@gmail.com,Mary Zhang,SA,true,2022-08-08,2025-08-10
C00284,robert.white5655@hotmail.com,Robert White,NSW,true,2023-01-25,2024-02-20
C00285,laura.khan8906@yahoo.com.au,Laura Khan,VIC,true,2025-11-16,2025-12-24
C00286,jennifer.evans2656@gmail.com,Jennifer Evans,NSW,true,2022-01-11,2022-04-01
C00287,charles.nguyen6498@yahoo.com.au,Charles Nguyen,NSW,true,2024-10-11,2025-11-18
C00288,rachel.khan6910@outlook.com,Rachel Khan,SA,true,2021-10-22,2024-03-07
C00289,karen.robinson9927@yahoo.com.au,Karen Robinson,VIC,true,2024-01-29,2024-08-10
C00290,kevin.johnson8300@hotmail.com,Kevin Johnson,VIC,true,2024-01-19,2026-05-03
C00291,susan.williams8496@bigpond.com,Susan Williams,VIC,true,2023-05-08,2026-03-22
C00292,robert.stewart8512@yahoo.com.au,Robert Stewart,VIC,true,2022-09-27,2022-09-27
C00293,susan.wang519@icloud.com,Susan Wang,NSW,true,2024-10-13,2025-03-21
C00294,charles.kelly83@hotmail.com,Charles Kelly,WA,true,2025-12-06,2025-12-29
C00295,matthew.campbell1794@yahoo.com.au,Matthew Campbell,ACT,true,2022-01-11,2026-01-13
C00296,jennifer.murphy1057@hotmail.com,Jennifer Murphy,NSW,true,2023-06-22,2023-10-12
C00297,anthony.taylor3273@yahoo.com.au,Anthony Taylor,WA,true,2026-05-18,2026-05-19
C00298,patricia.king976@hotmail.com,Patricia King,ACT,true,2025-01-13,2025-04-20
C00299,katherine.sato5093@outlook.com,Katherine Sato,SA,false,2022-02-05,2022-05-20
C00300,wei.taylor114@yahoo.com.au,Wei Taylor,VIC,true,2026-02-26,2026-05-02
C00301,elizabeth.clarke3838@bigpond.com,Elizabeth Clarke,NSW,true,2023-10-14,2026-01-07
C00302,nancy.campbell4063@hotmail.com,Nancy Campbell,SA,true,2024-06-04,2024-12-09
C00303,mark.liu915@gmail.com,Mark Liu,QLD,true,2025-07-05,2026-05-19
C00304,emily.khan8392@bigpond.com,Emily Khan,VIC,true,2023-03-10,2025-10-15
C00305,deborah.murphy1741@outlook.com,Deborah Murphy,WA,true,2022-03-29,2025-11-25
C00306,marco.walker9132@icloud.com,Marco Walker,VIC,true,2023-07-24,2024-03-29
C00307,anthony.evans4939@hotmail.com,Anthony Evans,VIC,true,2023-01-01,2024-11-16
C00308,elizabeth.rossi9222@hotmail.com,Elizabeth Rossi,NSW,true,2024-09-26,2024-11-18
C00309,giulia.wilson9056@icloud.com,Giulia Wilson,SA,true,2021-09-19,2023-03-27
C00310,joshua.white2031@outlook.com,Joshua White,NSW,true,2025-05-27,2026-06-19
C00311,amanda.wright8691@gmail.com,Amanda Wright,NSW,true,2024-04-26,2025-01-12
C00312,giulia.tanaka9817@icloud.com,Giulia Tanaka,WA,true,2026-03-12,2026-06-13
C00313,linda.jones340@outlook.com,Linda Jones,VIC,true,2025-07-26,2025-10-17
C00314,rachel.brown9837@yahoo.com.au,Rachel Brown,VIC,true,2022-10-09,2025-08-27
C00315,susan.taylor6667@outlook.com,Susan Taylor,NSW,true,2024-03-22,2026-05-23
C00316,susan.walker304@yahoo.com.au,Susan Walker,VIC,true,2025-04-06,2025-11-23
C00317,laura.stewart8036@icloud.com,Laura Stewart,WA,true,2025-12-27,2026-03-18
C00318,melissa.ryan3541@gmail.com,Melissa Ryan,VIC,true,2024-02-17,2025-05-18
C00319,deborah.campbell4230@bigpond.com,Deborah Campbell,NSW,true,2024-11-03,2026-06-30
C00320,joshua.pham7345@yahoo.com.au,Joshua Pham,VIC,true,2023-03-01,2024-05-22
C00321,giulia.bell1108@hotmail.com,Giulia Bell,VIC,true,2022-05-02,2024-11-21
C00322,sarah.stewart1117@bigpond.com,Sarah Stewart,QLD,true,2023-06-07,2024-01-03
C00323,karen.king1309@outlook.com,Karen King,VIC,true,2023-03-31,2024-02-19
C00324,kevin.ali2778@yahoo.com.au,Kevin Ali,ACT,true,2023-02-24,2024-06-11
C00325,patricia.kumar1928@hotmail.com,Patricia Kumar,VIC,true,2024-07-09,2025-04-26
C00326,rachel.harris3559@yahoo.com.au,Rachel Harris,ACT,true,2023-07-18,2024-09-26
C00327,george.collins4776@outlook.com,George Collins,ACT,true,2023-03-04,2024-02-05
C00328,michelle.kelly5933@icloud.com,Michelle Kelly,WA,true,2022-01-20,2022-03-29
C00329,linda.harris485@icloud.com,Linda Harris,VIC,true,2021-07-27,2025-01-28
C00330,timothy.clarke3021@hotmail.com,Timothy Clarke,NSW,true,2024-05-11,2024-08-22
C00331,nancy.jones444@yahoo.com.au,Nancy Jones,NSW,true,2026-04-01,2026-06-23
C00332,daniel.ali477@yahoo.com.au,Daniel Ali,VIC,true,2022-08-29,2024-07-18
C00333,andrew.kumar2786@outlook.com,Andrew Kumar,QLD,true,2022-05-27,2025-07-07
C00334,sarah.tanaka1416@bigpond.com,Sarah Tanaka,VIC,true,2023-06-27,2024-12-02
C00335,ahmed.singh2008@gmail.com,Ahmed Singh,NSW,true,2021-11-08,2024-09-19
C00336,margaret.turner3638@hotmail.com,Margaret Turner,NSW,true,2024-05-26,2025-08-04
C00337,james.taylor8671@gmail.com,James Taylor,VIC,true,2023-02-09,2024-10-03
C00338,jessica.rossi345@bigpond.com,Jessica Rossi,VIC,true,2025-05-05,2025-05-08
C00339,sandra.adams355@icloud.com,Sandra Adams,SA,true,2024-07-14,2025-09-05
C00340,catherine.rossi9303@hotmail.com,Catherine Rossi,VIC,true,2021-08-11,2024-08-26
C00341,catherine.walker8091@hotmail.com,Catherine Walker,VIC,true,2024-11-23,2025-11-17
C00342,timothy.costa8745@bigpond.com,Timothy Costa,NSW,false,2026-05-27,2026-06-16
C00343,sandra.ryan1730@icloud.com,Sandra Ryan,SA,true,2025-01-06,2026-04-23
C00344,jessica.chen181@gmail.com,Jessica Chen,NSW,true,2023-01-17,2025-08-20
C00345,wei.green4053@outlook.com,Wei Green,VIC,true,2021-08-07,2024-07-09
C00346,ming.edwards9523@gmail.com,Ming Edwards,VIC,true,2025-02-25,2026-06-01
C00347,wei.bell5155@outlook.com,Wei Bell,VIC,true,2025-11-12,2026-07-02
C00348,michael.chen6792@gmail.com,Michael Chen,VIC,true,2022-09-07,2025-12-02
C00349,brian.mitchell3068@yahoo.com.au,Brian Mitchell,ACT,true,2026-06-23,2026-07-03
C00350,amanda.scott6321@hotmail.com,Amanda Scott,NSW,true,2025-11-21,2026-04-26
C00351,laura.khan8139@yahoo.com.au,Laura Khan,NSW,true,2023-12-24,2026-04-05
C00352,margaret.wang74@gmail.com,Margaret Wang,NSW,true,2025-03-19,2026-06-24
C00353,matthew.khan3992@gmail.com,Matthew Khan,NSW,true,2023-09-26,2023-12-08
C00354,margaret.mitchell7952@outlook.com,Margaret Mitchell,NSW,true,2024-06-23,2025-09-13
C00355,george.costa1082@hotmail.com,George Costa,NSW,true,2021-10-23,2023-12-03
C00356,samantha.nguyen7847@outlook.com,Samantha Nguyen,TAS,true,2026-03-21,2026-06-12
C00357,elizabeth.murphy1338@gmail.com,Elizabeth Murphy,VIC,true,2022-07-11,2023-10-09
C00358,thomas.tanaka9527@icloud.com,Thomas Tanaka,TAS,true,2022-04-29,2025-05-11
C00359,margaret.adams5604@gmail.com,Margaret Adams,WA,true,2022-12-04,2023-07-09
C00360,steven.ali6999@bigpond.com,Steven Ali,NSW,true,2023-01-31,2023-10-15
C00361,andrew.lee486@yahoo.com.au,Andrew Lee,VIC,true,2026-04-06,2026-06-21
C00362,joseph.martin9564@outlook.com,Joseph Martin,ACT,true,2023-01-30,2026-04-11
C00363,jennifer.evans2936@bigpond.com,Jennifer Evans,VIC,true,2021-09-18,2024-03-30
C00364,richard.kumar2750@outlook.com,Richard Kumar,NSW,true,2024-01-06,2024-08-23
C00365,sandra.thompson3653@outlook.com,Sandra Thompson,VIC,true,2024-03-06,2025-05-28
C00366,elizabeth.hall6267@hotmail.com,Elizabeth Hall,VIC,false,2023-01-31,2023-04-16
C00367,mary.stewart4298@outlook.com,Mary Stewart,VIC,true,2024-08-13,2026-02-13
C00368,timothy.smith5671@gmail.com,Timothy Smith,VIC,true,2023-12-15,2025-10-07
C00369,james.kumar9332@yahoo.com.au,James Kumar,VIC,true,2026-01-12,2026-03-24
C00370,melissa.pham5363@gmail.com,Melissa Pham,ACT,true,2025-08-18,2026-04-06
C00371,joseph.lee3445@icloud.com,Joseph Lee,QLD,false,2025-05-26,2026-01-30
C00372,michelle.white432@yahoo.com.au,Michelle White,VIC,true,2025-03-13,2025-08-01
C00373,amanda.sato3612@hotmail.com,Amanda Sato,VIC,true,2025-05-15,2025-12-03
C00374,michael.kelly3025@icloud.com,Michael Kelly,NSW,false,2025-04-03,2026-04-13
C00375,jennifer.mitchell4226@icloud.com,Jennifer Mitchell,TAS,true,2021-12-25,2024-07-29
C00376,mark.tran8049@hotmail.com,Mark Tran,VIC,true,2024-04-30,2026-03-08
C00377,michael.thompson6398@bigpond.com,Michael Thompson,VIC,true,2022-05-04,2026-03-16
C00378,sarah.evans6112@icloud.com,Sarah Evans,VIC,true,2023-03-19,2024-06-05
C00379,brian.obrien8539@bigpond.com,Brian OBrien,VIC,true,2023-05-06,2026-03-20
C00380,ming.nguyen2329@outlook.com,Ming Nguyen,WA,true,2023-11-12,2026-01-31
C00381,laura.edwards307@gmail.com,Laura Edwards,NSW,true,2024-07-14,2025-07-20
C00382,laura.singh7455@gmail.com,Laura Singh,SA,true,2024-08-21,2024-09-02
C00383,robert.edwards7423@hotmail.com,Robert Edwards,VIC,true,2025-12-23,2026-01-14
C00384,robert.wilson1877@yahoo.com.au,Robert Wilson,VIC,true,2021-09-29,2022-08-29
C00385,katherine.robinson9630@bigpond.com,Katherine Robinson,VIC,true,2021-07-09,2022-03-12
C00386,emily.ryan2506@hotmail.com,Emily Ryan,VIC,true,2025-04-23,2026-05-12
C00387,hiro.zhang9786@yahoo.com.au,Hiro Zhang,NSW,true,2022-10-06,2023-03-22
C00388,george.evans7049@outlook.com,George Evans,VIC,false,2022-08-07,2023-11-28
C00389,sarah.zhang3764@icloud.com,Sarah Zhang,WA,false,2023-12-25,2026-03-13
C00390,marco.ryan6312@bigpond.com,Marco Ryan,NSW,true,2022-11-22,2024-05-31
C00391,michelle.anderson3514@gmail.com,Michelle Anderson,NSW,true,2024-11-10,2025-11-16
C00392,marco.obrien6205@icloud.com,Marco OBrien,NSW,true,2024-02-17,2026-01-17
C00393,patricia.nguyen4736@outlook.com,Patricia Nguyen,VIC,true,2023-04-01,2024-01-16
C00394,linda.stewart3360@outlook.com,Linda Stewart,VIC,true,2026-03-11,2026-06-28
C00395,yuki.liu2173@bigpond.com,Yuki Liu,VIC,true,2022-03-18,2022-05-27
C00396,william.evans1044@hotmail.com,William Evans,SA,true,2023-01-15,2026-02-26
C00397,margaret.zhang5305@gmail.com,Margaret Zhang,VIC,true,2021-12-20,2023-07-21
C00398,margaret.thompson7209@outlook.com,Margaret Thompson,VIC,true,2023-06-06,2025-02-07
C00399,patricia.murphy7819@hotmail.com,Patricia Murphy,NSW,true,2024-06-21,2024-09-16
C00400,david.jones2704@icloud.com,David Jones,VIC,true,2025-05-04,2025-12-01
C00401,giulia.green2314@gmail.com,Giulia Green,VIC,true,2025-01-09,2025-10-21
C00402,matthew.zhang5464@hotmail.com,Matthew Zhang,VIC,true,2023-01-01,2025-06-14
C00403,steven.liu1022@yahoo.com.au,Steven Liu,NSW,true,2024-06-05,2025-02-27
C00404,nancy.pham9126@icloud.com,Nancy Pham,NSW,true,2023-03-10,2025-01-01
C00405,olivia.walker6460@outlook.com,Olivia Walker,VIC,true,2022-01-18,2023-09-22
C00406,raj.ali5116@gmail.com,Raj Ali,VIC,true,2024-06-07,2026-03-22
C00407,daniel.ryan3428@outlook.com,Daniel Ryan,NSW,true,2025-10-06,2025-10-27
C00408,jessica.campbell3131@hotmail.com,Jessica Campbell,NSW,true,2021-10-07,2026-03-30
C00409,ahmed.kumar4724@hotmail.com,Ahmed Kumar,VIC,true,2024-12-04,2026-05-05
C00410,sandra.johnson1515@gmail.com,Sandra Johnson,NSW,true,2022-05-28,2025-09-26
C00411,george.ali7250@gmail.com,George Ali,NSW,true,2023-03-16,2025-07-23
C00412,catherine.taylor3349@icloud.com,Catherine Taylor,WA,false,2024-10-01,2025-08-02
C00413,michelle.chen8894@gmail.com,Michelle Chen,NSW,true,2024-09-21,2026-03-05
C00414,fatima.campbell1604@yahoo.com.au,Fatima Campbell,SA,true,2025-04-09,2025-11-21
C00415,rebecca.bell7047@yahoo.com.au,Rebecca Bell,ACT,true,2025-07-12,2025-10-04
C00416,mary.kelly3980@icloud.com,Mary Kelly,QLD,true,2025-10-29,2025-12-31
C00417,mary.pham8779@bigpond.com,Mary Pham,VIC,true,2024-11-09,2025-12-10
C00418,yuki.tanaka1990@bigpond.com,Yuki Tanaka,VIC,true,2025-06-14,2025-10-19
C00419,rebecca.tanaka1420@yahoo.com.au,Rebecca Tanaka,QLD,true,2026-02-15,2026-05-17
C00420,yuki.mitchell3371@gmail.com,Yuki Mitchell,VIC,true,2025-11-02,2026-03-11
C00421,sarah.smith6243@gmail.com,Sarah Smith,VIC,true,2026-05-14,2026-05-19
C00422,michelle.mitchell4191@outlook.com,Michelle Mitchell,VIC,true,2022-11-14,2025-06-13
C00423,linda.campbell7415@gmail.com,Linda Campbell,TAS,true,2025-09-27,2025-12-15
C00424,giulia.thompson7878@gmail.com,Giulia Thompson,NSW,true,2023-10-11,2025-02-21
C00425,elizabeth.robinson4389@bigpond.com,Elizabeth Robinson,TAS,true,2025-11-03,2025-11-04
C00426,stephanie.zhang5031@hotmail.com,Stephanie Zhang,VIC,true,2024-04-14,2025-02-16
C00427,joseph.adams6937@icloud.com,Joseph Adams,TAS,true,2024-12-27,2025-12-22
C00428,michelle.chen5472@icloud.com,Michelle Chen,NSW,false,2022-01-29,2023-08-01
C00429,olivia.obrien4294@gmail.com,Olivia OBrien,VIC,true,2022-06-23,2024-07-17
C00430,margaret.adams5451@gmail.com,Margaret Adams,WA,true,2025-12-12,2026-06-24
C00431,katherine.brown6993@icloud.com,Katherine Brown,QLD,true,2022-05-28,2025-02-14
C00432,amanda.kumar1581@hotmail.com,Amanda Kumar,QLD,true,2026-05-30,2026-06-08
C00433,amanda.chen7645@yahoo.com.au,Amanda Chen,NSW,true,2021-11-29,2021-12-26
C00434,amanda.turner2432@outlook.com,Amanda Turner,VIC,true,2024-12-25,2026-03-20
C00435,mark.green7393@icloud.com,Mark Green,WA,false,2024-08-13,2026-04-28
C00436,andrew.zhang7269@bigpond.com,Andrew Zhang,VIC,false,2024-03-06,2025-06-01
C00437,melissa.king2836@outlook.com,Melissa King,VIC,true,2021-07-30,2022-07-19
C00438,amanda.jones5977@icloud.com,Amanda Jones,VIC,true,2022-12-14,2026-02-25
C00439,lisa.obrien991@bigpond.com,Lisa OBrien,VIC,true,2024-04-12,2025-01-23
C00440,william.sato625@hotmail.com,William Sato,VIC,true,2025-05-24,2026-02-04
C00441,charles.campbell7562@outlook.com,Charles Campbell,VIC,true,2023-01-30,2024-12-07
C00442,katherine.martin304@yahoo.com.au,Katherine Martin,TAS,true,2024-01-03,2024-04-30
C00443,daniel.wilson1781@bigpond.com,Daniel Wilson,VIC,true,2024-01-24,2025-09-17
C00444,samantha.murphy4014@outlook.com,Samantha Murphy,NSW,true,2025-03-26,2026-04-06
C00445,giulia.johnson3181@gmail.com,Giulia Johnson,VIC,true,2023-07-04,2023-08-08
C00446,laura.kumar9305@bigpond.com,Laura Kumar,TAS,true,2022-03-30,2023-06-24
C00447,rachel.baker1477@bigpond.com,Rachel Baker,VIC,true,2024-08-16,2025-11-08
C00448,anthony.tran4373@outlook.com,Anthony Tran,QLD,true,2023-12-22,2025-04-19
C00449,samantha.khan678@icloud.com,Samantha Khan,VIC,true,2025-04-30,2025-12-16
C00450,kevin.smith2293@outlook.com,Kevin Smith,VIC,true,2021-08-10,2022-06-06
C00451,linda.singh899@yahoo.com.au,Linda Singh,NSW,true,2023-01-04,2025-04-16
C00452,rachel.zhang4085@outlook.com,Rachel Zhang,VIC,true,2024-08-15,2026-06-02
C00453,wei.tran4016@gmail.com,Wei Tran,SA,true,2026-03-12,2026-04-10
C00454,nancy.sato3743@icloud.com,Nancy Sato,WA,true,2023-01-24,2023-03-19
C00455,yuki.martin8072@hotmail.com,Yuki Martin,ACT,true,2025-09-03,2025-12-18
C00456,priya.baker2015@yahoo.com.au,Priya Baker,VIC,true,2023-01-23,2024-04-25
C00457,ming.baker2488@outlook.com,Ming Baker,QLD,false,2022-02-17,2022-10-12
C00458,rachel.tanaka622@bigpond.com,Rachel Tanaka,VIC,true,2023-08-23,2024-04-02
C00459,patricia.campbell6370@gmail.com,Patricia Campbell,SA,true,2026-02-20,2026-05-31
C00460,fatima.stewart8548@bigpond.com,Fatima Stewart,NSW,true,2023-09-12,2024-10-22
C00461,hiro.wang9129@hotmail.com,Hiro Wang,ACT,true,2021-09-15,2022-09-18
C00462,ahmed.edwards7271@yahoo.com.au,Ahmed Edwards,VIC,true,2023-10-01,2025-06-16
C00463,richard.wilson3338@icloud.com,Richard Wilson,VIC,false,2026-04-18,2026-05-03
C00464,susan.zhang3926@bigpond.com,Susan Zhang,VIC,true,2025-12-01,2026-03-20
C00465,michael.smith1402@outlook.com,Michael Smith,NSW,true,2023-01-22,2023-02-18
C00466,mark.nguyen2616@gmail.com,Mark Nguyen,NSW,true,2023-06-14,2026-03-12
C00467,samantha.edwards8354@bigpond.com,Samantha Edwards,VIC,true,2021-11-05,2024-09-19
C00468,laura.rossi774@gmail.com,Laura Rossi,QLD,true,2023-11-04,2026-01-04
C00469,nancy.ali8393@hotmail.com,Nancy Ali,NSW,true,2022-04-22,2022-07-06
C00470,elizabeth.murphy6388@gmail.com,Elizabeth Murphy,TAS,true,2025-05-23,2026-03-08
C00471,brian.jones4700@outlook.com,Brian Jones,VIC,true,2025-07-15,2026-02-23
C00472,jennifer.adams4723@bigpond.com,Jennifer Adams,VIC,true,2025-01-05,2025-07-31
C00473,margaret.collins9482@yahoo.com.au,Margaret Collins,VIC,true,2024-09-17,2025-08-22
C00474,katherine.robinson3110@icloud.com,Katherine Robinson,SA,true,2022-03-05,2024-05-11
C00475,patricia.chen4097@bigpond.com,Patricia Chen,QLD,true,2025-06-13,2025-07-05
C00476,michael.nguyen2336@gmail.com,Michael Nguyen,NSW,true,2024-01-10,2025-09-03
C00477,emily.wang9694@yahoo.com.au,Emily Wang,VIC,true,2021-07-26,2023-07-25
C00478,richard.kelly9207@bigpond.com,Richard Kelly,VIC,true,2026-02-13,2026-04-16
C00479,fatima.ryan6493@outlook.com,Fatima Ryan,VIC,true,2022-07-24,2025-07-11
C00480,mark.martin5758@icloud.com,Mark Martin,QLD,true,2023-12-21,2026-02-26
C00481,andrew.liu8225@outlook.com,Andrew Liu,VIC,true,2025-11-29,2026-03-06
C00482,michael.chen2540@yahoo.com.au,Michael Chen,QLD,true,2023-03-07,2023-05-14
C00483,yuki.lee4988@outlook.com,Yuki Lee,QLD,true,2023-10-24,2024-05-12
C00484,michelle.rossi3420@hotmail.com,Michelle Rossi,NSW,true,2024-03-18,2025-03-21
C00485,richard.hall5171@icloud.com,Richard Hall,VIC,true,2022-06-13,2024-02-11
C00486,ashley.liu7285@outlook.com,Ashley Liu,WA,false,2022-03-06,2022-03-28
C00487,linda.sato4732@outlook.com,Linda Sato,VIC,true,2022-09-10,2025-08-20
C00488,joseph.robinson5524@hotmail.com,Joseph Robinson,NSW,true,2025-07-15,2025-11-17
C00489,anthony.campbell3578@bigpond.com,Anthony Campbell,VIC,true,2023-01-18,2024-08-12
C00490,catherine.chen804@icloud.com,Catherine Chen,VIC,true,2025-03-24,2026-03-03
C00491,andrew.singh7580@icloud.com,Andrew Singh,NSW,true,2025-01-10,2026-06-14
C00492,helen.chen4386@bigpond.com,Helen Chen,NSW,true,2023-01-13,2024-04-19
C00493,james.liu8121@hotmail.com,James Liu,TAS,true,2026-01-13,2026-03-18
C00494,james.evans1351@bigpond.com,James Evans,VIC,true,2024-01-15,2024-04-15
C00495,margaret.brown5061@outlook.com,Margaret Brown,NSW,true,2022-09-21,2026-04-02
C00496,olivia.singh4112@bigpond.com,Olivia Singh,VIC,true,2023-02-04,2023-06-15
C00497,stephanie.martin3941@yahoo.com.au,Stephanie Martin,TAS,true,2022-04-06,2023-10-04
C00498,robert.anderson6600@bigpond.com,Robert Anderson,VIC,true,2021-07-22,2022-12-29
C00499,mark.bell3410@outlook.com,Mark Bell,VIC,true,2021-09-06,2023-05-09
C00500,wei.hall6384@hotmail.com,Wei Hall,NSW,true,2021-08-26,2022-01-13
C00501,james.ryan3935@hotmail.com,James Ryan,ACT,false,2025-01-10,2025-12-22
C00502,ashley.williams8844@icloud.com,Ashley Williams,VIC,true,2023-10-12,2026-04-23
C00503,joshua.jones6590@outlook.com,Joshua Jones,NSW,true,2025-06-19,2025-08-20
C00504,emily.rossi9026@bigpond.com,Emily Rossi,QLD,true,2022-02-24,2025-05-26
C00505,emily.jones4506@outlook.com,Emily Jones,NSW,true,2025-07-29,2025-12-26
C00506,raj.tran6612@outlook.com,Raj Tran,VIC,true,2025-04-30,2026-05-29
C00507,karen.jones3578@bigpond.com,Karen Jones,QLD,true,2025-08-21,2026-01-13
C00508,ashley.wright4068@hotmail.com,Ashley Wright,NSW,true,2021-07-30,2023-02-15
C00509,linda.robinson3976@outlook.com,Linda Robinson,QLD,true,2021-11-21,2022-08-23
C00510,amanda.brown8721@outlook.com,Amanda Brown,VIC,true,2023-05-27,2026-01-15
C00511,susan.wright5784@gmail.com,Susan Wright,NSW,true,2025-03-03,2025-03-31
C00512,mark.edwards9872@outlook.com,Mark Edwards,SA,false,2025-01-24,2026-05-11
C00513,sandra.brown9699@yahoo.com.au,Sandra Brown,NSW,true,2022-07-14,2023-04-23
C00514,catherine.martin2960@outlook.com,Catherine Martin,WA,true,2022-03-09,2024-05-10
C00515,sandra.white4480@gmail.com,Sandra White,VIC,true,2022-01-09,2023-08-14
C00516,olivia.tran4578@hotmail.com,Olivia Tran,NSW,true,2023-11-11,2025-10-24
C00517,sarah.sato7324@outlook.com,Sarah Sato,NSW,true,2023-01-13,2025-08-16
C00518,joseph.singh2570@outlook.com,Joseph Singh,SA,true,2021-11-06,2025-02-22
C00519,kevin.nguyen8833@hotmail.com,Kevin Nguyen,NSW,true,2022-10-28,2025-05-28
C00520,deborah.collins8255@gmail.com,Deborah Collins,VIC,true,2026-06-10,2026-06-18
C00521,karen.kumar4764@bigpond.com,Karen Kumar,VIC,true,2024-05-19,2026-06-22
C00522,robert.murphy1347@icloud.com,Robert Murphy,NSW,true,2024-12-04,2025-10-16
C00523,wei.green2784@icloud.com,Wei Green,VIC,true,2021-12-29,2022-07-09
C00524,james.turner1995@icloud.com,James Turner,VIC,true,2024-03-24,2024-06-13
C00525,melissa.taylor5516@bigpond.com,Melissa Taylor,WA,true,2023-02-20,2023-05-03
C00526,michelle.wright2460@icloud.com,Michelle Wright,VIC,true,2026-01-25,2026-05-18
C00527,priya.stewart2899@yahoo.com.au,Priya Stewart,VIC,true,2024-11-07,2025-12-23
C00528,sarah.thompson1162@icloud.com,Sarah Thompson,QLD,true,2021-07-29,2022-06-26
C00529,deborah.ryan9361@bigpond.com,Deborah Ryan,NSW,true,2026-01-19,2026-05-03
C00530,kevin.thompson1582@gmail.com,Kevin Thompson,NSW,true,2022-03-04,2024-02-18
C00531,olivia.sato6953@gmail.com,Olivia Sato,VIC,true,2025-06-12,2026-06-10
C00532,mark.ryan3655@bigpond.com,Mark Ryan,VIC,true,2022-04-20,2024-07-13
C00533,george.bell2182@hotmail.com,George Bell,VIC,true,2026-02-18,2026-05-10
C00534,andrew.lee9606@outlook.com,Andrew Lee,VIC,true,2024-07-03,2025-01-22
C00535,sandra.obrien4508@gmail.com,Sandra OBrien,WA,true,2023-03-03,2025-04-08
C00536,jennifer.harris8383@hotmail.com,Jennifer Harris,VIC,true,2026-03-12,2026-04-26
C00537,ashley.tran9989@yahoo.com.au,Ashley Tran,VIC,true,2025-01-12,2025-01-12
C00538,sarah.liu9564@bigpond.com,Sarah Liu,VIC,true,2025-11-10,2026-06-22
C00539,anthony.sato3173@icloud.com,Anthony Sato,ACT,true,2025-06-05,2026-07-03
C00540,kevin.stewart4226@gmail.com,Kevin Stewart,NSW,true,2022-07-16,2024-11-09
C00541,marco.martin1413@hotmail.com,Marco Martin,SA,true,2021-10-16,2024-01-05
C00542,george.brown9416@bigpond.com,George Brown,NSW,true,2024-01-09,2024-04-21
C00543,brian.white5903@gmail.com,Brian White,SA,true,2026-03-05,2026-05-17
C00544,karen.costa5344@gmail.com,Karen Costa,NSW,true,2021-09-25,2025-02-05
C00545,rachel.brown5192@gmail.com,Rachel Brown,VIC,true,2023-10-16,2023-12-09
C00546,susan.adams9719@gmail.com,Susan Adams,VIC,false,2025-01-27,2025-05-04
C00547,timothy.edwards6591@gmail.com,Timothy Edwards,QLD,true,2025-09-16,2026-03-01
C00548,emily.adams1234@icloud.com,Emily Adams,NSW,false,2024-03-11,2025-06-18
C00549,deborah.bell2204@icloud.com,Deborah Bell,VIC,true,2024-07-13,2024-07-30
C00550,ming.hall2806@icloud.com,Ming Hall,NSW,true,2025-03-25,2025-10-30
C00551,sandra.murphy7612@bigpond.com,Sandra Murphy,NSW,false,2022-09-21,2025-02-08
C00552,marco.pham4348@hotmail.com,Marco Pham,WA,false,2024-10-05,2025-06-27
C00553,ming.khan5511@outlook.com,Ming Khan,ACT,true,2022-04-26,2024-02-15
C00554,thomas.white6146@outlook.com,Thomas White,VIC,true,2023-03-01,2023-04-04
C00555,kevin.wright3323@outlook.com,Kevin Wright,NSW,false,2024-10-26,2026-01-30
C00556,laura.kelly4161@yahoo.com.au,Laura Kelly,NSW,true,2022-09-11,2024-02-20
C00557,brian.collins9350@bigpond.com,Brian Collins,VIC,true,2024-12-08,2026-02-22
C00558,catherine.wright1910@yahoo.com.au,Catherine Wright,NSW,true,2026-03-02,2026-06-09
C00559,charles.harris4988@outlook.com,Charles Harris,WA,true,2021-12-16,2023-11-15
C00560,priya.ali5505@hotmail.com,Priya Ali,TAS,true,2024-03-31,2025-09-20
C00561,giulia.walker546@bigpond.com,Giulia Walker,QLD,true,2025-12-17,2026-06-03
C00562,jessica.sato2150@outlook.com,Jessica Sato,WA,true,2024-01-09,2025-12-25
C00563,olivia.sato2901@bigpond.com,Olivia Sato,VIC,true,2024-03-15,2024-06-14
C00564,robert.sato6619@outlook.com,Robert Sato,WA,true,2021-10-09,2025-07-26
C00565,timothy.taylor8737@bigpond.com,Timothy Taylor,ACT,true,2026-01-01,2026-01-14
C00566,hiro.evans6835@icloud.com,Hiro Evans,VIC,true,2023-01-01,2024-03-13
C00567,mary.zhang8363@hotmail.com,Mary Zhang,SA,true,2025-09-26,2026-05-07
C00568,priya.sato4037@icloud.com,Priya Sato,VIC,true,2026-03-09,2026-04-19
C00569,amanda.turner9222@hotmail.com,Amanda Turner,WA,true,2022-06-03,2024-05-13
C00570,fatima.anderson446@hotmail.com,Fatima Anderson,NSW,false,2026-03-17,2026-04-25
C00571,priya.martin3483@yahoo.com.au,Priya Martin,VIC,true,2021-11-11,2022-06-13
C00572,marco.taylor8331@outlook.com,Marco Taylor,SA,false,2024-09-29,2025-12-23
C00573,laura.tanaka7299@yahoo.com.au,Laura Tanaka,QLD,true,2023-08-20,2023-09-27
C00574,deborah.king8565@hotmail.com,Deborah King,VIC,false,2022-06-22,2023-09-13
C00575,timothy.lee2223@outlook.com,Timothy Lee,VIC,false,2025-06-01,2025-12-30
C00576,michael.bell4478@yahoo.com.au,Michael Bell,NSW,true,2022-06-04,2025-11-10
C00577,rachel.brown5558@yahoo.com.au,Rachel Brown,VIC,true,2022-02-27,2024-09-24
C00578,emma.khan550@outlook.com,Emma Khan,NSW,true,2023-03-28,2023-09-24
C00579,matthew.robinson7454@bigpond.com,Matthew Robinson,VIC,true,2022-06-01,2025-03-29
C00580,marco.sato5243@hotmail.com,Marco Sato,SA,true,2023-05-21,2025-11-23
C00581,yuki.tanaka4065@hotmail.com,Yuki Tanaka,VIC,true,2023-10-21,2025-02-09
C00582,andrew.khan8241@outlook.com,Andrew Khan,VIC,true,2022-11-24,2023-12-26
C00583,wei.ryan1098@gmail.com,Wei Ryan,TAS,true,2025-10-23,2026-05-24
C00584,melissa.brown6087@bigpond.com,Melissa Brown,NSW,true,2022-07-23,2026-05-17
C00585,kevin.brown6267@yahoo.com.au,Kevin Brown,WA,true,2026-03-07,2026-04-10
C00586,hiro.murphy1759@icloud.com,Hiro Murphy,NSW,true,2023-01-03,2024-11-20
C00587,richard.mitchell2294@hotmail.com,Richard Mitchell,NSW,true,2024-10-08,2025-02-12
C00588,marco.green9568@outlook.com,Marco Green,NSW,true,2026-02-21,2026-06-19
C00589,katherine.chen4991@hotmail.com,Katherine Chen,NSW,true,2023-12-22,2026-03-01
C00590,margaret.turner1126@gmail.com,Margaret Turner,NSW,false,2023-05-11,2024-10-28
C00591,jessica.obrien2134@hotmail.com,Jessica OBrien,VIC,true,2024-05-30,2026-05-01
C00592,ahmed.williams3292@bigpond.com,Ahmed Williams,VIC,true,2022-08-17,2024-02-18
C00593,christine.baker8667@yahoo.com.au,Christine Baker,NSW,true,2023-05-13,2026-03-18
C00594,deborah.obrien2758@gmail.com,Deborah OBrien,TAS,true,2023-11-19,2026-02-08
C00595,joseph.murphy675@icloud.com,Joseph Murphy,VIC,true,2025-10-19,2026-05-07
C00596,michelle.clarke5518@outlook.com,Michelle Clarke,VIC,true,2023-09-22,2025-03-31
C00597,daniel.turner6852@icloud.com,Daniel Turner,VIC,true,2023-05-05,2023-11-21
C00598,james.king8209@bigpond.com,James King,NSW,true,2023-06-01,2025-09-17
C00599,priya.jones909@outlook.com,Priya Jones,VIC,true,2023-08-05,2024-01-21
C00600,michelle.mitchell1211@icloud.com,Michelle Mitchell,NSW,true,2026-04-07,2026-04-30
C00601,sandra.wright4882@yahoo.com.au,Sandra Wright,VIC,true,2024-02-04,2024-06-14
C00602,elizabeth.bell913@yahoo.com.au,Elizabeth Bell,VIC,true,2026-04-27,2026-04-27
C00603,jessica.pham9284@icloud.com,Jessica Pham,VIC,false,2024-09-24,2026-03-02
C00604,rebecca.singh9478@gmail.com,Rebecca Singh,VIC,true,2022-10-30,2026-04-19
C00605,emily.tanaka7895@hotmail.com,Emily Tanaka,NSW,true,2023-04-08,2023-09-22
C00606,ashley.turner8722@bigpond.com,Ashley Turner,QLD,true,2024-05-24,2026-04-03
C00607,deborah.adams527@hotmail.com,Deborah Adams,TAS,true,2022-06-04,2023-01-03
C00608,wei.baker8432@yahoo.com.au,Wei Baker,VIC,true,2026-01-03,2026-06-17
C00609,sarah.tanaka7850@outlook.com,Sarah Tanaka,VIC,true,2025-12-03,2026-03-04
C00610,jennifer.wang7293@outlook.com,Jennifer Wang,VIC,true,2023-08-24,2024-04-20
C00611,daniel.kumar2838@gmail.com,Daniel Kumar,NSW,true,2026-04-18,2026-06-23
C00612,emma.green9186@gmail.com,Emma Green,QLD,true,2022-01-25,2023-09-02
C00613,priya.lee1581@yahoo.com.au,Priya Lee,VIC,true,2023-01-09,2025-09-15
C00614,melissa.ryan4092@outlook.com,Melissa Ryan,SA,true,2023-09-14,2023-12-30
C00615,wei.chen3710@outlook.com,Wei Chen,VIC,true,2022-02-24,2024-01-20
C00616,fatima.lee2075@yahoo.com.au,Fatima Lee,VIC,true,2023-03-11,2023-08-19
C00617,george.thompson4031@bigpond.com,George Thompson,TAS,true,2026-02-21,2026-03-21
C00618,margaret.johnson1532@hotmail.com,Margaret Johnson,NSW,true,2022-03-04,2023-10-16
C00619,melissa.robinson9641@outlook.com,Melissa Robinson,VIC,true,2025-01-10,2025-01-14
C00620,ashley.baker3956@gmail.com,Ashley Baker,VIC,true,2021-12-23,2024-06-22
C00621,ming.harris5468@hotmail.com,Ming Harris,NSW,true,2025-08-18,2025-09-16
C00622,olivia.khan7063@icloud.com,Olivia Khan,NSW,true,2022-05-02,2024-10-28
C00623,emily.costa4037@bigpond.com,Emily Costa,VIC,true,2024-07-18,2026-05-17
C00624,sarah.kelly7382@hotmail.com,Sarah Kelly,NSW,true,2025-03-16,2025-12-04
C00625,priya.king3812@icloud.com,Priya King,WA,true,2025-07-22,2026-06-19
C00626,robert.tanaka5730@bigpond.com,Robert Tanaka,NSW,true,2023-01-18,2024-07-21
C00627,stephanie.brown7180@gmail.com,Stephanie Brown,NSW,true,2023-05-08,2024-06-01
C00628,olivia.robinson4246@gmail.com,Olivia Robinson,NSW,true,2024-08-31,2025-02-09
C00629,samantha.khan4797@bigpond.com,Samantha Khan,NSW,true,2021-10-06,2023-08-22
C00630,fatima.campbell7330@bigpond.com,Fatima Campbell,NSW,true,2023-05-16,2025-01-08
C00631,kevin.ali2166@outlook.com,Kevin Ali,VIC,true,2021-08-23,2023-09-07
C00632,fatima.murphy3753@hotmail.com,Fatima Murphy,NSW,true,2025-10-09,2026-02-17
C00633,laura.bell8381@outlook.com,Laura Bell,NSW,true,2024-05-22,2025-08-22
C00634,william.kelly6461@outlook.com,William Kelly,TAS,true,2024-07-18,2024-08-09
C00635,steven.kumar341@icloud.com,Steven Kumar,QLD,true,2022-03-09,2023-05-14
C00636,brian.hall1701@icloud.com,Brian Hall,NSW,true,2025-11-23,2026-04-19
C00637,ahmed.evans4132@icloud.com,Ahmed Evans,SA,true,2024-02-04,2025-03-05
C00638,mark.king4903@bigpond.com,Mark King,NSW,true,2022-10-02,2025-03-12
C00639,ahmed.anderson9539@icloud.com,Ahmed Anderson,QLD,true,2025-12-20,2026-06-07
C00640,linda.tanaka6129@hotmail.com,Linda Tanaka,VIC,false,2024-01-04,2026-06-04
C00641,lisa.tanaka3336@outlook.com,Lisa Tanaka,NSW,true,2022-08-26,2026-06-01
C00642,matthew.lee5343@yahoo.com.au,Matthew Lee,VIC,true,2023-05-13,2024-08-30
C00643,richard.harris1413@icloud.com,Richard Harris,NSW,true,2023-12-06,2025-06-24
C00644,giulia.brown8940@yahoo.com.au,Giulia Brown,QLD,true,2023-03-19,2025-10-07
C00645,timothy.murphy1485@gmail.com,Timothy Murphy,ACT,true,2022-07-01,2022-07-28
C00646,mark.wang1797@hotmail.com,Mark Wang,VIC,true,2025-11-15,2026-05-05
C00647,deborah.tanaka8899@hotmail.com,Deborah Tanaka,WA,true,2022-10-24,2022-11-13
C00648,stephanie.adams367@bigpond.com,Stephanie Adams,NSW,true,2025-11-03,2026-06-29
C00649,anthony.collins9477@icloud.com,Anthony Collins,VIC,true,2025-11-04,2026-04-02
C00650,james.singh7592@gmail.com,James Singh,QLD,true,2022-07-21,2024-07-07
C00651,matthew.rossi5908@icloud.com,Matthew Rossi,TAS,true,2023-06-19,2023-07-11
C00652,laura.liu5814@bigpond.com,Laura Liu,VIC,true,2023-01-28,2025-12-08
C00653,melissa.wright6727@icloud.com,Melissa Wright,VIC,true,2024-07-17,2025-03-18
C00654,joshua.white6293@hotmail.com,Joshua White,NSW,true,2023-07-05,2025-09-21
C00655,raj.collins7774@bigpond.com,Raj Collins,VIC,true,2022-07-16,2023-07-19
C00656,george.anderson3578@bigpond.com,George Anderson,VIC,true,2023-08-31,2025-03-08
C00657,patricia.white8088@gmail.com,Patricia White,NSW,true,2026-02-04,2026-03-20
C00658,yuki.taylor1371@yahoo.com.au,Yuki Taylor,VIC,true,2025-05-06,2025-05-11
C00659,brian.wang5582@bigpond.com,Brian Wang,ACT,true,2025-01-22,2025-11-11
C00660,linda.jones3493@hotmail.com,Linda Jones,ACT,true,2021-07-06,2025-11-06
C00661,daniel.taylor829@gmail.com,Daniel Taylor,VIC,true,2026-05-01,2026-05-01
C00662,thomas.lee411@outlook.com,Thomas Lee,NSW,true,2023-06-09,2024-08-11
C00663,jennifer.king4312@bigpond.com,Jennifer King,VIC,true,2022-01-25,2023-01-29
C00664,samantha.campbell9923@hotmail.com,Samantha Campbell,VIC,true,2023-03-02,2023-07-29
C00665,michelle.taylor3352@bigpond.com,Michelle Taylor,VIC,true,2024-05-04,2024-05-31
C00666,matthew.evans2975@hotmail.com,Matthew Evans,VIC,true,2021-09-10,2023-09-06
C00667,emily.harris1213@bigpond.com,Emily Harris,VIC,true,2022-09-04,2026-04-26
C00668,susan.ali4090@yahoo.com.au,Susan Ali,VIC,true,2022-03-15,2024-11-27
C00669,michelle.turner2101@bigpond.com,Michelle Turner,TAS,true,2022-09-18,2024-11-02
C00670,ashley.campbell36@yahoo.com.au,Ashley Campbell,QLD,true,2022-08-30,2024-10-25
C00671,giulia.taylor8480@gmail.com,Giulia Taylor,NSW,true,2022-02-22,2024-10-26
C00672,joseph.pham2810@gmail.com,Joseph Pham,VIC,true,2024-03-09,2025-01-07
C00673,matthew.sato6506@hotmail.com,Matthew Sato,QLD,true,2024-09-27,2024-11-18
C00674,joshua.zhang8699@gmail.com,Joshua Zhang,VIC,true,2024-05-14,2024-10-17
C00675,rebecca.chen4894@yahoo.com.au,Rebecca Chen,QLD,true,2023-11-29,2025-09-22
C00676,joshua.taylor1600@bigpond.com,Joshua Taylor,VIC,true,2025-10-22,2026-05-20
C00677,robert.adams7216@gmail.com,Robert Adams,QLD,true,2022-12-23,2026-05-02
C00678,stephanie.rossi3596@hotmail.com,Stephanie Rossi,VIC,true,2025-08-14,2026-07-03
C00679,sandra.baker54@outlook.com,Sandra Baker,NSW,true,2026-06-27,2026-06-27
C00680,rachel.anderson1467@outlook.com,Rachel Anderson,TAS,true,2022-11-14,2023-01-28
C00681,ashley.white7534@bigpond.com,Ashley White,ACT,true,2021-12-25,2021-12-31
C00682,emily.adams1060@hotmail.com,Emily Adams,VIC,true,2023-05-28,2025-11-21
C00683,steven.chen8643@hotmail.com,Steven Chen,SA,true,2025-07-15,2026-01-30
C00684,ming.chen2883@outlook.com,Ming Chen,QLD,true,2026-02-07,2026-06-30
C00685,susan.nguyen7294@hotmail.com,Susan Nguyen,TAS,true,2023-01-07,2025-10-10
C00686,fatima.taylor6937@gmail.com,Fatima Taylor,NSW,true,2024-03-09,2025-07-03
C00687,michael.baker5316@gmail.com,Michael Baker,QLD,true,2021-12-06,2026-01-18
C00688,christine.singh9204@bigpond.com,Christine Singh,NSW,true,2024-01-19,2026-04-17
C00689,charles.hall6783@bigpond.com,Charles Hall,VIC,true,2023-05-20,2025-10-27
C00690,emma.chen9592@bigpond.com,Emma Chen,QLD,true,2022-11-05,2023-02-21
C00691,marco.stewart5606@hotmail.com,Marco Stewart,NSW,true,2023-11-04,2024-04-07
C00692,robert.hall1586@icloud.com,Robert Hall,VIC,true,2022-08-19,2023-03-10
C00693,marco.stewart2166@bigpond.com,Marco Stewart,QLD,true,2025-09-02,2026-04-08
C00694,patricia.clarke6617@yahoo.com.au,Patricia Clarke,ACT,true,2021-11-02,2022-03-22
C00695,yuki.jones7176@yahoo.com.au,Yuki Jones,VIC,true,2024-05-06,2024-11-17
C00696,richard.thompson8213@icloud.com,Richard Thompson,VIC,true,2023-03-17,2025-12-21
C00697,melissa.tanaka2870@gmail.com,Melissa Tanaka,VIC,true,2022-10-31,2023-12-27
C00698,christine.hall2346@outlook.com,Christine Hall,VIC,true,2023-08-03,2023-11-02
C00699,steven.ryan5171@gmail.com,Steven Ryan,NSW,true,2023-07-12,2024-07-15
C00700,brian.edwards7379@icloud.com,Brian Edwards,VIC,true,2025-04-22,2025-05-06
C00701,katherine.wang4233@bigpond.com,Katherine Wang,NSW,true,2026-05-29,2026-06-15
C00702,raj.bell2845@outlook.com,Raj Bell,VIC,false,2024-10-14,2026-04-02
C00703,robert.costa2501@icloud.com,Robert Costa,NSW,true,2023-02-02,2023-02-17
C00704,deborah.chen8064@outlook.com,Deborah Chen,VIC,true,2026-03-08,2026-04-07
C00705,steven.liu3672@icloud.com,Steven Liu,QLD,true,2021-11-24,2022-06-15
C00706,raj.thompson4937@outlook.com,Raj Thompson,QLD,true,2024-02-07,2025-09-30
C00707,amanda.white2857@outlook.com,Amanda White,NSW,true,2023-08-23,2024-03-22
C00708,ahmed.khan58@outlook.com,Ahmed Khan,VIC,true,2023-02-02,2023-07-13
C00709,giulia.thompson9199@bigpond.com,Giulia Thompson,TAS,true,2021-12-24,2021-12-24
C00710,sandra.sato555@icloud.com,Sandra Sato,VIC,true,2024-02-05,2025-04-07
C00711,james.baker1104@hotmail.com,James Baker,NSW,false,2026-05-02,2026-05-07
C00712,elizabeth.hall7969@hotmail.com,Elizabeth Hall,VIC,true,2025-05-11,2025-07-01
C00713,joseph.anderson5506@gmail.com,Joseph Anderson,QLD,true,2024-03-21,2025-06-02
C00714,olivia.tanaka832@outlook.com,Olivia Tanaka,VIC,false,2023-08-26,2026-04-07
C00715,karen.evans1752@bigpond.com,Karen Evans,VIC,true,2026-04-16,2026-06-10
C00716,linda.walker7924@outlook.com,Linda Walker,QLD,true,2023-10-29,2025-08-21
C00717,patricia.green2680@hotmail.com,Patricia Green,VIC,true,2022-01-14,2026-06-16
C00718,laura.liu1638@outlook.com,Laura Liu,VIC,true,2023-04-12,2026-02-17
C00719,yuki.clarke8454@icloud.com,Yuki Clarke,VIC,true,2023-12-21,2024-03-26
C00720,elizabeth.green2155@outlook.com,Elizabeth Green,ACT,true,2023-04-11,2024-02-16
C00721,ahmed.kumar4886@bigpond.com,Ahmed Kumar,NSW,true,2022-07-27,2023-04-18
C00722,james.collins2970@outlook.com,James Collins,VIC,true,2024-12-04,2025-03-28
C00723,joshua.lee4268@hotmail.com,Joshua Lee,VIC,true,2022-08-12,2025-06-11
C00724,joseph.lee5073@gmail.com,Joseph Lee,VIC,true,2023-11-18,2024-02-19
C00725,joshua.anderson1191@icloud.com,Joshua Anderson,VIC,true,2025-12-17,2026-04-22
C00726,giulia.wilson4015@icloud.com,Giulia Wilson,QLD,true,2022-07-31,2025-08-24
C00727,yuki.ryan8152@icloud.com,Yuki Ryan,QLD,true,2022-05-07,2023-02-07
C00728,thomas.kelly5729@yahoo.com.au,Thomas Kelly,QLD,true,2024-07-19,2025-07-10
C00729,mark.lee7582@yahoo.com.au,Mark Lee,NSW,true,2025-09-18,2025-10-01
C00730,william.harris7959@gmail.com,William Harris,NSW,true,2024-08-04,2025-12-24
C00731,stephanie.thompson976@outlook.com,Stephanie Thompson,VIC,false,2023-04-24,2023-10-15
C00732,elizabeth.harris6656@outlook.com,Elizabeth Harris,VIC,true,2026-01-05,2026-05-03
C00733,karen.thompson3392@outlook.com,Karen Thompson,VIC,true,2022-03-11,2022-03-30
C00734,mark.pham8006@gmail.com,Mark Pham,SA,true,2023-11-10,2024-05-09
C00735,daniel.lee6770@yahoo.com.au,Daniel Lee,NSW,true,2024-09-20,2025-02-08
C00736,mark.kumar4347@yahoo.com.au,Mark Kumar,NSW,true,2026-02-27,2026-05-19
C00737,richard.costa212@gmail.com,Richard Costa,VIC,true,2024-02-14,2024-08-07
C00738,elizabeth.stewart7974@bigpond.com,Elizabeth Stewart,WA,true,2022-02-19,2025-08-13
C00739,raj.adams122@icloud.com,Raj Adams,QLD,true,2023-01-04,2026-05-23
C00740,joseph.robinson3687@bigpond.com,Joseph Robinson,NSW,true,2025-11-18,2025-11-22
C00741,stephanie.stewart5038@yahoo.com.au,Stephanie Stewart,VIC,true,2024-02-12,2024-09-11
C00742,marco.nguyen9742@bigpond.com,Marco Nguyen,QLD,true,2026-05-21,2026-06-09
C00743,michelle.ryan3944@hotmail.com,Michelle Ryan,SA,true,2021-09-10,2023-10-03
C00744,james.johnson322@hotmail.com,James Johnson,NSW,true,2023-07-27,2025-06-24
C00745,katherine.lee7970@icloud.com,Katherine Lee,QLD,true,2024-12-25,2025-01-31
C00746,brian.costa6352@yahoo.com.au,Brian Costa,NSW,false,2025-07-08,2025-10-24
C00747,stephanie.pham9332@bigpond.com,Stephanie Pham,VIC,true,2021-12-19,2023-07-09
C00748,amanda.obrien9116@outlook.com,Amanda OBrien,NSW,true,2021-09-25,2022-07-01
C00749,joshua.ryan9123@hotmail.com,Joshua Ryan,TAS,true,2023-05-24,2025-04-13
C00750,jessica.taylor7570@gmail.com,Jessica Taylor,NSW,false,2024-10-30,2025-07-05
C00751,kevin.baker1225@gmail.com,Kevin Baker,QLD,true,2022-08-14,2026-06-10
C00752,david.turner5299@hotmail.com,David Turner,NSW,true,2025-04-25,2025-07-09
C00753,thomas.walker3106@gmail.com,Thomas Walker,VIC,true,2024-11-26,2025-06-04
C00754,amanda.kumar781@outlook.com,Amanda Kumar,NSW,true,2023-12-23,2026-04-15
C00755,richard.rossi4471@icloud.com,Richard Rossi,VIC,false,2025-11-21,2026-05-16
C00756,emily.jones9794@bigpond.com,Emily Jones,NSW,true,2025-02-11,2026-05-08
C00757,daniel.ryan8258@icloud.com,Daniel Ryan,NSW,true,2026-03-25,2026-07-01
C00758,anthony.jones9744@icloud.com,Anthony Jones,VIC,true,2024-10-15,2025-06-29
C00759,karen.khan8806@gmail.com,Karen Khan,VIC,true,2024-07-17,2026-02-28
C00760,thomas.johnson1582@icloud.com,Thomas Johnson,TAS,true,2026-02-28,2026-04-17
C00761,wei.obrien6442@outlook.com,Wei OBrien,QLD,true,2024-12-07,2025-12-05
C00762,charles.clarke3001@outlook.com,Charles Clarke,VIC,true,2024-11-03,2026-06-09
C00763,wei.costa5267@gmail.com,Wei Costa,TAS,true,2022-09-17,2024-06-21
C00764,jennifer.zhang5974@bigpond.com,Jennifer Zhang,VIC,true,2023-03-14,2023-09-04
C00765,joshua.sato7079@hotmail.com,Joshua Sato,NSW,true,2022-09-12,2024-11-09
C00766,david.pham3713@bigpond.com,David Pham,VIC,false,2023-07-25,2024-08-26
C00767,deborah.obrien3419@hotmail.com,Deborah OBrien,QLD,false,2026-02-28,2026-04-21
C00768,raj.adams1944@bigpond.com,Raj Adams,NSW,false,2023-08-21,2024-10-04
C00769,katherine.green27@yahoo.com.au,Katherine Green,VIC,true,2025-04-15,2026-01-21
C00770,sandra.anderson2727@gmail.com,Sandra Anderson,VIC,true,2022-07-03,2024-10-04
C00771,raj.kelly778@yahoo.com.au,Raj Kelly,NSW,true,2022-04-19,2026-01-21
C00772,linda.robinson1721@hotmail.com,Linda Robinson,VIC,true,2023-10-06,2024-01-31
C00773,hiro.martin7540@hotmail.com,Hiro Martin,VIC,false,2023-09-17,2025-05-24
C00774,timothy.adams4976@icloud.com,Timothy Adams,WA,true,2023-02-15,2023-09-19
C00775,timothy.nguyen7127@outlook.com,Timothy Nguyen,QLD,true,2025-03-12,2026-02-19
C00776,hiro.ryan7087@hotmail.com,Hiro Ryan,QLD,true,2022-08-14,2024-02-06
C00777,susan.johnson8877@gmail.com,Susan Johnson,TAS,true,2024-10-30,2026-04-08
C00778,elizabeth.stewart8801@outlook.com,Elizabeth Stewart,VIC,true,2021-09-06,2023-01-14
C00779,brian.lee6498@bigpond.com,Brian Lee,QLD,true,2026-02-24,2026-03-30
C00780,michael.chen6296@hotmail.com,Michael Chen,VIC,true,2022-10-07,2024-05-25
C00781,giulia.smith1273@gmail.com,Giulia Smith,VIC,true,2022-05-11,2023-06-28
C00782,ming.murphy5075@yahoo.com.au,Ming Murphy,VIC,true,2022-01-10,2024-12-30
C00783,jessica.liu710@yahoo.com.au,Jessica Liu,VIC,true,2021-12-31,2024-08-05
C00784,patricia.wilson6475@yahoo.com.au,Patricia Wilson,NSW,true,2025-06-25,2025-09-06
C00785,elizabeth.johnson473@icloud.com,Elizabeth Johnson,QLD,true,2025-07-20,2025-11-08
C00786,sarah.king845@icloud.com,Sarah King,NSW,true,2023-06-30,2024-07-09
C00787,melissa.johnson4615@outlook.com,Melissa Johnson,VIC,true,2025-05-28,2026-06-22
C00788,amanda.taylor6997@outlook.com,Amanda Taylor,NSW,true,2024-04-09,2025-05-29
C00789,anthony.green1875@outlook.com,Anthony Green,VIC,true,2022-05-25,2023-12-18
C00790,rebecca.brown3161@outlook.com,Rebecca Brown,VIC,true,2026-02-03,2026-04-21
C00791,daniel.obrien3694@outlook.com,Daniel OBrien,NSW,true,2023-06-26,2023-08-11
C00792,timothy.smith191@hotmail.com,Timothy Smith,VIC,true,2025-07-12,2025-08-26
C00793,emma.bell9804@icloud.com,Emma Bell,VIC,true,2023-12-18,2024-11-12
C00794,kevin.kumar9138@icloud.com,Kevin Kumar,NSW,true,2023-01-28,2026-03-30
C00795,linda.clarke7861@hotmail.com,Linda Clarke,VIC,true,2025-09-25,2025-10-23
C00796,ashley.stewart2398@gmail.com,Ashley Stewart,VIC,true,2022-10-05,2025-04-13
C00797,ming.stewart4823@icloud.com,Ming Stewart,NSW,true,2023-12-01,2024-09-13
C00798,mark.anderson6222@outlook.com,Mark Anderson,TAS,true,2021-09-18,2022-01-11
C00799,marco.pham1074@hotmail.com,Marco Pham,VIC,true,2024-03-01,2025-11-27
C00800,matthew.turner2117@icloud.com,Matthew Turner,QLD,true,2023-08-31,2026-01-13
C00801,mark.smith4492@bigpond.com,Mark Smith,VIC,true,2025-08-30,2026-06-21
C00802,ashley.ryan7559@gmail.com,Ashley Ryan,VIC,true,2025-09-03,2026-05-18
C00803,ashley.scott5073@gmail.com,Ashley Scott,NSW,true,2026-04-02,2026-06-10
C00804,marco.smith2801@bigpond.com,Marco Smith,TAS,true,2023-04-17,2024-06-16
C00805,george.brown4193@hotmail.com,George Brown,WA,true,2024-01-05,2026-06-03
C00806,timothy.clarke7353@bigpond.com,Timothy Clarke,NSW,true,2023-08-05,2026-07-01
C00807,fatima.green4106@icloud.com,Fatima Green,VIC,true,2023-04-16,2024-11-09
C00808,patricia.williams810@outlook.com,Patricia Williams,TAS,true,2021-07-12,2024-05-26
C00809,margaret.harris3175@bigpond.com,Margaret Harris,QLD,true,2023-02-03,2024-08-16
C00810,emma.kelly1622@gmail.com,Emma Kelly,ACT,true,2022-02-26,2025-02-07
C00811,mark.brown9909@outlook.com,Mark Brown,VIC,true,2023-08-16,2024-06-27
C00812,laura.brown5518@hotmail.com,Laura Brown,VIC,true,2022-04-24,2023-02-03
C00813,lisa.nguyen1775@bigpond.com,Lisa Nguyen,VIC,false,2024-01-19,2025-04-25
C00814,katherine.costa6077@gmail.com,Katherine Costa,NSW,true,2023-01-27,2023-07-08
C00815,margaret.taylor9411@yahoo.com.au,Margaret Taylor,ACT,true,2024-05-03,2024-12-18
C00816,wei.wright6920@gmail.com,Wei Wright,ACT,true,2024-05-23,2024-11-23
C00817,linda.hall184@hotmail.com,Linda Hall,TAS,true,2025-06-24,2025-06-24
C00818,wei.jones7281@yahoo.com.au,Wei Jones,NSW,true,2021-08-05,2022-10-26
C00819,michael.harris6888@outlook.com,Michael Harris,NSW,true,2024-08-10,2025-11-03
C00820,richard.bell7529@outlook.com,Richard Bell,NSW,true,2022-07-24,2023-05-30
C00821,michael.campbell7582@bigpond.com,Michael Campbell,NSW,true,2022-01-02,2023-05-29
C00822,andrew.baker4917@icloud.com,Andrew Baker,VIC,true,2025-11-13,2026-03-04
C00823,helen.nguyen6999@gmail.com,Helen Nguyen,QLD,true,2025-03-12,2025-12-06
C00824,amanda.turner653@outlook.com,Amanda Turner,VIC,true,2025-08-23,2026-02-21
C00825,jessica.costa8759@hotmail.com,Jessica Costa,NSW,true,2024-02-28,2025-12-14
C00826,steven.lee633@hotmail.com,Steven Lee,VIC,true,2022-10-05,2025-10-12
C00827,susan.jones8644@icloud.com,Susan Jones,VIC,true,2024-04-05,2024-10-27
C00828,joshua.tran8486@gmail.com,Joshua Tran,TAS,true,2024-11-12,2024-12-27
C00829,ashley.campbell7576@yahoo.com.au,Ashley Campbell,VIC,true,2021-07-27,2024-10-05
C00830,margaret.tanaka1972@icloud.com,Margaret Tanaka,VIC,true,2024-02-08,2024-04-18
C00831,margaret.scott1357@bigpond.com,Margaret Scott,WA,true,2022-08-20,2023-06-20
C00832,hiro.nguyen8563@bigpond.com,Hiro Nguyen,VIC,true,2025-03-04,2026-01-31
C00833,michelle.white5480@yahoo.com.au,Michelle White,VIC,false,2026-05-27,2026-06-11
C00834,timothy.pham198@icloud.com,Timothy Pham,VIC,true,2024-07-06,2025-01-29
C00835,david.williams7065@outlook.com,David Williams,ACT,true,2024-06-04,2025-03-03
C00836,linda.white9566@bigpond.com,Linda White,QLD,true,2023-12-05,2024-08-18
C00837,laura.edwards232@icloud.com,Laura Edwards,VIC,true,2025-09-13,2026-05-18
C00838,katherine.chen5340@gmail.com,Katherine Chen,VIC,true,2025-11-05,2026-06-09
C00839,george.hall4243@yahoo.com.au,George Hall,NSW,false,2021-07-11,2022-10-20
C00840,thomas.rossi6624@yahoo.com.au,Thomas Rossi,VIC,true,2025-02-11,2025-05-16
C00841,raj.lee4056@gmail.com,Raj Lee,NSW,false,2023-09-10,2024-11-27
C00842,yuki.kumar554@hotmail.com,Yuki Kumar,VIC,true,2022-12-27,2024-11-30
C00843,david.wang6045@gmail.com,David Wang,VIC,true,2025-11-29,2026-02-04
C00844,brian.king5669@bigpond.com,Brian King,VIC,true,2022-10-28,2025-11-28
C00845,sandra.murphy7086@icloud.com,Sandra Murphy,VIC,true,2024-08-04,2026-02-24
C00846,michael.ryan7591@yahoo.com.au,Michael Ryan,VIC,true,2025-04-06,2025-04-08
C00847,george.ali9183@icloud.com,George Ali,WA,true,2023-11-05,2025-10-12
C00848,jennifer.evans2969@outlook.com,Jennifer Evans,VIC,false,2025-08-31,2026-01-28
C00849,elizabeth.mitchell3297@gmail.com,Elizabeth Mitchell,VIC,true,2021-10-07,2022-05-11
C00850,wei.tran7751@hotmail.com,Wei Tran,VIC,true,2023-12-31,2025-02-23
C00851,james.murphy7497@bigpond.com,James Murphy,VIC,true,2025-04-16,2025-08-31
C00852,patricia.zhang214@outlook.com,Patricia Zhang,NSW,true,2026-02-22,2026-05-30
C00853,george.baker8997@outlook.com,George Baker,NSW,true,2023-05-02,2025-03-04
C00854,raj.ryan1410@icloud.com,Raj Ryan,VIC,true,2025-10-13,2026-04-25
C00855,catherine.nguyen7914@gmail.com,Catherine Nguyen,VIC,true,2024-04-05,2024-10-18
C00856,stephanie.singh8142@yahoo.com.au,Stephanie Singh,NSW,true,2024-02-13,2025-06-22
C00857,emily.wilson995@gmail.com,Emily Wilson,VIC,true,2023-07-14,2024-02-11
C00858,margaret.lee6404@icloud.com,Margaret Lee,QLD,true,2023-09-27,2025-02-25
C00859,jessica.bell144@gmail.com,Jessica Bell,NSW,true,2024-11-16,2026-01-05
C00860,linda.nguyen5499@yahoo.com.au,Linda Nguyen,VIC,true,2025-04-29,2026-02-28
C00861,nancy.wang1397@bigpond.com,Nancy Wang,TAS,true,2023-02-04,2024-11-04
C00862,stephanie.costa7645@hotmail.com,Stephanie Costa,VIC,true,2026-02-18,2026-03-23
C00863,jennifer.collins319@bigpond.com,Jennifer Collins,ACT,true,2023-01-15,2024-01-21
C00864,helen.obrien5656@icloud.com,Helen OBrien,VIC,true,2023-01-22,2024-01-07
C00865,ahmed.obrien1049@yahoo.com.au,Ahmed OBrien,WA,true,2024-06-29,2025-12-01
C00866,christine.wilson7876@icloud.com,Christine Wilson,WA,true,2025-07-08,2026-06-11
C00867,robert.green1698@outlook.com,Robert Green,QLD,true,2023-06-10,2024-01-25
C00868,laura.williams1565@gmail.com,Laura Williams,VIC,true,2025-08-17,2026-05-01
C00869,katherine.lee2681@icloud.com,Katherine Lee,QLD,true,2022-08-11,2025-02-13
C00870,emily.campbell1835@outlook.com,Emily Campbell,VIC,true,2023-08-01,2024-11-04
C00871,olivia.ali7153@icloud.com,Olivia Ali,NSW,true,2023-09-01,2024-09-05
C00872,joshua.anderson2539@gmail.com,Joshua Anderson,VIC,true,2024-02-29,2026-06-26
C00873,sarah.turner9385@yahoo.com.au,Sarah Turner,QLD,true,2022-04-26,2022-09-10
C00874,mary.baker354@hotmail.com,Mary Baker,TAS,true,2022-01-05,2025-11-04
C00875,anthony.green7044@hotmail.com,Anthony Green,QLD,true,2026-05-31,2026-06-06
C00876,melissa.baker1421@bigpond.com,Melissa Baker,NSW,true,2023-02-17,2025-08-28
C00877,linda.ali4061@hotmail.com,Linda Ali,WA,true,2025-01-26,2025-01-26
C00878,amanda.scott6113@bigpond.com,Amanda Scott,TAS,true,2023-10-03,2026-01-29
C00879,margaret.khan7856@bigpond.com,Margaret Khan,VIC,true,2023-09-08,2023-09-27
C00880,deborah.wright8197@bigpond.com,Deborah Wright,QLD,true,2026-05-23,2026-06-29
C00881,lisa.king8058@outlook.com,Lisa King,NSW,true,2022-05-18,2025-11-01
C00882,linda.stewart105@hotmail.com,Linda Stewart,NSW,true,2022-02-19,2024-05-27
C00883,wei.sato8835@hotmail.com,Wei Sato,VIC,false,2025-02-26,2025-08-06
C00884,susan.bell6125@yahoo.com.au,Susan Bell,ACT,true,2025-03-13,2025-10-12
C00885,deborah.thompson1762@icloud.com,Deborah Thompson,VIC,true,2022-11-05,2024-06-06
C00886,melissa.nguyen7536@yahoo.com.au,Melissa Nguyen,VIC,true,2021-11-21,2022-06-06
C00887,charles.harris5503@bigpond.com,Charles Harris,TAS,true,2022-12-11,2025-08-17
C00888,olivia.kumar4188@icloud.com,Olivia Kumar,VIC,true,2022-06-14,2025-11-05
C00889,stephanie.costa3904@outlook.com,Stephanie Costa,VIC,true,2022-04-16,2024-03-27
C00890,jessica.wright5584@icloud.com,Jessica Wright,NSW,true,2021-07-26,2023-09-08
C00891,emily.rossi3509@yahoo.com.au,Emily Rossi,QLD,true,2024-09-29,2026-05-28
C00892,nancy.chen4811@gmail.com,Nancy Chen,VIC,true,2025-12-16,2026-07-02
C00893,matthew.clarke4377@bigpond.com,Matthew Clarke,VIC,false,2025-03-02,2026-02-25
C00894,joshua.martin1438@bigpond.com,Joshua Martin,NSW,false,2022-11-05,2023-07-16
C00895,christine.robinson9272@hotmail.com,Christine Robinson,NSW,true,2025-04-13,2026-04-12
C00896,priya.tran8817@gmail.com,Priya Tran,NSW,true,2025-08-11,2025-09-01
C00897,steven.tanaka853@hotmail.com,Steven Tanaka,WA,true,2025-10-10,2025-12-17
C00898,laura.robinson2202@yahoo.com.au,Laura Robinson,QLD,true,2022-04-20,2025-05-06
C00899,patricia.jones6214@yahoo.com.au,Patricia Jones,NSW,true,2024-04-03,2025-07-28
C00900,melissa.lee6118@yahoo.com.au,Melissa Lee,VIC,true,2023-06-24,2025-03-24
C00901,brian.smith3747@hotmail.com,Brian Smith,NSW,true,2023-04-21,2023-08-04
C00902,melissa.turner9672@bigpond.com,Melissa Turner,VIC,true,2023-12-31,2024-07-08
C00903,david.jones4719@hotmail.com,David Jones,QLD,false,2021-11-09,2023-05-03
C00904,kevin.clarke5622@outlook.com,Kevin Clarke,VIC,true,2022-07-25,2025-08-28
C00905,james.mitchell4199@bigpond.com,James Mitchell,TAS,true,2022-03-27,2023-01-16
C00906,thomas.edwards474@gmail.com,Thomas Edwards,SA,true,2023-04-11,2025-06-29
C00907,james.taylor3634@hotmail.com,James Taylor,QLD,true,2024-01-17,2024-03-06
C00908,yuki.tran8922@icloud.com,Yuki Tran,VIC,true,2024-04-22,2026-06-12
C00909,emily.chen8498@icloud.com,Emily Chen,NSW,true,2021-11-01,2023-04-19
C00910,david.wilson6812@gmail.com,David Wilson,TAS,true,2026-03-14,2026-05-06
C00911,melissa.scott516@icloud.com,Melissa Scott,NSW,true,2024-05-17,2025-02-02
C00912,melissa.evans8371@hotmail.com,Melissa Evans,QLD,true,2022-02-24,2025-07-30
C00913,andrew.harris3881@bigpond.com,Andrew Harris,VIC,true,2022-05-15,2022-12-09
C00914,mary.ali4614@hotmail.com,Mary Ali,NSW,true,2023-07-09,2024-06-28
C00915,michael.lee5007@outlook.com,Michael Lee,SA,true,2023-08-05,2025-12-07
C00916,ahmed.williams1547@yahoo.com.au,Ahmed Williams,QLD,true,2024-02-05,2025-04-20
C00917,linda.evans2766@icloud.com,Linda Evans,ACT,true,2022-08-06,2022-10-04
C00918,melissa.anderson3746@outlook.com,Melissa Anderson,ACT,true,2025-11-07,2025-12-22
C00919,rachel.baker8121@icloud.com,Rachel Baker,VIC,true,2025-05-07,2025-12-31
C00920,christine.white5192@icloud.com,Christine White,NSW,true,2025-08-29,2026-04-26
C00921,yuki.hall4578@bigpond.com,Yuki Hall,QLD,true,2022-01-06,2026-06-07
C00922,joseph.obrien3278@bigpond.com,Joseph OBrien,VIC,true,2025-01-03,2025-06-02
C00923,andrew.pham1726@bigpond.com,Andrew Pham,NSW,true,2023-04-21,2024-09-28
C00924,lisa.scott3130@bigpond.com,Lisa Scott,VIC,true,2022-03-01,2022-12-14
C00925,emma.khan3419@yahoo.com.au,Emma Khan,NSW,true,2026-05-04,2026-05-24
C00926,kevin.harris3914@yahoo.com.au,Kevin Harris,NSW,true,2022-09-21,2024-12-04
C00927,margaret.evans790@bigpond.com,Margaret Evans,VIC,true,2021-12-08,2025-10-18
C00928,margaret.kelly5825@outlook.com,Margaret Kelly,NSW,true,2021-08-04,2026-04-20
C00929,katherine.clarke7840@icloud.com,Katherine Clarke,SA,false,2023-10-02,2023-12-28
C00930,nancy.jones6800@outlook.com,Nancy Jones,VIC,true,2026-01-09,2026-02-22
C00931,samantha.rossi4988@outlook.com,Samantha Rossi,NSW,true,2026-06-09,2026-06-13
C00932,joshua.king7602@gmail.com,Joshua King,VIC,true,2026-03-30,2026-04-04
C00933,mark.williams1593@hotmail.com,Mark Williams,QLD,true,2022-07-29,2023-12-23
C00934,fatima.ryan9141@gmail.com,Fatima Ryan,QLD,true,2024-06-13,2024-12-28
C00935,priya.murphy9043@yahoo.com.au,Priya Murphy,NSW,true,2021-07-26,2024-07-29
C00936,patricia.bell1529@bigpond.com,Patricia Bell,VIC,true,2025-01-15,2025-10-31
C00937,brian.edwards550@outlook.com,Brian Edwards,QLD,true,2023-11-08,2025-08-25
C00938,margaret.zhang4514@gmail.com,Margaret Zhang,NSW,true,2026-02-07,2026-04-18
C00939,katherine.ali985@bigpond.com,Katherine Ali,NSW,true,2025-12-31,2026-05-28
C00940,susan.collins8711@outlook.com,Susan Collins,VIC,true,2022-09-25,2025-10-03
C00941,elizabeth.nguyen6578@yahoo.com.au,Elizabeth Nguyen,VIC,true,2026-03-10,2026-05-10
C00942,stephanie.williams5829@bigpond.com,Stephanie Williams,QLD,true,2021-12-20,2024-10-08
C00943,yuki.white7388@icloud.com,Yuki White,NSW,true,2024-07-18,2026-06-29
C00944,david.murphy3465@bigpond.com,David Murphy,VIC,true,2025-12-05,2026-04-02
C00945,ashley.khan149@icloud.com,Ashley Khan,TAS,true,2024-02-25,2024-09-18
C00946,fatima.robinson8381@bigpond.com,Fatima Robinson,NSW,true,2023-05-22,2024-01-26
C00947,michael.tran7826@outlook.com,Michael Tran,VIC,true,2025-06-04,2026-03-24
C00948,helen.robinson9042@outlook.com,Helen Robinson,QLD,true,2025-07-12,2026-01-30
C00949,stephanie.baker3341@bigpond.com,Stephanie Baker,VIC,true,2024-05-30,2025-01-06
C00950,margaret.pham1591@icloud.com,Margaret Pham,VIC,true,2021-09-27,2022-06-15
C00951,michael.khan5337@bigpond.com,Michael Khan,VIC,true,2025-10-28,2026-03-23
C00952,michael.pham9407@gmail.com,Michael Pham,VIC,true,2022-06-04,2024-01-21
C00953,david.tanaka3527@icloud.com,David Tanaka,NSW,true,2024-09-17,2026-05-21
C00954,margaret.murphy7559@gmail.com,Margaret Murphy,VIC,true,2024-10-07,2025-11-19
C00955,james.white4639@bigpond.com,James White,VIC,true,2022-04-02,2024-06-15
C00956,melissa.martin4416@hotmail.com,Melissa Martin,VIC,true,2025-07-31,2026-06-14
C00957,daniel.scott2118@hotmail.com,Daniel Scott,ACT,true,2023-04-21,2026-03-09
C00958,lisa.murphy4007@bigpond.com,Lisa Murphy,ACT,true,2025-01-25,2025-03-23
C00959,matthew.taylor490@bigpond.com,Matthew Taylor,VIC,true,2023-07-19,2024-01-21
C00960,priya.tran2108@yahoo.com.au,Priya Tran,QLD,true,2021-11-08,2025-11-09
C00961,priya.kumar5680@bigpond.com,Priya Kumar,NSW,true,2023-09-25,2024-12-30
C00962,jessica.singh9071@hotmail.com,Jessica Singh,NSW,true,2024-07-09,2026-02-13
C00963,ming.thompson7540@gmail.com,Ming Thompson,VIC,true,2024-06-24,2026-06-17
C00964,ming.ryan6898@gmail.com,Ming Ryan,VIC,true,2022-10-12,2023-12-17
C00965,yuki.scott6261@bigpond.com,Yuki Scott,VIC,false,2022-03-31,2022-11-28
C00966,sarah.zhang3543@icloud.com,Sarah Zhang,ACT,true,2025-02-24,2025-09-05
C00967,helen.wang3007@icloud.com,Helen Wang,VIC,true,2022-01-19,2023-01-14
C00968,rebecca.liu6246@gmail.com,Rebecca Liu,NSW,true,2025-06-25,2025-11-22
C00969,william.brown5288@yahoo.com.au,William Brown,NSW,true,2024-05-23,2026-03-11
C00970,elizabeth.murphy4118@bigpond.com,Elizabeth Murphy,VIC,true,2024-12-07,2024-12-30
C00971,jessica.brown9225@gmail.com,Jessica Brown,VIC,true,2023-07-30,2024-10-23
C00972,robert.kelly6697@bigpond.com,Robert Kelly,NSW,true,2025-07-17,2025-08-25
C00973,raj.collins6046@icloud.com,Raj Collins,NSW,true,2023-09-19,2024-11-13
C00974,lisa.wang7956@hotmail.com,Lisa Wang,QLD,true,2024-04-10,2026-01-04
C00975,andrew.campbell3813@gmail.com,Andrew Campbell,NSW,false,2025-12-23,2026-01-30
C00976,jessica.white414@outlook.com,Jessica White,NSW,true,2024-05-18,2024-08-30
C00977,katherine.sato4888@icloud.com,Katherine Sato,NSW,true,2023-09-24,2024-10-18
C00978,timothy.brown5811@hotmail.com,Timothy Brown,VIC,true,2021-10-13,2026-01-18
C00979,rebecca.harris828@hotmail.com,Rebecca Harris,VIC,true,2025-05-12,2026-03-05
C00980,ahmed.costa3514@hotmail.com,Ahmed Costa,VIC,true,2022-08-17,2022-09-16
C00981,rachel.nguyen651@bigpond.com,Rachel Nguyen,VIC,true,2023-11-08,2025-12-23
C00982,michael.scott7328@outlook.com,Michael Scott,VIC,true,2026-06-26,2026-06-28
C00983,rebecca.baker2326@yahoo.com.au,Rebecca Baker,NSW,true,2022-05-26,2022-11-16
C00984,jennifer.khan8922@yahoo.com.au,Jennifer Khan,VIC,true,2022-03-07,2023-07-07
C00985,susan.tran8208@icloud.com,Susan Tran,NSW,false,2024-06-18,2025-11-07
C00986,joshua.taylor9529@yahoo.com.au,Joshua Taylor,SA,true,2023-12-04,2025-12-19
C00987,fatima.kumar814@icloud.com,Fatima Kumar,TAS,true,2024-02-12,2024-06-12
C00988,michelle.singh8305@outlook.com,Michelle Singh,WA,true,2025-08-14,2025-11-13
C00989,rachel.campbell2887@bigpond.com,Rachel Campbell,QLD,true,2025-06-22,2026-05-12
C00990,linda.edwards9609@hotmail.com,Linda Edwards,VIC,true,2025-11-19,2026-03-14
C00991,catherine.stewart4587@yahoo.com.au,Catherine Stewart,VIC,false,2021-10-04,2022-04-04
C00992,mark.murphy7883@bigpond.com,Mark Murphy,ACT,true,2023-04-07,2026-04-17
C00993,amanda.hall6871@bigpond.com,Amanda Hall,NSW,true,2021-10-02,2024-04-12
C00994,linda.martin67@gmail.com,Linda Martin,QLD,true,2025-02-26,2025-12-06
C00995,christine.thompson2632@gmail.com,Christine Thompson,NSW,false,2023-08-22,2025-06-04
C00996,lisa.thompson9904@yahoo.com.au,Lisa Thompson,NSW,true,2025-12-30,2026-03-07
C00997,matthew.white1911@outlook.com,Matthew White,VIC,true,2024-01-31,2024-12-14
C00998,brian.taylor4325@hotmail.com,Brian Taylor,VIC,true,2022-07-26,2024-05-02
C00999,rebecca.turner1386@hotmail.com,Rebecca Turner,VIC,true,2022-11-03,2026-01-14
C01000,rachel.wang4492@yahoo.com.au,Rachel Wang,VIC,true,2022-08-04,2026-03-07
C01001,stephanie.jones6800@outlook.com,Stephanie Jones,NSW,true,2021-07-13,2022-12-23
C01002,yuki.evans5165@gmail.com,Yuki Evans,VIC,true,2025-03-30,2025-11-17
C01003,fatima.king2209@yahoo.com.au,Fatima King,VIC,false,2023-01-11,2025-01-04
C01004,emma.clarke3731@bigpond.com,Emma Clarke,VIC,true,2023-05-26,2025-10-21
C01005,sandra.wang2979@yahoo.com.au,Sandra Wang,NSW,true,2023-05-06,2024-10-31
C01006,matthew.ali559@icloud.com,Matthew Ali,NSW,true,2025-03-14,2026-06-10
C01007,fatima.chen4933@outlook.com,Fatima Chen,VIC,true,2024-03-11,2024-10-06
C01008,emily.chen8243@gmail.com,Emily Chen,QLD,true,2025-06-11,2026-05-16
C01009,ashley.nguyen1038@yahoo.com.au,Ashley Nguyen,VIC,true,2025-03-10,2025-07-17
C01010,thomas.stewart4941@outlook.com,Thomas Stewart,VIC,false,2024-06-23,2025-02-22
C01011,nancy.campbell2599@icloud.com,Nancy Campbell,VIC,true,2022-06-26,2022-09-24
C01012,steven.robinson1852@icloud.com,Steven Robinson,VIC,true,2023-10-16,2025-04-08
C01013,margaret.martin50@hotmail.com,Margaret Martin,VIC,true,2025-02-12,2026-05-15
C01014,deborah.sato6603@icloud.com,Deborah Sato,VIC,true,2022-09-06,2025-01-22
C01015,brian.brown8955@outlook.com,Brian Brown,VIC,true,2025-12-01,2026-02-08
C01016,mary.white328@bigpond.com,Mary White,NSW,true,2024-12-12,2025-07-30
C01017,emily.williams6187@hotmail.com,Emily Williams,VIC,true,2024-07-11,2025-04-18
C01018,elizabeth.wilson7594@outlook.com,Elizabeth Wilson,VIC,true,2024-03-27,2026-06-11
C01019,andrew.martin7725@yahoo.com.au,Andrew Martin,SA,true,2026-04-03,2026-05-07
C01020,karen.collins4237@gmail.com,Karen Collins,QLD,true,2022-08-17,2026-01-13
C01021,steven.martin1415@icloud.com,Steven Martin,VIC,true,2022-11-14,2023-08-24
C01022,mary.green7466@bigpond.com,Mary Green,NSW,true,2024-05-13,2025-11-08
C01023,james.wang8594@yahoo.com.au,James Wang,NSW,true,2021-12-08,2025-06-01
C01024,giulia.liu1860@gmail.com,Giulia Liu,VIC,true,2023-09-03,2024-03-10
C01025,sarah.sato4062@bigpond.com,Sarah Sato,VIC,true,2021-11-25,2022-04-30
C01026,emma.brown9516@hotmail.com,Emma Brown,VIC,true,2022-06-03,2025-11-15
C01027,catherine.mitchell453@bigpond.com,Catherine Mitchell,NSW,true,2021-09-27,2025-11-14
C01028,jennifer.taylor5782@gmail.com,Jennifer Taylor,VIC,true,2025-09-05,2025-10-07
C01029,rebecca.edwards1335@yahoo.com.au,Rebecca Edwards,NSW,true,2023-03-06,2024-12-21
C01030,sandra.scott6317@bigpond.com,Sandra Scott,VIC,false,2026-05-25,2026-06-30
C01031,olivia.collins5778@yahoo.com.au,Olivia Collins,VIC,true,2023-07-03,2025-10-14
C01032,charles.stewart3720@gmail.com,Charles Stewart,VIC,true,2024-01-29,2025-04-01
C01033,mark.chen1652@yahoo.com.au,Mark Chen,VIC,true,2025-02-23,2026-04-19
C01034,charles.white3036@hotmail.com,Charles White,VIC,true,2024-02-02,2024-05-15
C01035,andrew.pham6477@gmail.com,Andrew Pham,NSW,false,2024-11-21,2026-02-12
C01036,priya.zhang8712@yahoo.com.au,Priya Zhang,NSW,true,2022-12-12,2026-07-01
C01037,mark.robinson1178@gmail.com,Mark Robinson,NSW,true,2023-10-12,2025-12-04
C01038,david.chen1528@icloud.com,David Chen,VIC,true,2025-05-04,2026-02-03
C01039,helen.khan107@yahoo.com.au,Helen Khan,VIC,false,2024-02-11,2024-09-12
C01040,sandra.clarke9187@bigpond.com,Sandra Clarke,NSW,true,2022-02-15,2022-08-28
C01041,richard.kumar7403@yahoo.com.au,Richard Kumar,NSW,true,2025-12-29,2026-02-10
C01042,raj.bell7707@icloud.com,Raj Bell,VIC,true,2022-09-09,2024-03-29
C01043,karen.murphy7701@icloud.com,Karen Murphy,VIC,true,2024-02-18,2026-06-01
C01044,ahmed.kelly2132@gmail.com,Ahmed Kelly,WA,true,2024-09-14,2024-12-21
C01045,matthew.edwards3944@icloud.com,Matthew Edwards,QLD,true,2025-09-12,2026-04-28
C01046,yuki.king5101@bigpond.com,Yuki King,NSW,true,2021-10-19,2022-03-10
C01047,matthew.johnson969@outlook.com,Matthew Johnson,VIC,true,2021-12-21,2024-05-12
C01048,rebecca.campbell5786@hotmail.com,Rebecca Campbell,ACT,true,2025-08-01,2025-08-17
C01049,samantha.adams5900@outlook.com,Samantha Adams,ACT,true,2022-01-03,2023-09-23
C01050,jessica.obrien1619@icloud.com,Jessica OBrien,VIC,false,2025-04-03,2026-02-02
C01051,robert.khan8624@bigpond.com,Robert Khan,NSW,true,2024-05-03,2024-09-29
C01052,rachel.martin8762@bigpond.com,Rachel Martin,WA,true,2023-05-15,2025-02-21
C01053,catherine.clarke3183@hotmail.com,Catherine Clarke,NSW,true,2023-01-05,2024-10-03
C01054,laura.collins4470@outlook.com,Laura Collins,VIC,true,2022-05-08,2026-06-24
C01055,stephanie.scott4859@outlook.com,Stephanie Scott,VIC,true,2023-12-21,2024-09-29
C01056,susan.rossi116@gmail.com,Susan Rossi,NSW,true,2024-10-01,2025-05-22
C01057,laura.kelly7457@yahoo.com.au,Laura Kelly,VIC,true,2026-01-07,2026-06-09
C01058,lisa.rossi4841@bigpond.com,Lisa Rossi,ACT,true,2026-04-18,2026-06-29
C01059,emma.kumar6419@outlook.com,Emma Kumar,NSW,false,2024-06-17,2025-05-01
C01060,ahmed.obrien4214@yahoo.com.au,Ahmed OBrien,VIC,true,2024-04-07,2025-11-23
C01061,joseph.tran1540@hotmail.com,Joseph Tran,NSW,true,2022-05-06,2023-05-15
C01062,susan.clarke3303@gmail.com,Susan Clarke,TAS,false,2025-01-02,2025-10-08
C01063,wei.khan9650@icloud.com,Wei Khan,QLD,true,2022-11-17,2024-03-18
C01064,steven.liu5371@icloud.com,Steven Liu,VIC,true,2022-10-10,2026-04-06
C01065,steven.anderson5791@icloud.com,Steven Anderson,WA,true,2025-07-21,2026-01-24
C01066,linda.taylor9879@outlook.com,Linda Taylor,VIC,true,2025-10-20,2025-10-30
C01067,jennifer.brown1527@gmail.com,Jennifer Brown,NSW,true,2022-11-01,2024-08-20
C01068,joshua.taylor35@yahoo.com.au,Joshua Taylor,TAS,true,2025-07-29,2026-05-14
C01069,priya.scott5131@hotmail.com,Priya Scott,VIC,true,2023-08-21,2026-01-07
C01070,giulia.adams4985@icloud.com,Giulia Adams,ACT,true,2025-08-31,2025-10-14
C01071,joshua.wang7374@outlook.com,Joshua Wang,VIC,true,2021-10-09,2025-11-27
C01072,steven.williams5081@hotmail.com,Steven Williams,NSW,true,2024-06-12,2025-03-18
C01073,anthony.brown8754@gmail.com,Anthony Brown,WA,false,2023-09-21,2025-07-10
C01074,andrew.clarke4366@bigpond.com,Andrew Clarke,VIC,true,2026-04-17,2026-05-23
C01075,nancy.obrien4513@bigpond.com,Nancy OBrien,NSW,true,2022-05-03,2025-12-29
C01076,linda.taylor6171@hotmail.com,Linda Taylor,SA,true,2025-03-14,2026-01-21
C01077,samantha.turner353@yahoo.com.au,Samantha Turner,VIC,true,2022-03-18,2026-01-15
C01078,katherine.tran1252@icloud.com,Katherine Tran,NSW,true,2022-02-02,2023-07-26
C01079,marco.pham4754@yahoo.com.au,Marco Pham,QLD,true,2021-11-23,2026-03-25
C01080,fatima.jones5532@hotmail.com,Fatima Jones,VIC,true,2024-08-31,2024-09-06
C01081,joseph.singh353@outlook.com,Joseph Singh,VIC,true,2023-03-17,2024-09-22
C01082,karen.jones2873@yahoo.com.au,Karen Jones,SA,true,2023-01-23,2025-10-08
C01083,matthew.sato2060@icloud.com,Matthew Sato,QLD,true,2026-03-24,2026-04-14
C01084,kevin.king2697@icloud.com,Kevin King,QLD,false,2025-06-28,2026-05-25
C01085,helen.martin1224@outlook.com,Helen Martin,WA,true,2024-02-03,2026-04-15
C01086,ming.clarke681@gmail.com,Ming Clarke,VIC,true,2026-05-17,2026-05-31
C01087,olivia.sato502@gmail.com,Olivia Sato,NSW,true,2021-07-24,2021-12-06
C01088,wei.wright8900@bigpond.com,Wei Wright,VIC,false,2023-12-05,2024-12-22
C01089,michael.jones1652@outlook.com,Michael Jones,NSW,true,2023-08-09,2024-08-16
C01090,michael.lee2176@gmail.com,Michael Lee,ACT,true,2023-03-17,2024-09-21
C01091,david.taylor3277@gmail.com,David Taylor,VIC,true,2024-04-06,2024-06-10
C01092,stephanie.clarke704@outlook.com,Stephanie Clarke,NSW,true,2023-10-04,2025-09-16
C01093,thomas.nguyen4426@gmail.com,Thomas Nguyen,VIC,true,2022-03-09,2022-07-20
C01094,marco.costa5732@yahoo.com.au,Marco Costa,VIC,true,2024-07-09,2025-10-20
C01095,giulia.scott7174@icloud.com,Giulia Scott,WA,true,2025-04-14,2026-01-12
C01096,daniel.martin6226@bigpond.com,Daniel Martin,VIC,true,2023-10-08,2025-05-19
C01097,steven.zhang8245@hotmail.com,Steven Zhang,SA,true,2023-06-23,2026-02-10
C01098,rebecca.evans3883@icloud.com,Rebecca Evans,NSW,true,2022-03-17,2024-09-14
C01099,robert.sato1336@outlook.com,Robert Sato,VIC,true,2021-10-15,2025-09-13
C01100,thomas.bell1056@icloud.com,Thomas Bell,VIC,false,2024-07-25,2025-08-06
C01101,margaret.martin5086@yahoo.com.au,Margaret Martin,VIC,true,2023-05-21,2025-01-24
C01102,katherine.obrien8977@outlook.com,Katherine OBrien,NSW,true,2023-01-07,2023-01-20
C01103,steven.zhang2671@bigpond.com,Steven Zhang,VIC,true,2024-07-28,2026-04-10
C01104,wei.lee4653@hotmail.com,Wei Lee,WA,true,2024-03-27,2025-01-19
C01105,ahmed.adams5005@gmail.com,Ahmed Adams,NSW,true,2025-06-20,2025-06-29
C01106,wei.thompson3264@hotmail.com,Wei Thompson,NSW,true,2021-10-26,2024-12-13
C01107,susan.campbell9033@outlook.com,Susan Campbell,QLD,true,2022-03-11,2024-08-31
C01108,laura.smith7272@bigpond.com,Laura Smith,VIC,true,2025-01-30,2026-01-20
C01109,jessica.ali6068@icloud.com,Jessica Ali,VIC,true,2023-07-19,2026-03-09
C01110,james.khan3608@icloud.com,James Khan,VIC,true,2023-09-05,2026-04-28
C01111,thomas.williams3575@yahoo.com.au,Thomas Williams,NSW,true,2025-07-21,2025-12-13
C01112,william.ali6715@gmail.com,William Ali,VIC,true,2023-03-16,2025-08-01
C01113,jennifer.tanaka7732@hotmail.com,Jennifer Tanaka,SA,true,2025-03-26,2026-01-11
C01114,catherine.brown1045@hotmail.com,Catherine Brown,QLD,true,2025-05-05,2025-08-31
C01115,yuki.king3291@outlook.com,Yuki King,VIC,true,2022-10-14,2022-10-19
C01116,emma.edwards6830@hotmail.com,Emma Edwards,VIC,true,2021-08-21,2022-12-20
C01117,laura.adams9164@hotmail.com,Laura Adams,WA,true,2023-07-12,2025-01-22
C01118,priya.collins6007@yahoo.com.au,Priya Collins,VIC,true,2024-07-25,2025-02-23
C01119,andrew.ryan2222@bigpond.com,Andrew Ryan,VIC,true,2024-09-28,2026-06-04
C01120,charles.zhang443@gmail.com,Charles Zhang,VIC,true,2026-05-31,2026-06-25
C01121,sarah.tanaka7973@yahoo.com.au,Sarah Tanaka,VIC,true,2026-05-13,2026-06-14
C01122,giulia.chen408@gmail.com,Giulia Chen,NSW,false,2022-03-07,2026-02-22
C01123,mark.collins6374@outlook.com,Mark Collins,ACT,true,2023-05-26,2024-09-27
C01124,george.thompson3328@yahoo.com.au,George Thompson,NSW,true,2026-03-16,2026-07-01
C01125,kevin.tran7000@outlook.com,Kevin Tran,VIC,true,2021-08-22,2025-12-30
C01126,anthony.smith9506@icloud.com,Anthony Smith,VIC,true,2021-11-18,2025-04-16
C01127,michael.wright2697@icloud.com,Michael Wright,NSW,true,2022-02-17,2025-09-01
C01128,ahmed.obrien1122@icloud.com,Ahmed OBrien,VIC,true,2022-07-08,2026-03-23
C01129,catherine.kelly4650@gmail.com,Catherine Kelly,VIC,true,2023-09-29,2025-08-27
C01130,ashley.brown4562@bigpond.com,Ashley Brown,VIC,true,2023-04-29,2025-01-26
C01131,steven.nguyen4387@gmail.com,Steven Nguyen,VIC,true,2023-02-20,2025-04-24
C01132,fatima.tran8466@outlook.com,Fatima Tran,NSW,true,2025-11-27,2026-06-20
C01133,samantha.white4216@icloud.com,Samantha White,NSW,true,2023-06-15,2023-11-05
C01134,marco.anderson9581@hotmail.com,Marco Anderson,VIC,true,2023-08-31,2025-01-11
C01135,james.baker5400@gmail.com,James Baker,QLD,true,2026-06-26,2026-07-03
C01136,christine.green2401@icloud.com,Christine Green,VIC,true,2024-08-19,2025-05-27
C01137,fatima.tran7262@icloud.com,Fatima Tran,VIC,true,2025-06-20,2025-11-06
C01138,daniel.pham4528@yahoo.com.au,Daniel Pham,VIC,true,2024-02-22,2025-04-06
C01139,patricia.tran8299@gmail.com,Patricia Tran,NSW,true,2025-07-13,2026-04-25
C01140,giulia.bell3542@gmail.com,Giulia Bell,NSW,false,2024-07-29,2025-06-02
C01141,rachel.scott6966@yahoo.com.au,Rachel Scott,VIC,true,2025-04-19,2025-05-13
C01142,joshua.rossi1621@yahoo.com.au,Joshua Rossi,NSW,true,2025-08-04,2025-12-25
C01143,matthew.costa1292@gmail.com,Matthew Costa,TAS,false,2021-12-13,2022-01-17
C01144,ming.smith1353@hotmail.com,Ming Smith,NSW,true,2024-10-17,2025-12-02
C01145,linda.martin6003@gmail.com,Linda Martin,ACT,false,2025-01-25,2026-06-13
C01146,margaret.walker4141@yahoo.com.au,Margaret Walker,VIC,false,2023-04-16,2023-05-10
C01147,fatima.brown1731@outlook.com,Fatima Brown,VIC,true,2022-01-26,2025-12-09
C01148,karen.robinson8203@gmail.com,Karen Robinson,QLD,true,2026-04-02,2026-05-22
C01149,fatima.williams6238@icloud.com,Fatima Williams,NSW,true,2025-11-19,2025-12-07
C01150,michelle.green7293@gmail.com,Michelle Green,VIC,true,2022-06-29,2023-06-03
C01151,charles.wilson8947@outlook.com,Charles Wilson,QLD,true,2023-03-12,2024-06-12
C01152,rebecca.anderson6925@icloud.com,Rebecca Anderson,ACT,true,2022-03-21,2025-09-08
C01153,david.robinson8855@bigpond.com,David Robinson,NSW,true,2022-06-05,2022-10-14
C01154,christine.king619@bigpond.com,Christine King,QLD,true,2022-11-01,2025-12-15
C01155,rebecca.baker7875@gmail.com,Rebecca Baker,VIC,true,2022-04-01,2024-02-29
C01156,jennifer.martin4842@outlook.com,Jennifer Martin,VIC,true,2023-04-07,2023-08-05
C01157,giulia.kumar2649@hotmail.com,Giulia Kumar,VIC,true,2023-03-16,2023-06-21
C01158,deborah.liu9985@bigpond.com,Deborah Liu,VIC,true,2022-10-24,2024-11-17
C01159,mark.lee3131@outlook.com,Mark Lee,NSW,true,2023-07-29,2025-09-19
C01160,lisa.liu7907@outlook.com,Lisa Liu,VIC,true,2026-05-26,2026-07-01
C01161,susan.adams9632@bigpond.com,Susan Adams,VIC,true,2024-01-14,2026-01-21
C01162,susan.obrien2211@icloud.com,Susan OBrien,ACT,true,2023-03-08,2025-02-12
C01163,patricia.turner6550@bigpond.com,Patricia Turner,NSW,true,2022-03-12,2025-07-27
C01164,lisa.tran4585@outlook.com,Lisa Tran,SA,true,2022-11-14,2022-11-24
C01165,daniel.evans8214@bigpond.com,Daniel Evans,NSW,true,2024-05-31,2026-02-20
C01166,joseph.edwards7821@icloud.com,Joseph Edwards,NSW,true,2025-07-19,2026-04-04
C01167,michael.clarke7091@hotmail.com,Michael Clarke,TAS,true,2022-11-27,2024-11-20
C01168,andrew.murphy4442@hotmail.com,Andrew Murphy,QLD,true,2022-10-19,2025-10-18
C01169,matthew.turner2522@outlook.com,Matthew Turner,NSW,false,2022-05-26,2023-03-19
C01170,michael.rossi2254@gmail.com,Michael Rossi,VIC,true,2026-03-17,2026-05-20
C01171,elizabeth.kumar7645@yahoo.com.au,Elizabeth Kumar,NSW,true,2023-05-13,2025-03-26
C01172,emily.tran944@icloud.com,Emily Tran,QLD,true,2022-02-10,2024-05-14
C01173,joshua.murphy3406@yahoo.com.au,Joshua Murphy,ACT,false,2022-06-22,2025-01-11
C01174,marco.rossi2661@gmail.com,Marco Rossi,VIC,false,2022-06-22,2026-04-04
C01175,katherine.jones2870@yahoo.com.au,Katherine Jones,WA,true,2023-04-24,2025-01-18
C01176,charles.campbell9991@bigpond.com,Charles Campbell,TAS,true,2025-03-27,2025-06-15
C01177,michael.king613@yahoo.com.au,Michael King,NSW,true,2023-05-05,2023-08-17
C01178,wei.nguyen8913@gmail.com,Wei Nguyen,WA,true,2026-04-20,2026-06-16
C01179,elizabeth.brown5967@icloud.com,Elizabeth Brown,QLD,true,2025-12-05,2026-02-09
C01180,emily.wright9970@outlook.com,Emily Wright,VIC,true,2022-05-11,2026-06-24
C01181,patricia.tran2357@yahoo.com.au,Patricia Tran,VIC,true,2024-11-08,2025-11-10
C01182,charles.rossi8602@gmail.com,Charles Rossi,VIC,true,2024-12-21,2025-12-28
C01183,lisa.brown5909@icloud.com,Lisa Brown,QLD,true,2022-04-21,2024-04-28
C01184,ashley.evans965@hotmail.com,Ashley Evans,NSW,true,2025-04-06,2025-05-19
C01185,amanda.white7885@hotmail.com,Amanda White,SA,true,2025-06-16,2026-03-16
C01186,margaret.singh8031@hotmail.com,Margaret Singh,VIC,false,2022-05-11,2025-12-24
C01187,hiro.chen997@gmail.com,Hiro Chen,NSW,true,2024-09-20,2026-02-08
C01188,karen.scott6467@yahoo.com.au,Karen Scott,VIC,true,2021-11-15,2024-05-08
C01189,stephanie.ali5692@icloud.com,Stephanie Ali,VIC,true,2025-02-21,2025-09-25
C01190,brian.obrien1737@gmail.com,Brian OBrien,SA,true,2022-09-05,2024-07-17
C01191,fatima.jones5267@yahoo.com.au,Fatima Jones,VIC,true,2023-01-29,2023-11-19
C01192,mark.kumar2923@icloud.com,Mark Kumar,NSW,false,2026-03-10,2026-05-10
C01193,david.ali7661@hotmail.com,David Ali,NSW,true,2022-01-01,2024-03-21
C01194,george.campbell2761@icloud.com,George Campbell,QLD,true,2025-09-20,2026-01-13
C01195,ming.mitchell8214@outlook.com,Ming Mitchell,SA,true,2023-07-26,2026-03-24
C01196,jennifer.anderson5423@icloud.com,Jennifer Anderson,SA,true,2025-03-18,2025-11-03
C01197,michael.kelly8758@outlook.com,Michael Kelly,NSW,true,2022-09-12,2025-09-17
C01198,olivia.green444@outlook.com,Olivia Green,VIC,false,2025-07-02,2025-09-26
C01199,catherine.ryan5732@yahoo.com.au,Catherine Ryan,NSW,true,2024-03-29,2025-05-06
C01200,ahmed.clarke9304@outlook.com,Ahmed Clarke,VIC,false,2021-12-30,2022-03-22
C01201,jennifer.williams9992@yahoo.com.au,Jennifer Williams,QLD,true,2022-10-29,2023-06-13
C01202,steven.robinson2900@yahoo.com.au,Steven Robinson,VIC,true,2026-05-04,2026-06-23
C01203,james.singh5046@icloud.com,James Singh,NSW,true,2023-04-27,2024-01-14
C01204,william.tanaka9051@yahoo.com.au,William Tanaka,VIC,true,2024-02-08,2026-01-15
C01205,deborah.martin1624@hotmail.com,Deborah Martin,NSW,true,2024-09-27,2025-03-18
C01206,brian.lee1049@outlook.com,Brian Lee,VIC,true,2026-06-04,2026-06-13
C01207,jessica.anderson8732@icloud.com,Jessica Anderson,NSW,true,2025-06-13,2025-10-11
C01208,deborah.jones1031@yahoo.com.au,Deborah Jones,VIC,true,2024-06-20,2024-10-18
C01209,jennifer.tran7915@bigpond.com,Jennifer Tran,VIC,true,2024-06-06,2026-03-26
C01210,katherine.murphy6354@outlook.com,Katherine Murphy,QLD,true,2022-05-08,2022-07-08
C01211,deborah.chen9891@outlook.com,Deborah Chen,VIC,false,2023-08-27,2026-05-21
C01212,mark.baker5505@gmail.com,Mark Baker,TAS,true,2025-03-24,2025-04-25
C01213,deborah.stewart9158@yahoo.com.au,Deborah Stewart,WA,true,2021-12-22,2024-11-17
C01214,fatima.bell3492@yahoo.com.au,Fatima Bell,NSW,false,2022-06-18,2024-03-14
C01215,olivia.adams2488@icloud.com,Olivia Adams,VIC,true,2023-07-08,2024-01-09
C01216,katherine.anderson6526@outlook.com,Katherine Anderson,VIC,true,2023-03-24,2023-06-06
C01217,olivia.smith4888@bigpond.com,Olivia Smith,VIC,false,2022-09-25,2022-11-27
C01218,charles.nguyen4088@gmail.com,Charles Nguyen,VIC,true,2022-02-07,2022-06-15
C01219,ahmed.anderson8118@bigpond.com,Ahmed Anderson,VIC,true,2024-09-24,2025-11-28
C01220,sandra.anderson7586@icloud.com,Sandra Anderson,NSW,true,2023-05-29,2024-08-26
C01221,jennifer.hall9985@bigpond.com,Jennifer Hall,VIC,true,2024-06-20,2025-08-16
C01222,karen.campbell6958@bigpond.com,Karen Campbell,WA,true,2025-04-01,2025-11-03
C01223,andrew.edwards631@yahoo.com.au,Andrew Edwards,VIC,true,2022-03-28,2022-10-23
C01224,jennifer.zhang2868@yahoo.com.au,Jennifer Zhang,NSW,true,2021-07-13,2022-01-10
C01225,nancy.sato9854@icloud.com,Nancy Sato,WA,true,2023-05-11,2025-07-25
C01226,emily.sato6590@gmail.com,Emily Sato,NSW,true,2026-04-29,2026-05-22
C01227,andrew.jones5766@bigpond.com,Andrew Jones,NSW,true,2025-07-24,2026-03-09
C01228,matthew.kumar9334@bigpond.com,Matthew Kumar,SA,true,2023-10-18,2024-11-21
C01229,marco.turner8902@gmail.com,Marco Turner,VIC,true,2023-06-19,2025-02-07
C01230,sandra.khan3194@icloud.com,Sandra Khan,SA,true,2022-06-03,2024-03-03
C01231,olivia.scott7346@yahoo.com.au,Olivia Scott,VIC,true,2024-06-13,2025-12-19
C01232,rachel.pham7941@icloud.com,Rachel Pham,VIC,true,2024-01-21,2025-05-18
C01233,katherine.chen8110@icloud.com,Katherine Chen,QLD,true,2021-10-02,2022-11-23
C01234,helen.brown5511@icloud.com,Helen Brown,VIC,true,2024-07-27,2026-04-17
C01235,matthew.green7700@gmail.com,Matthew Green,VIC,true,2021-09-12,2024-04-07
C01236,deborah.sato6394@hotmail.com,Deborah Sato,VIC,false,2024-10-30,2025-06-29
C01237,ashley.mitchell43@icloud.com,Ashley Mitchell,SA,true,2026-04-19,2026-05-26
C01238,helen.walker7730@gmail.com,Helen Walker,VIC,true,2021-07-22,2022-01-12
C01239,katherine.murphy633@hotmail.com,Katherine Murphy,VIC,true,2025-08-20,2026-01-20
C01240,hiro.hall3292@hotmail.com,Hiro Hall,VIC,true,2025-05-15,2025-08-23
C01241,fatima.nguyen7587@bigpond.com,Fatima Nguyen,QLD,true,2025-07-18,2025-08-15
C01242,samantha.stewart4493@hotmail.com,Samantha Stewart,VIC,true,2023-08-04,2025-11-11
C01243,mark.taylor5381@icloud.com,Mark Taylor,NSW,true,2021-07-09,2024-07-01
C01244,emily.adams6564@hotmail.com,Emily Adams,TAS,true,2024-02-21,2024-10-17
C01245,richard.ali1733@bigpond.com,Richard Ali,VIC,true,2026-03-20,2026-06-15
C01246,rebecca.turner7028@gmail.com,Rebecca Turner,WA,true,2024-12-20,2026-04-25
C01247,andrew.robinson9447@icloud.com,Andrew Robinson,VIC,true,2025-02-06,2025-11-29
C01248,timothy.collins4918@bigpond.com,Timothy Collins,ACT,true,2022-02-22,2023-11-17
C01249,melissa.anderson8501@icloud.com,Melissa Anderson,WA,true,2022-02-17,2022-05-29
C01250,charles.rossi780@gmail.com,Charles Rossi,WA,true,2022-09-09,2026-03-02
C01251,karen.scott1671@gmail.com,Karen Scott,VIC,true,2024-01-09,2025-03-05
C01252,jennifer.johnson1318@gmail.com,Jennifer Johnson,QLD,true,2026-01-21,2026-03-13
C01253,timothy.walker1810@yahoo.com.au,Timothy Walker,NSW,true,2021-09-28,2023-06-14
C01254,giulia.singh9247@yahoo.com.au,Giulia Singh,VIC,true,2024-03-01,2025-01-19
C01255,william.obrien8307@icloud.com,William OBrien,NSW,true,2026-03-03,2026-03-03
C01256,james.lee7076@yahoo.com.au,James Lee,VIC,true,2021-07-10,2024-09-03
C01257,margaret.green4244@hotmail.com,Margaret Green,VIC,true,2026-06-28,2026-06-29
C01258,brian.harris7648@outlook.com,Brian Harris,QLD,true,2026-02-28,2026-03-12
C01259,olivia.martin3344@gmail.com,Olivia Martin,NSW,true,2023-11-19,2026-02-04
C01260,thomas.clarke6749@icloud.com,Thomas Clarke,WA,false,2025-05-25,2026-05-24
C01261,patricia.edwards2949@icloud.com,Patricia Edwards,TAS,true,2025-01-30,2025-10-25
C01262,sarah.lee5363@yahoo.com.au,Sarah Lee,QLD,true,2024-07-11,2025-01-28
C01263,katherine.stewart6430@hotmail.com,Katherine Stewart,NSW,true,2022-08-05,2024-10-05
C01264,ahmed.campbell170@gmail.com,Ahmed Campbell,NSW,true,2022-02-14,2026-03-12
C01265,thomas.mitchell4276@hotmail.com,Thomas Mitchell,VIC,true,2022-11-18,2023-06-10
C01266,helen.murphy2219@yahoo.com.au,Helen Murphy,ACT,true,2024-12-11,2025-03-06
C01267,sarah.kelly100@hotmail.com,Sarah Kelly,ACT,true,2022-07-21,2023-06-18
C01268,robert.kelly7355@outlook.com,Robert Kelly,VIC,true,2023-08-14,2026-01-23
C01269,richard.king1053@yahoo.com.au,Richard King,VIC,false,2023-04-01,2025-09-22
C01270,michelle.turner8712@yahoo.com.au,Michelle Turner,VIC,true,2025-05-13,2026-03-20
C01271,ahmed.murphy9296@icloud.com,Ahmed Murphy,VIC,true,2025-03-29,2025-08-28
C01272,brian.scott8350@hotmail.com,Brian Scott,VIC,true,2022-03-20,2024-09-15
C01273,amanda.turner3135@yahoo.com.au,Amanda Turner,VIC,true,2025-04-17,2025-11-28
C01274,patricia.costa7615@hotmail.com,Patricia Costa,NSW,true,2024-04-19,2024-06-21
C01275,margaret.zhang1795@bigpond.com,Margaret Zhang,VIC,false,2022-09-21,2026-04-18
C01276,margaret.green3497@gmail.com,Margaret Green,VIC,true,2022-11-09,2023-07-05
C01277,catherine.hall3767@gmail.com,Catherine Hall,QLD,true,2026-03-14,2026-05-03
C01278,katherine.baker666@yahoo.com.au,Katherine Baker,QLD,true,2023-04-18,2025-07-28
C01279,timothy.nguyen7628@icloud.com,Timothy Nguyen,NSW,false,2022-05-06,2024-04-25
C01280,samantha.smith236@outlook.com,Samantha Smith,NSW,true,2025-03-23,2026-07-02
C01281,ming.kumar186@gmail.com,Ming Kumar,VIC,true,2024-10-11,2026-06-29
C01282,robert.white7444@icloud.com,Robert White,VIC,true,2025-06-30,2026-06-28
C01283,linda.murphy9975@icloud.com,Linda Murphy,NSW,true,2022-08-29,2025-08-09
C01284,elizabeth.rossi2998@gmail.com,Elizabeth Rossi,TAS,true,2026-06-21,2026-07-03
C01285,andrew.johnson6512@outlook.com,Andrew Johnson,VIC,true,2024-08-31,2025-05-19
C01286,david.thompson1504@icloud.com,David Thompson,VIC,true,2026-03-06,2026-04-26
C01287,raj.wang3414@bigpond.com,Raj Wang,NSW,true,2026-03-31,2026-05-15
C01288,giulia.turner7736@outlook.com,Giulia Turner,VIC,false,2024-11-05,2026-02-09
C01289,nancy.evans4656@gmail.com,Nancy Evans,VIC,true,2024-10-14,2025-04-29
C01290,rebecca.campbell9293@outlook.com,Rebecca Campbell,ACT,true,2026-02-08,2026-02-14
C01291,matthew.martin914@bigpond.com,Matthew Martin,NSW,true,2023-04-04,2024-08-10
C01292,yuki.robinson2415@outlook.com,Yuki Robinson,QLD,true,2024-05-26,2025-07-28
C01293,andrew.evans6483@icloud.com,Andrew Evans,NSW,true,2023-09-23,2025-06-07
C01294,catherine.clarke9083@hotmail.com,Catherine Clarke,VIC,false,2022-04-27,2023-01-07
C01295,matthew.walker1522@icloud.com,Matthew Walker,NSW,true,2026-03-19,2026-04-23
C01296,elizabeth.stewart8836@outlook.com,Elizabeth Stewart,TAS,true,2024-12-24,2026-06-17
C01297,catherine.nguyen9368@outlook.com,Catherine Nguyen,QLD,true,2023-03-05,2023-08-17
C01298,matthew.jones7885@gmail.com,Matthew Jones,VIC,true,2024-02-18,2025-05-18
C01299,jessica.wang2242@icloud.com,Jessica Wang,NSW,false,2025-08-09,2026-03-20
C01300,matthew.khan7099@outlook.com,Matthew Khan,SA,true,2022-06-14,2024-04-24
C01301,mark.campbell1369@outlook.com,Mark Campbell,VIC,false,2023-03-04,2025-08-30
C01302,helen.turner9500@icloud.com,Helen Turner,VIC,true,2022-10-01,2023-06-21
C01303,laura.brown1046@icloud.com,Laura Brown,VIC,false,2021-12-24,2024-04-23
C01304,andrew.robinson3416@gmail.com,Andrew Robinson,VIC,true,2025-08-16,2025-12-18
C01305,christine.kelly690@hotmail.com,Christine Kelly,TAS,true,2024-12-08,2025-06-10
C01306,sarah.campbell8819@gmail.com,Sarah Campbell,SA,true,2023-07-04,2024-08-05
C01307,matthew.lee8945@bigpond.com,Matthew Lee,QLD,true,2025-01-05,2025-11-07
C01308,mark.stewart6480@gmail.com,Mark Stewart,QLD,true,2026-01-14,2026-06-28
C01309,rebecca.wang7736@outlook.com,Rebecca Wang,NSW,true,2021-09-01,2026-02-06
C01310,priya.khan7930@yahoo.com.au,Priya Khan,NSW,true,2025-12-07,2026-04-03
C01311,andrew.stewart7427@outlook.com,Andrew Stewart,VIC,true,2023-08-30,2025-01-10
C01312,michael.khan761@icloud.com,Michael Khan,VIC,true,2023-04-08,2024-09-11
C01313,michael.campbell3269@icloud.com,Michael Campbell,VIC,true,2021-11-15,2023-09-30
C01314,linda.kelly4767@icloud.com,Linda Kelly,NSW,true,2024-11-29,2025-04-03
C01315,sarah.murphy7116@icloud.com,Sarah Murphy,VIC,true,2022-07-17,2023-01-03
C01316,david.tanaka3667@bigpond.com,David Tanaka,NSW,true,2023-09-16,2026-02-20
C01317,deborah.liu8576@bigpond.com,Deborah Liu,NSW,true,2022-06-15,2025-09-24
C01318,susan.hall3646@icloud.com,Susan Hall,QLD,true,2023-06-07,2026-04-19
C01319,thomas.anderson4106@hotmail.com,Thomas Anderson,VIC,true,2025-07-20,2025-08-25
C01320,patricia.evans3964@outlook.com,Patricia Evans,VIC,true,2024-03-18,2025-04-15
C01321,ahmed.turner1311@gmail.com,Ahmed Turner,VIC,true,2023-01-09,2024-08-15
C01322,ashley.pham6899@gmail.com,Ashley Pham,VIC,false,2023-01-26,2026-06-30
C01323,susan.wang2150@icloud.com,Susan Wang,VIC,true,2025-03-18,2025-11-20
C01324,jessica.harris7752@yahoo.com.au,Jessica Harris,SA,true,2022-08-13,2022-09-08
C01325,linda.wilson5758@icloud.com,Linda Wilson,ACT,true,2024-10-12,2025-10-02
C01326,charles.bell8725@bigpond.com,Charles Bell,VIC,true,2025-03-17,2026-02-04
C01327,laura.lee348@bigpond.com,Laura Lee,VIC,true,2023-04-12,2024-04-22
C01328,mark.jones2603@bigpond.com,Mark Jones,ACT,true,2022-01-18,2023-12-08
C01329,matthew.white8687@hotmail.com,Matthew White,TAS,true,2023-07-16,2023-10-20
C01330,james.edwards1426@gmail.com,James Edwards,VIC,true,2022-08-21,2023-04-06
C01331,charles.collins8396@outlook.com,Charles Collins,VIC,true,2025-02-06,2025-11-16
C01332,emma.kumar6521@yahoo.com.au,Emma Kumar,VIC,true,2022-05-17,2025-08-31
C01333,rachel.bell9755@gmail.com,Rachel Bell,ACT,true,2023-12-22,2024-11-01
C01334,catherine.nguyen1516@outlook.com,Catherine Nguyen,VIC,true,2023-06-30,2024-01-01
C01335,mark.harris3765@yahoo.com.au,Mark Harris,VIC,false,2025-12-20,2026-03-19
C01336,margaret.taylor2878@outlook.com,Margaret Taylor,TAS,true,2022-12-29,2024-04-17
C01337,fatima.smith7229@outlook.com,Fatima Smith,QLD,true,2025-04-02,2026-04-30
C01338,anthony.wang6279@hotmail.com,Anthony Wang,NSW,true,2024-03-05,2025-03-31
C01339,kevin.harris4093@hotmail.com,Kevin Harris,NSW,true,2024-02-23,2026-03-28
C01340,sandra.stewart2037@gmail.com,Sandra Stewart,VIC,false,2025-01-27,2025-11-03
C01341,brian.pham9455@yahoo.com.au,Brian Pham,VIC,true,2024-11-14,2025-02-23
C01342,david.king1673@hotmail.com,David King,VIC,true,2025-05-30,2026-06-23
C01343,james.kumar9397@yahoo.com.au,James Kumar,VIC,true,2025-02-19,2025-04-03
C01344,mary.walker4590@hotmail.com,Mary Walker,VIC,true,2022-05-15,2026-05-15
C01345,deborah.zhang8926@outlook.com,Deborah Zhang,NSW,true,2024-07-10,2025-11-19
C01346,daniel.ryan3026@icloud.com,Daniel Ryan,TAS,true,2022-04-19,2023-06-04
C01347,lisa.king6709@gmail.com,Lisa King,NSW,true,2023-04-01,2024-06-08
C01348,raj.mitchell387@bigpond.com,Raj Mitchell,VIC,true,2024-06-24,2026-04-14
C01349,richard.edwards3781@icloud.com,Richard Edwards,NSW,true,2024-04-16,2024-11-05
C01350,charles.lee6695@yahoo.com.au,Charles Lee,TAS,true,2022-09-18,2025-12-31
C01351,christine.sato5256@gmail.com,Christine Sato,WA,true,2022-09-20,2023-01-20
C01352,nancy.jones5248@icloud.com,Nancy Jones,QLD,true,2022-01-14,2022-03-26
C01353,wei.singh9465@icloud.com,Wei Singh,ACT,true,2024-08-22,2025-12-12
C01354,jessica.kumar8654@gmail.com,Jessica Kumar,NSW,true,2023-12-28,2025-10-23
C01355,susan.bell7231@hotmail.com,Susan Bell,VIC,true,2024-04-20,2024-09-14
C01356,emma.harris1872@hotmail.com,Emma Harris,VIC,true,2024-05-02,2026-04-28
C01357,stephanie.kumar4885@icloud.com,Stephanie Kumar,NSW,true,2026-04-18,2026-07-01
C01358,marco.williams754@outlook.com,Marco Williams,NSW,true,2025-06-20,2025-07-19
C01359,ming.ali9820@gmail.com,Ming Ali,VIC,true,2024-11-24,2025-07-17
C01360,david.turner5347@yahoo.com.au,David Turner,ACT,true,2024-12-10,2026-04-25
C01361,matthew.costa7738@icloud.com,Matthew Costa,VIC,true,2026-05-30,2026-06-02
C01362,daniel.edwards315@outlook.com,Daniel Edwards,NSW,true,2022-01-02,2023-11-20
C01363,andrew.obrien5371@icloud.com,Andrew OBrien,TAS,true,2021-07-22,2024-09-26
C01364,olivia.khan6147@hotmail.com,Olivia Khan,VIC,true,2023-08-03,2025-10-14
C01365,hiro.pham7065@hotmail.com,Hiro Pham,NSW,false,2021-12-06,2025-12-12
C01366,richard.wang8869@hotmail.com,Richard Wang,NSW,true,2021-10-05,2025-05-04
C01367,mark.rossi2053@icloud.com,Mark Rossi,ACT,true,2021-12-31,2023-04-13
C01368,lisa.thompson9694@bigpond.com,Lisa Thompson,NSW,true,2024-01-28,2025-12-30
C01369,michelle.rossi6628@yahoo.com.au,Michelle Rossi,VIC,true,2025-05-24,2026-05-09
C01370,melissa.stewart7671@yahoo.com.au,Melissa Stewart,NSW,true,2025-07-26,2026-05-27
C01371,andrew.harris472@yahoo.com.au,Andrew Harris,QLD,true,2022-09-11,2023-07-08
C01372,samantha.stewart7626@bigpond.com,Samantha Stewart,VIC,true,2026-05-30,2026-05-30
C01373,olivia.tran9251@outlook.com,Olivia Tran,TAS,false,2023-03-13,2025-03-19
C01374,richard.baker8694@hotmail.com,Richard Baker,VIC,true,2024-03-23,2024-06-15
C01375,raj.robinson1806@outlook.com,Raj Robinson,NSW,false,2022-08-13,2026-04-30
C01376,lisa.khan375@hotmail.com,Lisa Khan,TAS,true,2021-09-08,2022-07-20
C01377,joshua.robinson854@yahoo.com.au,Joshua Robinson,VIC,true,2024-12-31,2025-07-16
C01378,anthony.johnson1333@bigpond.com,Anthony Johnson,VIC,true,2024-02-13,2025-11-25
C01379,kevin.wang6361@bigpond.com,Kevin Wang,SA,true,2022-01-13,2025-07-04
C01380,michael.green6353@bigpond.com,Michael Green,WA,true,2025-12-28,2026-02-15
C01381,steven.pham1777@gmail.com,Steven Pham,WA,true,2025-09-08,2025-11-05
C01382,fatima.sato6454@hotmail.com,Fatima Sato,NSW,true,2022-03-26,2023-06-23
C01383,andrew.thompson4023@bigpond.com,Andrew Thompson,QLD,true,2022-12-30,2023-09-19
C01384,hiro.rossi7619@yahoo.com.au,Hiro Rossi,NSW,true,2026-04-14,2026-06-14
C01385,yuki.hall9705@outlook.com,Yuki Hall,VIC,true,2023-07-08,2023-09-28
C01386,jennifer.martin5856@icloud.com,Jennifer Martin,VIC,true,2025-01-04,2026-05-02
C01387,emma.robinson591@yahoo.com.au,Emma Robinson,NSW,true,2024-08-15,2025-05-30
C01388,giulia.mitchell170@hotmail.com,Giulia Mitchell,SA,true,2025-01-09,2025-06-02
C01389,kevin.martin2548@icloud.com,Kevin Martin,NSW,true,2022-06-09,2023-09-27
C01390,susan.campbell5079@hotmail.com,Susan Campbell,ACT,true,2024-05-19,2025-06-21
C01391,sarah.williams2841@gmail.com,Sarah Williams,QLD,false,2024-10-17,2025-07-22
C01392,marco.anderson7719@icloud.com,Marco Anderson,VIC,true,2025-10-29,2026-02-28
C01393,jessica.costa2436@yahoo.com.au,Jessica Costa,TAS,true,2022-12-04,2026-04-13
C01394,david.turner9074@hotmail.com,David Turner,VIC,true,2025-12-28,2026-01-16
C01395,wei.baker5205@yahoo.com.au,Wei Baker,NSW,true,2023-03-17,2024-07-26
C01396,mark.ali8088@hotmail.com,Mark Ali,TAS,true,2022-03-31,2022-05-26
C01397,james.anderson3984@icloud.com,James Anderson,ACT,true,2021-10-06,2023-04-08
C01398,linda.chen2339@icloud.com,Linda Chen,ACT,true,2022-03-02,2026-06-30
C01399,lisa.hall6326@outlook.com,Lisa Hall,NSW,true,2024-02-10,2024-10-05
C01400,steven.tanaka5619@outlook.com,Steven Tanaka,VIC,true,2025-07-26,2026-06-18
C01401,fatima.ryan3703@outlook.com,Fatima Ryan,NSW,true,2023-08-17,2024-03-03
C01402,susan.wright9121@icloud.com,Susan Wright,VIC,true,2022-08-22,2025-04-23
C01403,melissa.ryan3934@hotmail.com,Melissa Ryan,ACT,true,2025-11-19,2026-06-06
C01404,mark.brown1316@icloud.com,Mark Brown,TAS,true,2025-03-06,2026-01-05
C01405,olivia.smith6230@bigpond.com,Olivia Smith,VIC,true,2024-10-02,2025-02-10
C01406,fatima.obrien7292@outlook.com,Fatima OBrien,NSW,true,2021-09-14,2021-10-21
C01407,ashley.white1197@icloud.com,Ashley White,VIC,false,2024-09-11,2025-02-03
C01408,raj.taylor414@gmail.com,Raj Taylor,VIC,true,2024-09-19,2025-04-16
C01409,william.chen8972@bigpond.com,William Chen,VIC,true,2022-06-16,2025-12-15
C01410,jennifer.wright5072@outlook.com,Jennifer Wright,VIC,true,2024-11-17,2025-11-23
C01411,giulia.jones9686@outlook.com,Giulia Jones,VIC,true,2024-09-21,2024-10-08
C01412,margaret.khan5740@hotmail.com,Margaret Khan,VIC,true,2022-04-17,2025-11-03
C01413,christine.johnson1654@outlook.com,Christine Johnson,VIC,true,2024-09-17,2024-12-08
C01414,richard.campbell8280@outlook.com,Richard Campbell,NSW,true,2023-06-23,2024-03-22
C01415,fatima.king9155@gmail.com,Fatima King,VIC,true,2025-08-03,2025-12-20
C01416,karen.edwards2975@icloud.com,Karen Edwards,NSW,true,2025-05-18,2025-12-30
C01417,mary.taylor8895@yahoo.com.au,Mary Taylor,VIC,true,2022-02-27,2023-05-07
C01418,michelle.white3755@bigpond.com,Michelle White,NSW,true,2023-01-27,2025-03-22
C01419,rebecca.khan5198@outlook.com,Rebecca Khan,NSW,true,2025-10-14,2025-10-16
C01420,rebecca.lee5145@hotmail.com,Rebecca Lee,VIC,true,2021-11-14,2022-02-25
C01421,hiro.liu7844@yahoo.com.au,Hiro Liu,SA,true,2024-10-17,2024-11-29
C01422,deborah.tanaka6164@yahoo.com.au,Deborah Tanaka,QLD,true,2025-03-18,2025-06-19
C01423,helen.walker7699@icloud.com,Helen Walker,NSW,true,2023-09-05,2024-12-04
C01424,raj.wright4023@bigpond.com,Raj Wright,VIC,false,2022-10-02,2024-12-31
C01425,catherine.jones5145@yahoo.com.au,Catherine Jones,TAS,true,2023-01-03,2025-11-22
C01426,giulia.zhang3516@icloud.com,Giulia Zhang,ACT,true,2022-05-28,2022-08-30
C01427,david.nguyen9831@bigpond.com,David Nguyen,NSW,true,2022-04-04,2025-03-24
C01428,joseph.martin7887@outlook.com,Joseph Martin,ACT,true,2023-06-05,2024-12-12
C01429,matthew.khan167@icloud.com,Matthew Khan,VIC,true,2026-02-07,2026-05-05
C01430,nancy.taylor4555@gmail.com,Nancy Taylor,VIC,true,2022-11-11,2025-03-01
C01431,jessica.tanaka5541@hotmail.com,Jessica Tanaka,VIC,true,2023-02-19,2023-06-01
C01432,michael.scott8717@icloud.com,Michael Scott,NSW,true,2022-03-30,2022-09-22
C01433,william.green9961@outlook.com,William Green,VIC,true,2023-08-19,2024-10-14
C01434,elizabeth.evans5724@gmail.com,Elizabeth Evans,TAS,true,2026-04-30,2026-05-19
C01435,joshua.singh2115@hotmail.com,Joshua Singh,WA,true,2022-08-12,2025-09-27
C01436,hiro.scott7008@outlook.com,Hiro Scott,NSW,true,2025-10-13,2026-02-09
C01437,fatima.robinson7711@hotmail.com,Fatima Robinson,NSW,true,2025-05-19,2026-03-19
C01438,nancy.anderson6322@yahoo.com.au,Nancy Anderson,VIC,true,2025-11-19,2026-05-31
C01439,kevin.ryan2411@outlook.com,Kevin Ryan,VIC,false,2024-03-19,2025-01-08
C01440,katherine.mitchell5136@outlook.com,Katherine Mitchell,VIC,true,2022-12-16,2023-12-24
C01441,kevin.obrien9758@icloud.com,Kevin OBrien,VIC,true,2025-12-29,2026-02-19
C01442,richard.white5583@gmail.com,Richard White,QLD,true,2025-04-15,2026-03-21
C01443,andrew.brown8779@yahoo.com.au,Andrew Brown,SA,true,2025-04-13,2025-09-13
C01444,james.hall4388@hotmail.com,James Hall,VIC,true,2025-06-12,2026-06-13
C01445,susan.chen7797@icloud.com,Susan Chen,NSW,true,2025-09-16,2026-06-01
C01446,sandra.turner717@gmail.com,Sandra Turner,NSW,true,2026-05-03,2026-06-27
C01447,david.walker5283@outlook.com,David Walker,NSW,true,2025-07-01,2026-05-06
C01448,stephanie.anderson1539@outlook.com,Stephanie Anderson,VIC,true,2024-11-15,2025-09-09
C01449,james.scott4036@hotmail.com,James Scott,VIC,true,2024-04-26,2025-04-12
C01450,sarah.martin1226@bigpond.com,Sarah Martin,VIC,true,2023-08-05,2026-05-03
C01451,priya.obrien9773@icloud.com,Priya OBrien,VIC,true,2021-09-29,2022-08-04
C01452,olivia.stewart9876@gmail.com,Olivia Stewart,VIC,true,2022-05-29,2022-07-03
C01453,olivia.wang2627@bigpond.com,Olivia Wang,NSW,true,2024-07-01,2025-12-10
C01454,deborah.evans4941@outlook.com,Deborah Evans,NSW,true,2025-11-25,2025-11-25
C01455,margaret.jones9499@icloud.com,Margaret Jones,VIC,true,2025-04-27,2026-02-07
C01456,helen.khan1883@hotmail.com,Helen Khan,QLD,true,2023-11-07,2024-04-09
C01457,brian.hall6004@hotmail.com,Brian Hall,VIC,true,2022-12-23,2026-06-03
C01458,jennifer.king8201@icloud.com,Jennifer King,NSW,true,2023-09-21,2024-03-23
C01459,laura.adams4214@icloud.com,Laura Adams,TAS,true,2026-01-18,2026-04-16
C01460,marco.taylor4101@bigpond.com,Marco Taylor,VIC,true,2025-07-31,2025-08-07
C01461,jennifer.stewart9010@gmail.com,Jennifer Stewart,SA,true,2026-04-23,2026-06-11
C01462,raj.wilson8393@icloud.com,Raj Wilson,VIC,true,2025-04-07,2025-07-01
C01463,matthew.evans3189@hotmail.com,Matthew Evans,NSW,true,2023-06-16,2026-03-29
C01464,elizabeth.wilson1837@bigpond.com,Elizabeth Wilson,TAS,true,2025-09-23,2026-02-12
C01465,mark.nguyen4296@bigpond.com,Mark Nguyen,NSW,true,2023-04-03,2026-03-03
C01466,matthew.baker7283@bigpond.com,Matthew Baker,VIC,true,2021-07-18,2026-06-02
C01467,raj.white766@outlook.com,Raj White,QLD,true,2026-04-15,2026-06-08
C01468,richard.tanaka4799@bigpond.com,Richard Tanaka,VIC,false,2025-09-04,2025-10-27
C01469,michelle.jones7249@yahoo.com.au,Michelle Jones,VIC,true,2024-01-16,2025-03-06
C01470,charles.green414@bigpond.com,Charles Green,VIC,false,2025-11-22,2026-03-05
C01471,emma.scott5885@outlook.com,Emma Scott,NSW,true,2024-05-08,2025-11-16
C01472,wei.campbell4315@hotmail.com,Wei Campbell,WA,true,2024-03-15,2026-04-29
C01473,michael.tran7081@gmail.com,Michael Tran,QLD,true,2023-07-30,2023-08-22
C01474,william.hall7474@yahoo.com.au,William Hall,VIC,true,2023-04-21,2023-11-24
C01475,stephanie.chen6428@yahoo.com.au,Stephanie Chen,QLD,true,2025-12-14,2025-12-24
C01476,sandra.thompson7686@icloud.com,Sandra Thompson,QLD,true,2022-08-15,2025-09-13
C01477,brian.white1035@outlook.com,Brian White,VIC,false,2024-02-25,2024-11-26
C01478,anthony.ali7778@icloud.com,Anthony Ali,TAS,true,2021-12-30,2022-11-23
C01479,linda.king7809@hotmail.com,Linda King,VIC,true,2023-12-09,2025-09-23
C01480,anthony.chen6006@gmail.com,Anthony Chen,QLD,true,2025-08-10,2025-08-15
C01481,emma.nguyen837@icloud.com,Emma Nguyen,NSW,true,2024-03-19,2025-04-12
C01482,ashley.chen1401@outlook.com,Ashley Chen,NSW,true,2024-11-02,2026-03-14
C01483,catherine.kelly3668@gmail.com,Catherine Kelly,ACT,true,2024-10-15,2026-05-21
C01484,daniel.sato5039@gmail.com,Daniel Sato,QLD,true,2025-04-03,2026-04-30
C01485,thomas.walker1766@outlook.com,Thomas Walker,QLD,true,2026-05-06,2026-05-18
C01486,emma.tanaka6746@hotmail.com,Emma Tanaka,VIC,true,2024-08-25,2025-07-30
C01487,timothy.wright6201@hotmail.com,Timothy Wright,VIC,true,2026-05-17,2026-06-11
C01488,giulia.scott7975@icloud.com,Giulia Scott,NSW,true,2025-11-06,2025-11-14
C01489,sarah.singh7238@bigpond.com,Sarah Singh,VIC,true,2026-02-10,2026-03-16
C01490,linda.campbell4795@gmail.com,Linda Campbell,TAS,true,2023-10-01,2025-01-24
C01491,amanda.sato4785@yahoo.com.au,Amanda Sato,NSW,true,2024-05-09,2025-07-07
C01492,charles.adams115@yahoo.com.au,Charles Adams,TAS,true,2026-04-24,2026-05-07
C01493,ahmed.baker4600@yahoo.com.au,Ahmed Baker,WA,true,2025-02-26,2026-04-29
C01494,ashley.stewart3744@bigpond.com,Ashley Stewart,VIC,true,2025-11-30,2026-06-27
C01495,stephanie.evans5655@bigpond.com,Stephanie Evans,VIC,true,2022-07-02,2026-04-21
C01496,brian.costa7815@bigpond.com,Brian Costa,VIC,true,2026-02-18,2026-05-19
C01497,giulia.rossi8827@gmail.com,Giulia Rossi,VIC,true,2025-01-28,2025-03-08
C01498,lisa.ali2881@outlook.com,Lisa Ali,VIC,true,2022-02-08,2023-12-03
C01499,robert.williams5196@gmail.com,Robert Williams,NSW,true,2021-10-29,2025-07-10
C01500,christine.liu7181@gmail.com,Christine Liu,NSW,false,2025-01-03,2025-07-22
C01501,brian.wang5678@outlook.com,Brian Wang,NSW,true,2024-04-07,2026-04-20
C01502,andrew.singh6407@gmail.com,Andrew Singh,QLD,true,2024-02-25,2025-03-25
C01503,margaret.khan4744@yahoo.com.au,Margaret Khan,QLD,true,2024-06-05,2025-04-25
C01504,marco.baker4187@yahoo.com.au,Marco Baker,SA,true,2022-01-22,2022-12-08
C01505,david.wright4945@gmail.com,David Wright,ACT,true,2021-09-01,2024-02-08
C01506,lisa.singh5745@icloud.com,Lisa Singh,VIC,true,2023-08-28,2023-09-24
C01507,emily.chen8059@yahoo.com.au,Emily Chen,VIC,true,2021-09-18,2024-02-15
C01508,katherine.kumar5437@yahoo.com.au,Katherine Kumar,VIC,true,2023-04-23,2025-04-06
C01509,lisa.wilson714@yahoo.com.au,Lisa Wilson,QLD,true,2025-11-25,2026-06-14
C01510,michelle.ryan5193@gmail.com,Michelle Ryan,QLD,true,2025-03-24,2026-01-20
C01511,timothy.stewart1148@gmail.com,Timothy Stewart,VIC,true,2022-08-27,2026-01-01
C01512,marco.robinson7980@outlook.com,Marco Robinson,NSW,true,2024-03-30,2024-04-13
C01513,katherine.sato3222@bigpond.com,Katherine Sato,WA,true,2021-10-05,2022-02-01
C01514,rebecca.thompson3821@hotmail.com,Rebecca Thompson,NSW,true,2024-12-28,2025-08-21
C01515,emma.walker6141@bigpond.com,Emma Walker,TAS,true,2023-02-07,2023-12-06
C01516,linda.green2253@icloud.com,Linda Green,QLD,true,2023-07-24,2023-09-28
C01517,patricia.ali9537@bigpond.com,Patricia Ali,SA,true,2024-08-26,2024-12-09
C01518,timothy.taylor1589@outlook.com,Timothy Taylor,ACT,true,2024-01-02,2024-09-05
C01519,samantha.smith7694@hotmail.com,Samantha Smith,TAS,true,2022-12-09,2023-05-20
C01520,michael.khan2983@yahoo.com.au,Michael Khan,VIC,true,2024-02-29,2026-04-13
C01521,elizabeth.campbell4668@yahoo.com.au,Elizabeth Campbell,NSW,true,2026-01-21,2026-06-19
C01522,william.bell7458@hotmail.com,William Bell,NSW,true,2025-01-09,2025-06-11
C01523,emma.thompson1142@gmail.com,Emma Thompson,SA,true,2024-12-02,2025-03-31
C01524,steven.wang6289@gmail.com,Steven Wang,VIC,true,2026-05-19,2026-06-13
C01525,samantha.stewart1221@icloud.com,Samantha Stewart,VIC,true,2026-05-17,2026-06-12
C01526,anthony.walker508@bigpond.com,Anthony Walker,NSW,true,2023-09-18,2025-08-01
C01527,andrew.pham5840@icloud.com,Andrew Pham,NSW,true,2023-08-31,2024-05-02
C01528,deborah.liu2912@bigpond.com,Deborah Liu,SA,true,2025-12-17,2026-06-08
C01529,william.taylor7424@gmail.com,William Taylor,ACT,true,2021-10-30,2023-09-30
C01530,ahmed.evans4733@hotmail.com,Ahmed Evans,NSW,true,2021-11-08,2022-12-04
C01531,sandra.jones5392@outlook.com,Sandra Jones,VIC,true,2026-01-06,2026-01-14
C01532,ming.ryan3831@bigpond.com,Ming Ryan,WA,true,2023-01-05,2025-11-25
C01533,jessica.lee4957@icloud.com,Jessica Lee,QLD,true,2023-07-26,2024-12-21
C01534,deborah.costa6148@bigpond.com,Deborah Costa,NSW,true,2023-08-27,2025-12-19
C01535,kevin.hall6545@hotmail.com,Kevin Hall,VIC,true,2026-04-22,2026-05-31
C01536,linda.khan3123@bigpond.com,Linda Khan,SA,true,2023-06-25,2023-08-17
C01537,emma.scott870@icloud.com,Emma Scott,VIC,true,2026-04-28,2026-05-30
C01538,matthew.thompson8837@outlook.com,Matthew Thompson,ACT,true,2023-06-11,2026-04-12
C01539,nancy.lee6131@icloud.com,Nancy Lee,SA,true,2021-12-16,2025-08-28
C01540,brian.obrien4191@gmail.com,Brian OBrien,VIC,true,2022-01-28,2025-05-30
C01541,mary.mitchell8529@bigpond.com,Mary Mitchell,NSW,true,2024-09-03,2024-09-07
C01542,jessica.sato8155@bigpond.com,Jessica Sato,WA,true,2024-07-08,2025-03-12
C01543,william.campbell2673@hotmail.com,William Campbell,NSW,true,2023-06-05,2026-05-05
C01544,joshua.edwards412@hotmail.com,Joshua Edwards,NSW,true,2022-09-08,2023-03-17
C01545,olivia.murphy2976@hotmail.com,Olivia Murphy,VIC,true,2023-11-20,2024-02-07
C01546,melissa.bell6337@yahoo.com.au,Melissa Bell,SA,true,2022-06-05,2025-10-29
C01547,karen.pham6783@yahoo.com.au,Karen Pham,QLD,true,2025-03-14,2025-06-09
C01548,emma.campbell5143@outlook.com,Emma Campbell,VIC,true,2023-01-15,2023-10-20
C01549,marco.walker2552@yahoo.com.au,Marco Walker,VIC,true,2023-09-11,2024-11-21
C01550,matthew.king6563@outlook.com,Matthew King,TAS,true,2026-01-18,2026-06-12
C01551,jessica.chen7393@outlook.com,Jessica Chen,VIC,true,2023-01-08,2025-10-24
C01552,linda.anderson3709@bigpond.com,Linda Anderson,VIC,true,2022-02-28,2024-07-19
C01553,richard.ryan7827@icloud.com,Richard Ryan,VIC,true,2022-11-22,2022-12-07
C01554,amanda.adams7508@gmail.com,Amanda Adams,QLD,true,2021-12-20,2024-03-06
C01555,hiro.white7335@hotmail.com,Hiro White,NSW,true,2023-03-11,2025-02-04
C01556,emma.smith8699@gmail.com,Emma Smith,SA,true,2022-09-06,2024-10-26
C01557,lisa.wright9499@hotmail.com,Lisa Wright,VIC,true,2022-03-07,2022-09-04
C01558,marco.edwards2303@icloud.com,Marco Edwards,VIC,true,2026-04-23,2026-05-19
C01559,christine.thompson1119@yahoo.com.au,Christine Thompson,VIC,true,2026-04-24,2026-05-31
C01560,joseph.wright9498@gmail.com,Joseph Wright,VIC,true,2024-04-12,2026-04-12
C01561,katherine.turner325@yahoo.com.au,Katherine Turner,NSW,true,2023-08-21,2026-01-01
C01562,fatima.jones4926@outlook.com,Fatima Jones,VIC,true,2026-01-10,2026-02-11
C01563,catherine.kumar3135@gmail.com,Catherine Kumar,WA,true,2024-01-21,2025-05-07
C01564,ashley.edwards5844@hotmail.com,Ashley Edwards,VIC,true,2023-06-11,2025-02-15
C01565,michael.walker9979@outlook.com,Michael Walker,QLD,false,2021-12-30,2025-08-01
C01566,steven.baker8975@yahoo.com.au,Steven Baker,VIC,true,2024-07-13,2025-01-09
C01567,hiro.edwards1479@bigpond.com,Hiro Edwards,VIC,true,2023-02-01,2024-10-24
C01568,nancy.williams6388@outlook.com,Nancy Williams,VIC,true,2025-03-13,2026-05-06
C01569,rachel.jones818@hotmail.com,Rachel Jones,VIC,true,2025-11-15,2025-12-28
C01570,laura.chen1702@icloud.com,Laura Chen,VIC,true,2022-09-17,2025-03-23
C01571,nancy.kumar3650@bigpond.com,Nancy Kumar,VIC,false,2025-12-04,2026-01-17
C01572,rachel.nguyen6628@yahoo.com.au,Rachel Nguyen,QLD,true,2024-11-23,2026-04-23
C01573,samantha.nguyen801@outlook.com,Samantha Nguyen,NSW,true,2022-05-18,2023-10-27
C01574,william.scott4547@yahoo.com.au,William Scott,TAS,true,2026-05-07,2026-05-11
C01575,william.ali4467@bigpond.com,William Ali,NSW,true,2023-07-06,2025-03-18
C01576,helen.kelly1128@outlook.com,Helen Kelly,NSW,true,2023-10-30,2026-01-24
C01577,ahmed.mitchell1874@bigpond.com,Ahmed Mitchell,QLD,true,2022-04-24,2023-04-29
C01578,hiro.turner524@yahoo.com.au,Hiro Turner,NSW,false,2023-07-02,2024-10-09
C01579,mark.clarke7667@outlook.com,Mark Clarke,NSW,true,2025-07-10,2025-07-28
C01580,elizabeth.jones1602@yahoo.com.au,Elizabeth Jones,QLD,true,2025-12-18,2026-01-10
C01581,wei.robinson5196@hotmail.com,Wei Robinson,WA,false,2025-06-16,2026-05-04
C01582,jennifer.evans3386@bigpond.com,Jennifer Evans,SA,true,2026-05-05,2026-05-10
C01583,ashley.anderson8304@gmail.com,Ashley Anderson,TAS,false,2024-03-30,2024-10-02
C01584,jessica.pham6096@outlook.com,Jessica Pham,ACT,true,2026-01-26,2026-06-30
C01585,deborah.anderson1861@gmail.com,Deborah Anderson,VIC,true,2021-09-02,2023-03-03
C01586,kevin.khan8326@outlook.com,Kevin Khan,NSW,true,2021-08-17,2024-02-07
C01587,christine.sato6656@hotmail.com,Christine Sato,NSW,true,2025-12-05,2026-06-13
C01588,sandra.hall9115@hotmail.com,Sandra Hall,WA,true,2021-12-25,2024-01-11
C01589,michael.khan402@yahoo.com.au,Michael Khan,ACT,true,2022-11-19,2025-12-29
C01590,joseph.collins6248@outlook.com,Joseph Collins,SA,true,2025-08-07,2026-06-11
C01591,marco.pham5862@hotmail.com,Marco Pham,NSW,true,2022-03-13,2023-03-25
C01592,rebecca.smith403@icloud.com,Rebecca Smith,VIC,true,2026-06-04,2026-06-23
C01593,ming.williams9692@icloud.com,Ming Williams,NSW,true,2023-10-02,2024-04-24
C01594,amanda.green6595@bigpond.com,Amanda Green,VIC,false,2026-01-11,2026-05-13
C01595,brian.nguyen8825@hotmail.com,Brian Nguyen,QLD,true,2024-01-11,2025-03-20
C01596,priya.kelly9855@bigpond.com,Priya Kelly,SA,true,2025-06-07,2025-12-31
C01597,susan.pham9446@icloud.com,Susan Pham,VIC,true,2022-01-29,2025-10-28
C01598,giulia.evans1216@icloud.com,Giulia Evans,WA,true,2022-11-27,2026-01-04
C01599,robert.taylor8571@hotmail.com,Robert Taylor,QLD,true,2022-12-09,2025-01-13
C01600,charles.johnson8872@outlook.com,Charles Johnson,VIC,true,2024-05-31,2024-06-22
C01601,michelle.robinson5858@gmail.com,Michelle Robinson,VIC,true,2023-01-30,2023-10-21
C01602,ahmed.edwards9877@bigpond.com,Ahmed Edwards,VIC,true,2022-07-04,2025-06-28
C01603,kevin.johnson898@outlook.com,Kevin Johnson,SA,true,2022-02-07,2022-10-21
C01604,ming.harris3383@gmail.com,Ming Harris,VIC,true,2025-11-18,2026-06-29
C01605,timothy.singh4609@gmail.com,Timothy Singh,VIC,true,2022-09-01,2023-07-04
C01606,rachel.costa612@yahoo.com.au,Rachel Costa,VIC,true,2024-05-27,2025-10-26
C01607,stephanie.jones4818@outlook.com,Stephanie Jones,VIC,false,2022-05-10,2024-02-04
C01608,richard.robinson7745@yahoo.com.au,Richard Robinson,VIC,true,2024-03-08,2024-08-07
C01609,charles.collins7358@icloud.com,Charles Collins,TAS,true,2026-01-17,2026-05-31
C01610,richard.brown5408@icloud.com,Richard Brown,ACT,true,2022-05-09,2022-12-09
C01611,thomas.baker1229@gmail.com,Thomas Baker,VIC,true,2022-09-20,2023-10-27
C01612,michael.green7597@hotmail.com,Michael Green,NSW,true,2023-07-27,2025-09-28
C01613,ahmed.scott5344@outlook.com,Ahmed Scott,NSW,true,2023-05-14,2026-05-07
C01614,giulia.walker2816@icloud.com,Giulia Walker,VIC,true,2025-05-20,2025-12-29
C01615,kevin.taylor4283@outlook.com,Kevin Taylor,QLD,true,2026-03-30,2026-06-27
C01616,linda.zhang6003@icloud.com,Linda Zhang,NSW,true,2021-09-13,2022-07-09
C01617,charles.obrien8549@gmail.com,Charles OBrien,NSW,true,2021-09-01,2021-12-13
C01618,fatima.mitchell1724@icloud.com,Fatima Mitchell,VIC,true,2022-09-24,2024-08-16
C01619,james.murphy1530@yahoo.com.au,James Murphy,QLD,true,2026-04-22,2026-07-02
C01620,thomas.taylor3944@gmail.com,Thomas Taylor,VIC,true,2022-02-03,2022-04-27
C01621,margaret.turner2943@icloud.com,Margaret Turner,ACT,true,2023-11-23,2025-07-14
C01622,david.martin1247@gmail.com,David Martin,VIC,true,2026-02-15,2026-05-18
C01623,joshua.kelly8642@bigpond.com,Joshua Kelly,VIC,false,2024-05-28,2024-06-05
C01624,catherine.taylor3112@gmail.com,Catherine Taylor,TAS,true,2023-02-03,2026-01-29
C01625,richard.khan9749@yahoo.com.au,Richard Khan,ACT,true,2022-05-25,2024-02-03
C01626,matthew.lee4005@bigpond.com,Matthew Lee,VIC,true,2021-12-11,2025-01-30
C01627,robert.thompson6459@outlook.com,Robert Thompson,VIC,true,2021-11-18,2025-09-10
C01628,katherine.tanaka8915@icloud.com,Katherine Tanaka,VIC,false,2026-02-18,2026-05-14
C01629,emily.kumar878@bigpond.com,Emily Kumar,VIC,true,2021-12-23,2025-02-25
C01630,mark.tran9279@outlook.com,Mark Tran,NSW,true,2026-06-12,2026-06-27
C01631,michael.white7306@icloud.com,Michael White,TAS,true,2021-08-01,2026-02-27
C01632,joseph.ali4155@hotmail.com,Joseph Ali,VIC,true,2024-06-21,2025-02-26
C01633,raj.evans6148@gmail.com,Raj Evans,QLD,true,2023-04-19,2026-04-20
C01634,rachel.collins1524@icloud.com,Rachel Collins,QLD,true,2022-08-11,2022-10-07
C01635,thomas.baker2313@icloud.com,Thomas Baker,NSW,true,2023-06-10,2023-08-23
C01636,christine.wright6939@gmail.com,Christine Wright,VIC,true,2021-10-16,2023-01-29
C01637,joshua.collins4748@gmail.com,Joshua Collins,VIC,true,2022-09-20,2025-06-20
C01638,linda.stewart4278@yahoo.com.au,Linda Stewart,VIC,true,2025-09-24,2026-03-30
C01639,stephanie.martin9424@icloud.com,Stephanie Martin,NSW,true,2021-09-16,2021-11-18
C01640,jessica.sato4087@gmail.com,Jessica Sato,VIC,true,2026-04-20,2026-06-09
C01641,patricia.stewart3629@hotmail.com,Patricia Stewart,VIC,true,2025-01-08,2025-06-14
C01642,joseph.zhang4001@bigpond.com,Joseph Zhang,WA,true,2024-07-26,2024-11-23
C01643,charles.ryan9632@icloud.com,Charles Ryan,VIC,true,2026-06-20,2026-06-23
C01644,olivia.harris1092@gmail.com,Olivia Harris,VIC,true,2022-12-24,2023-10-20
C01645,laura.nguyen7135@icloud.com,Laura Nguyen,WA,true,2024-07-12,2025-12-30
C01646,linda.tanaka3656@bigpond.com,Linda Tanaka,VIC,true,2025-02-18,2025-02-22
C01647,william.brown5387@hotmail.com,William Brown,VIC,true,2025-05-02,2025-12-20
C01648,sandra.edwards7750@bigpond.com,Sandra Edwards,VIC,true,2026-05-11,2026-07-03
C01649,helen.walker8922@icloud.com,Helen Walker,NSW,true,2023-01-10,2023-01-13
C01650,rebecca.taylor5539@icloud.com,Rebecca Taylor,NSW,true,2021-09-06,2022-12-07
C01651,jennifer.tran5334@outlook.com,Jennifer Tran,NSW,true,2024-11-24,2026-03-15
C01652,joseph.evans5986@icloud.com,Joseph Evans,QLD,true,2025-04-15,2025-08-13
C01653,brian.evans8549@hotmail.com,Brian Evans,VIC,true,2026-01-09,2026-01-30
C01654,emily.wright7935@hotmail.com,Emily Wright,WA,true,2024-03-21,2026-04-19
C01655,sarah.nguyen9590@bigpond.com,Sarah Nguyen,VIC,true,2024-04-17,2025-10-02
C01656,elizabeth.evans4187@yahoo.com.au,Elizabeth Evans,VIC,true,2025-01-09,2025-08-04
C01657,sandra.chen2810@gmail.com,Sandra Chen,NSW,true,2022-07-24,2023-09-21
C01658,yuki.pham3690@gmail.com,Yuki Pham,VIC,true,2025-09-25,2025-12-31
C01659,steven.mitchell2569@gmail.com,Steven Mitchell,VIC,true,2026-02-16,2026-06-22
C01660,patricia.wang9208@hotmail.com,Patricia Wang,VIC,true,2022-03-13,2023-10-30
C01661,helen.singh8943@icloud.com,Helen Singh,NSW,true,2021-09-28,2024-03-06
C01662,catherine.thompson4862@yahoo.com.au,Catherine Thompson,NSW,false,2023-08-20,2025-10-10
C01663,michelle.taylor1905@hotmail.com,Michelle Taylor,NSW,true,2023-11-20,2024-09-20
C01664,emma.obrien9004@gmail.com,Emma OBrien,VIC,true,2021-07-11,2025-05-11
C01665,andrew.wilson9560@outlook.com,Andrew Wilson,QLD,true,2024-08-10,2025-04-04
C01666,andrew.williams5081@outlook.com,Andrew Williams,QLD,true,2023-09-14,2025-02-28
C01667,nancy.singh9067@gmail.com,Nancy Singh,VIC,true,2024-08-15,2024-08-17
C01668,michelle.taylor1682@outlook.com,Michelle Taylor,QLD,true,2025-06-19,2025-06-21
C01669,charles.hall243@yahoo.com.au,Charles Hall,SA,true,2026-03-02,2026-05-18
C01670,joshua.bell9756@hotmail.com,Joshua Bell,VIC,true,2025-09-03,2025-12-01
C01671,joshua.nguyen3749@outlook.com,Joshua Nguyen,NSW,false,2026-04-01,2026-04-13
C01672,andrew.wright7680@yahoo.com.au,Andrew Wright,NSW,true,2023-12-07,2023-12-16
C01673,emily.wright7161@bigpond.com,Emily Wright,NSW,true,2025-01-01,2026-02-18
C01674,laura.kumar3777@gmail.com,Laura Kumar,QLD,true,2025-08-16,2025-12-11
C01675,andrew.wright9452@icloud.com,Andrew Wright,ACT,true,2022-07-04,2026-01-30
C01676,brian.singh2890@hotmail.com,Brian Singh,WA,true,2021-12-03,2023-06-06
C01677,joshua.scott6922@icloud.com,Joshua Scott,VIC,true,2024-04-08,2025-05-19
C01678,thomas.jones3509@outlook.com,Thomas Jones,QLD,false,2026-01-01,2026-04-30
C01679,olivia.baker2858@gmail.com,Olivia Baker,VIC,true,2024-07-12,2025-03-17
C01680,steven.scott5217@outlook.com,Steven Scott,VIC,true,2024-04-07,2024-08-11
C01681,thomas.jones3567@bigpond.com,Thomas Jones,NSW,true,2025-03-17,2025-03-25
C01682,laura.ali9999@hotmail.com,Laura Ali,VIC,true,2023-10-25,2025-01-25
C01683,helen.costa1937@hotmail.com,Helen Costa,VIC,true,2022-12-22,2025-03-31
C01684,jessica.walker1556@icloud.com,Jessica Walker,VIC,true,2021-12-08,2025-07-29
C01685,richard.martin9928@outlook.com,Richard Martin,WA,true,2021-10-07,2025-07-19
C01686,george.kelly2754@bigpond.com,George Kelly,VIC,true,2022-04-06,2025-06-26
C01687,amanda.walker754@yahoo.com.au,Amanda Walker,VIC,false,2022-09-25,2024-12-27
C01688,patricia.kumar3715@yahoo.com.au,Patricia Kumar,WA,true,2022-10-14,2023-01-30
C01689,mary.ali8595@icloud.com,Mary Ali,VIC,true,2026-01-15,2026-02-22
C01690,anthony.collins982@hotmail.com,Anthony Collins,VIC,false,2023-07-30,2025-10-26
C01691,george.harris3147@outlook.com,George Harris,VIC,true,2025-04-01,2025-08-13
C01692,deborah.collins2800@gmail.com,Deborah Collins,VIC,true,2023-04-30,2024-08-07
C01693,kevin.adams2601@hotmail.com,Kevin Adams,VIC,true,2023-01-12,2023-11-17
C01694,david.mitchell5351@yahoo.com.au,David Mitchell,VIC,true,2025-02-02,2025-08-08
C01695,steven.bell8693@gmail.com,Steven Bell,VIC,true,2025-08-06,2025-09-26
C01696,timothy.taylor1077@yahoo.com.au,Timothy Taylor,QLD,true,2022-07-18,2023-05-10
C01697,robert.wright2514@icloud.com,Robert Wright,QLD,true,2025-12-12,2026-06-14
C01698,olivia.white7157@icloud.com,Olivia White,QLD,true,2026-02-19,2026-03-28
C01699,olivia.sato32@yahoo.com.au,Olivia Sato,VIC,true,2022-04-20,2023-01-25
C01700,joshua.rossi8452@outlook.com,Joshua Rossi,QLD,true,2023-12-08,2025-04-14
C01701,rachel.kelly3375@outlook.com,Rachel Kelly,VIC,true,2026-04-29,2026-06-15
C01702,stephanie.johnson5408@icloud.com,Stephanie Johnson,VIC,true,2025-11-21,2025-12-08
C01703,rachel.murphy6878@gmail.com,Rachel Murphy,QLD,true,2022-02-10,2025-08-25
C01704,margaret.chen7789@outlook.com,Margaret Chen,VIC,true,2025-02-28,2025-03-03
C01705,ahmed.martin8714@gmail.com,Ahmed Martin,VIC,true,2022-09-02,2025-12-25
C01706,nancy.collins9289@icloud.com,Nancy Collins,ACT,true,2022-02-10,2022-06-12
C01707,william.murphy8080@hotmail.com,William Murphy,VIC,true,2024-10-05,2025-03-14
C01708,raj.walker7669@icloud.com,Raj Walker,TAS,true,2024-01-13,2026-06-14
C01709,rachel.king8165@bigpond.com,Rachel King,NSW,true,2025-11-27,2026-04-01
C01710,olivia.chen5983@gmail.com,Olivia Chen,VIC,true,2021-10-20,2025-01-02
C01711,amanda.nguyen517@gmail.com,Amanda Nguyen,VIC,true,2024-08-23,2026-02-15
C01712,olivia.williams2014@outlook.com,Olivia Williams,SA,true,2022-08-09,2026-02-14
C01713,james.campbell2688@bigpond.com,James Campbell,WA,true,2025-08-17,2025-09-27
C01714,ahmed.wang4432@bigpond.com,Ahmed Wang,NSW,true,2022-04-24,2025-05-26
C01715,charles.lee4004@gmail.com,Charles Lee,NSW,true,2024-10-14,2024-12-06
C01716,timothy.taylor1862@bigpond.com,Timothy Taylor,QLD,true,2025-06-28,2025-11-02
C01717,fatima.adams3840@bigpond.com,Fatima Adams,VIC,true,2022-10-29,2025-06-25
C01718,richard.liu6364@outlook.com,Richard Liu,VIC,true,2023-07-31,2024-07-04
C01719,mark.campbell6691@bigpond.com,Mark Campbell,VIC,true,2022-01-09,2022-12-28
C01720,hiro.stewart1153@hotmail.com,Hiro Stewart,SA,false,2025-02-07,2025-10-03
C01721,mark.ryan9379@yahoo.com.au,Mark Ryan,VIC,true,2022-12-07,2024-10-27
C01722,yuki.kelly9127@bigpond.com,Yuki Kelly,VIC,true,2024-01-15,2025-04-05
C01723,nancy.evans9357@icloud.com,Nancy Evans,TAS,true,2024-02-05,2025-01-22
C01724,sandra.kelly9079@hotmail.com,Sandra Kelly,VIC,true,2024-12-10,2026-05-30
C01725,steven.harris2825@yahoo.com.au,Steven Harris,NSW,false,2026-04-03,2026-05-14
C01726,timothy.hall8789@gmail.com,Timothy Hall,VIC,true,2021-11-10,2023-01-25
C01727,helen.harris2331@gmail.com,Helen Harris,NSW,true,2025-07-06,2025-08-11
C01728,mary.pham1521@hotmail.com,Mary Pham,NSW,true,2023-12-14,2024-04-13
C01729,deborah.smith5074@bigpond.com,Deborah Smith,VIC,true,2023-01-05,2026-05-05
C01730,george.bell4782@yahoo.com.au,George Bell,NSW,true,2024-08-23,2025-05-31
C01731,steven.stewart5285@hotmail.com,Steven Stewart,NSW,true,2024-09-21,2025-09-13
C01732,thomas.edwards4746@outlook.com,Thomas Edwards,WA,true,2021-11-08,2023-03-20
C01733,sandra.murphy4084@gmail.com,Sandra Murphy,TAS,false,2022-11-01,2024-11-13
C01734,karen.robinson1080@yahoo.com.au,Karen Robinson,VIC,false,2022-08-21,2026-04-09
C01735,lisa.bell6802@icloud.com,Lisa Bell,NSW,true,2025-04-08,2025-10-08
C01736,hiro.johnson243@bigpond.com,Hiro Johnson,NSW,true,2024-02-12,2025-03-31
C01737,jennifer.wilson6191@icloud.com,Jennifer Wilson,VIC,true,2025-07-15,2026-03-06
C01738,christine.ali4719@yahoo.com.au,Christine Ali,TAS,false,2025-02-05,2025-03-23
C01739,james.stewart8559@hotmail.com,James Stewart,QLD,true,2022-10-07,2024-09-17
C01740,richard.mitchell7644@yahoo.com.au,Richard Mitchell,NSW,false,2025-09-10,2026-06-14
C01741,ming.anderson2732@outlook.com,Ming Anderson,VIC,true,2022-08-13,2025-07-12
C01742,ming.khan2552@yahoo.com.au,Ming Khan,SA,true,2025-01-30,2025-09-23
C01743,hiro.wilson3646@bigpond.com,Hiro Wilson,QLD,true,2023-05-25,2026-01-10
C01744,samantha.kumar9489@outlook.com,Samantha Kumar,ACT,true,2023-11-19,2025-11-06
C01745,michael.obrien2812@hotmail.com,Michael OBrien,QLD,true,2026-03-24,2026-05-28
C01746,anthony.white5284@bigpond.com,Anthony White,NSW,true,2026-04-02,2026-04-16
C01747,michelle.ali1055@icloud.com,Michelle Ali,ACT,true,2021-12-26,2024-01-14
C01748,michelle.campbell7300@bigpond.com,Michelle Campbell,VIC,true,2026-05-14,2026-05-17
C01749,mary.green1135@yahoo.com.au,Mary Green,VIC,true,2023-05-13,2025-01-06
C01750,timothy.khan2645@hotmail.com,Timothy Khan,VIC,true,2025-11-25,2025-12-05
C01751,samantha.wilson1192@gmail.com,Samantha Wilson,VIC,true,2026-01-21,2026-05-01
C01752,mark.anderson2649@hotmail.com,Mark Anderson,VIC,true,2024-10-07,2026-04-11
C01753,sandra.nguyen7605@hotmail.com,Sandra Nguyen,TAS,false,2022-02-12,2026-03-10
C01754,jennifer.king6278@outlook.com,Jennifer King,VIC,true,2023-02-02,2025-11-20
C01755,sarah.wilson5873@bigpond.com,Sarah Wilson,VIC,true,2024-04-25,2024-05-12
C01756,catherine.zhang8124@icloud.com,Catherine Zhang,VIC,true,2025-10-05,2025-11-19
C01757,stephanie.anderson9256@bigpond.com,Stephanie Anderson,NSW,true,2025-05-06,2025-12-26
C01758,stephanie.lee4932@hotmail.com,Stephanie Lee,SA,true,2022-01-25,2024-11-20
C01759,robert.walker6820@yahoo.com.au,Robert Walker,NSW,true,2025-09-18,2026-01-28
C01760,rebecca.baker977@icloud.com,Rebecca Baker,TAS,true,2023-02-07,2026-02-20
C01761,daniel.adams6471@hotmail.com,Daniel Adams,VIC,true,2024-02-26,2025-09-30
C01762,jennifer.tran3782@outlook.com,Jennifer Tran,VIC,true,2025-12-30,2026-03-08
C01763,nancy.murphy8181@outlook.com,Nancy Murphy,ACT,true,2022-12-28,2023-05-06
C01764,jennifer.martin6274@outlook.com,Jennifer Martin,VIC,true,2025-08-20,2026-06-20
C01765,margaret.thompson917@hotmail.com,Margaret Thompson,ACT,true,2026-02-27,2026-03-22
C01766,wei.tanaka8480@outlook.com,Wei Tanaka,NSW,true,2026-05-07,2026-06-24
C01767,anthony.clarke6422@bigpond.com,Anthony Clarke,QLD,true,2024-09-06,2025-09-19
C01768,yuki.bell4708@gmail.com,Yuki Bell,VIC,true,2022-11-24,2025-05-18
C01769,thomas.robinson6589@yahoo.com.au,Thomas Robinson,SA,true,2021-09-25,2025-04-28
C01770,michael.jones2539@bigpond.com,Michael Jones,VIC,true,2025-09-27,2025-12-27
C01771,stephanie.campbell4682@outlook.com,Stephanie Campbell,VIC,true,2025-03-14,2026-03-04
C01772,priya.white9566@hotmail.com,Priya White,VIC,true,2025-06-07,2026-03-17
C01773,hiro.king6166@icloud.com,Hiro King,VIC,true,2024-01-28,2026-04-10
C01774,kevin.campbell6543@yahoo.com.au,Kevin Campbell,NSW,true,2023-05-11,2025-07-09
C01775,amanda.edwards9333@gmail.com,Amanda Edwards,VIC,true,2022-10-14,2024-03-09
C01776,linda.tran9439@outlook.com,Linda Tran,QLD,true,2024-07-24,2026-04-06
C01777,sarah.hall9385@icloud.com,Sarah Hall,WA,true,2025-01-30,2025-11-27
C01778,giulia.collins7658@outlook.com,Giulia Collins,VIC,true,2023-10-30,2024-09-23
C01779,raj.hall3343@hotmail.com,Raj Hall,TAS,true,2023-12-02,2026-01-30
C01780,andrew.nguyen6073@gmail.com,Andrew Nguyen,VIC,true,2023-03-10,2025-04-07
C01781,elizabeth.obrien9393@bigpond.com,Elizabeth OBrien,VIC,true,2022-05-20,2024-12-26
C01782,james.clarke7054@bigpond.com,James Clarke,QLD,true,2025-02-05,2025-05-27
C01783,jessica.thompson8454@icloud.com,Jessica Thompson,WA,true,2022-01-23,2022-06-08
C01784,sarah.williams2889@gmail.com,Sarah Williams,VIC,true,2026-02-14,2026-03-28
C01785,hiro.turner3921@gmail.com,Hiro Turner,VIC,true,2025-10-16,2025-11-26
C01786,amanda.pham5202@gmail.com,Amanda Pham,SA,true,2024-10-15,2025-08-26
C01787,michelle.robinson5744@bigpond.com,Michelle Robinson,VIC,true,2022-12-14,2025-05-23
C01788,michael.johnson4384@hotmail.com,Michael Johnson,VIC,true,2022-06-17,2023-05-30
C01789,elizabeth.rossi8859@icloud.com,Elizabeth Rossi,VIC,true,2025-06-29,2025-08-20
C01790,stephanie.costa837@hotmail.com,Stephanie Costa,SA,true,2023-12-29,2024-03-14
C01791,mark.murphy4394@icloud.com,Mark Murphy,VIC,true,2022-07-06,2024-07-26
C01792,lisa.sato1850@gmail.com,Lisa Sato,NSW,true,2021-07-15,2022-06-21
C01793,nancy.hall7266@hotmail.com,Nancy Hall,NSW,true,2024-09-08,2025-11-03
C01794,sandra.wilson513@gmail.com,Sandra Wilson,ACT,true,2021-10-15,2023-06-27
C01795,hiro.ryan5371@icloud.com,Hiro Ryan,TAS,true,2021-11-06,2024-02-06
C01796,michael.wright7481@hotmail.com,Michael Wright,VIC,true,2025-07-22,2025-11-12
C01797,deborah.ryan5631@gmail.com,Deborah Ryan,SA,true,2021-09-20,2022-07-24
C01798,jessica.wright7583@yahoo.com.au,Jessica Wright,VIC,true,2025-03-01,2025-07-23
C01799,nancy.khan5130@icloud.com,Nancy Khan,NSW,true,2023-06-27,2025-10-25
C01800,anthony.johnson6252@icloud.com,Anthony Johnson,VIC,true,2022-05-11,2023-01-28
C01801,amanda.lee7038@yahoo.com.au,Amanda Lee,NSW,true,2022-09-06,2022-10-06
C01802,priya.tanaka3341@gmail.com,Priya Tanaka,VIC,false,2022-10-25,2026-02-16
C01803,brian.kelly8976@bigpond.com,Brian Kelly,VIC,true,2022-08-23,2022-12-08
C01804,olivia.collins2820@outlook.com,Olivia Collins,VIC,true,2023-09-18,2026-04-24
C01805,hiro.tanaka1617@outlook.com,Hiro Tanaka,WA,true,2023-04-30,2024-06-21
C01806,fatima.costa3082@gmail.com,Fatima Costa,NSW,true,2025-04-12,2025-07-29
C01807,george.williams1853@hotmail.com,George Williams,ACT,false,2025-12-19,2026-05-20
C01808,priya.sato3959@outlook.com,Priya Sato,NSW,true,2026-05-11,2026-06-06
C01809,helen.brown7362@outlook.com,Helen Brown,VIC,true,2021-11-17,2025-12-01
C01810,sarah.king5133@gmail.com,Sarah King,QLD,true,2024-05-26,2025-12-07
C01811,george.wang8037@yahoo.com.au,George Wang,VIC,true,2022-12-01,2023-06-24
C01812,fatima.singh5792@outlook.com,Fatima Singh,SA,false,2025-04-02,2025-04-03
C01813,amanda.obrien9880@bigpond.com,Amanda OBrien,ACT,true,2023-03-10,2024-08-11
C01814,katherine.anderson7087@bigpond.com,Katherine Anderson,VIC,true,2023-05-21,2023-09-02
C01815,charles.williams5914@yahoo.com.au,Charles Williams,QLD,true,2022-11-21,2025-11-07
C01816,mark.costa3068@outlook.com,Mark Costa,NSW,false,2021-08-25,2021-09-12
C01817,thomas.singh6040@outlook.com,Thomas Singh,VIC,true,2022-10-23,2024-05-26
C01818,sarah.clarke300@yahoo.com.au,Sarah Clarke,NSW,true,2021-09-26,2023-03-21
C01819,jennifer.taylor4623@hotmail.com,Jennifer Taylor,VIC,true,2025-09-16,2026-01-01
C01820,ahmed.williams7918@outlook.com,Ahmed Williams,NSW,true,2023-09-04,2025-01-18
C01821,yuki.mitchell6532@yahoo.com.au,Yuki Mitchell,VIC,true,2024-07-26,2026-06-05
C01822,andrew.wright6897@icloud.com,Andrew Wright,VIC,true,2024-06-01,2025-07-31
C01823,nancy.hall3831@bigpond.com,Nancy Hall,VIC,false,2022-05-21,2023-11-19
C01824,joseph.costa1676@yahoo.com.au,Joseph Costa,VIC,true,2021-08-14,2022-09-14
C01825,stephanie.kelly7871@icloud.com,Stephanie Kelly,VIC,true,2024-04-15,2025-12-11
C01826,lisa.murphy1838@bigpond.com,Lisa Murphy,QLD,true,2022-01-13,2023-07-20
C01827,timothy.rossi3804@outlook.com,Timothy Rossi,VIC,true,2024-10-19,2025-10-07
C01828,anthony.tran4055@hotmail.com,Anthony Tran,TAS,true,2024-08-29,2024-10-17
C01829,sandra.collins9919@bigpond.com,Sandra Collins,VIC,false,2024-07-19,2025-05-30
C01830,linda.wang5092@yahoo.com.au,Linda Wang,VIC,true,2022-07-25,2023-06-05
C01831,yuki.obrien3525@bigpond.com,Yuki OBrien,VIC,true,2022-11-06,2025-06-20
C01832,christine.sato1002@yahoo.com.au,Christine Sato,VIC,true,2023-04-12,2025-03-14
C01833,raj.collins7624@gmail.com,Raj Collins,WA,true,2021-09-08,2024-07-29
C01834,katherine.brown3830@gmail.com,Katherine Brown,NSW,true,2024-04-25,2026-04-16
C01835,marco.ryan6471@gmail.com,Marco Ryan,ACT,true,2025-10-05,2026-05-16
C01836,katherine.turner4868@gmail.com,Katherine Turner,NSW,true,2026-01-22,2026-02-09
C01837,william.smith6348@yahoo.com.au,William Smith,TAS,true,2024-10-26,2025-06-11
C01838,daniel.sato6188@icloud.com,Daniel Sato,VIC,true,2024-01-03,2026-06-15
C01839,giulia.king7040@outlook.com,Giulia King,QLD,true,2021-08-17,2022-07-29
C01840,mark.johnson3202@yahoo.com.au,Mark Johnson,VIC,true,2025-04-03,2026-04-24
C01841,hiro.williams2923@outlook.com,Hiro Williams,ACT,false,2022-06-12,2024-02-04
C01842,linda.lee2279@outlook.com,Linda Lee,QLD,true,2025-06-21,2025-06-22
C01843,daniel.king9852@icloud.com,Daniel King,TAS,true,2026-04-10,2026-05-05
C01844,michelle.campbell8177@gmail.com,Michelle Campbell,VIC,true,2025-12-24,2026-05-26
C01845,george.clarke1535@icloud.com,George Clarke,VIC,true,2026-05-04,2026-06-09
C01846,daniel.sato7835@bigpond.com,Daniel Sato,WA,true,2021-07-20,2021-11-24
C01847,joseph.adams7158@bigpond.com,Joseph Adams,VIC,true,2025-05-03,2026-02-11
C01848,sarah.stewart2630@icloud.com,Sarah Stewart,NSW,true,2025-10-20,2026-05-08
C01849,wei.scott6284@bigpond.com,Wei Scott,VIC,true,2026-06-15,2026-07-03
C01850,rachel.adams1778@icloud.com,Rachel Adams,WA,true,2024-02-01,2026-04-27
C01851,marco.walker427@icloud.com,Marco Walker,SA,false,2021-11-17,2024-03-13
C01852,timothy.nguyen1737@icloud.com,Timothy Nguyen,VIC,true,2022-03-18,2023-05-29
C01853,raj.hall2500@outlook.com,Raj Hall,VIC,true,2026-06-26,2026-07-01
C01854,rebecca.mitchell6941@hotmail.com,Rebecca Mitchell,WA,true,2022-09-23,2023-09-06
C01855,catherine.hall4939@outlook.com,Catherine Hall,SA,true,2022-05-23,2022-08-04
C01856,olivia.anderson8217@outlook.com,Olivia Anderson,TAS,true,2025-07-06,2026-06-30
C01857,joseph.stewart9830@hotmail.com,Joseph Stewart,VIC,true,2025-04-30,2025-11-21
C01858,fatima.nguyen8055@outlook.com,Fatima Nguyen,NSW,true,2026-02-11,2026-06-24
C01859,joseph.jones3059@outlook.com,Joseph Jones,SA,true,2023-01-19,2026-04-26
C01860,richard.thompson6892@gmail.com,Richard Thompson,NSW,true,2022-02-23,2022-10-21
C01861,patricia.lee6311@bigpond.com,Patricia Lee,NSW,true,2023-09-08,2026-05-02
C01862,helen.jones4663@icloud.com,Helen Jones,VIC,true,2022-12-23,2024-07-28
C01863,hiro.edwards6327@bigpond.com,Hiro Edwards,QLD,true,2023-03-01,2025-07-24
C01864,sarah.harris9347@icloud.com,Sarah Harris,VIC,true,2021-08-25,2022-01-31
C01865,michael.brown3302@bigpond.com,Michael Brown,VIC,true,2025-11-13,2026-03-25
C01866,jessica.brown606@outlook.com,Jessica Brown,WA,true,2024-12-12,2025-11-10
C01867,ming.bell9571@icloud.com,Ming Bell,QLD,true,2025-03-28,2026-04-03
C01868,nancy.tanaka3430@yahoo.com.au,Nancy Tanaka,VIC,true,2024-10-24,2025-03-12
C01869,catherine.walker6075@yahoo.com.au,Catherine Walker,NSW,true,2025-06-05,2025-07-23
C01870,raj.wilson7258@gmail.com,Raj Wilson,VIC,false,2021-12-14,2025-05-26
C01871,hiro.martin7301@icloud.com,Hiro Martin,QLD,true,2024-06-01,2024-06-20
C01872,david.baker1295@gmail.com,David Baker,NSW,true,2021-11-22,2026-02-17
C01873,helen.ryan727@bigpond.com,Helen Ryan,VIC,true,2022-06-03,2022-10-15
C01874,nancy.kelly2136@icloud.com,Nancy Kelly,NSW,true,2022-03-23,2025-07-03
C01875,rachel.wang7358@hotmail.com,Rachel Wang,VIC,true,2023-12-11,2025-06-24
C01876,lisa.ali3521@icloud.com,Lisa Ali,QLD,true,2023-10-01,2026-06-07
C01877,deborah.wilson4201@icloud.com,Deborah Wilson,WA,true,2023-02-05,2024-12-22
C01878,mark.bell2424@hotmail.com,Mark Bell,VIC,true,2025-05-04,2025-05-28
C01879,helen.scott196@gmail.com,Helen Scott,VIC,true,2025-04-29,2026-02-02
C01880,amanda.harris6413@hotmail.com,Amanda Harris,VIC,true,2024-07-27,2025-09-06
C01881,ashley.williams9780@outlook.com,Ashley Williams,SA,true,2023-04-16,2023-06-24
C01882,william.collins2365@gmail.com,William Collins,TAS,true,2021-07-24,2023-03-17
C01883,joshua.pham3046@hotmail.com,Joshua Pham,VIC,true,2026-04-15,2026-04-26
C01884,michelle.bell8210@yahoo.com.au,Michelle Bell,VIC,true,2023-02-24,2025-08-11
C01885,raj.obrien6874@outlook.com,Raj OBrien,VIC,true,2023-04-16,2023-11-04
C01886,rebecca.tanaka8856@outlook.com,Rebecca Tanaka,QLD,true,2024-01-20,2025-05-23
C01887,andrew.sato6513@hotmail.com,Andrew Sato,SA,true,2024-04-25,2025-09-23
C01888,andrew.martin6975@bigpond.com,Andrew Martin,QLD,true,2024-11-20,2025-11-07
C01889,ming.lee8400@hotmail.com,Ming Lee,VIC,true,2026-01-03,2026-07-03
C01890,joseph.ryan8862@bigpond.com,Joseph Ryan,TAS,true,2025-10-17,2025-12-10
C01891,laura.mitchell8738@gmail.com,Laura Mitchell,VIC,true,2023-11-13,2026-02-17
C01892,james.martin7402@outlook.com,James Martin,VIC,true,2023-09-14,2024-01-13
C01893,margaret.smith1458@icloud.com,Margaret Smith,VIC,true,2025-06-07,2025-06-25
C01894,raj.sato208@bigpond.com,Raj Sato,QLD,true,2024-08-17,2026-06-22
C01895,brian.clarke5160@yahoo.com.au,Brian Clarke,WA,true,2022-03-06,2024-10-17
C01896,charles.adams7014@yahoo.com.au,Charles Adams,VIC,true,2026-03-04,2026-06-15
C01897,joseph.evans8844@yahoo.com.au,Joseph Evans,NSW,true,2025-09-21,2025-10-03
C01898,michael.ali9687@outlook.com,Michael Ali,VIC,true,2025-12-08,2026-05-13
C01899,thomas.taylor4013@outlook.com,Thomas Taylor,VIC,true,2025-02-18,2026-05-17
C01900,susan.kelly1498@bigpond.com,Susan Kelly,NSW,true,2025-01-06,2025-03-22
C01901,christine.tran9178@outlook.com,Christine Tran,VIC,true,2023-03-22,2026-03-10
C01902,andrew.edwards5785@outlook.com,Andrew Edwards,NSW,true,2023-06-13,2024-02-28
C01903,lisa.costa1055@yahoo.com.au,Lisa Costa,NSW,true,2026-02-05,2026-04-27
C01904,ming.evans7350@icloud.com,Ming Evans,SA,true,2024-01-16,2025-04-22
C01905,margaret.adams1716@outlook.com,Margaret Adams,NSW,true,2023-01-27,2025-10-11
C01906,ahmed.wright6961@gmail.com,Ahmed Wright,QLD,true,2022-04-16,2024-05-17
C01907,stephanie.collins510@icloud.com,Stephanie Collins,QLD,true,2026-01-28,2026-04-19
C01908,christine.jones5781@gmail.com,Christine Jones,VIC,true,2024-06-03,2026-01-13
C01909,hiro.johnson6285@outlook.com,Hiro Johnson,VIC,true,2025-03-19,2025-09-27
C01910,steven.robinson6578@hotmail.com,Steven Robinson,ACT,true,2023-12-23,2026-03-18
C01911,william.ali464@gmail.com,William Ali,NSW,true,2021-08-28,2021-12-17
C01912,mary.evans8051@yahoo.com.au,Mary Evans,VIC,true,2025-05-31,2025-07-11
C01913,joseph.sato6457@gmail.com,Joseph Sato,NSW,true,2024-04-11,2025-01-12
C01914,steven.smith6505@outlook.com,Steven Smith,QLD,true,2024-05-12,2025-03-14
C01915,timothy.harris518@gmail.com,Timothy Harris,VIC,true,2022-05-10,2023-06-02
C01916,ming.kumar8216@outlook.com,Ming Kumar,NSW,true,2026-02-14,2026-06-05
C01917,samantha.hall7361@yahoo.com.au,Samantha Hall,VIC,true,2022-10-15,2023-07-15
C01918,amanda.sato4248@yahoo.com.au,Amanda Sato,TAS,true,2024-03-28,2024-08-03
C01919,rachel.thompson4825@outlook.com,Rachel Thompson,QLD,true,2022-10-29,2026-04-14
C01920,mark.obrien9767@icloud.com,Mark OBrien,ACT,true,2024-06-27,2025-07-17
C01921,susan.rossi2130@icloud.com,Susan Rossi,VIC,true,2023-07-22,2025-11-25
C01922,matthew.ryan6986@yahoo.com.au,Matthew Ryan,TAS,true,2023-12-16,2024-11-16
C01923,ashley.nguyen5716@bigpond.com,Ashley Nguyen,NSW,true,2023-10-13,2024-03-02
C01924,raj.smith924@gmail.com,Raj Smith,NSW,true,2021-07-28,2023-07-26
C01925,sandra.obrien3252@hotmail.com,Sandra OBrien,QLD,true,2024-12-01,2025-08-11
C01926,nancy.edwards7659@hotmail.com,Nancy Edwards,VIC,true,2021-11-05,2022-07-28
C01927,nancy.turner451@gmail.com,Nancy Turner,QLD,true,2025-12-30,2026-02-02
C01928,lisa.wright4468@outlook.com,Lisa Wright,VIC,true,2025-09-04,2026-03-24
C01929,katherine.pham8418@bigpond.com,Katherine Pham,NSW,true,2022-02-24,2025-07-25
C01930,fatima.jones2887@outlook.com,Fatima Jones,VIC,true,2026-01-22,2026-04-29
C01931,priya.murphy5400@icloud.com,Priya Murphy,NSW,true,2022-07-07,2024-07-06
C01932,richard.taylor8029@gmail.com,Richard Taylor,QLD,true,2023-04-12,2023-06-20
C01933,mary.khan8636@hotmail.com,Mary Khan,VIC,true,2025-05-16,2026-03-16
C01934,robert.adams8492@outlook.com,Robert Adams,VIC,false,2025-12-14,2026-03-20
C01935,michelle.sato1354@outlook.com,Michelle Sato,VIC,true,2026-02-15,2026-05-06
C01936,matthew.pham2203@outlook.com,Matthew Pham,QLD,false,2021-10-19,2022-03-01
C01937,george.khan8985@hotmail.com,George Khan,QLD,false,2025-01-15,2026-06-11
C01938,jessica.liu7287@yahoo.com.au,Jessica Liu,NSW,true,2024-11-18,2024-11-23
C01939,emily.chen8619@icloud.com,Emily Chen,VIC,true,2025-08-27,2026-01-06
C01940,samantha.bell9883@bigpond.com,Samantha Bell,VIC,true,2023-09-10,2024-05-30
C01941,amanda.singh1271@icloud.com,Amanda Singh,VIC,true,2022-07-07,2025-03-11
C01942,william.thompson8595@yahoo.com.au,William Thompson,NSW,true,2022-08-12,2026-04-10
C01943,helen.green9111@yahoo.com.au,Helen Green,NSW,true,2023-02-11,2024-12-20
C01944,giulia.walker7616@outlook.com,Giulia Walker,NSW,true,2022-07-04,2024-11-25
C01945,charles.green7695@gmail.com,Charles Green,VIC,true,2024-11-04,2025-08-28
C01946,raj.obrien3959@bigpond.com,Raj OBrien,NSW,true,2024-09-28,2026-06-26
C01947,christine.kumar1380@yahoo.com.au,Christine Kumar,NSW,true,2024-11-04,2025-07-15
C01948,thomas.thompson5778@outlook.com,Thomas Thompson,NSW,false,2025-12-20,2026-02-18
C01949,melissa.kelly1629@bigpond.com,Melissa Kelly,ACT,true,2021-10-24,2022-12-17
C01950,olivia.mitchell8014@hotmail.com,Olivia Mitchell,QLD,true,2024-12-24,2026-04-15
C01951,joshua.walker691@hotmail.com,Joshua Walker,VIC,true,2024-06-28,2025-04-04
C01952,matthew.green6125@gmail.com,Matthew Green,VIC,true,2024-11-11,2025-07-25
C01953,linda.williams8196@bigpond.com,Linda Williams,VIC,true,2024-09-21,2025-07-04
C01954,nancy.liu1610@yahoo.com.au,Nancy Liu,WA,true,2023-09-18,2024-08-13
C01955,george.adams7247@hotmail.com,George Adams,VIC,true,2025-09-24,2025-12-22
C01956,thomas.king7469@gmail.com,Thomas King,VIC,true,2022-06-22,2025-04-30
C01957,ahmed.costa6905@icloud.com,Ahmed Costa,VIC,true,2022-09-04,2025-12-21
C01958,joseph.anderson8564@yahoo.com.au,Joseph Anderson,TAS,true,2025-10-15,2026-06-11
C01959,emily.sato8269@outlook.com,Emily Sato,NSW,true,2024-10-03,2024-12-21
C01960,emily.king1746@gmail.com,Emily King,VIC,true,2022-01-09,2025-03-24
C01961,mary.robinson5445@hotmail.com,Mary Robinson,VIC,true,2023-07-20,2025-07-16
C01962,emma.williams7427@outlook.com,Emma Williams,VIC,true,2025-06-13,2026-03-12
C01963,elizabeth.johnson5523@icloud.com,Elizabeth Johnson,VIC,true,2023-10-22,2024-07-07
C01964,daniel.rossi6134@bigpond.com,Daniel Rossi,NSW,true,2024-04-28,2024-07-12
C01965,matthew.sato4897@bigpond.com,Matthew Sato,QLD,true,2025-12-31,2026-07-02
C01966,patricia.walker8488@hotmail.com,Patricia Walker,NSW,true,2024-05-08,2024-06-16
C01967,daniel.white7135@outlook.com,Daniel White,VIC,true,2025-03-16,2026-03-28
C01968,steven.white8156@hotmail.com,Steven White,NSW,true,2025-08-27,2025-09-18
C01969,rebecca.costa1431@outlook.com,Rebecca Costa,VIC,true,2023-06-27,2025-06-06
C01970,katherine.baker4813@gmail.com,Katherine Baker,NSW,true,2022-12-07,2025-10-04
C01971,rebecca.brown9874@yahoo.com.au,Rebecca Brown,VIC,true,2022-04-16,2023-08-06
C01972,stephanie.ryan4082@icloud.com,Stephanie Ryan,VIC,true,2024-06-10,2025-01-25
C01973,joseph.lee9951@gmail.com,Joseph Lee,QLD,true,2024-01-14,2025-08-04
C01974,richard.taylor7982@icloud.com,Richard Taylor,VIC,true,2022-12-22,2025-10-28
C01975,amanda.walker125@hotmail.com,Amanda Walker,NSW,true,2023-09-16,2025-06-09
C01976,andrew.tanaka4868@bigpond.com,Andrew Tanaka,VIC,true,2022-01-11,2022-06-25
C01977,george.johnson954@bigpond.com,George Johnson,VIC,false,2025-01-13,2025-09-03
C01978,joshua.ali2312@gmail.com,Joshua Ali,QLD,true,2024-05-22,2025-05-15
C01979,emily.chen2966@bigpond.com,Emily Chen,NSW,true,2024-08-31,2025-11-28
C01980,yuki.rossi1080@icloud.com,Yuki Rossi,NSW,true,2024-05-08,2026-03-26
C01981,ming.nguyen1986@icloud.com,Ming Nguyen,TAS,true,2022-11-13,2025-04-25
C01982,ashley.rossi6292@outlook.com,Ashley Rossi,VIC,true,2024-12-29,2025-03-08
C01983,olivia.nguyen9558@outlook.com,Olivia Nguyen,NSW,true,2025-01-24,2026-01-18
C01984,laura.lee8427@gmail.com,Laura Lee,VIC,true,2025-07-20,2025-08-09
C01985,david.hall1190@yahoo.com.au,David Hall,NSW,true,2026-04-06,2026-05-03
C01986,margaret.wang8632@hotmail.com,Margaret Wang,VIC,true,2023-04-27,2026-02-05
C01987,fatima.taylor5498@outlook.com,Fatima Taylor,VIC,true,2024-03-03,2025-04-03
C01988,mark.robinson286@icloud.com,Mark Robinson,VIC,true,2024-08-11,2025-10-23
C01989,helen.scott5642@outlook.com,Helen Scott,QLD,true,2026-03-30,2026-04-11
C01990,rachel.williams8945@gmail.com,Rachel Williams,VIC,true,2021-08-07,2022-01-09
C01991,raj.thompson6777@outlook.com,Raj Thompson,VIC,false,2024-08-02,2025-05-18
C01992,samantha.martin3371@outlook.com,Samantha Martin,WA,true,2022-02-20,2025-03-01
C01993,patricia.king6861@icloud.com,Patricia King,TAS,true,2026-03-16,2026-04-06
C01994,lisa.anderson928@outlook.com,Lisa Anderson,VIC,true,2025-07-23,2025-12-06
C01995,michael.baker5259@gmail.com,Michael Baker,VIC,true,2024-03-24,2025-04-06
C01996,ming.williams3673@bigpond.com,Ming Williams,VIC,true,2022-10-13,2025-03-22
C01997,ming.baker841@yahoo.com.au,Ming Baker,VIC,true,2021-07-14,2025-02-11
C01998,george.bell9904@hotmail.com,George Bell,ACT,true,2025-05-28,2025-08-17
C01999,margaret.wang3073@gmail.com,Margaret Wang,VIC,true,2026-06-07,2026-06-09
C02000,catherine.tanaka6964@gmail.com,Catherine Tanaka,NSW,true,2026-04-28,2026-07-02
C02001,emily.obrien4316@yahoo.com.au,Emily OBrien,VIC,true,2024-12-13,2025-02-27
C02002,linda.brown1332@yahoo.com.au,Linda Brown,VIC,true,2023-10-02,2024-06-22
C02003,sandra.wilson1200@gmail.com,Sandra Wilson,SA,false,2022-10-30,2023-02-22
C02004,michael.johnson4838@outlook.com,Michael Johnson,NSW,true,2025-06-09,2025-10-03
C02005,linda.green4228@outlook.com,Linda Green,VIC,true,2024-05-08,2025-11-16
C02006,samantha.white823@yahoo.com.au,Samantha White,NSW,true,2024-05-31,2026-02-25
C02007,melissa.jones2458@hotmail.com,Melissa Jones,VIC,true,2023-12-10,2024-12-10
C02008,richard.taylor1048@outlook.com,Richard Taylor,VIC,false,2022-12-04,2023-08-18
C02009,charles.obrien7361@icloud.com,Charles OBrien,QLD,false,2023-06-24,2025-11-18
C02010,wei.obrien1881@hotmail.com,Wei OBrien,ACT,true,2024-07-18,2026-04-06
C02011,melissa.anderson7391@gmail.com,Melissa Anderson,NSW,true,2023-10-13,2024-07-20
C02012,rachel.brown4947@gmail.com,Rachel Brown,TAS,true,2022-02-06,2025-06-08
C02013,steven.collins1440@outlook.com,Steven Collins,NSW,true,2021-09-22,2021-11-01
C02014,ahmed.nguyen1631@gmail.com,Ahmed Nguyen,NSW,false,2026-02-24,2026-03-27
C02015,hiro.zhang6906@outlook.com,Hiro Zhang,TAS,true,2026-03-27,2026-04-20
C02016,steven.robinson6062@hotmail.com,Steven Robinson,NSW,true,2025-09-14,2025-12-09
C02017,robert.bell4697@icloud.com,Robert Bell,VIC,true,2021-08-14,2022-08-12
C02018,joseph.baker4289@icloud.com,Joseph Baker,NSW,true,2022-08-10,2023-03-19
C02019,mark.murphy9864@gmail.com,Mark Murphy,QLD,false,2021-08-01,2023-12-20
C02020,jennifer.walker9489@icloud.com,Jennifer Walker,VIC,true,2023-06-23,2026-04-11
C02021,ming.clarke2690@outlook.com,Ming Clarke,NSW,true,2022-08-26,2025-06-23
C02022,joseph.collins5835@gmail.com,Joseph Collins,VIC,true,2025-01-23,2025-10-05
C02023,jennifer.wang9525@bigpond.com,Jennifer Wang,NSW,true,2022-05-09,2023-08-11
C02024,giulia.taylor605@bigpond.com,Giulia Taylor,VIC,true,2024-01-18,2024-11-22
C02025,sarah.kelly1132@outlook.com,Sarah Kelly,NSW,true,2024-10-28,2025-03-10
C02026,ahmed.taylor2795@yahoo.com.au,Ahmed Taylor,VIC,true,2023-05-08,2023-10-22
C02027,jennifer.wright4093@gmail.com,Jennifer Wright,NSW,true,2024-05-22,2025-10-05
C02028,katherine.pham5274@icloud.com,Katherine Pham,VIC,true,2021-09-19,2024-08-08
C02029,rebecca.martin4328@outlook.com,Rebecca Martin,VIC,true,2026-05-30,2026-06-03
C02030,charles.thompson529@yahoo.com.au,Charles Thompson,VIC,true,2022-03-16,2025-01-19
C02031,james.johnson3519@outlook.com,James Johnson,NSW,true,2025-09-13,2026-02-24
C02032,catherine.kumar7955@icloud.com,Catherine Kumar,VIC,true,2025-08-06,2026-02-12
C02033,giulia.hall5385@hotmail.com,Giulia Hall,VIC,true,2023-09-10,2025-04-09
C02034,margaret.zhang8050@outlook.com,Margaret Zhang,NSW,true,2023-12-25,2024-02-25
C02035,melissa.thompson3592@gmail.com,Melissa Thompson,VIC,true,2024-09-26,2025-06-25
C02036,anthony.tanaka2693@outlook.com,Anthony Tanaka,VIC,true,2022-12-17,2025-01-27
C02037,michelle.murphy7824@bigpond.com,Michelle Murphy,NSW,true,2025-12-01,2026-03-12
C02038,richard.martin6551@yahoo.com.au,Richard Martin,VIC,true,2024-06-11,2024-08-14
C02039,richard.singh4079@gmail.com,Richard Singh,SA,true,2022-04-26,2024-03-28
C02040,george.chen3764@hotmail.com,George Chen,WA,true,2022-10-14,2025-10-04
C02041,patricia.johnson1056@icloud.com,Patricia Johnson,VIC,true,2025-04-26,2025-11-20
C02042,giulia.liu9487@yahoo.com.au,Giulia Liu,NSW,true,2024-12-28,2025-01-11
C02043,andrew.clarke991@bigpond.com,Andrew Clarke,QLD,true,2023-11-24,2025-02-01
C02044,michelle.kumar273@bigpond.com,Michelle Kumar,VIC,true,2022-07-19,2025-06-06
C02045,lisa.smith1961@gmail.com,Lisa Smith,VIC,true,2023-09-18,2024-03-20
C02046,david.obrien2641@yahoo.com.au,David OBrien,WA,true,2025-02-20,2025-04-24
C02047,laura.jones6051@yahoo.com.au,Laura Jones,QLD,false,2022-09-28,2023-04-06
C02048,priya.adams3978@bigpond.com,Priya Adams,VIC,true,2025-07-27,2026-06-05
C02049,andrew.wilson1624@hotmail.com,Andrew Wilson,NSW,true,2022-10-22,2024-02-15
C02050,raj.singh4678@hotmail.com,Raj Singh,SA,true,2025-07-09,2026-04-29
C02051,margaret.tran9068@bigpond.com,Margaret Tran,VIC,true,2022-01-05,2023-08-10
C02052,rachel.liu7993@hotmail.com,Rachel Liu,TAS,true,2025-07-14,2025-11-14
C02053,hiro.wilson9299@hotmail.com,Hiro Wilson,NSW,true,2022-04-09,2022-10-03
C02054,robert.johnson8935@yahoo.com.au,Robert Johnson,VIC,true,2026-01-28,2026-03-13
C02055,hiro.khan2184@yahoo.com.au,Hiro Khan,VIC,false,2022-02-28,2022-10-07
C02056,melissa.mitchell3267@yahoo.com.au,Melissa Mitchell,VIC,true,2025-04-25,2026-01-27
C02057,mary.robinson5910@yahoo.com.au,Mary Robinson,VIC,true,2023-05-10,2023-05-13
C02058,nancy.khan1944@icloud.com,Nancy Khan,VIC,true,2022-07-29,2023-08-12
C02059,steven.anderson3644@bigpond.com,Steven Anderson,VIC,true,2021-10-08,2023-12-07
C02060,helen.kelly7258@gmail.com,Helen Kelly,NSW,true,2025-08-23,2025-10-17
C02061,nancy.martin9370@icloud.com,Nancy Martin,WA,true,2023-07-23,2025-03-31
C02062,joshua.zhang345@icloud.com,Joshua Zhang,VIC,true,2021-12-31,2023-10-04
C02063,hiro.robinson1878@hotmail.com,Hiro Robinson,NSW,true,2023-03-03,2025-06-26
C02064,sandra.costa269@yahoo.com.au,Sandra Costa,NSW,true,2024-09-26,2024-09-26
C02065,fatima.stewart2474@bigpond.com,Fatima Stewart,VIC,true,2022-10-16,2024-11-09
C02066,deborah.green9354@yahoo.com.au,Deborah Green,VIC,true,2024-03-10,2025-02-09
C02067,joseph.collins4001@icloud.com,Joseph Collins,ACT,true,2022-10-07,2025-03-05
C02068,emily.robinson7471@outlook.com,Emily Robinson,WA,true,2024-11-02,2025-11-24
C02069,christine.thompson1324@outlook.com,Christine Thompson,NSW,false,2021-11-04,2025-03-10
C02070,timothy.jones9472@outlook.com,Timothy Jones,NSW,true,2026-05-18,2026-06-11
C02071,jennifer.singh497@hotmail.com,Jennifer Singh,VIC,true,2024-06-29,2024-10-27
C02072,amanda.liu5786@icloud.com,Amanda Liu,VIC,true,2022-08-29,2025-02-12
C02073,william.king1499@yahoo.com.au,William King,VIC,true,2022-05-21,2025-03-27
C02074,richard.mitchell2939@gmail.com,Richard Mitchell,WA,true,2026-02-26,2026-05-03
C02075,hiro.harris4170@yahoo.com.au,Hiro Harris,QLD,true,2025-06-28,2025-11-03
C02076,daniel.clarke7900@icloud.com,Daniel Clarke,VIC,true,2022-09-05,2025-11-20
C02077,mary.tanaka1527@yahoo.com.au,Mary Tanaka,VIC,true,2024-10-22,2025-10-09
C02078,marco.collins2550@gmail.com,Marco Collins,VIC,true,2023-05-02,2024-04-19
C02079,steven.thompson5991@gmail.com,Steven Thompson,QLD,false,2024-10-04,2024-11-16
C02080,michael.wang8580@hotmail.com,Michael Wang,VIC,true,2021-07-27,2023-07-01
C02081,charles.zhang9315@hotmail.com,Charles Zhang,NSW,true,2024-09-23,2025-08-13
C02082,melissa.thompson4720@icloud.com,Melissa Thompson,WA,true,2024-07-21,2024-08-03
C02083,melissa.anderson5651@bigpond.com,Melissa Anderson,NSW,true,2024-05-03,2025-03-15
C02084,olivia.smith9190@yahoo.com.au,Olivia Smith,VIC,true,2023-08-30,2024-01-26
C02085,helen.king7299@hotmail.com,Helen King,QLD,true,2022-01-17,2026-02-15
C02086,emily.kumar2086@yahoo.com.au,Emily Kumar,NSW,true,2022-04-09,2025-08-11
C02087,joshua.baker6176@gmail.com,Joshua Baker,NSW,true,2025-02-05,2026-03-10
C02088,ming.anderson8039@bigpond.com,Ming Anderson,VIC,true,2021-12-23,2023-03-31
C02089,kevin.tanaka2331@outlook.com,Kevin Tanaka,VIC,true,2024-02-29,2025-09-02
C02090,susan.wang4333@yahoo.com.au,Susan Wang,VIC,true,2022-10-06,2024-08-22
C02091,amanda.adams2399@bigpond.com,Amanda Adams,VIC,true,2023-01-30,2024-02-20
C02092,andrew.zhang5670@bigpond.com,Andrew Zhang,VIC,true,2021-08-13,2024-12-16
C02093,catherine.murphy5636@gmail.com,Catherine Murphy,VIC,true,2024-11-30,2024-11-30
C02094,emily.zhang7362@yahoo.com.au,Emily Zhang,NSW,true,2023-07-06,2025-12-28
C02095,rachel.tran51@hotmail.com,Rachel Tran,VIC,true,2022-09-16,2026-06-17
C02096,robert.baker9784@gmail.com,Robert Baker,VIC,true,2024-11-09,2025-02-25
C02097,brian.sato4042@gmail.com,Brian Sato,VIC,true,2024-11-16,2025-08-22
C02098,rachel.williams9546@icloud.com,Rachel Williams,QLD,true,2023-11-16,2024-06-04
C02099,michelle.king8816@gmail.com,Michelle King,QLD,true,2022-05-03,2024-02-05
C02100,linda.zhang1646@icloud.com,Linda Zhang,SA,true,2021-07-31,2025-07-08
C02101,michelle.sato8147@gmail.com,Michelle Sato,NSW,true,2025-02-22,2025-07-31
C02102,michelle.murphy5060@gmail.com,Michelle Murphy,VIC,true,2024-03-25,2025-11-21
C02103,brian.baker9072@bigpond.com,Brian Baker,WA,true,2025-08-21,2026-05-21
C02104,rebecca.wang5528@outlook.com,Rebecca Wang,VIC,true,2023-06-16,2026-05-24
C02105,melissa.chen4183@hotmail.com,Melissa Chen,VIC,true,2023-01-18,2025-10-04
C02106,margaret.chen1398@outlook.com,Margaret Chen,QLD,true,2023-12-18,2024-04-15
C02107,joseph.ali1580@bigpond.com,Joseph Ali,VIC,true,2026-06-02,2026-07-02
C02108,jessica.liu4056@outlook.com,Jessica Liu,QLD,true,2023-04-22,2025-02-06
C02109,patricia.adams1647@yahoo.com.au,Patricia Adams,NSW,true,2026-06-20,2026-06-29
C02110,michael.collins3691@bigpond.com,Michael Collins,VIC,true,2025-05-20,2025-06-13
C02111,jennifer.white6503@icloud.com,Jennifer White,WA,false,2023-04-23,2025-02-09
C02112,sarah.taylor3279@outlook.com,Sarah Taylor,NSW,true,2022-07-13,2024-09-03
C02113,rachel.scott8711@icloud.com,Rachel Scott,VIC,true,2025-03-25,2026-04-04
C02114,margaret.harris8624@hotmail.com,Margaret Harris,VIC,true,2025-05-07,2026-05-15
C02115,olivia.williams4536@gmail.com,Olivia Williams,VIC,true,2021-10-02,2025-08-03
C02116,anthony.walker8270@yahoo.com.au,Anthony Walker,NSW,true,2025-11-02,2026-04-05
C02117,andrew.tanaka7430@hotmail.com,Andrew Tanaka,ACT,true,2023-05-06,2025-11-07
C02118,jennifer.evans6580@outlook.com,Jennifer Evans,NSW,true,2023-04-29,2025-12-22
C02119,sarah.king7114@bigpond.com,Sarah King,QLD,true,2026-03-05,2026-05-22
C02120,kevin.pham2946@hotmail.com,Kevin Pham,VIC,true,2022-02-16,2022-07-10
C02121,samantha.wilson2895@bigpond.com,Samantha Wilson,VIC,false,2024-02-17,2024-09-22
C02122,katherine.khan652@icloud.com,Katherine Khan,VIC,true,2022-10-31,2023-07-04
C02123,rebecca.liu6970@outlook.com,Rebecca Liu,SA,true,2026-05-28,2026-06-27
C02124,linda.hall8851@outlook.com,Linda Hall,VIC,true,2025-01-20,2025-01-30
C02125,andrew.edwards7899@gmail.com,Andrew Edwards,QLD,true,2021-12-11,2026-04-28
C02126,charles.williams1611@outlook.com,Charles Williams,VIC,true,2023-05-28,2024-05-23
C02127,helen.obrien1510@hotmail.com,Helen OBrien,VIC,true,2024-02-03,2025-01-31
C02128,olivia.tanaka5426@yahoo.com.au,Olivia Tanaka,VIC,true,2022-06-10,2024-03-16
C02129,katherine.kelly2081@yahoo.com.au,Katherine Kelly,VIC,true,2022-08-24,2026-04-11
C02130,jennifer.wilson2049@bigpond.com,Jennifer Wilson,VIC,true,2025-02-27,2026-04-06
C02131,sarah.wilson1118@outlook.com,Sarah Wilson,VIC,true,2024-10-21,2026-06-03
C02132,catherine.turner169@icloud.com,Catherine Turner,NSW,false,2026-05-27,2026-06-07
C02133,patricia.nguyen7369@icloud.com,Patricia Nguyen,VIC,true,2024-07-28,2026-05-07
C02134,laura.wilson5229@yahoo.com.au,Laura Wilson,VIC,true,2022-01-21,2025-09-10
C02135,brian.khan7517@outlook.com,Brian Khan,VIC,true,2025-05-07,2026-02-12
C02136,amanda.khan8080@hotmail.com,Amanda Khan,TAS,true,2021-09-08,2021-11-21
C02137,helen.baker8151@bigpond.com,Helen Baker,VIC,true,2021-10-01,2024-12-24
C02138,jennifer.robinson3949@bigpond.com,Jennifer Robinson,SA,true,2022-03-05,2023-08-04
C02139,timothy.ryan8832@gmail.com,Timothy Ryan,VIC,false,2023-12-16,2025-01-31
C02140,mark.smith2529@gmail.com,Mark Smith,ACT,false,2026-05-25,2026-06-09
C02141,linda.adams2532@icloud.com,Linda Adams,VIC,true,2022-11-26,2026-04-22
C02142,patricia.thompson5721@outlook.com,Patricia Thompson,ACT,true,2025-07-08,2026-04-11
C02143,samantha.smith3408@icloud.com,Samantha Smith,VIC,true,2023-01-16,2023-09-13
C02144,margaret.jones2337@yahoo.com.au,Margaret Jones,QLD,true,2022-10-28,2024-02-09
C02145,robert.tanaka4163@yahoo.com.au,Robert Tanaka,VIC,true,2023-01-11,2024-03-17
C02146,fatima.obrien3577@hotmail.com,Fatima OBrien,VIC,true,2023-01-08,2025-01-25
C02147,mary.zhang4349@yahoo.com.au,Mary Zhang,VIC,true,2024-08-19,2026-04-17
C02148,michael.evans8753@yahoo.com.au,Michael Evans,VIC,true,2024-01-24,2025-04-12
C02149,mark.robinson8938@yahoo.com.au,Mark Robinson,NSW,true,2024-09-28,2025-02-09
C02150,jennifer.ryan3837@hotmail.com,Jennifer Ryan,VIC,true,2022-02-09,2026-03-04
C02151,linda.harris1267@hotmail.com,Linda Harris,NSW,true,2024-12-12,2025-04-04
C02152,emma.bell8145@yahoo.com.au,Emma Bell,QLD,true,2023-02-17,2025-09-07
C02153,thomas.ryan5971@bigpond.com,Thomas Ryan,VIC,true,2021-11-17,2024-03-05
C02154,mark.anderson7876@hotmail.com,Mark Anderson,NSW,true,2024-07-06,2025-06-29
C02155,hiro.clarke491@icloud.com,Hiro Clarke,VIC,true,2022-11-05,2024-01-16
C02156,melissa.robinson1538@outlook.com,Melissa Robinson,VIC,true,2022-08-16,2023-10-20
C02157,jennifer.jones8137@icloud.com,Jennifer Jones,NSW,true,2024-02-20,2026-04-14
C02158,jessica.khan7573@outlook.com,Jessica Khan,VIC,true,2025-08-15,2026-04-14
C02159,michelle.white6909@yahoo.com.au,Michelle White,VIC,true,2022-04-19,2023-06-27
C02160,amanda.pham2630@icloud.com,Amanda Pham,TAS,true,2024-05-28,2024-07-11
C02161,ming.sato7805@gmail.com,Ming Sato,NSW,true,2026-06-22,2026-06-23
C02162,sandra.lee53@outlook.com,Sandra Lee,VIC,true,2023-03-19,2023-12-26
C02163,deborah.campbell5364@yahoo.com.au,Deborah Campbell,VIC,true,2024-03-02,2025-05-04
C02164,marco.green7498@icloud.com,Marco Green,VIC,true,2024-02-05,2024-02-27
C02165,mark.baker940@hotmail.com,Mark Baker,NSW,true,2022-03-09,2025-03-23
C02166,david.wright2001@yahoo.com.au,David Wright,VIC,true,2025-11-08,2026-02-09
C02167,catherine.pham5455@icloud.com,Catherine Pham,SA,true,2024-02-05,2024-05-15
C02168,laura.kumar5972@hotmail.com,Laura Kumar,VIC,true,2025-01-23,2025-04-16
C02169,nancy.tran8933@bigpond.com,Nancy Tran,VIC,true,2024-12-31,2025-01-28
C02170,rachel.green9382@yahoo.com.au,Rachel Green,NSW,false,2025-06-03,2026-03-04
C02171,anthony.sato9612@icloud.com,Anthony Sato,WA,true,2024-10-04,2025-07-14
C02172,jessica.hall1123@icloud.com,Jessica Hall,ACT,true,2021-10-05,2024-11-23
C02173,yuki.walker3959@outlook.com,Yuki Walker,VIC,true,2026-03-11,2026-06-22
C02174,andrew.mitchell6796@yahoo.com.au,Andrew Mitchell,NSW,true,2024-06-04,2025-01-03
C02175,sandra.bell6366@gmail.com,Sandra Bell,QLD,true,2022-03-02,2023-12-01
C02176,matthew.costa7582@gmail.com,Matthew Costa,NSW,true,2026-05-31,2026-06-18
C02177,deborah.taylor6239@gmail.com,Deborah Taylor,TAS,true,2023-01-30,2024-10-10
C02178,michael.martin2750@hotmail.com,Michael Martin,NSW,true,2021-12-14,2023-08-07
C02179,robert.taylor5060@yahoo.com.au,Robert Taylor,NSW,true,2025-09-01,2026-01-17
C02180,giulia.anderson1023@yahoo.com.au,Giulia Anderson,WA,false,2022-08-08,2023-06-26
C02181,christine.khan3849@icloud.com,Christine Khan,WA,false,2022-01-25,2025-09-26
C02182,timothy.liu2113@yahoo.com.au,Timothy Liu,QLD,true,2022-11-23,2025-07-22
C02183,samantha.tran2258@gmail.com,Samantha Tran,WA,true,2023-09-13,2026-01-01
C02184,charles.collins4308@gmail.com,Charles Collins,VIC,true,2025-04-15,2026-04-13
C02185,matthew.martin4341@outlook.com,Matthew Martin,NSW,true,2025-02-10,2025-06-06
C02186,ming.anderson1454@yahoo.com.au,Ming Anderson,NSW,true,2021-11-16,2022-12-17
C02187,melissa.edwards1014@outlook.com,Melissa Edwards,QLD,true,2023-11-30,2024-01-06
C02188,mary.baker3136@gmail.com,Mary Baker,VIC,false,2022-05-06,2025-11-05
C02189,sarah.pham1746@gmail.com,Sarah Pham,QLD,true,2026-03-02,2026-06-25
C02190,william.pham6894@icloud.com,William Pham,VIC,true,2022-10-11,2023-05-23
C02191,michelle.brown9445@icloud.com,Michelle Brown,VIC,true,2023-01-19,2023-07-27
C02192,michael.tran8356@hotmail.com,Michael Tran,VIC,true,2022-05-15,2025-03-16
C02193,patricia.wilson9709@hotmail.com,Patricia Wilson,NSW,false,2022-07-10,2025-06-11
C02194,patricia.turner9632@yahoo.com.au,Patricia Turner,NSW,true,2022-03-10,2025-07-04
C02195,giulia.murphy9484@gmail.com,Giulia Murphy,VIC,true,2025-02-10,2025-07-03
C02196,linda.zhang6764@hotmail.com,Linda Zhang,VIC,true,2025-05-21,2025-11-17
C02197,melissa.mitchell6707@hotmail.com,Melissa Mitchell,VIC,true,2025-02-11,2025-05-08
C02198,emily.thompson8923@bigpond.com,Emily Thompson,VIC,true,2024-09-01,2026-03-31
C02199,richard.green1662@icloud.com,Richard Green,ACT,true,2025-05-20,2025-12-23
C02200,mary.adams7636@icloud.com,Mary Adams,NSW,true,2026-02-14,2026-06-21
C02201,robert.ali8579@yahoo.com.au,Robert Ali,VIC,true,2023-04-29,2025-01-24
C02202,linda.wilson1298@outlook.com,Linda Wilson,VIC,true,2026-03-22,2026-05-29
C02203,michelle.anderson4135@bigpond.com,Michelle Anderson,VIC,true,2023-01-24,2024-08-18
C02204,joshua.murphy9781@bigpond.com,Joshua Murphy,QLD,true,2024-06-15,2025-03-26
C02205,amanda.anderson6155@outlook.com,Amanda Anderson,VIC,true,2021-10-18,2024-06-08
C02206,richard.rossi1689@hotmail.com,Richard Rossi,VIC,true,2024-02-17,2025-10-15
C02207,richard.costa2855@gmail.com,Richard Costa,SA,true,2026-02-28,2026-04-04
C02208,nancy.robinson942@gmail.com,Nancy Robinson,NSW,true,2022-05-10,2022-06-09
C02209,jennifer.martin3428@outlook.com,Jennifer Martin,VIC,true,2023-12-01,2024-08-16
C02210,nancy.williams6920@yahoo.com.au,Nancy Williams,ACT,true,2024-09-30,2026-06-01
C02211,deborah.bell8547@hotmail.com,Deborah Bell,WA,true,2026-04-25,2026-06-01
C02212,ming.chen8745@bigpond.com,Ming Chen,NSW,false,2025-07-01,2026-01-17
C02213,andrew.stewart5518@outlook.com,Andrew Stewart,WA,true,2021-10-10,2023-03-23
C02214,mark.tran9668@bigpond.com,Mark Tran,VIC,true,2023-10-31,2026-01-14
C02215,sandra.liu2103@bigpond.com,Sandra Liu,NSW,true,2022-04-16,2023-10-08
C02216,steven.taylor9491@bigpond.com,Steven Taylor,NSW,true,2022-03-02,2025-05-04
C02217,joshua.scott9751@bigpond.com,Joshua Scott,VIC,true,2022-02-02,2024-04-29
C02218,ahmed.liu1378@hotmail.com,Ahmed Liu,VIC,true,2025-03-18,2026-02-01
C02219,giulia.evans5318@icloud.com,Giulia Evans,ACT,true,2021-10-12,2024-02-06
C02220,ming.wilson3989@yahoo.com.au,Ming Wilson,WA,true,2024-01-06,2024-02-08
C02221,sandra.jones3898@yahoo.com.au,Sandra Jones,VIC,true,2025-08-15,2026-01-18
C02222,jennifer.clarke8286@gmail.com,Jennifer Clarke,VIC,true,2025-10-18,2026-06-06
C02223,joshua.nguyen6692@gmail.com,Joshua Nguyen,TAS,false,2021-10-21,2023-01-09
C02224,jessica.taylor5403@icloud.com,Jessica Taylor,NSW,false,2023-07-24,2024-01-03
C02225,giulia.white9536@icloud.com,Giulia White,SA,true,2022-07-15,2026-01-14
C02226,giulia.walker6792@bigpond.com,Giulia Walker,VIC,true,2026-01-05,2026-01-15
C02227,michelle.sato7195@outlook.com,Michelle Sato,NSW,true,2024-03-04,2024-04-15
C02228,elizabeth.collins7263@gmail.com,Elizabeth Collins,SA,true,2023-06-10,2025-01-06
C02229,michelle.adams8459@hotmail.com,Michelle Adams,VIC,false,2022-09-21,2025-09-26
C02230,james.williams9994@outlook.com,James Williams,NSW,true,2023-08-16,2026-02-06
C02231,robert.rossi3190@bigpond.com,Robert Rossi,VIC,false,2022-11-20,2023-02-23
C02232,margaret.ryan6127@bigpond.com,Margaret Ryan,VIC,true,2026-04-16,2026-06-11
C02233,mark.murphy6518@icloud.com,Mark Murphy,QLD,true,2022-04-09,2026-01-17
C02234,jennifer.sato35@icloud.com,Jennifer Sato,VIC,false,2025-09-11,2025-12-28
C02235,lisa.rossi9202@outlook.com,Lisa Rossi,NSW,true,2021-12-28,2022-04-06
C02236,christine.walker2729@bigpond.com,Christine Walker,NSW,true,2025-04-14,2025-11-28
C02237,james.hall1658@hotmail.com,James Hall,TAS,true,2023-03-25,2026-05-12
C02238,daniel.nguyen7837@yahoo.com.au,Daniel Nguyen,VIC,true,2022-07-09,2024-02-29
C02239,elizabeth.green9674@bigpond.com,Elizabeth Green,SA,true,2022-06-12,2026-01-29
C02240,yuki.nguyen857@bigpond.com,Yuki Nguyen,VIC,true,2023-12-20,2026-04-10
C02241,ashley.adams8560@hotmail.com,Ashley Adams,TAS,true,2026-03-17,2026-06-26
C02242,giulia.tanaka7344@hotmail.com,Giulia Tanaka,VIC,true,2023-03-10,2025-03-10
C02243,ashley.bell9683@icloud.com,Ashley Bell,VIC,true,2024-04-16,2026-06-13
C02244,fatima.hall5519@gmail.com,Fatima Hall,NSW,true,2024-05-18,2024-12-15
C02245,priya.king8949@icloud.com,Priya King,TAS,true,2024-08-25,2026-03-10
C02246,katherine.adams9031@bigpond.com,Katherine Adams,WA,true,2023-07-13,2025-09-06
C02247,michelle.adams6341@yahoo.com.au,Michelle Adams,NSW,true,2025-12-20,2026-06-16
C02248,priya.taylor5926@icloud.com,Priya Taylor,VIC,true,2023-01-01,2024-05-27
C02249,christine.mitchell8562@hotmail.com,Christine Mitchell,VIC,true,2026-03-03,2026-05-22
C02250,laura.clarke5835@gmail.com,Laura Clarke,VIC,true,2023-03-10,2024-07-17
C02251,daniel.campbell7160@icloud.com,Daniel Campbell,NSW,false,2025-11-16,2026-04-16
C02252,mary.scott8006@outlook.com,Mary Scott,VIC,true,2021-08-11,2024-07-11
C02253,karen.robinson6361@yahoo.com.au,Karen Robinson,NSW,true,2023-10-07,2024-05-16
C02254,stephanie.thompson3840@outlook.com,Stephanie Thompson,SA,true,2025-08-17,2026-02-23
C02255,anthony.mitchell529@icloud.com,Anthony Mitchell,VIC,true,2026-06-20,2026-07-02
C02256,andrew.wilson8500@outlook.com,Andrew Wilson,WA,true,2021-10-17,2021-11-13
C02257,jessica.campbell2401@outlook.com,Jessica Campbell,NSW,true,2022-12-22,2023-06-10
C02258,amanda.obrien950@bigpond.com,Amanda OBrien,VIC,true,2025-02-04,2025-02-05
C02259,susan.johnson8392@yahoo.com.au,Susan Johnson,VIC,true,2026-01-12,2026-05-16
C02260,samantha.thompson287@bigpond.com,Samantha Thompson,VIC,true,2022-04-07,2023-04-18
C02261,thomas.anderson7267@yahoo.com.au,Thomas Anderson,VIC,true,2026-03-18,2026-04-01
C02262,patricia.khan4777@hotmail.com,Patricia Khan,VIC,true,2025-02-19,2025-06-02
C02263,priya.robinson3407@hotmail.com,Priya Robinson,NSW,true,2025-09-07,2026-03-05
C02264,joseph.costa1021@icloud.com,Joseph Costa,NSW,true,2023-03-09,2024-10-27
C02265,mary.ryan1889@hotmail.com,Mary Ryan,NSW,true,2025-01-24,2026-03-13
C02266,helen.zhang1790@gmail.com,Helen Zhang,QLD,true,2021-09-07,2022-12-21
C02267,deborah.baker1120@hotmail.com,Deborah Baker,ACT,true,2024-11-30,2025-04-08
C02268,ming.ryan6202@yahoo.com.au,Ming Ryan,QLD,true,2023-09-28,2026-02-18
C02269,rachel.turner2485@icloud.com,Rachel Turner,VIC,true,2023-12-28,2024-01-21
C02270,ming.tanaka3600@icloud.com,Ming Tanaka,NSW,true,2024-01-12,2024-05-28
C02271,michelle.kelly9540@outlook.com,Michelle Kelly,VIC,true,2021-09-04,2021-09-14
C02272,mary.smith7434@outlook.com,Mary Smith,VIC,true,2024-02-12,2026-06-04
C02273,helen.evans313@outlook.com,Helen Evans,VIC,true,2025-11-04,2025-12-02
C02274,joshua.white4781@outlook.com,Joshua White,VIC,true,2025-10-30,2025-12-24
C02275,robert.campbell3870@gmail.com,Robert Campbell,NSW,true,2022-05-09,2024-04-21
C02276,raj.brown2772@outlook.com,Raj Brown,VIC,true,2025-07-30,2026-04-30
C02277,kevin.johnson4596@bigpond.com,Kevin Johnson,VIC,true,2023-06-30,2026-04-13
C02278,rebecca.thompson831@icloud.com,Rebecca Thompson,NSW,true,2022-07-08,2024-05-04
C02279,brian.wang9171@hotmail.com,Brian Wang,VIC,true,2024-07-15,2025-10-08
C02280,daniel.tanaka4343@outlook.com,Daniel Tanaka,NSW,true,2022-05-08,2024-11-15
C02281,linda.walker406@bigpond.com,Linda Walker,SA,true,2024-12-24,2025-11-30
C02282,fatima.wright4187@gmail.com,Fatima Wright,VIC,true,2024-02-04,2025-10-13
C02283,nancy.bell5016@outlook.com,Nancy Bell,SA,true,2026-05-05,2026-05-09
C02284,sandra.sato6052@bigpond.com,Sandra Sato,NSW,true,2024-07-05,2025-03-28
C02285,andrew.nguyen1239@gmail.com,Andrew Nguyen,VIC,true,2022-01-01,2026-02-06
C02286,nancy.lee8836@icloud.com,Nancy Lee,VIC,true,2024-01-02,2025-04-21
C02287,richard.scott2331@hotmail.com,Richard Scott,VIC,true,2022-06-13,2023-01-03
C02288,olivia.campbell1813@hotmail.com,Olivia Campbell,VIC,true,2024-07-06,2025-04-25
C02289,katherine.obrien3752@outlook.com,Katherine OBrien,ACT,true,2022-03-26,2022-09-24
C02290,patricia.murphy9705@yahoo.com.au,Patricia Murphy,VIC,false,2025-05-17,2026-04-08
C02291,emily.clarke1815@yahoo.com.au,Emily Clarke,VIC,false,2025-05-28,2025-08-02
C02292,yuki.harris5264@yahoo.com.au,Yuki Harris,VIC,true,2024-12-06,2025-06-24
C02293,michelle.lee1573@yahoo.com.au,Michelle Lee,NSW,true,2025-01-19,2026-03-10
C02294,marco.tran3835@gmail.com,Marco Tran,VIC,true,2023-06-21,2024-06-20
C02295,lisa.sato7798@outlook.com,Lisa Sato,VIC,true,2023-12-10,2026-04-04
C02296,steven.williams8904@hotmail.com,Steven Williams,VIC,true,2023-10-10,2025-01-12
C02297,sandra.robinson657@yahoo.com.au,Sandra Robinson,NSW,true,2022-07-20,2025-02-04
C02298,emma.tanaka5817@hotmail.com,Emma Tanaka,VIC,true,2023-06-22,2025-04-25
C02299,melissa.turner7139@yahoo.com.au,Melissa Turner,VIC,true,2025-11-15,2026-06-09
C02300,mark.adams3103@bigpond.com,Mark Adams,NSW,true,2023-03-18,2026-03-04
C02301,catherine.collins7694@icloud.com,Catherine Collins,ACT,true,2022-09-18,2025-11-15
C02302,marco.johnson6228@bigpond.com,Marco Johnson,WA,true,2022-08-22,2022-12-07
C02303,emma.wang791@hotmail.com,Emma Wang,NSW,true,2023-05-12,2025-11-28
C02304,jessica.brown7751@icloud.com,Jessica Brown,NSW,false,2025-11-11,2025-11-30
C02305,andrew.nguyen4646@outlook.com,Andrew Nguyen,TAS,true,2022-11-08,2025-07-16
C02306,steven.wilson5129@outlook.com,Steven Wilson,QLD,true,2022-08-03,2024-02-16
C02307,rebecca.bell3738@outlook.com,Rebecca Bell,VIC,true,2023-02-09,2023-02-14
C02308,joshua.zhang7701@gmail.com,Joshua Zhang,QLD,true,2022-10-30,2025-07-18
C02309,charles.campbell5232@bigpond.com,Charles Campbell,TAS,true,2024-05-18,2025-10-02
C02310,margaret.collins8488@icloud.com,Margaret Collins,WA,true,2024-03-25,2026-06-06
C02311,katherine.singh1415@hotmail.com,Katherine Singh,VIC,true,2023-07-28,2026-04-07
C02312,catherine.jones6364@yahoo.com.au,Catherine Jones,NSW,true,2021-12-02,2023-04-29
C02313,marco.zhang2838@hotmail.com,Marco Zhang,VIC,true,2021-12-15,2025-08-15
C02314,giulia.collins7583@icloud.com,Giulia Collins,QLD,true,2025-03-25,2025-05-20
C02315,sandra.walker2991@icloud.com,Sandra Walker,NSW,true,2024-10-13,2025-12-09
C02316,robert.baker9224@icloud.com,Robert Baker,NSW,true,2025-07-27,2026-06-05
C02317,raj.tran1594@outlook.com,Raj Tran,VIC,true,2021-09-01,2022-03-27
C02318,mark.evans3442@bigpond.com,Mark Evans,VIC,true,2023-05-20,2024-12-04
C02319,thomas.singh5421@hotmail.com,Thomas Singh,TAS,true,2024-06-16,2025-07-16
C02320,stephanie.turner6507@gmail.com,Stephanie Turner,VIC,true,2023-11-16,2025-03-01
C02321,robert.tanaka8216@gmail.com,Robert Tanaka,VIC,true,2026-03-20,2026-03-22
C02322,james.stewart4056@outlook.com,James Stewart,TAS,true,2023-05-14,2024-05-15
C02323,matthew.edwards4874@icloud.com,Matthew Edwards,VIC,true,2023-10-31,2025-06-19
C02324,steven.pham3743@yahoo.com.au,Steven Pham,SA,true,2022-01-25,2026-04-21
C02325,william.thompson5670@bigpond.com,William Thompson,QLD,true,2024-09-07,2026-07-02
C02326,andrew.white1527@hotmail.com,Andrew White,VIC,true,2025-12-11,2026-03-09
C02327,hiro.walker3535@yahoo.com.au,Hiro Walker,WA,true,2022-07-22,2023-06-26
C02328,andrew.liu1913@gmail.com,Andrew Liu,NSW,true,2021-08-30,2023-04-06
C02329,catherine.zhang3274@outlook.com,Catherine Zhang,QLD,true,2022-01-02,2023-12-01
C02330,patricia.murphy30@bigpond.com,Patricia Murphy,TAS,true,2026-02-11,2026-05-27
C02331,patricia.singh9079@icloud.com,Patricia Singh,VIC,true,2024-09-16,2025-04-18
C02332,katherine.stewart8038@outlook.com,Katherine Stewart,VIC,true,2022-06-26,2024-06-15
C02333,priya.taylor2519@outlook.com,Priya Taylor,VIC,true,2024-06-07,2025-12-06
C02334,yuki.scott7530@hotmail.com,Yuki Scott,NSW,true,2025-05-22,2026-04-24
C02335,elizabeth.baker4613@yahoo.com.au,Elizabeth Baker,VIC,true,2025-02-11,2026-05-07
C02336,amanda.pham7163@yahoo.com.au,Amanda Pham,VIC,true,2022-08-25,2025-11-02
C02337,ahmed.walker828@bigpond.com,Ahmed Walker,NSW,true,2025-11-26,2026-03-20
C02338,charles.stewart765@outlook.com,Charles Stewart,ACT,true,2024-05-31,2025-10-24
C02339,ashley.johnson1936@icloud.com,Ashley Johnson,ACT,true,2023-10-26,2024-05-28
C02340,rebecca.white2585@outlook.com,Rebecca White,QLD,true,2024-07-25,2024-10-10
C02341,jessica.edwards3589@outlook.com,Jessica Edwards,WA,true,2026-01-15,2026-01-25
C02342,george.ryan22@gmail.com,George Ryan,VIC,true,2021-12-14,2021-12-27
C02343,michelle.taylor5608@gmail.com,Michelle Taylor,NSW,true,2022-12-14,2025-06-07
C02344,giulia.lee5976@yahoo.com.au,Giulia Lee,NSW,true,2025-10-31,2026-03-19
C02345,susan.kumar4133@gmail.com,Susan Kumar,TAS,true,2025-08-16,2025-11-19
C02346,wei.tran1295@hotmail.com,Wei Tran,QLD,true,2023-05-31,2025-03-05
C02347,marco.obrien8727@gmail.com,Marco OBrien,VIC,true,2023-11-06,2025-05-03
C02348,jessica.hall4681@yahoo.com.au,Jessica Hall,NSW,true,2022-04-25,2023-12-29
C02349,raj.turner9551@hotmail.com,Raj Turner,QLD,true,2022-04-08,2023-05-19
C02350,christine.anderson5763@bigpond.com,Christine Anderson,NSW,true,2022-08-16,2024-05-01
C02351,joseph.sato6306@icloud.com,Joseph Sato,QLD,true,2025-06-22,2026-01-08
C02352,david.mitchell1811@hotmail.com,David Mitchell,ACT,false,2024-09-15,2025-08-16
C02353,mary.taylor7266@gmail.com,Mary Taylor,QLD,true,2022-09-11,2024-08-24
C02354,mark.bell5688@icloud.com,Mark Bell,VIC,true,2022-06-01,2025-05-28
C02355,jennifer.brown3866@icloud.com,Jennifer Brown,VIC,true,2022-07-19,2025-12-25
C02356,olivia.chen9496@hotmail.com,Olivia Chen,VIC,true,2024-10-20,2025-03-20
C02357,matthew.williams4207@hotmail.com,Matthew Williams,VIC,true,2022-04-27,2023-06-17
C02358,marco.sato8670@yahoo.com.au,Marco Sato,VIC,true,2024-10-22,2024-11-17
C02359,priya.zhang2509@yahoo.com.au,Priya Zhang,QLD,true,2026-06-26,2026-07-02
C02360,stephanie.walker5130@yahoo.com.au,Stephanie Walker,VIC,true,2023-08-20,2026-01-23
C02361,raj.bell9311@bigpond.com,Raj Bell,VIC,true,2023-01-19,2025-03-20
C02362,raj.wang8860@icloud.com,Raj Wang,VIC,true,2021-08-04,2025-02-15
C02363,jessica.edwards9921@hotmail.com,Jessica Edwards,VIC,true,2025-01-19,2026-03-31
C02364,emily.evans1345@icloud.com,Emily Evans,NSW,true,2021-12-25,2024-10-16
C02365,karen.wang3346@yahoo.com.au,Karen Wang,VIC,true,2023-07-22,2023-11-25
C02366,michelle.sato3435@gmail.com,Michelle Sato,NSW,true,2021-11-10,2022-06-11
C02367,marco.robinson3810@outlook.com,Marco Robinson,QLD,true,2021-12-22,2023-10-25
C02368,wei.collins1872@hotmail.com,Wei Collins,NSW,true,2023-04-19,2024-11-21
C02369,joshua.edwards2069@yahoo.com.au,Joshua Edwards,NSW,true,2021-10-18,2024-11-07
C02370,matthew.costa5990@hotmail.com,Matthew Costa,VIC,true,2025-04-08,2026-03-13
C02371,timothy.scott8854@outlook.com,Timothy Scott,SA,true,2024-08-07,2025-11-06
C02372,olivia.white4087@bigpond.com,Olivia White,QLD,true,2025-06-13,2025-09-02
C02373,hiro.liu4860@hotmail.com,Hiro Liu,NSW,true,2024-11-14,2026-04-03
C02374,catherine.khan217@gmail.com,Catherine Khan,TAS,true,2022-06-11,2025-04-25
C02375,david.pham9587@bigpond.com,David Pham,NSW,true,2024-11-06,2025-07-16
C02376,daniel.williams344@hotmail.com,Daniel Williams,ACT,true,2023-06-29,2026-05-11
C02377,thomas.costa26@yahoo.com.au,Thomas Costa,WA,true,2025-07-13,2025-07-13
C02378,helen.chen8767@icloud.com,Helen Chen,NSW,true,2025-09-09,2025-12-01
C02379,joseph.rossi9767@bigpond.com,Joseph Rossi,NSW,true,2023-09-10,2024-10-07
C02380,giulia.khan2027@gmail.com,Giulia Khan,VIC,true,2023-08-12,2024-11-03
C02381,kevin.white5429@yahoo.com.au,Kevin White,VIC,true,2024-06-08,2025-05-26
C02382,melissa.ryan9181@outlook.com,Melissa Ryan,NSW,true,2021-08-03,2022-06-25
C02383,matthew.mitchell3437@gmail.com,Matthew Mitchell,VIC,true,2025-09-07,2026-03-08
C02384,deborah.walker4185@bigpond.com,Deborah Walker,NSW,true,2021-11-04,2026-06-06
C02385,raj.nguyen8521@outlook.com,Raj Nguyen,VIC,true,2022-07-30,2023-12-06
C02386,marco.turner8921@yahoo.com.au,Marco Turner,QLD,true,2023-09-22,2025-10-15
C02387,sarah.taylor5793@bigpond.com,Sarah Taylor,NSW,true,2025-07-13,2025-12-28
C02388,marco.brown7280@outlook.com,Marco Brown,ACT,true,2021-07-11,2023-04-21
C02389,daniel.clarke694@icloud.com,Daniel Clarke,QLD,true,2024-02-12,2025-04-28
C02390,margaret.johnson8056@yahoo.com.au,Margaret Johnson,VIC,true,2025-04-23,2026-06-23
C02391,deborah.kelly2676@hotmail.com,Deborah Kelly,VIC,true,2025-10-30,2025-12-30
C02392,sandra.nguyen9604@bigpond.com,Sandra Nguyen,VIC,true,2025-01-13,2025-04-13
C02393,rebecca.ryan282@yahoo.com.au,Rebecca Ryan,VIC,true,2022-05-14,2025-01-21
C02394,andrew.clarke1674@outlook.com,Andrew Clarke,VIC,false,2023-04-11,2024-10-15
C02395,katherine.liu1070@icloud.com,Katherine Liu,VIC,true,2022-06-18,2023-01-04
C02396,karen.sato8737@icloud.com,Karen Sato,QLD,true,2021-10-30,2026-04-24
C02397,ahmed.chen2264@yahoo.com.au,Ahmed Chen,NSW,false,2026-03-25,2026-04-26
C02398,laura.singh7565@yahoo.com.au,Laura Singh,ACT,true,2026-03-26,2026-06-08
C02399,marco.robinson8100@bigpond.com,Marco Robinson,NSW,true,2023-07-14,2025-07-08
C02400,christine.khan544@icloud.com,Christine Khan,VIC,true,2024-11-21,2026-02-05
C02401,emily.edwards8439@bigpond.com,Emily Edwards,VIC,false,2026-05-12,2026-05-21
C02402,emma.stewart4532@bigpond.com,Emma Stewart,VIC,true,2025-05-18,2025-07-10
C02403,wei.martin8940@hotmail.com,Wei Martin,TAS,true,2025-03-29,2025-04-24
C02404,christine.wilson5442@bigpond.com,Christine Wilson,VIC,true,2025-02-24,2025-03-03
C02405,rebecca.harris4698@yahoo.com.au,Rebecca Harris,VIC,true,2026-05-08,2026-05-20
C02406,daniel.white8705@hotmail.com,Daniel White,VIC,true,2022-02-04,2025-08-15
C02407,joshua.jones9472@icloud.com,Joshua Jones,NSW,true,2023-04-13,2024-06-12
C02408,michelle.collins3480@bigpond.com,Michelle Collins,NSW,true,2024-11-27,2025-10-26
C02409,steven.nguyen1646@yahoo.com.au,Steven Nguyen,SA,true,2025-06-30,2026-03-04
C02410,jennifer.stewart6537@bigpond.com,Jennifer Stewart,VIC,true,2025-06-24,2025-08-14
C02411,wei.wright1536@hotmail.com,Wei Wright,VIC,false,2022-10-22,2024-07-17
C02412,hiro.rossi28@hotmail.com,Hiro Rossi,VIC,true,2025-05-05,2025-05-20
C02413,marco.brown4313@bigpond.com,Marco Brown,VIC,true,2022-07-13,2024-09-03
C02414,laura.stewart2724@icloud.com,Laura Stewart,VIC,true,2021-10-12,2021-12-23
C02415,brian.tanaka8551@hotmail.com,Brian Tanaka,VIC,true,2024-04-19,2026-05-06
C02416,charles.walker8093@hotmail.com,Charles Walker,NSW,false,2025-06-05,2025-12-29
C02417,marco.white9836@yahoo.com.au,Marco White,QLD,true,2026-01-30,2026-03-14
C02418,lisa.wang5317@icloud.com,Lisa Wang,SA,true,2021-09-14,2022-04-04
C02419,emily.pham3832@hotmail.com,Emily Pham,VIC,true,2021-11-13,2024-07-01
C02420,anthony.ryan8795@outlook.com,Anthony Ryan,NSW,true,2026-04-10,2026-04-23
C02421,matthew.costa8104@hotmail.com,Matthew Costa,VIC,true,2023-03-24,2024-02-14
C02422,andrew.bell1656@bigpond.com,Andrew Bell,VIC,true,2024-07-22,2026-03-19
C02423,mary.zhang7720@bigpond.com,Mary Zhang,VIC,true,2025-05-15,2025-06-24
C02424,raj.robinson3944@yahoo.com.au,Raj Robinson,ACT,true,2024-04-23,2025-05-28
C02425,katherine.bell4777@hotmail.com,Katherine Bell,VIC,true,2024-09-01,2026-06-14
C02426,jennifer.liu3484@outlook.com,Jennifer Liu,VIC,true,2026-04-24,2026-05-20
C02427,thomas.tran2453@hotmail.com,Thomas Tran,NSW,true,2022-07-13,2025-01-31
C02428,stephanie.robinson5484@hotmail.com,Stephanie Robinson,NSW,true,2026-05-06,2026-05-14
C02429,yuki.murphy4474@gmail.com,Yuki Murphy,ACT,true,2022-08-29,2026-03-30
C02430,laura.wang9711@yahoo.com.au,Laura Wang,VIC,true,2022-06-27,2024-06-01
C02431,rebecca.anderson3661@hotmail.com,Rebecca Anderson,WA,false,2026-02-19,2026-06-25
C02432,charles.lee6638@outlook.com,Charles Lee,NSW,true,2023-10-05,2023-10-26
C02433,margaret.anderson7327@yahoo.com.au,Margaret Anderson,VIC,true,2022-09-25,2026-01-03
C02434,yuki.wang6210@outlook.com,Yuki Wang,NSW,true,2022-07-03,2023-03-13
C02435,steven.kelly6203@bigpond.com,Steven Kelly,VIC,true,2024-11-14,2026-05-14
C02436,richard.smith6723@yahoo.com.au,Richard Smith,VIC,true,2026-06-13,2026-06-29
C02437,priya.brown3223@bigpond.com,Priya Brown,VIC,false,2024-08-16,2024-10-23
C02438,kevin.harris5379@yahoo.com.au,Kevin Harris,VIC,true,2022-05-25,2026-02-23
C02439,kevin.collins2136@bigpond.com,Kevin Collins,VIC,false,2025-03-10,2025-12-07
C02440,amanda.wilson6475@bigpond.com,Amanda Wilson,QLD,true,2022-12-01,2025-09-29
C02441,emily.kelly8247@hotmail.com,Emily Kelly,TAS,true,2023-09-25,2026-05-23
C02442,andrew.sato8321@yahoo.com.au,Andrew Sato,VIC,true,2026-01-11,2026-05-14
C02443,ahmed.taylor949@icloud.com,Ahmed Taylor,QLD,true,2023-06-16,2024-06-22
C02444,michelle.edwards4615@bigpond.com,Michelle Edwards,VIC,true,2026-01-16,2026-05-12
C02445,katherine.bell5795@gmail.com,Katherine Bell,NSW,true,2022-05-08,2022-07-31
C02446,stephanie.king3030@outlook.com,Stephanie King,ACT,true,2025-01-23,2026-02-18
C02447,linda.martin9074@gmail.com,Linda Martin,QLD,true,2026-04-04,2026-05-03
C02448,lisa.wang4057@icloud.com,Lisa Wang,VIC,true,2022-06-27,2024-05-23
C02449,amanda.turner9909@hotmail.com,Amanda Turner,VIC,true,2025-06-01,2025-10-28
C02450,ashley.khan3757@icloud.com,Ashley Khan,VIC,true,2025-03-04,2025-06-10
C02451,anthony.smith128@bigpond.com,Anthony Smith,VIC,true,2021-11-01,2025-07-27
C02452,raj.white1853@gmail.com,Raj White,NSW,true,2024-09-26,2026-04-16
C02453,nancy.sato4858@yahoo.com.au,Nancy Sato,VIC,true,2024-09-26,2024-10-29
C02454,thomas.rossi5588@yahoo.com.au,Thomas Rossi,VIC,false,2023-09-27,2025-12-25
C02455,emma.wilson4634@hotmail.com,Emma Wilson,VIC,true,2024-11-03,2026-05-22
C02456,wei.brown2975@outlook.com,Wei Brown,VIC,true,2025-08-19,2026-03-12
C02457,emily.evans956@outlook.com,Emily Evans,VIC,true,2022-01-03,2024-10-18
C02458,ming.turner5151@yahoo.com.au,Ming Turner,VIC,true,2026-04-27,2026-06-06
C02459,steven.stewart6500@yahoo.com.au,Steven Stewart,TAS,true,2025-10-14,2025-11-16
C02460,sarah.evans3770@bigpond.com,Sarah Evans,VIC,true,2022-08-12,2024-09-19
C02461,sandra.kumar9812@hotmail.com,Sandra Kumar,NSW,true,2025-12-01,2026-07-01
C02462,laura.thompson5341@icloud.com,Laura Thompson,VIC,true,2023-01-21,2024-05-22
C02463,andrew.jones3261@outlook.com,Andrew Jones,NSW,true,2024-04-10,2024-04-27
C02464,ashley.zhang3147@hotmail.com,Ashley Zhang,VIC,true,2022-08-10,2022-08-17
C02465,margaret.obrien4602@icloud.com,Margaret OBrien,VIC,false,2024-02-23,2024-08-28
C02466,marco.williams6327@icloud.com,Marco Williams,VIC,true,2024-05-11,2025-12-20
C02467,marco.adams6164@hotmail.com,Marco Adams,NSW,true,2023-02-01,2023-07-01
C02468,ahmed.liu3555@outlook.com,Ahmed Liu,VIC,false,2021-09-30,2023-12-09
C02469,giulia.rossi7262@hotmail.com,Giulia Rossi,VIC,true,2022-03-11,2025-05-19
C02470,ahmed.kelly360@hotmail.com,Ahmed Kelly,NSW,true,2022-10-15,2023-10-15
C02471,susan.wright9789@icloud.com,Susan Wright,WA,true,2021-11-01,2024-06-02
C02472,melissa.scott1060@outlook.com,Melissa Scott,NSW,true,2022-03-24,2023-01-02
C02473,ashley.green1600@hotmail.com,Ashley Green,VIC,true,2024-03-03,2025-12-18
C02474,stephanie.khan5861@icloud.com,Stephanie Khan,VIC,true,2021-09-24,2024-01-04
C02475,sarah.collins270@yahoo.com.au,Sarah Collins,VIC,false,2021-07-20,2025-10-12
C02476,michelle.green5043@hotmail.com,Michelle Green,VIC,true,2022-04-17,2024-07-31
C02477,jennifer.walker6761@hotmail.com,Jennifer Walker,VIC,false,2025-06-21,2025-07-17
C02478,ashley.thompson3387@icloud.com,Ashley Thompson,NSW,true,2023-09-21,2024-03-18
C02479,emily.harris261@yahoo.com.au,Emily Harris,VIC,true,2022-03-21,2026-04-28
C02480,amanda.brown2229@icloud.com,Amanda Brown,ACT,true,2024-06-24,2024-10-24
C02481,sandra.harris9399@hotmail.com,Sandra Harris,NSW,true,2026-01-03,2026-03-09
C02482,david.chen7043@outlook.com,David Chen,NSW,true,2023-05-15,2024-05-08
C02483,ashley.harris362@yahoo.com.au,Ashley Harris,VIC,false,2023-01-31,2023-12-24
C02484,rachel.nguyen5050@hotmail.com,Rachel Nguyen,VIC,true,2023-08-09,2025-09-29
C02485,james.tanaka4265@icloud.com,James Tanaka,VIC,true,2022-07-09,2023-11-24
C02486,lisa.taylor1212@gmail.com,Lisa Taylor,VIC,true,2023-11-15,2026-03-03
C02487,raj.costa8299@bigpond.com,Raj Costa,SA,false,2022-01-27,2023-01-12
C02488,fatima.turner8124@hotmail.com,Fatima Turner,VIC,true,2026-06-18,2026-06-24
C02489,olivia.liu8398@yahoo.com.au,Olivia Liu,TAS,true,2024-08-07,2025-03-22
C02490,rachel.collins5084@hotmail.com,Rachel Collins,NSW,true,2025-12-03,2026-02-27
C02491,robert.walker7289@gmail.com,Robert Walker,VIC,true,2024-07-06,2026-05-27
C02492,kevin.ali9068@yahoo.com.au,Kevin Ali,VIC,true,2026-04-18,2026-05-01
C02493,joshua.lee8588@gmail.com,Joshua Lee,VIC,true,2022-08-29,2024-01-03
C02494,daniel.turner4841@icloud.com,Daniel Turner,VIC,true,2023-07-17,2024-04-22
C02495,emily.sato7052@icloud.com,Emily Sato,NSW,true,2024-09-21,2026-02-18
C02496,samantha.brown3429@hotmail.com,Samantha Brown,WA,false,2023-04-05,2024-06-23
C02497,richard.johnson5183@gmail.com,Richard Johnson,VIC,true,2022-10-13,2026-06-09
C02498,ming.costa2893@outlook.com,Ming Costa,VIC,true,2023-04-09,2024-07-30
C02499,joshua.brown1410@icloud.com,Joshua Brown,VIC,true,2022-01-17,2024-12-01
C02500,amanda.chen1869@hotmail.com,Amanda Chen,VIC,true,2022-09-07,2024-02-06
C02501,brian.king7833@outlook.com,Brian King,VIC,true,2024-11-23,2025-12-09
C02502,rachel.adams8829@gmail.com,Rachel Adams,VIC,true,2025-05-16,2026-04-01
C02503,jessica.clarke7981@bigpond.com,Jessica Clarke,NSW,true,2022-07-15,2025-07-17
C02504,nancy.williams7921@hotmail.com,Nancy Williams,WA,true,2024-05-28,2025-10-08
C02505,joshua.walker3735@outlook.com,Joshua Walker,VIC,true,2025-07-20,2025-11-24
C02506,stephanie.costa6170@bigpond.com,Stephanie Costa,VIC,true,2023-09-21,2023-10-05
C02507,emma.wilson3767@yahoo.com.au,Emma Wilson,VIC,true,2025-12-13,2026-04-19
C02508,margaret.zhang7791@gmail.com,Margaret Zhang,VIC,true,2024-06-21,2025-02-02
C02509,rachel.baker2386@hotmail.com,Rachel Baker,VIC,true,2022-07-05,2023-04-26
C02510,laura.clarke857@outlook.com,Laura Clarke,VIC,true,2024-10-04,2025-10-26
C02511,thomas.mitchell4276@gmail.com,Thomas Mitchell,VIC,true,2021-09-02,2025-12-06
C02512,margaret.mitchell7806@icloud.com,Margaret Mitchell,VIC,true,2024-01-06,2024-04-25
C02513,steven.rossi2194@hotmail.com,Steven Rossi,TAS,true,2022-02-07,2023-05-14
C02514,yuki.martin6072@yahoo.com.au,Yuki Martin,VIC,true,2022-03-02,2025-10-20
C02515,jessica.taylor4764@icloud.com,Jessica Taylor,NSW,true,2022-12-12,2023-01-18
C02516,deborah.white8921@hotmail.com,Deborah White,ACT,true,2026-04-18,2026-06-09
C02517,james.brown5757@outlook.com,James Brown,QLD,true,2025-12-17,2026-01-26
C02518,william.evans3438@icloud.com,William Evans,VIC,true,2024-03-16,2025-12-16
C02519,steven.wang3723@yahoo.com.au,Steven Wang,VIC,true,2024-03-19,2025-07-07
C02520,amanda.anderson6099@outlook.com,Amanda Anderson,QLD,true,2022-05-23,2024-01-17
C02521,priya.tran3351@gmail.com,Priya Tran,VIC,true,2025-11-13,2025-12-25
C02522,sarah.lee7564@icloud.com,Sarah Lee,VIC,true,2025-10-07,2026-03-26
C02523,brian.chen5424@gmail.com,Brian Chen,VIC,true,2024-04-07,2024-05-24
C02524,mark.kumar5561@icloud.com,Mark Kumar,NSW,true,2025-12-02,2026-03-20
C02525,timothy.kelly7550@gmail.com,Timothy Kelly,VIC,true,2021-09-10,2025-06-04
C02526,mary.stewart1656@yahoo.com.au,Mary Stewart,NSW,true,2021-12-17,2023-03-22
C02527,hiro.bell8999@hotmail.com,Hiro Bell,VIC,true,2025-05-21,2026-06-22
C02528,matthew.ali1248@hotmail.com,Matthew Ali,NSW,true,2026-01-25,2026-02-07
C02529,mary.stewart7263@bigpond.com,Mary Stewart,VIC,true,2023-03-18,2023-12-24
C02530,raj.mitchell723@gmail.com,Raj Mitchell,QLD,true,2023-12-17,2025-09-08
C02531,emma.walker4221@bigpond.com,Emma Walker,NSW,true,2025-09-07,2026-01-14
C02532,marco.pham8454@icloud.com,Marco Pham,VIC,true,2023-08-17,2024-03-10
C02533,nancy.baker55@bigpond.com,Nancy Baker,QLD,false,2025-10-28,2026-06-19
C02534,ming.clarke278@bigpond.com,Ming Clarke,VIC,true,2023-08-21,2025-01-04
C02535,deborah.murphy7038@hotmail.com,Deborah Murphy,VIC,false,2023-08-25,2024-11-08
C02536,susan.kelly4627@icloud.com,Susan Kelly,NSW,true,2022-10-18,2023-10-01
C02537,joshua.bell5532@outlook.com,Joshua Bell,VIC,true,2021-09-25,2024-11-22
C02538,ashley.obrien5601@hotmail.com,Ashley OBrien,NSW,true,2025-03-12,2026-02-03
C02539,melissa.costa3886@bigpond.com,Melissa Costa,SA,true,2024-11-08,2025-06-17
C02540,melissa.murphy1838@hotmail.com,Melissa Murphy,QLD,true,2026-02-04,2026-05-23
C02541,priya.thompson902@hotmail.com,Priya Thompson,SA,true,2025-07-08,2025-10-10
C02542,charles.taylor1364@yahoo.com.au,Charles Taylor,ACT,true,2021-12-18,2025-07-06
C02543,timothy.jones5139@icloud.com,Timothy Jones,VIC,true,2022-10-29,2024-07-19
C02544,robert.stewart5087@icloud.com,Robert Stewart,NSW,true,2021-12-24,2024-06-05
C02545,stephanie.evans940@icloud.com,Stephanie Evans,VIC,true,2022-08-10,2023-08-20
C02546,margaret.lee9102@yahoo.com.au,Margaret Lee,VIC,true,2023-12-30,2024-09-18
C02547,sandra.costa5191@hotmail.com,Sandra Costa,NSW,true,2025-10-14,2026-06-02
C02548,deborah.mitchell1080@outlook.com,Deborah Mitchell,NSW,true,2023-05-14,2026-02-27
C02549,raj.johnson7181@hotmail.com,Raj Johnson,VIC,false,2025-09-02,2026-04-11
C02550,james.chen6448@outlook.com,James Chen,VIC,true,2024-11-08,2026-04-27
C02551,amanda.tran8555@gmail.com,Amanda Tran,VIC,true,2024-06-23,2025-12-02
C02552,samantha.turner8967@outlook.com,Samantha Turner,WA,false,2024-12-20,2026-04-03
C02553,yuki.zhang1927@gmail.com,Yuki Zhang,VIC,true,2026-05-02,2026-05-28
C02554,michelle.smith8887@yahoo.com.au,Michelle Smith,VIC,true,2023-08-02,2025-09-24
C02555,kevin.hall2674@outlook.com,Kevin Hall,ACT,true,2023-03-21,2025-12-13
C02556,timothy.adams4078@icloud.com,Timothy Adams,VIC,true,2025-06-10,2025-06-14
C02557,steven.johnson9783@gmail.com,Steven Johnson,NSW,true,2024-10-09,2025-11-25
C02558,rebecca.liu5567@gmail.com,Rebecca Liu,NSW,true,2026-04-19,2026-06-23
C02559,christine.ryan4254@yahoo.com.au,Christine Ryan,QLD,true,2023-05-13,2025-04-03
C02560,fatima.bell6799@hotmail.com,Fatima Bell,NSW,true,2022-01-22,2022-02-27
C02561,susan.harris8766@gmail.com,Susan Harris,VIC,false,2026-04-01,2026-05-25
C02562,david.tran489@icloud.com,David Tran,VIC,true,2024-10-10,2025-04-14
C02563,timothy.turner3890@icloud.com,Timothy Turner,TAS,true,2024-03-05,2025-12-18
C02564,patricia.murphy9929@gmail.com,Patricia Murphy,VIC,true,2021-09-09,2025-08-08
C02565,andrew.walker413@yahoo.com.au,Andrew Walker,VIC,true,2025-02-06,2026-01-22
C02566,ming.robinson4523@outlook.com,Ming Robinson,VIC,true,2023-06-06,2026-05-08
C02567,joseph.white9584@hotmail.com,Joseph White,TAS,true,2022-09-23,2023-09-24
C02568,stephanie.obrien3094@icloud.com,Stephanie OBrien,NSW,false,2024-01-15,2026-02-11
C02569,james.king3468@icloud.com,James King,QLD,true,2023-05-23,2023-06-05
C02570,matthew.wright2969@yahoo.com.au,Matthew Wright,TAS,true,2025-07-08,2025-08-31
C02571,katherine.anderson1117@yahoo.com.au,Katherine Anderson,VIC,true,2021-08-01,2024-09-06
C02572,katherine.white8552@bigpond.com,Katherine White,VIC,true,2025-01-19,2025-05-24
C02573,stephanie.smith4894@outlook.com,Stephanie Smith,QLD,true,2022-03-01,2022-07-13
C02574,mary.scott5692@bigpond.com,Mary Scott,NSW,true,2025-11-07,2026-06-09
C02575,olivia.harris7303@yahoo.com.au,Olivia Harris,NSW,true,2025-10-21,2026-04-23
C02576,rachel.ryan5217@icloud.com,Rachel Ryan,NSW,true,2025-04-06,2025-06-14
C02577,lisa.johnson904@hotmail.com,Lisa Johnson,VIC,true,2022-03-17,2023-05-10
C02578,hiro.green9648@hotmail.com,Hiro Green,SA,true,2023-11-12,2026-06-26
C02579,karen.williams3530@bigpond.com,Karen Williams,VIC,true,2025-01-31,2026-01-12
C02580,matthew.wang5768@yahoo.com.au,Matthew Wang,VIC,true,2025-10-11,2026-06-03
C02581,kevin.wilson6353@hotmail.com,Kevin Wilson,SA,true,2024-02-20,2026-05-04
C02582,andrew.adams433@yahoo.com.au,Andrew Adams,TAS,true,2026-03-29,2026-04-15
C02583,susan.adams5333@icloud.com,Susan Adams,NSW,true,2023-01-08,2026-02-14
C02584,katherine.costa9453@hotmail.com,Katherine Costa,NSW,true,2025-06-04,2025-09-27
C02585,katherine.stewart5019@outlook.com,Katherine Stewart,VIC,true,2026-04-22,2026-07-02
C02586,priya.murphy1349@bigpond.com,Priya Murphy,NSW,true,2022-05-13,2026-06-11
C02587,michelle.evans1166@gmail.com,Michelle Evans,TAS,true,2024-05-27,2024-09-14
C02588,timothy.green8573@gmail.com,Timothy Green,VIC,true,2025-12-02,2025-12-25
C02589,hiro.singh2979@outlook.com,Hiro Singh,VIC,true,2025-01-31,2025-05-10
C02590,joseph.chen5790@icloud.com,Joseph Chen,NSW,true,2026-02-12,2026-05-07
C02591,charles.sato7224@yahoo.com.au,Charles Sato,VIC,true,2024-02-11,2026-04-29
C02592,laura.ali9686@gmail.com,Laura Ali,NSW,true,2022-05-01,2023-01-01
C02593,fatima.stewart8383@icloud.com,Fatima Stewart,NSW,true,2024-04-23,2025-09-01
C02594,jessica.zhang5089@gmail.com,Jessica Zhang,VIC,true,2024-11-29,2025-03-09
C02595,christine.kumar6026@bigpond.com,Christine Kumar,NSW,true,2026-01-29,2026-02-17
C02596,richard.costa7949@icloud.com,Richard Costa,VIC,true,2025-10-16,2026-01-05
C02597,joseph.martin7541@hotmail.com,Joseph Martin,QLD,false,2023-03-09,2024-04-14
C02598,patricia.anderson6063@icloud.com,Patricia Anderson,ACT,false,2025-02-09,2025-05-03
C02599,steven.brown5413@yahoo.com.au,Steven Brown,VIC,true,2024-07-19,2024-10-24
C02600,steven.kelly8615@gmail.com,Steven Kelly,VIC,true,2021-10-30,2022-01-06
C02601,steven.lee2749@gmail.com,Steven Lee,ACT,true,2024-10-20,2024-11-08
C02602,giulia.wang8405@icloud.com,Giulia Wang,VIC,true,2022-04-30,2022-06-09
C02603,brian.kumar2135@hotmail.com,Brian Kumar,QLD,false,2022-01-28,2023-11-30
C02604,hiro.johnson5024@bigpond.com,Hiro Johnson,WA,true,2023-05-26,2025-07-18
C02605,william.rossi2256@bigpond.com,William Rossi,NSW,true,2024-04-28,2025-11-07
C02606,mark.ali7332@bigpond.com,Mark Ali,WA,false,2024-07-22,2026-01-11
C02607,marco.thompson1401@icloud.com,Marco Thompson,TAS,false,2025-06-10,2025-06-26
C02608,richard.nguyen8048@bigpond.com,Richard Nguyen,VIC,false,2025-02-26,2026-03-15
C02609,jessica.bell2231@gmail.com,Jessica Bell,VIC,true,2024-01-05,2024-04-28
C02610,mark.sato6796@hotmail.com,Mark Sato,VIC,false,2023-05-28,2025-08-10
C02611,daniel.clarke4430@hotmail.com,Daniel Clarke,NSW,true,2026-04-09,2026-04-13
C02612,rebecca.kelly7461@gmail.com,Rebecca Kelly,SA,true,2025-10-23,2026-06-13
C02613,margaret.scott734@yahoo.com.au,Margaret Scott,NSW,true,2025-10-01,2026-04-25
C02614,joshua.rossi9486@bigpond.com,Joshua Rossi,ACT,true,2026-01-10,2026-02-10
C02615,susan.chen2961@gmail.com,Susan Chen,VIC,true,2024-10-01,2025-10-08
C02616,sandra.wang1019@yahoo.com.au,Sandra Wang,VIC,true,2021-09-20,2024-09-04
C02617,william.sato3769@outlook.com,William Sato,NSW,true,2022-10-22,2025-01-09
C02618,emma.lee9702@bigpond.com,Emma Lee,VIC,true,2023-02-06,2024-04-13
C02619,wei.clarke5397@yahoo.com.au,Wei Clarke,VIC,true,2025-10-12,2026-05-01
C02620,linda.murphy8539@bigpond.com,Linda Murphy,NSW,true,2022-08-14,2025-03-11
C02621,charles.wang1396@outlook.com,Charles Wang,VIC,true,2022-01-20,2025-08-21
C02622,patricia.singh789@hotmail.com,Patricia Singh,NSW,true,2023-07-10,2024-07-12
C02623,giulia.taylor1543@yahoo.com.au,Giulia Taylor,VIC,true,2022-07-09,2023-11-25
C02624,melissa.martin3259@hotmail.com,Melissa Martin,VIC,true,2021-09-09,2024-09-30
C02625,jennifer.murphy795@gmail.com,Jennifer Murphy,NSW,true,2023-09-13,2025-10-01
C02626,amanda.taylor7228@hotmail.com,Amanda Taylor,VIC,true,2026-06-27,2026-06-27
C02627,susan.johnson5928@gmail.com,Susan Johnson,QLD,true,2024-05-14,2024-06-08
C02628,yuki.stewart7262@gmail.com,Yuki Stewart,NSW,true,2022-04-09,2025-03-28
C02629,david.baker7350@bigpond.com,David Baker,QLD,true,2022-10-23,2024-02-26
C02630,brian.stewart3589@bigpond.com,Brian Stewart,VIC,true,2024-06-17,2026-02-14
C02631,james.walker6961@yahoo.com.au,James Walker,NSW,true,2024-05-12,2024-06-08
C02632,david.king5501@yahoo.com.au,David King,VIC,true,2025-06-16,2025-11-22
C02633,susan.khan6386@outlook.com,Susan Khan,ACT,true,2022-05-15,2025-07-27
C02634,sandra.baker2507@bigpond.com,Sandra Baker,NSW,true,2023-12-15,2026-04-26
C02635,marco.scott8667@icloud.com,Marco Scott,VIC,true,2022-05-30,2023-05-11
C02636,raj.chen8509@outlook.com,Raj Chen,NSW,true,2022-10-17,2026-05-02
C02637,mark.white8013@outlook.com,Mark White,WA,true,2023-11-20,2026-06-29
C02638,priya.anderson3008@gmail.com,Priya Anderson,VIC,true,2025-12-01,2026-05-02
C02639,karen.pham6048@gmail.com,Karen Pham,VIC,true,2025-02-28,2026-03-22
C02640,daniel.campbell5000@icloud.com,Daniel Campbell,ACT,true,2024-10-25,2025-11-14
C02641,sarah.white1502@gmail.com,Sarah White,TAS,true,2025-05-31,2026-01-22
C02642,patricia.nguyen7704@gmail.com,Patricia Nguyen,NSW,true,2025-06-07,2025-10-14
C02643,ahmed.costa9863@outlook.com,Ahmed Costa,NSW,true,2024-04-09,2025-11-20
C02644,hiro.zhang5789@hotmail.com,Hiro Zhang,QLD,true,2023-05-04,2026-04-30
C02645,ahmed.edwards869@icloud.com,Ahmed Edwards,VIC,true,2023-09-27,2025-03-31
C02646,yuki.adams8728@yahoo.com.au,Yuki Adams,VIC,true,2024-07-23,2025-12-11
C02647,robert.wright172@yahoo.com.au,Robert Wright,QLD,true,2021-08-10,2024-07-25
C02648,katherine.wang560@hotmail.com,Katherine Wang,NSW,false,2026-01-04,2026-01-07
C02649,anthony.walker7090@bigpond.com,Anthony Walker,QLD,true,2023-01-26,2025-03-14
C02650,fatima.edwards5972@yahoo.com.au,Fatima Edwards,VIC,true,2025-04-12,2026-03-26
C02651,susan.king2571@icloud.com,Susan King,VIC,true,2025-07-01,2026-02-05
C02652,stephanie.adams9010@outlook.com,Stephanie Adams,NSW,true,2021-10-06,2023-01-12
C02653,joshua.smith788@gmail.com,Joshua Smith,QLD,true,2023-06-11,2024-06-26
C02654,lisa.anderson3275@outlook.com,Lisa Anderson,WA,true,2026-05-31,2026-06-10
C02655,melissa.adams3703@yahoo.com.au,Melissa Adams,NSW,true,2022-05-25,2024-04-29
C02656,linda.brown4709@bigpond.com,Linda Brown,VIC,true,2023-08-07,2026-03-06
C02657,stephanie.singh6070@bigpond.com,Stephanie Singh,NSW,true,2024-12-14,2026-01-11
C02658,mark.tran4500@bigpond.com,Mark Tran,VIC,true,2022-10-07,2024-11-30
C02659,emily.baker8834@hotmail.com,Emily Baker,VIC,true,2024-08-07,2025-03-18
C02660,robert.campbell1962@hotmail.com,Robert Campbell,ACT,true,2024-06-29,2024-11-25
C02661,mark.costa3973@outlook.com,Mark Costa,SA,true,2025-12-29,2026-06-07
C02662,emma.rossi2847@outlook.com,Emma Rossi,VIC,true,2022-11-30,2022-12-26
C02663,fatima.singh7116@outlook.com,Fatima Singh,NSW,true,2023-05-07,2025-10-10
C02664,andrew.tran7221@yahoo.com.au,Andrew Tran,NSW,true,2026-01-24,2026-01-30
C02665,andrew.harris1920@icloud.com,Andrew Harris,VIC,true,2025-03-12,2025-09-06
C02666,catherine.pham2434@hotmail.com,Catherine Pham,VIC,true,2024-10-14,2025-09-11
C02667,brian.wang6074@gmail.com,Brian Wang,NSW,true,2025-11-07,2026-01-05
C02668,wei.mitchell2157@outlook.com,Wei Mitchell,WA,true,2022-06-29,2022-10-18
C02669,matthew.costa5079@outlook.com,Matthew Costa,VIC,true,2025-12-18,2026-05-21
C02670,wei.wright2176@hotmail.com,Wei Wright,QLD,true,2023-04-29,2025-07-05
C02671,jessica.zhang3381@yahoo.com.au,Jessica Zhang,VIC,true,2024-05-10,2025-03-24
C02672,george.stewart3503@outlook.com,George Stewart,WA,true,2026-01-07,2026-03-16
C02673,anthony.green150@outlook.com,Anthony Green,NSW,true,2023-06-25,2024-11-21
C02674,ahmed.obrien282@gmail.com,Ahmed OBrien,VIC,true,2026-01-27,2026-04-21
C02675,hiro.collins5043@outlook.com,Hiro Collins,VIC,true,2024-08-23,2025-05-01
C02676,emily.clarke4839@gmail.com,Emily Clarke,VIC,true,2023-05-25,2023-06-19
C02677,margaret.murphy6599@hotmail.com,Margaret Murphy,VIC,true,2022-05-28,2022-06-07
C02678,marco.pham9497@yahoo.com.au,Marco Pham,NSW,true,2025-05-07,2025-07-11
C02679,linda.jones9254@hotmail.com,Linda Jones,NSW,true,2022-03-31,2025-10-13
C02680,jennifer.harris2432@hotmail.com,Jennifer Harris,QLD,true,2025-09-01,2026-05-10
C02681,thomas.green9670@bigpond.com,Thomas Green,VIC,true,2026-04-10,2026-06-02
C02682,marco.walker6709@outlook.com,Marco Walker,NSW,true,2023-04-11,2024-07-28
C02683,laura.sato4882@outlook.com,Laura Sato,VIC,true,2023-01-30,2024-06-24
C02684,mary.ali5984@hotmail.com,Mary Ali,VIC,true,2021-08-04,2024-04-05
C02685,mary.smith7039@gmail.com,Mary Smith,SA,true,2025-06-05,2025-07-24
C02686,ahmed.anderson5124@gmail.com,Ahmed Anderson,NSW,true,2025-12-12,2026-03-06
C02687,ashley.martin3607@hotmail.com,Ashley Martin,NSW,true,2022-11-02,2025-11-30
C02688,patricia.martin4@gmail.com,Patricia Martin,QLD,false,2023-05-27,2024-02-28
C02689,hiro.smith4946@icloud.com,Hiro Smith,VIC,true,2024-05-24,2025-03-28
C02690,melissa.obrien3365@outlook.com,Melissa OBrien,VIC,true,2025-07-25,2026-06-01
C02691,rebecca.thompson9504@gmail.com,Rebecca Thompson,NSW,true,2022-12-28,2025-02-10
C02692,ashley.tran567@icloud.com,Ashley Tran,NSW,true,2022-06-19,2022-07-03
C02693,sarah.wilson3562@outlook.com,Sarah Wilson,VIC,true,2023-02-06,2026-05-29
C02694,anthony.mitchell4496@bigpond.com,Anthony Mitchell,VIC,true,2023-12-01,2025-01-07
C02695,giulia.walker6802@outlook.com,Giulia Walker,QLD,false,2023-03-15,2026-01-22
C02696,rachel.zhang181@yahoo.com.au,Rachel Zhang,VIC,true,2022-04-09,2025-01-13
C02697,elizabeth.scott6720@hotmail.com,Elizabeth Scott,ACT,true,2023-11-21,2023-12-01
C02698,joseph.green3254@hotmail.com,Joseph Green,TAS,true,2022-06-28,2024-12-26
C02699,christine.pham6975@yahoo.com.au,Christine Pham,VIC,true,2023-01-11,2024-09-27
C02700,nancy.evans9065@icloud.com,Nancy Evans,VIC,true,2022-09-27,2023-02-15
C02701,susan.wright7754@hotmail.com,Susan Wright,VIC,true,2021-11-03,2024-04-04
C02702,linda.chen8884@hotmail.com,Linda Chen,VIC,true,2022-06-21,2025-02-06
C02703,emily.turner2067@outlook.com,Emily Turner,VIC,true,2022-08-14,2024-03-16
C02704,ming.bell1293@icloud.com,Ming Bell,VIC,false,2023-02-08,2023-07-01
C02705,charles.wright942@bigpond.com,Charles Wright,SA,true,2021-09-09,2025-05-18
C02706,mary.tran8059@yahoo.com.au,Mary Tran,ACT,true,2024-06-27,2025-09-02
C02707,mary.williams5717@hotmail.com,Mary Williams,VIC,true,2024-11-28,2025-09-09
C02708,fatima.walker9199@icloud.com,Fatima Walker,VIC,true,2025-09-28,2025-11-12
C02709,andrew.walker9739@yahoo.com.au,Andrew Walker,QLD,true,2024-06-14,2024-10-22
C02710,lisa.evans3669@gmail.com,Lisa Evans,VIC,true,2021-11-11,2023-04-26
C02711,sarah.costa632@gmail.com,Sarah Costa,NSW,true,2024-01-10,2024-04-11
C02712,olivia.khan8561@yahoo.com.au,Olivia Khan,VIC,true,2022-08-15,2025-10-16
C02713,wei.martin9736@hotmail.com,Wei Martin,WA,true,2022-02-19,2025-06-20
C02714,emily.ryan6869@gmail.com,Emily Ryan,WA,true,2023-07-13,2026-05-08
C02715,priya.rossi555@bigpond.com,Priya Rossi,VIC,true,2025-09-21,2026-05-25
C02716,elizabeth.evans5592@gmail.com,Elizabeth Evans,TAS,true,2025-08-25,2025-12-20
C02717,ahmed.liu2824@yahoo.com.au,Ahmed Liu,VIC,true,2023-05-15,2025-06-16
C02718,rachel.costa7864@yahoo.com.au,Rachel Costa,WA,true,2024-12-13,2025-10-18
C02719,margaret.pham1404@gmail.com,Margaret Pham,VIC,true,2025-12-24,2026-05-13
C02720,melissa.hall2696@icloud.com,Melissa Hall,QLD,true,2024-01-13,2026-04-13
C02721,william.evans8374@bigpond.com,William Evans,NSW,true,2022-02-17,2023-12-24
C02722,steven.wilson6303@bigpond.com,Steven Wilson,VIC,true,2023-11-28,2025-09-09
C02723,richard.costa6043@bigpond.com,Richard Costa,QLD,true,2021-07-31,2025-12-25
C02724,deborah.wright3358@outlook.com,Deborah Wright,QLD,true,2022-07-21,2025-01-09
C02725,christine.kumar7096@bigpond.com,Christine Kumar,NSW,true,2024-09-06,2025-01-30
C02726,emma.campbell6226@yahoo.com.au,Emma Campbell,QLD,true,2025-07-31,2026-05-06
C02727,steven.williams9368@yahoo.com.au,Steven Williams,VIC,true,2026-04-18,2026-06-13
C02728,joseph.kumar6717@yahoo.com.au,Joseph Kumar,NSW,true,2022-05-15,2025-06-06
C02729,raj.taylor7492@hotmail.com,Raj Taylor,VIC,true,2024-10-13,2026-06-21
C02730,kevin.adams6346@bigpond.com,Kevin Adams,VIC,true,2025-05-17,2025-05-18
C02731,richard.anderson1423@gmail.com,Richard Anderson,NSW,true,2025-11-05,2025-12-17
C02732,emma.ryan2015@yahoo.com.au,Emma Ryan,WA,true,2023-01-24,2023-09-02
C02733,matthew.scott9069@gmail.com,Matthew Scott,VIC,true,2026-06-13,2026-07-01
C02734,matthew.smith8466@gmail.com,Matthew Smith,QLD,true,2021-08-19,2024-10-03
C02735,charles.lee3027@outlook.com,Charles Lee,NSW,true,2023-01-22,2023-11-25
C02736,mary.baker6854@hotmail.com,Mary Baker,WA,false,2022-03-29,2024-05-27
C02737,emily.thompson4677@gmail.com,Emily Thompson,VIC,true,2023-01-15,2024-10-27
C02738,robert.jones5832@gmail.com,Robert Jones,VIC,true,2023-07-22,2023-09-08
C02739,katherine.hall7614@hotmail.com,Katherine Hall,SA,true,2025-02-07,2025-11-15
C02740,richard.wang5393@outlook.com,Richard Wang,ACT,true,2024-07-18,2024-12-21
C02741,fatima.ali961@hotmail.com,Fatima Ali,NSW,true,2023-12-03,2025-04-13
C02742,kevin.robinson5110@outlook.com,Kevin Robinson,VIC,true,2025-11-25,2026-05-17
C02743,george.adams6374@bigpond.com,George Adams,TAS,true,2025-09-23,2026-04-12
C02744,yuki.turner8339@hotmail.com,Yuki Turner,TAS,true,2024-06-17,2024-09-13
C02745,rachel.murphy9136@bigpond.com,Rachel Murphy,VIC,true,2026-06-24,2026-06-28
C02746,emily.singh9023@yahoo.com.au,Emily Singh,VIC,true,2024-05-27,2025-09-12
C02747,susan.anderson7320@icloud.com,Susan Anderson,WA,false,2025-01-22,2025-08-28
C02748,emily.clarke3434@gmail.com,Emily Clarke,NSW,true,2026-03-07,2026-04-15
C02749,mary.smith4183@outlook.com,Mary Smith,QLD,true,2022-06-18,2023-09-26
C02750,sandra.martin1389@bigpond.com,Sandra Martin,VIC,true,2025-06-03,2025-11-29
C02751,lisa.liu8107@yahoo.com.au,Lisa Liu,VIC,false,2024-07-16,2026-02-23
C02752,melissa.murphy1154@bigpond.com,Melissa Murphy,VIC,true,2021-09-24,2025-10-21
C02753,deborah.chen1707@hotmail.com,Deborah Chen,NSW,true,2025-10-24,2026-04-18
C02754,hiro.clarke2910@yahoo.com.au,Hiro Clarke,QLD,false,2025-08-12,2026-04-29
C02755,anthony.bell9607@hotmail.com,Anthony Bell,QLD,true,2021-12-09,2024-09-17
C02756,raj.williams4402@hotmail.com,Raj Williams,QLD,true,2025-05-26,2026-01-21
C02757,karen.rossi7193@yahoo.com.au,Karen Rossi,QLD,true,2026-02-18,2026-06-07
C02758,stephanie.ali156@yahoo.com.au,Stephanie Ali,QLD,true,2021-08-04,2022-10-09
C02759,raj.liu1116@yahoo.com.au,Raj Liu,ACT,true,2024-04-16,2026-01-11
C02760,brian.anderson5894@bigpond.com,Brian Anderson,NSW,true,2022-06-15,2025-08-18
C02761,margaret.obrien6918@icloud.com,Margaret OBrien,NSW,true,2023-08-19,2025-02-09
C02762,marco.baker4754@gmail.com,Marco Baker,NSW,false,2023-05-14,2026-07-01
C02763,anthony.bell2881@bigpond.com,Anthony Bell,VIC,true,2024-11-14,2026-05-10
C02764,helen.brown6867@gmail.com,Helen Brown,ACT,true,2022-12-06,2023-04-07
C02765,priya.taylor2986@bigpond.com,Priya Taylor,VIC,false,2024-11-07,2025-03-27
C02766,deborah.lee266@outlook.com,Deborah Lee,WA,true,2023-04-12,2024-09-09
C02767,andrew.turner3474@yahoo.com.au,Andrew Turner,VIC,true,2024-03-21,2026-05-30
C02768,linda.wilson1406@gmail.com,Linda Wilson,NSW,true,2025-06-30,2025-11-23
C02769,emma.jones9796@icloud.com,Emma Jones,VIC,true,2021-07-11,2025-09-15
C02770,kevin.wang8080@hotmail.com,Kevin Wang,VIC,true,2022-07-05,2024-06-09
C02771,robert.baker5608@yahoo.com.au,Robert Baker,WA,true,2025-11-07,2026-01-01
C02772,steven.wilson6363@icloud.com,Steven Wilson,WA,true,2023-11-22,2025-09-09
C02773,nancy.jones2231@icloud.com,Nancy Jones,VIC,true,2022-09-30,2024-02-10
C02774,linda.singh61@icloud.com,Linda Singh,ACT,false,2025-05-02,2025-06-21
C02775,sandra.wright2703@outlook.com,Sandra Wright,ACT,true,2023-02-25,2026-04-17
C02776,anthony.smith5534@outlook.com,Anthony Smith,TAS,true,2025-05-04,2025-05-25
C02777,joshua.taylor8464@icloud.com,Joshua Taylor,VIC,true,2025-08-02,2026-05-20
C02778,melissa.walker8780@outlook.com,Melissa Walker,VIC,true,2025-07-05,2025-07-26
C02779,emily.green672@bigpond.com,Emily Green,QLD,true,2022-07-21,2026-02-07
C02780,michelle.evans4907@yahoo.com.au,Michelle Evans,VIC,true,2025-07-27,2025-07-28
C02781,steven.anderson1371@hotmail.com,Steven Anderson,NSW,true,2025-05-02,2025-12-26
C02782,helen.singh3672@icloud.com,Helen Singh,NSW,true,2023-02-03,2024-08-21
C02783,amanda.brown199@outlook.com,Amanda Brown,WA,true,2022-04-20,2025-04-12
C02784,thomas.rossi2487@hotmail.com,Thomas Rossi,NSW,true,2025-11-11,2026-06-01
C02785,deborah.pham1891@outlook.com,Deborah Pham,VIC,true,2022-09-14,2025-07-14
C02786,raj.obrien3214@gmail.com,Raj OBrien,VIC,true,2025-08-22,2025-11-17
C02787,daniel.ryan2158@yahoo.com.au,Daniel Ryan,VIC,true,2022-12-05,2024-05-05
C02788,stephanie.harris1981@icloud.com,Stephanie Harris,VIC,false,2022-11-10,2025-02-27
C02789,charles.khan6548@yahoo.com.au,Charles Khan,NSW,true,2022-07-10,2025-10-08
C02790,jessica.wilson4641@gmail.com,Jessica Wilson,VIC,true,2021-08-24,2026-02-04
C02791,karen.robinson5567@yahoo.com.au,Karen Robinson,VIC,true,2026-03-18,2026-05-09
C02792,sarah.sato3262@icloud.com,Sarah Sato,TAS,true,2025-10-18,2026-04-28
C02793,christine.costa3327@gmail.com,Christine Costa,NSW,true,2025-12-25,2026-06-05
C02794,sandra.zhang3971@icloud.com,Sandra Zhang,VIC,true,2022-07-12,2023-08-08
C02795,margaret.wright4405@gmail.com,Margaret Wright,QLD,true,2021-12-17,2026-06-22
C02796,ashley.thompson313@gmail.com,Ashley Thompson,VIC,true,2021-10-17,2025-08-02
C02797,nancy.williams8405@hotmail.com,Nancy Williams,VIC,false,2026-02-23,2026-03-02
C02798,emma.ali7109@yahoo.com.au,Emma Ali,NSW,true,2025-07-31,2025-12-21
C02799,nancy.tran1226@yahoo.com.au,Nancy Tran,NSW,true,2021-11-19,2022-09-07
C02800,nancy.ryan8582@icloud.com,Nancy Ryan,NSW,true,2023-09-24,2024-12-06
C02801,ming.johnson9130@yahoo.com.au,Ming Johnson,TAS,true,2025-08-03,2026-06-23
C02802,elizabeth.kumar9936@outlook.com,Elizabeth Kumar,VIC,false,2024-08-01,2024-08-13
C02803,raj.evans7494@bigpond.com,Raj Evans,WA,true,2023-04-08,2024-08-18
C02804,giulia.johnson6027@bigpond.com,Giulia Johnson,ACT,true,2023-11-18,2025-09-06
C02805,giulia.green7083@icloud.com,Giulia Green,NSW,true,2026-03-28,2026-06-06
C02806,marco.jones5898@outlook.com,Marco Jones,TAS,true,2025-08-11,2025-10-01
C02807,marco.walker9949@yahoo.com.au,Marco Walker,VIC,true,2025-10-12,2026-05-19
C02808,mark.taylor3178@gmail.com,Mark Taylor,QLD,true,2023-08-21,2024-08-07
C02809,lisa.turner1571@icloud.com,Lisa Turner,ACT,true,2025-06-01,2026-05-27
C02810,priya.white4372@hotmail.com,Priya White,VIC,true,2022-09-13,2023-02-27
C02811,lisa.adams8939@bigpond.com,Lisa Adams,VIC,true,2022-01-03,2023-09-21
C02812,ashley.jones2850@icloud.com,Ashley Jones,VIC,true,2026-03-27,2026-04-20
C02813,emily.edwards5221@hotmail.com,Emily Edwards,VIC,true,2025-07-19,2025-11-15
C02814,andrew.harris1767@hotmail.com,Andrew Harris,NSW,true,2026-06-20,2026-06-22
C02815,olivia.martin2793@outlook.com,Olivia Martin,QLD,true,2022-04-30,2023-01-05
C02816,sarah.tanaka2259@bigpond.com,Sarah Tanaka,VIC,true,2025-05-17,2025-08-01
C02817,thomas.clarke5995@yahoo.com.au,Thomas Clarke,VIC,false,2022-09-23,2023-09-24
C02818,michael.tanaka1936@icloud.com,Michael Tanaka,ACT,false,2021-08-08,2023-06-18
C02819,timothy.rossi8156@bigpond.com,Timothy Rossi,ACT,true,2022-04-14,2022-09-18
C02820,jessica.scott4319@icloud.com,Jessica Scott,VIC,true,2025-10-29,2026-06-14
C02821,ming.obrien3711@gmail.com,Ming OBrien,WA,true,2021-12-02,2023-02-03
C02822,christine.costa6579@gmail.com,Christine Costa,WA,true,2022-01-21,2024-07-04
C02823,raj.white4686@outlook.com,Raj White,SA,false,2026-03-06,2026-04-02
C02824,emma.wilson59@gmail.com,Emma Wilson,QLD,true,2022-12-01,2024-12-10
C02825,anthony.taylor6493@yahoo.com.au,Anthony Taylor,VIC,true,2026-03-01,2026-06-01
C02826,yuki.baker4194@gmail.com,Yuki Baker,TAS,true,2021-08-10,2024-12-04
C02827,david.kelly3700@gmail.com,David Kelly,VIC,true,2022-04-11,2025-04-11
C02828,steven.rossi8833@yahoo.com.au,Steven Rossi,VIC,true,2024-10-18,2026-03-26
C02829,wei.ali7254@icloud.com,Wei Ali,QLD,true,2022-11-26,2025-02-14
C02830,emily.wright6936@bigpond.com,Emily Wright,VIC,true,2023-07-01,2024-02-23
C02831,elizabeth.ali7382@hotmail.com,Elizabeth Ali,SA,true,2024-03-13,2024-06-26
C02832,robert.evans1710@icloud.com,Robert Evans,NSW,true,2026-02-20,2026-05-18
C02833,emma.tanaka7707@gmail.com,Emma Tanaka,VIC,true,2022-01-31,2022-05-28
C02834,matthew.liu1570@icloud.com,Matthew Liu,VIC,true,2022-03-12,2025-01-24
C02835,priya.turner3797@yahoo.com.au,Priya Turner,NSW,false,2023-03-25,2025-11-21
C02836,susan.wilson3300@bigpond.com,Susan Wilson,QLD,false,2025-07-21,2026-02-06
C02837,christine.williams5700@bigpond.com,Christine Williams,VIC,true,2022-04-16,2025-12-22
C02838,joseph.wilson2891@hotmail.com,Joseph Wilson,TAS,true,2024-11-21,2026-01-05
C02839,thomas.chen3069@outlook.com,Thomas Chen,VIC,true,2021-12-27,2025-05-07
C02840,lisa.collins7809@gmail.com,Lisa Collins,VIC,true,2025-09-03,2026-03-19
C02841,deborah.baker6885@bigpond.com,Deborah Baker,ACT,true,2025-08-06,2025-11-15
C02842,anthony.williams9810@icloud.com,Anthony Williams,ACT,true,2025-12-15,2026-03-28
C02843,daniel.thompson9224@outlook.com,Daniel Thompson,VIC,true,2021-08-25,2024-09-28
C02844,catherine.hall238@icloud.com,Catherine Hall,WA,true,2024-03-10,2025-05-09
C02845,william.kumar907@hotmail.com,William Kumar,NSW,true,2023-04-29,2024-02-07
C02846,richard.tanaka709@yahoo.com.au,Richard Tanaka,SA,true,2026-03-07,2026-03-16
C02847,wei.johnson796@gmail.com,Wei Johnson,VIC,true,2022-03-29,2024-12-20
C02848,nancy.johnson7825@icloud.com,Nancy Johnson,NSW,false,2022-04-14,2023-09-16
C02849,raj.white6989@yahoo.com.au,Raj White,VIC,true,2022-12-27,2024-01-20
C02850,ahmed.singh4793@yahoo.com.au,Ahmed Singh,VIC,true,2023-06-14,2025-06-11
C02851,anthony.johnson9639@outlook.com,Anthony Johnson,NSW,false,2021-12-04,2023-03-04
C02852,ashley.bell7263@bigpond.com,Ashley Bell,VIC,true,2026-06-23,2026-07-01
C02853,emma.turner7061@hotmail.com,Emma Turner,VIC,true,2024-06-23,2024-10-27
C02854,joseph.zhang5091@hotmail.com,Joseph Zhang,QLD,true,2025-07-15,2025-11-08
C02855,joshua.martin740@icloud.com,Joshua Martin,VIC,true,2025-03-23,2025-10-07
C02856,yuki.sato1238@icloud.com,Yuki Sato,NSW,true,2025-07-03,2025-07-23
C02857,hiro.tran9881@icloud.com,Hiro Tran,VIC,true,2025-11-14,2026-01-22
C02858,karen.smith6686@icloud.com,Karen Smith,VIC,true,2026-04-04,2026-05-17
C02859,christine.smith8540@gmail.com,Christine Smith,VIC,true,2025-08-16,2026-06-15
C02860,charles.wright503@yahoo.com.au,Charles Wright,ACT,true,2025-04-28,2025-10-04
C02861,joshua.smith3490@hotmail.com,Joshua Smith,NSW,true,2026-06-04,2026-06-24
C02862,jennifer.liu1689@bigpond.com,Jennifer Liu,VIC,true,2023-06-09,2025-01-14
C02863,joseph.anderson8433@yahoo.com.au,Joseph Anderson,VIC,true,2025-06-16,2025-10-30
C02864,emma.harris8894@gmail.com,Emma Harris,NSW,true,2024-02-06,2024-04-18
C02865,george.singh95@bigpond.com,George Singh,NSW,true,2021-07-25,2021-12-27
C02866,lisa.king4710@outlook.com,Lisa King,VIC,true,2023-12-03,2025-04-03
C02867,steven.green189@icloud.com,Steven Green,NSW,true,2026-05-30,2026-06-07
C02868,priya.wright212@yahoo.com.au,Priya Wright,VIC,true,2024-01-15,2024-09-17
C02869,stephanie.johnson9054@hotmail.com,Stephanie Johnson,VIC,true,2022-03-24,2022-12-11
C02870,steven.jones4953@yahoo.com.au,Steven Jones,VIC,false,2023-11-26,2025-02-02
C02871,helen.costa3247@gmail.com,Helen Costa,VIC,true,2025-01-07,2026-04-21
C02872,richard.mitchell5296@icloud.com,Richard Mitchell,VIC,true,2022-05-24,2024-06-29
C02873,priya.jones5037@icloud.com,Priya Jones,TAS,true,2025-06-18,2026-06-29
C02874,nancy.lee6067@bigpond.com,Nancy Lee,VIC,true,2025-10-14,2025-11-30
C02875,linda.williams6842@yahoo.com.au,Linda Williams,VIC,true,2022-05-30,2022-07-14
C02876,matthew.johnson6760@icloud.com,Matthew Johnson,WA,true,2022-09-28,2024-06-19
C02877,robert.clarke4482@icloud.com,Robert Clarke,VIC,true,2022-04-05,2025-07-23
C02878,samantha.chen9296@icloud.com,Samantha Chen,VIC,true,2026-01-07,2026-04-28
C02879,wei.liu786@gmail.com,Wei Liu,VIC,true,2023-08-20,2025-08-27
C02880,ahmed.williams4004@gmail.com,Ahmed Williams,VIC,true,2024-04-15,2026-01-04
C02881,andrew.sato6363@outlook.com,Andrew Sato,VIC,false,2022-06-10,2022-09-05
C02882,ming.jones9197@yahoo.com.au,Ming Jones,NSW,true,2022-06-21,2026-02-19
C02883,wei.kelly8665@icloud.com,Wei Kelly,QLD,true,2025-11-19,2026-04-25
C02884,david.harris2701@icloud.com,David Harris,VIC,true,2023-12-09,2024-09-29
C02885,stephanie.pham9067@gmail.com,Stephanie Pham,SA,true,2024-10-21,2025-03-26
C02886,robert.brown5100@gmail.com,Robert Brown,VIC,false,2024-07-01,2026-03-24
C02887,marco.sato3117@bigpond.com,Marco Sato,VIC,true,2021-11-24,2023-07-05
C02888,christine.ali9585@gmail.com,Christine Ali,NSW,true,2024-08-21,2025-09-29
C02889,joseph.liu4114@bigpond.com,Joseph Liu,QLD,false,2022-10-17,2024-08-17
C02890,sarah.ali6564@icloud.com,Sarah Ali,NSW,true,2025-12-21,2026-04-03
C02891,deborah.harris7655@bigpond.com,Deborah Harris,SA,true,2025-05-12,2026-05-21
C02892,george.mitchell2491@yahoo.com.au,George Mitchell,QLD,true,2025-04-21,2026-05-29
C02893,katherine.collins1703@yahoo.com.au,Katherine Collins,NSW,true,2025-08-14,2025-10-27
C02894,mark.smith6969@icloud.com,Mark Smith,NSW,true,2021-10-16,2023-10-29
C02895,george.edwards9104@gmail.com,George Edwards,VIC,true,2025-07-29,2025-08-29
C02896,james.murphy1962@icloud.com,James Murphy,VIC,false,2023-08-08,2023-08-28
C02897,jessica.ali6713@yahoo.com.au,Jessica Ali,NSW,true,2021-08-25,2021-09-01
C02898,charles.kelly7253@outlook.com,Charles Kelly,VIC,true,2021-11-11,2022-04-23
C02899,jennifer.sato6543@icloud.com,Jennifer Sato,VIC,true,2022-03-05,2023-10-16
C02900,robert.zhang7240@yahoo.com.au,Robert Zhang,ACT,true,2024-06-19,2024-11-29
C02901,ashley.campbell2324@hotmail.com,Ashley Campbell,VIC,true,2022-10-22,2025-05-21
C02902,daniel.liu4763@outlook.com,Daniel Liu,VIC,true,2024-07-04,2025-11-11
C02903,rachel.mitchell2327@yahoo.com.au,Rachel Mitchell,NSW,true,2025-09-27,2025-12-26
C02904,ming.thompson6374@hotmail.com,Ming Thompson,VIC,true,2026-01-26,2026-04-17
C02905,margaret.lee1669@icloud.com,Margaret Lee,VIC,true,2025-06-19,2026-05-14
C02906,wei.rossi5384@outlook.com,Wei Rossi,VIC,true,2021-10-30,2025-02-12
C02907,daniel.tanaka8511@yahoo.com.au,Daniel Tanaka,VIC,true,2025-10-27,2025-11-13
C02908,fatima.walker2428@gmail.com,Fatima Walker,VIC,false,2025-05-23,2025-11-24
C02909,melissa.costa2264@icloud.com,Melissa Costa,VIC,true,2026-04-23,2026-06-24
C02910,helen.kumar5916@icloud.com,Helen Kumar,NSW,true,2023-01-28,2025-12-12
C02911,jennifer.campbell6239@outlook.com,Jennifer Campbell,ACT,true,2025-01-12,2025-02-01
C02912,michelle.murphy8524@gmail.com,Michelle Murphy,WA,true,2022-05-27,2025-04-23
C02913,emma.wright2802@outlook.com,Emma Wright,QLD,true,2021-12-06,2025-01-01
C02914,michael.king2728@yahoo.com.au,Michael King,NSW,true,2024-11-08,2025-10-03
C02915,nancy.robinson7570@gmail.com,Nancy Robinson,VIC,true,2023-11-25,2025-01-11
C02916,michelle.bell1568@gmail.com,Michelle Bell,NSW,true,2022-10-16,2025-08-21
C02917,deborah.khan9728@bigpond.com,Deborah Khan,VIC,true,2024-01-15,2025-02-09
C02918,rebecca.obrien9328@hotmail.com,Rebecca OBrien,VIC,true,2026-06-03,2026-06-09
C02919,david.harris904@outlook.com,David Harris,VIC,true,2022-12-19,2023-12-27
C02920,anthony.murphy8590@gmail.com,Anthony Murphy,VIC,true,2024-12-13,2025-06-25
C02921,helen.robinson5706@yahoo.com.au,Helen Robinson,VIC,true,2022-03-09,2025-07-31
C02922,katherine.kumar8371@yahoo.com.au,Katherine Kumar,NSW,true,2023-07-27,2024-07-09
C02923,raj.wright4134@outlook.com,Raj Wright,SA,true,2025-04-02,2025-06-17
C02924,olivia.stewart1413@gmail.com,Olivia Stewart,VIC,false,2025-07-15,2025-11-17
C02925,mary.nguyen2594@bigpond.com,Mary Nguyen,VIC,true,2024-11-20,2025-09-09
C02926,linda.jones3949@bigpond.com,Linda Jones,VIC,true,2025-10-04,2026-06-14
C02927,fatima.anderson7728@gmail.com,Fatima Anderson,VIC,false,2024-08-02,2025-01-07
C02928,helen.scott9404@bigpond.com,Helen Scott,NSW,true,2025-02-21,2025-08-02
C02929,katherine.mitchell5241@bigpond.com,Katherine Mitchell,VIC,true,2022-01-06,2022-10-21
C02930,andrew.campbell6102@bigpond.com,Andrew Campbell,TAS,true,2025-03-29,2025-06-03
C02931,joshua.martin6877@bigpond.com,Joshua Martin,VIC,true,2024-06-26,2025-11-21
C02932,helen.lee8056@yahoo.com.au,Helen Lee,VIC,false,2023-04-17,2024-03-18
C02933,matthew.thompson575@outlook.com,Matthew Thompson,SA,true,2026-01-02,2026-01-06
C02934,fatima.mitchell8414@outlook.com,Fatima Mitchell,NSW,true,2022-10-14,2026-01-02
C02935,anthony.taylor8431@bigpond.com,Anthony Taylor,NSW,false,2022-02-07,2026-03-20
C02936,timothy.ryan3111@outlook.com,Timothy Ryan,WA,true,2022-11-30,2025-05-30
C02937,samantha.martin8536@icloud.com,Samantha Martin,VIC,true,2022-09-24,2023-08-30
C02938,emma.tanaka8540@hotmail.com,Emma Tanaka,VIC,false,2025-02-23,2025-04-28
C02939,fatima.harris955@icloud.com,Fatima Harris,NSW,true,2024-09-11,2025-10-15
C02940,brian.bell5628@bigpond.com,Brian Bell,NSW,true,2024-08-11,2026-04-02
C02941,michael.evans8886@yahoo.com.au,Michael Evans,VIC,true,2023-12-16,2024-09-02
C02942,melissa.nguyen8108@hotmail.com,Melissa Nguyen,SA,true,2024-07-01,2025-04-10
C02943,brian.murphy9478@bigpond.com,Brian Murphy,NSW,true,2026-01-16,2026-04-07
C02944,michelle.clarke2809@icloud.com,Michelle Clarke,NSW,true,2023-08-14,2023-11-28
C02945,susan.harris2321@yahoo.com.au,Susan Harris,QLD,true,2021-09-20,2024-08-20
C02946,charles.evans1777@bigpond.com,Charles Evans,SA,true,2022-12-02,2025-05-03
C02947,lisa.wright5579@bigpond.com,Lisa Wright,VIC,true,2021-09-11,2023-11-18
C02948,emily.turner8777@outlook.com,Emily Turner,VIC,true,2023-05-08,2025-05-18
C02949,samantha.hall8958@hotmail.com,Samantha Hall,VIC,true,2025-03-02,2025-05-02
C02950,margaret.edwards2802@icloud.com,Margaret Edwards,SA,true,2024-09-06,2025-10-22
C02951,lisa.wilson663@icloud.com,Lisa Wilson,SA,true,2023-01-16,2024-03-25
C02952,thomas.scott2991@bigpond.com,Thomas Scott,SA,true,2021-07-10,2022-08-13
C02953,timothy.johnson2414@bigpond.com,Timothy Johnson,VIC,true,2022-12-20,2022-12-25
C02954,christine.stewart6071@bigpond.com,Christine Stewart,ACT,true,2022-05-20,2026-05-07
C02955,charles.rossi5417@bigpond.com,Charles Rossi,VIC,true,2023-06-09,2025-03-21
C02956,thomas.clarke9997@outlook.com,Thomas Clarke,VIC,true,2026-06-27,2026-06-28
C02957,michael.wilson2888@bigpond.com,Michael Wilson,VIC,true,2025-07-05,2025-11-01
C02958,marco.evans3217@outlook.com,Marco Evans,WA,true,2023-10-10,2025-12-10
C02959,kevin.hall8428@yahoo.com.au,Kevin Hall,TAS,true,2025-04-24,2025-09-18
C02960,ming.rossi4@gmail.com,Ming Rossi,VIC,true,2026-06-18,2026-06-20
C02961,robert.edwards3420@bigpond.com,Robert Edwards,TAS,true,2024-11-11,2025-09-16
C02962,matthew.rossi5437@gmail.com,Matthew Rossi,VIC,true,2023-06-06,2026-03-14
C02963,charles.obrien4924@gmail.com,Charles OBrien,VIC,true,2022-11-23,2024-07-29
C02964,brian.lee3757@bigpond.com,Brian Lee,VIC,true,2024-12-31,2025-04-16
C02965,joseph.rossi4993@outlook.com,Joseph Rossi,NSW,true,2024-02-19,2026-01-04
C02966,joshua.martin7711@icloud.com,Joshua Martin,TAS,true,2023-02-12,2025-11-25
C02967,karen.wright2168@hotmail.com,Karen Wright,NSW,true,2025-09-10,2025-11-06
C02968,wei.green8689@gmail.com,Wei Green,WA,true,2025-05-16,2026-04-14
C02969,mark.chen970@outlook.com,Mark Chen,NSW,true,2025-08-07,2025-08-27
C02970,anthony.costa9926@gmail.com,Anthony Costa,NSW,true,2023-07-17,2024-12-27
C02971,christine.tanaka7595@bigpond.com,Christine Tanaka,VIC,true,2025-09-18,2025-11-27
C02972,rachel.wilson7220@outlook.com,Rachel Wilson,NSW,true,2022-09-20,2025-09-04
C02973,david.martin9730@icloud.com,David Martin,VIC,true,2023-09-21,2025-11-04
C02974,catherine.hall6350@bigpond.com,Catherine Hall,NSW,true,2023-05-17,2024-04-29
C02975,rachel.liu7068@gmail.com,Rachel Liu,NSW,true,2025-09-17,2025-10-11
C02976,michelle.campbell4765@yahoo.com.au,Michelle Campbell,NSW,true,2024-02-14,2024-09-03
C02977,elizabeth.collins1871@gmail.com,Elizabeth Collins,VIC,true,2026-05-11,2026-06-28
C02978,james.tanaka2319@gmail.com,James Tanaka,ACT,true,2021-08-18,2026-03-19
C02979,joshua.khan9056@icloud.com,Joshua Khan,NSW,true,2025-10-15,2026-01-24
C02980,kevin.green1017@gmail.com,Kevin Green,VIC,true,2023-06-16,2023-10-12
C02981,catherine.turner5154@hotmail.com,Catherine Turner,QLD,true,2023-10-27,2025-11-07
C02982,patricia.tran7894@bigpond.com,Patricia Tran,VIC,true,2021-09-01,2025-08-12
C02983,nancy.anderson8108@bigpond.com,Nancy Anderson,VIC,true,2026-02-11,2026-03-10
C02984,deborah.stewart444@icloud.com,Deborah Stewart,ACT,true,2024-03-15,2025-12-07
C02985,deborah.baker542@gmail.com,Deborah Baker,VIC,true,2024-02-09,2025-01-02
C02986,linda.zhang9434@icloud.com,Linda Zhang,VIC,true,2025-10-01,2025-11-15
C02987,steven.williams1099@hotmail.com,Steven Williams,VIC,true,2023-06-18,2025-11-11
C02988,christine.stewart175@icloud.com,Christine Stewart,VIC,true,2023-07-04,2025-02-19
C02989,catherine.kelly2236@yahoo.com.au,Catherine Kelly,VIC,false,2022-08-16,2023-12-15
C02990,ming.tran6974@hotmail.com,Ming Tran,SA,true,2022-01-21,2024-11-30
C02991,catherine.robinson2787@yahoo.com.au,Catherine Robinson,VIC,true,2021-09-14,2026-04-16
C02992,robert.lee8326@yahoo.com.au,Robert Lee,QLD,true,2024-01-09,2024-07-17
C02993,mark.ryan1257@gmail.com,Mark Ryan,NSW,true,2025-03-04,2026-06-11
C02994,kevin.robinson3825@outlook.com,Kevin Robinson,VIC,true,2025-07-21,2025-09-18
C02995,emma.mitchell2360@hotmail.com,Emma Mitchell,VIC,true,2026-05-16,2026-06-28
C02996,joshua.obrien9133@hotmail.com,Joshua OBrien,NSW,true,2022-09-27,2025-01-12
C02997,george.ali7798@bigpond.com,George Ali,VIC,true,2023-07-07,2025-06-21
C02998,susan.sato2067@bigpond.com,Susan Sato,QLD,true,2022-01-30,2024-04-11
C02999,patricia.white9189@hotmail.com,Patricia White,NSW,true,2022-03-17,2026-02-05
C03000,wei.pham8479@gmail.com,Wei Pham,VIC,true,2023-04-21,2023-07-28
