name,post_count,HNoise7676-24-8-2026
1girl,8326468
highres,8049133
solo,6993828
commentary_request,6273327
long_hair,6143537
breasts,4921222
looking_at_viewer,4858782
smile,4126789
blush,4060713
open_mouth,3474712
commentary,3196813
short_hair,3101111
absurdres,2946847
shirt,2903153
simple_background,2822959
blue_eyes,2447021
long_sleeves,2329875
white_background,2313459
large_breasts,2234933
black_hair,2177901
holding,2175403
skirt,2159422
blonde_hair,2150002
1boy,2105601
multiple_girls,2091915
brown_hair,2069580
hair_ornament,2046695
closed_mouth,1941144
dress,1931821
gloves,1921101
hair_between_eyes,1764936
red_eyes,1761689
animal_ears,1739999
bow,1712083
hat,1684040
navel,1590726
jewelry,1583213
original,1565592
thighhighs,1521475
jacket,1475611
ribbon,1449848
bad_id,1443827
2girls,1422886
cleavage,1404068
very_long_hair,1399877
white_shirt,1396336
bare_shoulders,1382613
standing,1319367
english_commentary,1302342
sitting,1300972
full_body,1267466
twintails,1225592
medium_breasts,1204664
blue_hair,1190133
purple_eyes,1187225
green_eyes,1183542
tail,1183397
upper_body,1180895
multicolored_hair,1171929
nipples,1130308
male_focus,1115904
bad_pixiv_id,1101192
collarbone,1099073
touhou,1089785
brown_eyes,1083049
pink_hair,1049868
school_uniform,1048078
closed_eyes,1047922
white_hair,1031954
grey_hair,1016633
yellow_eyes,1011153
underwear,1010159
ahoge,961897
ponytail,956028
sidelocks,928411
braid,918597
swimsuit,909162
purple_hair,908134
short_sleeves,902421
heart,895020
flower,877020
monochrome,846247
earrings,845850
shoes,845048
:d,844337
cowboy_shot,843455
translation_request,841718
thighs,826031
panties,815128
weapon,806438
outdoors,801727
hetero,795192
hair_ribbon,791016
ass,785782
frills,764962
teeth,764804
sweat,762834
hair_bow,753877
collared_shirt,753399
open_clothes,746527
parted_lips,736561
pantyhose,731697
red_hair,728987
comic,724868
small_breasts,710022
photoshop_(medium),709674
pleated_skirt,704000
pants,698551
hairband,697922
boots,696617
bikini,693983
multiple_boys,689054
nude,686654
greyscale,685273
horns,682116
black_gloves,670189
necktie,656508
censored,654235
shorts,653637
translated,650112
virtual_youtuber,641853
alternate_costume,639830
medium_hair,632182
sleeveless,628513
wings,620130
food,617791
lying,617750
artist_name,616296
one_eye_closed,614597
choker,613850
sky,613545
pointy_ears,594135
penis,590304
green_hair,586415
detached_sleeves,584570
socks,573700
official_alternate_costume,563802
hand_up,553935
tongue,551277
indoors,546163
kantai_collection,542745
official_art,534117
japanese_clothes,526254
puffy_sleeves,519633
speech_bubble,516228
pussy,511650
belt,508418
hairclip,505726
halo,503817
black_thighhighs,503252
glasses,499147
solo_focus,498986
barefoot,497800
bowtie,486344
black_skirt,462829
2boys,461825
day,453825
fang,450281
white_dress,447510
blue_archive,446912
signature,438297
white_gloves,438144
hood,437683
twitter_username,430963
looking_at_another,430860
streaked_hair,429610
pink_eyes,425785
blunt_bangs,425702
tongue_out,416082
holding_weapon,414505
stomach,414409
sailor_collar,408937
pokemon,406409
fate_(series),406235
english_text,405439
elbow_gloves,405105
cat_ears,404865
dark_skin,403760
midriff,400434
two-tone_hair,397762
mole,396907
hair_flower,396152
cloud,395303
serafuku,391293
sex,390705
black_jacket,387208
miniskirt,381707
grey_background,379474
open_jacket,376658
coat,374862
chibi,374723
black_dress,373775
necklace,372775
fingerless_gloves,370439
sword,370073
hair_bun,368453
black_shirt,367119
hair_over_one_eye,366548
looking_back,362329
animal_ear_fluff,361873
wide_sleeves,356989
star_(symbol),356154
on_back,354781
striped_clothes,354471
grin,353497
spread_legs,348312
orange_hair,347661
white_thighhighs,345603
off_shoulder,342840
nail_polish,341473
cum,340544
kimono,340046
black_eyes,336680
from_side,333246
commission,331398
armpits,329445
red_bow,328595
bag,326830
from_behind,326671
yuri,325804
hololive,325633
sweatdrop,325053
3girls,324751
huge_breasts,323843
rabbit_ears,322889
vest,319749
chinese_commentary,312533
leotard,312414
genshin_impact,311262
parted_bangs,309393
blurry,308896
apron,305623
character_name,304901
fate/grand_order,304249
armor,303742
arm_up,302836
sweater,302295
mosaic_censoring,302013
cape,300639
black_pantyhose,296790
blue_sky,296204
tears,293709
water,289596
completely_nude,288799
high_heels,288305
grey_eyes,286050
vaginal,285851
clothes_lift,285203
idolmaster,284970
crop_top,282188
scarf,280950
looking_to_the_side,278349
collar,275919
hands_up,275468
bra,274858
fingernails,272305
feet,271176
black_choker,269790
black_shoes,268808
bracelet,268417
multiple_views,267835
dated,266842
red_ribbon,264618
clothing_cutout,264566
:o,262895
v-shaped_eyebrows,262892
cup,262758
eyelashes,262188
arms_up,261177
blue_skirt,261036
puffy_short_sleeves,258384
upper_teeth_only,256029
neckerchief,254001
hair_intakes,253665
aqua_eyes,253458
orange_eyes,253259
black_pants,251881
border,251843
dark-skinned_female,250745
black_hat,249652
bad_twitter_id,249573
symbol-shaped_pupils,248718
thigh_strap,247566
mole_under_eye,247131
two_side_up,247095
twin_braids,246974
watermark,242017
white_panties,241880
bar_censor,238805
strapless,237734
toes,237099
feet_out_of_frame,236596
sleeves_past_wrists,235943
flat_chest,235413
v,234935
side_ponytail,233961
fake_animal_ears,233948
pokemon_(creature),233936
fur_trim,232921
no_humans,232911
tree,231207
horse_ears,231160
sleeveless_dress,229891
umamusume,229555
sparkle,229084
hand_on_own_hip,227198
variant_set,226845
sleeveless_shirt,226436
arknights,226191
horse_girl,225447
black_bow,224285
gradient_hair,222957
white_socks,222012
cat_tail,220954
see-through_clothes,217345
buttons,215813
fox_ears,215608
wrist_cuffs,212463
neck_ribbon,211284
colored_skin,210748
torn_clothes,210172
maid,209446
loli,208716
tattoo,208365
vocaloid,207262
maid_headdress,206613
ascot,202810
pillow,202623
covered_nipples,202404
mask,198360
plaid_clothes,198271
pov,198064
sash,197848
korean_commentary,197837
hoodie,196795
muscular,196447
covered_navel,195790
gun,194610
uncensored,194454
white_jacket,194443
black_shorts,194404
sketch,194197
wet,193631
black_ribbon,192254
short_shorts,192188
floating_hair,191989
blue_background,190521
bare_arms,190186
book,189236
blood,188868
groin,187679
gradient_background,187677
pubic_hair,187459
makeup,187250
honkai_(series),187073
cosplay,186368
blue_dress,185770
detached_collar,185355
blurry_background,184791
one-piece_swimsuit,184459
black_boots,183017
siblings,182789
legs,182534
single_braid,182160
bodysuit,181475
non-web_source,181242
:3,181161
copyright_name,180885
black_panties,180491
profile,180386
expressionless,179143
window,178988
blue_bow,178610
turtleneck,178590
bare_legs,178311
lips,177838
holding_sword,177472
transparent_background,177285
double_bun,177253
aqua_hair,176186
capelet,175641
piercing,173528
petals,172863
hug,172496
head_tilt,172476
white_hat,172138
on_bed,171883
heterochromia,171613
game_asset,169743
zettai_ryouiki,169549
night,169216
cat_girl,168659
scar,168575
facial_hair,167290
anus,166723
kneehighs,166594
highleg,165366
dress_shirt,164984
red_skirt,164078
blue_shirt,163814
black_bikini,163694
shadow,162951
low_twintails,162887
bell,162060
dutch_angle,161992
chinese_clothes,161546
swept_bangs,161487
leaning_forward,161460
skindentation,161059
white_border,159003
thick_thighs,158792
blush_stickers,157361
partial_commentary,157152
colored_inner_hair,156899
blue_jacket,156721
shiny_skin,156576
sideboob,156561
azur_lane,156502
kneeling,155883
fangs,155398
^_^,155052
white_bow,154219
holding_food,153006
frown,152932
pussy_juice,152539
saliva,151047
facial_mark,150930
phone,150659
fruit,150422
sandals,150184
one_side_up,149878
bright_pupils,149868
open_shirt,149859
erection,149655
bird,149392
pink_background,149223
black_hairband,149145
frilled_dress,148777
rose,148776
beret,148755
white_flower,148686
wavy_hair,148113
nose_blush,147674
soles,147654
black_socks,147394
playboy_bunny,146665
chair,146317
sunglasses,146212
fox_girl,145702
animal,145028
holding_hands,144784
alternate_hairstyle,144651
from_above,144568
4girls,144430
halterneck,144290
hatsune_miku,144114
fox_tail,143502
hood_down,143344
ocean,143250
cum_in_pussy,143185
red_dress,143131
artist_request,142746
half-closed_eyes,142689
furry,142533
white_skirt,141955
chain,141865
portrait,141296
demon_horns,141211
embarrassed,140712
thick_eyebrows,139928
leaf,139346
testicles,138829
muscular_male,138760
looking_down,137966
happy,137777
bob_cut,137774
glowing,137696
bed,136518
idolmaster_cinderella_girls,136248
squatting,136127
headphones,136126
white_bikini,135768
witch_hat,135322
cellphone,134310
abs,133942
horse_tail,133427
dark-skinned_male,133319
black_background,133179
plaid_skirt,132828
honkai:_star_rail,132575
groping,131753
headband,131603
demon_girl,131583
beach,131033
animated,130930
short_dress,130440
paid_reward_available,130022
drill_hair,129910
bandages,129774
pectorals,129109
ring,128666
love_live!,128345
floral_print,128051
cum_on_body,127416
underboob,127241
1other,127006
flying_sweatdrops,126785
cardigan,126483
female_pubic_hair,126264
antenna_hair,126118
standing_on_one_leg,125804
cameltoe,125703
high_ponytail,125433
traditional_media,125234
depth_of_field,124892
no_shoes,124610
fire_emblem,124577
side-tie_bikini_bottom,123994
no_bra,123616
arms_behind_back,123590
light_blush,123451
bed_sheet,123232
copyright_request,123199
on_side,123124
sharp_teeth,122887
thigh_boots,122713
white_apron,122294
bottomless,122028
frilled_sleeves,121994
tank_top,121722
crossed_arms,121386
motion_lines,121176
white_pupils,121175
cleavage_cutout,121084
black_nails,120343
red_necktie,120062
back,119975
pink_bow,119927
umbrella,119610
stuffed_toy,119557
heart-shaped_pupils,119429
oral,118903
table,118630
from_below,118430
arm_support,118355
cat,117674
ass_visible_through_thighs,117219
4koma,116813
gem,116579
x_hair_ornament,116506
smartphone,116388
grass,116109
frilled_skirt,116081
no_panties,115517
military_uniform,115466
own_hands_together,115450
md5_mismatch,115443
sisters,115252
wolf_ears,114929
eating,114833
yaoi,114485
red_bowtie,114224
crying,113645
garter_straps,113311
hololive_english,113149
helmet,113114
lowres,112413
elf,112153
red_flower,111675
skeb_commission,111664
leg_up,111220
magical_girl,111149
zenless_zone_zero,110527
bound,110453
black_leotard,110209
blue_ribbon,110090
holding_cup,110073
red_shirt,109424
parody,109136
shirt_lift,108607
wariza,108193
light_smile,108118
clothes_pull,107859
scrunchie,107740
final_fantasy,107666
trembling,107541
ear_piercing,107481
fire,107193
obi,106884
6+girls,106775
military,106614
scar_on_face,106602
denim,106509
spiked_hair,106436
mob_cap,106414
crossed_bangs,106280
sex_from_behind,106235
suit,105861
crossed_legs,105763
grey_shirt,105725
feathers,105631
?,105339
black_necktie,105156
clenched_teeth,104919
3boys,104635
moon,104225
double-parted_bangs,103664
eyes_visible_through_hair,103552
cross,103540
black_belt,103484
skin_fang,103385
eyepatch,103370
cloudy_sky,103337
hair_tubes,103094
feathered_wings,102963
shoulder_armor,102695
third-party_source,102241
facing_viewer,102058
sunlight,101875
plant,101805
wavy_mouth,101586
holding_gun,101300
holding_phone,101209
straight_hair,101018
juliet_sleeves,101003
headgear,100815
mouth_hold,100769
bottle,100415
sleeping,100274
hakurei_reimu,100066
yellow_background,100003
strapless_leotard,99720
looking_up,99651
couple,99506
backpack,99409
bug,99291
outside_border,98859
black_coat,98797
t-shirt,98794
eyewear_on_head,98466
crown,98354
second-party_source,98098
puffy_long_sleeves,97901
blazer,97461
veil,97361
fellatio,97345
tassel,97274
dot_nose,97236
animal_print,97030
thigh_gap,97016
bandaid,96705
pink_dress,96610
straddling,96365
sneakers,95851
suspenders,95737
kiss,95110
white_shoes,94765
red_background,94598
stuffed_animal,94490
grabbing_another's_breast,94441
skirt_lift,94286
;d,94217
scan,94161
red_jacket,94112
pink_flower,93746
>_<,93649
outstretched_arm,93460
pointing,93013
head_wings,92958
bara,92847
outstretched_arms,92535
brooch,92533
fishnets,92350
cover,92333
robot,92110
single_hair_bun,92019
slit_pupils,91790
curtains,91786
on_stomach,91336
girl_on_top,91260
messy_hair,91110
brown_shoes,90928
white_sailor_collar,90776
nijisanji,90471
blue_sailor_collar,90340
meme,90272
official_alternate_hairstyle,90234
extra_ears,90165
dog_ears,89955
white_pantyhose,89893
knife,89595
outline,89483
logo,89416
white_ribbon,88922
hand_on_own_chest,88863
demon_tail,88600
topless_female,88316
hooded_jacket,88301
aged_down,88164
lifting_own_clothes,87825
red_hat,87707
breasts_out,87689
red_nails,87665
tiara,87559
goggles,87002
clenched_hand,86829
kirisame_marisa,86828
indie_virtual_youtuber,86764
black_bra,86736
rabbit_tail,86719
bdsm,86641
green_skirt,86412
short_twintails,86181
hat_bow,85982
hat_ribbon,85643
star_(sky),85447
side_braid,85327
crossover,85301
wing_collar,85217
white_sleeves,84816
mixed-language_commentary,84388
building,84379
mahou_shoujo_madoka_magica,84014
polka_dot,83953
bent_over,83931
knee_boots,83798
loafers,83238
katana,82798
single_thighhigh,82432
staff,82362
revision,82156
armband,82154
group_sex,82059
low_ponytail,81470
knees_up,81219
shaded_face,81135
ribbon_trim,81051
video,81039
grey_skirt,80974
claws,80718
anger_vein,80587
blue_hat,80547
light_particles,80484
instrument,80454
all_fours,80098
maid_apron,80083
blue_necktie,79941
underwear_only,79882
chibi_only,79717
drooling,79670
monster_girl,79647
hood_up,79511
girls'_frontline,79445
tachi-e,79184
formal_clothes,78965
cropped_jacket,78828
pantyshot,78667
open_coat,78665
purple_dress,78607
spoken_heart,78561
hair_over_shoulder,78540
...,78377
child,78357
cloak,78351
tan,78335
box,78268
highleg_leotard,77968
sleeves_past_fingers,77677
qipao,77542
strapless_dress,77079
mole_under_mouth,77039
trap,76656
butterfly,76404
red_neckerchief,76403
round_eyewear,76264
couch,76166
colored_sclera,76076
no_pants,75947
brown_boots,75940
musical_note,75935
towel,75789
crescent,75503
curvy,75471
school_swimsuit,75401
o-ring,75184
areola_slip,75136
dragon_horns,75007
steam,74935
blue_nails,74927
bat_wings,74834
candy,74618
5girls,74496
index_finger_raised,74329
scenery,74323
lipstick,74267
black_vest,74117
polearm,74112
pink_nails,74107
pelvic_curtain,74090
cropped_torso,73956
anal,73839
toenails,73686
sex_toy,73672
surprised,73564
girls_und_panzer,73383
character_request,73192
gold_trim,72956
pale_skin,72938
buckle,72926
bondage,72895
eyeshadow,72861
holding_book,72714
cherry_blossoms,72620
hand_on_own_face,72477
pink_shirt,72388
waist_apron,72317
bridal_gauntlets,72273
tearing_up,72250
microphone,72245
one_eye_covered,72209
yellow_bow,72161
arms_behind_head,72100
ejaculation,72039
white_pants,71803
striped_thighhighs,71577
pom_pom_(clothes),71565
white_coat,71179
single_earring,71086
cropped_legs,71086
baseball_cap,71014
twin_drills,70717
gundam,70631
revealing_clothes,70535
lace_trim,70280
restrained,69714
rope,69665
web_address,69556
hair_rings,69546
cover_page,69325
letterboxed,69215
furrowed_brow,69214
wristband,69160
black_wings,69104
foreshortening,69093
faceless,68924
male_pubic_hair,68712
blue_shorts,68711
danganronpa_(series),68545
undressing,68459
precure,68457
eye_contact,68454
black_bowtie,68421
sheath,68406
short_hair_with_long_locks,68255
winter_uniform,68196
gauntlets,68094
furry_female,68013
breast_press,68008
interlocked_fingers,67921
hair_bobbles,67852
white_wings,67666
wind,67638
red_gloves,67622
string_bikini,67492
hakama,67315
lingerie,67156
blue_flower,67144
robe,67141
beard,67102
multiple_tails,67020
red_shoes,66980
plate,66884
camisole,66882
purple_background,66833
green_background,66668
neck_bell,66596
demon_wings,66587
purple_bow,66566
adapted_costume,66559
nature,66454
corset,66427
frilled_apron,66400
spikes,66390
pink_skirt,66327
^^^,66279
black_horns,66097
sweater_vest,66005
green_bow,65891
skirt_set,65859
multicolored_eyes,65826
patreon_username,65810
happy_birthday,65737
furry_male,65721
brown_gloves,65598
clothing_aside,65253
pink_ribbon,65248
arm_at_side,65215
casual,65102
carrying,64828
grey_jacket,64793
yellow_shirt,64716
breath,64666
tsurime,64647
between_breasts,64524
vertical-striped_clothes,64448
black_sailor_collar,64206
semi-rimless_eyewear,64125
armlet,64086
high_collar,64051
bike_shorts,64035
two-tone_background,64021
green_jacket,63783
veins,63564
close-up,63189
freckles,63091
white_skin,63087
:p,63063
brown_jacket,62990
dragon_girl,62882
genderswap,62736
flandre_scarlet,62470
forehead,62470
white_boots,62405
dual_persona,62398
spot_color,62381
glowing_eyes,61967
remilia_scarlet,61865
motor_vehicle,61783
purple_shirt,61762
pink_panties,61710
black_sleeves,61696
white_hairband,61647
breasts_apart,61637
angry,61508
wet_clothes,61377
facial,61059
peaked_cap,61053
wolf_tail,61051
clenched_hands,61020
androgynous,60970
pocket,60914
hand_fan,60887
brown_background,60781
blue_bikini,60619
bad_link,60492
tentacles,60412
floating,60269
straight-on,60074
toned,60063
frilled_shirt_collar,59952
mahou_shoujo_madoka_magica_(anime),59918
blue_pants,59866
beads,59738
white_outline,59733
brown_pantyhose,59517
micro_bikini,59434
wolf_girl,59433
clothed_female_nude_male,59331
bow_panties,59232
side_slit,59226
licking,59219
rabbit_girl,59209
blood_on_face,59135
clothes_writing,59126
green_dress,59009
panty_pull,58986
half_updo,58752
science_fiction,58751
paizuri,58708
jingle_bell,58566
low-tied_long_hair,58514
knee_up,58308
sleeves_rolled_up,58258
kemono_friends,58251
smoke,58226
covering_privates,58183
looking_ahead,58163
single_glove,58103
mole_on_breast,58025
tareme,58009
blue_halo,57912
purple_skirt,57820
doll,57719
drinking_glass,57717
turtleneck_sweater,57691
wide_hips,57673
christmas,57671
cake,57647
topless_male,57574
high_heel_boots,57562
angel_wings,57543
white_kimono,57386
shirt_tucked_in,56965
large_pectorals,56871
green_shirt,56719
thought_bubble,56699
!,56595
zipper,56566
mary_janes,56507
desk,56485
black-framed_eyewear,56405
crossdressing,56383
colored_eyelashes,56343
hair_flaps,56278
asymmetrical_legwear,55946
reflection,55917
track_jacket,55877
hair_scrunchie,55859
copyright_notice,55800
ball,55766
@_@,55612
snow,55598
rifle,55575
anime_coloring,55570
bang_dream!,55549
cowgirl_position,55401
full_moon,55268
mecha,55182
white_shorts,55083
gift,54959
wading,54908
crying_with_eyes_open,54787
wuthering_waves,54786
long_skirt,54783
jojo_no_kimyou_na_bouken,54677
pencil_skirt,54669
long_fingernails,54666
thong,54586
high-waist_skirt,54542
one_piece,54498
star_hair_ornament,54447
spoken_ellipsis,54379
:<,54265
arm_behind_back,54104
walking,54079
cum_on_breasts,53968
pink_halo,53935
yellow_flower,53872
black_bodysuit,53826
belt_buckle,53582
clothed_sex,53525
honkai_impact_3rd,53469
handgun,53409
blue_bowtie,53065
izayoi_sakuya,52944
granblue_fantasy,52939
front-tie_top,52868
kemonomimi_mode,52843
fake_tail,52828
starry_sky,52726
wide-eyed,52710
notice_lines,52680
purple_flower,52661
frilled_bikini,52645
skin_tight,52534
hand_on_another's_head,52472
hand_in_pocket,52458
pauldrons,52225
handjob,52119
sound_effects,52056
holding_umbrella,52048
headset,52048
finger_to_mouth,51977
strap_slip,51943
blunt_ends,51853
pouch,51470
after_sex,51351
arm_behind_head,51320
tray,51283
heavy_breathing,51202
hair_behind_ear,51120
faceless_male,51101
futanari,51024
single_horn,50989
sports_bra,50984
striped_shirt,50982
brown_skirt,50916
long_dress,50862
ear_covers,50853
age_difference,50765
collared_dress,50732
summer_uniform,50708
goggles_on_head,50634
fish,50609
masturbation,50435
holding_staff,50389
dog_girl,50348
lens_flare,50235
convenient_censoring,50209
blouse,50182
chinese_text,50092
braided_ponytail,49952
between_legs,49948
sailor_dress,49818
swim_ring,49815
ribbon-trimmed_sleeves,49815
empty_eyes,49802
seiza,49795
shoulder_bag,49653
cigarette,49645
fins,49645
jitome,49478
2koma,49432
mature_female,49397
dog_tail,49314
:q,49308
unworn_headwear,49245
lace,49239
striped_panties,49188
denim_shorts,49116
reaching,49099
yellow_ribbon,49077
sideways_glance,48891
forest,48810
curtained_hair,48798
alcohol,48655
missionary,48605
santa_hat,48580
persona,48568
red_scarf,48454
rain,48326
side-tie_panties,48191
cleft_of_venus,48135
short_ponytail,48084
oni,48068
one-hour_drawing_challenge,48061
ribbed_sweater,47904
puffy_nipples,47858
project_moon,47737
brown_belt,47734
dragon_tail,47674
pendant,47673
layered_sleeves,47634
genderswap_(mtf),47512
pink_lips,47440
pov_hands,47422
rape,47327
top_hat,47287
striped_bow,47258
long_bangs,47216
legs_up,47094
large_areolae,47092
emphasis_lines,47061
curly_hair,47058
spoilers,46990
hand_in_own_hair,46961
hair_spread_out,46940
red_bikini,46937
bulge,46935
animal_hands,46883
hakama_skirt,46870
tokin_hat,46667
partially_submerged,46644
4boys,46624
legs_apart,46581
twins,46563
goddess_of_victory:_nikke,46506
animal_focus,46449
fingering,46379
height_difference,46358
shrug_(clothing),46338
personification,46312
animal_ear_hairband,46161
white_leotard,46161
condom,46088
artoria_pendragon_(fate),46031
pink_jacket,45904
bubble,45879
large_penis,45874
brown_hat,45816
bandaged_arm,45783
tinted_eyewear,45766
pokemon_focus,45755
idolmaster_shiny_colors,45750
mouth_mask,45724
white_bra,45673
lapels,45445
chainsaw_man,45433
ass_focus,45361
hat_ornament,45301
backlighting,45285
santa_costume,45284
eyeliner,45266
heart_hair_ornament,45216
asymmetrical_bangs,45214
cropped_shirt,45189
low_wings,45159
falling_petals,45040
off-shoulder_dress,44967
mature_male,44891
komeiji_koishi,44866
black_collar,44834
epaulettes,44796
head_rest,44759
red_rose,44745
jeans,44651
hoop_earrings,44645
torn_pantyhose,44580
running,44551
korean_text,44493
blue_one-piece_swimsuit,44445
cuffs,44406
idolmaster_(classic),44289
red_cape,44252
paper,44247
halloween,44222
hands_on_own_hips,44164
raised_eyebrows,44033
boku_no_hero_academia,43989
teacup,43981
yu-gi-oh!,43847
fate/stay_night,43828
parent_and_child,43790
back_bow,43779
red-framed_eyewear,43733
plump,43697
threesome,43638
check_translation,43616
out_of_frame,43614
hair_down,43538
bikini_top_only,43532
orange_background,43481
drinking_straw,43437
flying,43397
stud_earrings,43389
pixiv_commission,43379
bowl,43267
cumdrip,43230
school_bag,43105
hand_on_another's_shoulder,43031
bags_under_eyes,43020
dog,42908
dress_lift,42839
monster,42809
double_v,42687
stubble,42611
watch,42505
lolita_fashion,42504
grey_pants,42421
duplicate,42407
purple_nails,42334
6+boys,42227
sun_hat,42226
bouquet,42183
steaming_body,42154
holding_flower,42030
flipped_hair,42002
doggystyle,41980
gym_uniform,41977
mini_person,41748
tentacle_hair,41713
knees_together_feet_apart,41661
blurry_foreground,41625
short_eyebrows,41534
foot_out_of_frame,41470
broom,41379
tracen_school_uniform,41342
+_+,41320
arm_tattoo,41297
mug,41222
green_hat,41211
tanlines,41193
double-breasted,41058
holding_knife,41046
black_serafuku,41031
final_fantasy_vii,41018
veiny_penis,41015
kochiya_sanae,40987
on_chair,40950
lab_coat,40944
dual_wielding,40940
spread_pussy,40859
blue_gloves,40761
konpaku_youmu,40745
partially_fingerless_gloves,40699
innertube,40656
breastplate,40622
cum_in_mouth,40571
circlet,40562
brother_and_sister,40544
scar_across_eye,40510
heart_hands,40503
white_sweater,40458
cum_overflow,40458
buruma,40452
mirror,40443
brown_dress,40433
pajamas,40419
open_book,40413
cirno,40408
red_hairband,40302
waving,40219
yellow_ascot,40145
wooden_floor,40110
facing_away,40098
blue_skin,40084
armpit_crease,40055
mustache,40042
yellow_jacket,40030
injury,39872
alice_margatroid,39804
blue_kimono,39656
ringed_eyes,39631
red_lips,39625
lollipop,39600
blue_theme,39583
serious,39497
upskirt,39392
bang_dream!_it's_mygo!!!!!,39383
split_mouth,39367
toenail_polish,39353
fur-trimmed_jacket,39342
bandaid_on_face,39308
arrow_(symbol),39265
black_cape,39245
zoom_layer,39242
drawstring,39212
fake_horns,39177
poke_ball,39044
sunset,39016
admiral_(kancolle),38993
single_side_bun,38944
love_live!_school_idol_project,38932
on_floor,38910
can,38892
under-rim_eyewear,38769
arms_at_sides,38712
fishnet_pantyhose,38687
doujin_cover,38684
sensei_(blue_archive),38680
bouncing_breasts,38679
patchouli_knowledge,38619
lantern,38551
sideburns,38546
enmaided,38546
red_halo,38542
forehead_mark,38520
mini_hat,38498
yellow_halo,38430
chromatic_aberration,38378
hug_from_behind,38376
rabbit,38361
:t,38334
!?,38314
yakumo_yukari,38314
the_legend_of_zelda,38269
shawl,38268
visor_cap,38246
competition_swimsuit,38213
leash,38156
glint,38051
center_frills,38046
holding_bag,38022
shield,37997
lace-up_boots,37959
hat_flower,37945
print_bikini,37869
impossible_clothes,37865
muscular_female,37811
pout,37732
card,37706
sailor_shirt,37637
very_short_hair,37592
artist_logo,37568
dragon,37508
contrapposto,37457
character_doll,37454
brown_shirt,37431
breasts_squeezed_together,37372
nipple_stimulation,37346
snowing,37296
legs_together,37248
hand_on_own_cheek,37216
frilled_shirt,37207
fur_collar,37164
asymmetrical_hair,37138
foot_focus,37129
reaching_towards_viewer,37093
rock,37092
sand,37028
object_insertion,36975
black_sclera,36971
ghost,36868
half_up_braid,36835
popsicle,36830
garter_belt,36830
weibo_watermark,36820
love_live!_hasu_no_sora_jogakuin_school_idol_club,36728
aged_up,36714
tiles,36709
two-sided_fabric,36659
butterfly_hair_ornament,36570
green_ribbon,36562
shoulder_cutout,36535
purple_ribbon,36503
crown_braid,36500
thighband_pantyhose,36446
smirk,36387
bishounen,36382
stairs,36379
pinafore_dress,36318
teddy_bear,36278
huge_ass,36187
female_masturbation,36154
off-shoulder_shirt,36062
paw_pose,36054
protected_link,36049
unworn_hat,36027
red_vest,36001
sign,35960
nontraditional_miko,35954
adjusting_clothes,35848
black_sweater,35811
naughty_face,35738
neon_genesis_evangelion,35659
ice,35637
long_pointy_ears,35631
strawberry,35630
crystal,35612
on_ground,35465
sheathed,35461
card_(medium),35454
limbus_company,35431
mouse_ears,35424
panties_under_pantyhose,35416
spoon,35363
single_bare_shoulder,35308
blood_on_clothes,35299
white_fur,35284
backless_outfit,35282
interracial,35242
beanie,35220
fork,35202
body_fur,35111
handbag,35079
league_of_legends,35072
spaghetti_strap,35071
drink,34891
ice_cream,34881
skull,34876
city,34837
pasties,34820
eyebrows_hidden_by_hair,34798
brown_pants,34783
sound,34770
fire_emblem_heroes,34726
striped_bikini,34672
motion_blur,34665
smug,34651
source_request,34535
final_fantasy_xiv,34518
on_couch,34512
upside-down,34489
symbol_in_eye,34449
water_drop,34439
smoking,34431
two-tone_dress,34348
sharp_fingernails,34336
arm_under_breasts,34320
arm_warmers,34312
nurse_cap,34311
hands_in_pockets,34300
=_=,34263
bandana,34226
blue_shoes,34144
shameimaru_aya,34124
nun,34124
brown_thighhighs,34013
sarashi,33980
alternate_color,33966
sitting_on_person,33958
railing,33899
black_one-piece_swimsuit,33860
style_parody,33852
street_fighter,33821
criss-cross_halter,33735
straw_hat,33659
white_capelet,33647
long_sidelocks,33645
jacket_on_shoulders,33634
borrowed_character,33627
fighting_stance,33624
holding_polearm,33616
print_kimono,33602
chopsticks,33561
splatoon_(series),33514
rigging,33499
front-tie_bikini_top,33493
sportswear,33385
tabard,33385
chocolate,33372
star-shaped_pupils,33330
food_in_mouth,33317
;),33146
other_focus,33141
hair_tie,33118
idolmaster_million_live!,33116
white_scarf,33114
panties_aside,33090
light_rays,33088
minigirl,32991
white_one-piece_swimsuit,32982
v_arms,32964
animal_hood,32959
ear_ornament,32917
branch,32771
nose,32765
covering_own_mouth,32665
contemporary,32665
hugging_object,32656
blue_panties,32621
ofuda,32584
sample_watermark,32551
pleated_dress,32474
realistic,32452
overalls,32446
shiny_clothes,32424
resolution_mismatch,32405
creature,32400
outstretched_hand,32398
holding_bottle,32351
android,32284
ragnarok_online,32185
grey_dress,32181
chibi_inset,32164
rabbit_ear_hairband,32133
breast_pocket,32092
palm_tree,32085
military_hat,32074
jumping,32062
mountain,32032
holding_fan,32017
grabbing_from_behind,31967
apple,31959
fence,31920
yukata,31903
cross-laced_clothes,31831
camera,31795
hand_on_another's_face,31778
holding_microphone,31772
blue_hairband,31767
fire_emblem:_three_houses,31692
selfie,31602
purple_jacket,31583
bocchi_the_rock!,31560
antlers,31543
vibrator,31507
hime_cut,31480
pixel_art,31479
blue_leotard,31475
dildo,31385
black_kimono,31358
tail_ornament,31329
snake,31326
potted_plant,31307
adjusting_eyewear,31295
hair_over_eyes,31277
gag,31247
floral_background,31246
new_year,31200
midriff_peek,31156
clitoris,31115
size_difference,31108
reisen_udongein_inaba,31108
spoken_question_mark,31038
mario_(series),31020
hair_bell,31016
animification,31003
frilled_bow,30943
green_skin,30917
bow_(weapon),30906
split-color_hair,30894
confetti,30893
komeiji_satori,30853
pov_crotch,30848
bespectacled,30797
painting_(medium),30789
gagged,30786
door,30774
licking_lips,30686
goatee,30664
mother_and_child,30661
clitoral_hood,30647
full-face_blush,30573
fujiwara_no_mokou,30556
grabbing_another's_ass,30537
wedding_dress,30496
holding_tray,30426
sunflower,30374
no_nose,30342
angel,30297
yellow_neckerchief,30214
pink_bikini,30147
dragon_ball,30141
covered_mouth,30125
zipper_pull_tab,30100
shota,30030
petite,29995
blindfold,29990
underwater,29944
gift_box,29910
spear,29853
pen,29760
akemi_homura,29748
absurdly_long_hair,29739
holding_instrument,29732
project_sekai,29697
kaname_madoka,29641
purple_thighhighs,29597
cum_on_hair,29575
sun,29575
bound_wrists,29573
crotch_seam,29542
anklet,29524
pink_hat,29493
self-upload,29461
food-themed_hair_ornament,29414
car,29378
w,29352
balloon,29340
xenoblade_chronicles_(series),29283
page_number,29271
3d,29271
valentine,29253
talking,29238
horizon,29223
hand_on_own_chin,29196
wrist_scrunchie,29150
black_hoodie,29137
guitar,29132
name_tag,29093
kneepits,29048
gyaru,29017
head_out_of_frame,28946
joints,28921
multiple_others,28900
white_cape,28894
vision_(genshin_impact),28807
scales,28797
antennae,28758
o_o,28737
blue_gem,28735
cable,28714
wristwatch,28697
suspender_skirt,28658
food_on_face,28657
marvel,28598
highleg_panties,28579
forehead_jewel,28570
gakuran,28569
hair_stick,28565
wand,28524
bikini_under_clothes,28498
white_choker,28497
butt_crack,28484
top-down_bottom-up,28472
sleeve_cuffs,28453
+++,28448
utau,28440
open_cardigan,28424
blue_cape,28423
duel_monster,28414
half_gloves,28408
print_shirt,28406
orange_bow,28398
bandeau,28370
spread_arms,28287
newsboy_cap,28269
bloomers,28263
purple_gloves,28209
red_thighhighs,28208
ahegao,28201
covering_breasts,28183
toeless_legwear,28143
mask_on_head,28131
silent_comic,28121
claw_pose,28105
id_card,28080
hong_meiling,28040
checkered_clothes,27980
cow_print,27979
blue_vest,27965
saliva_trail,27957
haori,27938
saigyouji_yuyuko,27931
fish_tail,27925
dakimakura_(medium),27918
bookshelf,27840
folding_fan,27804
toaru_majutsu_no_index,27788
hanging_breasts,27767
third-party_edit,27751
lactation,27740
multicolored_jacket,27735
blanket,27724
pink_bowtie,27705
oekaki,27698
inactive_account,27694
princess_connect!,27645
white_ascot,27636
black_tank_top,27597
raised_inner_eyebrows,27587
white_eyes,27522
headpiece,27476
microskirt,27445
k-on!,27426
abyssal_ship,27401
white_wrist_cuffs,27389
pokemon_(anime),27376
candle,27374
adjusting_hair,27367
partially_visible_vulva,27347
jpeg_artifacts,27332
tube_top,27311
red_kimono,27304
open_fly,27256
cow_ears,27249
textless_version,27248
electricity,27230
covered_eyes,27180
black_tail,27168
panties_around_one_leg,27164
clock,27122
curled_horns,27059
winter_clothes,27011
center_opening,26915
underbust,26901
eighth_note,26868
tress_ribbon,26862
bush,26857
pixel-perfect_duplicate,26846
sousou_no_frieren,26819
danganronpa_2:_goodbye_despair,26817
poke_ball_(basic),26811
company_name,26788
blue_neckerchief,26763
scaramouche_(genshin_impact),26753
red_horns,26741
3koma,26715
colored_tips,26698
pink_bra,26688
diamond_(shape),26662
on_head,26648
highleg_one-piece_swimsuit,26598
gakuen_idolmaster,26576
naruto_(series),26575
japanese_armor,26538
film_grain,26519
photo_(medium),26501
feather_hair_ornament,26497
bad_source,26497
animated_gif,26486
holding_bouquet,26430
white_belt,26376
drinking,26365
yellow_dress,26358
white_tank_top,26329
toned_male,26287
undershirt,26284
long_legs,26253
red_boots,26235
limited_palette,26234
mini_crown,26183
pool,26183
basket,26149
brown_coat,26024
kagamine_rin,26023
bodystocking,26015
leaning_back,25998
patreon_logo,25988
classroom,25976
inubashiri_momiji,25963
yokozuwari,25948
folded_ponytail,25921
|_|,25855
red_ascot,25848
hands_on_own_face,25829
controller,25820
heart_censor,25764
world_witches_series,25748
lyrical_nanoha,25723
white_collar,25672
after_vaginal,25649
fairy_wings,25635
disposable_cup,25634
petticoat,25632
blue_rose,25619
shoulder_tattoo,25609
suzumiya_haruhi_no_yuuutsu,25522
surrounded_by_penises,25493
glass,25491
looking_afar,25480
blue_thighhighs,25426
fishnet_thighhighs,25378
arrow_(projectile),25370
orgasm,25358
black_border,25334
eyeball,25304
scar_on_cheek,25267
holding_animal,25219
open_hand,25218
tiger_ears,25128
harness,25127
nervous_sweating,25121
cow_horns,25117
hand_on_headwear,25103
torn_thighhighs,25089
aircraft,25089
red_choker,25081
red_streaks,25073
white_hoodie,25072
tight_clothes,25065
black_capelet,25055
school_desk,25029
danganronpa_v3:_killing_harmony,25011
grabbing_own_breast,25004
purple_hat,25003
red_coat,24983
tabi,24980
invisible_chair,24868
holding_stuffed_toy,24861
armored_boots,24850
fur-trimmed_coat,24816
gangbang,24815
arm_strap,24792
partially_unbuttoned,24740
derivative_work,24736
ankle_boots,24693
onsen,24689
leg_warmers,24683
halloween_costume,24676
arched_back,24674
mechanical_arms,24615
cheerleader,24603
witch,24580
pink_shoes,24551
striped_necktie,24550
pom_pom_(cheerleading),24539
bad_tumblr_id,24507
voiceroid,24502
futa_with_female,24488
squiggle,24434
retro_artstyle,24429
white_bowtie,24420
animal_nose,24386
pokemon_sun_and_moon,24345
light_frown,24265
collared_jacket,24237
bun_cover,24237
space,24236
headpat,24218
asymmetrical_gloves,24211
bow_hairband,24186
hand_on_own_head,24143
multicolored_skin,24137
hanfu,24128
vambraces,24105
leggings,24092
holding_poke_ball,23999
low_twin_braids,23960
road,23936
reverse:1999,23920
cityscape,23874
jujutsu_kaisen,23832
shared_bathing,23815
nipple_tweak,23790
precum,23777
assault_rifle,23767
bandaid_on_leg,23738
tile_floor,23735
shibari,23719
red_pants,23713
nipple_piercing,23692
polka_dot_background,23660
inkling,23645
bikini_armor,23627
layered_dress,23614
mega_man_(series),23607
holding_plate,23605
wide_shot,23583
reading,23573
purple_bowtie,23514
frilled_hairband,23448
stretching,23419
green_necktie,23400
highleg_bikini,23388
love_live!_sunshine!!,23380
partially_translated,23324
gothic_lolita,23279
geta,23276
riding,23274
belly,23271
magic,23240
grey_skin,23239
bald,23225
omori,23207
purple_bikini,23191
yellow_necktie,23183
unfinished,23135
under_covers,23124
interspecies,23119
fairy,23106
short_over_long_sleeves,23092
huge_ahoge,23073
standing_sex,23071
french_kiss,23037
slippers,23036
headdress,23017
lamp,22998
clothes_around_waist,22988
layered_skirt,22967
sleeveless_turtleneck,22911
dancing,22899
thong_panties,22896
miko,22877
shade,22818
re:zero_kara_hajimeru_isekai_seikatsu,22813
facial_tattoo,22812
silhouette,22794
rolling_eyes,22791
konpaku_youmu_(ghost),22790
hair_slicked_back,22790
guilty_gear,22763
military_vehicle,22750
blue_coat,22741
notched_lapels,22738
pink_kimono,22717
blue_boots,22717
yakumo_ran,22714
laughing,22708
red_shorts,22698
back-to-back,22693
kaenbyou_rin,22684
mismatched_legwear,22677
green_nails,22671
emblem,22667
disembodied_hand,22665
ear_bow,22664
pulling_own_clothes,22637
flag,22618
bird_wings,22602
evil_smile,22599
paw_gloves,22588
red_pupils,22580
undercut,22573
office_lady,22515
sailor_hat,22510
bare_back,22506
mechanical_halo,22499
looping_animation,22497
star_print,22491
no_pupils,22482
bangle,22476
bound_arms,22469
animal_ear_piercing,22457
nurse,22455
frog_hair_ornament,22449
ugoira,22441
triangle_mouth,22437
check_commentary,22368
thighlet,22340
hand_to_own_mouth,22340
watercolor_(medium),22308
eye_mask,22303
long_hair_between_eyes,22300
animal_costume,22280
own_hands_clasped,22265
male_underwear,22264
reference_sheet,22262
fate/extra,22261
frilled_hair_tubes,22257
bridal_veil,22203
red_leotard,22195
kaga_(kancolle),22175
inverted_nipples,22173
nipple_slip,22159
fire_emblem_fates,22154
rumia,22123
warrior_of_light_(ff14),22121
grabbing_another's_arm,22120
aqua_necktie,22116
kono_subarashii_sekai_ni_shukufuku_wo!,22109
partially_colored,22048
blue_scarf,22044
raiden_shogun,21981
doodle_sensei_(blue_archive),21980
love_live!_nijigasaki_high_school_idol_club,21977
aqua_nails,21969
loose_socks,21951
mother_and_daughter,21949
brown_cardigan,21934
white_rose,21914
moriya_suwako,21910
bandaged_leg,21909
lumine_(genshin_impact),21904
jack-o'-lantern,21899
incest,21866
purple_kimono,21850
wine_glass,21844
mouse_tail,21815
yellow_bikini,21786
happy_new_year,21739
sundress,21725
bench,21713
chest_jewel,21691
gohei,21690
multiple_rings,21684
rabbit_hair_ornament,21679
no_mouth,21674
taut_clothes,21665
ninja,21643
unworn_eyewear,21640
triangular_headpiece,21639
frilled_thigh_strap,21593
scared,21571
dated_commentary,21556
digimon,21548
chinese_zodiac,21547
tied_shirt,21527
happy_sex,21511
imminent_penetration,21480
xenoblade_chronicles_2,21479
holster,21475
beachball,21446
red_eyeshadow,21444
key,21432
architecture,21421
femdom,21413
paw_print,21406
wedding_ring,21397
leg_lift,21360
striped_dress,21340
stuffed_rabbit,21306
animalization,21272
wet_shirt,21253
facing_another,21250
field,21248
hand_on_own_arm,21247
unbuttoned,21245
grey_shorts,21241
suit_jacket,21220
brown_shorts,21199
5boys,21182
tail_raised,21160
cum_in_ass,21158
holding_fruit,21155
saber_(fate),21144
cross_necklace,21099
bread,21055
leather,21040
bleach,21031
scythe,21016
skin-covered_horns,21010
cone_hair_bun,21004
tatami,21002
indian_style,20985
face-to-face,20975
condom_wrapper,20968
trailblazer_(honkai:_star_rail),20964
head_wreath,20959
headphones_around_neck,20929
blue_streaks,20922
backless_dress,20886
monogatari_(series),20874
dagger,20860
hands_on_own_chest,20827
real_life,20820
axe,20815
brown_sweater,20813
tales_of_(series),20811
mittens,20807
mash_kyrielight,20806
pocky,20787
halftone,20742
vampire,20734
navel_cutout,20717
salute,20689
black_cat,20676
shimakaze_(kancolle),20648
link,20643
star_earrings,20626
spoken_exclamation_mark,20624
bow_bra,20611
sarong,20605
kimetsu_no_yaiba,20597
reiuji_utsuho,20590
grey_sweater,20576
bedroom,20551
averting_eyes,20549
alternate_eye_color,20543
bucket,20531
chen,20530
hand_on_own_thigh,20524
horn_ornament,20523
orange_shirt,20522
hitodama,20497
shark_tail,20448
ears_through_headwear,20426
anchor_symbol,20423
playing_instrument,20423
naked_shirt,20372
black_suit,20337
dragon_quest,20322
battle,20318
shoulder_blades,20313
raccoon_ears,20305
wet_hair,20268
tilted_headwear,20264
computer,20226
kazami_yuuka,20226
red_eyeliner,20225
used_condom,20218
whisker_markings,20180
teapot,20173
annoyed,20152
fantasy,20144
ganyu_(genshin_impact),20144
constricted_pupils,20115
senran_kagura,20113
see-through_shirt,20106
puff_of_air,20069
miki_sayaka,20055
drunk,20048
thumbs_up,20025
superhero_costume,20018
hip_vent,20000
2000s_(style),19986
mouse_girl,19981
red_hakama,19971
round_teeth,19939
yellow_skirt,19928
pink_theme,19912
bonnet,19904
leaf_hair_ornament,19900
anal_object_insertion,19900
charm_(object),19886
green_bikini,19876
anniversary,19873
open_kimono,19800
text_focus,19800
overwatch,19798
air_bubble,19786
holding_own_hair,19784
bead_necklace,19727
see-through_sleeves,19704
brothers,19701
pectoral_cleavage,19691
public_indecency,19687
against_wall,19676
red_skin,19648
fat,19640
:>,19635
animal_hat,19602
dark,19593
off-shoulder_sweater,19580
pink_rose,19566
bikini_skirt,19565
coat_on_shoulders,19537
two-tone_eyes,19528
hugging_own_legs,19515
belt_collar,19504
pubic_tattoo,19492
red_panties,19469
bishoujo_senshi_sailor_moon,19448
ear_blush,19442
cannon,19428
uneven_legwear,19424
autumn_leaves,19419
pokemon_black_and_white,19394
lowleg,19388
holding_another's_wrist,19382
paintbrush,19368
chest_tattoo,19361
hina_(blue_archive),19361
idol,19347
fox_mask,19316
hat_feather,19316
pink_thighhighs,19304
princess_carry,19303
photo_(object),19299
toned_female,19270
two_tails,19249
fireworks,19248
unworn_shoes,19229
stitches,19220
sword_art_online,19177
heart_of_string,19174
unzipped,19167
navel_piercing,19150
fur-trimmed_sleeves,19083
red_capelet,19080
green_pants,19054
green_halo,19048
one_breast_out,19003
wind_lift,18999
heart_earrings,18989
randoseru,18967
bare_pectorals,18959
fujimaru_ritsuka_(male),18957
latex,18950
head_fins,18940
white_bodysuit,18932
hooded_cloak,18930
swimsuit_under_clothes,18927
cat_boy,18872
cross-shaped_pupils,18863
oil-paper_umbrella,18820
lower_teeth_only,18798
aura,18796
string,18792
turning_head,18787
yuuka_(blue_archive),18785
dairi,18783
giant,18770
tunic,18766
drink_can,18741
on_one_knee,18670
tatara_kogasa,18656
headscarf,18651
carrot,18623
chest_harness,18623
kawashiro_nitori,18614
yellow_bowtie,18607
cross_hair_ornament,18594
black_halo,18588
black_neckerchief,18583
gym_shirt,18581
jacket_partially_removed,18578
spiked_collar,18572
bracer,18538
chestnut_mouth,18534
game_controller,18528
blank_eyes,18521
two-tone_skin,18517
sparkling_eyes,18504
old,18489
clothes_between_breasts,18484
imminent_kiss,18482
striped_bowtie,18463
knee_pads,18457
everyone,18451
ffm_threesome,18449
snowflakes,18448
cross-section,18443
belt_pouch,18435
snake_hair_ornament,18420
mandarin_collar,18414
shoe_soles,18412
green_vest,18390
blue_sweater,18387
picture_frame,18384
gameplay_mechanics,18381
oversized_clothes,18363
holding_fork,18348
pink_gloves,18336
purple_panties,18334
red_gem,18330
mmf_threesome,18325
scabbard,18298
tiptoes,18293
coin,18286
watercraft,18286
micro_shorts,18274
white_camisole,18269
fang_out,18269
male_penetrated,18264
sonic_(series),18262
holding_gift,18262
asuna_(blue_archive),18260
naked_towel,18212
afterimage,18210
marker_(medium),18201
animal_on_head,18178
assertive_female,18172
single_sidelock,18167
monitor,18164
animal_collar,18153
kitsune,18148
blood_on_hand,18145
facepaint,18134
heart_ahoge,18130
holding_cigarette,18111
moaning,18096
aqua_background,18086
nervous,18075
sitting_on_lap,18073
yellow_sclera,18053
bathing,18049
hand_on_own_knee,18027
hibiki_(kancolle),18023
purple_skin,18008
crescent_hair_ornament,18004
winter,17990
two-tone_shirt,17986
blue_hoodie,17983
ice_wings,17950
vines,17942
bad_anatomy,17921
striped_background,17918
gotoh_hitori,17882
kasane_teto,17871
armored_dress,17864
houraisan_kaguya,17859
digimon_(creature),17850
short_kimono,17848
hinanawi_tenshi,17841
licking_penis,17840
side_braids,17837
kamishirasawa_keine,17835
floppy_ears,17825
holding_spoon,17813
:/,17811
houshou_marine,17810
holding_can,17807
tall_image,17800
braided_bangs,17792
green_shorts,17786
very_dark_skin,17772
two-tone_jacket,17754
nosebleed,17753
red_collar,17750
diagonal-striped_clothes,17748
pinstripe_pattern,17747
sad,17745
ai-generated,17743
shigure_(kancolle),17734
folded,17721
earmuffs,17668
holding_chopsticks,17667
strike_witches,17642
bat_(animal),17638
biting,17636
father_and_child,17633
gardevoir,17632
black_scarf,17623
lolita_hairband,17594
breast_sucking,17573
pointing_at_viewer,17570
blue_choker,17548
looking_at_object,17545
v-neck,17533
paid_reward,17527
one-eyed,17520
leg_ribbon,17514
alternate_hair_color,17501
handcuffs,17492
dolphin_shorts,17482
persona_5,17478
m_legs,17469
pantyhose_under_shorts,17464
toaru_kagaku_no_railgun,17458
cowbell,17451
onee-shota,17450
black_sports_bra,17438
souryuu_asuka_langley,17430
touken_ranbu,17426
holding_candy,17418
waitress,17387
airplane,17360
colored_extremities,17355
pikachu,17329
slingshot_swimsuit,17324
grey_gloves,17266
multiple_hair_bows,17264
x-ray,17256
squeans,17237
white_veil,17229
food_focus,17221
final_fantasy_vii_remake,17219
shimenawa,17211
multiple_persona,17203
wince,17183
fur-trimmed_gloves,17183
fate/apocrypha,17167
torn_shirt,17166
source_smaller,17143
kagamine_len,17134
pink_hairband,17122
pointless_censoring,17104
vaginal_object_insertion,17102
dark_persona,17101
blue_bra,17095
merfolk,17093
sakura_kyoko,17059
!!,17048
sack,17008
east_asian_architecture,16991
deep_skin,16989
pink_sweater,16984
biceps,16962
string_panties,16956
green_bowtie,16954
fire_emblem_awakening,16949
wagashi,16941
o-ring_bikini,16934
police,16917
weapon_on_back,16913
over_shoulder,16905
birthday,16895
bukkake,16891
donut,16884
nier_(series),16884
red_sash,16862
drop_shadow,16841
shark_girl,16834
brown_fur,16827
tomoe_mami,16825
nun_headdress,16819
tifa_lockhart,16792
spy_x_family,16780
gochuumon_wa_usagi_desu_ka?,16777
huge_penis,16776
grey_hat,16764
arknights:_endfield,16761
aqua_bow,16737
gold,16720
the_king_of_fighters,16714
shell,16709
grid_background,16703
lace-trimmed_thighhighs,16695
neck_ring,16693
sanpaku,16684
nijisanji_en,16684
dark_background,16680
in_container,16668
>:),16664
lace-trimmed_bra,16637
torii,16636
holding_bow_(weapon),16627
stomach_bulge,16627
fur-trimmed_cape,16623
carrying_person,16604
holding_another's_hair,16602
cum_on_clothes,16593
bead_bracelet,16587
touhou_(pc-98),16580
frog,16550
stool,16539
body_markings,16531
princess_zelda,16518
holding_wand,16517
grey_thighhighs,16516
braided_bun,16507
firefly_(honkai:_star_rail),16501
yellow_hairband,16489
lineart,16487
aiming,16486
frilled_choker,16485
fujimaru_ritsuka_(female),16464
sexually_suggestive,16442
crescent_moon,16440
gawr_gura,16410
goat_horns,16405
playing_card,16373
ribs,16372
kill_la_kill,16365
blue_sleeves,16360
diamond-shaped_pupils,16357
house,16349
dress_bow,16345
hasu_no_sora_school_uniform,16331
ribbon_choker,16326
strap_gap,16323
idolmaster_cinderella_girls_starlight_stage,16317
pumpkin,16316
hair_up,16311
singing,16293
colored_speech_bubble,16276
cunnilingus,16234
hip_focus,16214
mystia_lorelei,16212
tea,16212
split,16187
foursome,16157
electric_guitar,16154
print_thighhighs,16154
fate/zero,16148
pearl_necklace,16137
side-by-side,16129
gold_bikini,16126
badge,16117
detached_wings,16110
koakuma,16109
alphes_(style),16105
nazrin,16080
bathroom,16074
strap,16074
gigantic_breasts,16071
frieren,16067
tiger_tail,16056
floating_clothes,16050
mika_(blue_archive),16036
red_sweater,16034
narrow_waist,16013
holding_paper,15984
tsukihime,15961
ibuki_suika,15959
christmas_tree,15955
tassel_earrings,15942
brick_wall,15940
spiked_bracelet,15937
popped_collar,15922
covering_crotch,15916
pants_pull,15914
fur-trimmed_dress,15912
platform_sandals,15908
female_ejaculation,15902
yellow_gloves,15897
bear_ears,15888
brown_vest,15877
clothes_grab,15875
shirakami_fubuki,15863
black_bag,15856
pencil,15833
fur-trimmed_capelet,15803
mecha_musume,15782
pink_cardigan,15780
humanization,15779
flat_cap,15775
hibiscus,15773
persona_4,15753
zzz,15752
baby_animal,15736
cloud_strife,15726
cube_hair_ornament,15726
inaba_tewi,15708
parasol,15703
animal_ear_headphones,15690
extra_arms,15687
heart_cutout,15685
mushroom,15684
casual_one-piece_swimsuit,15659
anime_screenshot,15645
showgirl_skirt,15626
burger,15609
topknot,15608
explosion,15590
heads_together,15569
inkling_player_character,15562
kicking,15554
mountainous_horizon,15546
persona_3,15536
television,15536
hooded_coat,15502
glowing_eye,15496
mermaid,15479
seductive_smile,15468
shackles,15463
holding_card,15457
handheld_game_console,15446
kirby_(series),15437
earclip,15427
falling,15413
multicolored_gloves,15408
braided_hair_rings,15405
water_bottle,15400
purple_necktie,15389
body_writing,15364
usami_renko,15362
asymmetrical_clothes,15357
necktie_between_breasts,15356
anchor,15324
alien_stage,15318
ripples,15316
shingeki_no_kyojin,15313
cookie,15311
vehicle_focus,15298
raglan_sleeves,15297
multicolored_dress,15295
tacet_mark_(wuthering_waves),15272
sliding_doors,15272
content_rating,15268
gold_earrings,15260
police_uniform,15254
erection_under_clothes,15239
print_dress,15226
black_fur,15216
median_furrow,15204
red_bodysuit,15196
yellow_nails,15186
fake_screenshot,15168
hoshimachi_suisei,15168
alt_text,15149
leg_tattoo,15135
jumpsuit,15135
black_streaks,15124
holding_camera,15113
raccoon_tail,15109
hammer,15104
bath,15087
code_geass,15077
babydoll,15075
scene_reference,15074
whiskers,15071
summer,15061
stirrup_legwear,15056
black_mask,15042
dappled_sunlight,15036
hoshino_(blue_archive),15035
sleeveless_jacket,15031
green_kimono,15022
camouflage,15018
torn_pants,15015
wing_hair_ornament,15006
orange_skirt,15004
maribel_hearn,14988
crop_top_overhang,14973
lace-trimmed_panties,14966
earphones,14958
horse,14927
peeing,14926
wanderer_(genshin_impact),14917
heart_in_eye,14914
knees,14914
lion_ears,14913
ruins,14901
garrison_cap,14897
cherry,14885
old_man,14881
promotional_art,14870
pigeon-toed,14862
polka_dot_bow,14860
o-ring_top,14856
open_vest,14855
white_robe,14844
leaning_to_the_side,14833
infection_monitor_(arknights),14824
open_collar,14814
traditional_bowtie,14814
tentacle_sex,14804
bang_dream!_girls_band_party!,14799
official_style,14792
holding_pen,14776
lanyard,14754
cutoffs,14748
black_sandals,14748
yellow_sweater,14734
nier:automata,14719
arms_under_breasts,14708
orange_flower,14701
cow_print_bikini,14694
female_orgasm,14693
green_gloves,14691
danganronpa:_trigger_happy_havoc,14688
cropped,14683
rio_(blue_archive),14676
dirty,14659
number_tattoo,14657
mini_top_hat,14655
cow_girl,14650
hijiri_byakuren,14631
mind_control,14629
2others,14621
halter_dress,14620
lucky_star,14612
no_shirt,14608
red_theme,14599
insect_wings,14594
fat_man,14593
black_flower,14585
mouth_drool,14553
out-of-frame_censoring,14529
short_necktie,14526
hu_tao_(genshin_impact),14519
black_skin,14519
magatama,14509
dc_comics,14505
arm_cannon,14504
asymmetrical_docking,14496
tiger_print,14485
dungeon_meshi,14466
trainer_(umamusume),14466
same-sex_bathing,14465
double_penetration,14461
grey_halo,14453
zouri,14452
planet,14446
medium_dress,14442
painttool_sai_(medium),14434
white_neckerchief,14429
syringe,14417
:|,14414
shy,14402
neptune_(series),14385
track_suit,14356
grey_pantyhose,14349
transparent,14346
crescent_hat_ornament,14345
faceless_female,14342
photo_background,14336
making-of_available,14318
argyle_clothes,14317
hakama_short_skirt,14310
blue_socks,14309
ouro_kronii,14296
idolmaster_million_live!_theater_days,14288
pantyhose_pull,14278
implied_sex,14272
lamppost,14262
naval_uniform,14261
speed_lines,14234
chest_sarashi,14227
plaid_bow,14224
maple_leaf,14215
asymmetrical_wings,14204
eyes_out_of_frame,14194
reference_inset,14192
doll_joints,14190
oversized_object,14189
yawning,14187
extra_eyes,14176
power_lines,14171
blue_bodysuit,14150
turtleneck_shirt,14137
bare_tree,14128
bandaid_on_nose,14123
solid_oval_eyes,14107
no_eyes,14104
chest_hair,14092
cake_slice,14080
cross_earrings,14070
white_necktie,14069
tail_wagging,14062
voice_actor_connection,14053
houjuu_nue,14044
pee,14037
kongou_(kancolle),14037
frilled_thighhighs,14024
rectangular_halo,14017
saibou_shinkyoku,14001
multiple_expressions,13992
frilled_collar,13991
mismatched_gloves,13991
hatching_(texture),13989
single_hair_intake,13982
holding_lollipop,13974
scissors,13969
holding_ball,13969
higurashi_no_naku_koro_ni,13969
huge_weapon,13949
tailcoat,13945
hands_on_own_cheeks,13932
mobile_suit,13909
millennium_science_school_logo,13903
black_cloak,13900
checkered_floor,13897
baseball_bat,13895
mismatched_pupils,13894
agnes_tachyon_(umamusume),13883
go-toubun_no_hanayome,13871
muneate,13857
bamboo,13855
megurine_luka,13852
pokemon_legends:_z-a,13848
furina_(genshin_impact),13842
blue_butterfly,13836
aether_(genshin_impact),13823
tokyo_afterschool_summoners,13820
symmetrical_docking,13819
yellow_fur,13791
source_larger,13789
zoophilia,13784
mecha_focus,13784
copyright_logo,13783
nanami_chiaki,13781
star_hat_ornament,13758
arm_guards,13755
tomboy,13749
pregnant,13745
rainbow,13739
greaves,13736
jeanne_d'arc_alter_(fate),13729
vertical-striped_shirt,13720
tail_bow,13720
chalkboard,13719
mitakihara_school_uniform,13716
pink_skin,13704
pink_choker,13699
dragon_ball_z,13697
robot_joints,13687
resident_evil,13678
flat_color,13673
checkered_background,13672
two-tone_fur,13671
orange_jacket,13663
scar_on_arm,13659
torso_grab,13659
purple_theme,13656
vspo!,13655
dog_boy,13652
commissioner_upload,13640
star_in_eye,13630
grey_vest,13629
shorts_under_skirt,13599
striped_pantyhose,13584
ranma_1/2,13579
big_hair,13569
submachine_gun,13551
inazuma_(kancolle),13550
heart_brooch,13544
recording,13538
saucer,13533
floating_earrings,13530
grey_coat,13526
floral_print_kimono,13524
pink_boots,13522
single_wing,13518
;o,13513
foreskin,13500
tate_eboshi,13487
inkling_girl,13480
graphite_(medium),13478
coffee,13465
see-through_cleavage,13464
trait_connection,13463
pink_streaks,13449
multicolored_nails,13433
flower_field,13432
third_eye,13415
kita_high_school_uniform,13408
bound_legs,13407
bridge,13402
standing_split,13393
name_connection,13390
brown_bag,13387
small_sweatdrop,13372
monster_boy,13363
bra_strap,13360
shiny_pokemon,13359
floating_object,13352
single_sock,13342
purple_shoes,13328
smoking_pipe,13323
audible_music,13322
ball_gag,13309
sheep_horns,13306
cowboy_hat,13304
unconventional_maid,13303
elden_ring,13272
yagokoro_eirin,13267
sunbeam,13266
tasuki,13266
monocle,13264
elysia_(honkai_impact),13260
nahida_(genshin_impact),13228
hand_on_another's_cheek,13221
sleepy,13218
tape,13212
ensemble_stars!,13208
darkstalkers,13207
linea_alba,13204
one-piece_tan,13198
alien,13193
imageboard_desourced,13192
naked_apron,13180
bruise,13178
watermelon,13174
yasaka_kanako,13169
mizuhashi_parsee,13169
akemi_homura_(magical_girl),13161
evening,13155
skeleton,13140
greyscale_with_colored_background,13127
unworn_panties,13118
sheet_grab,13115
spoken_musical_note,13112
assault_lily,13110
heart_pasties,13101
peach,13093
streaming_tears,13089
magia_record:_mahou_shoujo_madoka_magica_gaiden,13067
splashing,13064
red_sleeves,13063
gradient_eyes,13056
manhattan_cafe_(umamusume),13056
stelle_(honkai:_star_rail),13056
1990s_(style),13051
male_swimwear,13042
magic_circle,13035
fur-trimmed_headwear,13031
pokemon_black_2_and_white_2,13020
leaf_on_head,13004
ear_ribbon,13001
akagi_(kancolle),12997
sidelighting,12981
multiple_moles,12981
pink_pupils,12973
beard_stubble,12961
very_sweaty,12954
idol_clothes,12950
blinking,12949
bathtub,12943
cyborg,12933
kisaki_(blue_archive),12927
fire_emblem_engage,12927
stardust_crusaders,12924
clipboard,12921
covered_collarbone,12913
fubuki_(kancolle),12912
footwear_bow,12911
clip_studio_paint_(medium),12911
blue_fire,12906
purple_halo,12904
long_sideburns,12901
shouting,12888
tying_hair,12887
bra_lift,12879
doctor_(arknights),12859
material_growth,12846
single_leg_pantyhose,12843
girls_band_cry,12839
traditional_halo,12831
eiyuu_densetsu,12825
deformed,12824
bestiality,12817
prosthesis,12804
shelf,12791
kamen_rider,12772
dripping,12766
rwby,12760
hand_on_own_stomach,12753
whistle,12737
arm_belt,12736
nightgown,12734
arm_ribbon,12733
flag_print,12725
aerial_fireworks,12723
grey_hoodie,12699
abigail_williams_(fate),12698
long_eyelashes,12690
sweater_dress,12684
heart_print,12683
motorcycle,12681
black_corset,12666
bandaged_hand,12660
yellow_hat,12647
sticker,12638
pillar,12621
the_pose,12619
trigger_discipline,12617
artist_self-insert,12600
sandwiched,12595
print_gloves,12585
ninomae_ina'nis,12581
feet_up,12577
falling_leaves,12557
mori_calliope,12550
pink_necktie,12549
soaking_feet,12544
dragon_wings,12541
black_ascot,12536
neck_tattoo,12530
egg,12525
breast_rest,12522
book_stack,12507
poolside,12504
genderswap_(ftm),12503
between_fingers,12492
weapon_over_shoulder,12488
plaid_shirt,12484
partially_unzipped,12480
scar_on_chest,12478
striped_socks,12467
swivel_chair,12464
yae_miko,12430
feeding,12425
fringe_trim,12424
internal_cumshot,12412
skull_hair_ornament,12412
tile_wall,12410
military_jacket,12406
multiple_wings,12397
monster_hunter_(series),12390
single_off_shoulder,12376
obijime,12365
scroll,12361
yin_yang,12360
torogao,12352
glaring,12349
crack,12347
brown_bow,12346
blazblue,12331
purple_lips,12329
blood_from_mouth,12327
2b_(nier:automata),12317
fur-trimmed_boots,12317
mole_on_neck,12310
merry_christmas,12303
tiger_girl,12293
flower-shaped_pupils,12292
medium_skirt,12285
grabbing_another's_hair,12272
fundoshi,12270
demon_boy,12270
photo-referenced,12269
rice,12251
cum_string,12249
orange_dress,12242
purple_pantyhose,12237
black_robe,12236
rebuild_of_evangelion,12231
utility_pole,12230
red_armband,12225
adjusting_headwear,12216
shoulder_pads,12214
blood_splatter,12198
asymmetrical_sleeves,12196
umineko_no_naku_koro_ni,12195
kagiyama_hina,12192
race_queen,12190
audible_speech,12181
dougi,12179
husband_and_wife,12178
reverse_cowgirl_position,12175
planted,12171
nikki_(series),12168
remote_control_vibrator,12167
tassel_hair_ornament,12157
yuudachi_(kancolle),12154
kote,12153
cookie_(touhou),12146
ice_cream_cone,12143
solid_circle_eyes,12140
beer,12130
sniper_rifle,12125
mahou_shoujo_lyrical_nanoha,12121
alternate_universe,12112
fate/kaleid_liner_prisma_illya,12111
pokemon_x_and_y,12102
american_flag,12102
fox_shadow_puppet,12102
mahou_shoujo_lyrical_nanoha_strikers,12096
green_gem,12077
multi-strapped_bikini_bottom,12075
jester_cap,12072
inazuma_eleven_(series),12067
wine,12058
convenient_hair,12057
white_vest,12055
cooking,12048
hand_on_another's_chin,12041
giantess,12032
arthropod_girl,12032
white_bloomers,12018
toki_(blue_archive),12015
elbow_rest,11998
tenryuu_(kancolle),11997
beach_umbrella,11994
cat_ear_headphones,11990
amiya_(arknights),11988
button_gap,11980
two-tone_gloves,11978
long_coat,11968
cardboard_box,11963
defeat,11954
forehead_protector,11946
red_wings,11941
center-flap_bangs,11940
suitcase,11927
holding_shield,11927
usada_pekora,11897
rimless_eyewear,11883
object_on_head,11871
nervous_smile,11868
multiple_belts,11866
baggy_pants,11865
draph,11861
waist_cape,11855
looking_at_penis,11841
pom_pom_hair_ornament,11836
dog_tags,11821
pink_neckerchief,11815
shushing,11814
aiguillette,11813
wolf_boy,11812
0_0,11806
lily_(flower),11801
lap_pillow,11800
uterus,11797
gundam_suisei_no_majo,11794
orb,11784
bobby_socks,11784
broom_riding,11784
print_panties,11777
chain_necklace,11773
holding_broom,11767
projectile_cum,11765
flower_knot,11741
bikini_bottom_only,11739
maebari,11728
aerith_gainsborough,11725
slice_of_life,11722
vertical-striped_thighhighs,11711
bandaid_on_knee,11702
bra_visible_through_clothes,11695
senki_zesshou_symphogear,11692
red_belt,11688
arms_around_neck,11675
vase,11670
super_smash_bros.,11664
gap_(touhou),11660
open_hands,11659
grey_shoes,11658
single_ear_cover,11652
aris_(blue_archive),11648
high_heel_sandals,11647
raised_eyebrow,11642
taking_picture,11640
hair_pulled_back,11640
nekomata_okayu,11636
blue_capelet,11626
futon,11621
waist_bow,11620
paper_lantern,11618
holding_bowl,11594
frilled_bra,11587
shigure_kai_ni_(kancolle),11581
bride,11579
netorare,11574
corrupted_twitter_file,11568
punching,11555
laptop,11551
clothed_male_nude_female,11536
miqo'te,11525
red_headband,11521
street,11516
jaggy_lines,11504
animal_on_shoulder,11499
skyscraper,11492
frilled_hat,11483
producer_(idolmaster),11481
studs,11476
head_on_pillow,11474
shiroko_(blue_archive),11460
plaid_vest,11458
green_panties,11454
xd,11454
hair_over_breasts,11444
father_and_daughter,11442
ikazuchi_(kancolle),11434
toyosatomimi_no_miko,11422
holding_removed_eyewear,11420
wardrobe_malfunction,11418
footjob,11412
diagonal-striped_necktie,11412
d:,11404
cow_tail,11392
cushion,11388
holding_box,11388
skinny,11376
knight,11376
thigh_belt,11372
kogal,11369
nero_claudius_(fate),11366
yor_briar,11356
kayoko_(blue_archive),11352
train_interior,11344
fox,11341
hololive_indonesia,11332
single_pauldron,11331
print_skirt,11327
beamed_eighth_notes,11326
striped_jacket,11324
chain-link_fence,11322
pillow_hug,11320
oripathy_lesion_(arknights),11310
skirt_pull,11299
black_armor,11289
bow-shaped_hair,11282
daiyousei,11280
spoken_blush,11273
midair,11273
deltarune,11273
single_mechanical_arm,11269
rozen_maiden,11261
green_theme,11247
backboob,11228
mari_(blue_archive),11225
multi-tied_hair,11216
kariginu,11215
school_chair,11208
multicolored_bodysuit,11200
purple_hairband,11188
togawa_sakiko,11186
green_sweater,11184
barbell_piercing,11173
manjuu_(azur_lane),11163
red_bra,11127
squatting_cowgirl_position,11124
heart-shaped_eyewear,11113
half-closed_eye,11110
unworn_jacket,11106
parted_hair,11102
playing_games,11076
illyasviel_von_einzbern,11066
reclining,11059
gold_necklace,11055
suzumiya_haruhi,11053
frilled_panties,11050
multicolored_bikini,11050
kazusa_(blue_archive),11045
bandaid_on_cheek,11042
full_armor,11035
cardcaptor_sakura,11034
coffee_mug,11034
meat,11032
tengen_toppa_gurren_lagann,11023
onii-chan_wa_oshimai!,10996
image_sample,10989
multiple_horns,10989
o-ring_choker,10989
iron_cross,10970
large_bow,10970
cane,10970
the_legend_of_zelda:_breath_of_the_wild,10968
steepled_fingers,10963
single_elbow_glove,10961
barcode,10957
vertical-striped_dress,10947
explosive,10935
makima_(chainsaw_man),10918
exhibitionism,10916
boy_on_top,10916
blue_belt,10911
striped_skirt,10908
cum_on_ass,10908
noodles,10908
sakazuki,10903
radio_antenna,10902
gold_bracelet,10899
sakuragaoka_high_school_uniform,10889
brown_tail,10889
nami_(one_piece),10886
leaning_on_person,10886
heart-shaped_food,10879
low-braided_long_hair,10869
hamakaze_(kancolle),10869
tohsaka_rin,10865
kirby,10864
food_print,10860
blood_on_weapon,10857
atelier_(series),10851
single_shoe,10839
yellow_cardigan,10827
leather_jacket,10825
grey_sailor_collar,10807
rectangular_eyewear,10798
river,10797
misaka_mikoto,10784
purple_leotard,10777
blue_overalls,10774
arm_garter,10774
megumin,10767
holding_axe,10762
grey_cardigan,10762
guilty_gear_strive,10755
zuikaku_(kancolle),10752
pink_shorts,10752
macross,10726
blue_ascot,10712
amputee,10708
notebook,10708
dot_mouth,10706
raccoon_girl,10704
drink_carton,10698
wolf,10692
unworn_skirt,10683
lightning_bolt_symbol,10680
akatsuki_(kancolle),10679
flower_wreath,10678
bokeh,10676
kissing_cheek,10675
company_connection,10666
on_desk,10664
nekomata,10664
pretty_series,10658
nishizumi_miho,10654
purple_sleeves,10653
sideways_mouth,10651
sweater_lift,10650
sleeveless_kimono,10650
vento_aureo,10649
updo,10645
snout,10643
grey_socks,10640
thigh_holster,10633
ankle_socks,10631
thank_you,10612
multicolored_wings,10612
cowlick,10611
panty_peek,10607
manly,10604
leopard_print,10604
shopping_bag,10597
viewfinder,10591
hoshiguma_yuugi,10586
turn_pale,10584
hand_on_another's_back,10583
tank,10572
jiangshi,10570
heart-shaped_box,10561
holding_controller,10560
akiyama_mio,10559
gradient_clothes,10551
hot,10548
firing,10547
octoling,10537
hand_on_own_ass,10528
narrowed_eyes,10528
mononobe_no_futo,10528
kaname_madoka_(magical_girl),10525
holding_popsicle,10519
mixed-language_text,10507
waves,10504
gold_ship_(umamusume),10504
fucked_silly,10501
corruption,10492
shiki_eiki,10478
official_wallpaper,10478
two-sided_cape,10474
perineum,10473
dragon_boy,10470
loose_hair_strand,10469
dango,10461
heart_necklace,10460
bird_ears,10455
takanashi_kiara,10453
chihaya_anon,10452
mouse_(animal),10447
fashion,10444
sepia,10442
open_hoodie,10439
;p,10435
teardrop,10435
leotard_under_clothes,10432
costume_switch,10418
holding_scythe,10413
castle,10409
waistcoat,10405
haruna_(kancolle),10404
ranguage,10403
ayanami_rei,10401
white_horns,10396
naruto_shippuuden,10394
red_buruma,10385
axis_powers_hetalia,10385
heaven_burns_red,10376
white_headband,10370
ooarai_school_uniform,10367
torn_dress,10358
wriggle_nightbug,10336
lycoris_recoil,10335
covering_face,10330
broken,10326
black_veil,10320
colored_inner_animal_ears,10317
pointing_at_self,10316
unworn_clothes,10311
arm_around_shoulder,10310
cow_print_thighhighs,10306
uwabaki,10304
shanghai_doll,10302
green_sailor_collar,10299
pawpads,10293
onozuka_komachi,10293
purple_bra,10290
blue_wings,10286
painterly,10278
faulds,10276
plaid_scarf,10255
holding_pom_poms,10254
twitching,10245
girls'_frontline_2:_exilium,10242
competition_school_swimsuit,10241
armpit_hair,10234
lifting_person,10231
holding_drink,10231
green_cape,10224
loose_necktie,10224
poster_(object),10219
slime_(substance),10218
pokemon_masters_ex,10211
sakura_miko,10207
koharu_(blue_archive),10204
blue_buruma,10202
beer_mug,10195
gradient_sky,10179
humanoid_robot,10176
rem_(re:zero),10168
cum_on_tongue,10168
green_shoes,10167
metal_collar,10166
black_camisole,10159
zhongli_(genshin_impact),10154
hololive_dev_is,10146
policewoman,10124
navel_hair,10122
landscape,10121
erune,10111
v_over_eye,10110
black_sash,10110
fedora,10109
red_sclera,10099
sailor_senshi_uniform,10087
yellow_shorts,10085
shorts_pull,10075
water_gun,10074
holding_mask,10063
imaizumi_kagerou,10063
wing_ornament,10053
yellow_shoes,10052
hachimaki,10050
twisted_torso,10049
diagonal-striped_bow,10049
high-waist_shorts,10048
choppy_bangs,10047
single_detached_sleeve,10044
morichika_rinnosuke,10041
pumps,10040
last_origin,10026
aegyo_sal,10026
holding_towel,10024
fox_boy,10021
reze_(chainsaw_man),10017
white_headdress,10011
white_feathers,10011
fate_testarossa,10005
cat_hair_ornament,10001
kashima_(kancolle),9999
hands_on_own_knees,9999
downblouse,9998
orange_(fruit),9995
abstract_background,9984
black_lips,9981
sagging_breasts,9974
furry_with_non-furry,9974
album_cover,9962
against_glass,9960
hypnosis,9953
naruto_(classic),9947
hand_on_another's_arm,9944
battle_tendency,9933
yuudachi_kai_ni_(kancolle),9930
frilled_gloves,9924
collared_coat,9911
oppai_loli,9907
musical_note_hair_ornament,9903
heart_choker,9900
plaid_dress,9893
demon,9889
tokoyami_towa,9888
girl_sandwich,9879
purple_vest,9879
improvised_gag,9878
whip,9871
bite_mark,9868
pokemon_heartgold_and_soulsilver,9867
track_pants,9863
blue_fur,9854
plunging_neckline,9849
tight_pants,9848
deep_penetration,9848
over-kneehighs,9847
crotchless,9845
yellow_pupils,9842
pink_scarf,9841
orange_bikini,9837
diamond_button,9832
mona_(genshin_impact),9830
rice_shower_(umamusume),9822
trading_card,9821
nagato_(kancolle),9819
furisode,9813
aqua_shirt,9808
tie_clip,9805
high-waist_pants,9802
microphone_stand,9797
bone,9795
still_life,9795
reverse_outfit,9791
\m/,9783
flip_phone,9780
dark_nipples,9777
bikini_bottom_aside,9776
colorized,9772
purple_coat,9761
crystal_wings,9754
yuzuki_yukari,9752
fate/extra_ccc,9734
loincloth,9733
white_cat,9731
artistic_error,9731
uneven_eyes,9726
old_school_swimsuit,9725
wispy_bangs,9720
purple_pants,9713
v-fin,9710
ambiguous_gender,9706
onigiri,9699
oma_kokichi,9696
thong_bikini,9685
penguin,9681
grey_boots,9681
kitchen,9678
back_cutout,9666
red_sailor_collar,9662
purple_rose,9660
perspective,9658
ears_down,9652
fern_(sousou_no_frieren),9651
nanashi_mumei,9636
anal_beads,9628
splatoon_3,9623
yellow_scarf,9614
drill_sidelocks,9613
hand_in_another's_hair,9603
dark_elf,9595
march_7th_(honkai:_star_rail),9593
minato_aqua,9592
triangle,9591
robot_ears,9587
torpedo,9587
convenient_leg,9586
family,9579
pinky_out,9574
pokemon_legends:_arceus,9573
energy,9572
3:,9564
looking_at_animal,9557
long_tongue,9557
single_sleeve,9547
stomach_tattoo,9539
evil_grin,9535
diagonal_bangs,9530
partially_undressed,9525
multiple_earrings,9519
pyra_(xenoblade),9519
crow,9518
scathach_(fate),9484
chess_piece,9483
painting_(object),9480
earpiece,9479
belle_(zenless_zone_zero),9479
yandere,9478
holding_strap,9466
zombie,9459
pink_petals,9456
o-ring_thigh_strap,9454
pervert,9453
smile_precure!,9453
laurel_crown,9441
computer_keyboard,9436
mega_pokemon,9435
thighhighs_under_boots,9434
holding_leash,9432
revolver,9428
dawn_(pokemon),9424
hand_on_another's_waist,9421
orange_sky,9421
autumn,9420
towel_around_neck,9414
pole,9406
red_socks,9405
time_paradox,9402
suzuya_(kancolle),9396
shirt_pull,9394
oshi_no_ko,9389
people,9387
e.g.o_(project_moon),9378
ellen_joe,9369
??,9367
bra_pull,9362
starfish,9362
goth_fashion,9362
stage,9362
hair_beads,9361
medical_eyepatch,9359
kyubey,9352
spotlight,9351
waking_up,9346
disembodied_penis,9344
asymmetrical_horns,9335
layered_clothes,9326
reverse_bunnysuit,9326
money,9322
clone,9322
two-sided_jacket,9317
see-through_dress,9314
kita_ikuyo,9309
ear_tag,9308
front_ponytail,9297
colored_tongue,9295
horror_(theme),9291
rover_(wuthering_waves),9290
mini_wings,9287
santa_dress,9286
bird_tail,9284
horn_ribbon,9284
pillarboxed,9278
heart-shaped_chocolate,9276
pubic_hair_peek,9275
nakano_azusa,9273
rose_print,9271
tablet_pc,9270
blue_scrunchie,9268
lillie_(pokemon),9265
\||/,9264
lightning,9260
grabbing_own_ass,9256
nagato_yuki,9256
undertale,9243
steins;gate,9238
seia_(blue_archive),9233
mother_and_son,9232
sphere_earrings,9230
the_legend_of_zelda:_tears_of_the_kingdom,9230
heart_background,9227
nagasaki_soyo,9225
engrish_text,9211
statue,9209
novel_illustration,9209
red_trim,9205
bilingual_commentary,9186
print_pantyhose,9181
columbina_(genshin_impact),9170
tomoe_mami_(magical_girl),9154
a.i._voice,9153
open_door,9144
winter_coat,9141
mixed-sex_bathing,9136
throne,9131
wine_bottle,9130
nintendo_switch,9129
arm_rest,9126
tamamo_no_mae_(fate),9125
muted_colors,9115
boat,9113
suggestive_fluid,9112
road_sign,9106
breast_curtains,9098
chun-li,9096
scar_on_nose,9095
grapes,9087
helltaker,9084
aqua_bowtie,9083
blue_sash,9078
drawing_(object),9074
panty_&_stocking_with_garterbelt,9070
green_coat,9060
fur_hat,9059
breast_lift,9059
animal_feet,9059
doorway,9053
reverse_suspended_congress,9049
black_leggings,9043
energy_sword,9032
hinoshita_kaho,9030
street_fighter_6,9025
machine_gun,9025
demon_slayer_uniform,9018
lion_girl,9016
jacket_around_waist,9015
aikatsu!_(series),9012
asymmetrical_footwear,9002
wise_(zenless_zone_zero),8996
holding_another's_arm,8994
kinomoto_sakura,8983
leotard_aside,8982
blue_pupils,8982
patreon_reward,8972
kobayashi-san_chi_no_maidragon,8967
anchor_hair_ornament,8966
bad_deviantart_id,8966
bicycle,8962
double_handjob,8953
take_your_pick,8947
ace_attorney,8947
pointing_up,8944
ryuujou_(kancolle),8940
spider-man_(series),8937
paper_fan,8935
kaito_(vocaloid),8934
bubble_skirt,8932
coattails,8929
hirasawa_yui,8924
pouring,8920
twilight,8912
toramaru_shou,8912
mole_on_thigh,8911
thorns,8907
goggles_on_headwear,8896
looking_at_phone,8895
pun,8893
stick,8884
backwards_hat,8884
one-punch_man,8872
hand_on_another's_chest,8870
yuruyuri,8869
kotatsu,8868
untied_bikini_top,8861
elbow_pads,8859
non-humanoid_robot,8858
playing_video_games,8850
holding_dagger,8849
locker,8846
male_masturbation,8845
tracen_training_uniform,8843
red_cloak,8842
animal_penis,8840
crab,8839
hand_on_another's_thigh,8837
himekaidou_hatate,8832
striped_scarf,8823
tomoe_(symbol),8820
school,8814
tail_ribbon,8814
male_maid,8810
female_pov,8805
bird_girl,8790
two-tone_skirt,8783
caelus_(honkai:_star_rail),8773
baby,8773
bandage_over_one_eye,8773
daiwa_scarlet_(umamusume),8770
white_halo,8770
hands_on_another's_shoulders,8770
matoi_ryuuko,8766
beak,8764
halftone_background,8760
pointy_hair,8757
rosa_(pokemon),8756
rose_petals,8753
tokiwadai_school_uniform,8752
hands_on_another's_face,8752
pussy_peek,8749
shore,8747
forked_eyebrows,8741
jeanne_d'arc_(fate),8741
aqua_dress,8739
white_cloak,8736
may_(pokemon),8733
sake,8728
spider_lily,8728
gridman_universe,8726
miki_sayaka_(magical_girl),8725
planted_sword,8716
no_socks,8712
brown_horns,8710
arm_hair,8707
ringlets,8706
facing_to_the_side,8701
cropped_shoulders,8693
prosthetic_arm,8692
hands_in_own_hair,8688
dressing,8683
crazy_eyes,8678
crowd,8677
mask_pull,8673
chest_belt,8662
orgy,8661
unmoving_pattern,8652
off-topic,8646
grey_fur,8645
side_cutout,8638
black_bridal_gauntlets,8636
bike_shorts_under_skirt,8634
pokemon_omega_ruby_and_alpha_sapphire,8633
holding_doll,8630
armchair,8629
punishing:_gray_raven,8621
purple_wings,8617
purple_gem,8616
murasa_minamitsu,8612
mushoku_tensei,8608
ladle,8607
u_u,8601
letter,8599
full_cleavage,8594
cable_knit,8594
reverse_grip,8590
lipstick_mark,8586
power_armor,8578
striped_ribbon,8577
unsheathing,8576
otonokizaka_school_uniform,8576
soap_bubbles,8562
urethra,8562
spring_onion,8561
strap_pull,8557
mechanical_wings,8555
princess_peach,8554
texas_(arknights),8550
black_headband,8545
snowman,8543
orange_nails,8538
pink_sleeves,8537
pink_leotard,8535
mejiro_mcqueen_(umamusume),8533
taut_shirt,8531
love_live!_superstar!!,8521
dimples_of_venus,8520
wedgie,8511
test_tube,8511
penis_on_face,8508
unworn_mask,8502
sunny_(omori),8498
breast_tattoo,8492
red_scrunchie,8488
art_program_in_frame,8486
purple_cape,8484
ceiling,8483
on_bench,8481
damaged,8480
senran_kagura_new_wave,8479
dress_flower,8478
fighting,8472
x-shaped_pupils,8471
gears,8470
yellow_rose,8467
romaji_text,8460
karin_(blue_archive),8457
purple_choker,8456
green_scarf,8455
shooting_star,8454
in-franchise_crossover,8452
bakemonogatari,8450
clover,8441
noa_(blue_archive),8425
bursting_breasts,8418
peeking_out,8416
leaf_print,8416
cross_scar,8414
nishikigi_chisato,8413
keqing_(genshin_impact),8411
hunter_x_hunter,8408
venti_(genshin_impact),8406
mythra_(xenoblade),8405
flower_earrings,8402
glitch,8399
transformation,8395
kaku_seiga,8394
has_bad_revision,8392
jar,8388
blue_pantyhose,8384
yukkuri_shiteitte_ne,8383
nishikino_maki,8383
no_nipples,8377
frilled_socks,8375
colored_pubic_hair,8372
spread_anus,8372
chick,8367
office_chair,8365
serval_(kemono_friends),8360
orange_ribbon,8359
twisted_wonderland,8358
midoriya_izuku,8354
orange_necktie,8353
silk,8351
underboob_cutout,8349
brown_scarf,8348
karakasa_obake,8347
pocket_watch,8346
gilgamesh_(fate),8340
plana_(blue_archive),8340
albino,8337
reverse_trap,8329
breast_suppress,8327
stellive,8323
x-men,8323
imminent_rape,8313
black_cardigan,8312
ship,8310
takamachi_nanoha,8310
houshou_(kancolle),8308
see-through_veil,8303
ookami_mio,8302
red_pantyhose,8301
dragon_print,8298
the_hundred_line_-last_defense_academy-,8296
chewing_gum,8295
ribbed_shirt,8293
spoken_squiggle,8287
orange_bowtie,8287
big_belly,8286
paimon_(genshin_impact),8284
shop,8283
polka_dot_panties,8282
after_fellatio,8282
female_pervert,8281
middle_finger,8281
robot_girl,8280
brown_sweater_vest,8276
metroid,8266
butterfly_wings,8257
sanrio,8249
orange-tinted_eyewear,8248
basil_(omori),8245
pirate_hat,8244
naked_ribbon,8240
joseph_joestar,8235
strapless_bikini,8223
flip-flops,8220
evolutionary_line,8218
diamond_wa_kudakenai,8213
thinking,8213
lake,8207
imminent_vaginal,8205
macaron,8199
yume_kawaii,8193
kafuu_chino,8193
green_sleeves,8192
trench_coat,8179
american_flag_print,8178
locked_arms,8176
crossed_ankles,8175
penis_awe,8171
imagining,8169
stomach_cutout,8162
death,8161
tower,8158
hydrangea,8155
pendant_choker,8147
closed_umbrella,8141
huge_nipples,8138
marnie_(pokemon),8127
pink_bag,8126
anal_tail,8121
green_hairband,8118
green_thighhighs,8116
high_school_dxd,8116
monkey_d._luffy,8114
lower_body,8110
large_tail,8109
torn_skirt,8108
synthesizer_v,8105
ai-assisted,8097
egg_vibrator,8096
anus_peek,8095
kyuubi,8094
poking,8090
bandaged_head,8083
taur,8082
frilled_one-piece_swimsuit,8079
yellow_theme,8071
lion_tail,8067
gold_chain,8066
spoken_anger_vein,8066
purple_boots,8066
opaque_glasses,8063
shikishi,8063
feather_hair,8054
wrist_ribbon,8054
hilda_(pokemon),8052
shotgun,8048
bleeding,8047
body_blush,8039
hata_no_kokoro,8039
tomato,8035
concept_art,8029
envelope,8029
suletta_mercury,8022
orange_hat,8021
unworn_helmet,8019
breast_envy,8017
jirai_kei,8013
puddle,8013
red_rope,8010
business_suit,8009
kafka_(honkai:_star_rail),8008
armpit_peek,8007
sono_bisque_doll_wa_koi_wo_suru,8005
greco-roman_clothes,7997
to_heart_(series),7996
purple_shorts,7993
denji_(chainsaw_man),7987
toilet,7984
bear,7981
sleeveless_sweater,7980
yellow_skin,7978
ring_piercing,7975
holding_paintbrush,7973
spoken_interrobang,7972
irrumatio,7970
saihara_shuichi,7969
pentagram,7964
lying_on_person,7958
fatal_fury,7955
quiver,7955
rabbit_pose,7952
horseshoe_ornament,7947
okita_souji_(fate),7946
assault_visor,7943
deepthroat,7932
glowstick,7932
wet_panties,7930
aqua_skirt,7914
multicolored_skirt,7912
lemon,7912
oozora_subaru,7901
cow_print_gloves,7900
red-tinted_eyewear,7894
inverted_bob,7888
blue_cardigan,7886
gym_shorts,7883
reflective_liquid,7879
garreg_mach_monastery_uniform,7875
sparkle_(honkai:_star_rail),7871
okobo,7870
oyama_mahiro,7864
samus_aran,7863
yellow_kimono,7863
blue_serafuku,7858
suction_cups,7854
color_guide,7853
folded_fan,7852
arona_(blue_archive),7843
diffraction_spikes,7841
miniboy,7840
blue_lips,7838
stand_(jojo),7833
ore_no_imouto_ga_konna_ni_kawaii_wake_ga_nai,7831
cat_paws,7828
yazawa_nico,7813
flaccid,7812
arm_hug,7811
orange_gloves,7810
hoshimi_miyabi,7808
tojo_nozomi,7799
colored_blood,7797
hairpods,7794
colorful,7791
quad_tails,7785
finger_gun,7785
emiya_shirou,7781
upright_straddle,7775
grey_panties,7772
iseri_nina,7771
procreate_(medium),7769
holding_baseball_bat,7765
saki_(manga),7764
shuten_douji_(fate),7763
murakumo_(kancolle),7762
hooded_capelet,7757
adachi_rei,7751
bra_peek,7749
large_hat,7744
sonoda_umi,7741
kiana_kaslana,7737
momoi_(blue_archive),7737
amane_kanata,7736
cat_hood,7736
dancer,7731
mechanical_tail,7729
amatsukaze_(kancolle),7727
spider_web,7727
deer_ears,7725
lowleg_panties,7711
sleeve_bow,7710
debris,7709
fat_mons,7704
ijichi_nijika,7704
shiina_taki,7703
hairy,7703
bangs_pinned_back,7698
purple_sailor_collar,7692
lock,7689
frilled_kimono,7688
holding_basket,7684
reindeer_antlers,7681
bolt_action,7680
triangle_hair_ornament,7679
low-tied_sidelocks,7675
waterfall,7675
argyle_background,7671
mitsudomoe_(shape),7669
after_anal,7666
grey_sky,7664
dress_pull,7663
flashing,7661
holding_flag,7658
brown_sandals,7655
kujo_jotaro,7654
arm_around_another's_waist,7650
shiori_novella,7648
ibaraki_kasen,7647
fog,7644
whistle_around_neck,7635
blue_tail,7633
astolfo_(fate),7631
nagae_iku,7630
yukihana_lamy,7630
kemono_friends_3,7622
nico_robin,7621
tail_through_clothes,7619
winged_arms,7617
cynthia_(pokemon),7616
plaid_bowtie,7613
aru_(blue_archive),7605
food_on_body,7601
gawr_gura_(1st_costume),7601
carrot_hair_ornament,7597
hibike!_euphonium,7595
pizza,7588
see-through_silhouette,7584
subtitled,7580
nanashi_inc.,7579
fusion,7573
cat_cutout,7573
red_armor,7570
yamato_(kancolle),7567
tainaka_ritsu,7562
komaeda_nagito,7554
arm_around_neck,7553
misumi_uika,7548
w_arms,7541
tiger_&_bunny,7541
hanako_(blue_archive),7536
towel_on_head,7536
hose,7535
holding_hammer,7535
unbuttoned_shirt,7530
too_many,7530
nostrils,7523
miyako_yoshika,7522
red_bag,7520
white_sash,7519
fujishima_megumi,7519
white_trim,7510
yellow_panties,7497
domino_mask,7496
black_shrug,7492
paizuri_under_clothes,7492
earth_(planet),7490
hakos_baelz,7489
shibari_over_clothes,7489
nerissa_ravencroft,7489
chef_hat,7486
pixiv_fantasia,7486
clothed_pokemon,7484
tengu-geta,7482
colored_pencil_(medium),7482
marvel_rivals,7481
novelty_censor,7481
aroused,7481
saotome_ranma,7478
circle,7477
command_spell,7472
to_love-ru,7471
purple_sash,7464
kurokote,7459
frilled_wrist_cuffs,7458
shibuya_rin,7457
spacesuit,7455
mechanical_legs,7455
bone_hair_ornament,7454
panty_straps,7449
yukikaze_(kancolle),7445
wizard_hat,7441
striped_pants,7439
gourd,7438
fruit_print,7437
cracked_skin,7436
ushio_(kancolle),7435
white_tail,7432
energy_gun,7432
christmas_ornaments,7431
wakaba_mutsumi,7428
father_and_son,7426
parfait,7416
spacecraft,7416
short_bangs,7414
bangboo_(zenless_zone_zero),7414
clothed_animal,7410
rubber_duck,7406
bakugou_katsuki,7402
frilled_capelet,7392
hooded_cape,7390
baobhan_sith_(fate),7387
butt_plug,7383
shouji,7379
hair_flowing_over,7378
knees_to_chest,7376
yellow_horns,7374
mandarin_orange,7372
white_eyelashes,7367
tartaglia_(genshin_impact),7365
cheek-to-cheek,7357
apex_legends,7355
star_halo,7354
spread_ass,7341
kamisato_ayaka,7336
leg_hair,7336
elsword,7336
two-tone_bow,7336
hair_horns,7336
clownpiece,7332
bikini_top_lift,7331
hagoromo,7331
on_throne,7329
trident,7325
sword_on_back,7321
warship_girls_r,7319
guro,7318
purple_tail,7313
holding_behind_back,7309
paint_splatter,7306
watson_amelia,7305
glowing_weapon,7304
holding_cat,7303
white_scrunchie,7300
roots_(hair),7296
super_saiyan,7295
sheep_girl,7294
beer_can,7293
kawaragi_momoka,7292
inugami_korone,7289
multicolored_horns,7284
numbered,7284
bustier,7280
violin,7279
saber_alter,7272
two-footed_footjob,7271
shirogane_noel,7267
surgical_mask,7263
flexible,7261
miorine_rembran,7257
single_hair_ring,7257
sandwich,7256
biting_own_lip,7255
ayase_eli,7253
small_horns,7249
framed_breasts,7247
bodypaint,7245
animal_ear_headwear,7241
tokusatsu,7238
grabbing_another's_thighs,7234
white_mask,7229
thick_eyelashes,7224
sua_(alien_stage),7218
otomune_kozue,7218
gloom_(expression),7218
sideless_outfit,7217
heart_o-ring,7217
>:(,7213
clothing_request,7206
eevee,7200
gundam_seed,7197
sheep_ears,7192
kasodani_kyouko,7192
klee_(genshin_impact),7192
spread_toes,7188
flustered,7187
soga_no_tojiko,7185
wa_maid,7185
fishing_rod,7184
tongue_piercing,7184
bandaids_on_nipples,7184
puckered_lips,7183
condom_in_mouth,7181
:>=,7180
text_background,7177
wolf_cut,7177
inazuma_eleven_go,7177
archer_(fate),7176
dead_or_alive,7175
song_name,7174
atago_(kancolle),7166
horizontal_pupils,7163
morrigan_aensland,7161
one-piece_swimsuit_pull,7161
spade_(shape),7157
magazine_scan,7156
pokemon_firered_and_leafgreen,7154
momose_ginko,7154
milk,7153
holding_pokemon,7149
son_goku,7141
little_busters!,7137
egasumi,7137
pancake,7132
drum,7121
covered_face,7117
pince-nez,7117
no_pussy,7115
seagull,7114
plectrum,7114
lappland_(arknights),7113
junko_(touhou),7109
two-tone_bikini,7108
pussy_juice_trail,7105
holding_gohei,7103
pink_fur,7101
pink_hoodie,7101
single_fingerless_glove,7095
kurodani_yamame,7095
swimsuit_aside,7091
obiage,7091
hard-translated,7090
black_apron,7089
twitter_logo,7088
cupcake,7083
library,7083
holding_game_controller,7083
birthday_cake,7082
goggles_around_neck,7078
shoulder_spikes,7075
tokai_teio_(umamusume),7073
white_suit,7069
kumoi_ichirin,7068
sakura_kyoko_(magical_girl),7064
cat_lingerie,7063
finger_to_cheek,7062
yoga_pants,7061
pink_apron,7057
skates,7057
bullet,7054
tissue_box,7050
2023,7049
pussy_juice_stain,7049
strapless_shirt,7048
letterman_jacket,7048
library_of_ruina,7045
aqua_neckerchief,7045
sakamata_chloe,7044
hand_under_clothes,7044
notched_ear,7039
1980s_(style),7038
overskirt,7036
yahata_umiri,7035
white_cardigan,7026
hair_tie_in_mouth,7024
kamitsubaki_studio,7023
murano_sayaka,7023
holding_clipboard,7019
watashi_ga_motenai_no_wa_dou_kangaetemo_omaera_ga_warui!,7019
kaguya-sama_wa_kokurasetai_~tensai-tachi_no_renai_zunousen~,7017
cu_chulainn_(fate),7015
yellow_boots,7014
mizi_(alien_stage),7013
maid_bikini,7011
octopus,7007
bag_charm,7001
turtleneck_dress,6997
aiming_at_viewer,6996
ako_(blue_archive),6995
duck,6994
fur-trimmed_hood,6994
smelling,6992
paper_bag,6986
button_badge,6982
nishizumi_maho,6980
spoken_character,6980
milestone_celebration,6978
piggyback,6972
akebono_(kancolle),6971
toe_scrunch,6970
orange_shorts,6965
talons,6965
meiko_(vocaloid),6959
feather_boa,6956
white-framed_eyewear,6955
nontraditional_playboy_bunny,6955
sheep,6950
vegetable,6949
pink_socks,6942
rapier,6940
burn_scar,6939
shoukaku_(kancolle),6938
kingdom_hearts,6934
yellow-framed_eyewear,6928
heart_balloon,6926
brand_name_imitation,6923
green_boots,6920
microdress,6918
joseph_joestar_(young),6916
asuna_(bunny)_(blue_archive),6915
latex_bodysuit,6914
after_kiss,6913
hasumi_(blue_archive),6910
au_ra,6907
crescent_earrings,6905
impossible_shirt,6901
green_hoodie,6898
uneven_horns,6898
black_garter_straps,6891
2024,6887
sparse_pubic_hair,6884
skadi_(arknights),6882
cage,6879
eyepatch_bikini,6878
matou_sakura,6878
borrowed_clothes,6876
kunai,6876
blue_bag,6873
red_hoodie,6867
spitroast,6866
holding_smoking_pipe,6866
dungeon_ni_deai_wo_motomeru_no_wa_machigatteiru_darou_ka,6862
skin_fangs,6860
pokephilia,6858
hand_on_own_leg,6856
character_profile,6853
wiffle_gag,6853
floor,6852
city_lights,6846
cum_pool,6844
small_penis,6842
tsukino_usagi,6838
black_feathers,6829
puffy_detached_sleeves,6829
unaligned_breasts,6829
pink_pants,6828
cum_on_legs,6828
kisaragi_chihaya,6824
disgaea,6823
danmaku,6822
holostars,6810
megaphone,6798
impossible_bodysuit,6792
hoshii_miki,6791
romper,6788
hand_over_own_mouth,6786
holding_guitar,6784
latin_cross,6777
gloria_(pokemon),6776
angel_beats!,6776
omniscient_reader's_viewpoint,6775
stage_lights,6775
inoue_takina,6771
flower_pot,6769
brown_ribbon,6768
suzuran_(arknights),6768
>_o,6766
swimming,6764
dragon_ball_super,6763
northern_ocean_princess,6763
ssss.gridman,6763
sleepwear,6759
acheron_(honkai:_star_rail),6758
tekken,6757
sparkle_background,6757
bar_(place),6753
watanabe_you,6749
two-tone_bodysuit,6745
black_sweater_vest,6744
fisheye,6743
anya_(spy_x_family),6740
sekibanki,6738
cuts,6737
ooyodo_(kancolle),6732
constellation,6732
head_back,6729
aqua_(konosuba),6724
treble_clef,6723
briefcase,6722
thigh_pouch,6720
black_scrunchie,6720
very_long_tail,6717
spanked,6716
evening_gown,6714
magazine_(weapon),6713
unworn_bra,6710
pripara,6709
bandaged_neck,6708
bat_print,6708
leaning,6704
darjeeling_(girls_und_panzer),6704
throwing,6701
eastern_dragon,6700
kieran_(pokemon),6698
resized,6696
oshino_shinobu,6694
wide_spread_legs,6693
white_leg_warmers,6692
hinata_hajime,6692
kijin_seija,6688
orange_fur,6686
heart_tattoo,6685
animal_crossing,6679
hand_on_another's_hip,6678
hk416_(girls'_frontline),6675
candy_apple,6668
gloved_handjob,6667
shinosawa_hiro,6663
cheese,6662
ancient_greek_clothes,6661
holding_lantern,6658
power_(chainsaw_man),6655
spider_web_print,6654
embers,6654
yellow_belt,6653
horned_helmet,6652
mahou_shoujo_lyrical_nanoha_a's,6652
cosmetics,6650
jingasa,6646
string_of_fate,6644
sailor,6643
black_rock_shooter,6640
harpy,6638
mordred_(fate),6637
platform_shoes,6634
white_sports_bra,6632
snake_tail,6632
bulletproof_vest,6626
ribbon-trimmed_thighhighs,6624
tiger,6621
amagami,6621
oguri_cap_(umamusume),6621
ebifurya,6620
remote_control,6611
checkered_skirt,6608
flute,6605
unworn_shirt,6604
upturned_eyes,6603
finger_in_another's_mouth,6602
purple_serafuku,6602
shide,6601
nozomi_(blue_archive),6600
oversized_shirt,6599
flame-tipped_tail,6594
nude_cover,6590
popsicle_in_mouth,6588
frying_pan,6586
fire_emblem:_the_blazing_blade,6583
scope,6582
screenshot_inset,6582
black_hanfu,6580
surreal,6580
fullmetal_alchemist,6580
triangle_earrings,6579
soccer_uniform,6578
thong_leotard,6573
unsheathed,6568
bass_guitar,6568
minamoto_no_raikou_(fate),6567
osawa_rurino,6564
multiple_braids,6562
gown,6556
showering,6556
yamada_ryo,6554
bb_(fate),6554
teacher,6550
heart_facial_mark,6549
stuffed_cat,6548
cum_on_stomach,6546
wrench,6546
aki_minoriko,6544
fire_emblem:_radiant_dawn,6543
purple_scarf,6541
calligraphy_brush,6537
red_moon,6532
holding_arrow,6529
gaping,6529
incredibly_absurdres,6529
holding_syringe,6528
request_inset,6528
two-handed,6521
shishiro_botan,6520
prone_bone,6518
pen_(medium),6517
kitakami_(kancolle),6516
writing,6515
police_hat,6513
holding_handheld_game_console,6513
head-mounted_display,6512
arcueid_brunestud,6511
kanna_(blue_archive),6510
mage_staff,6506
checkered_scarf,6504
grey_bow,6504
steamed_bun,6501
harem_outfit,6500
soldier,6499
mahou_shoujo_madoka_magica:_hangyaku_no_monogatari,6498
shortstack,6497
lily_pad,6497
splatoon_1,6496
multiple_4koma,6496
green_leotard,6495
izumi_konata,6495
2025,6493
instagram_username,6488
hiiragi_kagami,6488
broken_glass,6483
side_cape,6480
purple_bodysuit,6473
pointy_nose,6472
pink_eyeshadow,6470
shoujo_kageki_revue_starlight,6470
gold_choker,6465
petting,6465
sushi,6463
;q,6457
striped_sleeves,6452
midori_(blue_archive),6451
crote,6449
finger_on_trigger,6448
multiple_crossover,6447
to_heart_2,6446
scar_on_forehead,6439
purple_sky,6438
holding_sheath,6435
scowl,6434
lobotomy_corporation,6433
pearl_earrings,6430
raincoat,6428
roronoa_zoro,6427
lance,6426
kitagawa_marin,6421
white_sandals,6420
taihou_(azur_lane),6418
2022,6417
holding_underwear,6415
white_bag,6413
cooperative_fellatio,6411
french_fries,6409
ceiling_light,6408
hieda_no_akyuu,6408
cat_hat,6407
trash_can,6402
train,6398
driving,6398
eula_(genshin_impact),6396
hand_on_another's_neck,6396
kanzashi,6395
blue_horns,6394
dandadan,6393
kal'tsit_(arknights),6384
ikari_shinji,6383
clannad,6377
shenhe_(genshin_impact),6376
pink_scrunchie,6373
plaid_necktie,6371
happy_halloween,6371
strangling,6370
crescent_pin,6370
aqua_ribbon,6364
aikatsu!,6364
tusks,6363
pill,6363
dio_brando,6359
mirko,6354
banana,6354
fluffy,6350
reverse_upright_straddle,6346
white_nails,6346
tiger_boy,6341
light_trail,6340
yellow_trim,6338
rensouhou-chan,6336
mismatched_footwear,6336
mechanical_horns,6336
amami_haruka,6335
torn_sleeves,6335
deer_antlers,6334
yellow_sash,6333
saori_(blue_archive),6328
ishmael_(project_moon),6326
cream,6322
assisted_exposure,6321
candlestand,6320
needy_girl_overdose,6319
squirrel_ears,6317
chips_(food),6313
falling_feathers,6313
official_alternate_hair_color,6312
ash_ketchum,6309
megami_magazine,6308
rooftop,6308
lamia,6307
hallway,6306
frilled_pillow,6304
two-tone_swimsuit,6304
phase_connect,6303
silence_suzuka_(umamusume),6302
map,6300
head_grab,6299
dirty_face,6295
bodysuit_under_clothes,6295
gekkoukan_high_school_uniform,6292
instant_loss,6291
staring,6291
sandrone_(genshin_impact),6285
layered_bikini,6283
defloration,6281
red_(pokemon),6280
banner,6280
on_shoulder,6278
clothes_in_mouth,6277
chicken,6276
grey_tail,6275
itsumi_erika,6274
cone_horns,6272
asashio_(kancolle),6268
1koma,6266
multiple_scars,6265
shrine,6262
blue_apron,6259
on_table,6258
fire_emblem:_genealogy_of_the_holy_war,6253
puppet,6250
soda_can,6246
ribbon-trimmed_skirt,6243
pink_belt,6242
jellyfish,6241
mating_press,6233
morgan_le_fay_(fate),6232
mario,6228
gintama,6227
leg_lock,6227
piano,6226
purple_sweater,6225
clover_hair_ornament,6224
white_hanfu,6220
holding_sack,6216
stylus,6213
afloat,6213
tsundere,6213
bandaid_hair_ornament,6212
holding_sign,6209
behind_another,6207
strappy_heels,6206
fuwawa_abyssgard,6206
aubrey_(omori),6205
xiao_(genshin_impact),6205
covered_abs,6203
don_quixote_(project_moon),6200
bikini_tan,6196
brown_capelet,6196
omelet,6195
red_bandana,6195
nipple_rings,6187
date_a_live,6185
sonic_the_hedgehog,6184
holding_swim_ring,6181
holding_plectrum,6174
hikari_(blue_archive),6172
white_bird,6171
splatoon_2,6169
swim_trunks,6168
employee_uniform,6167
colored_bangs,6165
tall_female,6163
mutsuki_(blue_archive),6163
houshou_marine_(1st_costume),6161
humiliation,6161
exercising,6160
straddling_paizuri,6157
hickey,6154
hand_grab,6154
flower_ornament,6150
energy_wings,6147
fewer_digits,6143
sun_symbol,6143
torn_bodysuit,6141
happy_valentine,6134
polka_dot_bikini,6132
bird_on_head,6132
sideways,6130
multicolored_hairband,6128
unamused,6127
mococo_abyssgard,6122
disposable_coffee_cup,6119
fellatio_gesture,6118
contrail,6117
lotus,6116
grey_border,6113
multicolored_fur,6109
medal,6109
stone_ocean,6107
bubble_tea,6103
electric_fan,6102
unusually_open_eyes,6101
mochi,6100
chain_leash,6097
car_interior,6092
pink_tail,6091
toy,6089
lace_panties,6085
lowleg_bikini,6085
in_box,6083
shoulder_boards,6083
asuna_(sao),6082
magazine_cover,6082
teardrop_facial_mark,6079
tucking_hair,6078
yellow_vest,6077
emoji,6076
virgin_killer_sweater,6075
see-through_skirt,6071
looking_over_eyewear,6069
transformers,6058
red_umbrella,6055
stained_glass,6054
:i,6053
kindergarten_uniform,6052
feather_earrings,6049
dusk,6047
worried,6042
serena_(pokemon),6038
goat_ears,6037
darling_in_the_franxx,6035
body_freckles,6034
striped_tail,6033
character_print,6031
orange_hairband,6030
string_of_flags,6027
princess,6026
batman_(series),6024
shark_hair_ornament,6024
holding_another's_leg,6023
prinz_eugen_(kancolle),6020
pompadour,6020
roswaal_mansion_maid_uniform,6018
ok_sign,6018
new_super_mario_bros._u_deluxe,6017
sleeves_pushed_up,6016
diamond_hairband,6008
flower_symbol,6006
praying,6003
silver_wolf_(honkai:_star_rail),6002
denim_skirt,6001
gundam_00,5998
strap_between_breasts,5994
flask,5983
red_fur,5979
basketball_(object),5975
torn_cape,5974
ejaculating_while_penetrated,5974
super_crown,5972
gumi,5966
torn_shorts,5966
lineup,5965
brown_cape,5965
nilou_(genshin_impact),5963
ramen,5961
macross_frontier,5961
profanity,5958
brown_sailor_collar,5958
bow_choker,5955
single_kneehigh,5954
phantasy_star,5953
cyberpunk_(series),5952
bound_ankles,5951
infinity_nikki,5949
clitoral_stimulation,5945
haneoka_school_uniform,5942
path_to_nowhere,5938
toki_(bunny)_(blue_archive),5938
cumulonimbus_cloud,5938
xenoblade_chronicles_3,5937
shiranui_mai,5934
needle,5927
len'en,5925
doki_doki_literature_club,5921
higuchi_madoka,5919
blue_eyeshadow,5919
plastic_bag,5917
chest_strap,5908
kotobuki_tsumugi,5905
dark_souls_(series),5901
bandaid_on_arm,5899
squirrel_tail,5899
smell,5898
la+_darknesss,5898
reflection_focus,5896
eyebrow_piercing,5895
suspender_shorts,5893
anyoji_hime,5893
mutsu_(kancolle),5890
slime_(creature),5889
golden_kamuy,5889
kaban_(kemono_friends),5886
fake_phone_screenshot,5885
game_console,5882
kikuchi_makoto,5880
toon_(style),5876
sukuna_shinmyoumaru,5876
kris_(deltarune),5871
irys_(hololive),5867
c.c.,5866
dokidoki!_precure,5866
confused,5863
hands_on_own_head,5862
shovel,5861
holding_condom,5860
mobile_suit_gundam,5856
hiding,5855
stray_pubic_hair,5854
anchovy_(girls_und_panzer),5853
white_shrug,5851
purple-tinted_eyewear,5850
cum_on_penis,5848
minami_kotori,5848
graffiti,5846
itomugi-kun,5846
user_interface,5844
arlecchino_(genshin_impact),5842
seashell,5842
hecatia_lapislazuli,5842
ruu_(tksymkw),5841
suspension,5840
pudding,5839
bkub,5839
marcille_donato,5839
medusa_(fate),5836
green_neckerchief,5836
cookie_run,5834
puyopuyo,5826
food_on_head,5826
spanish_commentary,5824
diamond_cutout,5823
yahari_ore_no_seishun_lovecome_wa_machigatteiru.,5822
blue-framed_eyewear,5821
stitched_face,5819
monkey_tail,5818
partially_shaded_face,5817
patterned_clothing,5813
hand_on_another's_ass,5811
angelina_(arknights),5804
newspaper,5802
grey_sleeves,5797
boo_tao_(genshin_impact),5795
cammy_white,5793
quill,5793
yugiri_tsuzuri,5793
futatsuiwa_mamizou,5789
star_wars,5786
black_hakama,5782
purple_eyeshadow,5782
aqua_jacket,5777
queen's_blade,5777
nipple_bar,5777
collage,5769
grey_horns,5768
utaite,5767
lace-trimmed_dress,5765
arch,5764
grey_kimono,5764
paw_shoes,5763
meitantei_conan,5760
grandmaster_of_demonic_cultivation,5757
uneven_gloves,5751
bad_nicoseiga_id,5751
sephiroth,5750
blue_armor,5748
kiseru,5746
tally,5745
nijigasaki_school_uniform,5745
artoria_pendragon_(lancer)_(fate),5743
hill,5741
segmented_comic,5739
chinese_knot,5739
dice,5738
back_tattoo,5737
mohawk,5734
bat_hair_ornament,5732
iono_(pokemon),5732
yellow_hoodie,5732
letty_whiterock,5732
public_nudity,5730
green_bra,5729
pink-tinted_eyewear,5727
red_tattoo,5724
flats,5724
snot,5710
raiden_mei,5709
horned_headwear,5707
untied_bikini_bottom,5706
owl,5705
ice_cube,5705
uzumaki_naruto,5704
matching_outfits,5703
narukami_yu,5701
speaker,5700
striped_horns,5698
daisy_(flower),5697
arched_bangs,5695
heart_hands_duo,5694
twitching_penis,5693
corpse,5686
multicolored_shoes,5686
black_pubic_hair,5685
aki_shizuha,5683
female_admiral_(kancolle),5682
skirt_suit,5681
crazy_smile,5680
orange_neckerchief,5679
mascara,5678
four-leaf_clover,5676
tatsuta_(kancolle),5670
qingdai_guanmao,5668
neru_(blue_archive),5664
school_emblem,5662
blank_censor,5662
heartcatch_precure!,5662
nightcap,5659
furry_with_furry,5658
holding_ice_cream,5658
black_rose,5656
pussyjob,5654
drumsticks,5653
screentones,5652
gojo_satoru,5651
cigar,5650
exusiai_(arknights),5643
2021,5639
arm_held_back,5639
flower_knight_girl,5639
ruffle_bikini,5637
twirling_hair,5635
tokyo-3_middle_school_uniform,5634
screaming,5634
cuddling,5630
snowflake_print,5629
adam's_apple,5628
takao_(kancolle),5627
open_dress,5627
jealous,5626
ceres_fauna,5626
scratches,5624
path,5622
fire_emblem:_path_of_radiance,5621
hammer_(sunset_beach),5620
cross-laced_dress,5614
ereshkigal_(fate),5612
basil_(faraway)_(omori),5612
diagonal-striped_bowtie,5608
shijou_takane,5608
aran_sweater,5607
fishnet_top,5606
ooi_(kancolle),5606
chainsaw,5605
earbuds,5604
mp3_player,5601
attacking_viewer,5599
sendai_(kancolle),5598
brown_socks,5595
slime_girl,5594
computer_mouse,5594
steel_ball_run,5593
rabbit_boy,5591
houseki_no_kuni,5587
yumemi_riamu,5586
musashi_(kancolle),5586
spread_fingers,5583
untucked_shirt,5580
on_lap,5580
okita_souji_(koha-ace),5573
sleep_mask,5560
title,5559
yellow_coat,5557
pink_pajamas,5557
lifting_another's_clothes,5555
dreadlocks,5555
fanbox_username,5550
ryouou_school_uniform,5547
halo_behind_head,5545
monster_musume_no_iru_nichijou,5545
love_live!_school_idol_festival,5544
crotch_rope,5539
grenade,5533
dungeons_&_dragons,5527
grey-framed_eyewear,5525
stocking_(psg),5520
rudder_footwear,5519
pink_coat,5517
adjusting_swimsuit,5515
cheating_(relationship),5514
slave,5514
character_hair_ornament,5511
tulip,5506
bullpup,5505
puzzle_&_dragons,5504
haikyuu!!,5504
deer_girl,5504
pinching,5499
bread_slice,5497
looking_at_mirror,5497
candy_cane,5495
bismarck_(kancolle),5495
aqua_bikini,5495
nice_nature_(umamusume),5492
mouth_veil,5489
veiny_arms,5488
smokestack,5487
korean_clothes,5483
yuuki_makoto_(persona_3),5482
blue_hakama,5481
satono_diamond_(umamusume),5480
fluffy_hair,5479
clothes_hanger,5478
platform_boots,5477
rabbit_hood,5476
riding_crop,5474
impregnation,5474
edelgard_von_hresvelg,5473
miyu_(blue_archive),5472
purple_horns,5470
gas_mask,5470
sink,5468
left-handed,5468
instrument_case,5468
squirrel_girl,5463
yurucamp,5458
vshojo,5457
white_armor,5456
hugging_doll,5456
holding_pencil,5455
devil_may_cry_(series),5452
thigh_sex,5451
senketsu,5449
crossed_bandaids,5445
caesar_anthonio_zeppeli,5445
bremerton_(azur_lane),5443
ring_light_reflection,5443
condom_on_penis,5442
party_hat,5442
akashi_(kancolle),5441
orange_kimono,5437
nose_piercing,5437
multiple_bracelets,5436
multicolored_swimsuit,5435
alternate_skin_color,5434
haruno_sakura,5432
yellow_scrunchie,5431
kachimachi_kosuzu,5430
yoko_littner,5429
goldfish,5428
shirasaka_koume,5427
frogtie,5426
nakiri_ayame,5425
cat_print,5420
skullgirls,5418
hooves,5416
perky_breasts,5408
uchiwa,5405
dove,5401
long_shirt,5401
kagerou_project,5397
osomatsu_(series),5393
high_side_ponytail,5392
brown_hairband,5392
the_legend_of_zelda:_twilight_princess,5390
mega_man_(classic),5388
shiranui_(kancolle),5385
bloom,5381
eastern_dragon_horns,5379
heart-shaped_pillow,5377
figure,5375
pokemon_(classic_anime),5374
lucina_(fire_emblem),5373
rug,5371
toothbrush,5371
belly_chain,5368
beach_towel,5367
purple_belt,5364
attack,5363
pantylines,5361
rubbing_eyes,5360
;3,5357
sazanami_(kancolle),5356
desert,5355
sake_bottle,5354
o-ring_bottom,5354
lotion,5353
spill,5352
open_shorts,5351
d.va_(overwatch),5350
screenshot,5348
cropped_vest,5348
panther_ears,5348
print_bow,5347
wet_swimsuit,5346
neck_ruff,5341
surrounded_by_hands,5338
horseback_riding,5335
restaurant,5332
single_hair_tube,5331
shako_cap,5330
gold_armor,5326
amamiya_ren,5324
tendou_akane,5324
shark,5321
censored_nipples,5319
undersized_clothes,5317
red_hands,5314
blowing_kiss,5312
ishtar_(fate),5310
kasane_teto_(sv),5309
monster_girl_encyclopedia,5309
mega_man_x_(series),5305
cellphone_photo,5304
cevio,5302
grey_neckerchief,5302
covering_own_eyes,5301
duel,5299
moss,5292
octoling_player_character,5290
grey_necktie,5289
scar_on_neck,5288
no_lineart,5287
touqi_guaitan,5287
ibuki_(blue_archive),5286
stethoscope,5286
kosaka_honoka,5286
surtr_(arknights),5284
inset_border,5284
akiyama_yukari,5282
sticker_on_face,5281
haruyama_kazunori,5281
locker_room,5278
fanny_pack,5277
lifebuoy,5275
multicolored_halo,5274
shiranui_flare,5274
come_hither,5272
fish_hair_ornament,5272
multicolored_leotard,5270
heart_in_mouth,5266
purple_umbrella,5263
holding_cane,5261
flight_deck,5261
naked_jacket,5260
yellow_bag,5260
idolmaster_1,5257
abstract,5250
sanji_(one_piece),5249
making-of,5246
wife_and_wife,5241
gold_ring,5240
hands_on_another's_head,5238
rotom,5238
orange_theme,5237
sitting_on_face,5236
peeing_self,5235
souryuu_(kancolle),5234
orange_pants,5231
cold,5228
paint,5227
legwear_garter,5225
wei_wuxian,5225
american_flag_bikini,5224
kasumi_(kancolle),5221
bare_hips,5219
multicolored_shirt,5217
single_gauntlet,5216
dessert,5216
meltryllis_(fate),5214
caught,5214
hip_bones,5214
carpet,5211
super_robot_wars,5211
musical_staff,5209
wedding,5209
snowflake_hair_ornament,5208
photo_inset,5206
murasaki_shion,5202
guilty_gear_xrd,5202
sleeve_garter,5199
yellow_thighhighs,5197
iowa_(kancolle),5196
frilled_ribbon,5195
mismatched_bikini,5195
kiryuuin_satsuki,5195
dirty_clothes,5194
head_on_another's_shoulder,5188
hakui_koyori,5187
bow_bikini,5184
fu_hua,5183
running_bond,5183
kabedon,5181
hirogaru_sky!_precure,5180
orange_shoes,5179
fish_girl,5177
object_namesake,5176
different_reflection,5175
arabian_clothes,5173
blue_armband,5172
green_choker,5171
church,5170
kouyoku_senki_exs-tia,5168
heart_button,5165
kemono_friends_v_project,5163
screenshot_redraw,5163
sode,5160
ui_(blue_archive),5159
samidare_(kancolle),5159
yuki_miku,5156
ladder,5153
curled_fingers,5153
neckwear_grab,5151
watson_cross,5151
ange_katrina,5151
you_gonna_get_raped,5150
omori_(omori),5150
uranohoshi_school_uniform,5149
fur_scarf,5148
greatsword,5144
loose_belt,5142
pink-framed_eyewear,5140
thrusters,5138
sunburst,5136
female_rover_(wuthering_waves),5135
miyamoto_musashi_(fate),5134
baseball_uniform,5133
striped_shorts,5132
orc,5131
atelier_ryza,5127
chained,5127
backless_leotard,5122
hoshizora_rin,5121
hair_ears,5120
lily_white,5112
wakasagihime,5111
blur_censor,5110
sen_no_kiseki_(series),5106
rubber_boots,5105
fivesome,5104
yellow_sweater_vest,5102
miyako_(blue_archive),5102
roman_numeral,5097
minase_iori,5097
suigintou,5095
burning,5094
tachibana_arisu,5093
yamashiro_(kancolle),5092
in_tree,5088
emilia_(re:zero),5087
osomatsu-san,5087
teardrop_earrings,5086
brown_necktie,5086
raora_panthera,5084
symboli_rudolf_(umamusume),5075
koha-ace,5075
no_jacket,5074
combat_helmet,5074
club_(weapon),5074
faux_traditional_media,5073
robin_(honkai:_star_rail),5071
holding_stick,5070
fire_emblem:_mystery_of_the_emblem,5070
tsukihime_(remake),5064
grey_belt,5062
selene_(pokemon),5061
deviantart_username,5055
green_socks,5054
lounge_chair,5052
gegege_no_kitarou,5049
kitasan_black_(umamusume),5047
kishin_sagume,5047
binoculars,5043
blue_trim,5043
male_rover_(wuthering_waves),5043
see-through_leotard,5040
drawing_(action),5040
minecraft,5039
bow_legwear,5039
milk_bottle,5038
bento,5036
capri_pants,5036
group_picture,5034
feather_trim,5032
patterned_background,5031
possessed,5031
steering_wheel,5026
formidable_(azur_lane),5025
panther_girl,5020
skewer,5020
little_witch_academia,5020
cropped_hoodie,5018
machikado_mazoku,5018
clothed_female_nude_female,5016
shower_head,5015
side_up_bun,5015
cat_ear_hairband,5015
space_helmet,5014
fake_cover,5013
alice's_adventures_in_wonderland,5010
flexing,5006
patch,5003
holding_scissors,4995
lemon_slice,4994
plantar_flexion,4994
sunrise,4992
purple_capelet,4987
fake_wings,4987
tombstone,4987
neon_trim,4986
kel_(omori),4984
lip_piercing,4983
mechabare,4981
over-rim_eyewear,4980
rabbit_print,4978
laevatein_(touhou),4978
touhou_lostword,4977
fur_coat,4977
light_bulb,4975
champagne_flute,4973
dan_heng_(honkai:_star_rail),4972
phantasy_star_online_2,4970
eyebrow_cut,4969
taimanin_(series),4967
after_ejaculation,4965
stiletto_heels,4961
pyrokinesis,4958
prinz_eugen_(azur_lane),4956
hands_on_own_thighs,4953
wide_ponytail,4952
monsterification,4950
cyberpunk:_edgerunners,4947
ro-500_(kancolle),4947
false_smile,4946
reflective_floor,4945
braided_twintails,4945
made_in_abyss,4943
shu_(arknights),4941
pink_border,4940
blue_collar,4939
finger_to_own_chin,4938
onee-loli,4938
licking_finger,4937
warhammer_40k,4936
tatsumaki,4935
takamatsu_tomori,4935
ghost_tail,4932
cousins,4927
blood_from_eyes,4925
full_beard,4924
dungeon_and_fighter,4923
shrimp,4921
green_lips,4921
bronya_zaychik,4919
commander_(azur_lane),4919
buck_teeth,4917
cliff,4917
spatula,4914
grimace,4914
submerged,4913
ovum,4909
special_week_(umamusume),4907
cocktail_glass,4907
shell_casing,4905
broken_horn,4904
kuroki_tomoko,4903
koseki_bijou,4902
eyewear_strap,4898
hiei_(kancolle),4897
skull_and_crossbones,4896
pirate_costume,4895
full_nelson,4892
ultimate_madoka,4892
mari_(omori),4888
shirt_tug,4885
shimamura_uzuki,4879
bemani,4878
skull_print,4878
mole_on_cheek,4876
white_garter_straps,4875
brown_theme,4875
shaved_ice,4873
sailor_moon,4873
kim_dokja,4872
atago_(azur_lane),4868
nitroplus,4865
tiger_stripes,4864
jackal_ears,4863
wooden_table,4863
transparent_umbrella,4862
usada_pekora_(1st_costume),4862
sekaiju_no_meikyuu,4862
playing_with_own_hair,4859
sweaty_armpits,4855
kid_icarus,4855
hand_on_another's_stomach,4852
nonomi_(blue_archive),4851
starry_sky_print,4848
grey_scarf,4847
phantom_blood,4844
safety_pin,4843
vertical-striped_skirt,4838
goatee_stubble,4834
heart_maebari,4833
ammunition,4833
pillbox_hat,4832
fetal_position,4832
artbook,4829
hifumi_(blue_archive),4828
akamatsu_kaede,4827
bandage_on_face,4826
breastless_clothes,4825
tribadism,4823
ribbed_dress,4822
pokemon_horizons,4820
leon_s._kennedy,4819
vibrator_under_clothes,4816
red_one-piece_swimsuit,4816
panda,4812
lace_bra,4811
twilight_(spy_x_family),4810
multicolored_thighhighs,4809
high_contrast,4809
no_eyewear,4808
sagisawa_fumika,4802
strawberry_shortcake,4798
verniy_(kancolle),4795
mechanical_hands,4794
drinking_straw_in_mouth,4793
barcode_tattoo,4788
striped_sweater,4785
herta_(honkai:_star_rail),4784
hitachi_magic_wand,4783
moonlight,4780
pixiv_sample,4780
corded_phone,4775
pink_vest,4772
butterfly_print,4769
holding_panties,4766
blue_border,4766
w_(arknights),4765
open_robe,4765
ornate_border,4765
tied_up_(nonsexual),4761
balcony,4761
american_flag_legwear,4760
horn_bow,4760
turnaround,4759
studded_belt,4759
veiny_breasts,4759
inazuma_eleven,4758
blue-tinted_eyewear,4756
ass_ripple,4756
the_legend_of_zelda:_ocarina_of_time,4756
in-universe_location,4755
red_sky,4749
impending_doom,4749
horn_hairband,4749
stripper_pole,4746
whipped_cream,4743
pink_bodysuit,4738
pastel_colors,4737
rosalina,4735
pillow_grab,4733
swirl_lollipop,4732
bamboo_forest,4732
ganaha_hibiki,4731
ex-keine,4730
quarter_note,4728
gauze,4724
cloth_gag,4723
town,4721
girthy_penis,4721
object_head,4719
inoino,4717
5koma,4713
pokemon_adventures,4713
holding_pillow,4713
ofuda_on_clothes,4712
loose_bowtie,4711
misty_(pokemon),4710
adjusting_gloves,4708
kirishima_(kancolle),4707
winged_helmet,4707
yunomi,4706
pearl,4706
bird_on_hand,4699
pink_pantyhose,4699
fertilization,4699
bat_ears,4698
breast_bondage,4696
uruha_rushia,4695
mikasa_ackerman,4694
mixed_media,4693
ankle_ribbon,4692
swing,4692
helm,4690
asticassia_school_uniform,4690
orange_scarf,4686
red_hood,4685
mole_under_each_eye,4685
takarada_rikka,4682
milk_carton,4682
star_facial_mark,4679
o3o,4677
reach-around,4676
turtleneck_leotard,4675
wo-class_aircraft_carrier,4675
yelan_(genshin_impact),4675
shiroko_terror_(blue_archive),4671
uneven_sleeves,4671
kou_hiyoyo,4670
pig,4668
pokemon_tcg,4663
soccer_ball,4662
yellow_pants,4660
brown_corset,4657
3others,4654
idolmaster_side-m,4654
nakano_nino,4652
plum_blossoms,4650
takagaki_kaede,4645
cervix,4644
white_romper,4644
rough_sex,4644
pulling_another's_clothes,4643
cooking_pot,4641
touhoku_kiritan,4640
hatsutori_hajime,4637
gold_armlet,4636
plaid_pants,4635
thick_lips,4629
vending_machine,4629
star_necklace,4626
sleeping_on_person,4621
what,4621
japari_symbol,4620
winding_key,4620
elysia_(herrscher_of_human:_ego)_(honkai_impact),4619
hazbin_hotel,4616
holding_sex_toy,4615
shirakami_fubuki_(1st_costume),4614
chloe_von_einzbern,4612
side_part,4605
wrinkled_skin,4603
kizuna_akari,4602
instant_noodles,4602
holding_water_gun,4602
bowl_cut,4601
boxing_gloves,4601
shoe_dangle,4600
playing_sports,4599
ump45_(girls'_frontline),4598
kanon_(kurogane_knights),4598
gold_hairband,4598
yaegashi_nan,4597
orange_bodysuit,4597
talisman,4596
tarot,4596
nagisa_kaworu,4594
pointing_at_another,4592
flower_request,4591
fur-trimmed_skirt,4591
giving,4590
tsukinomori_school_uniform,4589
american_flag_dress,4588
ichika_(blue_archive),4587
futa_with_male,4587
flower_tattoo,4585
selfcest,4584
green_apron,4584
counter,4583
peeking,4583
grey_bodysuit,4582
disembodied_head,4581
artoria_caster_(fate),4580
afro,4579
curren_chan_(umamusume),4578
scar_on_stomach,4577
mop,4576
head_only,4575
roller_skates,4575
shared_clothes,4575
tsushima_yoshiko,4574
duffel_bag,4573
black_hood,4573
brown_kimono,4571
cafe,4570
star_choker,4569
ammunition_pouch,4568
my_little_pony,4565
animal_bag,4564
spiked_choker,4562
spice_and_wolf,4562
too_many_watermarks,4561
white_snake,4561
inverted_cross,4560
melting,4559
blue_robe,4558
skirt_tug,4556
furude_rika,4555
holding_balloon,4555
nanamori_school_uniform,4554
sweatpants,4551
fairy_tail,4551
hands_in_opposite_sleeves,4550
holding_whip,4549
plaid_jacket,4549
calendar_(object),4548
paddle,4546
drone,4545
asymmetrical_sidelocks,4544
linear_hatching,4544
licking_nipple,4542
blue_headband,4541
djeeta_(granblue_fantasy),4537
against_railing,4534
yu-gi-oh!_duel_monsters,4534
bisexual_female,4533
darkness,4531
bear_girl,4528
vrchat,4528
tape_gag,4527
purple_fur,4527
hatsuboshi_gakuen_school_uniform,4527
uchiha_sasuke,4526
forked_tongue,4525
mcdonald's,4524
fried_egg,4523
mustache_stubble,4523
yuubari_(kancolle),4520
no_feet,4520
karyl_(princess_connect!),4519
shadowverse,4517
oversized_animal,4516
sangonomiya_kokomi,4513
two-sided_coat,4511
gold_crown,4509
surfboard,4508
mirror_selfie,4507
collared_cape,4507
sigh,4506
constellation_print,4505
striped_bra,4503
natsuiro_matsuri,4503
white_serafuku,4501
turtle_shell,4494
very_long_fingernails,4490
goat_girl,4489
lace-trimmed_sleeves,4487
faust_(project_moon),4487
medusa_(rider)_(fate),4487
haru_urara_(umamusume),4486
white_theme,4486
hyuuga_hinata,4486
kaedehara_kazuha,4485
fiery_hair,4485
teasing,4484
ch'en_(arknights),4482
sailor_bikini,4482
glowing_sword,4482
handsfree_ejaculation,4480
black_rock_shooter_(character),4479
footprints,4479
takatsuki_yayoi,4479
reisalin_stout,4478
nape,4475
buzz_cut,4474
breasts_on_glass,4472
yorigami_shion,4471
kazama_iroha,4470
zero_two_(darling_in_the_franxx),4468
lize_helesta,4468
goblin,4465
excalibur_(fate/stay_night),4465
keyhole,4457
thumb_ring,4456
stationary_restraints,4455
my_little_pony:_friendship_is_magic,4454
fleeing,4452
magatama_necklace,4451
multiple_piercings,4450
pink_collar,4447
walk-in,4447
hex_maniac_(pokemon),4444
fire_emblem:_the_binding_blade,4442
stuck,4442
purple_hoodie,4441
os-tan,4441
check_copyright,4438
sleeveless_coat,4438
head_between_breasts,4438
ribbon-trimmed_collar,4432
nagisa_(blue_archive),4429
nicole_demara,4429
doremy_sweet,4428
enpera,4427
bandaid_on_pussy,4427
sweets,4423
headlamp,4422
birdcage,4422
cross_print,4422
nose_bubble,4421
izuna_(blue_archive),4418
morning,4418
horse_penis,4417
lipstick_tube,4415
holo,4412
shimakaze_(kancolle)_(cosplay),4412
gradient_dress,4410
alley,4410
sleep_molestation,4408
bridget_(guilty_gear),4404
sumino_takumi,4404
clothes_down,4403
multicolored_coat,4399
shining_nikki,4396
asphyxiation,4395
march_7th_(preservation)_(honkai:_star_rail),4395
negligee,4391
kirigiri_kyoko,4389
rebecca_(keinelove),4389
giorno_giovanna,4388
real_world_location,4388
chandelier,4387
square_4koma,4385
kujo_jolyne,4384
school_hat,4384
hands_on_lap,4384
shampoo_(ranma_1/2),4382
street_fighter_v,4382
mizuki_hitoshi,4382
blue_cloak,4380
turban,4378
tactical_clothes,4378
dark_magician_girl,4377
winged_hat,4376
bit_gag,4374
halter_shirt,4374
asahina_mikuru,4373
ribbed_socks,4370
hawaiian_shirt,4370
butler,4368
han_juri,4368
potato_chips,4367
shading_eyes,4365
aventurine_(honkai:_star_rail),4365
puffy_shorts,4363
art_tools_in_frame,4363
pink_wings,4362
kikyou_(blue_archive),4361
no_sclera,4361
padlock,4361
arch_bishop_(ragnarok_online),4360
tail_wrap,4360
hiryuu_(kancolle),4359
carrying_over_shoulder,4358
saotome_ranma_(female),4358
sakurauchi_riko,4355
cyberpunk,4352
kouji_(campus_life),4352
pencil_dress,4351
baguette,4351
ryuuguu_rena,4351
age_progression,4350
typo,4350
yu-gi-oh!_gx,4347
anal_fingering,4347
ace_(playing_card),4347
gorget,4346
toast,4346
phimosis,4346
tangzhuang,4345
zeta_gundam,4344
battery_indicator,4344
overcast,4343
blue_tongue,4343
thigh_cutout,4343
2020,4340
toradora!,4339
mallet,4339
bow_(music),4339
harem,4337
poke_ball_print,4336
hand_on_hilt,4335
makise_kurisu,4333
belfast_(azur_lane),4333
whisk,4331
industrial_piercing,4330
fake_antlers,4329
talking_on_phone,4325
hooded_robe,4325
shoulder_carry,4324
bow_earrings,4322
suite_precure,4322
deerstalker,4321
obliques,4319
metal_gear_(series),4318
kiso_(kancolle),4318
footjob_with_legwear,4316
utility_belt,4315
iroha_(blue_archive),4313
hand_tattoo,4308
enoshima_junko,4308
neck_fur,4308
flame_print,4304
hand_on_eyewear,4304
bird_legs,4304
omurice,4303
sirius_(azur_lane),4299
coral,4298
aubrey_(faraway)_(omori),4297
kama_(fate),4297
6+others,4296
muscular_arms,4294
naganami_(kancolle),4289
trefoil,4288
rod_of_remorse,4285
arm_armor,4285
blueberry,4284
flaming_eye,4283
medicine_melancholy,4281
hamster,4281
mahjong_soul,4280
reitaisai,4279
breast_focus,4278
slap_mark,4276
under_table,4274
hakama_pants,4271
mesugaki,4270
plaid_background,4269
low_neckline,4265
english_audio,4265
final_fantasy_vii_rebirth,4264
mudrock_(arknights),4261
2026,4261
japanese_audio,4260
usami_sumireko,4258
gundam_build_fighters,4257
creature_and_personification,4256
tate_no_yuusha_no_nariagari,4255
fold-over_boots,4255
beam_rifle,4254
sleeping_upright,4254
elysia_(miss_pink_elf)_(honkai_impact),4254
pokemon_the_series:_sun_&_moon,4252
creator_connection,4251
mars_symbol,4251
motoori_kosuzu,4250
porkpie_hat,4247
yellow_choker,4246
cube,4246
blue_helmet,4245
fate/strange_fake,4243
cheek_poking,4243
blender_(medium),4242
holding_brush,4240
eye_trail,4238
crotchless_panties,4237
fur-trimmed_cloak,4236
koizumi_hanayo,4230
walkie-talkie,4230
black_male_underwear,4228
spilling,4227
magnifying_glass,4226
white_hood,4225
colored_shoe_soles,4224
boruto_(series),4224
santa_bikini,4223
penis_out,4223
sketchbook,4222
russian_text,4222
bleach:_sennen_kessen-hen,4221
office,4220
tickling,4219
ado_(utaite),4219
happy_tears,4218
frilled_cuffs,4217
black_tiara,4216
palm_leaf,4215
melting_popsicle,4213
paradis_military_uniform,4212
ayase_momo,4212
bear_hair_ornament,4210
yuzu_(blue_archive),4210
claw_(weapon),4209
world_war_ii,4208
cheek_pinching,4205
eren_yeager,4205
tuxedo,4205
crepe,4203
shoelaces,4202
armpit_focus,4200
knees_apart_feet_together,4196
kiryu_coco,4195
pink_blood,4194
takodachi_(ninomae_ina'nis),4192
drop-shaped_pupils,4187
graf_zeppelin_(kancolle),4185
orange_thighhighs,4183
juice_box,4183
sylveon,4181
avatar_legends,4180
palms_together,4180
hadanugi_dousa,4177
inflatable_toy,4177
bomber_jacket,4177
plaid_hat,4176
bandaid_on_hand,4176
wrestling_outfit,4174
egg_(food),4173
callie_(splatoon),4172
neck_flower,4167
print_bowtie,4165
arm_wrap,4164
hiroi_kikuri,4164
hong_lu_(project_moon),4163
iori_(blue_archive),4163
youkai_watch,4162
platform_heels,4162
halloween_bucket,4160
final_fantasy_vi,4159
shingeki_no_bahamut,4158
bruise_on_face,4158
eye_focus,4157
heel_up,4156
jougasaki_mika,4156
chouzetsusaikawa_tenshi-chan,4154
magazine_(object),4154
zombie_pose,4152
shower_(place),4149
window_shadow,4149
holstered,4148
hestia_(danmachi),4147
eraser,4147
chainmail,4146
mega_man_zero_(series),4142
large_testicles,4141
sinclair_(project_moon),4139
censored_identity,4138
middle_ring,4137
fischl_(genshin_impact),4136
blood_in_hair,4135
banknote,4135
pant_suit,4134
rice_bowl,4133
scepter,4132
ambience_synesthesia,4132
nakano_miku,4131
round_border,4130
star_ocean,4128
hexagram,4127
shuriken,4126
squirrel,4125
mummy_costume,4124
ankle_cuffs,4124
industrial_pipe,4124
urusei_yatsura,4123
dust,4123
shin_megami_tensei,4122
jersey,4120
futaba_anzu,4120
looking_at_food,4118
yellow_wings,4118
cheval_grand_(umamusume),4117
kyon,4117
impossible_dress,4114
fine_art_parody,4114
dusk_(arknights),4113
insignia,4112
black_survival,4112
refrigerator,4112
index_fingers_together,4111
jewel_under_eye,4109
blue_tunic,4107
butterfly_on_hand,4107
kisume,4107
yellow_sleeves,4103
side_ahoge,4103
tamamo_cross_(umamusume),4102
leotard_pull,4101
boxers,4100
summer_pockets,4099
vial,4098
shokuhou_misaki,4097
shoulder_strap,4097
cave,4096
leaning_on_object,4096
smiley_face,4096
naked_sweater,4095
digitigrade,4094
wire,4092
plaid_bikini,4090
guitar_case,4090
nape_braid,4088
turtle,4087
wakamo_(blue_archive),4086
pink_one-piece_swimsuit,4085
disgust,4085
drawer,4085
black_buruma,4084
star_sapphire,4084
takami_chika,4083
keyboard_(instrument),4080
fujita_kotone,4076
shiromochi_sakura,4073
purple_rope,4071
cherry_blossom_print,4069
mismatched_pubic_hair,4068
jean_(genshin_impact),4067
kuro_no_kiseki_(series),4066
yellow_cape,4062
impossible_leotard,4061
rocket_launcher,4061
red_petals,4061
hands_on_another's_cheeks,4059
black_armband,4057
star_brooch,4056
hanasakigawa_school_uniform,4056
dalachi_(headdress),4055
voicevox,4055
tsukino_mito,4054
frilled_shorts,4054
ivan_(alien_stage),4054
yoo_joonghyuk,4053
yuuka_(track)_(blue_archive),4052
grey_sports_bra,4051
tricorne,4050
barbara_(genshin_impact),4049
takebe_saori,4048
fur-trimmed_kimono,4047
taut_dress,4045
curly_eyebrows,4045
blue_sclera,4045
team_rocket,4044
asahina_mafuyu,4043
till_(alien_stage),4043
tokkuri,4042
admire_vega_(umamusume),4042
cabinet,4040
spinning,4040
bloodborne,4040
yellow_feathers,4040
cutout_above_navel,4036
rubble,4035
zuihou_(kancolle),4032
floating_cape,4032
oda_nobunaga_(fate),4032
chest_bow,4032
white_corset,4031
instagram_logo,4029
steam_censor,4024
scan_artifacts,4024
fate/hollow_ataraxia,4022
naked_bandage,4020
patchwork_skin,4019
sparks,4015
pink_sailor_collar,4014
naoetsu_high_school_uniform,4012
bowsette,4010
sennen_sensou_aigis,4009
incoming_gift,4009
yellow_socks,4008
colored_shadow,4008
don-chan_(usada_pekora),4008
kitauji_high_school_uniform,4006
akari_(pokemon),4003
g-string,4003
dragon_quest_iii,3999
serika_(blue_archive),3997
zombie_land_saga,3996
white_male_underwear,3995
two-tone_hairband,3994
kanzaki_ranko,3994
monster_hunter_(character),3993
braided_sidelocks,3991
seamed_legwear,3991
dress_shoes,3990
eromanga_sensei,3990
alice_gear_aegis,3989
thigh_ribbon,3989
on_swing,3986
zero_suit,3983
cameo,3981
black_tube_top,3980
curry,3979
final_fantasy_xi,3978
koi_suru_kokoro_to_mahou_no_kotoba,3978
scar_on_leg,3977
key_necklace,3976
groin_tendon,3975
chicken_(food),3975
identity_v,3974
evangelion:_3.0_you_can_(not)_redo,3974
lapel_pin,3973
holding_ladle,3973
side-tie_leotard,3969
shirai_kuroko,3968
fourth_wall,3968
tooth_necklace,3968
dinosaur,3967
stole,3963
tomioka_giyuu,3963
sparkler,3962
brushing_hair,3961
t.m._opera_o_(umamusume),3960
hollow_knight,3957
torch,3957
gae_bolg_(fate),3956
sweater_around_waist,3956
health_bar,3954
metal_hairband,3953
black_helmet,3951
cat_ear_panties,3950
leon_(pokemon),3950
kay_(girls_und_panzer),3946
raihan_(pokemon),3946
infinite_stratos,3944
pastry,3942
cropped_sweater,3941
alice_(alice_in_wonderland),3940
gentildonna_(umamusume),3938
eyewear_on_headwear,3936
covering_nipples,3936
kochou_shinobu,3935
lion_boy,3935
ultra_series,3934
fur-trimmed_collar,3933
tani_takeshi,3932
purple_ascot,3931
diluc_(genshin_impact),3930
dreaming,3929
tree_shade,3928
watermark_grid,3928
black_garter_belt,3927
mayuzumi_fuyuko,3926
wreath,3923
window_blinds,3922
tales_of_vesperia,3921
red_tail,3921
red_helmet,3919
florence_nightingale_(fate),3917
spring_(season),3915
kuromorimine_military_uniform,3914
green_flower,3914
vertical-striped_pantyhose,3913
project_diva_(series),3912
comb,3911
millennium_cheerleader_outfit_(blue_archive),3911
tagme,3911
holding_leaf,3909
redesign,3909
poker_chip,3907
murasame_(kancolle),3907
solid_eyes,3906
argyle_pantyhose,3904
king_halo_(umamusume),3903
pond,3903
orange_slice,3902
shoulder_belt,3901
skyline,3900
chemise,3897
holding_own_leg,3896
see-through_body,3895
triforce,3895
lunasa_prismriver,3894
multiple_drawing_challenge,3894
kokkoro_(princess_connect!),3894
ichinose_shiki,3892
barrel,3889
leg_belt,3888
finger_heart,3886
caustics,3885
fangs_out,3885
marie_(splatoon),3885
bad_feet,3885
polka_dot_dress,3881
kakyoin_noriaki,3881
charizard,3879
purple_socks,3878
overall_shorts,3877
alternate_language,3877
if_they_mated,3876
breast_slip,3876
holding_fireworks,3874
alternate_headwear,3873
dynamic_pose,3873
loose_clothes,3873
chuunibyou_demo_koi_ga_shitai!,3872
naga_u,3872
brown_cloak,3871
latex_gloves,3870
desk_lamp,3868
wooden_fence,3868
pool_ladder,3867
puffy_pants,3867
prostitution,3866
penis_size_difference,3866
gem_uniform_(houseki_no_kuni),3865
purple_fire,3865
carrot_necklace,3865
tight_shirt,3865
spoken_sweatdrop,3864
jersey_maid,3863
polo_shirt,3862
samurai,3862
red_mask,3862
ufo,3862
pale_colors,3861
white_mouth,3861
starter_pokemon_trio,3861
sideburns_stubble,3859
ojipon,3858
blood_stain,3857
front_slit,3857
excessive_cum,3856
alternate_legwear,3855
muv-luv,3853
akiyama_mizuki,3853
through_clothes,3852
look-alike,3852
fanbox_reward,3852
energy_ball,3851
pet_play,3851
arm_cutout,3848
two-tone_ribbon,3848
xiao_guan_(headdress),3848
holding_tablet_pc,3848
mihono_bourbon_(umamusume),3845
liquid,3845
hara_(harayutaka),3844
naka_(kancolle),3844
kokona_(blue_archive),3842
pixiv_username,3841
nessa_(pokemon),3840
manga_(object),3840
juliana_(pokemon),3840
lucario,3839
lycoris_uniform,3836
biker_clothes,3836
green_capelet,3836
aqua_trim,3835
oni_mask,3834
two-tone_leotard,3833
black_wrist_cuffs,3832
torn_jeans,3831
falin_touden,3831
brown_bowtie,3830
flat_ass,3830
implied_yuri,3828
racket,3827
arm_blade,3826
qr_code,3825
brown_apron,3823
unconscious,3823
striped_arm_warmers,3823
cum_on_male,3821
countdown,3820
finger_in_own_mouth,3819
traffic_light,3819
zhu_yuan,3818
ethan_(pokemon),3818
frilled_headwear,3817
yoimiya_(genshin_impact),3816
sitting_on_stairs,3815
watering_can,3815
circle_name,3813
yorigami_jo'on,3813
animal_ear_hood,3812
trumpet,3808
azki_(hololive),3808
final_fantasy_ix,3806
brown-framed_eyewear,3806
octoling_girl,3806
rika_(pokemon),3805
narmaya_(granblue_fantasy),3805
hair_extensions,3804
smoke_trail,3803
striped_kimono,3803
wrist_guards,3803
leather_belt,3803
color_connection,3802
orange_skin,3802
baldur's_gate,3802
feeding_viewer,3801
red_tank_top,3800
sanshoku_dango,3800
respirator,3799
ankle_lace-up,3799
wooden_wall,3798
faucet,3797
tanuki,3797
melty_blood,3796
livestream,3795
electrokinesis,3793
menu,3793
cloud_print,3793
drawing_bow,3793
buttoned_cuffs,3791
orange_scrunchie,3790
karin_(bunny)_(blue_archive),3789
kalashnikov_rifle,3787
wooden_bucket,3786
rei_no_himo,3785
white_tube_top,3785
power_symbol,3785
spider,3785
shiroko_(swimsuit)_(blue_archive),3784
merchandise_available,3784
hero_(omori),3783
short_sword,3783
alarm_clock,3781
multicolored_bow,3780
green_tunic,3780
toga_himiko,3778
suit_pants,3776
bucket_hat,3774
battle_axe,3773
drawing_tablet,3772
fur-trimmed_shorts,3772
orange_hoodie,3770
panther_tail,3766
green_fur,3766
fire_emblem:_the_sacred_stones,3763
baldur's_gate_3,3762
makaino_ririmu,3760
sleeve_ribbon,3760
hikimayu,3760
pinstripe_jacket,3759
higashikata_josuke,3759
pain,3758
fish_(food),3758
onahole,3757
whale,3757
matara_okina,3756
pink_camisole,3755
rowlet,3755
dimitri_alexandre_blaiddyd,3754
naked_coat,3752
alhaitham_(genshin_impact),3747
nia_(xenoblade),3747
layered_kimono,3747
hoto_cocoa,3746
park_bench,3746
linked_piercing,3744
leg_armor,3744
wrist_bow,3743
traditional_nun,3741
strapless_bra,3739
mechanical_ears,3739
head_down,3737
hair_lift,3735
momosuzu_nene,3734
meiji_schoolgirl_uniform,3732
dark_anus,3731
poke_ball_symbol,3730
striped_headwear,3729
green_bodysuit,3729
ankle_strap,3728
samurai_spirits,3726
hair_brush,3724
ryoshu_(project_moon),3724
nitta_minami,3724
year_of_the_rabbit,3721
ruby_rose,3721
strap-on,3720
omaru_polka,3716
yasogami_school_uniform,3712
fan_request,3712
board_game,3712
single_pantsleg,3711
hiiragi_tsukasa,3711
fishnet_gloves,3710
fairy_(kancolle),3709
anis_(nikke),3709
shirogane_naoto,3709
zero_no_tsukaima,3708
donut_hair_bun,3708
pink_gem,3708
hyouka,3707
satchel,3706
tentacle_pit,3704
super_sonico,3704
boku_wa_tomodachi_ga_sukunai,3703
holding_ice_cream_cone,3703
rotom_phone,3702
open_bra,3701
pink_cape,3700
luna_child,3698
male_playboy_bunny,3698
kirito,3698
suppressor,3697
pixiv_id,3694
bodice,3693
exhausted,3692
pink_horns,3692
aqua_halo,3692
green_bag,3692
shoulder_peek,3691
vertical-striped_jacket,3690
multiple_weapons,3689
sunny_milk,3689
cum_on_feet,3689
spiked_armlet,3688
white_umbrella,3688
cyclops,3688
jonathan_joestar,3687
azusa_(blue_archive),3686
fine_fabric_emphasis,3686
satou_kazuma,3685
yi_sang_(project_moon),3684
sports_car,3683
spanking,3683
gundam_seed_destiny,3683
hyur,3680
bomb,3680
hair_on_horn,3678
umbreon,3678
shoulder_sash,3677
jack_the_ripper_(fate/apocrypha),3676
marker,3675
kid_icarus_uprising,3675
have_to_pee,3674
projected_inset,3673
variations,3672
pikmin_(series),3671
molestation,3670
pov_doorway,3670
nakano_yotsuba,3668
fighter_jet,3668
bondage_outfit,3668
pokedex_number,3667
pink_capelet,3667
annotated,3666
unicorn_(azur_lane),3666
shimada_arisu,3664
utsugi_noriyuki,3664
commissioner_name,3663
opening_door,3662
yamakaze_(kancolle),3662
changli_(wuthering_waves),3661
futanari_masturbation,3661
face_to_breasts,3660
i-19_(kancolle),3660
69,3657
blank_speech_bubble,3655
inflation,3655
bikini_bottom_pull,3653
mayano_top_gun_(umamusume),3652
crescent_print,3650
has_censored_revision,3648
hand_puppet,3648
shinonome_ena,3647
beamed_sixteenth_notes,3645
torn_leotard,3645
tripping,3645
k-pop,3639
chaps,3639
furrification,3639
purple_neckerchief,3639
cupless_bra,3638
pinstripe_shirt,3636
see-through_legwear,3633
old_woman,3633
red_apron,3631
trick_or_treat,3630
runny_makeup,3629
green-framed_eyewear,3627
seigaiha,3626
bea_(pokemon),3626
grey_hairband,3625
arcane:_league_of_legends,3625
lizard_tail,3624
east_asian,3622
white_lily,3620
prayer_beads,3619
drying,3619
koshimizu_sachiko,3618
multiple_swords,3618
lum,3617
claw_ring,3617
tsunomaki_watame,3616
v-shaped_eyes,3615
streamers,3613
wind_chime,3612
circle_skirt,3612
miyu_edelfelt,3612
holly,3608
grey_bra,3607
head_on_hand,3607
crosswalk,3606
caterpillar_tracks,3605
folding_chair,3604
plate_armor,3604
official_alternate_color,3604
blue_oak,3603
bird_on_shoulder,3602
seaport_princess,3602
broken_halo,3601
timestamp,3600
ainu_clothes,3600
two-tone_shoes,3598
coif,3598
excessive_pubic_hair,3596
inkling_boy,3595
blade_(honkai:_star_rail),3594
gokou_ruri,3594
excited,3594
two-tone_one-piece_swimsuit,3590
green_tail,3590
2019,3590
strawberry_print,3589
satonaka_chie,3589
kudamaki_tsukasa,3588
piplup,3587
champion's_tunic_(zelda),3587
soul_eater,3585
real_life_insert,3584
standing_on_liquid,3583
feather-trimmed_sleeves,3582
akigumo_(kancolle),3582
naked_shoes,3581
overgrown,3578
through_wall,3577
mostima_(arknights),3576
red_cross,3576
breath_weapon,3575
brown_wings,3574
puckered_anus,3573
orange_tail,3573
chewing,3573
3d_background,3572
column,3572
pageratta,3572
blue_feathers,3570
fake_facial_hair,3569
mole_on_ass,3568
sanya_v._litvyak,3568
arima_kana,3567
seele_vollerei,3567
romaji_commentary,3567
video_camera,3566
railroad_tracks,3563
kotomine_kirei,3562
anastasia_(idolmaster),3561
vodka_(umamusume),3560
wheelchair,3560
jeanne_d'arc_alter_(avenger)_(fate),3560
reisa_(blue_archive),3560
pocky_in_mouth,3559
festival,3559
ugly_bastard,3558
uehara_ayumu,3558
weiss_schnee,3556
beckoning,3555
natsu_(blue_archive),3554
hagiwara_yukiho,3554
letter_hair_ornament,3553
d-pad,3552
chocolate_on_body,3551
matsunaga_kouyou,3549
pocky_day,3549
neon_lights,3547
ryona,3546
taiyaki,3546
cheek_press,3545
lion,3544
fresh_precure!,3544
screen,3544
sprite,3541
bad_lofter_id,3539
checkered_kimono,3539
blue_pajamas,3538
sports_bikini,3538
seiun_sky_(umamusume),3538
black_hands,3537
sakurai_momoka,3537
spooning,3533
grey_ribbon,3532
maya_(kancolle),3532
blunt_tresses,3532
katyusha_(girls_und_panzer),3532
spoken_object,3531
implied_futanari,3531
pacifier,3531
eila_ilmatar_juutilainen,3530
ushanka,3527
pecorine_(princess_connect!),3527
yoshida_yuuko,3527
text-only_page,3527
yellow-tinted_eyewear,3526
live2d,3526
blue_tabard,3526
stab,3525
the_amazing_digital_circus,3523
yellow_apron,3523
shared_scarf,3521
open_pants,3521
choko_(cup),3519
stone_wall,3518
unworn_socks,3516
blood_on_knife,3516
yellow_bra,3514
holding_fishing_rod,3514
konohagakure_symbol,3513
darkness_(konosuba),3513
cum_on_hands,3511
pulling,3510
miura_azusa,3509
condom_packet_strip,3509
undone_necktie,3508
pov_across_table,3506
multiple_condoms,3506
triangle_facial_mark,3505
trafalgar_law,3505
poncho,3505
yoru_(chainsaw_man),3505
ink,3503
impaled,3503
yellow_armband,3502
lettuce,3500
star_sticker,3499
hand_on_own_shoulder,3499
short-sleeved_jacket,3498
tail_bell,3498
nail_art,3496
hollow_eyes,3495
game_screenshot_inset,3493
unworn_boots,3493
love_and_deepspace,3492
mahou_sensei_negima!,3492
curtain_grab,3491
hibiki_(blue_archive),3491
cross-laced_shoes,3491
mega_man_zx,3490
lana_(pokemon),3489
prosthetic_leg,3488
orange_choker,3488
column_lineup,3487
shinrabanshou,3487
sweet_potato,3486
harukawa_maki,3486
tam_o'_shanter,3484
glaceon,3484
eternal_return:_black_survival,3483
aisaka_taiga,3482
boruto:_naruto_next_generations,3482
pokemon_journeys,3480
street_fighter_zero_(series),3478
crt,3478
intravenous_drip,3477
kicchou_yachie,3475
volleyball_uniform,3473
concert,3471
oberon_(fate),3471
crew_neck,3471
clawed_gauntlets,3470
wisteria,3469
orange_halo,3469
print_jacket,3469
spread_wings,3469
elizabeth_bathory_(fate),3467
mace,3465
hand_on_another's_leg,3464
hakama_shorts,3464
year_of_the_tiger,3464
nian_(arknights),3462
cardigan_around_waist,3462
skull_earrings,3461
final_fantasy_viii,3459
frilled_sailor_collar,3457
tennis_uniform,3457
kuchiki_rukia,3454
ram_(re:zero),3454
holding_megaphone,3454
bilingual_text,3454
overlord_(maruyama),3452
mercy_(overwatch),3452
coin_on_string,3452
monkey,3450
project_voltage,3449
foliage,3449
surprise_kiss,3447
pole_dancing,3447
hand_on_own_neck,3447
redrawn,3445
truck,3443
nitocris_(fate),3440
bat_girl,3439
german_clothes,3439
nengajou,3438
jimiko,3437
melusine_(fate),3437
dotted_line,3436
twincest,3435
undressing_another,3434
barnaby_brooks_jr.,3434
yugake,3433
sweatband,3433
hiroki_(yyqw7151),3432
yu-gi-oh!_5d's,3432
hair_through_headwear,3431
pokemon_on_head,3430
yagami_hayate,3429
rotational_symmetry,3428
dizzy_(guilty_gear),3428
ayanami_(azur_lane),3426
chasing,3426
untied_panties,3425
mega_gardevoir,3425
ouro_kronii_(1st_costume),3424
necktie_grab,3422
fushiguro_megumi,3422
sakura_miku,3422
frilled_leotard,3422
oboro_(kancolle),3421
after_paizuri,3419
sunflower_hair_ornament,3418
amber_(genshin_impact),3418
horns_through_headwear,3418
stitched,3418
camellia,3417
pie,3414
youkai_(youkai_watch),3414
azumanga_daioh,3412
blood_on_arm,3411
imminent_fellatio,3411
oversized_food,3410
iskandar_(fate),3409
orange_vest,3408
floating_headgear,3408
open-chest_sweater,3405
shark_hood,3404
boris_(noborhys),3403
product_placement,3403
death_note,3401
fire_emblem_echoes:_shadows_of_valentia,3400
maria-sama_ga_miteru,3400
priest,3399
holding_chocolate,3399
yellow_tail,3398
tokyo_ghoul,3398
plant_girl,3396
patterned_hair,3395
fishing,3392
wrestling,3391
inui_toko,3391
mimikaki,3390
baseball_mitt,3389
venus_symbol,3388
see-through_jacket,3384
i-58_(kancolle),3384
shadow_the_hedgehog,3383
tail_around_own_leg,3380
anilingus,3378
kamado_nezuko,3376
potion,3375
voice_actor,3375
senjougahara_hitagi,3374
dark_aura,3374
._.,3373
sig_sauer,3373
umamusume:_cinderella_gray,3372
prehensile_tail,3372
briefs,3370
awa_subaru,3370
z1_leberecht_maass_(kancolle),3370
group_name,3370
elbow_carry,3367
holding_beachball,3367
amy_rose,3367
animal_hug,3366
hairdressing,3366
digging_your_own_grave,3365
cheering,3364
jougasaki_rika,3364
open_window,3363
checkered_necktie,3362
key_visual,3362
striped_gloves,3361
ghost_costume,3361
broken_heart,3361
common_raccoon_(kemono_friends),3361
black_arm_warmers,3358
peroro_(blue_archive),3357
chando_(ado),3357
destruction,3356
sticker_(medium),3355
bear_boy,3355
ballerina,3354
bud,3353
lyrics,3352
waver_velvet,3352
laios_touden,3352
purple_veil,3351
crotch_plate,3350
panty_(psg),3347
pyonta,3346
gun_sling,3346
dynamax_band,3345
holding_burger,3344
tablecloth,3343
atlanta_(kancolle),3343
fate/prototype,3343
bad_hands,3341
nichijou,3340
simple_bird,3340
hanako_(swimsuit)_(blue_archive),3339
cross-laced_sleeves,3339
paint.net_(medium),3338
endministrator_(arknights),3337
rabbit_hole_(vocaloid),3336
twitter_x_logo,3336
half-siblings,3333
holding_notebook,3333
pussy_juice_puddle,3333
kaburagi_t._kotetsu,3333
doyagao,3332
gym_storeroom,3330
d-pad_hair_ornament,3330
spider_girl,3330
sweaty_breasts,3328
saki_(blue_archive),3328
two-tone_bowtie,3327
grand_piano,3326
gengar,3326
deer,3325
open_skirt,3324
masturbation_through_clothes,3323
houjou_satoko,3323
shigure_ui_(vtuber),3322
star_ornament,3321
sex_machine,3321
collared_vest,3321
when_you_see_it,3320
twin_turbo_(umamusume),3320
whispering,3319
hands_on_headwear,3319
futa_with_futa,3318
usekh_collar,3318
palms,3318
kel_(faraway)_(omori),3317
lop_rabbit_ears,3317
futari_wa_precure,3313
illustrious_(azur_lane),3313
mother_(series),3313
pith_helmet,3312
princess_daisy,3312
ninomae_ina'nis_(1st_costume),3311
treasure_chest,3310
convenient_arm,3310
crest,3309
tokitsukaze_(kancolle),3309
diving_mask,3309
long_beard,3309
bath_yukata,3308
kanna_kamui,3307
striped_hairband,3307
chocolate_bar,3307
senran_kagura_new_link,3306
taihou_(kancolle),3305
single_vertical_stripe,3304
sword_over_shoulder,3303
double_w,3303
girlfriend_(kari),3302
on_motorcycle,3298
vertical-striped_background,3298
check_character,3296
eishin_flash_(umamusume),3295
blue_tank_top,3295
stepped_on,3295
green_pupils,3293
half_up_half_down_braid,3290
asakura_toru,3289
juban,3288
layered_shirt,3288
waist_sash,3286
anti-materiel_rifle,3286
wizarding_world,3286
zack_fair,3284
paint_palette,3284
yellow_bodysuit,3284
grey_nails,3282
super_robot,3282
onikobe_rin,3282
against_tree,3280
kirima_syaro,3280
warship,3280
licking_another's_face,3278
trickcal,3278
frisk_(undertale),3277
gate,3277
prehensile_hair,3277
notepad,3276
lilith_(darkstalkers),3276
skirt_around_one_leg,3276
projectile_lactation,3274
hilbert_(pokemon),3274
rectangular_mouth,3274
little_busters!_school_uniform,3274
between_thighs,3273
z3_max_schultz_(kancolle),3271
unworn_bag,3271
off-shoulder_jacket,3270
beatrice_(umineko),3269
o-ring_belt,3269
caution_tape,3267
kara_no_kyoukai,3266
scar_on_mouth,3265
red_border,3265
cross_tie,3264
wonderful_precure!,3264
eastern_dragon_tail,3264
white_butterfly,3263
green_headband,3262
chaos;head,3261
black_swan_(honkai:_star_rail),3260
single_garter_strap,3259
on_stool,3258
resident_evil_4,3258
p-head_producer,3258
breathing_fire,3256
blue_veil,3256
holding_vegetable,3255
official_art_inset,3255
kanon,3255
fumo_(doll),3254
used_tissue,3254
failure,3252
agnes_digital_(umamusume),3251
22/7,3251
akizuki_ritsuko,3250
m4_carbine,3249
sword_of_hisou,3248
heart_tail,3248
nanashi_mumei_(1st_costume),3247
pearl_bracelet,3247
split_ponytail,3246
spandex,3246
snap-fit_buckle,3245
matsuura_kanan,3241
core_crystal_(xenoblade),3238
gigi_murin,3237
tennis_racket,3237
takane_lui,3237
ribbon_bondage,3236
watson_amelia_(1st_costume),3236
emil_chronicle_online,3234
missile,3234
bolo_tie,3233
mihoyo,3231
kettle,3231
swim_briefs,3231
holding_stylus,3229
simplified_chinese_text,3229
lace_choker,3229
party_popper,3229
fake_magazine_cover,3229
viera,3229
onesie,3229
holographic_interface,3228
2018,3228
jeanne_d'arc_(ruler)_(fate),3227
single_epaulette,3226
holding_violin,3225
train_station,3225
pine_tree,3221
kigurumi,3221
shun_(blue_archive),3221
carmine_(pokemon),3220
holostars_english,3220
bulbasaur,3219
rabbit-shaped_pupils,3219
sirius_symboli_(umamusume),3218
mismatched_sleeves,3217
mini-hakkero,3217
character_charm,3216
juice,3215
skull_mask,3214
luigi,3213
lelouch_vi_britannia,3212
cetacean_tail,3212
pointless_condom,3211
calendar_(medium),3210
yuri!!!_on_ice,3210
buttjob,3209
ketchup,3209
print_bra,3208
blade_(galaxist),3207
stuffed_shark,3207
love_letter,3205
bow_(bhp),3205
qiqi_(genshin_impact),3205
warspite_(kancolle),3204
x_x,3204
applying_makeup,3202
thai_commentary,3201
holding_saucer,3200
go!_princess_precure,3198
evangelion:_2.0_you_can_(not)_advance,3196
manga_cover,3196
eous_(zenless_zone_zero),3196
arm_above_head,3195
closers,3194
official_alternate_eye_color,3194
green_belt,3193
window_(computing),3192
implied_yaoi,3192
cross-laced_top,3191
grey_tank_top,3191
meandros,3190
stone_floor,3190
green_cloak,3190
sangvis_ferri,3189
panda_ears,3188
fallen_down,3188
nia_teppelin,3188
twitter,3187
cinderella_(nikke),3187
arms_around_another's_waist,3186
reizei_mako,3186
wheel,3186
i-401_(kancolle),3185
brown_hoodie,3184
cursor,3183
kaname_raana,3183
vegeta,3183
wa2000_(girls'_frontline),3183
maekawa_miku,3182
diagonal-striped_background,3181
multicolored_boots,3181
christmas_lights,3181
kiyohime_(fate),3180
severed_head,3178
natsuki_subaru,3178
low_side_ponytail,3177
tony_taka,3177
sidepec,3176
purple_pupils,3176
holding_own_tail,3176
higashiyama_kobeni,3175
yagasuri,3175
aoba_(kancolle),3175
wiping_tears,3173
sleeveless_hoodie,3173
yoisaki_kanade,3173
takakura_ken_(dandadan),3172
sheryl_nome,3171
ikkitousen,3170
large_insertion,3170
picnic_basket,3170
object_through_head,3167
oshiro_project:re,3167
snow_leopard_ears,3167
single_strap,3166
sayonara_zetsubou_sensei,3166
komi-san_wa_komyushou_desu,3166
ring_hair_ornament,3165
kouzuki_kallen,3165
snake_girl,3164
camouflage_jacket,3164
guiding_hand,3162
holding_envelope,3161
off-shoulder_bikini,3160
delinquent,3160
jungle_pocket_(umamusume),3160
camouflage_pants,3159
spine,3158
skyla_(pokemon),3158
still_in_love_(umamusume),3157
fourth_east_high_school_uniform,3156
check_artist,3155
kissing_forehead,3154
bandaged_chest,3154
gatling_gun,3154
kuma_(kancolle),3152
super_creek_(umamusume),3152
grey_bikini,3152
kumano_(kancolle),3152
st._gloriana's_school_uniform,3150
white_leggings,3149
inuyasha,3149
bandana_around_neck,3149
fusou_(kancolle),3149
single_stripe,3147
floral_print_bikini,3147
yurigaoka_girls_academy_school_uniform,3147
air_conditioner,3145
aqua_hat,3145
sunburst_background,3141
gibson_les_paul,3141
mika_(girls_und_panzer),3140
kaenbyou_rin_(cat),3138
caressing_testicles,3137
mori_calliope_(1st_costume),3137
micro_panties,3135
diamond_hair_ornament,3135
yellow_border,3135
danganronpa_3_(anime),3134
grimms_notes,3133
head_bump,3132
holding_hose,3131
fennec_(kemono_friends),3127
yes!_precure_5,3126
skateboard,3125
spiked_halo,3125
boko_(girls_und_panzer),3124
expressive_hair,3121
monster_energy,3121
pavement,3121
a1_(initial-g),3121
dominatrix,3119
spider-verse,3117
crotch_rub,3114
inoue_orihime,3113
kaeya_(genshin_impact),3113
lan_wangji,3112
dust_cloud,3110
make_heroine_ga_oo_sugiru!,3109
plap,3105
no_testicles,3101
lyrica_prismriver,3099
purple_butterfly,3099
looking_at_breasts,3098
suspended_congress,3097
square_neckline,3096
inugami_korone_(1st_costume),3094
open_belt,3094
tube,3093
two-tone_horns,3093
chinese_hairpin,3092
futa_(nabezoko),3092
yukine_chris,3089
rider_belt,3089
zero_(mega_man),3089
syrup,3089
leaf_(pokemon),3088
happinesscharge_precure!,3088
shallow_water,3087
hanami_ume,3086
shared_umbrella,3086
haruka_(blue_archive),3085
ashigara_(kancolle),3085
fur-trimmed_legwear,3085
dwarf,3085
orange_belt,3084
leather_gloves,3083
shakugan_no_shana,3080
half_mask,3080
jujutsu_tech_uniform,3079
holding_drumsticks,3079
stroking_own_chin,3078
hilda_valentine_goneril,3077
fingering_through_clothes,3076
arthropod_limbs,3075
guest_art,3075
charlotte_(madoka_magica),3074
brown_sleeves,3073
fake_mustache,3073
striker_unit,3071
tissue,3069
sideless_kimono,3069
persona_3_portable,3067
nekomata_okayu_(1st_costume),3067
n_(pokemon),3066
hana_kazari,3066
shiratsuyu_(kancolle),3064
upscaled,3062
two-tone_cape,3062
mankanshoku_mako,3062
kurosawa_dia,3062
drill_ponytail,3061
unworn_bikini_top,3060
dixie_cup_hat,3060
merlin_prismriver,3059
mark_under_both_eyes,3057
mechanical_eyes,3056
sparkling_aura,3055
vibrator_cord,3054
painting_(action),3054
large_nose,3053
c:,3052
sunday_(honkai:_star_rail),3050
naked_sheet,3048
hayakawa_aki,3048
ike_(fire_emblem),3048
shimaidon,3048
viewer_holding_leash,3047
aigis_(persona),3047
sora_harewataru,3045
blending,3044
zeon,3043
chef,3043
kagerou_(kancolle),3043
pink_ascot,3043
hoshino_(swimsuit)_(blue_archive),3043
kurosaki_ichigo,3042
uzuki_(kancolle),3042
birthmark,3041
metal_skin,3041
matsuo_yukihiro,3040
no_eyebrows,3040
mask_around_neck,3039
tsumiki_mikan,3039
multi-strapped_bikini_top,3039
tight_dress,3038
promare,3038
tomoe_gozen_(fate),3037
albedo_(genshin_impact),3036
park,3036
underbutt,3036
florian_(pokemon),3036
harem_pants,3035
handkerchief,3035
satsuki_(kancolle),3035
voyeurism,3033
mogami_(kancolle),3033
kamijou_touma,3032
vaporeon,3032
shorts_under_dress,3032
sitting_in_tree,3032
cactus,3031
cat_day,3030
vertin_(reverse:1999),3029
garden,3029
pink_wrist_cuffs,3029
blue_sports_bra,3027
hand_rest,3027
warcraft,3027
lighter,3027
kitchen_knife,3027
weighing_scale,3026
poptepipic,3026
teacher_and_student,3024
thick_mustache,3024
ixy,3022
blonde_pubic_hair,3022
cat_on_head,3022
takeba_yukari,3020
grabbing_another's_chin,3020
dolphin,3020
bunny_day,3020
lyn_(fire_emblem),3019
year_of_the_ox,3018
rope_belt,3018
kimi_no_koto_ga_dai_dai_dai_dai_daisuki_na_100-nin_no_kanojo,3018
plume,3017
yellow_sky,3016
dantsu_flame_(umamusume),3015
boobplate,3015
magical_mirai_(vocaloid),3012
cooperative_paizuri,3011
ginkgo_leaf,3011
urakaze_(kancolle),3011
izumi_sagiri,3009
hands_on_own_ass,3007
volleyball_(object),3007
laser,3006
soulcalibur,3006
berry,3005
spitting,3005
mark_under_eye,3005
orange_pantyhose,3004
veranda,3003
object_focus,3003
purple_scrunchie,3001
lotion_bottle,2999
blue_lock,2998
tiered_tray,2996
sakamata_chloe_(1st_costume),2995
diving_suit,2995
tighnari_(genshin_impact),2994
air_groove_(umamusume),2994
sonia_(pokemon),2993
ferris_wheel,2993
flower_necklace,2993
drum_set,2993
yuigaoka_school_uniform,2992
novel_cover,2990
left-to-right_manga,2990
centaur,2990
pink_sky,2989
dark_souls_i,2988
breasts_on_head,2987
stained_panties,2987
unzan,2986
gundam_zz,2985
height,2984
cowboy_western,2984
setsubun,2984
pixiv_logo,2982
kappougi,2981
crossbow,2980
specter_(arknights),2980
neuvillette_(genshin_impact),2976
symmetry,2976
hayami_kanade,2976
bb_(baalbuddy),2974
naginata,2974
reins,2974
club_(shape),2973
robot_animal,2973
ribbon-trimmed_dress,2972
nike_(company),2972
circle_cut,2971
sidecut,2971
bowing,2970
shihouin_yoruichi,2970
transparent_wings,2970
mega_stone,2969
lyra_(pokemon),2968
strawberry_hair_ornament,2968
brave_witches,2968
lace_gloves,2967
acoustic_guitar,2967
watermelon_slice,2967
yohane,2967
mon-musu_quest!,2965
m-da_s-tarou,2965
argyle_thighhighs,2965
bouncing_ass,2965
fate/samurai_remnant,2964
mash_kyrielight_(dangerous_beast),2964
spread_pussy_under_clothes,2963
box_of_chocolates,2963
twitter_strip_game,2962
green_wings,2962
huge_testicles,2961
aqua_gem,2960
monokuma,2960
chihuri,2960
android_18,2959
working!!,2958
denim_jacket,2957
camilla_(fire_emblem),2956
happi,2956
hanekawa_tsubasa,2955
gomashio_(goma_feet),2955
kiyoshimo_(kancolle),2955
mitaka_asa,2954
laffey_(azur_lane),2952
missing_tail,2952
gladiator_sandals,2952
himari_(blue_archive),2951
hatsuyuki_(kancolle),2950
unworn_sandals,2949
wiping_face,2949
bird_boy,2949
phonograph,2949
stadium,2947
flashlight,2947
brushing_teeth,2946
grenade_pin,2946
shuuchiin_academy_school_uniform,2945
icing,2945
ear_wiggle,2944
tree_stump,2944
meisho_doto_(umamusume),2943
ido_(teketeke),2943
on_rock,2942
flower_in_eye,2941
cotton_candy,2941
2016,2938
basil_(headspace)_(omori),2938
frilled_ascot,2936
sunflower_field,2935
grass_wonder_(umamusume),2935
saitou_natsuki,2935
round_table,2934
hand_on_another's_hand,2934
tent,2934
the_legend_of_luo_xiaohei,2934
orange_sweater,2933
split_screen,2931
katsushika_hokusai_(fate),2931
shiori_novella_(1st_costume),2931
2017,2930
sperm_cell,2929
cross_halo,2928
cat_teaser,2925
jintsuu_(kancolle),2924
fur_cape,2923
strongman_waist,2922
takamaki_ann,2922
grey_wings,2921
shoulder_blush,2919
rapi_(nikke),2919
lily_of_the_valley,2919
dragon_ball_(classic),2915
puppet_strings,2915
ballet_slippers,2914
analog_clock,2914
black_umbrella,2913
high-waist_belt,2911
yuutenji_nyamu,2911
futami_mami,2909
mitarashi_neko,2909
mole_on_stomach,2908
load-bearing_vest,2906
heathcliff_(project_moon),2905
vertical-striped_pants,2905
rainbow_order,2903
checkerboard_cookie,2903
invisible_floor,2902
hyuuga_(kancolle),2902
emiya_kiritsugu,2901
ooarai_military_uniform,2900
completely_unamused,2900
cecilia_immergreen,2900
acrylic_paint_(medium),2900
tachibana_kanade,2899
family_bonding,2899
portrait_(object),2898
saratoga_(kancolle),2898
espeon,2897
yang_xiao_long,2897
short_tail,2896
midorikawa_nao,2896
ankh,2895
yume_nikki,2894
sword_art_online:_alicization,2893
loungewear,2893
holding_letter,2892
drawing_sword,2891
brown_bikini,2890
long_nose,2890
unworn_gloves,2889
shiomi_kotone,2888
dodoco_(genshin_impact),2888
chitanda_eru,2888
kanroji_mitsuri,2887
akai_haato,2884
flower_brooch,2884
hungry_clicker,2884
mizuno_ami,2884
m.u.g.e.n,2884
hikarizaka_private_high_school_uniform,2883
blunt_sidelocks,2883
mimikyu,2882
tanabata,2882
large_hands,2882
hews,2881
compound_eyes,2881
hand_on_ground,2880
tales_of_the_abyss,2878
antique_phone,2876
covered_penis,2875
ame-chan_(needy_girl_overdose),2874
hatsuzuki_(kancolle),2874
square-end_necktie,2873
toji_no_miko,2873
kise_yayoi,2873
mr._c.b._(umamusume),2873
wooden_sword,2872
sweaty_clothes,2871
mob_psycho_100,2870
miyafuji_yoshika,2870
pancake_stack,2869
kousaka_kirino,2869
kujikawa_rise,2867
michishio_(kancolle),2867
hanbok,2866
kirlia,2865
crime_prevention_buzzer,2865
soap,2865
holding_bucket,2864
holding_ribbon,2864
in_food,2864
bikesuit,2863
hair_in_own_mouth,2863
holding_jewelry,2863
high_priest_(ragnarok_online),2862
carrying_under_arm,2862
food-themed_earrings,2861
kurosawa_ruby,2861
black_eyeshadow,2861
orange_boots,2860
screw,2860
dirndl,2860
cucumber,2859
green_sweater_vest,2859
shiina_yuika,2859
extra_mouth,2859
isokaze_(kancolle),2859
convenient_tail,2858
crescent_facial_mark,2857
holding_creature,2857
power_symbol-shaped_pupils,2855
haro,2855
yahagi_(kancolle),2855
bandaged_wrist,2854
team_rocket_uniform,2854
dante_(devil_may_cry),2854
2015,2854
rainbow_gradient,2853
kaga_(azur_lane),2853
dress_tug,2852
hand_on_own_forehead,2852
offering_hand,2849
log,2849
fireplace,2849
centauroid,2849
sendai_kai_ni_(kancolle),2848
sheet_music,2848
hanging,2847
floating_weapon,2846
yuffie_kisaragi,2844
bowl_hat,2844
master_sword,2843
girls'_frontline_neural_cloud,2842
partially_underwater_shot,2842
aria_(manga),2842
huke,2841
stark_(sousou_no_frieren),2841
pocky_kiss,2841
accelerator_(toaru_majutsu_no_index),2841
christmas_present,2841
lusamine_(pokemon),2840
barghest_(fate),2840
osaka_shizuku,2839
vertical-striped_shorts,2838
non-human_admiral_(kancolle),2838
saten_ruiko,2837
character_age,2836
tippy_(gochiusa),2835
haruna_(blue_archive),2835
ohtsuki_yui,2834
johnny_joestar,2834
raphtalia,2833
harusame_(kancolle),2833
takoyaki,2832
kunikida_hanamaru,2832
ump9_(girls'_frontline),2831
stove,2831
genderswap_(otf),2829
multiple_necklaces,2828
gift_art,2828
shinjou_akane,2827
shirt_under_shirt,2827
dante_(limbus_company),2827
unryuu_(kancolle),2827
sessyoin_kiara,2825
pants_rolled_up,2824
breath_of_fire,2824
skadi_the_corrupting_heart_(arknights),2824
graveyard,2823
chemical_structure,2822
pussy_piercing,2822
popcorn,2822
aqua_theme,2822
takasaki_yu,2821
yellow_leotard,2820
cupping_hands,2819
cockpit,2818
hidamari_sketch,2818
colored_nipples,2817
boned_meat,2816
single_wrist_cuff,2816
aqua_panties,2815
nyantcha,2815
tarot_(medium),2815
unicorn,2815
raised_fist,2815
final_fantasy_x,2813
blue_hood,2812
yes-no_pillow,2812
v_over_mouth,2812
wiping_sweat,2811
clorinde_(genshin_impact),2810
makinami_mari_illustrious,2810
forehead_tattoo,2810
green_pantyhose,2810
akuma_homura,2810
after_rape,2809
hoshimachi_suisei_(1st_costume),2809
cable_tail,2809
angel_and_devil,2808
thick_beard,2808
hydrokinesis,2807
jeanne_d'arc_alter_(swimsuit_berserker)_(fate),2805
berserk,2805
two-tone_halo,2803
two-tone_scarf,2802
orfevre_(umamusume),2801
union_jack,2801
eyelid_pull,2800
back_focus,2800
zundamon,2800
lysithea_von_ordelia,2800
double_fox_shadow_puppet,2799
enterprise_(azur_lane),2798
chat_log,2798
single_horizontal_stripe,2798
hooded_sweater,2797
button_eyes,2797
full-length_zipper,2796
sideless_dress,2794
fluffy_tail,2793
halberd,2793
flower_on_head,2792
full-package_futanari,2792
ofuda_on_head,2792
erica_hartmann,2792
sidewalk,2791
kasumi_kai_ni_(kancolle),2791
final_fantasy_iv,2790
purple_cardigan,2789
forehead-to-forehead,2789
determined,2789
tamamo_cat_(fate),2787
fukumaru_koito,2787
pearl_hair_ornament,2786
nakayama_festa_(umamusume),2786
spray_can,2786
condom_belt,2785
senpai_ga_uzai_kouhai_no_hanashi,2784
pointed_crown,2783
grabbing_another's_shirt,2783
akagi_miria,2781
flock,2780
hisahiko,2780
origami,2780
pointer,2778
production_art,2778
hachimiya_meguru,2777
toutetsu_yuuma,2776
himemori_luna,2776
pectoral_grab,2775
pokemon_on_shoulder,2775
blood_on_ground,2774
lube,2773
hand_focus,2771
belt_bra,2771
you're_doing_it_wrong,2770
downscaled,2770
commander_(nikke),2770
sakata_gintoki,2769
harvin,2769
mechanical_pencil,2769
chara_(undertale),2768
sincos,2768
thread,2768
trash_bag,2766
reptile_girl,2766
dagasi,2766
shards,2766
tales_of_symphonia,2765
spiked_tail,2765
takao_(azur_lane),2764
komano_aunn,2763
gran_(granblue_fantasy),2761
phallic_symbol,2761
shantae_(series),2761
dragon_quest_iv,2761
tempura,2760
sprigatito,2760
candy_hair_ornament,2758
hands_on_own_stomach,2757
tri_tails,2757
9s_(nier:automata),2756
ramune,2756
superman_(series),2755
sana_channel,2754
mixing_bowl,2754
morpeko,2753
gender_request,2752
two-tone_thighhighs,2752
dd_(ijigendd),2752
sakura_futaba,2750
squid,2750
dumbbell,2750
nero_claudius_(fate/extra),2748
narita_brian_(umamusume),2748
harry_potter_(series),2748
cheek_squash,2746
japanese_flag,2746
sitting_on_object,2746
red_cardigan,2746
helicopter,2745
ritual_baton,2745
cross_pasties,2744
sweet_lolita,2744
fireflies,2743
vignetting,2743
shin_guards,2742
grey_capelet,2741
kotonoha_akane,2741
heart_collar,2739
wooden_chair,2736
sunscreen,2735
brown_halo,2735
navia_(genshin_impact),2734
shiba_inu,2733
brendan_(pokemon),2733
natori_sana,2732
yuzuki_choco,2731
mari_(track)_(blue_archive),2731
magical_mirai_miku,2731
fou_(fate),2731
tsukudani_(coke-buta),2730
atelier_ryza_1,2730
brown_border,2728
collared_capelet,2727
kurokoma_saki,2727
live_a_hero,2726
archived_source,2725
tales_of_xillia,2725
ramchi,2725
miyamasuzaka_girls'_academy_school_uniform,2723
frilled_jacket,2722
doctor,2722
hanamura_yousuke,2722
torn_scarf,2721
impossible_swimsuit,2721
hospital_bed,2718
two-tone_hat,2718
mismatched_eyebrows,2717
gauze_on_face,2716
mizumizuni,2714
holding_riding_crop,2714
toshinou_kyouko,2714
geto_suguru,2714
two-tone_hoodie,2713
coffin,2712
ribbed_sleeves,2712
jack-o'_challenge,2712
floral_print_dress,2712
rolling_suitcase,2711
ryougi_shiki,2711
spider-man,2710
gauze_on_cheek,2709
kaveh_(genshin_impact),2708
tail_piercing,2708
ootori_emu,2706
frog_print,2706
brown_choker,2705
multicolored_hat,2705
cow_boy,2705
fff_threesome,2705
akitsu_maru_(kancolle),2700
seiken_densetsu,2700
rayman_limbs,2699
bear_print,2699
huge_bow,2698
red_robe,2698
st._gloriana's_military_uniform,2698
ia_(vocaloid),2697
reindeer_costume,2697
jacket_over_hoodie,2695
milking_machine,2693
x_mouth,2692
snake_hair,2691
naked_cape,2690
black_bandeau,2690
kagari_atsuko,2690
tail_ring,2688
mahou_shoujo_ni_akogarete,2687
asymmetrical_dual_wielding,2687
droopy_ears,2687
holding_ofuda,2686
flower_choker,2686
armpit_cutout,2686
chinstrap,2685
bad_bcy_id,2685
full-body_tattoo,2684
clover_print,2683
budget_sarashi,2682
pizza_slice,2681
sausage,2681
role_reversal,2681
yellow_butterfly,2680
hayate_no_gotoku!,2679
kissing_hand,2679
before_and_after,2677
dragon_quest_xi,2675
black_trim,2674
tumblr_username,2674
ningguang_(genshin_impact),2672
minaba_hideo,2671
pants_tucked_in,2670
two-tone_coat,2669
year_of_the_snake,2669
taigei_(kancolle),2669
kirisawa_juuzou,2669
yura_(kancolle),2668
drill,2668
holding_cake,2668
hatsune_miku_(cosplay),2667
theresa_apocalypse,2667
bad_drawr_id,2666
high_kick,2665
campfire,2665
accidental_exposure,2665
hand_net,2664
cleaning,2663
traditional_youkai,2663
curtsey,2662
fountain,2660
soup,2660
zounose,2660
orange_sleeves,2659
bar_stool,2658
blue_sweater_vest,2657
holding_suitcase,2656
hammer_and_sickle,2655
flaming_weapon,2654
iizunamaru_megumu,2653
dairoku_ryouhei,2653
gertrud_barkhorn,2653
tutu,2653
broken_chain,2652
lone_nape_hair,2651
oumae_kumiko,2651
orange_rose,2651
akagi_(azur_lane),2650
onmyoji,2650
bikini_top_pull,2650
cropped_head,2650
side_drill,2649
shikinami_(kancolle),2649
kamado_tanjirou,2648
tamaki_iroha,2647
ribbon_in_mouth,2647
shinku,2647
akane_(blue_archive),2647
shana,2646
palutena,2645
crystal_earrings,2644
ninja_mask,2644
akizuki_(kancolle),2643
fire_emblem_cipher,2643
holding_pizza,2643
criss-cross_straps,2643
aino_minako,2642
hagoita,2642
macross_delta,2642
eyewear_hang,2640
oral_invitation,2639
shirt_in_mouth,2638
higuchi_kaede,2637
summer_festival,2637
qp:flapper,2637
phosphophyllite,2637
edward_elric,2636
tsukimura_temari,2636
glowing_butterfly,2635
commander_(girls'_frontline),2634
glutton,2634
breast_smother,2634
street_fighter_iv_(series),2634
soda,2633
pendulum,2633
mega_man_legends_(series),2632
final_fantasy_v,2629
drawn_ears,2629
silver_(pokemon),2628
lace-trimmed_skirt,2628
cherry_hair_ornament,2627
takafumi,2627
brown_dust_2,2627
di_gi_charat,2626
hishikawa_rikka,2625
round-bottom_flask,2624
key_earrings,2624
colorful_palette,2624
mutsuki_(kancolle),2622
39,2622
holding_teapot,2621
eris_greyrat,2621
daitaku_helios_(umamusume),2620
fast_food,2620
large_ears,2620
animal_on_lap,2619
aoki_reika,2619
autobot,2615
yae_sakura,2615
u.a._school_uniform,2613
chest_of_drawers,2613
fishnet_sleeves,2612
ruan_mei_(honkai:_star_rail),2611
two-tone_headwear,2611
torn_gloves,2611
amagi_yukiko,2611
new_game!,2610
detective,2609
gusset,2609
pink_arm_warmers,2608
playing_guitar,2607
seiran_(touhou),2606
shuka_high_school_uniform,2606
gold_coin,2605
invisible_penis,2605
cum_on_self,2604
goat_boy,2603
futami_ami,2601
yes,2601
lace-trimmed_choker,2600
pinned,2600
arms_between_legs,2599
la+_darknesss_(1st_costume),2599
clear_sky,2598
to_love-ru_darkness,2597
ak-12_(girls'_frontline),2596
black_sky,2596
tsuruse,2596
werewolf,2595
ohara_mari,2594
nipple_indents,2594
goldenglow_(arknights),2593
roxy_migurdia,2593
eagle,2593
durarara!!,2593
teen_titans,2590
naranja_academy_school_uniform,2590
world_of_warcraft,2590
polka_dot_bra,2589
hanami_saki,2589
leonardo_da_vinci_(fate),2588
pink_trim,2588
koyanskaya_(fate),2588
utensil_in_mouth,2588
monika_(doki_doki_literature_club),2588
western_dragon,2587
unworn_coat,2587
haguro_(kancolle),2587
mallow_(pokemon),2586
coke-bottle_glasses,2586
holding_branch,2585
kotonoha_aoi,2585
crate,2585
grey_cape,2584
marshmallow_(site),2584
grey_serafuku,2583
saenai_heroine_no_sodatekata,2583
tenma_tsukasa,2583
gyaru_v,2582
struggling,2582
squinting,2582
junketsu,2582
rune_factory,2582
cephalopod_eyes,2581
telekinesis,2580
horosuke,2579
breast_expansion,2576
in_the_face,2575
ballet,2575
watashi_ni_tenshi_ga_maiorita!,2575
arm_between_breasts,2574
narita_taishin_(umamusume),2573
orange_sailor_collar,2572
nakano_itsuki,2572
precum_drip,2571
shinsengumi,2571
holding_needle,2571
t-head_admiral,2571
crocs,2571
white_bridal_gauntlets,2570
final_fantasy_tactics,2570
ibaraki_douji_(fate),2568
shinomiya_kaguya,2567
miku_day,2567
dildo_riding,2566
dowsing_rod,2566
simon_(ttgl),2566
noelle_holiday,2565
asui_tsuyu,2565
open-toe_shoes,2564
lawson,2563
animal_ear_legwear,2563
basketball_uniform,2562
mahjong_tile,2562
springfield_(girls'_frontline),2562
uzaki-chan_wa_asobitai!,2562
on_person,2561
hoshikawa_sara,2559
namori,2559
frilled_camisole,2559
golden_week,2558
irene_(arknights),2557
clapping,2557
liko_(pokemon),2555
spiked_club,2554
cooler,2553
cleave_gag,2553
leafeon,2553
star_twinkle_precure,2553
yin_yang_orb,2553
moon_(ornament),2552
ribbed_thighhighs,2551
wide_image,2551
hospital_gown,2551
traffic_cone,2551
levi_(shingeki_no_kyojin),2550
flower_over_eye,2549
arrow_through_heart,2548
cargo_pants,2547
ghost_in_the_shell,2547
marina_(splatoon),2547
fortissimo,2547
globe,2546
microsoft_windows,2546
blue_camisole,2545
feral_instincts,2545
runes,2544
multiple_heads,2544
jessie_(pokemon),2544
chocolate_on_breasts,2544
black_slingshot_swimsuit,2543
hand_on_lap,2541
split_theme,2540
rariatto_(ganguri),2540
legs_folded,2540
carnelian,2540
mahou_tsukai_no_yoru,2538
slime_(genshin_impact),2537
torn_jacket,2537
looking_outside,2536
spear_the_gungnir,2536
buster_sword,2536
animal_skull,2535
bendy_straw,2535
ubel_(sousou_no_frieren),2534
adventure_time,2533
stone_lantern,2533
kamiyama_high_school_uniform_(project_sekai),2532
diarmuid_ua_duibhne_(fate),2532
jaguar_ears,2532
adjusting_necktie,2531
purple_tabard,2531
cheek_bulge,2530
fur-trimmed_thighhighs,2530
sideless_shirt,2529
pink_sash,2529
hands_on_another's_thighs,2528
aqua_gloves,2528
kayoko_(dress)_(blue_archive),2527
leather_boots,2527
toe_ring,2526
skirt_bow,2526
muv-luv_alternative,2526
isuzu_hana,2526
scar_on_hand,2525
naegi_makoto,2525
fish_print,2524
stealth_sex,2524
prototype_design,2524
gaming_chair,2523
tankini,2523
year_of_the_dragon,2523
asakura_ryoko,2523
grey_sweater_vest,2522
puffy_cheeks,2522
perlica_(arknights),2522
purple_tongue,2522
white_helmet,2522
louise_francoise_le_blanc_de_la_valliere,2518
green_streaks,2518
sussurro_(arknights),2518
holed_coin,2518
atsuko_(blue_archive),2518
drawfag,2518
kusazuri,2516
faux_figurine,2516
head_chain,2516
tokisaki_kurumi,2515
akanbe,2514
drying_hair,2514
elegg_(nikke),2514
kugisaki_nobara,2513
shibuya_kanon,2512
shiver_(splatoon),2511
meltryllis_(swimsuit_lancer)_(fate),2510
tennoji_rina,2510
abubu,2510
anal_hair,2510
pikmin_(creature),2509
vivlos_(umamusume),2509
skull_ornament,2509
pekomama,2509
food_request,2508
black_outline,2508
ajirogasa,2508
furigana,2507
holding_frying_pan,2505
screenshot_background,2505
holding_wrench,2505
yoshimi_(blue_archive),2505
polka_dot_headwear,2505
vaulting_horse,2504
naked_kimono,2504
scaramouche_(kabukimono)_(genshin_impact),2504
anastasia_(fate),2504
ryu_(street_fighter),2504
anzio_school_uniform,2503
grey_leotard,2503
pochita_(chainsaw_man),2503
green_horns,2503
cocktail_dress,2502
scooter,2502
doodle_inset,2499
rebecca_(cyberpunk),2499
giving_up_the_ghost,2498
green_sclera,2497
elira_pendora,2497
ass_cutout,2496
no_mask,2496
jiangshi_costume,2496
dice_hair_ornament,2496
ushiromiya_battler,2496
tanzaku,2495
paw_print_background,2494
green_tank_top,2493
shinryaku!_ikamusume,2492
confession,2491
shinki_(touhou),2490
madotsuki,2490
mabinogi,2490
pasta,2489
riding_pokemon,2489
morning_glory,2488
dashed_eyes,2488
roll_(mega_man),2487
ciel_(tsukihime),2487
prison_clothes,2487
purple_one-piece_swimsuit,2486
nakasu_kasumi,2486
loving_aura,2485
coca-cola,2485
.live,2485
cyno_(genshin_impact),2484
kero_(cardcaptor_sakura),2483
bowlegged_pose,2483
godzilla_(series),2482
melting_halo,2482
canvas_(object),2481
millipen_(medium),2481
slapping,2480
mahjong,2479
white_sarong,2479
nonna_(girls_und_panzer),2479
dolphin_wave,2478
kashiwazaki_sena,2478
self-harm,2478
wheat,2478
unworn_dress,2476
single_shoulder_pad,2475
von_lycaon,2474
pornography,2474
shaking,2473
steins;gate_0,2473
motorcycle_helmet,2473
char_aznable,2472
pola_(kancolle),2472
houtengeki,2472
heart-shaped_buckle,2472
mejiro_ardan_(umamusume),2471
outis_(project_moon),2468
holding_cotton_candy,2468
bandaid_on_thigh,2468
iphone,2466
white_shawl,2466
yu_mei-ren_(fate),2466
sonozaki_mion,2466
tony_tony_chopper,2465
susie_(deltarune),2465
female_endministrator_(arknights),2464
kibito_high_school_uniform,2464
kantoku,2464
spiked_ear_piercing,2463
komi_shouko,2463
fire_emblem_warriors:_three_hopes,2463
paper_airplane,2462
sharp_tail,2462
tracen_swimsuit,2462
vampire_costume,2462
guided_breast_grab,2461
cutting_board,2461
turtleneck_jacket,2461
weight_conscious,2459
funamusea,2458
endeavor_(boku_no_hero_academia),2458
warugaki_(sk-ii),2458
baseball_(object),2457
electric_plug,2457
hornet_(hollow_knight),2456
berry_(pokemon),2455
bulma,2455
in_bucket,2455
diarmuid_ua_duibhne_(lancer)_(fate),2455
energy_drink,2454
april_fools,2453
green_armband,2452
momota_kaito,2451
nanashi_(nlo),2451
kouhaku_nawa,2451
washing_machine,2450
verxina_(umamusume),2450
lava,2450
lopunny,2450
lynette_(genshin_impact),2450
elizabeth_rose_bloodflame,2449
emma_verde,2449
blank_stare,2449
portal_(object),2449
neck_tassel,2448
mole_above_mouth,2445
under_night_in-birth,2445
scribble_censor,2444
ijiranaide_nagatoro-san,2444
duster,2442
kani_biimu,2442
super_sentai,2441
cinderella_girls_gekijou,2441
tented_shirt,2440
multicolored_kimono,2440
hamu_koutarou,2440
light_censor,2439
miyuki_(kancolle),2439
yaoyorozu_momo,2438
tropical-rouge!_precure,2438
morikubo_nono,2438
orange_socks,2437
hitting,2436
glass_bottle,2436
saw,2435
leg_wrap,2434
noose,2433
frottage,2433
matikanefukukitaru_(umamusume),2432
enkidu_(fate),2432
weasel_ears,2432
ushiwakamaru_(fate),2431
single_thigh_boot,2431
yellow_tank_top,2430
dream_journey_(umamusume),2430
tsunade_(naruto),2429
russian_commentary,2428
bookmark,2427
two-sided_dress,2427
cyber_fashion,2427
lio_fotia,2426
round_window,2425
black_eyeliner,2425
snail,2424
ranka_lee,2424
oven_mitts,2423
shima_rin,2423
lisa_(genshin_impact),2423
machine,2422
gotland_(kancolle),2422
black_leg_warmers,2421
glass_shards,2421
forced_orgasm,2420
daruma_doll,2420
tail_grab,2419
pinwheel,2418
takanashi_rikka,2417
arm_on_knee,2417
lalafell,2416
haniyasushin_keiki,2416
kinugasa_(kancolle),2416
hina_(swimsuit)_(blue_archive),2415
body_hair,2415
knotted_penis,2414
u-511_(kancolle),2414
holding_bow_(music),2413
morpeko_(full),2412
skirt_under_dress,2412
shiseki_hirame,2412
eimi_(blue_archive),2411
sasaki_chie,2411
senshi_(dungeon_meshi),2411
kamikaze_(kancolle),2411
son_gohan,2409
grey_suit,2409
st._louis_(azur_lane),2408
glowing_hair,2408
scissor_blade_(kill_la_kill),2407
jill_valentine,2407
vgen_commission,2407
oyama_mihari,2407
slugbox,2406
mega_man_battle_network_(series),2405
idolmaster_2,2405
moogle,2405
perpendicular_paizuri,2404
leg_between_thighs,2403
imminent_anal,2401
nisemonogatari,2401
hikawa_sayo,2401
felicia_(darkstalkers),2401
wild_arms,2401
h&k_hk416,2400
sleeved_leotard,2400
hoshino_ai,2399
outie_navel,2399
heart_in_heart_hands,2398
digimon_adventure,2398
castlevania_(series),2398
akaza_akari,2397
green-tinted_eyewear,2397
charmander,2397
avogado6,2396
pouring_onto_self,2394
comforting,2394
fubuki_(one-punch_man),2394
patchwork_clothes,2393
trigun,2392
tokino_sora,2392
yellow_gem,2391
kureiji_ollie,2391
spiked_shell,2391
dragon_quest_v,2391
raising_heart,2391
lynette_bishop,2390
bad_proportions,2390
persona_5_the_royal,2390
tachibana_hibiki_(symphogear),2389
kyonko,2389
soda_bottle,2389
midna,2389
tone_(kancolle),2388
chimney,2388
kisaragi_(kancolle),2388
elbows_on_table,2388
rokugou_daisuke,2387
shun_(small)_(blue_archive),2387
yuusha_de_aru,2387
holding_microphone_stand,2387
holding_flute,2386
ebora,2386
green_cardigan,2386
osaki_amana,2386
blaze_the_cat,2386
holding_test_tube,2385
milkpanda,2383
torpedo_tubes,2382
gambier_bay_(kancolle),2382
hand_on_glass,2382
holding_remote_control,2382
black_lagoon,2381
crumbs,2381
from_outside,2380
school_briefcase,2379
call_of_duty,2378
three-dimensional_maneuver_gear,2378
hoodie_lift,2378
i-168_(kancolle),2378
dragon_ball_gt,2378
rainbow_hair,2377
chain_headband,2377
terra_branford,2376
ootachi,2376
kirakira_precure_a_la_mode,2376
dropping,2376
comic_cover,2375
mysterious_heroine_xx_(fate),2375
cow,2375
hand_on_own_elbow,2374
jester,2374
tube_dress,2374
kill_me_baby,2374
napoleon_bonaparte_(fate),2374
short_jumpsuit,2373
akeome,2373
neptune_(neptunia),2373
dandelion,2373
kujou_sara,2372
squirtle,2372
suiseiseki,2372
through_medium,2372
kaiju,2371
battle_rifle,2371
champagne,2371
i-8_(kancolle),2370
fanged_bangs,2370
abukuma_(kancolle),2369
ichimi,2369
yarn,2368
show_by_rock!!,2367
tsukishiro_saika,2367
hino_akane_(precure),2367
mima_(touhou),2366
dumpling,2366
ass_shake,2366
embellished_costume,2365
guilty_crown,2365
chinese_new_year,2365
yanfei_(genshin_impact),2365
dengeki_moeoh,2364
mismatched_sclera,2363
potara_earrings,2363
ema,2363
lord_of_the_mysteries,2362
makigumo_(kancolle),2362
two-tone_pants,2359
hand_on_wall,2359
masked,2359
touhou_tag_dream,2359
sword_girls,2359
sengoku_basara,2359
blue_suit,2358
<|>_<|>,2358
ponytail_with_braided_base,2358
ruler,2358
niwatari_kutaka,2358
bishoujo_senshi_sailor_moon_s,2357
hedgehog_boy,2357
embodiment_of_scarlet_devil,2357
maru_(marg0613),2357
shantae,2356
wetsuit,2355
sinon,2355
star_tattoo,2355
kirijou_mitsuru,2354
yukie_(kusaka_shi),2354
tribal,2354
hisona_(suaritesumi),2354
mint_fantome,2353
perrine_h._clostermann,2353
duffel_coat,2352
nursing_handjob,2352
purple_collar,2351
saria_(arknights),2351
gundam_build_fighters_try,2350
houshou_marine_(summer),2350
chaos;child,2349
red_feathers,2349
triangle_print,2349
scorbunny,2349
cum_in_clothes,2347
himmel_(sousou_no_frieren),2347
mococo_abyssgard_(1st_costume),2347
meowscarada,2346
german_text,2346
blake_belladonna,2346
leather_pants,2345
god_eater,2345
earth_(ornament),2344
saga,2343
fubuki_kai_ni_(kancolle),2343
brushing_another's_hair,2342
kitazawa_shiho,2342
charlotte_e._yeager,2342
white_arm_warmers,2341
black_theme,2341
ace_of_hearts,2340
hexagon,2340
yamato_(one_piece),2339
reaching_towards_another,2339
two-sided_headwear,2338
vibrator_under_panties,2338
hozuki_momiji,2338
honeycomb_(pattern),2338
misleading_thumbnail,2338
jigglypuff,2337
chiyoda_momo,2337
shark_costume,2337
no_gloves,2337
bamboo_steamer,2337
picnic,2337
gundam_unicorn,2337
re-class_battleship,2336
chart,2336
sora_(kingdom_hearts),2336
under_kotatsu,2336
ryoumen_sukuna_(jujutsu_kaisen),2336
race_vehicle,2335
mouth_pull,2335
jellyfish_cut,2335
overcoat,2335
tied_jacket,2334
silent_hill_(series),2334
nishizumi_shiho,2334
purple_trim,2333
shared_food,2333
radio,2333
nude_filter,2332
serizawa_asahi,2331
spiked_hairband,2330
visor_(armor),2330
james_(pokemon),2330
shell_hair_ornament,2330
rodion_(project_moon),2330
camellya_(wuthering_waves),2329
digimon_card_game,2328
hugtto!_precure,2328
streetwear,2328
character_censor,2328
scarlet_devil_mansion,2328
astronaut,2327
baggy_clothes,2327
blue_sandals,2327
audience,2326
brick_floor,2326
wall_clock,2326
houjou_hibiki,2326
nero_claudius_(swimsuit_caster)_(fate),2326
blue_outline,2325
jacket_over_swimsuit,2325
pleated_shorts,2323
cinderella_series,2323
delicious_party_precure,2321
gweda,2321
takanashi_kiara_(1st_costume),2320
perversion_of_canon,2320
tedeza_rize,2320
child's_drawing,2319
mechanization,2319
dorohedoro,2319
heart_pendant,2319
tiki_(fire_emblem),2318
collared_shrug,2318
just_the_tip,2318
covering_another's_mouth,2318
anby_demara,2316
boater_hat,2315
clitoral_piercing,2313
white_bonnet,2312
an-94_(girls'_frontline),2312
brown_nails,2311
waktaverse,2311
red_tabard,2310
adventurer_(ff11),2309
scar_on_shoulder,2309
hino_rei,2308
holding_scroll,2308
honda_mio,2308
red_corset,2307
narita_top_road_(umamusume),2307
lollipop_in_mouth,2307
kurumi_erika,2306
wig,2306
heartbeat,2306
animal_slippers,2305
tsurugi_(blue_archive),2305
smart_falcon_(umamusume),2305
exposed_pocket,2303
yellow_outline,2303
kuromorimine_school_uniform,2303
sakura_taisen,2302
priest_(ragnarok_online),2302
rance_(series),2301
shell_bikini,2301
himesaki_rinami,2301
chalk,2301
gag_harness,2301
iesupa,2301
poster_(medium),2301
nakano_ichika,2300
petals_on_liquid,2299
cutting_hair,2298
finger_frame,2298
fishnet_socks,2297
bowser,2297
hoshiguma_(arknights),2297
outstretched_leg,2296
pomni_(the_amazing_digital_circus),2296
breast_conscious,2296
yuuki_bakuhatsu_bang_bravern,2295
peanut_mouth,2295
red_outline,2295
tamamo_no_mae_(swimsuit_lancer)_(fate),2294
hachigatsu_no_cinderella_nine,2294
liquid_hair,2293
stalk_in_mouth,2292
narration,2291
text_messaging,2290
kino_makoto,2290
kusanagi_nene,2290
avengers_(series),2289
finger_to_face,2289
ho'olheyak_(arknights),2289
sakuramon,2289
ashido_mina,2288
neocoill,2288
holding_lipstick_tube,2288
super_mario_galaxy,2288
kuwayama_chiyuki,2288
western_comics_(style),2287
hyena_ears,2286
suzutsuki_(kancolle),2286
orange_headband,2285
justice_task_force_member_(blue_archive),2285
katsuragi_ace_(umamusume),2285
penis_peek,2285
dark_penis,2284
powering_up,2283
thai_text,2283
food-themed_clothes,2283
sans_(undertale),2283
jun_(navigavi),2282
shirase_sakuya,2282
dr._ratio_(honkai:_star_rail),2282
horikawa_raiko,2282
dithering,2282
futa_on_male,2281
ada_wong,2281
brown_leotard,2281
sundae,2281
ass_peek,2279
ammunition_belt,2278
sharp_toenails,2277
hollow_knight:_silksong,2276
tensei_shitara_slime_datta_ken,2276
tentacle_in_mouth,2275
lace-trimmed_gloves,2275
police_badge,2275
calico_cat,2274
white_armband,2274
minecraft_youtube,2273
print_hoodie,2273
kepi,2272
food_stand,2272
sponge,2272
spanish_text,2272
torpedo_launcher,2271
miyashita_ai,2271
hot_dog,2270
alchemy_stars,2269
pointy_breasts,2269
aviator_sunglasses,2269
single_arm_warmer,2267
rotary_phone,2267
bad_end,2267
sidesaddle,2267
uvula,2267
kusuriya_no_hitorigoto,2267
oshawott,2266
akatsuki_kirika,2266
aida_mana,2266
boxer_briefs,2265
sick,2265
has_downscaled_revision,2265
backbeako_(torotei),2264
mari_(faraway)_(omori),2264
crotch_cutout,2264
tomoeda_elementary_school_uniform,2264
randal's_friends,2264
hands_on_another's_hips,2263
ryuu_ga_gotoku_(series),2263
izumi_tsubasu,2262
grey_theme,2261
satsuki_(blue_archive),2260
cross_choker,2260
headless,2259
morino_rinze,2259
nagatoro_hayase,2259
duel_masters,2259
unworn_swimsuit,2259
fujiwara_chika,2258
long_labia,2258
sofra,2258
orange_pupils,2257
white_bandeau,2257
ranni_the_witch,2257
curry_rice,2257
black_scales,2257
ashiya_douman_(fate),2256
koyama_shigeru,2256
koyuki_(blue_archive),2254
on_car,2254
easel,2253
torotei,2252
fuwawa_abyssgard_(1st_costume),2252
pinching_sleeves,2251
eyjafjalla_(arknights),2251
tropical_fish,2251
pool_of_blood,2251
pink_slippers,2250
air_(visual_novel),2250
air_shakur_(umamusume),2249
white_mittens,2249
ikamusume,2249
nose_ring,2249
hibiki_(cheer_squad)_(blue_archive),2248
grimoire,2247
emotionless_sex,2247
yukihana_lamy_(1st_costume),2246
paper_stack,2246
holding_magnifying_glass,2246
miyamoto_frederica,2245
rabbit_house_uniform,2245
yuugumo_(kancolle),2245
salaryman,2244
horned_mask,2243
fatal_frame,2243
anti_(untea9),2243
penlight_(glowstick),2243
wriothesley_(genshin_impact),2243
body_armor,2243
kanna_(swimsuit)_(blue_archive),2242
shirt_under_dress,2242
levitation,2242
yu-gi-oh!_arc-v,2241
blue_wrist_cuffs,2241
yua_(checkmate),2241
mithrun,2240
holding_quill,2240
hassan_of_serenity_(fate),2240
yellow_cloak,2240
tail_between_legs,2239
slashing,2239
nemona_(pokemon),2239
fanning_self,2238
shino_(ponjiyuusu),2238
ujimatsu_chiya,2238
yellow_raincoat,2238
island,2238
cursive,2237
keroro_gunsou,2237
magatama_earrings,2237
elesa_(pokemon),2237
snivy,2237
hourglass,2236
wolverine_(x-men),2236
dorsal_fin,2236
long_ribbon,2236
idolmaster_dearly_stars,2236
niijima_makoto,2235
ringo_(touhou),2235
shoulder_holster,2234
torn_panties,2234
konoshige_(ryuun),2233
sleeveless_bodysuit,2232
tsunako,2232
chaldea_logo,2231
playstation_controller,2231
shoebill_(kemono_friends),2231
medallion,2229
artoria_pendragon_(lancer_alter)_(fate),2229
flareon,2229
shiguang_dailiren,2229
naked_hoodie,2228
fuji_kiseki_(umamusume),2228
borrowed_design,2227
punk,2226
video_game,2226
stream,2226
pokemon_card,2225
anchor_print,2225
melonbooks,2224
slam_dunk_(series),2224
dissidia_final_fantasy,2223
shiny_and_normal,2223
hooded_cardigan,2222
very_wide_shot,2222
butterfly_net,2222
tohru_(maidragon),2222
object_in_pocket,2222
sukajan,2221
karakai_jouzu_no_takagi-san,2221
witch_(madoka_magica),2219
himeko_(honkai:_star_rail),2218
dragon's_crown,2218
white_nightgown,2217
g11_(girls'_frontline),2217
shell_necklace,2217
shared_speech_bubble,2216
snow_leopard_tail,2216
crane_(machine),2216
gensou_suikoden,2216
gonzarez,2215
two-tone_boots,2215
kouno_(masao),2215
gimp_(medium),2215
floating_scarf,2214
hat_tip,2213
senran_kagura_shoujo-tachi_no_shin'ei,2213
heaven's_feel,2213
footwear_ribbon,2212
final_fantasy_xvi,2211
musical_note_print,2210
minato_aqua_(1st_costume),2210
diamond_(gemstone),2209
chastity_cage,2209
irida_(pokemon),2209
akita_neru,2209
aubrey_(headspace)_(omori),2208
blue_shawl,2208
irisviel_von_einzbern,2207
weapon_request,2207
four-leaf_clover_hair_ornament,2205
haniwa_(statue),2205
yellow_headband,2205
colorful_background,2202
heart_(organ),2202
usashiro_mani,2201
atou_haruki,2201
energy_beam,2200
marie_antoinette_(fate),2200
cheekbones,2200
jojo_pose,2200
napkin,2199
athletic_leotard,2199
adapted_turret,2199
x_(mega_man),2198
kanikama,2198
lovebrush_chronicles,2197
moth,2197
scott_pilgrim_(series),2197
monkey_ears,2197
snowball,2197
striped_fur,2196
tokyo_revengers,2195
polka_dot_skirt,2194
kousaka_tamaki,2194
unconventional_media,2194
cut_bangs,2193
mifune_shioriko,2192
henshin,2192
bag_of_chips,2192
ass_support,2191
dakimakura_(object),2191
burnt_clothes,2190
kin-iro_mosaic,2190
elezen,2189
kimono_pull,2189
grey_bowtie,2188
musou_isshin_(genshin_impact),2187
thighhighs_pull,2187
snorkel,2187
america_(hetalia),2186
flashback,2186
daidouji_tomoyo,2186
asaka_karin,2186
asa_no_ha_(pattern),2186
nanasaki_ai,2185
etna_(disgaea),2185
ice_skates,2184
papakha,2184
cosplay_photo,2183
popuko,2183
cerise_bouquet,2183
orange_ascot,2182
mahou_girls_precure!,2182
ano_hi_mita_hana_no_namae_wo_bokutachi_wa_mada_shiranai.,2182
leotard_peek,2182
doraemon,2180
silver_trim,2180
noh_mask,2180
power_suit_(metroid),2179
scarf_over_mouth,2179
kuji-in,2179
person_and_animalization,2179
marianne_von_edmund,2178
age_comparison,2178
holding_coin,2178
moona_hoshinova,2178
drugs,2177
final_fantasy_xv,2176
frye_(splatoon),2175
backbeard,2174
hoshizora_miyuki,2174
cocktail,2174
boku_no_kokoro_no_yabai_yatsu,2173
stitched_arm,2173
noumi_kudryavka,2173
javelin_(azur_lane),2172
makizushi,2172
raccoon,2172
menma_(enaic31),2172
cropped_arms,2171
hat_on_back,2171
blue_bandana,2171
ise_(kancolle),2170
m1911,2170
sonoda_chiyoko,2170
detached_ahoge,2169
blowing_bubbles,2168
chibi_usa,2168
katsuragi_lilja,2168
coconut,2167
hands_on_ground,2166
lucky_beast_(kemono_friends),2166
goblin_slayer!,2165
murakumo_kai_ni_(kancolle),2165
thick_arms,2165
takeuchi_takashi,2165
mon3tr_(arknights),2165
hand_in_another's_panties,2164
holding_glowstick,2164
gradient_horns,2164
pickaxe,2163
pump_action,2163
suou_momoko,2163
orange_pekoe_(girls_und_panzer),2162
white_babydoll,2162
glowing_tattoo,2162
optical_sight,2161
kayamori_ruka,2161
shuujin_academy_school_uniform,2161
fur-trimmed_shirt,2160
side_slit_shorts,2160
hakos_baelz_(1st_costume),2160
purple_robe,2160
condensation,2160
crayon,2159
single_blush_sticker,2159
crystal_hair,2159
shinonome_akito,2157
ojou-sama_pose,2157
airi_(blue_archive),2156
butter,2155
bardiche_(nanoha),2154
frontal_wedgie,2154
heart-shaped_gem,2154
boa_hancock,2153
eternity_larva,2153
cinnamoroll,2153
super_saiyan_1,2153
gold_tiara,2153
ueyama_michirou,2153
belko,2153
blind,2152
white_bandana,2152
jirachi,2152
sand_sculpture,2151
mullet,2151
sequential,2151
noelle_(genshin_impact),2151
holding_money,2150
cowboy_boots,2150
pit_(kid_icarus),2150
uchikake,2150
orange_panties,2148
holding_another's_legs,2147
easter_egg,2147
wavy_eyes,2147
shikigami,2147
kirigaya_suguha,2146
green_trim,2145
sparse_chest_hair,2145
grey_cat,2145
tokoyami_towa_(1st_costume),2145
morning_after,2144
tohno_shiki,2143
cracked_wall,2142
leash_pull,2141
warning_sign,2141
spoken_food,2140
fine_motion_(umamusume),2140
cum_on_legwear,2140
hole_on_body,2139
miyako_(swimsuit)_(blue_archive),2138
beidou_(genshin_impact),2138
black_babydoll,2137
aqua_hairband,2136
prisma_illya,2136
noshiro_(kancolle),2136
balancing,2136
sparkle_print,2136
aquarium,2135
ramlethal_valentine,2134
fascinator,2134
holding_skull,2133
pom_pom_beanie,2133
biwa_hayahide_(umamusume),2133
tegaki,2133
shinano_(azur_lane),2133
combat_boots,2133
pinstripe_dress,2132
two-tone_necktie,2132
pennant,2132
eggplant,2132
va-11_hall-a,2131
komiya_kaho,2131
rouge_the_bat,2130
squall_leonhart,2130
lucy_(cyberpunk),2130
clown,2129
kanabou,2129
elphelt_valentine,2129
natsuki_(doki_doki_literature_club),2128
clock_tower,2128
senren_banka,2128
kamisato_ayato,2128
undead,2128
andou_(girls_und_panzer),2127
ribbed_leotard,2127
lattice,2127
aile_(mega_man_zx),2127
full-length_mirror,2127
comparison,2127
mejiro_dober_(umamusume),2126
kikkoumon,2126
mole_on_shoulder,2125
rosmontis_(arknights),2125
indie_utaite,2125
paint_splatter_on_face,2125
like_and_retweet,2124
konoe_kanata,2124
tropical_drink,2124
condom_box,2124
sonetto_(reverse:1999),2123
coat_partially_removed,2123
plastic_bottle,2123
breasts_on_table,2123
pink_outline,2122
counter:side,2122
teruzuki_(kancolle),2121
angel_devil_(chainsaw_man),2121
united_kingdom_(hetalia),2121
kimono_skirt,2121
tentacles_under_clothes,2121
studded_choker,2120
cyndaquil,2119
wa_(genryusui),2119
hand_under_shirt,2119
kamishiro_rui,2119
climbing,2119
covering_one_eye,2118
shishiro_botan_(1st_costume),2118
ear_scrunchie,2117
blood_drip,2116
portgas_d._ace,2115
devil_fruit_power,2115
gills,2115
uva_academy_school_uniform,2114
rita_rossweisse,2114
maid_day,2113
holding_mop,2113
green_hakama,2111
infinity_symbol,2111
arched_crown,2110
wrist_wrap,2110
hakui_koyori_(1st_costume),2110
saitama_(one-punch_man),2110
jun'you_(kancolle),2109
lucifer_(helltaker),2108
in_cup,2108
diva_(hyxpk),2108
pussy_juice_drip_through_clothes,2108
hoshi_syoko,2108
head_on_chest,2107
unitard,2107
baobhan_sith_(first_ascension)_(fate),2106
peach_hat_ornament,2105
weibo_username,2105
facebook_username,2105
hinghoi,2105
seaweed,2104
blood_on_leg,2104
strap_lift,2104
mouth_piercing,2104
lovely_labrynth_of_the_silver_castle,2104
shinda_sekai_sensen_uniform,2104
echo_(circa),2103
white_garter_belt,2103
brown_collar,2103
ginhaha,2103
gigantic_penis,2103
orange_cape,2101
bartender,2101
d.gray-man,2101
nachi_(kancolle),2101
darker_than_black,2101
saddle,2100
pokemon_platinum,2100
bishamonten's_pagoda,2100
facing_ahead,2099
hard_hat,2098
hina_(dress)_(blue_archive),2098
green_scrunchie,2097
deadpool_(series),2097
androgyne_symbol,2097
ryuuou_no_oshigoto!,2097
null_(nyanpyoun),2097
pants_under_skirt,2097
ice_cream_float,2095
subscribestar_username,2095
battleship_princess,2095
swimsuit_cover-up,2095
brown_panties,2094
game_screenshot_background,2094
asashio_kai_ni_(kancolle),2094
yumi_(senran_kagura),2094
apartment,2094
ling_(arknights),2094
herrscher_of_sentience,2094
chikorita,2094
selen_tatsuki,2093
gundam_tekketsu_no_orphans,2093
matsuno_osomatsu,2092
uncommon_stimulation,2092
loaded_interior,2091
winged_heart,2091
high-waist_pantyhose,2090
steampunk,2090
hat_with_ears,2090
hauchiwa,2090
yo-yo,2090
grocery_bag,2090
holding_heart,2089
honey,2089
arcaea,2088
hooded_dress,2088
belt_boots,2087
soap_censor,2087
polka_dot_shirt,2087
waist_ribbon,2086
roundel,2086
inkwell,2085
magi_the_labyrinth_of_magic,2085
waddle_dee,2085
sinoalice,2084
native_american,2084
black_bird,2084
embroidery,2083
potato,2082
katsuragi_misato,2082
alpha_transparency,2082
sunazuka_akira,2082
fletcher_(kancolle),2082
futaba_channel,2082
mira-cra_park!,2081
holding_skewer,2081
white_pajamas,2081
yukinoshita_yukino,2080
meowth,2079
breastfeeding,2079
red_butterfly,2078
convenience_store,2078
galaxy_angel,2078
misumi_nagisa,2078
egg_hair_ornament,2077
onigirikun,2077
killua_zoldyck,2077
choukai_(kancolle),2076
\n/,2076
krista_lenz,2076
holding_mirror,2076
loose_shirt,2075
nekotoufu,2075
hamaya,2074
watatsuki_no_yorihime,2074
queen_of_spades_symbol,2074
free!,2073
green_border,2073
freediving,2071
red_hanfu,2071
hakurei_reimu_(cosplay),2071
juxtaposition,2071
jakuzure_nonon,2070
male_doctor_(arknights),2070
world_trigger,2070
muelsyse_(arknights),2070
kongou_kai_ni_(kancolle),2070
evangelion:_3.0+1.0_thrice_upon_a_time,2069
vocaloid_append,2069
spoken_expression,2069
hizaka,2069
rabbit_yukine,2068
mari_(headspace)_(omori),2068
telescope,2068
shoulder_cannon,2068
open_bodysuit,2067
glock,2067
niko_(blue_archive),2067
lactation_through_clothes,2067
hero_(faraway)_(omori),2067
shiomi_syuko,2067
red_wine,2067
shopping,2066
\o/,2066
jeanne_d'arc_alter_santa_lily_(fate),2066
kasugano_sakura,2065
phrolova_(wuthering_waves),2065
bandolier,2064
watermelon_bar,2064
bayonetta_(series),2064
aoyagi_touya,2064
green_armor,2063
shokugeki_no_souma,2063
gangut_(kancolle),2063
holding_briefcase,2062
matsumoto_rangiku,2062
mole_on_arm,2061
index_(toaru_majutsu_no_index),2061
toosaka_asagi,2061
holding_photo,2061
bibi_(tokoyami_towa),2061
seiken_densetsu_3,2061
umbrella_over_shoulder,2061
huge_eyebrows,2060
cd,2060
body_horror,2060
sayori_(neko_works),2060
cheek_pull,2059
scaramouche_(cat)_(genshin_impact),2059
nagatsuki_(kancolle),2059
hat_over_one_eye,2058
crane_game,2057
himeno_(chainsaw_man),2057
eldritch_abomination,2057
mole_on_collarbone,2057
love_plus,2057
bored,2056
cleaver,2056
4others,2056
fuuin_no_tsue,2056
gradient_legwear,2056
hand_mirror,2056
sumiyao_(amam),2055
among_us,2054
yuzuriha_inori,2053
frozen_(disney),2052
matsuno_karamatsu,2052
saren_(princess_connect!),2051
bicorne,2051
screwdriver,2051
chris_redfield,2050
ibispaint_(medium),2050
red_suit,2050
aurora,2049
xenoblade_chronicles_1,2049
gyro_zeppeli,2048
tapir_tail,2048
drawn_whiskers,2048
vibrator_in_thighhighs,2048
chest_guard,2047
donation_box,2047
barbed_wire,2047
under_tree,2046
takara_miyuki,2046
isegye_idol,2046
hellsing,2045
kris_(pokemon),2045
hologram,2045
untying,2045
matsuno_ichimatsu,2045
suzuhara_lulu,2045
black_clover,2045
danganronpa_another_episode:_ultra_despair_girls,2044
cross-laced_slit,2044
yellow_pantyhose,2043
grey_flower,2042
avatar:_the_last_airbender,2042
sakuragi_mano,2042
wrapped_candy,2042
toilet_use,2041
covered_testicles,2041
studded_bracelet,2041
hoshino_ruby,2041
fubuki_(blue_archive),2041
saliva_on_penis,2040
pentacle,2040
bus_stop,2040
gradient_halo,2040
holding_scepter,2040
hair_vines,2039
dotted_background,2039
tokoyami_towa_(jirai_kei),2039
camcorder,2039
print_headwear,2038
virtuosa_(arknights),2038
mat,2037
panicking,2036
yordle,2036
pet_bowl,2036
the_legend_of_zelda:_skyward_sword,2036
kuroshio_(kancolle),2036
yamamoto_souichirou,2035
light_machine_gun,2035
mismatched_earrings,2034
candy_wrapper,2034
vector_trace,2034
maruzensky_(umamusume),2034
seishun_buta_yarou,2033
sakugawa_school_uniform,2033
objectification,2032
chigusa_minori,2030
maomao_(kusuriya_no_hitorigoto),2030
facing_down,2030
flaming_sword,2030
aozaki_aoko,2029
kusanagi_motoko,2029
two-sided_gloves,2029
smoking_barrel,2029
messenger_bag,2028
lyre,2027
two-tone_legwear,2027
team_fortress_2,2027
huge_moon,2026
moroboshi_kirari,2026
lighthouse,2025
honda,2025
antique_firearm,2025
hishi_miracle_(umamusume),2025
nerissa_ravencroft_(1st_costume),2024
mountain_(arknights),2023
char's_counterattack,2022
bandaid_on_forehead,2022
hunched_over,2022
angela_(project_moon),2022
luigi's_mansion,2021
turtleneck_bodysuit,2021
pixelated,2020
tengu,2020
nero_claudius_(bride)_(fate),2020
bird_print,2019
zabuton,2019
multiple_riders,2018
miyo_(ranthath),2018
aqua_kimono,2017
hand_on_table,2017
eden_academy_school_uniform,2017
hikawa_hina,2016
casting_spell,2016
orange_tank_top,2015
tales_of_zestiria,2015
red_nose,2013
agawa_ryou,2013
lizard,2012
ben-day_dots,2012
ib_(kouri),2012
bamboo_broom,2012
frilled_armband,2012
deadpool,2012
hair_dryer,2012
steven_universe,2012
mochi_trail,2011
rex_(xenoblade),2011
dark_souls_iii,2010
pencil_case,2010
blue_sarong,2010
hair_color_connection,2010
konjiki_no_yami,2009
green_sash,2009
undersized_breast_cup,2009
borderless_panels,2008
pink_umbrella,2008
maple_leaf_print,2008
food_bite,2007
dirt,2007
crease,2007
yuki_judai,2007
nipple_rub,2007
kissing_penis,2006
han'eri,2005
saiyan_armor,2005
joutouguu_mayumi,2004
nejiri_hachimaki,2004
lifebuoy_hair_ornament,2003
broken_weapon,2002
off-shoulder_one-piece_swimsuit,2002
knees_out_of_frame,2001
my-hime,2001
misaki_(blue_archive),2001
racecar,2000
hojo_karen,2000
tsuda_nanafushi,2000
galaxy,2000
captured,2000
crystal_ball,1999
clothes_between_thighs,1999
topaz_(honkai:_star_rail),1999
fish_skeleton,1999
lightsaber,1997
toilet_paper,1997
tsukioka_kogane,1997
kishimen_hair,1997
purple-framed_eyewear,1997
in_palm,1996
sora_no_kiseki,1996
light_areolae,1996
dragon_ball_fighterz,1996
age_regression,1996
tales_of_asteria,1995
tsubaki_(blue_archive),1995
heart-shaped_lock,1995
self-cosplay,1994
wallet_chain,1993
tenka_hyakken,1993
holding_spatula,1993
haru_haru_(koikoko),1992
matsuno_jyushimatsu,1992
pearl_(splatoon),1992
pepperoni_(girls_und_panzer),1991
kissing_neck,1991
m200_(girls'_frontline),1991
kine,1991
aranara_(genshin_impact),1991
broad_shoulders,1990
tharja_(fire_emblem),1989
pet,1989
chongyue_(arknights),1989
corin_wickes,1989
multiple_monochrome,1989
colored_teeth,1988
white_sky,1988
maru-yu_(kancolle),1988
shrimp_tempura,1988
crescent_necklace,1988
disembodied_eye,1987
teardrop_tattoo,1987
fur_shawl,1987
taisa_(kari),1987
skirt_cutout,1987
thighhighs_over_pantyhose,1986
hilichurl_(genshin_impact),1986
tenkyuu_chimata,1986
chalice,1985
yarn_ball,1985
dorsiflexion,1985
striped_vest,1985
olga_marie_animusphere,1984
couter,1984
gyaruo,1984
cu_chulainn_(fate/stay_night),1983
kazama_iroha_(1st_costume),1983
glomp,1983
cum_inflation,1982
two-tone_sports_bra,1981
shirayuki_(kancolle),1981
tracer_(overwatch),1981
handsfree_paizuri,1980
yuuhagi_(amaretto-no-natsu),1979
multicolored_flower,1979
holding_toy,1978
vore,1978
bass_clef,1978
training_bra,1978
swiss_roll,1978
horn_ring,1977
hanging_plant,1977
number_print,1977
red_wrist_cuffs,1977
jeanne_d'arc_alter_(ver._shinjuku_1999)_(fate),1977
jojolion,1976
hawks_(boku_no_hero_academia),1976
half-skirt,1976
musashi_kai_ni_(kancolle),1976
re:stage!,1975
aroused_nosebleed,1974
iruma_miu,1974
italian_flag,1974
striped_hoodie,1974
rectum,1974
yuuji_(and),1974
fallout,1974
white_tabard,1973
arm_shield,1973
single_tear,1973
crazy,1973
saint_seiya,1973
haruhisky,1973
earth_federation,1973
kasumi_(doa),1972
facing_up,1972
aqua_shoes,1972
lipstick_mark_on_penis,1972
artoria_pendragon_(swimsuit_ruler)_(fate),1972
french_text,1972
aqua_skin,1972
pigeon,1971
tsukino_mito_(1st_costume),1971
bloop_(gawr_gura),1971
flying_kick,1970
mei_(overwatch),1970
lyney_(genshin_impact),1968
something_(omori),1968
katsuki_yuri,1968
ayanami_(kancolle),1968
fish_boy,1968
kesa,1968
bindi,1967
heripantomorrow,1967
single_bridal_gauntlet,1966
arm_across_waist,1966
tennis_ball,1966
side-tie_peek,1966
child_carry,1966
z23_(azur_lane),1965
takiki,1965
glansjob,1965
mutual_hug,1964
sticky_note,1964
leather_armor,1964
amagi_brilliant_park,1964
asashimo_(kancolle),1964
index_fingers_raised,1964
green_robe,1964
toaru_majutsu_no_index:_old_testament,1964
brain,1963
curled_up,1963
kanduki_kamibukuro,1963
blue_jumpsuit,1962
green_one-piece_swimsuit,1962
spoiler_(automobile),1962
sakurako_(blue_archive),1962
houndstooth,1961
bungou_stray_dogs,1961
laundry,1960
hello_kitty,1960
beretta_92,1959
deer_tail,1959
fujima_takuya,1959
blue_umbrella,1958
amplifier,1958
pursed_lips,1958
celestia_ludenberg,1958
long_earlobes,1957
kagura_(gintama),1957
unzipping,1957
hands_on_feet,1956
mysterious_heroine_x_alter_(fate),1956
horn_flower,1956
xingqiu_(genshin_impact),1955
kamiya_nao,1955
arm_on_another's_shoulder,1954
long_horns,1953
moe_(blue_archive),1953
intestines,1952
wing_brooch,1952
zen_(kamuro),1952
tepig,1952
print_sleeves,1952
long_neck,1952
brown_sash,1951
circle_facial_mark,1951
viktor_nikiforov,1951
crocodilian_tail,1951
aotu_world,1951
arashio_(kancolle),1951
cat_ear_legwear,1951
pink_tank_top,1950
grey_cloak,1950
tomose_shunsaku,1950
creature_focus,1950
bloodshot_eyes,1949
holding_shovel,1947
corn,1947
new_school_swimsuit,1946
fumihiko_(fu_mihi_ko),1946
newtype,1946
nishida_satono,1945
koharu_(swimsuit)_(blue_archive),1945
kemomimi-chan_(naga_u),1945
lipstick_mark_on_face,1945
majo_no_tabitabi,1944
dongtan_dress,1944
kuroko_no_basuke,1943
sakura_no_sekai,1943
dress_swimsuit,1943
personality_switch,1943
arthropod_boy,1942
blood_on_bandages,1942
grey_choker,1942
looking_through_own_legs,1942
self_wedgie,1940
hanyuu,1940
koizumi_itsuki,1940
legs_over_head,1939
vita_(nanoha),1939
yowane_haku,1939
clearite,1939
sabrina_(pokemon),1939
ditto,1939
russia_(hetalia),1938
gold_circlet,1937
garchomp,1937
honolulu_(azur_lane),1937
hooded_vest,1936
last_order_(toaru_majutsu_no_index),1935
purple_border,1935
tsugu_(vtuber),1935
neuro-sama,1935
android_21,1935
street_fighter_iii_(series),1935
living_clothes,1935
symbolism,1935
tales_of_graces,1935
ayu_(mog),1934
kurukurumagical,1934
short-sleeved_sweater,1933
yayoi_(kancolle),1933
calem_(pokemon),1932
crotch_focus,1932
implied_fellatio,1932
multiple_legs,1932
merchandise,1932
holding_chain,1931
maplestory,1931
fur_jacket,1930
ichihara_nina,1930
penis_over_eyes,1930
torchic,1930
flower_bracelet,1929
tenochtitlan_(fate),1929
hatoba_tsugu,1929
bianca_(pokemon),1929
slime_(dragon_quest),1929
tongs,1928
sideways_hat,1928
oberon_(third_ascension)_(fate),1928
wrestling_ring,1928
logo_parody,1928
pink_headband,1927
archery,1927
vivio,1927
hanasaki_tsubomi,1926
taimanin_suit,1926
hataya_misuzu,1925
alternate_weapon,1924
katsuragi_(kancolle),1924
gradient_wings,1924
red_mittens,1924
hoshino_aquamarine,1923
art_nouveau,1923
aoki_hagane_no_arpeggio,1923
takagi-san,1923
ayane_(blue_archive),1922
hat_belt,1922
saiguchi_otoufu,1921
sobu_high_school_uniform,1921
ao_isami,1921
amulet,1920
truth,1920
two-tone_veil,1919
toga,1918
ar-15,1918
eye_of_horus,1918
stay_gold_(umamusume),1917
groom,1917
nanami_kento,1916
wa_lolita,1915
gold_thighlet,1914
pointing_forward,1914
two-tone_kimono,1912
face_between_breasts,1910
hisakawa_hayate,1910
print_haori,1910
mattaku_mousuke,1910
erect_clitoris,1910
kaamin_(mariarose753),1910
otonose_kanade,1909
rosehip_(girls_und_panzer),1908
sailor_mercury,1908
rotte_(1109),1908
wheat_field,1908
weightlifting,1908
fukawa_toko,1908
xenosaga,1907
ghost_pose,1907
bowler_hat,1907
stitched_mouth,1906
2014,1906
checkered_flag,1906
bound_torso,1906
koihime_musou,1906
monomi_(danganronpa),1905
durin_(genshin_impact),1904
bullet_hole,1904
sonozaki_shion,1904
zun_(style),1904
snack,1904
kourindou_tengu_costume,1903
bad_imgur_id,1903
kashikaze,1903
high_tops,1902
straitjacket,1902
dr._stone,1902
mother_2,1902
traditional_chinese_text,1901
seal_(animal),1900
nu_carnival,1900
blue_poison_(arknights),1900
two-handed_handjob,1899
mannequin,1899
...?,1899
rupa_(girls_band_cry),1898
tama_(kancolle),1898
afrobull,1898
stone_stairs,1898
cartoon_bone,1898
onii-shota,1897
propeller,1897
sengoku_nadeko,1896
licking_armpit,1896
perfume_bottle,1896
ear_protection,1896
print_shorts,1896
nebula,1896
ready_to_draw,1895
metaphor:_refantazio,1895
maki_(blue_archive),1895
sakuma_mayu,1894
phantom_of_the_kill,1894
rocket,1893
sakura_miko_(1st_costume),1893
bayonet,1893
mouth_insertion,1893
huge_pectorals,1893
wide_brim,1892
bridal_legwear,1892
teruterubouzu,1891
kurapika,1891
m4a1_(girls'_frontline),1891
hello_kitty_(character),1890
shiny_legwear,1890
ear_chain,1890
le_malin_(azur_lane),1889
beatmania_iidx,1889
human_scabbard,1888
nearly_naked_apron,1888
odaibako,1888
lying_on_lap,1887
goodsmile_company,1887
sweater_tucked_in,1887
on_railing,1887
aris_(maid)_(blue_archive),1887
teireida_mai,1886
foregrip,1886
wattson_(apex_legends),1886
hat_tassel,1885
baby_bottle,1885
raven_(dc),1884
bo_staff,1884
jervis_(kancolle),1884
kuzuha_(nijisanji),1884
mario_kart,1884
butterfly-shaped_pupils,1883
piyodera_mucha,1883
boxcutter,1883
two-tone_sweater,1882
yotsubato!,1882
uneven_twintails,1882
alternate_species,1881
widowmaker_(overwatch),1881
hokko_tarumae_(umamusume),1881
mioda_ibuki,1881
a_certain_high_school_uniform,1880
okabe_rintarou,1880
jinhsi_(wuthering_waves),1880
holding_fish,1879
jacket_pull,1879
green_feathers,1879
torn_bodystocking,1878
sprinkles,1878
m16a1_(girls'_frontline),1878
souseiseki,1878
araragi_koyomi,1877
mejiro_palmer_(umamusume),1876
multicolored_tail,1875
chandelure,1875
minato_aqua_(sailor),1875
elio_(pokemon),1875
ichikawa_feesu,1874
anal_fluid,1874
bike_shorts_under_shorts,1873
matsuno_choromatsu,1873
implied_kiss,1873
thermometer,1873
osaki_tenka,1873
blue_haori,1872
tsukumo_benben,1872
above_clouds,1871
fate/extella,1871
funami_yui,1871
hand_on_floor,1870
hypnosis_mic,1870
tsukumo_sana,1870
single_knee_pad,1870
suzukaze_(kancolle),1870
zero_gravity,1870
dragon_ears,1869
yumeno_himiko,1869
chimera,1869
nipple_clamps,1868
yd_(orange_maru),1868
vertical-striped_sleeves,1868
oshida_(girls_und_panzer),1868
purple_armor,1868
blood_bag,1868
ushiromiya_ange,1867
soccer,1866
myoukou_(kancolle),1866
bulletin_board,1866
triple_penetration,1866
goat,1866
ichikawa_hinana,1865
shiraishi_an,1865
pokemon_go,1865
the_legend_of_zelda:_the_wind_waker,1864
mash_kyrielight_(dangerous_beast)_(cosplay),1864
war,1864
makoto_nanaya,1863
dehya_(genshin_impact),1863
latex_legwear,1863
beni_shake,1863
taiki_shuttle_(umamusume),1863
watatsuki_no_toyohime,1863
bruno_bucciarati,1863
tohno_akiha,1862
pavolia_reine,1862
hiyori_(blue_archive),1862
snake_earrings,1862
martial_arts_belt,1862
star_pasties,1860
gyee,1860
wet_dress,1859
pokemon_move,1858
martha_(fate),1858
doily,1858
nipple_jewelry,1858
yamada_anna,1858
enkyo_yuuichirou,1858
knife_sheath,1857
usopp,1856
sun_tattoo,1856
iris_(pokemon),1855
the_ring,1855
neru_(bunny)_(blue_archive),1855
penises_touching,1854
handstand,1854
messy_room,1854
m4_sopmod_ii_(girls'_frontline),1854
sobble,1854
bb_(fate/extra),1854
gregor_(project_moon),1853
analogous_colors,1853
leafa_(sao),1853
su-san,1853
little_nuns_(diva),1853
chilchuck_tims,1852
kitsunerider,1852
resident_evil_4_(remake),1851
silver_fox_(kemono_friends),1851
consensual_tentacles,1851
eye_print,1851
handprint,1850
baltimore_(azur_lane),1850
racerback,1850
uchi_no_hime-sama_ga_ichiban_kawaii,1850
harada_minoru,1850
claude_von_riegan,1850
implied_fingering,1850
red_track_suit,1849
sorcerer's_sutra_scroll,1849
bayonetta,1849
chi-chi_(dragon_ball),1849
testicle_sucking,1849
dog_penis,1849
bombergirl,1848
sweep_tosho_(umamusume),1848
heckler_&_koch,1848
nijigaoka_mashiro,1848
kiryu_coco_(1st_costume),1848
okamisty,1848
eyelash_ornament,1847
haruna_kai_ni_(kancolle),1847
striped_hair,1847
nonomi_(swimsuit)_(blue_archive),1846
japan_(hetalia),1845
thick_lineart,1845
sakamoto_mio,1845
nib_pen_(object),1845
balding,1844
call_of_duty:_modern_warfare_2,1844
cum_in_container,1843
maizono_sayaka,1843
gladion_(pokemon),1842
dragonite,1842
hanten_(clothes),1842
red_sports_bra,1841
flower_in_mouth,1841
gallade,1841
lace-trimmed_shirt,1841
medea_(fate),1841
buzzlyears,1841
covering_another's_eyes,1841
mochi_au_lait,1840
kishibe_rohan,1840
reed_(arknights),1840
flying_fish,1839
urban,1839
biting_ear,1839
piers_(pokemon),1838
mega_man_(character),1838
smokestack_hair_ornament,1838
pangya,1837
two-finger_salute,1837
affectionate,1836
tashkent_(kancolle),1836
holding_toothbrush,1836
spaghetti,1836
aldnoah.zero,1836
pushing,1836
family_crest,1835
puff_and_slash_sleeves,1834
pinstripe_suit,1834
tears_of_themis,1834
animal_on_arm,1833
kiwi_(fruit),1833
album_name,1832
falin_touden_(tallman),1832
nier,1832
world_flipper,1832
mobius_(honkai_impact),1832
grisaia_(series),1831
labret_piercing,1831
lolita_channel,1831
upshorts,1830
armored_core,1830
glowing_wings,1830
kenzaki_makoto,1830
pichu,1830
decepticon,1829
sparkle_hair_ornament,1829
azusawa_kohane,1828
kousaka_reina,1828
title_parody,1828
chocolate_cake,1827
invisible_man,1827
bird_mask,1827
humping,1826
shironeko_project,1826
print_necktie,1826
clueless,1826
hataraku_saibou,1826
floyd_leech,1825
melon,1825
miyamoto_musashi_(swimsuit_berserker)_(fate),1825
cat_bag,1824
kel_(headspace)_(omori),1824
tulip_hat,1823
la_pluma_(arknights),1823
bound_together,1823
lightning_bolt_print,1823
dragalia_lost,1822
two-sided_cloak,1822
glove_bow,1821
nintendo,1820
vertical-striped_bikini,1820
powerpuff_girls,1820
mordred_(fate/apocrypha),1820
hogwarts_school_uniform,1819
kamio_misuzu,1819
tanaka_mamimi,1819
saki_achiga-hen,1819
hanging_light,1819
otonashi_kotori,1818
licking_foot,1818
purple_cloak,1818
sauna,1817
procreate_(software),1817
toilet_stall,1817
masochism,1817
vibrator_on_nipple,1817
penis_on_ass,1816
ralsei,1816
tachibana_hinano,1816
soukaku_(zenless_zone_zero),1815
food_on_breasts,1815
daram_(shappydude),1815
reiuji_utsuho_(bird),1815
hasumi_(track)_(blue_archive),1815
leaf_hat_ornament,1814
hedgehog,1814
oda_uri,1814
absol,1813
katsuragi_marina,1813
saber_lily,1813
kizuna_ai_inc.,1811
double_vertical_stripe,1811
suzumiya_haruhi_no_shoushitsu,1811
back-seamed_legwear,1811
yukishiro_honoka,1811
snk,1810
tsurumaki_maki,1810
tapir_ears,1809
koi,1809
hand_on_own_ear,1809
horideiyasumi,1809
monochrome_background,1809
elsa_(frozen),1809
shirt_overhang,1809
luka_(alien_stage),1808
vertical-striped_kimono,1808
post-apocalypse,1808
hand_on_another's_ear,1808
japanese_crested_ibis_(kemono_friends),1807
super_saiyan_4,1807
adjusting_legwear,1807
down_jacket,1807
hand_over_eye,1806
facepalm,1806
toast_in_mouth,1806
2013,1805
anchor_necklace,1805
imu_sanjo,1805
single_bare_leg,1804
kanojo_okarishimasu,1804
chongyun_(genshin_impact),1804
ebizuka_tomo,1804
gold_shoes,1803
guilty_gear_xx,1803
peony_(flower),1802
cellphone_charm,1802
guided_penetration,1802
alice_(alice_in_wonderland)_(cosplay),1802
coat_dress,1800
conductor_baton,1800
heanna_sumire,1800
wallet,1800
warioware,1800
bad_food,1799
how_to,1799
pipimi,1799
electrical_outlet,1799
on_innertube,1799
purple_heart_(neptunia),1799
agano_(kancolle),1798
bite_mark_on_neck,1798
kabru,1798
bluesky_username,1798
tokimeki_memorial,1798
yuigahama_yui,1798
oohashi_high_school_uniform,1797
arm_cuffs,1797
tails_(sonic),1797
brick,1796
striped_coat,1796
koishi_day,1796
mew_(pokemon),1796
plant_roots,1796
degrees_of_lewdity,1795
self-harm_scar,1795
ongeki,1795
double_horizontal_stripe,1795
tearing_clothes,1795
braixen,1795
natsume_rin,1794
angel_(kof),1794
maneki-neko,1794
yuuki_haru,1794
personal_ami,1793
king_(chess),1792
sukoya_kana,1792
storefront,1792
transformers:_generation_1,1792
sports_panties,1792
theresa_(arknights),1791
bad_perspective,1791
boar,1791
fiery_horns,1790
green_ascot,1790
lupin_iii,1790
furutaka_(kancolle),1789
ring_gag,1789
lord_el-melloi_ii_case_files,1788
paper_crane,1788
dress_ribbon,1787
batman,1787
nikorashi-ka,1786
modeus_(helltaker),1786
kazano_hiori,1786
yuri_(doki_doki_literature_club),1786
missile_pod,1785
alice_margatroid_(pc-98),1785
employee_(project_moon),1785
holding_whisk,1785
crocodilian,1785
sakura_bakushin_o_(umamusume),1785
siege_(arknights),1784
dagashi_kashi,1784
holding_newspaper,1783
lowleg_pants,1783
posing,1783
project_tokyo_dolls,1782
signum,1782
on_roof,1781
jashin-chan_dropkick,1781
goodsmile_racing,1780
libeccio_(kancolle),1780
no_eyepatch,1779
caenis_(fate),1779
historical_name_connection,1779
waiter,1778
tag,1778
dokomon,1778
hachikuji_mayoi,1778
mamiya_(kancolle),1778
ticket,1778
panties_under_buruma,1777
one_ear_down,1777
kamui_gakupo,1777
theft,1777
diving_mask_on_head,1776
mizuki_makoto,1776
holding_plant,1776
rhodes_island_logo_(arknights),1775
princess_king_boo,1774
clown_nose,1773
jolteon,1773
meursault_(project_moon),1773
no_blindfold,1773
tang_keke,1772
furukawa_nagisa,1772
sadism,1771
nishi_kinuyo,1771
shigure_kai_san_(kancolle),1771
shoujo_shuumatsu_ryokou,1771
koruri,1770
blue_petals,1769
white_tunic,1769
lossy-lossless,1769
pixie_cut,1769
oomuro_sakurako,1769
mitre,1769
monster_hunter_rise,1768
dollchestra,1768
sitting_on_table,1766
paint_on_clothes,1766
cuirass,1766
latias,1766
kawaanago,1766
food_art,1765
gnosia,1764
isuzu_(kancolle),1764
circled_9,1764
seatbelt,1763
mast,1763
mimura_kanako,1763
world_cup,1762
furen_e_lustario,1762
shigure_(blue_archive),1762
ribbed_bodysuit,1762
art_brush,1761
kingdom_hearts_ii,1761
mob_face,1760
hero_(headspace)_(omori),1759
matoba_risa,1759
papers,1759
star-shaped_eyewear,1759
between_toes,1759
healin'_good_precure,1758
zidane_tribal,1758
hisakawa_nagi,1758
persona_3_reload,1757
icho_private_high_school_uniform,1757
trinity_general_school_logo,1757
ace_of_spades,1757
bus,1757
white_petals,1757
kizuna_ai,1757
bean_bag_chair,1756
clothes_tug,1756
adidas,1755
leona_heidern,1755
red_slingshot_swimsuit,1755
skull_necklace,1755
hammock,1754
duel_academy_uniform_(yu-gi-oh!_gx),1754
shin_jigen_game_neptune_vii,1754
nakamura_yuri,1754
object_floating_above_hand,1754
nonohara_miki,1754
orange_jumpsuit,1753
noel_vermillion,1752
looking_at_hand,1752
oversized_breast_cup,1752
string_bra,1752
poleyn,1752
censored_text,1751
racing_miku,1751
amami_rantaro,1751
dishwasher1910,1751
sakura_chiyono_o_(umamusume),1751
rubber_gloves,1750
photorealistic,1750
merlin_(fate),1750
ketchup_bottle,1749
dawn,1749
passionlip_(fate),1749
brazilian_flag,1749
skeleton_print,1748
aston_machan_(umamusume),1748
rounded_corners,1748
floating_island,1748
tuanshan,1748
anemo_symbol_(genshin_impact),1748
tools,1748
holding_cross,1748
lute_(instrument),1748
makeup_brush,1747
polka_dot_swimsuit,1747
yang_guifei_(fate),1746
gabriel_dropout,1746
bear_costume,1746
kaigen_1025,1746
kaf_(kamitsubaki_studio),1746
jean_pierre_polnareff,1746
uruha_rushia_(1st_costume),1745
group_hug,1745
heart-shaped_eyes,1745
infirmary,1745
tokyo_(city),1745
black_male_swimwear,1744
kamille_(vcx68),1743
kishinami_hakuno_(female),1743
female_goblin,1742
hooded_bodysuit,1742
producer_(idolmaster_cinderella_girls_anime),1742
in_memoriam,1742
clone_harem,1742
solid_circle_pupils,1742
elaina_(majo_no_tabitabi),1741
riddle_joker,1741
sanoba_witch,1741
single_boot,1741
wakizashi,1741
tukiwani,1741
noire_(neptunia),1741
female_sensei_(blue_archive),1740
rias_gremory,1739
nekopara,1739
uiharu_kazari,1739
marking_on_cheek,1739
playstation_portable,1738
amesuku_gyaru,1738
minami_(colorful_palette),1738
octopath_traveler,1737
ange_katrina_(1st_costume),1737
northern_white-faced_owl_(kemono_friends),1736
multi-strapped_panties,1736
hiro_(darling_in_the_franxx),1736
inline_skates,1736
torture,1735
wanta_(futoshi),1735
hyakumantenbara_salome,1735
azura_(fire_emblem),1735
owl_ears,1734
yamamura_sadako,1734
epic_seven,1734
utage_(arknights),1734
ohisashiburi,1733
summon_night,1733
jockstrap,1733
mudkip,1732
heaven_official's_blessing,1732
omikuji,1732
multicolored_hoodie,1732
kohaku_(tsukihime),1731
oil_painting_(medium),1731
hand_grip,1731
german_flag,1731
kyoukaisenjou_no_horizon,1731
minamino_kanade,1731
schwarz_(arknights),1730
sasaki_saku,1730
urethral_insertion,1730
sparse_stubble,1730
holding_necklace,1730
grusha_(pokemon),1730
hairjob,1729
gold_city_(umamusume),1729
bremerton_(scorching-hot_training)_(azur_lane),1729
gerudo,1729
surrounded,1729
misunderstanding,1728
flying_paper,1728
giant_monster,1728
kirino_ranmaru,1728
dikko,1728
see-through_sarong,1727
popplio,1727
inazuma_eleven_go_chrono_stone,1727
sonya_(kill_me_baby),1727
single_fishnet_legwear,1726
grill,1726
steak,1726
hand_in_own_panties,1726
tokyo_7th_sisters,1726
excalibur_morgan_(fate),1726
cum_in_nose,1725
choujigen_game_neptune,1725
tweaking_own_nipple,1724
watching_television,1724
moon_phases,1724
gift_bag,1723
grey_bag,1723
cum_on_pussy,1723
ezo_red_fox_(kemono_friends),1723
shiny_swimsuit,1722
yunyun_(konosuba),1722
blaze_(arknights),1722
g_gundam,1721
sylphiette_(mushoku_tensei),1721
color_timer,1721
south_park,1720
flak_jacket,1720
spit_take,1720
manaka_laala,1720
lovestruck,1719
white_tiger,1719
merunyaa,1718
converse,1718
red_oni,1718
niliu_chahui,1718
holding_key,1718
kono_lolicon_domome,1718
lord_camelot_(fate),1717
cat_on_shoulder,1717
love_live!_school_idol_festival_all_stars,1717
ini_(inunabe00),1717
bronya_zaychik_(silverwing:_n-ex),1716
cat_costume,1716
expressive_clothes,1715
hoshimiya_ichigo,1715
monster_focus,1715
finger_to_another's_mouth,1715
satin,1715
nyantype,1715
single_head_wing,1715
bib,1714
malenia_blade_of_miquella,1714
jumpy_dumpty,1713
bear_tail,1713
st_ar-15_(girls'_frontline),1713
reindeer,1712
penny_(pokemon),1711
stanley_lau,1710
matsuryuu,1710
inseki,1710
kageyama_shigeo,1710
nanachi_(made_in_abyss),1710
log_pose,1710
shimada_fumikane,1709
magnemite,1709
toaru_majutsu_no_index:_new_testament,1709
red_hood_(nikke),1709
ishikei,1708
star_of_david,1708
diaper,1708
negative_space,1708
piromizu,1708
kirara_(blue_archive),1707
2012,1706
pom_pom_earrings,1706
beam_cannon,1706
isoi_reiji,1706
forked_tail,1706
matou_kariya,1706
rook_(chess),1705
changpao,1705
grey_wolf_(kemono_friends),1705
glowing_horns,1704
plaid_panties,1704
kiss-shot_acerola-orion_heart-under-blade,1704
saiyan,1702
ako_(dress)_(blue_archive),1702
kamiina_botan_yoeru_sugata_wa_yuri_no_hana,1702
whiteboard,1702
glory_wall,1701
litwick,1701
chocobo,1701
horseshoe,1701
wading_pool,1701
grenade_launcher,1701
spreading_own_anus,1701
matsuno_todomatsu,1700
yoshikawa_chinatsu,1699
goma_(gomasamune),1699
wolf_costume,1699
serina_(blue_archive),1699
aaaa_(quad-a),1698
gon_freecss,1698
ankle_bow,1698
isonami_(kancolle),1698
kamukura_izuru,1698
nekomusume,1698
kuramoto_china,1697
sand_castle,1697
todoroki_hajime,1696
recorder,1696
hand_on_headphones,1696
fuuka_(blue_archive),1696
maka_albarn,1696
arjuna_(fate),1696
fortnite,1696
mio_(xenoblade),1696
hexagon_print,1696
kasumi_(blue_archive),1695
bathrobe,1695
ghost_hair_ornament,1695
fate/prototype:_fragments_of_blue_and_silver,1695
mogami_shizuka,1695
karna_(fate),1695
jikkyou_powerful_pro_yakyuu,1694
half-heart_hands,1694
dragging,1693
spreader_bar,1693
kannagi,1693
ink_tank_(splatoon),1693
young_link,1693
do_not_want,1692
senjou_no_valkyria_(series),1692
two-tone_shorts,1691
texas_the_omertosa_(arknights),1691
tenshi_kaiwai,1691
diamond_earrings,1691
yuri_lowell,1690
fuuzasa,1690
mauve,1690
thermos,1688
rewrite,1688
hexagon_hair_ornament,1688
pramanix_(arknights),1688
sugar_cube,1688
hospital,1687
kabuto_(helmet),1687
butterfly_ornament,1687
spiked_jacket,1687
frederica_bernkastel,1686
shorts_around_one_leg,1686
floating_book,1686
osakabehime_(fate),1686
wraith_(apex_legends),1686
no_mole,1685
winning_ticket_(umamusume),1685
camisole_lift,1685
yuichirou,1685
frilled_wristband,1685
orange_cat,1684
torn_coat,1684
pod_(nier:automata),1684
multicolored_cape,1684
totodile,1684
very_long_sidelocks,1684
meta_knight,1683
nipple_pull,1683
white_pubic_hair,1683
after_bathing,1682
holding_pole,1681
grey_armor,1681
shoujo_kakumei_utena,1681
netnavi,1681
chrono_trigger,1681
ma_rukan,1681
fusu_(a95101221),1681
ichijou_ririka,1681
vincent_valentine,1680
otomachi_una,1679
vash_the_stampede,1679
tenma_saki,1679
shinai,1679
red_bandeau,1679
black_bonnet,1678
tales_of_berseria,1678
phoenix_wright,1678
multitasking,1678
green_eyeshadow,1678
elbow_on_knee,1677
teeth_hold,1677
easter,1677
shirosato,1677
merman,1676
priestess_(arknights),1676
hole_in_chest,1675
alisa_mikhailovna_kujou,1675
tarnished_(elden_ring),1675
kagamihara_nadeshiko,1675
aqua_bra,1675
anila_(granblue_fantasy),1675
scar_on_back,1675
shiromanta,1675
amane_kanata_(1st_costume),1675
sailor_venus,1675
bee,1675
pastry_bag,1675
holding_map,1674
tentacles_on_male,1674
mery_(yangmalgage),1674
weasel_girl,1674
splatter,1674
mesmerizer_(vocaloid),1673
acorn,1673
holding_swimsuit,1673
grey_apron,1673
lightning_bolt_hair_ornament,1673
fujibayashi_kyou,1673
winged_heart_tattoo,1673
cracked_glass,1672
amaori_renako,1672
jako_(jakoo21),1672
ruffling_hair,1672
kasumi_(skchkko),1671
francesca_lucchini,1671
jaguar_tail,1670
spell_card,1670
oshino_ougi,1669
animal_genitalia_on_humanoid,1669
odd_one_out,1669
hop_(pokemon),1669
slayers,1669
monster_strike,1668
cardfight!!_vanguard,1668
yanami_anna,1668
star_fox,1667
white_rabbit_(animal),1667
one_piece_card_game,1667
katekyo_hitman_reborn!,1667
multicolored_necktie,1667
windmill,1665
vergil_(devil_may_cry),1665
ribbon-trimmed_headwear,1664
crosshatching,1664
wixoss,1664
murasaki_shion_(1st_costume),1664
final_fantasy_xiii,1664
collei_(genshin_impact),1664
vertical-striped_headwear,1664
zora,1663
sorimachi-doufu,1663
pizza_box,1662
sailor_mars,1662
agahari,1662
kazusa_(band)_(blue_archive),1662
hands_on_another's_ass,1661
distortion,1661
unworn_backpack,1661
biting_glove,1661
holding_donut,1661
lucoa_(maidragon),1660
pegasus,1660
spiked_pauldrons,1660
spider-gwen,1659
gold_belt,1659
kankan33333,1659
oda_nobunaga_(koha-ace),1659
rappa_(rappaya),1659
katawa_shoujo,1658
new_jersey_(azur_lane),1658
decapitation,1658
oouso,1658
holding_pocky,1658
fried_chicken,1658
helena_blavatsky_(fate),1657
a2_(nier:automata),1657
winged_halo,1657
marshmallow,1657
yuuki_yuuna_wa_yuusha_de_aru,1656
character_signature,1656
happy_aura,1655
dragon_quest_x,1655
ceres_fauna_(1st_costume),1655
gem_(symbol),1655
footwear_flower,1655
reverse_fellatio,1655
breast_padding,1654
two-tone_wings,1654
yellow_teeth,1653
sling_bikini_top,1653
2010,1653
quiz_magic_academy,1653
upshirt,1653
wall_of_text,1652
miracle_nikki,1652
checkered_shirt,1651
poring,1651
leonardo_da_vinci_(rider)_(fate),1650
eye_reflection,1650
hyuna_(alien_stage),1650
blue_pubic_hair,1650
sayori_(doki_doki_literature_club),1650
gem_hair_ornament,1650
tamako_market,1650
shimokitazawa_high_school_uniform,1650
etorofu_(kancolle),1650
devil_may_cry_5,1650
tateyama_ayano,1650
wallpaper_(object),1650
blowing,1649
severed_limb,1649
oreki_houtarou,1649
storm,1648
boudica_(fate),1648
fantastic_four,1648
swim_cap,1648
godzilla,1647
kiritani_haruka,1647
kessoku_band,1646
kashino_(azur_lane),1646
rensouhou-kun,1646
kawakaze_(kancolle),1646
yuureidoushi_(yuurei6214),1646
pink_sweater_vest,1645
hinata_(blue_archive),1645
beans,1645
eunie_(xenoblade),1644
cure_sky,1644
red_haori,1644
armin_arlert,1644
ilya_kuvshinov,1644
e.o.,1643
chained_wrists,1643
panties_on_head,1642
buruma_pull,1642
bunching_hair,1641
dido_(azur_lane),1641
el_condor_pasa_(umamusume),1641
hand_wraps,1640
midna_(imp),1640
xinzoruo,1640
murakami_suigun,1640
liz_to_aoi_tori,1640
chanta_(ayatakaoisii),1639
nipple_cutout,1639
elden_ring:_shadow_of_the_erdtree,1639
sendai_hakurei_no_miko,1639
glaive_(polearm),1638
arven_(pokemon),1638
akane_lize,1638
strawberry_cake,1638
reiner_braun,1637
crowbar,1637
katori_(kancolle),1637
polka_dot_pajamas,1636
peace_symbol,1636
luma_(mario),1636
implied_after_sex,1636
ladybug,1635
starfish_hair_ornament,1635
psylocke,1634
raimon,1634
karaoke,1634
signalis,1633
tongari_boushi_no_atelier,1633
duel_disk,1633
grace_howard,1633
ao_dai,1633
creayus,1633
ilulu_(maidragon),1632
black_souls,1632
onmyouji,1632
evangelion_(mecha),1632
tribal_tattoo,1632
emma_(pokemon),1631
tape_measure,1631
k-suwabe,1630
checkered_hairband,1629
height_chart,1629
pokemoa,1629
my_melody,1629
asanagi,1628
naked_overalls,1627
cobblestone,1627
yunamaro,1627
yama_no_susume,1627
lace-trimmed_hairband,1626
wrist_cutting,1625
pinstripe_pants,1625
i-class_destroyer,1625
wanted_poster,1625
boo_(mario),1624
hades_(series),1624
gurande_(g-size),1624
kinkymation,1624
hayashimo_(kancolle),1624
hashtag,1624
heads-up_display,1623
tamura_yuri,1623
daring_tact_(umamusume),1622
triplets,1622
maebara_keiichi,1621
diana_cavendish,1621
arm_pouch,1621
raiden_mei_(herrscher_of_thunder),1621
frontless_outfit,1621
samneco,1620
kirara_(genshin_impact),1620
mk_(mod0),1620
green_collar,1620
ebi_193,1619
aristocratic_clothes,1619
hugging_tail,1619
license_plate,1619
running_track,1619
frilled_umbrella,1618
ornate_ring,1617
a_re,1617
windowsill,1617
helmet_over_eyes,1617
kuma_(persona_4),1617
raichu,1617
ikeuchi_tanuma,1616
cigarette_pack,1616
chen_qianyu_(arknights),1616
futasub,1615
booth_seating,1615
penguin_costume,1615
colorado_(kancolle),1615
saber_(weapon),1615
tatsumi_kanji,1615
nige_jouzu_no_wakagimi,1614
ymir_(shingeki_no_kyojin),1614
xiangling_(genshin_impact),1614
hands_on_another's_chest,1613
<o>_<o>,1613
copy_ability,1612
hatsune_miku_(append),1612
gamagoori_ira,1612
queen_(chess),1612
croissant,1611
kujou_karasuma,1611
public_use,1610
green_tea,1610
garnet_til_alexandros_xvii,1610
amamiya_kokoro,1610
tokiko_(touhou),1609
right-to-left_comic,1609
multicolored_scarf,1609
vinyl_record,1609
b-ginga,1609
starry_hair,1609
sailor_moon_redraw_challenge_(meme),1608
anchor_choker,1608
nail_bat,1607
youtube,1607
wet_towel,1607
pier,1607
karukan_(monjya),1607
the_legend_of_zelda:_a_link_between_worlds,1607
pineapple,1607
hands_on_another's_waist,1606
wrist_flower,1606
vertical-striped_socks,1606
sd_gundam,1606
holding_with_tail,1606
to_heart,1605
shopping_cart,1605
satou_kuuki,1605
ivy,1604
isabelle_(animal_crossing),1604
dirty_feet,1604
elbow_on_table,1603
policeman,1603
kirin_(armor),1603
the_coffin_of_andy_and_leyley,1603
katou_asuka,1603
glitter,1602
haiyore!_nyaruko-san,1601
wizard,1601
ingo_(pokemon),1601
sajo_yukimi,1601
yellow_camisole,1600
mithra_(ff11),1600
trophy,1600
hedgehog_girl,1600
harp,1599
commentary_typo,1599
porch,1599
hand_on_railing,1599
high_school_fleet,1599
hoshino_ichika_(project_sekai),1599
cracked_floor,1599
ninomiya_asuka,1599
grey_camisole,1599
playing,1598
lewis_smith,1598
sword_art_online:_code_register,1598
parrot,1597
crotch_zipper,1597
may_(guilty_gear),1597
kirishima_satoshi,1597
veiny_hands,1596
mahou_shoujo_ikusei_keikaku,1596
cross-eyed,1596
lipgloss,1596
shimazaki_mujirushi,1596
theodore_riddle,1596
hirasawa_ui,1596
rabbit_hat,1595
mitake_ran,1594
ceobe_(arknights),1593
serial_experiments_lain,1593
the_legend_of_korra,1592
johnston_(kancolle),1592
fuecoco,1591
simulated_fellatio,1591
overall_skirt,1591
victor_(pokemon),1591
shoujo_kageki_revue_starlight_-re_live-,1591
zero(z)_(mega_man),1591
fluffy_clothes,1590
higashi_setsuna,1590
hagikaze_(kancolle),1590
mikazuki_munechika,1590
hanasato_minori,1590
front-to-back,1589
arisugawa_natsuha,1589
seraziel,1589
hair_flip,1589
arataki_itto,1589
oyashio_(kancolle),1588
hikaru_ga_shinda_natsu,1588
nintendo_ds,1587
cola,1587
abuse,1587
white_day,1587
carousel,1587
massage,1587
nissin_cup_noodle,1587
pubic_stubble,1586
merlin_(fate/prototype),1586
kiana_kaslana_(herrscher_of_finality),1586
broken_mirror,1586
sheikah,1585
aki_rosenthal,1585
fujisaki_chihiro,1583
lemuen_(arknights),1583
izuna_(swimsuit)_(blue_archive),1583
yukito_(dreamrider),1583
brown_bra,1583
female_trainer_(umamusume),1583
otaku,1583
konno_junko,1583
army,1583
barefoot_sandals_(jewelry),1583
kuromi,1582
salad,1582
araki_hirohiko_(style),1582
nate_(pokemon),1581
stirrup_footwear,1581
torn_cloak,1581
yuyushiki,1580
beer_bottle,1580
hands_on_own_legs,1580
playing_piano,1580
kamitsurugi_ouka,1580
caren_hortensia,1579
foam,1579
shouhou_(kancolle),1578
blue_bird,1578
heart-shaped_ornament,1578
stats,1577
butcha-u,1577
metal_slug,1577
perona,1577
licking_ear,1577
bernadetta_von_varley,1576
character-themed_food,1576
greek_toe,1576
damian_desmond,1576
eromame,1576
enna_alouette,1575
marie_(girls_und_panzer),1575
bagged_fish,1575
copano_rickey_(umamusume),1575
ogami_kazuki,1575
happy_elements,1575
torn_wings,1574
clothed_robot,1573
hanetsuki,1572
weapon_case,1571
bubble_tea_challenge,1571
grookey,1571
toranoana,1571
murasaki_shikibu_(fate),1570
chikuwa.,1569
muzzle_flash,1569
animal_helmet,1569
folder,1568
motherly,1568
cure_peace,1568
cream_on_face,1567
albedo_(overlord),1567
aqua_shorts,1567
fur_cloak,1566
kashuu_kiyomitsu,1566
unworn_bikini,1566
gold_collar,1565
head_steam,1565
weasel_tail,1565
eureka_seven_(series),1565
monkey_boy,1565
floating_card,1564
sheya,1564
materia,1563
rice_hat,1563
no_game_no_life,1563
giant_male,1563
cle_masahiro,1563
yoshizawa_kasumi,1562
ferret,1561
totoki_airi,1561
rx-78-2_gundam,1561
ha_akabouzu,1561
gokkun,1561
bubukka,1560
aria_company_uniform,1560
kamaboko,1560
kuroshitsuji,1559
lets0020,1559
pani_poni_dash!,1559
wrist_belt,1558
bishop_(chess),1558
anemone_(flower),1558
aqua_flower,1558
brown_neckerchief,1558
underwear_writing,1557
pomu_rainpuff,1557
jingliu_(honkai:_star_rail),1557
izumi_mei,1557
butterfly_sitting,1556
juufuutei_raden,1556
coin_hair_ornament,1556
art_study,1556
captain_(kemono_friends),1555
2011,1555
dorothea_arnault,1555
nib_pen_(medium),1555
mizunashi_akari,1555
donkey_kong_(series),1555
onion,1554
osomatsu-kun,1553
medalist_(manga),1553
zeta_(granblue_fantasy),1552
ajitarou_(setsu),1552
power_suit,1552
metamoran_vest,1552
sitting_backwards,1552
wedge_heels,1551
scars_all_over,1550
sigewinne_(genshin_impact),1550
elevator,1550
whiskey,1549
fur_choker,1549
animal_head,1549
floating_neckwear,1549
joseph_joestar_(old),1549
tsukikage_yuri,1548
pilot,1548
airship,1547
vanishing_point,1547
casino,1547
keizoku_military_uniform,1547
pink_track_suit,1547
white_scales,1547
noses_touching,1547
brown_lips,1546
protagonist_(love_and_deepspace),1546
momoko_(momopoco),1546
game_boy,1546
nata_(tool),1546
griffin_&_kryuger_military_uniform,1545
okumura_haru,1545
holding_gem,1545
through_screen,1545
drum_(container),1545
maria_cadenzavna_eve,1544
holding_shirt,1544
virgin_destroyer_sweater,1544
waterring,1544
hair_floating_upwards,1543
puppy,1543
oribe_yasuna,1543
aqua_leotard,1542
purple_hakama,1542
asteroid_ill,1542
year_of_the_horse,1542
kaneki_ken,1542
striped_pajamas,1542
print_sweater,1541
arle_nadja,1541
furutani_himawari,1541
silence_(arknights),1541
tenshi_souzou_re-boot!,1541
holding_flask,1541
finger_counting,1540
head_on_head,1540
between_pectorals,1540
mejiro_ramonu_(umamusume),1540
grave,1540
evil_neuro-sama,1539
nia_(blade)_(xenoblade),1539
asutora,1538
multicolored_hair_bobbles,1538
kadotani_anzu,1538
green_bandana,1538
covered_pussy,1538
boy_sandwich,1537
wringing_clothes,1537
super_robot_wars_original_generation,1537
ultra_ball,1537
otogi_(blue_archive),1537
eve_online,1536
tenjouin_asuka,1536
nagato_(azur_lane),1536
seal_impression,1536
holding_another's_horns,1535
nazi,1535
as109,1535
iwakura_lain,1534
bandaged_fingers,1534
ogata_hyakunosuke,1533
ganondorf,1533
sidelocks_tied_back,1533
9-nine-,1533
tera_online,1533
breaking,1533
popped_button,1532
cagliostro_(granblue_fantasy),1532
kimi_no_na_wa.,1532
kamoi_(kancolle),1532
cross-laced_skirt,1532
kiran_(fire_emblem),1532
evillious_nendaiki,1531
lace_sleeves,1531
gundam_wing,1531
corsage,1531
holding_lighter,1531
katahira_masashi,1531
micaiah_(fire_emblem),1530
lucas_(pokemon),1530
lime_(fruit),1529
dudou,1529
youkoso_jitsuryoku_shijou_shugi_no_kyoushitsu_e,1529
umikaze_(kancolle),1529
kimono_lift,1529
dvd_cover,1528
used_condom_on_penis,1528
snow_leopard_girl,1528
kuki_shinobu,1528
miyu_(swimsuit)_(blue_archive),1528
makai_senki_disgaea,1528
kazagumo_(kancolle),1528
chessboard,1528
alolan_vulpix,1527
richelieu_(kancolle),1527
white_mage_(final_fantasy),1527
dan_heng_(imbibitor_lunae)_(honkai:_star_rail),1526
oryo_(oryo04),1526
blood_on_chest,1525
fumio_(rsqkr),1525
toon_link,1524
gwen_stacy,1524
cowboy_bebop,1523
winged_shoes,1523
pelt,1522
aldehyde,1522
very_long_tongue,1522
energy_cannon,1522
broken_window,1521
unworn_bikini_bottom,1521
aqua_thighhighs,1521
shirt_partially_tucked_in,1521
holding_calligraphy_brush,1521
hole,1521
strapless_one-piece_swimsuit,1520
baton_(weapon),1520
two-sided_skirt,1520
kiyosumi_school_uniform,1520
baiken,1520
37_(reverse:1999),1519
bridal_lingerie,1519
braiding_hair,1519
atalanta_(fate),1519
fear_&_hunger_2:_termina,1519
kaiman_garupan,1519
murata_himeko,1519
van,1519
knives_between_fingers,1518
chakram,1517
tickling_feet,1517
lifeguard,1517
juo_sena,1516
black_bandana,1516
christmas_stocking,1516
creature_on_head,1516
waero,1516
sakura_miko_(casual),1516
riyo_(lyomsnpmp),1516
dog_days,1516
enemy_aircraft_(kancolle),1516
crawling,1516
plaid_ribbon,1515
bede_(pokemon),1515
kame_(kamepan44231),1515
green_(pokemon),1515
yoroizuka_mizore,1515
final_fantasy_xii,1515
luo_xiaohei,1514
menu_board,1514
faruzan_(genshin_impact),1513
kikumon,1513
covered_groin,1512
stitched_torso,1512
agent_8_(splatoon),1511
stopwatch,1511
ark_royal_(kancolle),1511
cutesexyrobutts,1511
holding_mace,1511
aikatsu_stars!,1510
7th_dragon_(series),1510
zentreya,1510
abandoned,1510
the_great_ace_attorney,1510
litten,1510
assassin_cross_(ragnarok_online),1510
math,1509
white_jumpsuit,1509
good_end,1509
cougar_(cougar1404),1509
standing_doggystyle,1508
folded_hair,1508
rengoku_kyoujurou,1508
kinchaku,1508
red_shawl,1507
artoria_caster_(second_ascension)_(fate),1507
little_boy_admiral_(kancolle),1507
the_moon_studio,1507
exercise_ball,1507
senran_kagura_shinovi_versus,1506
night_vision_device,1506
starbucks,1506
zodiac,1506
riesz,1505
skull_on_head,1505
adachi_tohru,1505
fidgeting,1505
bandaid_on_head,1504
checkered_bow,1504
hand_to_head,1504
armored_leotard,1504
huge_dildo,1504
guido_mista,1504
jacket_lift,1503
kuromiya,1503
aestus_estus,1503
milky_way,1503
shugo_chara!,1503
tucked_penis,1502
orange_leotard,1502
ro635_(girls'_frontline),1502
fan_hair_ornament,1502
vikala_(granblue_fantasy),1501
hungry,1501
izawa_(bhive003),1501
y'shtola_rhul,1500
sailor_jupiter,1500
red_pikmin,1500
crewmate_(among_us),1500
clothed_male_nude_male,1499
skirk_(genshin_impact),1499
hatake_kakashi,1499
steven_stone,1499
shirt_partially_removed,1499
fiammetta_(arknights),1498
edmond_dantes_(fate),1498
sneezing,1498
win_variation_(umamusume),1498
murasame_kai_ni_(kancolle),1498
pee_stain,1498
loosely_tucked_bangs,1498
single-shoulder_dress,1497
gundam_seed_freedom,1497
argyle_sweater,1497
sakura_oriko,1497
gunblade,1496
the_elder_scrolls,1496
holding_with_feet,1496
empire_waist,1495
snowflake_background,1495
amazon_position,1495
nori_tamago,1495
rimuru_tempest,1495
mother_3,1495
kamina_(ttgl),1495
blue_corset,1495
shining_(series),1495
mikozin,1495
covering_ass,1495
mitya,1494
polar_bear,1494
melon_bread,1493
dissolving,1493
ryuzaki_kaoru,1493
spider-man:_into_the_spider-verse,1493
oikawa_shizuku,1493
lux_(league),1492
licking_another's_neck,1492
comiket_104,1492
meadow,1492
star_wand,1492
black_overalls,1492
ipod,1492
hori_(hori_no_su),1491
ookami_mio_(1st_costume),1491
purple_bag,1491
unworn_necktie,1490
radish,1490
marciana_(nikke),1490
yuno_(hidamari_sketch),1490
ito_noizi,1490
third-party_watermark,1490
furaggu_(frag_0416),1490
stuffed_penguin,1490
aqua_sleeves,1489
fitting_room,1489
blue_shrug,1489
tonda,1489
ears_visible_through_hair,1488
public_restroom,1488
against_fourth_wall,1487
beatrice_(re:zero),1487
red_crown,1487
josou_seme,1487
pink_hakama,1487
hare_(blue_archive),1487
mind_break,1486
screw_hair_ornament,1486
legband,1486
torn_swimsuit,1485
ralts,1485
brown_flower,1485
cat_mask,1485
mizuhara_aki,1485
jjune,1485
abe_nana,1485
pill_earrings,1484
kenmochi_touya,1483
note,1483
eddsworld,1483
mishima_kurone,1483
decensored,1482
holding_rope,1482
otokuyou,1482
sheet_ghost,1482
iori_(swimsuit)_(blue_archive),1481
trunks_(dragon_ball),1481
hishi_amazon_(umamusume),1481
kanae_(nijisanji),1481
green_helmet,1481
bandaid_on_neck,1480
covering_one_breast,1480
fur_boots,1480
shield_on_back,1480
flag_background,1480
pink_sandals,1480
ragna_the_bloodedge,1480
moisture_(chichi),1479
sparrow,1479
arcana_heart,1479
black_jumpsuit,1479
fennekin,1479
horn/wood,1478
ski_goggles,1478
medieval,1478
rabbit_costume,1478
behind-the-head_headphones,1478
braces,1477
drugged,1476
capcom,1476
tile_ceiling,1476
zero_no_kiseki,1476
crystalfly_(genshin_impact),1476
tapir_girl,1475
ero_guro,1475
cafe_stella_to_shinigami_no_chou,1475
sitting_on_branch,1475
gilles_de_rais_(fate),1475
player_2,1475
ryuuko_no_ken,1475
ar_tonelico,1475
akira_(blue_archive),1475
d4dj,1474
psyduck,1474
uzaki_hana,1474
scratching_head,1474
tsukuyomi_shirabe,1474
altaria,1474
credits,1474
youjo_senki,1473
nepgear,1473
lucy_heartfilia,1473
sugimoto_saichi,1473
male_underwear_peek,1473
suzuya_kai_ni_(kancolle),1473
suzuhira_hiro,1473
lacey_(pokemon),1472
inktober,1472
futsuu_no_keion-bu,1472
holding_bra,1472
cross-laced_legwear,1472
yuuri_(shoujo_shuumatsu_ryokou),1472
protecting,1471
see-through_panties,1471
mikage_takashi,1471
orange_horns,1470
marth_(fire_emblem),1470
bad_hentai_foundry_id,1469
glove_cutout,1469
covered_pectorals,1468
cork,1468
ganguro,1468
hand_on_own_crotch,1468
kaela_kovalskia,1468
isometric,1468
first_aid_kit,1468
tonee,1468
testicle_grab,1467
the_legend_of_zelda:_majora's_mask,1467
kami_nomi_zo_shiru_sekai,1467
snorlax,1467
ssss.dynazenon,1466
victorian,1466
guard_rail,1466
engrish_commentary,1465
2009,1465
double_\m/,1465
ingrid_brandl_galatea,1465
vibrator_in_thigh_strap,1464
valorant,1464
sister_claire,1464
arashi_(kancolle),1464
mahou_shoujo_lyrical_nanoha_vivid,1464
homu_(honkai_impact),1463
meta,1463
chito_(shoujo_shuumatsu_ryokou),1463
.hack//,1462
assam_(girls_und_panzer),1462
rpk-16_(girls'_frontline),1462
pekomon_(usada_pekora),1462
olimar,1462
crotchless_pantyhose,1461
girly_boy,1461
zara_(azur_lane),1461
yusa_kozue,1461
long_scarf,1460
detached_leggings,1460
okita_souji_alter_(fate),1460
scott_pilgrim_takes_off,1459
roboco-san,1459
wagnaria_uniform,1459
red_panda_ears,1458
momoe_nagisa,1458
clumsy_nun_(diva),1458
ball_and_chain_restraint,1458
asagumo_(kancolle),1458
ichinose_uruha,1458
manatsu_no_yo_no_inmu,1458
happoubi_jin,1458
meito_(maze),1458
hisui_(tsukihime),1458
nanairogaoka_middle_school_uniform,1457
orange_coat,1457
resident_evil_2,1456
gorou_(genshin_impact),1456
meteor_shower,1456
broken_armor,1456
wataboushi,1456
akizuki_ryo,1456
food-themed_background,1456
two-tone_tail,1455
cauldron,1455
brown_mittens,1455
makabe_mizuki,1455
failure_penguin,1455
mizumoto_tadashi,1454
red_carpet,1454
rororo,1454
scylla,1454
dhole_(kemono_friends),1452
rosaria_(genshin_impact),1452
sieg_(fate),1452
minamoto_no_raikou_(swimsuit_lancer)_(fate),1452
alisa_ilinichina_amiella,1452
ouchi_kaeru,1452
transparent_censoring,1452
haramaki,1451
male_underwear_pull,1451
chrysanthemum,1451
nanao_yuriko,1451
hyena_boy,1451
kamiyama_high_school_uniform_(hyouka),1451
aegir_(azur_lane),1451
kazanari_tsubasa,1451
roblox,1451
yopparai_oni,1450
ben_10,1450
yuuki_(sao),1450
ofuda_between_fingers,1450
yukoku_kiriko,1450
mummy,1449
yamato-no-kami_yasusada,1449
mizuki_(arknights),1449
double_amputee,1448
holding_marker,1448
eureka_seven,1448
beer_hsk,1447
high_wizard_(ragnarok_online),1447
flower_hairband,1447
survey_corps_(emblem),1447
beetle,1446
sakurajima_mai,1446
inuyama_aoi,1446
kuavera,1446
kaine_(nier),1446
blanc_(neptunia),1445
jolly_roger,1445
jmg,1445
ass-to-ass,1445
gibagiba,1445
moyazou_(kitaguni_moyashi_seizoujo),1445
mmm_threesome,1445
shotgun_shell,1445
holding_bass_guitar,1444
jing_yuan,1444
doukyuusei_another_world,1443
enemy_lifebuoy_(kancolle),1442
skirt_flip,1442
fur-trimmed_leotard,1442
rice_on_face,1442
angora_rabbit,1441
kiso_kai_ni_(kancolle),1441
jungle,1441
undone_neck_ribbon,1441
combat_knife,1441
comedic_sweatdrop,1441
sekina,1440
sky-freedom,1440
spider-man:_across_the_spider-verse,1440
altera_(fate),1439
missing_tooth,1439
different_shadow,1439
yellow_bandeau,1439
yoshi_tama,1439
gogeta,1439
nipple_chain,1438
pose_imitation,1438
da_capo,1438
swire_(arknights),1438
magical_boy,1438
rydia_(ff4),1438
sen_no_kiseki_iii,1438
pravda_school_uniform,1438
furret,1437
soulworker,1437
isshiki_(ffmania7),1437
pig_ears,1437
dr_rex,1437
smelling_clothes,1437
green_fire,1436
tanaka_kotoha,1436
grabbing_another's_twintails,1436
cheren_(pokemon),1435
fruit_hat_ornament,1435
fiery_wings,1435
erika_(pokemon),1435
ibuki_tsubasa,1435
green_scales,1434
myoudouin_itsuki,1434
cato_(monocatienus),1434
emo_fashion,1434
nishino_flower_(umamusume),1434
latex_thighhighs,1434
jade_leech,1433
blend_s,1433
kilye_kairi,1433
double_dildo,1433
nissan,1432
holding_reins,1432
ashtray,1432
crane_(animal),1432
minotaur,1432
french_flag,1432
kyoka_(princess_connect!),1432
eyeball_hair_ornament,1431
grey_helmet,1430
horse_boy,1430
captain_(honkai_impact),1430
okazaki_yumemi,1430
hogtie,1430
hooded_shrug,1430
seliph_(fire_emblem),1430
charlotte_dunois,1429
persona_(summon),1429
sports_bra_lift,1429
food_wrapper,1429
canopy_bed,1429
the_king_of_fighters_xv,1428
jetpack,1428
nihongami,1428
fruit_on_head,1428
prank,1428
flygon,1428
aizawa_ema,1428
kanzakietc,1428
platinum_(arknights),1427
hourai_doll,1427
comiket_103,1427
butterfly_tattoo,1427
yellow_sailor_collar,1426
bikini_shorts,1426
gundam_build_divers,1426
homare_(fool's_art),1426
watanabe_akio,1426
tantou,1426
medb_(fate),1426
swd3e2,1425
re_ghotion,1425
yorumi_rena,1425
douluo_dalu,1425
amanogawa_kirara,1425
nagi_no_asukara,1424
yin_yang_print,1424
yellow_petals,1424
arashi_chisato,1424
checkered_dress,1423
monkey_girl,1423
chikan,1423
track_and_field,1423
dragonfly,1423
red_scales,1422
they_had_lots_of_sex_afterwards_(meme),1422
checkered_sash,1422
cure_marine,1422
jack-o'_valentine,1422
holding_bell,1422
guts_(berserk),1421
suomi_(girls'_frontline),1421
roasted_sweet_potato,1421
h&k_ump,1421
lead_pipe,1421
pachirisu,1420
dragon_quest_ii,1420
apron_lift,1420
holding_menu,1420
clothesline,1420
tomoe_hotaru,1420
himura_kiseki,1420
armored_bodysuit,1420
radiation_symbol,1420
body_switch,1419
tk8d32,1419
cum_on_pectorals,1419
pointy_shoes,1419
o-ring_harness,1419
diona_(genshin_impact),1418
pelvic_curtain_lift,1418
middle_part,1418
fuurinkan_high_school_uniform,1417
tosen_jordan_(umamusume),1417
track_uniform,1417
reines_el-melloi_archisorte,1417
magical_ruby,1417
broccoli,1417
holding_spring_onion,1417
moth_girl,1416
kourin_tenshi_en_ciel_rena,1416
green_jumpsuit,1416
leaning_on_table,1416
ark_order,1416
shuuniichido_classmate_wo_kau_hanashi,1416
five_nights_at_freddy's,1415
inflatable_raft,1415
chattino_(raora_panthera),1415
pink_leg_warmers,1414
poppy_(flower),1414
paper_on_head,1414
momozono_love,1414
blue_scales,1414
shrugging,1413
oversized_limbs,1413
dead_or_alive_5,1413
cinderace,1413
ootsuki_wataru,1413
eden_(honkai_impact),1412
polka_dot_ribbon,1412
tanya_degurechaff,1411
hands_on_hilt,1411
purah,1410
monster_hunter:_world,1410
rising_sun_flag,1410
sucrose_(genshin_impact),1409
tsurumaru_kuninaga,1409
morgana_(persona_5),1409
nekoyashiki_yuki,1409
ahoge_wag,1408
race_bib,1408
album_cover_redraw,1408
murder,1407
emoticon,1407
sabaton,1407
basketball_jersey,1406
dressing_another,1406
dark_cloud,1406
rino_cnc,1405
hayasaka_ai,1405
haramura_nodoka,1405
nearl_(arknights),1405
bishoujo_senshi_sailor_moon_stars,1405
holly_hair_ornament,1405
chiori_(genshin_impact),1405
surcoat,1404
nakiri_ayame_(1st_costume),1404
hoshino_fumina,1404
in_bathtub,1404
lotus_leaf,1404
frilled_straps,1404
elephant,1403
arm_out_of_sleeve,1403
acerola_(pokemon),1403
extra_faces,1402
sickle,1402
kase_daiki,1402
bullying,1402
dogeza,1402
tf_cafe,1401
poke_ball_theme,1401
frozen,1401
takane_lui_(1st_costume),1401
shirobako,1401
suri_alpaca_(kemono_friends),1400
cait_aron,1400
emperor_penguin_(kemono_friends),1400
tanino_gimlet_(umamusume),1400
optionaltypo,1400
fist_bump,1399
tenko_shibuki,1399
tamagoyaki,1399
justice_(helltaker),1399
mordred_(memories_at_trifas)_(fate),1399
holding_torch,1399
valkyrie,1399
white_slippers,1399
webbed_hands,1399
orange_apron,1398
face_down,1398
soft_serve,1398
maikaze_(kancolle),1398
aura_(sousou_no_frieren),1398
arthur_pendragon_(fate),1398
holding_egg,1397
assassin's_creed_(series),1397
back-print_panties,1397
jokanhiyou,1397
chess,1397
kukie-nyan,1397
pixel_heart,1397
cagalli_yula_athha,1397
tsukumo_yatsuhashi,1397
arimura_mao,1396
penguin_hood,1396
jintsuu_kai_ni_(kancolle),1396
flower_on_liquid,1396
yomu_(sgt_epper),1396
neo_zeon,1396
black_unitard,1396
foreplay,1395
princess_principal,1395
eurasian_eagle_owl_(kemono_friends),1395
seele_(alter_ego),1395
lapras,1395
jeweled_branch_of_hourai,1395
butterfly_brooch,1395
toriyama_akira_(style),1394
back_ribbon,1394
fender_stratocaster,1394
otter,1394
azur_lane:_slow_ahead,1394
dilation_tape,1393
vividred_operation,1393
elin,1393
self-portrait,1393
gothic_punk,1393
joker_(persona_5),1393
centipede,1393
ken_masters,1392
dynamax,1392
joestar_birthmark,1392
cheshire_(azur_lane),1392
black_hole,1392
asamura_hiori,1392
multiple_torii,1391
yui_(angel_beats!),1391
bad_patreon_id,1391
holding_milk_carton,1391
goutokuji_mike,1390
momoi_airi,1390
azure_striker_gunvolt,1390
akairiot,1389
amagi_(azur_lane),1389
holding_watering_can,1389
finana_ryugu,1389
ikuno_dictus_(umamusume),1389
yanyo_(ogino_atsuki),1388
sailor_senshi,1388
hypnosis_app,1388
kaleidostick,1387
ness_(mother_2),1387
butterfly_earrings,1387
ooshio_(kancolle),1386
year_of_the_rat,1386
piper_wheel,1386
roland_(project_moon),1385
amusement_park,1385
blood_on_neck,1385
kairunoburogu,1385
yamato_takeru_(fate),1385
akitsuki_karasu,1385
gekkan_shoujo_nozaki-kun,1385
niwatazumi,1385
cure_black,1384
purple_sweater_vest,1384
alcremie,1384
leopard_ears,1383
animal-themed_food,1383
beach_mat,1383
surfing,1383
jcm2,1383
hiiragi_utena,1382
soap_bottle,1382
covered_penetration,1382
kururugi_suzaku,1381
minna-dietlinde_wilcke,1381
white_rope,1380
vertical_foregrip,1380
silver_skin,1380
elise_(fire_emblem),1380
dandon_fuga,1379
aviator_cap,1379
zara_(kancolle),1379
drifloon,1379
brown_ascot,1379
alpaca_ears,1379
strawberry_print_panties,1378
ears_through_hood,1378
deviantart_logo,1378
cuff_links,1378
mori_calliope_(streetwear),1378
blood_on_breasts,1378
toddlercon,1378
satou_kibi,1378
arachne,1378
jax_(the_amazing_digital_circus),1377
clark_kent,1377
jill_stingray,1377
duckling,1377
akatsuki_uniform,1377
odawara_hakone,1377
fujigaya_arctia,1377
cat_choker,1377
dock,1377
ifrit_(arknights),1376
street_fighter_ii_(series),1376
utane_uta,1375
cross-laced_bikini,1375
nekomiya_mana,1375
hair_between_horns,1375
hornet_(kancolle),1375
futanari_pov,1374
youko-shima,1374
mikuma_(kancolle),1374
golf_club,1374
houjou_tokiyuki_(nige_jouzu_no_wakagimi),1374
scratching_cheek,1374
getsuyoubi_no_tawawa,1373
harley_quinn,1372
penis_on_pussy,1372
stellar_blade,1372
implied_masturbation,1372
broken_mask,1372
mask_over_one_eye,1372
buruma_aside,1372
batman_symbol,1371
spines,1371
kamikita_komari,1371
nursery_rhyme_(fate),1371
eirika_(fire_emblem),1371
ririko_(zhuoyandesailaer),1371
scale_armor,1370
sam_browne_belt,1370
holding_dumbbell,1370
medium_sideburns,1370
holding_sketchbook,1369
shihakusho,1369
fu_xuan_(honkai:_star_rail),1369
chief_(path_to_nowhere),1369
yonaga_angie,1369
sewing,1368
chrom_(fire_emblem),1368
falin_touden_(chimera),1368
kino_no_tabi,1368
tiki_(adult)_(fire_emblem),1367
chihaya_(clothing),1367
mossacannibalis,1367
arcane_jinx,1367
male_on_futa,1367
shiun_sumika,1367
himajin_noizu,1367
xianyun_(genshin_impact),1366
kanou_aogu,1366
two-tone_sleeves,1365
at_computer,1365
strike_witches:_suomus_misfits_squadron,1365
gilles_de_rais_(caster)_(fate),1365
cedar_(cedar_japonica),1365
k1-b0,1365
quadruple_amputee,1364
mutton_chops,1364
aqua_pants,1364
suicide,1364
izumi_yuki,1364
z/x,1364
engiyoshi,1364
kaguya_luna,1364
lap_pillow_invitation,1364
biting_own_finger,1364
ass_tattoo,1364
elf_(stroll_in_the_woods),1363
shuro_(blue_archive),1363
mundane_made_awesome,1363
removing_jacket,1363
lipstick_ring,1363
spider_print,1362
glowing_flower,1362
suzuhara_lulu_(1st_costume),1362
alphonse_elric,1362
alexandrina_sebastiane,1362
heart_hat_ornament,1362
jingei_(kancolle),1362
my-otome,1362
unworn_hair_ornament,1361
stained_clothes,1361
qixiong_ruqun,1361
holding_another's_wrists,1361
gekota,1361
girls_und_panzer_senshadou_daisakusen!,1361
design_speculation,1361
fingering_through_panties,1360
tsushima_(kancolle),1360
human_furniture,1360
nishi_koutarou,1360
imizu_(nitro_unknown),1360
sendai_hazuki,1360
clownfish,1360
green_outline,1359
mount_fuji,1359
otter_ears,1359
miyamoto_musashi_(swimsuit_berserker)_(second_ascension)_(fate),1359
zen'in_maki,1359
symboli_kris_s_(umamusume),1359
ironmouse,1358
sekaiju_no_meikyuu_3,1358
hatsukaze_(kancolle),1358
gilgamesh_(caster)_(fate),1357
unworn_shorts,1357
xenogears,1357
stuffed_dog,1356
bite_mark_on_shoulder,1356
mawile,1355
chihiro_(blue_archive),1355
holding_handcuffs,1355
net,1355
sauce,1355
meow_(nekodenki),1355
toyota,1355
sebastian_piyodore,1355
tape_bondage,1354
pink_butterfly,1354
oka_asahi,1354
gravity_falls,1354
tingyun_(honkai:_star_rail),1353
self_hug,1353
billboard,1353
naganami_kai_ni_(kancolle),1353
bokken,1353
polka_dot_scrunchie,1352
makuwauri,1352
himemushi_momoyo,1351
nanatsu_no_taizai,1351
sitting_on_shoulder,1350
bandaged_foot,1350
asuka_(senran_kagura),1350
priestess,1350
grid,1350
gathers,1350
listening_to_music,1350
brown_cat,1348
chest_eye,1348
thoma_(genshin_impact),1348
dragon_ball_super_broly,1348
ama_mitsuki,1348
pretty_rhythm,1348
dating,1347
maya_kai_ni_(kancolle),1347
marvel_vs._capcom,1347
masquerade_mask,1347
ru_zhai,1347
holding_club,1347
goat_tail,1347
kneesocks_(psg),1347
onbashira,1347
kiriya_aoi,1346
united_states,1346
layla_(genshin_impact),1346
black_mouth,1346
x3,1346
mega_man_zx_advent,1346
shared_earphones,1346
niiko_(gonnzou),1346
circle_formation,1345
neo_universe_(umamusume),1345
durandal_(honkai_impact),1344
brown_feathers,1344
red_shrug,1344
pentagon_(railgun_ky1206),1344
uccow,1344
mole_on_armpit,1343
saki_(swimsuit)_(blue_archive),1343
satin_panties,1343
nanase_nao,1343
ghost_girl,1343
karate_gi,1342
nemoto_hina,1342
resident_evil_3:_nemesis,1342
ib_(ib),1342
holding_notepad,1342
multiple_thigh_straps,1342
pink_sclera,1342
dragon_quest_viii,1342
forced_smile,1341
lack,1341
crotch_grab,1341
bigrbear,1340
lowleg_skirt,1340
fami_(chainsaw_man),1340
fast_food_uniform,1340
lying_on_water,1340
roxas,1340
senji_muramasa_(fate),1339
drag-on_dragoon,1338
hands_in_pocket,1338
scouter,1338
wide_oval_eyes,1337
bc_freedom_military_uniform,1337
yellow_one-piece_swimsuit,1337
game_screenshot,1336
planet_hair_ornament,1336
calligraphy,1336
hung_(arknights),1336
crazy_straw,1336
intrepid_(kancolle),1336
miyagi_shiori,1336
negom,1336
mewtwo,1335
adjusting_scarf,1335
king_dedede,1335
koseki_bijou_(1st_costume),1335
incense_burner,1335
mozukuzu_(manukedori),1335
military_rank_insignia,1334
snow_rabbit,1334
yabuki_kentarou,1334
yuna_(ff10),1333
thong_aside,1333
jam,1333
nijisanji_kr,1333
medjed_(fate),1333
himejima_akeno,1333
horned_hat,1332
gymnastics,1332
specter_the_unchained_(arknights),1332
abmayo,1332
non_non_biyori,1332
kirino_(blue_archive),1332
falchion_(fire_emblem),1331
laundry_basket,1331
brown_robe,1330
gingerbread_man,1330
majo_no_takkyuubin,1330
yuuki_mikan,1330
kozakura_marry,1330
living_room,1330
volleyball_net,1330
after_masturbation,1329
chabashira_tenko,1329
holding_dog,1329
double_strap_slip,1329
leaf_umbrella,1329
maturiuta_sorato,1329
japan,1329
liquid_halo,1328
candlelight,1328
sophist's_robe_(ff14),1328
dorothy_(nikke),1328
kino_(kino_no_tabi),1328
kagami_mochi,1327
orange_gem,1327
marriage_proposal,1327
st._gloriana's_(emblem),1327
astolfo_(sailor_paladin)_(fate),1327
pushing_away,1327
red_camisole,1327
kfc,1327
saunders_military_uniform,1326
honma_meiko,1326
minamoto_sakura,1326
train_conductor,1326
aa_megami-sama,1326
ichigo_mashimaro,1325
ring_necklace,1325
france_(hetalia),1325
collared_halterneck,1325
spongebob_squarepants_(series),1325
parka,1324
mismatched_thighhighs,1324
hinomori_shizuku,1324
taimanin_asagi,1324
pearl_thong,1324
imai_lisa,1324
comiket_102,1323
holding_clothes_hanger,1323
saniwa_(touken_ranbu),1323
half-erect,1322
naked_scarf,1322
goh_(pokemon),1322
tonfa,1321
nekomata_okayu_(oversized_shirt),1321
invincible_(series),1321
bee_(deadflow),1321
karaagetarou,1321
mane,1321
milotic,1321
pitcher_(container),1320
odaiba_girls_high_school_uniform,1320
greninja,1320
helios_rising_heroes,1320
jessica_(arknights),1320
decora,1319
ambiguous_red_liquid,1319
diego_brando,1319
holding_surfboard,1319
coffee_pot,1319
yu_yu_hakusho,1319
asahina_mirai,1319
kobo_kanaeru,1319
brazilian_flag_print,1319
large_horns,1318
aestheticc-meme,1317
leopard_print_bikini,1317
gastly,1317
kawashima_momo,1317
catchphrase,1317
shikanoin_heizou,1317
red_star,1317
sakura_(fire_emblem),1316
knuckles_the_echidna,1316
white_haori,1316
mismatched_ear_covers,1315
broken_eyewear,1315
panties_under_shorts,1315
fudo_yusei,1315
plants_vs._zombies,1315
weapon_focus,1315
cart,1314
bacon,1314
presenting_foot,1314
fate/grand_order_arcade,1313
measuring,1313
pink_sports_bra,1313
misaki_kurehito,1313
unworn_gag,1313
toe_cleavage,1312
soviet,1312
scar_on_tail,1312
world_dai_star,1312
bear_hood,1312
pectoral_press,1312
invisible,1311
microwave,1311
shidare_hotaru,1311
holding_blanket,1311
jaguar_(kemono_friends),1311
oekakizuki,1311
detached_hood,1311
dark_labia,1311
dungeon,1310
chuunibyou,1310
gakkou_gurashi!,1310
merryweather,1310
fn_p90,1310
metal_gear_solid,1310
dei_shirou,1310
obidome,1309
green_rose,1309
masukuza_j,1309
bicycle_basket,1308
robotics;notes,1308
len_(tsukihime),1308
water_lily_flower,1307
choke_hold,1307
underpec,1307
izayoi_aki,1307
saku_usako_(rabbit),1307
cabbage,1307
pagoda,1306
kanpa_(campagne_9),1306
doujima_nanako,1306
35p_(sakura_miko),1306
mole_above_eye,1306
movie_theater,1306
candelabra,1305
undersized_animal,1305
pink_tulip,1305
stitched_neck,1305
himouto!_umaru-chan,1304
tekken_8,1304
latex_leotard,1304
hand_on_own_hat,1304
chitose_(kancolle),1304
hozuki_kaede,1304
mia_taylor,1304
happy_anniversary,1304
frapowa,1304
shiina_mayuri,1303
deadpool_&_wolverine,1302
milkshakework,1302
creature_on_shoulder,1301
backless_swimsuit,1301
out_of_character,1301
sad_smile,1301
resident_evil_village,1301
pawn_(chess),1301
venusaur,1301
battle_damage,1300
shirt_around_waist,1300
keep_out,1300
hayasui_(kancolle),1300
wakabayashi_toshiya,1300
serika_(swimsuit)_(blue_archive),1300
fur-trimmed_bikini,1300
violet_evergarden_(series),1300
unworn_cape,1299
resident_evil_6,1299
mg42,1298
bite_mark_on_breast,1298
varia_suit,1298
accident,1298
very_long_beard,1298
ball_and_chain_(weapon),1298
ikuchan_kaoru,1298
bulging_eyes,1298
hatsushimo_(kancolle),1298
dim_lighting,1298
rural,1297
grey_sclera,1297
transcend_(umamusume),1297
isshiki_iroha,1297
gmkj,1297
female_chief_(path_to_nowhere),1297
handshake,1296
compression_shirt,1296
ribbon-trimmed_bikini,1296
skirt_basket,1296
flirting,1295
pokemon_emerald,1295
sharingan,1295
zhong_lanzhu,1294
fingers_to_cheeks,1293
guimpe,1293
multicolored_bowtie,1293
alina_gray,1293
kasuga_mirai,1293
quaxly,1293
china_(hetalia),1292
holding_baton,1292
snake_print,1292
fumizuki_(kancolle),1292
wyvern,1292
see-through_curtains,1292
nowaki_(kancolle),1291
mochizuki_anna,1291
orange_border,1291
emmet_(pokemon),1291
floral_print_skirt,1291
fishing_line,1290
green_pajamas,1290
anchor_ornament,1290
kashiwamochi_yomogi,1290
reptile_boy,1290
hsien-ko,1289
winged_bag,1289
card_parody,1289
frankenstein's_monster_(fate),1289
yangyang_(wuthering_waves),1289
gawr_gura_(casual),1289
i-26_(kancolle),1289
pixiv_fantasia_last_saga,1289
hooded_track_jacket,1289
aunt_and_niece,1288
hidefu_kitayan,1288
the_witcher_(series),1288
murosaki_miyo,1288
pokemon_mystery_dungeon,1288
sento_isuzu,1288
leggings_under_shorts,1287
alternate_hair_ornament,1287
luna_platz_(mega_man),1287
hands_on_own_chin,1287
eyes_in_shadow,1287
florence_nightingale_(trick_or_treatment)_(fate),1287
tokyo_ghoul:re,1286
hunter_(bloodborne),1286
studded_collar,1286
sakazaki_freddy,1286
sucy_manbavaran,1285
silverash_(arknights),1285
yami_kawaii,1285
stripper,1285
larcei_(fire_emblem),1285
shirt_under_sweater,1285
syhan,1284
compass,1284
rerebrace,1284
nekoyashiki_mayu,1284
hau_(pokemon),1284
suzuki_toto,1284
bianca_(dq5),1284
electric_plug_tail,1284
kanba_girls_high_school_uniform,1283
temple,1283
kopaka_(karda_nui),1283
trash,1283
ghost_(modern_warfare_2),1283
yokochou,1283
dao_gui_yi_xian,1283
gradient_tail,1282
uesugi_fuutarou,1282
unworn_jewelry,1282
eel,1282
cassock,1281
carpaccio_(girls_und_panzer),1281
urinal,1281
tentacle_girl,1281
swirl,1281
searchlight,1280
silver_dress,1280
studio_ghibli,1280
obiwan,1280
trigram,1279
detexted,1279
starting_future_(umamusume),1279
volcano,1279
nanami_yachiyo,1279
toyokawa_fuka,1278
kishida_mel,1278
kirby_64,1278
oozora_subaru_(1st_costume),1278
spreading_another's_anus,1277
paper_texture,1277
tri_braids,1277
one_piece_film:_red,1277
war_hammer,1277
scoop_neck,1277
my_little_pony:_equestria_girls,1277
yellow_capelet,1276
kurumi_(blue_archive),1276
harada_takehito,1276
star_balloon,1276
taut_leotard,1276
sonia_nevermind,1276
raccoon_boy,1276
black_haori,1275
nisekoi,1275
uchiha_sarada,1275
holding_another's_foot,1275
kasuga_ayumu,1275
clock_eyes,1275
cum_on_fingers,1275
frostnova_(arknights),1275
mizuno_ai,1275
ui_(swimsuit)_(blue_archive),1275
unya,1275
stained_sheets,1275
meyoco,1274
yano_toshinori,1274
akame_ga_kill!,1274
fushigi_no_umi_no_nadia,1274
izutsumi,1274
daiba_nana,1274
touhoku_zunko,1273
prison,1273
edogawa_conan,1273
yamagishi_fuuka,1273
carapace,1273
yellow_armor,1273
yamashita_shun'ya,1273
underlighting,1273
heart_ear_ornament,1273
cowgirl_(western),1273
shirt_bow,1272
completion_time,1272
devil_may_cry_3,1272
inukai_komugi,1272
jazz_jack,1272
arcade_cabinet,1271
shirogane_noel_(1st_costume),1271
female_service_cap,1270
firelock,1270
foxyreine,1270
gomennasai,1270
cardigan_under_jacket,1270
chikuma_(kancolle),1270
ayamy,1269
fake_video,1269
yoshio_(55level),1269
glowing_hand,1269
namazuo_toushirou,1269
end_card,1269
rust,1269
absolutely_everyone,1268
tabby_cat,1268
pop'n_music,1268
prison_cell,1268
lee_(dragon_garou),1267
holding_flower_pot,1267
uta_(one_piece),1267
mawaru_penguindrum,1267
shoulder_guard,1267
mikeou,1267
jack_dempa,1266
yamanaka_ino,1266
purple_pubic_hair,1266
kitten,1266
hands_on_another's_back,1266
heart_sticker,1266
box_art,1265
christmas_wreath,1265
strawberry_slice,1265
fushiguro_toji,1265
penis_shadow,1264
bridle,1264
single_mechanical_eye,1264
red_male_underwear,1264
knight_(chess),1264
wafer_stick,1264
black_nightgown,1264
police_car,1263
hakozaki_serika,1263
takanami_(kancolle),1263
sabo_(one_piece),1262
riding_animal,1262
jacket_girl_(dipp),1262
boothill_(honkai:_star_rail),1262
kaede_(blue_archive),1262
nyan,1262
block_heels,1262
ear_birthmark,1262
white_hakama,1261
ys,1261
aqua_vest,1261
tripod,1261
raspberry,1261
cosmog,1261
bruce_wayne,1261
sugiura_ayano,1261
minato_yukina,1261
cumdump,1261
low-cut_armhole,1261
kiratto_pri_chan,1260
meltryllis_(swimsuit_lancer)_(first_ascension)_(fate),1260
purple_armband,1260
tree_horns,1260
kizumonogatari,1260
kasaki_nozomi,1260
ziche_fuzhao,1260
g'raha_tia,1260
hypno,1259
bath_stool,1259
thick_chest_hair,1259
makoto_(blue_archive),1259
dark_room,1259
island_fox_(kemono_friends),1258
holding_breath,1258
penis_to_breast,1258
latios,1258
step-siblings,1258
kako_(kancolle),1258
square_pupils,1258
armpit_sex,1258
tima,1258
isolde_(reverse:1999),1258
gaoo_(frpjx283),1258
striped_hat,1258
kos-mos,1257
smartphone_case,1257
yui_(princess_connect!),1257
ayunda_risu,1257
cu_chulainn_alter_(fate),1257
tea_set,1257
ryuuichi_(f_dragon),1257
zyugoya,1257
drowning,1256
sewing_needle,1256
luna_nova_school_uniform,1256
kazuma_muramasa,1256
widow's_peak,1256
takumi_(fire_emblem),1256
canned_coffee,1256
saionji_hiyoko,1255
black_headdress,1255
golden_apple,1255
keyblade,1255
micro_bra,1255
shinkai_no_valkyrie,1255
noai_nioshi,1255
fleur-de-lis,1255
musashi_(azur_lane),1254
hat_over_eyes,1254
subarashiki_hibi,1253
pyra_(pro_swimmer)_(xenoblade),1253
splattershot_(splatoon),1253
yumehara_nozomi,1253
eve_(elsword),1253
holding_chainsaw,1253
hakurei_shrine,1253
cock_ring,1252
suzuran_(spring_praise)_(arknights),1252
key_(company),1252
print_pants,1252
nijiura_maids,1252
ivan_karelin,1252
yu-gi-oh!_zexal,1251
tokisadame_school_uniform,1251
ootomo_takuji,1251
joy-con,1251
momo_velia_deviluke,1251
2b_(nier:automata)_(cosplay),1250
billy_kid,1250
adeptus_astartes,1250
shy_(series),1250
splatoon_2:_octo_expansion,1250
furudo_erika,1249
koikatsu_(medium),1249
momo_no_sukebe,1249
galo_thymos,1249
scalpel,1248
holding_binoculars,1248
yamper,1248
gumroad_username,1248
nii_manabu,1248
ragnarok:_guild_masters,1248
fleur_de_lapin_uniform,1248
short_sideburns,1247
wooden_bench,1247
tanabe_(fueisei),1247
model_kit,1247
scottie_(phantom2),1247
stuffed_panda,1247
takato_kurosuke,1247
heart_hands_failure,1246
striped_one-piece_swimsuit,1246
rtil,1246
handjob_gesture,1246
hotathino,1246
slim_legs,1245
penance_(arknights),1245
millia_rage,1245
dangle_earrings,1245
extra_pupils,1245
contrast,1245
hugging_book,1245
heterochromatic_eyewear,1245
cutting,1244
heropin,1244
jinguu_(4839ms),1244
broken_sword,1244
froggy_nun_(diva),1244
xuangzang_sanzang_(fate),1244
gold_bra,1244
familiar,1244
crown_hair_ornament,1244
aoba_moca,1244
ribbon-trimmed_shirt,1244
erlenmeyer_flask,1244
ivysaur,1244
satou_yuuki,1244
nanakusa_suzuna,1244
volo_(pokemon),1243
picnic_blanket,1243
square,1243
kidou_senkan_nadesico,1243
tsurumaki_kokoro,1243
flat_screen_tv,1243
cheng_xiaoshi,1243
oar,1243
throwing_knife,1242
yumenosaki_school_uniform,1242
orca_girl,1242
92m,1241
nui_sociere,1240
muto_yugi,1240
ushizaki_urumi,1240
ikaruga_(senran_kagura),1240
colonel_aki,1240
kaisen_chuui,1240
black_coat_(kingdom_hearts),1239
spade_hair_ornament,1239
plaid_shorts,1239
miles_edgeworth,1239
holomyth,1239
suhamaya,1239
winry_rockbell,1238
crushing,1238
spiral,1238
pectoral_focus,1238
minami-ke,1238
floral_print_shirt,1238
kotoyoro,1238
sawa_azusa,1237
dollar_sign,1237
face_in_pillow,1237
marie_rose,1237
hizuki_yayoi,1237
denonbu,1237
hoshimachi_suisei_(casual),1237
miyamizu_mitsuha,1237
single-shoulder_shirt,1236
eu03,1236
boutonniere,1236
ojamajo_doremi,1236
kira_yoshikage,1236
plant_hair,1236
yagami_light,1235
hina_(pajamas)_(blue_archive),1235
uzuki_kou,1235
locomotive,1234
vestia_zeta,1234
flipped_bangs,1234
yamashiro_(azur_lane),1234
rumi_(blue_archive),1234
shark_fin,1233
low_poly,1233
digital_clock,1233
heart-shaped_hair,1232
purple_tank_top,1232
takeuchi_ryousuke,1232
massakasama,1232
revy_(black_lagoon),1231
emma_frost,1231
space_print,1231
tsuruya,1231
dream_c_club_(series),1231
holding_carrot,1231
honeycomb_background,1231
honebami_toushirou,1231
midare_toushirou,1231
shakujou,1231
ribbon-trimmed_capelet,1230
unasaka_ryou,1230
skeletal_wings,1230
muffin_top,1230
poker_table,1229
mole_on_pussy,1229
tron_bonne_(mega_man),1229
akane_(bunny)_(blue_archive),1229
tanaka_kusao,1229
ingrid_(capcom),1228
flower_trim,1228
pov_across_bed,1228
tambourine,1228
ivy_(fire_emblem),1228
kimi_kiss,1228
kazenokaze,1228
shigure_ui_(1st_costume)_(vtuber),1227
puyopuyo_quest,1227
angewomon,1227
kula_diamond,1227
mudrock_(elite_ii)_(arknights),1227
pom-pom_(honkai:_star_rail),1227
kawayabug,1227
bad_nijie_id,1227
ononoki_yotsugi,1226
fujimaru_ritsuka_(male)_(polar_chaldea_uniform),1226
awning,1226
annie_leonhart,1226
ban!_(bansankan),1226
arm_on_table,1226
serebi_ryousangata,1226
holding_candle,1226
hair_wings,1226
shuangyaji,1225
taichou_haori,1225
goomy,1225
nihonga,1225
bathhouse,1225
suspenders_slip,1225
grey_ascot,1225
pote_(ptkan),1225
pregnancy_test,1225
hokuto_no_ken,1224
curious,1224
bird_hair_ornament,1224
throat_microphone,1224
pumpkin_hat,1224
kagami_hirotaka,1224
huang_pao-lin,1224
charlie_morningstar,1223
commissioner_insert,1223
brown_serafuku,1222
allister_(pokemon),1222
vulpix,1222
wu_zetian_(fate),1222
shanks_(one_piece),1222
white_dog,1222
market_stall,1222
black_bustier,1222
sound_voltex,1221
alice_zuberg,1221
plaid_lapels,1221
fake_halo,1221
yume_(blue_archive),1221
tensei_oujo_to_tensai_reijou_no_mahou_kakumei,1221
disguise,1221
ear_flower,1221
hypocrisy,1221
tohsaka_tokiomi,1221
village,1220
hishaku,1220
rash_guard,1220
graduation,1219
ai-generated_art_(topic),1219
aisha_landar,1219
yellow_pikmin,1219
stiletto_(weapon),1219
lord_knight_(ragnarok_online),1219
ten'ou_haruka,1219
holding_feather,1218
clefairy,1218
vacuum_cleaner,1218
paw_print_pattern,1218
zaku_ii,1218
busou_shinki,1218
cowboy,1217
remembering,1217
g36_(girls'_frontline),1217
thumbs_down,1217
saijo_juri,1217
cleft_chin,1217
coconut_tree,1217
ogata_chieri,1217
front-seamed_legwear,1217
shylily,1216
toggles,1216
armpit_hair_peek,1216
runny_nose,1216
anglerfish,1216
dry_humping,1216
armbinder,1216
clive_rosfield,1216
cash_register,1216
lpip,1216
littorio_(kancolle),1216
gao,1215
nudist,1215
yokoyama_nao,1215
thigh_focus,1215
zanntetu,1215
foot_worship,1215
female_butler,1215
teardrop-framed_glasses,1214
red_panda_girl,1214
strong,1214
l_(death_note),1214
aoki_(fumomo),1214
lance_(pokemon),1214
mitsumoto_jouji,1214
bird_on_arm,1213
black_overskirt,1213
pointy_boots,1213
sol_badguy,1213
heart_on_chest,1213
cure_blossom,1213
nise_dorothia,1213
unworn_scarf,1213
playground,1212
swastika,1212
holding_comb,1212
helltaker_(character),1212
tsubobot,1212
the_king_of_fighters_xiv,1212
stitched_leg,1212
mochizuki_(kancolle),1211
piledriver_(sex),1211
koto_inari,1211
gofu,1211
vehicle_interior,1211
dota_(series),1210
afterglow,1210
aponia,1210
starlight_academy_school_uniform,1210
2channel,1210
masuyama_ryou,1210
holding_above_head,1210
imperishable_night,1210
orange_bandana,1210
violet_evergarden,1210
waving_arms,1209
kai_no_kiseki,1209
frog_girl,1209
erza_scarlet,1209
green_sky,1209
seo_tatsuya,1209
amuro_ray,1208
figure_four_sitting,1208
estellise_sidos_heurassein,1208
squeezing,1208
stomping,1208
bound_thighs,1208
themed_object,1208
film_strip,1208
oyari_ashito,1208
blue_male_swimwear,1207
static,1207
idoly_pride,1207
holding_pointer,1207
hakurei_reimu_(pc-98),1207
1970s_(style),1207
caliburn_(fate),1207
warrior,1207
yuzuha_riko,1206
hand_over_another's_mouth,1206
fat_rolls,1206
friend_(nanashi_mumei),1206
akitsu_maru_kai_(kancolle),1206
nagi_(kannagi),1206
female_rimming_male,1206
sandalphon_(granblue_fantasy),1206
floating_rock,1205
maruyama_aya,1205
pendant_collar,1205
small_dragon,1205
kanbaru_suruga,1204
niwarhythm,1204
octoling_boy,1204
rhea_(fire_emblem),1204
monk,1204
covered_clitoris,1204
scathach_(swimsuit_assassin)_(fate),1204
silica,1204
kotatsu-mazoku,1204
yomotsu_hisami,1203
brown_pubic_hair,1203
tsujinaka_yoshiki,1203
kairi_(kingdom_hearts),1203
bonsai,1203
naked_cloak,1203
purple_apron,1203
triquetra,1203
aliasing,1202
zorua,1202
ao_no_kiseki,1202
euryale_(fate),1202
cryokinesis,1202
facebook_logo,1202
peso_(cheese_company),1202
entangled,1202
flash,1202
helluva_boss,1201
torn_socks,1201
animal_on_hand,1201
ta-class_battleship,1201
green_overalls,1200
bust_cup,1200
koleda_belobog,1200
kariyushi_shirt,1200
selfie_stick,1200
yuuki_(princess_connect!),1200
ninahachi,1200
european_architecture,1200
koizumi_mahiru,1200
chan_co,1199
holding_pocket_watch,1199
band_uniform,1199
pinstripe_skirt,1199
sky_lantern,1199
racing_suit,1198
closet,1198
kurokawa_akane,1198
owl_girl,1197
holding_crossbow,1197
fujimaru_ritsuka_(female)_(polar_chaldea_uniform),1197
shizuka_rin,1197
urushihara_satoshi,1197
russo-ukrainian_war,1197
cast,1197
miia_(monster_musume),1197
petra_gurin,1197
z_saber,1197
toe_seam,1197
mitsumine_yuika,1196
mr._squeaks_(hakos_baelz),1196
iroha_(samurai_spirits),1196
flamethrower,1196
sue_storm,1195
riichu,1195
light_persona,1195
sekai_seifuku:_bouryaku_no_zvezda,1195
yellow_sports_bra,1195
safety_glasses,1195
spiked_belt,1195
satake_minako,1195
cure_white,1194
ulrich_(tagaragakuin),1194
organs,1194
knee_blush,1193
pet_food,1193
grimoire_of_alice,1193
midriff_sarashi,1192
myrtle_(arknights),1192
depressed,1192
holographic_monitor,1192
venom_(marvel),1192
holding_jar,1192
uchuu_senkan_yamato,1192
subterranean_animism,1191
youtou_high_school_uniform,1191
super_real_mahjong,1191
tsunomaki_watame_(1st_costume),1191
bronya_rand,1191
cosmic_break,1191
em_(totsuzen_no_hakike),1191
espurr,1191
utano,1191
lightning_farron,1190
alice_(nikke),1190
congratulations,1190
biting_neck,1190
adapted_uniform,1190
cure_sunshine,1190
reverse_spitroast,1190
ak-15_(girls'_frontline),1189
gun_on_back,1189
flying_teardrops,1189
engo_(aquawatery),1189
arrancar,1189
roll_caskett_(mega_man),1189
yukimoto_shuuji_(gurigura),1189
red_pubic_hair,1189
apple_inc.,1189
see-through_thighhighs,1188
code_geass:_lost_stories,1188
brook_(one_piece),1188
jason_todd,1188
aesc_(fate),1188
one-piece_thong,1188
blue_archive_the_animation,1187
cardigan_partially_removed,1187
agatsuma_zenitsu,1187
kichihachi,1187
nu-13,1187
brown_suit,1187
martial_arts,1187
falling_flower,1186
fu-ta,1186
walking_on_liquid,1186
table_humping,1186
unworn_thighhighs,1186
cum_on_eyewear,1186
protagonist_3_(housamo),1186
tokoro_megumi,1186
fiery_tail,1185
fujimaru_ritsuka_(female)_(decisive_battle_chaldea_uniform),1185
fingersmile,1185
mudou_eichi,1184
holding_hair_brush,1184
narancia_ghirga,1184
leopard_tail,1184
cardiogram,1184
a-pose,1184
blood_halo,1184
stuffed_winged_unicorn,1184
omaru_polka_(1st_costume),1184
yinlin_(wuthering_waves),1184
object_on_breast,1184
leaf_earrings,1183
nanakusa_nichika,1183
tit_(bird),1183
arms_on_knees,1182
capcom_fighting_jam,1182
balance_scale,1182
polka_dot_bowtie,1182
fallen_angel,1182
shin_sangoku_musou,1182
chili_pepper,1181
peacock_feathers,1181
microsoft_paint_(medium),1181
squidbeak_splatoon,1181
pan_(dragon_ball),1181
reindeer_girl,1181
plaid_sleeves,1181
clothes_pin,1180
sky_focus,1180
audio_jack,1180
steaming_cup,1180
kars_(jojo),1180
optimus_prime,1180
mota,1180
prinz_eugen_(unfading_smile)_(azur_lane),1180
tada_riina,1180
four-pointed_star,1179
fire_emblem:_thracia_776,1179
cockroach,1179
tsumami_kanzashi,1179
fried_rice,1179
mirai_nikki,1179
dedenne,1179
wiz_(konosuba),1179
nemo_(fate),1178
lime_slice,1178
sorceress_(dragon's_crown),1178
purple_sclera,1178
fur-tipped_tail,1178
yozora_mel,1178
rice_paddy,1178
lion_mane,1178
pixiv,1178
fox_hair_ornament,1178
magnet,1177
wakana_shiki,1177
kloah,1177
wax_seal,1177
print_apron,1177
on_stairs,1176
needle_(hollow_knight),1176
hinaichigo,1176
hat_bell,1176
oven,1176
apollo_justice:_ace_attorney,1176
sitting_sideways,1175
king_hassan_(fate),1175
shared_object_insertion,1175
li_huowang,1175
ru-class_battleship,1175
katou_megumi,1175
boulder,1174
trigun_stampede,1174
paint_can,1174
moke_ro,1174
umanosuke,1174
cat_on_lap,1173
reigen_arataka,1173
kaiou_michiru,1173
junko_(blue_archive),1173
ehoumaki,1173
fur_bikini,1173
immobilization,1173
pantyhose_only,1172
implied_extra_ears,1172
yukari_(blue_archive),1172
zipper_dress,1172
ikari_manatsu,1172
kamisato_clan_(emblem),1172
breast_strap,1172
kitakami_kai_ni_(kancolle),1172
magician,1171
joystick,1171
wheelbarrow,1171
dream_c_club,1171
flower-trimmed_sleeves,1171
bb_(swimsuit_mooncancer)_(second_ascension)_(fate),1171
primarina,1171
dota_2,1170
occultic;nine,1170
frilled_bonnet,1170
tomimi_(arknights),1170
yellow_(pokemon),1170
wakamo_(swimsuit)_(blue_archive),1170
odin_sphere,1170
lolidom,1170
funnels_(gundam),1169
kurikara,1169
nakiri_erina,1169
sylus_(love_and_deepspace),1169
panda_hood,1169
araragi_karen,1169
snow_globe,1168
giratina,1168
crosshair_pupils,1168
floating_skull,1168
satono_crown_(umamusume),1168
blood_on_wall,1168
piano_keys,1168
mine_(blue_archive),1168
skating,1168
kutan,1168
magikarp,1168
6_(yuchae),1168
fake_claws,1167
multiple_hats,1167
aoshima,1167
brass_knuckles,1167
pharah_(overwatch),1167
worm,1167
anzio_military_uniform,1166
bee_girl,1166
cure_beauty,1166
shuffle!,1166
korra,1166
furisode_sleeves,1166
camera_around_neck,1165
front-hook_bra,1165
game_development_department_(blue_archive),1165
battle_spirits,1165
towel_around_waist,1165
pussy_juice_on_fingers,1165
minakami_(flyingman555),1165
shirogane_tsumugi,1164
shaymin,1164
soren_(fire_emblem),1164
misaka_imouto,1164
reia_76,1164
pin,1164
vehicle_name,1164
holding_crowbar,1163
flower_(vocaloid),1163
grey_robe,1163
ashford_academy_school_uniform,1163
lina_inverse,1163
roy_(fire_emblem),1163
pyramid_(structure),1163
misumi_(macaroni),1163
nagusa_(blue_archive),1163
hook,1162
hazuki_ren,1162
unicorn_overlord,1162
lord_el-melloi_ii,1162
plaid_bra,1162
episode_number,1162
buried,1162
julia_(fire_emblem),1162
lyria_(granblue_fantasy),1162
signora_(genshin_impact),1161
book_on_lap,1161
cloud_hair_ornament,1161
on_boat,1161
agent_3_(splatoon),1161
comic_panel_redraw,1161
fuzichoco,1161
fate/unlimited_codes,1161
blade_&_soul,1161
adjusting_panties,1160
pneuma_(xenoblade),1160
sanada_akihiko,1160
sousouman,1160
magukappu,1160
mamerakkkkko,1160
ashley_graves,1159
dodging,1159
horned_hood,1159
cu_chulainn_(caster)_(fate),1159
tokkakyou,1159
spacezin,1159
prince,1158
baking,1158
tenjou_utena,1158
presenting_removed_panties,1158
collar_tug,1158
diamond_facial_mark,1158
cerberus_(helltaker),1157
pokemon_unite,1157
mutual_masturbation,1157
refraction,1157
monster_hunter_wilds,1157
chinatsu_(blue_archive),1157
minato_ojitan,1157
looking_at_flowers,1157
disney,1157
sakuraba_yuuki,1157
panda_hair_ornament,1156
donquixote_doflamingo,1156
wingull,1156
kiritto,1156
jean_bart_(azur_lane),1155
ankle_wrap,1155
saga_(arknights),1155
sakiyamama,1155
kohinata_miho,1154
hellandheaven,1154
floating_sword,1154
green_hood,1154
shengtian,1154
red_tube_top,1154
wiping_mouth,1154
ushiromiya_maria,1154
celica_(fire_emblem),1153
nintendo_3ds,1153
whislash_(arknights),1153
goma_(yoku_yatta_hou_jane),1153
en'en_no_shouboutai,1153
haimura_kiyotaka,1153
mojyo,1152
grand_scale,1152
dejiko,1152
grabbing_another's_ear,1152
type_95_(girls'_frontline),1152
kazama_asuka,1152
miyagoe_yoshitsuki,1152
yatadera_narumi,1152
obese,1152
gradient_skirt,1151
dottore_(genshin_impact),1151
on_scooter,1151
tooth,1151
master_detective_archives:_rain_code,1151
viper_(nikke),1150
rudeus_greyrat,1150
naked_tabard,1150
griseo,1150
screen_light,1150
crocodile_(one_piece),1150
papa_(shimeguru),1150
digital_dissolve,1150
triangle-shaped_pupils,1150
hataraku_maou-sama!,1150
yin_(darker_than_black),1150
ijichi_seika,1150
nekomusume_(gegege_no_kitarou_6),1150
swim_goggles,1149
pen_in_pocket,1149
fakemon,1149
freminet_(genshin_impact),1149
pochimaru_(marumaru_wanwan),1149
tandohark,1149
hooded_shirt,1149
celebi,1149
tezcatlipoca_(fate),1149
stuffed_sheep,1148
high_five,1148
fish_tank,1148
exploding_clothes,1148
yellow_bandana,1148
mikumikudance_(medium),1148
multicolored_ribbon,1148
morino_hon,1148
maya_fey,1148
wreckage,1148
chise_(blue_archive),1147
purple_headband,1147
mask_lift,1147
grey_outline,1147
shampoo_bottle,1147
sheep_tail,1147
nironiro,1147
swablu,1147
kemachiku,1147
paint_on_body,1146
brown_long-eared_bat_(kemono_friends),1146
v-taper,1146
seele_(honkai:_star_rail),1146
azumanga_daioh's_school_uniform,1146
star_platinum,1146
oda_nobukatsu_(fate),1146
quanxi_(chainsaw_man),1146
bead_choker,1145
perfect_cherry_blossom,1145
brown-tinted_eyewear,1145
kamogawa_tanuki,1145
whip_marks,1145
queen_draco_(fate),1145
hanami,1144
on_rooftop,1144
bell_earrings,1144
blue_pikmin,1144
holding_pastry_bag,1144
shiratsuyu_kai_ni_(kancolle),1144
natsuiro_matsuri_(1st_costume),1144
holding_mallet,1144
fluorescent_lamp,1144
holding_paddle,1143
mtu_virus,1143
triangular_eyewear,1143
black_vs_white,1143
spoken_zzz,1143
kisaragi_shintarou,1143
athrun_zala,1143
crack_of_light,1142
naruse_shiroha,1142
headwear_request,1142
okusawa_misaki,1142
anya_melfissa,1142
eva_02,1142
leo_(fire_emblem_fates),1142
ots-14_(girls'_frontline),1142
izumi-no-kami_kanesada,1142
kujou_karen,1142
aru_(dress)_(blue_archive),1142
travel_attendant,1142
sorcerer_(ragnarok_online),1142
pov_breasts,1141
layered_gloves,1141
piccolo,1141
heart-shaped_boob_challenge,1141
sensei_(blue_archive_the_animation),1141
sixteenth_note,1141
covered_anus,1141
tying,1141
eunectes_(arknights),1141
celes_chere,1140
frilled_shawl,1140
guardian_tales,1140
orange_bra,1140
lenna_charlotte_tycoon,1140
kiki_(majo_no_takkyuubin),1140
yamagumo_(kancolle),1140
jeanne_d'arc_alter_(avenger)_(third_ascension)_(fate),1140
yellow_mask,1140
yes!_precure_5_gogo!,1140
kaai_yuki,1139
power_connection,1139
anal_only,1139
rokuwata_tomoe,1139
peach88,1139
eudetenis,1139
translucent_bunnysuit,1139
ikusaba_mukuro,1138
yakumo_beni,1138
bismarck_(azur_lane),1138
clothes_on_floor,1138
tart_(food),1138
weights,1137
diorama,1137
annotation_request,1137
marill,1137
owari_no_seraph,1137
riolu,1137
pussy_focus,1137
mud,1137
final_fight,1137
humboldt_penguin_(kemono_friends),1137
kotori_(blue_archive),1137
yagate_kimi_ni_naru,1136
cloud_tattoo,1136
heart_halo,1136
meremero,1136
melia_antiqua,1135
amane_kanata_(work),1135
kiana_kaslana_(herrscher_of_flamescion),1135
wooper,1135
lugia,1135
grand_theft_auto,1134
collared_leotard,1134
sky_print,1134
luo_tianyi,1134
sagiri_(kancolle),1134
nt00,1134
abigail_williams_(traveling_outfit)_(fate),1134
uzaki_tsuki,1134
reisen_(touhou_bougetsushou),1134
tomato_slice,1133
inui_toko_(1st_costume),1133
greem_bang,1133
holding_cookie,1133
pink_buruma,1133
berserker_(fate/zero),1133
mini_chef_hat,1132
midori_(maid)_(blue_archive),1132
fkey,1132
anna_(frozen),1132
akara_kai,1132
white_rabbit_(alice_in_wonderland),1132
flower_over_mouth,1132
magic_knight_rayearth,1132
varied_reactions,1131
boxing,1131
cue_stick,1131
wing_ears,1131
miyamoto_iori_(fate),1131
usada_hikaru,1131
super_saiyan_blue,1131
railroad_crossing,1131
samuel_b._roberts_(kancolle),1130
pumpkin_hair_ornament,1130
roma_(kancolle),1130
cuisses,1130
cello,1129
halter_leotard,1129
fireball,1129
ikaruga_luca,1129
dragon_quest_builders_2,1129
romani_archaman,1129
ribbon_earrings,1128
kurokami_fubuki,1128
aqua_scarf,1128
kami_jigen_game_neptune_v,1128
ferry_(granblue_fantasy),1128
sayagata,1128
vertical-striped_panties,1127
licking_testicle,1127
japari_bun,1127
samip,1127
nayuta_(chainsaw_man),1126
rin_(blue_archive),1126
quad_braids,1126
holding_hair_dryer,1126
desert_eagle,1126
censored_with_cum,1126
flippers,1126
mashiro_yukiya,1126
strapless_bottom,1126
sado_(kancolle),1126
head_between_thighs,1125
doom_(series),1124
lazy_eye,1124
penis_measuring,1124
suou_patra,1124
stage_curtains,1124
lala_satalin_deviluke,1124
hieroglyphics,1124
cupboard,1123
patterned,1123
asakura_karen_(heaven_burns_red),1123
pickup_truck,1123
cute_&_girly_(idolmaster),1123
orange_sash,1122
hand_on_another's_knee,1122
company_logo,1122
scanty_(psg),1122
asymmetrical_pants,1122
projekt_red_(arknights),1122
prostration,1122
taimanin_yukikaze,1122
togepi,1121
wind_turbine,1121
troll_face,1121
single_mechanical_hand,1121
kamille_bidan,1120
crossed_wrists,1120
spiked_armor,1120
jug_(bottle),1120
kitahama_(siroimakeinu831),1120
jeno,1120
m16,1120
grey_eyeshadow,1119
foot_dangle,1119
camera_flash,1119
saya_no_uta,1119
exoskeleton,1119
hong_(white_spider),1119
annin_musou,1119
fukuzawa_yumi,1119
hotpot,1119
ampharos,1119
sun_print,1119
franky_(one_piece),1118
arcane_vi,1118
st._louis_(luxurious_wheels)_(azur_lane),1118
nadia_la_arwall,1118
hiyajou_maho,1118
ergot,1118
panzer_iv,1118
blue_male_underwear,1118
bikini_top_aside,1117
transverse_flute,1117
long_toenails,1117
shoulder_plates,1117
food_name,1117
sun_earrings,1117
implied_cunnilingus,1117
mika_pikazo,1117
harada_(sansei_rain),1117
yoshi,1117
blue_mask,1117
nina_(fire_emblem),1117
aragaki_shinjirou,1116
egg_laying,1116
highschool_of_the_dead,1116
inuyasha_(character),1116
omachi_(slabco),1116
ibuki_fuuko,1116
silver_bracelet,1116
cupless_bikini,1116
roto_(dq3),1116
vane_(granblue_fantasy),1116
netzach_(project_moon),1116
convertible,1116
ass_press,1116
bai_lao_shu,1116
mercedes_von_martritz,1115
konoka_(blue_archive),1115
two-tone_vest,1115
oddish,1115
fumio_(ura_fmo),1115
doraemon_(character),1114
very_long_ears,1114
sylvain_jose_gautier,1114
orange_sclera,1114
criis-chan,1114
sukonbu_(shirakami_fubuki),1114
abigail_williams_(swimsuit_foreigner)_(third_ascension)_(fate),1114
iv_stand,1114
ciel_phantomhive,1114
cross_tattoo,1114
narutomaki,1114
deyui,1113
two-tone_mask,1113
hand_on_own_penis,1113
getter_robo,1113
guardians_of_the_galaxy,1113
slaine_troyard,1113
large_syringe,1112
kazami_yuuka_(pc-98),1112
grabbing_another's_face,1112
minigun,1112
pinstripe_vest,1112
eva_01,1112
white_slingshot_swimsuit,1112
orca,1111
daiaru,1111
ssrb_(shishiro_botan),1111
high-visibility_vest,1111
gradient-tinted_eyewear,1111
shiina_yuika_(1st_costume),1111
undersuit,1110
tickling_armpits,1110
black_sarong,1110
shadowheart_(baldur's_gate),1110
implacable_(azur_lane),1109
sekaiju_no_meikyuu_1,1109
king's_raid,1109
chou-10cm-hou-chan,1109
talulah_(arknights),1109
aster_crowley,1109
taneshima_popura,1109
kusaka_souji,1109
brown_shawl,1109
pannacotta_fugo,1109
vertical-striped_vest,1109
suzukaze_aoba,1109
kinugasa_kai_ni_(kancolle),1109
riyo_(lyomsnpmp)_(style),1108
arcanine,1108
caracal_(kemono_friends),1108
kurumi_noah,1108
fading,1108
fern,1108
sen_to_chihiro_no_kamikakushi,1108
clarisse_(granblue_fantasy),1108
iizuki_tasuku,1108
implied_pregnancy,1107
brand_new_animal,1107
baseball_jersey,1107
bralines,1107
gigantamax,1107
blacknirrow,1107
robot_boy,1106
kabayaki_(kabayaki_eel),1106
iridescent,1106
nekota_tsuna,1106
venat_(ff14),1106
imperial_japanese_army,1106
dream_soul,1106
haru_(nakajou-28),1106
magic:_the_gathering,1106
mascot_costume,1106
guzma_(pokemon),1106
utsumi_erice,1105
transparent_border,1105
disneyland,1105
menacing_(jojo),1105
animal_charm,1105
wok,1105
ouro_kronii_(casual),1104
assassin_(fate/zero),1104
tooth_earrings,1104
assisted_rape,1104
arbok,1104
kirby_and_the_forgotten_land,1104
fukumoto_mahjong,1104
chest_tuft,1104
rainbow_mika,1104
mogudan,1104
keqing_(opulent_splendor)_(genshin_impact),1103
black_souls_2,1103
bluesky_logo,1103
bagpipe_(arknights),1103
arms_(game),1103
mismagius,1103
wavy_sidelocks,1103
lady_(devil_may_cry),1103
magia_baiser,1102
do_m_kaeru,1102
saori_(dress)_(blue_archive),1102
tuxedo_cat,1102
klein_moretti,1102
blue_mittens,1102
shirogane_noel_(casual),1102
"don't_say_""lazy""",1102
rei_(pokemon),1102
steve_rogers,1101
trish_una,1101
grecale_(kancolle),1101
akitsushima_(kancolle),1101
mukai_takumi,1101
arms_on_table,1101
feet_only,1101
energy_blade,1101
error_message,1100
price_tag,1100
flcl,1100
mononoke_hime,1100
italian_text,1100
scanlines,1100
taimanin_rpgx,1100
hagoonha,1100
kuro_kosyou,1100
covering_with_blanket,1099
green_tongue,1099
iron_bars,1099
takamiya_rion,1099
catsuit,1099
yofukashi_no_uta,1099
sukusuku_hakutaku,1099
armored_skirt,1099
checkered_ribbon,1099
tengu_mask,1098
wireless_earphones,1098
sunnysideup,1098
tall_grass,1097
blue_bandeau,1097
masu,1097
awa,1097
grandia,1096
mikagami_hiyori,1096
kobayashi_(maidragon),1096
cleaning_rag,1096
snake_tattoo,1095
orange_trim,1095
melony_(pokemon),1095
sanbaka_(nijisanji),1095
team_9_(touhou),1095
shin_megami_tensei_v,1094
lion_(kemono_friends),1094
kamen_rider_w,1094
vegetto,1094
aika_(series),1094
ryoji_(nomura_ryouji),1093
mary_(ib),1093
tsuyuri_kanao,1093
yuuji_(yukimimi),1093
blemishine_(arknights),1093
footwear_focus,1093
doro_(nikke),1093
tenchi_muyou!,1093
mejiro_bright_(umamusume),1093
ray_gun,1093
charlotte_(anime),1092
little_witch_nobeta,1092
richard_i_(fate),1092
neon_palette,1092
soap_(modern_warfare_2),1092
moomin,1092
plumeria,1092
aztodio,1092
hay,1092
roon_(azur_lane),1091
asirpa,1091
abigail_williams_(third_ascension)_(fate),1091
yellow_pajamas,1091
cure_happy,1091
anisphia_wynn_palettia,1091
koyorin,1091
uryuu_ryuunosuke,1091
curly_sidelocks,1090
spread_armpit,1090
square_enix,1090
party,1090
miraculous_ladybug,1090
ryugasaki_rene,1090
gold_anklet,1089
suzuka_gozen_(fate),1089
chocolate_making,1089
grey_one-piece_swimsuit,1089
liya,1089
flailing,1088
licking_breast,1088
kappa,1088
exhaling_smoke,1088
mimic,1088
iwbitu,1088
yuu_(twisted_wonderland),1088
xiangyun,1088
tape_on_nipples,1087
see-through_bikini,1087
penis_under_another's_clothes,1087
danua,1087
battleship,1087
moyoron,1087
cluseller,1087
balaclava,1087
erere,1087
cross-laced_cutout,1087
ligne_claire,1086
sketch_background,1086
manta_ray,1086
saya_(saya_no_uta),1086
gradient_kimono,1086
lamb-oic029,1086
van_gogh_(fate),1086
distr,1085
ryouma_(galley),1085
elvaan,1085
no_hair_ornament,1084
unworn_eyepatch,1084
blob,1084
lambda_(kusowarota),1084
fist_pump,1084
randal_ivory,1084
credits_page,1084
rachel_alucard,1084
bus_interior,1084
sailor_swimsuit_(idolmaster),1083
ashley_graham,1083
aki_(girls_und_panzer),1083
see-through_one-piece_swimsuit,1083
feater_(arknights),1083
subaru_nakajima,1083
momoi_(maid)_(blue_archive),1083
dragon_tattoo,1083
orange_juice,1082
princess_of_moonbrook,1082
arm_across_chest,1082
bolt_(hardware),1082
yunli_(honkai:_star_rail),1082
reed_the_flame_shadow_(arknights),1082
reshiram,1082
asaya_minoru,1082
:c,1082
school_of_fish,1081
rean_schwarzer,1081
species_connection,1081
fusuma,1081
source_mismatch,1081
otokura_yuuki,1081
mimonel,1081
holding_another's_tail,1080
color_trace,1080
gokuhara_gonta,1080
tsukiman,1080
source_quote,1080
shishio_chris,1080
hand_blush,1080
habsida_(habsida_hpy),1080
arinu,1079
peni_parker,1079
hand_milking,1079
cure_melody,1079
unfinished_dream_of_all_living_ghost,1079
fur_cuffs,1078
another_eidos-r,1078
kawakami_sadayo,1078
school_gym,1078
million_arthur_(series),1078
ych_commission,1078
horseshoe_hat_ornament,1077
hacka_doll,1077
nightstand,1077
lacus_clyne,1077
gawain_(fate),1077
condenser_unit,1077
hoshizuki_(seigetsu),1077
myth1carts,1077
the_owl_house,1076
concrete,1076
covering_own_ears,1076
sexual_coaching,1076
virgin_killer_outfit,1076
kondou_taeko,1076
baba_(baba_seimaijo),1076
cum_through_clothes,1076
helm_(nikke),1076
doitsuken,1076
z-ring,1076
sakurazawa_izumi,1076
haibara_ai,1075
yaopei,1075
chrono_cross,1075
maracas,1075
penis_tentacle,1075
yumeko_(touhou),1075
felix_hugo_fraldarius,1075
vehicle_and_personification,1075
raimon_soccer_uniform,1075
penis_in_panties,1074
halo_(series),1074
aqua_pupils,1074
aurora_(arknights),1074
voile,1074
phoenix,1074
shippou_(pattern),1073
uzumaki_boruto,1073
barbell,1073
idol_wars,1073
gladiia_(arknights),1073
hagoromo_lala,1073
holding_whistle,1073
yorick_(shiori_novella),1073
wall_lamp,1073
tarot_card,1073
bipod,1073
araragi_tsukihi,1072
shared_blanket,1072
bandana_around_arm,1072
cross-body_stretch,1072
komaki_manaka,1072
tear_grants,1072
touhou_cannonball,1072
cthulhu_mythos,1072
hyena_tail,1071
hugging_another's_leg,1071
shaking_head,1071
bradamante_(fate),1071
flapping,1071
bandages_over_clothes,1071
severed_hair,1071
emolga,1071
chomusuke,1071
monster_musume_no_iru_nichijou_online,1071
dissolving_clothes,1071
excessive_pussy_juice,1071
playing_with_another's_hair,1070
modare,1070
rinoa_heartilly,1070
elster_(signalis),1070
sakata_kintoki_(fate),1070
double_halo,1070
igarashi_kyoko,1070
ballpoint_pen_(medium),1070
ittokyu,1070
green_serafuku,1069
unworn_pants,1069
ovum_with_heart,1069
aquarion_(series),1069
izayoi_liko,1069
funada_kiito,1068
uncle_and_niece,1068
geeta_(pokemon),1068
shirayuki_hime,1068
atelier-moo,1068
choujikuu_yousai_macross,1068
apple_caramel,1068
zoids,1068
tenken_(gotannda),1068
applying_lipstick,1068
sei_shounagon_(fate),1067
matsubara_kanon,1067
see-through_shawl,1067
sono_hanabira_ni_kuchizuke_wo,1067
ichigo_(darling_in_the_franxx),1067
pink_crown,1067
holding_shower_head,1066
two-tone_panties,1066
v_over_head,1066
cutie_mark,1066
nijimura_okuyasu,1066
oktavia_von_seckendorff,1066
mazinger_(series),1066
mo_(kireinamo),1066
ghislaine_dedoldia,1066
hair_between_breasts,1066
unkempt,1065
puddinghomhom,1065
alternate_wings,1065
virtuareal,1065
lambdadelta,1065
aqua_sailor_collar,1065
rattle,1065
blue_nipples,1065
mundane_utility,1065
setz,1065
print_scarf,1064
pantyhose_under_swimsuit,1064
male_with_breasts,1064
fukidashi_cotton,1064
ominaeshi_(takenoko),1064
mochizuki_honami,1064
spacecraft_interior,1063
cherry_tomato,1063
holding_flashlight,1063
li_syaoran,1063
curiosities_of_lotus_asia,1063
blaziken,1063
grilling,1063
eve_(stellar_blade),1062
holding_own_foot,1062
thick_arm_hair,1062
starshadowmagician,1062
sayu_(genshin_impact),1062
hifumi_(swimsuit)_(blue_archive),1062
dilated_pupils,1062
tank_turret,1062
tojo_kirumi,1062
hatterene,1062
alcohol_carton,1062
dramatical_murder,1061
jaguar_girl,1061
torn_hat,1061
leg_cutout,1061
soda_kazuichi,1061
wonder_woman,1061
7010,1061
visual_novel,1061
inaba_shiki,1061
huyumitsu,1061
food_on_hand,1061
sound_effects_only,1061
mel_(melty_pot),1061
smegma,1060
pov_peephole,1060
print_sarong,1060
wakan_tanka,1060
naked_dress,1060
treecko,1060
swimsuit_skirt,1059
purple_arm_warmers,1059
jouga_maya,1059
wrong_foot,1059
kitashirakawa_tamako,1059
pink_fire,1059
kirishima_touka,1059
tanned_cirno,1059
haunter,1059
heart_print_panties,1058
aquiline_nose,1058
on_water,1058
lane_line,1058
umigarasu_(kitsune1963),1058
acolyte_(ragnarok_online),1058
hot_vr,1058
blanc_(nikke),1058
eclipse,1058
inkerton-kun,1057
pink_pubic_hair,1057
dark_souls_ii,1057
francesca_prelati_(fate),1057
drawing_on_another's_face,1057
other_with_female,1057
journey_to_the_west,1057
nanao_naru,1057
archetype_earth,1057
kage_no_jitsuryokusha_ni_naritakute!,1056
pa-san,1056
mizu_happi,1056
wisespeak,1056
club3,1056
sanageyama_uzu,1056
buena_vista_(umamusume),1056
single_bare_arm,1056
jin_(mugenjin),1056
rainbow_background,1055
cyrillic,1055
bishoujo_senshi_sailor_moon_r,1055
brown_bodysuit,1055
ben_bigger,1055
melina_(elden_ring),1055
g_(genesis1556),1055
guin_guin,1055
warlock_(ragnarok_online),1055
5others,1055
flower_to_mouth,1055
lace-trimmed_collar,1054
suzumi_(blue_archive),1054
casing_ejection,1054
eye_symbol,1054
diavolo,1054
jump_rope,1054
sway_back,1053
frostleaf_(arknights),1053
mechanic,1053
mifune_miyu,1053
bbb_(friskuser),1053
swinging_weapon,1053
crave_saga,1053
hinomori_shiho,1053
cure_march,1053
folded_clothes,1053
heart_ornament,1052
binary,1052
cherry_print,1052
roy_mustang,1052
nonco,1052
w_over_eye,1052
announcement_celebration,1052
razor_(genshin_impact),1052
asahi_breweries,1052
reloading,1052
roke_(taikodon),1052
sewayaki_kitsune_no_senko-san,1052
shichimenchou,1052
lunamaria_hawke,1052
adaman_(pokemon),1052
toriel,1052
rearing,1052
banana_peel,1051
pink_babydoll,1051
lace_thighhighs,1051
smelling_penis,1051
okina_ika,1051
bouncing,1050
amestris_military_uniform,1050
bruised_eye,1050
kousaka_kirino's_school_uniform,1050
shirabi,1050
nyarlathotep_(nyaruko-san),1050
texas_(willpower)_(arknights),1049
gradient_nails,1049
musket,1049
guoba_(genshin_impact),1049
camouflage_shirt,1049
sister_princess,1049
duct_tape,1049
wet_skirt,1049
sakura_laurel_(umamusume),1049
michiru_(blue_archive),1048
x_fingers,1048
holding_cigar,1048
takamori_aiko,1048
sainan_high_school_uniform,1048
zunusama,1048
catstudioinc_(punepuni),1048
yotsuba_alice,1048
warrior_(dq3),1048
inconvenient_breasts,1047
colored_lineart,1047
wiping,1047
cave_interior,1047
enemy_naval_mine_(kancolle),1047
merc_storia,1047
green_camisole,1047
fiery_background,1046
scathach_(piercing_bunny)_(fate),1046
country_connection,1046
syope,1046
lili_(tekken),1045
hawk,1045
dirt_road,1045
slouching,1045
cis_(carcharias),1045
arcade,1045
horikawa_kunihiro,1045
animal_around_neck,1045
face_in_ass,1045
world_is_mine_(vocaloid),1045
shinigami,1044
finger_sucking,1044
cooperative_handjob,1044
glass_door,1044
aoi_masami,1044
heavy,1044
clothes_theft,1044
kobayakawa_sae,1044
naruto:_the_last,1043
underworld_(ornament),1043
weapon_bag,1043
pants_under_dress,1043
snowbreak:_containment_zone,1043
cross-laced_corset,1043
metroid_(creature),1043
lindaroze,1042
spiked_headband,1042
subaru_duck,1042
nardack,1042
kalina_(girls'_frontline),1042
torn_bike_shorts,1042
blue_blood,1042
digimon_adventure_02,1042
plackart,1041
stuffed_bird,1041
puzzle_piece,1041
kaho_(blue_archive),1041
manabe_nodoka,1041
fantia_reward,1041
hakase_fuyuki,1041
purple_camisole,1040
walker_(robot),1040
zenra,1040
season_connection,1040
red_sweater_vest,1040
mosin-nagant,1040
dinosaur_tail,1040
serperior,1040
hange_zoe,1040
hyena_girl,1039
sounding,1039
natsu_megumi,1039
thorns_(arknights),1039
cesario_(umamusume),1039
rayquaza,1039
arguing,1039
kanshou_&_bakuya_(fate),1039
mega_man_x_dive,1039
satou_daiji,1039
thigh_bow,1039
unworn_goggles,1039
hand_on_another's_wrist,1038
robin_(dc),1038
holding_orb,1038
diving,1038
blue_oni,1038
vira_(granblue_fantasy),1038
jjanda,1038
transmission_tower,1038
ragho_no_erika,1038
magolor,1037
yamabuki_high_school_uniform,1037
finger_tattoo,1037
mortarboard,1037
itini-sanshi,1037
anis_(sparkling_summer)_(nikke),1037
spam_(spamham4506),1037
beretta_1301,1036
relaxing,1036
uneven_footwear,1036
groceries,1036
yellow_umbrella,1036
kfr,1036
cuntboy,1035
short_braid,1035
40hara,1035
kohinata_miku,1035
zabaniyya_(housamo),1035
bell-bottoms,1035
videl,1034
muffin,1034
tofuubear,1034
taihou_(enraptured_companion)_(azur_lane),1034
coin_purse,1034
takoluka,1034
adventurer_(ff14),1034
shirayuki_tomoe,1034
asymmetrical_arms,1034
huge_horns,1034
leona_kingscholar,1034
hip_armor,1034
mistletoe,1034
2008,1033
kisaragi_(azur_lane),1033
eimi_(swimsuit)_(blue_archive),1033
nipple-to-nipple,1033
meltryllis_(swimsuit_lancer)_(second_ascension)_(fate),1033
taut_swimsuit,1033
conch,1033
prinny,1033
deadnooodles,1033
gold_buckle,1033
shout_lines,1032
fairy_leviathan_(mega_man),1032
purple_outline,1032
skeletal_hand,1032
translucent,1032
bosshi,1032
tiki_(young)_(fire_emblem),1032
sonic_the_hedgehog_(classic),1032
akashi_(azur_lane),1032
metal_baseball_bat,1031
hair_over_face,1031
problem_solver_68_(blue_archive),1031
uta_no_prince-sama,1031
euphyllia_magenta,1031
wet_face,1031
unfairr,1031
gesugao,1031
striped_leg_warmers,1031
rosa_(tears_of_themis),1031
hanafuda_earrings,1031
eiri_(eirri),1031
rei_no_pool,1030
sciamano240,1030
komone_ushio,1030
faris_scherwiz,1030
mahou_shoujo_madoka_magica_movie_1_&_2,1030
kenkou_cross,1030
niichi_(komorebi-palette),1030
snow_leopard_boy,1030
yoo_tenchi,1029
line_(naver),1029
vahn_yourdoom,1029
choufu_shimin,1029
lana's_mother_(pokemon),1029
black_bodystocking,1029
symmetrical_pose,1029
amazon_warrior,1028
chiikawa,1028
kon_kanaho,1028
hijiri_ageha,1028
hatsuharu_(kancolle),1028
fortified_suit,1028
knight_(hollow_knight),1028
purple_sarong,1028
dinergate_(girls'_frontline),1028
eroe,1028
bandaged_torso,1027
focalors_(genshin_impact),1027
billiard_ball,1027
turn_a_gundam,1027
akinbo_(hyouka_fuyou),1027
paw_hair_ornament,1027
turtwig,1027
coroha,1027
dick_grayson,1026
miku_symphony_(vocaloid),1026
recurring_image,1026
liquor,1026
kabocha_torute,1026
bennett_(genshin_impact),1026
klara_(pokemon),1026
takasuma_hiro,1026
tequila_(arknights),1026
panty_lift,1026
yae_miko_(fox),1026
sato_shin,1026
purple_hood,1026
pussy_cutout,1026
holding_pickaxe,1025
tanaka_gundham,1025
smeared_lipstick,1025
ayanami_(retrofit)_(azur_lane),1025
e20,1025
whip_sword,1025
majin_android_21,1025
roxie_(pokemon),1025
sage_(dq3),1024
alisa_(girls_und_panzer),1024
food_insertion,1024
o-ring_collar,1023
leaf_background,1023
hair_over_one_breast,1023
crow_(la+_darknesss),1023
amagi_(kancolle),1023
right-over-left_kimono,1023
commandant_teste_(kancolle),1023
canteen,1023
atdan,1023
fuyutsuki_(kancolle),1023
kyata_ti666,1023
low_drills,1022
pillory,1022
nemophila_(flower),1022
nishieda,1022
mutsuki_kai_ni_(kancolle),1022
rosary,1022
untue,1022
sega,1022
matsuwa_(kancolle),1022
double_exposure,1021
paizuri_invitation,1021
lin_(arknights),1021
ookami_(game),1021
raptor7,1020
perth_(kancolle),1020
rurouni_kenshin,1020
captain_america,1020
single_half_glove,1020
fender_jazz_bass,1020
comet,1020
aketa_mikoto,1019
sakimichan,1019
no+bi=,1019
yosuga_no_sora,1019
fujisaki_hikari,1019
machismo_fuji,1019
heart_arms,1019
holding_own_wrist,1019
red_panda_tail,1018
pink_sarong,1018
makoto_(street_fighter),1018
hammann_(azur_lane),1018
victorian_maid,1018
imminent_hug,1017
yagami_hikari,1017
yuni_(princess_connect!),1017
tankard,1017
flattop,1017
yuudachi_(azur_lane),1017
wing_piercing,1017
bond_(spy_x_family),1017
sothis_(fire_emblem),1017
estelle_bright,1016
ballistic_shield,1016
pink_feathers,1016
mystical_high_collar,1016
non_(z-art),1016
oimanji,1016
radar_hair_ornament,1016
mansion,1016
single_drill,1015
food-themed_creature,1015
rangycrow,1015
higurashi_kagome,1015
kuonji_alice,1015
whispering_in_ear,1015
blue_hanfu,1014
revealing_layer,1014
viewer_on_leash,1014
gray_(fate),1014
mikazuki_(kancolle),1014
holding_handkerchief,1014
head_on_arm,1014
laser_sight,1014
airani_iofifteen,1014
hope's_peak_academy_school_uniform,1014
tsurui,1013
feet_on_table,1013
nagian,1013
kamiya_maneki,1013
yuri_plisetsky,1013
charmeleon,1013
tony_stark,1013
sleeve_rolled_up,1013
sukeban,1013
stheno_(fate),1012
ringeko-chan,1012
hella_p,1012
mermaid_melody_pichi_pichi_pitch,1012
karina_lyle,1012
purple_corset,1012
off-shoulder_coat,1012
yuuki_hagure,1012
viy_(fate),1012
rom_(20),1012
mismatched_wings,1011
billiard_table,1011
graf_zeppelin_(azur_lane),1011
missing_eye,1011
sora_(blue_archive),1011
bb_(swimsuit_mooncancer)_(third_ascension)_(fate),1011
fading_border,1011
nigari_(ngari_0115),1011
silver_necklace,1010
mauser_98,1010
naka_kai_ni_(kancolle),1010
murata_range,1010
garry_(ib),1010
twin_(tt_lsh),1009
kaga_sumire,1009
shino_to_ren,1009
hair_belt,1009
rui_(sugar3),1008
hoshino_ruri,1008
cum_on_back,1008
spiral-only_eyes,1008
beach_volleyball,1007
rhine_lab_logo,1007
yellow_tulip,1007
geewhy,1007
melon_soda,1007
skeletal_arm,1007
kinu_(kancolle),1007
shoulder_patch,1007
no-kan,1006
grey_pubic_hair,1006
tea_party_(blue_archive),1006
pas_(paxiti),1006
isshi_pyuma,1006
beaker,1006
zara_(poolside_coincidence)_(azur_lane),1006
arc_the_lad,1006
bishoujo_senshi_sailor_moon_(first_season),1006
lucas_(mother_3),1006
hiodoshi_ao,1006
washing_hair,1006
oran_berry,1005
circular_saw,1005
m&m_(mickey_and_mackey),1005
to_be_continued,1005
tanigaki_genjirou,1005
broken_heart_hair_ornament,1005
strike_the_blood,1005
cbt,1005
hairstyle_switch,1004
evoker,1004
dragon_ball_heroes,1004
topu,1004
manya_(dq4),1004
trapped,1004
plug_(piercing),1004
sweater_pull,1004
ptilopsis_(arknights),1004
moth_wings,1003
solid_snake,1003
blue_eyeliner,1003
on_box,1003
pravda_military_uniform,1003
adsouto,1003
andira_(granblue_fantasy),1003
see-through_mask,1003
yoshida_hirofumi,1002
neco-arc,1002
magallan_(arknights),1002
maruki_(punchiki),1002
telstar,1002
dead_master,1002
curved_horns,1002
grabbing_own_thigh,1002
trinity_general_school_swimsuit,1002
akaboshi_koume,1002
yaoyao_(genshin_impact),1002
pekoyama_peko,1002
varniskarnis,1002
train_station_platform,1001
sora_no_otoshimono,1001
titan_(shingeki_no_kyojin),1001
orange_wings,1001
miss_cloud,1001
kei_jiei,1001
drawn_wings,1001
hayabusa_(vert_320),1001
ky_kiske,1001
tantei_opera_milky_holmes,1001
apple_hair_ornament,1001
cleveland_(azur_lane),1001
dark_areolae,1001
ein_(blue_archive),1001
drag-on_dragoon_3,1000
sakuramori_kaori,1000
airfield_princess,1000
maoyuu_maou_yuusha,1000
oni-noboru,1000
konnyaku_(kk-monmon),1000
liang_xing,1000
wooloo,1000
mugshot,1000
puffy_chest,1000
lucifer_morningstar_(hazbin_hotel),1000
kriss_vector,1000
single_elbow_pad,999
sen_no_kiseki_iv,999
holding_pendulum,999
silent_magician,999
ao_no_exorcist,999
himiya_jouzu,999
skull_hat_ornament,999
tolkien's_legendarium,999
dot_(pokemon),999
lance_of_longinus_(evangelion),999
dragon_ball_super_super_hero,999
spoken_x,999
typhon_(arknights),999
print_socks,998
zebra_print,998
mega_ring,998
gradient_jacket,998
print_swimsuit,998
ooi_kai_ni_(kancolle),998
inflatable_whale,998
brown_overalls,998
magik_(x-men),997
neoartcore,997
ambrosia_(dungeon_meshi),997
akkijin,997
nakagawa_natsuki,997
stop_sign,997
takanashi_kiara_(casual),997
peroponesosu.,997
cervical_penetration,997
santa_claus,997
kousaka_kyousuke,997
ogerpon,997
flower_focus,997
mewo,996
akiha_rumiho,996
iino_miko,996
spray_bottle,996
standard_bearer,996
chiaki_(blue_archive),995
2005,995
cow_costume,995
dead_or_alive_xtreme,995
winking_(animated),995
hikawa_shou,995
shexyo,995
screw_in_head,995
rieszverne_suzette_paladill,995
jeanne_d'arc_(third_ascension)_(fate),995
tile_roof,995
aino_megumi,994
spiked_boots,994
laundry_dragonmaid,994
heracles_(fate),994
asakaze_(kancolle),994
flintlock,994
inari_one_(umamusume),994
pebble_(koseki_bijou),993
resident_evil_5,993
tales_of_destiny,993
map_(object),993
kagehira_mika,993
tiamat_(fate),993
detached_pants,993
2007,993
bad_instagram_id,993
holding_duster,993
captive_bead_ring,993
changing_room,993
akira_(manga),992
chi-hatan_military_uniform,992
padded_jacket,992
dusk_ball,992
megaman.exe,992
blastoise,992
inward_v,992
waka_(wk4444),992
en_pointe,991
namekian,991
yami_yugi,991
misaki_high_school_uniform,991
green_hanfu,991
sekiro:_shadows_die_twice,991
penis_on_stomach,991
stahlhelm,991
kakure_eria,991
tsuchinoko_(kemono_friends),991
kadoc_zemlupus,991
chicken_leg,991
kingdom_hearts_iii,991
sazaki_ichiri,991
box_tie,991
cure_peach,991
reijo_(blue_archive),990
welt_(kinsei_koutenkyoku),990
le_malin_(listless_lapin)_(azur_lane),990
filia_(skullgirls),990
xenoblade_chronicles_3:_future_redeemed,990
hyakumantenbara_salome_(1st_costume),990
rozaliya_olenyeva,990
hanging_scroll,990
toothpick,989
red_veil,989
hands_on_another's_stomach,989
psd_available,989
miyagawa_takane,989
cardcaptor_sakura_clear_card_arc,989
owari_(azur_lane),989
chocolate_chip_cookie,989
rabbit_on_head,989
fairy_kei,989
eto_(ikumika),989
ino_(magloid),989
roger_(guilty_gear),989
regulus_(reverse:1999),988
yunaka_(fire_emblem),988
rikatan,988
thomas_8000,988
mohammed_avdol,988
crown_of_thorns,987
kamisato_ayaka_(springbloom_missive),987
toothbrush_in_mouth,987
blew_andwhite,987
crossed_belts,987
kiwi_slice,987
mature_eyes,987
riza_hawkeye,987
mismatched_eyelashes,987
halfling,987
darumoon,987
saotome_alto,987
afterword,987
furious,986
ichikawa_kyoutarou,986
flower_basket,986
tonari_no_totoro,986
koutetsujou_no_kabaneri,986
hase_yu,986
kurokawa_eren,986
mousetrap,986
honma_himawari,985
kickboard,985
galleon_(granblue_fantasy),985
franka_(arknights),985
chocolate_on_face,985
sugimori_ken,985
liz_(piyoko_piyop),985
gavial_(arknights),985
kuga_natsuki,985
mishaguji,985
muririn,985
character_hood,985
sei_(kaien_kien),985
hades_1,984
spade_tattoo,984
spas-12_(girls'_frontline),984
elesis_(elsword),984
hands_on_floor,984
motosu_school_uniform,984
chocolate_syrup,984
flaming_hand,984
original_race_uniform_(umamusume),984
hinamori_amu,984
pleated_sleeves,984
alastor_(hazbin_hotel),984
atelier_ryza_2,984
cum_bubble,983
superman,983
tenkajin_chiyari,983
khyle.,983
chiyoda_(kancolle),983
shimiko_(blue_archive),983
persona_2,983
spicy_nun_(diva),983
kishinami_(kancolle),982
crisis_management_form_(machikado_mazoku),982
blue_tube_top,982
popsicle_stick,982
racing,982
tokyo_mew_mew,982
villager_(animal_crossing),981
undyne,981
celine_(fire_emblem),981
privaty_(nikke),981
green_suit,981
annette_fantine_dominic,981
nyon_(cookie),981
shamoji,981
watercolor_effect,981
lightning_ahoge,981
variable_fighter,981
sydus,981
shalom_(path_to_nowhere),981
ak-47,981
split-color_clothes,981
black_shawl,981
dark_pit,981
typing,981
mygo!!!!!_(bang_dream!),980
senkawa_chihiro,980
ray.s,980
i-no,980
millie_parfait,980
shiny_eyes,980
lasterk,980
implied_incest,979
saitou_hajime_(fate),979
eotech,979
inukai_iroha,979
capriccio,979
conte_di_cavour_(kancolle),979
kayneth_el-melloi_archibald,979
wada_arco,979
;(,978
primarch,978
black_crown,978
kamelie,978
hospital_king,978
riku_(kingdom_hearts),978
koyuki_(kotatsu358),977
biwa_lute,977
hikage_(senran_kagura),977
futari_wa_precure_splash_star,977
naizuri,977
toudou_shimako,977
aozora_market,977
oyakodon_(sex),976
red_car,976
print_pajamas,976
kadomatsu,976
clodsire,976
sailor_saturn,976
over_the_knee,975
eizouken_ni_wa_te_wo_dasu_na!,975
brand_of_the_exalt,975
silver_earrings,975
shinshuu_maru_(kancolle),975
bellflower,975
tamagotchi,975
hololive_idol_uniform_(bright),975
see-through_gloves,975
glass_table,975
peony_print,975
shuriken_hair_ornament,975
dynamite,975
nanashi_mumei_(emo),975
pear,975
hisuian_zorua,974
dying,974
lvl_(sentrythe2310),974
magic_kaito,974
u_u_zan,974
gashi-gashi,974
ainu,974
liskarm_(arknights),974
warfarin_(arknights),973
initial,973
xie_lian,973
horiguchi_yukiko,973
shorts_tan,973
ai_ai_gasa,973
nekomonogatari,973
destiny_child,973
breath_of_fire_ii,973
kakegurui,973
idolish7,973
andrew_graves,973
shoukaku_(azur_lane),973
aragaki_ayase,973
yume_no_owari,973
print_hat,973
shirow_masamune,973
v-bangs,973
aono3,973
trowel,973
black_claws,972
arm_on_own_head,972
yorita_yoshino,972
felyne,972
fugtrup,972
time_stop,972
okunoda_miyoi,972
fuji_(pixiv24804665),972
janus_(kancolle),972
katsura_hinagiku,972
testicle_peek,971
chengongzi123,971
white_tulip,971
the_elder_scrolls_v:_skyrim,971
nanodesu_(phrase),971
school_rumble,971
jingwei_(bird),971
henshin_pose,971
rindou_mikoto,971
flying_button,970
fishbowl,970
laguz_(fire_emblem),970
luke_fon_fabre,970
decrilus,970
mia_(fire_emblem),970
calvin_klein,970
creeper,970
syuri22,970
suujiniku,970
nyaru_(nyaru_4126),969
tied_ears,969
jeanne_d'arc_alter_(avenger)_(first_ascension)_(fate),969
paul_bunyan_(fate),969
miracle_mallet,969
itou_kaiji,969
yang_guifei_(second_ascension)_(fate),969
ishii_hisao,969
applin,969
nail_polish_bottle,969
taut_bodysuit,968
holding_petal,968
atago_(stunning_speedster)_(azur_lane),968
mimic_chest,968
kotegawa_yui,968
usa37107692,968
shirokane_rinko,968
miyase_mahiro,968
egyptian_mythology,968
hiding_behind_another,968
short_male,968
shibasaki_shouji,968
lace_background,968
holding_star,967
bad_poipiku_id,967
poison,967
slowpoke,967
cosmos_(flower),967
yoneme_mei,967
redrop,967
aquila_(kancolle),967
himeyamato,967
tactile_paving,967
sui-feng,967
black_cat_(marvel),966
hook_hand,966
joker_(playing_card),966
natsume_kyousuke,966
kamiina_botan,966
striped_neckerchief,966
greek_mythology,966
non-circular_lens_flare,966
tieria_erde,966
ayane_(doa),966
noctis_lucis_caelum,966
meer_campbell,966
ethereal_(zenless_zone_zero),965
kagemori_michiru,965
yume_2kki,965
sakawa_(kancolle),965
wakamezake,965
spread_navel,965
champagne_bottle,965
natalia_(idolmaster),965
na-ga,965
himesaka_noa,965
nanami_(nunnun_0410),965
achilles_(fate),965
lycanroc,965
sound_horizon,965
yukataro,965
paralyzer,965
miquella_(elden_ring),965
glasgow_smile,965
japan_self-defense_force,964
asahina_aoi,964
witches_of_africa,964
yakisoba,964
cum_on_floor,964
unhappy,963
buggy_the_clown,963
padlocked_collar,963
persona_4:_the_ultimate_in_mayonaka_arena,963
mysterious_heroine_x_(fate),963
m_k,963
chai_(drawingchisanne),963
mignon,963
heart_lock_(kantai_collection),963
monety,963
sakata_nemuno,963
elena_(street_fighter),963
print_bodysuit,962
boppin,962
daiichi_ruby_(umamusume),962
clinging,962
shigino_sohuzi,962
shigure_(hot_spring)_(blue_archive),962
tanikaze_(kancolle),962
alternate_pectoral_size,962
twintails_day,962
options,962
azasuke,962
mitsudomoe_(manga),962
mini_witch_hat,961
tekken_7,961
lain_paterson,961
igote,961
music_video,960
seraph,960
gryebooks,960
blood_in_mouth,960
pixiv_fantasia_5,960
crucifixion,960
see-through_pantyhose,960
breast_zipper,959
jinshi_(kusuriya_no_hitorigoto),959
yoshizaki_mine,959
yaneko_uta,959
agent_aika,959
at2.,959
ryusei_hashida,959
megido72,959
gundam_0083,959
thick_navel_hair,959
puyo_(puyopuyo),959
quad_drills,958
cream_the_rabbit,958
lil-la_(yu-gi-oh!),958
cad_(caddo),958
plain_doll,958
ke-ta,958
pill_hair_ornament,957
aqua_coat,957
seed,957
mikko_(girls_und_panzer),957
bull,957
shiraishi_tsumugi,957
starfire,956
crutch,956
hedge,956
tiefling,956
scarlet_(nikke),956
jester_costume,956
stone_walkway,956
liquid_clothes,956
menotama,956
outstretched_legs,956
shimouki_izui,955
backless_shirt,955
hands_on_another's_neck,955
removing_eyewear,955
unicorn_horn,955
shinonome_nano,955
licking_own_finger,955
adoptable,955
expression_chart,955
oroborus,954
kou_mashiro,954
deep_wound,954
arrow_in_body,954
aikawa_ryou,954
udon,954
saru,954
aki99,954
studded_gloves,954
flight_suit,954
froslass,954
frilled_babydoll,953
kuradoberi_jam,953
soukou_akki_muramasa,953
yumi_(bow),953
x_arms,953
multicolored_armor,953
higuchi_kaede_(1st_costume),953
tall_hair,953
eonsang,953
razor_blade_hair_ornament,953
unworn_necklace,953
judgement_(helltaker),953
nekoya_(liu),953
anjou_naruko,953
bisexual_male,953
senbei,953
sakino_shingetsu,953
panties_around_one_ankle,952
rubik's_cube,952
navi,952
angra_mainyu_(fate),952
star_ocean:_anamnesis,952
kishida_shiki,952
crash_fever,952
bishoujo_senshi_sailor_moon_supers,952
st._theresa's_girls_academy_school_uniform,952
beatrix_(granblue_fantasy),951
bag_over_head,951
ciel_(mega_man),951
mitsumi_misato,951
pointing_down,951
adjusting_another's_clothes,951
voms,951
looking_at_self,951
omone_hokoma_agm,951
juusan_kihei_bouei_ken,951
tsukumo_kazuita,950
cinnamiku,950
condom_left_inside,950
shaped_pubic_hair,950
email_address,950
gaou_(umaiyo_puyoman),950
ankha_(animal_crossing),950
86_-eightysix-,950
bishamonten's_spear,949
anti-aircraft_gun,949
yagami_taichi,949
bad_weibo_id,949
sharing_food,949
keith_goodman,949
marugoshi_(54burger),949
apollo_justice,949
character_mask,949
archon_mark,949
hibiki_(zerocodo),949
homura_(senran_kagura),949
toaru_kagaku_no_railgun_t,948
print_innertube,948
spurs,948
dracu-riot!,948
ibuki_(street_fighter),948
blocking,948
vomiting,948
kara_(color),948
hugging_own_tail,948
mejiro_ryan_(umamusume),948
puru_two,948
li_yuting_(male),948
ichigaya_arisa,948
k.s.miracle_(umamusume),948
todo_yurika,948
akagi:_yami_ni_oritatta_tensai,948
shin_(new),948
jack_frost_(megami_tensei),947
extra_legs,947
jiaozi,947
kaiba_seto,947
priest_(dq3),947
bandaid_on_shoulder,946
fly,946
person_on_head,946
intertwined_tails,946
hibiki_ryouga,946
shirabe_ako,946
ateoyh,946
gavis_bettel,946
60+fps,946
hamao,946
morrigan_aensland_(cosplay),946
kyuudou,946
fio_germi,946
hotarumaru,946
studying,945
frilled_vest,945
neck_warmer,945
dragon_ball_(object),945
genyaky,945
male_endministrator_(arknights),945
sakuragi_hanamichi,945
wooden_box,945
shindou_takuto,945
stocks,944
okita_sougo,944
sextuplets,944
saunders_school_uniform,944
siu_(siu0207),944
i.u.y,944
ayatsuji_tsukasa,943
toaru_kagaku_no_mental_out,943
enraku_tsubakura,943
typhlosion,943
kusanagi_tonbo,943
shiratama_(shiratamaco),943
bikini_in_mouth,943
chado,943
crosshair,942
aegis_sword_(xenoblade),942
st._chronica_academy_school_uniform,942
purple_wrist_cuffs,942
aqua_horns,942
brown_bear_(kemono_friends),942
jessica_albert,942
naegi_komaru,941
high-low_skirt,941
laboratory,941
kido_tsubomi,941
komaku_juushoku,941
sparse_arm_hair,941
glass_slipper,940
dullahan,940
apple_slice,940
sengoku_musou,940
harukaze_(kancolle),940
front-tie_bra,940
sooon,940
pendant_watch,940
aquarion_evol,940
piano_print,940
kousaka_umi,940
reverse_ryona,939
fighting_game,939
grey_male_underwear,939
ho-oh,939
quilted_jacket,939
nassukun,939
momosuzu_nene_(1st_costume),939
sprout,939
bamboo_shoot,939
divine_gate,939
whimsicott,938
ankle_garter,938
kagura_suzu,938
pataneet,938
dyed_ahoge,938
porforever,938
ene_(kagerou_project),938
cocktail_shaker,938
haruno_haruka,938
moth_antennae,938
quagsire,938
catching,938
ornate_clothes,937
stacking,937
ashley_(warioware),937
belt_bag,937
plague_doctor_mask,937
military_operator,937
mismatched_horns,937
kiyama_satoshi,937
mtu_(orewamuzituda),937
chisel,936
spiked_helmet,936
shaymin_(land),936
holding_bird,936
hindenburg_(azur_lane),936
lifebuoy_ornament,936
nitocris_(swimsuit_assassin)_(fate),936
chaesu,936
penis_focus,936
kasumigaoka_utaha,936
grape_hair_ornament,936
a-chan_(hololive),935
iwatani_naofumi,935
asriel_dreemurr,935
workout_clothes,935
mole_on_chest,935
check_clothing,935
genshiken,935
fubuki_(swimsuit)_(blue_archive),935
yagisaka_seto,935
iron_saga,935
amane_suzuha,935
temari_ball,935
too_literal,934
barry_(pokemon),934
alena_(dq4),934
arm_sling,933
spray_paint,933
padded_coat,933
glowing_markings,933
panties_over_pantyhose,933
tsukimiya_ayu,933
miuku_(marine_sapphire),933
gambeson,932
hua_cheng,932
hat_pin,932
arezu_(pokemon),932
yun_jin_(genshin_impact),932
hangar,932
kuramochi_meruto,932
burnt,932
neta,932
neki_(wakiko),932
orihara_izaya,932
super_mario_bros._1,931
soy_sauce,931
honekoneko_(psg),931
fur_wrist_cuffs,931
kaze_no_tani_no_nausicaa,931
tofu,931
komatsu_eiji,931
dark_sakura,931
dirigible,931
lappland_(refined_horrormare)_(arknights),931
buneary,931
red_hood_(dc),931
nefertari_vivi,930
zootopia,930
carried_breast_rest,930
coffee_table,930
yuri_sakazaki,930
eye_black,930
unworn_slippers,930
sirius_(azure_horizons)_(azur_lane),930
mutsuki_(dress)_(blue_archive),930
torisan,930
fever,930
idol_time_pripara,929
starmie,929
wonder_acute_(umamusume),929
lillian_girls'_academy_school_uniform,929
nibutani_shinka,929
nenohi_(kancolle),929
jeanne_d'arc_(swimsuit_archer)_(first_ascension)_(fate),929
ibuki_notsu,929
naked_skirt,929
musaigen_no_phantom_world,929
gyarados,929
pitchfork,928
kuzuryuu_kennosuke,928
key_ring,928
on_food,928
blood_on_body,928
melowh,928
red_tulip,928
slide,928
hiyou_(kancolle),928
komeshiro_kasu,928
qingxin_flower,928
gakky,927
zenno_rob_roy_(umamusume),927
captain_america_(series),927
wind_breaker_(nii_satoru),927
supergirl,927
two-tone_nails,927
tentacle_tail,927
kevin_kaslana,927
yuki00yo,927
whale_hair_ornament,926
queen,926
orange_goggles,926
prussia_(hetalia),926
blood_spray,926
snow_on_head,926
animal_ear_helmet,926
konbu_wakame,926
nagatekkou,926
front-print_panties,925
science_babies,925
herada_mitsuru,925
multicolored_pants,925
advarcher,925
bartz_klauser,925
laura_la_mer,925
hair_through_hood,925
urin,925
bell_pepper,925
otohime_(youngest_princess),925
oversized_forearms,924
velvet_crowe,924
sleigh,924
slug,924
object_request,924
cross_facial_mark,924
yandere_trance,924
momio,924
rakuen_tsuihou,924
cum_in_cup,923
scolipede,923
toph_beifong,923
tennis,923
gryffindor,923
arare_(kancolle),923
terry_bogard,923
twilight_sparkle,923
pozyomka_(arknights),923
doorknob,923
unusual_insertion,923
vert_(neptunia),923
shirayuki_hina,922
call_of_cthulhu,922
lize_helesta_(1st_costume),922
ophelia_(fire_emblem),922
ryuusei_(mark_ii),922
aqua_scrunchie,922
hatsumode,921
flower_on_chest,921
cleanup_fellatio,921
leone_abbacchio,921
hanae_(blue_archive),921
limiter_(tsukumo_sana),921
pako_(pakosun),921
okada_izou_(fate),921
hiten_(hitenkei),921
nelson_(kancolle),920
sakihata_rimi,920
holding_butterfly_net,920
iron_man,920
zuikaku_(azur_lane),920
mahou_shoujo_madoka_magica_magia_exedra,920
fallenshadow,920
kapatarou,920
staryu,920
cure_sunny,920
grey_pupils,920
otter_tail,919
persimmon,919
pocari_sweat,919
taokaka,919
komainu_boy,919
hitsukuya,919
alastor_(shakugan_no_shana),919
alchemist_(ragnarok_online),919
tower_of_fantasy,919
pomegranate,919
youkan,919
akina_tsukako,919
ace_combat,918
echidna_(re:zero),918
tone_kai_ni_(kancolle),918
surio,918
astolfo_(saber)_(fate),918
mamaloni,918
kingdom_hearts_birth_by_sleep,917
irys_(irys_2.0)_(hololive),917
skitty,917
amane_misa,917
shiromuku,917
mizuhara_chizuru,917
cuboon,917
rakugaki-biyori,917
black_liquid,917
dennou_coil,917
zucchini,917
black_butterfly,916
kousei_(public_planet),916
barret_wallace,916
single_sode,916
scp_foundation,916
stile_uniform,916
whale_girl,916
dolls_in_pseudo_paradise,916
howl_no_ugoku_shiro,916
naoe_riki,916
captain_nemo_(fate),916
bird_hat_ornament,916
solo_leveling,916
shouhou-san_daisuki_teitoku,915
hitotsuki_nebura,915
purple_feathers,915
sayama_saho,915
melon22,915
toad_(mario),914
hanzou,914
yukadon,914
drum_magazine,914
flat_chastity_cage,914
shikanoko_nokonoko_koshitantan,914
waccha_primagi!,914
audible_internal_cumshot,914
hand_on_weapon,913
cum_on_chest,913
shibacha,913
saint_quartz_(fate),913
fighter_(granblue_fantasy),913
rosario+vampire,913
sano_toshihide,913
nagare,913
bandaid_on_finger,913
uchiha_itachi,912
ara_haan,912
elizabeth_bathory_(brave)_(fate),912
herensuge_girls_academy_school_uniform,912
mii_(nintendo),912
bazett_fraga_mcremitz,912
denpa_onna_to_seishun_otoko,911
suikawari,911
xenon_(for_achieve),911
natural_wedgie,911
glowing_mouth,911
tales_of_phantasia,910
northern_italy_(hetalia),910
butterfly_hat_ornament,910
koyama_yuzu,910
sakura_chiyo,910
blowhole,910
exposed_bone,910
shark_print,910
symbiote,909
4chan,909
octopath_traveler_i,909
kuririn,909
yuusha_series,909
iris_(flower),909
phosphophyllite_(ll),909
noble_witches,909
loki_(marvel),909
friday_night_funkin',909
shigure_ui_(young)_(vtuber),908
german_flag_bikini,908
fushigiboshi_no_futago_hime,908
lipstick_mark_on_testicles,908
milla_maxwell,908
mattari_yufi,908
ejaculation_under_clothes,908
takayaki,908
human_chair,908
cool-kyou_shinja,908
partially_open_shirt,908
swallowing,907
hip_tattoo,907
carmilla_(fate),907
kagematsuri,907
gradient_ribbon,907
furukawa_(yomawari),907
mamuru,907
yellow_jumpsuit,907
sora_(arknights),907
lace_border,906
orange-framed_eyewear,906
originium_arts_(arknights),906
pekeko_(pepekekeko),906
paperclip,906
censored_by_text,906
gold_boots,906
holding_juice_box,906
justice_gakuen,906
green_pubic_hair,906
ushiromiya_jessica,906
dislyte,906
zuikaku_kai_ni_(kancolle),906
pink_serafuku,906
anegasaki_nene,905
gravity_daze,905
jtveemo,905
yoako,905
titans_(gundam),904
multilingual_commentary,904
vsk-94_(girls'_frontline),904
stomach_growling,904
baseball_helmet,904
powerpuff_girls_z,904
lace-trimmed_headwear,904
huohuo_(honkai:_star_rail),904
kyogre,904
digimon_tamers,904
gorilla,904
holding_pumpkin,904
takeuchi_takashi_(style),904
oomori_yuuko,904
minato_hitori,904
plant_focus,904
waffle,904
eggshell,904
scheherazade_(fate),903
xu_fu_(fate),903
silver_hairband,903
chiton,903
ascot_between_breasts,903
fanning_face,903
hotate-chan,903
ashiyama_yoshinori,903
katayama_kei,903
lielos,903
yagen_toushirou,903
lifted_by_tail,903
black_tunic,902
friedrich_der_grosse_(azur_lane),902
signpost,902
middle_w,902
renne_(eiyuu_densetsu),902
incineroar,902
ganbare_douki-chan,902
oxygen_mask,902
wii_fit,901
instagram,901
hero_(dq11),901
vodka,901
seiren_(precure),901
coffee-kizoku,901
ulrich_von_hutten_(azur_lane),901
pononozo,901
grey_overalls,900
greek_cross,900
hajimari_no_kiseki,900
deaver,900
wooden_horse,900
kanabun,900
yuzuhara_konomi,900
severed_arm,900
windsock,900
murasame_(senren),900
yone_kinji,900
cross_of_prontera,900
kyouda_suzuka,900
beehive_hairdo,899
narrow_hips,899
multicolored_buttons,899
frame_arms_girl,899
casino_(casinoep),899
exlic,899
jin_kisaragi,899
angela_balzac,899
akagi_shigeru,899
flat_chest_grab,899
phrygian_cap,898
foodgasm,898
touhoku_itako,898
pdf_available,898
neck_garter,898
cecilia_alcott,898
whoosaku,898
senkou_hanabi,898
tokisaki_mio_(niliu_chahui),898
isobe_noriko,898
dog_hair_ornament,898
inteleon,898
yuzuki_choco_(1st_costume),897
precum_through_clothes,897
grey_hakama,897
golden_arms,897
facing_back,897
heart_wand,897
genderswap_(otm),897
pants_around_one_leg,897
comiket_100,897
blushyspicy,897
tendril,897
flagpole,897
meimaru_inuchiyo,897
sitting_on_animal,897
gravel_(arknights),896
multicolored_pantyhose,896
player_character_(degrees_of_lewdity),896
persona_dancing,896
keizoku_school_uniform,896
yellow_slingshot_swimsuit,896
miyako_(hidamari_sketch),896
aqua_(kingdom_hearts),896
mickey_mouse,896
nippaku_zanmu,896
usa-chan_(idolmaster),896
suigetsu,896
sugimura_tomokazu,896
force_of_will,896
board_eraser,896
puppet_rings,896
team_magma,896
:s,896
lei,896
usb,896
halcon,896
iori_junpei,895
irezumi,895
yomi_(senran_kagura),895
nagao_kagetora_(fate),895
red_bonnet,895
kyokugen_dasshutsu,895
yume_shokunin,895
boushi-ya,895
admiral_graf_spee_(azur_lane),895
battlefield,894
x_navel,894
apologizing,894
rosa_(arknights),894
heart_eyepatch,894
crypto_(apex_legends),894
mochizuki_ryouji,894
born-to-die,894
adjusting_footwear,894
noripro,894
d-rex,894
kano_shuuya,894
double_\||/,894
type-moon,894
licking_another's_cheek,893
idolmaster_cinderella_girls_u149,893
mahoro_(minase_mahoro),893
calstone_light_o_(umamusume),893
yaomai,893
yamabuki_inori,893
kaho_0102,893
sock_pull,893
ragatha_(the_amazing_digital_circus),893
tsukareta_san,893
fuantei,893
collar_grab,892
sukoyaka_(100hituzi),892
horse_racing_track,892
chocolate_banana,892
crotchless_pants,892
phone_booth,892
flaming_eyes,892
kirisame_marisa_(pc-98),892
tetsu_(kimuchi),892
parsley-f,892
shopping_basket,892
n.g.,892
mikazuki_akira!,892
kiana_kaslana_(herrscher_of_the_void),892
siren_(azur_lane),892
delivery,891
haoni,891
k_hiro,891
side-tie_swimsuit,891
alternate_shiny_pokemon,891
implied_nudity,891
774_(nanashi),891
penguin_girl,890
mashiro_(blue_archive),890
video_game_cover,890
unworn_bowtie,890
yellow_overalls,890
harigane_shinshi,890
pleading_face_emoji,890
zankuro,890
neko_(minato_aqua),890
forget-me-not_(flower),890
grabbing_another's_hand,890
low_horns,890
laurels,890
mr._plantegg_(omori),890
p90_(girls'_frontline),889
spork,889
nikka_edvardine_katajainen,889
scorpion_tail,889
canopy_(aircraft),889
long_eyebrows,889
renamon,889
sparse_navel_hair,889
moose_(kemono_friends),889
ansatsu_kyoushitsu,889
hoshi_ryoma,889
torinone,889
boxing_ring,888
hwansang,888
ankleband,888
dopey_(dopq),888
dizi,888
adjusting_buruma,888
bigkwl,888
cracked_mask,888
cian_yo,888
falken_(yutozin),888
yamu_(reverse_noise),888
soejima_shigenori,888
partially_open_jacket,887
sam_(honkai:_star_rail),887
hirose_koichi,887
cheese_trail,887
mataro_(matarou),887
swing_set,887
naganohara_mio,887
secelia_dote,887
hololive_summer_2023_swimsuit,887
sobbing,887
tantrum,887
kafun,887
yu-gi-oh!_vrains,887
sasaki_saku_(1st_costume),887
training_corps_(emblem),887
utsumi_sakura,887
papyrus_(undertale),886
master_(vocaloid),886
ishigami_nozomi,886
himejoshi,886
spasm,886
katagiri_sanae,886
larry_(pokemon),886
cure_moonlight,886
okinami_(kancolle),886
kurozawa_yui,886
mon-musu_quest:_paradox,886
bravely_default_(series),886
the_tale_of_food,885
checkered_haori,885
female_saniwa_(touken_ranbu),885
banette,885
clarent_(fate),885
sakagami_tomoyo,885
i-13_(kancolle),885
kobuichi,885
nanakusa_nazuna_(yofukashi_no_uta),885
laura_bodewig,885
holding_party_popper,885
lampshade,885
rainbow_six_siege,884
popqn,884
floating_crown,884
crayon_shin-chan,884
kawakami_rokkaku,884
binah_(project_moon),884
holding_cloth,883
planetary_ring,883
swan,883
kureiji_ollie_(1st_costume),883
mage_(ragnarok_online),883
straw_hat_pirates,882
iwashi_dorobou_-r-,882
jasmine_(pokemon),882
morisobo,882
holding_sponge,882
sawamura_spencer_eriri,882
reinforce_zwei,882
queen's_blade_rebellion,882
delphox,882
lily_black,882
dolphin_hair_ornament,881
chrollo_lucilfer,881
holding_mahjong_tile,881
lenalee_lee,881
manboobs,881
tenryuu_kai_ni_(kancolle),881
li_yuting_(female),881
crinoline,881
holding_chess_piece,881
michael_roa_valdamjong,881
black_keys_(type-moon),881
vampire_(vocaloid),881
painted_clothes,881
infinite_stratos_academy_school_uniform,881
holding_lead_pipe,880
lowleg_shorts,880
female_commander_(girls'_frontline),880
striped_belt,880
beelstarmon,880
nobeta,880
russian_flag,880
joy_ride,880
amuro_tooru,880
zandra,880
lighting_cigarette,880
kaname_madoka_(cosplay),880
donkey_kong,880
fox_mccloud,879
print_ribbon,879
full_stomach,879
long_fingers,879
miyanaga_saki,879
sitting_on_water,879
holding_rabbit,879
higashikata_josuke_(jojolion),879
rotomdocs,878
shibori_kasu,878
robaato,878
winged_hair_ornament,878
hair_focus,878
measurements,878
torriet,878
kuroboshi_kouhaku,878
single_sandal,878
tanghulu,878
heart_straw,878
daikon,878
bear_bag,878
kitashirakawa_chiyuri,877
white_flag,877
toyama_kasumi,877
madcore,877
nozo_(hitomiz),877
aqua_wings,877
holding_chalk,877
bison_cangshu,876
kamihama_university_affiliated_school_uniform,876
historical_connection,876
hinata_hideki,876
noshiro_(azur_lane),876
yurie_mouth,876
shuri_(84k),876
feet_on_chair,876
accel_world,876
scizor,876
shining_(arknights),876
jigokuraku,875
oshiete!_galko-chan,875
zima_(arknights),875
itan_private_high_school_uniform,875
norman_maggot,875
greenhouse,875
shashaki,875
7th_dragon,875
jetto_komusou,875
propeller_hair_ornament,874
astesia_(arknights),874
tomori_nao,874
sheik,874
long_arms,874
makicha_(sasurainopink),874
bubble_background,874
xp-tan,874
cd_case,874
knit_hat,874
cutlass_(girls_und_panzer),874
ornate_armor,874
komusou_(jinrikisha),874
deer_boy,873
face_punch,873
half_note,873
minun,873
finalcake,873
charlotte_(genshin_impact),873
hino_akane_(idolmaster),873
egg_yolk,873
bubba_(watson_amelia),873
kakania_(reverse:1999),873
kazutake_hazano,873
jigoku_shoujo,873
donguri_suzume,873
plaid_shawl,872
a_hat_in_time,872
unexpectedly_evil,872
head_on_table,872
ibuki_douji_(fate),872
pink_helmet,872
shirayuki_chiyo,872
baba_konomi,872
neck_grab,872
rina-chan_board,872
player_character_(wow),872
cardigan_vest,871
chain_belt,871
lgbt_pride,871
mikakunin_de_shinkoukei,871
souryuu_asuka_langley_(cosplay),871
kimoshi,871
itsuki_shu,871
table_tennis_paddle,871
lace_collar,871
usada_pekora_(casual),871
criss-cross_back-straps,870
concentrating,870
asymmetrical_dress,870
hinata_shouyou,870
plusle,870
dinosaur_costume,870
ett,870
mikumo_guynemer,870
inu_(aerodog),870
sunhyun,870
koito_yuu,869
nottytiffy,869
toasting_(gesture),869
diyusi_(cookie),869
xenosaga_episode_iii,869
zipper_skirt,869
wario,869
penis_on_head,869
cure_prism,869
franziska_von_karma,869
red_light,869
print_mug,868
holding_hand_grip,868
rita_mordio,868
smallfry_(splatoon),868
yoru_no_kurage_wa_oyogenai,868
moe_moe_kyun!,868
rosemi_lovelock,868
glory_hole,868
gold_jewelry,867
tord_(eddsworld),867
nanashiro_gorou,867
imitating,867
fantasy_earth_zero,867
shot_glass,867
akagashi_hagane,867
yoshikawa_yuuko,867
semiramis_(fate),867
colored_smoke,866
shell_earrings,866
tokitou_muichirou,866
marinette_dupain-cheng,866
harris_hero,866
sailor_chibi_moon,866
cyberpunk_2077,866
slay_the_spire,866
strike_witches:_kurenai_no_majo-tachi,866
flonne,866
shorts_aside,865
kasukabe_tsumugi,865
hinamatsuri,865
greatm8,865
xiacheng_tatsuya,865
touhou_gensou_eclipse,865
tsab_ground_military_uniform,865
harime_nui,865
goto_p,864
fur_capelet,864
david_martinez,864
pony_(animal),864
monocle_chain,864
morishima_haruka,864
print_eyepatch,864
watarui,864
jackal_boy,864
bulge_to_ass,864
feather_dress,863
devil_summoner_(series),863
ayase_seiko,863
gold_bracer,863
spoken_animal,863
dispatch,863
bat_ornament,863
compact_(cosmetics),863
silence_girl,863
paper_background,863
training,863
string_around_finger,863
peter_parker,863
machamp,862
red_jumpsuit,862
welsh_corgi,862
camping,862
jingai_modoki,862
catfight,862
fingering_from_behind,862
keenh,862
luvdisc,862
maou_(maoyuu),862
boa_(brianoa),862
pointing_melee_weapon,862
silent_hill_2,861
ike_eveland,861
fukuda_haru,861
chibi_on_head,861
two-tone_pantyhose,861
open_jumpsuit,861
reverse_nursing_handjob,861
blue_poison_(shoal_beat)_(arknights),861
juukyuu,861
cheek_rest,860
gate_-_jieitai_ka_no_chi_nite_kaku_tatakaeri,860
hayakawa_tazuna,860
shinazugawa_sanemi,860
musical_note_earrings,860
schneider_(reverse:1999),860
you_(noanoamoemoe),860
shimmer,860
ano_natsu_de_matteru,860
despair,860
paw_print_soles,860
hoppip,860
multiple_anal,859
empty_picture_frame,859
orange_tabard,859
mole_on_crotch,859
dead_by_daylight,859
accidental_pervert,859
norasuko,859
black_bandages,859
mutual_orgasm,859
ishuzoku_reviewers,859
scar_on_breast,859
rebe11,859
purple_petals,859
plus_sign,859
package,859
spiked_mace,859
panda_boy,859
konpaku_youki,858
kimi_ga_shine,858
hanging_legs,858
arisaka,858
sand_cat_(kemono_friends),858
persona_5:_the_phantom_x,858
dreepy,858
osiimi,858
hiyori_(swimsuit)_(blue_archive),858
blueberry_academy_school_uniform,858
mouse_boy,857
housewife,857
followers_favorite_challenge,857
beni-enma,857
hinatsuru_ai,857
shirasagi_chisato,857
donburi_(donburikazoku),857
long_hoodie,857
ewa_(seraphhuiyu),857
grape_hat_ornament,857
shinama,857
nakatani_iku,857
hibari_(senran_kagura),856
gradient_sleeves,856
patterned_legwear,856
hand_on_blade,856
chloe_(princess_connect!),856
sak_(lemondisk),856
gundam_build_divers_re:rise,856
g41_(girls'_frontline),856
scratching,856
tickle_torture,856
undefined_fantastic_object,856
throat_bulge,855
tomoe_rena,855
ass_freckles,855
crumpled_paper,855
jade_(gemstone),855
latex_boots,855
kirisame_marisa_(cosplay),855
interview,855
yt_(wai-tei),855
full_metal_panic!,855
yoga,855
dome,855
flower-trimmed_dress,855
mpien,855
vita_(honkai_impact),855
asteroid,854
wall-eyed,854
exposed_internal_machinery,854
ars_almal,854
cymbals,854
argyle_dress,854
saotome_shino_(shino_to_ren),854
ipod_nano,854
over_the_mouth_gag,854
stuffed_frog,854
sucking_male_nipple,853
plaid_apron,853
cat's_cradle,853
kininatteru_hito_ga_otoko_ja_nakatta,853
tokugawa_matsuri,853
electrocution,853
flower_(vocaloid4),853
terraria,853
tsukishima_hajime,853
uchi_emiri,853
sideboob_cutout,853
kouno_hikaru,853
mahito_(jujutsu_kaisen),853
minamura_haruki,853
coco_(tongari_boushi_no_atelier),852
black_mage_(final_fantasy),852
arihara_nanami,852
unworn_hairband,852
golem,852
shirayuki_ren,852
dermar,852
fender_telecaster,852
creator_(ragnarok_online),852
intimidating,852
pitching,851
chinstrap_beard,851
waraji,851
baffu,851
nyanko_daisensou,851
nagara_(kancolle),851
poison_(final_fight),851
whistling,851
tunnel,851
vox_akuma,851
yamashichi_(mtseven),851
shoujo_kitou-chuu,851
genre_connection,851
icicle,850
team_skull,850
lady_maria_of_the_astral_clocktower,850
rena_erindel,850
nicholas_d._wolfwood,850
hunter_(ragnarok_online),850
inumuta_houka,850
polka_dot_hairband,850
hm_(hmongt),850
purple_suit,850
courtney_(pokemon),849
see-through_bodysuit,849
marceline_abadeer,849
senjou_no_valkyria_1,849
mysterious_heroine_x_alter_(first_ascension)_(fate),849
freyja_wion,849
natori_(kancolle),849
deck_chair,849
malina_(helltaker),849
cutting_own_hair,849
lectern,849
walking_away,849
poppy_(pokemon),849
family_guy,848
female_orc,848
holding_string,848
wrist_straps,848
iei,848
kasuga_maru_(kancolle),848
brock_(pokemon),848
red_sun,848
chespin,848
michishio_kai_ni_(kancolle),848
shimazu_yoshino,848
gotyou,848
minegumo_(kancolle),848
grisaia_no_kajitsu,848
dannex009,847
megao_3rd,847
god_eater_burst,847
ndgd,847
barcode_scanner,847
kittysuit,847
crumbles,847
on_crescent,847
agrias_oaks,847
koku,847
getabako,847
irako_(kancolle),847
genseishinki_sacred_virth,847
claire_redfield,846
gojou_wakana,846
scolding,846
naomi_(girls_und_panzer),846
mailbox_(incoming_mail),846
year_of_the_dog,846
petenshi_(dr._vermilion),846
blood_on_mouth,846
massachusetts_(azur_lane),846
natsuki_teru,846
mumei_(kabaneri),846
see-through_hair,846
baka_to_test_to_shoukanjuu,846
milkshake,846
nanami_touko,845
comiket_101,845
choso_(jujutsu_kaisen),845
natsu_(band)_(blue_archive),845
hand_on_another's_crotch,845
aqua_sweater,845
handrail,845
crying_emoji,845
nakoruru,845
teana_lanster,845
moose_ears,845
shimada_chiyo,845
after_battle,845
spiked_gauntlets,844
haman_karn,844
single_knee_boot,844
shogi,844
azusa_(swimsuit)_(blue_archive),844
koumajou_densetsu,844
year_of_the_pig,844
onsoku_inu,844
saishosaisekojo,844
mx2j,844
implied_paizuri,844
impossible_hair,844
zentreya_(dragon),843
sophie_neuenmuller,843
bluefield,843
inu_x_boku_ss,843
okazaki_tomoya,843
nuzzle,843
machina_x_flayon,843
hanadera_nodoka,843
pixiv_fantasia_fallen_kings,843
deetamu,843
rabbit_ear_headphones,843
vertical-striped_coat,843
lavender_(flower),842
fate/unlimited_blade_works,842
enema,842
yukimura_aoi,842
seihekiog,842
stamp_mark,842
hetza_(hellshock),842
colored_pussy,842
crater,842
azazel_(helltaker),842
anchor_earrings,841
sinking,841
minami_yume,841
pon_de_ring,841
toothpaste,841
eureka_(eureka_seven),841
amiya_(medic)_(arknights),841
ankle_wings,840
french_commentary,840
water_yoyo,840
surintendante_chevalmarin,840
coyote_(kemono_friends),840
public_vibrator,840
kallen_kaslana,840
hemogurobin_a1c,840
makai_senki_disgaea_2,839
vedal987,839
exposed_muscle,839
suyasuyabi,839
fujimaru_ritsuka_(male)_(decisive_battle_chaldea_uniform),839
kiana_kaslana_(white_comet),839
dracule_mihawk,839
cowering,839
aztec,839
mordred_(swimsuit_rider)_(fate),839
march_7th_(hunt)_(honkai:_star_rail),839
op_na_yarou,839
rizu_(rizunm),839
kawakami_princess_(umamusume),838
perseus_(azur_lane),838
tucked_money,838
railgun,838
gaijin_4koma_(meme),838
holding_maracas,838
shikito_(yawa0w0),838
alpha_(yukai_na_nakamatachi),838
belldandy,838
tsurezure_children,838
skateboarding,838
cornrows,838
hoshimi_junna,838
y.ssanoha,838
hayashiya_zankurou,838
rolling,838
sseopik,838
knee_guards,838
nijisanji_id,838
ruukii_drift,838
iahfy,837
cream_(nipakupa),837
vest_lift,837
against_window,837
silver_the_hedgehog,837
jyt,837
fuya_(tempupupu),837
noir_(nikke),837
shinguji_korekiyo,837
female_protagonist_(pokemon_go),837
energy_barrier,837
dmm,837
kupa_(jesterwii),837
basketball_hoop,837
advanced_nurturing_high_school_uniform,837
oxfords,836
steam_locomotive,836
ribbed_cardigan,836
urotsuki,836
calligraphy_brush_(medium),836
pa-15_(girls'_frontline),836
polka_dot_thighhighs,836
2006,836
sakurai_masahiro,836
playing_flute,835
snapping_fingers,835
sheriff_badge,835
samson_(skullgirls),835
yae_sakura_(gyakushinn_miko),835
sophie_(tales),835
iori_rinko,835
ragnarok_masters,835
enty_reward,835
standing_missionary,835
uchuu_senkan_yamato_2199,835
tsuyuzaki_mahiru,835
watercolor_pencil_(medium),835
green_sports_bra,835
ouma_tokiichi,835
carnation,835
miranofuudoria,835
jian_(weapon),834
oldsickkim,834
very_hairy,834
arrow_print,834
okita_j._souji_(fate),834
tsujino_akari,834
frilled_sash,834
haoro,834
chibi_miku,834
big_bad_wolf,834
tanamachi_kaoru,834
shaped_lollipop,834
saury,834
akino_shuu,834
tuna,833
iyowa_girls,833
ichinose_kotomi,833
protagonist_(metaphor:_refantazio),833
doremi_(doremi4704),833
valkyrie_profile_(series),833
hoshino_(girls_und_panzer),833
piano_bench,833
kodomo_no_jikan,833
hirano_katsuyuki,833
angelica_(project_moon),833
voyager_(reverse:1999),833
wii_fit_trainer_(female),832
mae_(maesanpicture),832
hands_on_headphones,832
gachiakuta,832
gilgamesh_(immoral_biker_jacket)_(fate),832
torn_kimono,832
pien_cat_(needy_girl_overdose),832
comic_sans,832
matoi_(pso2),832
holding_magazine,832
wata_do_chinkuru,832
ryouka_(suzuya),832
seneto,832
poch4n,832
riverbank,832
glowing_halo,832
rowboat,831
butterfree,831
pull_cord,831
wonder_woman_(series),831
aqua_choker,831
ariane_yeong,831
carrot_print,831
tsukumo_sana_(1st_costume),831
garland_(decoration),831
...!,831
funeral_dress,831
itou_yuuji,831
ruyi_jingu_bang,830
other_with_male,830
squat_toilet,830
hijikata_toshizou_(fate),830
kite,830
sparse_leg_hair,830
unowen,830
orange_outline,830
hayasaka_mirei,830
becky_blackbell,830
suzuki_hana,829
kirschtaria_wodime,829
uehara_himari,829
fanbox_logo,829
nagato_kai_ni_(kancolle),829
wardrobe_error,829
caffein,829
nesoberi,829
mythra_(massive_melee)_(xenoblade),828
jacket_over_shoulder,828
degenbrecher_(arknights),828
frustrated,828
yamada_elf,828
arceus,828
jizeru_(giselebon),828
umekichi,828
small_nipples,828
razor,827
finger_to_eye,827
mons_pubis,827
yuugure_pairo,827
houlen_yabusame,827
lu_guang,827
can't_be_this_cute,827
violence,827
russia,827
shark_boy,826
twig,826
arcane_caitlyn,826
earphones_removed,826
snow_white_(nikke),826
nagomi_yui,826
stiff_tail,826
kikuzuki_(kancolle),826
paradox_live,826
sutahiro_(donta),826
sniper_(ragnarok_online),826
undone_neckerchief,826
tailjob,826
mazda,826
digimon_story:_cyber_sleuth,826
amazuyu_tatsuki,826
mortal_kombat_(series),826
sf-a2_miki,825
tote_bag,825
hand_on_own_foot,825
fold-over_gloves,825
deidara_(naruto),825
matsuda_(matsukichi),825
mash_kyrielight_(swimsuit_of_perpetual_summer),825
misono_karin,825
joltik,825
yuki_onna,825
taker_pov,825
tied_to_chair,824
borrowed_hairstyle,824
see-through_bra,824
lokulo_no_mawashimono,824
minazuki_karen,824
ucmm,824
ichiba_youichi,824
dualshock,824
marumikan,824
sunrise_(company),824
jellytits-7,824
ameno_(a_meno0),824
yumizuka_satsuki,824
cure_heart,824
harumina_mau,824
shamare_(arknights),823
superflat,823
nowi_(fire_emblem),823
on_pillow,823
tsukuyo_(blue_archive),823
bell_sleeves,823
no_symbol,823
mario_&_luigi_rpg,823
germany,823
jabara_tornado,823
zooey_(granblue_fantasy),823
lilligant,823
porurin,823
oonusa,823
aoi_(annbi),823
sirius_(scorching-hot_seirios)_(azur_lane),823
ooarai_(emblem),823
lace_pantyhose,822
kingdom_hearts_i,822
braid_over_shoulder,822
aogisa,822
single_bang,822
orchid,822
holding_tongs,822
purple_pikmin,822
darkrai,822
senko_(sewayaki_kitsune_no_senko-san),822
koraidon,822
lm_(legoman),822
microsoft_paint_(software),822
konpeto,822
meloetta,822
azki_(4th_costume)_(hololive),821
sora_ginko,821
isagi_yoichi,821
connected_beard,821
confrontation,821
south_dakota_(kancolle),821
onigirya_(nekomata_okayu),821
son_goten,821
amagi_(amagi626),821
cracking_knuckles,821
hijikata_toushirou,821
ikea_shark,821
stinger,821
penis_over_one_eye,820
enma_ai,820
valkyrie_(fate),820
temari_(naruto),820
whale_hat,820
super_saiyan_2,820
cattail,820
sorakado_ao,819
torn_sweater,819
belt_skirt,819
torn_bikini,819
scar_across_eyebrow,819
singlet,819
o-ring_panties,819
nikaidou_saki,819
kamina_shades,819
t2r,819
assassin_(ragnarok_online),819
glass_writing,819
silvervale,818
black_hanekawa,818
kemono_friends_2,818
panties_over_garter_belt,818
hand_hair,818
puzzle,818
rei_(rei's_room),818
ransusan,818
berusuke_(beru_no_su),818
ice_skating,818
froakie,818
gehenna_academy_logo,818
han_sooyoung,818
lisia_(pokemon),817
ferret_girl,817
25-ji_miku,817
yamashiro_takane,817
wide_face,817
backless_panties,817
energy_weapon,817
nico_nico_nii,817
koinobori,817
amasora_taichi,817
himekawa_yuki,817
zoroark,817
queen_(playing_card),817
xiujia_yihuizi,817
anna_(fire_emblem),816
tama_(tamatamo),816
claw_foot_bathtub,816
car_seat,816
makuran,816
tsukumihara_academy_uniform_(fate/extra_ccc),816
weapon_in_garters,816
snapchat,816
kurou_(quadruple_zero),816
tsuji_santa,816
shinx,815
adjusting_leotard,815
cygames,815
satellite_dish,815
misdreavus,815
amphibia,815
aqua_lips,815
bishie_sparkle,815
shirakami_fubuki_(loungewear),815
mint,815
ninai,815
ng1sh8,815
checkered_legwear,815
gentsuki,815
chimchar,815
songover,815
high_school_dxd_born,815
barbariank,815
chita_(ketchup),815
dragon_quest_vii,814
welt_yang,814
kidnapping,814
aether_foundation_employee,814
robo_mikan,814
meka_(overwatch),814
super_mushroom,814
mint_chocolate,814
hiro_(hirohiro31),814
stuffed_eggplant,814
flower_bed,814
print_boots,813
gradient_border,813
glove_in_mouth,813
tottotonero,813
hyrule_warriors,813
soba,813
erwin_smith,813
baby_carry,813
black_romper,813
xion_(kingdom_hearts),813
martina_(dq11),813
kokoro_(hakui_koyori),813
aqua_boots,812
in_orbit,812
gear_fifth,812
ribbon-trimmed_socks,812
shaved_head,812
natsuumi_manatsu,812
stuffing,812
lemon_hair_ornament,812
mdr_(girls'_frontline),812
marina_(fear_&_hunger),812
onitsuka_natsumi,812
spiked_ball_and_chain,812
traffic_baton,812
rubbing,812
the_witcher_3,812
mamemaki,812
navel_focus,812
animal_skeleton,812
felutiahime,812
ferret_ears,811
pink_robe,811
mata_(matasoup),811
bad_fanbox_id,811
time_bokan_(series),811
colored_eyepatch,811
momiji_mao,811
arnest,811
bandana_waddle_dee,811
fluttershy,811
sanzen'in_nagi,810
feraligatr,810
guitar_strap,810
ave_mujica_(bang_dream!),810
lavinia_whateley_(fate),810
bakery,810
haruna_(track)_(blue_archive),810
morenatsu,810
ricegnat,810
kawata_hisashi,810
abe_kanari,810
mahou_shoujo_lyrical_nanoha_the_movie_1st,810
alcremie_(strawberry_sweet),810
mazjojo,810
pochincoff,810
vinesauce,810
hotel_room,810
yellow_bird,809
fire_emblem:_new_mystery_of_the_emblem,809
agnes_claudel,809
durandal_(umamusume),809
multiple_monitors,809
pilot_helmet,809
9rimson,809
all_might,809
drain_(object),809
colored_condom,809
medusa_(lancer)_(fate),809
stuffed_unicorn,809
sen_(astronomy),809
head_hug,809
quetzalcoatl_(fate),808
pink_eyeliner,808
utaha_(blue_archive),808
aoi_(blue_archive),808
chipmunk_ears,808
spoken_emoji,808
mochitsuki,808
tavern,808
ichigo_hitofuri,808
orange_cardigan,808
ring_fit_adventure,808
elly_(touhou),807
rooster,807
shinomiya_runa,807
orange_eyeshadow,807
cartoonized,807
platelet_(hataraku_saibou),807
nagishiro_mito,807
pansy,807
pompompurin,807
sakamoto_days,807
yellow_collar,807
miclot,807
kiri_futoshi,807
stardew_valley,807
chocola_(nekopara),807
elbow_sleeve,806
grey_lips,806
ashigara_kai_ni_(kancolle),806
brown_tank_top,806
luo_xiaohei_(cat),806
amazon_(taitaitaira),806
kitten_(gravity_daze),806
polka_dot_camisole,806
sombra_(overwatch),805
disco_ball,805
arahashi_tabi,805
black_heart_(neptunia),805
hashitsuki_nata,805
helena_(azur_lane),805
platinum_the_trinity,805
queen_elizabeth_(azur_lane),805
nori_(seaweed),805
himemiya_anthy,805
trying_on_clothes,805
mosho,805
mutsuki_(moonknives),805
super_mario_odyssey,805
salmon_run_(splatoon),805
tama_(tamago),805
whitney_(pokemon),805
spiked_anklet,805
regina_(precure),805
skadi_(waverider)_(arknights),805
hacka_doll_3,804
midna_(true),804
yellow_hood,804
gae_dearg_(fate),804
socha,804
morisawa_chiaki,804
back_muscles,803
coral_(pokemon),803
renge_(blue_archive),803
brick_road,803
reverse_netorare,803
arched_window,803
nanoless,803
takakura_himari,803
grizzly_mkv_(girls'_frontline),803
arm_pillow,803
gasai_yuno,803
benikurage_(cookie),803
alp,803
seragaki_aoba,802
infinote,802
mouri_ran,802
super_highleg,802
emet-selch,802
dildo_under_clothes,802
hockey_mask,802
chipmunk_girl,802
namaniku_atk,802
cassette_player,802
kojima_saya,802
kroos_(arknights),802
bertolt_hoover,802
red_sarong,801
underground,801
chobits,801
golden_snub-nosed_monkey_(kemono_friends),801
boombox,801
genji_(overwatch),801
hyde_(tabakko),801
jill_warrick,801
takimoto_hifumi,801
honoka_(doa),801
lemon89h,801
aqua_cape,801
door_handle,801
donquixote_rocinante,801
martha_(swimsuit_ruler)_(fate),801
jude_mathis,801
toolbox,801
decidueye,800
idolmaster_live_for_you!,800
diesel-turbo,800
cream_puff,800
pepsi,800
moe_(swimsuit)_(blue_archive),800
alucard_(hellsing),800
eiden_(nu_carnival),800
kanaria,800
sheffield_(azur_lane),800
denim_overalls,800
cross_ornament,800
m.m,800
diabellstar_the_black_witch,800
too_many_cats,799
asamiya_athena,799
satanichia_kurumizawa_mcdowell,799
tailmon,799
kayoko_(new_year)_(blue_archive),799
aikatsu_friends!,799
smelling_flower,799
alice_(genshin_impact),799
horrified,799
hirasaka_makoto,799
waifu2x,799
suo_sango,798
ribbon_between_breasts,798
bc_freedom_school_uniform,798
turning_around,798
saigusa_haruka,798
hoshi_no_tsue,798
figure_skating,798
weight,798
pickelhaube,798
breast_pillow,798
finger_claws,797
yuel_(granblue_fantasy),797
see-through_dress_layer,797
shinkai_shoujo_(vocaloid),797
bed_invitation,797
gundam_0080,797
gawako,797
multicolored_stripes,797
fujinami_(kancolle),797
xander_(fire_emblem),797
onitsuka_tomari,797
sugimori_ken_(style),797
sengoku_bushouki_muramasa,797
sableye,797
cheshire_cat_(alice_in_wonderland),797
twitter_sample,797
birthday_sash,796
floating_head,796
naked_capelet,796
migolu,796
wooden_spoon,796
koito_otonoshin,796
ozora_akari,796
sumeragi_kohaku,796
side-tie_skirt,796
yu-ta,796
setsuna_f._seiei,796
holding_drawing,796
submarine,796
miwa_shirow,796
august_von_parseval_(azur_lane),795
shimabara_elena,795
shiratori_aira_(dandadan),795
vanilla_(nekopara),795
weasel,795
erwin_(girls_und_panzer),795
rioshi,795
kira_yamato,795
bald_eagle,795
long-tailed_tit,795
mass_effect_(series),795
bc_freedom_(emblem),795
tenshin_amaguri_(inobeeto),795
dj,795
hightguy,795
noah_(tettsui-sole),795
gerbera,794
pleated_shirt,794
diamond_mouth,794
wool,794
okpriko,794
ao-chan_(ninomae_ina'nis),794
makaino_ririmu_(4th_costume),794
seramikku,794
tamamo_cat_(first_ascension)_(fate),794
saturn_(planet),794
school_days,793
gundam_g_no_reconguista,793
cassette_tape,793
jinbe_(one_piece),793
hooters,793
poronegi,793
log_horizon,793
double_chin,793
mukakin,793
ace_attorney_investigations,793
sakimori_(hououbds),793
sakimori_dan,793
nogi_takayoshi,793
spiked_gloves,793
megu_(blue_archive),792
rainbow_bikini,792
negev_(girls'_frontline),792
gengetsu_(touhou),792
chen_(cat),792
white_horse,792
luxray,792
bellibolt,792
on_toilet,792
shiranui_flare_(1st_costume),792
leg_focus,792
riz,791
qiandaiyiyu,791
hanafuda,791
muuran,791
seiru_(prairie),791
tumblr_sample,791
print_hairband,791
fujino_shizuru,791
clam,790
slytherin,790
hylian_shield,790
tidus,790
otonose_kanade_(1st_costume),790
kuzuryu_fuyuhiko,790
utsugi_yuuki,790
meteor,790
mousepad_(object),790
hot_air_balloon,790
coughing,790
alolan_raichu,789
traffic,789
bache_(azur_lane),789
baseball_stadium,789
sukoya_kana_(1st_costume),789
neferpitou,789
incense,789
face_shield,789
themaestronoob,789
koutaro,789
sail,789
yuunagi_tsubasa,789
nishikujic,789
female_doctor_(arknights),789
kiriko_(overwatch),789
glove_pull,789
surtr_(colorful_wonderland)_(arknights),789
ki-sikil_(yu-gi-oh!),788
heart-shaped_bag,788
hoshirube_sho,788
shindan_maker,788
bedivere_(fate),788
echj,788
sunken_cheeks,787
yen_sign,787
flesh,787
smol_ame,787
kasuga_yukihito,787
karory,787
moegi_high_school_uniform,787
lazyartlazy12,787
female_assassin_(fate/zero),787
cure_rhythm,787
heixiu,787
kurokoshou_(emuburemu123),787
stirring,787
noi_(dorohedoro),786
capitano_(genshin_impact),786
hane_(hanetsuki),786
boyshort_panties,786
james_moriarty_(archer)_(fate),786
red_bull,786
aono_miki,786
tsukiyo_(skymint),786
dsr-50_(girls'_frontline),786
bacius,786
wet_floor,786
conical_hat,785
ink_wash_painting,785
begging,785
takanashi_kei_(hitsujikan),785
chacharan,785
shiki_natsume,785
mushroom_on_head,785
ao_banana,785
henyaan_(oreizm),785
festa11307070,785
orphen_(pink_seito),785
saxophone,785
jeanne_d'arc_(swimsuit_archer)_(second_ascension)_(fate),784
honzuki_no_gekokujou,784
kotoyama,784
headphones_removed,784
lancelot_(fate/grand_order),784
asymmetrical_armor,784
kiku_hitomoji,784
vladilena_millize,784
ogerpon_(teal_mask),783
extra_penises,783
sweater_guard,783
kanzuki_karin,783
coffee_maker,783
yakob_labo,783
mami_mogu_mogu,783
impossible_sweater,783
lobster,783
minimap,783
penetration_gesture,783
soda_(nikke),783
pov_legs,783
wakura_(gcdan),783
see-through_babydoll,783
me-tan,783
kasugano_sora,783
diagram,783
alice_cartelet,783
neneko_mashiro,783
koiwai_yotsuba,783
kagura_hikari,783
takei_hisa,783
brushing_own_hair,782
side-tie_dress,782
takahashi_kurage,782
mizuki_yukikaze,782
pinup_(style),782
holding_bone,782
vomit,782
nannacy7,782
yonu_(yonurime),782
shulk_(xenoblade),782
white_car,782
cowl,781
otonashi_yuzuru,781
kson,781
naked_robe,781
pointing_to_the_side,781
yellow_lips,781
electro_symbol_(genshin_impact),781
daizu_(melon-lemon),781
shinanoya_(satanicad),781
hashibira_inosuke,781
radishkek,781
palworld,781
shokudaikiri_mitsutada,781
s.e.e.s,781
elfenlied22,781
digital_thermometer,780
san_(mononoke_hime),780
nigirizushi,780
long_mustache,780
squid_game,780
seto_kousuke,780
fumitan_(humitan),780
medarot,780
rainbow_dash,780
kimmy77,780
ramudia_(lamyun),780
ruffle_compatible,780
kumadano,780
lemon_print,779
lilith_(machikado_mazoku),779
open_pajamas,779
amazon_(company),779
macross_7,779
musouzuki,779
pastry_box,779
striped_tank_top,778
floating_curtains,778
cargo_shorts,778
game_boy_(original),778
fur-trimmed_robe,778
mina_cream,778
elma_(maidragon),778
9a-91_(girls'_frontline),778
inazuma_eleven_go_galaxy,778
hoshina_hikaru,778
derauea,778
shirotsumekusa,778
lisbeth_(sao),778
tasaka_shinnosuke,778
grease_(mechanical),778
huhi_(huhi_1211),778
at_gunpoint,777
dead_animal,777
strawberry_parfait,777
collar_jewel,777
ideolo,777
mato_seihei_no_slave,777
paint_tube,777
snowboard,777
rape_face,777
kobayashi_chisato,777
ri-class_heavy_cruiser,777
milking_handjob,777
incoming_drink,777
tori_(minamopa),777
purple_pajamas,777
nekko_(momosuzu_nene),777
fur-trimmed_shoes,777
computer_tower,776
two-tone_capelet,776
red_tunic,776
purple_tunic,776
target,776
hoshikawa_sara_(1st_costume),776
angel_wing_uniform,776
miyuki_kazuya,776
nanashi_mumei_(casual),776
ofuda_on_pussy,776
morinaka_kazaki,776
listener_(inugami_korone),775
bouncing_penis,775
spraying,775
a_(phrase),775
crescent_halo,775
kuro_no_kiseki_ii,775
duramente_(umamusume),775
soldier:_76_(overwatch),775
love_hotel,775
fuwa_minato,775
griffith_(berserk),775
aqua_belt,774
starfighter,774
nerv_logo,774
candace_(genshin_impact),774
breast_awe,774
sailor_uranus,774
ginkgo_tree,774
sailboat,774
ukata,774
atelier_sophie,774
heavy_machine_gun,774
hitsugaya_toushirou,774
givuchoko,774
munmu-san,774
yuuki_yuuna,774
gokotai,774
miyasu_risa,774
hajika,774
reverse_(bluefencer),774
mahouka_koukou_no_rettousei,774
zipper_leotard,774
pinky_ring,773
red_xiii,773
bkub_(style),773
cannibalism,773
female_mage_(dungeon_and_fighter),773
rou-kyuu-bu!,773
duel_masters_play's,773
crescent_rose,773
millennium_puzzle,773
reinforce,773
onyhakase,773
kanzaki_souma,773
harusame_(unmei_no_ikasumi),773
depth_charge,773
houndoom,773
hatano_kiyoshi,773
strong_zero,772
holding_paper_airplane,772
hamanami_(kancolle),772
yappen,772
sentret,772
poster_parody,772
indonesian_commentary,772
ass_hair,772
hairu,772
onija_tarou,772
hand_on_own_wrist,771
kushima_kamome,771
metal_gear_solid_v:_the_phantom_pain,771
indomitable_(azur_lane),771
so_moe_i'm_gonna_die!,771
hans_christian_andersen_(fate),771
shish_kebab,771
yuuma_(skirthike),771
itoshiki_nozomu,771
uni_(neptunia),771
medicine,771
maki_(camp)_(blue_archive),771
chao_(sonic),771
crownslayer_(arknights),770
princess_bonnibel_bubblegum,770
soon_(c-u-soon),770
grandia_i,770
reflective_surface,770
gloves_over_sleeves,770
implied_pantyshot,770
kataginu,770
niconico,770
kitahara_tomoe_(kitahara_koubou),770
smoker_(one_piece),770
sena_ajisai,770
meowy_(chainsaw_man),769
unworn_crown,769
the_little_mermaid_(disney),769
suneate,769
tashkent_(azur_lane),769
sneasel,769
bikini_around_one_leg,769
mountain_of_faith,769
pokemon_tail,769
touwa_erio,769
hat_kid,768
diploma,768
kidnapped,768
yellow_helmet,768
aurahack,768
aiba_yumi,768
yonedatomo_mizu,768
eretto,768
konno_tohiro,768
lonely,768
sousou_(sousouworks),768
cherino_(blue_archive),768
doma_umaru,767
gelatin,767
holding_gourd,767
victory_rolls,767
sliding,767
morgana_(cat)_(persona_5),767
spiked_penis,767
skinny_dipping,767
sidoh_(dqb2),767
koharu_rikka,767
numbers_(nanoha),767
akino_ell,767
sion_eltnam_atlasia,767
heavenly_boat_maanna,767
v4x,767
renkin_san-kyuu_magical_pokaan,766
pine_(bombergirl),766
misumi_(niku-kyu),766
holding_ring,766
kunimi_tama,766
dragonair,766
drawn_heart,766
murasaki_shion_(gothic_lolita),766
tako-san_wiener,766
gazing_eye,766
minccino,766
airi_(band)_(blue_archive),766
saki_chisuzu,766
penguin_tail,765
shimakaze_(azur_lane),765
blurry_edges,765
legacy_of_lunatic_kingdom,765
nunchaku,765
hanako_nana,765
hydro_symbol_(genshin_impact),765
veiny_face,765
maria_robotnik,765
minase_nayuki,765
markings,765
at_classics,765
tennouboshi_uzume,765
fuukadia_(narcolepsy),765
youtube_logo,765
foot_pussy,764
water_slide,764
tab_head,764
multicolored_shorts,764
pincers,764
full_mouth,764
trunks_(future)_(dragon_ball),764
katou_shinobu,764
hot_chocolate,764
kuo_shenlin,764
rukuriri_(girls_und_panzer),764
faputa,764
kisaragi_kai_ni_(kancolle),764
bad_leg,764
kitakami_reika,764
akai_haato_(1st_costume),764
mashuu_masaki,764
pokobee,764
i-14_(kancolle),764
rakeemspoon,763
x-ray_vision,763
yuto_(dialique),763
fur-trimmed_choker,763
sky_striker_ace_-_raye,763
rose_bush,763
poprication,763
altina_orion,763
gotoh_hitori_(octopus),763
neon-tetora,763
nanaroku_(fortress76),763
binsen,763
vyrn_(granblue_fantasy),763
seki_(red_shine),763
ekrea_jan,763
gogiga_gagagigo,763
futaba_sana,763
subscribestar_logo,763
kagurabachi,762
googly_eyes,762
veyle_(fire_emblem),762
canal,762
tier_harribel,762
ofuda_on_nipples,762
pochi_(pochi-goya),762
hemokinesis,762
green_butterfly,762
body_pillow,762
iggy_(jojo),762
agumon,762
sister_claire_(1st_costume),762
taketora_suzume,762
arashio_kai_ni_(kancolle),762
bike_jersey,762
outer_glow,762
yukino_(blue_archive),761
orange_lips,761
elemental_(creature),761
brown_hakama,761
kotoba_noriaki,761
cromachina,761
carbuncle_(puyopuyo),761
embroidered_bra,761
ozymandias_(fate),761
red_dot_sight,761
imminent_gangbang,761
gauze_on_knee,761
suicune,761
re:creators,760
kawai_ritsu_(rits_meg),760
jack-o'-lantern_hair_ornament,760
tailcoat_playboy_bunny,760
tamamo_cat_(third_ascension)_(fate),759
mokufuu,759
mogador_(azur_lane),759
marx_(kirby),759
string_of_light_bulbs,759
skull_belt,759
piranha_plant,759
trolling,759
redi_(rasec_asdjh),759
nyong_nyong,759
venti_(archon)_(genshin_impact),759
munchlax,758
asuna_(sao-alo),758
front_zipper,758
chain_around_arm,758
kamukamu_(ars),758
silver_armlet,758
pixiv_fantasia_t,758
turkey_(food),758
melody_(projektmelody),758
resting,758
clumsy,758
bone_print,758
plaid_socks,758
gotoh_hitori_(tsuchinoko),758
satsuki_kai_ni_(kancolle),758
greenteaneko,758
todo_aoi_(jujutsu_kaisen),758
spamton_g._spamton,757
peeking_through_fingers,757
wild_arms_2,757
satou_shouji,757
whitesmith_(ragnarok_online),757
octane_(apex_legends),757
christmas_sweater,757
michairu,757
cut-in,757
ayachi_nene,757
himemori_luna_(1st_costume),757
nero_(devil_may_cry),757
yuri_kyanon,756
sports_sandals,756
flower_eyepatch,756
hoozuki_no_reitetsu,756
cutiefly,756
adachi_to_shimamura,756
hijab,756
ninomae_ina'nis_(casual),756
sleeping_bag,756
bimbofication,756
precum_string,755
keroro,755
backrooms_(creepypasta),755
see-through_pelvic_curtain,755
wrestling_mask,755
akehoshi_subaru,755
soukyuu_no_fafner,755
dr._eggman,755
saren_(summer)_(princess_connect!),755
ancesra,755
kokaki_mumose,755
takana_shinno,755
metal_gear_rising:_revengeance,755
yukia_(firstaid0),755
allen_walker,755
circe_(fate),755
cum_on_armpits,755
koga_mitsuki,755
seele_vollerei_(herrscher_of_rebirth),754
glowing_petals,754
fish_hook,754
squigly_(skullgirls),754
pinky_swear,754
crocodile,754
eva_beatrice,754
michii_yuuki,754
araga_kiwi,754
origins,754
loose_thighhigh,754
argyle_socks,754
scarf_bow,754
radar,754
v_legs,754
thigh_straddling,754
panda_girl,753
professor_(ragnarok_online),753
the_scum_villain's_self-saving_system,753
masami_chie,753
meguru_(cookie),753
garnish,753
bae_minah_(chaesu),753
kamikiririp,753
payphone,753
hood_(azur_lane),753
sommie_(fire_emblem),753
white_sweater_vest,753
tenga,752
grabbing_own_hair,752
year_of_the_rooster,752
morikura_en,752
bokura_wa_ima_no_naka_de,752
tsuba_(guard),752
onigiri_print,752
holding_kunai,752
mizuumi_(bb),752
kajimakoto,752
blue_arm_warmers,752
neco_spirit,751
nitamako_(sakamalh),751
emaciated,751
band_shirt,751
socks_over_pantyhose,751
mawaru_(mawaru),751
seeu,751
tsukumo_(soar99),751
fujoshi,751
mushi024,751
chamaji,751
oda_nobunaga_(maou_avenger)_(fate),751
core,751
shimakaze-kun,751
jeneral,751
matchstick,751
aqua-framed_eyewear,751
kafu_(cevio),750
tomoe_gozen_(swimsuit_saber)_(first_ascension)_(fate),750
udon_(shiratama),750
chastity_belt,750
ok_sign_over_eye,750
tyrannosaurus_rex,750
sesshoumaru,750
takatsuki_ichi,750
nollety,750
gazacy_(dai),750
hands_on_own_knee,750
resident_evil_2_(remake),750
angel's_24_uniform_(blue_archive),750
zangief,750
imminent_bite,749
omar_dogan,749
kotobuki_(tiny_life),749
ddolbang,749
rei_(cookie),749
jailbird_(nerissa_ravencroft),749
abby_(wuthering_waves),749
23_(real_xxiii),749
luo_xiaohei_(human),749
yoi_naosuke,749
2k-tan,749
nihilego,749
pinecone,749
elizabeth_(persona),749
video_call,749
kisetsu,748
choshanland_plushy_(arknights),748
longcat_(meme),748
curled_ends,748
morning_glory_print,748
seishou_elementary_school_uniform,748
shameimaru_aya_(newsboy),748
sakimiya_(inschool),748
gundam_age,748
kirby_star_allies,748
sports_festival,748
moona_hoshinova_(1st_costume),748
holding_rocket_launcher,747
rivalry,747
shiratama_(hockey),747
glitter_dress,747
anachronism,747
kekkai_sensen,747
classicaloid,747
nigou,747
rim_(kamitsubaki_studio),747
bay_(nikke),747
haru_(konomi_150),747
kobeya_uniform,747
smock,747
hasegawa_kobato,747
isara_mao,747
pink_overalls,747
techi_(techi35499),747
hard-translated_(non-english),747
flail,747
peeling,747
flaming_skull,747
vampy,747
caterpillar,747
emily_stewart,747
washbowl,746
woodonly,746
heart_on_cheek,746
kiryu_kazuma,746
handa_roco,746
master_of_eternity,746
jewel_butt_plug,746
kunabishi,746
sports_utility_vehicle,745
dou,745
nakahira_guy,745
yashin_(yasinz),745
gradient_filter,745
choukai_kai_ni_(kancolle),745
yellow_blood,745
baron_bunny_(genshin_impact),744
priestess_(goblin_slayer!),744
military_coat,744
takemi_tae,744
bikini_tug,744
mizuryu_kei,744
weight_gain,744
kurosaki_chitose,744
fallout_4,744
shirokuma_a,744
osashin_(osada),744
kishinami_hakuno_(male),744
kogitsunemaru,744
daffodil,744
plaid_coat,744
purple_sandals,744
virgin,744
pc-98_(style),744
abukuma_kai_ni_(kancolle),744
futari_wa_precure_max_heart,744
bokuto_koutarou,744
ikayaki,744
transformed_ditto,743
another_eden,743
umamusume:_beginning_of_a_new_era,743
living_hair,743
urushibara_luka,743
maki_(seventh_heaven_maxion),743
kashino_(hot_springs_relaxation)_(azur_lane),743
frieza,743
sakura_miko_(school_uniform),743
executor_(arknights),743
traffic_mirror,743
ant,743
byakugan,743
akuma_no_riddle,743
tales_of_symphonia_knight_of_ratatosk,743
gold_gloves,742
evil_eyes,742
shiwasu_no_okina,742
somebody_(leiking00),742
ryne_waters,742
dazai_osamu_(bungou_stray_dogs),742
one_arm_handstand,742
atelier_resleriana,742
yuitsuka_inori,742
kozaki_yuusuke,741
turntable,741
holding_cooking_pot,741
mikan_(chipstar182),741
petrification,741
koban_(gold),741
ranger_(ragnarok_online),741
amazon_(dragon's_crown),741
angelfish,741
the_loud_house,741
toraishi_666,741
pamiat_merkuria_(azur_lane),741
marcus_(reverse:1999),741
krita_(medium),741
vilde_loh_hocen,741
side-tie_shirt,740
tanaka_ryou,740
asbel_lhant,740
sun_wukong,740
montemasa,740
hanged,740
momose_rio,740
aile_(crossroads),740
stapler,740
roller_coaster,740
short_yukata,740
nagami_yuu,740
galko,740
kung_fu,740
food_between_breasts,739
superman_logo,739
torso_flash,739
pudgeruffian,739
kuroo_tetsurou,739
bottle_miku,739
shiba_tomoshibi,739
rinotuna,739
nahaki,739
mei_(maysroom),739
kyoukai_no_kanata,739
taiko_drum,739
imperial_japanese_navy,739
thor_(marvel),738
double-sided_axe,738
knitting,738
dvd_logo,738
boota_(ttgl),738
wolf_paws,738
nullma,738
risotto_nero,738
vehicle_request,738
miyao_miya,738
subway,738
star_trail,738
yatogami_tohka,737
looking_at_screen,737
escalator,737
caitlin_(pokemon),737
eufoniuz,737
epilepsy_warning,737
death_(entity),737
nunnally_vi_britannia,737
cure_sword,737
zekkyon,737
rin_yuu,737
ponzu_rui,737
chrysanthemum_print,737
bandages_over_eyes,737
u.n._spacy,737
stopwatch_around_neck,737
snom,737
azul_ashengrotto,736
viviana_(arknights),736
horns_pose,736
cherry_tree,736
overexposure,736
pastel_(medium),736
drawn_tail,736
standing_cunnilingus,736
noriuma,736
vinegar_doppio,736
mp40_(girls'_frontline),736
plaid_capelet,736
seijun,736
pill_bottle,736
aikawa_megumi,736
neon_(nikke),736
yuzu_(maid)_(blue_archive),736
sig_556,736
rpg_(weapon),736
ameyama_denshin,736
store_clerk,735
cellien_(kemono_friends),735
see-through_skirt_layer,735
diamond_(houseki_no_kuni),735
camouflage_bikini,735
wooden_door,735
shaft_look,735
tales_of_xillia_2,735
sakaki_imasato,735
bandai,735
bokukawauso,735
scissorhold,735
colette_brunel,734
frilled_coat,734
narciso_anasui,734
felicia_hardy,734
bad_arm,734
virtual_reality,734
nono_hana,734
love_hina,734
fukuyama_mai,734
redcomet,734
inami_mahiru,734
cheria_barnes,734
mibu_natsuki,734
rogue_(x-men),733
clam_shell,733
mortar_(bowl),733
cherry_earrings,733
bilibili,733
familiar_(madoka_magica),733
holding_grenade,733
barding,733
hanekoto,733
funamusea_(artist),733
commander_(last_origin),733
glassy0302,733
goldmary_(fire_emblem),733
nora_higuma,733
yamabukiiro,733
stasis_tank,733
erubo,733
vertical-striped_bra,732
purple_sports_bra,732
pyrrha_nikos,732
togruta,732
view_between_legs,732
aa-12_(girls'_frontline),732
hxd,732
cure_dream,732
hand_to_blade,732
unicorn_girl,732
forever_7th_capital,731
wss_(nicoseiga19993411),731
udagawa_tomoe,731
african_wild_dog_(kemono_friends),731
prywinko,731
douki-chan_(douki-chan),731
atg_(wttoo0202),731
skadi_(elite_ii)_(arknights),731
kirakishou,731
bed_frame,731
fujimura_taiga,731
mazaki_anzu,731
orange_capelet,731
fire_extinguisher,731
hikari_(arcaea),730
jinbaori,730
adjusting_another's_hair,730
yoru_nai,730
uzuki_(cookie),730
akeyama_kitsune,730
natsuki_karin,730
piripun,730
aqua_socks,730
culter,730
hololive_dance_practice_uniform,729
asgore_dreemurr,729
takatsuki_nato,729
kuya_(hey36253625),729
no_coat,729
dragon_quest_vi,729
togami_byakuya,729
ringo-chan_(otokuyou),729
dragon_claw,729
orange_bag,729
luca_kaneshiro,729
bident,729
sheep_costume,729
tickling_sides,729
djmax,729
rock_paper_scissors,729
siberian_chipmunk_(kemono_friends),729
waligner,728
meloetta_(aria),728
latin_text,728
sailor_neptune,728
tatsugiri,728
yun_cao_bing,728
logos_(arknights),728
starraisins,728
cure_miracle,728
muv-luv_total_eclipse,728
ogami_tamaki,728
hisoka_morow,728
shinapuu,728
shirosaki_hana,728
rabbit_ornament,727
broly_(dragon_ball_super),727
chiwino,727
soviet_school_uniform,727
aircraft_carrier,727
son_biten,727
aioi_yuuko,727
tokino_sora_(1st_costume),727
white_overalls,727
nedia_(nedia_region),727
inanaki_shiki,727
akuma_(street_fighter),727
9law,727
grey_rose,727
camonome,727
michael_f91,727
rhythmic_gymnastics,726
hongbao,726
dede_(qwea_00000),726
oosawa_aya,726
kingprotea_(fate),726
print_leotard,726
off-shoulder_leotard,726
shaman_king,726
masara_(chuujou),726
kariya_masaki,726
bodycon,726
sebastian_michaelis,726
puniru_wa_kawaii_slime,726
sasha_blouse,726
emily_(pure_dream),726
jade_(honkai:_star_rail),726
mars_(cookie),726
zdrada_(helltaker),725
graph,725
chinchilla_(animal),725
nipple_penetration,725
centurii-chan,725
female_builder_(dqb2),725
aesc_(rain_witch)_(fate),725
hisasi,725
mitsurugi_sugar,725
selvaria_bles,725
newo_(shinra-p),725
senri_gan,725
grey_collar,725
hentai_ouji_to_warawanai_neko.,725
gashapon,725
sexual_harassment,724
black_order_uniform,724
mipha,724
coral_reef,724
orca_hood,724
eldridge_(azur_lane),724
serasuku,724
germany_(hetalia),724
babydoll_lift,724
pragmata,724
white_pikmin,724
cofffee,724
pokoten_(pokoten718),724
atelier_totori,723
flayn_(fire_emblem),723
gloved_sleeves,723
tiger_costume,723
gareth_(fate),723
holding_headphones,723
kasugano_urara_(precure),723
riliane_lucifen_d'autriche,723
holding_crown,723
open_box,723
kazamatsuri_institute_high_school_uniform,723
kuena,723
nakajima_yuka,723
yuki_arare,723
tristan_(fate),723
kawashima_ami,723
ulti_(one_piece),722
holding_tennis_racket,722
kamisimo_90,722
clitoris_ring,722
ishigaki_takashi,722
judith_(tales),722
gummy_(arknights),722
irasutoya,722
mahou_shoujo_oriko_magica,722
wokada,722
comic_kairakuten,722
kaetzchen,722
ines_fujin_(umamusume),722
izumi_(blue_archive),722
zouni_soup,722
less,722
panties_visible_through_clothes,722
mefomefo,722
mikoyan,722
anya's_heh_face_(meme),722
super_star_(mario),722
monori_rogue,722
noyama_takenoko,721
magatama_hair_ornament,721
hinoka_(fire_emblem),721
aokumo_rin,721
wetland,721
aviator_goggles,721
bayonetta_2,721
alcina_dimitrescu,721
royal_robe,721
bubble_bath,721
psycho-pass,721
snow_strawberry_(idolmaster),721
hitotsuyanagi_riri,721
possummachine,721
iriam,721
hinata_channel,721
bazooka_(gundam),721
eye_tattoo,721
natsuiro_egao_de_1_2_jump!,721
akatsuki_kai_ni_(kancolle),720
zinnia_(pokemon),720
planted_umbrella,720
yamagou_ayumi,720
bad_artstation_id,720
shannon_(umineko),720
harimoji,720
futatsuki_hisame,720
amazuki_jou,720
seaplane,720
kuro_suto_sukii,720
pile_of_books,719
after_fingering,719
foodification,719
big_head,719
miraidon,719
raiden_mei_(apho),719
brown_helmet,719
yanagi_wakana,719
hiei_kai_ni_(kancolle),719
umishima_senbon,719
kumiko_shiba,719
karutamo,719
machete,719
sazanami_mio,719
orizen,719
karyl_(summer)_(princess_connect!),719
vector_(girls'_frontline),718
imminent_death,718
nagi_seishirou,718
re:act,718
vietnamese_clothes,718
hidden_star_in_four_seasons,718
splatter_background,718
beijuu,718
pawmi,718
senki_zesshou_symphogear_xd_unlimited,718
nekomiya_hinata,718
azumi_(myameco),718
costume_request,718
ace_of_diamonds,718
testament_(guilty_gear),718
pom_pom_hat_ornament,718
cuffed,717
kamen_rider_dcd,717
heater,717
nelliel_tu_odelschwanck,717
green_umbrella,717
fukahire_(ruinon),717
eyecatch,717
yamada_aoi,717
fun_bo,717
witch's_labyrinth,717
error_musume,717
headlock,716
takepoison,716
takopii_no_genzai,716
talkex,716
kamiyoshi_rika,716
soldier_11_(zenless_zone_zero),716
cytus,716
learning_with_manga!_fgo,716
folding_screen,716
disco_elysium,716
cuddling_handjob,716
melusine_(second_ascension)_(fate),715
wobbuffet,715
welrod_mkii_(girls'_frontline),715
pink_armor,715
riko_(made_in_abyss),715
minazuki_(kancolle),715
sakaguchi_karina,715
chaos_(warhammer),715
kenshin187,715
takaharu,715
nagayoshi_subaru,715
nanao_(mahaya),715
akchu,715
cathedral,715
koyanskaya_(assassin)_(first_ascension)_(fate),715
suo_bu_ye_feng,715
hug_from_side,714
amezawa_koma,714
langrisser,714
kirisawa_juuzou_(character),714
hiiragi_yuzu,714
foot_on_another's_head,714
belarus_(hetalia),714
mashima_hiro,714
ri-net,714
chest_rig,714
rindou_(radical_dream),714
mikkoukun,714
red_feet,714
giraffe,713
pegging,713
yomosaka,713
triceps,713
asanagi_shion,713
farm,713
jeanne_d'arc_(girl_from_orleans)_(fate),713
cycling_uniform,713
hiememiko,713
oso_(toolate),713
flasher_(flasher_ura),713
rhein_kraft_(umamusume),713
suurin_(ksyaro),713
hikigaya_hachiman,713
zen33n,713
clothes_in_front,712
jibril_(no_game_no_life),712
faye_valentine,712
loose_neck_ribbon,712
asakuraf,712
lauren_iroas,712
luke_(dydansgur),712
pink_hood,711
supermarket,711
guweiz,711
ame.,711
krekkov,711
skirt_caught_on_object,711
fingers_to_mouth,711
isolated_island_oni,711
kazemaru_ichirouta,711
the_iron_of_yin_and_yang,711
saigado,711
in_shopping_cart,711
sekirei,711
yukichi_(eikichi),711
mixed-sex_combat,710
single_arm_guard,710
elbows_on_knees,710
crazy_grin,710
ocarina,710
buttercup_(ppg),710
euphemia_li_britannia,710
sacabambaspis,710
broken_wall,710
kobayakawa_rinko,710
latex_shrug,710
zutto_mayonaka_de_ii_no_ni,710
saori_(swimsuit)_(blue_archive),710
pink_nose,710
redjet,709
charlotta_(granblue_fantasy),709
ribbon-trimmed_bow,709
shin_megami_tensei_iii:_nocturne,709
jackal_tail,709
holding_wallet,709
cockroach_girl,709
trampling,709
looking_at_creature,709
in_bag,709
god_eater_2:_rage_burst,709
dx,709
kar98k_(girls'_frontline),709
cura,709
feldt_grace,709
lunacle,709
waist_hug,709
nakamura_regura,709
846-gou,709
marvelous_sunday_(umamusume),709
sayla_mass,709
jumpsuit_around_waist,708
battery,708
holding_stethoscope,708
cocked_eyebrow,708
mother's_day,708
grasslands,708
clara_(girls_und_panzer),708
admiral_hipper_(azur_lane),708
spine_(medium),708
afro_puffs,708
holding_gloves,708
yatai,708
mudrock_(silent_night)_(arknights),708
adult_neptune,708
wien_margarete,708
luka_(mon-musu_quest!),708
akitetsu,708
hand_jewel,708
apple_(reverse:1999),708
marionette,708
striped_choker,707
dorothy_(arknights),707
kuroi_mimei,707
omamori,707
poker,707
winged_boots,707
holding_racket,707
inner_senshi,707
twrlare,707
fathom,707
the_end_of_evangelion,707
claymore_(series),707
sorani_(kaeru0768),707
genzoman,707
manaka_non,707
miyamoto_musashi_(third_ascension)_(fate),707
darkmaya,707
shnva,707
matsumoto_tomoyohi,707
totokichi,707
julia_(idolmaster),707
holding_bento,706
artist_self-reference,706
countdown_illustration,706
american_flag_shirt,706
kamen_rider_ooo_(series),706
poketch,706
jumpluff,706
azumi_kazuki,706
pottsness,706
valkyrie_drive,706
knights_of_blood_uniform_(sao),706
bait_and_switch,706
bent_v,706
swordsouls,706
klavier_gavin,706
hod_(project_moon),705
pokemon_on_lap,705
archery_shooting_glove,705
multicolored_sky,705
sakura_empire_(emblem),705
rainbow_eyes,705
exs-tia,705
shermie_(kof),705
pleading_eyes,705
mochizuki_kei,705
grimsley_(pokemon),705
xingzhi_lv,705
takasu_ryuuji,704
push-ups,704
social_network,704
pliers,704
dennou_shoujo_siro,704
in_bowl,704
sena_(blue_archive),704
abigail_williams_(second_ascension)_(fate),704
anbe_yoshirou,704
rejection,704
bae_(baebae),704
charisma_break,704
hanasaku_iroha,704
haibane_renmei,704
kindergarten_bag,704
double_anal,703
goodra,703
ebisu_eika,703
mishima_kazuya,703
haruka_(senran_kagura),703
source_filmmaker_(medium),703
uno_(game),703
amaterasu_(ookami),703
hatsunatsu,703
cure_lovely,703
butterchalk,703
texas_(winter_messenger)_(arknights),703
male-female_symbol,703
kokudou_juunigou,703
blue_car,703
akimoto_komachi,703
kusugawa_sasara,703
selection_university_military_uniform,703
ines_(arknights),702
naokomama,702
husband_and_husband,702
pea_pod,702
chii,702
watering,702
hugh_(pokemon),702
teamwork,702
yoga_mat,702
rui_shi_(rayze_ray),702
gunpla,702
squirrel_girl_(marvel),702
homu,702
luna_(sailor_moon),702
reverse_nursing_fingering,702
takafuji_kako,702
wakaba_(kancolle),702
deco_(geigeki_honey),702
meteion,701
dabi_(boku_no_hero_academia),701
mythra_(radiant_beach)_(xenoblade),701
nekoda_(maoda),701
jinbei_(clothes),701
mimori_(blue_archive),701
mochirong,701
sekaiju_no_meikyuu_4,701
ass_smack,701
holding_trumpet,701
kawakami_mai,701
choukou_shinki_ixseal,701
tiffy_(nottytiffy),700
spoken_flying_sweatdrops,700
black_blood,700
kazama_jin,700
dolphin_girl,700
holding_coat,700
ice_cream_spoon,700
king_(playing_card),700
uppercut,700
torimaru,700
sledgehammer,700
yamanin_zephyr_(umamusume),700
amakusa_shirou_(fate),700
megatron,700
removing_bra,700
saturated,700
swordsman_(ragnarok_online),700
bikini_day,700
sof_(blue_archive),699
morag_ladair_(xenoblade),699
the_transformers_(idw),699
garbage_time,699
cross_pendant,699
xblaze,699
takase_muh,699
ghost_print,699
akasaai,699
furoshiki,699
shepherd0821,699
sonohara_anri,699
dekomori_sanae,699
cafekun,699
haniwa_(leaf_garden),699
hibiscus_print,699
hannya,699
small_penis_humiliation,698
cracked_screen,698
sig_mpx,698
sin_mal,698
unconnected_marketeers,698
mousse_(ranma_1/2),698
reimu_endou,698
scamp_(kancolle),698
misaki_nonaka,698
ashiomi_masato,698
rouka_(akatyann),698
mairimashita!_iruma-kun,698
sekaiju_no_meikyuu_2,698
noripachi,698
faceplant,697
poppi_(xenoblade),697
crystal_hair_ornament,697
disappointed,697
aoi_erika,697
howl_(howl_no_ugoku_shiro),697
suisei_no_gargantia,697
special_feeling_(meme),697
arsene_lupin_iii,697
ray_(arknights),697
toddler,697
rahu_(path_to_nowhere),697
infukun,697
tour_guide,697
kotatsu_(g-rough),697
homura_subaru,697
icomochi,697
naked_paint,697
pipkin_pippa,697
mosha,697
gendou_pose,696
itsuka_kotori,696
yamaha,696
matanonki,696
katsuragi_(senran_kagura),696
suzu_(cookie),696
pelvic_curtain_aside,696
cheesecake,696
;<,696
draco_centauros,696
aqua_pantyhose,696
naru_(wish_field),696
koi_wa_sensou_(vocaloid),696
harano,696
juurouta,696
convenient_skirt,696
igarashi_kyou_(eroe),696
cut-here_line,695
pecha_berry,695
picking_up,695
racing_miku_(2022),695
korok,695
grate,695
hooded_leotard,695
the_road_to_el_dorado,695
aogiri_koukou,695
vivi_ornitier,695
hamburger_steak,695
wet_spot,695
prince_of_lorasia,695
pinwheel_hair_ornament,695
yuukyuu_gensoukyoku,695
black_slippers,695
hxxg,695
ieiri_shoko,695
yasuyuki,695
lofter_username,695
utawarerumono:_itsuwari_no_kamen,694
pie_slice,694
yoshimi_(band)_(blue_archive),694
heart_ring_choker,694
holding_ticket,694
number_pun,694
hatakaze_(kancolle),694
torn_leggings,694
sleeveless_jumpsuit,694
crow_(siranui),694
akari_(blue_archive),694
sailor_collar_lift,694
lisa_lisa,694
profile_picture,694
heiwajima_shizuo,694
ao_no_kanata_no_four_rhythm,694
hoshino_miyako_(wataten),694
aoki_shizumi,694
adachi_sakura,694
natsume_eri,694
afuro_terumi,694
tsumugi_wenders,694
diglett,694
melusine_(swimsuit_ruler)_(fate),694
fish_in_mouth,693
valentine_(skullgirls),693
devil_may_cry_4,693
zeta_gundam_(mobile_suit),693
triangle_halo,693
panties_around_thighs,693
grey_feathers,693
against_fence,693
heart-shaped_lollipop,693
tomu_(tomubobu),693
gerudo_set_(zelda),693
azumarill,693
takayama_sayoko,693
peanuts_(comic),693
mo_chengwei,693
mikazuki_yozora,693
kamehameha_(dragon_ball),692
ammunition_box,692
gear_hair_ornament,692
human_head,692
tail_under_clothes,692
big_man_(splatoon),692
bucky_barnes,692
hitotose_rin,692
sakuya_tsuitachi,692
hoshiguma_yuugi_(kimono),692
gradient_necktie,692
raven_(tales),692
darjeeling_(reley),692
figure_skating_dress,692
lokulo-chan_(lokulo_no_mawashimono),692
parking_lot,692
chapter_number,692
natsuya_(kuttuki),692
kikumaru_bunta,692
totooria_helmold,691
tangled,691
wrestle_angels,691
c-string,691
tofu_thunder,691
kisaragi_momo,691
aosora2823,691
penis_piercing,691
sakamoto_ryouma_(fate),691
norigure18,691
aburaage,691
pumpkaboo,690
imminent_suicide,690
shinmai_maou_no_testament,690
comiket,690
summon_night_3,690
fur-trimmed_vest,690
foo_fighters_(jojo),690
gold_leotard,690
torn_sleeve,690
alternate_size,690
viper_(series),690
mizutani_eri,690
hoshimiya_kate,690
john_doe_(jdart),690
implied_murder,690
shitodo_kuroji,689
azatychan,689
hands_on_another's_shoulder,689
multiple_cats,689
evertale,689
zasshu,689
postbox_(outgoing_mail),689
oil_lamp,689
garou:_mark_of_the_wolves,689
plaid_sailor_collar,689
for_adoption,689
holding_torpedo,689
formula_one,689
sairenji_haruna,689
sin_sack,689
matsukaze_tenma,689
ge-b,689
nakatani_nio,689
linked_collar,689
cirno_day,689
hu_dako,689
washing_another,689
sakamoto_ryuji,689
airplane_interior,688
princess_tutu,688
araneesama,688
azuma_aya,688
shpo,688
price,688
ear_cleaning,688
saipaco,688
sculpture,688
deutschland_(azur_lane),688
kagero_(fire_emblem),687
masamune_(ff7),687
kadeart,687
dream_smp,687
hood_(james_x),687
toaru_kagaku_no_railgun_s,687
loading_icon,687
treasure,687
petra_macneary,687
chougei_(kancolle),687
ninomae_ina'nis_(loungewear),687
kupaa,687
greatmosu,687
new_horizon,687
neko_majin,687
queen_marika_the_eternal,686
earflap_beanie,686
shamisen,686
meme_request,686
ousama_ranking,686
blue_screen_of_death,686
holding_earphones,686
akemi_homura_(black_dress),686
salt_shaker,686
dragon_village_collection,686
stuffed_whale,686
wizard_(ragnarok_online),686
hoshino_hinata,686
shizuko_(blue_archive),686
kunoichi_tsubaki_no_mune_no_uchi,686
touyouryuu-san,686
food_theft,686
bunbun,686
shiroshi_(denpa_eshidan),686
bead_anklet,685
folded_twintails,685
female_ejaculation_through_clothes,685
suspenders_hanging,685
tiger_i,685
kannko_bokujou,685
silva_(granblue_fantasy),685
hizuki_akira,685
pig_girl,685
glowing_lines,685
sena_(xenoblade),685
yuusha_to_maou,685
arano_oki,685
breath_of_fire_v,685
growlithe,685
blue_babydoll,685
luna_snow,685
holding_mushroom,685
yellow_shawl,684
hair_branch,684
aoi_nagisa_(metalder),684
qingque_(honkai:_star_rail),684
stick_figure,684
breasts_day,684
double_blade,684
lucca_ashtear,684
hidulume,684
wool_(miwol),684
majima_goro,684
latex_pants,684
oryou_(fate),684
shinomiya_fuyumi,684
eye_of_senri,684
single_vambrace,683
engine,683
flannery_(pokemon),683
kamishima_kanon,683
pocket_square,683
reverse_grip_handjob,683
super_pochaco,683
hitachi_mako,683
ninian_(fire_emblem),683
zozotown,683
red_overalls,683
kaiga,683
aqua_hoodie,683
batting_stance,682
mad_mew_mew,682
ice_crystal,682
phantom_thief,682
deltoids,682
protagonist_(smtv),682
ukiyo-e,682
blossom_(ppg),682
panties_around_ankles,682
daitou_(kancolle),682
tall_male,682
spotted_fur,682
mechanical_spine,682
puru-see_(hoshizuki_(seigetsu)),682
parody_request,682
robot_dragon,682
hip_dips,682
collar_tabs,682
ena_(series),682
type_97_(girls'_frontline),682
miura-n315,682
firefighter,682
shadows_house,681
ade_(nikke),681
chain_bracelet,681
sony,681
camus_(dq11),681
simoun,681
sett,681
muchi_maro,681
mudra,681
recursive_genderswap,681
pan_(mimi),681
jeanne_d'arc_(granblue_fantasy),681
adeleine,681
nagase_haruhito,681
robin_hood_(fate),681
alien_(series),681
onono_imoko,681
giraffe_ears,680
liliya_olenyeva,680
exit_sign,680
kotori_(cheer_squad)_(blue_archive),680
layla_(idolmaster),680
luke_pearce_(tears_of_themis),680
kuonji_ukyou,680
alice_carroll,680
kearsarge_(azur_lane),680
white_blood_cell_(hataraku_saibou),680
artillery,680
gold_nails,680
yukimin_(yukihana_lamy),680
mexico,679
children's_day,679
tennis_court,679
metal_sonic,679
red_male_swimwear,679
oounabara_to_wadanohara,679
spot_(arknights),679
kuraue_hinata,679
serie_(sousou_no_frieren),679
knocking,679
madoka_runes,679
credit_card,679
princess_serenity,679
rito,679
uni8,679
changing_clothes,679
lace-trimmed_bow,679
gomtang,679
sako_(bosscoffee),679
unown,679
narue,679
lucas_lee,679
striped_leotard,679
killer_queen,679
postage_stamp,679
extended_downblouse,678
holding_sandwich,678
ship's_wheel,678
lainart,678
victory_gundam,678
knitting_needle,678
pikachu_(cosplay),678
luna_(honkai_impact),678
mareep,678
after-school_sweets_club_(blue_archive),678
scat,678
xenovia_quarta,678
yuuno_scrya,678
mordred_(swimsuit_rider)_(first_ascension)_(fate),678
great_ball,678
budew,678
mondi_hl,678
morgiana,678
ironlily,678
nina_kosaka,678
strength_(black_rock_shooter),678
dango_daikazoku,678
rear-view_mirror,677
momisan,677
madou_monogatari,677
kanamori_sayaka,677
nagant_revolver_(girls'_frontline),677
paladin_(final_fantasy),677
tinkaton,677
oversized_flower,677
confident,677
jewelpet_(series),677
astolfo_(memories_at_trifas)_(fate),677
griseo_(starry_impression),677
kaga3chi,677
hiburi_(kancolle),677
pidgey,677
bikini_under_skirt,677
fuyumi_kazuki,677
misaka_12003-gou,677
ejami,677
vill-v,677
boros_(ouro_kronii),676
flowey_(undertale),676
cait_sith_(ff7),676
okamoto_condoms,676
steam_from_mouth,676
marina_(blue_archive),676
bekkankou,676
ainy,676
iron_fence,676
atago_(summer_march)_(azur_lane),676
ninetales,676
pectoral_docking,676
trotter_(honkai:_star_rail),676
tamamo_no_mae_(swimsuit_lancer)_(second_ascension)_(fate),676
gold_horns,676
akashio_(loli_ace),676
kelvin_hiu,676
yakushiji_saaya,676
syuen_(nikke),675
bow_flower,675
yasume_yukito,675
mai_natsume,675
multiple_hat_bows,675
frutiger_aero,675
suzunone_rena,675
oboro_muramasa,675
ribbon_around_body,675
houraku,675
siegfried_(fate),675
forced,675
hanasaki_miyabi,675
v-mag,675
ruggie_bucchi,675
suzuki_jun,675
noren,675
tyranitar,675
akb0048,675
hand_on_own_tail,675
ryo_(tg290),675
kamezaemon,675
fake_photograph,675
fie_claussell,674
pincushion,674
ovaries,674
whale_tail_(clothing),674
metal_wings,674
sakurakoji_kinako,674
akiyama_enma,674
hone_kawa,674
mast_(nikke),674
truss,674
alternate_facial_hair,674
white_heart_(neptunia),674
sasucchi95,674
shibuki_ran,674
t1kosewad,674
gabriel_evangel,674
buttjob_over_clothes,674
raine_(acke2445),674
reu_(cookie),673
exhaust,673
jean_kirstein,673
gibun_(sozoshu),673
hakui_koyori_(summer),673
lunchbox,673
electrodes,673
ogino_chihiro,673
togekiss,673
hiiragi_yuuichi,673
ai-chan_(tawawa),673
karaoke_box,672
elira_pendora_(1st_costume),672
wis'adel_(arknights),672
suspenders_pull,672
kozume_kenma,672
boomerang,672
sakura_mochi,672
given,672
gaston18,672
carmen_(project_moon),672
vigna_(arknights),672
paula_(mother_2),672
asmr,672
royal_penguin_(kemono_friends),672
blood_on_gloves,672
ring-con,672
chabudai,672
mai_(touhou),672
strawberry_panic!,672
tanaka_asuka,672
baileys_(tranquillity650),672
miya_(miyaruta),672
recursion,672
plate_stack,671
zero_(drag-on_dragoon),671
shauntal_(pokemon),671
sharena_(fire_emblem),671
canned_food,671
clothed_after_sex,671
portuguese_commentary,671
bluethebone,671
heart-shaped_pubic_hair,671
min_min_(arms),671
corrupted_metadata,671
senomoto_hisashi,671
freng,671
ms._fortune_(skullgirls),671
akadako,671
anmi,671
blvefo9,671
rukawa_kaede,670
haguro_kai_ni_(kancolle),670
kitarou,670
dirty_pair,670
newtype_flash,670
olympics,670
gold_dress,670
pop-up_story,670
shikushiku_(amamori_weekly),670
oz_(genshin_impact),670
dialogue_options,670
single_over-kneehigh,670
threat,670
vertical-striped_pajamas,670
brown_headband,669
ecclesia_(yu-gi-oh!),669
futoku_no_guild,669
sword_of_the_creator,669
locket,669
prostate_milking,669
ishigami_senkuu,669
minew,669
dragapult,669
kogure_ruka,669
corset_piercing,669
nishii_(damnedrive),669
shimamura_hougetsu,669
timbougami,669
bravely_default:_flying_fairy,669
blue_hands,668
saitou_masatsugu,668
uenomigi,668
double_biceps_pose,668
gishiki_(gshk),668
konngara_(touhou),668
yatterman,668
nishimata_aoi,668
yokosuka_girls_marine_high_school_uniform,668
korie_riko,668
jiji_(majo_no_takkyuubin),668
mikazuchi_zeus,668
pinkie_pie,668
gekitotsu!_joshikousei_oiroke_sensha_gundan,668
caesar_(girls_und_panzer),668
bruce_lee's_jumpsuit,668
sakuma_ritsu,668
haiiro_teien,667
zannen_na_hito,667
aether_gazer,667
clash,667
axolotl,667
no_cape,667
poop,667
fukuji_mihoko,667
subarashiki_kono_sekai,667
shinshin,667
yuzuna99,667
doyouwantto,667
hume,667
leviathan_(skullgirls),667
hanasaka_houcha,667
mayo_riyo,667
sugano_manami,667
uruha_rushia_(3rd_costume),667
rachnera_arachnera,667
clamp_(circle),666
erika_(blue_archive),666
double_thumbs_up,666
elpeo_puru,666
otter_spirit_(touhou),666
baobhan_sith_(swimsuit_pretender)_(first_ascension)_(fate),666
namine,666
pink_armband,666
kaminari_denki,666
tsuranukko,666
sombrero,666
misteor,666
sugiyuu,666
caeda_(fire_emblem),666
necro_(nekurodayo),666
spool,665
habetrot_(fate),665
mandibles,665
no_male_underwear,665
market,665
kudou_shin'ichi,665
kageyama_shien,665
smear_frame,665
xiao_wu_(douluo_dalu),665
summertime_render,665
tony_guisado,665
asazuki_norito,665
jiaoqiu_(honkai:_star_rail),665
hyurasan,665
dars_(recolors),665
white_gem,665
yamanashi_taiki,665
digital_camouflage,664
cheek_tattoo,664
grandmother_and_granddaughter,664
luz_noceda,664
mayonnaise,664
undone_bowtie,664
bandage_on_cheek,664
mounting,664
sitrus_berry,664
scientist,664
murasaki_(senran_kagura),664
jason_(kaiten_kussaku_kikou),664
azusa_(hws),664
over_the_nose_gag,664
chiimako,664
kana_anaberal,664
himura_moritaka,664
shibari_under_clothes,664
amagi-chan_(azur_lane),664
blazblue:_central_fiction,663
pink_corset,663
suou_yuki,663
takaman_(gaffe),663
totatokeke,663
lissa_(fire_emblem),663
genie,663
combos_&_doodles,663
glowing_gem,663
yanagi_(nurikoboshi),663
ar_tonelico_ii,663
kotochi_re,663
suminagashi,663
ankle_flower,663
teshima_nari,663
nian_(unfettered_freedom)_(arknights),663
sweeping,663
shishiro_botan_(button-down),663
change_in_common_sense,662
blazblue:_chronophantasma,662
butterfly_necklace,662
fungi_(genshin_impact),662
serena_(yu-gi-oh!),662
papi_(monster_musume),662
nao_(mabinogi),662
flood,662
hayashi_custom,662
tatsumi_ray,662
rei_(sanbonzakura),662
splatoon_3:_side_order,662
komori_kuzuyu,662
aningay,662
delmogeny_uniform,662
requesting_internal_cumshot,662
shared_bed,661
meganium,661
25-ji_nightcord_de._(project_sekai),661
zekrom,661
hiraga_matsuri,661
essex_(azur_lane),661
itto_(mentaiko),661
wave_print,660
display_case,660
usami_(danganronpa),660
hero_(dq5),660
mugetsu_(touhou),660
too_many_frills,660
koflif,660
nui_(nuinui0300),660
reichsadler,660
kokonoe_rin,660
label_girl_(dipp),660
kinona,660
aelion_draws,660
a-ka,660
peaked_lapels,660
natsu_(anta_tte_hitoha),660
kaname_buccaneer,660
contest_winner,659
kazami_yuuji,659
ouzuka_mai,659
sawamura_eijun,659
daydarion,659
ichigo_(cookie),659
bnw_(umamusume),659
food_on_clothes,659
la_pluma_(summer_flowers)_(arknights),659
noshimurin,659
megurigaoka_high_school_uniform,659
ribbon_(kirby),659
love_live!_the_school_idol_movie,659
hachune_miku,659
mitarashi_kousei,659
nagioka,659
mismatched_socks,659
nobita_(makoto7060355),659
midway_princess,659
aphrodisiac,659
momoshiki_tsubaki,659
matsukai_mao,659
air_mattress,659
spots,659
kuro_chairo_no_neko,659
see-through_raincoat,658
lilina_(fire_emblem),658
kaidou_minami,658
sachito,658
shu_yamino,658
ishimaru_kiyotaka,658
yasaikakiage,658
hei_(darker_than_black),658
aegislash,658
ishikkoro,658
pallad,658
komi_zumiko,658
namauni,658
cave_story,657
holding_cleaver,657
taking_shelter,657
factory,657
tales_of_arise,657
frilled_footwear,657
ikeda_chitose,657
lunatic_gun,657
vintage_microphone,657
kromer_(project_moon),657
numbered_panels,657
piyokichi,657
corn_dog,657
shirakami_fubuki_(street),657
high_elf_archer_(goblin_slayer!),657
kamen_rider_ryuki_(series),656
record_of_lodoss_war,656
illyasviel_von_einzbern_(beast_style),656
wiping_blood,656
fur_(clothing),656
gsusart,656
stuffed_fish,656
lansane,656
katara,656
goose,656
oozora_subaru_(hololive_summer_2019),656
happiness!,656
bishoujo_mangekyou_(series),656
poi_(phrase),656
industrial,655
kurona,655
vertigris,655
too_many_eyes,655
severed_hand,655
transformation_brooch_(sailor_moon),655
murabito_c,655
uranami_(kancolle),655
meis_(terameisu),655
hanging_lantern,655
cocomayo29_(tomato),655
enrico_pucci,655
weedy_(arknights),655
sex_toy_pull,655
noss_&_zakuro,655
carriage,655
ohta_yuichi,655
zagreus_(hades),654
kanniiepan,654
two-sided_capelet,654
star_of_life,654
racetrack,654
kanna_(cookie),654
coffee_beans,654
mizuho_(kancolle),654
field_of_blades,654
colored_stripes,654
common_dolphin_(kemono_friends),654
beyblade,654
mp7_(girls'_frontline),654
resident_evil_1,654
in_cage,654
shizuna_rem_misurugi,654
rotom_(normal),654
blue_crown,654
tiger_cub,654
robin_(arknights),653
three_sizes,653
holding_chibi,653
polka_dot_socks,653
kedama_milk,653
parachute,653
historical_event,653
tamagotchi_(virtual_pet),653
armless_amputee,653
carrying_overhead,653
roman_clothes,653
kurugaya_yuiko,653
shiranui_flare_(street),653
cytus_ii,653
hanna-justina_marseille,653
toutenkou,653
chain_earrings,653
rampa93,653
hakusai_(tiahszld),653
elf-san_wa_yaserarenai.,653
shinoasa,653
idolmaster_sp,653
moketa,653
mihuashi_username,652
naruko_(naruto),652
suwaneko,652
the_golden_smurf,652
perrin_(pokemon),652
spike_spiegel,652
pidgeot,652
lace-trimmed_apron,652
gold_headwear,652
metal_gloves,652
haku89,652
kibisake,652
silent_princess,652
canister,652
keytar,652
death-sensei_(mori_calliope),652
midorikawa_you,652
hydreigon,652
aki_(neyuki41028),652
harpy_boy,652
hyuuga_azuri,652
edna_(tales),652
yan_qing_(fate),652
paradeus,652
csyday,652
onsen_tamago_(hs_egg),652
amakubo_yuri,652
wehrmacht,652
klan_klein,652
kamizono_(spookyhouse),652
mechanical_hair,651
print_sash,651
cunnilingus_through_clothes,651
yellow_tongue,651
waddle_doo,651
hinase_(cookie),651
ping_hai_(azur_lane),651
sasanon_(sasapoliton),651
tp_p_pt,651
hori_yuko,651
kin'iro_ryotei_(umamusume),651
putting_on_gloves,651
yayoi_maka,651
mukyuu,651
aunt_and_nephew,651
dark_sun_gwyndolin,651
pyramid_(geometry),651
kuromiya_raika_(kuromiya),651
kanmiya_shinobu,651
hibiki_yuuta,651
homestuck,651
huadian,651
tiemu_(man190),651
summoning,651
barbie_(franchise),651
gold_bangle,650
pink_mittens,650
inaba_meguru,650
devilman,650
flight_attendant,650
tohmi_higashi_high_school_uniform,650
arm_mounted_weapon,650
mashiro_meme,650
m16a1,650
coffeekite,650
hands_on_another's_arms,650
weee_(raemz),650
akagi_kurage,650
shiro9jira,650
misekai_555,650
cure_diamond,650
aku_no_musume_(vocaloid),650
ring_box,650
toka_(marchlizard),650
soccer_spirits,650
miyoushe_watermark,650
armpit_carry,650
tamtamdi,649
alphonse_(white_datura),649
aqua_one-piece_swimsuit,649
tachikawa_mimi,649
futatsuiwa_mamizou_(human),649
hatsune_miku_(nt),649
yakisobapan_tarou_&_negitoro-ko,649
amisu,649
nyuu_(manekin-eko),649
umyonge_(lkakeu),649
anna_miller,649
monikano,649
panties_on_penis,649
fuura_kafuka,649
shirako_(kirupi),649
konishi_(koconatu),649
konoha_(kagerou_project),649
shamal,649
red_bandage,649
fukai_ryosuke,649
oniilus,649
battle_girl_high_school,649
komori_met,649
yellow_eyeshadow,649
zamius,649
antonio_salieri_(fate),649
takeshima_eku,649
roropull,648
waist_bag,648
coro_fae,648
hortensia_(fire_emblem),648
tairitsu_(arcaea),648
ef_(visual_novel),648
nana_asta_deviluke,648
ryuu.,648
fuwa_kokone,648
loaf_of_bread,648
zerocat,648
snowball_fight,648
efe,648
spheal,648
thick_leg_hair,648
unohana_retsu,648
fir3born,648
haguhagu_(rinjuu_circus),648
kaijuu_no._8,648
queen's_gate,648
thick_outlines,647
snegovski,647
chun-li_(cosplay),647
no_armor,647
ozen,647
spiked_knuckles,647
salmon,647
woodland_camouflage,647
wily_beast_and_weakest_creature,647
ryuuhou_(kancolle),647
china,647
saihate_eki,647
minase_akiko,647
tomobe_kinuko,647
shioriha_ruri,647
armored_vehicle,647
bococho,647
uranaishi_(miraura),647
sign_around_neck,647
rifyu,647
striped_armband,646
tobiichi_origami,646
jibanyan,646
higurashi_no_naku_koro_ni_mei,646
gardenia_(pokemon),646
banzoin_hakka,646
sayo_samonji,646
holding_eyeball,646
v_sisters,646
memcho,646
casino_card_table,646
misaka_worst,646
hinoa,646
edarow,646
6u_(eternal_land),646
two-tone_socks,646
hounori,646
grass_root_youkai_network,645
ribbon-trimmed_bra,645
momone_momo,645
ayatsuno_yuni,645
iron_blood_(emblem),645
taira_yuuki,645
fishbowl_helmet,645
starward,645
waai_fu_(arknights),645
striped_camisole,645
artist's_hand_in_frame,645
shiina_excel,645
binder,645
cocoballking,645
irys_(irys_1.0)_(hololive),645
baby's-breath,645
blue_leggings,645
plant_name,645
kirishima_kai_ni_(kancolle),645
y2,645
swkl:d,645
junsuina_fujunbutsu,645
bent_back,645
mystic_eyes_of_death_perception,645
kindergarten,645
molu_stranger,645
uchiha_obito,645
surippa1010,645
tea_party,645
holding_seashell,644
mlynar_(arknights),644
navel_peek,644
pixie_willow_(voice_actor),644
isa_(peien516),644
onoe_serika,644
yozakura_(senran_kagura),644
disintegration,644
matcha_(food),644
wang_yujia,644
metagross,644
hyakkaou_academy_school_uniform,644
mizumoto_yukari,644
andon,644
reaper_(overwatch),644
rubber_band,644
kaitou_kid,644
inkling_(language),644
rectangular_pupils,644
murata_tefu,644
blue-senpai,644
kaizuka_inaho,644
ponytail_holder,643
bear_trap,643
orange_butterfly,643
tsugumomo,643
bad_yandere_id,643
yuuki_rika,643
brown_hood,643
urban_legend_in_limbo,643
jasony,643
sasaki_chiho,643
clara_(honkai:_star_rail),643
green_buruma,643
fate_testarossa_(lightning_form),643
yamashita_takahiro,643
pink_shawl,643
eustass_kid,643
squeezable_(squeezabledraws),643
anato_finnstark,643
hubert_von_vestra,642
illumi_zoldyck,642
trucy_wright,642
mi_taro333,642
adjustable_wrench,642
dildo_under_panties,642
pyukumuku,642
single_mechanical_leg,642
ayakura_juu,642
shabana_may,642
kyogoku_shin,642
daifuku_(yukihana_lamy),642
kasai_amane,642
sukja,642
matilda_bouanich,642
yuzu_momo,642
gold_thighhighs,641
z46_(azur_lane),641
judy_hopps,641
adepta_sororitas,641
clutching_chest,641
hero_(dq3),641
text_in_eyes,641
ayagi_daifuku,641
reverse_princess_carry,641
pavilion,641
pink_claws,641
oda_nobunaga_(swimsuit_berserker)_(fate),641
itou_(onsoku_tassha),641
terada_tera,641
reverse_translation,641
tksand,641
yadokari_genpachirou,641
tachibana_makoto,641
torako_(toramaru),641
under_umbrella,640
fake_beard,640
astarion,640
megami_tensei,640
fur_sleeves,640
red_serafuku,640
bursting_pectorals,640
go_(board_game),640
reverse_footjob,640
yae_sakura_(goushinnso_memento),640
sasaki_akebi,640
genos,640
kousaki_rui,640
juufuutei_raden_(1st_costume),640
prolapse,640
haruri,640
metroid_dread,640
king_(aotu_world),640
kozue_akari,640
saber_(fate)_(cosplay),640
e-hentai_sample,640
rinne_no_lagrange,640
hazawa_tsugumi,640
nuu_(nu-nyu),640
virtuous_contract,640
space_cat_(meme),640
synecdoche,640
pink_diamond_765_(idolmaster),640
red_panda,639
charging_forward,639
s-a-murai,639
chocolate_cornet,639
butterflyfish,639
grandfather_and_grandson,639
miguel_o'hara,639
tenkawa_nayuta,639
saga_frontier_2,639
kei_(keigarou),639
black_pajamas,639
amano_pikamee,639
necomi,639
black_jack_(series),639
ribbon-trimmed_hairband,639
noco_(adamas),638
breasts_on_another's_back,638
gate_of_babylon_(fate),638
coco's,638
bayonetta_1,638
edd_(eddsworld),638
morty_(pokemon),638
kansaiben,638
vertical-striped_necktie,638
collared_bodysuit,638
dsmile,638
sugimoto_reimi,638
harmonie_(arknights),638
okazaki_ushio,638
stage_connection,638
ange_(princess_principal),638
teoi_(good_chaos),638
eyes_visible_through_eyewear,638
owari_akane,638
nekono_matatabi,638
destroyer_princess,638
mitsugashira_enoko,637
bunny_slippers,637
bridge_piercing,637
iguro_obanai,637
fukuro_(maruaru00),637
mismatched_animal_ear_colors,637
submission_hold,637
gantz,637
tenshinranman,637
speaking_tube_headset,637
yabuki_kana,637
naked_chocolate,637
uneg,637
schwertkreuz,637
formation_girls,637
miri_(ago550421),637
fainting,637
studio_microphone,637
kafuu_chino's_school_uniform,637
sugoi_dekai,637
praying_mantis,637
palkia,637
sonson_(eleven),637
mettaton,636
tilt-shift_(azalanz),636
shauna_(pokemon),636
kurokumo_clan_(identity)_(project_moon),636
closure_(arknights),636
fi-san,636
goshiki_suzu,636
clow_card,636
single_earphone_removed,636
ellee-chan,636
rice_cooker,636
canyon,636
kasai_shin,636
amethio_(pokemon),636
gin'ichi_(akacia),636
mikazuki_neko,636
dragon_ball_daima,636
namamo_nanase,636
open_bag,636
mocha_(cotton),636
kurione_(zassou),636
reuniclus,636
tsuji_renta,636
kamio_reiji_(yua),636
caryo,636
earth_federation_space_forces,635
yuyushiki's_school_uniform,635
pink_nightgown,635
krudears,635
yoru_mac,635
oxygen_tank,635
shibafu_(glock23),635
mononobe_alice,635
crescent_choker,635
yura_kai_ni_(kancolle),635
ohasi,635
blue_reflection_(series),635
lexington_(warship_girls_r),635
fabulous,635
starscream,635
pac-man_(game),635
urbosa,635
pebble,634
single_legwear_garter,634
vine_print,634
heart_hair_bun,634
france,634
kajin_(kajinman),634
tales_of_eternia,634
tomimon,634
dialga,634
wicke_(pokemon),634
breasts_on_tray,634
osmanthus,634
sos_brigade,634
cure_pine,634
miko_(royal_milk),634
bakushi_(smys2017),634
chi-class_torpedo_cruiser,634
purple_nipples,634
academic_test,633
lee_(colt),633
parororo,633
m._bison,633
inui_sajuna,633
ishtar_(fire_emblem),633
final_fantasy_ii,633
higuchi_isami,633
pac-man_eyes,633
soviet_army,633
barbara_(summertime_sparkle)_(genshin_impact),633
vamos_mk,633
manhole_cover,633
kisaragi_nana,633
shikitani_asuka,633
barasuishou,633
ningen_mame,633
sunflower_print,633
illu_(illu_stratos),633
narumi_arata,633
osakana_(denpa_yun'yun),632
cold_pack,632
back_cover,632
orange_armband,632
yuegui_(genshin_impact),632
kuroda_akimi,632
arm_scrunchie,632
will-o'-the-wisp_(mythology),632
corn_kuten,632
matsukaze_(kancolle),632
gwen_tennyson,632
cyan_(show_by_rock!!),632
feminization,632
chipmunk_tail,632
large_ribbon,632
biplane,632
cure_princess,632
tales_of_the_rays,632
artstation_sample,632
cuffs-to-collar,632
t-pose,632
digimon_liberator,632
utensil,632
muppo,632
kkato,632
soranamae,632
tanashi_(mk2),632
spoken_star,632
andou_shuki,632
saiste,632
kamei,632
soul_evans,631
dragonslayer_(sword),631
lipstick_mark_on_neck,631
natsuki_rin,631
fruit_background,631
nero_claudius_(olympian_bloomers)_(fate),631
sailor_moon_(cosplay),631
giraffe_(ilconte),631
shone,631
kojima_takeshi,631
bouncing_testicles,631
kawai_(purplrpouni),631
pacific_rim,631
honjou_raita,631
chamaruk,631
eichi_yuu,631
nekobungi_sumire,631
pecorine_(summer)_(princess_connect!),631
grey_sash,631
modern_mogal,631
resident_evil_3_(remake),631
bamboo_blade,631
nara_shikamaru,630
dandelion_seed,630
ankle,630
ch'en_the_holungday_(arknights),630
dino_(dinoartforame),630
wooden_bridge,630
bell_cranel,630
usami_ichika,630
swallow_(bird),630
seiran_(mousouchiku),630
tokimeki_memorial_girl's_side,630
atelier_live,630
syroh,630
athena_cykes,630
gosick,630
omaru_gyuunyuu,630
kuromayu,630
cutlass,630
penis_ribbon,630
kylar_(degrees_of_lewdity),630
griffin,629
jeff_the_land_shark,629
horn_(instrument),629
minakami_mai,629
ookami_mio_(street),629
kubo_tite_(style),629
crystal_sword,629
split_crop,629
giving_birth,629
kurotofu,629
steaming_food,629
applejack,629
batta_16-sei,629
komakusa_sannyo,629
shinonono_houki,629
kawase_seiki,629
classic_(zildjian33),629
professor_shinonome,629
sheikah_slate,629
hidaka_ai,629
ushiwakamaru_(second_ascension)_(fate),629
numby_(honkai:_star_rail),629
adjusting_bra,629
aoi_kumiko,629
archaic_set_(zelda),629
maji_de_watashi_ni_koi_shinasai!,629
fist_in_hand,629
van_arkride,629
tokuura,629
apple_pie,629
print_cape,629
nurse_joy,629
tsuki_ni_kawatte_oshioki_yo,629
ichii_yui,628
zygarde,628
nikoo,628
hairstyle_connection,628
lizardman,628
prisoner,628
anko_(gochiusa),628
holding_bamboo_steamer,628
wrestler,628
toujou_koneko,628
hokuro_ryuuseigun,628
rupee_(nikke),628
duke_(inu_daimyou),628
bonnie_(pokemon),628
pigeon666,628
shiraishi_yoshitake,628
shochuumimai,628
alsace_(azur_lane),628
hinata_kaho,628
exposed_brain,627
pink_tube_top,627
grey_hood,627
kumbhira_(granblue_fantasy),627
hearing_aid,627
reku,627
goback,627
stuffed_octopus,627
muk_(monsieur),627
togenashi_togeari,627
kazuma_(kazumav),627
feather-trimmed_dress,627
kabu_(pokemon),627
graf_eisen,627
gensoukoumuten,627
layered_legwear,626
shamir_nevrand,626
storm_(x-men),626
cuntboy_with_male,626
hatono_chihiro,626
jibaku_shounen_hanako-kun,626
yuki_miku_(2011),626
empty_pool,626
fjorm_(fire_emblem),626
eugeo,626
mu46016419,626
star-shaped_pillow,626
skull_brooch,626
ichihaya,626
makai_senki_disgaea_4,626
herohero_(higashi_no_dou),626
ender_lilies_quietus_of_the_knights,626
hi_you_(flying_bear),626
pairan,626
holding_trophy,626
kashiwada_kiiho,626
gae_buidhe_(fate),626
free_style_(yohan1754),626
face_in_shadow,625
xavier_(love_and_deepspace),625
amada_ken,625
vajra_(granblue_fantasy),625
maco22,625
ichijou_ririka_(1st_costume),625
top_wo_nerae!,625
shiwasu_horio,625
super_robot_wars_og_saga_mugen_no_frontier,625
dasdokter,625
windows_xp,625
naga_(nikke),625
yoshitomi_akihito,625
dream_believers,625
shirogane_(platinum),625
sura_(ragnarok_online),625
ukrainian_flag,625
backpack_basket,625
isoi_haruki,625
nameo_(judgemasterkou),625
aespa,624
final_fantasy_x-2,624
icon_(computing),624
naked_necktie,624
blowing_whistle,624
progression,624
force-feeding,624
slug_girl,624
dan_(kumadan),624
human_stacking,624
blame!,624
koyubi_(littlefinger1988),624
caro_ru_lushe,624
hisuian_typhlosion,624
chokutou,624
shiny_footwear,624
narusawa_ryouka,624
xenoblade_chronicles_x,623
animedia,623
hooked_on_heel,623
brazil,623
eyewear_lift,623
ikezawa_hanako,623
ekz_(robotekz),623
object_in_clothes,623
meditation,623
anya_alstreim,623
kaede_johan_nouvel,623
six_fanarts_challenge,623
luciela_r._sourcream,623
luxury_ball,623
ronald_mcdonald,623
cross-laced_shorts,623
nameless_dagger_(fate),623
zaphn,623
minust,623
kojo_anna,623
hands_on_table,623
shiroshouzoku,623
uni_mate,623
amity_blight,622
lamb,622
kuro_(toi_et_moi),622
clair_(pokemon),622
sasori_(naruto),622
on_moon,622
yagyu_(senran_kagura),622
jonsun,622
dola_(nijisanji),622
oono_aya,622
eriko_(princess_connect!),622
kanzarin,622
luicent,622
yamanbagiri_kunihiro,622
eko,622
kikuyoshi_(tracco),622
gebura_(project_moon),622
namie-kun,622
hoshikawa_lily,622
shinano_eiji,622
cyborg_009,622
mumyou_ishi,622
flip_flappers,622
puuzaki_puuna,622
paragasu_(parags112),622
eho_(icbm),622
shimura_shinpachi,622
striped_leggings,622
floette,622
persona_4_the_golden,621
kawanishi_shinobu,621
gundam_08th_ms_team,621
akuma_nihmune,621
shirakawa_yuina,621
rockruff,621
jrpencil,621
yuanlingpao,621
discount-supervillain,621
hikami_sumire,621
babalilo,621
nira-chan,621
shadow_chaser_(ragnarok_online),621
shika_miso,621
shima_(wansyon144),621
kanno_takanori,621
simulacrum_(titanfall),621
evil_twin_lil-la,621
miso_soup,621
todoroki_hajime_(1st_costume),620
victini,620
planet_earrings,620
licking_hand,620
tasting,620
kokomi_(aniesuakkaman),620
kotozume_yukari,620
mirin_chikuwa,620
wooden_ceiling,620
studionice2011,620
bomber,620
sidon,620
henria,620
hermione_granger,620
kakage,620
kikurage_(crayon_arts),620
qys3,620
karlach,620
hijiri_rei,620
ipad,620
kekemotsu,620
double_middle_finger,620
umbrakinesis,620
zuwai_kani,620
scrape,620
techwear,619
celebration,619
tank_helmet,619
camouflage_shorts,619
morgan_le_fay_(queen_of_winter)_(fate),619
mexican_clothes,619
shuten_douji_(first_ascension)_(fate),619
leonie_pinelli,619
kanade_izuru,619
tyomimas,619
hinata_yukari,619
yumesato_makura,619
yanqing_(honkai:_star_rail),619
kirero,619
yuiga_naoha,619
eurasian_tree_sparrow,619
gible,619
hidari_(left_side),619
large_clitoris,619
takane_(blue_archive),619
pink_tattoo,619
highway,618
rafayel_(love_and_deepspace),618
implied_death,618
backless_bodysuit,618
yakusoku_no_neverland,618
sankuma,618
thumb_sucking,618
noctchill_(idolmaster),618
sasaame,618
multicolored_sleeves,618
headwear_with_attached_mittens,618
yusha_m,618
kso,618
owada_mondo,618
polka_dot_pantyhose,618
hanauna,618
ellen_baker,618
bisharp,618
power_girl,618
giratina_(origin),618
breaking_bad,618
bubbles_(ppg),618
ohr_(blue_archive),617
blue_borscht,617
oiran,617
ende_(chihuri),617
kurachi_mizuki,617
autofacial,617
yuri_briar,617
one_(cevio),617
kanon_(umineko),617
nonohara_akane,617
cure_muse,617
washington_(kancolle),617
aventador,617
octopath_traveler_ii,617
ayanami_kai_ni_(kancolle),617
akai_sashimi,617
inoue_sora,617
rarity_(my_little_pony),617
aika_granzchesta,617
vs,617
rose_background,616
lucia_(scott_malin),616
sakura_no_uta,616
feather_necklace,616
queen_of_sheba_(fate),616
bandana_over_mouth,616
karna_(fate/apocrypha),616
fjsmu,616
rocket_raccoon,616
baking_sheet,616
lpikamasi,616
boom_barrier,616
takanashi_ringo,616
faceoff,616
the_addams_family,616
neit_ni_sei,616
gabiran,616
mysta_rias,616
dr.p,616
marukyuu_ameya,616
j7w,616
ogasawara_sachiko,616
tajima_yuuki,616
imoko_(imonatsuki),616
okita_souji_alter_(second_ascension)_(fate),616
beelzebub_(helltaker),615
maribel_(dq7),615
pokemon_egg,615
yaeno_muteki_(umamusume),615
feint721,615
cslucaris,615
hanpenmaru,615
between_labia,615
no_entry_sign,615
puck_(re:zero),615
veronica_(dq11),615
suito,615
nanase_miori,615
cassidy_(overwatch),615
uenoryoma,615
sitting_on_head,615
kyoufuu_all_back_(vocaloid),615
watanabe_yoshihiro,615
toy_hammer,614
stuffed_lion,614
kamen_rider_555,614
amakura_mio,614
biting_another's_finger,614
ariel_(disney),614
alex_ahad,614
jourd4n,614
comiket_94,614
ysys,614
natu,614
cashier,614
pretzel,614
green_corset,614
bad_piapro_id,614
erina_pendleton,614
rossweisse,614
lucifero_(guilty_gear),614
mame1645,614
draw_this_in_your_style_challenge,614
doudanuki_masakuni,614
mitha,614
neo-porte,613
tsukahara_hibiki,613
orange_eyeliner,613
toritora,613
charging_device,613
banchou,613
jack_howl,613
natsukaze_shigure,613
caburi,613
camisole_over_clothes,613
bellhenge,613
nero_claudius_(bride)_(second_ascension)_(fate),613
ebiblue,613
twistedscarlett60,613
zhongli_(archon)_(genshin_impact),613
doushimasho,613
gemu555,613
purple_helmet,613
shiranui_flare_(old_design),613
naruse_mai,612
piglet,612
originium_(arknights),612
blue_leg_warmers,612
amakura_mayu,612
oden,612
utage_(summer_flowers)_(arknights),612
tenkubashi_tomoka,612
takayama_toshinori,612
cernunnos_(fate),612
amane_hasuhito,612
harpoon,612
ask_(askzy),612
mvv,612
toujou_sakana,612
milfeulle_sakuraba,612
dohna_dohna_issho_ni_warui_koto_o_shiyou,612
lazyprocrastinator,612
echo_saber,612
tokarev_(girls'_frontline),612
puniru_(puniru_wa_kawaii_slime),612
seikan_hikou,612
purple_shawl,612
kobayakawa_yutaka,612
emurin,611
harbor,611
choco_chip,611
parlor_dragonmaid,611
holding_walkie-talkie,611
weeds,611
zayne_(love_and_deepspace),611
igarashi_rika,611
another,611
nikki_kyousuke,611
tsukasawa_takamatsu,611
mahou_shoujo_ikusei_keikaku_unmarked,611
kantele,611
heshikiri_hasebe,611
tokiwadai_school_gym_uniform,611
prince_of_lan_ling_(fate),611
phoenix_wright:_ace_attorney_-_dual_destinies,611
;t,611
filo_(tate_no_yuusha_no_nariagari),611
hirayama_kanna,611
frilled_garter,611
throwing_needles,611
melusine_(genshin_impact),610
shiragiku_hotaru,610
kyo_(kuroichigo),610
overhead_line,610
endou_mamoru,610
capybara,610
shinza_bansho_series,610
astel_leda,610
sakaki_(azumanga_daioh),610
sariel_(touhou),610
takozonesu,610
iris_mysteria!,610
muscular_uke,610
dog_costume,610
kanoko_(pattern),610
hima,610
pandora_hearts,610
chaos_marie_(grimms_notes),610
holding_anchor,610
amagai_tarou,610
bmp-to-png_conversion,610
miwabe_sakura,610
nightmare,610
ripple_star_queen,610
adjusting_goggles,610
felicia_(fire_emblem),609
giraffe_horns,609
ability_card_(touhou),609
kamen_rider_build_(series),609
gunbuster_pose,609
hero_neisan,609
michinoku_komaro,609
water_balloon,609
sharp_sign,609
colored_pencil,609
green_sarong,609
fate/requiem,609
otoi_rekomaru,609
big_boss,609
kurot,609
shingyou_(alexander-13),609
broly_(dragon_ball_z),609
shirt_under_kimono,609
mafuyu_(chibi21),609
chipa_(arutana),609
naked_dogeza,609
camouflage_skirt,609
kugimiya_atsuki,609
greatodoggo,608
ro_g_(oowack),608
kouda_suzu,608
side-seamed_legwear,608
nigo_(aozoragarou),608
ganesagi,608
neck_pillow,608
xter,608
soredemo_ayumu_wa_yosetekuru,608
kiikii_(kitsukedokoro),608
h_kasei,608
gachou,608
sangokushi_taisen,608
handlebar,608
lillly,608
lyy,608
aria_pokoteng,608
sakura_trick,608
akemi_homura_(cosplay),608
yamato_(sword),608
decorations,608
efukei,608
sakura_hiyori,608
grey_veil,608
ponpu_(pumpkinsinclair),607
lum_(cosplay),607
orion_(orionproject),607
speedl00ver,607
axel_(kingdom_hearts),607
liminal_space,607
kibina_high_school_uniform,607
saileach_(arknights),607
holding_folder,607
danmakuman,607
uzuki_sayaka,607
roki_(hirokix),607
space_ishtar_(fate),607
biting_clothes,607
fu_hua_(azure_empyrea),607
stick_poster,607
rorolina_frixell,607
akatsuki_hijiri,607
fire_emblem:_shadow_dragon_and_the_blade_of_light,607
hyuuga_saki,607
ryuki_(ryukisukune),607
crystal_necklace,607
yan_(nicknikg),607
minoto,607
kidou_keisatsu_patlabor,606
frankenstein's_monster_(swimsuit_saber)_(fate),606
bandaid_on_stomach,606
tiger_paws,606
gaia_(ff14),606
kakizaki_(chou_neji),606
ushiromiya_rosa,606
dismemberment,606
ash_arms,606
yano_mitsuki_(nanairo),606
namiorii,606
cobra_(animal),606
cloba,606
ninjatou,606
heles,606
matilda_fiship,606
hisen_kaede,606
sword_writing,606
holding_boxcutter,606
kotobuki_(momoko_factory),606
nest,606
koi_(koisan),606
hiradaira_chisaki,606
horn_(arknights),606
pixiv_fantasia_age_of_starlight,606
orange_planet_uniform,606
tendou_nabiki,605
kurosu_aroma,605
sleeping_together,605
mauser_c96,605
constriction,605
takunomi,605
muku_(muku-coffee),605
isabella_valentine,605
ssalbulre,605
zaxwu,605
tokyo_big_sight,605
orie_ballardiae_harada,605
agnes_tachyon_(lunatic_lab)_(umamusume),605
hooded_pajamas,605
djheycha,605
jigen_daisuke,605
kuroka_(high_school_dxd),605
ankh_necklace,605
terrajin,605
weavile,605
branded,604
heart_antenna_hair,604
deviantart_sample,604
torino_aqua,604
pandemonica_(helltaker),604
kusakabe_misao,604
wet_pantyhose,604
kanbe_kotori,604
madoka_aguri,604
lightning_bolt_earrings,604
mousepad_(medium),604
malkuth_(project_moon),604
sirin,604
404_(girls'_frontline),604
h&k_mp5,604
shiroko_(cycling)_(blue_archive),604
yapo_(croquis_side),604
perroccino_(fuwamoco),603
cum_in_panties,603
midnight_bliss,603
amairo_islenauts,603
groudon,603
himitsu_no_aipri,603
yajirushi_(chanoma),603
argalia_(project_moon),603
catura_(granblue_fantasy),603
ore_twintail_ni_narimasu,603
partially_annotated,603
himeya_company_uniform,603
saitou_naoki,603
tomari_(veryberry00),603
single_leg_warmer,603
table_tennis,603
lain_paterson_(1st_costume),603
fuuma_nagi,603
persona_1,603
busujima_saeko,603
high_school_dxd_infinity,603
tenmaso,603
helldivers_(series),603
yamanaka_sawako,603
buront,603
lace-trimmed_bikini,603
pola_(azur_lane),602
tomohiro_kai,602
collared_cloak,602
tank_shell,602
hinagi_(fox_priest),602
bike_shorts_pull,602
covered_piercing,602
lipstick_mark_on_breast,602
wooden_lantern,602
cordelia_(fire_emblem),602
blue_bike_shorts,602
redlhzz,602
fumitsuki_(minaduki_6),602
ginko_(silver_fox),602
neo_asari,602
hirschgeweih_antennas,602
houshou_marine_(marching_band),602
ibara_mayaka,602
roy_(pokemon),602
hanzo_(overwatch),602
mishou_mai,602
han_(jackpot),602
shigaraki_tomura,602
ludvico_private_girls'_academy_school_uniform,602
shiny_lips,601
yellow_robe,601
bamboo_print,601
chinese_armor,601
mazinger_z,601
tajima_ryuushi,601
laundromat,601
rikku_(ff10),601
okitakung,601
tracen_winter_coat,601
forced_exposure,601
koonago,601
simoyuki,601
double_finger_gun,601
buddhist_nun,601
male_swimwear_challenge,601
clemont_(pokemon),601
oda_ken'ichi,601
walzrj,601
sirfetch'd,601
kuroyukihime,601
koyomania,601
gaiters,601
gensou_suikoden_ii,601
centorea_shianus,601
kuroko_tetsuya,601
nail_(hollow_knight),601
tupet,600
zipper_bikini,600
atelier_ryza_3,600
white_album_(series),600
unworn_pantyhose,600
bite_mark_on_thigh,600
eiyuu_senki,600
r-binon,600
kumada_masaru,600
dog_paws,600
vampire_(azur_lane),600
relay_baton,600
mihama_chiyo,600
skeptycally,600
momose_(oqo),600
chyko,600
evolution,600
crobat,599
giggling,599
fisting,599
print_bandana,599
somechime_(sometime1209),599
holding_shuriken,599
push-button,599
collar_chain_(jewelry),599
cure_twinkle,599
sukeban_(smg)_(blue_archive),599
gold_osmanthus,599
loose_bikini,599
atri-my_dear_moments-,599
kanden_sky,599
fagi_(kakikaki),599
ema_skye,599
wishiwashi,599
headshot,599
victorica_de_blois,599
chupa_chups,599
alpha_signature,599
tokyo_tower,599
60mai,599
geshumaro,599
miyako_hito,599
marota,599
asiri_senpai,599
kerberos_blade,599
shiki_(psychedelic_g2),599
zanshomimai,599
syurikenmaru,598
magnet_(vocaloid),598
papajay_(jennygin2),598
garlean,598
cry_of_fear,598
qi_lolita,598
scott_malin,598
rosa_farrell,598
pheromosa,598
shampoo,598
misogi_(princess_connect!),598
figure_available,598
chameleon_(ryokucha_combo),598
zentradi,598
2004,598
gecko,598
colored_eyebrows,598
yamagishi_yukako,598
poison_ivy,598
bloomers_pull,597
tsubaki_yayoi,597
foreskin_pull,597
lever_action,597
umbrella_octopus,597
goomba,597
hoshinoumi_academy_school_uniform,597
yagami_iori,597
croissant_(arknights),597
niku_(ni23ku),597
nanakusa_hazuki,597
prompto_argentum,597
is_that_so,597
blush_visible_through_hair,597
rune_knight_(ragnarok_online),597
quick_waipa,597
robotic_vacuum_cleaner,597
souryu,597
bad_mihuashi_id,597
blue_slingshot_swimsuit,597
afk_journey,597
zenshin,597
sky:_children_of_the_light,597
imamiya_pinoko,597
yamada_tae,597
lily_(vocaloid),597
mahoutsukai_no_yakusoku,597
haidao_mao,597
carrot_(one_piece),596
gentoo_penguin_(kemono_friends),596
uneven_bangs,596
ebinku,596
nilitsu,596
feather_duster,596
bleach:_epilogue,596
ryoubi_(senran_kagura),596
lying_on_another,596
beaten,596
sk8_the_infinity,596
regis_altare,596
akaashi_keiji,596
too_many_birds,596
satellite,596
tail_belt,596
breath_of_fire_iv,596
nipple_tweak_through_clothes,596
minami_mirei,596
super_masara,596
ball_busting,596
amano_don,596
kimi_ga_nozomu_eien,596
musical_staff_print,596
warashi,596
wactor_production,596
punching_bag,596
michibata_65,595
inu_sakuya_(nejikirio),595
shared_thought_bubble,595
ougi_hina,595
kadose_ara,595
source_quote_parody,595
ica,595
chihiro_(kemonomichi),595
kutsuki_kai,595
milgram,595
nia_(nia4294),595
hatsune_miku_(vocaloid4),595
nonohara_yuzuko,595
shorts_under_shorts,595
ribbon-trimmed_gloves,595
maestrale_(kancolle),595
tooth_fairy_(reverse:1999),595
es_(xblaze),595
ahsoka_tano,594
kotama_(blue_archive),594
orange_one-piece_swimsuit,594
a.x.,594
cream_on_body,594
window_light,594
ace_of_clubs,594
kink_(tortoiseshell),594
portal_(series),594
sanbou,594
idia_shroud,594
azuki_osamitsu,594
atsuko_(swimsuit)_(blue_archive),594
munakata_(sekimizu_kazuki),594
f-ism,594
hina_(girls_band_cry),594
sakaki_yuya,594
kosmos_beta,594
miyadeguchi_mizuchi,594
okuri_banto,594
kagerou_kai_ni_(kancolle),594
guel_jeturk,594
visor_lift,594
bible_(object),594
mind_reading,594
grabbing_another's_tail,593
meowstic,593
snakebite_(piercing),593
sweetheart_(omori),593
rukkhadevata_(genshin_impact),593
undone_sarashi,593
zannen_onna-kanbu_black_general-san,593
komasan,593
tenten_(naruto),593
yuki_(touhou),593
plaid_trim,593
enjaku_izuku,593
papercraft_(medium),593
rune_(dualhart),593
chiharu_(9654784),593
pyro_(tf2),593
koumei_(twinameless),593
undone_bikini,593
fuuka_academy_school_uniform,593
bound_toes,593
leather_skirt,593
gabriel_tenma_white,593
dratini,592
dew_drop,592
pov_shadow,592
luke_sullivan,592
thompson_submachine_gun,592
amasawa_yuuko,592
lasso,592
eelektross,592
mitsuba_minoru,592
fellatio_under_mask,592
?_block,592
marble_(toy),592
gwendolyn_(odin_sphere),592
dildo_gag,592
detached_arm,592
wanderer_(ragnarok_online),592
fujitaka_nasu,592
ginga_nakajima,592
bewear,592
sido_(slipknot),592
tenten_(chan4545),592
tamamo_no_mae_(swimsuit_lancer)_(third_ascension)_(fate),592
nonono_mino,592
purple_mask,592
steel_beam,592
utsusumi_kio,592
kingdom_hearts_358/2_days,592
dororo_(tezuka),592
clover_(flower),592
murkrow,592
ryosios,591
lifting_covers,591
flying_saucer,591
igawa_asagi,591
marcille_donato_(lord),591
fake_ad,591
kei_(m_k),591
sekaiju_no_meikyuu_5,591
blackpink,591
art_shift,591
holding_snowball,591
mcgunngu,591
rosuuri,591
tata_(tataice),591
yuzuki_yukari_(shizuku),591
kimura_natsuki,591
nakabayashi_zun,591
orgasm_denial,591
beastars,591
mitsuba_choco,591
abara_heiki,591
pig_tail,591
kurihara_sakura,590
hierophant_green,590
whisperain_(arknights),590
strict_nun_(diva),590
dengeki_g's,590
kuroi_suna,590
amano_kouki,590
nekoume,590
zanpakutou,590
overkill,590
butterfly_on_head,590
lurantis,590
caterpie,590
fleet,590
digimon_frontier,590
watanon_(gakushokutei),590
hand_fan_writing,590
skai_kun,590
yutakasan-love,590
ichinomiya_(blantte),590
kouenji_sayuka,590
flamingo,590
happy_facial,590
ko-fi_commission,590
curled_tail,589
viking,589
native_american_clothes,589
francis_drake_(fate),589
rory_mercury,589
yen,589
masakichi_(crossroad),589
takamachi_nanoha_(sacred_mode),589
yui_tsuruno,589
isaki_(gomi),589
kumacchi,589
pretty_rhythm_rainbow_live,589
nu_gundam,589
barista,589
contortion,589
nploser,589
nakkar,589
shiori_(princess_connect!),589
fletchling,589
chin_piercing,589
elfilin,589
lemonade,589
coubalty,588
subachi,588
concealed_weapon,588
felix_argyle,588
two-tone_cloak,588
lava_(arknights),588
hat_loss,588
tebi_(tbd11),588
ran'ou_(tamago_no_kimi),588
non_(kumakawayusu),588
pokemon_cafe_remix,588
ai_takurou,588
silly_(marinkomoe),588
asari_nanami,588
shitacemayo,588
stakes_of_purgatory,588
maccha_(mochancc),588
deras,588
yukie_(peach_candy),588
yukino_bijin_(umamusume),588
breast_pump,588
fork_hair_ornament,588
xenosaga_episode_i,587
hero45439083942,587
lady_avalon_(fate),587
revolverwing,587
kirito_(sao-ggo),587
ultraman_(1st_series),587
nyaha,587
taishi_(picchiridou),587
shellvi,587
mutation,587
idkuroi,587
tonarikeru,587
esdeath,587
myrtenaster,587
genjitsu_no_yohane,587
pikmin_4,587
hakuo_school_uniform,587
anise_tatlin,587
towa_herschel,587
ryuuzaki_ichi,586
nico-mo,586
tweyen_(granblue_fantasy),586
fu_hua_(phoenix),586
inuinui,586
0lightsource,586
knight_(ragnarok_online),586
geo_stelar_(mega_man),586
kyuu_(plastic_night_q),586
box_wonderland,586
nishihara_isao,586
sora_72-iro,586
xinyan_(genshin_impact),586
tsab_air_military_uniform,586
shirogane_miyuki,585
shoshinsha_mark,585
foster's_home_for_imaginary_friends,585
akagi_ritsuko,585
maguro27,585
breast_contest,585
ayakashi_(monkeypanch),585
yamamomo_(plank),585
mimimi_(mimimim9999),585
nanashino,585
mahou_shoujo_madoka_magica:_walpurgis_no_kaiten,585
momoe_nagisa_(magical_girl),585
ushiromiya_natsuhi,585
carnelian_(arknights),585
kanno_naoe,585
latte_art,585
papino,585
asymmetrical_jacket,584
shimushu_(kancolle),584
tomb_raider,584
matsuoka_rin,584
video_thumbnail,584
face_jewel,584
minea_(dq4),584
public_masturbation,584
seele_vollerei_(stygian_nymph),584
minnie_mouse,584
ryouna_(senran_kagura),584
shirley_fenette,584
blue_overskirt,584
yamada_rei_(rou),584
akino_sora,584
na_tarapisu153,584
sitting_on_box,584
r3dfive,584
well,584
z.taiga,584
oogaki_chiaki,584
itou_chika,584
tennis_no_ouji-sama,584
light_switch,583
kochiya_(gothope),583
pearl_choker,583
holding_cage,583
looking_at_reflection,583
blu-ray_cover,583
chieru_(princess_connect!),583
ranger_(kancolle),583
alolan_exeggutor,583
yui_shousetsu_(fate),583
dr_pepper,583
kenmochi_touya_(1st_costume),582
velma_dinkley,582
chestnut,582
spire,582
istina_(arknights),582
phoenix_print,582
tear_troughs,582
starting_block,582
kuriyama_mirai,582
highleg_dress,582
teenage_mutant_ninja_turtles,582
cleaning_&_clearing_(blue_archive),582
lee_(arknights),582
klaudia_valentz,582
grani_(arknights),582
falcon,582
yuugen,582
draenei,582
cure_wonderful,581
goe_(g-o-e),581
masanaga_(tsukasa),581
asseylum_vers_allusia,581
akayama_yukihe,581
mochizuki_shiina,581
bonfire,581
checkered_hat,581
izumi_sai,581
meth_(emethmeth),581
mimikaki_(men_bow),581
sakamoto_(nichijou),581
paint_stains,581
yoon_cook,581
green_male_underwear,581
niya_(blue_archive),581
3.1-tan,581
necktie_in_mouth,581
rakudai_ninja_rantarou,581
sun_glare,581
chise_(swimsuit)_(blue_archive),580
space_station,580
kayari_buta,580
shizuki_hitomi,580
ahiru_(princess_tutu),580
crustacean,580
koromaru_(persona),580
brush_stroke,580
clothes_rack,580
maria_marionette,580
hakuryuu_(inazuma_eleven),580
koshirae_tsurugi_(m.m),580
wanderjegson,580
shintarou,580
mikisugi_aikurou,580
cow_print_sleeves,580
qurare_magic_library,580
bambi2000line,580
black_tea,580
minashirazu,580
vf-1,580
shin'yashiki,580
kawakaze_kai_ni_(kancolle),580
injection,580
euphonium,580
king,580
buckler,580
kokone_(coconeeeco),580
italy,580
toshishikisai,580
tachibana_taki,580
ghost_miku_(project_voltage),579
lysandre_(pokemon),579
pinstripe_kimono,579
holding_bomb,579
sweaty_feet,579
frutiger_metro,579
sky_striker_ace_-_roze,579
myne_(honzuki_no_gekokujou),579
cirenk,579
olivia_(fire_emblem),579
carol_malus_dienheim,579
sleeveless_duster,579
food-themed_hat,579
air_jordan,579
stalker_(ragnarok_online),579
alicia_florence,579
koishi_komeiji's_heart-throbbing_adventure,579
cure_flora,579
gundam_arsenal_base,579
janong,579
modernia_(nikke),579
gokuu_(acoloredpencil),579
chimecho,578
lapis_(fire_emblem),578
see-through_camisole,578
henya_the_genius,578
thick_neck,578
pants_under_shorts,578
shrek_(series),578
flaming_head,578
bursting_ass,578
rune_factory_4,578
zubat,578
taka_(takahirokun),578
matsuda_yuusuke,578
sananana_(cookie),578
yamabuki_saya,578
shouji_nigou,578
grabbing_another's_head,578
saru_getchu,578
katou_danzou_(fate),578
holding_tanzaku,578
nendoroid,578
archetto_(arknights),577
bubble_pipe,577
quattro_bajeena,577
axel_syrios,577
takasugi_shinsuke,577
love_triangle,577
makina_nakajima,577
pop_(electromagneticwave),577
gender_transitioning,577
shirt_slip,577
nea_(chihuri),577
tro_(trombe),577
kushieda_minori,577
after_cunnilingus,577
gradient_gloves,577
servbot_(mega_man),577
kamen_rider_01_(series),577
pravda_(emblem),577
mattress,577
bathroom_scale,577
shoukoujo,577
fanning_crotch,577
konpeitou,577
richelieu_(azur_lane),577
fairy_maid_(touhou),577
hand_on_own_ankle,576
ribombee,576
vault_suit,576
simon_henriksson,576
striped_pillow,576
mercedes-benz,576
imaichi,576
stargazing,576
gearous,576
holocouncil,576
chikuma_kai_ni_(kancolle),576
mappaninatta,576
suzumura_sango,576
aengdohwa,576
phantom_(arknights),576
epiphyllum,576
otomachi_una_(talkex),576
ayanami_rei_(cosplay),576
seelie_(genshin_impact),576
white_chemise,575
mashle,575
tonomiya68,575
kamiya_tomoe,575
paizuri_on_lap,575
alisaie_leveilleur,575
doomguy,575
takatisakana,575
amagi_hiiro,575
pac-man,575
horuhara,575
hamster_ears,575
komainu,575
zunkome,575
sazanami_konami,575
kamen_rider_geats_(series),575
sotheby,575
arima_senne,575
flying_nimbus,575
do_it_yourself!!,575
monobe_yuri,575
monika_weisswind,575
watermelon_print,575
futaki_kanata,575
bodystocking_only,575
playing_card_theme,575
bird_costume,575
peach_hair_ornament,574
plant_monster,574
moral_cacoethes,574
kmnz,574
vertical-striped_gloves,574
mitarashi_dango,574
vertical-striped_scarf,574
corsola,574
holding_oar,574
atahuta,574
giant_brush,574
juuban_middle_school_uniform,574
kronie_(ouro_kronii),574
protagonist_(pso2),574
tegaki_draw_and_tweet,574
cupping_hand,574
haruyuki_(gffewuoutgblubh),574
kakapomilk,574
po-ju,574
koizumi_itsuki_(female),574
gundam_aerial,574
yudepii,574
tonpuu,574
nasuno_(nasuno42),574
yuuka_nonoko,574
ushiromiya_lion,574
holding_skateboard,574
hatsushimo_kai_ni_(kancolle),574
helloimtea,574
yukikaze_kai_ni_(kancolle),574
iris_(mega_man),574
super_saiyan_3,574
morii_shizuki,573
empty_plate,573
imageboard_colors,573
spring_(object),573
satyr,573
enomoto_noa,573
holding_screwdriver,573
komakoma_(magicaltale),573
suihei_sen,573
shi_chimi,573
miyamori_aoi,573
shirai_yuyu,573
super_soaker,573
magical_sapphire,573
suzi_q,573
elan_ceres,573
muntins,573
sayonara_wo_oshiete,573
test_score,573
ekubo_(mob_psycho_100),573
kkopoli,573
kimura_takahiro,573
iwao178,573
tsurusaki_yuu,573
alter_servant,573
ceruledge,573
kaomoji,572
suzuki_(company),572
dobrynya_nikitich_(fate),572
laharl,572
haori_himo,572
ak-12,572
cecil_harvey,572
miazi,572
cilan_(pokemon),572
senbonzakura_(vocaloid),572
floral_print_sleeves,572
sankakusui,572
yakihebi,572
kita_senri,572
hand_under_swimsuit,572
bambietta_basterbine,572
momomiya_ichigo,572
lockheart,572
power_pro-kun_pocket,572
akagi_towa,572
genetic_(ragnarok_online),572
hector_(fate),572
foot_on_another's_face,572
venera-sama,572
f-zero,572
himemiya_tori,572
rope_around_neck,572
loona_(helluva_boss),571
in_locker,571
apricot_the_lich,571
h&k_mp7,571
kanzaki_kaori,571
lumen_(arknights),571
shinozuka_jouji,571
chahan_(fried_rice0614),571
owarimonogatari,571
sword_art_online:_alicization_-_war_of_underworld,571
fengling_(furin-jp),571
medu_(rubish),571
gj-bu,571
shitty_admiral_(phrase),571
floragato,571
atri,571
aria_(koiiroharemoyou),571
half-harpy,571
yamaku_high_school_uniform,571
breath_of_fire_iii,571
ryota_(ry_o_ta),571
ass_on_glass,571
tamamo_cat_(second_ascension)_(fate),570
fujikawa,570
kaya_(blue_archive),570
okiraku_nikku,570
oofushi_ao,570
noah_(xenoblade),570
spicy,570
antler_ornament,570
brown_tunic,570
shirotategosha,570
shin'you_(kancolle),570
shin_godzilla,570
noya_makoto,570
hugging_another's_tail,570
hatsune_mikuo,570
autoarousal,570
moriya's_iron_rings,570
noelle_silva,570
leopard_girl,570
against_table,569
belly-to-belly,569
todding,569
staff_of_homa_(genshin_impact),569
hestia_(danmachi)_(cosplay),569
cleats,569
pixiv_fantasia_sword_regalia,569
applying_sunscreen,569
tamago_(yotsumi_works),569
niina_ryou,569
team_star,569
cure_passion,569
missile228,569
jururu,569
squchan,569
hinata_(swimsuit)_(blue_archive),569
voltron_(series),569
gunslinger_girl,569
salamence,568
foreclosure_task_force_(blue_archive),568
vhs_artifacts,568
blue_swim_trunks,568
nausicaa,568
c_(theta),568
kurata_rine,568
tsukui_kachou,568
colored_penis,568
sajou_ayaka_(fate/strange_fake),568
haneru,568
kashima_(lawson)_(kancolle),568
roaring,568
mukaido_manaka,568
sheep_boy,568
k/da_all_out_evelynn,568
meecosme,568
vei_(vtuber),568
yamcha_pose_(meme),568
asia_argento,568
rainbow_print,568
tenako_(mugu77),568
crossed_swords,568
grandfather_and_granddaughter,568
donald_duck,568
fran_(ff12),567
romancing_saga_2,567
liver_city,567
color_coordination,567
nakayama_miyuki,567
miramikaru_riran,567
cure_berry,567
sophia_(fire_emblem),567
flower-shaped_hair,567
yuugiri_(zombie_land_saga),567
holoadvent,567
eiko_carol,567
rika_(m_k),567
tateha_(marvelous_grace),567
vanity_table,567
shaving,567
tsukudani_norio,567
nexon,567
rourou_(been),567
fate/extella_link,567
likunea,566
robe_partially_removed,566
chesed_(project_moon),566
laserflip,566
minami_rena,566
awkward,566
scarf_grab,566
sakura_taisen_iii,566
ten_desires,566
fuuen_(akagaminanoka),566
mitsumomo_mamu,566
klee_(blossoming_starlight)_(genshin_impact),566
metata,566
luo_binghe,566
hanomido,566
xiaoxi0619,566
abandon_ranka,566
sapphire_(nine),566
shiguma_(signalmass),566
usugumo_(kancolle),566
windsong_(reverse:1999),566
azumaya_haruka,566
ikusaba_daisuke,566
final_fantasy_iii,566
tokkyu,566
nanase_haruka_(free!),566
ribbon_baton,565
anchorage_(azur_lane),565
samurai_jacket_(cyberpunk),565
kishimoto_ayase,565
height_mark,565
fujibayashi_ryou,565
uu~,565
elysia_(summer_miss_elf)_(honkai_impact),565
child_gilgamesh_(fate),565
craft_lawrence,565
spongebob_squarepants,565
mutsuki_(azur_lane),565
pizza_hut,565
gensou_suikoden_v,565
walpurgisnacht_(madoka_magica),565
jill_07km,565
matrix16,565
amagi_rinne,565
gingham_apron,565
tsareena,565
tachi_(weapon),565
d_(nikke),565
houshou_marine_(businesswoman),564
captain_spaceboy,564
vanripper_(style),564
sig_p220/p226,564
ebenholz_(arknights),564
gentilhomme_usher,564
san-pon,564
willow,564
duskull,564
huang_lingyin,564
rabbit_platoon_(blue_archive),564
mr.romance,564
moonlight_flower,564
hanazono_tae,564
trapinch,564
dumbbell_nan_kilo_moteru?,564
backless_pants,564
oosaka_kanagawa,564
dp-12_(girls'_frontline),564
fluffydango,564
ryo_(botugo),564
foaming_at_the_mouth,564
star_pendant,564
atelier_rorona,563
hades_2,563
team_magma_uniform,563
hula_hoop,563
zenobia_(fate),563
frilled_nightgown,563
watson_amelia_(street_casual),563
demonbane,563
crayon_drawing,563
btmr_game,563
ree_(re-19),563
grea_(shingeki_no_bahamut),563
palla_(fire_emblem),563
four_of_a_kind_(touhou),563
dayama,563
ratatatat74,563
kaos_art,563
condom_thigh_strap,562
nightwing,562
armored_legwear,562
implied_prostitution,562
yesod_(project_moon),562
makoto_(genshin_impact),562
nakamura_takeshi,562
brown_armor,562
difman,562
aomine_daiki,562
apron_hold,562
yu-gi-oh!_sevens,562
oryou_(girls_und_panzer),562
tamaki_ui,562
hendra,562
mirai_hikari,562
veronica_(fire_emblem),562
lara_croft,562
tamamura_gunzo,562
high_heel_slides,562
mleth,562
yajuu,562
kayabakoro,562
purple_hands,562
yumekui_merry,561
meiou_setsuna,561
hardboiled_egg,561
kamisaki_hikaru,561
censored_anus,561
takano_miyo,561
mutsuki_(new_year)_(blue_archive),561
bread_bun,561
pal_(creature),561
kuroi_susumu,561
stealth_masturbation,561
katagiri_hachigou,561
madcocoon,561
the_shining,561
alterkyon,561
astra_militarum,561
ouno_(nounai_disintegration),561
shamakho,561
ajishio,561
four_goddesses_online:_cyber_dimension_neptune,561
saramiao-chan,561
nier_(granblue_fantasy),561
super_sailor_moon,561
fried_egg_on_toast,561
kasugai_(de-tteiu),561
rnna,560
akebi-chan_no_serafuku,560
cinnabar_(houseki_no_kuni),560
mushroom_hat,560
headbutt,560
bamboo_fence,560
chain_paradox,560
zoids_genesis,560
sawao,560
krile_mayer_baldesion_(ff5),560
plasma-chan_(kancolle),560
sakura_yuki_(clochette),560
aak_(arknights),560
batta_(ijigen_debris),560
rento_(rukeai),560
sadamoto_yoshiyuki,560
scarlet_(wv0102),560
valkyrie_(apex_legends),560
ramkilog,560
suruga_(xsurugax),560
cure_muse_(yellow),560
kantai_collection_(anime),560
chinese_bellflower,560
tenma_maemi,560
vaggie,559
grey_leg_warmers,559
huyan_zhuo_(fate),559
guile,559
eisu_(eith),559
salmonid,559
arcee,559
miriam_(pokemon),559
shiranui_mai_(cosplay),559
louie_(pikmin),559
abigail_williams_(swimsuit_foreigner)_(first_ascension)_(fate),559
cure_butterfly,559
ookurikara,559
crab_claw,559
partially_opaque_glasses,559
mimi_(princess_connect!),559
shirogane_noel_(summer_2020),559
shoujo_ramune,559
tanline_peek,559
prince_of_samantoria,559
surprised_arms,559
makai_senki_disgaea_3,559
oda_non,559
gradient_thighhighs,558
yani_neko,558
nyon_(randal's_friends),558
hair_over_mouth,558
kukumomo,558
sword_art_online_alternative:_gun_gale_online,558
yana_(nekoarashi),558
nyama,558
on_branch,558
purple_bridal_gauntlets,558
dora_ita,558
holding_drinking_straw,558
yuizaki_kazuya,558
nami_junior_high_school_uniform,558
gooey_(kirby),558
bucket_of_water,558
rhinoceros_beetle,558
ham_(points),558
coa_(chroo_x),558
extra_hands,557
walkman,557
mikura_(kancolle),557
green_hands,557
moroboshi_ataru,557
toy_car,557
cocktail_umbrella,557
big_hero_6,557
torn_capelet,557
orange_sports_bra,557
alisa_reinford,557
modeling,557
rifle_cartridge,557
quintuplets,557
my_adventures_with_superman,557
yumiya,557
hanabusaoekaki,557
bankai,557
achiga_school_uniform,557
starly,557
wild_arms_1,557
baku-p,557
alcremie_(vanilla_cream),557
towel_on_one_shoulder,557
otosama,557
mogu_(au1127),557
oversized_jacket,557
shigatake,557
gothic_architecture,557
tossing,557
hagure_kedama,557
lotte_jansson,556
shyrei_faolan,556
foreskin_insertion,556
o-ring_dress,556
fushigi_na_neko_no_machi_meltier,556
amikoiiko,556
ukagaka,556
tukino_neru,556
bucket_on_head,556
wing_cape,556
bmw,556
iwamoto_eiri,556
suke_(singekijyosei),556
bruise_on_leg,556
tool_belt,556
mujinbensin,556
randomboobguy,556
rodong8,556
stomach_punch,556
yae_(mono110),556
capriccyo,556
tachibana_miya,556
saraki,556
eye_of_providence,556
stake,556
craft_essence_(fate),556
beeswax_(arknights),556
sakurada_shiro_(hy_plus),556
ryoma_(fire_emblem),556
long_sword,556
6koma,556
hishi_akebono_(umamusume),556
tifa_lockhart_(refined_dress),555
pokemon_champions,555
kageyama_ritsu,555
dismaiden,555
moonlight_0423,555
hinatsuki_mikan,555
negresco,555
kyuuba_melo,555
coral_hair_ornament,555
sakurai_touko,555
tomokichi,555
thigh_sheath,555
hummy_(precure),555
henshako,555
pixiv_fantasia_new_world,555
single_wide_sleeve,555
multicolored_socks,555
amamiya_hibiya,555
mobu,555
sashimi,555
akaneya,555
e.c.ho,555
jigsaw_puzzle,555
meowfficer_(azur_lane),555
crosier,554
dusk_(everything_is_a_miracle)_(arknights),554
lumo_1121,554
sameha_ikuya,554
toy_gun,554
kurumi_(touhou),554
otome_game_no_hametsu_flag_shika_nai_akuyaku_reijou_ni_tensei_shite_shimatta,554
hosizora_mikoto,554
makoto_(princess_connect!),554
gundam_perfect_file,554
himiko_(fate),554
warspite_(azur_lane),554
takahero,554
koala,554
solokitsune,553
no,553
devil_survivor_2,553
red_garter_straps,553
task_(s_task80),553
expressive_tail,553
ooji_mochizou,553
fruit_tart,553
alakoala,553
grandfather_clock,553
yoshizawa_tsubaki,553
torn_bra,553
fox_hat,553
two-tone_leggings,553
riding_bicycle,553
sunna_(nilsunna),553
muffet,553
scary_monsters_(stand),553
feguimel,553
shower_curtain,553
jellyfish_(splatoon),553
person_between_breasts,553
itinana,553
giovanni_(pokemon),553
holding_cannon,553
amiya_(guard)_(arknights),552
in_bottle,552
bisected,552
knee_armor,552
holding_golf_club,552
hioyami,552
too_many_bows,552
kenny_mccormick,552
long_nipples,552
brown_scrunchie,552
spiral_staircase,552
large_bulge,552
arc_the_lad_ii,552
yan_vismok,552
cure_rosetta,552
kerorira,552
mizuki_maya,552
eye_pop,552
hayashio_(kancolle),552
nekomata_naomi,552
hori-san_to_miyamura-kun,552
elaine_auclair,552
chups,552
douma_(kimetsu_no_yaiba),552
matsuoka_miu,551
tarakanovich,551
land_(sousou_no_frieren),551
luminous_witches,551
boxing_shorts,551
pangu_terminal_(wuthering_waves),551
shinkai_kanata,551
kurashima_tomoyasu,551
poinsettia,551
cure_beat,551
gypsy_(ragnarok_online),551
mint_blancmanche,551
jiji_(aardvark),551
ikura_(food),551
oberon_(first_ascension)_(fate),551
protagonist_2_(housamo),551
daive,551
peacock,551
myama,551
iwasaki_minami,551
dragunov_svd,551
gar32,551
tatsunami_shion,551
nishizono_mio,551
ermes_costello,551
slime_boy,551
waiting,551
kageyama_tobio,550
segami_daisuke,550
ugatsu_matsuki,550
suou_pavlichenko,550
bondage_mittens,550
ogipote,550
tokita_(jyabarachan),550
re:shimashima,550
amemiya_darumi,550
guriguri_(arayotto4351),550
mugita_konomi,550
kurotama,550
puchiman,550
aihara-rina,550
reona_west,550
kim_possible_(series),550
yoban,550
hamaken._(novelize),550
meiji_ken,550
tio_plato,550
stuffed_carrot,550
metal_belt,550
demizu_posuka,550
held_down,550
shaka_sign,550
norza,549
paint_roller,549
bruise_on_arm,549
standing_on_object,549
mikage_reo,549
virgilia_(umineko),549
sengoku_rance,549
tokiani,549
shiokonbu,549
tsubasa_tsubasa,549
koume_keito,549
shirakiin_ririchiyo,549
evangeline_a.k._mcdowell,549
firefighter_jacket,549
yui_(sao),549
armillary_sphere,549
masoq,549
aqua_rose,549
bust_chart,549
kore_wa_zombie_desu_ka?,549
breast_mousepad,549
takanashi_kiara_(fever_night),549
blazpu,549
wolf_hood,549
kujou_miyako,548
poyo_(hellmayuge),548
hayashi_kewi,548
tropical,548
yamasan,548
bokujou_monogatari,548
kuga_tsuniya,548
sazaki_kaoruko,548
melone,548
fujimaru_ritsuka_(female)_(brilliant_summer),548
angel_dust,548
ellen_(touhou),548
shennai_misha,548
luger_p08,548
h&k_g11,548
nishikata,548
team_aqua,548
shuten_douji_(halloween_caster)_(fate),548
rabbit_mask,548
tyako_089,548
school_girl_strikers,548
roserade,548
on_ball,548
sleeping_animal,547
ittla,547
hidden_camera,547
lit_fuse,547
sceptile,547
jingburger,547
miwano_rag,547
princess_of_the_crystal,547
compression_sleeve,547
zeraora,547
lockon_stratos,547
eagle_union_(emblem),547
teddiursa,547
akisora,547
cupping_glass,547
takaishi_takeru,547
isshiki_akane,547
ushio_kai_ni_(kancolle),547
yotsuyu_goe_brutus,547
wringing_skirt,547
eri_(boku_no_hero_academia),547
feather_fan,547
spider-man_(2099),547
fujiwara_hajime,547
blizzard,547
yan_kodiac,547
anatomical_nonsense,547
final_fantasy_i,546
suna_no_wakusei_(vocaloid),546
netorase,546
mineta_minoru,546
poliwag,546
konshin,546
kakao_(chocolate_land),546
nikichen,546
nudist_beach_uniform,546
curakuru,546
yachima_tana,546
robert_e._o._speedwagon,546
aqua_eyeshadow,546
yu-gi-oh!_go_rush!!,546
read_or_die,546
arm_wrestling,546
shadow_puppet,546
detonator,546
the_lord_of_the_rings,546
zd_(pixiv6210083),546
witch_(puyopuyo),546
tokiha_mai,546
black_mittens,546
natsu_dragneel,546
fender_jazzmaster,546
koshimizu_toru,546
the_simpsons,546
snuffy_(vtuber),545
barrett_m82,545
caulifla,545
raw_meat,545
hijiri_(resetter),545
kamen_rider_kuuga_(series),545
takitarou,545
kujou_ichiso,545
dorontabi,545
otonari_no_tenshi-sama_ni_itsu_no_mani_ka_dame_ningen_ni_sarete_ita_ken,545
gunpod,545
inflatable_orca,545
energy_arrow,545
forbidden_scrollery,545
con_potata,545
mademoiselle_crabaletta,545
enma_(enmanuelart),545
deoxys,545
lace-trimmed_garter_belt,545
tatsugiri_(curly),545
implied_handjob,544
symphogear_pendant,544
reno_(ff7),544
shikei,544
stan_marsh,544
an-94,544
black_thong,544
quilava,544
flying_whale,544
playing_drums,544
light_and_night_love,544
kohaku_(dr._stone),544
kimono_dress,544
nekobaka,544
yuumei,544
chinomaron,544
sugimotty_nova,544
hands_in_another's_hair,544
siirakannu,544
arm_over_shoulder,544
american_beaver_(kemono_friends),544
kibihimi,544
senran_kagura_estival_versus,544
risui_(suzu_rks),544
bamboo_screen,544
donmin_h,544
easy_chair,544
kutabireta_neko,544
bilibili_username,544
palette_swap,544
dancer_(final_fantasy),543
lloyd_irving,543
ansel_(arknights),543
unicorn_gundam,543
tsuzuri_(tuzuri),543
transgender_flag,543
age_of_ishtaria,543
sarashina_ruka,543
akou_roushi,543
polka_dot_necktie,543
nichika_(nitikapo),543
ephraim_(fire_emblem),543
yujup,543
niimi_sora,543
shin_strap,543
thumbprint_cookie,543
gold_halo,543
human_toilet,543
sakimiya_iruka,543
shinkon_santaku,543
sig_mcx,543
pet_walking,542
brief_(psg),542
greenopi,542
cid_highwind,542
hirato_(kancolle),542
fiora_(xenoblade),542
panqlao,542
plank,542
rucchiifu,542
lambda-11,542
sempon_(doppio_note),542
kiryu_coco_(loungewear),542
ima-no-tsurugi,542
fuchi_(nightmare),542
inuno_rakugaki,542
star_censor,542
nier_(brother),542
otaku_room,542
shougun_(chuckni1),542
open_cloak,542
dominator_(bdsm),542
holy_grail_(fate),542
selcky,542
unworn_belt,542
arjuna_alter_(fate),542
d;,542
niwaikanai,542
indonesian_text,542
mechanical_buddy_universe,542
dog_hood,542
romeo_to_cinderella_(vocaloid),542
suwa_yasai,542
coconut_cup,542
shidou_hikaru,542
tamatsukuri_misumaru,541
loading_screen,541
suzuran_(yukibare)_(arknights),541
bunk_bed,541
mist_(fire_emblem),541
transparent_bag,541
nero_claudius_(swimsuit_caster)_(third_ascension)_(fate),541
naso4,541
marius_von_hagen_(tears_of_themis),541
aircraft_carrier_oni,541
voltron:_legendary_defender,541
stalking,541
print_coat,541
hasumi_souji_(eroe),541
crossbody_bag,541
dragonfly_wings,541
jelly_bean,541
pettan_p,541
slav_squatting,541
exs-tia_magica,541
pink_pillow,541
book_on_head,541
stack,541
pizza_(pizzania_company),541
yuuki_rito,541
tootsuki_saryou_ryouri_gakuen_uniform,541
small_stellated_dodecahedron,541
sinon_(sao-alo),541
asymmetrical_eyewear,541
banana_boat,541
grey_trim,541
sen_no_kiseki_ii,540
crystal_shards,540
tight_top,540
ji_no,540
chrome_dokuro,540
dakku_(ogitsune),540
tsukumiya_amane,540
school_swimsuit_flap,540
ormille,540
yakuza,540
tenjin_hidetaka,540
hazama,540
exif_rotation,540
orange_feathers,540
sei_shoujo,540
blacksaikou,540
gaze_on_me!_outfit_(umamusume),540
mori_calliope_(sleepwear),540
southern_italy_(hetalia),540
print_tank_top,540
rotom_dex,540
sesield,540
tenkuu_no_shiro_laputa,540
sea_slug_girl,540
too_many_sex_toys,540
teaching,540
reina_prowler,540
akademiya_uniform,539
rapunzel_(disney),539
sugar_sugar_rune,539
kodomo_no_hi,539
maze_(gochama_ze_gohan),539
fenyon,539
prism_project,539
kyu-kurarin_(cevio),539
affectionate_harem,539
asa_no_ha_(awayuki),539
haruakira,539
kirisaki_chitoge,539
suplex,539
archie_(pokemon),539
7saki,539
idw_(girls'_frontline),539
daybit_sem_void,539
miles_morales,539
momijiyama_teru,539
anchor_hat_ornament,539
horse_dildo,539
aqua_cardigan,538
shotadom,538
fairy_miku_(project_voltage),538
pages,538
bow_camisole,538
yuuki_tatsuya,538
tsubasa_(abchipika),538
akashieru,538
enjo_kouhai,538
bailu_(honkai:_star_rail),538
jndfh,538
nakamura_hinato,538
okumura_rin,538
chinchou,538
elize_lutus,538
haruhara_haruko,538
power_bottom,538
aang,538
striped_suit,538
easonx,538
catwoman,538
cubone,538
caleb_(love_and_deepspace),538
yamanokami_eaka,538
k/da_akali,538
tenugui,537
luminous_slime,537
holding_goggles,537
crime_prevention_buzzer_threat,537
fire_keeper,537
tactical_surface_fighter,537
mustard,537
swaddled,537
klaius,537
iroyopon,537
chest_fur,537
sasamori_tomoe,537
azuuru,537
clothed_bath,537
ken_(koala),537
sakayama_shinta,537
hoshimiya_aki,537
harunoha,537
ramanda,537
surfacedxxc,537
qin_liangyu_(fate),537
dorothy_west,537
ichijou_hotaru,537
stew,537
stifled_laugh,537
menyoujan,537
tassel_choker,536
robot_dog,536
kyaku_tasu,536
tama_launcher,536
hoto_cocoa's_school_uniform,536
nakatsu_shizuru,536
sawatari_makoto,536
yoake_mae_yori_ruri_iro_na,536
frilled_corset,536
cutoff_jeans,536
lilith_(hazbin_hotel),536
aoqun,536
blue_mary,536
hand_on_window,536
yuubari_kai_ni_(kancolle),536
lantern_festival,536
trefle_r,536
playing_card_(medium),536
beifeng_han,536
offbeat,536
airi_(queen's_blade),536
yukiwo,536
makihitsuji,536
spoken_skull,536
silvers_rayleigh,536
mma_gloves,536
naked_suspenders,536
mini_flag,536
panda_costume,536
kagura_(azumanga_daioh),536
boruto:_two_blue_vortex,535
chanchanko_(clothes),535
milliani,535
voicepeak,535
game_boy_advance,535
sapphira_nyx,535
prince_of_wales_(azur_lane),535
listen!!,535
flannel,535
ebisuzawa_kurumi,535
kuroi_(liar-player),535
beaver_ears,535
grim_aloe,535
oneshot_(game),535
roulette_table,535
abyssal_admiral_(kancolle),535
da_capo_ii,535
through_window,535
hoozuki_(hoozuki_no_reitetsu),535
barbarian_tk,535
sage_joh,535
shinguuji_sakura,535
butter-t,535
comiket_99,535
idolmaster_shiny_colors_song_for_prism,534
atelier_meruru,534
no_heterochromia,534
latex_dress,534
arim0k0,534
genek,534
grappler_baki,534
blaidd_the_half-wolf,534
tying_footwear,534
ornate,534
the_only_shoe,534
hungry_nun_(diva),534
koretsuki_azuma,534
nakamura_yukitoshi,534
shino_hajime,534
sketching,534
miyama-zero,534
elizabeth_liones,534
toxtricity,534
ryunosuke_naruhodo,534
grief_seed,534
holding_crayon,534
execution,534
seele_vollerei_(starchasm_nyx),534
kaminagi_(kaminagi-tei),534
komori_kiri,534
carnival_phantasm,534
ouran_high_school_host_club,534
tsurusaki_takahiro,534
mina_(blue_archive),534
wahiko_(black_bastard),534
mumu_(mumunyan),534
teruki_kuma,534
biyon,534
rotated,534
slides,534
tifa_lockhart_(shining_spirit),533
yarai_miu,533
rena_lanford,533
guan_dao,533
bitten_apple,533
sonic_the_hedgehog_(idw),533
jahy-sama_wa_kujikenai!,533
fish_skeleton_hair_ornament,533
tougou_mimori,533
fart,533
airport,533
ruru_amour,533
rabbit_vibrator,533
chomikuplus,533
yunkaiming,533
makigai,533
shiina_mahiru_(otonari_no_tenshi-sama),533
manaphy,533
night_sparrow_love,533
red_claws,533
kutone_shirika,533
kotoribako,533
hazuki_(nyorosuke),533
kagurazaka_asuna,533
mount_lady,533
hair_around_ear,533
katsushika_hokusai_(swimsuit_saber)_(fate),533
nannung,533
muku_jirushi,533
black_jack_(character),533
ichihime,533
raikou,533
nyoro_(nyoronyoro000),533
too_many_hair_ornaments,532
alternate_footwear,532
kurumi_(lycoris_recoil),532
moon_print,532
pokedex,532
audino,532
takino_tomo,532
inaba_mob_(touhou),532
astaroth_(shinrabanshou),532
saegusa_akina,532
baobhan_sith_(swimsuit_pretender)_(third_ascension)_(fate),532
stutter,532
e_volution,532
ooarai_naval_school_uniform,532
asami_sato,532
tusia,532
chima_q,532
manino_(mofuritaionaka),532
finn_the_human,532
shuu_(inazuma_eleven),532
kawashima_mizuki,532
mitsu_(mitsu_art),532
gorgeous_mushroom,532
sweater_tug,532
power_item_(touhou),532
character_snowman,532
scarecrow,532
sano_manjirou,531
ukraine,531
ookuma_nekosuke,531
evil_twin_ki-sikil,531
wet_thighhighs,531
tosaki_mimi,531
ryu_lion,531
kissing_hair,531
the_lego_group,531
ukokkei,531
matara_kan,531
popopoka,531
sono_midoriko,531
yuano,531
team_galactic,531
mitsuki_felicia,531
chloe_(fire_emblem),531
anatomy,531
fur-trimmed_mittens,531
shin'ya_(shin'yanchi),531
isekai_maou_to_shoukan_shoujo_no_dorei_majutsu,531
dog_(mixed_breed)_(kemono_friends),531
hashira_14,531
mine_fujiko,531
headshop,531
frilled_boots,531
koharu2.5,531
hatenna,530
langbazi,530
tooth_gap,530
7th_dragon_2020,530
cure_nyammy,530
agent_(girls'_frontline),530
koh_(minagi_kou),530
fine_(futagohime),530
hero's_daughter_(dq5),530
dunkerque_(azur_lane),530
yaranaika,530
ryuuxin,530
sunaba_suzume,530
wing_print,530
tales_of_destiny_2,530
sunaba_(nczd5875),530
cessa,530
symmetrical_hand_pose,530
kimishima_ao,530
boshi_(a-ieba),530
kuze_shizuka,530
sakuraba_hikaru_(loveindog),530
tsurugi_kyousuke,530
portable_stove,530
lk149,530
gold_teeth,530
mario_(cosplay),530
kirigakure_(kirigakure_tantei_jimusho),530
huyandere,530
goki_buri,530
daichi_(tokoya),530
gradient_shirt,530
alpaca_tail,530
bear_paws,530
tsuno_no_hito,530
deego_(omochi_bazooka),529
marching_band,529
hamada_yoshikazu,529
t2ukmyjm,529
cardboard,529
ohgi910,529
florence_nightingale_(fate)_(cosplay),529
wednesday_addams,529
mito_(go!go!king!),529
kotobukiya_bishoujo,529
togame_momoko,529
marijuana,529
yellow_moon,529
yana_(chihuri),529
tomozero,529
giratina_(altered),529
ruton-niki,529
ageplay,529
ace_trappola,529
silver_tiara,529
kurasuke,529
chicago-x,529
a_channel,529
heidimarie_w._schnaufer,529
osananajimi_neko,529
chigasaki_yukari,529
koya_(koya_x_00),529
himadera,529
blister_pack,528
core_(mayomayo),528
sarukana,528
ratna_petit,528
mabing,528
bunny_garden,528
hazakura_hinata,528
iris_(konosuba),528
cosplay_request,528
kanzaki_hiro,528
webbed_feet,528
magyo,528
merchant_(ragnarok_online),528
whisper_(youkai_watch),528
jigatei_(omijin),528
ump40_(girls'_frontline),528
loliconder,528
zirba,528
optical_illusion,528
ninoko,527
diamond_print,527
footjob_over_clothes,527
burp,527
ponponmaru,527
meruccubus_(merunyaa),527
udagawa_ako,527
holding_wreath,527
koga_koharu,527
hanpetos,527
two-tone_bra,527
k0ng,527
extra_digits,527
kuboken,527
sunken_fossil_world,527
covering_own_face,527
spoken_symbol,527
mario_tennis,527
skull_choker,527
parari_(parari000),527
kuroinu_~kedakaki_seijo_wa_hakudaku_ni_somaru~,527
doukyuusei,527
yuusha_ou_gaogaigar,527
chansey,527
omochi_(mochi_skymega),527
suspenders_gap,527
pirate_ship,527
jony_(avion_mura),527
jema,527
kokuzou,527
yoshioka_yoshiko,527
aegir_(housamo),527
pop_filter,527
wigglytuff,526
carhop,526
white_len_(tsukihime),526
hazmat_suit,526
choujigen_game_neptune_mk2,526
kuja,526
mac_star,526
takane_manaka,526
rasukaru,526
sweater_around_neck,526
jasmine_(disney),526
danna_ga_nani_wo_itte_iru_ka_wakaranai_ken,526
parasite,526
hasshaku-sama,526
matemi,526
roswell_ss,526
money_bag,526
yoruny,526
scimitar,526
scarlet_witch,525
sewing_pin,525
takemaru_(housamo),525
nai_ga,525
magic_trick,525
neropaso,525
nyen_(randal's_friends),525
weapon_name,525
on_cloud,525
netsu_ijou_(utau),525
suzutsuki_kurara,525
.hack//g.u.,525
sharpedo,525
letdie1414,525
imazon,525
cyancapsule,525
quilted_clothes,525
aomi_riru,525
metaljelly,525
erkaz,525
wsman,525
wimple,525
fukuda_tomonori,525
mdf_an,525
mirai_(senran_kagura),525
yamanouchi_kano,525
kamen_rider_fourze_(series),525
gigantic_testicles,524
magister,524
horns_through_hood,524
impasto,524
argyle_bow,524
megateru,524
mcpc_zamurai,524
itsuka_neru,524
wang_(arknights),524
sandogasa,524
tsuki_tokage,524
gorgon_(fate),524
piyodesu,524
taxi,524
ukuru_(kancolle),524
imminent_paizuri,524
kongou_(aoki_hagane_no_arpeggio),524
arthur_ko,524
medaka_box,524
kurone_rinka,524
suiren_yurei,524
m16a1_(boss)_(girls'_frontline),524
recycle_bin,524
crash_bandicoot_(series),524
colo_(nagrolaz),524
dress_aside,524
gouta_(nagishiro6624),524
rattata,523
white_male_swimwear,523
ruru_(rurumagi),523
psychedelic,523
sakura_haruka_(wind_breaker),523
teabag,523
billiards,523
beanstalk_(arknights),523
alexmaster,523
victory_pose,523
unworn_kimono,523
lethe_(fire_emblem),523
pokachu,523
norizou_type-r,523
mooncake,523
yumaru_(marumarumaru),523
europa_(granblue_fantasy),523
akikawa_yayoi_(umamusume),523
sh_(shinh),523
power-up,523
dies_irae,523
keuma,523
chueog,523
dire_wolf_(kemono_friends),523
landing,523
breakfast,523
galarian_ponyta,522
jedi,522
holding_spork,522
kfp_employee_(takanashi_kiara),522
wolf_o'donnell,522
t-back,522
waltrud_krupinski,522
checkered_bowtie,522
shirocha_tei,522
underbarrel_grenade_launcher,522
sumire_(blue_archive),522
sakizaki_saki-p,522
eliwood_(fire_emblem),522
fushimi_gaku,522
takemura_sessyu,522
gazebo,522
megadeko,522
f.s.,522
holding_lyre,522
seiyouryuu-san,522
tiphereth_a_(project_moon),522
yuzuno_nana,522
yoshida_hideyuki,522
naegi_(naegidokoro),522
fruit_tree,522
luther_von_ivory,522
pink_jumpsuit,522
kippu,522
green_apple,522
k2_(girls'_frontline),522
ume_(plumblossom),522
two-handed_sword,522
naozuri,522
ganyu_(twilight_blossom)_(genshin_impact),522
ribbed_panties,522
oldest_dream,521
super_heroine_boy,521
national_shin_ooshima_school_uniform,521
pig_nose,521
selen_tatsuki_(1st_costume),521
negi_(ulog'be),521
ribboned_xiao_guan,521
ameto_yuki,521
sawada_yuusuke,521
fur-trimmed_armor,521
ikuhashi_muiko,521
doroshe_(sdpw8474),521
black-tailed_prairie_dog_(kemono_friends),521
artoria_caster_(first_ascension)_(fate),521
planter,521
lion_dance,521
inishie_kumo,521
ex-rumia,521
hololive_fantasy,521
master_spark,521
nodding,521
kishido_temma,521
komatsuzaki_rui_(style),521
guilegaze,521
multiple_vaginal,521
sonia_strumm_(mega_man),521
crazy_raccoon,520
arm_scarf,520
wishiwashi_(solo),520
muu_(mumumer),520
nathaniel_pennel,520
okuda_yasuhiro,520
sakuramochi_(sakura_frappe),520
swampert,520
hikage_eiji,520
kiawe_(pokemon),520
hanamichi_ran,520
girls_und_panzer_saishuushou,520
nino_(fire_emblem),520
pepper0,520
saigyouji_yuyuko's_fan_design,520
sakanaya_(sakanaya952),520
rusty_trombone,520
elie_macdowell,520
messmer_the_impaler,520
kawacy,520
kanan-sama_wa_akumade_choroi,520
rance_x,520
ooyun,520
holding_collar,520
pallas_(arknights),519
print_vest,519
inker_comics,519
deku_suke,519
red_lightsaber,519
yorktown_(azur_lane),519
3d_glasses,519
silver_(chenwen),519
minarai,519
blue_oath,519
naoki_(2rzmcaizerails6),519
tatebayashi_sakurako,519
goshiki_agiri,519
scarle_yonaguni,519
himeragi_yukina,519
ks_(xephyrks),519
omamori_himari,519
recycling_symbol,519
pot-de,519
eruruu,519
ken_(coffee_michikusa),519
i-47_(kancolle),519
pokemon_on_arm,519
wata_(attaka_towel),519
sitonai_(fate),519
friday_the_13th,519
articuno,519
traumatized,519
chloe_(pokemon),519
red_flag,518
inflatable_dolphin,518
blue_light,518
playing_bass_guitar,518
ringsel,518
akagi_(fmttps),518
german_commentary,518
kiira,518
wakamatsu372,518
huai_yunqing,518
blue_rose_(tiger_&_bunny),518
grid_print,518
ceres_fauna_(goth),518
senri_tsurubami,518
valkyrie_drive_-mermaid-,518
necro_(guilty_gear),518
bb_(swimsuit_mooncancer)_(first_ascension)_(fate),518
death_note_(object),518
iida_tenya,518
mabel_pines,518
nashidrop,518
chaise_longue,518
baizhu_(genshin_impact),518
tategami_aoi,518
rohitsuka,518
dogs_(dlrkdejr26),518
silver_bikini,518
tadano_hitohito,517
striped_apron,517
holding_rattle,517
mura_karuki,517
riding_dragon,517
vietnamese_commentary,517
softboiled_egg,517
reien_girl's_academy_school_uniform,517
jun_(aousa0328),517
blacksmith_(ragnarok_online),517
senmu_(0107),517
paldean_wooper,517
ostrich,517
paprika_private_academy_school_uniform,517
3_small_spiders,517
amonitto,517
marumoru,517
heart_arms_duo,517
nena_trinity,517
yamiochi_umekichi,517
hiodoshi_ao_(1st_costume),517
fallout:_new_vegas,517
min_(myna8247),517
fender_precision_bass,517
annytf,517
pantsu-ripper,517
nick_wilde,517
qifrey_(tongari_boushi_no_atelier),516
matoi_ryuuko_(cosplay),516
criss-cross_strings,516
after_war_gundam_x,516
niiya,516
baba_arumi,516
dragon_quest_dai_no_daibouken,516
suou_(blue_archive),516
morpeko_(hangry),516
miyamoto_issa,516
stuffed_dinosaur,516
face_filter,516
brighid_(xenoblade),516
akatsuki_akane,516
phoenix_wright:_ace_attorney_-_trials_and_tribulations,516
checkered_bikini,516
surtr_(liberte_echec)_(arknights),516
cerberus,516
sherlock_holmes_(fate),516
shiitake_taishi,516
multicolored_capelet,516
drainpipe,516
putting_on_jewelry,516
qifrey's_atelier_apprentice_uniform,516
josuiji_shinri,516
seras_victoria,516
frankie_foster,516
toon_zelda,516
limgae,515
lobotomy_corporation_(identity)_(project_moon),515
ladybug_ornament,515
kitaku_(nakamachi_machi),515
sakurai_makoto_(custom_size),515
syunzou,515
dantewontdie,515
see-through_pants,515
five-seven_(girls'_frontline),515
kid_(chrono_cross),515
frontbend,515
giant_snake,515
flipper,515
sankuro_(agoitei),515
rope_marks,515
alternative_girls,515
celtic_knot,515
k_mugura,515
barghest_(second_ascension)_(fate),515
soulcalibur_iv,515
hisuian_zoroark,515
ana_(overwatch),515
takeda_hiromitsu,515
sampo_koski,515
sheep_nun_(diva),515
snowflake_earrings,515
tsubaki_(guide)_(blue_archive),515
hippopotamus_ears,515
holding_with_chopsticks,515
kiryuu_moeka,514
hair_tattoo,514
punishment,514
gan-chan_(artist),514
munna,514
kakone,514
torichamaru,514
ghiaccio,514
midnight_(banyex),514
ogre,514
kokihanada,514
asumi_sena,514
mao_lian_(nekokao),514
kuppipi_ramutarou,514
pikaole,514
rfb_(girls'_frontline),514
power_fist,514
gingham_background,514
mitsugu,514
atte_nanakusa,514
star_cutout,514
tarutaru,514
toque_blanche,514
ghetsis_(pokemon),514
sunday_silence_(racehorse),513
applying_manicure,513
wrapped_bento,513
zoya_petrovna_vecheslova,513
maid_cafe,513
crona_(soul_eater),513
kinako_(40hara),513
houzuki_(hotondo),513
nephlite,513
antonio_lopez,513
diforland,513
gundam_msv,513
akai_haato_(gothic_lolita),513
allen_avadonia,513
abo_(hechouchou),513
miyako_(naotsugu),513
tales_weaver,513
guan_hat,513
white_raincoat,513
night_elf_(warcraft),513
ning_hai_(azur_lane),513
gol_d._roger,513
torn_ribbon,513
omegamon,513
glasses_nun_(diva),513
kenjou_akira,513
kouyouen_academy_school_uniform,513
kani_bonara,513
lapis_lazuli_(houseki_no_kuni),513
ama_usa_an_uniform,513
single_handcuff,513
frog_boy,512
grey_mask,512
shokuyou_mogura,512
ankle_scrunchie,512
hachiko_(hati12),512
softmode,512
uzumaki_himawari,512
vanripper,512
roxanne_(pokemon),512
macross:_do_you_remember_love?,512
monster_musume_td,512
soundwave_(transformers),512
top_wo_nerae_2!,512
nakagawa_nana,512
hand_under_skirt,512
pink_mask,512
tapir,512
nakiri_ayame_(streetwear),512
butterfly_choker,512
ariga_hitoshi,512
tostantan,512
release_celebration,512
meika_hime,512
tehepero,512
arena_(company),512
tenshouin_eichi,512
classic_sonic,512
kamen_rider_(1st_series),512
princess_leia,512
black-haired_demon_girl_(shimmer),512
kusanagi_kyou,511
chest_ribbon,511
sonic_frontiers,511
shigure_ryuunosuke,511
multicolored_panties,511
very_big_eyes,511
warframe,511
disgaea_rpg,511
valley,511
gengorou,511
sarukaiwolf,511
gold_saint,511
coronavirus_pandemic,511
heattech_leotard,511
rags,511
reeh_(yukuri130),511
yuu_(higashi_no_penguin),511
sasaki_kojirou_(fate),511
jagaimo_(kkamja),511
mashiro_aa,511
dobermann,511
taiwan_(hetalia),511
head_on_ass,511
houshin_engi,511
nathan_seymour,511
guchico,511
aircraft_carrier_princess,511
asta_(honkai:_star_rail),511
rakugakiraid,511
meridian_project,511
oiled,511
rekaerb_maerd,511
16personalities,511
black_bloomers,511
endou_saya,511
plaid_collar,510
holding_laptop,510
light_in_heart,510
nishijou_nanami,510
tsukuyomi_ai,510
hamidashi_creative,510
yamato_kai_ni_(kancolle),510
damda,510
initial_d,510
two-sided_sleeves,510
tiffania_westwood,510
radish_p,510
sakurai_rihoko,510
lifeline_(apex_legends),510
aroma_sensei,510
spider_tattoo,510
holding_candy_cane,510
chevalier_d'eon_(fate),510
apios,510
lzh,510
tanihara_natsuki,510
nukotun,510
firefly,510
caisena,510
hibioes,510
toudori,510
mano_aloe,510
blindfold_lift,510
steel_ball_(jojo),510
barn,510
lipstick_mark_on_stomach,510
kirara_fantasia,510
yappari_chinchirando,510
sitting_in_window,510
azula,510
testa,510
iroiro_yaru_hito,510
raiden_(metal_gear),510
tft_(tft7822),509
grand_theft_auto_vi,509
wada_kazu,509
voyager_(fate),509
sabamen,509
holding_flamethrower,509
crystal_horns,509
one_piece_treasure_cruise,509
makacoon,509
mightyena,509
hsin,509
momendoufu,509
einhard_stratos,509
mm_(mm_chair),509
one_finger_selfie_challenge_(meme),509
matou_shinji,509
shiki_(senran_kagura),509
patting,509
american_mcgee's_alice,509
kise_ryouta,509
adjusting_shoe,509
schezo_wegey,509
penis_out_of_frame,509
canards,509
on_flower,509
artstation_username,509
navy_(navy.blue),509
tail_flower,508
walther_wa_2000,508
collared_sweater,508
clima-tact,508
some1else45,508
lala_(sputnik),508
takenami_hideyuki_(style),508
kokukyukeo,508
diary,508
bear_hat,508
sparrowl,508
roegadyn,508
sitting_on_food,508
flasso,508
tokisaki_asaba_(niliu_chahui),508
money_gesture,508
chihunhentai,508
big_dipper,508
bulge_press,508
boy_and_girl_sandwich,508
carrot_slice,508
shiitake,508
aragami_oga,508
cure_magical,508
seseren,508
j-core,508
cross_(crossryou),508
kazuma_asogi,508
head_tattoo,508
smoke_grenade,508
squishing,508
clefable,508
heroine_(lovebrush_chronicles),508
braided_beard,508
pointing_sword,507
anubis_(mythology),507
gigi_andalusia,507
ishikei_(style),507
shimejinameko,507
cure_honey,507
ryuuzaki_umi,507
emyo,507
saku_(kudrove),507
beeru_(veil8801),507
hikaru_(sgst),507
sasaki_ran,507
hata4564,507
wanda_maximoff,507
grasshopper,507
mugino_shizuri,507
nisshin_(kancolle),507
game_cartridge,507
corviknight,507
kamen_rider_ex-aid_(series),507
pleinair,507
tower_of_god,507
miteiru_(shirakami_fubuki),507
mineva_lao_zabi,507
belly_rub,507
rectangle,506
typewriter,506
clear_glass_(mildmild1311),506
chaos_emerald,506
yamagami_karuta,506
satsuriku_no_tenshi,506
usoneko,506
aomushi_(mushamusha),506
tokunou_shoutarou,506
nagu,506
asyura_kumo,506
anemone_(eureka_seven),506
yukikaze_panettone,506
saburou_(hgmg),506
kuromorimine_(emblem),506
paw-shaped_pupils,506
rea_loixacra,506
valtor,506
mad_hatter_(alice_in_wonderland),506
hitsugi_no_chaika,506
nenobi_(nenorium),506
ishida_yamato,506
amog,506
kunreishiki,506
pinta_(ayashii_bochi),506
captain_falcon,506
gia,506
miru_tights,506
snow_white_(disney),506
kuoh_academy_school_uniform,506
aqua_ascot,506
catria_(fire_emblem),506
visible_ears,506
mizuhara_koyomi,506
bengus,506
joker_(dc),506
vanillite,505
tsukinaga_leo,505
himation,505
labia_piercing,505
fatal_fury:_city_of_the_wolves,505
dragon_costume,505
brown_camisole,505
massala,505
drawing_on_fourth_wall,505
nuezou,505
lyn_(blade_&_soul),505
demon_costume,505
exhaust_pipe,505
wild_tiger,505
spider-man_(miles_morales),505
slipping,505
cheer_(cheerpuppy14),505
s.a.t.8_(girls'_frontline),505
zettai_karen_children,505
satou_atsuki,505
cham_cham,505
straw_doll,505
arisa_bunnings,505
himitsu_(hi_mi_tsu_2),505
alvin_(tales),505
urutsu_sahari,505
drifblim,505
charlotte_corday_(fate),505
honolulu_(kancolle),505
timerra_(fire_emblem),505
malon,505
baretto_(karasi07),505
pipa_(instrument),504
battle_standard,504
asdkd123,504
aoi_riko,504
siamese_cat,504
brid_(nikke),504
championship_belt,504
kuso_miso_technique,504
rhythm_tengoku,504
mizuga,504
kinta_(distortion),504
undine_(guilty_gear),504
nakano_maru,504
chikado,504
sengoku_collection,504
calin,504
huanxiang_huifeng,504
kiyama_hiroto,504
wamuu,504
vila_(reverse:1999),504
ataru_(ataru-littlebird),504
gangut_dva_(kancolle),504
rat_huang,504
provence_(arknights),504
citrinne_(fire_emblem),504
vinland_saga,504
sushang_(honkai:_star_rail),504
sam_yang,504
alpaca,504
sasayaku_you_ni_koi_wo_utau,504
terminator_(series),504
cygnet_(azur_lane),504
sugue_tettou,504
eiffel_tower,504
jessica_(reverse:1999),504
gold_border,504
color_drain,504
snowflake_ornament,504
sideroca_(arknights),503
ui_frara,503
bardock,503
trombone,503
encore_(wuthering_waves),503
sigurd_(fate),503
heriyama,503
tantanmen72,503
kawachi_koorogi,503
hashida_itaru,503
sazanami_jun,503
pixiv_fantasia_3,503
egami,503
katalina_(granblue_fantasy),503
jizou,503
mofu_namako,503
shirokitsune,503
kiryu_manzoku,503
try_(lsc),503
beeeeen,503
hirune_(konekonelkk),503
magion02,503
daimaou_ruaeru,503
emperor_(arknights),503
koahri,503
skull_tattoo,503
hatching,503
yellow_car,503
mole_on_leg,503
danimaru,503
florence_nightingale_(trick_or_treatment)_(fate)_(cosplay),503
ikemeru19,503
pgm_hecate_ii,502
galaxia_(sword),502
colorful_festival_(project_sekai),502
drifters,502
wang_liu_mei,502
cliffheart_(arknights),502
jamie_siu,502
mark_gavatino,502
conductor,502
goyain,502
tenchisouha,502
izumi_mahiru,502
field_cap,502
serizawa_(serizawaroom),502
beudelb,502
suction_cup_dildo,502
seele_vollerei_(swallowtail_phantasm),502
cael_anselm,502
crotch_kick,502
cowl_neck,502
yonomori_kobeni,502
geokinesis,502
juggling,502
drayton_(pokemon),502
tachimi_(basue),502
volkor,502
ai_arctic_warfare,502
book_holster,501
oikawa_tooru_(haikyuu!!),501
lego,501
regular_mow,501
neco,501
lactating_into_container,501
leonmandala,501
rogues'_gallery,501
tokyo_(great_akuta),501
li_sushang,501
shibuya_(tokyo),501
kougi_hiroshi,501
sitting_on_pillow,501
yin_yang_hair_ornament,501
polka_dot_scarf,501
stroking_another's_chin,501
holding_heart_(organ),501
maki_daikichi,501
striped_scrunchie,501
meira_(touhou),501
namonashi,501
ace_trainer_(pokemon),501
shan,501
paw_stick,501
shizuru_(princess_connect!),501
frenda_seivelun,501
huanxiang_heitu,501
kei_(soundcross),501
togata_mirio,501
jack_atlas,501
arcade_stick,501
camellia_print,501
goomyloid,501
game_over,501
lady_nagant,501
wartortle,501
nipple_tag,501
sweat_stain,501
ferret_tail,500
salt,500
hair_undone,500
rock_lee,500
u.a._gym_uniform,500
food_writing,500
pony_play,500
artsy-rc,500
sw_(taco),500
husky,500
masuishi_kinoto,500
alca_(wakatanka4),500
bounsweet,500
hirunagi,500
mushishi,500
ryogo,500
ninja_slayer,500
capura_lin,500
musuko_ga_kawaikute_shikatanai_mazoku_no_hahaoya,500
haruki_(colorful_macaron),500
edobox,500
impa,500
snowball_(overwatch),500
cat_ornament,500
seta_kaoru,500
matsuda_arisa,500
kitkallos_(yu-gi-oh!),500
mirrored_text,500
mana_(remana),500
striped_headband,500
hem_peeking_out,500
succubus,1
incubus,1
