vinBattery,currentBattery,velocity,distance,H2 Leak,powerW,energyWh,kmPerkWh,timeS,_capture_ts,latitude,longitude,wgsAltitude,ts,elapsed_s,lap_number
36.58604,0.07096674,27.333072,1453.82,False,2.596392,4.852966,299.5735,244,1784710044.2152944,25.48990918,51.45483719,12.59,1784710044823,0.0,1.0
36.55838,0.07390214,27.333072,1456.96,False,2.701743,4.85322,300.2048,245,1784710044.6342075,25.48990918,51.45483719,12.59,1784710044823,0.0,1.0
36.60243,0.07903307,27.235104,1458.53,False,2.892802,4.853472,300.5127,245,1784710044.8614438,25.48990918,51.45483719,12.59,1784710044823,0.0,1.0
36.58757,0.07127634,27.137136,1461.67,False,2.607828,4.853692,301.146,245,1784710045.0515938,25.48990918,51.45483719,12.59,1784710044823,0.0,1.0
36.56515,0.08322254,27.137136,1463.24,False,3.043045,4.85397,301.4522,245,1784710045.4331484,25.48990918,51.45483719,12.59,1784710044823,0.0,1.0
36.56337,0.08236314,27.039168,1466.38,False,3.011474,4.854211,302.0841,246,1784710045.6212783,25.48990918,51.45483719,12.59,1784710044823,0.0,1.0
36.60561,0.08117894,27.039168,1467.95,False,2.971605,4.854447,302.3928,246,1784710045.8727286,25.4899194,51.45490615,12.31,1784710045839,1.02,1.0
36.55468,0.07656682,26.9412,1471.09,False,2.798876,4.854696,303.0241,246,1784710046.2513838,25.4899194,51.45490615,12.31,1784710045839,1.02,1.0
36.58179,0.1062828,26.843232,1472.66,False,3.888015,4.855007,303.3281,247,1784710046.481711,25.4899194,51.45490615,12.31,1784710045839,1.02,1.0
36.58923,0.08408486,26.843232,1474.23,False,3.0766,4.855273,303.6348,247,1784710046.8016672,25.4899269,51.45497546,12.1,1784710046848,2.02,1.0
36.53809,0.08593271,26.745264,1477.37,False,3.139817,4.855538,304.2649,247,1784710047.3519003,25.4899269,51.45497546,12.1,1784710046848,2.02,1.0
36.58324,0.08060831,26.745264,1478.94,False,2.948913,4.855782,304.573,248,1784710047.5464811,25.4899269,51.45497546,12.1,1784710046848,2.02,1.0
36.54357,0.08907075,26.647296,1482.08,False,3.254963,4.856083,305.2007,248,1784710047.7316663,25.48993119,51.45506596,11.8,1784710047860,3.04,1.0
36.56808,0.08165798,26.549328,1483.65,False,2.986076,4.856318,305.5092,248,1784710048.047492,25.48993119,51.45506596,11.8,1784710047860,3.04,1.0
36.58222,0.07502245,26.549328,1486.79,False,2.744488,4.856552,306.1411,249,1784710048.4652455,25.48993119,51.45506596,11.8,1784710047860,3.04,1.0
36.56645,0.08013342,26.45136,1488.36,False,2.930195,4.856799,306.4488,249,1784710048.651004,25.48993119,51.45506596,11.8,1784710047860,3.04,1.0
36.53975,0.07556318,26.45136,1491.5,False,2.76106,4.857064,307.0785,249,1784710048.9717958,25.48991913,51.45513498,11.5,1784710048866,4.04,1.0
36.60391,0.07861125,26.353392,1493.07,False,2.877479,4.85733,307.3849,249,1784710049.401765,25.48991913,51.45513498,11.5,1784710048866,4.04,1.0
36.5961,0.07027423,26.255424,1496.21,False,2.571763,4.857556,308.017,250,1784710049.6140091,25.48991913,51.45513498,11.5,1784710048866,4.04,1.0
36.56028,0.08984664,26.255424,1497.78,False,3.284818,4.857842,308.3221,250,1784710049.934378,25.48990434,51.45520374,11.3,1784710049880,5.06,1.0
36.55455,0.07059299,26.157456,1500.92,False,2.580495,4.858074,308.9537,250,1784710050.310213,25.48990434,51.45520374,11.3,1784710049880,5.06,1.0
36.57118,0.07553178,26.059488,1502.49,False,2.762286,4.858332,309.2605,251,1784710050.592489,25.48990434,51.45520374,11.3,1784710049880,5.06,1.0
36.58371,0.08632472,26.059488,1505.63,False,3.158079,4.858604,309.8894,251,1784710050.9015045,25.48988914,51.45527256,11.01,1784710050893,6.07,1.0
36.58235,0.08261649,25.96152,1507.2,False,3.022305,4.858883,310.1948,251,1784710051.295262,25.48988914,51.45527256,11.01,1784710050893,6.07,1.0
36.56019,0.06821649,25.96152,1510.34,False,2.494008,4.859117,310.826,252,1784710051.9916606,25.48986782,51.455339,11.0,1784710051908,7.08,1.0
36.59841,0.0897355,25.863552,1511.91,False,3.284177,4.859375,311.1326,252,1784710052.1919572,25.48986782,51.455339,11.0,1784710051908,7.08,1.0
36.53743,0.09377055,25.863552,1513.48,False,3.426135,4.859648,311.4382,252,1784710052.6115608,25.48986782,51.455339,11.0,1784710051908,7.08,1.0
36.59768,0.07236027,25.765584,1516.62,False,2.648218,4.859874,312.0698,253,1784710052.6115608,25.48986782,51.455339,11.0,1784710051908,7.08,1.0
36.56767,0.07635929,25.667616,1518.19,False,2.792281,4.860098,312.3785,253,1784710053.0316908,25.48984617,51.45542297,11.0,1784710052920,8.1,1.0
36.57969,0.05009806,25.667616,1521.33,False,1.832572,4.86026,313.0141,253,1784710053.2201903,25.48984617,51.45542297,11.0,1784710052920,8.1,1.0
36.54089,0.09489026,25.569648,1522.9,False,3.467375,4.860595,313.3156,254,1784710053.6021588,25.48984617,51.45542297,11.0,1784710052920,8.1,1.0
36.57119,0.07776803,25.47168,1526.04,False,2.844069,4.860854,313.9448,254,1784710053.7913098,25.48984617,51.45542297,11.0,1784710052920,8.1,1.0
36.59168,0.06401971,25.47168,1527.61,False,2.342589,4.861058,314.2546,254,1784710054.0420496,25.48983716,51.45549227,11.0,1784710053931,9.11,1.0
36.56156,0.072909,25.373712,1529.18,False,2.665667,4.861277,314.5634,255,1784710054.4221046,25.48983716,51.45549227,11.0,1784710053931,9.11,1.0
36.5423,0.07592558,25.373712,1532.32,False,2.774495,4.861536,315.1926,255,1784710054.6712763,25.48983716,51.45549227,11.0,1784710053931,9.11,1.0
36.57713,0.07018401,25.275744,1533.89,False,2.56713,4.861755,315.5013,255,1784710054.9817464,25.48982898,51.45555776,11.0,1784710054944,10.12,1.0
36.56092,0.0746517,25.275744,1535.46,False,2.729335,4.861972,315.8101,255,1784710055.3621633,25.48982898,51.45555776,11.0,1784710054944,10.12,1.0
36.57858,0.08457572,25.177776,1538.6,False,3.09366,4.862268,316.4367,256,1784710055.6101031,25.48982898,51.45555776,11.0,1784710054944,10.12,1.0
36.57048,0.08774602,25.079808,1540.17,False,3.208914,4.862565,316.7402,256,1784710055.9414952,25.48982099,51.45562411,11.0,1784710055960,11.14,1.0
36.54008,0.07745245,25.079808,1543.31,False,2.830119,4.862791,317.3712,256,1784710056.3413084,25.48982099,51.45562411,11.0,1784710055960,11.14,1.0
36.58432,0.08630086,24.98184,1544.88,False,3.157258,4.863059,317.6766,257,1784710056.5432217,25.48982099,51.45562411,11.0,1784710055960,11.14,1.0
36.58601,0.07016156,24.98184,1548.02,False,2.566932,4.863301,318.3064,257,1784710056.8744314,25.48981246,51.45568822,11.0,1784710056971,12.15,1.0
36.54339,0.08064238,24.883872,1549.59,False,2.946946,4.863547,318.6131,257,1784710057.3515337,25.48981246,51.45568822,11.0,1784710056971,12.15,1.0
36.55859,0.07523597,24.785904,1551.16,False,2.750521,4.863775,318.921,258,1784710057.5416722,25.48981246,51.45568822,11.0,1784710056971,12.15,1.0
36.56338,0.0760488,24.785904,1554.3,False,2.780601,4.864013,319.551,258,1784710057.7816377,25.48980365,51.45576952,11.0,1784710057986,13.16,1.0
36.56344,0.07427195,24.687936,1555.87,False,2.715638,4.864227,319.8597,258,1784710058.0711057,25.48980365,51.45576952,11.0,1784710057986,13.16,1.0
36.5875,0.06779029,24.687936,1557.44,False,2.480277,4.864434,320.1688,259,1784710058.451518,25.48980365,51.45576952,11.0,1784710057986,13.16,1.0
36.56647,0.08121945,24.589968,1560.58,False,2.969909,4.864713,320.7959,259,1784710058.7113967,25.48980365,51.45576952,11.0,1784710057986,13.16,1.0
36.54998,0.07746465,24.492,1562.15,False,2.831331,4.864988,321.1005,259,1784710059.0519028,25.48979662,51.4558369,11.0,1784710058995,14.17,1.0
36.56991,0.07948851,24.492,1563.72,False,2.906888,4.865239,321.4066,260,1784710059.4412613,25.48979662,51.4558369,11.0,1784710058995,14.17,1.0
36.60959,0.07477076,24.394032,1566.86,False,2.737327,4.865464,322.0371,260,1784710059.662242,25.48979662,51.4558369,11.0,1784710058995,14.17,1.0
36.55837,0.0850685,24.394032,1568.43,False,3.109966,4.865764,322.3399,260,1784710060.011316,25.48979138,51.45590178,11.1,1784710060009,15.19,1.0
36.59298,0.06899331,24.296064,1571.57,False,2.524671,4.865986,322.9705,261,1784710060.3916316,25.48979138,51.45590178,11.1,1784710060009,15.19,1.0
36.56882,0.07803215,24.198096,1573.14,False,2.853544,4.866248,323.2758,261,1784710060.662253,25.48979138,51.45590178,11.1,1784710060009,15.19,1.0
36.59762,0.06562139,24.198096,1574.71,False,2.401587,4.866438,323.5858,261,1784710060.9412184,25.48978408,51.45596451,11.29,1784710061020,16.2,1.0
36.5633,0.09107713,24.100128,1577.85,False,3.33008,4.866726,324.2118,261,1784710061.402156,25.48978408,51.45596451,11.29,1784710061020,16.2,1.0
36.57558,0.07363314,24.100128,1579.42,False,2.693175,4.866945,324.5198,262,1784710061.6206744,25.48978408,51.45596451,11.29,1784710061020,16.2,1.0
36.55245,0.08325232,24.00216,1580.99,False,3.043076,4.867227,324.8236,262,1784710061.8932214,25.48978408,51.45596451,11.29,1784710061020,16.2,1.0
36.54946,0.06759138,24.00216,1584.13,False,2.470428,4.867433,325.4549,262,1784710062.5785377,25.48977461,51.45604787,11.4,1784710062031,17.21,1.0
36.58756,0.07048329,23.904192,1585.7,False,2.578812,4.867667,325.7618,263,1784710062.7697823,25.48977461,51.45604787,11.4,1784710062031,17.21,1.0
36.54835,0.08546631,23.806224,1587.27,False,3.123653,4.867955,326.0651,263,1784710063.1828327,25.48977345,51.45611213,11.5,1784710063046,18.22,1.0
36.55798,0.07438658,23.806224,1590.41,False,2.719423,4.868189,326.6944,263,1784710063.1828327,25.48977345,51.45611213,11.5,1784710063046,18.22,1.0
36.56865,0.07346176,23.708256,1591.98,False,2.686397,4.868399,327.0028,264,1784710063.5899594,25.48977345,51.45611213,11.5,1784710063046,18.22,1.0
36.57212,0.08988389,23.708256,1593.55,False,3.287244,4.868656,327.308,264,1784710063.996711,25.48977189,51.45617035,11.6,1784710064060,19.24,1.0
36.53384,0.07308073,23.610288,1595.12,False,2.66992,4.868883,327.6152,264,1784710064.1825883,25.48977189,51.45617035,11.6,1784710064060,19.24,1.0
36.61653,0.09156772,23.610288,1596.69,False,3.352892,4.86915,327.9197,265,1784710064.5639756,25.48977189,51.45617035,11.6,1784710064060,19.24,1.0
36.57133,0.07332751,23.51232,1599.83,False,2.681685,4.869393,328.5481,265,1784710064.751284,25.48977189,51.45617035,11.6,1784710064060,19.24,1.0
36.56819,0.09358401,23.51232,1601.4,False,3.422198,4.869702,328.8497,265,1784710064.9545355,25.48977151,51.45623259,11.6,1784710065070,20.25,1.0
36.60229,0.08376967,23.414352,1602.97,False,3.066162,4.869968,329.1541,265,1784710065.4513922,25.48977151,51.45623259,11.6,1784710065070,20.25,1.0
36.54319,0.08239579,23.316384,1606.11,False,3.011005,4.870254,329.7795,266,1784710065.6414626,25.48977151,51.45623259,11.6,1784710065070,20.25,1.0
36.55869,0.06351672,23.316384,1607.68,False,2.322088,4.870443,330.0891,266,1784710065.9013162,25.48977532,51.45631603,11.5,1784710066084,21.26,1.0
36.56466,0.08396376,23.218416,1609.25,False,3.070106,4.870724,330.3924,266,1784710066.240633,25.48977532,51.45631603,11.5,1784710066084,21.26,1.0
36.59351,0.05722976,23.218416,1612.39,False,2.094238,4.870894,331.0255,267,1784710066.607898,25.48977532,51.45631603,11.5,1784710066084,21.26,1.0
36.58078,0.08712997,23.120448,1613.96,False,3.187282,4.871179,331.3284,267,1784710066.8390317,25.48977532,51.45631603,11.5,1784710066084,21.26,1.0
36.57559,0.06772887,23.120448,1615.53,False,2.477223,4.871378,331.6372,267,1784710067.1304924,25.48977603,51.45637451,11.55,1784710067098,22.28,1.0
36.60037,0.07997989,23.02248,1618.67,False,2.927294,4.871662,332.2624,268,1784710067.501288,25.48977603,51.45637451,11.55,1784710067098,22.28,1.0
36.55215,0.08327513,22.924512,1620.24,False,3.043885,4.871918,332.5672,268,1784710067.8260396,25.48977222,51.45643726,11.7,1784710068112,23.29,1.0
36.59967,0.06850111,22.924512,1621.81,False,2.507118,4.872139,332.8743,268,1784710068.113803,25.48977222,51.45643726,11.7,1784710068112,23.29,1.0
36.6035,0.07177874,22.826544,1623.38,False,2.627353,4.872389,333.1795,269,1784710068.4809136,25.48977222,51.45643726,11.7,1784710068112,23.29,1.0
36.55055,0.08531794,22.826544,1626.52,False,3.118418,4.872671,333.8046,269,1784710068.7650092,25.48977222,51.45643726,11.7,1784710068112,23.29,1.0
36.57808,0.07879569,22.728576,1628.09,False,2.882195,4.872907,334.1106,269,1784710069.065832,25.4897728,51.45649903,11.9,1784710069128,24.3,1.0
36.55224,0.0749867,22.630608,1629.66,False,2.740932,4.873158,334.4156,270,1784710069.518859,25.4897728,51.45649903,11.9,1784710069128,24.3,1.0
36.57179,0.09468249,22.630608,1631.23,False,3.462708,4.873447,334.7179,270,1784710069.701043,25.4897728,51.45649903,11.9,1784710069128,24.3,1.0
36.59171,0.08275694,22.53264,1634.37,False,3.028218,4.873695,335.3452,270,1784710069.9867072,25.48977831,51.45657587,12.14,1784710070142,25.32,1.0
36.58407,0.08679974,22.53264,1635.94,False,3.175488,4.873947,335.6499,270,1784710070.2748582,25.48977831,51.45657587,12.14,1784710070142,25.32,1.0
36.53207,0.07865637,22.434672,1637.51,False,2.87348,4.874225,335.9529,271,1784710070.7131395,25.48977831,51.45657587,12.14,1784710070142,25.32,1.0
36.56418,0.08421294,22.434672,1639.08,False,3.079177,4.874511,336.2553,271,1784710070.956936,25.48977831,51.45657587,12.14,1784710070142,25.32,1.0
36.56253,0.07446224,22.336704,1642.22,False,2.722528,4.874739,336.8837,271,1784710071.2577696,25.48978496,51.45663762,12.35,1784710071157,26.33,1.0
36.59904,0.08009451,22.238736,1643.79,False,2.931382,4.875006,337.1873,272,1784710071.6316848,25.48978496,51.45663762,12.35,1784710071157,26.33,1.0
36.55099,0.07141134,22.238736,1645.36,False,2.610155,4.875233,337.4936,272,1784710071.8964384,25.48978496,51.45663762,12.35,1784710071157,26.33,1.0
36.54441,0.08215864,22.140768,1646.93,False,3.002439,4.875482,337.7984,272,1784710072.197094,25.48979046,51.45669556,12.43,1784710072159,27.34,1.0
36.58074,0.08582775,22.140768,1648.5,False,3.139643,4.87573,338.1032,273,1784710072.5652263,25.48979046,51.45669556,12.43,1784710072159,27.34,1.0
36.56478,0.08322913,22.0428,1651.64,False,3.043255,4.876021,338.727,273,1784710072.871415,25.48979565,51.45675452,12.4,1784710073160,28.34,1.0
36.55402,0.08100202,22.0428,1653.21,False,2.960949,4.876291,339.0302,273,1784710073.1525452,25.48979565,51.45675452,12.4,1784710073160,28.34,1.0
36.5909,0.07320111,21.944832,1654.78,False,2.678494,4.87655,339.3342,274,1784710073.5691724,25.48979565,51.45675452,12.4,1784710073160,28.34,1.0
35.08983,4.258891,22.0428,1657.92,False,149.4438,4.889263,339.0941,274,1784710074.1935008,25.48980218,51.45681277,12.4,1784710074175,29.35,1.0
35.06038,4.358984,22.238736,1659.49,False,152.8276,4.9021,338.5263,274,1784710074.380681,25.48980218,51.45681277,12.4,1784710074175,29.35,1.0
35.14451,4.145336,22.336704,1661.06,False,145.6858,4.916292,337.8685,275,1784710074.802456,25.48980218,51.45681277,12.4,1784710074175,29.35,1.0
35.06489,4.175623,22.53264,1662.63,False,146.4178,4.928578,337.3448,275,1784710074.802456,25.48980218,51.45681277,12.4,1784710074175,29.35,1.0
35.06602,4.29796,22.630608,1665.77,False,150.7124,4.941368,337.1071,275,1784710075.2422523,25.4898093,51.45689015,12.4,1784710075188,30.36,1.0
35.05708,4.299938,22.728576,1667.34,False,150.7433,4.95342,336.6038,276,1784710075.4314954,25.4898093,51.45689015,12.4,1784710075188,30.36,1.0
35.07227,4.293101,22.826544,1668.91,False,150.5688,4.966715,336.0189,276,1784710075.8110683,25.4898093,51.45689015,12.4,1784710075188,30.36,1.0
35.00013,4.497801,23.02248,1670.48,False,157.4236,4.979805,335.4509,276,1784710076.9556825,25.48981887,51.45695069,12.4,1784710076201,31.38,1.0
35.01063,4.410603,23.120448,1673.62,False,154.418,4.994507,335.0921,277,1784710077.7221682,25.48981887,51.45695069,12.4,1784710076201,31.38,1.0
35.04201,4.344528,23.316384,1675.19,False,152.241,5.00794,334.5068,277,1784710077.7231653,25.48981887,51.45695069,12.4,1784710076201,31.38,1.0
35.11723,4.099194,23.414352,1676.76,False,143.9523,5.019656,334.0388,277,1784710077.7231653,25.48981887,51.45695069,12.4,1784710076201,31.38,1.0
35.05463,4.391994,23.51232,1679.9,False,153.9597,5.033486,333.7448,277,1784710078.1509545,25.48982646,51.45701039,12.4,1784710077210,32.39,1.0
35.08343,4.346802,23.610288,1681.47,False,152.5007,5.047023,333.1608,278,1784710078.1519709,25.48982646,51.45701039,12.4,1784710077210,32.39,1.0
35.11139,4.248017,23.806224,1683.04,False,149.1538,5.059964,332.619,278,1784710078.1519709,25.48982646,51.45701039,12.4,1784710077210,32.39,1.0
35.0039,4.505953,23.904192,1684.61,False,157.7259,5.072708,332.0928,278,1784710078.5738287,25.48983404,51.45707073,12.5,1784710078223,33.4,1.0
35.05892,4.385812,24.00216,1687.75,False,153.7618,5.087423,331.7495,279,1784710078.9917035,25.48983404,51.45707073,12.5,1784710078223,33.4,1.0
35.04562,4.403538,24.198096,1689.32,False,154.3247,5.100269,331.2217,279,1784710078.9917035,25.48983404,51.45707073,12.5,1784710078223,33.4,1.0
35.06127,4.311131,24.296064,1692.46,False,151.1537,5.114807,330.8942,279,1784710079.4108603,25.48984209,51.45713618,12.6,1784710079225,34.4,1.0
35.09139,4.350993,24.394032,1694.03,False,152.6824,5.128956,330.2875,280,1784710079.601112,25.48984209,51.45713618,12.6,1784710079225,34.4,1.0
35.01792,4.503072,24.589968,1697.17,False,157.6882,5.143176,329.9848,280,1784710080.021996,25.48984787,51.45720189,12.7,1784710080241,35.42,1.0
34.95204,4.571478,24.687936,1698.74,False,159.7825,5.157029,329.4028,280,1784710080.2119153,25.48984787,51.45720189,12.7,1784710080241,35.42,1.0
35.04556,4.4083,24.785904,1700.31,False,154.4913,5.1704,328.8546,281,1784710080.622131,25.48984787,51.45720189,12.7,1784710080241,35.42,1.0
35.05971,4.299726,24.883872,1703.45,False,150.7471,5.183005,328.6607,281,1784710080.8120291,25.48984787,51.45720189,12.7,1784710080241,35.42,1.0
35.06859,4.284269,24.98184,1705.02,False,150.2433,5.197524,328.0447,281,1784710081.1015863,25.48985786,51.45729091,12.8,1784710081256,36.43,1.0
35.04125,4.416223,25.177776,1708.16,False,154.75,5.211992,327.7365,282,1784710081.432199,25.48985786,51.45729091,12.8,1784710081256,36.43,1.0
35.07814,4.224971,25.275744,1709.73,False,148.2041,5.225448,327.193,282,1784710081.821852,25.48985786,51.45729091,12.8,1784710081256,36.43,1.0
34.99349,4.478328,25.373712,1712.87,False,156.7123,5.240409,326.8581,282,1784710082.111331,25.48985786,51.45729091,12.8,1784710081256,36.43,1.0
35.08983,4.231448,25.47168,1714.44,False,148.4808,5.253108,326.3668,283,1784710082.4122453,25.48986458,51.45735949,12.8,1784710082266,37.44,1.0
35.07264,4.214927,25.569648,1717.58,False,147.8286,5.266729,326.1189,283,1784710082.792082,25.48986458,51.45735949,12.8,1784710082266,37.44,1.0
35.03078,4.388452,25.667616,1719.15,False,153.7309,5.278995,325.6586,283,1784710083.441849,25.48987609,51.45742649,12.8,1784710083270,38.45,1.0
35.14023,4.015869,25.765584,1720.72,False,141.1186,5.292325,325.135,284,1784710083.6320212,25.48987609,51.45742649,12.8,1784710083270,38.45,1.0
35.11938,4.201043,25.96152,1723.86,False,147.538,5.305962,324.8911,284,1784710084.012325,25.48987609,51.45742649,12.8,1784710083270,38.45,1.0
35.02691,4.331429,26.059488,1725.43,False,151.7166,5.319266,324.3737,284,1784710084.211089,25.48987609,51.45742649,12.8,1784710083270,38.45,1.0
35.07358,4.34604,26.157456,1728.57,False,152.4312,5.333826,324.0769,285,1784710084.4215295,25.48988777,51.45749686,12.8,1784710084285,39.46,1.0
35.05691,4.307131,26.255424,1730.14,False,150.9947,5.346745,323.5875,285,1784710084.801912,25.48988777,51.45749686,12.8,1784710084285,39.46,1.0
35.05831,4.353051,26.353392,1733.28,False,152.6106,5.360013,323.3724,285,1784710084.9972937,25.48988777,51.45749686,12.8,1784710084285,39.46,1.0
35.08588,4.276435,26.45136,1734.85,False,150.0425,5.373949,322.8259,286,1784710085.3220134,25.48990013,51.45756518,12.57,1784710085294,40.47,1.0
35.09338,4.323509,26.549328,1737.99,False,151.7265,5.386687,322.6454,286,1784710085.7018003,25.48990013,51.45756518,12.57,1784710085294,40.47,1.0
35.08669,4.225016,26.647296,1739.56,False,148.2418,5.400052,322.1376,286,1784710085.9515224,25.48990013,51.45756518,12.57,1784710085294,40.47,1.0
35.02248,4.438518,26.745264,1742.7,False,155.4479,5.413129,321.9395,286,1784710086.2519855,25.48990738,51.45763305,12.18,1784710086309,41.49,1.0
35.099,4.298794,26.843232,1744.27,False,150.8834,5.425635,321.4868,287,1784710086.6920943,25.48990738,51.45763305,12.18,1784710086309,41.49,1.0
35.07703,4.320009,26.9412,1747.41,False,151.5331,5.437885,321.34,287,1784710086.8821702,25.48990738,51.45763305,12.18,1784710086309,41.49,1.0
35.10994,4.231602,27.039168,1748.98,False,148.5713,5.451827,320.8062,287,1784710087.1824512,25.48990738,51.45763305,12.18,1784710086309,41.49,1.0
35.13303,4.058501,27.137136,1752.12,False,142.5874,5.464734,320.6231,288,1784710087.5016356,25.48991809,51.45770095,11.69,1784710087317,42.49,1.0
35.06214,4.342697,27.235104,1753.69,False,152.2643,5.478799,320.0866,288,1784710088.7316306,25.48992723,51.45779787,11.01,1784710088330,43.51,1.0
35.08897,4.225127,27.333072,1756.83,False,148.2554,5.491742,319.904,288,1784710088.7316306,25.48992723,51.45779787,11.01,1784710088330,43.51,1.0
35.10605,4.250083,27.43104,1758.4,False,149.2036,5.505013,319.418,289,1784710089.1122084,25.48992723,51.45779787,11.01,1784710088330,43.51,1.0
35.10531,4.209877,27.529008,1761.54,False,147.789,5.516936,319.2968,289,1784710089.112833,25.48992723,51.45779787,11.01,1784710088330,43.51,1.0
35.11644,4.256792,27.626976,1763.11,False,149.4834,5.529717,318.8427,289,1784710089.112833,25.48992723,51.45779787,11.01,1784710088330,43.51,1.0
35.0788,4.361073,27.724944,1766.25,False,152.9812,5.544124,318.5805,290,1784710089.5426736,25.48993443,51.45786896,10.7,1784710089341,44.52,1.0
35.12162,4.152304,27.822912,1769.39,False,145.8356,5.558189,318.3393,290,1784710089.9226673,25.48993443,51.45786896,10.7,1784710089341,44.52,1.0
35.14641,4.17706,27.92088,1770.96,False,146.8087,5.571167,317.8795,290,1784710090.112475,25.48993443,51.45786896,10.7,1784710089341,44.52,1.0
35.08846,4.272994,28.018848,1774.1,False,149.9328,5.582902,317.7738,291,1784710090.3528292,25.48994322,51.45794117,10.4,1784710090353,45.53,1.0
35.06489,4.349398,28.116816,1775.67,False,152.5112,5.597517,317.2246,291,1784710090.731564,25.48994322,51.45794117,10.4,1784710090353,45.53,1.0
34.97222,4.522609,28.214784,1778.81,False,158.1657,5.610298,317.0616,291,1784710090.9934683,25.48994322,51.45794117,10.4,1784710090353,45.53,1.0
35.04212,4.465747,28.312752,1781.95,False,156.4892,5.624307,316.8301,292,1784710091.313106,25.48994897,51.45801559,10.1,1784710091367,46.54,1.0
35.09416,4.239012,28.312752,1783.52,False,148.7646,5.636855,316.4034,292,1784710092.312359,25.48996133,51.4581109,9.73,1784710092381,47.56,1.0
35.15267,4.103381,28.41072,1786.66,False,144.2448,5.648964,316.281,292,1784710092.5017283,25.48996133,51.4581109,9.73,1784710092381,47.56,1.0
35.02065,4.515806,28.508688,1788.23,False,158.1465,5.663731,315.7336,292,1784710092.5017283,25.48996133,51.4581109,9.73,1784710092381,47.56,1.0
35.11256,4.253285,28.606656,1791.37,False,149.3437,5.675729,315.6194,293,1784710092.922878,25.48996133,51.4581109,9.73,1784710092381,47.56,1.0
35.10893,4.254899,28.704624,1792.94,False,149.385,5.689073,315.155,293,1784710092.922878,25.48996133,51.4581109,9.73,1784710092381,47.56,1.0
35.00333,4.519044,28.802592,1796.08,False,158.1816,5.701785,315.0031,293,1784710093.3422666,25.48997151,51.45818264,9.6,1784710093397,48.57,1.0
35.03712,4.414268,28.90056,1797.65,False,154.6632,5.714879,314.5561,294,1784710093.532427,25.48997151,51.45818264,9.6,1784710093397,48.57,1.0
35.02308,4.399661,28.998528,1800.79,False,154.0897,5.727639,314.4035,294,1784710093.9221385,25.48997151,51.45818264,9.6,1784710093397,48.57,1.0
35.09317,4.23591,28.998528,1802.36,False,148.6515,5.740061,313.9967,294,1784710094.112486,25.48997151,51.45818264,9.6,1784710093397,48.57,1.0
34.98803,4.459945,29.096496,1805.5,False,156.0447,5.75449,313.755,295,1784710094.3917987,25.48998459,51.45825579,9.4,1784710094409,49.59,1.0
35.11792,4.164465,29.194464,1808.64,False,146.2473,5.767946,313.5674,295,1784710094.8798914,25.48998459,51.45825579,9.4,1784710094409,49.59,1.0
35.08054,4.291589,29.292432,1810.21,False,150.5513,5.779989,313.1857,295,1784710095.112416,25.48999561,51.45833183,9.2,1784710095420,50.6,1.0
35.16234,4.117039,29.3904,1813.35,False,144.7647,5.793774,312.9825,296,1784710095.3495698,25.48999561,51.45833183,9.2,1784710095420,50.6,1.0
35.03873,4.374776,29.488368,1816.49,False,153.2866,5.808367,312.7368,296,1784710095.7854838,25.48999561,51.45833183,9.2,1784710095420,50.6,1.0
35.06338,4.359838,29.586336,1819.63,False,152.8707,5.822074,312.5398,296,1784710096.0148876,25.48999561,51.45833183,9.2,1784710095420,50.6,1.0
35.11373,4.169002,29.586336,1821.2,False,146.3892,5.834137,312.1627,297,1784710096.326299,25.49001639,51.45843198,9.3,1784710096432,51.61,1.0
34.97761,4.521278,29.684304,1824.34,False,158.1435,5.847419,311.9906,297,1784710096.623171,25.49001639,51.45843198,9.3,1784710096432,51.61,1.0
35.0843,4.282006,29.782272,1827.48,False,150.2312,5.86141,311.7816,297,1784710097.0021527,25.49001639,51.45843198,9.3,1784710096432,51.61,1.0
35.09904,4.205524,29.88024,1829.05,False,147.6099,5.875498,311.3013,297,1784710097.3025198,25.49001639,51.45843198,9.3,1784710096432,51.61,1.0
35.05853,4.313797,29.978208,1832.19,False,151.2354,5.888976,311.122,298,1784710097.6213987,25.4900359,51.45851221,9.4,1784710097445,52.62,1.0
35.06261,4.283741,30.076176,1835.33,False,150.1991,5.900839,311.0287,298,1784710098.003838,25.4900359,51.45851221,9.4,1784710097445,52.62,1.0
35.10005,4.282824,30.076176,1836.9,False,150.3273,5.915006,310.5491,298,1784710098.242031,25.4900359,51.45851221,9.4,1784710097445,52.62,1.0
35.01414,4.444447,30.174144,1840.04,False,155.6185,5.929842,310.3017,299,1784710098.581914,25.49005035,51.45859105,9.5,1784710098457,53.63,1.0
35.12099,4.256397,30.272112,1843.18,False,149.4889,5.943124,310.1366,299,1784710098.9817069,25.49005035,51.45859105,9.5,1784710098457,53.63,1.0
35.07852,4.338789,30.37008,1846.32,False,152.1983,5.956134,309.9863,299,1784710099.2122817,25.49005035,51.45859105,9.5,1784710098457,53.63,1.0
35.05281,4.342585,30.468048,1847.89,False,152.2198,5.969798,309.5398,300,1784710099.541957,25.49004892,51.45866966,9.62,1784710099471,54.65,1.0
34.9953,4.495753,30.566016,1851.03,False,157.3302,5.983989,309.3304,300,1784710099.9274075,25.49004892,51.45866966,9.62,1784710099471,54.65,1.0
35.09815,4.105324,30.566016,1854.17,False,144.0893,5.997029,309.1814,300,1784710100.1985846,25.49004892,51.45866966,9.62,1784710099471,54.65,1.0
35.094,4.291422,30.663984,1857.31,False,150.6032,6.010818,308.9945,301,1784710100.5148883,25.49003729,51.45874982,9.85,1784710100473,55.65,1.0
34.95194,4.601508,30.761952,1858.88,False,160.8316,6.025157,308.5198,301,1784710100.901595,25.49003729,51.45874982,9.85,1784710100473,55.65,1.0
35.01374,4.461755,30.85992,1862.02,False,156.2227,6.039214,308.3216,301,1784710101.167849,25.49003729,51.45874982,9.85,1784710100473,55.65,1.0
35.127,4.135019,30.957888,1865.16,False,145.2508,6.053284,308.1237,302,1784710101.515656,25.49001582,51.45882898,10.0,1784710101485,56.66,1.0
35.1166,4.196824,30.957888,1868.3,False,147.3782,6.067234,307.9327,302,1784710101.90455,25.49001582,51.45882898,10.0,1784710101485,56.66,1.0
35.07514,4.263758,31.055856,1871.44,False,149.5519,6.081719,307.7156,302,1784710102.2225237,25.48998478,51.45890338,10.1,1784710102494,57.67,1.0
35.15963,4.156153,31.153824,1873.01,False,146.1288,6.093965,307.3549,303,1784710102.5008874,25.48998478,51.45890338,10.1,1784710102494,57.67,1.0
35.06775,4.398231,31.251792,1876.15,False,154.2361,6.10804,307.1607,303,1784710102.881688,25.48998478,51.45890338,10.1,1784710102494,57.67,1.0
35.03442,4.338455,31.251792,1879.29,False,151.9953,6.1221,306.9682,303,1784710103.162521,25.48998478,51.45890338,10.1,1784710102494,57.67,1.0
35.10042,4.339481,31.34976,1882.43,False,152.3176,6.135619,306.8036,304,1784710103.4813852,25.48995503,51.45897703,10.0,1784710103495,58.67,1.0
35.02841,4.399801,31.447728,1885.57,False,154.118,6.149117,306.6408,304,1784710103.8709495,25.48995503,51.45897703,10.0,1784710103495,58.67,1.0
35.09043,4.203293,31.545696,1888.71,False,147.4954,6.163053,306.4569,304,1784710104.1417823,25.48995503,51.45897703,10.0,1784710103495,58.67,1.0
35.03686,4.284477,31.545696,1890.28,False,150.1146,6.176902,306.024,305,1784710104.881253,25.48992354,51.4590484,10.0,1784710104504,59.68,1.0
35.08073,4.245618,31.643664,1893.42,False,148.9394,6.189782,305.8945,305,1784710105.0720234,25.48992354,51.4590484,10.0,1784710104504,59.68,1.0
35.21164,3.956804,31.741632,1896.56,False,139.3256,6.20286,305.7557,305,1784710105.5235124,25.48988663,51.45911369,10.0,1784710105516,60.69,1.0
35.12144,4.144608,31.741632,1899.7,False,145.5646,6.214931,305.6671,306,1784710105.5235124,25.48988663,51.45911369,10.0,1784710105516,60.69,1.0
35.02685,4.385338,31.8396,1901.27,False,153.6046,6.227743,305.2904,306,1784710105.945937,25.48988663,51.45911369,10.0,1784710105516,60.69,1.0
35.11476,4.186437,31.937568,1904.41,False,147.0057,6.2401,305.189,306,1784710106.4100642,25.48983534,51.45919212,10.1,1784710106521,61.7,1.0
35.09663,4.2941,31.937568,1907.55,False,150.7084,6.251911,305.1147,307,1784710106.435022,25.48983534,51.45919212,10.1,1784710106521,61.7,1.0
35.10707,4.166512,32.035536,1909.12,False,146.274,6.263551,304.7983,307,1784710106.8232365,25.48983534,51.45919212,10.1,1784710106521,61.7,1.0
35.0878,4.245715,32.035536,1912.26,False,148.9728,6.277094,304.641,307,1784710107.2395744,25.48983534,51.45919212,10.1,1784710106521,61.7,1.0
35.11922,4.207033,32.133504,1915.4,False,147.7477,6.289266,304.5506,307,1784710107.2395744,25.48983534,51.45919212,10.1,1784710106521,61.7,1.0
35.13375,4.141676,32.231472,1918.54,False,145.5126,6.302272,304.4204,308,1784710107.6731174,25.48979453,51.45925862,10.3,1784710107535,62.71,1.0
35.07843,4.297241,32.231472,1920.11,False,150.7405,6.314625,304.0735,308,1784710108.0551703,25.48979453,51.45925862,10.3,1784710107535,62.71,1.0
35.09837,4.217084,32.32944,1923.25,False,148.0128,6.328787,303.8892,308,1784710108.2415812,25.48979453,51.45925862,10.3,1784710107535,62.71,1.0
35.10381,4.298037,32.427408,1926.39,False,150.8775,6.341334,303.7831,309,1784710108.472219,25.48974911,51.45932458,10.53,1784710108548,63.72,1.0
35.09197,4.279088,32.427408,1929.53,False,150.1616,6.355673,303.5918,309,1784710108.9317474,25.48974911,51.45932458,10.53,1784710108548,63.72,1.0
35.00298,4.431244,32.525376,1932.67,False,155.1067,6.368996,303.4497,309,1784710109.1305978,25.48974911,51.45932458,10.53,1784710108548,63.72,1.0
35.03444,4.460869,32.623344,1935.81,False,156.284,6.382442,303.3024,310,1784710109.4570203,25.48969061,51.45937933,10.8,1784710109551,64.73,1.0
35.05613,4.319106,32.623344,1938.95,False,151.4111,6.397074,303.0995,310,1784710109.9344494,25.48969061,51.45937933,10.8,1784710109551,64.73,1.0
35.04027,4.310151,32.721312,1940.52,False,151.0289,6.410055,302.7306,310,1784710110.1286497,25.48969061,51.45937933,10.8,1784710109551,64.73,1.0
35.1418,4.153541,32.81928,1943.66,False,145.9629,6.423384,302.5913,311,1784710110.42209,25.48959772,51.45943562,11.0,1784710110566,65.74,1.0
35.08412,4.300218,32.81928,1946.8,False,150.8694,6.436792,302.4488,311,1784710110.7518556,25.48959772,51.45943562,11.0,1784710110566,65.74,1.0
35.0645,4.418925,32.917248,1949.94,False,154.9474,6.451104,302.2645,311,1784710111.1324315,25.48959772,51.45943562,11.0,1784710110566,65.74,1.0
35.09539,4.337708,33.015216,1953.08,False,152.2336,6.465704,302.0676,312,1784710111.4230654,25.48954911,51.45946546,11.1,1784710111579,66.76,1.0
35.06902,4.251198,33.015216,1956.22,False,149.0853,6.480145,301.879,312,1784710111.981999,25.48954911,51.45946546,11.1,1784710111579,66.76,1.0
35.0606,4.31882,33.113184,1959.36,False,151.4204,6.494079,301.7148,312,1784710112.1728032,25.48954911,51.45946546,11.1,1784710111579,66.76,1.0
35.00261,4.507576,33.211152,1962.5,False,157.7769,6.506683,301.613,313,1784710112.3923998,25.48945515,51.45952354,11.4,1784710112589,67.77,1.0
35.07947,4.315997,33.211152,1965.64,False,151.4029,6.520837,301.4398,313,1784710112.72116,25.48945515,51.45952354,11.4,1784710112589,67.77,1.0
35.05438,4.355601,33.30912,1968.78,False,152.6829,6.534497,301.2902,313,1784710113.102265,25.48945515,51.45952354,11.4,1784710112589,67.77,1.0
35.16138,4.137236,33.407088,1971.92,False,145.4709,6.548049,301.1462,314,1784710113.3821187,25.48945515,51.45952354,11.4,1784710112589,67.77,1.0
35.03147,4.391265,33.407088,1975.06,False,153.8325,6.561672,300.9995,314,1784710113.702312,25.4893852,51.45956944,11.4,1784710113603,68.78,1.0
35.10565,4.230065,33.505056,1976.63,False,148.4992,6.574858,300.6346,314,1784710114.1223178,25.4893852,51.45956944,11.4,1784710113603,68.78,1.0
35.13052,4.160812,33.505056,1979.77,False,146.1715,6.586804,300.5661,315,1784710114.3125308,25.4893852,51.45956944,11.4,1784710113603,68.78,1.0
36.60354,0.07242315,33.505056,1982.91,False,2.650944,6.587048,301.0317,315,1784710114.6421096,25.48930975,51.45959962,11.3,1784710114605,69.78,1.0
36.56327,0.07288422,33.407088,1986.05,False,2.664885,6.587306,301.4965,315,1784710115.022956,25.48930975,51.45959962,11.3,1784710114605,69.78,1.0
36.52175,0.07055513,33.30912,1989.19,False,2.576797,6.587535,301.9627,316,1784710115.312562,25.48930975,51.45959962,11.3,1784710114605,69.78,1.0
36.59745,0.09006391,33.211152,1992.33,False,3.296109,6.587829,302.4259,316,1784710115.64165,25.48923222,51.45963231,11.2,1784710115619,70.8,1.0
36.58065,0.08502049,33.211152,1995.47,False,3.110105,6.588109,302.8896,316,1784710116.132541,25.48923222,51.45963231,11.2,1784710115619,70.8,1.0
36.58779,0.09006926,33.113184,1998.61,False,3.295435,6.588409,303.3524,316,1784710116.3242235,25.48923222,51.45963231,11.2,1784710115619,70.8,1.0
36.58231,0.07359476,33.015216,2001.75,False,2.692266,6.588639,303.8184,317,1784710116.6021118,25.48915982,51.45966727,11.1,1784710116633,71.81,1.0
36.58447,0.0770299,33.015216,2003.32,False,2.818098,6.588866,304.0463,317,1784710117.061851,25.48915982,51.45966727,11.1,1784710116633,71.81,1.0
36.58613,0.09803186,32.917248,2006.46,False,3.586606,6.589151,304.5096,317,1784710117.2553377,25.48915982,51.45966727,11.1,1784710116633,71.81,1.0
36.56264,0.08955602,32.81928,2009.6,False,3.274405,6.589467,304.9716,318,1784710117.522148,25.48907143,51.45971999,10.8,1784710117642,72.82,1.0
36.57858,0.08984018,32.81928,2012.74,False,3.286226,6.589742,305.4353,318,1784710117.822106,25.48907143,51.45971999,10.8,1784710117642,72.82,1.0
36.60881,0.08580954,32.721312,2015.88,False,3.141385,6.590022,305.8988,318,1784710118.2923262,25.48907143,51.45971999,10.8,1784710117642,72.82,1.0
36.55435,0.06722172,32.623344,2017.45,False,2.457246,6.590226,306.1276,319,1784710118.4837542,25.48907143,51.45971999,10.8,1784710117642,72.82,1.0
36.58447,0.09439346,32.623344,2020.59,False,3.453335,6.590496,306.5915,319,1784710118.7242267,25.48900698,51.45975872,10.6,1784710118651,73.83,1.0
36.58907,0.0906632,32.525376,2023.73,False,3.317282,6.590787,307.0544,319,1784710119.222649,25.48900698,51.45975872,10.6,1784710118651,73.83,1.0
36.60191,0.08369979,32.427408,2026.87,False,3.063572,6.591052,307.5184,320,1784710119.4130225,25.4889453,51.45980227,10.4,1784710119657,74.83,1.0
36.51614,0.08735252,32.427408,2028.44,False,3.189777,6.591301,307.745,320,1784710119.6317284,25.4889453,51.45980227,10.4,1784710119657,74.83,1.0
36.58606,0.07856361,32.32944,2031.58,False,2.874333,6.591578,308.2084,320,1784710120.033232,25.4889453,51.45980227,10.4,1784710119657,74.83,1.0
36.58454,0.07209135,32.231472,2034.72,False,2.637429,6.5918,308.6744,320,1784710120.2820995,25.4889453,51.45980227,10.4,1784710119657,74.83,1.0
36.61092,0.07232974,32.133504,2037.86,False,2.648058,6.592052,309.1389,321,1784710120.621445,25.48888414,51.45986359,10.3,1784710120667,75.84,1.0
36.57511,0.07263365,32.133504,2041.0,False,2.656584,6.592308,309.6033,321,1784710121.142445,25.48888414,51.45986359,10.3,1784710120667,75.84,1.0
36.54989,0.08149222,32.035536,2042.57,False,2.978532,6.592545,309.8303,321,1784710121.331703,25.48888414,51.45986359,10.3,1784710120667,75.84,1.0
36.59757,0.06974722,31.937568,2045.71,False,2.552579,6.592749,310.297,322,1784710121.544388,25.48880544,51.45993574,9.97,1784710121678,76.86,1.0
36.57146,0.06748257,31.937568,2048.85,False,2.467936,6.59296,310.7633,322,1784710121.852129,25.48880544,51.45993574,9.97,1784710121678,76.86,1.0
36.57647,0.07761439,31.8396,2051.99,False,2.83886,6.593209,311.2278,322,1784710122.231794,25.48880544,51.45993574,9.97,1784710121678,76.86,1.0
36.60481,0.07781073,31.741632,2053.56,False,2.848247,6.593466,311.4538,323,1784710122.4924643,25.48880544,51.45993574,9.97,1784710121678,76.86,1.0
36.57346,0.0777457,31.741632,2056.7,False,2.843429,6.593692,311.9193,323,1784710122.782453,25.48874059,51.45998389,9.6,1784710122692,77.87,1.0
36.55987,0.08170307,31.643664,2059.84,False,2.987054,6.593934,312.3841,323,1784710123.1629674,25.48874059,51.45998389,9.6,1784710122692,77.87,1.0
36.59693,0.08219673,31.545696,2061.41,False,3.008148,6.594207,312.6092,324,1784710123.393307,25.48874059,51.45998389,9.6,1784710122692,77.87,1.0
36.5926,0.07770176,31.545696,2064.55,False,2.843309,6.594443,313.0742,324,1784710123.692121,25.48866882,51.46000796,9.24,1784710123703,78.88,1.0
36.60619,0.08217578,31.447728,2067.69,False,3.008142,6.594686,313.5388,324,1784710124.0828028,25.48866882,51.46000796,9.24,1784710123703,78.88,1.0
36.52686,0.08300232,31.447728,2069.26,False,3.031814,6.594928,313.7654,324,1784710124.2724864,25.48866882,51.46000796,9.24,1784710123703,78.88,1.0
36.56089,0.08727565,31.34976,2072.4,False,3.190875,6.595191,314.229,325,1784710124.5713196,25.48859807,51.46002515,8.88,1784710124717,79.89,1.0
36.57899,0.08232755,31.251792,2075.54,False,3.011459,6.595475,314.6915,325,1784710125.1819286,25.48859807,51.46002515,8.88,1784710124717,79.89,1.0
36.58378,0.06679167,31.251792,2078.68,False,2.443492,6.59568,315.1578,325,1784710125.372571,25.48859807,51.46002515,8.88,1784710124717,79.89,1.0
36.58722,0.09866815,31.153824,2080.25,False,3.609993,6.596007,315.3802,326,1784710125.5622444,25.48859807,51.46002515,8.88,1784710124717,79.89,1.0
36.58169,0.08865802,31.055856,2083.39,False,3.24326,6.596311,315.8417,326,1784710125.872223,25.48848994,51.46002541,8.5,1784710125729,80.91,1.0
36.5418,0.08170569,31.055856,2086.53,False,2.985673,6.596572,316.3052,326,1784710126.772522,25.48841522,51.46001115,8.2,1784710126741,81.92,1.0
36.60315,0.07768318,30.957888,2089.67,False,2.843449,6.596806,316.77,327,1784710126.96258,25.48841522,51.46001115,8.2,1784710126741,81.92,1.0
36.5431,0.05993688,30.85992,2091.24,False,2.190279,6.596986,316.9993,327,1784710126.96258,25.48841522,51.46001115,8.2,1784710126741,81.92,1.0
36.56213,0.08149502,30.85992,2094.38,False,2.979632,6.597273,317.4615,327,1784710127.382651,25.48841522,51.46001115,8.2,1784710126741,81.92,1.0
36.57273,0.07480058,30.761952,2097.52,False,2.735661,6.597496,317.9267,328,1784710127.5725346,25.48834366,51.45998601,7.88,1784710127755,82.93,1.0
36.54764,0.0855605,30.663984,2099.09,False,3.127034,6.597743,318.1527,328,1784710127.7622766,25.48834366,51.45998601,7.88,1784710127755,82.93,1.0
36.58213,0.08689921,30.663984,2102.23,False,3.178958,6.59801,318.6158,328,1784710128.1722162,25.48834366,51.45998601,7.88,1784710127755,82.93,1.0
36.56269,0.08475022,30.566016,2105.37,False,3.098696,6.59831,319.0772,329,1784710128.8219645,25.48825511,51.45993862,7.7,1784710128755,83.93,1.0
36.56958,0.0709118,30.468048,2106.94,False,2.593215,6.598517,319.3051,329,1784710129.013019,25.48825511,51.45993862,7.7,1784710128755,83.93,1.0
36.55124,0.06966719,30.468048,2110.08,False,2.546422,6.598717,319.7713,329,1784710129.013019,25.48825511,51.45993862,7.7,1784710128755,83.93,1.0
36.57311,0.06896239,30.37008,2113.22,False,2.522169,6.598953,320.2356,329,1784710129.433419,25.48825511,51.45993862,7.7,1784710128755,83.93,1.0
36.588,0.09669004,30.272112,2114.79,False,3.537695,6.599295,320.457,330,1784710129.851032,25.48820888,51.45990886,7.7,1784710129758,84.94,1.0
36.60128,0.0741892,30.272112,2117.93,False,2.71542,6.599556,320.9201,330,1784710130.232467,25.48820888,51.45990886,7.7,1784710129758,84.94,1.0
36.57746,0.06560594,30.174144,2121.07,False,2.399699,6.599772,321.3853,330,1784710130.42242,25.48820888,51.45990886,7.7,1784710129758,84.94,1.0
36.59339,0.07566819,30.076176,2124.21,False,2.768956,6.600016,321.8492,331,1784710130.6129675,25.4881259,51.45985313,7.8,1784710130758,85.94,1.0
36.56543,0.07592774,30.076176,2125.78,False,2.77633,6.600234,322.0765,331,1784710130.8834212,25.4881259,51.45985313,7.8,1784710130758,85.94,1.0
36.60565,0.07415223,29.978208,2128.92,False,2.714391,6.600461,322.5411,331,1784710131.6724072,25.4881259,51.45985313,7.8,1784710130758,85.94,1.0
36.53109,0.07857388,29.88024,2132.06,False,2.870389,6.600715,323.0044,332,1784710131.8629732,25.48806785,51.45980565,7.9,1784710131774,86.95,1.0
36.59026,0.08554933,29.88024,2133.63,False,3.130272,6.60101,323.2278,332,1784710131.8629732,25.48806785,51.45980565,7.9,1784710131774,86.95,1.0
36.55206,0.08687693,29.782272,2136.77,False,3.175531,6.601298,323.6894,332,1784710132.283395,25.48806785,51.45980565,7.9,1784710131774,86.95,1.0
36.54417,0.08724942,29.684304,2139.91,False,3.188458,6.601553,324.1525,333,1784710132.7020547,25.48800829,51.45976412,8.2,1784710132788,87.96,1.0
36.54387,0.07641616,29.684304,2141.48,False,2.792542,6.601807,324.3779,333,1784710132.8927226,25.48800829,51.45976412,8.2,1784710132788,87.96,1.0
36.57531,0.08244078,29.586336,2144.62,False,3.015297,6.602062,324.8409,333,1784710133.2727692,25.48800829,51.45976412,8.2,1784710132788,87.96,1.0
36.55156,0.07735969,29.488368,2146.19,False,2.827617,6.602291,325.0675,334,1784710133.4641747,25.48800829,51.45976412,8.2,1784710132788,87.96,1.0
36.52186,0.08642825,29.488368,2149.33,False,3.15652,6.602575,325.5291,334,1784710133.705264,25.48794993,51.45972497,8.83,1784710133803,88.98,1.0
36.56495,0.08041726,29.3904,2152.47,False,2.940453,6.602827,325.9922,334,1784710134.1953838,25.48794993,51.45972497,8.83,1784710133803,88.98,1.0
36.57628,0.07573524,29.292432,2154.04,False,2.770113,6.603094,326.2168,335,1784710134.3832798,25.48794993,51.45972497,8.83,1784710133803,88.98,1.0
36.54769,0.09032251,29.292432,2157.18,False,3.301079,6.603363,326.679,335,1784710135.0624611,25.48787065,51.45967368,9.75,1784710134815,89.99,1.0
36.58278,0.08228993,29.194464,2160.32,False,3.010394,6.603617,327.1419,335,1784710135.68297,25.48787065,51.45967368,9.75,1784710134815,89.99,1.0
36.56532,0.08742574,29.194464,2161.89,False,3.19675,6.603874,327.3669,335,1784710136.6931324,25.4878151,51.45963582,10.47,1784710135828,91.0,1.0
36.58752,0.07708942,29.096496,2165.03,False,2.820511,6.6041,327.8312,336,1784710136.6936443,25.4878151,51.45963582,10.47,1784710135828,91.0,1.0
36.61222,0.08237749,28.998528,2166.6,False,3.016023,6.604366,328.0557,336,1784710136.6936443,25.4878151,51.45963582,10.47,1784710135828,91.0,1.0
36.56569,0.07875826,28.998528,2169.74,False,2.87985,6.604615,328.5188,336,1784710137.122784,25.48775602,51.45959453,11.15,1784710136840,92.02,1.0
36.55758,0.08974462,28.90056,2171.31,False,3.280846,6.604908,328.7419,337,1784710137.122784,25.48775602,51.45959453,11.15,1784710136840,92.02,1.0
36.58731,0.0694096,28.802592,2174.45,False,2.539511,6.605146,329.2054,337,1784710137.1237748,25.48775602,51.45959453,11.15,1784710136840,92.02,1.0
36.57007,0.08561417,28.802592,2177.59,False,3.130916,6.605424,329.667,337,1784710137.5422912,25.48775602,51.45959453,11.15,1784710136840,92.02,1.0
36.57565,0.07180444,28.704624,2179.16,False,2.626294,6.605649,329.8934,338,1784710137.5433404,25.48775602,51.45959453,11.15,1784710136840,92.02,1.0
36.55232,0.07342657,28.704624,2182.3,False,2.683911,6.605872,330.3576,338,1784710137.963663,25.48769903,51.45955658,11.69,1784710137853,93.03,1.0
36.58363,0.08599315,28.606656,2183.87,False,3.145942,6.606142,330.5818,338,1784710138.1527014,25.48769903,51.45955658,11.69,1784710137853,93.03,1.0
36.56887,0.08467797,28.508688,2187.01,False,3.096578,6.606426,331.0428,339,1784710138.652239,25.48769903,51.45955658,11.69,1784710137853,93.03,1.0
36.55722,0.07504888,28.508688,2190.15,False,2.743578,6.606668,331.506,339,1784710138.8411572,25.48769903,51.45955658,11.69,1784710137853,93.03,1.0
36.59321,0.08480146,28.41072,2191.72,False,3.103158,6.606921,331.7309,339,1784710139.0327616,25.48762471,51.45950196,12.38,1784710138863,94.04,1.0
36.58005,0.07306487,28.312752,2194.86,False,2.672717,6.60717,332.1937,340,1784710139.8332183,25.48762471,51.45950196,12.38,1784710138863,94.04,1.0
36.5421,0.08002571,28.312752,2198.0,False,2.924307,6.607443,332.6552,340,1784710139.8332183,25.48762471,51.45950196,12.38,1784710138863,94.04,1.0
36.57509,0.08362042,28.214784,2199.57,False,3.058424,6.607691,332.8803,340,1784710140.2823513,25.48756762,51.45946127,12.73,1784710139864,95.04,1.0
36.54198,0.07053862,28.214784,2201.14,False,2.577621,6.607893,333.1077,340,1784710140.7216022,25.48756762,51.45946127,12.73,1784710139864,95.04,1.0
36.55775,0.07942868,28.116816,2204.28,False,2.903734,6.608143,333.5703,341,1784710140.7216022,25.48756762,51.45946127,12.73,1784710139864,95.04,1.0
36.57748,0.07721538,28.018848,2207.42,False,2.824344,6.608396,334.0326,341,1784710141.1438832,25.48751483,51.45942,13.1,1784710140878,96.06,1.0
36.59092,0.09094269,28.018848,2208.99,False,3.327677,6.608713,334.2542,341,1784710141.3518755,25.48751483,51.45942,13.1,1784710140878,96.06,1.0
36.54792,0.08310388,27.92088,2212.13,False,3.037274,6.608967,334.7165,342,1784710141.7811682,25.48745573,51.4593798,13.4,1784710141891,97.07,1.0
36.58442,0.1009444,27.822912,2213.7,False,3.692992,6.609323,334.936,342,1784710141.972957,25.48745573,51.4593798,13.4,1784710141891,97.07,1.0
36.59761,0.06880528,27.822912,2216.84,False,2.518109,6.609559,335.3991,342,1784710142.3617,25.48745573,51.4593798,13.4,1784710141891,97.07,1.0
36.58341,0.06851876,27.724944,2219.98,False,2.50665,6.609786,335.8626,343,1784710142.5514584,25.48745573,51.4593798,13.4,1784710141891,97.07,1.0
36.57878,0.06681765,27.626976,2221.55,False,2.444108,6.609985,336.09,343,1784710142.823608,25.48740088,51.45933786,13.65,1784710142906,98.08,1.0
36.60366,0.08009812,27.626976,2224.69,False,2.931884,6.610235,336.5523,343,1784710143.3476334,25.48740088,51.45933786,13.65,1784710142906,98.08,1.0
36.58769,0.07483045,27.529008,2226.26,False,2.737873,6.610466,336.7781,344,1784710143.5328374,25.48740088,51.45933786,13.65,1784710142906,98.08,1.0
36.57596,0.07496006,27.529008,2227.83,False,2.741736,6.610684,337.0045,344,1784710143.7361114,25.48740088,51.45933786,13.65,1784710142906,98.08,1.0
36.56372,0.07196036,27.43104,2230.97,False,2.631138,6.610926,337.4671,344,1784710144.2221153,25.48732928,51.45928728,14.09,1784710143907,99.08,1.0
36.55539,0.06609234,27.333072,2234.11,False,2.416031,6.61114,337.9311,345,1784710144.412125,25.48732928,51.45928728,14.09,1784710143907,99.08,1.0
36.56443,0.07090385,27.333072,2235.68,False,2.592559,6.61139,338.1558,345,1784710144.8717556,25.48727056,51.45925285,14.5,1784710144919,100.1,1.0
36.58086,0.07886132,27.235104,2238.82,False,2.884815,6.611622,338.6189,345,1784710145.0667472,25.48727056,51.45925285,14.5,1784710144919,100.1,1.0
36.54292,0.1012701,27.137136,2240.39,False,3.700705,6.611977,338.8381,346,1784710145.4637258,25.48727056,51.45925285,14.5,1784710144919,100.1,1.0
36.54456,0.08439218,27.137136,2243.53,False,3.084075,6.612272,339.2979,346,1784710145.694558,25.48727056,51.45925285,14.5,1784710144919,100.1,1.0
36.58709,0.06807192,27.039168,2246.67,False,2.490553,6.612493,339.7614,346,1784710146.0236928,25.48720988,51.45921307,14.9,1784710145922,101.1,1.0
36.59529,0.07790426,26.9412,2248.24,False,2.850929,6.612727,339.9868,347,1784710146.4029002,25.48720988,51.45921307,14.9,1784710145922,101.1,1.0
36.53805,0.09055591,26.9412,2249.81,False,3.308736,6.612992,340.2106,347,1784710146.6091275,25.48720988,51.45921307,14.9,1784710145922,101.1,1.0
36.53745,0.0939471,26.843232,2252.95,False,3.432587,6.613291,340.67,347,1784710146.9123518,25.48715588,51.45917554,15.1,1784710146934,102.11,1.0
36.57835,0.07203737,26.843232,2254.52,False,2.635008,6.613518,340.8957,347,1784710147.7329884,25.48715588,51.45917554,15.1,1784710146934,102.11,1.0
36.57151,0.08787126,26.745264,2257.66,False,3.213585,6.613818,341.355,348,1784710147.7329884,25.48715588,51.45917554,15.1,1784710146934,102.11,1.0
36.55212,0.09231272,26.647296,2259.23,False,3.374226,6.6141,341.5778,348,1784710148.1727638,25.48710389,51.45912894,15.2,1784710147950,103.13,1.0
36.59215,0.073522,26.647296,2262.37,False,2.690328,6.614354,342.0394,348,1784710148.6060982,25.48710389,51.45912894,15.2,1784710147950,103.13,1.0
36.54292,0.08719215,26.549328,2265.51,False,3.186256,6.614664,342.4981,349,1784710148.6060982,25.48710389,51.45912894,15.2,1784710147950,103.13,1.0
36.56145,0.07176005,26.549328,2267.08,False,2.623651,6.614889,342.7238,349,1784710149.1630204,25.48703878,51.45905672,15.2,1784710148962,104.14,1.0
36.5576,0.07051828,26.45136,2268.65,False,2.577979,6.615097,342.9504,349,1784710149.1630204,25.48703878,51.45905672,15.2,1784710148962,104.14,1.0
36.58013,0.08362052,26.353392,2271.79,False,3.058849,6.615387,343.41,350,1784710149.5849054,25.48703878,51.45905672,15.2,1784710148962,104.14,1.0
36.56579,0.07514998,26.353392,2273.36,False,2.747918,6.615625,343.635,350,1784710150.0341754,25.48699526,51.45899311,15.17,1784710149977,105.15,1.0
36.55046,0.07256153,26.255424,2276.5,False,2.652157,6.61588,344.0963,350,1784710150.2294433,25.48699526,51.45899311,15.17,1784710149977,105.15,1.0
36.57798,0.08346148,26.157456,2278.07,False,3.052852,6.616138,344.3202,351,1784710150.6009884,25.48699526,51.45899311,15.17,1784710149977,105.15,1.0
36.53621,0.07892741,26.157456,2281.21,False,2.883708,6.61638,344.7822,351,1784710150.7844117,25.48699526,51.45899311,15.17,1784710149977,105.15,1.0
36.59258,0.07718702,26.059488,2282.78,False,2.824472,6.616638,345.006,351,1784710151.0762336,25.48696206,51.45892733,15.0,1784710150989,106.17,1.0
36.57232,0.08650979,26.059488,2285.92,False,3.163864,6.616911,345.4663,352,1784710151.4884882,25.48696206,51.45892733,15.0,1784710150989,106.17,1.0
36.58287,0.07899004,25.96152,2287.49,False,2.889682,6.617191,345.689,352,1784710151.737913,25.48696206,51.45892733,15.0,1784710150989,106.17,1.0
36.59065,0.06940866,25.863552,2290.63,False,2.539708,6.617423,346.1514,352,1784710152.0778816,25.48693311,51.4588553,14.8,1784710152002,107.18,1.0
36.56819,0.07645599,25.863552,2292.2,False,2.795857,6.617674,346.3755,353,1784710152.8594298,25.48693311,51.4588553,14.8,1784710152002,107.18,1.0
36.53856,0.08368959,25.765584,2295.34,False,3.057897,6.617914,346.8374,353,1784710153.0630596,25.48691404,51.45878521,14.6,1784710153015,108.19,1.0
36.59783,0.09522584,25.765584,2296.91,False,3.485059,6.618231,347.058,353,1784710153.0630596,25.48691404,51.45878521,14.6,1784710153015,108.19,1.0
36.6086,0.0665725,25.667616,2300.05,False,2.437126,6.618436,347.5217,354,1784710153.483126,25.48691404,51.45878521,14.6,1784710153015,108.19,1.0
36.56326,0.09158957,25.569648,2301.62,False,3.348813,6.618712,347.7444,354,1784710153.9032974,25.48690129,51.45871519,14.37,1784710154018,109.2,1.0
36.52154,0.07234492,25.569648,2303.19,False,2.642148,6.618931,347.9701,354,1784710154.0927196,25.48690129,51.45871519,14.37,1784710154018,109.2,1.0
36.59129,0.07402737,25.47168,2306.33,False,2.708757,6.619174,348.4317,354,1784710154.4728694,25.48690129,51.45871519,14.37,1784710154018,109.2,1.0
36.53266,0.0785367,25.47168,2307.9,False,2.869155,6.619426,348.6556,355,1784710154.663271,25.48690129,51.45871519,14.37,1784710154018,109.2,1.0
36.56574,0.08646719,25.373712,2309.47,False,3.161737,6.619701,348.8783,355,1784710154.8730235,25.48689615,51.45861594,14.0,1784710155030,110.21,1.0
36.57672,0.08256338,25.275744,2312.61,False,3.019898,6.619989,349.3374,355,1784710155.1929018,25.48689615,51.45861594,14.0,1784710155030,110.21,1.0
36.55538,0.09297894,25.275744,2314.18,False,3.39888,6.620298,349.5583,356,1784710155.5830915,25.48689615,51.45861594,14.0,1784710155030,110.21,1.0
36.57672,0.06746003,25.177776,2317.32,False,2.467467,6.620518,350.021,356,1784710155.8541777,25.48689615,51.45861594,14.0,1784710155030,110.21,1.0
36.58075,0.06695398,25.079808,2318.89,False,2.449227,6.620749,350.2459,356,1784710156.1952024,25.48689987,51.45854164,13.8,1784710156043,111.22,1.0
36.57389,0.06624102,25.079808,2322.03,False,2.422692,6.620984,350.7077,357,1784710156.5724683,25.48689987,51.45854164,13.8,1784710156043,111.22,1.0
36.52876,0.07942285,24.98184,2323.6,False,2.901218,6.621233,350.9316,357,1784710157.2427883,25.48690667,51.45846959,13.57,1784710157055,112.23,1.0
36.58886,0.08329228,24.98184,2326.74,False,3.04757,6.62152,351.3906,357,1784710157.4337842,25.48690667,51.45846959,13.57,1784710157055,112.23,1.0
36.55825,0.08109703,24.883872,2328.31,False,2.964765,6.621777,351.6141,358,1784710157.852392,25.48690667,51.45846959,13.57,1784710157055,112.23,1.0
36.56766,0.08214972,24.785904,2331.45,False,3.004023,6.622042,352.0742,358,1784710157.852392,25.48690667,51.45846959,13.57,1784710157055,112.23,1.0
36.55728,0.08804467,24.785904,2333.02,False,3.218674,6.622321,352.2964,358,1784710158.2651038,25.48691924,51.45840536,13.4,1784710158068,113.24,1.0
36.59637,0.0783216,24.687936,2334.59,False,2.866286,6.622589,352.5192,359,1784710158.6367702,25.48691924,51.45840536,13.4,1784710158068,113.24,1.0
36.51378,0.08628328,24.687936,2337.73,False,3.150529,6.622841,352.9799,359,1784710158.82148,25.48691924,51.45840536,13.4,1784710158068,113.24,1.0
36.55672,0.08123885,24.589968,2339.3,False,2.969826,6.623076,353.2045,359,1784710159.0291617,25.48693389,51.45834478,13.2,1784710159082,114.26,1.0
36.59166,0.07767001,24.589968,2340.87,False,2.842075,6.623304,353.4293,360,1784710160.019575,25.48693389,51.45834478,13.2,1784710159082,114.26,1.0
36.55509,0.07081392,24.492,2344.01,False,2.588609,6.623526,353.8916,360,1784710160.604047,25.48694952,51.45826314,13.23,1784710160094,115.27,1.0
36.54607,0.08656609,24.394032,2345.58,False,3.16365,6.623778,354.1151,360,1784710160.6050806,25.48694952,51.45826314,13.23,1784710160094,115.27,1.0
36.60575,0.0712864,24.394032,2347.15,False,2.609492,6.624022,354.3391,360,1784710161.622876,25.48694952,51.45826314,13.23,1784710160094,115.27,1.0
36.52697,0.06927393,24.296064,2350.29,False,2.530367,6.624256,354.8006,361,1784710161.62388,25.48694952,51.45826314,13.23,1784710160094,115.27,1.0
36.61043,0.08822915,24.296064,2351.86,False,3.230107,6.624515,355.0237,361,1784710161.62388,25.48694952,51.45826314,13.23,1784710160094,115.27,1.0
36.57397,0.08038125,24.198096,2353.43,False,2.939861,6.624782,355.2464,361,1784710162.0432832,25.48696383,51.45820118,13.37,1784710161094,116.27,1.0
36.53911,0.0835302,24.100128,2356.57,False,3.052119,6.625057,355.7056,362,1784710162.0432832,25.48696383,51.45820118,13.37,1784710161094,116.27,1.0
36.59913,0.06380954,24.100128,2358.14,False,2.335374,6.625284,355.9304,362,1784710162.0432832,25.48696383,51.45820118,13.37,1784710161094,116.27,1.0
36.5704,0.07952015,24.00216,2359.71,False,2.908084,6.625519,356.1547,362,1784710162.4553204,25.48697491,51.45813784,13.5,1784710162111,117.29,1.0
36.57199,0.08501481,24.00216,2362.85,False,3.109161,6.62579,356.6141,363,1784710162.863138,25.48697491,51.45813784,13.5,1784710162111,117.29,1.0
36.55096,0.07107477,23.904192,2364.42,False,2.597851,6.626038,356.8377,363,1784710162.863138,25.48697491,51.45813784,13.5,1784710162111,117.29,1.0
36.55004,0.08307496,23.904192,2365.99,False,3.036393,6.626288,357.0611,363,1784710163.269873,25.48698397,51.45807526,13.65,1784710163124,118.3,1.0
36.55766,0.08930184,23.806224,2369.13,False,3.264666,6.626597,357.5183,364,1784710163.6371846,25.48698397,51.45807526,13.65,1784710163124,118.3,1.0
36.57863,0.07093349,23.708256,2370.7,False,2.59465,6.626829,357.7427,364,1784710163.8207755,25.48698397,51.45807526,13.65,1784710163124,118.3,1.0
36.56381,0.07125627,23.708256,2373.84,False,2.605401,6.627054,358.2044,364,1784710164.5298345,25.48699289,51.45801188,13.8,1784710164138,119.32,1.0
36.5758,0.09076052,23.610288,2375.41,False,3.319639,6.627324,358.4267,365,1784710164.714657,25.48699289,51.45801188,13.8,1784710164138,119.32,1.0
36.54333,0.08547333,23.610288,2376.98,False,3.12348,6.627569,358.6504,365,1784710164.714657,25.48699289,51.45801188,13.8,1784710164138,119.32,1.0
36.58783,0.07044531,23.51232,2378.55,False,2.577441,6.627798,358.8748,365,1784710165.122506,25.48699289,51.45801188,13.8,1784710164138,119.32,1.0
36.55442,0.07664617,23.414352,2381.69,False,2.801756,6.628054,359.3347,366,1784710165.315436,25.48699937,51.45793191,14.1,1784710165148,120.32,1.0
36.60671,0.08049311,23.414352,2383.26,False,2.946588,6.628328,359.5567,366,1784710165.7238662,25.48699937,51.45793191,14.1,1784710165148,120.32,1.0
36.58906,0.08103508,23.316384,2384.83,False,2.964997,6.628583,359.7798,366,1784710165.9592338,25.48699937,51.45793191,14.1,1784710165148,120.32,1.0
36.57657,0.08294608,23.316384,2387.97,False,3.033883,6.628872,360.2378,367,1784710166.3065608,25.4870074,51.45786881,14.3,1784710166163,121.34,1.0
36.58218,0.07863373,23.218416,2389.54,False,2.876593,6.629105,360.4619,367,1784710166.6737142,25.4870074,51.45786881,14.3,1784710166163,121.34,1.0
36.55755,0.07907021,23.218416,2391.11,False,2.890613,6.629374,360.6841,367,1784710166.9310508,25.4870074,51.45786881,14.3,1784710166163,121.34,1.0
36.57216,0.08028433,23.120448,2394.25,False,2.936171,6.629615,361.1447,367,1784710167.2251544,25.48701836,51.45781117,14.43,1784710167173,122.35,1.0
36.55874,0.08280354,23.02248,2395.82,False,3.027193,6.629904,361.3657,368,1784710167.605977,25.48701836,51.45781117,14.43,1784710167173,122.35,1.0
36.57598,0.07455632,23.02248,2397.39,False,2.72697,6.630139,361.5897,368,1784710167.8777325,25.48701836,51.45781117,14.43,1784710167173,122.35,1.0
36.61502,0.06403712,22.924512,2400.53,False,2.34472,6.630364,362.051,368,1784710168.2330468,25.4870372,51.45775034,14.6,1784710168187,123.36,1.0
36.59137,0.07572752,22.924512,2402.1,False,2.770974,6.630594,362.2752,369,1784710168.7328382,25.4870372,51.45775034,14.6,1784710168187,123.36,1.0
36.5711,0.09315887,22.826544,2403.67,False,3.406922,6.630895,362.4956,369,1784710168.9635854,25.4870494,51.45769345,14.6,1784710169196,124.37,1.0
36.57422,0.07989533,22.728576,2405.24,False,2.922109,6.63115,362.7184,369,1784710169.1616924,25.4870494,51.45769345,14.6,1784710169196,124.37,1.0
36.55763,0.07526906,22.728576,2408.38,False,2.751658,6.631405,363.1779,370,1784710169.5739818,25.4870494,51.45769345,14.6,1784710169196,124.37,1.0
36.55322,0.08261834,22.630608,2409.95,False,3.019966,6.631679,363.3997,370,1784710169.8334944,25.4870494,51.45769345,14.6,1784710169196,124.37,1.0
36.54716,0.06815651,22.630608,2411.52,False,2.490927,6.631912,363.6236,370,1784710170.1623473,25.48706947,51.45763444,14.5,1784710170211,125.39,1.0
36.55391,0.0865192,22.53264,2414.66,False,3.162615,6.63222,364.0802,371,1784710170.5932045,25.48706947,51.45763444,14.5,1784710170211,125.39,1.0
36.58341,0.07690944,22.434672,2416.23,False,2.81361,6.632494,364.3019,371,1784710171.253338,25.48708924,51.45757686,14.4,1784710171223,126.4,1.0
36.53903,0.08885519,22.434672,2417.8,False,3.246682,6.632753,364.5244,371,1784710171.4434285,25.48708924,51.45757686,14.4,1784710171223,126.4,1.0
36.56894,0.08561814,22.336704,2419.37,False,3.130965,6.633008,364.747,372,1784710171.8631954,25.48708924,51.45757686,14.4,1784710171223,126.4,1.0
36.61463,0.06836688,22.336704,2422.51,False,2.503228,6.633252,365.207,372,1784710171.8631954,25.48708924,51.45757686,14.4,1784710171223,126.4,1.0
36.59078,0.07198893,22.238736,2424.08,False,2.634131,6.633487,365.4307,372,1784710172.283477,25.48710086,51.45751896,14.3,1784710172236,127.41,1.0
36.59841,0.07490459,22.238736,2425.65,False,2.741389,6.633749,365.653,373,1784710172.6645043,25.48710086,51.45751896,14.3,1784710172236,127.41,1.0
36.58822,0.07233092,22.140768,2428.79,False,2.64646,6.633976,366.1138,373,1784710172.853156,25.48710086,51.45751896,14.3,1784710172236,127.41,1.0
36.59414,0.06942262,22.0428,2430.36,False,2.540461,6.63418,366.3392,373,1784710173.4637885,25.48711225,51.45744475,14.2,1784710173247,128.42,1.0
36.58259,0.0746744,22.0428,2431.93,False,2.731783,6.634403,366.5635,374,1784710173.6533418,25.48711225,51.45744475,14.2,1784710173247,128.42,1.0
36.5908,0.07317324,21.944832,2433.5,False,2.677467,6.634637,366.7872,374,1784710174.0744278,25.48711225,51.45744475,14.2,1784710173247,128.42,1.0
35.05889,4.234537,22.140768,2435.07,False,148.4582,6.648551,366.2557,374,1784710174.0744278,25.48711225,51.45744475,14.2,1784710173247,128.42,1.0
35.04025,4.398384,22.238736,2438.21,False,154.1205,6.663278,365.9175,375,1784710174.493353,25.48712299,51.45738509,14.2,1784710174259,129.44,1.0
35.04439,4.402044,22.434672,2439.78,False,154.2669,6.676073,365.4514,375,1784710174.8736143,25.48712299,51.45738509,14.2,1784710174259,129.44,1.0
35.02683,4.414196,22.53264,2441.35,False,154.6153,6.691111,364.8647,375,1784710175.1124735,25.48713562,51.45732545,14.1,1784710175272,130.45,1.0
35.04608,4.278296,22.728576,2444.49,False,149.9375,6.705234,364.5645,376,1784710175.3342676,25.48713562,51.45732545,14.1,1784710175272,130.45,1.0
35.05797,4.296203,22.826544,2446.06,False,150.6162,6.719367,364.0313,376,1784710175.7132947,25.48713562,51.45732545,14.1,1784710175272,130.45,1.0
35.0564,4.267352,23.02248,2447.63,False,149.598,6.732071,363.5776,376,1784710175.9739068,25.48713562,51.45732545,14.1,1784710175272,130.45,1.0
35.04287,4.447364,23.120448,2450.77,False,155.8484,6.744974,363.3476,376,1784710176.2730694,25.48714447,51.45726657,14.1,1784710176286,131.46,1.0
35.04589,4.373916,23.218416,2452.34,False,153.2878,6.75764,362.8989,377,1784710176.663504,25.48714447,51.45726657,14.1,1784710176286,131.46,1.0
35.05372,4.363335,23.414352,2453.91,False,152.9511,6.771923,362.3653,377,1784710176.9737134,25.48714447,51.45726657,14.1,1784710176286,131.46,1.0
35.07863,4.247627,23.51232,2457.05,False,149.0009,6.785885,362.0825,377,1784710177.2474914,25.48715569,51.45720494,14.0,1784710177296,132.47,1.0
35.09052,4.210586,23.610288,2458.62,False,147.7517,6.79907,361.6112,378,1784710178.073214,25.48715569,51.45720494,14.0,1784710177296,132.47,1.0
35.11832,4.182172,23.806224,2460.19,False,146.8709,6.813229,361.0902,378,1784710178.073214,25.48715569,51.45720494,14.0,1784710177296,132.47,1.0
35.10137,4.270655,23.904192,2463.33,False,149.9058,6.825939,360.8778,378,1784710178.4928105,25.48716697,51.45714226,13.74,1784710178303,133.48,1.0
35.03284,4.387553,24.00216,2464.9,False,153.7084,6.838384,360.4507,379,1784710178.683494,25.48716697,51.45714226,13.74,1784710178303,133.48,1.0
35.0447,4.402299,24.100128,2466.47,False,154.2772,6.850445,360.0452,379,1784710179.1115713,25.48716697,51.45714226,13.74,1784710178303,133.48,1.0
35.16397,3.988448,24.198096,2469.61,False,140.2497,6.864004,359.7915,379,1784710179.3033152,25.4871836,51.45705973,13.4,1784710179313,134.49,1.0
35.09989,4.258862,24.394032,2471.18,False,149.4856,6.878123,359.2812,380,1784710179.4934194,25.4871836,51.45705973,13.4,1784710179313,134.49,1.0
35.07756,4.373722,24.492,2472.75,False,153.4195,6.891314,358.8213,380,1784710179.884943,25.4871836,51.45705973,13.4,1784710179313,134.49,1.0
35.08657,4.323567,24.589968,2475.89,False,151.6991,6.903898,358.622,380,1784710180.0833704,25.4871836,51.45705973,13.4,1784710179313,134.49,1.0
35.09169,4.21259,24.687936,2477.46,False,147.8269,6.915463,358.2493,381,1784710180.3646052,25.4871965,51.45700095,13.2,1784710180324,135.5,1.0
35.02562,4.517368,24.785904,2479.03,False,158.2236,6.929302,357.7604,381,1784710180.742864,25.4871965,51.45700095,13.2,1784710180324,135.5,1.0
35.06692,4.32879,24.883872,2482.17,False,151.7973,6.941781,357.5696,381,1784710180.9859126,25.4871965,51.45700095,13.2,1784710180324,135.5,1.0
35.07525,4.294569,25.079808,2483.74,False,150.6331,6.954802,357.1259,381,1784710181.2933145,25.48720826,51.45693852,13.0,1784710181337,136.51,1.0
35.08662,4.322948,25.177776,2485.31,False,151.6776,6.967941,356.6778,382,1784710181.7137182,25.48720826,51.45693852,13.0,1784710181337,136.51,1.0
35.06841,4.314055,25.275744,2488.45,False,151.287,6.981061,356.4573,382,1784710181.9137518,25.48720826,51.45693852,13.0,1784710181337,136.51,1.0
35.04353,4.445965,25.373712,2490.02,False,155.8023,6.996003,355.9204,382,1784710182.3224075,25.48722209,51.45687256,12.8,1784710182352,137.53,1.0
35.05994,4.326752,25.47168,2493.16,False,151.6957,7.009555,355.6802,383,1784710183.9628818,25.48723668,51.45680653,12.68,1784710183364,138.54,1.0
35.13016,4.195018,25.569648,2494.73,False,147.3717,7.021495,355.299,383,1784710184.1551898,25.48723668,51.45680653,12.68,1784710183364,138.54,1.0
35.14412,4.114855,25.667616,2497.87,False,144.613,7.035474,355.0393,383,1784710184.1561887,25.48723668,51.45680653,12.68,1784710183364,138.54,1.0
35.00549,4.399796,25.863552,2499.44,False,154.017,7.050351,354.5128,384,1784710184.1572,25.48723668,51.45680653,12.68,1784710183364,138.54,1.0
35.02085,4.406151,25.96152,2502.58,False,154.3072,7.064698,354.2374,384,1784710184.1572,25.48723668,51.45680653,12.68,1784710183364,138.54,1.0
35.06063,4.349444,26.059488,2504.15,False,152.4942,7.076928,353.847,384,1784710184.5823762,25.48724842,51.45671559,12.46,1784710184378,139.56,1.0
35.0669,4.356677,26.157456,2507.29,False,152.7752,7.090013,353.6369,385,1784710184.5823762,25.48724842,51.45671559,12.46,1784710184378,139.56,1.0
35.13489,4.184673,26.255424,2508.86,False,147.028,7.103676,353.1777,385,1784710185.00367,25.48724842,51.45671559,12.46,1784710184378,139.56,1.0
35.08551,4.291667,26.353392,2512.0,False,150.5753,7.116964,352.9595,385,1784710185.426221,25.48724842,51.45671559,12.46,1784710184378,139.56,1.0
35.13081,4.059292,26.45136,2513.57,False,142.6062,7.130416,352.5138,386,1784710185.613999,25.48726033,51.45664452,12.4,1784710185391,140.57,1.0
35.0763,4.24522,26.549328,2516.71,False,148.9066,7.144819,352.2427,386,1784710186.0761385,25.48726033,51.45664452,12.4,1784710185391,140.57,1.0
35.18409,4.058822,26.647296,2518.28,False,142.806,7.157689,351.8286,386,1784710186.2600732,25.48726033,51.45664452,12.4,1784710185391,140.57,1.0
35.02555,4.395087,26.745264,2521.42,False,153.9403,7.170712,351.6276,387,1784710186.4652712,25.48726338,51.45657172,12.5,1784710186401,141.58,1.0
35.05571,4.287106,26.843232,2522.99,False,150.2875,7.183475,351.2214,387,1784710186.9444366,25.48726338,51.45657172,12.5,1784710186401,141.58,1.0
35.05376,4.424026,26.9412,2526.13,False,155.0787,7.197963,350.9507,387,1784710187.1877556,25.48727358,51.45650055,12.7,1784710187407,142.58,1.0
35.03898,4.436727,27.039168,2527.7,False,155.4584,7.212072,350.4818,388,1784710187.436491,25.48727358,51.45650055,12.7,1784710187407,142.58,1.0
35.09413,4.248412,27.235104,2530.84,False,149.0943,7.226567,350.2133,388,1784710187.810346,25.48727358,51.45650055,12.7,1784710187407,142.58,1.0
35.05048,4.395857,27.235104,2533.98,False,154.0769,7.23907,350.0422,388,1784710188.0770586,25.48727358,51.45650055,12.7,1784710187407,142.58,1.0
35.04777,4.424157,27.43104,2535.55,False,155.0568,7.254172,349.5299,389,1784710188.461979,25.4872819,51.45642652,12.9,1784710188415,143.59,1.0
34.99372,4.479407,27.529008,2538.69,False,156.7511,7.267046,349.3428,389,1784710188.8976195,25.4872819,51.45642652,12.9,1784710188415,143.59,1.0
35.06152,4.358511,27.626976,2540.26,False,152.816,7.280494,348.9131,389,1784710189.0872602,25.4872819,51.45642652,12.9,1784710188415,143.59,1.0
35.03186,4.298394,27.626976,2543.4,False,150.5807,7.293096,348.7408,390,1784710189.3504727,25.48729127,51.45635818,13.0,1784710189428,144.6,1.0
35.07945,4.323968,27.724944,2544.97,False,151.6824,7.306047,348.3375,390,1784710189.7989798,25.48729127,51.45635818,13.0,1784710189428,144.6,1.0
35.10158,4.258915,27.822912,2548.11,False,149.4946,7.318302,348.1832,390,1784710190.409902,25.48730577,51.45626532,12.9,1784710190441,145.62,1.0
35.09033,4.279895,27.92088,2549.68,False,150.1829,7.331034,347.7927,390,1784710190.7142873,25.48730577,51.45626532,12.9,1784710190441,145.62,1.0
35.12131,4.164471,28.018848,2552.82,False,146.2617,7.344663,347.5748,391,1784710190.7152898,25.48730577,51.45626532,12.9,1784710190441,145.62,1.0
35.06828,4.284995,28.116816,2554.39,False,150.2674,7.358283,347.1448,391,1784710191.1222167,25.48730577,51.45626532,12.9,1784710190441,145.62,1.0
35.03667,4.38215,28.214784,2557.53,False,153.5359,7.372,346.9249,391,1784710191.5360374,25.487319,51.45619155,12.8,1784710191456,146.63,1.0
35.0687,4.360447,28.312752,2560.67,False,152.9152,7.386761,346.6567,392,1784710191.7200246,25.487319,51.45619155,12.8,1784710191456,146.63,1.0
35.0097,4.401098,28.41072,2562.24,False,154.0811,7.399147,346.2886,392,1784710192.0914752,25.487319,51.45619155,12.8,1784710191456,146.63,1.0
35.11545,4.237759,28.508688,2565.38,False,148.8108,7.412074,346.1083,392,1784710192.2762554,25.487319,51.45619155,12.8,1784710191456,146.63,1.0
34.98725,4.551349,28.606656,2568.52,False,159.2392,7.427037,345.8337,393,1784710192.51831,25.48732564,51.45612173,12.7,1784710192468,147.65,1.0
35.05836,4.350115,28.704624,2570.09,False,152.5079,7.439135,345.4824,393,1784710193.2893307,25.48732564,51.45612173,12.7,1784710192468,147.65,1.0
35.12062,4.13188,28.802592,2573.23,False,145.1142,7.452269,345.2948,393,1784710193.2893307,25.48732564,51.45612173,12.7,1784710192468,147.65,1.0
35.08461,4.179858,28.802592,2574.8,False,146.6487,7.464242,344.9513,394,1784710193.727946,25.48733483,51.45605612,12.5,1784710193477,148.65,1.0
35.11288,4.262002,28.90056,2577.94,False,149.6512,7.477103,344.7779,394,1784710194.1414132,25.48733483,51.45605612,12.5,1784710193477,148.65,1.0
35.07556,4.233963,28.998528,2579.51,False,148.5086,7.489035,344.4382,394,1784710194.1414132,25.48733483,51.45605612,12.5,1784710193477,148.65,1.0
35.01034,4.454862,29.096496,2582.65,False,155.9662,7.503432,344.1958,395,1784710194.56283,25.48733976,51.45596595,12.1,1784710194482,149.66,1.0
35.07922,4.262742,29.194464,2584.22,False,149.5337,7.515969,343.8306,395,1784710194.7537792,25.48733976,51.45596595,12.1,1784710194482,149.66,1.0
35.14799,4.05718,29.292432,2587.36,False,142.6017,7.528659,343.6681,395,1784710195.2029605,25.48733976,51.45596595,12.1,1784710194482,149.66,1.0
35.11243,4.201578,29.292432,2590.5,False,147.5276,7.541252,343.5106,395,1784710195.393772,25.48733426,51.45589648,11.8,1784710195493,150.67,1.0
34.94857,4.632459,29.3904,2592.07,False,161.8978,7.556328,343.033,396,1784710195.6238532,25.48733426,51.45589648,11.8,1784710195493,150.67,1.0
35.12893,4.19948,29.488368,2595.21,False,147.5232,7.568826,342.8814,396,1784710196.0048163,25.48733426,51.45589648,11.8,1784710195493,150.67,1.0
35.14563,4.18021,29.586336,2598.35,False,146.9161,7.582165,342.6924,396,1784710196.3842587,25.48733018,51.455824,11.5,1784710196503,151.68,1.0
35.12098,4.180254,29.684304,2599.92,False,146.8146,7.595188,342.3115,397,1784710196.5737782,25.48733018,51.455824,11.5,1784710196503,151.68,1.0
35.043,4.39627,29.782272,2603.06,False,154.0585,7.608977,342.1038,397,1784710196.9588778,25.48733018,51.455824,11.5,1784710196503,151.68,1.0
35.0373,4.357182,29.782272,2606.2,False,152.6639,7.622686,341.9005,397,1784710197.2270691,25.48733018,51.455824,11.5,1784710196503,151.68,1.0
34.98886,4.527503,29.88024,2607.77,False,158.4122,7.636094,341.5057,398,1784710197.5242236,25.4873158,51.45575385,11.3,1784710197516,152.69,1.0
34.98978,4.52922,29.978208,2610.91,False,158.4764,7.648842,341.3471,398,1784710197.958963,25.4873158,51.45575385,11.3,1784710197516,152.69,1.0
35.13544,4.074224,30.076176,2614.05,False,143.1497,7.661552,341.1907,398,1784710198.1439502,25.4873158,51.45575385,11.3,1784710197516,152.69,1.0
35.07336,4.288581,30.174144,2615.62,False,150.4149,7.673641,340.8577,399,1784710198.4393215,25.48729178,51.45568923,11.12,1784710198528,153.71,1.0
35.04582,4.460018,30.174144,2618.76,False,156.305,7.686868,340.6797,399,1784710198.9052365,25.48729178,51.45568923,11.12,1784710198528,153.71,1.0
35.09471,4.156345,30.272112,2620.33,False,145.8657,7.699002,340.3467,399,1784710199.09439,25.48729178,51.45568923,11.12,1784710198528,153.71,1.0
35.08022,4.331848,30.37008,2623.47,False,151.9622,7.711017,340.2236,400,1784710199.3139029,25.48724592,51.45560494,11.0,1784710199540,154.72,1.0
34.9993,4.484669,30.468048,2626.61,False,156.9603,7.725385,339.9973,400,1784710199.6443791,25.48724592,51.45560494,11.0,1784710199540,154.72,1.0
35.10632,4.170928,30.468048,2628.18,False,146.4259,7.737856,339.6522,400,1784710200.4438713,25.48724592,51.45560494,11.0,1784710199540,154.72,1.0
35.05864,4.396473,30.566016,2631.32,False,154.1344,7.752663,339.4085,400,1784710200.67782,25.48719351,51.45555192,11.02,1784710200551,155.73,1.0
35.03763,4.387944,30.663984,2634.46,False,153.7432,7.765472,339.253,401,1784710200.6855197,25.48719351,51.45555192,11.02,1784710200551,155.73,1.0
35.04368,4.329358,30.761952,2637.6,False,151.7166,7.778797,339.0756,401,1784710201.154768,25.48719351,51.45555192,11.02,1784710200551,155.73,1.0
35.06932,4.384972,30.85992,2639.17,False,153.778,7.792958,338.6609,401,1784710201.5741708,25.48713628,51.45550391,11.3,1784710201562,156.74,1.0
35.14746,4.166995,30.85992,2642.31,False,146.4593,7.805708,338.51,402,1784710201.5741708,25.48713628,51.45550391,11.3,1784710201562,156.74,1.0
35.07238,4.267641,30.957888,2645.45,False,149.6763,7.817946,338.3817,402,1784710201.9943628,25.48713628,51.45550391,11.3,1784710201562,156.74,1.0
35.19095,4.034516,31.055856,2647.02,False,141.9785,7.829265,338.093,402,1784710202.4249938,25.48707549,51.45546753,11.5,1784710202575,157.75,1.0
35.06352,4.294216,31.055856,2650.16,False,150.5703,7.843163,337.8943,403,1784710202.643349,25.48707549,51.45546753,11.5,1784710202575,157.75,1.0
35.03994,4.389255,31.153824,2653.3,False,153.7992,7.856988,337.6994,403,1784710202.8345027,25.48707549,51.45546753,11.5,1784710202575,157.75,1.0
34.94999,4.647213,31.251792,2656.44,False,162.42,7.87066,337.5117,403,1784710203.254373,25.48707549,51.45546753,11.5,1784710202575,157.75,1.0
35.07272,4.316419,31.34976,2658.01,False,151.3886,7.883246,337.172,404,1784710203.4431589,25.48698678,51.45542348,11.8,1784710203582,158.76,1.0
35.0841,4.286841,31.34976,2661.15,False,150.4,7.896653,336.9972,404,1784710203.7146218,25.48698678,51.45542348,11.8,1784710203582,158.76,1.0
35.18461,4.077323,31.447728,2664.29,False,143.459,7.908026,336.9096,404,1784710204.1038568,25.48698678,51.45542348,11.8,1784710203582,158.76,1.0
35.04101,4.42842,31.545696,2667.43,False,155.1763,7.922217,336.7025,405,1784710204.332683,25.48698678,51.45542348,11.8,1784710203582,158.76,1.0
35.00016,4.505097,31.643664,2669.0,False,157.6791,7.93654,336.2926,405,1784710205.083406,25.48691723,51.45539454,12.1,1784710204595,159.77,1.0
35.10967,4.146947,31.643664,2672.14,False,145.5979,7.950561,336.0945,405,1784710205.2742438,25.48691723,51.45539454,12.1,1784710204595,159.77,1.0
35.10723,4.283714,31.741632,2675.28,False,150.3893,7.96443,335.9035,406,1784710206.1139574,25.48684373,51.45535778,12.6,1784710205606,160.78,1.0
35.03336,4.284497,31.8396,2678.42,False,150.1003,7.978483,335.7054,406,1784710206.1405327,25.48684373,51.45535778,12.6,1784710205606,160.78,1.0
35.04256,4.398038,31.937568,2681.56,False,154.1185,7.992617,335.5046,406,1784710206.6841414,25.48684373,51.45535778,12.6,1784710205606,160.78,1.0
35.0816,4.302873,31.937568,2684.7,False,150.9517,8.006172,335.3288,407,1784710206.6841414,25.48684373,51.45535778,12.6,1784710205606,160.78,1.0
35.07987,4.245312,32.035536,2687.84,False,148.925,8.020276,335.1306,407,1784710206.6841414,25.48684373,51.45535778,12.6,1784710205606,160.78,1.0
35.10023,4.224803,32.133504,2689.41,False,148.2916,8.032031,334.8356,407,1784710207.5143108,25.48677101,51.45532209,13.1,1784710206616,161.79,1.0
35.05689,4.337737,32.133504,2692.55,False,152.0676,8.046476,334.6247,407,1784710209.3437476,25.48670469,51.45528418,13.4,1784710207628,162.8,1.0
35.07192,4.295301,32.231472,2695.69,False,150.6445,8.059015,334.4937,408,1784710209.3437476,25.48670469,51.45528418,13.4,1784710207628,162.8,1.0
35.12374,4.259887,32.32944,2698.83,False,149.6232,8.071247,334.3758,408,1784710209.3437476,25.48670469,51.45528418,13.4,1784710207628,162.8,1.0
35.10432,4.209434,32.32944,2700.4,False,147.7693,8.083638,334.0575,408,1784710209.3437476,25.48670469,51.45528418,13.4,1784710207628,162.8,1.0
35.00713,4.347322,32.427408,2703.54,False,152.1873,8.097609,333.8689,409,1784710209.3437476,25.48670469,51.45528418,13.4,1784710207628,162.8,1.0
35.00695,4.442713,32.525376,2706.68,False,155.5258,8.111431,333.6871,409,1784710209.723783,25.48663807,51.45524588,13.7,1784710208642,163.82,1.0
35.08484,4.239527,32.525376,2709.82,False,148.7431,8.125586,333.4923,409,1784710209.7247713,25.48663807,51.45524588,13.7,1784710208642,163.82,1.0
35.11646,4.172836,32.623344,2712.96,False,146.5352,8.139429,333.3109,410,1784710209.7247713,25.48663807,51.45524588,13.7,1784710208642,163.82,1.0
35.12454,4.169187,32.721312,2716.1,False,146.4408,8.153046,333.1393,410,1784710210.143984,25.48656642,51.45520237,13.6,1784710209658,164.84,1.0
35.09242,4.211516,32.721312,2719.24,False,147.7923,8.1649,333.0402,410,1784710210.550485,25.48656642,51.45520237,13.6,1784710209658,164.84,1.0
35.14863,4.12954,32.81928,2722.38,False,145.1477,8.178183,332.8832,411,1784710210.550485,25.48656642,51.45520237,13.6,1784710209658,164.84,1.0
35.03295,4.385483,32.81928,2723.95,False,153.6364,8.192005,332.5132,411,1784710210.9601312,25.48647375,51.45514749,13.4,1784710210671,165.85,1.0
35.02213,4.377269,32.917248,2727.09,False,153.3013,8.204718,332.3807,411,1784710211.3754158,25.48647375,51.45514749,13.4,1784710210671,165.85,1.0
35.05036,4.409054,33.015216,2730.23,False,154.5389,8.219184,332.1777,412,1784710211.5615587,25.48647375,51.45514749,13.4,1784710210671,165.85,1.0
35.08126,4.25026,33.015216,2733.37,False,149.1045,8.232332,332.0286,412,1784710211.7478878,25.4864037,51.45510755,13.2,1784710211686,166.86,1.0
35.01895,4.399269,33.113184,2736.51,False,154.0578,8.245554,331.877,412,1784710212.2987752,25.4864037,51.45510755,13.2,1784710211686,166.86,1.0
34.97997,4.583209,33.211152,2739.65,False,160.3205,8.258305,331.7448,413,1784710212.4828062,25.4864037,51.45510755,13.2,1784710211686,166.86,1.0
35.08032,4.279141,33.211152,2741.22,False,150.1136,8.272301,331.3733,413,1784710212.6798382,25.48633703,51.45506331,13.2,1784710212701,167.88,1.0
35.02863,4.489026,33.30912,2744.36,False,157.2444,8.285504,331.2243,413,1784710213.0684364,25.48633703,51.45506331,13.2,1784710212701,167.88,1.0
35.04611,4.41212,33.407088,2747.5,False,154.6276,8.298698,331.076,413,1784710213.2893522,25.48633703,51.45506331,13.2,1784710212701,167.88,1.0
35.11603,4.16809,33.407088,2750.64,False,146.3668,8.312786,330.8927,414,1784710213.6586866,25.48626639,51.45502188,13.3,1784710213717,168.89,1.0
34.98741,4.541365,33.505056,2753.78,False,158.8906,8.327327,330.6919,414,1784710214.123203,25.48626639,51.45502188,13.3,1784710213717,168.89,1.0
35.05475,4.478746,33.603024,2756.92,False,157.0013,8.341417,330.5098,414,1784710214.3150072,25.48626639,51.45502188,13.3,1784710213717,168.89,1.0
36.5864,0.07463688,33.505056,2760.06,False,2.730695,8.341644,330.8772,415,1784710215.0077653,25.48619632,51.45497954,13.25,1784710214728,169.9,1.0
36.55272,0.08560171,33.407088,2763.2,False,3.128975,8.341942,331.2418,415,1784710215.1949708,25.48619632,51.45497954,13.25,1784710214728,169.9,1.0
36.60428,0.07529824,33.30912,2766.34,False,2.756238,8.342208,331.6077,415,1784710215.613881,25.48619632,51.45497954,13.25,1784710214728,169.9,1.0
36.57018,0.08607742,33.30912,2769.48,False,3.147867,8.342474,331.9735,416,1784710215.613881,25.48619632,51.45497954,13.25,1784710214728,169.9,1.0
36.56908,0.0630095,33.211152,2771.05,False,2.304199,8.342658,332.1543,416,1784710216.0341938,25.48610221,51.45492307,13.2,1784710215742,170.92,1.0
36.57191,0.08684471,33.113184,2774.19,False,3.176077,8.342965,332.5185,416,1784710216.4336338,25.48610221,51.45492307,13.2,1784710215742,170.92,1.0
36.59257,0.06091199,33.113184,2777.33,False,2.228926,8.343143,332.8877,417,1784710216.6530728,25.48610221,51.45492307,13.2,1784710215742,170.92,1.0
36.57357,0.08335696,33.015216,2780.47,False,3.048662,8.343411,333.2534,417,1784710216.844062,25.48603268,51.45488154,13.2,1784710216750,171.93,1.0
36.59543,0.06650376,32.917248,2783.61,False,2.433734,8.343638,333.6207,417,1784710217.264315,25.48603268,51.45488154,13.2,1784710216750,171.93,1.0
36.60726,0.07360181,32.81928,2786.75,False,2.694361,8.343886,333.9871,418,1784710217.4936342,25.48603268,51.45488154,13.2,1784710216750,171.93,1.0
36.59981,0.06736807,32.81928,2789.89,False,2.465659,8.344091,334.3552,418,1784710217.7939358,25.48596226,51.45484024,13.1,1784710217751,172.93,1.0
36.5624,0.07330321,32.721312,2791.46,False,2.680141,8.344308,334.5346,418,1784710218.1738162,25.48596226,51.45484024,13.1,1784710217751,172.93,1.0
36.59395,0.07647003,32.623344,2794.6,False,2.79834,8.344548,334.9013,419,1784710218.4856734,25.48596226,51.45484024,13.1,1784710217751,172.93,1.0
36.57107,0.09372247,32.623344,2797.74,False,3.427531,8.344836,335.266,419,1784710218.8128223,25.48589744,51.45480105,13.1,1784710218763,173.94,1.0
36.59421,0.08658012,32.525376,2800.88,False,3.168331,8.345135,335.6303,419,1784710219.1929803,25.48589744,51.45480105,13.1,1784710218763,173.94,1.0
36.55588,0.09784283,32.427408,2804.02,False,3.576731,8.345464,335.9933,420,1784710219.3831098,25.48589744,51.45480105,13.1,1784710218763,173.94,1.0
36.56525,0.062041,32.427408,2805.59,False,2.268545,8.345666,336.1733,420,1784710219.6861744,25.48582752,51.45475658,13.0,1784710219778,174.96,1.0
36.58881,0.07763918,32.32944,2808.73,False,2.840725,8.345894,336.5403,420,1784710220.1532552,25.48582752,51.45475658,13.0,1784710219778,174.96,1.0
36.58689,0.07683736,32.231472,2811.87,False,2.81124,8.346146,336.9064,420,1784710220.3434465,25.48582752,51.45475658,13.0,1784710219778,174.96,1.0
36.55037,0.07672028,32.231472,2815.01,False,2.804155,8.346365,337.2738,421,1784710220.5738232,25.48574036,51.45471008,13.0,1784710220793,175.97,1.0
36.58552,0.07645476,32.133504,2816.58,False,2.797137,8.346603,337.4523,421,1784710220.8839393,25.48574036,51.45471008,13.0,1784710220793,175.97,1.0
36.56615,0.07904692,32.035536,2819.72,False,2.890442,8.346864,337.8179,421,1784710221.3378994,25.48574036,51.45471008,13.0,1784710220793,175.97,1.0
36.54659,0.09266427,32.035536,2822.86,False,3.386563,8.347167,338.1818,422,1784710221.5458124,25.48574036,51.45471008,13.0,1784710220793,175.97,1.0
36.57704,0.07285151,31.937568,2826.0,False,2.664693,8.347426,338.5475,422,1784710221.8838758,25.4856692,51.45467006,13.0,1784710221804,176.98,1.0
36.51864,0.09514888,31.8396,2829.14,False,3.474708,8.347717,338.9118,422,1784710222.2766411,25.4856692,51.45467006,13.0,1784710221804,176.98,1.0
36.58946,0.07168848,31.8396,2830.71,False,2.623043,8.347942,339.0908,423,1784710222.4890978,25.4856692,51.45467006,13.0,1784710221804,176.98,1.0
36.60797,0.08280256,31.741632,2833.85,False,3.031234,8.348233,339.4551,423,1784710222.8515415,25.48559876,51.45463741,13.0,1784710222820,178.0,1.0
36.57203,0.08247966,31.643664,2836.99,False,3.016449,8.348494,339.8206,423,1784710223.2263398,25.48559876,51.45463741,13.0,1784710222820,178.0,1.0
36.56106,0.08609707,31.545696,2840.13,False,3.1478,8.348765,340.1856,424,1784710223.4624944,25.48559876,51.45463741,13.0,1784710222820,178.0,1.0
36.59096,0.07750435,31.545696,2841.7,False,2.835959,8.349008,340.3638,424,1784710223.7623503,25.48553428,51.45459814,13.0,1784710223821,179.0,1.0
36.57986,0.07247728,31.447728,2844.84,False,2.651209,8.349239,340.7305,424,1784710224.2004611,25.48553428,51.45459814,13.0,1784710223821,179.0,1.0
36.5812,0.06291896,31.34976,2847.98,False,2.301651,8.349451,341.0979,425,1784710224.413779,25.48553428,51.45459814,13.0,1784710223821,179.0,1.0
36.56524,0.0886622,31.34976,2851.12,False,3.241955,8.349708,341.4634,425,1784710224.703839,25.48546934,51.4545609,13.1,1784710224821,180.0,1.0
36.56822,0.07580726,31.251792,2854.26,False,2.772137,8.349975,341.8286,425,1784710225.234676,25.48546934,51.4545609,13.1,1784710224821,180.0,1.0
36.54608,0.0788465,31.153824,2855.83,False,2.88153,8.35021,342.007,426,1784710225.4449062,25.48546934,51.4545609,13.1,1784710224821,180.0,1.0
36.55858,0.08651969,31.153824,2858.97,False,3.163037,8.350513,342.3706,426,1784710225.6849537,25.48537962,51.45451168,13.4,1784710225825,181.0,1.0
36.60838,0.08541652,31.055856,2862.11,False,3.12696,8.350772,342.736,426,1784710225.9842954,25.48537962,51.45451168,13.4,1784710225825,181.0,1.0
36.57008,0.09600684,30.957888,2863.68,False,3.510978,8.351078,342.9114,426,1784710226.3664863,25.48537962,51.45451168,13.4,1784710225825,181.0,1.0
36.55209,0.07769544,30.957888,2866.82,False,2.839931,8.351344,343.2765,427,1784710226.6344235,25.48537962,51.45451168,13.4,1784710225825,181.0,1.0
36.57155,0.09089666,30.85992,2869.96,False,3.324232,8.351666,343.6392,427,1784710226.9829311,25.48530986,51.45447464,13.81,1784710226838,182.02,1.0
36.57335,0.07202627,30.761952,2873.1,False,2.634242,8.351874,344.0066,427,1784710227.367016,25.48530986,51.45447464,13.81,1784710226838,182.02,1.0
36.57677,0.08259787,30.761952,2874.67,False,3.021163,8.352138,344.1837,428,1784710227.6655548,25.48530986,51.45447464,13.81,1784710226838,182.02,1.0
36.59399,0.06020374,30.663984,2877.81,False,2.203095,8.352338,344.5514,428,1784710227.964219,25.48524646,51.45443831,14.2,1784710227847,183.02,1.0
36.54676,0.08966021,30.566016,2880.95,False,3.27679,8.352637,344.915,428,1784710228.4436247,25.48524646,51.45443831,14.2,1784710227847,183.02,1.0
36.54716,0.08528777,30.566016,2884.09,False,3.117026,8.352892,345.2804,429,1784710228.6334507,25.48524646,51.45443831,14.2,1784710227847,183.02,1.0
36.56556,0.08181499,30.468048,2885.66,False,2.991611,8.35314,345.4581,429,1784710228.824067,25.48518383,51.45440227,14.4,1784710228861,184.04,1.0
36.58666,0.084208,30.37008,2888.8,False,3.080889,8.353398,345.8233,429,1784710229.2438,25.48518383,51.45440227,14.4,1784710228861,184.04,1.0
36.5657,0.08845085,30.37008,2890.37,False,3.234267,8.353673,345.9999,430,1784710229.4539387,25.48518383,51.45440227,14.4,1784710228861,184.04,1.0
36.58282,0.08264199,30.272112,2893.51,False,3.023277,8.353931,346.3651,430,1784710229.7455227,25.48512129,51.45436851,14.55,1784710229875,185.05,1.0
36.57945,0.07022908,30.174144,2896.65,False,2.568941,8.354175,346.7308,430,1784710230.2539396,25.48512129,51.45436851,14.55,1784710229875,185.05,1.0
36.59841,0.08061104,30.174144,2899.79,False,2.950236,8.35446,347.0948,431,1784710230.447854,25.48512129,51.45436851,14.55,1784710229875,185.05,1.0
36.55892,0.07296462,30.076176,2901.36,False,2.667508,8.354671,347.274,431,1784710230.7147455,25.48503454,51.45432339,14.6,1784710230878,186.06,1.0
36.58779,0.07785713,29.978208,2904.5,False,2.84862,8.354905,347.6401,431,1784710231.0142546,25.48503454,51.45432339,14.6,1784710230878,186.06,1.0
36.56205,0.07838282,29.978208,2906.07,False,2.865837,8.355134,347.8185,432,1784710231.3940637,25.48503454,51.45432339,14.6,1784710230878,186.06,1.0
36.60921,0.08405539,29.88024,2909.21,False,3.077201,8.355421,348.1823,432,1784710231.6342742,25.48503454,51.45432339,14.6,1784710230878,186.06,1.0
36.56723,0.07268138,29.88024,2912.35,False,2.657757,8.35565,348.5486,432,1784710231.954997,25.48497198,51.45428869,14.6,1784710231892,187.07,1.0
36.56177,0.07849128,29.782272,2915.49,False,2.86978,8.355922,348.913,432,1784710232.4558558,25.48497198,51.45428869,14.6,1784710231892,187.07,1.0
36.56728,0.0871452,29.684304,2917.06,False,3.186663,8.356227,349.0882,433,1784710232.6449823,25.48497198,51.45428869,14.6,1784710231892,187.07,1.0
36.57462,0.07578578,29.586336,2920.2,False,2.771836,8.356495,349.4527,433,1784710232.985909,25.48490237,51.45425266,14.6,1784710232907,188.08,1.0
36.56752,0.08871421,29.586336,2923.34,False,3.244059,8.356795,349.8159,434,1784710233.403216,25.48490237,51.45425266,14.6,1784710232907,188.08,1.0
36.56358,0.08170629,29.488368,2926.48,False,2.987474,8.357046,350.1812,434,1784710233.6146812,25.48490237,51.45425266,14.6,1784710232907,188.08,1.0
36.5511,0.07576273,29.3904,2928.05,False,2.769211,8.357311,350.3579,434,1784710233.9644537,25.48483692,51.45421806,14.4,1784710233919,189.1,1.0
36.60032,0.08084216,29.3904,2931.19,False,2.958849,8.357594,350.7218,435,1784710234.362085,25.48483692,51.45421806,14.4,1784710233919,189.1,1.0
36.52822,0.08191941,29.292432,2934.33,False,2.99237,8.357858,351.0864,435,1784710234.624441,25.48483692,51.45421806,14.4,1784710233919,189.1,1.0
36.5853,0.07800205,29.194464,2935.9,False,2.853728,8.358096,351.2642,435,1784710234.9243517,25.48477375,51.45418325,14.2,1784710234935,190.11,1.0
36.57238,0.0853209,29.194464,2939.04,False,3.120388,8.35835,351.6292,435,1784710235.3140912,25.48477375,51.45418325,14.2,1784710234935,190.11,1.0
36.52315,0.0790298,29.096496,2940.61,False,2.886417,8.358579,351.8074,436,1784710235.5041504,25.48477375,51.45418325,14.2,1784710234935,190.11,1.0
36.56264,0.08372231,29.096496,2943.75,False,3.061109,8.358829,352.1725,436,1784710235.7946565,25.48469757,51.45414048,13.93,1784710235943,191.12,1.0
36.60708,0.07546187,28.998528,2945.32,False,2.762439,8.359058,352.3507,436,1784710236.094716,25.48469757,51.45414048,13.93,1784710235943,191.12,1.0
36.57653,0.08360506,28.90056,2948.46,False,3.057983,8.359355,352.7138,437,1784710236.4799154,25.48469757,51.45414048,13.93,1784710235943,191.12,1.0
36.60107,0.07633597,28.90056,2951.6,False,2.793978,8.359581,353.0799,437,1784710236.734491,25.48469757,51.45414048,13.93,1784710235943,191.12,1.0
36.5485,0.08474916,28.802592,2953.17,False,3.097455,8.359832,353.2571,437,1784710237.0248284,25.48463592,51.45410969,13.68,1784710236954,192.13,1.0
36.5765,0.08989971,28.704624,2956.31,False,3.288217,8.360132,353.62,438,1784710237.4080124,25.48463592,51.45410969,13.68,1784710236954,192.13,1.0
36.5966,0.07825369,28.704624,2957.88,False,2.863819,8.360388,353.797,438,1784710237.674447,25.48463592,51.45410969,13.68,1784710236954,192.13,1.0
36.58801,0.06903718,28.606656,2961.02,False,2.525933,8.36059,354.164,438,1784710237.9846923,25.48457613,51.45407465,13.33,1784710237966,193.14,1.0
36.56354,0.0872385,28.606656,2964.16,False,3.189748,8.360868,354.5278,438,1784710238.364669,25.48457613,51.45407465,13.33,1784710237966,193.14,1.0
36.56029,0.06775608,28.508688,2965.73,False,2.477182,8.361073,354.7069,439,1784710238.596531,25.48457613,51.45407465,13.33,1784710237966,193.14,1.0
36.5285,0.07925363,28.41072,2968.87,False,2.895016,8.361338,355.0712,439,1784710238.9046314,25.48451564,51.45404154,12.9,1784710238968,194.14,1.0
36.59973,0.07173619,28.41072,2970.44,False,2.625525,8.361577,355.2488,439,1784710239.3436968,25.48451564,51.45404154,12.9,1784710238968,194.14,1.0
36.57838,0.06646528,28.312752,2973.58,False,2.431192,8.361809,355.6144,440,1784710239.994693,25.48445277,51.45400482,12.4,1784710239979,195.16,1.0
36.57545,0.07917545,28.214784,2976.72,False,2.895878,8.362074,355.9787,440,1784710240.1842551,25.48445277,51.45400482,12.4,1784710239979,195.16,1.0
36.55708,0.08487098,28.214784,2978.29,False,3.102635,8.362337,356.1552,440,1784710240.6041827,25.48445277,51.45400482,12.4,1784710239979,195.16,1.0
36.56312,0.08517985,28.116816,2981.43,False,3.114441,8.362636,356.518,441,1784710240.6041827,25.48445277,51.45400482,12.4,1784710239979,195.16,1.0
36.57516,0.09064525,28.018848,2983.0,False,3.315365,8.362903,356.6943,441,1784710241.0244288,25.48437171,51.45396263,11.71,1784710240992,196.17,1.0
36.59979,0.06944594,28.018848,2986.14,False,2.541707,8.363133,357.06,441,1784710241.2142704,25.48437171,51.45396263,11.71,1784710240992,196.17,1.0
36.53531,0.07397255,27.92088,2987.71,False,2.70261,8.36336,357.238,442,1784710241.5945132,25.48437171,51.45396263,11.71,1784710240992,196.17,1.0
36.56067,0.08183736,27.92088,2990.85,False,2.992029,8.363613,357.6026,442,1784710241.7844417,25.48437171,51.45396263,11.71,1784710240992,196.17,1.0
36.55953,0.08227805,27.822912,2993.99,False,3.008047,8.363896,357.966,442,1784710242.125244,25.48431375,51.45392692,11.18,1784710242007,197.18,1.0
36.55549,0.06955681,27.724944,2995.56,False,2.542683,8.364139,358.1433,443,1784710242.9356256,25.48431375,51.45392692,11.18,1784710242007,197.18,1.0
36.55003,0.08583093,27.724944,2998.7,False,3.137123,8.364394,358.5077,443,1784710243.1646526,25.48425541,51.45389245,10.66,1784710243022,198.2,1.0
36.54364,0.09704414,27.626976,3000.27,False,3.546346,8.364691,358.6827,443,1784710243.1655483,25.48425541,51.45389245,10.66,1784710243022,198.2,1.0
36.58865,0.08459824,27.529008,3003.41,False,3.095335,8.364951,359.0469,444,1784710243.5490434,25.48425541,51.45389245,10.66,1784710243022,198.2,1.0
36.5948,0.08610237,27.529008,3004.98,False,3.150899,8.365239,359.2223,444,1784710243.965512,25.4841938,51.45385706,10.11,1784710244036,199.21,1.0
36.59154,0.08509724,27.43104,3008.12,False,3.113839,8.365541,359.5846,444,1784710244.1549914,25.4841938,51.45385706,10.11,1784710244036,199.21,1.0
36.56199,0.07424491,27.333072,3011.26,False,2.714542,8.365802,359.9488,445,1784710244.5357735,25.4841938,51.45385706,10.11,1784710244036,199.21,1.0
36.55182,0.08402865,27.333072,3012.83,False,3.0714,8.366073,360.1248,445,1784710244.7241604,25.4841938,51.45385706,10.11,1784710244036,199.21,1.0
36.56616,0.08731848,27.235104,3015.97,False,3.192902,8.366331,360.489,445,1784710244.994831,25.4841372,51.45381468,9.58,1784710245051,200.23,1.0
36.59006,0.08019197,27.235104,3017.54,False,2.934229,8.366565,360.6665,445,1784710245.8868484,25.48406639,51.45375983,9.2,1784710246064,201.24,1.0
36.59019,0.06828273,27.137136,3019.11,False,2.498478,8.366766,360.8455,446,1784710246.0744803,25.48406639,51.45375983,9.2,1784710246064,201.24,1.0
36.53795,0.08727479,27.137136,3022.25,False,3.188842,8.367015,361.2101,446,1784710246.0744803,25.48406639,51.45375983,9.2,1784710246064,201.24,1.0
36.59658,0.08009225,27.039168,3023.82,False,2.931102,8.36729,361.3858,446,1784710246.4947517,25.48406639,51.45375983,9.2,1784710246064,201.24,1.0
36.54254,0.08580396,26.9412,3026.96,False,3.135495,8.36757,361.749,447,1784710246.914925,25.48406639,51.45375983,9.2,1784710246064,201.24,1.0
36.55748,0.093547,26.9412,3028.53,False,3.419843,8.367851,361.9245,447,1784710246.9525096,25.48401259,51.4537097,9.0,1784710247076,202.25,1.0
36.55304,0.07267649,26.843232,3031.67,False,2.656547,8.36811,362.2885,447,1784710247.384262,25.48401259,51.4537097,9.0,1784710247076,202.25,1.0
36.55464,0.06849879,26.745264,3034.81,False,2.503949,8.368338,362.6539,448,1784710247.8142838,25.48401259,51.4537097,9.0,1784710247076,202.25,1.0
36.57241,0.05841754,26.745264,3036.38,False,2.13647,8.368518,362.8337,448,1784710247.8149729,25.48401259,51.4537097,9.0,1784710247076,202.25,1.0
36.54757,0.0674937,26.647296,3037.95,False,2.466731,8.368729,363.0121,448,1784710248.237604,25.48396604,51.4536532,9.0,1784710248088,203.26,1.0
36.57128,0.06791621,26.647296,3041.09,False,2.483783,8.368924,363.3789,449,1784710248.6343355,25.48396604,51.4536532,9.0,1784710248088,203.26,1.0
36.60039,0.08542395,26.549328,3042.66,False,3.12655,8.369219,363.5536,449,1784710248.8247051,25.48396604,51.4536532,9.0,1784710248088,203.26,1.0
36.59814,0.06347456,26.45136,3045.8,False,2.323051,8.369415,363.9203,449,1784710249.0244915,25.48392751,51.45359098,9.3,1784710249098,204.28,1.0
36.58824,0.08908741,26.45136,3047.37,False,3.259552,8.369712,364.095,450,1784710249.473952,25.48392751,51.45359098,9.3,1784710249098,204.28,1.0
36.58754,0.07901897,26.353392,3050.51,False,2.89111,8.369972,364.4588,450,1784710249.6744146,25.48392751,51.45359098,9.3,1784710249098,204.28,1.0
36.57185,0.08850785,26.255424,3052.08,False,3.236896,8.370266,364.6336,450,1784710250.004938,25.48389167,51.45352053,9.5,1784710250110,205.29,1.0
36.57118,0.09144155,26.255424,3055.22,False,3.344125,8.37055,364.9963,451,1784710250.494444,25.48389167,51.45352053,9.5,1784710250110,205.29,1.0
36.524,0.0806026,26.157456,3056.79,False,2.943929,8.37081,365.1725,451,1784710250.6846206,25.48389167,51.45352053,9.5,1784710250110,205.29,1.0
36.56531,0.07672113,26.157456,3059.93,False,2.805332,8.371057,365.5369,451,1784710250.9453516,25.48386295,51.45342679,9.8,1784710251123,206.3,1.0
36.59569,0.07490703,26.059488,3061.5,False,2.741274,8.371278,365.7148,451,1784710251.233858,25.48386295,51.45342679,9.8,1784710251123,206.3,1.0
36.5686,0.07926481,25.96152,3063.07,False,2.898603,8.371519,365.8918,452,1784710251.7664814,25.48386295,51.45342679,9.8,1784710251123,206.3,1.0
36.54624,0.07512044,25.96152,3066.21,False,2.74537,8.371778,366.2555,452,1784710251.9643817,25.48386295,51.45342679,9.8,1784710251123,206.3,1.0
36.55439,0.08464423,25.863552,3067.78,False,3.094118,8.372064,366.4305,452,1784710252.2075586,25.48384551,51.4533496,10.03,1784710252136,207.31,1.0
36.60021,0.09326336,25.863552,3070.92,False,3.413459,8.372333,366.7938,453,1784710252.584334,25.48384551,51.4533496,10.03,1784710252136,207.31,1.0
36.57454,0.07780945,25.765584,3072.49,False,2.845845,8.372606,366.9694,453,1784710252.833971,25.48384551,51.4533496,10.03,1784710252136,207.31,1.0
36.56387,0.07702803,25.667616,3075.63,False,2.816443,8.372879,367.3324,453,1784710253.599646,25.48384056,51.4532721,10.5,1784710253148,208.32,1.0
36.56596,0.08169817,25.667616,3077.2,False,2.987372,8.373123,367.5092,454,1784710253.7857857,25.48384056,51.4532721,10.5,1784710253148,208.32,1.0
36.58346,0.06996727,25.569648,3080.34,False,2.559645,8.373354,367.8741,454,1784710254.2046692,25.48384056,51.4532721,10.5,1784710253148,208.32,1.0
36.60767,0.06920808,25.47168,3081.91,False,2.533547,8.373599,368.0508,454,1784710254.2046692,25.48384056,51.4532721,10.5,1784710253148,208.32,1.0
36.60155,0.06873204,25.47168,3085.05,False,2.515699,8.37383,368.4156,455,1784710254.6250274,25.48384429,51.45319549,11.0,1784710254163,209.34,1.0
36.55234,0.08201392,25.373712,3086.62,False,2.997801,8.374067,368.5927,455,1784710255.0444665,25.48384429,51.45319549,11.0,1784710254163,209.34,1.0
36.50165,0.07317253,25.373712,3089.76,False,2.670918,8.374312,368.9569,455,1784710255.234545,25.48385478,51.45312136,11.48,1784710255177,210.35,1.0
36.55225,0.08511838,25.275744,3091.33,False,3.111268,8.374589,369.1321,456,1784710256.0378163,25.48385478,51.45312136,11.48,1784710255177,210.35,1.0
36.53809,0.09900746,25.177776,3092.9,False,3.617543,8.374921,369.305,456,1784710256.0378163,25.48385478,51.45312136,11.48,1784710255177,210.35,1.0
36.55406,0.08048673,25.177776,3096.04,False,2.942117,8.375192,369.6679,456,1784710256.476208,25.48388462,51.45302704,12.0,1784710256193,211.37,1.0
36.58102,0.08113249,25.079808,3097.61,False,2.967909,8.375438,369.8445,457,1784710256.6845906,25.48388462,51.45302704,12.0,1784710256193,211.37,1.0
36.54314,0.08521927,25.079808,3100.75,False,3.11418,8.375722,370.2069,457,1784710257.105009,25.48391409,51.45296222,12.1,1784710257198,212.38,1.0
36.56072,0.06813863,24.98184,3102.32,False,2.491197,8.375932,370.3851,457,1784710257.105009,25.48391409,51.45296222,12.1,1784710257198,212.38,1.0
36.55362,0.08144136,24.883872,3103.89,False,2.976977,8.37619,370.5611,458,1784710257.5237432,25.48391409,51.45296222,12.1,1784710257198,212.38,1.0
36.56508,0.08600982,24.883872,3107.03,False,3.144956,8.376449,370.9245,458,1784710257.9440184,25.48391409,51.45296222,12.1,1784710257198,212.38,1.0
36.58988,0.07483231,24.785904,3108.6,False,2.738105,8.376694,371.1011,458,1784710257.9440184,25.48391409,51.45296222,12.1,1784710257198,212.38,1.0
36.58839,0.08512564,24.785904,3111.74,False,3.11461,8.376995,371.4626,458,1784710258.3648622,25.48394921,51.45290075,12.2,1784710258211,213.39,1.0
36.59715,0.06603766,24.687936,3113.31,False,2.41679,8.377206,371.6406,459,1784710258.7494595,25.48394921,51.45290075,12.2,1784710258211,213.39,1.0
36.58383,0.08555984,24.589968,3116.45,False,3.130107,8.377505,372.0022,459,1784710258.9459438,25.48394921,51.45290075,12.2,1784710258211,213.39,1.0
36.55144,0.08464532,24.589968,3118.02,False,3.093908,8.377796,372.1766,459,1784710259.2890887,25.48399342,51.45284496,12.3,1784710259224,214.4,1.0
36.57854,0.07392681,24.492,3121.16,False,2.704135,8.378053,372.54,460,1784710259.6633406,25.48399342,51.45284496,12.3,1784710259224,214.4,1.0
36.5861,0.06530038,24.492,3122.73,False,2.389086,8.37825,372.7186,460,1784710259.9234636,25.48399342,51.45284496,12.3,1784710259224,214.4,1.0
36.56847,0.07714038,24.394032,3124.3,False,2.820906,8.378493,372.8952,460,1784710260.2370863,25.48403906,51.45279708,12.53,1784710260237,215.41,1.0
36.55196,0.1037893,24.296064,3125.87,False,3.793702,8.378812,373.0684,461,1784710260.6253572,25.48403906,51.45279708,12.53,1784710260237,215.41,1.0
36.60426,0.09465064,24.296064,3129.01,False,3.464617,8.379136,373.4287,461,1784710260.8654757,25.48403906,51.45279708,12.53,1784710260237,215.41,1.0
36.5832,0.08591814,24.198096,3130.58,False,3.14316,8.379431,373.6029,461,1784710261.2034674,25.48408861,51.45275344,12.79,1784710261247,216.42,1.0
36.56944,0.07198373,24.198096,3133.72,False,2.632405,8.37965,373.9679,462,1784710261.623807,25.48408861,51.45275344,12.79,1784710261247,216.42,1.0
36.57424,0.07944011,24.100128,3135.29,False,2.905462,8.379924,374.143,462,1784710261.8548048,25.48408861,51.45275344,12.79,1784710261247,216.42,1.0
36.56609,0.07576964,24.00216,3136.86,False,2.770599,8.380163,374.3197,462,1784710262.155527,25.48414187,51.4527212,12.9,1784710262263,217.44,1.0
36.5615,0.07125361,24.00216,3140.0,False,2.605139,8.380408,374.6834,463,1784710262.6446488,25.48414187,51.4527212,12.9,1784710262263,217.44,1.0
36.51902,0.08713699,23.904192,3141.57,False,3.182157,8.380699,374.8578,463,1784710262.833866,25.48414187,51.4527212,12.9,1784710262263,217.44,1.0
36.57361,0.0930264,23.904192,3144.71,False,3.402311,8.381024,375.2179,463,1784710263.7039502,25.48419753,51.45268879,12.8,1784710263278,218.46,1.0
36.56269,0.08485994,23.806224,3146.28,False,3.102708,8.381317,375.3921,464,1784710263.8940637,25.48419753,51.45268879,12.8,1784710263278,218.46,1.0
36.57273,0.08149434,23.708256,3149.42,False,2.98047,8.381599,375.7541,464,1784710263.8940637,25.48419753,51.45268879,12.8,1784710263278,218.46,1.0
36.5849,0.07801616,23.708256,3150.99,False,2.854213,8.381833,375.9309,464,1784710264.3209636,25.48426739,51.45265045,12.8,1784710264289,219.47,1.0
36.54794,0.09365822,23.610288,3152.56,False,3.423015,8.382135,376.1047,465,1784710264.5256162,25.48426739,51.45265045,12.8,1784710264289,219.47,1.0
36.58718,0.07122856,23.610288,3154.13,False,2.606052,8.382341,376.2827,465,1784710264.9236712,25.48426739,51.45265045,12.8,1784710264289,219.47,1.0
36.57318,0.07630895,23.51232,3155.7,False,2.790861,8.382567,376.4599,465,1784710265.1172876,25.48426739,51.45265045,12.8,1784710264289,219.47,1.0
36.58693,0.05796367,23.51232,3158.84,False,2.120713,8.382756,376.826,466,1784710265.3657894,25.48431572,51.45262578,12.8,1784710265290,220.47,1.0
36.54742,0.07544762,23.414352,3160.41,False,2.757416,8.383014,377.0016,466,1784710265.7438612,25.48431572,51.45262578,12.8,1784710265290,220.47,1.0
36.59995,0.06685958,23.316384,3163.55,False,2.447057,8.383243,377.3659,466,1784710266.0347054,25.48431572,51.45262578,12.8,1784710265290,220.47,1.0
36.57616,0.08192929,23.316384,3165.12,False,2.996659,8.3835,377.5416,467,1784710266.3445227,25.48436753,51.45259805,12.8,1784710266292,221.47,1.0
36.59702,0.08383114,23.218416,3166.69,False,3.06797,8.383796,377.7155,467,1784710266.7242067,25.48436753,51.45259805,12.8,1784710266292,221.47,1.0
36.54069,0.07398074,23.120448,3169.83,False,2.703307,8.384054,378.0784,467,1784710267.0444713,25.48436753,51.45259805,12.8,1784710266292,221.47,1.0
36.56902,0.07844921,23.120448,3171.4,False,2.868811,8.384314,378.254,468,1784710267.3654058,25.48441948,51.45256688,12.92,1784710267303,222.48,1.0
36.5707,0.08663238,23.02248,3172.97,False,3.168207,8.384594,378.4286,468,1784710267.7464235,25.48441948,51.45256688,12.92,1784710267303,222.48,1.0
36.57756,0.07237704,23.02248,3176.11,False,2.647376,8.384808,378.7934,468,1784710267.9644248,25.48441948,51.45256688,12.92,1784710267303,222.48,1.0
36.58586,0.07186133,22.924512,3177.68,False,2.629109,8.385046,378.9699,468,1784710268.2957585,25.48446729,51.45253934,13.0,1784710268316,223.49,1.0
36.53431,0.09705444,22.924512,3179.25,False,3.545817,8.385385,379.1418,469,1784710268.7833316,25.48446729,51.45253934,13.0,1784710268316,223.49,1.0
36.57157,0.06785438,22.826544,3182.39,False,2.481541,8.385626,379.5054,469,1784710268.9843967,25.48446729,51.45253934,13.0,1784710268316,223.49,1.0
36.55224,0.08840049,22.728576,3183.96,False,3.231236,8.385888,379.6807,469,1784710269.2845814,25.48451633,51.45250849,13.0,1784710269329,224.51,1.0
36.58048,0.08096573,22.728576,3185.53,False,2.961765,8.386175,379.8549,470,1784710269.7343802,25.48451633,51.45250849,13.0,1784710269329,224.51,1.0
36.57789,0.09650409,22.630608,3187.1,False,3.529916,8.386453,380.0296,470,1784710269.9203472,25.48451633,51.45250849,13.0,1784710269329,224.51,1.0
36.56192,0.07425795,22.630608,3190.24,False,2.715013,8.386698,380.3929,470,1784710270.6443017,25.4845633,51.45247832,12.9,1784710270340,225.52,1.0
36.57742,0.0883685,22.53264,3191.81,False,3.232292,8.387,380.5664,471,1784710270.837521,25.4845633,51.45247832,12.9,1784710270340,225.52,1.0
36.55642,0.1068965,22.434672,3193.38,False,3.907753,8.387342,380.738,471,1784710271.765602,25.4845633,51.45247832,12.9,1784710270340,225.52,1.0
36.56143,0.07602627,22.434672,3196.52,False,2.779629,8.387588,381.1012,471,1784710271.7666028,25.4845633,51.45247832,12.9,1784710270340,225.52,1.0
36.58133,0.07352817,22.336704,3198.09,False,2.689758,8.387817,381.278,472,1784710272.8548193,25.48462612,51.45243986,12.7,1784710271347,226.52,1.0
36.53931,0.08264948,22.336704,3199.66,False,3.019955,8.388108,381.4519,472,1784710272.855816,25.48462612,51.45243986,12.7,1784710271347,226.52,1.0
36.57317,0.07466779,22.238736,3201.23,False,2.730838,8.388356,381.6278,472,1784710273.2749186,25.4846747,51.45240772,12.5,1784710272363,227.54,1.0
36.60633,0.09514926,22.238736,3204.37,False,3.483065,8.388686,381.9871,473,1784710273.2755077,25.4846747,51.45240772,12.5,1784710272363,227.54,1.0
36.54868,0.07943178,22.140768,3205.94,False,2.903127,8.388966,382.1615,473,1784710273.2755077,25.4846747,51.45240772,12.5,1784710272363,227.54,1.0
36.58686,0.07354138,22.0428,3207.51,False,2.690648,8.389225,382.3369,473,1784710273.2755077,25.4846747,51.45240772,12.5,1784710272363,227.54,1.0
36.59072,0.08285817,22.0428,3210.65,False,3.03184,8.389469,382.7,474,1784710273.7745523,25.48472122,51.45237648,12.2,1784710273370,228.55,1.0
36.57235,0.070937,21.944832,3212.22,False,2.594333,8.389707,382.8763,474,1784710273.9651496,25.48472122,51.45237648,12.2,1784710273370,228.55,1.0
35.05168,4.25911,22.140768,3213.79,False,149.289,8.402991,382.4579,474,1784710274.3848689,25.48476913,51.45234926,12.0,1784710274386,229.56,1.0
35.06835,4.333214,22.238736,3215.36,False,151.9587,8.416541,382.0287,475,1784710274.575119,25.48476913,51.45234926,12.0,1784710274386,229.56,1.0
35.06176,4.386297,22.434672,3218.5,False,153.7913,8.430473,381.7698,475,1784710275.0541978,25.48476913,51.45234926,12.0,1784710274386,229.56,1.0
35.05072,4.497126,22.53264,3220.07,False,157.6275,8.442954,381.3914,475,1784710275.2447517,25.48481334,51.45232104,11.8,1784710275398,230.58,1.0
35.09599,4.274162,22.630608,3221.64,False,150.0059,8.455185,381.0254,476,1784710275.514923,25.48481334,51.45232104,11.8,1784710275398,230.58,1.0
35.07066,4.199883,22.826544,3223.21,False,147.2927,8.468649,380.605,476,1784710275.8947792,25.48481334,51.45232104,11.8,1784710275398,230.58,1.0
35.08832,4.275726,22.924512,3226.35,False,150.028,8.483112,380.3262,476,1784710276.0841334,25.48481334,51.45232104,11.8,1784710275398,230.58,1.0
35.07121,4.284227,23.02248,3227.92,False,150.253,8.495602,379.9519,477,1784710276.3647306,25.48486289,51.45229214,11.6,1784710276413,231.59,1.0
34.9688,4.466352,23.218416,3229.49,False,156.183,8.510698,379.4624,477,1784710276.795437,25.48486289,51.45229214,11.6,1784710276413,231.59,1.0
35.13321,4.134747,23.316384,3232.63,False,145.2669,8.522752,379.2942,477,1784710277.0051627,25.48486289,51.45229214,11.6,1784710276413,231.59,1.0
35.05833,4.384521,23.414352,3234.2,False,153.714,8.535713,378.9021,478,1784710277.3145616,25.4849119,51.45226333,11.4,1784710277420,232.6,1.0
35.1387,4.05895,23.51232,3235.77,False,142.6262,8.548249,378.5302,478,1784710277.8050482,25.4849119,51.45226333,11.4,1784710277420,232.6,1.0
35.04004,4.329991,23.708256,3238.91,False,151.7231,8.561888,378.2939,478,1784710277.994442,25.4849119,51.45226333,11.4,1784710277420,232.6,1.0
35.06521,4.255268,23.806224,3240.48,False,149.2119,8.575911,377.8584,478,1784710278.294756,25.48497772,51.45221794,11.1,1784710278435,233.61,1.0
35.0539,4.251707,23.904192,3242.05,False,149.0389,8.589302,377.4521,479,1784710278.636459,25.48497772,51.45221794,11.1,1784710278435,233.61,1.0
35.08418,4.343673,24.100128,3245.19,False,152.3942,8.603343,377.201,479,1784710279.0237243,25.48497772,51.45221794,11.1,1784710278435,233.61,1.0
34.97244,4.596206,24.198096,3246.76,False,160.7405,8.618203,376.7328,479,1784710279.296043,25.48497772,51.45221794,11.1,1784710278435,233.61,1.0
35.09549,4.181878,24.296064,3248.33,False,146.7651,8.630409,376.3819,480,1784710279.5749989,25.48502705,51.45218299,11.08,1784710279448,234.62,1.0
35.04097,4.344957,24.394032,3251.47,False,152.2515,8.642929,376.2,480,1784710279.9987702,25.48502705,51.45218299,11.08,1784710279448,234.62,1.0
35.0967,4.205821,24.589968,3253.04,False,147.6104,8.655922,375.8167,480,1784710280.1963456,25.48502705,51.45218299,11.08,1784710279448,234.62,1.0
35.05752,4.257273,24.687936,3254.61,False,149.2494,8.668557,375.45,481,1784710280.4956298,25.48507501,51.45214996,11.1,1784710280460,235.64,1.0
35.10502,4.232268,24.785904,3257.75,False,148.5739,8.682554,375.2064,481,1784710280.874892,25.48507501,51.45214996,11.1,1784710280460,235.64,1.0
35.00629,4.485359,24.883872,3259.32,False,157.0158,8.696563,374.7825,481,1784710281.1545732,25.48507501,51.45214996,11.1,1784710280460,235.64,1.0
35.06452,4.224048,24.98184,3262.46,False,148.1142,8.710729,374.5335,482,1784710281.5054088,25.48512857,51.45211382,11.1,1784710281474,236.65,1.0
35.09192,4.291061,25.177776,3264.03,False,150.5816,8.724307,374.1306,482,1784710281.8859797,25.48512857,51.45211382,11.1,1784710281474,236.65,1.0
35.04967,4.314101,25.275744,3267.17,False,151.2078,8.736293,373.9767,482,1784710282.1156588,25.48512857,51.45211382,11.1,1784710281474,236.65,1.0
35.05742,4.392479,25.373712,3268.74,False,153.989,8.748395,373.6388,483,1784710282.395514,25.48517641,51.45208068,11.1,1784710282487,237.66,1.0
35.02321,4.467981,25.47168,3270.31,False,156.483,8.762025,373.2368,483,1784710282.8651583,25.48517641,51.45208068,11.1,1784710282487,237.66,1.0
35.00675,4.526996,25.569648,3273.45,False,158.4754,8.775775,373.0098,483,1784710283.0551412,25.48517641,51.45208068,11.1,1784710282487,237.66,1.0
35.0946,4.283713,25.667616,3275.02,False,150.3352,8.788178,372.662,484,1784710283.3154414,25.48524641,51.45204237,11.0,1784710283487,238.66,1.0
35.0958,4.341674,25.765584,3276.59,False,152.3745,8.800496,372.3188,484,1784710283.615195,25.48524641,51.45204237,11.0,1784710283487,238.66,1.0
35.06687,4.278344,25.863552,3279.73,False,150.0281,8.813932,372.1075,484,1784710284.003868,25.48524641,51.45204237,11.0,1784710283487,238.66,1.0
35.01943,4.480701,25.96152,3281.3,False,156.9116,8.829004,371.6501,484,1784710284.2694783,25.48524641,51.45204237,11.0,1784710283487,238.66,1.0
35.07843,4.232531,26.059488,3284.44,False,148.4705,8.840697,371.5137,485,1784710284.5757418,25.48530177,51.45201166,11.0,1784710284496,239.67,1.0
35.04218,4.431834,26.255424,3286.01,False,155.3011,8.854937,371.0935,485,1784710284.9419312,25.48530177,51.45201166,11.0,1784710284496,239.67,1.0
35.1135,4.196865,26.353392,3289.15,False,147.3666,8.86817,370.8939,485,1784710285.2067957,25.48530177,51.45201166,11.0,1784710284496,239.67,1.0
35.07171,4.227,26.45136,3290.72,False,148.2481,8.881003,370.5347,486,1784710285.516878,25.4853563,51.45197544,10.9,1784710285506,240.68,1.0
35.11703,4.142702,26.549328,3293.86,False,145.4794,8.894598,370.3214,486,1784710285.8969471,25.4853563,51.45197544,10.9,1784710285506,240.68,1.0
35.07883,4.274363,26.647296,3295.43,False,149.9397,8.907635,369.9557,486,1784710286.170977,25.4853563,51.45197544,10.9,1784710285506,240.68,1.0
35.17727,3.988749,26.745264,3298.57,False,140.3133,8.920488,369.7746,487,1784710286.5059016,25.48541276,51.45193919,11.0,1784710286517,241.69,1.0
35.07508,4.251467,26.843232,3300.14,False,149.1205,8.933258,369.4218,487,1784710286.8951764,25.48541276,51.45193919,11.0,1784710286517,241.69,1.0
35.12152,4.19634,26.9412,3303.28,False,147.3818,8.947427,369.1877,487,1784710287.154321,25.48541276,51.45193919,11.0,1784710286517,241.69,1.0
35.02955,4.459994,27.039168,3304.85,False,156.2316,8.960418,368.8277,488,1784710287.4554448,25.48546973,51.45190616,11.1,1784710287531,242.71,1.0
35.08262,4.21442,27.137136,3307.99,False,147.8529,8.974135,368.6138,488,1784710287.9155552,25.48546973,51.45190616,11.1,1784710287531,242.71,1.0
35.14418,4.121434,27.235104,3311.13,False,144.8444,8.987232,368.426,488,1784710288.1345377,25.48546973,51.45190616,11.1,1784710287531,242.71,1.0
35.03521,4.302642,27.333072,3312.7,False,150.744,9.001086,368.0334,489,1784710288.4540553,25.48553149,51.45187535,11.37,1784710288533,243.71,1.0
35.0645,4.320332,27.43104,3315.84,False,151.4903,9.013876,367.8595,489,1784710288.901516,25.48553149,51.45187535,11.37,1784710288533,243.71,1.0
35.08916,4.305457,27.529008,3317.41,False,151.0749,9.026988,367.4991,489,1784710289.084687,25.48553149,51.45187535,11.37,1784710288533,243.71,1.0
35.11559,4.189455,27.626976,3320.55,False,147.1152,9.039759,367.3273,490,1784710289.369661,25.48553149,51.45187535,11.37,1784710288533,243.71,1.0
35.0296,4.463151,27.724944,3322.12,False,156.3424,9.054744,366.8928,490,1784710289.7176442,25.48561001,51.45183138,12.0,1784710289544,244.72,1.0
35.04595,4.332741,27.822912,3325.26,False,151.845,9.067781,366.7115,490,1784710290.50879,25.48561001,51.45183138,12.0,1784710289544,244.72,1.0
35.10297,4.357107,27.92088,3326.83,False,152.9474,9.081664,366.3238,491,1784710290.50879,25.48561001,51.45183138,12.0,1784710289544,244.72,1.0
35.0683,4.269362,28.018848,3329.97,False,149.7193,9.093598,366.1884,491,1784710290.9150105,25.48566639,51.4517969,12.4,1784710290555,245.73,1.0
35.07197,4.272773,28.018848,3333.11,False,149.8546,9.107444,365.9764,491,1784710291.327813,25.48566639,51.4517969,12.4,1784710290555,245.73,1.0
35.07772,4.374312,28.116816,3334.68,False,153.4409,9.121048,365.6027,491,1784710291.327813,25.48566639,51.4517969,12.4,1784710290555,245.73,1.0
35.00487,4.474549,28.214784,3337.82,False,156.631,9.133533,365.4468,492,1784710291.7336502,25.48572374,51.45176007,12.7,1784710291566,246.74,1.0
35.07167,4.274742,28.312752,3339.39,False,149.9223,9.145647,365.1344,492,1784710292.1077192,25.48572374,51.45176007,12.7,1784710291566,246.74,1.0
35.01236,4.451568,28.41072,3342.53,False,155.8599,9.159478,364.9258,492,1784710292.292215,25.48572374,51.45176007,12.7,1784710291566,246.74,1.0
35.03139,4.445236,28.508688,3344.1,False,155.7228,9.173913,364.5228,493,1784710292.914996,25.48578187,51.45172252,12.9,1784710292578,247.76,1.0
35.15927,4.063135,28.606656,3347.24,False,142.8569,9.185653,364.3987,493,1784710293.0992064,25.48578187,51.45172252,12.9,1784710292578,247.76,1.0
35.08041,4.361098,28.704624,3348.81,False,152.9891,9.199773,364.0101,493,1784710293.9082177,25.48585877,51.45167714,13.1,1784710293591,248.77,1.0
35.13369,4.218972,28.802592,3351.95,False,148.2281,9.211694,363.8799,494,1784710293.9082177,25.48585877,51.45167714,13.1,1784710293591,248.77,1.0
35.04358,4.396186,28.90056,3353.52,False,154.0581,9.224223,363.5558,494,1784710294.32113,25.48585877,51.45167714,13.1,1784710293591,248.77,1.0
35.12683,4.260642,28.90056,3356.66,False,149.6628,9.236277,363.4213,494,1784710294.3222475,25.48585877,51.45167714,13.1,1784710293591,248.77,1.0
35.03843,4.500684,28.998528,3358.23,False,157.6969,9.24883,363.0978,495,1784710294.3222475,25.48585877,51.45167714,13.1,1784710293591,248.77,1.0
35.05357,4.313224,29.096496,3361.37,False,151.1939,9.261022,362.9589,495,1784710294.7330112,25.4859148,51.45164519,13.4,1784710294603,249.78,1.0
35.06509,4.288212,29.194464,3364.51,False,150.3665,9.275537,362.7294,495,1784710295.1103747,25.4859148,51.45164519,13.4,1784710294603,249.78,1.0
35.04994,4.417261,29.292432,3366.08,False,154.8247,9.287982,362.4124,495,1784710295.2957227,25.4859148,51.45164519,13.4,1784710294603,249.78,1.0
35.11205,4.197587,29.3904,3369.22,False,147.3859,9.30063,362.2572,496,1784710295.543713,25.48597575,51.45160851,13.67,1784710295615,250.79,1.0
35.06921,4.320072,29.3904,3372.36,False,151.5015,9.314947,362.0375,496,1784710295.9841964,25.48597575,51.45160851,13.67,1784710295615,250.79,1.0
34.98237,4.557844,29.488368,3373.93,False,159.4442,9.32755,361.7166,496,1784710296.1685345,25.48597575,51.45160851,13.67,1784710295615,250.79,1.0
35.00901,4.453661,29.586336,3377.07,False,155.9183,9.341816,361.5004,497,1784710296.4980676,25.48597575,51.45160851,13.67,1784710295615,250.79,1.0
35.07519,4.356734,29.684304,3378.64,False,152.8133,9.353774,361.2061,497,1784710297.1713426,25.48605674,51.45156135,13.9,1784710296627,251.8,1.0
35.13373,4.145594,29.782272,3381.78,False,145.6502,9.366883,361.0358,497,1784710297.3550198,25.48605674,51.45156135,13.9,1784710296627,251.8,1.0
35.05646,4.317431,29.88024,3384.92,False,151.3538,9.38145,360.8099,498,1784710297.7618425,25.4861212,51.45152503,13.9,1784710297638,252.82,1.0
35.05592,4.292654,29.88024,3386.49,False,150.4829,9.393901,360.4988,498,1784710297.7618425,25.4861212,51.45152503,13.9,1784710297638,252.82,1.0
35.04603,4.360863,29.978208,3389.63,False,152.8309,9.406873,360.3355,498,1784710298.1704938,25.4861212,51.45152503,13.9,1784710297638,252.82,1.0
35.03024,4.394769,30.076176,3392.77,False,153.9498,9.421522,360.1085,499,1784710298.610181,25.4861212,51.45152503,13.9,1784710297638,252.82,1.0
35.11029,4.182591,30.174144,3395.91,False,146.852,9.434737,359.9369,499,1784710299.283088,25.48618585,51.45148702,13.6,1784710298649,253.83,1.0
35.14874,4.153201,30.272112,3397.48,False,145.9798,9.44814,359.5925,499,1784710299.4704304,25.48618585,51.45148702,13.6,1784710298649,253.83,1.0
35.024,4.421243,30.272112,3400.62,False,154.8496,9.461521,359.4158,500,1784710299.4704304,25.48618585,51.45148702,13.6,1784710298649,253.83,1.0
35.05127,4.428722,30.37008,3403.76,False,155.2323,9.475022,359.235,500,1784710299.8817718,25.48625045,51.45145056,13.3,1784710299665,254.84,1.0
35.07172,4.372179,30.468048,3405.33,False,153.3398,9.488765,358.8802,500,1784710300.6949902,25.48631316,51.45140966,13.1,1784710300675,255.85,1.0
35.06432,4.346878,30.566016,3408.47,False,152.4203,9.501932,358.7134,501,1784710300.8900394,25.48631316,51.45140966,13.1,1784710300675,255.85,1.0
35.10369,4.185813,30.663984,3411.61,False,146.9375,9.514884,358.5551,501,1784710300.8900394,25.48631316,51.45140966,13.1,1784710300675,255.85,1.0
35.04627,4.442677,30.663984,3413.18,False,155.6993,9.527624,358.2404,501,1784710301.3152456,25.48631316,51.45140966,13.1,1784710300675,255.85,1.0
35.04948,4.303017,30.761952,3416.32,False,150.8185,9.540675,358.0795,501,1784710301.505546,25.48639432,51.45136219,13.0,1784710301691,256.87,1.0
35.11901,4.170638,30.85992,3419.46,False,146.4687,9.552918,357.9493,502,1784710301.695109,25.48639432,51.45136219,13.0,1784710301691,256.87,1.0
35.09697,4.255847,30.85992,3421.03,False,149.3673,9.564632,357.675,502,1784710301.8853085,25.48639432,51.45136219,13.0,1784710301691,256.87,1.0
35.04442,4.517842,30.957888,3424.17,False,158.3252,9.577444,357.5244,502,1784710302.689597,25.48639432,51.45136219,13.0,1784710301691,256.87,1.0
35.12191,4.222181,31.055856,3427.31,False,148.2911,9.590869,357.3514,503,1784710302.8844986,25.48646056,51.4513233,12.9,1784710302704,257.88,1.0
35.04772,4.3,31.153824,3430.45,False,150.7052,9.605347,357.1396,503,1784710302.8844986,25.48646056,51.4513233,12.9,1784710302704,257.88,1.0
35.099,4.265642,31.251792,3432.02,False,149.7198,9.619509,356.777,503,1784710303.304744,25.48646056,51.4513233,12.9,1784710302704,257.88,1.0
35.12188,4.176917,31.251792,3435.16,False,146.7012,9.633552,356.5829,504,1784710303.7244246,25.48652853,51.45128239,12.8,1784710303717,258.89,1.0
35.0408,4.336133,31.34976,3438.3,False,151.9416,9.646318,356.4365,504,1784710303.9140427,25.48652853,51.45128239,12.8,1784710303717,258.89,1.0
35.12007,4.250822,31.447728,3441.44,False,149.2892,9.659586,356.272,504,1784710304.3262503,25.48652853,51.45128239,12.8,1784710303717,258.89,1.0
35.056,4.351746,31.447728,3443.01,False,152.5548,9.671944,355.9791,505,1784710304.5199387,25.48659546,51.45124377,12.7,1784710304728,259.9,1.0
35.04373,4.362066,31.545696,3446.15,False,152.8631,9.686584,355.7653,505,1784710304.7248037,25.48659546,51.45124377,12.7,1784710304728,259.9,1.0
35.00609,4.476306,31.643664,3449.29,False,156.698,9.699562,355.613,505,1784710305.1064594,25.48659546,51.45124377,12.7,1784710304728,259.9,1.0
34.96446,4.629196,31.741632,3452.43,False,161.8573,9.712653,355.4569,506,1784710305.314886,25.48659546,51.45124377,12.7,1784710304728,259.9,1.0
35.09163,4.38566,31.741632,3454.0,False,153.9,9.725431,355.1514,506,1784710305.6358645,25.48667823,51.45119489,12.7,1784710305741,260.92,1.0
35.07954,4.388004,31.8396,3457.14,False,153.9292,9.737895,355.0192,506,1784710305.9057324,25.48667823,51.45119489,12.7,1784710305741,260.92,1.0
35.15081,4.161535,31.937568,3460.28,False,146.2813,9.751179,354.8576,506,1784710306.3247995,25.48667823,51.45119489,12.7,1784710305741,260.92,1.0
35.13119,4.250223,31.937568,3463.42,False,149.3154,9.765476,354.6596,507,1784710306.5755794,25.48667823,51.45119489,12.7,1784710305741,260.92,1.0
35.0788,4.444742,32.035536,3466.56,False,155.9162,9.778351,354.5138,507,1784710306.8755305,25.48674599,51.45115302,12.8,1784710306754,261.93,1.0
35.05357,4.386742,32.133504,3468.13,False,153.771,9.791611,354.194,507,1784710307.2567222,25.48674599,51.45115302,12.8,1784710306754,261.93,1.0
35.17676,4.093631,32.133504,3471.27,False,144.0007,9.805306,354.0195,508,1784710307.5361257,25.48674599,51.45115302,12.8,1784710306754,261.93,1.0
35.10527,4.180132,32.231472,3474.41,False,146.7447,9.817957,353.8832,508,1784710307.8453426,25.48681413,51.45111187,12.92,1784710307767,262.94,1.0
35.09914,4.177499,32.32944,3477.55,False,146.6266,9.831036,353.7318,508,1784710308.225774,25.48681413,51.45111187,12.92,1784710307767,262.94,1.0
35.02582,4.32763,32.32944,3480.69,False,151.5788,9.845353,353.5363,509,1784710308.4951644,25.48681413,51.45111187,12.92,1784710307767,262.94,1.0
35.03975,4.366922,32.427408,3482.26,False,153.0159,9.857832,353.2481,509,1784710308.7951996,25.48688106,51.45106868,13.1,1784710308775,263.95,1.0
35.10802,4.25168,32.525376,3485.4,False,149.2681,9.872206,353.0518,509,1784710309.1760013,25.48688106,51.45106868,13.1,1784710308775,263.95,1.0
35.11409,4.202757,32.525376,3488.54,False,147.576,9.883882,352.9524,510,1784710309.427461,25.48688106,51.45106868,13.1,1784710308775,263.95,1.0
35.03914,4.403387,32.623344,3491.68,False,154.2909,9.897331,352.7901,510,1784710309.7435367,25.48694928,51.45102908,13.1,1784710309781,264.96,1.0
35.0299,4.456125,32.721312,3494.82,False,156.0976,9.911044,352.6188,510,1784710310.1546762,25.48694928,51.45102908,13.1,1784710309781,264.96,1.0
35.08415,4.314094,32.721312,3497.96,False,151.3563,9.925109,352.4354,511,1784710310.3912947,25.48694928,51.45102908,13.1,1784710309781,264.96,1.0
35.07497,4.309049,32.81928,3501.1,False,151.1398,9.938959,352.2602,511,1784710310.7690735,25.4870192,51.45098488,12.8,1784710310783,265.96,1.0
34.97262,4.523523,32.917248,3504.24,False,158.1995,9.954182,352.037,511,1784710311.178867,25.4870192,51.45098488,12.8,1784710310783,265.96,1.0
35.10337,4.162852,32.917248,3505.81,False,146.1301,9.966322,351.7657,512,1784710311.3736184,25.4870192,51.45098488,12.8,1784710310783,265.96,1.0
35.03345,4.407393,33.015216,3508.95,False,154.4062,9.978359,351.656,512,1784710311.642373,25.48710977,51.45093093,12.34,1784710311794,266.97,1.0
35.15891,4.234308,33.113184,3512.09,False,148.8737,9.991533,351.5066,512,1784710311.964355,25.48710977,51.45093093,12.34,1784710311794,266.97,1.0
35.08719,4.292533,33.113184,3515.23,False,150.6129,10.00339,351.4039,512,1784710312.3457491,25.48710977,51.45093093,12.34,1784710311794,266.97,1.0
35.03856,4.441618,33.211152,3516.8,False,155.6279,10.01735,351.0709,513,1784710312.5758598,25.48710977,51.45093093,12.34,1784710311794,266.97,1.0
35.01871,4.413506,33.30912,3519.94,False,154.5553,10.03238,350.8579,513,1784710312.9704297,25.48717917,51.45088781,12.0,1784710312803,267.98,1.0
35.09642,4.260703,33.30912,3523.08,False,149.5354,10.04434,350.7528,513,1784710313.3448684,25.48717917,51.45088781,12.0,1784710312803,267.98,1.0
35.03418,4.487849,33.407088,3526.22,False,157.2281,10.05792,350.5914,514,1784710313.5458696,25.48717917,51.45088781,12.0,1784710312803,267.98,1.0
35.04382,4.315426,33.407088,3529.36,False,151.229,10.07125,350.4391,514,1784710313.8485858,25.48724653,51.45084744,11.7,1784710313816,268.99,1.0
35.09805,4.296442,33.505056,3532.5,False,150.7967,10.0836,350.3213,514,1784710314.3178537,25.48724653,51.45084744,11.7,1784710313816,268.99,1.0
36.58121,0.08683424,33.407088,3535.64,False,3.176502,10.0839,350.6223,515,1784710314.9357133,25.48731542,51.45080239,11.3,1784710314829,270.01,1.0
36.57159,0.08389202,33.30912,3538.78,False,3.068065,10.08417,350.9243,515,1784710315.1332152,25.48731542,51.45080239,11.3,1784710314829,270.01,1.0
36.55962,0.06650809,33.30912,3540.35,False,2.43151,10.08439,351.0723,515,1784710315.6262586,25.48731542,51.45080239,11.3,1784710314829,270.01,1.0
36.59438,0.05851081,33.211152,3543.49,False,2.141167,10.08459,351.3767,516,1784710315.6262586,25.48731542,51.45080239,11.3,1784710314829,270.01,1.0
36.5629,0.100976,33.113184,3546.63,False,3.691975,10.08489,351.6776,516,1784710316.0556393,25.48738505,51.45076038,10.74,1784710315842,271.02,1.0
36.53777,0.08026182,33.113184,3549.77,False,2.932588,10.08516,351.9795,516,1784710316.4855294,25.48738505,51.45076038,10.74,1784710315842,271.02,1.0
36.60289,0.07276801,33.015216,3552.91,False,2.663519,10.08539,352.2829,517,1784710316.4855294,25.48738505,51.45076038,10.74,1784710315842,271.02,1.0
36.56887,0.0733707,32.917248,3556.05,False,2.683084,10.08563,352.5858,517,1784710316.9056368,25.48747783,51.45070311,10.1,1784710316850,272.03,1.0
36.57136,0.08290982,32.917248,3559.19,False,3.032125,10.0859,352.8877,517,1784710317.0960767,25.48747783,51.45070311,10.1,1784710316850,272.03,1.0
36.54393,0.09652738,32.81928,3560.76,False,3.52749,10.0862,353.0329,518,1784710317.476963,25.48747783,51.45070311,10.1,1784710316850,272.03,1.0
36.60842,0.08182114,32.721312,3563.9,False,2.995343,10.08646,353.3351,518,1784710317.6659176,25.48747783,51.45070311,10.1,1784710316850,272.03,1.0
36.57896,0.07799505,32.623344,3567.04,False,2.852978,10.08672,353.6373,518,1784710317.987179,25.48754658,51.45066275,9.9,1784710317859,273.04,1.0
36.56894,0.07488852,32.623344,3570.18,False,2.738594,10.08695,353.9405,518,1784710318.375836,25.48754658,51.45066275,9.9,1784710317859,273.04,1.0
36.59735,0.08538934,32.525376,3573.32,False,3.125024,10.08723,354.2419,519,1784710318.6762228,25.48761569,51.45062285,9.9,1784710318866,274.04,1.0
36.58523,0.08947668,32.427408,3576.46,False,3.273525,10.08753,354.5427,519,1784710318.9358292,25.48761569,51.45062285,9.9,1784710318866,274.04,1.0
36.56784,0.1002448,32.427408,3578.03,False,3.665736,10.08786,354.6867,519,1784710319.3563485,25.48761569,51.45062285,9.9,1784710318866,274.04,1.0
36.55799,0.07781764,32.32944,3581.17,False,2.844857,10.08812,354.9888,520,1784710319.5955653,25.48761569,51.45062285,9.9,1784710318866,274.04,1.0
36.58879,0.07883905,32.231472,3584.31,False,2.884625,10.08838,355.2909,520,1784710319.9156315,25.48768474,51.45057946,9.9,1784710319879,275.06,1.0
36.5069,0.0952276,32.231472,3587.45,False,3.476464,10.08868,355.5916,520,1784710320.2972105,25.48768474,51.45057946,9.9,1784710319879,275.06,1.0
36.58429,0.07553481,32.133504,3590.59,False,2.763387,10.08892,355.8944,521,1784710320.5372162,25.48768474,51.45057946,9.9,1784710319879,275.06,1.0
36.56415,0.07154486,32.035536,3593.73,False,2.615977,10.08914,356.1979,521,1784710320.845052,25.48774984,51.45053932,10.0,1784710320881,276.06,1.0
36.55446,0.06842965,31.937568,3595.3,False,2.501409,10.08936,356.3457,521,1784710321.7259924,25.48774984,51.45053932,10.0,1784710320881,276.06,1.0
36.57745,0.08127503,31.937568,3598.44,False,2.972833,10.08964,356.647,522,1784710321.916051,25.48781572,51.45049906,10.1,1784710321895,277.07,1.0
36.58517,0.07906026,31.8396,3601.58,False,2.892433,10.08987,356.9501,522,1784710321.916051,25.48781572,51.45049906,10.1,1784710321895,277.07,1.0
36.55736,0.07627085,31.741632,3604.72,False,2.788261,10.09014,357.2517,522,1784710322.3366275,25.48781572,51.45049906,10.1,1784710321895,277.07,1.0
36.58395,0.07438459,31.741632,3607.86,False,2.721282,10.09038,357.5544,523,1784710322.7559965,25.48781572,51.45049906,10.1,1784710321895,277.07,1.0
36.5807,0.07425821,31.643664,3609.43,False,2.716417,10.09063,357.7012,523,1784710322.94612,25.48790587,51.45044484,10.3,1784710322907,278.08,1.0
36.54429,0.08998026,31.545696,3612.57,False,3.288265,10.0909,358.0028,523,1784710323.135849,25.48790587,51.45044484,10.3,1784710322907,278.08,1.0
36.6148,0.06497945,31.545696,3615.71,False,2.37921,10.0911,358.3068,524,1784710323.516524,25.48790587,51.45044484,10.3,1784710322907,278.08,1.0
36.56895,0.07941346,31.447728,3618.85,False,2.904067,10.09135,358.6091,524,1784710324.5387805,25.48796889,51.45040449,10.5,1784710323918,279.1,1.0
36.544,0.09085824,31.34976,3620.42,False,3.320324,10.09164,358.7544,524,1784710325.33603,25.48796889,51.45040449,10.5,1784710323918,279.1,1.0
36.60214,0.08812428,31.34976,3623.56,False,3.225537,10.09189,359.0566,524,1784710325.3369513,25.48796889,51.45040449,10.5,1784710323918,279.1,1.0
36.59934,0.07916613,31.251792,3625.13,False,2.897428,10.09213,359.2037,525,1784710325.3369513,25.48796889,51.45040449,10.5,1784710323918,279.1,1.0
36.54836,0.07986253,31.153824,3628.27,False,2.918844,10.0924,359.5052,525,1784710325.7964056,25.48803119,51.45036545,10.6,1784710324929,280.11,1.0
36.56383,0.0772142,31.153824,3631.41,False,2.823247,10.09267,359.8067,525,1784710325.797305,25.48803119,51.45036545,10.6,1784710324929,280.11,1.0
36.58792,0.08605503,31.055856,3634.55,False,3.148575,10.09293,360.1085,526,1784710325.797305,25.48803119,51.45036545,10.6,1784710324929,280.11,1.0
36.57853,0.07840945,30.957888,3636.12,False,2.868102,10.09316,360.2559,526,1784710326.1767516,25.48809602,51.45033034,10.8,1784710325942,281.12,1.0
36.52323,0.06475735,30.957888,3639.26,False,2.365148,10.09336,360.5598,526,1784710327.0060308,25.48816197,51.45029025,10.9,1784710326953,282.13,1.0
36.55362,0.08516848,30.85992,3642.4,False,3.113216,10.09366,360.8602,527,1784710327.0060308,25.48816197,51.45029025,10.9,1784710326953,282.13,1.0
36.57263,0.07063739,30.761952,3645.54,False,2.583395,10.09389,361.163,527,1784710327.4419725,25.48816197,51.45029025,10.9,1784710326953,282.13,1.0
36.58709,0.07073072,30.761952,3648.68,False,2.587831,10.09414,361.4652,527,1784710327.4439704,25.48816197,51.45029025,10.9,1784710326953,282.13,1.0
36.52597,0.07653103,30.663984,3650.25,False,2.79537,10.09438,361.6121,528,1784710327.8664565,25.48816197,51.45029025,10.9,1784710326953,282.13,1.0
36.57004,0.08867917,30.566016,3653.39,False,3.243001,10.09468,361.9124,528,1784710327.8664565,25.48816197,51.45029025,10.9,1784710326953,282.13,1.0
36.5885,0.07404977,30.566016,3656.53,False,2.70937,10.09493,362.2145,528,1784710328.2865849,25.48825197,51.45023884,11.1,1784710327955,283.13,1.0
36.58263,0.07171646,30.468048,3659.67,False,2.623577,10.09517,362.5169,529,1784710329.17662,25.48831777,51.45019974,11.4,1784710328966,284.14,1.0
36.55152,0.07991219,30.37008,3661.24,False,2.920912,10.09541,362.6638,529,1784710329.3662052,25.48831777,51.45019974,11.4,1784710328966,284.14,1.0
36.56551,0.07038362,30.37008,3664.38,False,2.573613,10.09566,362.9659,529,1784710329.3662052,25.48831777,51.45019974,11.4,1784710328966,284.14,1.0
36.59198,0.08279809,30.272112,3667.52,False,3.029746,10.0959,363.2683,530,1784710329.7964125,25.48831777,51.45019974,11.4,1784710328966,284.14,1.0
36.59239,0.09185057,30.174144,3669.09,False,3.361032,10.09621,363.4126,530,1784710329.7964125,25.48831777,51.45019974,11.4,1784710328966,284.14,1.0
36.55969,0.08060438,30.174144,3672.23,False,2.946871,10.09648,363.7139,530,1784710330.216203,25.48838001,51.45016054,11.6,1784710329980,285.16,1.0
36.55629,0.07908193,30.076176,3675.37,False,2.890942,10.09675,364.0152,531,1784710330.6565669,25.48838001,51.45016054,11.6,1784710329980,285.16,1.0
36.55799,0.07389398,29.978208,3678.51,False,2.701415,10.097,364.3171,531,1784710330.8477402,25.4884504,51.45012099,11.7,1784710330991,286.17,1.0
36.55245,0.08904745,29.88024,3680.08,False,3.254902,10.09729,364.4621,531,1784710331.0564437,25.4884504,51.45012099,11.7,1784710330991,286.17,1.0
36.55903,0.07774256,29.88024,3683.22,False,2.842193,10.09756,364.7634,532,1784710331.4376895,25.4884504,51.45012099,11.7,1784710330991,286.17,1.0
36.60117,0.08215651,29.782272,3686.36,False,3.007024,10.09782,365.0649,532,1784710331.706849,25.4884504,51.45012099,11.7,1784710330991,286.17,1.0
36.57123,0.08817663,29.782272,3687.93,False,3.224728,10.09809,365.2106,532,1784710332.0062191,25.48851067,51.45007957,11.8,1784710332004,287.18,1.0
36.59469,0.0731866,29.684304,3691.07,False,2.678241,10.09834,365.5125,533,1784710332.6062963,25.48851067,51.45007957,11.8,1784710332004,287.18,1.0
36.54817,0.08400461,29.586336,3694.21,False,3.070215,10.09859,365.8144,533,1784710332.796154,25.48857171,51.45004158,11.9,1784710333015,288.19,1.0
36.59114,0.0794285,29.586336,3695.78,False,2.906379,10.09884,365.9608,533,1784710333.0434282,25.48857171,51.45004158,11.9,1784710333015,288.19,1.0
36.60153,0.08701927,29.488368,3698.92,False,3.185038,10.09913,366.2613,533,1784710333.4257812,25.48857171,51.45004158,11.9,1784710333015,288.19,1.0
36.58832,0.07612435,29.3904,3702.06,False,2.785262,10.09937,366.5635,534,1784710333.6152155,25.48857171,51.45004158,11.9,1784710333015,288.19,1.0
36.53768,0.0850431,29.3904,3703.63,False,3.107278,10.09967,366.708,534,1784710333.9268658,25.48863494,51.45000121,11.8,1784710334030,289.21,1.0
36.56026,0.06965893,29.292432,3706.77,False,2.546749,10.0999,367.0106,534,1784710334.405142,25.48863494,51.45000121,11.8,1784710334030,289.21,1.0
36.55469,0.0852124,29.194464,3709.91,False,3.114913,10.10015,367.3124,535,1784710334.5998075,25.48863494,51.45000121,11.8,1784710334030,289.21,1.0
36.55277,0.07584512,29.194464,3711.48,False,2.772349,10.10039,367.4591,535,1784710334.8607352,25.48871766,51.44995395,11.8,1784710335038,290.21,1.0
36.58004,0.07996311,29.096496,3714.62,False,2.925054,10.10067,367.7598,535,1784710335.2161963,25.48871766,51.44995395,11.8,1784710335038,290.21,1.0
36.56673,0.07329262,28.998528,3716.19,False,2.680071,10.10088,367.9075,536,1784710335.6067104,25.48871766,51.44995395,11.8,1784710335038,290.21,1.0
36.5663,0.08803817,28.998528,3719.33,False,3.21923,10.10116,368.2082,536,1784710335.8945584,25.48877715,51.44991943,11.7,1784710336051,291.23,1.0
36.54589,0.08086549,28.90056,3722.47,False,2.955301,10.10143,368.5092,536,1784710336.1258466,25.48877715,51.44991943,11.7,1784710336051,291.23,1.0
36.59231,0.07103035,28.802592,3724.04,False,2.599165,10.10167,368.6559,537,1784710336.5535705,25.48877715,51.44991943,11.7,1784710336051,291.23,1.0
36.55195,0.07760556,28.802592,3727.18,False,2.836635,10.10195,368.9565,537,1784710336.8025968,25.48877715,51.44991943,11.7,1784710336051,291.23,1.0
36.57049,0.07581864,28.704624,3730.32,False,2.772725,10.10218,369.2589,537,1784710337.097816,25.48883922,51.44988149,11.6,1784710337063,292.24,1.0
36.55707,0.08713084,28.606656,3731.89,False,3.185248,10.10245,369.4045,538,1784710337.510143,25.48883922,51.44988149,11.6,1784710337063,292.24,1.0
36.55806,0.06885131,28.606656,3735.03,False,2.51707,10.10266,369.7076,538,1784710337.7103262,25.48883922,51.44988149,11.6,1784710337063,292.24,1.0
36.60114,0.08154999,28.508688,3736.6,False,2.984823,10.10291,369.8538,538,1784710338.0234303,25.48889655,51.4498467,11.4,1784710338076,293.25,1.0
36.6003,0.0809648,28.508688,3739.74,False,2.963336,10.10319,370.1544,539,1784710338.4518285,25.48889655,51.4498467,11.4,1784710338076,293.25,1.0
36.56994,0.07468005,28.41072,3742.88,False,2.731045,10.10344,370.456,539,1784710338.683106,25.48889655,51.4498467,11.4,1784710338076,293.25,1.0
36.56671,0.08068218,28.312752,3744.45,False,2.950282,10.10367,370.603,539,1784710338.9622424,25.4889558,51.4498104,11.1,1784710339088,294.26,1.0
36.61066,0.07667383,28.312752,3747.59,False,2.80708,10.10392,370.9046,539,1784710339.46407,25.4889558,51.4498104,11.1,1784710339088,294.26,1.0
36.60144,0.07530885,28.214784,3749.16,False,2.756412,10.10416,371.0511,540,1784710339.7240915,25.4889558,51.4498104,11.1,1784710339088,294.26,1.0
36.59371,0.0904291,28.116816,3752.3,False,3.309136,10.10447,371.3505,540,1784710339.9305253,25.4890373,51.449762,10.73,1784710340104,295.28,1.0
36.54014,0.07290915,28.116816,3755.44,False,2.664111,10.10472,371.6521,540,1784710340.2778492,25.4890373,51.449762,10.73,1784710340104,295.28,1.0
36.54048,0.07789179,28.018848,3757.01,False,2.846203,10.10497,371.7982,541,1784710340.6664803,25.4890373,51.449762,10.73,1784710340104,295.28,1.0
36.54744,0.0798084,27.92088,3760.15,False,2.916793,10.10524,372.099,541,1784710340.9254763,25.4890373,51.449762,10.73,1784710340104,295.28,1.0
36.58962,0.06962577,27.92088,3763.29,False,2.54758,10.10548,372.4009,541,1784710341.2660396,25.48910007,51.44972982,10.4,1784710341117,296.29,1.0
36.57834,0.09592251,27.822912,3764.86,False,3.508686,10.10579,372.5448,542,1784710341.64514,25.48910007,51.44972982,10.4,1784710341117,296.29,1.0
36.56915,0.09251472,27.724944,3768.0,False,3.383185,10.10609,372.8445,542,1784710341.895187,25.48910007,51.44972982,10.4,1784710341117,296.29,1.0
36.59222,0.0753859,27.724944,3769.57,False,2.758537,10.10633,372.991,542,1784710342.2277536,25.48915921,51.44969614,10.02,1784710342130,297.31,1.0
36.57924,0.07502111,27.626976,3772.71,False,2.744215,10.10656,373.2932,543,1784710342.616645,25.48915921,51.44969614,10.02,1784710342130,297.31,1.0
36.59152,0.07290918,27.626976,3774.28,False,2.667858,10.10681,373.4393,543,1784710342.8602705,25.48915921,51.44969614,10.02,1784710342130,297.31,1.0
36.57036,0.07253034,27.529008,3777.42,False,2.652461,10.10702,373.7422,543,1784710343.162392,25.48921425,51.44966166,9.9,1784710343144,298.32,1.0
36.55991,0.09150856,27.43104,3778.99,False,3.345545,10.10729,373.8876,544,1784710343.5457568,25.48921425,51.44966166,9.9,1784710343144,298.32,1.0
36.57939,0.07128833,27.43104,3782.13,False,2.607684,10.10752,374.1897,544,1784710343.7359846,25.48921425,51.44966166,9.9,1784710343144,298.32,1.0
36.51818,0.07903116,27.333072,3783.7,False,2.886074,10.10778,374.3354,544,1784710344.0658076,25.48926992,51.4496271,9.71,1784710344156,299.33,1.0
36.59668,0.070411,27.333072,3786.84,False,2.576809,10.10801,374.6375,545,1784710344.5362008,25.48926992,51.4496271,9.71,1784710344156,299.33,1.0
36.58333,0.08460753,27.235104,3788.41,False,3.095225,10.10828,374.7829,545,1784710344.7267904,25.48926992,51.4496271,9.71,1784710344156,299.33,1.0
36.57688,0.07474592,27.137136,3791.55,False,2.733973,10.10852,375.0846,545,1784710345.0159311,25.4893258,51.44959006,9.7,1784710345170,300.35,1.0
36.57218,0.08206544,27.137136,3793.12,False,3.001312,10.1088,375.2295,546,1784710345.5462637,25.4893258,51.44959006,9.7,1784710345170,300.35,1.0
36.54833,0.08070842,27.039168,3796.26,False,2.949758,10.10907,375.5301,546,1784710346.136368,25.48940151,51.44953828,9.7,1784710346183,301.36,1.0
36.60274,0.07987171,26.9412,3799.4,False,2.923523,10.10932,375.8314,546,1784710346.4090755,25.48940151,51.44953828,9.7,1784710346183,301.36,1.0
36.55994,0.08176352,26.9412,3800.97,False,2.989269,10.1096,375.9763,547,1784710346.4550867,25.48940151,51.44953828,9.7,1784710346183,301.36,1.0
36.57591,0.07984423,26.843232,3804.11,False,2.920375,10.10985,376.2776,547,1784710346.906315,25.48940151,51.44953828,9.7,1784710346183,301.36,1.0
36.57048,0.07771584,26.843232,3805.68,False,2.842106,10.11008,376.4243,547,1784710347.3461006,25.48945552,51.44950491,9.78,1784710347193,302.37,1.0
36.56533,0.07759549,26.745264,3807.25,False,2.837305,10.11034,376.5699,547,1784710347.3470588,25.48945552,51.44950491,9.78,1784710347193,302.37,1.0
36.56506,0.08582745,26.647296,3810.39,False,3.138286,10.11062,376.8701,548,1784710347.7671795,25.48945552,51.44950491,9.78,1784710347193,302.37,1.0
36.5714,0.07721052,26.647296,3811.96,False,2.823697,10.11085,377.0168,548,1784710348.18653,25.48945552,51.44950491,9.78,1784710347193,302.37,1.0
36.57285,0.07373437,26.549328,3815.1,False,2.696676,10.11107,377.3191,548,1784710348.18653,25.48945552,51.44950491,9.78,1784710347193,302.37,1.0
36.56495,0.07091041,26.549328,3816.67,False,2.592836,10.11129,377.4662,549,1784710348.61318,25.48950826,51.44947204,9.9,1784710348207,303.38,1.0
36.59421,0.07011252,26.45136,3819.81,False,2.565712,10.11154,377.7674,549,1784710349.036536,25.48956558,51.44943939,10.0,1784710349218,304.4,1.0
36.53625,0.08116339,26.353392,3821.38,False,2.965406,10.1118,377.9129,549,1784710349.2261827,25.48956558,51.44943939,10.0,1784710349218,304.4,1.0
36.58095,0.08565244,26.353392,3824.52,False,3.133248,10.11205,378.2141,550,1784710349.6070695,25.48956558,51.44943939,10.0,1784710349218,304.4,1.0
36.58661,0.07885656,26.255424,3826.09,False,2.885094,10.11231,378.3596,550,1784710349.8269117,25.48956558,51.44943939,10.0,1784710349218,304.4,1.0
36.58035,0.08278057,26.157456,3829.23,False,3.028142,10.11259,378.6597,550,1784710350.0908997,25.48963896,51.44939505,10.1,1784710350231,305.41,1.0
36.56884,0.08343032,26.157456,3830.8,False,3.05095,10.11287,378.8044,551,1784710350.4165206,25.48963896,51.44939505,10.1,1784710350231,305.41,1.0
36.57405,0.07048908,26.059488,3833.94,False,2.578071,10.11312,379.1056,551,1784710350.8062267,25.48963896,51.44939505,10.1,1784710350231,305.41,1.0
36.60185,0.0895243,25.96152,3835.51,False,3.276755,10.11342,379.2496,551,1784710351.1018429,25.48967731,51.44936974,10.2,1784710351240,306.42,1.0
36.57755,0.06988878,25.96152,3838.65,False,2.55636,10.11366,379.551,552,1784710351.6160846,25.48967731,51.44936974,10.2,1784710351240,306.42,1.0
36.55303,0.09310868,25.863552,3840.22,False,3.403404,10.11398,379.6942,552,1784710351.8164108,25.48967731,51.44936974,10.2,1784710351240,306.42,1.0
36.56382,0.08078665,25.863552,3843.36,False,2.953869,10.11423,379.9953,552,1784710352.095811,25.48974904,51.44932228,10.3,1784710352251,307.43,1.0
36.54823,0.08765076,25.765584,3844.93,False,3.20348,10.11451,380.14,553,1784710352.3867934,25.48974904,51.44932228,10.3,1784710352251,307.43,1.0
36.54461,0.08859697,25.667616,3848.07,False,3.237742,10.11482,380.4388,553,1784710352.766269,25.48974904,51.44932228,10.3,1784710352251,307.43,1.0
36.55239,0.08059256,25.667616,3849.64,False,2.945851,10.1151,380.5835,553,1784710353.0668485,25.48974904,51.44932228,10.3,1784710352251,307.43,1.0
36.57782,0.07555075,25.569648,3852.78,False,2.763482,10.11532,380.8856,554,1784710353.3740284,25.48980451,51.44928957,10.3,1784710353262,308.44,1.0
36.569,0.08372582,25.569648,3854.35,False,3.06177,10.11559,381.0307,554,1784710353.7556183,25.48980451,51.44928957,10.3,1784710353262,308.44,1.0
36.61231,0.07792834,25.47168,3857.49,False,2.853137,10.11584,381.3317,554,1784710353.9963126,25.48980451,51.44928957,10.3,1784710353262,308.44,1.0
36.56761,0.08011814,25.373712,3859.06,False,2.929729,10.1161,381.4771,555,1784710354.3070765,25.48985796,51.44925847,10.3,1784710354275,309.45,1.0
36.55822,0.07990316,25.373712,3860.63,False,2.921117,10.11636,381.6224,555,1784710354.7164242,25.48985796,51.44925847,10.3,1784710354275,309.45,1.0
36.54129,0.07146288,25.275744,3863.77,False,2.611346,10.11658,381.9245,555,1784710354.936635,25.48985796,51.44925847,10.3,1784710354275,309.45,1.0
36.57128,0.07840542,25.275744,3865.34,False,2.867387,10.11683,382.0703,555,1784710355.2560804,25.48991092,51.44922737,10.2,1784710355289,310.47,1.0
36.54359,0.0903427,25.177776,3866.91,False,3.301447,10.11709,382.2156,556,1784710355.846821,25.48991092,51.44922737,10.2,1784710355289,310.47,1.0
36.54305,0.06578463,25.079808,3870.05,False,2.403971,10.11729,382.5184,556,1784710356.0364692,25.48991092,51.44922737,10.2,1784710355289,310.47,1.0
36.56309,0.08417272,25.079808,3871.62,False,3.077615,10.11758,382.6627,556,1784710356.2282894,25.48997908,51.44918888,10.01,1784710356304,311.48,1.0
36.55325,0.07699392,24.98184,3874.76,False,2.814378,10.11781,382.9643,557,1784710356.477217,25.48997908,51.44918888,10.01,1784710356304,311.48,1.0
36.58265,0.0791925,24.98184,3876.33,False,2.897072,10.11809,383.1089,557,1784710356.8613796,25.48997908,51.44918888,10.01,1784710356304,311.48,1.0
36.60271,0.06887588,24.883872,3879.47,False,2.521044,10.11832,383.4105,557,1784710357.1466072,25.48997908,51.44918888,10.01,1784710356304,311.48,1.0
36.58748,0.0857547,24.785904,3881.04,False,3.137548,10.11862,383.5543,558,1784710357.4967394,25.4900345,51.44915471,9.7,1784710357312,312.49,1.0
36.57456,0.07691334,24.785904,3884.18,False,2.813072,10.11889,383.8544,558,1784710357.8769176,25.4900345,51.44915471,9.7,1784710357312,312.49,1.0
36.55502,0.07671668,24.687936,3885.75,False,2.80438,10.11912,384.0008,558,1784710358.1373146,25.4900345,51.44915471,9.7,1784710357312,312.49,1.0
36.54848,0.1041468,24.589968,3887.32,False,3.806407,10.11946,384.143,559,1784710358.4569476,25.49008553,51.44912175,9.5,1784710358326,313.5,1.0
36.56953,0.07841408,24.589968,3890.46,False,2.867566,10.11969,384.4446,559,1784710358.9568555,25.49008553,51.44912175,9.5,1784710358326,313.5,1.0
36.56707,0.07621934,24.492,3892.03,False,2.787118,10.11992,384.591,559,1784710359.217172,25.49013551,51.44909297,9.22,1784710359336,314.51,1.0
36.55876,0.07388359,24.492,3893.6,False,2.701092,10.12016,384.737,560,1784710359.4266207,25.49013551,51.44909297,9.22,1784710359336,314.51,1.0
36.56333,0.08826082,24.394032,3896.74,False,3.227109,10.12044,385.0366,560,1784710359.8357456,25.49013551,51.44909297,9.22,1784710359336,314.51,1.0
36.53903,0.06612715,24.394032,3898.31,False,2.416222,10.12067,385.183,560,1784710360.0670972,25.49013551,51.44909297,9.22,1784710359336,314.51,1.0
36.55913,0.07533385,24.296064,3899.88,False,2.75414,10.12089,385.3297,561,1784710360.3161943,25.49018488,51.44906009,8.98,1784710360350,315.53,1.0
36.59398,0.07543881,24.198096,3903.02,False,2.760606,10.12114,385.6305,561,1784710360.778956,25.49018488,51.44906009,8.98,1784710360350,315.53,1.0
36.57991,0.09752106,24.198096,3904.59,False,3.567312,10.12147,385.773,561,1784710360.9676795,25.49018488,51.44906009,8.98,1784710360350,315.53,1.0
36.54894,0.06980791,24.100128,3906.16,False,2.551405,10.12169,385.9197,561,1784710361.278244,25.49023569,51.44902814,8.74,1784710361363,316.54,1.0
36.56317,0.07777301,24.100128,3909.3,False,2.843628,10.12191,386.2216,562,1784710361.7458704,25.49023569,51.44902814,8.74,1784710361363,316.54,1.0
36.60591,0.08698032,24.00216,3910.87,False,3.183994,10.12219,386.366,562,1784710361.9366555,25.49023569,51.44902814,8.74,1784710361363,316.54,1.0
36.54553,0.08023568,24.00216,3912.44,False,2.932255,10.12247,386.5104,562,1784710362.2081056,25.49029918,51.44898774,8.42,1784710362377,317.55,1.0
36.5307,0.08236128,23.904192,3915.58,False,3.008715,10.12271,386.8114,563,1784710362.604574,25.49029918,51.44898774,8.42,1784710362377,317.55,1.0
36.57866,0.09108623,23.806224,3917.15,False,3.331812,10.12298,386.9562,563,1784710362.9971015,25.49029918,51.44898774,8.42,1784710362377,317.55,1.0
36.56941,0.06872291,23.806224,3918.72,False,2.513156,10.12321,387.1025,563,1784710363.1868513,25.49029918,51.44898774,8.42,1784710362377,317.55,1.0
36.58331,0.07826867,23.708256,3921.86,False,2.863327,10.12349,387.402,564,1784710363.4666405,25.4903495,51.44895586,8.2,1784710363388,318.56,1.0
36.57501,0.07004764,23.708256,3923.43,False,2.561993,10.12372,387.5483,564,1784710363.9584117,25.4903495,51.44895586,8.2,1784710363388,318.56,1.0
36.55566,0.0754547,23.610288,3925.0,False,2.758296,10.12396,387.6941,564,1784710364.1470337,25.4903495,51.44895586,8.2,1784710363388,318.56,1.0
36.60224,0.0863146,23.51232,3928.14,False,3.159308,10.12426,387.9928,565,1784710364.4468875,25.49040164,51.44892756,8.0,1784710364402,319.58,1.0
36.57292,0.06173539,23.51232,3929.71,False,2.257843,10.12448,388.1394,565,1784710364.8553536,25.49040164,51.44892756,8.0,1784710364402,319.58,1.0
36.60235,0.08745049,23.414352,3931.28,False,3.200893,10.12474,388.2845,565,1784710365.130258,25.49044794,51.44889496,7.7,1784710365418,320.6,1.0
36.5672,0.07457783,23.414352,3934.42,False,2.727102,10.12496,388.5862,566,1784710365.379236,25.49044794,51.44889496,7.7,1784710365418,320.6,1.0
36.5808,0.08415586,23.316384,3935.99,False,3.078489,10.12522,388.7313,566,1784710365.797007,25.49044794,51.44889496,7.7,1784710365418,320.6,1.0
36.55459,0.08184467,23.218416,3937.56,False,2.991798,10.1255,388.8756,566,1784710366.0505052,25.49044794,51.44889496,7.7,1784710365418,320.6,1.0
36.57365,0.06992202,23.218416,3940.7,False,2.557303,10.12573,389.1769,567,1784710366.352009,25.49049567,51.44886261,7.41,1784710366430,321.61,1.0
36.54979,0.08918812,23.120448,3942.27,False,3.259807,10.12602,389.3208,567,1784710366.7991056,25.49049567,51.44886261,7.41,1784710366430,321.61,1.0
36.57907,0.09146857,23.120448,3943.84,False,3.345835,10.12631,389.4647,567,1784710367.011726,25.49049567,51.44886261,7.41,1784710366430,321.61,1.0
36.59218,0.0797118,23.02248,3946.98,False,2.916829,10.12657,389.7647,567,1784710367.3000326,25.49054191,51.44882925,7.2,1784710367444,322.62,1.0
36.5625,0.09158263,23.02248,3948.55,False,3.34849,10.12689,389.9075,568,1784710367.8528242,25.49054191,51.44882925,7.2,1784710367444,322.62,1.0
36.5716,0.08726278,22.924512,3950.12,False,3.191339,10.12719,390.0509,568,1784710368.0369527,25.49054191,51.44882925,7.2,1784710367444,322.62,1.0
36.5569,0.07979764,22.826544,3953.26,False,2.917154,10.12743,390.3517,568,1784710368.2704115,25.49060467,51.44878305,7.3,1784710368454,323.63,1.0
36.56061,0.08671997,22.826544,3954.83,False,3.170535,10.12772,390.4956,569,1784710368.5987682,25.49060467,51.44878305,7.3,1784710368454,323.63,1.0
36.55484,0.07438205,22.728576,3956.4,False,2.719024,10.12797,390.641,569,1784710368.9662526,25.49060467,51.44878305,7.3,1784710368454,323.63,1.0
36.57033,0.07339717,22.728576,3957.97,False,2.684159,10.12818,390.7879,569,1784710369.213623,25.49060467,51.44878305,7.3,1784710368454,323.63,1.0
36.56612,0.08257899,22.630608,3959.54,False,3.019593,10.12843,390.9332,570,1784710369.5141397,25.49064908,51.44875347,7.4,1784710369470,324.65,1.0
36.5744,0.08372447,22.630608,3962.68,False,3.062172,10.1287,391.2328,570,1784710369.8835833,25.49064908,51.44875347,7.4,1784710369470,324.65,1.0
36.51377,0.08243163,22.53264,3964.25,False,3.00989,10.12897,391.3774,570,1784710370.6167362,25.49069868,51.44873038,7.5,1784710370483,325.66,1.0
36.5505,0.07143649,22.434672,3965.82,False,2.611039,10.12919,391.5239,571,1784710370.811409,25.49069868,51.44873038,7.5,1784710370483,325.66,1.0
36.56333,0.08058675,22.434672,3967.39,False,2.94652,10.12944,391.6692,571,1784710371.2568238,25.49069868,51.44873038,7.5,1784710370483,325.66,1.0
36.53652,0.07370028,22.336704,3970.53,False,2.692752,10.12969,391.9695,571,1784710371.2568238,25.49069868,51.44873038,7.5,1784710370483,325.66,1.0
36.5782,0.08592758,22.336704,3972.1,False,3.143076,10.12998,392.1133,572,1784710371.6997423,25.49075116,51.44871138,7.6,1784710371495,326.67,1.0
36.58999,0.08102533,22.238736,3973.67,False,2.964716,10.13024,392.2582,572,1784710371.99455,25.49075116,51.44871138,7.6,1784710371495,326.67,1.0
36.58435,0.07904022,22.238736,3976.81,False,2.891635,10.13049,392.5585,572,1784710372.419953,25.49075116,51.44871138,7.6,1784710371495,326.67,1.0
36.56441,0.06729019,22.140768,3978.38,False,2.460426,10.1307,392.7053,573,1784710372.419953,25.49075116,51.44871138,7.6,1784710371495,326.67,1.0
36.57706,0.06786708,22.0428,3979.95,False,2.482378,10.13093,392.8514,573,1784710374.485484,25.49086335,51.44865175,8.08,1784710373518,328.7,1.0
36.5437,0.09073498,22.0428,3981.52,False,3.315792,10.13123,392.9947,573,1784710374.485484,25.49086335,51.44865175,8.08,1784710373518,328.7,1.0
36.55413,0.07535824,21.944832,3984.66,False,2.754655,10.13149,393.2946,574,1784710374.486415,25.49086335,51.44865175,8.08,1784710373518,328.7,1.0
35.02352,4.425043,22.140768,3986.23,False,154.9806,10.14432,392.9519,574,1784710374.486415,25.49086335,51.44865175,8.08,1784710373518,328.7,1.0
35.05904,4.266999,22.238736,3987.8,False,149.5969,10.15865,392.5522,574,1784710374.486415,25.49086335,51.44865175,8.08,1784710373518,328.7,1.0
35.08433,4.236517,22.434672,3989.37,False,148.6354,10.17194,392.1936,575,1784710374.8713334,25.49091139,51.44862054,8.5,1784710374526,329.7,1.0
35.0894,4.249361,22.53264,3992.51,False,149.1075,10.18545,391.9817,575,1784710374.8713334,25.49091139,51.44862054,8.5,1784710374526,329.7,1.0
35.0778,4.326589,22.630608,3994.08,False,151.7672,10.1974,391.6763,575,1784710375.4138076,25.49091139,51.44862054,8.5,1784710374526,329.7,1.0
35.14308,4.186674,22.826544,3995.65,False,147.1326,10.21167,391.2827,575,1784710375.4138076,25.49091139,51.44862054,8.5,1784710374526,329.7,1.0
35.16582,4.179377,22.924512,3998.79,False,146.9712,10.22344,391.1394,576,1784710376.2447095,25.49095698,51.4485916,8.9,1784710375540,330.72,1.0
35.13803,4.123505,23.02248,4000.36,False,144.8918,10.23511,390.8468,576,1784710376.6527731,25.49095698,51.4485916,8.9,1784710375540,330.72,1.0
35.05966,4.253107,23.120448,4001.93,False,149.1125,10.24939,390.4554,576,1784710376.6527731,25.49095698,51.4485916,8.9,1784710375540,330.72,1.0
35.13158,4.170129,23.316384,4005.07,False,146.5032,10.26354,390.2231,577,1784710376.6527731,25.49095698,51.4485916,8.9,1784710375540,330.72,1.0
35.0075,4.359871,23.414352,4006.64,False,152.6282,10.27579,389.9107,577,1784710377.062282,25.49100621,51.44855972,9.31,1784710376554,331.73,1.0
35.0261,4.360334,23.51232,4008.21,False,152.7255,10.2888,389.5702,577,1784710377.4762616,25.49100621,51.44855972,9.31,1784710376554,331.73,1.0
35.08055,4.274587,23.708256,4009.78,False,149.9549,10.30338,389.1713,578,1784710377.6730037,25.49105502,51.44852983,9.63,1784710377569,332.75,1.0
35.03873,4.402891,23.806224,4012.92,False,154.2717,10.31815,388.9186,578,1784710378.106007,25.49105502,51.44852983,9.63,1784710377569,332.75,1.0
35.04479,4.298728,23.904192,4014.49,False,150.648,10.33076,388.5958,578,1784710378.7251534,25.49111905,51.4484893,10.05,1784710378583,333.76,1.0
35.0029,4.431205,24.100128,4016.06,False,155.105,10.34356,388.2667,579,1784710378.9201794,25.49111905,51.4484893,10.05,1784710378583,333.76,1.0
35.01878,4.473567,24.198096,4019.2,False,156.6589,10.35595,388.1054,579,1784710378.9201794,25.49111905,51.4484893,10.05,1784710378583,333.76,1.0
35.02257,4.408824,24.296064,4020.77,False,154.4083,10.36862,387.7826,579,1784710379.3503177,25.49111905,51.4484893,10.05,1784710378583,333.76,1.0
35.07487,4.363185,24.394032,4022.34,False,153.0381,10.38155,387.4508,580,1784710379.3503177,25.49111905,51.4484893,10.05,1784710378583,333.76,1.0
35.08268,4.278696,24.492,4025.48,False,150.1081,10.39392,387.2918,580,1784710379.7769558,25.49116528,51.44845656,10.3,1784710379598,334.78,1.0
35.03386,4.382993,24.589968,4027.05,False,153.5532,10.40727,386.9459,580,1784710380.208919,25.49116528,51.44845656,10.3,1784710379598,334.78,1.0
35.0877,4.223576,24.785904,4028.62,False,148.1956,10.42122,386.5785,580,1784710380.396186,25.49116528,51.44845656,10.3,1784710379598,334.78,1.0
35.04505,4.32932,24.883872,4031.76,False,151.7212,10.43468,386.3808,581,1784710380.6081214,25.49121591,51.44842021,10.53,1784710380611,335.79,1.0
35.02166,4.445083,24.98184,4033.33,False,155.6742,10.44842,386.023,581,1784710381.0392878,25.49121591,51.44842021,10.53,1784710380611,335.79,1.0
35.13895,4.149572,25.079808,4036.47,False,145.8116,10.46173,385.832,581,1784710381.266592,25.49121591,51.44842021,10.53,1784710380611,335.79,1.0
35.07936,4.332595,25.177776,4038.04,False,151.9847,10.47543,385.4773,582,1784710381.6861465,25.49126859,51.44838601,10.7,1784710381625,336.8,1.0
35.0429,4.38787,25.373712,4041.18,False,153.7637,10.48902,385.2772,582,1784710382.146067,25.49126859,51.44838601,10.7,1784710381625,336.8,1.0
35.01707,4.387214,25.47168,4042.75,False,153.6274,10.5039,384.8809,582,1784710382.739587,25.49132299,51.44835326,10.9,1784710382639,337.82,1.0
34.99441,4.484409,25.569648,4044.32,False,156.9292,10.51716,384.5449,583,1784710382.9212642,25.49132299,51.44835326,10.9,1784710382639,337.82,1.0
35.12872,4.190989,25.667616,4047.46,False,147.2241,10.53048,384.3566,583,1784710383.3362956,25.49132299,51.44835326,10.9,1784710382639,337.82,1.0
35.1462,3.999849,25.765584,4050.6,False,140.5795,10.54377,384.17,583,1784710383.3362956,25.49132299,51.44835326,10.9,1784710382639,337.82,1.0
35.05909,4.292353,25.863552,4052.17,False,150.486,10.55617,383.8674,584,1784710383.7475755,25.49139447,51.44830557,11.0,1784710383654,338.83,1.0
35.08369,4.285927,25.96152,4053.74,False,150.3661,10.56983,383.5199,584,1784710383.933553,25.49139447,51.44830557,11.0,1784710383654,338.83,1.0
34.9754,4.556922,26.157456,4056.88,False,159.3802,10.58461,383.281,584,1784710384.3479657,25.49139447,51.44830557,11.0,1784710383654,338.83,1.0
35.04875,4.495844,26.255424,4058.45,False,157.5737,10.59806,382.9427,585,1784710384.5374649,25.49144723,51.44827015,11.1,1784710384664,339.84,1.0
35.07242,4.280453,26.353392,4061.59,False,150.1258,10.6105,382.7897,585,1784710384.786487,25.49144723,51.44827015,11.1,1784710384664,339.84,1.0
35.11215,4.138237,26.45136,4063.16,False,145.3024,10.62269,382.4982,585,1784710385.1719537,25.49144723,51.44827015,11.1,1784710384664,339.84,1.0
35.05052,4.441385,26.549328,4066.3,False,155.6729,10.63502,382.35,586,1784710385.3661673,25.49144723,51.44827015,11.1,1784710384664,339.84,1.0
35.05873,4.391992,26.647296,4067.87,False,153.9777,10.64853,382.0124,586,1784710385.6873908,25.49150073,51.44824004,11.16,1784710385679,340.86,1.0
35.10961,4.18152,26.745264,4069.44,False,146.8115,10.66046,381.7321,586,1784710386.0671651,25.49150073,51.44824004,11.16,1784710385679,340.86,1.0
35.06887,4.286936,26.843232,4072.58,False,150.338,10.67411,381.5381,587,1784710386.716841,25.49155393,51.44820727,11.2,1784710386687,341.86,1.0
35.10445,4.352302,26.9412,4074.15,False,152.7852,10.68631,381.2495,587,1784710386.9067574,25.49155393,51.44820727,11.2,1784710386687,341.86,1.0
35.04034,4.390968,27.039168,4077.29,False,153.861,10.70099,381.0199,587,1784710387.3302138,25.49155393,51.44820727,11.2,1784710386687,341.86,1.0
35.0174,4.44165,27.137136,4078.86,False,155.535,10.71404,380.7023,587,1784710387.331235,25.49155393,51.44820727,11.2,1784710386687,341.86,1.0
35.09287,4.302323,27.235104,4082.0,False,150.9809,10.72593,380.5731,588,1784710387.7462952,25.49155393,51.44820727,11.2,1784710386687,341.86,1.0
35.12755,4.173581,27.333072,4083.57,False,146.6077,10.73852,380.2731,588,1784710389.3645055,25.49162618,51.44815937,11.3,1784710387697,342.87,1.0
35.18183,4.064774,27.43104,4086.71,False,143.0062,10.75232,380.077,588,1784710389.3652332,25.49162618,51.44815937,11.3,1784710387697,342.87,1.0
35.09521,4.236243,27.529008,4089.85,False,148.6718,10.7661,379.8822,589,1784710389.3652332,25.49162618,51.44815937,11.3,1784710387697,342.87,1.0
35.09604,4.229178,27.529008,4091.42,False,148.4274,10.7783,379.5979,589,1784710389.3652332,25.49162618,51.44815937,11.3,1784710387697,342.87,1.0
35.01991,4.417105,27.626976,4092.99,False,154.6866,10.79085,379.3019,589,1784710389.7495513,25.49168398,51.44812133,11.2,1784710388710,343.89,1.0
35.07489,4.344095,27.724944,4096.13,False,152.3687,10.80276,379.1744,590,1784710389.7495513,25.49168398,51.44812133,11.2,1784710388710,343.89,1.0
35.10633,4.186595,27.822912,4097.7,False,146.976,10.81531,378.8796,590,1784710389.7495513,25.49168398,51.44812133,11.2,1784710388710,343.89,1.0
35.07612,4.232216,27.92088,4100.84,False,148.4497,10.82702,378.7598,590,1784710390.1785045,25.49173772,51.4480887,10.9,1784710389725,344.9,1.0
35.07185,4.32783,28.018848,4102.41,False,151.785,10.84157,378.3963,591,1784710390.7048922,25.49179386,51.44805258,10.58,1784710390736,345.91,1.0
35.06265,4.285059,28.116816,4105.55,False,150.2455,10.85395,378.254,591,1784710390.957997,25.49179386,51.44805258,10.58,1784710390736,345.91,1.0
35.06704,4.320902,28.214784,4107.12,False,151.5212,10.86738,377.931,591,1784710391.398065,25.49179386,51.44805258,10.58,1784710390736,345.91,1.0
35.1037,4.171293,28.312752,4110.26,False,146.4278,10.88055,377.7622,591,1784710391.398065,25.49179386,51.44805258,10.58,1784710390736,345.91,1.0
35.10531,4.169281,28.312752,4113.4,False,146.3639,10.8922,377.6464,592,1784710391.8268614,25.49187476,51.44800819,10.3,1784710391747,346.92,1.0
35.06629,4.269775,28.41072,4114.97,False,149.7252,10.90639,377.299,592,1784710392.1281364,25.49187476,51.44800819,10.3,1784710391747,346.92,1.0
35.07667,4.306002,28.508688,4118.11,False,151.0402,10.92061,377.0952,592,1784710392.5362687,25.49187476,51.44800819,10.3,1784710391747,346.92,1.0
35.11706,4.168613,28.606656,4121.25,False,146.3894,10.9335,376.9379,593,1784710392.5372589,25.49187476,51.44800819,10.3,1784710391747,346.92,1.0
35.01199,4.432885,28.704624,4122.82,False,155.2041,10.94795,376.5837,593,1784710393.0736315,25.49193821,51.44797243,10.3,1784710392757,347.93,1.0
35.04258,4.360593,28.802592,4125.96,False,152.8064,10.96128,376.4122,593,1784710393.450982,25.49193821,51.44797243,10.3,1784710392757,347.93,1.0
35.06433,4.408556,28.90056,4129.1,False,154.5831,10.97575,376.2021,594,1784710393.6385577,25.49193821,51.44797243,10.3,1784710392757,347.93,1.0
35.11138,4.242983,28.998528,4130.67,False,148.977,10.98864,375.9037,594,1784710393.8315568,25.49199902,51.44793468,10.3,1784710393769,348.95,1.0
35.079,4.285062,29.096496,4133.81,False,150.3157,11.00278,375.706,594,1784710394.2026556,25.49199902,51.44793468,10.3,1784710393769,348.95,1.0
35.10626,4.252894,29.194464,4136.95,False,149.3032,11.01597,375.5411,595,1784710394.9017923,25.49206269,51.44789887,10.3,1784710394783,349.96,1.0
35.04412,4.352685,29.292432,4138.52,False,152.536,11.02948,375.2235,595,1784710395.516903,25.49206269,51.44789887,10.3,1784710394783,349.96,1.0
35.09589,4.34138,29.3904,4141.66,False,152.3646,11.04376,375.0226,595,1784710395.9276547,25.49206269,51.44789887,10.3,1784710394783,349.96,1.0
35.12244,4.171274,29.3904,4143.23,False,146.5053,11.05525,374.7749,596,1784710395.9286585,25.49206269,51.44789887,10.3,1784710394783,349.96,1.0
35.01289,4.446665,29.488368,4146.37,False,155.6906,11.06998,374.5598,596,1784710395.9286585,25.49206269,51.44789887,10.3,1784710394783,349.96,1.0
35.00727,4.437066,29.586336,4149.51,False,155.3296,11.08421,374.3623,596,1784710396.4537013,25.49212589,51.44786339,10.2,1784710395793,350.97,1.0
35.09609,4.24204,29.684304,4152.65,False,148.879,11.09745,374.1986,597,1784710396.863631,25.49219045,51.44783162,10.1,1784710396807,351.98,1.0
35.09363,4.19119,29.782272,4154.22,False,147.0841,11.1096,373.9307,597,1784710396.863631,25.49219045,51.44783162,10.1,1784710396807,351.98,1.0
35.0556,4.38531,29.88024,4157.36,False,153.7297,11.12425,373.7205,597,1784710397.2757714,25.49219045,51.44783162,10.1,1784710396807,351.98,1.0
35.1389,4.115563,29.88024,4160.5,False,144.6164,11.13692,373.5773,598,1784710397.6903706,25.49219045,51.44783162,10.1,1784710396807,351.98,1.0
35.13442,4.167661,29.978208,4162.07,False,146.4284,11.14864,373.3254,598,1784710397.6913908,25.49219045,51.44783162,10.1,1784710396807,351.98,1.0
35.0877,4.209164,30.076176,4165.21,False,147.6899,11.16031,373.2163,598,1784710398.1074564,25.49227321,51.44778611,10.2,1784710397821,353.0,1.0
35.13163,4.097969,30.174144,4168.35,False,143.9683,11.17431,373.0297,598,1784710398.4858694,25.49227321,51.44778611,10.2,1784710397821,353.0,1.0
35.18751,3.989504,30.174144,4169.92,False,140.3807,11.18777,372.7213,599,1784710398.701267,25.49227321,51.44778611,10.2,1784710397821,353.0,1.0
35.04901,4.369183,30.272112,4173.06,False,153.1355,11.20007,372.5923,599,1784710398.9373076,25.49233957,51.4477486,10.49,1784710398832,354.01,1.0
35.06263,4.302218,30.37008,4176.2,False,150.8471,11.21249,372.4596,599,1784710399.3076482,25.49233957,51.4477486,10.49,1784710398832,354.01,1.0
35.03719,4.337969,30.468048,4177.77,False,151.9902,11.22558,372.1652,600,1784710399.9589984,25.49240284,51.44770883,10.7,1784710399837,355.01,1.0
35.09152,4.299733,30.468048,4180.91,False,150.8842,11.24007,371.9648,600,1784710400.143154,25.49240284,51.44770883,10.7,1784710399837,355.01,1.0
35.09592,4.185366,30.566016,4184.05,False,146.8893,11.25399,371.7837,600,1784710400.5526345,25.49240284,51.44770883,10.7,1784710399837,355.01,1.0
35.06025,4.267225,30.663984,4187.19,False,149.61,11.26607,371.6638,601,1784710400.553589,25.49240284,51.44770883,10.7,1784710399837,355.01,1.0
35.07256,4.358397,30.761952,4188.76,False,152.8601,11.28077,371.3186,601,1784710400.9929607,25.49246738,51.44766481,10.9,1784710400851,356.03,1.0
35.11666,4.227619,30.85992,4191.9,False,148.4599,11.29406,371.1597,601,1784710401.4112864,25.49246738,51.44766481,10.9,1784710400851,356.03,1.0
35.05917,4.38006,30.85992,4195.04,False,153.5613,11.30617,371.0399,602,1784710401.6003876,25.49246738,51.44766481,10.9,1784710400851,356.03,1.0
35.17179,4.11365,30.957888,4198.18,False,144.6844,11.31974,370.8725,602,1784710401.802115,25.49253076,51.44762188,10.9,1784710401860,357.04,1.0
35.17832,3.985947,31.055856,4199.75,False,140.2189,11.33273,370.5859,602,1784710402.2374215,25.49253076,51.44762188,10.9,1784710401860,357.04,1.0
35.08117,4.304813,31.055856,4202.89,False,151.0179,11.34461,370.4746,603,1784710402.4272656,25.49253076,51.44762188,10.9,1784710401860,357.04,1.0
35.00083,4.444231,31.153824,4206.03,False,155.5518,11.35881,370.2879,603,1784710402.75734,25.49259792,51.44758573,10.8,1784710402870,358.05,1.0
35.11034,4.260772,31.251792,4209.17,False,149.5972,11.37204,370.1332,603,1784710403.2464914,25.49259792,51.44758573,10.8,1784710402870,358.05,1.0
35.05663,4.30657,31.34976,4210.74,False,150.9738,11.38575,369.8254,604,1784710403.4376478,25.49259792,51.44758573,10.8,1784710402870,358.05,1.0
35.10955,4.107929,31.34976,4213.88,False,144.2275,11.39922,369.6639,604,1784710403.7586415,25.49269375,51.44754057,10.5,1784710403885,359.06,1.0
35.09179,4.355379,31.447728,4217.02,False,152.838,11.41256,369.5069,604,1784710404.0478811,25.49269375,51.44754057,10.5,1784710403885,359.06,1.0
35.12741,4.1729,31.545696,4220.16,False,146.5832,11.42548,369.3639,605,1784710404.4239068,25.49269375,51.44754057,10.5,1784710403885,359.06,1.0
34.99256,4.567922,31.643664,4221.73,False,159.8433,11.43858,369.0782,605,1784710404.6537936,25.49269375,51.44754057,10.5,1784710403885,359.06,1.0
35.03214,4.439511,31.643664,4224.87,False,155.5256,11.45125,368.944,605,1784710404.9500473,25.49276622,51.44752049,10.2,1784710404899,360.08,1.0
34.94964,4.499306,31.741632,4228.01,False,157.2491,11.46439,368.795,605,1784710405.3180149,25.49276622,51.44752049,10.2,1784710404899,360.08,1.0
34.98554,4.559986,31.8396,4229.58,False,159.5336,11.47741,368.5135,606,1784710405.5436802,25.49276622,51.44752049,10.2,1784710404899,360.08,1.0
35.01731,4.368753,31.8396,4232.72,False,152.982,11.48955,368.3974,606,1784710405.830342,25.49283919,51.44750979,10.0,1784710405914,361.09,1.0
35.00836,4.393449,31.937568,4235.86,False,153.8074,11.50192,368.2742,606,1784710406.3201056,25.49283919,51.44750979,10.0,1784710405914,361.09,1.0
35.12263,4.201573,32.035536,4239.0,False,147.5703,11.51574,368.1049,607,1784710406.584016,25.49283919,51.44750979,10.0,1784710405914,361.09,1.0
35.17398,4.007812,32.035536,4242.14,False,140.9707,11.52921,367.9472,607,1784710406.8035393,25.49290036,51.44752211,9.8,1784710406924,362.1,1.0
35.07486,4.263625,32.133504,4243.71,False,149.546,11.54279,367.6503,607,1784710407.2919884,25.49290036,51.44752211,9.8,1784710406924,362.1,1.0
35.08159,4.349388,32.231472,4246.85,False,152.5834,11.55471,367.5428,608,1784710407.4758787,25.49290036,51.44752211,9.8,1784710406924,362.1,1.0
35.05506,4.310597,32.231472,4249.99,False,151.1082,11.56779,367.3986,608,1784710407.741228,25.49301932,51.44753146,9.6,1784710407933,363.11,1.0
35.03095,4.439463,32.32944,4251.56,False,155.5186,11.57994,367.1487,608,1784710408.0035298,25.49301932,51.44753146,9.6,1784710407933,363.11,1.0
35.09749,4.258073,32.427408,4254.7,False,149.4477,11.59304,367.0047,609,1784710408.3775485,25.49301932,51.44753146,9.6,1784710407933,363.11,1.0
34.96169,4.547147,32.427408,4257.84,False,158.9759,11.60772,366.8111,609,1784710408.648084,25.49301932,51.44753146,9.6,1784710407933,363.11,1.0
35.09189,4.252426,32.525376,4260.98,False,149.2257,11.62024,366.6861,609,1784710408.959211,25.49309241,51.44756522,9.85,1784710408949,364.13,1.0
35.11506,4.328521,32.623344,4264.12,False,151.9963,11.63495,366.4923,610,1784710409.359644,25.49309241,51.44756522,9.85,1784710408949,364.13,1.0
35.10638,4.242111,32.623344,4267.26,False,148.9252,11.64888,366.3236,610,1784710409.6359892,25.49309241,51.44756522,9.85,1784710408949,364.13,1.0
35.0423,4.377526,32.721312,4270.4,False,153.3986,11.66265,366.1603,610,1784710409.9673991,25.49316297,51.44761299,10.46,1784710409959,365.14,1.0
35.07993,4.250993,32.81928,4271.97,False,149.1245,11.67483,365.9128,610,1784710410.744511,25.49316297,51.44761299,10.46,1784710409959,365.14,1.0
35.0597,4.339132,32.81928,4275.11,False,152.1287,11.68717,365.7951,611,1784710410.9271927,25.49316297,51.44761299,10.46,1784710409959,365.14,1.0
35.03605,4.358665,32.917248,4278.25,False,152.7104,11.69942,365.6805,611,1784710410.9277315,25.49316297,51.44761299,10.46,1784710409959,365.14,1.0
35.0347,4.392746,32.917248,4279.82,False,153.8985,11.71233,365.4115,611,1784710411.7355497,25.49323213,51.44768255,11.34,1784710410970,366.15,1.0
35.09989,4.283253,33.015216,4282.96,False,150.3417,11.72424,365.3081,612,1784710412.1531384,25.49323213,51.44768255,11.34,1784710410970,366.15,1.0
35.05553,4.341339,33.113184,4286.1,False,152.1879,11.73613,365.2056,612,1784710412.1531384,25.49323213,51.44768255,11.34,1784710410970,366.15,1.0
35.061,4.326148,33.113184,4289.24,False,151.6791,11.75059,365.0234,612,1784710412.1531384,25.49323213,51.44768255,11.34,1784710410970,366.15,1.0
35.05377,4.357608,33.211152,4292.38,False,152.7506,11.76496,364.8444,613,1784710412.5777946,25.49327788,51.44774046,12.17,1784710411984,367.16,1.0
35.06711,4.43651,33.30912,4295.52,False,155.5756,11.77941,364.6634,613,1784710413.0066662,25.49331365,51.44781413,12.71,1784710412996,368.17,1.0
35.02792,4.462756,33.30912,4298.66,False,156.3211,11.79406,364.4767,613,1784710413.196727,25.49331365,51.44781413,12.71,1784710412996,368.17,1.0
35.13001,4.126732,33.407088,4301.8,False,144.9721,11.8064,364.3617,614,1784710413.5934525,25.49331365,51.44781413,12.71,1784710412996,368.17,1.0
35.08858,4.278308,33.407088,4303.37,False,150.1198,11.81881,364.112,614,1784710413.7867074,25.49331365,51.44781413,12.71,1784710412996,368.17,1.0
35.05184,4.351248,33.505056,4306.51,False,152.5192,11.83171,363.9804,614,1784710413.9815974,25.49334014,51.44788271,12.8,1784710414012,369.19,1.0
36.58696,0.07341827,33.407088,4309.65,False,2.686151,11.83193,364.239,614,1784710414.3857994,25.49334014,51.44788271,12.8,1784710414012,369.19,1.0
36.58784,0.07100557,33.407088,4312.79,False,2.59794,11.83214,364.4979,615,1784710414.581529,25.49334014,51.44788271,12.8,1784710414012,369.19,1.0
36.56103,0.08208858,33.30912,4314.36,False,3.001243,11.8324,364.6226,615,1784710414.8690104,25.49337041,51.44797466,12.9,1784710415023,370.2,1.0
36.56296,0.08531139,33.211152,4317.5,False,3.119237,11.83268,364.8793,615,1784710415.186395,25.49337041,51.44797466,12.9,1784710415023,370.2,1.0
36.58576,0.06819714,33.211152,4320.64,False,2.495044,11.83291,365.1376,616,1784710415.5572329,25.49337041,51.44797466,12.9,1784710415023,370.2,1.0
36.5661,0.08166988,33.113184,4323.78,False,2.986349,11.8332,365.394,616,1784710415.857168,25.49337041,51.44797466,12.9,1784710415023,370.2,1.0
36.58767,0.07656941,33.015216,4326.92,False,2.801496,11.83342,365.6525,616,1784710416.2312417,25.49338803,51.44804902,13.1,1784710416035,371.21,1.0
36.55295,0.07702638,33.015216,4330.06,False,2.815541,11.83366,365.9105,617,1784710416.5976186,25.49338803,51.44804902,13.1,1784710416035,371.21,1.0
36.55344,0.07865066,32.917248,4331.63,False,2.874952,11.8339,366.0357,617,1784710416.7805955,25.49338803,51.44804902,13.1,1784710416035,371.21,1.0
36.575,0.07899352,32.81928,4334.77,False,2.889188,11.83412,366.2942,617,1784710417.0352566,25.49339659,51.44812143,12.73,1784710417046,372.22,1.0
36.56503,0.07747457,32.81928,4337.91,False,2.83286,11.83439,366.5512,618,1784710417.452548,25.49339659,51.44812143,12.73,1784710417046,372.22,1.0
36.58683,0.07212929,32.721312,4341.05,False,2.638982,11.83461,366.8097,618,1784710417.674291,25.49339659,51.44812143,12.73,1784710417046,372.22,1.0
36.5812,0.08064355,32.623344,4344.19,False,2.950038,11.83487,367.067,618,1784710418.028626,25.49339669,51.44819795,12.3,1784710418047,373.22,1.0
36.57835,0.09527889,32.525376,4347.33,False,3.485145,11.83519,367.3224,619,1784710418.5173807,25.49339669,51.44819795,12.3,1784710418047,373.22,1.0
36.5771,0.0734039,32.525376,4350.47,False,2.684902,11.83544,367.5799,619,1784710418.7131531,25.49339669,51.44819795,12.3,1784710418047,373.22,1.0
36.5838,0.07957728,32.427408,4352.04,False,2.911239,11.83572,367.7039,619,1784710419.007823,25.49338166,51.44827772,11.85,1784710419055,374.23,1.0
36.55276,0.07777021,32.32944,4355.18,False,2.842716,11.83597,367.9614,620,1784710419.48123,25.49338166,51.44827772,11.85,1784710419055,374.23,1.0
36.57502,0.07598246,32.231472,4358.32,False,2.77906,11.83623,368.2186,620,1784710419.7412186,25.49338166,51.44827772,11.85,1784710419055,374.23,1.0
36.55385,0.0904067,32.231472,4361.46,False,3.304713,11.83652,368.4749,620,1784710419.9804392,25.49335734,51.44835216,11.4,1784710420072,375.25,1.0
36.58619,0.08060849,32.133504,4364.6,False,2.949158,11.8368,368.7314,621,1784710420.4539945,25.49335734,51.44835216,11.4,1784710420072,375.25,1.0
36.57638,0.07875297,32.035536,4367.74,False,2.880499,11.83708,368.988,621,1784710420.6722589,25.49335734,51.44835216,11.4,1784710420072,375.25,1.0
36.54839,0.08470394,32.035536,4370.88,False,3.095793,11.83733,369.2454,621,1784710420.9575746,25.49330906,51.44844516,10.82,1784710421083,376.26,1.0
36.57063,0.079468,31.937568,4372.45,False,2.906195,11.83758,369.3703,621,1784710421.2715409,25.49330906,51.44844516,10.82,1784710421083,376.26,1.0
36.57821,0.0817245,31.8396,4375.59,False,2.989336,11.83781,369.6283,622,1784710421.6602602,25.49330906,51.44844516,10.82,1784710421083,376.26,1.0
36.56053,0.06880566,31.8396,4378.73,False,2.515571,11.83804,369.8864,622,1784710421.8671548,25.49330906,51.44844516,10.82,1784710421083,376.26,1.0
36.57497,0.07390048,31.741632,4380.3,False,2.702908,11.83826,370.0121,622,1784710422.1752996,25.49327027,51.44850921,10.5,1784710422095,377.27,1.0
36.53442,0.09988645,31.643664,4383.44,False,3.649294,11.83856,370.268,623,1784710422.578051,25.49327027,51.44850921,10.5,1784710422095,377.27,1.0
36.56946,0.08329098,31.643664,4386.58,False,3.045906,11.83886,370.5239,623,1784710422.816548,25.49327027,51.44850921,10.5,1784710422095,377.27,1.0
36.56919,0.09664905,31.545696,4389.72,False,3.534377,11.83914,370.7803,623,1784710423.5108333,25.49323175,51.4485762,10.2,1784710423098,378.28,1.0
36.57183,0.1055671,31.447728,4391.29,False,3.860782,11.83949,370.902,624,1784710423.6971705,25.49323175,51.4485762,10.2,1784710423098,378.28,1.0
36.5508,0.0585443,31.447728,4394.43,False,2.139841,11.83968,371.1612,624,1784710424.1045406,25.49323175,51.4485762,10.2,1784710423098,378.28,1.0
36.54284,0.08599848,31.34976,4397.57,False,3.142629,11.83993,371.4186,624,1784710424.1045406,25.49323175,51.4485762,10.2,1784710423098,378.28,1.0
36.57016,0.08303657,31.251792,4400.71,False,3.036661,11.8402,371.6753,625,1784710424.5275092,25.49319402,51.44864409,10.09,1784710424107,379.28,1.0
36.60525,0.08168383,31.251792,4402.28,False,2.990057,11.84047,371.7994,625,1784710424.9824,25.49319402,51.44864409,10.09,1784710424107,379.28,1.0
36.58252,0.0671892,31.153824,4405.42,False,2.45795,11.84069,372.0577,625,1784710425.1780477,25.49314947,51.44873991,9.9,1784710425110,380.29,1.0
36.55559,0.09695681,31.055856,4408.56,False,3.544313,11.84098,372.3138,625,1784710425.7880464,25.49314947,51.44873991,9.9,1784710425110,380.29,1.0
36.56381,0.06936738,31.055856,4411.7,False,2.536336,11.84122,372.5714,626,1784710426.1930332,25.49314947,51.44873991,9.9,1784710425110,380.29,1.0
36.55712,0.08119341,30.957888,4413.27,False,2.968197,11.84147,372.6961,626,1784710426.1930332,25.49314947,51.44873991,9.9,1784710425110,380.29,1.0
36.53481,0.08271255,30.85992,4416.41,False,3.021887,11.84175,372.9525,626,1784710426.618204,25.49310778,51.44880874,9.9,1784710426126,381.3,1.0
36.56763,0.08259654,30.85992,4419.55,False,3.02036,11.842,373.2098,627,1784710427.049341,25.49307396,51.44888213,9.87,1784710427132,382.31,1.0
36.5534,0.09316061,30.761952,4422.69,False,3.405337,11.84231,373.4651,627,1784710427.049341,25.49307396,51.44888213,9.87,1784710427132,382.31,1.0
36.55603,0.08074243,30.663984,4424.26,False,2.951623,11.84259,373.5889,627,1784710427.4669278,25.49307396,51.44888213,9.87,1784710427132,382.31,1.0
36.59566,0.07232064,30.663984,4427.4,False,2.646622,11.84284,373.8461,628,1784710427.889918,25.49307396,51.44888213,9.87,1784710427132,382.31,1.0
36.55644,0.06810114,30.566016,4430.54,False,2.489535,11.84308,374.1037,628,1784710428.0787709,25.49302995,51.44895286,10.0,1784710428142,383.32,1.0
36.5654,0.07362041,30.468048,4433.68,False,2.69196,11.84333,374.3609,628,1784710428.3169117,25.49302995,51.44895286,10.0,1784710428142,383.32,1.0
36.56284,0.07920305,30.37008,4436.82,False,2.895888,11.84358,374.6181,629,1784710428.706864,25.49302995,51.44895286,10.0,1784710428142,383.32,1.0
36.58484,0.08329733,30.37008,4438.39,False,3.047419,11.84387,374.7415,629,1784710428.917138,25.49302995,51.44895286,10.0,1784710428142,383.32,1.0
36.58919,0.09125395,30.272112,4441.53,False,3.338908,11.84416,374.9975,629,1784710429.2374566,25.49298879,51.44902084,10.2,1784710429156,384.33,1.0
36.55108,0.07255414,30.174144,4444.67,False,2.651932,11.84439,375.2553,630,1784710430.0371835,25.49298879,51.44902084,10.2,1784710429156,384.33,1.0
36.59291,0.06621767,30.174144,4447.81,False,2.423097,11.84462,375.5131,630,1784710430.2296278,25.49294672,51.44908681,10.4,1784710430158,385.34,1.0
36.58435,0.0764914,30.076176,4449.38,False,2.798388,11.84486,375.638,630,1784710430.2296278,25.49294672,51.44908681,10.4,1784710430158,385.34,1.0
36.58278,0.08946917,29.978208,4452.52,False,3.273031,11.84512,375.8949,631,1784710430.659382,25.49294672,51.44908681,10.4,1784710430158,385.34,1.0
36.58769,0.08152652,29.978208,4455.66,False,2.982867,11.8454,376.1511,631,1784710431.1877236,25.49289841,51.44914436,10.6,1784710431173,386.35,1.0
36.57541,0.07938969,29.88024,4457.23,False,2.90371,11.84566,376.2754,631,1784710431.1877236,25.49289841,51.44914436,10.6,1784710431173,386.35,1.0
36.53918,0.09500789,29.782272,4460.37,False,3.47151,11.84595,376.5312,632,1784710431.6089313,25.49289841,51.44914436,10.6,1784710431173,386.35,1.0
36.56243,0.07967532,29.782272,4461.94,False,2.913123,11.84619,376.6561,632,1784710432.0271516,25.49284549,51.44919563,10.9,1784710432186,387.36,1.0
36.54322,0.08360584,29.684304,4465.08,False,3.055227,11.84648,376.912,632,1784710432.2142942,25.49284549,51.44919563,10.9,1784710432186,387.36,1.0
36.55949,0.07484895,29.586336,4468.22,False,2.736439,11.84673,377.1691,633,1784710432.583104,25.49284549,51.44919563,10.9,1784710432186,387.36,1.0
36.56258,0.07013055,29.586336,4471.36,False,2.564154,11.84697,377.4265,633,1784710432.7680895,25.49284549,51.44919563,10.9,1784710432186,387.36,1.0
36.60408,0.07590515,29.488368,4472.93,False,2.778438,11.84723,377.5507,633,1784710433.079501,25.49278861,51.44924919,11.24,1784710433200,388.38,1.0
36.57678,0.06999855,29.3904,4476.07,False,2.560322,11.84745,377.8087,634,1784710433.6178892,25.49278861,51.44924919,11.24,1784710433200,388.38,1.0
36.55305,0.07429084,29.3904,4479.21,False,2.715557,11.84769,378.0661,634,1784710433.8027256,25.49278861,51.44924919,11.24,1784710433200,388.38,1.0
36.59719,0.06879674,29.292432,4480.78,False,2.517767,11.8479,378.1919,634,1784710434.008511,25.49272019,51.44931551,11.5,1784710434211,389.39,1.0
36.56213,0.07852007,29.292432,4483.92,False,2.870861,11.84814,378.4493,635,1784710434.308139,25.49272019,51.44931551,11.5,1784710434211,389.39,1.0
36.58018,0.06341156,29.194464,4485.49,False,2.319606,11.84834,378.5754,635,1784710434.6987348,25.49272019,51.44931551,11.5,1784710434211,389.39,1.0
36.57936,0.09031163,29.096496,4488.63,False,3.303542,11.84863,378.8311,635,1784710434.938117,25.49272019,51.44931551,11.5,1784710434211,389.39,1.0
36.57169,0.08753527,29.096496,4491.77,False,3.201313,11.8489,379.0875,635,1784710435.2974248,25.49266756,51.44936505,11.5,1784710435224,390.4,1.0
36.57835,0.08404862,28.998528,4493.34,False,3.07436,11.84916,379.2117,636,1784710435.7873242,25.49266756,51.44936505,11.5,1784710435224,390.4,1.0
36.59791,0.08573007,28.90056,4496.48,False,3.137541,11.84945,379.4674,636,1784710435.9799984,25.49266756,51.44936505,11.5,1784710435224,390.4,1.0
36.58146,0.0931838,28.90056,4499.62,False,3.408799,11.84978,379.7218,636,1784710436.2292871,25.49261912,51.44942396,11.5,1784710436240,391.42,1.0
36.58652,0.08904724,28.802592,4501.19,False,3.257929,11.85009,379.8444,637,1784710436.8375883,25.49261912,51.44942396,11.5,1784710436240,391.42,1.0
36.6111,0.07650312,28.704624,4504.33,False,2.800863,11.85033,380.1017,637,1784710437.0297954,25.49261912,51.44942396,11.5,1784710436240,391.42,1.0
36.5599,0.07145591,28.704624,4507.47,False,2.612421,11.85056,380.3592,637,1784710437.2185895,25.49257248,51.44948113,11.6,1784710437249,392.43,1.0
36.56731,0.08065424,28.606656,4509.04,False,2.949309,11.85083,380.4831,638,1784710437.6391616,25.49257248,51.44948113,11.6,1784710437249,392.43,1.0
36.58853,0.09172771,28.508688,4512.18,False,3.356182,11.85115,380.7377,638,1784710437.878456,25.49257248,51.44948113,11.6,1784710437249,392.43,1.0
36.6285,0.07218807,28.508688,4515.32,False,2.644141,11.8514,380.9947,638,1784710438.20987,25.49252246,51.44954062,11.6,1784710438260,393.44,1.0
36.57875,0.08071462,28.41072,4516.89,False,2.95244,11.85166,381.1188,639,1784710438.6280582,25.49252246,51.44954062,11.6,1784710438260,393.44,1.0
36.59621,0.07519188,28.312752,4520.03,False,2.751738,11.85189,381.3763,639,1784710438.829959,25.49252246,51.44954062,11.6,1784710438260,393.44,1.0
36.55727,0.07128589,28.312752,4521.6,False,2.606018,11.85211,381.5017,639,1784710439.125774,25.49247895,51.44959554,11.7,1784710439274,394.45,1.0
36.5675,0.08079567,28.214784,4524.74,False,2.954496,11.85239,381.7576,640,1784710439.6460445,25.49247895,51.44959554,11.7,1784710439274,394.45,1.0
36.56377,0.08052909,28.116816,4527.88,False,2.944447,11.85265,382.0141,640,1784710439.8352056,25.49247895,51.44959554,11.7,1784710439274,394.45,1.0
36.57998,0.06123796,28.116816,4529.45,False,2.240083,11.85282,382.1411,640,1784710440.072725,25.49242118,51.44967314,11.61,1784710440289,395.47,1.0
36.58446,0.08296281,28.018848,4532.59,False,3.03515,11.8531,382.397,641,1784710440.4103382,25.49242118,51.44967314,11.61,1784710440289,395.47,1.0
36.55635,0.0923359,28.018848,4534.16,False,3.375463,11.85339,382.5201,641,1784710441.1865723,25.49242118,51.44967314,11.61,1784710440289,395.47,1.0
36.55577,0.08200503,27.92088,4537.3,False,2.997757,11.85368,382.7756,641,1784710441.3779151,25.49238156,51.44973284,11.38,1784710441290,396.47,1.0
36.56099,0.07214154,27.822912,4538.87,False,2.637566,11.8539,382.901,642,1784710441.3789608,25.49238156,51.44973284,11.38,1784710441290,396.47,1.0
36.58358,0.06527454,27.822912,4542.01,False,2.387976,11.85408,383.1601,642,1784710441.7993424,25.49238156,51.44973284,11.38,1784710441290,396.47,1.0
36.54442,0.09171034,27.724944,4543.58,False,3.351501,11.85436,383.2835,642,1784710442.2609568,25.49234783,51.4497909,11.1,1784710442302,397.48,1.0
36.58861,0.08670947,27.724944,4546.72,False,3.172579,11.85463,383.5396,642,1784710442.4966047,25.49234783,51.4497909,11.1,1784710442302,397.48,1.0
36.52814,0.08045119,27.626976,4548.29,False,2.938732,11.85487,383.6643,643,1784710442.9048762,25.49234783,51.4497909,11.1,1784710442302,397.48,1.0
36.55827,0.07364488,27.529008,4551.43,False,2.692329,11.85513,383.9207,643,1784710442.9048762,25.49234783,51.4497909,11.1,1784710442302,397.48,1.0
36.59867,0.07355304,27.529008,4553.0,False,2.691943,11.85536,384.0457,643,1784710443.3194995,25.49229894,51.44987047,10.9,1784710443317,398.49,1.0
36.57408,0.09065898,27.43104,4556.14,False,3.315769,11.85564,384.3015,644,1784710443.5532029,25.49229894,51.44987047,10.9,1784710443317,398.49,1.0
36.57586,0.06754844,27.333072,4557.71,False,2.470642,11.85584,384.4274,644,1784710443.9618883,25.49229894,51.44987047,10.9,1784710443317,398.49,1.0
36.57767,0.07310672,27.333072,4560.85,False,2.674073,11.85606,384.6851,644,1784710444.1458547,25.49229894,51.44987047,10.9,1784710443317,398.49,1.0
36.57901,0.08852358,27.235104,4562.42,False,3.238105,11.85635,384.8081,645,1784710444.3987646,25.49226212,51.449927,10.9,1784710444332,399.51,1.0
36.56636,0.08227504,27.235104,4565.56,False,3.008499,11.85661,385.0645,645,1784710444.8205316,25.49226212,51.449927,10.9,1784710444332,399.51,1.0
36.57788,0.08099177,27.137136,4567.13,False,2.962507,11.85685,385.1892,645,1784710445.0060394,25.49226212,51.449927,10.9,1784710444332,399.51,1.0
36.60765,0.07680934,27.039168,4570.27,False,2.811809,11.85711,385.4455,646,1784710445.3402128,25.49221584,51.44997811,11.0,1784710445343,400.52,1.0
36.5907,0.09446771,27.039168,4571.84,False,3.45664,11.85744,385.5672,646,1784710445.715345,25.49221584,51.44997811,11.0,1784710445343,400.52,1.0
36.56574,0.07190566,26.9412,4574.98,False,2.629284,11.85769,385.8239,646,1784710446.022893,25.49221584,51.44997811,11.0,1784710445343,400.52,1.0
36.55903,0.06877724,26.843232,4578.12,False,2.514429,11.85792,386.0812,647,1784710446.3580918,25.49216459,51.45003256,11.0,1784710446356,401.53,1.0
36.60511,0.07640327,26.843232,4579.69,False,2.79675,11.85818,386.2051,647,1784710447.259189,25.49216459,51.45003256,11.0,1784710446356,401.53,1.0
36.57319,0.07590166,26.745264,4582.83,False,2.775966,11.85843,386.4618,647,1784710447.4470987,25.49212368,51.45008826,11.0,1784710447365,402.54,1.0
36.58632,0.07258084,26.745264,4584.4,False,2.655466,11.85865,386.587,648,1784710447.4470987,25.49212368,51.45008826,11.0,1784710447365,402.54,1.0
36.54206,0.06649425,26.647296,4587.54,False,2.429837,11.85887,386.8446,648,1784710447.890223,25.49212368,51.45008826,11.0,1784710447365,402.54,1.0
36.57489,0.0630724,26.549328,4589.11,False,2.306866,11.85908,386.9702,648,1784710448.3073306,25.49212368,51.45008826,11.0,1784710447365,402.54,1.0
36.53596,0.0923515,26.549328,4592.25,False,3.374151,11.85935,387.2261,648,1784710448.3082752,25.49212368,51.45008826,11.0,1784710447365,402.54,1.0
36.55763,0.08124835,26.45136,4593.82,False,2.970247,11.85962,387.3497,649,1784710448.9173474,25.49208699,51.45014437,11.13,1784710448377,403.55,1.0
36.57134,0.06356075,26.353392,4596.96,False,2.324502,11.85982,387.6079,649,1784710449.108291,25.49208699,51.45014437,11.13,1784710448377,403.55,1.0
36.60519,0.07694911,26.353392,4598.53,False,2.816737,11.86005,387.7328,649,1784710449.442982,25.49205046,51.4502275,11.35,1784710449388,404.56,1.0
36.54864,0.08227232,26.255424,4600.1,False,3.006941,11.86033,387.856,650,1784710449.677606,25.49205046,51.4502275,11.35,1784710449388,404.56,1.0
36.59155,0.07245428,26.255424,4603.24,False,2.651214,11.86054,388.1139,650,1784710450.0628746,25.49205046,51.4502275,11.35,1784710449388,404.56,1.0
36.57331,0.07697099,26.157456,4604.81,False,2.815084,11.86081,388.2374,650,1784710450.24652,25.49205046,51.4502275,11.35,1784710449388,404.56,1.0
36.57786,0.08663054,26.059488,4607.95,False,3.16876,11.86109,388.493,651,1784710450.5929573,25.49202319,51.45028863,11.5,1784710450390,405.57,1.0
36.55813,0.07272952,26.059488,4609.52,False,2.658855,11.86133,388.6175,651,1784710451.024424,25.49202319,51.45028863,11.5,1784710450390,405.57,1.0
36.52732,0.09340163,25.96152,4612.66,False,3.411711,11.86162,388.8727,651,1784710451.209899,25.49202319,51.45028863,11.5,1784710450390,405.57,1.0
36.57961,0.07748393,25.96152,4614.23,False,2.834332,11.86184,388.9978,652,1784710451.3963327,25.49199485,51.45034699,11.39,1784710451406,406.58,1.0
36.54001,0.06932476,25.863552,4617.37,False,2.533127,11.86208,389.2547,652,1784710451.794934,25.49199485,51.45034699,11.39,1784710451406,406.58,1.0
36.59216,0.07268875,25.863552,4618.94,False,2.659838,11.86229,389.3801,652,1784710451.9987214,25.49199485,51.45034699,11.39,1784710451406,406.58,1.0
36.57715,0.08360011,25.765584,4620.51,False,3.057854,11.86258,389.503,653,1784710452.3490264,25.49196342,51.45040547,11.21,1784710452418,407.6,1.0
36.57436,0.08191814,25.667616,4623.65,False,2.996104,11.86282,389.7598,653,1784710452.9212122,25.49196342,51.45040547,11.21,1784710452418,407.6,1.0
36.56947,0.07169568,25.667616,4625.22,False,2.621873,11.86304,389.8849,653,1784710453.1407769,25.49196342,51.45040547,11.21,1784710452418,407.6,1.0
36.59656,0.0880861,25.569648,4626.79,False,3.223648,11.8633,390.0087,653,1784710453.3272717,25.49192699,51.45048193,11.1,1784710453422,408.6,1.0
36.56918,0.06091565,25.569648,4629.93,False,2.227635,11.8635,390.2668,654,1784710453.5582728,25.49192699,51.45048193,11.1,1784710453422,408.6,1.0
36.54825,0.07718995,25.47168,4631.5,False,2.821158,11.86376,390.3906,654,1784710454.016827,25.49192699,51.45048193,11.1,1784710453422,408.6,1.0
36.55961,0.08164349,25.373712,4634.64,False,2.984854,11.86403,390.6463,654,1784710454.6814475,25.49189499,51.45054222,11.0,1784710454437,409.61,1.0
36.55734,0.07420594,25.373712,4636.21,False,2.712772,11.86429,390.7701,655,1784710454.8675478,25.49189499,51.45054222,11.0,1784710454437,409.61,1.0
36.55584,0.09308336,25.275744,4639.35,False,3.40274,11.86456,391.0259,655,1784710455.2882922,25.49189499,51.45054222,11.0,1784710454437,409.61,1.0
36.58511,0.08024506,25.177776,4640.92,False,2.935774,11.86482,391.1496,655,1784710455.2882922,25.49189499,51.45054222,11.0,1784710454437,409.61,1.0
36.56754,0.09137832,25.177776,4642.49,False,3.34148,11.8651,391.2727,656,1784710455.7084875,25.49186536,51.45059682,10.9,1784710455439,410.62,1.0
36.61604,0.07467353,25.079808,4645.63,False,2.734249,11.86535,391.5291,656,1784710456.2592678,25.49183598,51.45065291,10.8,1784710456449,411.63,1.0
36.58504,0.07695545,25.079808,4647.2,False,2.815418,11.86558,391.6538,656,1784710456.262277,25.49183598,51.45065291,10.8,1784710456449,411.63,1.0
36.56903,0.08970529,24.98184,4650.34,False,3.280435,11.86587,391.9089,657,1784710456.6894066,25.49183598,51.45065291,10.8,1784710456449,411.63,1.0
36.56628,0.07843259,24.98184,4651.91,False,2.867988,11.86611,392.0333,657,1784710457.5291407,25.49179367,51.45072389,10.6,1784710457463,412.64,1.0
36.55294,0.09798785,24.883872,4653.48,False,3.581744,11.86639,392.1563,657,1784710457.530141,25.49179367,51.45072389,10.6,1784710457463,412.64,1.0
36.56365,0.07577564,24.785904,4656.62,False,2.770634,11.86663,392.413,657,1784710457.9484782,25.49179367,51.45072389,10.6,1784710457463,412.64,1.0
36.54496,0.07963185,24.785904,4658.19,False,2.910143,11.8669,392.5364,658,1784710457.9484782,25.49179367,51.45072389,10.6,1784710457463,412.64,1.0
36.52703,0.08684042,24.687936,4659.76,False,3.172023,11.86717,392.6597,658,1784710458.363006,25.49179367,51.45072389,10.6,1784710457463,412.64,1.0
36.60009,0.07743351,24.687936,4662.9,False,2.834073,11.86741,392.9164,658,1784710458.363006,25.49179367,51.45072389,10.6,1784710457463,412.64,1.0
36.54575,0.09315186,24.589968,4664.47,False,3.404305,11.8677,393.0391,659,1784710458.840341,25.49176222,51.45077526,10.5,1784710458477,413.65,1.0
36.5766,0.08119065,24.589968,4666.04,False,2.969678,11.86795,393.1631,659,1784710459.2073216,25.49176222,51.45077526,10.5,1784710458477,413.65,1.0
36.62428,0.06842979,24.492,4669.18,False,2.506192,11.86816,393.4207,659,1784710459.208318,25.49176222,51.45077526,10.5,1784710458477,413.65,1.0
36.56069,0.0816984,24.394032,4670.75,False,2.98695,11.86841,393.5447,660,1784710459.6937752,25.49172806,51.45082411,10.4,1784710459489,414.67,1.0
36.58349,0.08119347,24.394032,4672.32,False,2.97034,11.86866,393.6687,660,1784710459.8771312,25.49172806,51.45082411,10.4,1784710459489,414.67,1.0
36.59261,0.07754024,24.296064,4675.46,False,2.8374,11.86892,393.9246,660,1784710460.300547,25.4916935,51.45087547,10.3,1784710460502,415.68,1.0
36.57876,0.09279233,24.296064,4677.03,False,3.394228,11.86922,394.047,661,1784710460.4877975,25.4916935,51.45087547,10.3,1784710460502,415.68,1.0
36.5332,0.06653566,24.198096,4678.6,False,2.430761,11.86942,394.1726,661,1784710460.936959,25.4916935,51.45087547,10.3,1784710460502,415.68,1.0
36.5947,0.08185331,24.198096,4681.74,False,2.995397,11.86966,394.4292,661,1784710461.1278353,25.4916935,51.45087547,10.3,1784710460502,415.68,1.0
36.51856,0.08101042,24.100128,4683.31,False,2.958384,11.86993,394.5525,662,1784710461.3775709,25.4916534,51.4509465,10.2,1784710461514,416.69,1.0
36.59342,0.07907889,24.00216,4684.88,False,2.893767,11.8702,394.6757,662,1784710461.6583943,25.4916534,51.4509465,10.2,1784710461514,416.69,1.0
36.53402,0.08253458,24.00216,4688.02,False,3.01532,11.87049,394.9306,662,1784710462.0882828,25.4916534,51.4509465,10.2,1784710461514,416.69,1.0
36.54763,0.07739114,23.904192,4689.59,False,2.828463,11.87075,395.0542,663,1784710462.320111,25.4916534,51.4509465,10.2,1784710461514,416.69,1.0
36.57629,0.07628714,23.806224,4692.73,False,2.790301,11.87101,395.3101,663,1784710462.6662557,25.49161594,51.45102271,10.1,1784710462526,417.7,1.0
36.60078,0.0747231,23.806224,4694.3,False,2.734924,11.87124,395.4347,663,1784710463.048903,25.49161594,51.45102271,10.1,1784710462526,417.7,1.0
36.57894,0.09148709,23.708256,4695.87,False,3.346501,11.87154,395.5569,663,1784710463.28921,25.49161594,51.45102271,10.1,1784710462526,417.7,1.0
36.55868,0.07908434,23.708256,4697.44,False,2.891219,11.87177,395.6815,664,1784710463.5710251,25.49160434,51.45107792,10.0,1784710463532,418.71,1.0
36.56921,0.08629546,23.610288,4700.58,False,3.155757,11.87206,395.9363,664,1784710464.3382828,25.49160434,51.45107792,10.0,1784710463532,418.71,1.0
36.54174,0.08265407,23.610288,4702.15,False,3.020324,11.87231,396.0602,664,1784710464.3382828,25.49160434,51.45107792,10.0,1784710463532,418.71,1.0
36.57673,0.0862913,23.51232,4703.72,False,3.156254,11.87259,396.1831,665,1784710464.757691,25.49158898,51.45113766,10.1,1784710464547,419.72,1.0
36.5789,0.09377903,23.414352,4706.86,False,3.430334,11.87287,396.4383,665,1784710465.177375,25.49158898,51.45113766,10.1,1784710464547,419.72,1.0
36.57538,0.07634691,23.414352,4708.43,False,2.792417,11.87315,396.5611,665,1784710465.1783736,25.49158898,51.45113766,10.1,1784710464547,419.72,1.0
36.54767,0.08799812,23.316384,4710.0,False,3.216126,11.8734,396.685,666,1784710465.597508,25.49157131,51.45119687,10.22,1784710465557,420.73,1.0
36.58446,0.07681293,23.316384,4713.14,False,2.81016,11.87364,396.9415,666,1784710465.9785345,25.49157131,51.45119687,10.22,1784710465557,420.73,1.0
36.58113,0.07274219,23.218416,4714.71,False,2.660992,11.87387,397.066,666,1784710466.5886474,25.49156591,51.45128089,10.41,1784710466569,421.75,1.0
36.55254,0.06512104,23.218416,4716.28,False,2.380339,11.87407,397.1915,667,1784710466.7773435,25.49156591,51.45128089,10.41,1784710466569,421.75,1.0
36.54842,0.07178342,23.120448,4717.85,False,2.623571,11.87429,397.3164,667,1784710466.7773435,25.49156591,51.45128089,10.41,1784710466569,421.75,1.0
36.58543,0.0863917,23.120448,4720.99,False,3.160677,11.87457,397.5714,667,1784710467.1982927,25.49156591,51.45128089,10.41,1784710466569,421.75,1.0
36.61221,0.07787231,23.02248,4722.56,False,2.851077,11.87483,397.695,668,1784710467.6178207,25.49157174,51.4513487,10.6,1784710467581,422.76,1.0
36.55718,0.09140244,22.924512,4724.13,False,3.341415,11.87514,397.8168,668,1784710467.8080292,25.49157174,51.4513487,10.6,1784710467581,422.76,1.0
36.61259,0.0743521,22.924512,4727.27,False,2.722223,11.87537,398.0735,668,1784710468.1886797,25.49157174,51.4513487,10.6,1784710467581,422.76,1.0
36.59243,0.07384156,22.826544,4728.84,False,2.702042,11.87561,398.1977,668,1784710468.3780918,25.49157174,51.4513487,10.6,1784710467581,422.76,1.0
36.55744,0.08107976,22.826544,4730.41,False,2.964068,11.87588,398.3208,669,1784710468.6073625,25.49156998,51.45140975,10.7,1784710468584,423.76,1.0
36.53144,0.09224262,22.728576,4731.98,False,3.369756,11.87614,398.4443,669,1784710469.0083976,25.49156998,51.45140975,10.7,1784710468584,423.76,1.0
36.58172,0.07318949,22.728576,4733.55,False,2.677397,11.87637,398.5688,669,1784710469.2389648,25.49156998,51.45140975,10.7,1784710468584,423.76,1.0
36.53578,0.07108006,22.630608,4736.69,False,2.596965,11.87658,398.8261,670,1784710469.4883213,25.49157216,51.45146603,10.8,1784710469597,424.77,1.0
36.56005,0.08987156,22.53264,4738.26,False,3.285709,11.87686,398.9489,670,1784710469.9779463,25.49157216,51.45146603,10.8,1784710469597,424.77,1.0
36.58107,0.07773124,22.53264,4739.83,False,2.843492,11.87709,399.0733,670,1784710470.1675644,25.49157216,51.45146603,10.8,1784710469597,424.77,1.0
36.583,0.09212525,22.434672,4741.4,False,3.370218,11.87737,399.1961,671,1784710470.4482424,25.49156776,51.45154263,10.86,1784710470606,425.78,1.0
36.55003,0.07871877,22.434672,4744.54,False,2.877173,11.87764,399.4514,671,1784710470.7199962,25.49156776,51.45154263,10.86,1784710470606,425.78,1.0
36.58919,0.06158091,22.336704,4746.11,False,2.253196,11.87783,399.5772,671,1784710471.1100492,25.49156776,51.45154263,10.86,1784710470606,425.78,1.0
36.54393,0.07796644,22.336704,4747.68,False,2.8492,11.87805,399.702,672,1784710471.3539276,25.49156776,51.45154263,10.86,1784710470606,425.78,1.0
36.55141,0.0664781,22.238736,4749.25,False,2.429868,11.87827,399.8267,672,1784710471.63756,25.49156843,51.45159946,10.9,1784710471616,426.79,1.0
36.57162,0.07335068,22.238736,4750.82,False,2.682553,11.87848,399.9518,672,1784710472.0179896,25.49156843,51.45159946,10.9,1784710471616,426.79,1.0
36.59616,0.06432135,22.140768,4753.96,False,2.353914,11.8787,400.2088,672,1784710472.2585788,25.49156843,51.45159946,10.9,1784710471616,426.79,1.0
36.59236,0.08677124,22.0428,4755.53,False,3.175164,11.87899,400.3312,673,1784710472.5881464,25.4915656,51.45165854,11.0,1784710472621,427.8,1.0
36.5645,0.08566921,22.0428,4757.1,False,3.132452,11.87927,400.4539,673,1784710473.0087414,25.4915656,51.45165854,11.0,1784710472621,427.8,1.0
36.59107,0.0774465,21.944832,4758.67,False,2.83385,11.87951,400.578,673,1784710473.2986448,25.4915656,51.45165854,11.0,1784710472621,427.8,1.0
35.01351,4.460132,22.140768,4761.81,False,156.1649,11.89419,400.3476,674,1784710473.5475278,25.49155795,51.45171811,11.1,1784710473633,428.81,1.0
35.0608,4.342654,22.238736,4763.38,False,152.2569,11.90641,400.0685,674,1784710474.009444,25.49155795,51.45171811,11.1,1784710473633,428.81,1.0
35.12604,4.231145,22.434672,4764.95,False,148.6234,11.91955,399.7592,674,1784710474.209999,25.49155795,51.45171811,11.1,1784710473633,428.81,1.0
35.04956,4.251564,22.53264,4766.52,False,149.0154,11.93199,399.474,675,1784710474.4594767,25.49153691,51.4517953,11.2,1784710474646,429.82,1.0
35.0784,4.327361,22.630608,4769.66,False,151.7969,11.94656,399.2497,675,1784710474.7988627,25.49153691,51.4517953,11.2,1784710474646,429.82,1.0
35.0738,4.257361,22.826544,4771.23,False,149.3218,11.95864,398.9776,675,1784710475.198187,25.49153691,51.4517953,11.2,1784710474646,429.82,1.0
35.0128,4.420639,22.924512,4772.8,False,154.7789,11.97115,398.6919,676,1784710475.7987468,25.4915158,51.45184841,11.2,1784710475660,430.84,1.0
34.99968,4.573798,23.02248,4774.37,False,160.0815,11.98403,398.3944,676,1784710475.9882889,25.4915158,51.45184841,11.2,1784710475660,430.84,1.0
35.04686,4.405626,23.218416,4777.51,False,154.4034,11.9982,398.1856,676,1784710476.438833,25.49148605,51.45190144,11.2,1784710476663,431.84,1.0
35.10461,4.097969,23.316384,4779.08,False,143.8576,12.00994,397.9271,676,1784710476.438833,25.49148605,51.45190144,11.2,1784710476663,431.84,1.0
35.10154,4.184465,23.414352,4780.65,False,146.8812,12.02149,397.6753,677,1784710476.8578098,25.49148605,51.45190144,11.2,1784710476663,431.84,1.0
35.08627,4.353006,23.51232,4782.22,False,152.7307,12.035,397.3594,677,1784710477.2800455,25.49148605,51.45190144,11.2,1784710476663,431.84,1.0
35.09555,4.147869,23.610288,4783.79,False,145.5717,12.04637,397.1146,677,1784710477.2807896,25.49148605,51.45190144,11.2,1784710476663,431.84,1.0
35.06186,4.335888,23.806224,4786.93,False,152.0243,12.05996,396.9275,678,1784710477.7033277,25.49142862,51.45196287,11.1,1784710477671,432.85,1.0
35.07782,4.32876,23.904192,4788.5,False,151.8435,12.07439,396.5832,678,1784710477.8873482,25.49142862,51.45196287,11.1,1784710477671,432.85,1.0
35.03121,4.382506,24.00216,4791.64,False,153.5245,12.08885,396.3686,678,1784710478.261767,25.49142862,51.45196287,11.1,1784710477671,432.85,1.0
35.10045,4.240849,24.198096,4793.21,False,148.8557,12.10057,396.1144,679,1784710478.4674468,25.49142862,51.45196287,11.1,1784710477671,432.85,1.0
35.03974,4.346066,24.296064,4794.78,False,152.285,12.11456,395.7866,679,1784710478.8406303,25.49137916,51.45200051,11.2,1784710478683,433.86,1.0
34.97324,4.44108,24.394032,4797.92,False,155.319,12.12946,395.5592,679,1784710479.226672,25.49137916,51.45200051,11.2,1784710478683,433.86,1.0
35.01299,4.544109,24.492,4799.49,False,159.1028,12.14214,395.2755,680,1784710479.428736,25.49137916,51.45200051,11.2,1784710478683,433.86,1.0
35.02019,4.481301,24.687936,4801.06,False,156.936,12.15545,394.9718,680,1784710479.7342308,25.49132995,51.45203575,11.44,1784710479699,434.88,1.0
35.20238,3.968038,24.785904,4804.2,False,139.6844,12.16761,394.8351,680,1784710480.1032023,25.49132995,51.45203575,11.44,1784710479699,434.88,1.0
35.11821,4.165055,24.883872,4805.77,False,146.2693,12.17967,394.5731,681,1784710480.7587044,25.49128112,51.45206584,11.6,1784710480712,435.89,1.0
35.01912,4.448722,24.98184,4807.34,False,155.7903,12.19216,394.2976,681,1784710480.949845,25.49128112,51.45206584,11.6,1784710480712,435.89,1.0
35.11781,4.207421,25.079808,4810.48,False,147.7554,12.20521,394.1333,681,1784710481.363206,25.49128112,51.45206584,11.6,1784710480712,435.89,1.0
35.08607,4.328947,25.177776,4812.05,False,151.8857,12.21798,393.8499,681,1784710481.363206,25.49128112,51.45206584,11.6,1784710480712,435.89,1.0
34.99897,4.419434,25.275744,4813.62,False,154.6756,12.23125,393.5509,682,1784710481.7774158,25.49121313,51.45210968,11.84,1784710481721,436.9,1.0
35.07862,4.274361,25.373712,4816.76,False,149.9387,12.24467,393.3761,682,1784710481.9618711,25.49121313,51.45210968,11.84,1784710481721,436.9,1.0
35.1575,4.114651,25.569648,4818.33,False,144.6608,12.25868,393.0546,682,1784710482.3939364,25.49121313,51.45210968,11.84,1784710481721,436.9,1.0
35.08175,4.274635,25.667616,4821.47,False,149.9617,12.27225,392.8758,683,1784710482.5846534,25.49121313,51.45210968,11.84,1784710481721,436.9,1.0
35.06822,4.32311,25.765584,4823.04,False,151.6038,12.28625,392.5559,683,1784710482.9014225,25.49115847,51.45214568,11.96,1784710482736,437.91,1.0
35.06413,4.335371,25.863552,4826.18,False,152.016,12.29934,392.3934,683,1784710483.272349,25.49115847,51.45214568,11.96,1784710482736,437.91,1.0
35.02071,4.468461,25.96152,4827.75,False,156.4887,12.31242,392.1041,684,1784710483.4997592,25.49115847,51.45214568,11.96,1784710482736,437.91,1.0
35.08268,4.327025,26.059488,4830.89,False,151.8036,12.32687,391.8992,684,1784710483.8442025,25.49110604,51.45218005,12.0,1784710483746,438.92,1.0
35.11618,4.19964,26.157456,4832.46,False,147.4753,12.33948,391.6259,684,1784710484.2112198,25.49110604,51.45218005,12.0,1784710483746,438.92,1.0
34.97582,4.499876,26.255424,4835.6,False,157.3869,12.35193,391.4854,685,1784710484.4341614,25.49110604,51.45218005,12.0,1784710483746,438.92,1.0
35.09315,4.215234,26.353392,4837.17,False,147.9258,12.36602,391.1663,685,1784710484.7813034,25.49105232,51.452213,12.0,1784710484758,439.94,1.0
35.07328,4.317395,26.45136,4840.31,False,151.4252,12.37978,390.9851,685,1784710485.5504067,25.49105232,51.452213,12.0,1784710484758,439.94,1.0
35.09632,4.243816,26.647296,4841.88,False,148.9423,12.39332,390.6847,686,1784710485.5504067,25.49105232,51.452213,12.0,1784710484758,439.94,1.0
35.04101,4.401845,26.745264,4845.02,False,154.2451,12.40659,390.5199,686,1784710485.9600968,25.49099863,51.45225205,12.1,1784710485765,440.94,1.0
35.09163,4.231028,26.843232,4846.59,False,148.4737,12.41946,390.2416,686,1784710486.372954,25.49099863,51.45225205,12.1,1784710485765,440.94,1.0
35.1173,4.145364,26.843232,4849.73,False,145.574,12.43141,390.1191,687,1784710486.5749276,25.49094574,51.45228768,12.3,1784710486775,441.95,1.0
35.12062,4.221902,26.9412,4851.3,False,148.2758,12.44354,389.8649,687,1784710486.772634,25.49094574,51.45228768,12.3,1784710486775,441.95,1.0
35.10109,4.187265,27.039168,4854.44,False,146.9776,12.45762,389.6764,687,1784710487.1435175,25.49094574,51.45228768,12.3,1784710486775,441.95,1.0
34.99788,4.513265,27.137136,4856.01,False,157.9547,12.47067,389.3945,687,1784710487.327849,25.49094574,51.45228768,12.3,1784710486775,441.95,1.0
35.14079,4.036818,27.235104,4859.15,False,141.857,12.48386,389.2346,688,1784710487.6244192,25.49088148,51.452353,12.5,1784710487785,442.96,1.0
35.12348,4.380364,27.333072,4860.72,False,153.8536,12.49648,388.9671,688,1784710487.9174864,25.49088148,51.452353,12.5,1784710487785,442.96,1.0
35.13593,4.211225,27.43104,4863.86,False,147.9653,12.51018,388.7922,688,1784710488.2835927,25.49088148,51.452353,12.5,1784710487785,442.96,1.0
35.09912,4.190671,27.529008,4865.43,False,147.0889,12.52343,388.5062,689,1784710488.5762596,25.49088148,51.452353,12.5,1784710487785,442.96,1.0
35.01418,4.398423,27.626976,4868.57,False,154.0072,12.53748,388.3213,689,1784710488.921661,25.4908328,51.45240653,12.7,1784710488797,443.97,1.0
35.09301,4.220011,27.724944,4871.71,False,148.0929,12.5512,388.147,689,1784710489.2977755,25.4908328,51.45240653,12.7,1784710488797,443.97,1.0
35.06492,4.312171,27.822912,4873.28,False,151.2059,12.56455,387.8595,690,1784710489.5586078,25.4908328,51.45240653,12.7,1784710488797,443.97,1.0
35.03873,4.428037,27.92088,4876.42,False,155.1528,12.57754,387.7086,690,1784710490.260707,25.49078884,51.45246222,12.8,1784710489810,444.99,1.0
35.00675,4.423801,28.018848,4877.99,False,154.8629,12.59069,387.4283,690,1784710490.464612,25.49078884,51.45246222,12.8,1784710489810,444.99,1.0
35.03066,4.439287,28.116816,4881.13,False,155.5112,12.60323,387.292,691,1784710490.464612,25.49078884,51.45246222,12.8,1784710489810,444.99,1.0
35.05562,4.384626,28.214784,4882.7,False,153.7058,12.61758,386.9759,691,1784710490.8732042,25.49074474,51.45251662,12.8,1784710490811,445.99,1.0
35.0583,4.326218,28.312752,4885.84,False,151.6698,12.63095,386.8149,691,1784710491.2467754,25.49074474,51.45251662,12.8,1784710490811,445.99,1.0
35.07016,4.257112,28.41072,4888.98,False,149.2976,12.64509,386.6307,692,1784710491.4473886,25.49074474,51.45251662,12.8,1784710490811,445.99,1.0
35.09165,4.199562,28.508688,4890.55,False,147.3696,12.65683,386.3961,692,1784710491.734205,25.49070344,51.45257524,12.7,1784710491822,447.0,1.0
35.06949,4.315434,28.606656,4893.69,False,151.3401,12.67034,386.2319,692,1784710492.186752,25.49070344,51.45257524,12.7,1784710491822,447.0,1.0
35.04688,4.437885,28.704624,4895.26,False,155.534,12.68346,385.9562,693,1784710492.41052,25.49070344,51.45257524,12.7,1784710491822,447.0,1.0
35.13155,4.261751,28.704624,4898.4,False,149.7219,12.69607,385.8202,693,1784710492.7017298,25.4906437,51.45265202,12.8,1784710492837,448.01,1.0
35.05516,4.266172,28.802592,4899.97,False,149.5513,12.71018,385.5154,693,1784710493.0082977,25.4906437,51.45265202,12.8,1784710492837,448.01,1.0
35.08978,4.326699,28.90056,4903.11,False,151.8229,12.7244,385.3313,694,1784710493.3837285,25.4906437,51.45265202,12.8,1784710492837,448.01,1.0
35.07473,4.392956,28.998528,4906.25,False,154.0817,12.7386,385.1483,694,1784710493.674455,25.4906437,51.45265202,12.8,1784710492837,448.01,1.0
35.04712,4.413345,29.096496,4907.82,False,154.675,12.75175,384.8742,694,1784710493.9805267,25.49059871,51.45271322,12.9,1784710493847,449.02,1.0
35.12774,4.166047,29.194464,4910.96,False,146.3438,12.76447,384.7367,694,1784710494.3568056,25.49059871,51.45271322,12.9,1784710493847,449.02,1.0
35.10094,4.25714,29.292432,4914.1,False,149.4296,12.77788,384.5787,695,1784710494.6136255,25.49059871,51.45271322,12.9,1784710493847,449.02,1.0
35.10276,4.221664,29.3904,4915.67,False,148.1921,12.78954,384.3508,695,1784710494.9641235,25.49055884,51.45277376,13.0,1784710494859,450.04,1.0
35.14247,4.116372,29.3904,4918.81,False,144.6595,12.80237,384.2109,695,1784710495.3409574,25.49055884,51.45277376,13.0,1784710494859,450.04,1.0
35.17026,4.028251,29.488368,4921.95,False,141.6746,12.8152,384.0713,696,1784710495.5404086,25.49055884,51.45277376,13.0,1784710494859,450.04,1.0
