s_m,x_m,y_m,lat,lon,alpha_m,radius_m,v_safe_kmh,station_shell_m
0.0,-320.74219417234764,-49.55272136211694,25.488415852960205,51.45018741356243,-4.262654123247268,1242.1002872317251,366.37412853019435,0.0
5.223524091758317,-323.3302005856713,-45.01538439625524,25.488456810871458,51.45016167989994,-4.246052470013661,1525.8146332279932,406.066680406635,5.0
10.2014187964106,-325.81095037718563,-40.699678641398116,25.48849576814852,51.45013701273625,-4.208297887447008,2345.329891037917,503.44083219540204,10.0
15.185423535453964,-328.3039163494083,-36.383960404517204,25.488534725538255,51.4501122241018,-4.111039015509547,3360.0949378534524,602.590445696919,15.0
20.193905701219883,-330.8155717056484,-32.05077670471103,25.4885738405863,51.45008724963076,-4.005781861813365,4261.472153369187,678.6194373426551,20.0
25.19999877471134,-333.3311163660997,-27.722612784324706,25.488612910321496,51.4500622364867,-3.9046642484022054,5701.379017303223,784.9399328660421,25.0
30.200335127485587,-335.84756111569635,-23.401632633583077,25.488651915209797,51.45003721439266,-3.7943571288910505,7781.435191896543,917.014746678196,30.0
35.19356512303047,-338.3631997743363,-19.08840786230517,25.488690850091363,51.45001220031393,-3.676202939725311,14407.925783183897,1247.806370914295,35.0
40.20207593336746,-340.8880385723289,-14.762859390560383,25.488729896217265,51.44998709475425,-3.5312180078867,20363.717967204557,1483.4571429647626,40.0
45.21641503002024,-343.41688112727263,-10.43289958606723,25.488768982163656,51.44996194938349,-3.420254165818964,25215.022487357826,1650.7303918388366,45.0
50.22344031167242,-345.94289429954375,-6.109757253849042,25.48880800656967,51.449936832146506,-3.3039803026563628,89105.94440034128,3103.12882898437,50.0
55.23317301975447,-348.47051646995897,-1.784419351435804,25.488847050794792,51.449911698910554,-3.2029846521917857,609509.3058507952,8115.8990737321055,55.0
60.23928324418042,-350.99627543132715,2.537811698400654,25.488886066974786,51.449886584201295,-3.107831909376738,29267.63148649472,1778.4442530329043,60.0
65.26019169505861,-353.52875800058484,6.873253280120546,25.488925202404417,51.44986140263631,-3.019159952518863,44936.57037111319,2203.66933836097,65.0
70.2505124709438,-356.0453325234402,11.1825634473221,25.4889641019494,51.44983637925188,-2.987442129273884,24328.800075631952,1621.4621378932397,70.0
75.22165849044302,-358.55135849695193,15.475828704357527,25.489002856659198,51.449811460756216,-2.863295035511083,14736.872234765697,1261.9702779065499,75.0
80.19022295768362,-361.0546358238579,19.767708885551357,25.489041598866113,51.44978656959153,-2.7274643188541376,8142.056613240304,938.023084119349,80.0
85.19848404831043,-363.57526222647397,24.09542441343916,25.48908066455373,51.449761505917515,-2.4797216009709078,13347.89652380456,1201.0273101483272,85.0
90.21067883410373,-366.09624254080205,28.427485680954177,25.489119769469735,51.4497364387244,-2.3500996930332883,19411.658061977836,1448.3642067233766,90.0
95.21256734174209,-368.61092391560726,32.75128796899331,25.489158799833078,51.44971143416436,-2.138684425302498,9265.338074173349,1000.6382558388262,95.0
100.23739095570181,-371.13478518081655,37.096282406893486,25.489198021495017,51.44968633832471,-1.9959178404060054,10371.604227818047,1058.69152222139,100.0
105.27055787768529,-373.6607265097733,41.44971664519509,25.489237319341864,51.44966122180209,-1.8925282992910193,13574.933488823192,1211.198495020249,105.0
110.27654114827055,-376.17142423414225,45.78056707464059,25.489276413327804,51.449636256853196,-1.918375561181686,14056.766469495706,1232.5063974634509,110.0
115.2574884191524,-378.6680344828013,50.090645146044366,25.489315319804547,51.44961143198214,-1.8432602022214513,12250.848768877098,1150.6137422577094,115.0
120.25945857796953,-381.17341836739934,54.41993574156849,25.48935439971008,51.44958651987105,-1.7671194140882025,18180.204570156606,1401.670232285373,120.0
125.25797311491752,-383.67588141177083,58.74692387277885,25.48939345883159,51.449561636803125,-1.6996837947510277,20029.721187002157,1471.2413392529843,125.0
130.25671971629765,-386.17738066309374,63.07473730226496,25.48943252540295,51.44953676331861,-1.6109008098065454,21890.836715181158,1538.0754778833234,130.0
135.25416823853908,-388.6772423914485,67.4019977602869,25.489471586982713,51.4495119061167,-1.530821446264583,21045.152493785583,1508.0734904970072,135.0
140.25215946239058,-391.17634779128764,71.73032174009612,25.489510658162743,51.44948705643528,-1.4195908804664998,15948.624418881078,1312.828761541369,140.0
145.26507912400345,-393.68155511803076,76.07236040687667,25.489549853143345,51.449462146079775,-1.3174585798825635,21081.43344901519,1509.372858268422,145.0
150.26688914939552,-396.1801812754283,80.40536985247927,25.489588966618424,51.44943730116367,-1.2946295054809775,17235.65282139895,1364.7727298066911,150.0
155.27307971717948,-398.67973650519536,84.74289998543664,25.48962812090112,51.4494124470094,-1.201272165447174,14702.471636080934,1260.4964951151167,155.0
160.29121381448638,-401.1837726901722,89.09163228380598,25.489667376304205,51.449387548299065,-1.2278541634315514,13208.069000073701,1194.7199941024694,160.0
165.29559333140327,-403.6792997701453,93.42939195239738,25.489706532658886,51.449362734198424,-1.2746642285408853,12253.833994508097,1150.7539216231883,165.0
170.28961977815888,-406.16789787465046,97.75919329023586,25.489745617174822,51.44933798899557,-1.3218983914103213,11296.943579667917,1104.9101094415914,170.0
175.28880172709887,-408.6571477643141,102.09456584001943,25.48978475198131,51.449313237311735,-1.309987828916833,9010.63026106866,986.7884373044185,175.0
180.2605844831068,-411.13036878831934,106.40754642649979,25.489823684658656,51.449288645009815,-1.3498088798053227,7353.731071117959,891.4568758573023,180.0
185.232783921784,-413.6008801977034,110.72255982556183,25.48986263568592,51.44926407965077,-1.122552325452252,5675.339373283672,783.1453715875947,185.0
190.2423821731063,-416.08614963404983,115.07221618766836,25.4899018994304,51.44923936754629,-0.9074794248828968,11584.632524865201,1118.8905306951647,190.0
195.24875329679838,-418.56793872971457,119.42014382193018,25.489941147569898,51.44921469004834,-0.7138276960335408,11370.420378015198,1108.4975255606814,195.0
200.262590133342,-421.0515098659218,123.7756500192487,25.48998046412003,51.4491899948308,-0.5114197959912575,16245.359790475555,1324.9855269635705,200.0
205.27017046141495,-423.5306400305619,128.12648607325883,25.490019738513432,51.44916534377175,-0.48023494878345463,20545.524741292087,1490.0645624925862,205.0
210.26916147291095,-426.0044600553236,132.47046185796412,25.490058950980128,51.449140745513716,-0.4199393078532565,22336.278336810137,1553.6452933578266,210.0
215.26920636046123,-428.4778290283935,136.81590715166794,25.490098176711882,51.449116151740675,-0.3604300287054464,25303.55728150606,1653.6258683868682,215.0
220.2696301450099,-430.95052661366714,141.16217045212065,25.490137409827668,51.44909156464353,-0.2917190048569561,27823.478387887066,1734.01232002678,220.0
225.26651970246309,-433.4206962115478,145.50580572768084,25.490176619220637,51.44906700268326,-0.23392922694370827,24135.436585357962,1615.0056532571073,225.0
230.27000193095807,-435.8932237201457,149.85568413173903,25.490215884969462,51.44904241727726,-0.017131726855949134,28334.397252293846,1749.8606157313643,230.0
235.2702408449697,-438.36338108493743,154.2031790184941,25.49025512920261,51.449017855438626,0.018495284015328406,26246.050476896504,1684.1409938139846,235.0
240.27189528654125,-440.8334090764373,158.55237536656801,25.49029438879461,51.44899329488641,-0.06719168242739143,22716.560489877145,1566.8151243197565,240.0
245.271119419512,-443.30127992588547,162.90000177670504,25.490333634214995,51.448968755783575,-0.004493909127350056,18695.83131417627,1421.4083349959064,245.0
250.27186117794795,-445.76873678888484,167.24960805357682,25.490372897507367,51.448944220797195,0.10624031835101053,16309.582668730156,1327.6019802178494,250.0
255.26617804787804,-448.2316922995983,171.59438090719235,25.490412117169097,51.44891973056969,0.16467306400586834,11421.60008550077,1110.9894687060757,255.0
260.2763780314726,-450.70057144783203,175.9540528704285,25.49045147132302,51.44889518144092,-0.10010500980607863,7517.12703865326,901.3063114175227,260.0
265.2823656495086,-453.16447224091644,180.3117018826561,25.490490807216048,51.44887068181407,-0.21926667149093843,5770.316574889178,789.6711787104084,265.0
270.30749433567894,-455.6339910062928,184.688161111305,25.490530312906287,51.4488461263253,-0.5046726104704424,3697.1850287784036,632.0945709445657,270.0
275.3308838962357,-458.0967075333239,189.066456439923,25.49056983517075,51.44882163847412,-0.8580176658077393,2209.1985251952597,488.61167470122444,275.0
280.3036539335839,-460.524795989409,193.4061371071812,25.490609008866016,51.44879749494476,-1.1420329883105556,1665.032621955973,424.1874747745521,280.0
285.2132215244281,-462.9092988110373,197.69775687397254,25.490647748722207,51.44877378480614,-1.1150544416320183,1559.2726876549727,410.4946518115704,285.0
290.20729899311925,-465.3209709822727,202.0709304472231,25.49068722475329,51.44874980451098,-0.6361360930127317,2249.9725195978463,493.1000813997901,290.0
295.2529163868818,-467.74766850556387,206.4946612273104,25.490727157157266,51.448725674812266,-0.1647741502370917,8151.092757412649,938.5434539602321,295.0
300.2951790651859,-470.17001650072365,210.9169505786943,25.490767076549666,51.44870158836279,0.29301629734780243,270586.7775395023,5407.540149170442,300.0
305.32724169362507,-472.58738214298546,215.33033903294873,25.490806915594902,51.44867755145499,0.6997230677973433,3691.0183883239156,631.5672066615437,305.0
310.30380125502876,-474.98400003037233,219.69180298098908,25.490846285924828,51.448653720851055,1.0898618533119941,3636.393288474025,626.8763578647635,310.0
315.25050438066035,-477.3721526413098,224.0238462540885,25.4908853906784,51.448629974421,0.9878017127964536,3893.5209187405535,648.6609047759073,315.0
320.2513729891294,-479.7920476829802,228.40023687039212,25.490924895749284,51.4486059123623,0.88987051972298,6330.3616469622875,827.1051558827376,320.0
325.25218804136034,-482.21537326581046,232.77466761121087,25.49096438312865,51.448581816192245,0.7932410118182079,8369.216623248167,951.0182953318483,325.0
330.2529714049407,-484.6412968663454,237.1476218682126,25.491003857179994,51.44855769418898,0.6968220594176089,11047.80560666656,1092.6585773165427,330.0
335.2531408709251,-487.06890146224566,241.51894096140708,25.491043316470947,51.44853355547085,0.599773187398161,14244.790392204664,1240.72204523123,335.0
340.25368897243885,-489.49822432119345,245.88973857311896,25.491082771054558,51.448509399667294,0.4914414150091647,19833.93977541658,1464.0333248776658,340.0
345.2486864744419,-491.9259506937839,250.25507300530694,25.4911221763228,51.44848525973829,0.3813858205898499,19977.39897310742,1469.318473214994,345.0
350.2549696711467,-494.360257370868,254.6296612656478,25.49116166512407,51.448461054378484,0.10723232388098966,25065.484468434486,1645.8282739796794,350.0
355.2727197153504,-496.8010164898159,259.0137815228236,25.491201239969353,51.44843678485927,-0.22167898133993152,295625.39569643146,5652.197609046452,355.0
360.2852284487095,-499.23915180712237,263.39336369199276,25.491240773849945,51.44841254142965,-0.5157851261945967,67496.66561959228,2700.770161203255,360.0
365.29436270943626,-501.67532082704525,267.77017834974953,25.491280282748594,51.44838831755176,-0.7856010172678696,14128.371628455407,1235.6416032318698,365.0
370.28259929007874,-504.09978412860033,272.12959137031464,25.49131963456508,51.44836421006888,-1.0419376753212681,14065.754263168596,1232.9003622871032,370.0
375.25573072689724,-506.5153666388785,276.476659051397,25.4913588749419,51.44834019089153,-1.10400129376095,19639.97986030506,1456.857205756416,375.0
380.2471582776255,-508.9387291581296,280.8403344626138,25.49139826523439,51.4483160943542,-1.1218077344076034,20440.166670053226,1486.2391038880571,380.0
385.24312758741917,-511.3632295999493,285.2085728892586,25.491437696716595,51.448291986502014,-1.1249894078673763,19762.19274849246,1461.3829386111036,385.0
390.23922569410104,-513.7866881157029,289.57753673827494,25.491477134747083,51.44826788901015,-1.1236765433112983,17756.117518839157,1385.22548405077,390.0
395.2434341543213,-516.2128483214221,293.9542762746792,25.49151664296762,51.448243764654215,-1.1081265188144296,15128.379688971392,1278.6234796502386,395.0
400.2588370129013,-518.6429830945808,298.34161155000726,25.491556246834428,51.44821960077745,-1.1588765516047523,11747.135040942727,1126.7107759243968,400.0
405.26699587072267,-521.067738577122,302.72364486743663,25.491595802841193,51.44819549038928,-1.2963556095847553,9811.856886208736,1029.726927708334,405.0
410.2611363627353,-523.4834793077446,307.09464429278216,25.491635259246546,51.44817146963868,-1.420740283210899,8892.164100648182,980.2801345422557,410.0
415.2481410120831,-525.8933183020215,311.4607514140378,25.49167467148975,51.44814750757158,-1.522614631021782,7920.655023841275,925.1816630452929,415.0
420.240515047519,-528.3029980019053,315.8330782835276,25.491714139877757,51.44812354708842,-1.572671072806527,5515.898043760216,772.066275172743,420.0
425.2028545565787,-530.6942581974861,320.18126044164904,25.491753390314805,51.44809976975832,-1.6422703720146554,4857.356722078027,724.5134744023311,425.0
430.19720952831557,-533.0964595509283,324.55996004783725,25.491792916228622,51.448075883635575,-1.4823336676731695,4418.126062968456,690.9800666602255,430.0
435.2236227139494,-535.5090812696452,328.9695049172188,25.49183272057835,51.44805189389865,-1.4929746103883095,4491.549858463164,696.6980256126355,435.0
440.22633507245655,-537.9054255669595,333.36093577181384,25.491872361415382,51.44802806601514,-1.5246686144964923,4367.1921351668125,686.9855731988748,440.0
445.2183950533275,-540.2916512921585,337.7457492959004,25.491911942518687,51.44800433874495,-1.5674339734800893,4096.513908359921,665.3553972683885,445.0
450.2339928875238,-542.6837451867402,342.1541626651183,25.49195173665452,51.44798055312502,-1.5620188560834152,3465.9280133588236,612.0067842618474,450.0
455.23976176795526,-545.0647881131592,346.55738383454025,25.49199148392109,51.44795687738963,-1.709362200992751,2766.24674064739,546.7539445414837,455.0
460.2150302482008,-547.4234240350396,350.93803824210767,25.49203102748063,51.447933424456735,-1.7610239793695783,2685.0393407979695,538.6687656068807,460.0
465.23855459811693,-549.7966969428428,355.3656078462232,25.492070994537137,51.44790982598199,-1.7780211901207368,2193.5216931314803,486.8749542446931,465.0
470.2337653068605,-552.1465331416107,359.7736005712293,25.492110784875873,51.44788646054853,-1.9647432932392783,1802.5214722785915,441.3536176852657,470.0
475.18464473823695,-554.4634528150298,364.1488823188371,25.492150279937157,51.447863422418266,-1.9728362479835946,1708.7040799145573,429.7143882347475,475.0
480.1878098703086,-556.7919526305152,368.5771720505577,25.492190253494154,51.44784026914166,-1.9023098081355778,1626.106533128981,419.1997014209198,480.0
485.2159797437931,-559.1183515050889,373.03479031068264,25.492230491795713,51.44781713675561,-1.9018873097310547,1423.3343505996513,392.1930855240547,485.0
490.2091187083641,-561.4129451211116,377.4694579258286,25.492270522924983,51.44779432062295,-1.9819474381164672,1227.8270802765412,364.26300933688253,490.0
495.22279822129457,-563.6988133781051,381.9317206444556,25.492310803151423,51.44777159125029,-1.9734057685184854,1023.9926785591624,332.6556415185918,495.0
500.2793204843787,-565.9820579662196,386.44339567130663,25.49235152941591,51.4477488879659,-2.159110076120887,753.7728324945781,285.40837152802345,500.0
505.29904545607104,-568.218700452661,390.93728810207057,25.492392095159374,51.44772664806628,-2.4615001236062968,629.0146231463674,260.721495314394,505.0
510.3073590345621,-570.4144473339805,395.4386101893771,25.492432727969316,51.44770481480928,-2.7228504080949913,524.4950879770145,238.07685669255739,510.0
515.3591705572716,-572.5856193144991,400.0000586317023,25.492473903531522,51.4476832259111,-3.0384052128617314,393.2077674565883,206.13774054602527,515.0
520.4368748028013,-574.7086842814069,404.61261492418913,25.4925155404372,51.44766211536167,-3.426363394557951,267.9714822331636,170.17303973200924,520.0
525.4553988576192,-576.7207568283102,409.21013031348195,25.49255704157073,51.44764210845769,-3.8812724970001047,195.61998485547335,145.3962072358734,525.0
530.3972941946055,-578.5862148549232,413.78641656683976,25.4925983510718,51.44762355940504,-4.19041988882725,149.42670919280454,127.07513606237234,530.0
535.3418619907915,-580.3002096727845,418.4244088539641,25.492640217584672,51.4476065164163,-4.44973616043598,104.1471353239434,106.08894526371341,535.0
540.175572843067,-581.7611422007786,423.0320586618439,25.492681810200192,51.44759198973492,-4.658023257850611,71.72753440673827,88.04190247621645,540.0
544.8934688196184,-582.8846377132719,427.61423066635956,25.49272317283112,51.44758081833512,-4.714933601857866,54.00281672865085,76.39319495414786,545.0
549.6938343053004,-583.6128581873452,432.35903874859713,25.492766003555353,51.44757357732528,-4.679999996246644,42.13242617473106,67.47683464810434,550.0
554.5333838125101,-583.7958770041092,437.1951263765713,25.492809658247385,51.44757175749036,-4.877336118246322,49.08302501001958,72.83030482180331,555.0
559.2141235578414,-583.5189707283118,441.86766824133264,25.4928518366345,51.44757451088873,-5.09362705168444,57.17104911368519,78.60217222015339,560.0
564.0021534375762,-582.8412214002011,446.6074874338208,25.49289462232472,51.44758125004222,-5.0868045499438,69.5318410958259,86.68387791526733,565.0
568.8869451750996,-581.8153022455951,451.38333083652884,25.492937733200485,51.447591451198264,-5.184117643401803,71.07432085579917,87.64009236046488,570.0
573.646780753823,-580.5023628525981,455.9585056842038,25.492979032669048,51.44760450632016,-5.264609500608342,72.1979164869075,88.33011577640988,575.0
578.3765300656938,-578.9019246061467,460.4092501132222,25.493019208921485,51.44762042016699,-5.260908941328088,72.74736568532997,88.66558891487682,580.0
583.1691446006149,-576.9886807774681,464.8034112541408,25.493058874404433,51.44763944437447,-5.239999997045086,65.03124426898862,83.831550583101,585.0
587.8142904162402,-574.8303493370473,468.9166806401296,25.49309600431648,51.44766090559362,-5.369691401150392,61.49094481273673,81.5177249034848,590.0
592.3283404362279,-572.4412596468418,472.74668038361585,25.493130577192765,51.447684661341455,-5.377769589144252,55.43796145771676,77.40162765299331,595.0
596.781269540174,-569.7869223849602,476.32202250779886,25.493162851310057,51.44771105456014,-5.397142857132881,48.381856379784494,72.30823008565426,600.0
601.1744965893065,-566.8569770333011,479.5955319612021,25.493192400825706,51.44774018826877,-5.377155420783446,50.124381253316464,73.59884172951976,605.0
605.5045493051985,-563.6996103037596,482.55870456123546,25.493219148973637,51.447771583326116,-5.395797099672371,48.10882499284145,72.10391436079179,610.0
609.7201434351031,-560.3818606774639,485.15942970728617,25.49324262535869,51.447804573139685,-5.443976988393574,56.43108650619853,78.09184316061375,615.0
613.755144430818,-557.0328712311236,487.4100968803088,25.49326294181899,51.44783787358424,-5.508051423714784,64.81085487984271,83.68937842919954,620.0
617.7028203847461,-553.6270315293947,489.4061934118797,25.49328096030543,51.447871739315374,-5.481849663800544,68.46126559809291,86.01395730309403,625.0
621.435818711601,-550.3056306784649,491.11018076387023,25.493296341962836,51.44790476543464,-5.542606075025475,62.43718758852612,82.14254107124852,630.0
625.0262450590186,-547.0205009488362,492.55900235942323,25.49330942027436,51.447937430894534,-5.452435223715607,56.878583367738045,78.40086475070294,635.0
628.715143294777,-543.556978713711,493.82864164700635,25.49332088113205,51.44797187018794,-5.3499999973335655,55.192939466825415,77.23039027250765,640.0
632.6015577756979,-539.8248588897437,494.912846026753,25.493330668094558,51.44800898026286,-5.173537342936572,58.930726216913094,79.8026593094121,645.0
636.5881871983729,-535.9307940635522,495.76693810794575,25.493338377865275,51.4480477006267,-5.113957724891586,54.099697994825156,76.46168909472803,650.0
640.6184131477331,-531.941020060041,496.336520941081,25.49334351941048,51.44808737266811,-4.961406650683148,48.43171363548288,72.34547712315666,655.0
644.8193659800241,-527.746841984013,496.5750056695234,25.493345672179036,51.448129077187254,-4.8899999964534455,42.888739015626854,68.07977411575473,660.0
649.098021564148,-523.4719769676133,496.3949426274634,25.493344046774936,51.448171584011405,-4.9680891087297425,51.69892464598733,74.74587361025976,665.0
653.3559008787138,-519.2471493905426,495.8654445619043,25.493339267069366,51.44821359329174,-5.138152481313441,60.074315141784886,80.57324997450867,670.0
657.6360286208037,-515.0487690670717,495.0329205994265,25.493331751991064,51.44825533959564,-5.219246792849138,70.2615603886498,87.13755353495876,675.0
661.9884971784126,-510.8394689196653,493.9257734484037,25.493321757927347,51.448297194480055,-5.306701736853206,74.04198739717687,89.45106198570936,680.0
666.28605787557,-506.7541898434027,492.59178588669124,25.49330971620671,51.44833781616954,-5.347664232609189,72.5347017433575,88.53589504777905,685.0
670.6193912694242,-502.72218621629696,491.00410674615364,25.493295384447393,51.44837790811829,-5.275545856240149,95.46885308410555,101.5727755231977,690.0
675.0215241826867,-498.7042247088303,489.20556302676704,25.49327914924278,51.448417860440195,-5.149050956946452,129.97712832797876,118.51680525534996,695.0
679.5799145981981,-494.61030005038793,487.20089246250353,25.49326105335974,51.44845856809643,-4.892875842569002,185.21833550284185,141.477851461111,700.0
684.204708748788,-490.5084301624061,485.0646845237958,25.493241770107065,51.4484993547555,-4.740012291386715,246.51159313532716,163.21690621651814,705.0
688.8825047439535,-486.4010569547344,482.82609999215816,25.493221562715092,51.44854019613645,-4.513506216642764,314.25283394949116,184.2833373810728,710.0
693.6232604725003,-482.272866043452,480.49526222908776,25.493200522566,51.44858124451679,-4.426355523951301,392.55280312933695,205.96598766220097,715.0
698.3712990720328,-478.16684855801805,478.11104517689625,25.49317900056947,51.44862207241721,-4.3281960357578315,447.0735668771086,219.80418846956903,720.0
703.1325093051665,-474.07509944304144,475.6765612348285,25.4931570248207,51.44866275844108,-4.303777216035583,479.8050755918929,227.70831322502494,725.0
707.9427293189952,-469.9659692095797,473.17590825892626,25.493134451773244,51.44870361729289,-4.19284532950882,496.42272568708796,231.61799334230815,730.0
712.85883873299,-465.7916208924694,470.57918957993826,25.493111011554014,51.448745124636204,-4.186488300327502,478.7589154913427,227.45993179029645,735.0
717.7651605779598,-461.65238689314685,467.9450415307047,25.49308723346505,51.44878628282273,-4.221635898796398,420.2863100559789,213.11748838930856,740.0
722.6876910666205,-457.5306647636007,465.2538126109353,25.49306294011499,51.44882726688119,-4.240669150558677,354.0658943946079,195.6088567701021,745.0
727.6413705145197,-453.42103522783833,462.4879700356378,25.49303797323781,51.44886813069778,-4.279999958273217,283.9821530896457,175.18301281417848,750.0
732.5986771509553,-449.35732018814406,459.6487607858975,25.49301234408984,51.448908537966766,-4.332926630201646,349.49362506422403,194.3417443578978,755.0
737.5109645632075,-445.37063488241444,456.77875941069726,25.492986436985632,51.44894817929592,-4.3694383458553485,430.87866796187024,215.78634751876382,760.0
742.4475085034792,-441.3974872873913,453.84898736113513,25.492959990339834,51.448987686013794,-4.263425944782641,534.3361086204403,240.2999768556809,765.0
747.4203702551309,-437.42264785833333,450.8606758790023,25.4929330152667,51.449027209554295,-4.196289927214419,626.3015721287414,260.158618813934,770.0
752.3280082469244,-433.523326597128,447.88070870461826,25.492906115516476,51.449065982185125,-4.029728337696349,621.5075327488513,259.1610111133015,775.0
757.2182071060839,-429.6613875433982,444.8807967680104,25.49287903572765,51.44910438310857,-3.7586177074405684,668.2824284634919,268.7363958705018,780.0
761.9816225317218,-425.9207769436557,441.9315665534801,25.4928524134357,51.44914157761094,-3.358814232339275,408.19248938098593,210.02885854623747,785.0
766.8629641287677,-422.12353298987625,438.86424946153545,25.492824725189887,51.44917933524314,-2.4663875944568225,392.00912045399383,205.82330757165704,790.0
771.9699589700939,-418.1919565767023,435.6047858221145,25.49279530246385,51.44921842860084,-1.4654559939572858,1274.1498664819867,371.07075154896563,795.0
777.1239498161224,-414.2374781637111,432.2993778106683,25.492765465004346,51.44925774968299,-0.47507929497115553,2982.713581418348,567.7435946750904,800.0
782.3070454840085,-410.26643466219707,428.96841785720994,25.492735396891003,51.44929723547895,0.535850132333834,2262.648571129866,494.48716123914517,805.0
787.4293087848777,-406.3345117403128,425.68549789781537,25.49270576242802,51.44933633228214,1.481433666889265,1022.0255211599971,332.3359612112065,810.0
792.3955638032867,-402.50667997210786,422.52141938074385,25.492677200730252,51.449374394062154,1.9654189294535818,2270.1684695374734,495.30819212967526,815.0
797.3853435398668,-398.6537543025273,419.3507939528082,25.492648579934425,51.44941270536163,2.1773472591497303,2923.450821844058,562.0751222267259,820.0
802.4081029395528,-394.7699031997921,416.16585869460954,25.492619829965747,51.44945132416602,2.3326802501563804,2891.913943030709,559.0351942453551,825.0
807.4186259033393,-390.89000826924797,412.99540830096373,25.492591210749932,51.44948990363248,2.404557744441194,3004.9430145555466,569.8552944004764,830.0
812.4277471696356,-387.00591985836417,409.83231597273493,25.492562657954352,51.44952852479652,2.3883657781434575,3040.8306983050775,573.248052277988,835.0
817.4924750774297,-383.07342166602297,406.64061944154304,25.4925338469526,51.44956762731987,2.298655839781935,3346.469228196458,601.367405356108,840.0
822.5497385069222,-379.14190393243064,403.4595690323652,25.492505132051914,51.449606720094096,2.3702004685190845,3210.4538245884823,589.0195115984279,845.0
827.5314567600116,-375.2642205461439,400.33209588158036,25.492476900785707,51.44964527757022,2.3026285810401115,2886.7813068088276,558.538879588214,850.0
832.5152494260784,-371.3795278017452,397.2100209913899,25.49244871824885,51.44968390474341,2.103079017041626,3095.327168291317,578.3619950192535,855.0
837.5083302704363,-367.4825593811779,394.0884038708265,25.492420539844215,51.44972265397894,1.7758146024389347,3115.4974756976103,580.2433464386427,860.0
842.5173716835642,-363.56811229240685,390.96308790797707,25.49239232805064,51.44976157701239,1.3252687186089671,2615.1824069710024,531.6152862426353,865.0
847.5642545698156,-359.61804614060856,387.82174993444505,25.492363971628603,51.44980085422153,0.7553673315601772,3990.551217589526,656.6937937952503,870.0
852.6126474796497,-355.662826634574,384.6844725110815,25.49233565186059,51.44984018267269,0.28158013145231114,5799.702995033853,791.6793994895936,875.0
857.6399903248654,-351.7213867125907,381.56369898121136,25.492307481070927,51.4498793741075,-0.09040048865997688,7756.248386253036,915.5294556196822,880.0
862.6274200721662,-347.80924074250925,378.47022692007425,25.49227955672784,51.44991827425994,-0.3568136845677177,3132.881814327319,581.8599605692402,885.0
867.7286603562171,-343.80273229582264,375.3126103343797,25.492251053361027,51.44995811269913,0.17953585597705066,1767.9109927390364,437.09583221061456,890.0
872.9371000735104,-339.7026465387268,372.1005796568895,25.49222205880576,51.449998881617816,0.9997619639900982,681.8662973240782,271.45389641386487,895.0
878.0896884172115,-335.62250236218205,368.953900432969,25.492193654168993,51.45003945224878,1.7818030469583805,479.75406108080074,227.69620754122465,900.0
883.1696454316325,-331.5670171536922,365.89465167026856,25.49216603875487,51.45007977768501,2.505550437700835,207.54857784080113,149.76362662401957,905.0
887.9107278860508,-327.71557769543176,363.12982311519534,25.492141081031114,51.45011807420645,3.1793776070099438,182.2062252374068,140.32274532121238,910.0
892.4715733840503,-323.9438755307539,360.56553482454103,25.4921179335565,51.45015557786564,3.0271646266496517,213.86130324731826,152.02414579130453,915.0
897.3602480214087,-319.8413334267887,357.9069096168175,25.492093934515623,51.45019637120885,2.7382510658167867,364.6510179126489,198.51127667396005,920.0
902.3376292380248,-315.6281137131702,355.2567957663765,25.49207001230559,51.45023826506719,2.5006218661393005,504.7244160968206,233.54664049255447,925.0
907.3500262737786,-311.3590513920813,352.6301570506997,25.492046302002336,51.450280714192644,2.3114655823190473,636.7807355607198,262.3260533736801,930.0
912.4077287088835,-307.0305805951813,350.013920348402,25.49202268559662,51.45032375404216,2.2227254602257998,811.1300446867498,296.06816460734376,935.0
917.4430591780025,-302.7051344562618,347.43611728522103,25.491999416126028,51.45036676381619,2.3278860451916428,972.2895739453228,324.1486981247437,940.0
922.4550519320661,-298.3865360218464,344.89254127317605,25.49197645561828,51.45040970550055,2.4019690178102384,1185.2305721781713,357.88862071090716,945.0
927.489712185132,-294.03761594042317,342.35587062265876,25.49195355744427,51.450452948686106,2.4820085464814783,1323.1972061700433,378.14534183471017,950.0
932.5311283266157,-289.67322046499834,339.83239507379704,25.49193077838061,51.450496345750174,2.5665790514738474,1408.083900388083,390.0863321623599,955.0
937.5967345938222,-285.27881162854055,337.31256614459875,25.491908032234484,51.450540041250015,2.6357666428282998,1338.8189481265076,380.3709948384989,960.0
942.6644699603537,-280.8730471666481,334.8083334773891,25.49188542687365,51.45058384966373,2.7608622763578343,1186.195898444094,358.0343345397505,965.0
947.7346417553348,-276.45449835862127,332.32175581688733,25.49186298088211,51.4506277851977,2.855061580060565,1066.4068292815823,339.47510094806603,970.0
952.8652199151825,-271.971323427513,329.82696628841234,25.49184046076318,51.450672363337056,2.9829998414740815,829.8153737906329,299.45888667197266,975.0
958.0064819245454,-267.46342592584386,327.35483458412097,25.491818145173283,51.450717187303574,3.2714437777745116,598.6281430247199,254.34607051638656,980.0
963.0916532185881,-262.98398654622827,324.94784685376067,25.491796417629,51.45076172829874,3.5881465010072873,588.1269554930723,252.10531960708727,985.0
968.2775478576937,-258.3945619190117,322.53316575701075,25.49177462063777,51.45080736292458,3.8531173806065397,375.04102193468987,201.31950505545967,990.0
973.4001122376449,-253.82883237047992,320.2104992901223,25.491753654249834,51.450852761940055,4.409994642126199,243.5306682535157,162.2270599651179,995.0
978.297246393039,-249.41927568720834,318.08030380779144,25.49173442527077,51.450896608061456,4.68647088220213,222.91509195788353,155.20875080358363,1000.0
983.234638974979,-244.9271773179635,316.03118259389896,25.491715928137882,51.4509412749304,4.814293784833574,214.4687671143056,152.23990172418985,1005.0
988.3805287900169,-240.19647874816184,314.00617073462814,25.49169764863679,51.450988314303906,4.795796168443374,220.2880477524489,154.29147625498302,1010.0
993.3270501818819,-235.60566842821757,312.16428732722386,25.491681022210823,51.451033962708294,5.051469941805927,211.46039281653768,151.16838893131415,1015.0
998.2448896517125,-231.00001023259816,310.4400316512444,25.49166545759407,51.451079758751504,4.715630530741067,218.28995240477082,153.5901414639894,1020.0
1003.3633197071788,-226.16650951489592,308.75610853997324,25.491650257053784,51.451127820331045,4.534626397092177,262.2633479245885,168.35083228078378,1025.0
1008.442361017258,-221.33862713259845,307.17870170209255,25.49163601802112,51.45117582604506,4.148991637049091,236.07721319690395,159.72522266524248,1030.0
1013.1983494892519,-216.78803739150672,305.7961101666024,25.491623537559157,51.451221074518905,3.814728287334542,140.07892983331766,123.03619023336162,1035.0
1018.2908365590733,-211.86645879118672,304.4878714127157,25.491611728269437,51.45127001189478,2.439219432323853,177.70566719878457,138.5788989310579,1040.0
1023.6114887348971,-206.68653662999088,303.2722456561401,25.491600754984397,51.451321518091945,1.2911744742910203,858.133905710642,304.52573366314334,1045.0
1028.8876980872917,-201.54253671605352,302.098512289609,25.49159015985615,51.45137266709874,0.05261955402317527,2374.2616446976695,506.5365121953967,1050.0
1034.1319963644273,-196.42707609409482,300.9432084141035,25.491579731088358,51.451423532327055,-1.138929776634644,529.1206372479353,239.12435831727208,1055.0
1039.2294136569396,-191.46609935175272,299.7717252448069,25.491569156272327,51.45147286145562,-2.390298200383997,310.6028059154463,183.20999154727426,1060.0
1044.0663548205112,-186.77700517642413,298.5849667880213,25.491558443568394,51.45151948713871,-2.9712823950863205,429.9651134286048,215.55746963231059,1065.0
1049.0156671290938,-181.99310450606902,297.31611427332007,25.491546989812793,51.45156705552362,-3.51490454573839,272.10372415621333,171.48009293862813,1070.0
1053.9160114769518,-177.28004795091076,295.97429735754406,25.491534877417667,51.45161391947498,-3.97053664848646,201.00196954951625,147.38273916313534,1075.0
1058.7632889529996,-172.6515817010087,294.53436711502627,25.491521879367152,51.451659942308495,-4.304828709179288,146.9624520740843,126.02295596355447,1080.0
1063.5692207894922,-168.11195072143497,292.956795758064,25.491507638849395,51.45170508181465,-4.478483750277153,103.14529437849565,105.57745214670183,1085.0
1068.3021058739787,-163.71791676926867,291.1981977795129,25.49149176422944,51.45174877358686,-4.489997424761076,73.5389966467045,89.14670946849104,1090.0
1073.00350405083,-159.47409175682876,289.17505812019834,25.491473501628438,51.451790971766876,-4.217739161815785,58.18431549632888,79.29566252557042,1095.0
1077.8102418047008,-155.31853041952914,286.759268848257,25.491451694633863,51.45183229230316,-3.761904757255828,49.214818991517674,72.92801845219422,1100.0
1082.7044420503448,-151.35003597117804,283.89496302347715,25.491425838942593,51.45187175275279,-3.325269475705688,70.92662161110286,87.54898275012788,1105.0
1087.6496900987565,-147.55042547089596,280.72977135369393,25.491397267196547,51.45190953391657,-2.8285268985759155,99.66904380212479,103.78309385349074,1110.0
1092.6765803604665,-143.85382579079712,277.32319293710526,25.49136651648583,51.451946290799405,-2.228534474482975,144.01038669967795,124.75081041443632,1115.0
1097.7521758868477,-140.24433269385077,273.7548278309933,25.491334305349113,51.45198218154397,-1.6667618600217644,209.12345766542248,150.33075644920737,1120.0
1102.814722494018,-136.7314440302497,270.10942094191824,25.491301398766915,51.45201711170904,-1.159954247186411,285.7802244234715,175.73673515108422,1125.0
1107.8614974179504,-133.29432083913022,266.41400198029817,25.49126804073267,51.45205128850538,-0.6584780922980817,390.79882143072194,205.5053298666508,1130.0
1112.8912959197785,-129.91652529931585,262.68715743561944,25.49123439902405,51.45208487538133,-0.1812881256446002,534.1619771195659,240.26081872602748,1135.0
1117.9111901347658,-126.58051910744821,258.9361041678713,25.491200538786646,51.4521180467278,0.349160183341212,755.944432068816,285.8192028233993,1140.0
1122.9266919553627,-123.27238161069288,255.16629186286568,25.49116650921402,51.452150940963826,0.9255481749345958,1163.5240358335525,354.5962569450827,1145.0
1127.944287963436,-119.97915392822813,251.38067155283983,25.49113233694472,51.45218368694515,1.5227218754181246,1987.389007049042,463.4340172335308,1150.0
1132.9791264486664,-116.68422689630422,247.57369710760713,25.491097971914606,51.45221644982383,2.13805183425512,14415.629522408475,1248.1399196295804,1155.0
1138.0138407362613,-113.39071092755232,243.76566605189228,25.491063597346614,51.45224919867171,2.7793912687651616,2918.1427098691997,561.564610264684,1160.0
1143.017089546289,-110.11127471569183,239.9870688535417,25.49102948847397,51.452281807518496,3.3539900587082387,1443.2127056681513,394.9222831582587,1165.0
1147.9831632755206,-106.84327097343014,236.24781226636728,25.490995734723565,51.45231430268731,3.8536799826368844,924.0583572608376,316.0066099494956,1170.0
1152.9052881746986,-103.58440535621217,232.55903083993093,25.490962436605432,51.45234670699182,4.223632541797002,691.2911058114703,273.3234865138449,1175.0
1157.8130205719567,-100.30900134842604,228.9042304529229,25.490929445229426,51.45237927574466,4.476989758028448,505.07364723485256,233.62742483018326,1180.0
1162.712588264407,-97.00377633919769,225.28742921270035,25.490896796866448,51.452412141020574,4.628001820110079,368.86821369751686,199.6558701739596,1185.0
1167.5972698018475,-93.66106212826443,221.72563536321445,25.490864645047555,51.45244537906776,4.69522372278604,277.49483112541657,173.17050215159955,1190.0
1172.5002996765502,-90.24326471330338,218.210189049798,25.490832911601437,51.45247936369959,4.676266006222665,211.78983954898465,151.28610021725902,1195.0
1177.437703469622,-86.72019828684199,214.75100429460196,25.4908016860206,51.45251439506654,4.6649999999997975,160.07750327169603,131.52600177517084,1200.0
1182.3776338364657,-83.09024284606637,211.40043187675312,25.490771440868265,51.452550489276994,4.69968244397207,204.78847419564426,148.76447105865606,1205.0
1187.3191282168832,-79.37933951456158,208.13737147646557,25.490741985674767,51.452587388387194,4.748051856219616,255.56505169236843,166.1870579155823,1210.0
1192.2734855350404,-75.59613712433939,204.93845976924456,25.49071310954262,51.45262500639808,4.78753569654611,306.0721255473779,181.8688652536312,1215.0
1197.2414280018197,-71.75106740286435,201.7926862252294,25.490684713081304,51.452663239582485,4.828280547833745,342.0831706397282,192.27035215601154,1220.0
1202.2111420666542,-67.85932417528706,198.701991718032,25.49065681381081,51.45270193686167,4.862774031342956,352.21396047297173,195.09662215905792,1225.0
1207.1827109126923,-63.92288336517371,195.6653932033496,25.490629402857333,51.45274107858817,4.889999999988326,333.73600457829866,189.91007202705921,1230.0
1212.1562076496034,-59.940092789551,192.68662684413383,25.4906025139467,51.45278068119035,4.914999999999986,328.7743220144503,188.49308079121292,1235.0
1217.1316223754864,-55.91113660729503,189.7673351875854,25.49057616190596,51.452820742837034,4.939999997979441,334.07803627217197,190.00736244341522,1240.0
1222.108918691595,-51.83760352723571,186.90729902277715,25.49055034475632,51.45286124773102,4.964999999744277,339.37777667944704,191.5085497237832,1245.0
1227.0880505952045,-47.72103935671222,184.10628957197096,25.490525060432635,51.452902180501674,4.989999999997571,345.0229861480232,193.0947571611901,1250.0
1232.0689775559385,-43.562977040843805,181.36400016975216,25.490500306166684,51.45294352590626,5.014999999932566,350.8579419954074,194.7207004488737,1255.0
1237.0516523247657,-39.36492475281136,178.68008421748164,25.490476078829765,51.45298526894836,5.039999999999964,356.8590062737944,196.37888877532097,1260.0
1242.0360300361576,-35.128354469155425,176.05415706665195,25.49045237494971,51.45302739499149,5.064999999738239,363.18552979746727,198.11197874233073,1265.0
1247.0220631963539,-30.8547208754292,173.48577575128022,25.49042919052793,51.45306988957107,5.089999998892994,369.57654842426314,199.8474770306168,1270.0
1252.0097040770388,-26.545431917003516,170.97448321008358,25.490406521438594,51.4531127386873,5.114999998758939,376.3308106018741,201.66538288977685,1275.0
1256.998905468734,-22.201875480827976,168.5197636715922,25.4903843630259,51.45315592853982,5.139999999891203,385.3834727491136,204.07650608102725,1280.0
1261.9896188678938,-17.825574163826577,166.12076241786912,25.490362707574437,51.453199443988794,5.164625748308031,407.008238937276,209.72396877063207,1285.0
1266.9813789709508,-13.419259014264686,163.77511629596282,25.490341533752343,51.453243257878235,5.186622756084071,395.3598232805724,206.70107452083718,1290.0
1271.9741384314837,-8.982788948436532,161.4848367528173,25.490320859716675,51.453287371611,5.208140989207476,354.95584587275346,195.85453581088444,1295.0
1276.9682617494566,-4.51331894242014,159.25658506585697,25.490300745597857,51.453331813476375,5.2374999993153795,298.904319346002,179.72668450341934,1300.0
1281.9636515080717,-0.0060969918975035675,157.10278165579305,25.490281303513306,51.4533766307256,5.289059161910892,381.44185935669555,203.03020011177068,1305.0
1286.9599712274164,4.529791020886872,155.00780416823125,25.490262392442197,51.45342173301383,5.345874149294212,471.3065445429048,225.68266547711704,1310.0
1291.9575069103414,9.08874459096321,152.96053641632452,25.49024391204025,51.453467064652834,5.396580562777487,554.5742387422374,244.80839870230722,1315.0
1296.9563079246495,13.66712298059726,150.95393159673986,25.49022579869695,51.45351258944118,5.435155757822289,610.0835754155307,256.768139263981,1320.0
1301.9560666360887,18.262670746440833,148.9845337434705,25.49020802121578,51.45355828495203,5.45855987038764,619.166070581562,258.67236996419786,1325.0
1306.9569550141773,22.87501507961529,147.0518764219736,25.490190575386283,51.45360414747839,5.467236877441302,578.457602574836,250.02430801654208,1330.0
1311.9591065688599,27.505066403555208,145.15869261851057,25.490173485878763,51.45365018607298,5.465081309422376,500.4059809623724,232.54537864344124,1335.0
1316.9517738504226,32.14497911554116,143.31534332726426,25.49015684622047,51.453696322723594,5.4598861952476465,408.11032708390763,210.00771984039912,1340.0
1321.9344875541983,36.797778714919964,141.53239864449523,25.490140751826193,51.453742587514085,5.443967790197435,321.7773455408828,186.47653881781687,1345.0
1326.915626407307,41.476145192035986,139.82224327735904,25.49012531449097,51.45378910652706,5.434615384289133,248.6065717173227,163.90898828774777,1350.0
1331.8947629871498,46.1859354835809,138.20679396202942,25.490110732054138,51.45383593800055,5.451308653172063,321.72605924376546,186.4616774976929,1355.0
1336.8737695911911,50.92003831216928,136.66446547190804,25.490096809668852,51.453883011224065,5.472297948698658,409.01482387023066,210.24031157366386,1360.0
1341.8633592984343,55.68268601183905,135.1767852860289,25.490083380586224,51.45393036828153,5.482059376228921,503.6375255493952,233.29504137046175,1365.0
1346.86363635013,60.47008604010238,133.7333270902021,25.49007035068936,51.453977971462066,5.4899999908938115,586.0151417595164,251.65228964569343,1370.0
1351.866060849544,65.27169204955885,132.33017684796567,25.490057684646807,51.45402571589879,5.4899689176529956,739.5970851692362,282.7118826988007,1375.0
1356.8707512128292,70.08485993467124,130.95892175058898,25.4900453065173,51.45407357530022,5.478036396564452,929.0226647769914,316.8543121902376,1380.0
1361.875662286585,74.9055577179338,129.61355646983696,25.490033162091574,51.45412150957467,5.447786233158819,1117.748918264891,347.55104321548976,1385.0
1366.8810839288465,79.73272395006104,128.28965617743233,25.490021211427322,51.454169508167695,5.3950868760637745,1267.454670401129,370.09454625548324,1390.0
1371.887351729363,84.56589820328219,126.98461061175739,25.49000943096207,51.454217566501065,5.317708160061675,1332.7656739539973,379.510124735243,1395.0
1376.8948063614353,89.40508801667788,125.69742614860199,25.489997811726514,51.454265684649734,5.21509421371742,1289.979792967096,373.3687114467192,1400.0
1381.9037480431473,94.2506772496517,124.42866227928636,25.4899863587711,51.454313866430596,5.088275648273717,1155.3539429402463,353.3491026415178,1405.0
1386.9143900077922,99.10336915546769,123.18049796114181,25.48997509176498,51.454362118836386,4.939925970773534,972.0805298156602,324.1138499545611,1410.0
1391.9268144371533,103.96415996795328,121.9569329496649,25.489964046813384,51.45441045177309,4.77455937504625,756.1382857388511,285.8558480762795,1415.0
1397.0000935785263,108.89211437873185,120.75135152496618,25.489953164197132,51.454459452546395,4.598246672072306,647.4167866153371,264.5077767901885,1420.0
1402.0600599036602,113.81639674750883,119.58743470489598,25.48994265768149,51.454508416806995,4.549605520256554,498.9175644035413,232.19927750898563,1425.0
1407.04399651518,118.67798189077634,118.48988559783601,25.489932750257978,51.45455675764208,4.481020321542033,362.8614536371333,198.02356979851146,1430.0
1411.9418763822705,123.469866404526,117.47644097708074,25.489923602034,51.45460440541378,4.402723942682293,265.72074215489715,169.45687597032935,1435.0
1416.846099424658,128.28585643684147,116.55035045336172,25.489915242343333,51.454652292877036,4.14888464756676,206.03505498189068,149.21656089498168,1440.0
1421.7387103510423,133.11104922734688,115.74093324855957,25.489907935846528,51.45470027184728,3.9274310849618734,151.19668417988436,127.82552961517585,1445.0
1426.2242138892605,137.555627961131,115.13639882393038,25.489902478798154,51.45474446620802,3.598690702772547,87.30361210166575,97.13205421922379,1450.0
1431.3176490242115,142.63264242292578,114.72773560234165,25.489898789851953,51.45479494914961,2.1599556427458673,125.89838682545287,116.64242767162703,1455.0
1436.8558537560434,148.16682937586407,114.51681755756624,25.489896885924026,51.4548499779542,0.7672157646133797,694.6242792841157,273.98163114417974,1460.0
1442.2095667513063,153.51809254348342,114.35487514024543,25.489895424092296,51.45490318786879,-0.2658913807742725,10694.134534531473,1075.0267945394808,1465.0
1447.4485071185754,158.75455647673422,114.19381103013596,25.48989397018892,51.45495525628515,-1.1697628478322821,287.80228733926543,176.3573595680115,1470.0
1452.3454456571908,163.64577043848087,113.95709805754842,25.48989183341376,51.45500389173234,-1.9752524377458476,230.64007353615958,157.87517728011966,1475.0
1457.0589992245223,168.34804516891091,113.63121526932325,25.489888891715044,51.45505064847537,-1.4998848848626594,228.5225159840843,157.14876262303625,1480.0
1462.0757732894303,173.34429680610745,113.17790346035972,25.48988479973224,51.4551003283574,-0.9789568380777852,502.2812147193591,232.98069435004348,1485.0
1467.0872782500928,178.33053172275962,112.67526708413546,25.489880262503412,51.45514990863887,-0.5459930076102888,667.0002391289491,268.4784687119967,1490.0
1472.2063019660818,183.41969744392884,112.12318369610949,25.489875278923268,51.45520051240567,0.2601312422265392,1292.6678511151474,373.7575216095946,1495.0
1477.3773841016541,188.55835748560364,111.54502850160655,25.489870059996544,51.45525160831581,1.1141228475969014,17602.915856499698,1379.2366018010537,1500.0
1482.5568915460783,193.70521953215246,110.96441809811697,25.489864818906987,51.45530278578202,1.9496728326626194,2420.2347008836414,511.41705741107666,1505.0
1487.7601229047762,198.87689517619253,110.39224014941709,25.489859653936033,51.45535420998051,2.8112987165792087,365.2105548330914,198.6635206089067,1510.0
1492.7304162231505,203.8241787813965,109.91453668453889,25.489855341773136,51.45540340295232,3.7127652888124167,325.0237727402824,187.4148634654498,1515.0
1497.459630251431,208.5377571348927,109.53029141034838,25.48985187324436,51.45545027209214,3.9706847824088682,598.9628247623511,254.41716063402643,1520.0
1502.4045662051249,213.4694280693495,109.16833370512958,25.489848605902374,51.45549930982043,4.127730486685381,719.7269440249787,278.8883340530213,1525.0
1507.3789605609663,218.43286969940334,108.83841493864789,25.48984562777144,51.45554866345844,4.242073744518046,825.7622379318045,298.7266555499974,1530.0
1512.3419712286548,223.38684366525084,108.53905423098306,25.48984292548387,51.45559792295538,4.308257407771615,1015.6629742393574,331.29987927949156,1535.0
1517.41379216006,228.45087927032094,108.25814330057743,25.489840389739875,51.4556482768426,4.302001484017218,1141.8786693456852,351.2824454552681,1540.0
1522.5399120845925,233.57034730197677,107.9970828601735,25.489838033183503,51.45569918191833,4.501589683971232,1018.4378613506285,331.7521418545236,1545.0
1527.5639944259392,238.58912288244775,107.76622566297365,25.48983594926761,51.45574908576563,4.714647456822489,1215.5502823987479,362.43733768194215,1550.0
1532.5597702711848,243.58052560154587,107.55723955884616,25.489834062779046,51.455798717432785,4.884795244947369,1381.1429334968418,386.3365348352209,1555.0
1537.5772433393686,248.5943344741073,107.36551950414551,25.489832332148712,51.45584857189397,5.011588861868911,1312.501805796023,376.613967009837,1560.0
1542.6003397599366,253.61446001889252,107.19278512737445,25.48983077289946,51.45589848916456,5.145500965303877,1132.9641481124997,349.9085470169421,1565.0
1547.6026908099814,258.61456462321667,107.04288524845006,25.48982941977405,51.45594820735831,5.246616551303064,958.5034179394073,321.8424312086913,1570.0
1552.6010492450123,263.6113917961818,106.9191708654496,25.489828303021483,51.45599789296315,5.323496849647993,757.2525298525193,286.06638889158404,1575.0
1557.5772312982383,268.58675265643257,106.82877099192028,25.489827486994365,51.45604736511919,5.373303571428511,578.7570602714561,250.08901631633694,1580.0
1562.5194676611604,273.5287613415757,106.78133236883387,25.489827058772498,51.45609650564019,5.376944851564396,704.3295631563665,275.8890261109284,1585.0
1567.4675646175854,278.4768418597388,106.76857792035531,25.48982694363986,51.45614570653604,5.29748268120055,842.2409926448836,301.6925979577804,1590.0
1572.464156460586,283.47340606483084,106.7851968834539,25.489827093656935,51.45619538952607,5.170747651761156,1003.8988688237589,329.37561977356853,1595.0
1577.486251926774,288.49532788004257,106.82695994614808,25.489827470646308,51.45624532465775,5.038285991305986,1098.5170849358299,344.5481125722167,1600.0
1582.5096268637444,293.51828561390727,106.89170066896077,25.489828055051827,51.45629527009001,4.898731605561965,976.3239825695006,324.820511623541,1605.0
1587.6627421101712,298.6705567873712,106.98496640783497,25.489828896948712,51.45634650134149,4.753402156537007,1117.2141880084396,347.4678991891776,1610.0
1592.776142776627,303.78264069599953,107.10100298333266,25.48982994439478,51.456397332993696,4.878322229468397,1051.4223423948229,337.0816165540441,1615.0
1597.73567160876,308.74029640491517,107.2372971820849,25.489831174703603,51.456446629099794,4.893534805793005,1025.0105448968222,332.8209331681874,1620.0
1602.6451467723134,313.6472109713332,107.39583998205256,25.48983260584746,51.45649542066486,4.873981978051214,1012.9021852503108,330.8493009473617,1625.0
1607.6477395326037,318.64634427100594,107.58185228651598,25.489834284954725,51.45654512920051,4.6486670920690765,1287.5225850828886,373.0129377129553,1630.0
1612.6203644417315,323.61477690151924,107.78599851579338,25.489836127754412,51.45659453246618,4.585817239732172,1220.6405189645657,363.19541590901576,1635.0
1617.543021208694,328.5324239602166,108.00802790891052,25.48983813198294,51.45664343074903,4.246331794074273,816.1146399477401,296.97647743659235,1640.0
1622.6200809504844,333.60281877559504,108.26808951294208,25.489840479522954,51.45669384786863,3.950064762324392,1270.0022174521957,370.466299187008,1645.0
1627.7045080484015,338.6794887373371,108.54884031628748,25.489843013821503,51.456744327384705,3.7363113174248745,1708.2959843085043,429.6630700961251,1650.0
1632.6900450247745,343.656586447379,108.83880122309637,25.48984563125838,51.45679381681099,3.6051552123229937,1452.180861345007,396.14741076490253,1655.0
1637.6424569426579,348.59960065337657,109.14375099551926,25.489848383997664,51.45684296733032,3.2990015587197408,1202.0855091282901,360.424370196504,1660.0
1642.636532408259,353.5828844442866,109.47188574736971,25.48985134602454,51.45689251826747,2.9688170134005833,1504.112441602982,403.16852439421876,1665.0
1647.6060666303028,358.5405713429904,109.81483034710241,25.48985444173786,51.45694181468371,2.5664594037703043,874.8064052195203,307.46978518319764,1670.0
1652.6965282016974,363.61679350315325,110.19531371141171,25.4898578763084,51.4569922897471,2.012903857202155,1429.592262499537,393.05430903101285,1675.0
1657.7671597741023,368.67186229467904,110.59228229456536,25.489861459688722,51.45704255447343,1.8512046532792537,1820.7620868740585,443.58113531994957,1680.0
1662.7767758069117,373.664998040379,110.99829734501816,25.48986512473025,51.457092203372824,1.5998306652623395,1462.7704636587002,397.58918142397465,1685.0
1667.818568694483,378.68877120657305,111.42418312289027,25.489868969142076,51.45714215691327,1.439461032588519,1529.1818405643808,406.51449272688586,1690.0
1672.866308974562,383.71703648737923,111.86716190451578,25.489872967850076,51.45719215512076,1.4329264332275173,1502.4560851209417,402.94647492256513,1695.0
1677.8227758553046,388.6529050203983,112.3185661187766,25.489877042613287,51.457241234587585,1.5910534427519034,1667.6757694032528,424.5240283718585,1700.0
1682.7839416801019,393.59208761137546,112.78508693730855,25.48988125383199,51.457290347007515,1.2747354070739598,1997.7133760753165,464.6362141544675,1705.0
1687.7807853956017,398.56560345626036,113.26735994900332,25.48988560724355,51.45733980081777,1.1709186753152807,3346.594444668811,601.3786560797171,1710.0
1692.7677475767464,403.52856042360054,113.75608270936576,25.489890018876103,51.45738914963657,0.8476976533482932,3776.893932258313,638.8720102662206,1715.0
1697.7618170897524,408.49793948910644,114.25206860034329,25.489894496071923,51.45743856231305,0.5749156571802386,5014.601991523081,736.1472630077797,1720.0
1702.781719091541,413.4925230446338,114.75560729241884,25.48989904144583,51.45748822560863,0.09125125367458804,13222.930008838686,1195.3919224873364,1725.0
1707.7782751441632,418.4636882123627,115.25868706954756,25.48990358267718,51.4575376560451,-0.0922370525148243,35156.26556662223,1949.161549163522,1730.0
1712.7814242302857,423.4413412181945,115.76313858505839,25.48990813629102,51.45758715099293,-0.47649362083276847,21227.422689311443,1514.590056308608,1735.0
1717.7643688420892,428.39901075100454,116.2643868346801,25.48991266098942,51.45763644723648,-0.6608341684456772,8646.43583211479,966.6405925739493,1740.0
1722.7343535036505,433.34407299513686,116.7614853539019,25.489917148228788,51.45768561812034,-0.9059591501494748,6693.939372693413,850.5255307345478,1745.0
1727.7046282073168,438.2897915720283,117.25494091228194,25.489921602583646,51.45773479553039,-0.8717254472022254,4865.872112996028,725.1482655293725,1750.0
1732.6874412977565,443.2484899474479,117.74457007386208,25.489926022398155,51.45778410200417,-1.0279656688553993,3130.538027184007,581.6422678607298,1755.0
1737.616416763128,448.15437185002855,118.22114314922912,25.489930324357182,51.45783288330101,-1.045870340774143,2777.834913453126,547.8979599147477,1760.0
1742.5725612695137,453.08814032399795,118.69156531435631,25.489934570792798,51.45788194188604,-0.7754529843364514,2812.795594375631,551.3349879932957,1765.0
1747.5614055647177,458.0552902978939,119.15631098525074,25.48993876598749,51.457931332397706,-0.5130624991423977,4043.2547237037256,661.0160712844292,1770.0
1752.5328660708767,463.00569876367706,119.61334007207327,25.489942891525644,51.45798055644134,-0.3765992763168076,3955.299306056647,653.786793913468,1775.0
1757.5026658179088,467.95502375227613,120.06399701790731,25.489946959543367,51.4580297697115,-0.13420063431247864,3721.9154220912365,634.2050812178319,1780.0
1762.4670821494046,472.89958387715956,120.50756739996093,25.48995096359166,51.458078935602565,0.05514494481460839,3322.2333475546784,599.1858295060536,1785.0
1767.431974121037,477.8452751409635,120.94379006456242,25.48995490131313,51.458128112741036,-0.10805901713976211,2790.229070998321,549.1189064368597,1790.0
1772.3990249148644,482.79388575592446,121.37139568889161,25.489958761249774,51.458177318907865,-0.27368525490734774,2212.1492235962205,488.93787096154034,1795.0
1777.3677096432991,487.7450723546316,121.7880240549006,25.489962522096228,51.45822655068881,-0.45263191245362183,1720.5767071925386,431.2047010331726,1800.0
1782.3384687825783,492.6995092890694,122.19051763671897,25.489966155349947,51.45827581478925,-0.6466967816833733,1366.6603096646752,384.30564010708986,1805.0
1787.3265369161004,497.6726369670926,122.57629581487048,25.489969637716033,51.458325264739806,-0.8590012921773247,1104.1355002716693,345.4280922890298,1810.0
1792.37783977899,502.7105340030137,122.94406485665203,25.489972957516148,51.45837535871998,-1.2662294902494577,758.0207350001721,286.2114540832253,1815.0
1797.4808602593682,507.8023857325605,123.28150223969119,25.48997600351659,51.45842598919491,-1.967287293277094,530.8172211155847,239.5074182600803,1820.0
1802.5580571799437,512.8714568420739,123.56863749875615,25.489978595446733,51.458476393152324,-2.667776367377949,404.7879613555852,209.15115210845858,1825.0
1807.6149909816083,517.9234815905976,123.79140512370012,25.489980606339174,51.45852662761043,-3.4404719454632344,257.36892851550857,166.77253281979117,1830.0
1812.5352807576105,522.8422726277414,123.91283910883227,25.48998170250691,51.45857553726835,-4.135920845315323,163.45789985399418,132.90748032073137,1835.0
1817.2159858444325,527.5229263083734,123.89090211299171,25.489981504484692,51.458622079023975,-4.695936737331854,131.77490535300404,119.3336223609544,1840.0
1821.7941051621165,532.097416548888,123.70865084032317,25.48997985932774,51.45866756515078,-4.914544547560364,101.98508691408227,104.98199039902346,1845.0
1826.3119239759276,536.5991470801229,123.327719011023,25.48997642070897,51.45871232779646,-5.076363636271666,81.83175378724488,94.03886889609021,1850.0
1830.8883821387021,541.1308343035647,122.68914229321958,25.48997065636554,51.45875738831443,-4.953180562207147,95.97925683035507,101.84393211534848,1855.0
1835.4827309126447,545.6444267448693,121.83151537524968,25.48996291468634,51.45880226890819,-4.888683647137905,103.34648761005123,105.68037065934193,1860.0
1840.0858865052555,550.1239672366866,120.77191243454324,25.489953349797613,51.458846810908746,-4.568921360930351,107.59566018114201,107.8310526006728,1865.0
1844.9155933522622,554.7707378402466,119.45525333442914,25.489941464498596,51.458893015750334,-4.274031405661549,125.71730260413835,116.5585119664339,1870.0
1849.6961729100592,559.3170781410356,117.97716985307642,25.489928122044088,51.458938221970165,-4.339594208798406,111.10773838701654,109.57680192431324,1875.0
1854.1743881574232,563.5144947910574,116.41636708916148,25.489914032894095,51.45897995869185,-4.613514377798259,80.37941324558803,93.20063753019306,1880.0
1858.272032698021,567.2735789543431,114.78542348669555,25.48989931059248,51.45901733688481,-4.829853521315468,70.44334546929717,87.25020456764967,1885.0
1862.3708881423647,570.9325376106973,112.93809094903031,25.489882634977974,51.45905371948674,-4.755648849285107,62.219224788890344,81.99903948517947,1890.0
1866.3756161312724,574.3824148942426,110.90432769004025,25.489864276479214,51.45908802310252,-4.840872085184514,72.53193898538098,88.53420891980458,1895.0
1870.594154852512,577.8892459316297,108.55950253284463,25.489843110067852,51.459122893034,-4.473065603471657,96.6306649700223,102.18895344453234,1900.0
1875.1341687884956,581.545104870714,105.86758463728341,25.4898188104985,51.459159244814096,-4.445131478948586,124.17042003053429,115.83919809210933,1905.0
1879.8334952864554,585.2229844825056,102.94237163724456,25.489792405006614,51.45919581555523,-4.326959645255665,129.9267445182989,118.49383234071394,1910.0
1884.6231349660043,588.8601939270159,99.82606681956815,25.489764274555398,51.45923198189537,-4.669999991260794,115.00775981702598,111.48335741193013,1915.0
1889.278499685451,592.2681061677281,96.65454434121918,25.489735645662023,51.45926586823465,-4.7670828042322135,115.35272379454443,111.65042851774498,1920.0
1893.8148374861835,595.4631465408801,93.43428384612179,25.489706576817333,51.459297637897265,-4.98379060401425,119.8263000170354,113.79483279520632,1925.0
1898.311198557876,598.5074977892049,90.125328064632,25.4896767073326,51.45932790919301,-4.596996891196328,131.33809174790764,119.13567185103487,1930.0
1902.9134655932396,601.504387170373,86.6325475244552,25.489645178487272,51.459357708554954,-4.279223497326466,145.95607306757,125.59072063631996,1935.0
1907.645520957842,604.4693945152178,82.94458339519917,25.48961188774677,51.45938719090009,-3.3785620149975535,136.0754535110067,121.2652489032032,1940.0
1912.772979695948,607.5352966926591,78.83470785580165,25.489574788470502,51.459417676486,-2.4851824294420557,259.86961896987214,167.58078564809395,1945.0
1917.902133092359,610.5204872289971,74.66375448448781,25.489537137853123,51.45944735952129,-1.9461584869224853,329.0945827021914,188.58486446450152,1950.0
1922.9215876033504,613.3785507165113,70.5374490317554,25.48949989026631,51.45947577847759,-1.6457469690760929,304.63960761657154,181.44276312577398,1955.0
1927.9665865392117,616.1822617892789,66.3432603756167,25.489462029907237,51.45950365698441,-1.309618569379027,303.1432896563576,180.99661255825205,1960.0
1933.0097606590443,618.9148101239866,62.10453594467798,25.489423767529907,51.45953082788948,-1.4643330646214514,264.69030891310405,169.12799007172072,1965.0
1937.8355913313076,621.4535288200989,58.00044663529803,25.489386720485136,51.45955607146296,-1.7187652310868238,266.44302125886594,169.68702755561785,1970.0
1942.7352845341638,623.9546293900587,53.787194990657845,25.489348688047112,51.459580940983216,-1.122911169021425,301.7472743394785,180.57937486366887,1975.0
1947.7792691811505,626.4575725619953,49.40803335889632,25.489309157962655,51.459605828825254,-0.5605974395054039,541.3419912269203,241.8701786335801,1980.0
1952.804570578277,628.9105606008648,45.02208946811007,25.489269566655686,51.459630219941886,-0.02903829154460392,723.9863294179427,279.7123552897791,1985.0
1957.8069011348389,631.3220424704656,40.639388680958376,25.489230004623764,51.4596541983448,0.4916410521765457,1189.178896921226,358.48423715197055,1990.0
1962.725460661195,633.6751446166666,36.32022925997689,25.489191016170935,51.45967759625298,0.9695318798077351,1370.6879014891622,384.87150404091136,1995.0
1967.5644355517873,635.9750331290297,32.062742815784446,25.489152584431512,51.45970046503508,0.9307724268270127,1381.0548200438243,386.32421098797727,2000.0
1972.434500655974,638.2746224902769,27.769792444692726,25.489113832564144,51.459723330842586,0.89501501980999,1232.7587960314409,364.9938294004131,2005.0
1977.2836391792016,640.5474624754819,23.486295880073726,25.489075166034972,51.45974593066953,0.8193942160208604,1062.1480914522813,338.79656921676474,2010.0
1982.1317317669793,642.8002390157693,19.193394809795546,25.489036414612634,51.459768330996994,0.6616232907298358,865.9442776705372,305.90842684903413,2015.0
1986.9781749558633,645.0281918812271,14.889415533314587,25.488997563188867,51.45979048449197,0.5188617860266753,656.2060805488507,266.2971953634312,2020.0
1991.7935192622595,647.2103065914476,10.59687360800029,25.48895881500848,51.45981218219842,0.3681830988716761,564.2749445148318,246.9402313473577,2025.0
1996.8485961606657,649.4615588219705,6.070764258529463,25.488917958447363,51.45983456736902,-0.5534263985440043,338.7587346456853,191.33380941852877,2030.0
2001.9979303151401,651.6850889204085,1.4262453237227113,25.48887603301935,51.45985667688652,-1.5692557204303859,229.54965363678062,157.50153408008387,2035.0
2007.1690749908494,653.8126291525392,-3.286960572244536,25.488833487563664,51.45987783193543,-2.5447858527290106,161.15607839859695,131.96835786679335,2040.0
2012.3792639280912,655.8021875324256,-8.102324132224291,25.48879001994492,51.459897614971354,-3.6101747140009817,74.64419296464416,89.81409140743162,2045.0
2017.1794620477378,657.333752044791,-12.651633105279732,25.48874895396402,51.45991284397698,-4.663446533998067,60.96033639961517,81.16525263487915,2050.0
2021.6071566985388,658.4250389405372,-16.94273702291035,25.48871021876433,51.45992369511263,-4.987330682421377,75.30527913076739,90.21093385844908,2055.0
2026.3688422934288,659.3150226913689,-21.620511988408172,25.488667993138737,51.4599325446044,-5.2147058823529475,77.87468302631552,91.73701682318604,2060.0
2031.1387911512213,659.9182458646219,-26.352164332907506,25.488625281169522,51.45993854271224,-5.400546421150724,81.97223793326083,94.11955459862834,2065.0
2035.9225901070104,660.2457764591301,-31.124737659643216,25.488582199812278,51.45994179949001,-5.404992647443384,82.33345445872581,94.32669892269602,2070.0
2040.7905930463808,660.2939579189882,-35.992502153191126,25.488538259177577,51.45994227857902,-5.364073221941913,76.14984883103286,90.71539377431635,2075.0
2045.674227085666,660.0296751268913,-40.868979984112485,25.48849423988879,51.459939650701386,-5.297510729613699,61.785020780947235,81.71241869712213,2080.0
2050.481416244185,659.3941734526151,-45.63397790937672,25.488451226913643,51.45993333163451,-5.298640000000004,69.82878134634987,86.86877529126757,2085.0
2055.3424965008894,658.4197160491535,-50.396386336943564,25.488408237313532,51.459923642184826,-5.153544961143725,92.9255536843995,100.21068851669393,2090.0
2060.294997389534,657.1722047374942,-55.189191421578684,25.488364973327016,51.45991123764252,-5.075753773167795,114.81789032451856,111.39129391915749,2095.0
2065.185144090912,655.7387354971266,-59.86452036165562,25.48832276978136,51.459896984040434,-4.922059187267749,125.41087141639562,116.41637180792385,2100.0
2070.10373366255,654.11416758556,-64.50707380506714,25.48828086209556,51.459880830261945,-4.662840530827545,135.00765187845295,120.78851979903844,2105.0
2075.1262988058024,652.2818731811524,-69.18348886724783,25.48823864874563,51.45986261096947,-4.359166664909457,138.51130055016066,122.34580162842609,2110.0
2080.073716346224,650.3124042984648,-73.7220054354005,25.48819768018627,51.459843027692074,-4.1847405710530845,168.49120981201654,134.93825562495908,2115.0
2084.990886374667,648.2237840857997,-78.17354749359393,25.488157496733745,51.459822259641676,-3.796574086749269,198.6517767912405,146.51857771773487,2120.0
2090.047782746255,645.9615706712777,-82.69622273952288,25.488116671171802,51.4597997654793,-3.374403082316919,271.9434054496661,171.4295689751125,2125.0
2095.209288881901,643.5662426094312,-87.26826266328149,25.488075400001765,51.45977594770066,-3.055795264470542,379.3436190445735,202.4710144824319,2130.0
2100.331453644773,641.1278920587306,-91.77281796318658,25.48803473800606,51.45975170213088,-3.069940769254068,462.1371659894048,223.4765281444348,2135.0
2105.359532757097,638.6859153108038,-96.16808008533314,25.48799506258471,51.45972742050425,-3.1040565338741413,558.5415615579119,245.682495492081,2140.0
2110.3993160356104,636.1986489343865,-100.55133475134647,25.487955495553,51.459702688543345,-3.1502398587653695,651.0974813399432,265.25860112739866,2145.0
2115.4375592320257,633.6783045644586,-104.91387515381845,25.48791611550607,51.4596776276737,-3.253721823923,650.452958874046,265.12727865786115,2150.0
2120.3677032519454,631.1793972768468,-109.16379073239986,25.487877752107803,51.4596527799622,-3.3643032933642134,669.8006870788886,269.04149133270647,2155.0
2125.277408795752,628.6598291083831,-113.3776944773079,25.48783971378336,51.45962772681066,-3.22464556344538,699.5291057140381,274.947238367718,2160.0
2130.3284530580163,626.0369294478885,-117.69434196237427,25.48780074800543,51.45960164618959,-3.068157839159846,903.5999148716463,312.4888731722101,2165.0
2135.3629030095312,623.398676762853,-121.98215131963507,25.48776204254528,51.45957541290678,-3.1098213024262935,970.8696248852086,323.9119153684916,2170.0
2140.3255934321623,620.7763021416671,-126.19539799850824,25.487724010152082,51.4595493375064,-3.096231497001496,975.2697181281875,324.64508870175456,2175.0
2145.2748816037893,618.1396908796605,-130.3839221370163,25.487686200925825,51.45952312054497,-3.0754706579105724,950.2660461195686,320.45649126731945,2180.0
2150.308012970018,615.4360786493615,-134.6292598453608,25.487647878851355,51.45949623736405,-2.965246466688782,935.7224777714772,317.99478545477933,2185.0
2155.330294988474,612.7155719661972,-138.85088986938774,25.48760977078286,51.45946918619431,-3.107378710883775,784.5881617134493,291.18388947254766,2190.0
2160.2246236610063,610.038429640486,-142.94812822255372,25.487572785580724,51.45944256621506,-3.0968899508192087,725.8408703314642,280.07037740624327,2195.0
2165.197000919054,607.2903666547234,-147.09212212006761,25.487535378322775,51.459415241041135,-2.9069004503354847,758.6883938757143,286.33747277195675,2200.0
2170.240916469229,604.4750794818056,-151.27724364892453,25.4874975998114,51.45938724742816,-2.763278047997008,778.1192941530029,289.9810108204687,2205.0
2175.257869390965,601.6479886911204,-155.42180324918849,25.48746018744693,51.45935913644673,-2.6571261628397678,650.121313562666,265.05968004946374,2210.0
2180.30450453159,598.7719894132777,-159.56874843768995,25.48742275354809,51.459330539147146,-2.4818770238775993,539.8295976255871,241.53207557883576,2215.0
2185.4467280139465,595.8017703329413,-163.76639789391018,25.487384861948854,51.45930100497949,-2.4342074527964774,457.6575646194857,222.39078607134644,2220.0
2190.5933833878394,592.7819542648807,-167.93398382016343,25.487347241728934,51.45927097764761,-2.712588799344836,357.1800744983409,196.4672105558819,2225.0
2195.6926944194943,589.7310016969221,-172.01989392999513,25.487310358785276,51.45924064071211,-3.0322712313881794,295.6179906432935,178.73594369943945,2230.0
2200.820143689873,586.5926103975991,-176.07467334109,25.48727375685412,51.459209434335634,-3.4048348137287907,210.6643445777763,150.88358193956282,2235.0
2205.897209401999,583.388735141735,-180.013173003412,25.487238204564118,51.45917757682398,-3.851394581808355,151.35843707653294,127.8938863480667,2240.0
2210.8904656189898,580.1106519347916,-183.77970697204543,25.487204204584575,51.459144981430704,-4.173157509625618,114.43936730288158,111.20752910098224,2245.0
2215.8898681096766,576.6670547685347,-187.404022606815,25.4871714883902,51.45911074026083,-4.440000000000203,85.39835154342514,96.06633250160674,2250.0
2220.9024352515694,573.0073993255182,-190.82933301470266,25.487140568588394,51.45907435073046,-4.70437058689795,92.73289767844199,100.10675473763138,2255.0
2225.854442240331,569.2154332095062,-194.0141981910896,25.487111819252334,51.45903664557808,-4.945966672457957,96.2660380033224,101.995970892303,2260.0
2230.84053799146,565.2369776902758,-197.01970023250163,25.48708468900241,51.45899708608123,-4.973538066970945,97.48848716426595,102.64153371243653,2265.0
2235.940780265343,561.0139052195764,-199.87944325583857,25.487058874498917,51.45895509425267,-4.989999999990551,88.6061325138987,97.85394922093943,2270.0
2241.0452987010285,556.6295518902527,-202.4935500524133,25.48703527731956,51.45891149873907,-4.989999999968128,76.57495775744403,90.96825213762983,2275.0
2246.153143367948,552.0777646581782,-204.81115876298165,25.487014356587288,51.458866238358056,-4.989999999969134,70.83488328884982,87.49234537364285,2280.0
2251.262481435028,547.3694021582664,-206.79526008426984,25.486996446379948,51.458819421081714,-4.989999999973334,69.94063000528266,86.93831873895239,2285.0
2256.3707894466534,542.5297442294834,-208.430045046889,25.48698168940291,51.45877129827837,-4.971814173325312,85.52618498216368,96.13820682444667,2290.0
2261.4754546049444,537.6046633055322,-209.77212711248785,25.486969574614314,51.45872232607739,-4.85930617170988,102.842020781088,105.42212550536536,2295.0
2266.6813101181715,532.5196746142788,-210.88739462946296,25.486959507249175,51.4586717638446,-4.625077097795542,115.95323834011978,111.94067165053187,2300.0
2271.8110540466546,527.4650403871765,-211.76200631587974,25.48695161225083,51.458621503439325,-4.520637711522162,108.34497624667189,108.2058788340543,2305.0
2276.876224808866,522.4389379221578,-212.38989871231055,25.486945944353288,51.45857152673765,-4.181564912890727,96.09725075817519,101.90651477601267,2310.0
2282.004586472214,517.323583824524,-212.75492721245823,25.486942649291663,51.45852066256855,-3.9166666666146988,83.63737393707741,95.07069340108542,2315.0
2287.065497559946,512.2629420150753,-212.8071336717061,25.4869421780312,51.4584703424273,-3.704251035613636,107.01648155439075,107.54043812203427,2320.0
2292.0636669690957,507.268135713683,-212.6238103122266,25.48694383286573,51.45842067691686,-3.4347757513213417,136.62524317586417,121.50997773547812,2325.0
2297.20835059508,502.1374587608178,-212.24443765004708,25.486947257410115,51.458369660386005,-2.9510792852022005,202.98776535718838,148.1089825748076,2330.0
2302.3311060836995,497.0398370750893,-211.7376073575699,25.486951832496842,51.45831897253791,-2.7734421603664696,267.39196080128045,169.98893002849786,2335.0
2307.3860720297316,492.02010094010774,-211.14184746407048,25.486957210338744,51.4582690591394,-2.344577958313181,303.85800221845653,181.2098523023013,2340.0
2312.528225559682,486.9246722641011,-210.45021928844852,25.486963453570322,51.45821839309735,-1.9399011412317984,446.86367175998333,219.75258483471643,2345.0
2317.660950871663,481.84685896078184,-209.70143281362385,25.48697021276194,51.45816790221254,-1.6961287666683154,581.8122395512981,250.74824031107488,2350.0
2322.7754008723996,476.7938921070386,-208.91078448155204,25.486977349834735,51.45811765838667,-1.5449846462164423,709.8156706014834,276.96140829051194,2355.0
2327.902006677987,471.7347645342775,-208.08173967672275,25.48698483350716,51.45806735330213,-1.5312632472084071,837.9333364674704,300.92010294212093,2360.0
2333.0327467570232,466.6767302817174,-207.22105201063337,25.486992602815306,51.45801705908893,-1.7117500437742985,900.3032603150409,311.91831690417786,2365.0
2338.125935953635,461.6606469698788,-206.3381678726103,25.487000572487922,51.45796718201201,-1.9540794124414191,942.2502248386718,319.1020485011523,2370.0
2343.174061437216,456.6937262684383,-205.4363532333496,25.487008713043547,51.457917793780105,-2.1385831084845397,878.5655658311509,308.129696491676,2375.0
2348.1606675083667,451.79250273343246,-204.51752355993807,25.487017007191525,51.45786905880342,-2.2589111717326396,690.9476706481476,273.2555841808664,2380.0
2352.992958942656,447.0493980603377,-203.59340313165356,25.487025349098413,51.45782189607068,-2.1813007783777287,565.5618783796327,247.22166751394715,2385.0
2357.8948008089587,442.2462718763142,-202.61461176339094,25.487034184512293,51.45777413651821,-1.5193177838840082,633.4807045757848,261.6454355844244,2390.0
2362.9290952812553,437.3213957017763,-201.57071737253415,25.48704360760212,51.45772516635314,-0.8045764968113852,2155.2617346262714,482.6101777474113,2395.0
2367.959742229272,432.4025368838041,-200.516091066943,25.487053127567457,51.45767625602124,-0.09432809788653626,5825.631850194626,793.44711489154,2400.0
2372.985577041007,427.48929450221317,-199.45823244945706,25.487062676710423,51.45762740153599,0.6366371547169114,1684.9054749182567,426.71139258493236,2405.0
2377.9283049316828,422.65424075843237,-198.4321650559531,25.487071938878422,51.457579324514036,1.3954158647067323,1328.0947397615794,378.8445078366915,2410.0
2382.7763001666667,417.90817860315497,-197.44325059217473,25.487080865672077,51.45753213237378,1.5387303125584235,2410.4238651050177,510.3794465036276,2415.0
2387.70829929388,413.0778477820126,-196.44699783852636,25.48708985870746,51.457484102313884,1.6543576039524106,2762.651971911703,546.3985726029151,2420.0
2392.6431001191754,408.24300065694035,-195.45881138723422,25.487098778929447,51.45743602734643,1.7382504946851867,3533.763908805348,617.966927094251,2425.0
2397.581957561312,403.402802127277,-194.4765736221336,25.487107645453474,51.45738789916766,1.7913570119309807,4406.254284827206,690.05108908562,2430.0
2402.526028839231,398.55639425170625,-193.49873339758173,25.487116472281507,51.45733970924668,1.8155270207290122,5340.9595347788545,759.7244634777566,2435.0
2407.481826426559,393.6975853909104,-192.52307660299633,25.487125279400026,51.457291396017375,1.8133744907662805,6132.011991131302,814.0441600829201,2440.0
2412.450063179038,388.8257909216829,-191.54891281888024,25.487134073041343,51.457242953666565,1.8182052780512883,6544.190177961653,840.9582261885396,2445.0
2417.4260581854987,383.9456489066867,-190.57693534085277,25.48714284694718,51.45719442831251,1.8340113388200245,6451.705863891555,834.9947541900692,2450.0
2422.4105032987845,379.05646945054633,-189.60708105643042,25.48715160168724,51.45714581309529,1.865343695597756,5883.704828404611,797.3920581138291,2455.0
2427.4040086274367,374.15758083987004,-188.63961744085532,25.487160334847065,51.45709710133576,1.917271764299303,4965.058255650854,732.5017077871496,2460.0
2432.4011347898413,369.25416841893656,-187.6763851151816,25.487169029811625,51.45704834459404,1.995324740382133,4044.152152822879,661.0894258215177,2465.0
2437.4007026460745,364.3471727584734,-186.718746176292,25.48717767428546,51.45699955222263,2.075482791098527,3235.063028225613,591.2727178457807,2470.0
2442.408396440259,359.4307239242434,-185.767153828324,25.487186264177552,51.45695066585423,2.1642546385023302,2500.0151992359088,519.7778780741048,2475.0
2447.424101644273,354.5045088731092,-184.82391262717186,25.487194778685005,51.456901682376134,2.2687311865700424,1907.7817615515116,454.0574581639605,2480.0
2452.4477449933697,349.56802864636967,-183.8921640184066,25.48720318945042,51.45685259682698,2.3967229591022514,1192.0497341783266,358.91669080924595,2485.0
2457.3584640265676,344.73876008236897,-183.00147520643822,25.487211229574747,51.456804577329564,2.559132985153414,1074.472255060577,340.7564382498755,2490.0
2462.292703176636,339.88231238895025,-182.12876002314152,25.48721910745362,51.45675628757836,2.292233822507527,995.9170924981339,328.06361059756705,2495.0
2467.34427279458,334.9059672286123,-181.26022997178362,25.48722694755389,51.456706805634994,2.0750358477265505,1408.63789315357,390.1630618778656,2500.0
2472.389362001756,329.932929221548,-180.41063119079288,25.487234616764205,51.45665735657608,1.8679165449458675,1360.6486332841444,383.45946516831776,2505.0
2477.4335365985316,324.9576776077281,-179.5796265326002,25.487242118127956,51.45660788550632,1.6348696447886364,1072.0768542272367,340.3763894906646,2510.0
2482.56625156443,319.89113899869596,-178.75807346411236,25.487249534173518,51.45655750673065,1.320706738821319,1110.516089111468,346.42473609914964,2515.0
2487.6787820638256,314.840803536051,-177.96303898561342,25.487256710839446,51.45650728906984,1.4560604871188594,1015.9624433347287,331.3487177059184,2520.0
2492.7157777828347,309.861233493333,-177.20461426095065,25.487263557034208,51.45645777506008,1.623925153311435,978.7915914754846,325.2307361925031,2525.0
2497.7054832810322,304.9246310793307,-176.47858563561385,25.487270110793876,51.456408688295966,1.8273813144181592,869.8643560057527,306.60005963127185,2530.0
2502.6674748200385,300.01139800842947,-175.7846830313718,25.48727637455641,51.45635983390329,2.0420650820448345,691.4821879901708,273.3612590515457,2535.0
2507.5754602523357,295.14686579211553,-175.13303334013767,25.487282256907758,51.45631146376419,2.3966500770750603,482.9407121537169,228.45116463412313,2540.0
2512.352210450468,290.40628571194327,-174.54631112406705,25.487287553167796,51.456264326134566,2.7426874047494567,423.51269230779593,213.93393648301543,2545.0
2517.0724057624457,285.7156263137157,-174.0190937182156,25.48729231228617,51.45621768488779,2.942721428453402,355.7576448422393,196.0756159619561,2550.0
2521.7652762744638,281.0455944946072,-173.55666918266064,25.487296486528294,51.45617124874992,3.1963257826449416,266.48604193660356,169.70072608719522,2555.0
2526.3563931135286,276.46963415434027,-173.18392155456573,25.487299851269412,51.45612574800527,3.4649745218396246,195.2293549468081,145.25096520113905,2560.0
2530.7989866601974,272.0345474849023,-172.92576722964003,25.487302181592685,51.45608164802822,3.7344482746057617,149.35788127115782,127.04586644600037,2565.0
2535.120945122,267.71438128271393,-172.80131269570992,25.487303305026497,51.456038690754866,3.892318176528933,112.24906581296717,110.13816461720837,2570.0
2539.3134600574417,263.5220410502495,-172.83958617426148,25.487302959537118,51.455997004510195,4.057021276593902,81.35291974127541,93.76333357748976,2575.0
2543.3379153545184,259.50474014534797,-173.0794483798009,25.487300794334267,51.455957058756944,4.106971867912852,76.60376374620506,90.98536075990792,2580.0
2547.3400049380552,255.52773998499433,-173.52687519974205,25.487296755474443,51.45591751373136,4.034211002670411,73.41411794758895,89.07098600373399,2585.0
2551.461180290824,251.4641489126888,-174.2133982403937,25.487290558326208,51.45587710769504,3.8041957877691748,72.46673896517169,88.49440762601697,2590.0
2555.8456434066043,247.19123888450358,-175.1961274526755,25.487281687365957,51.455834620310185,3.5305293634361656,67.93726141034243,85.68414854184535,2595.0
2560.271368235098,242.95147042660318,-176.46553821399013,25.48727022857114,51.455792462466235,3.4911478887085186,51.64616073347327,74.70772106106455,2600.0
2564.6588172872357,238.87094371390944,-178.07768303753843,25.487255675963496,51.45575188803154,3.240983531933251,41.472947149081385,66.94666026503407,2605.0
2569.2260343515204,234.82888892330422,-180.20400963099505,25.487236481908358,51.45571169613975,3.135121951165441,33.8828611423585,60.51130307435801,2610.0
2573.8217550532886,231.08743272348832,-182.87274608735754,25.487212391594642,51.45567449322922,3.325611250482799,42.23505934794078,67.55897030855002,2615.0
2578.344828660833,227.70970671125167,-185.88092856944314,25.48718523714875,51.45564090704461,3.597133223371124,55.94178001292811,77.75254402902777,2620.0
2582.9752872412105,224.51510131911428,-189.23288964515964,25.48715497946119,51.4556091417072,3.6918856204655155,77.93468609840049,91.77235207407732,2625.0
2587.694263119349,221.47009398911064,-192.83797822918615,25.487122436826734,51.45557886388776,3.960085560560575,94.68029163242832,101.15241612848388,2630.0
2592.296413755018,218.67708008289037,-196.4956911475338,25.487089419159716,51.455551091747466,4.101096047907809,123.57767112108458,115.56237814243613,2635.0
2597.022930882498,215.95239506343694,-200.35782212681548,25.487054556239222,51.45552399903073,4.025638038583052,173.96613990358642,137.11306240586737,2640.0
2601.8122196837953,213.29957727432142,-204.34528309840965,25.487018561982275,51.45549762092082,3.993871673713978,233.75342821626816,158.93716486998983,2645.0
2606.5955961063146,210.73213196097254,-208.38123584373227,25.486982129996814,51.455472091706206,3.8209538532395504,298.5669703115463,179.62523441314994,2650.0
2611.4631399137024,208.18622653593835,-212.52989204588022,25.48694468065289,51.455446776671984,3.589310042689874,417.1581635716688,212.32290167660432,2655.0
2616.3692798680618,205.66929435189653,-216.74121744683112,25.4869066656028,51.45542174973117,3.3750961064190887,573.6525524434444,248.98370918356002,2660.0
2621.2701740674324,203.1911042960338,-220.96937756684164,25.486868498588038,51.45539710802003,3.19291123910157,749.5079283483926,284.59979499730605,2665.0
2626.156040626415,200.74808576445164,-225.20061290495818,25.486830303813708,51.455372816034505,3.0113753551420754,917.9662825123439,314.9632129846439,2670.0
2631.053419314176,198.32194602121152,-229.45480659561338,25.486791901797513,51.45534869188204,2.8013441307047384,1109.06750561894,346.1987200539912,2675.0
2635.976475085694,195.90204332677374,-233.74206085433508,25.48675320134816,51.45532462974724,2.6050541875843214,1253.7879705818914,368.0938120443679,2680.0
2640.9574603951914,193.47081712527617,-238.08939955871296,25.486713958524852,51.45530045501793,2.4571425933194804,1638.703479651992,420.8202744490962,2685.0
2645.921681686739,191.0609320941566,-242.4294395548695,25.486674781585968,51.45527649249306,2.5421573982777628,1946.4105881583944,458.63130636066444,2690.0
2650.8525381138807,188.67820949388016,-246.7463803831896,25.48663581316007,51.45525280005595,2.568131140668165,2419.2050655645066,511.3082603011191,2695.0
2655.8112010548093,186.29092845388388,-251.09255426349083,25.48659658085147,51.45522906229231,2.649235879185399,2591.4500496510655,529.1976274111967,2700.0
2660.7546741356346,183.91924280715463,-255.42995363338304,25.486557427749155,51.45520547960038,2.7205328704373897,2564.226348181374,526.4106250826085,2705.0
2665.65376581822,181.57710358479153,-259.7329157732873,25.486518585506936,51.45518219070128,2.74898476442726,2610.019986530509,531.090317633068,2710.0
2670.561767886561,179.23880750330684,-264.0481047306974,25.486479632894934,51.455158940016176,2.5817684831040326,2590.1715674395887,529.067072469674,2715.0
2675.5389787558324,176.8758933412405,-268.4286600265359,25.48644009023006,51.4551354445429,2.3862885526712634,3658.8473068187845,628.8087988825326,2720.0
2680.548520757562,174.50364945048273,-272.84091228472056,25.486400261441112,51.455111856300114,2.2164758221467653,5583.007034437908,776.7487353516065,2725.0
2685.545854814858,172.1411321039855,-277.2445311905423,25.486360510584234,51.45508836477254,2.1272720725068415,6369.858438249423,829.6814069580943,2730.0
2690.529022906718,169.78875260633188,-281.63751137838204,25.486320855761587,51.45506497404997,1.9740789056144603,5263.863360769978,754.2212614702629,2735.0
2695.548952809383,167.4232250693264,-286.06514908932184,25.486280888090285,51.45504145259078,1.8122425828464956,8489.56045890977,957.83139984581,2740.0
2700.565209074195,165.06204427974393,-290.4909430512199,25.486240937062252,51.45501797435317,1.747047396145698,10939.439028519668,1087.2864939460408,2745.0
2705.561823330908,162.71212687699293,-294.90048296266576,25.48620113275728,51.454994608112266,1.614299457627493,9395.117659427944,1007.6218558053876,2750.0
2710.5731692992763,160.35763696711336,-299.32427835564664,25.486161199770052,51.454971196404955,1.4569099720705545,12508.458097306087,1162.6482876877483,2755.0
2715.5923475932404,158.00124386225895,-303.75593293176127,25.48612119583907,51.454947765773355,1.3143793886956032,16801.38219127508,1347.4695904580692,2760.0
2720.6127365621187,155.64560685147234,-308.18936046271835,25.486081175903866,51.45492434265993,1.2062289305761962,22510.795678892187,1559.702938446618,2765.0
2725.627419033101,153.29363453208498,-312.6182730260472,25.486041196724653,51.454900955986105,1.1319986216358404,26440.464467147503,1690.3670062896551,2770.0
2730.6342540878727,150.94618084220068,-317.04069978513974,25.48600127609189,51.45487761424296,1.0513172277536162,23990.780034578474,1610.1585842287682,2775.0
2735.6435565686434,148.59849398658966,-321.4657961424913,25.48596133136104,51.45485427018135,0.9438791550578421,23157.54050353951,1581.949747398565,2780.0
2740.660008310671,146.24841583541328,-325.8977168055285,25.485921325028126,51.45483090234205,0.8638511708402165,24662.687963678294,1632.5506772113702,2785.0
2745.6779696421568,143.89853239976227,-330.3314492921745,25.485881302340132,51.4548075364389,0.8410829809849205,26111.124530179,1679.8064918787143,2790.0
2750.682739462271,141.55567522388225,-334.7539758557751,25.48584138080645,51.454784240400876,0.8652645048355042,25443.28551191289,1658.1853086083202,2795.0
2755.674048524907,139.21998582595367,-339.1650665593492,25.48580156250269,51.45476101563515,0.7863721818614394,21155.960754145424,1512.0384798608147,2800.0
2760.676312804829,136.8802141194469,-343.5863917325995,25.485761651813792,51.454737750277275,0.6239588619171917,39749.61410286451,2072.587744166624,2805.0
2765.677697680129,134.54141001846523,-348.0072339654897,25.48572174548433,51.454714494540724,0.47293660727633763,33626.23104726602,1906.2750498119767,2810.0
2770.6885594626547,132.19883364740988,-352.4368018619499,25.485681760389514,51.45469120129486,0.17272061268459962,48439.611099548645,2287.9513795337693,2815.0
2775.7044286340692,129.85437524224776,-356.8710389249868,25.48564173314678,51.45466788933512,-0.11713782113448522,74555.06154655233,2838.4747407628643,2820.0
2780.7097314398634,127.51455826651166,-361.29577764018205,25.485601791644314,51.454644623527116,-0.26714741348242554,77378.82113939527,2891.7285434352552,2825.0
2785.714363177294,125.17476883865821,-365.7197717925972,25.485561856862912,51.45462135799303,-0.36801828685288523,43359.9444489208,2164.6656514029473,2830.0
2790.716235401194,122.83575936946731,-370.14105672429486,25.48552194653727,51.454598100214405,-0.450287545912001,33684.63326196068,1907.929745911776,2835.0
2795.7207085716773,120.49487661962596,-374.56429305820035,25.48548201859659,51.45457482380895,-0.45450258483006817,26256.191905735035,1684.4663369831383,2840.0
2800.7335037948856,118.14925602485678,-378.99443752257326,25.485442028297175,51.45455150029306,-0.5112742990220435,17821.616447045995,1387.7780484350737,2845.0
2805.7378137950313,115.80636305304124,-383.4164247568578,25.485402111631945,51.4545282038991,-0.6711446266550796,16209.463549243452,1323.520853253756,2850.0
2810.7328474785227,113.46645173601001,-387.82949359018016,25.485362275471882,51.45450493715302,-0.6946304166026918,17642.52763762126,1380.7875754487766,2855.0
2815.7406067239276,111.11932502773536,-392.2531401487608,25.485322343828162,51.45448159866119,-0.7121629455138623,16039.971578525276,1316.5830649744921,2860.0
2820.746280413639,108.77179570762841,-396.67421187166997,25.485282435427123,51.45445825616602,-0.7840969265804901,14237.793549013608,1240.4172950864204,2865.0
2825.744542819808,106.42619133462185,-401.08791408254166,25.48524259354965,51.45443493281143,-0.8209254613300895,13974.271200455212,1228.8844562646016,2870.0
2830.757249287925,104.07222322058684,-405.51352819287814,25.485202644145115,51.45441152629256,-0.8232197214693346,11962.527099261146,1136.993376205319,2875.0
2835.775772609431,101.71366600571143,-409.94328938200084,25.485162657305473,51.45438807414229,-0.9717378035888686,8958.80387039318,983.9464921984452,2880.0
2840.7761058445585,99.36118998082868,-414.35567977890304,25.48512282726956,51.454364682459904,-1.1168787307838608,12595.932309777672,1166.7065239739818,2885.0
2845.7921659279123,96.99955532580053,-418.7810092034755,25.48508288043484,51.45434119970931,-1.2090697765583776,8229.843008386466,943.0663365816744,2890.0
2850.7939394819246,94.64196170427172,-423.1923005111703,25.48504306032026,51.45431775714046,-1.44881111809155,7952.783773953228,927.0561827572548,2895.0
2855.7729735525836,92.29233131676216,-427.5820632973438,25.485003434540648,51.45429439375347,-1.4866686843196322,11336.038456803783,1106.8203171562566,2900.0
2860.7784268290675,89.92829035461159,-431.9940778975394,25.484963607897,51.454270887075936,-1.5629156361249168,11435.98102864235,1111.6886724182505,2905.0
2865.7902273611585,87.55931707026936,-436.4106501149431,25.48492374011238,51.454247331354196,-1.6175031284619037,10039.714524557026,1041.614817452557,2910.0
2870.783262711569,85.19702161301332,-440.8095093060378,25.484884032220783,51.45422384203297,-1.750676080533505,11990.013714918643,1138.2988766266812,2915.0
2875.775723425172,82.83316671849634,-445.2068782938008,25.48484433778105,51.45420033720558,-1.7427385343742108,12388.138966584536,1157.0430061913569,2920.0
2880.7754068818667,80.46411615479727,-449.60965401983816,25.48480459453544,51.454176780715414,-1.8239944221703621,11338.961367049591,1106.96300050837,2925.0
2885.776286916554,78.092556823876,-454.01243807782373,25.484764851214617,51.4541531992795,-1.8049109019094778,9610.857160351714,1019.1251720536796,2930.0
2890.771771785737,75.72126913071935,-458.4092396146825,25.48472516189718,51.4541296205446,-1.8861938916622656,8154.742626955916,938.7535593954038,2935.0
2895.7760824468683,73.3430918394297,-462.81235191898554,25.484685415613328,51.45410597330345,-1.8387167180493407,6670.55432841622,849.0385902812561,2940.0
2900.8041539120377,70.95029665970883,-467.23457238915165,25.484645496842706,51.454082180710344,-1.9438022011038547,4913.528227438358,728.6906465801877,2945.0
2905.816475780962,68.5604936873955,-471.64050160683314,25.484605725130965,51.454058417870044,-2.0427003411256996,4353.914932920934,685.9404864121735,2950.0
2910.831430082924,66.16436099662535,-476.0459885014897,25.48456595741201,51.45403459209062,-2.2066099150470313,3197.808163638223,587.8583221385619,2955.0
2915.8289149248562,63.76970526373102,-480.43238550429993,25.48452636201486,51.45401078099724,-2.367288245800379,2612.5552845735106,531.3481979227879,2960.0
2920.8201229950537,61.36968674267646,-484.8086932058446,25.484486857692435,51.45398691657933,-2.5171440637060356,2119.435474904143,478.5822277195916,2965.0
2925.822818500714,58.95380950757475,-489.18938944129326,25.48444731375532,51.45396289447141,-2.649230364177943,1541.5244179492688,408.15175806744594,2970.0
2930.8152152220655,56.52874563504211,-493.55322837478906,25.484407921986737,51.45393878101679,-2.8276074537416864,1136.7965862219737,350.49985907470284,2975.0
2935.7875001558605,54.09442559327011,-497.88886020845223,25.484368784839724,51.45391457552409,-2.957690405538536,959.4119952181522,321.9949342936318,2980.0
2940.834159726975,51.600750464841106,-502.2763831064638,25.484329179279275,51.4538897798382,-3.062530491014992,725.4600050254286,279.99688809821225,2985.0
2945.9347719383522,49.04946489242807,-506.69307721618515,25.484289310394345,51.45386441130685,-3.319545348499615,500.15478157156775,232.48700345159804,2990.0
2950.9969874549474,46.47298187599665,-511.0505720472202,25.484249975893093,51.45383879222646,-3.6258342770908,398.37398628802146,207.48750719315166,2995.0
2956.0753385537682,43.832860353407035,-515.3887062347316,25.48421081615768,51.453812540361,-3.8704769671625825,298.8195418745514,179.70119498482885,3000.0
2961.1781217993994,41.10616651223067,-519.7018880704982,25.484171881663688,51.453785427669686,-4.145237671215191,213.46287024607733,151.88246594116134,3005.0
2966.2642835113343,38.28653332772959,-523.9349377589397,25.48413367051147,51.45375739084245,-4.348796827707811,150.22678889905478,127.41488290966089,3010.0
2971.3226797608677,35.34176620989292,-528.0478101419586,25.48409654418311,51.453728109754614,-4.494619458839998,107.64732623882152,107.85693903851377,3015.0
2976.402774898793,32.193188985969115,-532.0345165614683,25.484060556737404,51.4536968020951,-4.470655897126172,78.53893483228558,92.12743309657125,3020.0
2981.552354851604,28.74526885675727,-535.8594375375108,25.484026029706445,51.45366251794015,-4.429999999919138,56.462742159033624,78.11374333874033,3025.0
2986.7333810453856,24.93913126920061,-539.3745974322015,25.48399429884579,51.45362467187473,-4.389082568807339,42.70066283995391,67.93033801696252,3030.0
2991.932198877316,20.720218749408208,-542.4124394293988,25.48396687666757,51.45358272141035,-4.470977615356052,48.201164703700925,72.17307903912828,3035.0
2997.173585501582,16.160504207542743,-544.9972289840308,25.48394354413089,51.45353738220468,-4.489999999928973,50.41325640228061,73.81061822729168,3040.0
3002.4298167238508,11.343146197958394,-547.0998531704815,25.48392456403409,51.45348948113904,-4.598178809897043,62.801903166122564,82.38210216653397,3045.0
3007.668783236209,6.383412350930962,-548.7873988096459,25.483909330793747,51.45344016436912,-4.6164907620253075,72.4002637164464,88.45380943201182,3050.0
3012.9373067314273,1.2857618361441379,-550.1183004020854,25.483897316929728,51.45338947623436,-4.600704104825553,74.34539656341022,89.63415083885266,3055.0
3018.1754304390865,-3.8632639223458556,-551.0803158464263,25.48388863294979,51.45333827725344,-4.54901234023134,66.17563343086123,84.5659478214934,3060.0
3023.365035158328,-9.023797661987105,-551.6288490395822,25.48388368141676,51.453286963843695,-4.440262414331878,55.21031860478509,77.24254845776753,3065.0
3028.605963963823,-14.26438595788918,-551.6885906257792,25.48388314213775,51.45323485441702,-4.289999999751058,44.15756932777795,69.07947798183052,3070.0
3033.8586558685856,-19.48676149957121,-551.1250607259501,25.48388822904397,51.45318292608761,-4.39389337549393,52.01290354643255,74.97250407340137,3075.0
3039.037303097055,-24.55399125224048,-550.0566180505592,25.483897873727756,51.45313254043959,-4.497904100033255,56.27376184388002,77.98291075762758,3080.0
3044.2420066069476,-29.526081138384264,-548.5180275299874,25.483911762370912,51.45308310080825,-4.519999999181119,56.829569799105634,78.36707756639363,3085.0
3049.4811503700257,-34.36778033780606,-546.516384147035,25.48392983092801,51.45303495770767,-4.544369779647458,57.801523522343814,79.034390808231,3090.0
3054.6785228063777,-38.972221028857334,-544.1056153558104,25.483951592603404,51.45298917377064,-4.539999999982301,52.11671400267833,75.04728407783242,3095.0
3059.8192992246936,-43.26790978961396,-541.2816748015813,25.483977083922976,51.45294645988703,-4.519999999749739,57.85696379615986,79.07228460264099,3100.0
3064.993137741782,-47.320959419794015,-538.0658710612694,25.48400611253716,51.45290615866881,-4.46900735977757,66.12723097788607,84.53501537823232,3105.0
3070.0741198840783,-51.0446129583046,-534.6088804834006,25.48403731831146,51.452869132777806,-4.549999999920182,65.12833031659721,83.89410388811898,3110.0
3075.08006140577,-54.4387182719385,-530.9292745753503,25.484070533603465,51.45283538372675,-4.5198478570742155,88.89998745447315,98.0160771926884,3115.0
3080.0888844686206,-57.62209551813379,-527.0621803453953,25.484105441326534,51.45280373003563,-4.4828958484827925,121.64957307533298,114.65731353711845,3120.0
3085.0580689003564,-60.6203180688463,-523.0994217793201,25.484141212598292,51.4527739174174,-4.310594873541458,160.17444843612157,131.56582273587776,3125.0
3090.027191667177,-63.49413874227836,-519.0456166768653,25.4841778057345,51.45274534178062,-4.006992009407533,210.8675785480439,150.9563452665979,3130.0
3095.109947101259,-66.33401907472319,-514.8302302770098,25.484215857442663,51.45271710362727,-3.525190038768127,314.2392703204158,184.27936036394735,3135.0
3100.2033216283544,-69.11106496294985,-510.5605136344272,25.48425439958239,51.452689490263865,-3.147918102125085,452.6782725232853,221.17767692432926,3140.0
3105.2818753588185,-71.83202429522181,-506.2723802053777,25.484293107967893,51.452662434593236,-2.7109381198450957,571.1464595346575,248.4392513204656,3145.0
3110.3693040314856,-74.51940154593684,-501.95266563010614,25.48433210143202,51.452635712843716,-2.37558139773301,838.8035432454835,301.0763174940333,3150.0
3115.418386640209,-77.16057031228095,-497.64947347341575,25.48437094575057,51.452609450565056,-2.130987415440128,1105.6486918966064,345.6647117674046,3155.0
3120.438559366061,-79.76710657096284,-493.3590069568742,25.484409675196527,51.45258353265233,-1.9175008684281238,1363.819533334934,383.9060183900807,3160.0
3125.459537432827,-82.3582464751649,-489.0582843729592,25.484448497222584,51.4525577678322,-1.6962764938061703,1802.4779267754789,441.34828651953393,3165.0
3130.4710367549023,-84.93253856939371,-484.75849999827784,25.484487310779556,51.4525321705371,-1.5304719188141387,2248.995464321397,492.9930049027084,3170.0
3135.4774692089927,-87.49465475394416,-480.4573459003368,25.48452613670083,51.452506694312305,-1.3246462524873133,2798.278328485473,549.9103856023329,3175.0
3140.470149662685,-90.04206550559925,-476.1634483031611,25.484564897118677,51.45248136430997,-1.1448061681908865,2687.890283580993,538.9546657745304,3180.0
3145.490629137367,-92.5956131552761,-471.8408786326373,25.484603916355354,51.452455973285815,-0.8074033743478315,3574.643750235608,621.5310798109467,3185.0
3150.5159530875776,-95.14554260166918,-467.5105506285501,25.484643005625433,51.45243061823901,-0.749669243031578,4708.444895958827,713.32133448663,3190.0
3155.5175439029213,-97.67883896879466,-463.1979736494763,25.48468193465947,51.45240542858208,-0.6487669079769461,5124.892504759409,744.1985980342445,3195.0
3160.5192800619225,-100.2079987436581,-458.8828009487063,25.484720887124723,51.45238028005707,-0.5420949849452872,5673.926107952901,783.0478566161214,3200.0
3165.524414339776,-102.7350679836497,-454.5624664482733,25.48475988618483,51.45235515231914,-0.39760914722512336,6467.917061510711,836.0431414523987,3205.0
3170.5251167626507,-105.25656003605003,-450.2440057790269,25.484798868330124,51.4523300800376,-0.3729416965381597,6284.195250683792,824.0836588525679,3210.0
3175.51970010566,-107.77153573622894,-445.92882791504786,25.484837820841985,51.45230507255095,-0.17138850827584048,5619.3727058979475,779.2743582547582,3215.0
3180.5211866501472,-110.2861431326372,-441.6054476060052,25.484876847396183,51.4522800687265,0.03728635108745078,5834.016394353145,794.0178942113997,3220.0
3185.513260841627,-112.79232137511528,-437.28805541277444,25.484915819896493,51.452255148716766,0.21315974661156106,4463.241229086127,694.499036265711,3225.0
3190.5246428001506,-115.30333414944013,-432.951148222,25.484954968555975,51.4522301806352,-0.014333225836744755,3383.219563405951,604.6604445718344,3230.0
3195.533771458485,-117.80679543403691,-428.6124788969337,25.484994133121997,51.45220528764134,-0.13721437392715935,2540.3509826657364,523.9542041340052,3235.0
3200.5625253917838,-120.31145469241122,-424.25185415716203,25.485033495876504,51.45218038273552,-0.4180503307639845,1910.4788931475568,454.3783072799815,3240.0
3205.610430799434,-122.81410027694945,-419.86800720696203,25.48507306825468,51.452155497852516,-0.7905279336432687,990.5401601065726,327.1768082560721,3245.0
3210.5778770167,-125.25501519417567,-415.54163964418046,25.485112121774403,51.45213122678413,-1.300403828587056,1077.516053319278,341.2387496070929,3250.0
3215.4955437923018,-127.65179786733707,-411.24758802205343,25.485150883582616,51.45210739454166,-1.0529230343973308,1192.95779280794,359.0533693994027,3255.0
3220.4902512632534,-130.06798854972038,-406.8761894693307,25.485190343590837,51.452083369316995,-0.9724429650512448,1770.8750313820349,437.46209113631903,3260.0
3225.4775737357018,-132.4682950819221,-402.5044719583681,25.485229806478248,51.452059502035276,-0.7325089162704526,1958.234517507308,460.02222910863946,3265.0
3230.4796589742905,-134.86451526202808,-398.11368779348805,25.4852694414777,51.452035675385915,-0.4806069697145225,2251.5012470688735,493.2675695876854,3270.0
3235.501731006231,-137.26049064291783,-393.70001478020697,25.48530928309161,51.452011851170695,-0.14450708105183635,2675.0728964358177,537.6681092423221,3275.0
3240.511058289394,-139.64212691360487,-389.2930692956348,25.485349063977054,51.451988169535426,-0.30388925769277614,2957.9214632496232,565.3791475215004,3280.0
3245.497022957937,-142.00524111174474,-384.9026780872675,25.485388695429343,51.4519646720731,-0.496253407965687,3750.296528992321,636.6185239111034,3285.0
3250.483169443752,-144.36260211496133,-380.5089887629617,25.485428356653266,51.45194123181727,-0.3302673460347359,4695.573720838275,712.3456867749542,3290.0
3255.487613979264,-146.7239214763942,-376.09666103461484,25.485468186123477,51.45191775220179,-0.1643675296275582,7808.378467318675,918.6009598800714,3295.0
3260.495732148897,-149.0841427297688,-371.6795801845368,25.48550805849946,51.45189428350526,0.03366095000797642,12479.364679875134,1161.2953989771418,3300.0
3265.5090850191004,-151.4450553899835,-367.2569340974059,25.48554798111206,51.45187080793377,0.2653737264722337,196089.48432191976,4603.346006834326,3305.0
3270.5088448659653,-153.79945414355225,-362.846219298701,25.48558779602258,51.45184739713287,0.5222806125213166,65986.55824948933,2670.387003953778,3310.0
3275.490669113481,-156.1457393751293,-358.45150446776813,25.485627466503608,51.45182406700821,0.4558894054943922,42410.51674043133,2140.835261333184,3315.0
3280.4895864699956,-158.50059380902925,-354.04198801668133,25.48566727059681,51.45180065167628,0.37722244308306846,107677.61097600512,3411.215630569183,3320.0
3285.489163379646,-160.85596368966395,-349.63199912770324,25.485707078954643,51.45177723121904,0.2961489602866331,164340.1464686386,4214.230657524634,3325.0
3290.4889337736827,-163.21155889141392,-345.2219112330486,25.485746888206183,51.45175380852134,0.2128783803745625,271347.7597130132,5415.138732756143,3330.0
3295.4888865729768,-165.56732129467076,-340.81170585295894,25.48578669851825,51.45173038416108,0.12763283452400145,619160.4276242455,8179.901293148483,3335.0
3300.489050583881,-167.9232188279845,-336.40133319880914,25.485826510340278,51.45170695845716,0.0406418149577116,2115504.228536402,10395.525960719833,3340.0
3305.489246734639,-170.27912108006498,-331.9909266274489,25.48586632246847,51.451683532706326,-0.03786238658241869,529001.1936865469,7560.922618178044,3345.0
3310.4903495378308,-172.63540881304112,-327.57969807210054,25.4859061420166,51.451660103122485,-0.12765090740651913,271241.7447211438,5414.0807878263195,3350.0
3315.4932575490466,-174.99246569850607,-323.1668337633587,25.48594597633045,51.45163666589063,-0.26851553117142857,96155.86410824436,3223.5495839758814,3355.0
3320.4935442666188,-177.34805817424154,-318.7561590591682,25.485985790879038,51.45161324322003,-0.4202258110816299,127687.71229878871,3714.676688149954,3360.0
3325.4948798660407,-179.70397198986214,-314.3444668813963,25.48602561461222,51.45158981735421,-0.5125368565354923,82805.34242429733,2991.4079674215022,3365.0
3330.496044273828,-182.05953871335785,-309.93278343345054,25.486065438266603,51.45156639493968,-0.6652384719141767,42092.57794658238,2132.795568555552,3370.0
3335.4876777631866,-184.4100936529674,-305.5292284641147,25.486105188546336,51.45154302235947,-0.7481863402314887,59453.700301429206,2534.754554651503,3375.0
3340.483063164975,-186.7620452238098,-301.12216605012344,25.486144970487285,51.45151963589196,-0.7712046161340215,71136.24192542746,2772.6300529831765,3380.0
3345.4877984473596,-189.11808859930534,-296.7066893080799,25.486184828383205,51.45149620873787,-0.7838897427196795,65248.990367446066,2655.4208766369184,3385.0
3350.4881572208897,-191.47173343789206,-292.2948933202976,25.486224653053466,51.451472805433475,-0.8558992402974102,82611.86665613219,2987.9111916945544,3390.0
3355.489099965237,-193.82538605897454,-287.882439618386,25.486264483660822,51.451449402051686,-0.8669093653846824,111762.16115113339,3475.3125037373384,3395.0
3360.4960522228744,-196.18166920876618,-283.4645780736715,25.486304363084027,51.45142597251342,-0.9366192877022816,81574.41631784455,2969.0906327095936,3400.0
3365.4989342841604,-198.53576607728436,-279.0501634066095,25.486344211392744,51.451402564714286,-1.0147239335338134,112456.62335749312,3486.0931453576045,3405.0
3370.499914237504,-200.8887716370802,-274.63732244762235,25.486384045495814,51.45137916776651,-1.1008672226569585,158147.77486281333,4134.071753149508,3410.0
3375.5008586224953,-203.24162091823982,-270.2244384697772,25.486423879987214,51.45135577237268,-1.1747330529269586,259493.6973119501,5295.535384421732,3415.0
3380.504260949697,-205.59554150655407,-265.8093402022687,25.486463734466696,51.451332366326376,-1.256018030366812,156041.79770718163,4106.453787777245,3420.0
3385.5052654085976,-207.94819251681892,-261.39628243901154,25.48650357052683,51.45130897290404,-1.3444253663171402,184140.6677853393,4460.888048352205,3425.0
3390.50475828707,-210.3000126266487,-256.9844946820021,25.486543395122794,51.4512855877437,-1.4196644314678886,381191.38043877535,6418.270301430278,3430.0
3395.5070048245757,-212.65307017944056,-252.57024609642875,25.486583241932316,51.45126219027893,-1.4914486821770776,236842.76887775445,5059.138071905286,3435.0
3400.509320038001,-215.0060668036491,-248.15588720968972,25.486623089737513,51.45123879342,-1.569521852545823,180686.2320527594,4418.847339725176,3440.0
3405.510036553591,-217.35818927568397,-243.74287400487816,25.486662925395425,51.451215405253144,-1.6439260498540558,187330.15384162273,4499.355536295891,3445.0
3410.510653725397,-219.7101472194097,-239.32988568290116,25.48670276082872,51.45119201872227,-1.7148880076906194,154698.45391123008,4088.7396139747934,3450.0
3415.511184236922,-222.06192175682648,-234.91689781504445,25.48674259625792,51.45116863401507,-1.7826463076002248,140858.63602963617,3901.5592505393597,3455.0
3420.5134868547625,-224.4143729773433,-230.50226252596988,25.48678244655816,51.45114524257933,-1.8474529473362935,88354.95551512238,3090.024505316181,3460.0
3425.513977967424,-226.76572248773675,-226.08909282066972,25.48682228362878,51.45112186209836,-1.919576461016045,74390.12908794484,2835.333332174856,3465.0
3430.5143766529563,-229.1167318871401,-221.6758466437396,25.4868621213897,51.451098484999264,-1.97930501734851,60505.87164608339,2557.0853741989977,3470.0
3435.51681318325,-231.468334452786,-217.26060750946104,25.486901977140768,51.451075102002065,-2.046954339065748,41350.17732529072,2113.903488573946,3475.0
3440.517233661262,-233.8184554510796,-212.84686349215596,25.48694181939562,51.451051733736726,-2.112874159223174,32699.27844618122,1879.8169101995888,3480.0
3445.5176268316773,-236.16788863721936,-208.43278424925572,25.48698166467651,51.451028372310596,-2.1774627543167915,19439.545669841624,1449.4042239213145,3485.0
3450.497836094294,-238.50670978456702,-204.03592173830845,25.48702135454435,51.45100511640454,-2.241287011395334,22488.706939177624,1558.9375206363566,3490.0
3455.49802317908,-240.85393335162422,-199.62090051422447,25.487061208328374,51.450981776949604,-2.2147165627957586,21493.345290057943,1524.0474027164903,3495.0
3460.5183218104185,-243.20956445008602,-195.18757213976633,25.487101227368502,51.45095835389496,-2.278012479029541,16926.63121762186,1352.482746185508,3500.0
3465.5210378160236,-245.55563731417618,-190.76907584021825,25.48714111252155,51.45093502588197,-2.3414059117551704,20784.508692018124,1498.7056647120457,3505.0
3470.5239578439214,-247.90074221594935,-186.3498347509337,25.48718100439771,51.45091170749383,-2.4149711279641988,25485.51121702248,1659.5607012910132,3510.0
3475.546949920166,-250.25438304461935,-181.91240032914962,25.48722106050256,51.4508883042293,-2.489091769517677,14041.99238956742,1231.8585267325493,3515.0
3480.5496602113326,-252.59694249405206,-177.49204678183938,25.487260962420724,51.4508650111517,-2.6539896441732145,14502.587953635639,1251.8987947442174,3520.0
3485.5291678726717,-254.92712276466042,-173.09139268775252,25.487300686514658,51.450841841165605,-2.7297456131137605,35984.27009611839,1971.9814089150086,3525.0
3490.5300129866455,-257.2666750751784,-168.67155707539035,25.487340583757494,51.450818577989274,-2.8164387466500576,28057.727620146405,1741.2964504693784,3530.0
3495.5250329355626,-259.60271576383957,-164.2564536574622,25.48738043828347,51.45079534973052,-2.893956306009018,47471.56877209749,2264.974199330206,3535.0
3500.525669354107,-261.9409177693172,-159.83613964462893,25.487420339844764,51.45077209998086,-2.9623234620313683,54244.600479026776,2421.16688193585,3540.0
3505.526408898983,-264.2787604775285,-155.41551893398776,25.487460244174574,51.450748853803844,-3.0416008080708536,56217.01746440729,2464.792522230909,3545.0
3510.5209201067714,-266.61329893428257,-151.00019647705875,25.487500100677785,51.450725640482425,-3.111894608318398,109922.81824412047,3446.5961182411024,3550.0
3515.518359965499,-268.9490055075961,-146.58217882827367,25.487539981510118,51.45070241554592,-3.173332094852877,234590.7985892334,5035.028743464206,3555.0
3520.5222088706455,-271.28761324725474,-142.15844537048636,25.487579913938266,51.45067916176187,-3.2360426227720263,153744.9715203583,4076.1196851284553,3560.0
3525.522990428577,-273.6246435804746,-137.73734760954974,25.48761982257434,51.45065592366265,-3.310171773007047,245264.79774442423,5148.302738500795,3565.0
3530.5204354180664,-275.9600245716479,-133.31915204472503,25.4876597050127,51.45063270196355,-3.3758642103549876,253266.3799084695,5231.608523858927,3570.0
3535.524716514017,-278.29868753611015,-128.89495891761754,25.48769964159022,51.45060944763038,-3.4432718604480033,324216.25541006686,5919.211527285495,3575.0
3540.5292731185777,-280.63754754751227,-124.47055831919575,25.48773958004055,51.45058619133788,-3.5225435286357007,468662.0237527714,7116.662151206126,3580.0
3545.5268840502868,-282.973208672834,-120.05232313618451,25.487779462836535,51.45056296685328,-3.6037964349660565,92828.88155180223,3167.2914342547247,3585.0
3550.5244114325,-285.3090686051784,-115.63428756452615,25.487819343830655,51.45053974039186,-3.6771334956248225,54561.72635336745,2428.2339054053887,3590.0
3555.5256572388666,-287.6470716481423,-111.21317894939472,25.487859252564714,51.45051649262057,-3.7526334149511946,43810.86649674594,2175.892266926188,3595.0
3560.5270252765163,-289.9856365288613,-106.79222921583153,25.48789915986457,51.450493239262684,-3.8303417996132896,31802.047754328934,1853.8475186986534,3600.0
3565.5285230111344,-292.32495731536534,-102.37153268166189,25.487939064878827,51.4504699783885,-3.910254171358562,23437.72181745885,1591.4909192761527,3605.0
3570.5301572176368,-294.66528527388806,-97.95121484442322,25.487978966474643,51.45044670749957,-3.99230089712873,17414.661335283552,1371.8416490009458,3610.0
3575.531933271609,-297.0069491138012,-93.53144401835847,25.488018863132663,51.4504234233274,-4.076323940624422,12997.14462973342,1185.1421470927512,3615.0
3580.5338544780534,-299.35038169910825,-89.1124464540232,25.48805875281056,51.45040012156783,-4.162045966144469,9723.878321012482,1025.0999802759352,3620.0
3585.535920901682,-301.6961552218185,-84.69452668488488,25.488098632759346,51.45037679653131,-4.249030335088231,7434.85791036135,896.3606932506042,3625.0
3590.5337901499706,-304.04292847671434,-80.28189115573736,25.48813846500803,51.45035346155402,-4.336620893005253,4928.321075647343,729.7867336072494,3630.0
3595.562515599817,-306.4087056183035,-75.84441685538769,25.488178521472857,51.450329937612906,-4.41397366865518,4770.592286221444,718.0135136412136,3635.0
3600.5339278332863,-308.7521162406689,-71.45997090976621,25.488218099258084,51.45030663607172,-4.55945544074386,2710.668996206771,541.233552162389,3640.0
3605.499731135865,-311.10090654873443,-67.08476959683883,25.488257593593293,51.45028328103801,-4.560612065148048,1820.6534296941397,443.5678993802633,3645.0
3610.5247643440816,-313.48985087437154,-62.663920837529645,25.48829749998167,51.45025952673561,-4.613456023971514,1345.8593531597746,381.36980594108815,3650.0
3615.5285598199293,-315.8850836808872,-58.27064996417059,25.488337157428294,51.45023570990412,-4.6426186202922715,950.6607826824618,320.5230425035216,3655.0
3620.481040494855,-318.27848982557236,-53.934906445223056,25.48837629558347,51.450211911235925,-4.664256008041086,643.1992818214092,263.6448199009853,3660.0
3625.1925982133744,-320.5863872826576,-49.82730550762953,25.488413374327223,51.45018896281744,-4.547143876113332,595.3342204097403,253.64534173457747,3665.0
