<?xml version="1.0" encoding="utf-8" standalone="yes"?>
<kml xmlns="http://www.opengis.net/kml/2.2">
  <Document>
    <name><![CDATA[Shell Eco-marathon Asia-Pacific and the Middle East 2025]]></name>
    <visibility>1</visibility>
    <open>1</open>
    <Style id="gv_legend">
      <IconStyle>
        <Icon>
          <href>http://maps.google.com/mapfiles/kml/pal2/icon26.png</href>
        </Icon>
      </IconStyle>
    </Style>
    <Folder id="Legend">
      <name>Legend: Elevation (m)</name>
      <visibility>1</visibility>
      <open>1</open>
      <Placemark>
        <name><![CDATA[<span style="color:#e600e6;"><b>15.2</b></span>]]></name>
        <visibility>1</visibility>
        <styleUrl>#gv_legend</styleUrl>
      </Placemark>
      <Placemark>
        <name><![CDATA[<span style="color:#003ae6;"><b>13.2</b></span>]]></name>
        <visibility>1</visibility>
        <styleUrl>#gv_legend</styleUrl>
      </Placemark>
      <Placemark>
        <name><![CDATA[<span style="color:#00e674;"><b>11.2</b></span>]]></name>
        <visibility>1</visibility>
        <styleUrl>#gv_legend</styleUrl>
      </Placemark>
      <Placemark>
        <name><![CDATA[<span style="color:#ace600;"><b>9.2</b></span>]]></name>
        <visibility>1</visibility>
        <styleUrl>#gv_legend</styleUrl>
      </Placemark>
      <Placemark>
        <name><![CDATA[<span style="color:#e60000;"><b>7.2</b></span>]]></name>
        <visibility>1</visibility>
        <styleUrl>#gv_legend</styleUrl>
      </Placemark>
    </Folder>
    <Folder id="Tracks">
      <name>Tracks</name>
      <visibility>1</visibility>
      <open>0</open>
      <Folder id="track 1">
        <name><![CDATA[Mileage Challenge Track]]></name>
        <visibility>1</visibility>
        <Snippet></Snippet>
        <description><![CDATA[&nbsp;]]></description>
        <Placemark>
          <name><![CDATA[<span style="color:#00e6b2">trkpt 1</span>]]></name>
          <Style>
            <LineStyle>
              <color>ffb2e600</color>
              <width>4</width>
            </LineStyle>
            <PolyStyle>
              <color>ccb2e600</color>
            </PolyStyle>
          </Style>
          <LineString>
            <extrude>1</extrude>
            <tessellate>0</tessellate>
            <altitudeMode>absolute</altitudeMode>
            <coordinates>51.450170252,25.48842018,11.653 51.450165035,25.48843001,11.67 </coordinates>
          </LineString>
        </Placemark>
        <Placemark>
          <name><![CDATA[<span style="color:#00e6b4">trkpt 2</span>]]></name>
          <Style>
            <LineStyle>
              <color>ffb4e600</color>
              <width>4</width>
            </LineStyle>
            <PolyStyle>
              <color>ccb4e600</color>
            </PolyStyle>
          </Style>
          <LineString>
            <extrude>1</extrude>
            <tessellate>0</tessellate>
            <altitudeMode>absolute</altitudeMode>
            <coordinates>51.450165035,25.48843001,11.67 51.450159843,25.488438847,11.688 </coordinates>
          </LineString>
        </Placemark>
        <Placemark>
          <name><![CDATA[<span style="color:#00e6b7">trkpt 3</span>]]></name>
          <Style>
            <LineStyle>
              <color>ffb7e600</color>
              <width>4</width>
            </LineStyle>
            <PolyStyle>
              <color>ccb7e600</color>
            </PolyStyle>
          </Style>
          <LineString>
            <extrude>1</extrude>
            <tessellate>0</tessellate>
            <altitudeMode>absolute</altitudeMode>
            <coordinates>51.450159843,25.488438847,11.688 51.450154148,25.488447893,11.707 </coordinates>
          </LineString>
        </Placemark>
        <Placemark>
          <name><![CDATA[<span style="color:#00e6bb">trkpt 4</span>]]></name>
          <Style>
            <LineStyle>
              <color>ffbbe600</color>
              <width>4</width>
            </LineStyle>
            <PolyStyle>
              <color>ccbbe600</color>
            </PolyStyle>
          </Style>
          <LineString>
            <extrude>1</extrude>
            <tessellate>0</tessellate>
            <altitudeMode>absolute</altitudeMode>
            <coordinates>51.450154148,25.488447893,11.707 51.450146572,25.488459013,11.731 </coordinates>
          </LineString>
        </Placemark>
        <Placemark>
          <name><![CDATA[<span style="color:#00e6bd">trkpt 5</span>]]></name>
          <Style>
            <LineStyle>
              <color>ffbde600</color>
              <width>4</width>
            </LineStyle>
            <PolyStyle>
              <color>ccbde600</color>
            </PolyStyle>
          </Style>
          <LineString>
            <extrude>1</extrude>
            <tessellate>0</tessellate>
            <altitudeMode>absolute</altitudeMode>
            <coordinates>51.450146572,25.488459013,11.731 51.45013731,25.488472237,11.758 </coordinates>
          </LineString>
        </Placemark>
        <Placemark>
          <name><![CDATA[<span style="color:#00e6c2">trkpt 6</span>]]></name>
          <Style>
            <LineStyle>
              <color>ffc2e600</color>
              <width>4</width>
            </LineStyle>
            <PolyStyle>
              <color>ccc2e600</color>
            </PolyStyle>
          </Style>
          <LineString>
            <extrude>1</extrude>
            <tessellate>0</tessellate>
            <altitudeMode>absolute</altitudeMode>
            <coordinates>51.45013731,25.488472237,11.758 51.450126567,25.488487353,11.787 </coordinates>
          </LineString>
        </Placemark>
        <Placemark>
          <name><![CDATA[<span style="color:#00e6c7">trkpt 7</span>]]></name>
          <Style>
            <LineStyle>
              <color>ffc7e600</color>
              <width>4</width>
            </LineStyle>
            <PolyStyle>
              <color>ccc7e600</color>
            </PolyStyle>
          </Style>
          <LineString>
            <extrude>1</extrude>
            <tessellate>0</tessellate>
            <altitudeMode>absolute</altitudeMode>
            <coordinates>51.450126567,25.488487353,11.787 51.450120547,25.488495418,11.802 </coordinates>
          </LineString>
        </Placemark>
        <Placemark>
          <name><![CDATA[<span style="color:#00e6c9">trkpt 8</span>]]></name>
          <Style>
            <LineStyle>
              <color>ffc9e600</color>
              <width>4</width>
            </LineStyle>
            <PolyStyle>
              <color>ccc9e600</color>
            </PolyStyle>
          </Style>
          <LineString>
            <extrude>1</extrude>
            <tessellate>0</tessellate>
            <altitudeMode>absolute</altitudeMode>
            <coordinates>51.450120547,25.488495418,11.802 51.450114198,25.48850396,11.816 </coordinates>
          </LineString>
        </Placemark>
        <Placemark>
          <name><![CDATA[<span style="color:#00e6c9">trkpt 9</span>]]></name>
          <Style>
            <LineStyle>
              <color>ffc9e600</color>
              <width>4</width>
            </LineStyle>
            <PolyStyle>
              <color>ccc9e600</color>
            </PolyStyle>
          </Style>
          <LineString>
            <extrude>1</extrude>
            <tessellate>0</tessellate>
            <altitudeMode>absolute</altitudeMode>
            <coordinates>51.450114198,25.48850396,11.816 51.450107387,25.488513048,11.83 </coordinates>
          </LineString>
        </Placemark>
        <Placemark>
          <name><![CDATA[<span style="color:#00e6cb">trkpt 10</span>]]></name>
          <Style>
            <LineStyle>
              <color>ffcbe600</color>
              <width>4</width>
            </LineStyle>
            <PolyStyle>
              <color>cccbe600</color>
            </PolyStyle>
          </Style>
          <LineString>
            <extrude>1</extrude>
            <tessellate>0</tessellate>
            <altitudeMode>absolute</altitudeMode>
            <coordinates>51.450107387,25.488513048,11.83 51.450100292,25.48852281,11.842 </coordinates>
          </LineString>
        </Placemark>
        <Placemark>
          <name><![CDATA[<span style="color:#00e6ce">trkpt 11</span>]]></name>
          <Style>
            <LineStyle>
              <color>ffcee600</color>
              <width>4</width>
            </LineStyle>
            <PolyStyle>
              <color>cccee600</color>
            </PolyStyle>
          </Style>
          <LineString>
            <extrude>1</extrude>
            <tessellate>0</tessellate>
            <altitudeMode>absolute</altitudeMode>
            <coordinates>51.450100292,25.48852281,11.842 51.450092873,25.488532945,11.853 </coordinates>
          </LineString>
        </Placemark>
        <Placemark>
          <name><![CDATA[<span style="color:#00e6d0">trkpt 12</span>]]></name>
          <Style>
            <LineStyle>
              <color>ffd0e600</color>
              <width>4</width>
            </LineStyle>
            <PolyStyle>
              <color>ccd0e600</color>
            </PolyStyle>
          </Style>
          <LineString>
            <extrude>1</extrude>
            <tessellate>0</tessellate>
            <altitudeMode>absolute</altitudeMode>
            <coordinates>51.450092873,25.488532945,11.853 51.450085113,25.488543872,11.861 </coordinates>
          </LineString>
        </Placemark>
        <Placemark>
          <name><![CDATA[<span style="color:#00e6d0">trkpt 13</span>]]></name>
          <Style>
            <LineStyle>
              <color>ffd0e600</color>
              <width>4</width>
            </LineStyle>
            <PolyStyle>
              <color>ccd0e600</color>
            </PolyStyle>
          </Style>
          <LineString>
            <extrude>1</extrude>
            <tessellate>0</tessellate>
            <altitudeMode>absolute</altitudeMode>
            <coordinates>51.450085113,25.488543872,11.861 51.450077268,25.488554987,11.868 </coordinates>
          </LineString>
        </Placemark>
        <Placemark>
          <name><![CDATA[<span style="color:#00e6d2">trkpt 14</span>]]></name>
          <Style>
            <LineStyle>
              <color>ffd2e600</color>
              <width>4</width>
            </LineStyle>
            <PolyStyle>
              <color>ccd2e600</color>
            </PolyStyle>
          </Style>
          <LineString>
            <extrude>1</extrude>
            <tessellate>0</tessellate>
            <altitudeMode>absolute</altitudeMode>
            <coordinates>51.450077268,25.488554987,11.868 51.45006911,25.488566753,11.871 </coordinates>
          </LineString>
        </Placemark>
        <Placemark>
          <name><![CDATA[<span style="color:#00e6d2">trkpt 15</span>]]></name>
          <Style>
            <LineStyle>
              <color>ffd2e600</color>
              <width>4</width>
            </LineStyle>
            <PolyStyle>
              <color>ccd2e600</color>
            </PolyStyle>
          </Style>
          <LineString>
            <extrude>1</extrude>
            <tessellate>0</tessellate>
            <altitudeMode>absolute</altitudeMode>
            <coordinates>51.45006911,25.488566753,11.871 51.450060782,25.488578865,11.872 </coordinates>
          </LineString>
        </Placemark>
        <Placemark>
          <name><![CDATA[<span style="color:#00e6d2">trkpt 16</span>]]></name>
          <Style>
            <LineStyle>
              <color>ffd2e600</color>
              <width>4</width>
            </LineStyle>
            <PolyStyle>
              <color>ccd2e600</color>
            </PolyStyle>
          </Style>
          <LineString>
            <extrude>1</extrude>
            <tessellate>0</tessellate>
            <altitudeMode>absolute</altitudeMode>
            <coordinates>51.450060782,25.488578865,11.872 51.450052262,25.488591337,11.87 </coordinates>
          </LineString>
        </Placemark>
        <Placemark>
          <name><![CDATA[<span style="color:#00e6d2">trkpt 17</span>]]></name>
          <Style>
            <LineStyle>
              <color>ffd2e600</color>
              <width>4</width>
            </LineStyle>
            <PolyStyle>
              <color>ccd2e600</color>
            </PolyStyle>
          </Style>
          <LineString>
            <extrude>1</extrude>
            <tessellate>0</tessellate>
            <altitudeMode>absolute</altitudeMode>
            <coordinates>51.450052262,25.488591337,11.87 51.450043485,25.488604238,11.864 </coordinates>
          </LineString>
        </Placemark>
        <Placemark>
          <name><![CDATA[<span style="color:#00e6d0">trkpt 18</span>]]></name>
          <Style>
            <LineStyle>
              <color>ffd0e600</color>
              <width>4</width>
            </LineStyle>
            <PolyStyle>
              <color>ccd0e600</color>
            </PolyStyle>
          </Style>
          <LineString>
            <extrude>1</extrude>
            <tessellate>0</tessellate>
            <altitudeMode>absolute</altitudeMode>
            <coordinates>51.450043485,25.488604238,11.864 51.450034483,25.48861739,11.853 </coordinates>
          </LineString>
        </Placemark>
        <Placemark>
          <name><![CDATA[<span style="color:#00e6d0">trkpt 19</span>]]></name>
          <Style>
            <LineStyle>
              <color>ffd0e600</color>
              <width>4</width>
            </LineStyle>
            <PolyStyle>
              <color>ccd0e600</color>
            </PolyStyle>
          </Style>
          <LineString>
            <extrude>1</extrude>
            <tessellate>0</tessellate>
            <altitudeMode>absolute</altitudeMode>
            <coordinates>51.450034483,25.48861739,11.853 51.450025408,25.488630912,11.837 </coordinates>
          </LineString>
        </Placemark>
        <Placemark>
          <name><![CDATA[<span style="color:#00e6ce">trkpt 20</span>]]></name>
          <Style>
            <LineStyle>
              <color>ffcee600</color>
              <width>4</width>
            </LineStyle>
            <PolyStyle>
              <color>cccee600</color>
            </PolyStyle>
          </Style>
          <LineString>
            <extrude>1</extrude>
            <tessellate>0</tessellate>
            <altitudeMode>absolute</altitudeMode>
            <coordinates>51.450025408,25.488630912,11.837 51.450016353,25.488645587,11.817 </coordinates>
          </LineString>
        </Placemark>
        <Placemark>
          <name><![CDATA[<span style="color:#00e6c9">trkpt 21</span>]]></name>
          <Style>
            <LineStyle>
              <color>ffc9e600</color>
              <width>4</width>
            </LineStyle>
            <PolyStyle>
              <color>ccc9e600</color>
            </PolyStyle>
          </Style>
          <LineString>
            <extrude>1</extrude>
            <tessellate>0</tessellate>
            <altitudeMode>absolute</altitudeMode>
            <coordinates>51.450016353,25.488645587,11.817 51.450006598,25.488660137,11.8 </coordinates>
          </LineString>
        </Placemark>
        <Placemark>
          <name><![CDATA[<span style="color:#00e6c7">trkpt 22</span>]]></name>
          <Style>
            <LineStyle>
              <color>ffc7e600</color>
              <width>4</width>
            </LineStyle>
            <PolyStyle>
              <color>ccc7e600</color>
            </PolyStyle>
          </Style>
          <LineString>
            <extrude>1</extrude>
            <tessellate>0</tessellate>
            <altitudeMode>absolute</altitudeMode>
            <coordinates>51.450006598,25.488660137,11.8 51.449997023,25.488675412,11.787 </coordinates>
          </LineString>
        </Placemark>
        <Placemark>
          <name><![CDATA[<span style="color:#00e6c7">trkpt 23</span>]]></name>
          <Style>
            <LineStyle>
              <color>ffc7e600</color>
              <width>4</width>
            </LineStyle>
            <PolyStyle>
              <color>ccc7e600</color>
            </PolyStyle>
          </Style>
          <LineString>
            <extrude>1</extrude>
            <tessellate>0</tessellate>
            <altitudeMode>absolute</altitudeMode>
            <coordinates>51.449997023,25.488675412,11.787 51.449986898,25.488690748,11.794 </coordinates>
          </LineString>
        </Placemark>
        <Placemark>
          <name><![CDATA[<span style="color:#00e6c7">trkpt 24</span>]]></name>
          <Style>
            <LineStyle>
              <color>ffc7e600</color>
              <width>4</width>
            </LineStyle>
            <PolyStyle>
              <color>ccc7e600</color>
            </PolyStyle>
          </Style>
          <LineString>
            <extrude>1</extrude>
            <tessellate>0</tessellate>
            <altitudeMode>absolute</altitudeMode>
            <coordinates>51.449986898,25.488690748,11.794 51.449976737,25.488706647,11.795 </coordinates>
          </LineString>
        </Placemark>
        <Placemark>
          <name><![CDATA[<span style="color:#00e6c7">trkpt 25</span>]]></name>
          <Style>
            <LineStyle>
              <color>ffc7e600</color>
              <width>4</width>
            </LineStyle>
            <PolyStyle>
              <color>ccc7e600</color>
            </PolyStyle>
          </Style>
          <LineString>
            <extrude>1</extrude>
            <tessellate>0</tessellate>
            <altitudeMode>absolute</altitudeMode>
            <coordinates>51.449976737,25.488706647,11.795 51.44996658,25.488722935,11.79 </coordinates>
          </LineString>
        </Placemark>
        <Placemark>
          <name><![CDATA[<span style="color:#00e6c7">trkpt 26</span>]]></name>
          <Style>
            <LineStyle>
              <color>ffc7e600</color>
              <width>4</width>
            </LineStyle>
            <PolyStyle>
              <color>ccc7e600</color>
            </PolyStyle>
          </Style>
          <LineString>
            <extrude>1</extrude>
            <tessellate>0</tessellate>
            <altitudeMode>absolute</altitudeMode>
            <coordinates>51.44996658,25.488722935,11.79 51.449956048,25.48873978,11.78 </coordinates>
          </LineString>
        </Placemark>
        <Placemark>
          <name><![CDATA[<span style="color:#00e6c4">trkpt 27</span>]]></name>
          <Style>
            <LineStyle>
              <color>ffc4e600</color>
              <width>4</width>
            </LineStyle>
            <PolyStyle>
              <color>ccc4e600</color>
            </PolyStyle>
          </Style>
          <LineString>
            <extrude>1</extrude>
            <tessellate>0</tessellate>
            <altitudeMode>absolute</altitudeMode>
            <coordinates>51.449956048,25.48873978,11.78 51.449945507,25.488756953,11.764 </coordinates>
          </LineString>
        </Placemark>
        <Placemark>
          <name><![CDATA[<span style="color:#00e6c2">trkpt 28</span>]]></name>
          <Style>
            <LineStyle>
              <color>ffc2e600</color>
              <width>4</width>
            </LineStyle>
            <PolyStyle>
              <color>ccc2e600</color>
            </PolyStyle>
          </Style>
          <LineString>
            <extrude>1</extrude>
            <tessellate>0</tessellate>
            <altitudeMode>absolute</altitudeMode>
            <coordinates>51.449945507,25.488756953,11.764 51.449934555,25.488774833,11.743 </coordinates>
          </LineString>
        </Placemark>
        <Placemark>
          <name><![CDATA[<span style="color:#00e6c0">trkpt 29</span>]]></name>
          <Style>
            <LineStyle>
              <color>ffc0e600</color>
              <width>4</width>
            </LineStyle>
            <PolyStyle>
              <color>ccc0e600</color>
            </PolyStyle>
          </Style>
          <LineString>
            <extrude>1</extrude>
            <tessellate>0</tessellate>
            <altitudeMode>absolute</altitudeMode>
            <coordinates>51.449934555,25.488774833,11.743 51.449923297,25.488792865,11.717 </coordinates>
          </LineString>
        </Placemark>
        <Placemark>
          <name><![CDATA[<span style="color:#00e6bb">trkpt 30</span>]]></name>
          <Style>
            <LineStyle>
              <color>ffbbe600</color>
              <width>4</width>
            </LineStyle>
            <PolyStyle>
              <color>ccbbe600</color>
            </PolyStyle>
          </Style>
          <LineString>
            <extrude>1</extrude>
            <tessellate>0</tessellate>
            <altitudeMode>absolute</altitudeMode>
            <coordinates>51.449923297,25.488792865,11.717 51.449911767,25.488811418,11.685 </coordinates>
          </LineString>
        </Placemark>
        <Placemark>
          <name><![CDATA[<span style="color:#00e6b7">trkpt 31</span>]]></name>
          <Style>
            <LineStyle>
              <color>ffb7e600</color>
              <width>4</width>
            </LineStyle>
            <PolyStyle>
              <color>ccb7e600</color>
            </PolyStyle>
          </Style>
          <LineString>
            <extrude>1</extrude>
            <tessellate>0</tessellate>
            <altitudeMode>absolute</altitudeMode>
            <coordinates>51.449911767,25.488811418,11.685 51.449899985,25.488830262,11.647 </coordinates>
          </LineString>
        </Placemark>
        <Placemark>
          <name><![CDATA[<span style="color:#00e6b2">trkpt 32</span>]]></name>
          <Style>
            <LineStyle>
              <color>ffb2e600</color>
              <width>4</width>
            </LineStyle>
            <PolyStyle>
              <color>ccb2e600</color>
            </PolyStyle>
          </Style>
          <LineString>
            <extrude>1</extrude>
            <tessellate>0</tessellate>
            <altitudeMode>absolute</altitudeMode>
            <coordinates>51.449899985,25.488830262,11.647 51.449888308,25.488849535,11.601 </coordinates>
          </LineString>
        </Placemark>
        <Placemark>
          <name><![CDATA[<span style="color:#00e6ab">trkpt 33</span>]]></name>
          <Style>
            <LineStyle>
              <color>ffabe600</color>
              <width>4</width>
            </LineStyle>
            <PolyStyle>
              <color>ccabe600</color>
            </PolyStyle>
          </Style>
          <LineString>
            <extrude>1</extrude>
            <tessellate>0</tessellate>
            <altitudeMode>absolute</altitudeMode>
            <coordinates>51.449888308,25.488849535,11.601 51.449876397,25.488869183,11.547 </coordinates>
          </LineString>
        </Placemark>
        <Placemark>
          <name><![CDATA[<span style="color:#00e6a4">trkpt 34</span>]]></name>
          <Style>
            <LineStyle>
              <color>ffa4e600</color>
              <width>4</width>
            </LineStyle>
            <PolyStyle>
              <color>cca4e600</color>
            </PolyStyle>
          </Style>
          <LineString>
            <extrude>1</extrude>
            <tessellate>0</tessellate>
            <altitudeMode>absolute</altitudeMode>
            <coordinates>51.449876397,25.488869183,11.547 51.449864173,25.488889007,11.488 </coordinates>
          </LineString>
        </Placemark>
        <Placemark>
          <name><![CDATA[<span style="color:#00e69b">trkpt 35</span>]]></name>
          <Style>
            <LineStyle>
              <color>ff9be600</color>
              <width>4</width>
            </LineStyle>
            <PolyStyle>
              <color>cc9be600</color>
            </PolyStyle>
          </Style>
          <LineString>
            <extrude>1</extrude>
            <tessellate>0</tessellate>
            <altitudeMode>absolute</altitudeMode>
            <coordinates>51.449864173,25.488889007,11.488 51.449851857,25.488909183,11.387 </coordinates>
          </LineString>
        </Placemark>
        <Placemark>
          <name><![CDATA[<span style="color:#00e68d">trkpt 36</span>]]></name>
          <Style>
            <LineStyle>
              <color>ff8de600</color>
              <width>4</width>
            </LineStyle>
            <PolyStyle>
              <color>cc8de600</color>
            </PolyStyle>
          </Style>
          <LineString>
            <extrude>1</extrude>
            <tessellate>0</tessellate>
            <altitudeMode>absolute</altitudeMode>
            <coordinates>51.449851857,25.488909183,11.387 51.44983944,25.48892967,11.284 </coordinates>
          </LineString>
        </Placemark>
        <Placemark>
          <name><![CDATA[<span style="color:#00e67d">trkpt 37</span>]]></name>
          <Style>
            <LineStyle>
              <color>ff7de600</color>
              <width>4</width>
            </LineStyle>
            <PolyStyle>
              <color>cc7de600</color>
            </PolyStyle>
          </Style>
          <LineString>
            <extrude>1</extrude>
            <tessellate>0</tessellate>
            <altitudeMode>absolute</altitudeMode>
            <coordinates>51.44983944,25.48892967,11.284 51.449826705,25.488950335,11.181 </coordinates>
          </LineString>
        </Placemark>
        <Placemark>
          <name><![CDATA[<span style="color:#00e66f">trkpt 38</span>]]></name>
          <Style>
            <LineStyle>
              <color>ff6fe600</color>
              <width>4</width>
            </LineStyle>
            <PolyStyle>
              <color>cc6fe600</color>
            </PolyStyle>
          </Style>
          <LineString>
            <extrude>1</extrude>
            <tessellate>0</tessellate>
            <altitudeMode>absolute</altitudeMode>
            <coordinates>51.449826705,25.488950335,11.181 51.449813863,25.488971615,11.074 </coordinates>
          </LineString>
        </Placemark>
        <Placemark>
          <name><![CDATA[<span style="color:#00e65f">trkpt 39</span>]]></name>
          <Style>
            <LineStyle>
              <color>ff5fe600</color>
              <width>4</width>
            </LineStyle>
            <PolyStyle>
              <color>cc5fe600</color>
            </PolyStyle>
          </Style>
          <LineString>
            <extrude>1</extrude>
            <tessellate>0</tessellate>
            <altitudeMode>absolute</altitudeMode>
            <coordinates>51.449813863,25.488971615,11.074 51.449800807,25.48899292,10.968 </coordinates>
          </LineString>
        </Placemark>
        <Placemark>
          <name><![CDATA[<span style="color:#00e651">trkpt 40</span>]]></name>
          <Style>
            <LineStyle>
              <color>ff51e600</color>
              <width>4</width>
            </LineStyle>
            <PolyStyle>
              <color>cc51e600</color>
            </PolyStyle>
          </Style>
          <LineString>
            <extrude>1</extrude>
            <tessellate>0</tessellate>
            <altitudeMode>absolute</altitudeMode>
            <coordinates>51.449800807,25.48899292,10.968 51.449787495,25.489014657,10.859 </coordinates>
          </LineString>
        </Placemark>
        <Placemark>
          <name><![CDATA[<span style="color:#00e641">trkpt 41</span>]]></name>
          <Style>
            <LineStyle>
              <color>ff41e600</color>
              <width>4</width>
            </LineStyle>
            <PolyStyle>
              <color>cc41e600</color>
            </PolyStyle>
          </Style>
          <LineString>
            <extrude>1</extrude>
            <tessellate>0</tessellate>
            <altitudeMode>absolute</altitudeMode>
            <coordinates>51.449787495,25.489014657,10.859 51.449774163,25.489036572,10.75 </coordinates>
          </LineString>
        </Placemark>
        <Placemark>
          <name><![CDATA[<span style="color:#00e631">trkpt 42</span>]]></name>
          <Style>
            <LineStyle>
              <color>ff31e600</color>
              <width>4</width>
            </LineStyle>
            <PolyStyle>
              <color>cc31e600</color>
            </PolyStyle>
          </Style>
          <LineString>
            <extrude>1</extrude>
            <tessellate>0</tessellate>
            <altitudeMode>absolute</altitudeMode>
            <coordinates>51.449774163,25.489036572,10.75 51.449760673,25.489058992,10.637 </coordinates>
          </LineString>
        </Placemark>
        <Placemark>
          <name><![CDATA[<span style="color:#00e621">trkpt 43</span>]]></name>
          <Style>
            <LineStyle>
              <color>ff21e600</color>
              <width>4</width>
            </LineStyle>
            <PolyStyle>
              <color>cc21e600</color>
            </PolyStyle>
          </Style>
          <LineString>
            <extrude>1</extrude>
            <tessellate>0</tessellate>
            <altitudeMode>absolute</altitudeMode>
            <coordinates>51.449760673,25.489058992,10.637 51.449747127,25.489081638,10.523 </coordinates>
          </LineString>
        </Placemark>
        <Placemark>
          <name><![CDATA[<span style="color:#00e611">trkpt 44</span>]]></name>
          <Style>
            <LineStyle>
              <color>ff11e600</color>
              <width>4</width>
            </LineStyle>
            <PolyStyle>
              <color>cc11e600</color>
            </PolyStyle>
          </Style>
          <LineString>
            <extrude>1</extrude>
            <tessellate>0</tessellate>
            <altitudeMode>absolute</altitudeMode>
            <coordinates>51.449747127,25.489081638,10.523 51.44973344,25.48910464,10.406 </coordinates>
          </LineString>
        </Placemark>
        <Placemark>
          <name><![CDATA[<span style="color:#00e601">trkpt 45</span>]]></name>
          <Style>
            <LineStyle>
              <color>ff01e600</color>
              <width>4</width>
            </LineStyle>
            <PolyStyle>
              <color>cc01e600</color>
            </PolyStyle>
          </Style>
          <LineString>
            <extrude>1</extrude>
            <tessellate>0</tessellate>
            <altitudeMode>absolute</altitudeMode>
            <coordinates>51.44973344,25.48910464,10.406 51.449719683,25.48912794,10.28 </coordinates>
          </LineString>
        </Placemark>
        <Placemark>
          <name><![CDATA[<span style="color:#11e600">trkpt 46</span>]]></name>
          <Style>
            <LineStyle>
              <color>ff00e611</color>
              <width>4</width>
            </LineStyle>
            <PolyStyle>
              <color>cc00e611</color>
            </PolyStyle>
          </Style>
          <LineString>
            <extrude>1</extrude>
            <tessellate>0</tessellate>
            <altitudeMode>absolute</altitudeMode>
            <coordinates>51.449719683,25.48912794,10.28 51.449705537,25.489151458,10.113 </coordinates>
          </LineString>
        </Placemark>
        <Placemark>
          <name><![CDATA[<span style="color:#28e600">trkpt 47</span>]]></name>
          <Style>
            <LineStyle>
              <color>ff00e628</color>
              <width>4</width>
            </LineStyle>
            <PolyStyle>
              <color>cc00e628</color>
            </PolyStyle>
          </Style>
          <LineString>
            <extrude>1</extrude>
            <tessellate>0</tessellate>
            <altitudeMode>absolute</altitudeMode>
            <coordinates>51.449705537,25.489151458,10.113 51.44969105,25.489175228,9.973 </coordinates>
          </LineString>
        </Placemark>
        <Placemark>
          <name><![CDATA[<span style="color:#3de600">trkpt 48</span>]]></name>
          <Style>
            <LineStyle>
              <color>ff00e63d</color>
              <width>4</width>
            </LineStyle>
            <PolyStyle>
              <color>cc00e63d</color>
            </PolyStyle>
          </Style>
          <LineString>
            <extrude>1</extrude>
            <tessellate>0</tessellate>
            <altitudeMode>absolute</altitudeMode>
            <coordinates>51.44969105,25.489175228,9.973 51.44967649,25.489199177,9.902 </coordinates>
          </LineString>
        </Placemark>
        <Placemark>
          <name><![CDATA[<span style="color:#46e600">trkpt 49</span>]]></name>
          <Style>
            <LineStyle>
              <color>ff00e646</color>
              <width>4</width>
            </LineStyle>
            <PolyStyle>
              <color>cc00e646</color>
            </PolyStyle>
          </Style>
          <LineString>
            <extrude>1</extrude>
            <tessellate>0</tessellate>
            <altitudeMode>absolute</altitudeMode>
            <coordinates>51.44967649,25.489199177,9.902 51.449661775,25.489223572,9.84 </coordinates>
          </LineString>
        </Placemark>
        <Placemark>
          <name><![CDATA[<span style="color:#50e600">trkpt 50</span>]]></name>
          <Style>
            <LineStyle>
              <color>ff00e650</color>
              <width>4</width>
            </LineStyle>
            <PolyStyle>
              <color>cc00e650</color>
            </PolyStyle>
          </Style>
          <LineString>
            <extrude>1</extrude>
            <tessellate>0</tessellate>
            <altitudeMode>absolute</altitudeMode>
            <coordinates>51.449661775,25.489223572,9.84 51.449647073,25.489248698,9.785 </coordinates>
          </LineString>
        </Placemark>
        <Placemark>
          <name><![CDATA[<span style="color:#59e600">trkpt 51</span>]]></name>
          <Style>
            <LineStyle>
              <color>ff00e659</color>
              <width>4</width>
            </LineStyle>
            <PolyStyle>
              <color>cc00e659</color>
            </PolyStyle>
          </Style>
          <LineString>
            <extrude>1</extrude>
            <tessellate>0</tessellate>
            <altitudeMode>absolute</altitudeMode>
            <coordinates>51.449647073,25.489248698,9.785 51.449632093,25.489273517,9.74 </coordinates>
          </LineString>
        </Placemark>
        <Placemark>
          <name><![CDATA[<span style="color:#60e600">trkpt 52</span>]]></name>
          <Style>
            <LineStyle>
              <color>ff00e660</color>
              <width>4</width>
            </LineStyle>
            <PolyStyle>
              <color>cc00e660</color>
            </PolyStyle>
          </Style>
          <LineString>
            <extrude>1</extrude>
            <tessellate>0</tessellate>
            <altitudeMode>absolute</altitudeMode>
            <coordinates>51.449632093,25.489273517,9.74 51.449616725,25.489299033,9.704 </coordinates>
          </LineString>
        </Placemark>
        <Placemark>
          <name><![CDATA[<span style="color:#64e600">trkpt 53</span>]]></name>
          <Style>
            <LineStyle>
              <color>ff00e664</color>
              <width>4</width>
            </LineStyle>
            <PolyStyle>
              <color>cc00e664</color>
            </PolyStyle>
          </Style>
          <LineString>
            <extrude>1</extrude>
            <tessellate>0</tessellate>
            <altitudeMode>absolute</altitudeMode>
            <coordinates>51.449616725,25.489299033,9.704 51.449602082,25.48932517,9.676 </coordinates>
          </LineString>
        </Placemark>
        <Placemark>
          <name><![CDATA[<span style="color:#69e600">trkpt 54</span>]]></name>
          <Style>
            <LineStyle>
              <color>ff00e669</color>
              <width>4</width>
            </LineStyle>
            <PolyStyle>
              <color>cc00e669</color>
            </PolyStyle>
          </Style>
          <LineString>
            <extrude>1</extrude>
            <tessellate>0</tessellate>
            <altitudeMode>absolute</altitudeMode>
            <coordinates>51.449602082,25.48932517,9.676 51.449587568,25.48935118,9.658 </coordinates>
          </LineString>
        </Placemark>
        <Placemark>
          <name><![CDATA[<span style="color:#6be600">trkpt 55</span>]]></name>
          <Style>
            <LineStyle>
              <color>ff00e66b</color>
              <width>4</width>
            </LineStyle>
            <PolyStyle>
              <color>cc00e66b</color>
            </PolyStyle>
          </Style>
          <LineString>
            <extrude>1</extrude>
            <tessellate>0</tessellate>
            <altitudeMode>absolute</altitudeMode>
            <coordinates>51.449587568,25.48935118,9.658 51.449571663,25.48937692,9.653 </coordinates>
          </LineString>
        </Placemark>
        <Placemark>
          <name><![CDATA[<span style="color:#6be600">trkpt 56</span>]]></name>
          <Style>
            <LineStyle>
              <color>ff00e66b</color>
              <width>4</width>
            </LineStyle>
            <PolyStyle>
              <color>cc00e66b</color>
            </PolyStyle>
          </Style>
          <LineString>
            <extrude>1</extrude>
            <tessellate>0</tessellate>
            <altitudeMode>absolute</altitudeMode>
            <coordinates>51.449571663,25.48937692,9.653 51.449555373,25.48940296,9.66 </coordinates>
          </LineString>
        </Placemark>
        <Placemark>
          <name><![CDATA[<span style="color:#69e600">trkpt 57</span>]]></name>
          <Style>
            <LineStyle>
              <color>ff00e669</color>
              <width>4</width>
            </LineStyle>
            <PolyStyle>
              <color>cc00e669</color>
            </PolyStyle>
          </Style>
          <LineString>
            <extrude>1</extrude>
            <tessellate>0</tessellate>
            <altitudeMode>absolute</altitudeMode>
            <coordinates>51.449555373,25.48940296,9.66 51.44953926,25.489429457,9.677 </coordinates>
          </LineString>
        </Placemark>
        <Placemark>
          <name><![CDATA[<span style="color:#67e600">trkpt 58</span>]]></name>
          <Style>
            <LineStyle>
              <color>ff00e667</color>
              <width>4</width>
            </LineStyle>
            <PolyStyle>
              <color>cc00e667</color>
            </PolyStyle>
          </Style>
          <LineString>
            <extrude>1</extrude>
            <tessellate>0</tessellate>
            <altitudeMode>absolute</altitudeMode>
            <coordinates>51.44953926,25.489429457,9.677 51.449523008,25.489456348,9.729 </coordinates>
          </LineString>
        </Placemark>
        <Placemark>
          <name><![CDATA[<span style="color:#60e600">trkpt 59</span>]]></name>
          <Style>
            <LineStyle>
              <color>ff00e660</color>
              <width>4</width>
            </LineStyle>
            <PolyStyle>
              <color>cc00e660</color>
            </PolyStyle>
          </Style>
          <LineString>
            <extrude>1</extrude>
            <tessellate>0</tessellate>
            <altitudeMode>absolute</altitudeMode>
            <coordinates>51.449523008,25.489456348,9.729 51.449506493,25.48948331,9.808 </coordinates>
          </LineString>
        </Placemark>
        <Placemark>
          <name><![CDATA[<span style="color:#54e600">trkpt 60</span>]]></name>
          <Style>
            <LineStyle>
              <color>ff00e654</color>
              <width>4</width>
            </LineStyle>
            <PolyStyle>
              <color>cc00e654</color>
            </PolyStyle>
          </Style>
          <LineString>
            <extrude>1</extrude>
            <tessellate>0</tessellate>
            <altitudeMode>absolute</altitudeMode>
            <coordinates>51.449506493,25.48948331,9.808 51.449489665,25.489510497,9.876 </coordinates>
          </LineString>
        </Placemark>
        <Placemark>
          <name><![CDATA[<span style="color:#4be600">trkpt 61</span>]]></name>
          <Style>
            <LineStyle>
              <color>ff00e64b</color>
              <width>4</width>
            </LineStyle>
            <PolyStyle>
              <color>cc00e64b</color>
            </PolyStyle>
          </Style>
          <LineString>
            <extrude>1</extrude>
            <tessellate>0</tessellate>
            <altitudeMode>absolute</altitudeMode>
            <coordinates>51.449489665,25.489510497,9.876 51.449472907,25.489538138,9.932 </coordinates>
          </LineString>
        </Placemark>
        <Placemark>
          <name><![CDATA[<span style="color:#44e600">trkpt 62</span>]]></name>
          <Style>
            <LineStyle>
              <color>ff00e644</color>
              <width>4</width>
            </LineStyle>
            <PolyStyle>
              <color>cc00e644</color>
            </PolyStyle>
          </Style>
          <LineString>
            <extrude>1</extrude>
            <tessellate>0</tessellate>
            <altitudeMode>absolute</altitudeMode>
            <coordinates>51.449472907,25.489538138,9.932 51.449455812,25.489565733,9.977 </coordinates>
          </LineString>
        </Placemark>
        <Placemark>
          <name><![CDATA[<span style="color:#3de600">trkpt 63</span>]]></name>
          <Style>
            <LineStyle>
              <color>ff00e63d</color>
              <width>4</width>
            </LineStyle>
            <PolyStyle>
              <color>cc00e63d</color>
            </PolyStyle>
          </Style>
          <LineString>
            <extrude>1</extrude>
            <tessellate>0</tessellate>
            <altitudeMode>absolute</altitudeMode>
            <coordinates>51.449455812,25.489565733,9.977 51.449438578,25.489593652,10.021 </coordinates>
          </LineString>
        </Placemark>
        <Placemark>
          <name><![CDATA[<span style="color:#36e600">trkpt 64</span>]]></name>
          <Style>
            <LineStyle>
              <color>ff00e636</color>
              <width>4</width>
            </LineStyle>
            <PolyStyle>
              <color>cc00e636</color>
            </PolyStyle>
          </Style>
          <LineString>
            <extrude>1</extrude>
            <tessellate>0</tessellate>
            <altitudeMode>absolute</altitudeMode>
            <coordinates>51.449438578,25.489593652,10.021 51.449421263,25.489621675,10.083 </coordinates>
          </LineString>
        </Placemark>
        <Placemark>
          <name><![CDATA[<span style="color:#2de600">trkpt 65</span>]]></name>
          <Style>
            <LineStyle>
              <color>ff00e62d</color>
              <width>4</width>
            </LineStyle>
            <PolyStyle>
              <color>cc00e62d</color>
            </PolyStyle>
          </Style>
          <LineString>
            <extrude>1</extrude>
            <tessellate>0</tessellate>
            <altitudeMode>absolute</altitudeMode>
            <coordinates>51.449421263,25.489621675,10.083 51.44940362,25.489650012,10.147 </coordinates>
          </LineString>
        </Placemark>
        <Placemark>
          <name><![CDATA[<span style="color:#24e600">trkpt 66</span>]]></name>
          <Style>
            <LineStyle>
              <color>ff00e624</color>
              <width>4</width>
            </LineStyle>
            <PolyStyle>
              <color>cc00e624</color>
            </PolyStyle>
          </Style>
          <LineString>
            <extrude>1</extrude>
            <tessellate>0</tessellate>
            <altitudeMode>absolute</altitudeMode>
            <coordinates>51.44940362,25.489650012,10.147 51.44938607,25.489678513,10.21 </coordinates>
          </LineString>
        </Placemark>
        <Placemark>
          <name><![CDATA[<span style="color:#1be600">trkpt 67</span>]]></name>
          <Style>
            <LineStyle>
              <color>ff00e61b</color>
              <width>4</width>
            </LineStyle>
            <PolyStyle>
              <color>cc00e61b</color>
            </PolyStyle>
          </Style>
          <LineString>
            <extrude>1</extrude>
            <tessellate>0</tessellate>
            <altitudeMode>absolute</altitudeMode>
            <coordinates>51.44938607,25.489678513,10.21 51.449368438,25.489707153,10.274 </coordinates>
          </LineString>
        </Placemark>
        <Placemark>
          <name><![CDATA[<span style="color:#11e600">trkpt 68</span>]]></name>
          <Style>
            <LineStyle>
              <color>ff00e611</color>
              <width>4</width>
            </LineStyle>
            <PolyStyle>
              <color>cc00e611</color>
            </PolyStyle>
          </Style>
          <LineString>
            <extrude>1</extrude>
            <tessellate>0</tessellate>
            <altitudeMode>absolute</altitudeMode>
            <coordinates>51.449368438,25.489707153,10.274 51.4493506,25.489736197,10.321 </coordinates>
          </LineString>
        </Placemark>
        <Placemark>
          <name><![CDATA[<span style="color:#0be600">trkpt 69</span>]]></name>
          <Style>
            <LineStyle>
              <color>ff00e60b</color>
              <width>4</width>
            </LineStyle>
            <PolyStyle>
              <color>cc00e60b</color>
            </PolyStyle>
          </Style>
          <LineString>
            <extrude>1</extrude>
            <tessellate>0</tessellate>
            <altitudeMode>absolute</altitudeMode>
            <coordinates>51.4493506,25.489736197,10.321 51.449332807,25.489765292,10.34 </coordinates>
          </LineString>
        </Placemark>
        <Placemark>
          <name><![CDATA[<span style="color:#08e600">trkpt 70</span>]]></name>
          <Style>
            <LineStyle>
              <color>ff00e608</color>
              <width>4</width>
            </LineStyle>
            <PolyStyle>
              <color>cc00e608</color>
            </PolyStyle>
          </Style>
          <LineString>
            <extrude>1</extrude>
            <tessellate>0</tessellate>
            <altitudeMode>absolute</altitudeMode>
            <coordinates>51.449332807,25.489765292,10.34 51.449314983,25.489794527,10.345 </coordinates>
          </LineString>
        </Placemark>
        <Placemark>
          <name><![CDATA[<span style="color:#08e600">trkpt 71</span>]]></name>
          <Style>
            <LineStyle>
              <color>ff00e608</color>
              <width>4</width>
            </LineStyle>
            <PolyStyle>
              <color>cc00e608</color>
            </PolyStyle>
          </Style>
          <LineString>
            <extrude>1</extrude>
            <tessellate>0</tessellate>
            <altitudeMode>absolute</altitudeMode>
            <coordinates>51.449314983,25.489794527,10.345 51.449296863,25.489823727,10.337 </coordinates>
          </LineString>
        </Placemark>
        <Placemark>
          <name><![CDATA[<span style="color:#08e600">trkpt 72</span>]]></name>
          <Style>
            <LineStyle>
              <color>ff00e608</color>
              <width>4</width>
            </LineStyle>
            <PolyStyle>
              <color>cc00e608</color>
            </PolyStyle>
          </Style>
          <LineString>
            <extrude>1</extrude>
            <tessellate>0</tessellate>
            <altitudeMode>absolute</altitudeMode>
            <coordinates>51.449296863,25.489823727,10.337 51.449278778,25.489853432,10.315 </coordinates>
          </LineString>
        </Placemark>
        <Placemark>
          <name><![CDATA[<span style="color:#0de600">trkpt 73</span>]]></name>
          <Style>
            <LineStyle>
              <color>ff00e60d</color>
              <width>4</width>
            </LineStyle>
            <PolyStyle>
              <color>cc00e60d</color>
            </PolyStyle>
          </Style>
          <LineString>
            <extrude>1</extrude>
            <tessellate>0</tessellate>
            <altitudeMode>absolute</altitudeMode>
            <coordinates>51.449278778,25.489853432,10.315 51.44926047,25.489883187,10.279 </coordinates>
          </LineString>
        </Placemark>
        <Placemark>
          <name><![CDATA[<span style="color:#11e600">trkpt 74</span>]]></name>
          <Style>
            <LineStyle>
              <color>ff00e611</color>
              <width>4</width>
            </LineStyle>
            <PolyStyle>
              <color>cc00e611</color>
            </PolyStyle>
          </Style>
          <LineString>
            <extrude>1</extrude>
            <tessellate>0</tessellate>
            <altitudeMode>absolute</altitudeMode>
            <coordinates>51.44926047,25.489883187,10.279 51.44924196,25.489913048,10.228 </coordinates>
          </LineString>
        </Placemark>
        <Placemark>
          <name><![CDATA[<span style="color:#18e600">trkpt 75</span>]]></name>
          <Style>
            <LineStyle>
              <color>ff00e618</color>
              <width>4</width>
            </LineStyle>
            <PolyStyle>
              <color>cc00e618</color>
            </PolyStyle>
          </Style>
          <LineString>
            <extrude>1</extrude>
            <tessellate>0</tessellate>
            <altitudeMode>absolute</altitudeMode>
            <coordinates>51.44924196,25.489913048,10.228 51.449223215,25.489942947,10.164 </coordinates>
          </LineString>
        </Placemark>
        <Placemark>
          <name><![CDATA[<span style="color:#22e600">trkpt 76</span>]]></name>
          <Style>
            <LineStyle>
              <color>ff00e622</color>
              <width>4</width>
            </LineStyle>
            <PolyStyle>
              <color>cc00e622</color>
            </PolyStyle>
          </Style>
          <LineString>
            <extrude>1</extrude>
            <tessellate>0</tessellate>
            <altitudeMode>absolute</altitudeMode>
            <coordinates>51.449223215,25.489942947,10.164 51.449204565,25.489973205,10.083 </coordinates>
          </LineString>
        </Placemark>
        <Placemark>
          <name><![CDATA[<span style="color:#2de600">trkpt 77</span>]]></name>
          <Style>
            <LineStyle>
              <color>ff00e62d</color>
              <width>4</width>
            </LineStyle>
            <PolyStyle>
              <color>cc00e62d</color>
            </PolyStyle>
          </Style>
          <LineString>
            <extrude>1</extrude>
            <tessellate>0</tessellate>
            <altitudeMode>absolute</altitudeMode>
            <coordinates>51.449204565,25.489973205,10.083 51.449185675,25.490003568,9.974 </coordinates>
          </LineString>
        </Placemark>
        <Placemark>
          <name><![CDATA[<span style="color:#3de600">trkpt 78</span>]]></name>
          <Style>
            <LineStyle>
              <color>ff00e63d</color>
              <width>4</width>
            </LineStyle>
            <PolyStyle>
              <color>cc00e63d</color>
            </PolyStyle>
          </Style>
          <LineString>
            <extrude>1</extrude>
            <tessellate>0</tessellate>
            <altitudeMode>absolute</altitudeMode>
            <coordinates>51.449185675,25.490003568,9.974 51.44916664,25.490034232,9.754 </coordinates>
          </LineString>
        </Placemark>
        <Placemark>
          <name><![CDATA[<span style="color:#5de600">trkpt 79</span>]]></name>
          <Style>
            <LineStyle>
              <color>ff00e65d</color>
              <width>4</width>
            </LineStyle>
            <PolyStyle>
              <color>cc00e65d</color>
            </PolyStyle>
          </Style>
          <LineString>
            <extrude>1</extrude>
            <tessellate>0</tessellate>
            <altitudeMode>absolute</altitudeMode>
            <coordinates>51.44916664,25.490034232,9.754 51.449147457,25.490065008,9.601 </coordinates>
          </LineString>
        </Placemark>
        <Placemark>
          <name><![CDATA[<span style="color:#72e600">trkpt 80</span>]]></name>
          <Style>
            <LineStyle>
              <color>ff00e672</color>
              <width>4</width>
            </LineStyle>
            <PolyStyle>
              <color>cc00e672</color>
            </PolyStyle>
          </Style>
          <LineString>
            <extrude>1</extrude>
            <tessellate>0</tessellate>
            <altitudeMode>absolute</altitudeMode>
            <coordinates>51.449147457,25.490065008,9.601 51.449128212,25.490095877,9.448 </coordinates>
          </LineString>
        </Placemark>
        <Placemark>
          <name><![CDATA[<span style="color:#89e600">trkpt 81</span>]]></name>
          <Style>
            <LineStyle>
              <color>ff00e689</color>
              <width>4</width>
            </LineStyle>
            <PolyStyle>
              <color>cc00e689</color>
            </PolyStyle>
          </Style>
          <LineString>
            <extrude>1</extrude>
            <tessellate>0</tessellate>
            <altitudeMode>absolute</altitudeMode>
            <coordinates>51.449128212,25.490095877,9.448 51.44910883,25.490127193,9.292 </coordinates>
          </LineString>
        </Placemark>
        <Placemark>
          <name><![CDATA[<span style="color:#9ee600">trkpt 82</span>]]></name>
          <Style>
            <LineStyle>
              <color>ff00e69e</color>
              <width>4</width>
            </LineStyle>
            <PolyStyle>
              <color>cc00e69e</color>
            </PolyStyle>
          </Style>
          <LineString>
            <extrude>1</extrude>
            <tessellate>0</tessellate>
            <altitudeMode>absolute</altitudeMode>
            <coordinates>51.44910883,25.490127193,9.292 51.449089483,25.49015836,9.138 </coordinates>
          </LineString>
        </Placemark>
        <Placemark>
          <name><![CDATA[<span style="color:#b5e600">trkpt 83</span>]]></name>
          <Style>
            <LineStyle>
              <color>ff00e6b5</color>
              <width>4</width>
            </LineStyle>
            <PolyStyle>
              <color>cc00e6b5</color>
            </PolyStyle>
          </Style>
          <LineString>
            <extrude>1</extrude>
            <tessellate>0</tessellate>
            <altitudeMode>absolute</altitudeMode>
            <coordinates>51.449089483,25.49015836,9.138 51.449070208,25.490189682,8.982 </coordinates>
          </LineString>
        </Placemark>
        <Placemark>
          <name><![CDATA[<span style="color:#cce600">trkpt 84</span>]]></name>
          <Style>
            <LineStyle>
              <color>ff00e6cc</color>
              <width>4</width>
            </LineStyle>
            <PolyStyle>
              <color>cc00e6cc</color>
            </PolyStyle>
          </Style>
          <LineString>
            <extrude>1</extrude>
            <tessellate>0</tessellate>
            <altitudeMode>absolute</altitudeMode>
            <coordinates>51.449070208,25.490189682,8.982 51.449050748,25.49022138,8.823 </coordinates>
          </LineString>
        </Placemark>
        <Placemark>
          <name><![CDATA[<span style="color:#e0e600">trkpt 85</span>]]></name>
          <Style>
            <LineStyle>
              <color>ff00e6e0</color>
              <width>4</width>
            </LineStyle>
            <PolyStyle>
              <color>cc00e6e0</color>
            </PolyStyle>
          </Style>
          <LineString>
            <extrude>1</extrude>
            <tessellate>0</tessellate>
            <altitudeMode>absolute</altitudeMode>
            <coordinates>51.449050748,25.49022138,8.823 51.449031087,25.490253213,8.665 </coordinates>
          </LineString>
        </Placemark>
        <Placemark>
          <name><![CDATA[<span style="color:#e6d400">trkpt 86</span>]]></name>
          <Style>
            <LineStyle>
              <color>ff00d4e6</color>
              <width>4</width>
            </LineStyle>
            <PolyStyle>
              <color>cc00d4e6</color>
            </PolyStyle>
          </Style>
          <LineString>
            <extrude>1</extrude>
            <tessellate>0</tessellate>
            <altitudeMode>absolute</altitudeMode>
            <coordinates>51.449031087,25.490253213,8.665 51.449011268,25.49028544,8.516 </coordinates>
          </LineString>
        </Placemark>
        <Placemark>
          <name><![CDATA[<span style="color:#e6bd00">trkpt 87</span>]]></name>
          <Style>
            <LineStyle>
              <color>ff00bde6</color>
              <width>4</width>
            </LineStyle>
            <PolyStyle>
              <color>cc00bde6</color>
            </PolyStyle>
          </Style>
          <LineString>
            <extrude>1</extrude>
            <tessellate>0</tessellate>
            <altitudeMode>absolute</altitudeMode>
            <coordinates>51.449011268,25.49028544,8.516 51.448991242,25.490317865,8.396 </coordinates>
          </LineString>
        </Placemark>
        <Placemark>
          <name><![CDATA[<span style="color:#e6ac00">trkpt 88</span>]]></name>
          <Style>
            <LineStyle>
              <color>ff00ace6</color>
              <width>4</width>
            </LineStyle>
            <PolyStyle>
              <color>cc00ace6</color>
            </PolyStyle>
          </Style>
          <LineString>
            <extrude>1</extrude>
            <tessellate>0</tessellate>
            <altitudeMode>absolute</altitudeMode>
            <coordinates>51.448991242,25.490317865,8.396 51.448971137,25.490350323,8.259 </coordinates>
          </LineString>
        </Placemark>
        <Placemark>
          <name><![CDATA[<span style="color:#e69a00">trkpt 89</span>]]></name>
          <Style>
            <LineStyle>
              <color>ff009ae6</color>
              <width>4</width>
            </LineStyle>
            <PolyStyle>
              <color>cc009ae6</color>
            </PolyStyle>
          </Style>
          <LineString>
            <extrude>1</extrude>
            <tessellate>0</tessellate>
            <altitudeMode>absolute</altitudeMode>
            <coordinates>51.448971137,25.490350323,8.259 51.448950935,25.490382832,8.105 </coordinates>
          </LineString>
        </Placemark>
        <Placemark>
          <name><![CDATA[<span style="color:#e68300">trkpt 90</span>]]></name>
          <Style>
            <LineStyle>
              <color>ff0083e6</color>
              <width>4</width>
            </LineStyle>
            <PolyStyle>
              <color>cc0083e6</color>
            </PolyStyle>
          </Style>
          <LineString>
            <extrude>1</extrude>
            <tessellate>0</tessellate>
            <altitudeMode>absolute</altitudeMode>
            <coordinates>51.448950935,25.490382832,8.105 51.44893065,25.490415905,7.93 </coordinates>
          </LineString>
        </Placemark>
        <Placemark>
          <name><![CDATA[<span style="color:#e66a00">trkpt 91</span>]]></name>
          <Style>
            <LineStyle>
              <color>ff006ae6</color>
              <width>4</width>
            </LineStyle>
            <PolyStyle>
              <color>cc006ae6</color>
            </PolyStyle>
          </Style>
          <LineString>
            <extrude>1</extrude>
            <tessellate>0</tessellate>
            <altitudeMode>absolute</altitudeMode>
            <coordinates>51.44893065,25.490415905,7.93 51.44891016,25.490448928,7.738 </coordinates>
          </LineString>
        </Placemark>
        <Placemark>
          <name><![CDATA[<span style="color:#e64e00">trkpt 92</span>]]></name>
          <Style>
            <LineStyle>
              <color>ff004ee6</color>
              <width>4</width>
            </LineStyle>
            <PolyStyle>
              <color>cc004ee6</color>
            </PolyStyle>
          </Style>
          <LineString>
            <extrude>1</extrude>
            <tessellate>0</tessellate>
            <altitudeMode>absolute</altitudeMode>
            <coordinates>51.44891016,25.490448928,7.738 51.448889373,25.490482273,7.527 </coordinates>
          </LineString>
        </Placemark>
        <Placemark>
          <name><![CDATA[<span style="color:#e63000">trkpt 93</span>]]></name>
          <Style>
            <LineStyle>
              <color>ff0030e6</color>
              <width>4</width>
            </LineStyle>
            <PolyStyle>
              <color>cc0030e6</color>
            </PolyStyle>
          </Style>
          <LineString>
            <extrude>1</extrude>
            <tessellate>0</tessellate>
            <altitudeMode>absolute</altitudeMode>
            <coordinates>51.448889373,25.490482273,7.527 51.44886859,25.49051584,7.349 </coordinates>
          </LineString>
        </Placemark>
        <Placemark>
          <name><![CDATA[<span style="color:#e61700">trkpt 94</span>]]></name>
          <Style>
            <LineStyle>
              <color>ff0017e6</color>
              <width>4</width>
            </LineStyle>
            <PolyStyle>
              <color>cc0017e6</color>
            </PolyStyle>
          </Style>
          <LineString>
            <extrude>1</extrude>
            <tessellate>0</tessellate>
            <altitudeMode>absolute</altitudeMode>
            <coordinates>51.44886859,25.49051584,7.349 51.448847715,25.490549603,7.188 </coordinates>
          </LineString>
        </Placemark>
        <Placemark>
          <name><![CDATA[<span style="color:#e60000">trkpt 95</span>]]></name>
          <Style>
            <LineStyle>
              <color>ff0000e6</color>
              <width>4</width>
            </LineStyle>
            <PolyStyle>
              <color>cc0000e6</color>
            </PolyStyle>
          </Style>
          <LineString>
            <extrude>1</extrude>
            <tessellate>0</tessellate>
            <altitudeMode>absolute</altitudeMode>
            <coordinates>51.448847715,25.490549603,7.188 51.448826713,25.490583535,7.224 </coordinates>
          </LineString>
        </Placemark>
        <Placemark>
          <name><![CDATA[<span style="color:#e60500">trkpt 96</span>]]></name>
          <Style>
            <LineStyle>
              <color>ff0005e6</color>
              <width>4</width>
            </LineStyle>
            <PolyStyle>
              <color>cc0005e6</color>
            </PolyStyle>
          </Style>
          <LineString>
            <extrude>1</extrude>
            <tessellate>0</tessellate>
            <altitudeMode>absolute</altitudeMode>
            <coordinates>51.448826713,25.490583535,7.224 51.448805678,25.490617438,7.3 </coordinates>
          </LineString>
        </Placemark>
        <Placemark>
          <name><![CDATA[<span style="color:#e61000">trkpt 97</span>]]></name>
          <Style>
            <LineStyle>
              <color>ff0010e6</color>
              <width>4</width>
            </LineStyle>
            <PolyStyle>
              <color>cc0010e6</color>
            </PolyStyle>
          </Style>
          <LineString>
            <extrude>1</extrude>
            <tessellate>0</tessellate>
            <altitudeMode>absolute</altitudeMode>
            <coordinates>51.448805678,25.490617438,7.3 51.448784548,25.490651675,7.376 </coordinates>
          </LineString>
        </Placemark>
        <Placemark>
          <name><![CDATA[<span style="color:#e61c00">trkpt 98</span>]]></name>
          <Style>
            <LineStyle>
              <color>ff001ce6</color>
              <width>4</width>
            </LineStyle>
            <PolyStyle>
              <color>cc001ce6</color>
            </PolyStyle>
          </Style>
          <LineString>
            <extrude>1</extrude>
            <tessellate>0</tessellate>
            <altitudeMode>absolute</altitudeMode>
            <coordinates>51.448784548,25.490651675,7.376 51.44876346,25.490685952,7.452 </coordinates>
          </LineString>
        </Placemark>
        <Placemark>
          <name><![CDATA[<span style="color:#e62500">trkpt 99</span>]]></name>
          <Style>
            <LineStyle>
              <color>ff0025e6</color>
              <width>4</width>
            </LineStyle>
            <PolyStyle>
              <color>cc0025e6</color>
            </PolyStyle>
          </Style>
          <LineString>
            <extrude>1</extrude>
            <tessellate>0</tessellate>
            <altitudeMode>absolute</altitudeMode>
            <coordinates>51.44876346,25.490685952,7.452 51.44874223,25.490720448,7.528 </coordinates>
          </LineString>
        </Placemark>
        <Placemark>
          <name><![CDATA[<span style="color:#e63000">trkpt 100</span>]]></name>
          <Style>
            <LineStyle>
              <color>ff0030e6</color>
              <width>4</width>
            </LineStyle>
            <PolyStyle>
              <color>cc0030e6</color>
            </PolyStyle>
          </Style>
          <LineString>
            <extrude>1</extrude>
            <tessellate>0</tessellate>
            <altitudeMode>absolute</altitudeMode>
            <coordinates>51.44874223,25.490720448,7.528 51.448720938,25.490755158,7.605 </coordinates>
          </LineString>
        </Placemark>
        <Placemark>
          <name><![CDATA[<span style="color:#e63c00">trkpt 101</span>]]></name>
          <Style>
            <LineStyle>
              <color>ff003ce6</color>
              <width>4</width>
            </LineStyle>
            <PolyStyle>
              <color>cc003ce6</color>
            </PolyStyle>
          </Style>
          <LineString>
            <extrude>1</extrude>
            <tessellate>0</tessellate>
            <altitudeMode>absolute</altitudeMode>
            <coordinates>51.448720938,25.490755158,7.605 51.448699462,25.490789905,7.682 </coordinates>
          </LineString>
        </Placemark>
        <Placemark>
          <name><![CDATA[<span style="color:#e64700">trkpt 102</span>]]></name>
          <Style>
            <LineStyle>
              <color>ff0047e6</color>
              <width>4</width>
            </LineStyle>
            <PolyStyle>
              <color>cc0047e6</color>
            </PolyStyle>
          </Style>
          <LineString>
            <extrude>1</extrude>
            <tessellate>0</tessellate>
            <altitudeMode>absolute</altitudeMode>
            <coordinates>51.448699462,25.490789905,7.682 51.448678062,25.490824865,7.759 </coordinates>
          </LineString>
        </Placemark>
        <Placemark>
          <name><![CDATA[<span style="color:#e65000">trkpt 103</span>]]></name>
          <Style>
            <LineStyle>
              <color>ff0050e6</color>
              <width>4</width>
            </LineStyle>
            <PolyStyle>
              <color>cc0050e6</color>
            </PolyStyle>
          </Style>
          <LineString>
            <extrude>1</extrude>
            <tessellate>0</tessellate>
            <altitudeMode>absolute</altitudeMode>
            <coordinates>51.448678062,25.490824865,7.759 51.4486564,25.490859757,8.027 </coordinates>
          </LineString>
        </Placemark>
        <Placemark>
          <name><![CDATA[<span style="color:#e67800">trkpt 104</span>]]></name>
          <Style>
            <LineStyle>
              <color>ff0078e6</color>
              <width>4</width>
            </LineStyle>
            <PolyStyle>
              <color>cc0078e6</color>
            </PolyStyle>
          </Style>
          <LineString>
            <extrude>1</extrude>
            <tessellate>0</tessellate>
            <altitudeMode>absolute</altitudeMode>
            <coordinates>51.4486564,25.490859757,8.027 51.448634842,25.490894673,8.356 </coordinates>
          </LineString>
        </Placemark>
        <Placemark>
          <name><![CDATA[<span style="color:#e6a800">trkpt 105</span>]]></name>
          <Style>
            <LineStyle>
              <color>ff00a8e6</color>
              <width>4</width>
            </LineStyle>
            <PolyStyle>
              <color>cc00a8e6</color>
            </PolyStyle>
          </Style>
          <LineString>
            <extrude>1</extrude>
            <tessellate>0</tessellate>
            <altitudeMode>absolute</altitudeMode>
            <coordinates>51.448634842,25.490894673,8.356 51.448613205,25.49092984,8.687 </coordinates>
          </LineString>
        </Placemark>
        <Placemark>
          <name><![CDATA[<span style="color:#e6d600">trkpt 106</span>]]></name>
          <Style>
            <LineStyle>
              <color>ff00d6e6</color>
              <width>4</width>
            </LineStyle>
            <PolyStyle>
              <color>cc00d6e6</color>
            </PolyStyle>
          </Style>
          <LineString>
            <extrude>1</extrude>
            <tessellate>0</tessellate>
            <altitudeMode>absolute</altitudeMode>
            <coordinates>51.448613205,25.49092984,8.687 51.448591553,25.490965007,8.985 </coordinates>
          </LineString>
        </Placemark>
        <Placemark>
          <name><![CDATA[<span style="color:#c9e600">trkpt 107</span>]]></name>
          <Style>
            <LineStyle>
              <color>ff00e6c9</color>
              <width>4</width>
            </LineStyle>
            <PolyStyle>
              <color>cc00e6c9</color>
            </PolyStyle>
          </Style>
          <LineString>
            <extrude>1</extrude>
            <tessellate>0</tessellate>
            <altitudeMode>absolute</altitudeMode>
            <coordinates>51.448591553,25.490965007,8.985 51.448569808,25.491000358,9.262 </coordinates>
          </LineString>
        </Placemark>
        <Placemark>
          <name><![CDATA[<span style="color:#a2e600">trkpt 108</span>]]></name>
          <Style>
            <LineStyle>
              <color>ff00e6a2</color>
              <width>4</width>
            </LineStyle>
            <PolyStyle>
              <color>cc00e6a2</color>
            </PolyStyle>
          </Style>
          <LineString>
            <extrude>1</extrude>
            <tessellate>0</tessellate>
            <altitudeMode>absolute</altitudeMode>
            <coordinates>51.448569808,25.491000358,9.262 51.448548175,25.491035788,9.519 </coordinates>
          </LineString>
        </Placemark>
        <Placemark>
          <name><![CDATA[<span style="color:#7ee600">trkpt 109</span>]]></name>
          <Style>
            <LineStyle>
              <color>ff00e67e</color>
              <width>4</width>
            </LineStyle>
            <PolyStyle>
              <color>cc00e67e</color>
            </PolyStyle>
          </Style>
          <LineString>
            <extrude>1</extrude>
            <tessellate>0</tessellate>
            <altitudeMode>absolute</altitudeMode>
            <coordinates>51.448548175,25.491035788,9.519 51.448526485,25.491071197,9.756 </coordinates>
          </LineString>
        </Placemark>
        <Placemark>
          <name><![CDATA[<span style="color:#5de600">trkpt 110</span>]]></name>
          <Style>
            <LineStyle>
              <color>ff00e65d</color>
              <width>4</width>
            </LineStyle>
            <PolyStyle>
              <color>cc00e65d</color>
            </PolyStyle>
          </Style>
          <LineString>
            <extrude>1</extrude>
            <tessellate>0</tessellate>
            <altitudeMode>absolute</altitudeMode>
            <coordinates>51.448526485,25.491071197,9.756 51.448504643,25.491106677,9.974 </coordinates>
          </LineString>
        </Placemark>
        <Placemark>
          <name><![CDATA[<span style="color:#3de600">trkpt 111</span>]]></name>
          <Style>
            <LineStyle>
              <color>ff00e63d</color>
              <width>4</width>
            </LineStyle>
            <PolyStyle>
              <color>cc00e63d</color>
            </PolyStyle>
          </Style>
          <LineString>
            <extrude>1</extrude>
            <tessellate>0</tessellate>
            <altitudeMode>absolute</altitudeMode>
            <coordinates>51.448504643,25.491106677,9.974 51.448482752,25.4911422,10.172 </coordinates>
          </LineString>
        </Placemark>
        <Placemark>
          <name><![CDATA[<span style="color:#22e600">trkpt 112</span>]]></name>
          <Style>
            <LineStyle>
              <color>ff00e622</color>
              <width>4</width>
            </LineStyle>
            <PolyStyle>
              <color>cc00e622</color>
            </PolyStyle>
          </Style>
          <LineString>
            <extrude>1</extrude>
            <tessellate>0</tessellate>
            <altitudeMode>absolute</altitudeMode>
            <coordinates>51.448482752,25.4911422,10.172 51.448460823,25.4911778,10.35 </coordinates>
          </LineString>
        </Placemark>
        <Placemark>
          <name><![CDATA[<span style="color:#08e600">trkpt 113</span>]]></name>
          <Style>
            <LineStyle>
              <color>ff00e608</color>
              <width>4</width>
            </LineStyle>
            <PolyStyle>
              <color>cc00e608</color>
            </PolyStyle>
          </Style>
          <LineString>
            <extrude>1</extrude>
            <tessellate>0</tessellate>
            <altitudeMode>absolute</altitudeMode>
            <coordinates>51.448460823,25.4911778,10.35 51.448439123,25.491213332,10.508 </coordinates>
          </LineString>
        </Placemark>
        <Placemark>
          <name><![CDATA[<span style="color:#00e60f">trkpt 114</span>]]></name>
          <Style>
            <LineStyle>
              <color>ff0fe600</color>
              <width>4</width>
            </LineStyle>
            <PolyStyle>
              <color>cc0fe600</color>
            </PolyStyle>
          </Style>
          <LineString>
            <extrude>1</extrude>
            <tessellate>0</tessellate>
            <altitudeMode>absolute</altitudeMode>
            <coordinates>51.448439123,25.491213332,10.508 51.448417203,25.491249033,10.646 </coordinates>
          </LineString>
        </Placemark>
        <Placemark>
          <name><![CDATA[<span style="color:#00e623">trkpt 115</span>]]></name>
          <Style>
            <LineStyle>
              <color>ff23e600</color>
              <width>4</width>
            </LineStyle>
            <PolyStyle>
              <color>cc23e600</color>
            </PolyStyle>
          </Style>
          <LineString>
            <extrude>1</extrude>
            <tessellate>0</tessellate>
            <altitudeMode>absolute</altitudeMode>
            <coordinates>51.448417203,25.491249033,10.646 51.44839536,25.491284583,10.764 </coordinates>
          </LineString>
        </Placemark>
        <Placemark>
          <name><![CDATA[<span style="color:#00e634">trkpt 116</span>]]></name>
          <Style>
            <LineStyle>
              <color>ff34e600</color>
              <width>4</width>
            </LineStyle>
            <PolyStyle>
              <color>cc34e600</color>
            </PolyStyle>
          </Style>
          <LineString>
            <extrude>1</extrude>
            <tessellate>0</tessellate>
            <altitudeMode>absolute</altitudeMode>
            <coordinates>51.44839536,25.491284583,10.764 51.448373418,25.491320117,10.861 </coordinates>
          </LineString>
        </Placemark>
        <Placemark>
          <name><![CDATA[<span style="color:#00e641">trkpt 117</span>]]></name>
          <Style>
            <LineStyle>
              <color>ff41e600</color>
              <width>4</width>
            </LineStyle>
            <PolyStyle>
              <color>cc41e600</color>
            </PolyStyle>
          </Style>
          <LineString>
            <extrude>1</extrude>
            <tessellate>0</tessellate>
            <altitudeMode>absolute</altitudeMode>
            <coordinates>51.448373418,25.491320117,10.861 51.448351512,25.491355762,10.938 </coordinates>
          </LineString>
        </Placemark>
        <Placemark>
          <name><![CDATA[<span style="color:#00e64d">trkpt 118</span>]]></name>
          <Style>
            <LineStyle>
              <color>ff4de600</color>
              <width>4</width>
            </LineStyle>
            <PolyStyle>
              <color>cc4de600</color>
            </PolyStyle>
          </Style>
          <LineString>
            <extrude>1</extrude>
            <tessellate>0</tessellate>
            <altitudeMode>absolute</altitudeMode>
            <coordinates>51.448351512,25.491355762,10.938 51.448329495,25.491391255,10.995 </coordinates>
          </LineString>
        </Placemark>
        <Placemark>
          <name><![CDATA[<span style="color:#00e654">trkpt 119</span>]]></name>
          <Style>
            <LineStyle>
              <color>ff54e600</color>
              <width>4</width>
            </LineStyle>
            <PolyStyle>
              <color>cc54e600</color>
            </PolyStyle>
          </Style>
          <LineString>
            <extrude>1</extrude>
            <tessellate>0</tessellate>
            <altitudeMode>absolute</altitudeMode>
            <coordinates>51.448329495,25.491391255,10.995 51.448307603,25.491426612,11.043 </coordinates>
          </LineString>
        </Placemark>
        <Placemark>
          <name><![CDATA[<span style="color:#00e65b">trkpt 120</span>]]></name>
          <Style>
            <LineStyle>
              <color>ff5be600</color>
              <width>4</width>
            </LineStyle>
            <PolyStyle>
              <color>cc5be600</color>
            </PolyStyle>
          </Style>
          <LineString>
            <extrude>1</extrude>
            <tessellate>0</tessellate>
            <altitudeMode>absolute</altitudeMode>
            <coordinates>51.448307603,25.491426612,11.043 51.448285708,25.491461913,11.091 </coordinates>
          </LineString>
        </Placemark>
        <Placemark>
          <name><![CDATA[<span style="color:#00e662">trkpt 121</span>]]></name>
          <Style>
            <LineStyle>
              <color>ff62e600</color>
              <width>4</width>
            </LineStyle>
            <PolyStyle>
              <color>cc62e600</color>
            </PolyStyle>
          </Style>
          <LineString>
            <extrude>1</extrude>
            <tessellate>0</tessellate>
            <altitudeMode>absolute</altitudeMode>
            <coordinates>51.448285708,25.491461913,11.091 51.448263917,25.491497045,11.139 </coordinates>
          </LineString>
        </Placemark>
        <Placemark>
          <name><![CDATA[<span style="color:#00e668">trkpt 122</span>]]></name>
          <Style>
            <LineStyle>
              <color>ff68e600</color>
              <width>4</width>
            </LineStyle>
            <PolyStyle>
              <color>cc68e600</color>
            </PolyStyle>
          </Style>
          <LineString>
            <extrude>1</extrude>
            <tessellate>0</tessellate>
            <altitudeMode>absolute</altitudeMode>
            <coordinates>51.448263917,25.491497045,11.139 51.448242217,25.49153195,11.187 </coordinates>
          </LineString>
        </Placemark>
        <Placemark>
          <name><![CDATA[<span style="color:#00e66f">trkpt 123</span>]]></name>
          <Style>
            <LineStyle>
              <color>ff6fe600</color>
              <width>4</width>
            </LineStyle>
            <PolyStyle>
              <color>cc6fe600</color>
            </PolyStyle>
          </Style>
          <LineString>
            <extrude>1</extrude>
            <tessellate>0</tessellate>
            <altitudeMode>absolute</altitudeMode>
            <coordinates>51.448242217,25.49153195,11.187 51.448220552,25.491566715,11.234 </coordinates>
          </LineString>
        </Placemark>
        <Placemark>
          <name><![CDATA[<span style="color:#00e676">trkpt 124</span>]]></name>
          <Style>
            <LineStyle>
              <color>ff76e600</color>
              <width>4</width>
            </LineStyle>
            <PolyStyle>
              <color>cc76e600</color>
            </PolyStyle>
          </Style>
          <LineString>
            <extrude>1</extrude>
            <tessellate>0</tessellate>
            <altitudeMode>absolute</altitudeMode>
            <coordinates>51.448220552,25.491566715,11.234 51.448199055,25.491601363,11.282 </coordinates>
          </LineString>
        </Placemark>
        <Placemark>
          <name><![CDATA[<span style="color:#00e67d">trkpt 125</span>]]></name>
          <Style>
            <LineStyle>
              <color>ff7de600</color>
              <width>4</width>
            </LineStyle>
            <PolyStyle>
              <color>cc7de600</color>
            </PolyStyle>
          </Style>
          <LineString>
            <extrude>1</extrude>
            <tessellate>0</tessellate>
            <altitudeMode>absolute</altitudeMode>
            <coordinates>51.448199055,25.491601363,11.282 51.448177613,25.491635862,11.329 </coordinates>
          </LineString>
        </Placemark>
        <Placemark>
          <name><![CDATA[<span style="color:#00e684">trkpt 126</span>]]></name>
          <Style>
            <LineStyle>
              <color>ff84e600</color>
              <width>4</width>
            </LineStyle>
            <PolyStyle>
              <color>cc84e600</color>
            </PolyStyle>
          </Style>
          <LineString>
            <extrude>1</extrude>
            <tessellate>0</tessellate>
            <altitudeMode>absolute</altitudeMode>
            <coordinates>51.448177613,25.491635862,11.329 51.448156238,25.491670145,11.35 </coordinates>
          </LineString>
        </Placemark>
        <Placemark>
          <name><![CDATA[<span style="color:#00e686">trkpt 127</span>]]></name>
          <Style>
            <LineStyle>
              <color>ff86e600</color>
              <width>4</width>
            </LineStyle>
            <PolyStyle>
              <color>cc86e600</color>
            </PolyStyle>
          </Style>
          <LineString>
            <extrude>1</extrude>
            <tessellate>0</tessellate>
            <altitudeMode>absolute</altitudeMode>
            <coordinates>51.448156238,25.491670145,11.35 51.448134917,25.491704272,11.15 </coordinates>
          </LineString>
        </Placemark>
        <Placemark>
          <name><![CDATA[<span style="color:#00e66b">trkpt 128</span>]]></name>
          <Style>
            <LineStyle>
              <color>ff6be600</color>
              <width>4</width>
            </LineStyle>
            <PolyStyle>
              <color>cc6be600</color>
            </PolyStyle>
          </Style>
          <LineString>
            <extrude>1</extrude>
            <tessellate>0</tessellate>
            <altitudeMode>absolute</altitudeMode>
            <coordinates>51.448134917,25.491704272,11.15 51.448113737,25.491738342,10.951 </coordinates>
          </LineString>
        </Placemark>
        <Placemark>
          <name><![CDATA[<span style="color:#00e64f">trkpt 129</span>]]></name>
          <Style>
            <LineStyle>
              <color>ff4fe600</color>
              <width>4</width>
            </LineStyle>
            <PolyStyle>
              <color>cc4fe600</color>
            </PolyStyle>
          </Style>
          <LineString>
            <extrude>1</extrude>
            <tessellate>0</tessellate>
            <altitudeMode>absolute</altitudeMode>
            <coordinates>51.448113737,25.491738342,10.951 51.448092725,25.491772242,10.754 </coordinates>
          </LineString>
        </Placemark>
        <Placemark>
          <name><![CDATA[<span style="color:#00e631">trkpt 130</span>]]></name>
          <Style>
            <LineStyle>
              <color>ff31e600</color>
              <width>4</width>
            </LineStyle>
            <PolyStyle>
              <color>cc31e600</color>
            </PolyStyle>
          </Style>
          <LineString>
            <extrude>1</extrude>
            <tessellate>0</tessellate>
            <altitudeMode>absolute</altitudeMode>
            <coordinates>51.448092725,25.491772242,10.754 51.448071728,25.491805795,10.557 </coordinates>
          </LineString>
        </Placemark>
        <Placemark>
          <name><![CDATA[<span style="color:#00e616">trkpt 131</span>]]></name>
          <Style>
            <LineStyle>
              <color>ff16e600</color>
              <width>4</width>
            </LineStyle>
            <PolyStyle>
              <color>cc16e600</color>
            </PolyStyle>
          </Style>
          <LineString>
            <extrude>1</extrude>
            <tessellate>0</tessellate>
            <altitudeMode>absolute</altitudeMode>
            <coordinates>51.448071728,25.491805795,10.557 51.448050988,25.491839252,10.389 </coordinates>
          </LineString>
        </Placemark>
        <Placemark>
          <name><![CDATA[<span style="color:#01e600">trkpt 132</span>]]></name>
          <Style>
            <LineStyle>
              <color>ff00e601</color>
              <width>4</width>
            </LineStyle>
            <PolyStyle>
              <color>cc00e601</color>
            </PolyStyle>
          </Style>
          <LineString>
            <extrude>1</extrude>
            <tessellate>0</tessellate>
            <altitudeMode>absolute</altitudeMode>
            <coordinates>51.448050988,25.491839252,10.389 51.448030325,25.49187254,10.326 </coordinates>
          </LineString>
        </Placemark>
        <Placemark>
          <name><![CDATA[<span style="color:#0be600">trkpt 133</span>]]></name>
          <Style>
            <LineStyle>
              <color>ff00e60b</color>
              <width>4</width>
            </LineStyle>
            <PolyStyle>
              <color>cc00e60b</color>
            </PolyStyle>
          </Style>
          <LineString>
            <extrude>1</extrude>
            <tessellate>0</tessellate>
            <altitudeMode>absolute</altitudeMode>
            <coordinates>51.448030325,25.49187254,10.326 51.448009752,25.491905672,10.281 </coordinates>
          </LineString>
        </Placemark>
        <Placemark>
          <name><![CDATA[<span style="color:#11e600">trkpt 134</span>]]></name>
          <Style>
            <LineStyle>
              <color>ff00e611</color>
              <width>4</width>
            </LineStyle>
            <PolyStyle>
              <color>cc00e611</color>
            </PolyStyle>
          </Style>
          <LineString>
            <extrude>1</extrude>
            <tessellate>0</tessellate>
            <altitudeMode>absolute</altitudeMode>
            <coordinates>51.448009752,25.491905672,10.281 51.447989478,25.49193847,10.254 </coordinates>
          </LineString>
        </Placemark>
        <Placemark>
          <name><![CDATA[<span style="color:#16e600">trkpt 135</span>]]></name>
          <Style>
            <LineStyle>
              <color>ff00e616</color>
              <width>4</width>
            </LineStyle>
            <PolyStyle>
              <color>cc00e616</color>
            </PolyStyle>
          </Style>
          <LineString>
            <extrude>1</extrude>
            <tessellate>0</tessellate>
            <altitudeMode>absolute</altitudeMode>
            <coordinates>51.447989478,25.49193847,10.254 51.447969305,25.491971252,10.281 </coordinates>
          </LineString>
        </Placemark>
        <Placemark>
          <name><![CDATA[<span style="color:#11e600">trkpt 136</span>]]></name>
          <Style>
            <LineStyle>
              <color>ff00e611</color>
              <width>4</width>
            </LineStyle>
            <PolyStyle>
              <color>cc00e611</color>
            </PolyStyle>
          </Style>
          <LineString>
            <extrude>1</extrude>
            <tessellate>0</tessellate>
            <altitudeMode>absolute</altitudeMode>
            <coordinates>51.447969305,25.491971252,10.281 51.447949423,25.49200375,10.301 </coordinates>
          </LineString>
        </Placemark>
        <Placemark>
          <name><![CDATA[<span style="color:#0fe600">trkpt 137</span>]]></name>
          <Style>
            <LineStyle>
              <color>ff00e60f</color>
              <width>4</width>
            </LineStyle>
            <PolyStyle>
              <color>cc00e60f</color>
            </PolyStyle>
          </Style>
          <LineString>
            <extrude>1</extrude>
            <tessellate>0</tessellate>
            <altitudeMode>absolute</altitudeMode>
            <coordinates>51.447949423,25.49200375,10.301 51.447929638,25.492036023,10.304 </coordinates>
          </LineString>
        </Placemark>
        <Placemark>
          <name><![CDATA[<span style="color:#0fe600">trkpt 138</span>]]></name>
          <Style>
            <LineStyle>
              <color>ff00e60f</color>
              <width>4</width>
            </LineStyle>
            <PolyStyle>
              <color>cc00e60f</color>
            </PolyStyle>
          </Style>
          <LineString>
            <extrude>1</extrude>
            <tessellate>0</tessellate>
            <altitudeMode>absolute</altitudeMode>
            <coordinates>51.447929638,25.492036023,10.304 51.447910115,25.492068385,10.29 </coordinates>
          </LineString>
        </Placemark>
        <Placemark>
          <name><![CDATA[<span style="color:#0fe600">trkpt 139</span>]]></name>
          <Style>
            <LineStyle>
              <color>ff00e60f</color>
              <width>4</width>
            </LineStyle>
            <PolyStyle>
              <color>cc00e60f</color>
            </PolyStyle>
          </Style>
          <LineString>
            <extrude>1</extrude>
            <tessellate>0</tessellate>
            <altitudeMode>absolute</altitudeMode>
            <coordinates>51.447910115,25.492068385,10.29 51.447890818,25.492100385,10.26 </coordinates>
          </LineString>
        </Placemark>
        <Placemark>
          <name><![CDATA[<span style="color:#14e600">trkpt 140</span>]]></name>
          <Style>
            <LineStyle>
              <color>ff00e614</color>
              <width>4</width>
            </LineStyle>
            <PolyStyle>
              <color>cc00e614</color>
            </PolyStyle>
          </Style>
          <LineString>
            <extrude>1</extrude>
            <tessellate>0</tessellate>
            <altitudeMode>absolute</altitudeMode>
            <coordinates>51.447890818,25.492100385,10.26 51.447871785,25.492132262,10.214 </coordinates>
          </LineString>
        </Placemark>
        <Placemark>
          <name><![CDATA[<span style="color:#1be600">trkpt 141</span>]]></name>
          <Style>
            <LineStyle>
              <color>ff00e61b</color>
              <width>4</width>
            </LineStyle>
            <PolyStyle>
              <color>cc00e61b</color>
            </PolyStyle>
          </Style>
          <LineString>
            <extrude>1</extrude>
            <tessellate>0</tessellate>
            <altitudeMode>absolute</altitudeMode>
            <coordinates>51.447871785,25.492132262,10.214 51.44785286,25.492163997,10.153 </coordinates>
          </LineString>
        </Placemark>
        <Placemark>
          <name><![CDATA[<span style="color:#24e600">trkpt 142</span>]]></name>
          <Style>
            <LineStyle>
              <color>ff00e624</color>
              <width>4</width>
            </LineStyle>
            <PolyStyle>
              <color>cc00e624</color>
            </PolyStyle>
          </Style>
          <LineString>
            <extrude>1</extrude>
            <tessellate>0</tessellate>
            <altitudeMode>absolute</altitudeMode>
            <coordinates>51.44785286,25.492163997,10.153 51.447834207,25.492195465,10.077 </coordinates>
          </LineString>
        </Placemark>
        <Placemark>
          <name><![CDATA[<span style="color:#2fe600">trkpt 143</span>]]></name>
          <Style>
            <LineStyle>
              <color>ff00e62f</color>
              <width>4</width>
            </LineStyle>
            <PolyStyle>
              <color>cc00e62f</color>
            </PolyStyle>
          </Style>
          <LineString>
            <extrude>1</extrude>
            <tessellate>0</tessellate>
            <altitudeMode>absolute</altitudeMode>
            <coordinates>51.447834207,25.492195465,10.077 51.447815603,25.492226773,10.016 </coordinates>
          </LineString>
        </Placemark>
        <Placemark>
          <name><![CDATA[<span style="color:#36e600">trkpt 144</span>]]></name>
          <Style>
            <LineStyle>
              <color>ff00e636</color>
              <width>4</width>
            </LineStyle>
            <PolyStyle>
              <color>cc00e636</color>
            </PolyStyle>
          </Style>
          <LineString>
            <extrude>1</extrude>
            <tessellate>0</tessellate>
            <altitudeMode>absolute</altitudeMode>
            <coordinates>51.447815603,25.492226773,10.016 51.447797383,25.492257957,10.129 </coordinates>
          </LineString>
        </Placemark>
        <Placemark>
          <name><![CDATA[<span style="color:#26e600">trkpt 145</span>]]></name>
          <Style>
            <LineStyle>
              <color>ff00e626</color>
              <width>4</width>
            </LineStyle>
            <PolyStyle>
              <color>cc00e626</color>
            </PolyStyle>
          </Style>
          <LineString>
            <extrude>1</extrude>
            <tessellate>0</tessellate>
            <altitudeMode>absolute</altitudeMode>
            <coordinates>51.447797383,25.492257957,10.129 51.44777918,25.49228898,10.24 </coordinates>
          </LineString>
        </Placemark>
        <Placemark>
          <name><![CDATA[<span style="color:#16e600">trkpt 146</span>]]></name>
          <Style>
            <LineStyle>
              <color>ff00e616</color>
              <width>4</width>
            </LineStyle>
            <PolyStyle>
              <color>cc00e616</color>
            </PolyStyle>
          </Style>
          <LineString>
            <extrude>1</extrude>
            <tessellate>0</tessellate>
            <altitudeMode>absolute</altitudeMode>
            <coordinates>51.44777918,25.49228898,10.24 51.447761542,25.492319982,10.39 </coordinates>
          </LineString>
        </Placemark>
        <Placemark>
          <name><![CDATA[<span style="color:#01e600">trkpt 147</span>]]></name>
          <Style>
            <LineStyle>
              <color>ff00e601</color>
              <width>4</width>
            </LineStyle>
            <PolyStyle>
              <color>cc00e601</color>
            </PolyStyle>
          </Style>
          <LineString>
            <extrude>1</extrude>
            <tessellate>0</tessellate>
            <altitudeMode>absolute</altitudeMode>
            <coordinates>51.447761542,25.492319982,10.39 51.447744157,25.492350828,10.528 </coordinates>
          </LineString>
        </Placemark>
        <Placemark>
          <name><![CDATA[<span style="color:#00e611">trkpt 148</span>]]></name>
          <Style>
            <LineStyle>
              <color>ff11e600</color>
              <width>4</width>
            </LineStyle>
            <PolyStyle>
              <color>cc11e600</color>
            </PolyStyle>
          </Style>
          <LineString>
            <extrude>1</extrude>
            <tessellate>0</tessellate>
            <altitudeMode>absolute</altitudeMode>
            <coordinates>51.447744157,25.492350828,10.528 51.447727125,25.492381553,10.651 </coordinates>
          </LineString>
        </Placemark>
        <Placemark>
          <name><![CDATA[<span style="color:#00e623">trkpt 149</span>]]></name>
          <Style>
            <LineStyle>
              <color>ff23e600</color>
              <width>4</width>
            </LineStyle>
            <PolyStyle>
              <color>cc23e600</color>
            </PolyStyle>
          </Style>
          <LineString>
            <extrude>1</extrude>
            <tessellate>0</tessellate>
            <altitudeMode>absolute</altitudeMode>
            <coordinates>51.447727125,25.492381553,10.651 51.447710562,25.492412295,10.761 </coordinates>
          </LineString>
        </Placemark>
        <Placemark>
          <name><![CDATA[<span style="color:#00e634">trkpt 150</span>]]></name>
          <Style>
            <LineStyle>
              <color>ff34e600</color>
              <width>4</width>
            </LineStyle>
            <PolyStyle>
              <color>cc34e600</color>
            </PolyStyle>
          </Style>
          <LineString>
            <extrude>1</extrude>
            <tessellate>0</tessellate>
            <altitudeMode>absolute</altitudeMode>
            <coordinates>51.447710562,25.492412295,10.761 51.447694263,25.492442913,10.856 </coordinates>
          </LineString>
        </Placemark>
        <Placemark>
          <name><![CDATA[<span style="color:#00e641">trkpt 151</span>]]></name>
          <Style>
            <LineStyle>
              <color>ff41e600</color>
              <width>4</width>
            </LineStyle>
            <PolyStyle>
              <color>cc41e600</color>
            </PolyStyle>
          </Style>
          <LineString>
            <extrude>1</extrude>
            <tessellate>0</tessellate>
            <altitudeMode>absolute</altitudeMode>
            <coordinates>51.447694263,25.492442913,10.856 51.447678345,25.492473458,10.939 </coordinates>
          </LineString>
        </Placemark>
        <Placemark>
          <name><![CDATA[<span style="color:#00e64d">trkpt 152</span>]]></name>
          <Style>
            <LineStyle>
              <color>ff4de600</color>
              <width>4</width>
            </LineStyle>
            <PolyStyle>
              <color>cc4de600</color>
            </PolyStyle>
          </Style>
          <LineString>
            <extrude>1</extrude>
            <tessellate>0</tessellate>
            <altitudeMode>absolute</altitudeMode>
            <coordinates>51.447678345,25.492473458,10.939 51.447662933,25.492503965,10.994 </coordinates>
          </LineString>
        </Placemark>
        <Placemark>
          <name><![CDATA[<span style="color:#00e654">trkpt 153</span>]]></name>
          <Style>
            <LineStyle>
              <color>ff54e600</color>
              <width>4</width>
            </LineStyle>
            <PolyStyle>
              <color>cc54e600</color>
            </PolyStyle>
          </Style>
          <LineString>
            <extrude>1</extrude>
            <tessellate>0</tessellate>
            <altitudeMode>absolute</altitudeMode>
            <coordinates>51.447662933,25.492503965,10.994 51.447647975,25.492534438,10.942 </coordinates>
          </LineString>
        </Placemark>
        <Placemark>
          <name><![CDATA[<span style="color:#00e64d">trkpt 154</span>]]></name>
          <Style>
            <LineStyle>
              <color>ff4de600</color>
              <width>4</width>
            </LineStyle>
            <PolyStyle>
              <color>cc4de600</color>
            </PolyStyle>
          </Style>
          <LineString>
            <extrude>1</extrude>
            <tessellate>0</tessellate>
            <altitudeMode>absolute</altitudeMode>
            <coordinates>51.447647975,25.492534438,10.942 51.447633767,25.492565013,10.879 </coordinates>
          </LineString>
        </Placemark>
        <Placemark>
          <name><![CDATA[<span style="color:#00e644">trkpt 155</span>]]></name>
          <Style>
            <LineStyle>
              <color>ff44e600</color>
              <width>4</width>
            </LineStyle>
            <PolyStyle>
              <color>cc44e600</color>
            </PolyStyle>
          </Style>
          <LineString>
            <extrude>1</extrude>
            <tessellate>0</tessellate>
            <altitudeMode>absolute</altitudeMode>
            <coordinates>51.447633767,25.492565013,10.879 51.44762032,25.492595562,10.805 </coordinates>
          </LineString>
        </Placemark>
        <Placemark>
          <name><![CDATA[<span style="color:#00e63a">trkpt 156</span>]]></name>
          <Style>
            <LineStyle>
              <color>ff3ae600</color>
              <width>4</width>
            </LineStyle>
            <PolyStyle>
              <color>cc3ae600</color>
            </PolyStyle>
          </Style>
          <LineString>
            <extrude>1</extrude>
            <tessellate>0</tessellate>
            <altitudeMode>absolute</altitudeMode>
            <coordinates>51.44762032,25.492595562,10.805 51.44760736,25.492626178,10.721 </coordinates>
          </LineString>
        </Placemark>
        <Placemark>
          <name><![CDATA[<span style="color:#00e62d">trkpt 157</span>]]></name>
          <Style>
            <LineStyle>
              <color>ff2de600</color>
              <width>4</width>
            </LineStyle>
            <PolyStyle>
              <color>cc2de600</color>
            </PolyStyle>
          </Style>
          <LineString>
            <extrude>1</extrude>
            <tessellate>0</tessellate>
            <altitudeMode>absolute</altitudeMode>
            <coordinates>51.44760736,25.492626178,10.721 51.447595113,25.492656798,10.629 </coordinates>
          </LineString>
        </Placemark>
        <Placemark>
          <name><![CDATA[<span style="color:#00e621">trkpt 158</span>]]></name>
          <Style>
            <LineStyle>
              <color>ff21e600</color>
              <width>4</width>
            </LineStyle>
            <PolyStyle>
              <color>cc21e600</color>
            </PolyStyle>
          </Style>
          <LineString>
            <extrude>1</extrude>
            <tessellate>0</tessellate>
            <altitudeMode>absolute</altitudeMode>
            <coordinates>51.447595113,25.492656798,10.629 51.447583743,25.492687487,10.529 </coordinates>
          </LineString>
        </Placemark>
        <Placemark>
          <name><![CDATA[<span style="color:#00e611">trkpt 159</span>]]></name>
          <Style>
            <LineStyle>
              <color>ff11e600</color>
              <width>4</width>
            </LineStyle>
            <PolyStyle>
              <color>cc11e600</color>
            </PolyStyle>
          </Style>
          <LineString>
            <extrude>1</extrude>
            <tessellate>0</tessellate>
            <altitudeMode>absolute</altitudeMode>
            <coordinates>51.447583743,25.492687487,10.529 51.447573322,25.49271799,10.422 </coordinates>
          </LineString>
        </Placemark>
        <Placemark>
          <name><![CDATA[<span style="color:#00e603">trkpt 160</span>]]></name>
          <Style>
            <LineStyle>
              <color>ff03e600</color>
              <width>4</width>
            </LineStyle>
            <PolyStyle>
              <color>cc03e600</color>
            </PolyStyle>
          </Style>
          <LineString>
            <extrude>1</extrude>
            <tessellate>0</tessellate>
            <altitudeMode>absolute</altitudeMode>
            <coordinates>51.447573322,25.49271799,10.422 51.447564105,25.492748583,10.312 </coordinates>
          </LineString>
        </Placemark>
        <Placemark>
          <name><![CDATA[<span style="color:#0de600">trkpt 161</span>]]></name>
          <Style>
            <LineStyle>
              <color>ff00e60d</color>
              <width>4</width>
            </LineStyle>
            <PolyStyle>
              <color>cc00e60d</color>
            </PolyStyle>
          </Style>
          <LineString>
            <extrude>1</extrude>
            <tessellate>0</tessellate>
            <altitudeMode>absolute</altitudeMode>
            <coordinates>51.447564105,25.492748583,10.312 51.44755614,25.492779118,10.199 </coordinates>
          </LineString>
        </Placemark>
        <Placemark>
          <name><![CDATA[<span style="color:#1de600">trkpt 162</span>]]></name>
          <Style>
            <LineStyle>
              <color>ff00e61d</color>
              <width>4</width>
            </LineStyle>
            <PolyStyle>
              <color>cc00e61d</color>
            </PolyStyle>
          </Style>
          <LineString>
            <extrude>1</extrude>
            <tessellate>0</tessellate>
            <altitudeMode>absolute</altitudeMode>
            <coordinates>51.44755614,25.492779118,10.199 51.4475496,25.492809618,10.105 </coordinates>
          </LineString>
        </Placemark>
        <Placemark>
          <name><![CDATA[<span style="color:#2be600">trkpt 163</span>]]></name>
          <Style>
            <LineStyle>
              <color>ff00e62b</color>
              <width>4</width>
            </LineStyle>
            <PolyStyle>
              <color>cc00e62b</color>
            </PolyStyle>
          </Style>
          <LineString>
            <extrude>1</extrude>
            <tessellate>0</tessellate>
            <altitudeMode>absolute</altitudeMode>
            <coordinates>51.4475496,25.492809618,10.105 51.447544452,25.492839915,10.008 </coordinates>
          </LineString>
        </Placemark>
        <Placemark>
          <name><![CDATA[<span style="color:#39e600">trkpt 164</span>]]></name>
          <Style>
            <LineStyle>
              <color>ff00e639</color>
              <width>4</width>
            </LineStyle>
            <PolyStyle>
              <color>cc00e639</color>
            </PolyStyle>
          </Style>
          <LineString>
            <extrude>1</extrude>
            <tessellate>0</tessellate>
            <altitudeMode>absolute</altitudeMode>
            <coordinates>51.447544452,25.492839915,10.008 51.44754094,25.492870342,9.912 </coordinates>
          </LineString>
        </Placemark>
        <Placemark>
          <name><![CDATA[<span style="color:#46e600">trkpt 165</span>]]></name>
          <Style>
            <LineStyle>
              <color>ff00e646</color>
              <width>4</width>
            </LineStyle>
            <PolyStyle>
              <color>cc00e646</color>
            </PolyStyle>
          </Style>
          <LineString>
            <extrude>1</extrude>
            <tessellate>0</tessellate>
            <altitudeMode>absolute</altitudeMode>
            <coordinates>51.44754094,25.492870342,9.912 51.44753905,25.492900527,9.823 </coordinates>
          </LineString>
        </Placemark>
        <Placemark>
          <name><![CDATA[<span style="color:#52e600">trkpt 166</span>]]></name>
          <Style>
            <LineStyle>
              <color>ff00e652</color>
              <width>4</width>
            </LineStyle>
            <PolyStyle>
              <color>cc00e652</color>
            </PolyStyle>
          </Style>
          <LineString>
            <extrude>1</extrude>
            <tessellate>0</tessellate>
            <altitudeMode>absolute</altitudeMode>
            <coordinates>51.44753905,25.492900527,9.823 51.447538965,25.492930883,9.744 </coordinates>
          </LineString>
        </Placemark>
        <Placemark>
          <name><![CDATA[<span style="color:#5de600">trkpt 167</span>]]></name>
          <Style>
            <LineStyle>
              <color>ff00e65d</color>
              <width>4</width>
            </LineStyle>
            <PolyStyle>
              <color>cc00e65d</color>
            </PolyStyle>
          </Style>
          <LineString>
            <extrude>1</extrude>
            <tessellate>0</tessellate>
            <altitudeMode>absolute</altitudeMode>
            <coordinates>51.447538965,25.492930883,9.744 51.447539932,25.492960652,9.675 </coordinates>
          </LineString>
        </Placemark>
        <Placemark>
          <name><![CDATA[<span style="color:#69e600">trkpt 168</span>]]></name>
          <Style>
            <LineStyle>
              <color>ff00e669</color>
              <width>4</width>
            </LineStyle>
            <PolyStyle>
              <color>cc00e669</color>
            </PolyStyle>
          </Style>
          <LineString>
            <extrude>1</extrude>
            <tessellate>0</tessellate>
            <altitudeMode>absolute</altitudeMode>
            <coordinates>51.447539932,25.492960652,9.675 51.4475428,25.492990145,9.625 </coordinates>
          </LineString>
        </Placemark>
        <Placemark>
          <name><![CDATA[<span style="color:#70e600">trkpt 169</span>]]></name>
          <Style>
            <LineStyle>
              <color>ff00e670</color>
              <width>4</width>
            </LineStyle>
            <PolyStyle>
              <color>cc00e670</color>
            </PolyStyle>
          </Style>
          <LineString>
            <extrude>1</extrude>
            <tessellate>0</tessellate>
            <altitudeMode>absolute</altitudeMode>
            <coordinates>51.4475428,25.492990145,9.625 51.44754717,25.493019295,9.596 </coordinates>
          </LineString>
        </Placemark>
        <Placemark>
          <name><![CDATA[<span style="color:#72e600">trkpt 170</span>]]></name>
          <Style>
            <LineStyle>
              <color>ff00e672</color>
              <width>4</width>
            </LineStyle>
            <PolyStyle>
              <color>cc00e672</color>
            </PolyStyle>
          </Style>
          <LineString>
            <extrude>1</extrude>
            <tessellate>0</tessellate>
            <altitudeMode>absolute</altitudeMode>
            <coordinates>51.44754717,25.493019295,9.596 51.447552965,25.493048262,9.588 </coordinates>
          </LineString>
        </Placemark>
        <Placemark>
          <name><![CDATA[<span style="color:#74e600">trkpt 171</span>]]></name>
          <Style>
            <LineStyle>
              <color>ff00e674</color>
              <width>4</width>
            </LineStyle>
            <PolyStyle>
              <color>cc00e674</color>
            </PolyStyle>
          </Style>
          <LineString>
            <extrude>1</extrude>
            <tessellate>0</tessellate>
            <altitudeMode>absolute</altitudeMode>
            <coordinates>51.447552965,25.493048262,9.588 51.447560178,25.493076722,9.726 </coordinates>
          </LineString>
        </Placemark>
        <Placemark>
          <name><![CDATA[<span style="color:#60e600">trkpt 172</span>]]></name>
          <Style>
            <LineStyle>
              <color>ff00e660</color>
              <width>4</width>
            </LineStyle>
            <PolyStyle>
              <color>cc00e660</color>
            </PolyStyle>
          </Style>
          <LineString>
            <extrude>1</extrude>
            <tessellate>0</tessellate>
            <altitudeMode>absolute</altitudeMode>
            <coordinates>51.447560178,25.493076722,9.726 51.447569087,25.493104537,9.922 </coordinates>
          </LineString>
        </Placemark>
        <Placemark>
          <name><![CDATA[<span style="color:#44e600">trkpt 173</span>]]></name>
          <Style>
            <LineStyle>
              <color>ff00e644</color>
              <width>4</width>
            </LineStyle>
            <PolyStyle>
              <color>cc00e644</color>
            </PolyStyle>
          </Style>
          <LineString>
            <extrude>1</extrude>
            <tessellate>0</tessellate>
            <altitudeMode>absolute</altitudeMode>
            <coordinates>51.447569087,25.493104537,9.922 51.447579647,25.493132063,10.136 </coordinates>
          </LineString>
        </Placemark>
        <Placemark>
          <name><![CDATA[<span style="color:#26e600">trkpt 174</span>]]></name>
          <Style>
            <LineStyle>
              <color>ff00e626</color>
              <width>4</width>
            </LineStyle>
            <PolyStyle>
              <color>cc00e626</color>
            </PolyStyle>
          </Style>
          <LineString>
            <extrude>1</extrude>
            <tessellate>0</tessellate>
            <altitudeMode>absolute</altitudeMode>
            <coordinates>51.447579647,25.493132063,10.136 51.447591682,25.493159057,10.363 </coordinates>
          </LineString>
        </Placemark>
        <Placemark>
          <name><![CDATA[<span style="color:#06e600">trkpt 175</span>]]></name>
          <Style>
            <LineStyle>
              <color>ff00e606</color>
              <width>4</width>
            </LineStyle>
            <PolyStyle>
              <color>cc00e606</color>
            </PolyStyle>
          </Style>
          <LineString>
            <extrude>1</extrude>
            <tessellate>0</tessellate>
            <altitudeMode>absolute</altitudeMode>
            <coordinates>51.447591682,25.493159057,10.363 51.44760525,25.493185495,10.604 </coordinates>
          </LineString>
        </Placemark>
        <Placemark>
          <name><![CDATA[<span style="color:#00e61d">trkpt 176</span>]]></name>
          <Style>
            <LineStyle>
              <color>ff1de600</color>
              <width>4</width>
            </LineStyle>
            <PolyStyle>
              <color>cc1de600</color>
            </PolyStyle>
          </Style>
          <LineString>
            <extrude>1</extrude>
            <tessellate>0</tessellate>
            <altitudeMode>absolute</altitudeMode>
            <coordinates>51.44760525,25.493185495,10.604 51.447620663,25.493210922,10.862 </coordinates>
          </LineString>
        </Placemark>
        <Placemark>
          <name><![CDATA[<span style="color:#00e641">trkpt 177</span>]]></name>
          <Style>
            <LineStyle>
              <color>ff41e600</color>
              <width>4</width>
            </LineStyle>
            <PolyStyle>
              <color>cc41e600</color>
            </PolyStyle>
          </Style>
          <LineString>
            <extrude>1</extrude>
            <tessellate>0</tessellate>
            <altitudeMode>absolute</altitudeMode>
            <coordinates>51.447620663,25.493210922,10.862 51.447637575,25.49323539,11.133 </coordinates>
          </LineString>
        </Placemark>
        <Placemark>
          <name><![CDATA[<span style="color:#00e668">trkpt 178</span>]]></name>
          <Style>
            <LineStyle>
              <color>ff68e600</color>
              <width>4</width>
            </LineStyle>
            <PolyStyle>
              <color>cc68e600</color>
            </PolyStyle>
          </Style>
          <LineString>
            <extrude>1</extrude>
            <tessellate>0</tessellate>
            <altitudeMode>absolute</altitudeMode>
            <coordinates>51.447637575,25.49323539,11.133 51.44765601,25.493258662,11.416 </coordinates>
          </LineString>
        </Placemark>
        <Placemark>
          <name><![CDATA[<span style="color:#00e692">trkpt 179</span>]]></name>
          <Style>
            <LineStyle>
              <color>ff92e600</color>
              <width>4</width>
            </LineStyle>
            <PolyStyle>
              <color>cc92e600</color>
            </PolyStyle>
          </Style>
          <LineString>
            <extrude>1</extrude>
            <tessellate>0</tessellate>
            <altitudeMode>absolute</altitudeMode>
            <coordinates>51.44765601,25.493258662,11.416 51.447675672,25.493281135,11.709 </coordinates>
          </LineString>
        </Placemark>
        <Placemark>
          <name><![CDATA[<span style="color:#00e6bb">trkpt 180</span>]]></name>
          <Style>
            <LineStyle>
              <color>ffbbe600</color>
              <width>4</width>
            </LineStyle>
            <PolyStyle>
              <color>ccbbe600</color>
            </PolyStyle>
          </Style>
          <LineString>
            <extrude>1</extrude>
            <tessellate>0</tessellate>
            <altitudeMode>absolute</altitudeMode>
            <coordinates>51.447675672,25.493281135,11.709 51.447696828,25.493302227,12.014 </coordinates>
          </LineString>
        </Placemark>
        <Placemark>
          <name><![CDATA[<span style="color:#00e4e6">trkpt 181</span>]]></name>
          <Style>
            <LineStyle>
              <color>ffe6e400</color>
              <width>4</width>
            </LineStyle>
            <PolyStyle>
              <color>cce6e400</color>
            </PolyStyle>
          </Style>
          <LineString>
            <extrude>1</extrude>
            <tessellate>0</tessellate>
            <altitudeMode>absolute</altitudeMode>
            <coordinates>51.447696828,25.493302227,12.014 51.44771897,25.49332185,12.324 </coordinates>
          </LineString>
        </Placemark>
        <Placemark>
          <name><![CDATA[<span style="color:#00b8e6">trkpt 182</span>]]></name>
          <Style>
            <LineStyle>
              <color>ffe6b800</color>
              <width>4</width>
            </LineStyle>
            <PolyStyle>
              <color>cce6b800</color>
            </PolyStyle>
          </Style>
          <LineString>
            <extrude>1</extrude>
            <tessellate>0</tessellate>
            <altitudeMode>absolute</altitudeMode>
            <coordinates>51.44771897,25.49332185,12.324 51.447743003,25.493340392,12.577 </coordinates>
          </LineString>
        </Placemark>
        <Placemark>
          <name><![CDATA[<span style="color:#0094e6">trkpt 183</span>]]></name>
          <Style>
            <LineStyle>
              <color>ffe69400</color>
              <width>4</width>
            </LineStyle>
            <PolyStyle>
              <color>cce69400</color>
            </PolyStyle>
          </Style>
          <LineString>
            <extrude>1</extrude>
            <tessellate>0</tessellate>
            <altitudeMode>absolute</altitudeMode>
            <coordinates>51.447743003,25.493340392,12.577 51.447768115,25.493357857,12.722 </coordinates>
          </LineString>
        </Placemark>
        <Placemark>
          <name><![CDATA[<span style="color:#007fe6">trkpt 184</span>]]></name>
          <Style>
            <LineStyle>
              <color>ffe67f00</color>
              <width>4</width>
            </LineStyle>
            <PolyStyle>
              <color>cce67f00</color>
            </PolyStyle>
          </Style>
          <LineString>
            <extrude>1</extrude>
            <tessellate>0</tessellate>
            <altitudeMode>absolute</altitudeMode>
            <coordinates>51.447768115,25.493357857,12.722 51.447794563,25.493373865,12.769 </coordinates>
          </LineString>
        </Placemark>
        <Placemark>
          <name><![CDATA[<span style="color:#0078e6">trkpt 185</span>]]></name>
          <Style>
            <LineStyle>
              <color>ffe67800</color>
              <width>4</width>
            </LineStyle>
            <PolyStyle>
              <color>cce67800</color>
            </PolyStyle>
          </Style>
          <LineString>
            <extrude>1</extrude>
            <tessellate>0</tessellate>
            <altitudeMode>absolute</altitudeMode>
            <coordinates>51.447794563,25.493373865,12.769 51.44782182,25.493388853,12.759 </coordinates>
          </LineString>
        </Placemark>
        <Placemark>
          <name><![CDATA[<span style="color:#007ae6">trkpt 186</span>]]></name>
          <Style>
            <LineStyle>
              <color>ffe67a00</color>
              <width>4</width>
            </LineStyle>
            <PolyStyle>
              <color>cce67a00</color>
            </PolyStyle>
          </Style>
          <LineString>
            <extrude>1</extrude>
            <tessellate>0</tessellate>
            <altitudeMode>absolute</altitudeMode>
            <coordinates>51.44782182,25.493388853,12.759 51.447850205,25.493402378,12.764 </coordinates>
          </LineString>
        </Placemark>
        <Placemark>
          <name><![CDATA[<span style="color:#007ae6">trkpt 187</span>]]></name>
          <Style>
            <LineStyle>
              <color>ffe67a00</color>
              <width>4</width>
            </LineStyle>
            <PolyStyle>
              <color>cce67a00</color>
            </PolyStyle>
          </Style>
          <LineString>
            <extrude>1</extrude>
            <tessellate>0</tessellate>
            <altitudeMode>absolute</altitudeMode>
            <coordinates>51.447850205,25.493402378,12.764 51.447879312,25.493414683,12.78 </coordinates>
          </LineString>
        </Placemark>
        <Placemark>
          <name><![CDATA[<span style="color:#0078e6">trkpt 188</span>]]></name>
          <Style>
            <LineStyle>
              <color>ffe67800</color>
              <width>4</width>
            </LineStyle>
            <PolyStyle>
              <color>cce67800</color>
            </PolyStyle>
          </Style>
          <LineString>
            <extrude>1</extrude>
            <tessellate>0</tessellate>
            <altitudeMode>absolute</altitudeMode>
            <coordinates>51.447879312,25.493414683,12.78 51.447909223,25.493425605,12.809 </coordinates>
          </LineString>
        </Placemark>
        <Placemark>
          <name><![CDATA[<span style="color:#0073e6">trkpt 189</span>]]></name>
          <Style>
            <LineStyle>
              <color>ffe67300</color>
              <width>4</width>
            </LineStyle>
            <PolyStyle>
              <color>cce67300</color>
            </PolyStyle>
          </Style>
          <LineString>
            <extrude>1</extrude>
            <tessellate>0</tessellate>
            <altitudeMode>absolute</altitudeMode>
            <coordinates>51.447909223,25.493425605,12.809 51.447939818,25.49343516,12.85 </coordinates>
          </LineString>
        </Placemark>
        <Placemark>
          <name><![CDATA[<span style="color:#006de6">trkpt 190</span>]]></name>
          <Style>
            <LineStyle>
              <color>ffe66d00</color>
              <width>4</width>
            </LineStyle>
            <PolyStyle>
              <color>cce66d00</color>
            </PolyStyle>
          </Style>
          <LineString>
            <extrude>1</extrude>
            <tessellate>0</tessellate>
            <altitudeMode>absolute</altitudeMode>
            <coordinates>51.447939818,25.49343516,12.85 51.447971187,25.493442743,12.909 </coordinates>
          </LineString>
        </Placemark>
        <Placemark>
          <name><![CDATA[<span style="color:#0066e6">trkpt 191</span>]]></name>
          <Style>
            <LineStyle>
              <color>ffe66600</color>
              <width>4</width>
            </LineStyle>
            <PolyStyle>
              <color>cce66600</color>
            </PolyStyle>
          </Style>
          <LineString>
            <extrude>1</extrude>
            <tessellate>0</tessellate>
            <altitudeMode>absolute</altitudeMode>
            <coordinates>51.447971187,25.493442743,12.909 51.448002627,25.49344884,12.978 </coordinates>
          </LineString>
        </Placemark>
        <Placemark>
          <name><![CDATA[<span style="color:#005ae6">trkpt 192</span>]]></name>
          <Style>
            <LineStyle>
              <color>ffe65a00</color>
              <width>4</width>
            </LineStyle>
            <PolyStyle>
              <color>cce65a00</color>
            </PolyStyle>
          </Style>
          <LineString>
            <extrude>1</extrude>
            <tessellate>0</tessellate>
            <altitudeMode>absolute</altitudeMode>
            <coordinates>51.448002627,25.49344884,12.978 51.448034878,25.493453515,13.06 </coordinates>
          </LineString>
        </Placemark>
        <Placemark>
          <name><![CDATA[<span style="color:#004fe6">trkpt 193</span>]]></name>
          <Style>
            <LineStyle>
              <color>ffe64f00</color>
              <width>4</width>
            </LineStyle>
            <PolyStyle>
              <color>cce64f00</color>
            </PolyStyle>
          </Style>
          <LineString>
            <extrude>1</extrude>
            <tessellate>0</tessellate>
            <altitudeMode>absolute</altitudeMode>
            <coordinates>51.448034878,25.493453515,13.06 51.448067325,25.493456775,13.045 </coordinates>
          </LineString>
        </Placemark>
        <Placemark>
          <name><![CDATA[<span style="color:#0051e6">trkpt 194</span>]]></name>
          <Style>
            <LineStyle>
              <color>ffe65100</color>
              <width>4</width>
            </LineStyle>
            <PolyStyle>
              <color>cce65100</color>
            </PolyStyle>
          </Style>
          <LineString>
            <extrude>1</extrude>
            <tessellate>0</tessellate>
            <altitudeMode>absolute</altitudeMode>
            <coordinates>51.448067325,25.493456775,13.045 51.448100097,25.493458283,12.852 </coordinates>
          </LineString>
        </Placemark>
        <Placemark>
          <name><![CDATA[<span style="color:#006de6">trkpt 195</span>]]></name>
          <Style>
            <LineStyle>
              <color>ffe66d00</color>
              <width>4</width>
            </LineStyle>
            <PolyStyle>
              <color>cce66d00</color>
            </PolyStyle>
          </Style>
          <LineString>
            <extrude>1</extrude>
            <tessellate>0</tessellate>
            <altitudeMode>absolute</altitudeMode>
            <coordinates>51.448100097,25.493458283,12.852 51.448133158,25.49345857,12.666 </coordinates>
          </LineString>
        </Placemark>
        <Placemark>
          <name><![CDATA[<span style="color:#0088e6">trkpt 196</span>]]></name>
          <Style>
            <LineStyle>
              <color>ffe68800</color>
              <width>4</width>
            </LineStyle>
            <PolyStyle>
              <color>cce68800</color>
            </PolyStyle>
          </Style>
          <LineString>
            <extrude>1</extrude>
            <tessellate>0</tessellate>
            <altitudeMode>absolute</altitudeMode>
            <coordinates>51.448133158,25.49345857,12.666 51.448166433,25.493457163,12.488 </coordinates>
          </LineString>
        </Placemark>
        <Placemark>
          <name><![CDATA[<span style="color:#00a1e6">trkpt 197</span>]]></name>
          <Style>
            <LineStyle>
              <color>ffe6a100</color>
              <width>4</width>
            </LineStyle>
            <PolyStyle>
              <color>cce6a100</color>
            </PolyStyle>
          </Style>
          <LineString>
            <extrude>1</extrude>
            <tessellate>0</tessellate>
            <altitudeMode>absolute</altitudeMode>
            <coordinates>51.448166433,25.493457163,12.488 51.448199137,25.493454407,12.32 </coordinates>
          </LineString>
        </Placemark>
        <Placemark>
          <name><![CDATA[<span style="color:#00b8e6">trkpt 198</span>]]></name>
          <Style>
            <LineStyle>
              <color>ffe6b800</color>
              <width>4</width>
            </LineStyle>
            <PolyStyle>
              <color>cce6b800</color>
            </PolyStyle>
          </Style>
          <LineString>
            <extrude>1</extrude>
            <tessellate>0</tessellate>
            <altitudeMode>absolute</altitudeMode>
            <coordinates>51.448199137,25.493454407,12.32 51.44823183,25.49344987,12.158 </coordinates>
          </LineString>
        </Placemark>
        <Placemark>
          <name><![CDATA[<span style="color:#00cfe6">trkpt 199</span>]]></name>
          <Style>
            <LineStyle>
              <color>ffe6cf00</color>
              <width>4</width>
            </LineStyle>
            <PolyStyle>
              <color>cce6cf00</color>
            </PolyStyle>
          </Style>
          <LineString>
            <extrude>1</extrude>
            <tessellate>0</tessellate>
            <altitudeMode>absolute</altitudeMode>
            <coordinates>51.44823183,25.49344987,12.158 51.448263985,25.493443878,12.002 </coordinates>
          </LineString>
        </Placemark>
        <Placemark>
          <name><![CDATA[<span style="color:#00e6e5">trkpt 200</span>]]></name>
          <Style>
            <LineStyle>
              <color>ffe5e600</color>
              <width>4</width>
            </LineStyle>
            <PolyStyle>
              <color>cce5e600</color>
            </PolyStyle>
          </Style>
          <LineString>
            <extrude>1</extrude>
            <tessellate>0</tessellate>
            <altitudeMode>absolute</altitudeMode>
            <coordinates>51.448263985,25.493443878,12.002 51.448295973,25.493436653,11.847 </coordinates>
          </LineString>
        </Placemark>
        <Placemark>
          <name><![CDATA[<span style="color:#00e6ce">trkpt 201</span>]]></name>
          <Style>
            <LineStyle>
              <color>ffcee600</color>
              <width>4</width>
            </LineStyle>
            <PolyStyle>
              <color>cccee600</color>
            </PolyStyle>
          </Style>
          <LineString>
            <extrude>1</extrude>
            <tessellate>0</tessellate>
            <altitudeMode>absolute</altitudeMode>
            <coordinates>51.448295973,25.493436653,11.847 51.448327695,25.493427662,11.694 </coordinates>
          </LineString>
        </Placemark>
        <Placemark>
          <name><![CDATA[<span style="color:#00e6b9">trkpt 202</span>]]></name>
          <Style>
            <LineStyle>
              <color>ffb9e600</color>
              <width>4</width>
            </LineStyle>
            <PolyStyle>
              <color>ccb9e600</color>
            </PolyStyle>
          </Style>
          <LineString>
            <extrude>1</extrude>
            <tessellate>0</tessellate>
            <altitudeMode>absolute</altitudeMode>
            <coordinates>51.448327695,25.493427662,11.694 51.448358748,25.493417493,11.514 </coordinates>
          </LineString>
        </Placemark>
        <Placemark>
          <name><![CDATA[<span style="color:#00e6a0">trkpt 203</span>]]></name>
          <Style>
            <LineStyle>
              <color>ffa0e600</color>
              <width>4</width>
            </LineStyle>
            <PolyStyle>
              <color>cca0e600</color>
            </PolyStyle>
          </Style>
          <LineString>
            <extrude>1</extrude>
            <tessellate>0</tessellate>
            <altitudeMode>absolute</altitudeMode>
            <coordinates>51.448358748,25.493417493,11.514 51.448389437,25.493405602,11.336 </coordinates>
          </LineString>
        </Placemark>
        <Placemark>
          <name><![CDATA[<span style="color:#00e686">trkpt 204</span>]]></name>
          <Style>
            <LineStyle>
              <color>ff86e600</color>
              <width>4</width>
            </LineStyle>
            <PolyStyle>
              <color>cc86e600</color>
            </PolyStyle>
          </Style>
          <LineString>
            <extrude>1</extrude>
            <tessellate>0</tessellate>
            <altitudeMode>absolute</altitudeMode>
            <coordinates>51.448389437,25.493405602,11.336 51.448419332,25.493392808,11.167 </coordinates>
          </LineString>
        </Placemark>
        <Placemark>
          <name><![CDATA[<span style="color:#00e66d">trkpt 205</span>]]></name>
          <Style>
            <LineStyle>
              <color>ff6de600</color>
              <width>4</width>
            </LineStyle>
            <PolyStyle>
              <color>cc6de600</color>
            </PolyStyle>
          </Style>
          <LineString>
            <extrude>1</extrude>
            <tessellate>0</tessellate>
            <altitudeMode>absolute</altitudeMode>
            <coordinates>51.448419332,25.493392808,11.167 51.448448917,25.493378953,11.004 </coordinates>
          </LineString>
        </Placemark>
        <Placemark>
          <name><![CDATA[<span style="color:#00e656">trkpt 206</span>]]></name>
          <Style>
            <LineStyle>
              <color>ff56e600</color>
              <width>4</width>
            </LineStyle>
            <PolyStyle>
              <color>cc56e600</color>
            </PolyStyle>
          </Style>
          <LineString>
            <extrude>1</extrude>
            <tessellate>0</tessellate>
            <altitudeMode>absolute</altitudeMode>
            <coordinates>51.448448917,25.493378953,11.004 51.448478423,25.493364237,10.844 </coordinates>
          </LineString>
        </Placemark>
        <Placemark>
          <name><![CDATA[<span style="color:#00e63f">trkpt 207</span>]]></name>
          <Style>
            <LineStyle>
              <color>ff3fe600</color>
              <width>4</width>
            </LineStyle>
            <PolyStyle>
              <color>cc3fe600</color>
            </PolyStyle>
          </Style>
          <LineString>
            <extrude>1</extrude>
            <tessellate>0</tessellate>
            <altitudeMode>absolute</altitudeMode>
            <coordinates>51.448478423,25.493364237,10.844 51.448507623,25.493349105,10.688 </coordinates>
          </LineString>
        </Placemark>
        <Placemark>
          <name><![CDATA[<span style="color:#00e628">trkpt 208</span>]]></name>
          <Style>
            <LineStyle>
              <color>ff28e600</color>
              <width>4</width>
            </LineStyle>
            <PolyStyle>
              <color>cc28e600</color>
            </PolyStyle>
          </Style>
          <LineString>
            <extrude>1</extrude>
            <tessellate>0</tessellate>
            <altitudeMode>absolute</altitudeMode>
            <coordinates>51.448507623,25.493349105,10.688 51.448536462,25.493333533,10.537 </coordinates>
          </LineString>
        </Placemark>
        <Placemark>
          <name><![CDATA[<span style="color:#00e613">trkpt 209</span>]]></name>
          <Style>
            <LineStyle>
              <color>ff13e600</color>
              <width>4</width>
            </LineStyle>
            <PolyStyle>
              <color>cc13e600</color>
            </PolyStyle>
          </Style>
          <LineString>
            <extrude>1</extrude>
            <tessellate>0</tessellate>
            <altitudeMode>absolute</altitudeMode>
            <coordinates>51.448536462,25.493333533,10.537 51.448565383,25.493317475,10.377 </coordinates>
          </LineString>
        </Placemark>
        <Placemark>
          <name><![CDATA[<span style="color:#04e600">trkpt 210</span>]]></name>
          <Style>
            <LineStyle>
              <color>ff00e604</color>
              <width>4</width>
            </LineStyle>
            <PolyStyle>
              <color>cc00e604</color>
            </PolyStyle>
          </Style>
          <LineString>
            <extrude>1</extrude>
            <tessellate>0</tessellate>
            <altitudeMode>absolute</altitudeMode>
            <coordinates>51.448565383,25.493317475,10.377 51.44859408,25.493301063,10.232 </coordinates>
          </LineString>
        </Placemark>
        <Placemark>
          <name><![CDATA[<span style="color:#18e600">trkpt 211</span>]]></name>
          <Style>
            <LineStyle>
              <color>ff00e618</color>
              <width>4</width>
            </LineStyle>
            <PolyStyle>
              <color>cc00e618</color>
            </PolyStyle>
          </Style>
          <LineString>
            <extrude>1</extrude>
            <tessellate>0</tessellate>
            <altitudeMode>absolute</altitudeMode>
            <coordinates>51.44859408,25.493301063,10.232 51.448622747,25.493284202,10.135 </coordinates>
          </LineString>
        </Placemark>
        <Placemark>
          <name><![CDATA[<span style="color:#26e600">trkpt 212</span>]]></name>
          <Style>
            <LineStyle>
              <color>ff00e626</color>
              <width>4</width>
            </LineStyle>
            <PolyStyle>
              <color>cc00e626</color>
            </PolyStyle>
          </Style>
          <LineString>
            <extrude>1</extrude>
            <tessellate>0</tessellate>
            <altitudeMode>absolute</altitudeMode>
            <coordinates>51.448622747,25.493284202,10.135 51.448651378,25.493266893,10.094 </coordinates>
          </LineString>
        </Placemark>
        <Placemark>
          <name><![CDATA[<span style="color:#2de600">trkpt 213</span>]]></name>
          <Style>
            <LineStyle>
              <color>ff00e62d</color>
              <width>4</width>
            </LineStyle>
            <PolyStyle>
              <color>cc00e62d</color>
            </PolyStyle>
          </Style>
          <LineString>
            <extrude>1</extrude>
            <tessellate>0</tessellate>
            <altitudeMode>absolute</altitudeMode>
            <coordinates>51.448651378,25.493266893,10.094 51.448679908,25.493249345,10.055 </coordinates>
          </LineString>
        </Placemark>
        <Placemark>
          <name><![CDATA[<span style="color:#32e600">trkpt 214</span>]]></name>
          <Style>
            <LineStyle>
              <color>ff00e632</color>
              <width>4</width>
            </LineStyle>
            <PolyStyle>
              <color>cc00e632</color>
            </PolyStyle>
          </Style>
          <LineString>
            <extrude>1</extrude>
            <tessellate>0</tessellate>
            <altitudeMode>absolute</altitudeMode>
            <coordinates>51.448679908,25.493249345,10.055 51.448708543,25.49323159,10.016 </coordinates>
          </LineString>
        </Placemark>
        <Placemark>
          <name><![CDATA[<span style="color:#36e600">trkpt 215</span>]]></name>
          <Style>
            <LineStyle>
              <color>ff00e636</color>
              <width>4</width>
            </LineStyle>
            <PolyStyle>
              <color>cc00e636</color>
            </PolyStyle>
          </Style>
          <LineString>
            <extrude>1</extrude>
            <tessellate>0</tessellate>
            <altitudeMode>absolute</altitudeMode>
            <coordinates>51.448708543,25.49323159,10.016 51.44873683,25.493213595,9.978 </coordinates>
          </LineString>
        </Placemark>
        <Placemark>
          <name><![CDATA[<span style="color:#3de600">trkpt 216</span>]]></name>
          <Style>
            <LineStyle>
              <color>ff00e63d</color>
              <width>4</width>
            </LineStyle>
            <PolyStyle>
              <color>cc00e63d</color>
            </PolyStyle>
          </Style>
          <LineString>
            <extrude>1</extrude>
            <tessellate>0</tessellate>
            <altitudeMode>absolute</altitudeMode>
            <coordinates>51.44873683,25.493213595,9.978 51.448765175,25.493195118,9.943 </coordinates>
          </LineString>
        </Placemark>
        <Placemark>
          <name><![CDATA[<span style="color:#42e600">trkpt 217</span>]]></name>
          <Style>
            <LineStyle>
              <color>ff00e642</color>
              <width>4</width>
            </LineStyle>
            <PolyStyle>
              <color>cc00e642</color>
            </PolyStyle>
          </Style>
          <LineString>
            <extrude>1</extrude>
            <tessellate>0</tessellate>
            <altitudeMode>absolute</altitudeMode>
            <coordinates>51.448765175,25.493195118,9.943 51.448793385,25.493176285,9.909 </coordinates>
          </LineString>
        </Placemark>
        <Placemark>
          <name><![CDATA[<span style="color:#46e600">trkpt 218</span>]]></name>
          <Style>
            <LineStyle>
              <color>ff00e646</color>
              <width>4</width>
            </LineStyle>
            <PolyStyle>
              <color>cc00e646</color>
            </PolyStyle>
          </Style>
          <LineString>
            <extrude>1</extrude>
            <tessellate>0</tessellate>
            <altitudeMode>absolute</altitudeMode>
            <coordinates>51.448793385,25.493176285,9.909 51.448821428,25.493157063,9.877 </coordinates>
          </LineString>
        </Placemark>
        <Placemark>
          <name><![CDATA[<span style="color:#4be600">trkpt 219</span>]]></name>
          <Style>
            <LineStyle>
              <color>ff00e64b</color>
              <width>4</width>
            </LineStyle>
            <PolyStyle>
              <color>cc00e64b</color>
            </PolyStyle>
          </Style>
          <LineString>
            <extrude>1</extrude>
            <tessellate>0</tessellate>
            <altitudeMode>absolute</altitudeMode>
            <coordinates>51.448821428,25.493157063,9.877 51.448849483,25.493137473,9.847 </coordinates>
          </LineString>
        </Placemark>
        <Placemark>
          <name><![CDATA[<span style="color:#50e600">trkpt 220</span>]]></name>
          <Style>
            <LineStyle>
              <color>ff00e650</color>
              <width>4</width>
            </LineStyle>
            <PolyStyle>
              <color>cc00e650</color>
            </PolyStyle>
          </Style>
          <LineString>
            <extrude>1</extrude>
            <tessellate>0</tessellate>
            <altitudeMode>absolute</altitudeMode>
            <coordinates>51.448849483,25.493137473,9.847 51.448877458,25.493117367,9.819 </coordinates>
          </LineString>
        </Placemark>
        <Placemark>
          <name><![CDATA[<span style="color:#54e600">trkpt 221</span>]]></name>
          <Style>
            <LineStyle>
              <color>ff00e654</color>
              <width>4</width>
            </LineStyle>
            <PolyStyle>
              <color>cc00e654</color>
            </PolyStyle>
          </Style>
          <LineString>
            <extrude>1</extrude>
            <tessellate>0</tessellate>
            <altitudeMode>absolute</altitudeMode>
            <coordinates>51.448877458,25.493117367,9.819 51.448905152,25.493096822,9.851 </coordinates>
          </LineString>
        </Placemark>
        <Placemark>
          <name><![CDATA[<span style="color:#50e600">trkpt 222</span>]]></name>
          <Style>
            <LineStyle>
              <color>ff00e650</color>
              <width>4</width>
            </LineStyle>
            <PolyStyle>
              <color>cc00e650</color>
            </PolyStyle>
          </Style>
          <LineString>
            <extrude>1</extrude>
            <tessellate>0</tessellate>
            <altitudeMode>absolute</altitudeMode>
            <coordinates>51.448905152,25.493096822,9.851 51.448932768,25.493075667,9.928 </coordinates>
          </LineString>
        </Placemark>
        <Placemark>
          <name><![CDATA[<span style="color:#44e600">trkpt 223</span>]]></name>
          <Style>
            <LineStyle>
              <color>ff00e644</color>
              <width>4</width>
            </LineStyle>
            <PolyStyle>
              <color>cc00e644</color>
            </PolyStyle>
          </Style>
          <LineString>
            <extrude>1</extrude>
            <tessellate>0</tessellate>
            <altitudeMode>absolute</altitudeMode>
            <coordinates>51.448932768,25.493075667,9.928 51.448960208,25.493054062,10.005 </coordinates>
          </LineString>
        </Placemark>
        <Placemark>
          <name><![CDATA[<span style="color:#39e600">trkpt 224</span>]]></name>
          <Style>
            <LineStyle>
              <color>ff00e639</color>
              <width>4</width>
            </LineStyle>
            <PolyStyle>
              <color>cc00e639</color>
            </PolyStyle>
          </Style>
          <LineString>
            <extrude>1</extrude>
            <tessellate>0</tessellate>
            <altitudeMode>absolute</altitudeMode>
            <coordinates>51.448960208,25.493054062,10.005 51.448987278,25.493031947,10.085 </coordinates>
          </LineString>
        </Placemark>
        <Placemark>
          <name><![CDATA[<span style="color:#2de600">trkpt 225</span>]]></name>
          <Style>
            <LineStyle>
              <color>ff00e62d</color>
              <width>4</width>
            </LineStyle>
            <PolyStyle>
              <color>cc00e62d</color>
            </PolyStyle>
          </Style>
          <LineString>
            <extrude>1</extrude>
            <tessellate>0</tessellate>
            <altitudeMode>absolute</altitudeMode>
            <coordinates>51.448987278,25.493031947,10.085 51.449014403,25.49300933,10.166 </coordinates>
          </LineString>
        </Placemark>
        <Placemark>
          <name><![CDATA[<span style="color:#22e600">trkpt 226</span>]]></name>
          <Style>
            <LineStyle>
              <color>ff00e622</color>
              <width>4</width>
            </LineStyle>
            <PolyStyle>
              <color>cc00e622</color>
            </PolyStyle>
          </Style>
          <LineString>
            <extrude>1</extrude>
            <tessellate>0</tessellate>
            <altitudeMode>absolute</altitudeMode>
            <coordinates>51.449014403,25.49300933,10.166 51.44904111,25.492986328,10.249 </coordinates>
          </LineString>
        </Placemark>
        <Placemark>
          <name><![CDATA[<span style="color:#16e600">trkpt 227</span>]]></name>
          <Style>
            <LineStyle>
              <color>ff00e616</color>
              <width>4</width>
            </LineStyle>
            <PolyStyle>
              <color>cc00e616</color>
            </PolyStyle>
          </Style>
          <LineString>
            <extrude>1</extrude>
            <tessellate>0</tessellate>
            <altitudeMode>absolute</altitudeMode>
            <coordinates>51.44904111,25.492986328,10.249 51.449067768,25.492962873,10.334 </coordinates>
          </LineString>
        </Placemark>
        <Placemark>
          <name><![CDATA[<span style="color:#0be600">trkpt 228</span>]]></name>
          <Style>
            <LineStyle>
              <color>ff00e60b</color>
              <width>4</width>
            </LineStyle>
            <PolyStyle>
              <color>cc00e60b</color>
            </PolyStyle>
          </Style>
          <LineString>
            <extrude>1</extrude>
            <tessellate>0</tessellate>
            <altitudeMode>absolute</altitudeMode>
            <coordinates>51.449067768,25.492962873,10.334 51.449094308,25.492939047,10.419 </coordinates>
          </LineString>
        </Placemark>
        <Placemark>
          <name><![CDATA[<span style="color:#00e603">trkpt 229</span>]]></name>
          <Style>
            <LineStyle>
              <color>ff03e600</color>
              <width>4</width>
            </LineStyle>
            <PolyStyle>
              <color>cc03e600</color>
            </PolyStyle>
          </Style>
          <LineString>
            <extrude>1</extrude>
            <tessellate>0</tessellate>
            <altitudeMode>absolute</altitudeMode>
            <coordinates>51.449094308,25.492939047,10.419 51.449121107,25.492915017,10.506 </coordinates>
          </LineString>
        </Placemark>
        <Placemark>
          <name><![CDATA[<span style="color:#00e60f">trkpt 230</span>]]></name>
          <Style>
            <LineStyle>
              <color>ff0fe600</color>
              <width>4</width>
            </LineStyle>
            <PolyStyle>
              <color>cc0fe600</color>
            </PolyStyle>
          </Style>
          <LineString>
            <extrude>1</extrude>
            <tessellate>0</tessellate>
            <altitudeMode>absolute</altitudeMode>
            <coordinates>51.449121107,25.492915017,10.506 51.449148013,25.492890885,10.593 </coordinates>
          </LineString>
        </Placemark>
        <Placemark>
          <name><![CDATA[<span style="color:#00e61a">trkpt 231</span>]]></name>
          <Style>
            <LineStyle>
              <color>ff1ae600</color>
              <width>4</width>
            </LineStyle>
            <PolyStyle>
              <color>cc1ae600</color>
            </PolyStyle>
          </Style>
          <LineString>
            <extrude>1</extrude>
            <tessellate>0</tessellate>
            <altitudeMode>absolute</altitudeMode>
            <coordinates>51.449148013,25.492890885,10.593 51.449175223,25.492866697,10.711 </coordinates>
          </LineString>
        </Placemark>
        <Placemark>
          <name><![CDATA[<span style="color:#00e62d">trkpt 232</span>]]></name>
          <Style>
            <LineStyle>
              <color>ff2de600</color>
              <width>4</width>
            </LineStyle>
            <PolyStyle>
              <color>cc2de600</color>
            </PolyStyle>
          </Style>
          <LineString>
            <extrude>1</extrude>
            <tessellate>0</tessellate>
            <altitudeMode>absolute</altitudeMode>
            <coordinates>51.449175223,25.492866697,10.711 51.449202572,25.49284246,10.896 </coordinates>
          </LineString>
        </Placemark>
        <Placemark>
          <name><![CDATA[<span style="color:#00e646">trkpt 233</span>]]></name>
          <Style>
            <LineStyle>
              <color>ff46e600</color>
              <width>4</width>
            </LineStyle>
            <PolyStyle>
              <color>cc46e600</color>
            </PolyStyle>
          </Style>
          <LineString>
            <extrude>1</extrude>
            <tessellate>0</tessellate>
            <altitudeMode>absolute</altitudeMode>
            <coordinates>51.449202572,25.49284246,10.896 51.449230235,25.492818265,11.083 </coordinates>
          </LineString>
        </Placemark>
        <Placemark>
          <name><![CDATA[<span style="color:#00e662">trkpt 234</span>]]></name>
          <Style>
            <LineStyle>
              <color>ff62e600</color>
              <width>4</width>
            </LineStyle>
            <PolyStyle>
              <color>cc62e600</color>
            </PolyStyle>
          </Style>
          <LineString>
            <extrude>1</extrude>
            <tessellate>0</tessellate>
            <altitudeMode>absolute</altitudeMode>
            <coordinates>51.449230235,25.492818265,11.083 51.44925835,25.492794382,11.27 </coordinates>
          </LineString>
        </Placemark>
        <Placemark>
          <name><![CDATA[<span style="color:#00e67b">trkpt 235</span>]]></name>
          <Style>
            <LineStyle>
              <color>ff7be600</color>
              <width>4</width>
            </LineStyle>
            <PolyStyle>
              <color>cc7be600</color>
            </PolyStyle>
          </Style>
          <LineString>
            <extrude>1</extrude>
            <tessellate>0</tessellate>
            <altitudeMode>absolute</altitudeMode>
            <coordinates>51.44925835,25.492794382,11.27 51.449286797,25.492770435,11.421 </coordinates>
          </LineString>
        </Placemark>
        <Placemark>
          <name><![CDATA[<span style="color:#00e692">trkpt 236</span>]]></name>
          <Style>
            <LineStyle>
              <color>ff92e600</color>
              <width>4</width>
            </LineStyle>
            <PolyStyle>
              <color>cc92e600</color>
            </PolyStyle>
          </Style>
          <LineString>
            <extrude>1</extrude>
            <tessellate>0</tessellate>
            <altitudeMode>absolute</altitudeMode>
            <coordinates>51.449286797,25.492770435,11.421 51.44931557,25.492746775,11.476 </coordinates>
          </LineString>
        </Placemark>
        <Placemark>
          <name><![CDATA[<span style="color:#00e699">trkpt 237</span>]]></name>
          <Style>
            <LineStyle>
              <color>ff99e600</color>
              <width>4</width>
            </LineStyle>
            <PolyStyle>
              <color>cc99e600</color>
            </PolyStyle>
          </Style>
          <LineString>
            <extrude>1</extrude>
            <tessellate>0</tessellate>
            <altitudeMode>absolute</altitudeMode>
            <coordinates>51.44931557,25.492746775,11.476 51.449344832,25.492723292,11.516 </coordinates>
          </LineString>
        </Placemark>
        <Placemark>
          <name><![CDATA[<span style="color:#00e6a0">trkpt 238</span>]]></name>
          <Style>
            <LineStyle>
              <color>ffa0e600</color>
              <width>4</width>
            </LineStyle>
            <PolyStyle>
              <color>cca0e600</color>
            </PolyStyle>
          </Style>
          <LineString>
            <extrude>1</extrude>
            <tessellate>0</tessellate>
            <altitudeMode>absolute</altitudeMode>
            <coordinates>51.449344832,25.492723292,11.516 51.449374327,25.492699863,11.538 </coordinates>
          </LineString>
        </Placemark>
        <Placemark>
          <name><![CDATA[<span style="color:#00e6a2">trkpt 239</span>]]></name>
          <Style>
            <LineStyle>
              <color>ffa2e600</color>
              <width>4</width>
            </LineStyle>
            <PolyStyle>
              <color>cca2e600</color>
            </PolyStyle>
          </Style>
          <LineString>
            <extrude>1</extrude>
            <tessellate>0</tessellate>
            <altitudeMode>absolute</altitudeMode>
            <coordinates>51.449374327,25.492699863,11.538 51.44940412,25.492676552,11.543 </coordinates>
          </LineString>
        </Placemark>
        <Placemark>
          <name><![CDATA[<span style="color:#00e6a2">trkpt 240</span>]]></name>
          <Style>
            <LineStyle>
              <color>ffa2e600</color>
              <width>4</width>
            </LineStyle>
            <PolyStyle>
              <color>cca2e600</color>
            </PolyStyle>
          </Style>
          <LineString>
            <extrude>1</extrude>
            <tessellate>0</tessellate>
            <altitudeMode>absolute</altitudeMode>
            <coordinates>51.44940412,25.492676552,11.543 51.44943406,25.492653453,11.532 </coordinates>
          </LineString>
        </Placemark>
        <Placemark>
          <name><![CDATA[<span style="color:#00e6a2">trkpt 241</span>]]></name>
          <Style>
            <LineStyle>
              <color>ffa2e600</color>
              <width>4</width>
            </LineStyle>
            <PolyStyle>
              <color>cca2e600</color>
            </PolyStyle>
          </Style>
          <LineString>
            <extrude>1</extrude>
            <tessellate>0</tessellate>
            <altitudeMode>absolute</altitudeMode>
            <coordinates>51.44943406,25.492653453,11.532 51.449464373,25.492630395,11.541 </coordinates>
          </LineString>
        </Placemark>
        <Placemark>
          <name><![CDATA[<span style="color:#00e6a2">trkpt 242</span>]]></name>
          <Style>
            <LineStyle>
              <color>ffa2e600</color>
              <width>4</width>
            </LineStyle>
            <PolyStyle>
              <color>cca2e600</color>
            </PolyStyle>
          </Style>
          <LineString>
            <extrude>1</extrude>
            <tessellate>0</tessellate>
            <altitudeMode>absolute</altitudeMode>
            <coordinates>51.449464373,25.492630395,11.541 51.449494925,25.492607608,11.569 </coordinates>
          </LineString>
        </Placemark>
        <Placemark>
          <name><![CDATA[<span style="color:#00e6a6">trkpt 243</span>]]></name>
          <Style>
            <LineStyle>
              <color>ffa6e600</color>
              <width>4</width>
            </LineStyle>
            <PolyStyle>
              <color>cca6e600</color>
            </PolyStyle>
          </Style>
          <LineString>
            <extrude>1</extrude>
            <tessellate>0</tessellate>
            <altitudeMode>absolute</altitudeMode>
            <coordinates>51.449494925,25.492607608,11.569 51.44952584,25.492584737,11.598 </coordinates>
          </LineString>
        </Placemark>
        <Placemark>
          <name><![CDATA[<span style="color:#00e6ab">trkpt 244</span>]]></name>
          <Style>
            <LineStyle>
              <color>ffabe600</color>
              <width>4</width>
            </LineStyle>
            <PolyStyle>
              <color>ccabe600</color>
            </PolyStyle>
          </Style>
          <LineString>
            <extrude>1</extrude>
            <tessellate>0</tessellate>
            <altitudeMode>absolute</altitudeMode>
            <coordinates>51.44952584,25.492584737,11.598 51.449557057,25.492562142,11.629 </coordinates>
          </LineString>
        </Placemark>
        <Placemark>
          <name><![CDATA[<span style="color:#00e6b0">trkpt 245</span>]]></name>
          <Style>
            <LineStyle>
              <color>ffb0e600</color>
              <width>4</width>
            </LineStyle>
            <PolyStyle>
              <color>ccb0e600</color>
            </PolyStyle>
          </Style>
          <LineString>
            <extrude>1</extrude>
            <tessellate>0</tessellate>
            <altitudeMode>absolute</altitudeMode>
            <coordinates>51.449557057,25.492562142,11.629 51.449588322,25.492539753,11.661 </coordinates>
          </LineString>
        </Placemark>
        <Placemark>
          <name><![CDATA[<span style="color:#00e6b4">trkpt 246</span>]]></name>
          <Style>
            <LineStyle>
              <color>ffb4e600</color>
              <width>4</width>
            </LineStyle>
            <PolyStyle>
              <color>ccb4e600</color>
            </PolyStyle>
          </Style>
          <LineString>
            <extrude>1</extrude>
            <tessellate>0</tessellate>
            <altitudeMode>absolute</altitudeMode>
            <coordinates>51.449588322,25.492539753,11.661 51.44962,25.492517282,11.694 </coordinates>
          </LineString>
        </Placemark>
        <Placemark>
          <name><![CDATA[<span style="color:#00e6b9">trkpt 247</span>]]></name>
          <Style>
            <LineStyle>
              <color>ffb9e600</color>
              <width>4</width>
            </LineStyle>
            <PolyStyle>
              <color>ccb9e600</color>
            </PolyStyle>
          </Style>
          <LineString>
            <extrude>1</extrude>
            <tessellate>0</tessellate>
            <altitudeMode>absolute</altitudeMode>
            <coordinates>51.44962,25.492517282,11.694 51.449651822,25.492495225,11.712 </coordinates>
          </LineString>
        </Placemark>
        <Placemark>
          <name><![CDATA[<span style="color:#00e6bb">trkpt 248</span>]]></name>
          <Style>
            <LineStyle>
              <color>ffbbe600</color>
              <width>4</width>
            </LineStyle>
            <PolyStyle>
              <color>ccbbe600</color>
            </PolyStyle>
          </Style>
          <LineString>
            <extrude>1</extrude>
            <tessellate>0</tessellate>
            <altitudeMode>absolute</altitudeMode>
            <coordinates>51.449651822,25.492495225,11.712 51.449683837,25.492473393,11.67 </coordinates>
          </LineString>
        </Placemark>
        <Placemark>
          <name><![CDATA[<span style="color:#00e6b4">trkpt 249</span>]]></name>
          <Style>
            <LineStyle>
              <color>ffb4e600</color>
              <width>4</width>
            </LineStyle>
            <PolyStyle>
              <color>ccb4e600</color>
            </PolyStyle>
          </Style>
          <LineString>
            <extrude>1</extrude>
            <tessellate>0</tessellate>
            <altitudeMode>absolute</altitudeMode>
            <coordinates>51.449683837,25.492473393,11.67 51.449716303,25.492451907,11.632 </coordinates>
          </LineString>
        </Placemark>
        <Placemark>
          <name><![CDATA[<span style="color:#00e6b0">trkpt 250</span>]]></name>
          <Style>
            <LineStyle>
              <color>ffb0e600</color>
              <width>4</width>
            </LineStyle>
            <PolyStyle>
              <color>ccb0e600</color>
            </PolyStyle>
          </Style>
          <LineString>
            <extrude>1</extrude>
            <tessellate>0</tessellate>
            <altitudeMode>absolute</altitudeMode>
            <coordinates>51.449716303,25.492451907,11.632 51.449748533,25.492430377,11.451 </coordinates>
          </LineString>
        </Placemark>
        <Placemark>
          <name><![CDATA[<span style="color:#00e696">trkpt 251</span>]]></name>
          <Style>
            <LineStyle>
              <color>ff96e600</color>
              <width>4</width>
            </LineStyle>
            <PolyStyle>
              <color>cc96e600</color>
            </PolyStyle>
          </Style>
          <LineString>
            <extrude>1</extrude>
            <tessellate>0</tessellate>
            <altitudeMode>absolute</altitudeMode>
            <coordinates>51.449748533,25.492430377,11.451 51.449781525,25.492409398,11.273 </coordinates>
          </LineString>
        </Placemark>
        <Placemark>
          <name><![CDATA[<span style="color:#00e67d">trkpt 252</span>]]></name>
          <Style>
            <LineStyle>
              <color>ff7de600</color>
              <width>4</width>
            </LineStyle>
            <PolyStyle>
              <color>cc7de600</color>
            </PolyStyle>
          </Style>
          <LineString>
            <extrude>1</extrude>
            <tessellate>0</tessellate>
            <altitudeMode>absolute</altitudeMode>
            <coordinates>51.449781525,25.492409398,11.273 51.449814843,25.492388702,11.132 </coordinates>
          </LineString>
        </Placemark>
        <Placemark>
          <name><![CDATA[<span style="color:#00e668">trkpt 253</span>]]></name>
          <Style>
            <LineStyle>
              <color>ff68e600</color>
              <width>4</width>
            </LineStyle>
            <PolyStyle>
              <color>cc68e600</color>
            </PolyStyle>
          </Style>
          <LineString>
            <extrude>1</extrude>
            <tessellate>0</tessellate>
            <altitudeMode>absolute</altitudeMode>
            <coordinates>51.449814843,25.492388702,11.132 51.449848393,25.492368343,11.028 </coordinates>
          </LineString>
        </Placemark>
        <Placemark>
          <name><![CDATA[<span style="color:#00e658">trkpt 254</span>]]></name>
          <Style>
            <LineStyle>
              <color>ff58e600</color>
              <width>4</width>
            </LineStyle>
            <PolyStyle>
              <color>cc58e600</color>
            </PolyStyle>
          </Style>
          <LineString>
            <extrude>1</extrude>
            <tessellate>0</tessellate>
            <altitudeMode>absolute</altitudeMode>
            <coordinates>51.449848393,25.492368343,11.028 51.44988213,25.492348293,10.961 </coordinates>
          </LineString>
        </Placemark>
        <Placemark>
          <name><![CDATA[<span style="color:#00e64f">trkpt 255</span>]]></name>
          <Style>
            <LineStyle>
              <color>ff4fe600</color>
              <width>4</width>
            </LineStyle>
            <PolyStyle>
              <color>cc4fe600</color>
            </PolyStyle>
          </Style>
          <LineString>
            <extrude>1</extrude>
            <tessellate>0</tessellate>
            <altitudeMode>absolute</altitudeMode>
            <coordinates>51.44988213,25.492348293,10.961 51.449916067,25.492328182,10.928 </coordinates>
          </LineString>
        </Placemark>
        <Placemark>
          <name><![CDATA[<span style="color:#00e64b">trkpt 256</span>]]></name>
          <Style>
            <LineStyle>
              <color>ff4be600</color>
              <width>4</width>
            </LineStyle>
            <PolyStyle>
              <color>cc4be600</color>
            </PolyStyle>
          </Style>
          <LineString>
            <extrude>1</extrude>
            <tessellate>0</tessellate>
            <altitudeMode>absolute</altitudeMode>
            <coordinates>51.449916067,25.492328182,10.928 51.449950243,25.492308275,10.932 </coordinates>
          </LineString>
        </Placemark>
        <Placemark>
          <name><![CDATA[<span style="color:#00e64b">trkpt 257</span>]]></name>
          <Style>
            <LineStyle>
              <color>ff4be600</color>
              <width>4</width>
            </LineStyle>
            <PolyStyle>
              <color>cc4be600</color>
            </PolyStyle>
          </Style>
          <LineString>
            <extrude>1</extrude>
            <tessellate>0</tessellate>
            <altitudeMode>absolute</altitudeMode>
            <coordinates>51.449950243,25.492308275,10.932 51.449984272,25.492288742,10.97 </coordinates>
          </LineString>
        </Placemark>
        <Placemark>
          <name><![CDATA[<span style="color:#00e651">trkpt 258</span>]]></name>
          <Style>
            <LineStyle>
              <color>ff51e600</color>
              <width>4</width>
            </LineStyle>
            <PolyStyle>
              <color>cc51e600</color>
            </PolyStyle>
          </Style>
          <LineString>
            <extrude>1</extrude>
            <tessellate>0</tessellate>
            <altitudeMode>absolute</altitudeMode>
            <coordinates>51.449984272,25.492288742,10.97 51.450018257,25.492269238,11 </coordinates>
          </LineString>
        </Placemark>
        <Placemark>
          <name><![CDATA[<span style="color:#00e656">trkpt 259</span>]]></name>
          <Style>
            <LineStyle>
              <color>ff56e600</color>
              <width>4</width>
            </LineStyle>
            <PolyStyle>
              <color>cc56e600</color>
            </PolyStyle>
          </Style>
          <LineString>
            <extrude>1</extrude>
            <tessellate>0</tessellate>
            <altitudeMode>absolute</altitudeMode>
            <coordinates>51.450018257,25.492269238,11 51.450052173,25.492249932,11 </coordinates>
          </LineString>
        </Placemark>
        <Placemark>
          <name><![CDATA[<span style="color:#00e656">trkpt 260</span>]]></name>
          <Style>
            <LineStyle>
              <color>ff56e600</color>
              <width>4</width>
            </LineStyle>
            <PolyStyle>
              <color>cc56e600</color>
            </PolyStyle>
          </Style>
          <LineString>
            <extrude>1</extrude>
            <tessellate>0</tessellate>
            <altitudeMode>absolute</altitudeMode>
            <coordinates>51.450052173,25.492249932,11 51.450086042,25.492230723,11 </coordinates>
          </LineString>
        </Placemark>
        <Placemark>
          <name><![CDATA[<span style="color:#00e656">trkpt 261</span>]]></name>
          <Style>
            <LineStyle>
              <color>ff56e600</color>
              <width>4</width>
            </LineStyle>
            <PolyStyle>
              <color>cc56e600</color>
            </PolyStyle>
          </Style>
          <LineString>
            <extrude>1</extrude>
            <tessellate>0</tessellate>
            <altitudeMode>absolute</altitudeMode>
            <coordinates>51.450086042,25.492230723,11 51.450119695,25.49221167,11.016 </coordinates>
          </LineString>
        </Placemark>
        <Placemark>
          <name><![CDATA[<span style="color:#00e658">trkpt 262</span>]]></name>
          <Style>
            <LineStyle>
              <color>ff58e600</color>
              <width>4</width>
            </LineStyle>
            <PolyStyle>
              <color>cc58e600</color>
            </PolyStyle>
          </Style>
          <LineString>
            <extrude>1</extrude>
            <tessellate>0</tessellate>
            <altitudeMode>absolute</altitudeMode>
            <coordinates>51.450119695,25.49221167,11.016 51.4501532,25.492192875,11.058 </coordinates>
          </LineString>
        </Placemark>
        <Placemark>
          <name><![CDATA[<span style="color:#00e65d">trkpt 263</span>]]></name>
          <Style>
            <LineStyle>
              <color>ff5de600</color>
              <width>4</width>
            </LineStyle>
            <PolyStyle>
              <color>cc5de600</color>
            </PolyStyle>
          </Style>
          <LineString>
            <extrude>1</extrude>
            <tessellate>0</tessellate>
            <altitudeMode>absolute</altitudeMode>
            <coordinates>51.4501532,25.492192875,11.058 51.450186333,25.492174178,11.116 </coordinates>
          </LineString>
        </Placemark>
        <Placemark>
          <name><![CDATA[<span style="color:#00e666">trkpt 264</span>]]></name>
          <Style>
            <LineStyle>
              <color>ff66e600</color>
              <width>4</width>
            </LineStyle>
            <PolyStyle>
              <color>cc66e600</color>
            </PolyStyle>
          </Style>
          <LineString>
            <extrude>1</extrude>
            <tessellate>0</tessellate>
            <altitudeMode>absolute</altitudeMode>
            <coordinates>51.450186333,25.492174178,11.116 51.450219387,25.492155615,11.189 </coordinates>
          </LineString>
        </Placemark>
        <Placemark>
          <name><![CDATA[<span style="color:#00e66f">trkpt 265</span>]]></name>
          <Style>
            <LineStyle>
              <color>ff6fe600</color>
              <width>4</width>
            </LineStyle>
            <PolyStyle>
              <color>cc6fe600</color>
            </PolyStyle>
          </Style>
          <LineString>
            <extrude>1</extrude>
            <tessellate>0</tessellate>
            <altitudeMode>absolute</altitudeMode>
            <coordinates>51.450219387,25.492155615,11.189 51.450252148,25.492137252,11.278 </coordinates>
          </LineString>
        </Placemark>
        <Placemark>
          <name><![CDATA[<span style="color:#00e67d">trkpt 266</span>]]></name>
          <Style>
            <LineStyle>
              <color>ff7de600</color>
              <width>4</width>
            </LineStyle>
            <PolyStyle>
              <color>cc7de600</color>
            </PolyStyle>
          </Style>
          <LineString>
            <extrude>1</extrude>
            <tessellate>0</tessellate>
            <altitudeMode>absolute</altitudeMode>
            <coordinates>51.450252148,25.492137252,11.278 51.450284543,25.492119198,11.386 </coordinates>
          </LineString>
        </Placemark>
        <Placemark>
          <name><![CDATA[<span style="color:#00e68d">trkpt 267</span>]]></name>
          <Style>
            <LineStyle>
              <color>ff8de600</color>
              <width>4</width>
            </LineStyle>
            <PolyStyle>
              <color>cc8de600</color>
            </PolyStyle>
          </Style>
          <LineString>
            <extrude>1</extrude>
            <tessellate>0</tessellate>
            <altitudeMode>absolute</altitudeMode>
            <coordinates>51.450284543,25.492119198,11.386 51.45031646,25.492101315,11.514 </coordinates>
          </LineString>
        </Placemark>
        <Placemark>
          <name><![CDATA[<span style="color:#00e6a0">trkpt 268</span>]]></name>
          <Style>
            <LineStyle>
              <color>ffa0e600</color>
              <width>4</width>
            </LineStyle>
            <PolyStyle>
              <color>cca0e600</color>
            </PolyStyle>
          </Style>
          <LineString>
            <extrude>1</extrude>
            <tessellate>0</tessellate>
            <altitudeMode>absolute</altitudeMode>
            <coordinates>51.45031646,25.492101315,11.514 51.451046627,25.491681965,10.055 </coordinates>
          </LineString>
        </Placemark>
        <Placemark>
          <name><![CDATA[<span style="color:#32e600">trkpt 269</span>]]></name>
          <Style>
            <LineStyle>
              <color>ff00e632</color>
              <width>4</width>
            </LineStyle>
            <PolyStyle>
              <color>cc00e632</color>
            </PolyStyle>
          </Style>
          <LineString>
            <extrude>1</extrude>
            <tessellate>0</tessellate>
            <altitudeMode>absolute</altitudeMode>
            <coordinates>51.451046627,25.491681965,10.055 51.451061952,25.491678165,10.041 </coordinates>
          </LineString>
        </Placemark>
        <Placemark>
          <name><![CDATA[<span style="color:#34e600">trkpt 270</span>]]></name>
          <Style>
            <LineStyle>
              <color>ff00e634</color>
              <width>4</width>
            </LineStyle>
            <PolyStyle>
              <color>cc00e634</color>
            </PolyStyle>
          </Style>
          <LineString>
            <extrude>1</extrude>
            <tessellate>0</tessellate>
            <altitudeMode>absolute</altitudeMode>
            <coordinates>51.451061952,25.491678165,10.041 51.451077953,25.491673893,10.026 </coordinates>
          </LineString>
        </Placemark>
        <Placemark>
          <name><![CDATA[<span style="color:#36e600">trkpt 271</span>]]></name>
          <Style>
            <LineStyle>
              <color>ff00e636</color>
              <width>4</width>
            </LineStyle>
            <PolyStyle>
              <color>cc00e636</color>
            </PolyStyle>
          </Style>
          <LineString>
            <extrude>1</extrude>
            <tessellate>0</tessellate>
            <altitudeMode>absolute</altitudeMode>
            <coordinates>51.451077953,25.491673893,10.026 51.45109426,25.491668867,10.008 </coordinates>
          </LineString>
        </Placemark>
        <Placemark>
          <name><![CDATA[<span style="color:#39e600">trkpt 272</span>]]></name>
          <Style>
            <LineStyle>
              <color>ff00e639</color>
              <width>4</width>
            </LineStyle>
            <PolyStyle>
              <color>cc00e639</color>
            </PolyStyle>
          </Style>
          <LineString>
            <extrude>1</extrude>
            <tessellate>0</tessellate>
            <altitudeMode>absolute</altitudeMode>
            <coordinates>51.45109426,25.491668867,10.008 51.451110762,25.491663442,9.988 </coordinates>
          </LineString>
        </Placemark>
        <Placemark>
          <name><![CDATA[<span style="color:#3be600">trkpt 273</span>]]></name>
          <Style>
            <LineStyle>
              <color>ff00e63b</color>
              <width>4</width>
            </LineStyle>
            <PolyStyle>
              <color>cc00e63b</color>
            </PolyStyle>
          </Style>
          <LineString>
            <extrude>1</extrude>
            <tessellate>0</tessellate>
            <altitudeMode>absolute</altitudeMode>
            <coordinates>51.451110762,25.491663442,9.988 51.45112789,25.491657727,10.028 </coordinates>
          </LineString>
        </Placemark>
        <Placemark>
          <name><![CDATA[<span style="color:#36e600">trkpt 274</span>]]></name>
          <Style>
            <LineStyle>
              <color>ff00e636</color>
              <width>4</width>
            </LineStyle>
            <PolyStyle>
              <color>cc00e636</color>
            </PolyStyle>
          </Style>
          <LineString>
            <extrude>1</extrude>
            <tessellate>0</tessellate>
            <altitudeMode>absolute</altitudeMode>
            <coordinates>51.45112789,25.491657727,10.028 51.451145397,25.491651695,10.07 </coordinates>
          </LineString>
        </Placemark>
        <Placemark>
          <name><![CDATA[<span style="color:#2fe600">trkpt 275</span>]]></name>
          <Style>
            <LineStyle>
              <color>ff00e62f</color>
              <width>4</width>
            </LineStyle>
            <PolyStyle>
              <color>cc00e62f</color>
            </PolyStyle>
          </Style>
          <LineString>
            <extrude>1</extrude>
            <tessellate>0</tessellate>
            <altitudeMode>absolute</altitudeMode>
            <coordinates>51.451145397,25.491651695,10.07 51.451163393,25.491645735,10.113 </coordinates>
          </LineString>
        </Placemark>
        <Placemark>
          <name><![CDATA[<span style="color:#28e600">trkpt 276</span>]]></name>
          <Style>
            <LineStyle>
              <color>ff00e628</color>
              <width>4</width>
            </LineStyle>
            <PolyStyle>
              <color>cc00e628</color>
            </PolyStyle>
          </Style>
          <LineString>
            <extrude>1</extrude>
            <tessellate>0</tessellate>
            <altitudeMode>absolute</altitudeMode>
            <coordinates>51.451163393,25.491645735,10.113 51.451181887,25.491639585,10.157 </coordinates>
          </LineString>
        </Placemark>
        <Placemark>
          <name><![CDATA[<span style="color:#24e600">trkpt 277</span>]]></name>
          <Style>
            <LineStyle>
              <color>ff00e624</color>
              <width>4</width>
            </LineStyle>
            <PolyStyle>
              <color>cc00e624</color>
            </PolyStyle>
          </Style>
          <LineString>
            <extrude>1</extrude>
            <tessellate>0</tessellate>
            <altitudeMode>absolute</altitudeMode>
            <coordinates>51.451181887,25.491639585,10.157 51.451201068,25.491633387,10.204 </coordinates>
          </LineString>
        </Placemark>
        <Placemark>
          <name><![CDATA[<span style="color:#1de600">trkpt 278</span>]]></name>
          <Style>
            <LineStyle>
              <color>ff00e61d</color>
              <width>4</width>
            </LineStyle>
            <PolyStyle>
              <color>cc00e61d</color>
            </PolyStyle>
          </Style>
          <LineString>
            <extrude>1</extrude>
            <tessellate>0</tessellate>
            <altitudeMode>absolute</altitudeMode>
            <coordinates>51.451201068,25.491633387,10.204 51.45122076,25.491627253,10.253 </coordinates>
          </LineString>
        </Placemark>
        <Placemark>
          <name><![CDATA[<span style="color:#16e600">trkpt 279</span>]]></name>
          <Style>
            <LineStyle>
              <color>ff00e616</color>
              <width>4</width>
            </LineStyle>
            <PolyStyle>
              <color>cc00e616</color>
            </PolyStyle>
          </Style>
          <LineString>
            <extrude>1</extrude>
            <tessellate>0</tessellate>
            <altitudeMode>absolute</altitudeMode>
            <coordinates>51.45122076,25.491627253,10.253 51.45124109,25.491621332,10.305 </coordinates>
          </LineString>
        </Placemark>
        <Placemark>
          <name><![CDATA[<span style="color:#0de600">trkpt 280</span>]]></name>
          <Style>
            <LineStyle>
              <color>ff00e60d</color>
              <width>4</width>
            </LineStyle>
            <PolyStyle>
              <color>cc00e60d</color>
            </PolyStyle>
          </Style>
          <LineString>
            <extrude>1</extrude>
            <tessellate>0</tessellate>
            <altitudeMode>absolute</altitudeMode>
            <coordinates>51.45124109,25.491621332,10.305 51.451262055,25.49161577,10.36 </coordinates>
          </LineString>
        </Placemark>
        <Placemark>
          <name><![CDATA[<span style="color:#06e600">trkpt 281</span>]]></name>
          <Style>
            <LineStyle>
              <color>ff00e606</color>
              <width>4</width>
            </LineStyle>
            <PolyStyle>
              <color>cc00e606</color>
            </PolyStyle>
          </Style>
          <LineString>
            <extrude>1</extrude>
            <tessellate>0</tessellate>
            <altitudeMode>absolute</altitudeMode>
            <coordinates>51.451262055,25.49161577,10.36 51.451283423,25.49161045,10.418 </coordinates>
          </LineString>
        </Placemark>
        <Placemark>
          <name><![CDATA[<span style="color:#00e603">trkpt 282</span>]]></name>
          <Style>
            <LineStyle>
              <color>ff03e600</color>
              <width>4</width>
            </LineStyle>
            <PolyStyle>
              <color>cc03e600</color>
            </PolyStyle>
          </Style>
          <LineString>
            <extrude>1</extrude>
            <tessellate>0</tessellate>
            <altitudeMode>absolute</altitudeMode>
            <coordinates>51.451283423,25.49161045,10.418 51.451305452,25.491605315,10.479 </coordinates>
          </LineString>
        </Placemark>
        <Placemark>
          <name><![CDATA[<span style="color:#00e60a">trkpt 283</span>]]></name>
          <Style>
            <LineStyle>
              <color>ff0ae600</color>
              <width>4</width>
            </LineStyle>
            <PolyStyle>
              <color>cc0ae600</color>
            </PolyStyle>
          </Style>
          <LineString>
            <extrude>1</extrude>
            <tessellate>0</tessellate>
            <altitudeMode>absolute</altitudeMode>
            <coordinates>51.451305452,25.491605315,10.479 51.451328308,25.491600553,10.544 </coordinates>
          </LineString>
        </Placemark>
        <Placemark>
          <name><![CDATA[<span style="color:#00e613">trkpt 284</span>]]></name>
          <Style>
            <LineStyle>
              <color>ff13e600</color>
              <width>4</width>
            </LineStyle>
            <PolyStyle>
              <color>cc13e600</color>
            </PolyStyle>
          </Style>
          <LineString>
            <extrude>1</extrude>
            <tessellate>0</tessellate>
            <altitudeMode>absolute</altitudeMode>
            <coordinates>51.451328308,25.491600553,10.544 51.451351758,25.491595988,10.612 </coordinates>
          </LineString>
        </Placemark>
        <Placemark>
          <name><![CDATA[<span style="color:#00e61f">trkpt 285</span>]]></name>
          <Style>
            <LineStyle>
              <color>ff1fe600</color>
              <width>4</width>
            </LineStyle>
            <PolyStyle>
              <color>cc1fe600</color>
            </PolyStyle>
          </Style>
          <LineString>
            <extrude>1</extrude>
            <tessellate>0</tessellate>
            <altitudeMode>absolute</altitudeMode>
            <coordinates>51.451351758,25.491595988,10.612 51.451375793,25.491591938,10.684 </coordinates>
          </LineString>
        </Placemark>
        <Placemark>
          <name><![CDATA[<span style="color:#00e628">trkpt 286</span>]]></name>
          <Style>
            <LineStyle>
              <color>ff28e600</color>
              <width>4</width>
            </LineStyle>
            <PolyStyle>
              <color>cc28e600</color>
            </PolyStyle>
          </Style>
          <LineString>
            <extrude>1</extrude>
            <tessellate>0</tessellate>
            <altitudeMode>absolute</altitudeMode>
            <coordinates>51.451375793,25.491591938,10.684 51.451400423,25.491588138,10.729 </coordinates>
          </LineString>
        </Placemark>
        <Placemark>
          <name><![CDATA[<span style="color:#00e62f">trkpt 287</span>]]></name>
          <Style>
            <LineStyle>
              <color>ff2fe600</color>
              <width>4</width>
            </LineStyle>
            <PolyStyle>
              <color>cc2fe600</color>
            </PolyStyle>
          </Style>
          <LineString>
            <extrude>1</extrude>
            <tessellate>0</tessellate>
            <altitudeMode>absolute</altitudeMode>
            <coordinates>51.451400423,25.491588138,10.729 51.451425447,25.491584637,10.744 </coordinates>
          </LineString>
        </Placemark>
        <Placemark>
          <name><![CDATA[<span style="color:#00e631">trkpt 288</span>]]></name>
          <Style>
            <LineStyle>
              <color>ff31e600</color>
              <width>4</width>
            </LineStyle>
            <PolyStyle>
              <color>cc31e600</color>
            </PolyStyle>
          </Style>
          <LineString>
            <extrude>1</extrude>
            <tessellate>0</tessellate>
            <altitudeMode>absolute</altitudeMode>
            <coordinates>51.451425447,25.491584637,10.744 51.451450882,25.491581417,10.762 </coordinates>
          </LineString>
        </Placemark>
        <Placemark>
          <name><![CDATA[<span style="color:#00e634">trkpt 289</span>]]></name>
          <Style>
            <LineStyle>
              <color>ff34e600</color>
              <width>4</width>
            </LineStyle>
            <PolyStyle>
              <color>cc34e600</color>
            </PolyStyle>
          </Style>
          <LineString>
            <extrude>1</extrude>
            <tessellate>0</tessellate>
            <altitudeMode>absolute</altitudeMode>
            <coordinates>51.451450882,25.491581417,10.762 51.451476565,25.491578165,10.782 </coordinates>
          </LineString>
        </Placemark>
        <Placemark>
          <name><![CDATA[<span style="color:#00e636">trkpt 290</span>]]></name>
          <Style>
            <LineStyle>
              <color>ff36e600</color>
              <width>4</width>
            </LineStyle>
            <PolyStyle>
              <color>cc36e600</color>
            </PolyStyle>
          </Style>
          <LineString>
            <extrude>1</extrude>
            <tessellate>0</tessellate>
            <altitudeMode>absolute</altitudeMode>
            <coordinates>51.451476565,25.491578165,10.782 51.451502602,25.491575197,10.806 </coordinates>
          </LineString>
        </Placemark>
        <Placemark>
          <name><![CDATA[<span style="color:#00e63a">trkpt 291</span>]]></name>
          <Style>
            <LineStyle>
              <color>ff3ae600</color>
              <width>4</width>
            </LineStyle>
            <PolyStyle>
              <color>cc3ae600</color>
            </PolyStyle>
          </Style>
          <LineString>
            <extrude>1</extrude>
            <tessellate>0</tessellate>
            <altitudeMode>absolute</altitudeMode>
            <coordinates>51.451502602,25.491575197,10.806 51.451528743,25.491572177,10.831 </coordinates>
          </LineString>
        </Placemark>
        <Placemark>
          <name><![CDATA[<span style="color:#00e63d">trkpt 292</span>]]></name>
          <Style>
            <LineStyle>
              <color>ff3de600</color>
              <width>4</width>
            </LineStyle>
            <PolyStyle>
              <color>cc3de600</color>
            </PolyStyle>
          </Style>
          <LineString>
            <extrude>1</extrude>
            <tessellate>0</tessellate>
            <altitudeMode>absolute</altitudeMode>
            <coordinates>51.451528743,25.491572177,10.831 51.451554995,25.491569055,10.859 </coordinates>
          </LineString>
        </Placemark>
        <Placemark>
          <name><![CDATA[<span style="color:#00e641">trkpt 293</span>]]></name>
          <Style>
            <LineStyle>
              <color>ff41e600</color>
              <width>4</width>
            </LineStyle>
            <PolyStyle>
              <color>cc41e600</color>
            </PolyStyle>
          </Style>
          <LineString>
            <extrude>1</extrude>
            <tessellate>0</tessellate>
            <altitudeMode>absolute</altitudeMode>
            <coordinates>51.451554995,25.491569055,10.859 51.451581245,25.491565897,10.888 </coordinates>
          </LineString>
        </Placemark>
        <Placemark>
          <name><![CDATA[<span style="color:#00e646">trkpt 294</span>]]></name>
          <Style>
            <LineStyle>
              <color>ff46e600</color>
              <width>4</width>
            </LineStyle>
            <PolyStyle>
              <color>cc46e600</color>
            </PolyStyle>
          </Style>
          <LineString>
            <extrude>1</extrude>
            <tessellate>0</tessellate>
            <altitudeMode>absolute</altitudeMode>
            <coordinates>51.451581245,25.491565897,10.888 51.451607375,25.491562393,10.92 </coordinates>
          </LineString>
        </Placemark>
        <Placemark>
          <name><![CDATA[<span style="color:#00e64b">trkpt 295</span>]]></name>
          <Style>
            <LineStyle>
              <color>ff4be600</color>
              <width>4</width>
            </LineStyle>
            <PolyStyle>
              <color>cc4be600</color>
            </PolyStyle>
          </Style>
          <LineString>
            <extrude>1</extrude>
            <tessellate>0</tessellate>
            <altitudeMode>absolute</altitudeMode>
            <coordinates>51.451607375,25.491562393,10.92 51.451633407,25.491558447,10.953 </coordinates>
          </LineString>
        </Placemark>
        <Placemark>
          <name><![CDATA[<span style="color:#00e64f">trkpt 296</span>]]></name>
          <Style>
            <LineStyle>
              <color>ff4fe600</color>
              <width>4</width>
            </LineStyle>
            <PolyStyle>
              <color>cc4fe600</color>
            </PolyStyle>
          </Style>
          <LineString>
            <extrude>1</extrude>
            <tessellate>0</tessellate>
            <altitudeMode>absolute</altitudeMode>
            <coordinates>51.451633407,25.491558447,10.953 51.451659257,25.491553963,10.989 </coordinates>
          </LineString>
        </Placemark>
        <Placemark>
          <name><![CDATA[<span style="color:#00e654">trkpt 297</span>]]></name>
          <Style>
            <LineStyle>
              <color>ff54e600</color>
              <width>4</width>
            </LineStyle>
            <PolyStyle>
              <color>cc54e600</color>
            </PolyStyle>
          </Style>
          <LineString>
            <extrude>1</extrude>
            <tessellate>0</tessellate>
            <altitudeMode>absolute</altitudeMode>
            <coordinates>51.451659257,25.491553963,10.989 51.451684885,25.491549028,11.038 </coordinates>
          </LineString>
        </Placemark>
        <Placemark>
          <name><![CDATA[<span style="color:#00e65b">trkpt 298</span>]]></name>
          <Style>
            <LineStyle>
              <color>ff5be600</color>
              <width>4</width>
            </LineStyle>
            <PolyStyle>
              <color>cc5be600</color>
            </PolyStyle>
          </Style>
          <LineString>
            <extrude>1</extrude>
            <tessellate>0</tessellate>
            <altitudeMode>absolute</altitudeMode>
            <coordinates>51.451684885,25.491549028,11.038 51.451710287,25.491543328,11.087 </coordinates>
          </LineString>
        </Placemark>
        <Placemark>
          <name><![CDATA[<span style="color:#00e662">trkpt 299</span>]]></name>
          <Style>
            <LineStyle>
              <color>ff62e600</color>
              <width>4</width>
            </LineStyle>
            <PolyStyle>
              <color>cc62e600</color>
            </PolyStyle>
          </Style>
          <LineString>
            <extrude>1</extrude>
            <tessellate>0</tessellate>
            <altitudeMode>absolute</altitudeMode>
            <coordinates>51.451710287,25.491543328,11.087 51.45173529,25.491536958,11.132 </coordinates>
          </LineString>
        </Placemark>
        <Placemark>
          <name><![CDATA[<span style="color:#00e668">trkpt 300</span>]]></name>
          <Style>
            <LineStyle>
              <color>ff68e600</color>
              <width>4</width>
            </LineStyle>
            <PolyStyle>
              <color>cc68e600</color>
            </PolyStyle>
          </Style>
          <LineString>
            <extrude>1</extrude>
            <tessellate>0</tessellate>
            <altitudeMode>absolute</altitudeMode>
            <coordinates>51.45173529,25.491536958,11.132 51.451759947,25.491529635,11.17 </coordinates>
          </LineString>
        </Placemark>
        <Placemark>
          <name><![CDATA[<span style="color:#00e66d">trkpt 301</span>]]></name>
          <Style>
            <LineStyle>
              <color>ff6de600</color>
              <width>4</width>
            </LineStyle>
            <PolyStyle>
              <color>cc6de600</color>
            </PolyStyle>
          </Style>
          <LineString>
            <extrude>1</extrude>
            <tessellate>0</tessellate>
            <altitudeMode>absolute</altitudeMode>
            <coordinates>51.451759947,25.491529635,11.17 51.451784035,25.491521183,11.201 </coordinates>
          </LineString>
        </Placemark>
        <Placemark>
          <name><![CDATA[<span style="color:#00e672">trkpt 302</span>]]></name>
          <Style>
            <LineStyle>
              <color>ff72e600</color>
              <width>4</width>
            </LineStyle>
            <PolyStyle>
              <color>cc72e600</color>
            </PolyStyle>
          </Style>
          <LineString>
            <extrude>1</extrude>
            <tessellate>0</tessellate>
            <altitudeMode>absolute</altitudeMode>
            <coordinates>51.451784035,25.491521183,11.201 51.45180733,25.491511718,11.224 </coordinates>
          </LineString>
        </Placemark>
        <Placemark>
          <name><![CDATA[<span style="color:#00e676">trkpt 303</span>]]></name>
          <Style>
            <LineStyle>
              <color>ff76e600</color>
              <width>4</width>
            </LineStyle>
            <PolyStyle>
              <color>cc76e600</color>
            </PolyStyle>
          </Style>
          <LineString>
            <extrude>1</extrude>
            <tessellate>0</tessellate>
            <altitudeMode>absolute</altitudeMode>
            <coordinates>51.45180733,25.491511718,11.224 51.451830318,25.49150136,11.239 </coordinates>
          </LineString>
        </Placemark>
        <Placemark>
          <name><![CDATA[<span style="color:#00e678">trkpt 304</span>]]></name>
          <Style>
            <LineStyle>
              <color>ff78e600</color>
              <width>4</width>
            </LineStyle>
            <PolyStyle>
              <color>cc78e600</color>
            </PolyStyle>
          </Style>
          <LineString>
            <extrude>1</extrude>
            <tessellate>0</tessellate>
            <altitudeMode>absolute</altitudeMode>
            <coordinates>51.451830318,25.49150136,11.239 51.451851853,25.491489605,11.242 </coordinates>
          </LineString>
        </Placemark>
        <Placemark>
          <name><![CDATA[<span style="color:#00e678">trkpt 305</span>]]></name>
          <Style>
            <LineStyle>
              <color>ff78e600</color>
              <width>4</width>
            </LineStyle>
            <PolyStyle>
              <color>cc78e600</color>
            </PolyStyle>
          </Style>
          <LineString>
            <extrude>1</extrude>
            <tessellate>0</tessellate>
            <altitudeMode>absolute</altitudeMode>
            <coordinates>51.451851853,25.491489605,11.242 51.451872997,25.491476313,11.234 </coordinates>
          </LineString>
        </Placemark>
        <Placemark>
          <name><![CDATA[<span style="color:#00e676">trkpt 306</span>]]></name>
          <Style>
            <LineStyle>
              <color>ff76e600</color>
              <width>4</width>
            </LineStyle>
            <PolyStyle>
              <color>cc76e600</color>
            </PolyStyle>
          </Style>
          <LineString>
            <extrude>1</extrude>
            <tessellate>0</tessellate>
            <altitudeMode>absolute</altitudeMode>
            <coordinates>51.451872997,25.491476313,11.234 51.451892488,25.491461742,11.213 </coordinates>
          </LineString>
        </Placemark>
        <Placemark>
          <name><![CDATA[<span style="color:#00e674">trkpt 307</span>]]></name>
          <Style>
            <LineStyle>
              <color>ff74e600</color>
              <width>4</width>
            </LineStyle>
            <PolyStyle>
              <color>cc74e600</color>
            </PolyStyle>
          </Style>
          <LineString>
            <extrude>1</extrude>
            <tessellate>0</tessellate>
            <altitudeMode>absolute</altitudeMode>
            <coordinates>51.451892488,25.491461742,11.213 51.451911155,25.491446162,11.181 </coordinates>
          </LineString>
        </Placemark>
        <Placemark>
          <name><![CDATA[<span style="color:#00e66f">trkpt 308</span>]]></name>
          <Style>
            <LineStyle>
              <color>ff6fe600</color>
              <width>4</width>
            </LineStyle>
            <PolyStyle>
              <color>cc6fe600</color>
            </PolyStyle>
          </Style>
          <LineString>
            <extrude>1</extrude>
            <tessellate>0</tessellate>
            <altitudeMode>absolute</altitudeMode>
            <coordinates>51.451911155,25.491446162,11.181 51.451928433,25.491429483,11.138 </coordinates>
          </LineString>
        </Placemark>
        <Placemark>
          <name><![CDATA[<span style="color:#00e668">trkpt 309</span>]]></name>
          <Style>
            <LineStyle>
              <color>ff68e600</color>
              <width>4</width>
            </LineStyle>
            <PolyStyle>
              <color>cc68e600</color>
            </PolyStyle>
          </Style>
          <LineString>
            <extrude>1</extrude>
            <tessellate>0</tessellate>
            <altitudeMode>absolute</altitudeMode>
            <coordinates>51.451928433,25.491429483,11.138 51.451944177,25.491411768,11.082 </coordinates>
          </LineString>
        </Placemark>
        <Placemark>
          <name><![CDATA[<span style="color:#00e662">trkpt 310</span>]]></name>
          <Style>
            <LineStyle>
              <color>ff62e600</color>
              <width>4</width>
            </LineStyle>
            <PolyStyle>
              <color>cc62e600</color>
            </PolyStyle>
          </Style>
          <LineString>
            <extrude>1</extrude>
            <tessellate>0</tessellate>
            <altitudeMode>absolute</altitudeMode>
            <coordinates>51.451944177,25.491411768,11.082 51.451959563,25.491393292,11.07 </coordinates>
          </LineString>
        </Placemark>
        <Placemark>
          <name><![CDATA[<span style="color:#00e65f">trkpt 311</span>]]></name>
          <Style>
            <LineStyle>
              <color>ff5fe600</color>
              <width>4</width>
            </LineStyle>
            <PolyStyle>
              <color>cc5fe600</color>
            </PolyStyle>
          </Style>
          <LineString>
            <extrude>1</extrude>
            <tessellate>0</tessellate>
            <altitudeMode>absolute</altitudeMode>
            <coordinates>51.451959563,25.491393292,11.07 51.451973912,25.491374298,11.153 </coordinates>
          </LineString>
        </Placemark>
        <Placemark>
          <name><![CDATA[<span style="color:#00e66b">trkpt 312</span>]]></name>
          <Style>
            <LineStyle>
              <color>ff6be600</color>
              <width>4</width>
            </LineStyle>
            <PolyStyle>
              <color>cc6be600</color>
            </PolyStyle>
          </Style>
          <LineString>
            <extrude>1</extrude>
            <tessellate>0</tessellate>
            <altitudeMode>absolute</altitudeMode>
            <coordinates>51.451973912,25.491374298,11.153 51.451987333,25.491354705,11.258 </coordinates>
          </LineString>
        </Placemark>
        <Placemark>
          <name><![CDATA[<span style="color:#00e67b">trkpt 313</span>]]></name>
          <Style>
            <LineStyle>
              <color>ff7be600</color>
              <width>4</width>
            </LineStyle>
            <PolyStyle>
              <color>cc7be600</color>
            </PolyStyle>
          </Style>
          <LineString>
            <extrude>1</extrude>
            <tessellate>0</tessellate>
            <altitudeMode>absolute</altitudeMode>
            <coordinates>51.451987333,25.491354705,11.258 51.452000482,25.491334837,11.357 </coordinates>
          </LineString>
        </Placemark>
        <Placemark>
          <name><![CDATA[<span style="color:#00e689">trkpt 314</span>]]></name>
          <Style>
            <LineStyle>
              <color>ff89e600</color>
              <width>4</width>
            </LineStyle>
            <PolyStyle>
              <color>cc89e600</color>
            </PolyStyle>
          </Style>
          <LineString>
            <extrude>1</extrude>
            <tessellate>0</tessellate>
            <altitudeMode>absolute</altitudeMode>
            <coordinates>51.452000482,25.491334837,11.357 51.45201327,25.491314665,11.449 </coordinates>
          </LineString>
        </Placemark>
        <Placemark>
          <name><![CDATA[<span style="color:#00e696">trkpt 315</span>]]></name>
          <Style>
            <LineStyle>
              <color>ff96e600</color>
              <width>4</width>
            </LineStyle>
            <PolyStyle>
              <color>cc96e600</color>
            </PolyStyle>
          </Style>
          <LineString>
            <extrude>1</extrude>
            <tessellate>0</tessellate>
            <altitudeMode>absolute</altitudeMode>
            <coordinates>51.45201327,25.491314665,11.449 51.45202591,25.4912942,11.534 </coordinates>
          </LineString>
        </Placemark>
        <Placemark>
          <name><![CDATA[<span style="color:#00e6a2">trkpt 316</span>]]></name>
          <Style>
            <LineStyle>
              <color>ffa2e600</color>
              <width>4</width>
            </LineStyle>
            <PolyStyle>
              <color>cca2e600</color>
            </PolyStyle>
          </Style>
          <LineString>
            <extrude>1</extrude>
            <tessellate>0</tessellate>
            <altitudeMode>absolute</altitudeMode>
            <coordinates>51.45202591,25.4912942,11.534 51.452038492,25.491273603,11.613 </coordinates>
          </LineString>
        </Placemark>
        <Placemark>
          <name><![CDATA[<span style="color:#00e6ad">trkpt 317</span>]]></name>
          <Style>
            <LineStyle>
              <color>ffade600</color>
              <width>4</width>
            </LineStyle>
            <PolyStyle>
              <color>ccade600</color>
            </PolyStyle>
          </Style>
          <LineString>
            <extrude>1</extrude>
            <tessellate>0</tessellate>
            <altitudeMode>absolute</altitudeMode>
            <coordinates>51.452038492,25.491273603,11.613 51.452051482,25.491252965,11.686 </coordinates>
          </LineString>
        </Placemark>
        <Placemark>
          <name><![CDATA[<span style="color:#00e6b7">trkpt 318</span>]]></name>
          <Style>
            <LineStyle>
              <color>ffb7e600</color>
              <width>4</width>
            </LineStyle>
            <PolyStyle>
              <color>ccb7e600</color>
            </PolyStyle>
          </Style>
          <LineString>
            <extrude>1</extrude>
            <tessellate>0</tessellate>
            <altitudeMode>absolute</altitudeMode>
            <coordinates>51.452051482,25.491252965,11.686 51.452064452,25.491232128,11.753 </coordinates>
          </LineString>
        </Placemark>
        <Placemark>
          <name><![CDATA[<span style="color:#00e6c0">trkpt 319</span>]]></name>
          <Style>
            <LineStyle>
              <color>ffc0e600</color>
              <width>4</width>
            </LineStyle>
            <PolyStyle>
              <color>ccc0e600</color>
            </PolyStyle>
          </Style>
          <LineString>
            <extrude>1</extrude>
            <tessellate>0</tessellate>
            <altitudeMode>absolute</altitudeMode>
            <coordinates>51.452064452,25.491232128,11.753 51.45207769,25.491211497,11.812 </coordinates>
          </LineString>
        </Placemark>
        <Placemark>
          <name><![CDATA[<span style="color:#00e6c9">trkpt 320</span>]]></name>
          <Style>
            <LineStyle>
              <color>ffc9e600</color>
              <width>4</width>
            </LineStyle>
            <PolyStyle>
              <color>ccc9e600</color>
            </PolyStyle>
          </Style>
          <LineString>
            <extrude>1</extrude>
            <tessellate>0</tessellate>
            <altitudeMode>absolute</altitudeMode>
            <coordinates>51.45207769,25.491211497,11.812 51.452091075,25.491190987,11.864 </coordinates>
          </LineString>
        </Placemark>
        <Placemark>
          <name><![CDATA[<span style="color:#00e6d0">trkpt 321</span>]]></name>
          <Style>
            <LineStyle>
              <color>ffd0e600</color>
              <width>4</width>
            </LineStyle>
            <PolyStyle>
              <color>ccd0e600</color>
            </PolyStyle>
          </Style>
          <LineString>
            <extrude>1</extrude>
            <tessellate>0</tessellate>
            <altitudeMode>absolute</altitudeMode>
            <coordinates>51.452091075,25.491190987,11.864 51.452104612,25.491170792,11.909 </coordinates>
          </LineString>
        </Placemark>
        <Placemark>
          <name><![CDATA[<span style="color:#00e6d7">trkpt 322</span>]]></name>
          <Style>
            <LineStyle>
              <color>ffd7e600</color>
              <width>4</width>
            </LineStyle>
            <PolyStyle>
              <color>ccd7e600</color>
            </PolyStyle>
          </Style>
          <LineString>
            <extrude>1</extrude>
            <tessellate>0</tessellate>
            <altitudeMode>absolute</altitudeMode>
            <coordinates>51.452104612,25.491170792,11.909 51.45211833,25.491150915,11.946 </coordinates>
          </LineString>
        </Placemark>
        <Placemark>
          <name><![CDATA[<span style="color:#00e6db">trkpt 323</span>]]></name>
          <Style>
            <LineStyle>
              <color>ffdbe600</color>
              <width>4</width>
            </LineStyle>
            <PolyStyle>
              <color>ccdbe600</color>
            </PolyStyle>
          </Style>
          <LineString>
            <extrude>1</extrude>
            <tessellate>0</tessellate>
            <altitudeMode>absolute</altitudeMode>
            <coordinates>51.45211833,25.491150915,11.946 51.452132373,25.49113137,11.976 </coordinates>
          </LineString>
        </Placemark>
        <Placemark>
          <name><![CDATA[<span style="color:#00e6e0">trkpt 324</span>]]></name>
          <Style>
            <LineStyle>
              <color>ffe0e600</color>
              <width>4</width>
            </LineStyle>
            <PolyStyle>
              <color>cce0e600</color>
            </PolyStyle>
          </Style>
          <LineString>
            <extrude>1</extrude>
            <tessellate>0</tessellate>
            <altitudeMode>absolute</altitudeMode>
            <coordinates>51.452132373,25.49113137,11.976 51.452146797,25.491112015,11.999 </coordinates>
          </LineString>
        </Placemark>
        <Placemark>
          <name><![CDATA[<span style="color:#00e6e5">trkpt 325</span>]]></name>
          <Style>
            <LineStyle>
              <color>ffe5e600</color>
              <width>4</width>
            </LineStyle>
            <PolyStyle>
              <color>cce5e600</color>
            </PolyStyle>
          </Style>
          <LineString>
            <extrude>1</extrude>
            <tessellate>0</tessellate>
            <altitudeMode>absolute</altitudeMode>
            <coordinates>51.452146797,25.491112015,11.999 51.452161658,25.491092963,12 </coordinates>
          </LineString>
        </Placemark>
        <Placemark>
          <name><![CDATA[<span style="color:#00e6e5">trkpt 326</span>]]></name>
          <Style>
            <LineStyle>
              <color>ffe5e600</color>
              <width>4</width>
            </LineStyle>
            <PolyStyle>
              <color>cce5e600</color>
            </PolyStyle>
          </Style>
          <LineString>
            <extrude>1</extrude>
            <tessellate>0</tessellate>
            <altitudeMode>absolute</altitudeMode>
            <coordinates>51.452161658,25.491092963,12 51.452177125,25.49107398,12 </coordinates>
          </LineString>
        </Placemark>
        <Placemark>
          <name><![CDATA[<span style="color:#00e6e5">trkpt 327</span>]]></name>
          <Style>
            <LineStyle>
              <color>ffe5e600</color>
              <width>4</width>
            </LineStyle>
            <PolyStyle>
              <color>cce5e600</color>
            </PolyStyle>
          </Style>
          <LineString>
            <extrude>1</extrude>
            <tessellate>0</tessellate>
            <altitudeMode>absolute</altitudeMode>
            <coordinates>51.452177125,25.49107398,12 51.452192947,25.491055408,12 </coordinates>
          </LineString>
        </Placemark>
        <Placemark>
          <name><![CDATA[<span style="color:#00e6e5">trkpt 328</span>]]></name>
          <Style>
            <LineStyle>
              <color>ffe5e600</color>
              <width>4</width>
            </LineStyle>
            <PolyStyle>
              <color>cce5e600</color>
            </PolyStyle>
          </Style>
          <LineString>
            <extrude>1</extrude>
            <tessellate>0</tessellate>
            <altitudeMode>absolute</altitudeMode>
            <coordinates>51.452192947,25.491055408,12 51.45220921,25.491037002,12 </coordinates>
          </LineString>
        </Placemark>
        <Placemark>
          <name><![CDATA[<span style="color:#00e6e5">trkpt 329</span>]]></name>
          <Style>
            <LineStyle>
              <color>ffe5e600</color>
              <width>4</width>
            </LineStyle>
            <PolyStyle>
              <color>cce5e600</color>
            </PolyStyle>
          </Style>
          <LineString>
            <extrude>1</extrude>
            <tessellate>0</tessellate>
            <altitudeMode>absolute</altitudeMode>
            <coordinates>51.45220921,25.491037002,12 51.452225977,25.49101868,12.014 </coordinates>
          </LineString>
        </Placemark>
        <Placemark>
          <name><![CDATA[<span style="color:#00e4e6">trkpt 330</span>]]></name>
          <Style>
            <LineStyle>
              <color>ffe6e400</color>
              <width>4</width>
            </LineStyle>
            <PolyStyle>
              <color>cce6e400</color>
            </PolyStyle>
          </Style>
          <LineString>
            <extrude>1</extrude>
            <tessellate>0</tessellate>
            <altitudeMode>absolute</altitudeMode>
            <coordinates>51.452225977,25.49101868,12.014 51.45224325,25.4910005,12.076 </coordinates>
          </LineString>
        </Placemark>
        <Placemark>
          <name><![CDATA[<span style="color:#00dbe6">trkpt 331</span>]]></name>
          <Style>
            <LineStyle>
              <color>ffe6db00</color>
              <width>4</width>
            </LineStyle>
            <PolyStyle>
              <color>cce6db00</color>
            </PolyStyle>
          </Style>
          <LineString>
            <extrude>1</extrude>
            <tessellate>0</tessellate>
            <altitudeMode>absolute</altitudeMode>
            <coordinates>51.45224325,25.4910005,12.076 51.452260953,25.490982395,12.139 </coordinates>
          </LineString>
        </Placemark>
        <Placemark>
          <name><![CDATA[<span style="color:#00d4e6">trkpt 332</span>]]></name>
          <Style>
            <LineStyle>
              <color>ffe6d400</color>
              <width>4</width>
            </LineStyle>
            <PolyStyle>
              <color>cce6d400</color>
            </PolyStyle>
          </Style>
          <LineString>
            <extrude>1</extrude>
            <tessellate>0</tessellate>
            <altitudeMode>absolute</altitudeMode>
            <coordinates>51.452260953,25.490982395,12.139 51.452279153,25.490964302,12.205 </coordinates>
          </LineString>
        </Placemark>
        <Placemark>
          <name><![CDATA[<span style="color:#00c9e6">trkpt 333</span>]]></name>
          <Style>
            <LineStyle>
              <color>ffe6c900</color>
              <width>4</width>
            </LineStyle>
            <PolyStyle>
              <color>cce6c900</color>
            </PolyStyle>
          </Style>
          <LineString>
            <extrude>1</extrude>
            <tessellate>0</tessellate>
            <altitudeMode>absolute</altitudeMode>
            <coordinates>51.452279153,25.490964302,12.205 51.45229776,25.4909465,12.272 </coordinates>
          </LineString>
        </Placemark>
        <Placemark>
          <name><![CDATA[<span style="color:#00bfe6">trkpt 334</span>]]></name>
          <Style>
            <LineStyle>
              <color>ffe6bf00</color>
              <width>4</width>
            </LineStyle>
            <PolyStyle>
              <color>cce6bf00</color>
            </PolyStyle>
          </Style>
          <LineString>
            <extrude>1</extrude>
            <tessellate>0</tessellate>
            <altitudeMode>absolute</altitudeMode>
            <coordinates>51.45229776,25.4909465,12.272 51.452316597,25.490928673,12.34 </coordinates>
          </LineString>
        </Placemark>
        <Placemark>
          <name><![CDATA[<span style="color:#00b6e6">trkpt 335</span>]]></name>
          <Style>
            <LineStyle>
              <color>ffe6b600</color>
              <width>4</width>
            </LineStyle>
            <PolyStyle>
              <color>cce6b600</color>
            </PolyStyle>
          </Style>
          <LineString>
            <extrude>1</extrude>
            <tessellate>0</tessellate>
            <altitudeMode>absolute</altitudeMode>
            <coordinates>51.452316597,25.490928673,12.34 51.452335975,25.490910923,12.41 </coordinates>
          </LineString>
        </Placemark>
        <Placemark>
          <name><![CDATA[<span style="color:#00ade6">trkpt 336</span>]]></name>
          <Style>
            <LineStyle>
              <color>ffe6ad00</color>
              <width>4</width>
            </LineStyle>
            <PolyStyle>
              <color>cce6ad00</color>
            </PolyStyle>
          </Style>
          <LineString>
            <extrude>1</extrude>
            <tessellate>0</tessellate>
            <altitudeMode>absolute</altitudeMode>
            <coordinates>51.452335975,25.490910923,12.41 51.452355867,25.490893603,12.481 </coordinates>
          </LineString>
        </Placemark>
        <Placemark>
          <name><![CDATA[<span style="color:#00a1e6">trkpt 337</span>]]></name>
          <Style>
            <LineStyle>
              <color>ffe6a100</color>
              <width>4</width>
            </LineStyle>
            <PolyStyle>
              <color>cce6a100</color>
            </PolyStyle>
          </Style>
          <LineString>
            <extrude>1</extrude>
            <tessellate>0</tessellate>
            <altitudeMode>absolute</altitudeMode>
            <coordinates>51.452355867,25.490893603,12.481 51.452376242,25.49087639,12.554 </coordinates>
          </LineString>
        </Placemark>
        <Placemark>
          <name><![CDATA[<span style="color:#0098e6">trkpt 338</span>]]></name>
          <Style>
            <LineStyle>
              <color>ffe69800</color>
              <width>4</width>
            </LineStyle>
            <PolyStyle>
              <color>cce69800</color>
            </PolyStyle>
          </Style>
          <LineString>
            <extrude>1</extrude>
            <tessellate>0</tessellate>
            <altitudeMode>absolute</altitudeMode>
            <coordinates>51.452376242,25.49087639,12.554 51.452396908,25.490859382,12.629 </coordinates>
          </LineString>
        </Placemark>
        <Placemark>
          <name><![CDATA[<span style="color:#008de6">trkpt 339</span>]]></name>
          <Style>
            <LineStyle>
              <color>ffe68d00</color>
              <width>4</width>
            </LineStyle>
            <PolyStyle>
              <color>cce68d00</color>
            </PolyStyle>
          </Style>
          <LineString>
            <extrude>1</extrude>
            <tessellate>0</tessellate>
            <altitudeMode>absolute</altitudeMode>
            <coordinates>51.452396908,25.490859382,12.629 51.452418415,25.490842387,12.706 </coordinates>
          </LineString>
        </Placemark>
        <Placemark>
          <name><![CDATA[<span style="color:#0081e6">trkpt 340</span>]]></name>
          <Style>
            <LineStyle>
              <color>ffe68100</color>
              <width>4</width>
            </LineStyle>
            <PolyStyle>
              <color>cce68100</color>
            </PolyStyle>
          </Style>
          <LineString>
            <extrude>1</extrude>
            <tessellate>0</tessellate>
            <altitudeMode>absolute</altitudeMode>
            <coordinates>51.452418415,25.490842387,12.706 51.452440273,25.490825575,12.763 </coordinates>
          </LineString>
        </Placemark>
        <Placemark>
          <name><![CDATA[<span style="color:#007ae6">trkpt 341</span>]]></name>
          <Style>
            <LineStyle>
              <color>ffe67a00</color>
              <width>4</width>
            </LineStyle>
            <PolyStyle>
              <color>cce67a00</color>
            </PolyStyle>
          </Style>
          <LineString>
            <extrude>1</extrude>
            <tessellate>0</tessellate>
            <altitudeMode>absolute</altitudeMode>
            <coordinates>51.452440273,25.490825575,12.763 51.452462662,25.49080881,12.789 </coordinates>
          </LineString>
        </Placemark>
        <Placemark>
          <name><![CDATA[<span style="color:#0076e6">trkpt 342</span>]]></name>
          <Style>
            <LineStyle>
              <color>ffe67600</color>
              <width>4</width>
            </LineStyle>
            <PolyStyle>
              <color>cce67600</color>
            </PolyStyle>
          </Style>
          <LineString>
            <extrude>1</extrude>
            <tessellate>0</tessellate>
            <altitudeMode>absolute</altitudeMode>
            <coordinates>51.452462662,25.49080881,12.789 51.452485565,25.490792097,12.807 </coordinates>
          </LineString>
        </Placemark>
        <Placemark>
          <name><![CDATA[<span style="color:#0073e6">trkpt 343</span>]]></name>
          <Style>
            <LineStyle>
              <color>ffe67300</color>
              <width>4</width>
            </LineStyle>
            <PolyStyle>
              <color>cce67300</color>
            </PolyStyle>
          </Style>
          <LineString>
            <extrude>1</extrude>
            <tessellate>0</tessellate>
            <altitudeMode>absolute</altitudeMode>
            <coordinates>51.452485565,25.490792097,12.807 51.452508748,25.490775458,12.798 </coordinates>
          </LineString>
        </Placemark>
        <Placemark>
          <name><![CDATA[<span style="color:#0076e6">trkpt 344</span>]]></name>
          <Style>
            <LineStyle>
              <color>ffe67600</color>
              <width>4</width>
            </LineStyle>
            <PolyStyle>
              <color>cce67600</color>
            </PolyStyle>
          </Style>
          <LineString>
            <extrude>1</extrude>
            <tessellate>0</tessellate>
            <altitudeMode>absolute</altitudeMode>
            <coordinates>51.452508748,25.490775458,12.798 51.452532512,25.490758742,12.763 </coordinates>
          </LineString>
        </Placemark>
        <Placemark>
          <name><![CDATA[<span style="color:#007ae6">trkpt 345</span>]]></name>
          <Style>
            <LineStyle>
              <color>ffe67a00</color>
              <width>4</width>
            </LineStyle>
            <PolyStyle>
              <color>cce67a00</color>
            </PolyStyle>
          </Style>
          <LineString>
            <extrude>1</extrude>
            <tessellate>0</tessellate>
            <altitudeMode>absolute</altitudeMode>
            <coordinates>51.452532512,25.490758742,12.763 51.452556633,25.490741868,12.738 </coordinates>
          </LineString>
        </Placemark>
        <Placemark>
          <name><![CDATA[<span style="color:#007de6">trkpt 346</span>]]></name>
          <Style>
            <LineStyle>
              <color>ffe67d00</color>
              <width>4</width>
            </LineStyle>
            <PolyStyle>
              <color>cce67d00</color>
            </PolyStyle>
          </Style>
          <LineString>
            <extrude>1</extrude>
            <tessellate>0</tessellate>
            <altitudeMode>absolute</altitudeMode>
            <coordinates>51.452556633,25.490741868,12.738 51.452581133,25.490724842,12.724 </coordinates>
          </LineString>
        </Placemark>
        <Placemark>
          <name><![CDATA[<span style="color:#007fe6">trkpt 347</span>]]></name>
          <Style>
            <LineStyle>
              <color>ffe67f00</color>
              <width>4</width>
            </LineStyle>
            <PolyStyle>
              <color>cce67f00</color>
            </PolyStyle>
          </Style>
          <LineString>
            <extrude>1</extrude>
            <tessellate>0</tessellate>
            <altitudeMode>absolute</altitudeMode>
            <coordinates>51.452581133,25.490724842,12.724 51.452605897,25.490707603,12.72 </coordinates>
          </LineString>
        </Placemark>
        <Placemark>
          <name><![CDATA[<span style="color:#007fe6">trkpt 348</span>]]></name>
          <Style>
            <LineStyle>
              <color>ffe67f00</color>
              <width>4</width>
            </LineStyle>
            <PolyStyle>
              <color>cce67f00</color>
            </PolyStyle>
          </Style>
          <LineString>
            <extrude>1</extrude>
            <tessellate>0</tessellate>
            <altitudeMode>absolute</altitudeMode>
            <coordinates>51.452605897,25.490707603,12.72 51.452631218,25.490690242,12.728 </coordinates>
          </LineString>
        </Placemark>
        <Placemark>
          <name><![CDATA[<span style="color:#007fe6">trkpt 349</span>]]></name>
          <Style>
            <LineStyle>
              <color>ffe67f00</color>
              <width>4</width>
            </LineStyle>
            <PolyStyle>
              <color>cce67f00</color>
            </PolyStyle>
          </Style>
          <LineString>
            <extrude>1</extrude>
            <tessellate>0</tessellate>
            <altitudeMode>absolute</altitudeMode>
            <coordinates>51.452631218,25.490690242,12.728 51.452656965,25.490672793,12.749 </coordinates>
          </LineString>
        </Placemark>
        <Placemark>
          <name><![CDATA[<span style="color:#007de6">trkpt 350</span>]]></name>
          <Style>
            <LineStyle>
              <color>ffe67d00</color>
              <width>4</width>
            </LineStyle>
            <PolyStyle>
              <color>cce67d00</color>
            </PolyStyle>
          </Style>
          <LineString>
            <extrude>1</extrude>
            <tessellate>0</tessellate>
            <altitudeMode>absolute</altitudeMode>
            <coordinates>51.452656965,25.490672793,12.749 51.452683095,25.490655158,12.781 </coordinates>
          </LineString>
        </Placemark>
        <Placemark>
          <name><![CDATA[<span style="color:#0078e6">trkpt 351</span>]]></name>
          <Style>
            <LineStyle>
              <color>ffe67800</color>
              <width>4</width>
            </LineStyle>
            <PolyStyle>
              <color>cce67800</color>
            </PolyStyle>
          </Style>
          <LineString>
            <extrude>1</extrude>
            <tessellate>0</tessellate>
            <altitudeMode>absolute</altitudeMode>
            <coordinates>51.452683095,25.490655158,12.781 51.45270956,25.49063752,12.827 </coordinates>
          </LineString>
        </Placemark>
        <Placemark>
          <name><![CDATA[<span style="color:#0071e6">trkpt 352</span>]]></name>
          <Style>
            <LineStyle>
              <color>ffe67100</color>
              <width>4</width>
            </LineStyle>
            <PolyStyle>
              <color>cce67100</color>
            </PolyStyle>
          </Style>
          <LineString>
            <extrude>1</extrude>
            <tessellate>0</tessellate>
            <altitudeMode>absolute</altitudeMode>
            <coordinates>51.45270956,25.49063752,12.827 51.452736593,25.490619848,12.886 </coordinates>
          </LineString>
        </Placemark>
        <Placemark>
          <name><![CDATA[<span style="color:#0068e6">trkpt 353</span>]]></name>
          <Style>
            <LineStyle>
              <color>ffe66800</color>
              <width>4</width>
            </LineStyle>
            <PolyStyle>
              <color>cce66800</color>
            </PolyStyle>
          </Style>
          <LineString>
            <extrude>1</extrude>
            <tessellate>0</tessellate>
            <altitudeMode>absolute</altitudeMode>
            <coordinates>51.452736593,25.490619848,12.886 51.452763882,25.490602082,12.958 </coordinates>
          </LineString>
        </Placemark>
        <Placemark>
          <name><![CDATA[<span style="color:#005fe6">trkpt 354</span>]]></name>
          <Style>
            <LineStyle>
              <color>ffe65f00</color>
              <width>4</width>
            </LineStyle>
            <PolyStyle>
              <color>cce65f00</color>
            </PolyStyle>
          </Style>
          <LineString>
            <extrude>1</extrude>
            <tessellate>0</tessellate>
            <altitudeMode>absolute</altitudeMode>
            <coordinates>51.452763882,25.490602082,12.958 51.452791533,25.490584412,13.005 </coordinates>
          </LineString>
        </Placemark>
        <Placemark>
          <name><![CDATA[<span style="color:#0058e6">trkpt 355</span>]]></name>
          <Style>
            <LineStyle>
              <color>ffe65800</color>
              <width>4</width>
            </LineStyle>
            <PolyStyle>
              <color>cce65800</color>
            </PolyStyle>
          </Style>
          <LineString>
            <extrude>1</extrude>
            <tessellate>0</tessellate>
            <altitudeMode>absolute</altitudeMode>
            <coordinates>51.452791533,25.490584412,13.005 51.452819615,25.49056667,13.006 </coordinates>
          </LineString>
        </Placemark>
        <Placemark>
          <name><![CDATA[<span style="color:#0058e6">trkpt 356</span>]]></name>
          <Style>
            <LineStyle>
              <color>ffe65800</color>
              <width>4</width>
            </LineStyle>
            <PolyStyle>
              <color>cce65800</color>
            </PolyStyle>
          </Style>
          <LineString>
            <extrude>1</extrude>
            <tessellate>0</tessellate>
            <altitudeMode>absolute</altitudeMode>
            <coordinates>51.452819615,25.49056667,13.006 51.452848147,25.49054906,13 </coordinates>
          </LineString>
        </Placemark>
        <Placemark>
          <name><![CDATA[<span style="color:#0058e6">trkpt 357</span>]]></name>
          <Style>
            <LineStyle>
              <color>ffe65800</color>
              <width>4</width>
            </LineStyle>
            <PolyStyle>
              <color>cce65800</color>
            </PolyStyle>
          </Style>
          <LineString>
            <extrude>1</extrude>
            <tessellate>0</tessellate>
            <altitudeMode>absolute</altitudeMode>
            <coordinates>51.452848147,25.49054906,13 51.452877043,25.490531492,13 </coordinates>
          </LineString>
        </Placemark>
        <Placemark>
          <name><![CDATA[<span style="color:#0058e6">trkpt 358</span>]]></name>
          <Style>
            <LineStyle>
              <color>ffe65800</color>
              <width>4</width>
            </LineStyle>
            <PolyStyle>
              <color>cce65800</color>
            </PolyStyle>
          </Style>
          <LineString>
            <extrude>1</extrude>
            <tessellate>0</tessellate>
            <altitudeMode>absolute</altitudeMode>
            <coordinates>51.452877043,25.490531492,13 51.452906415,25.49051402,13 </coordinates>
          </LineString>
        </Placemark>
        <Placemark>
          <name><![CDATA[<span style="color:#0058e6">trkpt 359</span>]]></name>
          <Style>
            <LineStyle>
              <color>ffe65800</color>
              <width>4</width>
            </LineStyle>
            <PolyStyle>
              <color>cce65800</color>
            </PolyStyle>
          </Style>
          <LineString>
            <extrude>1</extrude>
            <tessellate>0</tessellate>
            <altitudeMode>absolute</altitudeMode>
            <coordinates>51.452906415,25.49051402,13 51.452936218,25.490496618,13 </coordinates>
          </LineString>
        </Placemark>
        <Placemark>
          <name><![CDATA[<span style="color:#0058e6">trkpt 360</span>]]></name>
          <Style>
            <LineStyle>
              <color>ffe65800</color>
              <width>4</width>
            </LineStyle>
            <PolyStyle>
              <color>cce65800</color>
            </PolyStyle>
          </Style>
          <LineString>
            <extrude>1</extrude>
            <tessellate>0</tessellate>
            <altitudeMode>absolute</altitudeMode>
            <coordinates>51.452936218,25.490496618,13 51.452966392,25.490479258,13 </coordinates>
          </LineString>
        </Placemark>
        <Placemark>
          <name><![CDATA[<span style="color:#0058e6">trkpt 361</span>]]></name>
          <Style>
            <LineStyle>
              <color>ffe65800</color>
              <width>4</width>
            </LineStyle>
            <PolyStyle>
              <color>cce65800</color>
            </PolyStyle>
          </Style>
          <LineString>
            <extrude>1</extrude>
            <tessellate>0</tessellate>
            <altitudeMode>absolute</altitudeMode>
            <coordinates>51.452966392,25.490479258,13 51.452996993,25.490462022,13 </coordinates>
          </LineString>
        </Placemark>
        <Placemark>
          <name><![CDATA[<span style="color:#0058e6">trkpt 362</span>]]></name>
          <Style>
            <LineStyle>
              <color>ffe65800</color>
              <width>4</width>
            </LineStyle>
            <PolyStyle>
              <color>cce65800</color>
            </PolyStyle>
          </Style>
          <LineString>
            <extrude>1</extrude>
            <tessellate>0</tessellate>
            <altitudeMode>absolute</altitudeMode>
            <coordinates>51.452996993,25.490462022,13 51.45302798,25.490444742,13 </coordinates>
          </LineString>
        </Placemark>
        <Placemark>
          <name><![CDATA[<span style="color:#0058e6">trkpt 363</span>]]></name>
          <Style>
            <LineStyle>
              <color>ffe65800</color>
              <width>4</width>
            </LineStyle>
            <PolyStyle>
              <color>cce65800</color>
            </PolyStyle>
          </Style>
          <LineString>
            <extrude>1</extrude>
            <tessellate>0</tessellate>
            <altitudeMode>absolute</altitudeMode>
            <coordinates>51.45302798,25.490444742,13 51.453059275,25.49042761,12.993 </coordinates>
          </LineString>
        </Placemark>
        <Placemark>
          <name><![CDATA[<span style="color:#005ae6">trkpt 364</span>]]></name>
          <Style>
            <LineStyle>
              <color>ffe65a00</color>
              <width>4</width>
            </LineStyle>
            <PolyStyle>
              <color>cce65a00</color>
            </PolyStyle>
          </Style>
          <LineString>
            <extrude>1</extrude>
            <tessellate>0</tessellate>
            <altitudeMode>absolute</altitudeMode>
            <coordinates>51.453059275,25.49042761,12.993 51.453090987,25.490410662,12.939 </coordinates>
          </LineString>
        </Placemark>
        <Placemark>
          <name><![CDATA[<span style="color:#0061e6">trkpt 365</span>]]></name>
          <Style>
            <LineStyle>
              <color>ffe66100</color>
              <width>4</width>
            </LineStyle>
            <PolyStyle>
              <color>cce66100</color>
            </PolyStyle>
          </Style>
          <LineString>
            <extrude>1</extrude>
            <tessellate>0</tessellate>
            <altitudeMode>absolute</altitudeMode>
            <coordinates>51.453090987,25.490410662,12.939 51.453122852,25.490393873,12.899 </coordinates>
          </LineString>
        </Placemark>
        <Placemark>
          <name><![CDATA[<span style="color:#0066e6">trkpt 366</span>]]></name>
          <Style>
            <LineStyle>
              <color>ffe66600</color>
              <width>4</width>
            </LineStyle>
            <PolyStyle>
              <color>cce66600</color>
            </PolyStyle>
          </Style>
          <LineString>
            <extrude>1</extrude>
            <tessellate>0</tessellate>
            <altitudeMode>absolute</altitudeMode>
            <coordinates>51.453122852,25.490393873,12.899 51.453155142,25.490377108,12.872 </coordinates>
          </LineString>
        </Placemark>
        <Placemark>
          <name><![CDATA[<span style="color:#006ae6">trkpt 367</span>]]></name>
          <Style>
            <LineStyle>
              <color>ffe66a00</color>
              <width>4</width>
            </LineStyle>
            <PolyStyle>
              <color>cce66a00</color>
            </PolyStyle>
          </Style>
          <LineString>
            <extrude>1</extrude>
            <tessellate>0</tessellate>
            <altitudeMode>absolute</altitudeMode>
            <coordinates>51.453155142,25.490377108,12.872 51.453187547,25.49036053,12.858 </coordinates>
          </LineString>
        </Placemark>
        <Placemark>
          <name><![CDATA[<span style="color:#006de6">trkpt 368</span>]]></name>
          <Style>
            <LineStyle>
              <color>ffe66d00</color>
              <width>4</width>
            </LineStyle>
            <PolyStyle>
              <color>cce66d00</color>
            </PolyStyle>
          </Style>
          <LineString>
            <extrude>1</extrude>
            <tessellate>0</tessellate>
            <altitudeMode>absolute</altitudeMode>
            <coordinates>51.453187547,25.49036053,12.858 51.45322037,25.490344008,12.859 </coordinates>
          </LineString>
        </Placemark>
        <Placemark>
          <name><![CDATA[<span style="color:#006de6">trkpt 369</span>]]></name>
          <Style>
            <LineStyle>
              <color>ffe66d00</color>
              <width>4</width>
            </LineStyle>
            <PolyStyle>
              <color>cce66d00</color>
            </PolyStyle>
          </Style>
          <LineString>
            <extrude>1</extrude>
            <tessellate>0</tessellate>
            <altitudeMode>absolute</altitudeMode>
            <coordinates>51.45322037,25.490344008,12.859 51.45325334,25.490327685,12.872 </coordinates>
          </LineString>
        </Placemark>
        <Placemark>
          <name><![CDATA[<span style="color:#006ae6">trkpt 370</span>]]></name>
          <Style>
            <LineStyle>
              <color>ffe66a00</color>
              <width>4</width>
            </LineStyle>
            <PolyStyle>
              <color>cce66a00</color>
            </PolyStyle>
          </Style>
          <LineString>
            <extrude>1</extrude>
            <tessellate>0</tessellate>
            <altitudeMode>absolute</altitudeMode>
            <coordinates>51.45325334,25.490327685,12.872 51.45328657,25.490311328,12.9 </coordinates>
          </LineString>
        </Placemark>
        <Placemark>
          <name><![CDATA[<span style="color:#0066e6">trkpt 371</span>]]></name>
          <Style>
            <LineStyle>
              <color>ffe66600</color>
              <width>4</width>
            </LineStyle>
            <PolyStyle>
              <color>cce66600</color>
            </PolyStyle>
          </Style>
          <LineString>
            <extrude>1</extrude>
            <tessellate>0</tessellate>
            <altitudeMode>absolute</altitudeMode>
            <coordinates>51.45328657,25.490311328,12.9 51.453320072,25.490295203,12.94 </coordinates>
          </LineString>
        </Placemark>
        <Placemark>
          <name><![CDATA[<span style="color:#0061e6">trkpt 372</span>]]></name>
          <Style>
            <LineStyle>
              <color>ffe66100</color>
              <width>4</width>
            </LineStyle>
            <PolyStyle>
              <color>cce66100</color>
            </PolyStyle>
          </Style>
          <LineString>
            <extrude>1</extrude>
            <tessellate>0</tessellate>
            <altitudeMode>absolute</altitudeMode>
            <coordinates>51.453320072,25.490295203,12.94 51.453353855,25.490279318,12.994 </coordinates>
          </LineString>
        </Placemark>
        <Placemark>
          <name><![CDATA[<span style="color:#0058e6">trkpt 373</span>]]></name>
          <Style>
            <LineStyle>
              <color>ffe65800</color>
              <width>4</width>
            </LineStyle>
            <PolyStyle>
              <color>cce65800</color>
            </PolyStyle>
          </Style>
          <LineString>
            <extrude>1</extrude>
            <tessellate>0</tessellate>
            <altitudeMode>absolute</altitudeMode>
            <coordinates>51.453353855,25.490279318,12.994 51.453387817,25.49026368,13.051 </coordinates>
          </LineString>
        </Placemark>
        <Placemark>
          <name><![CDATA[<span style="color:#0051e6">trkpt 374</span>]]></name>
          <Style>
            <LineStyle>
              <color>ffe65100</color>
              <width>4</width>
            </LineStyle>
            <PolyStyle>
              <color>cce65100</color>
            </PolyStyle>
          </Style>
          <LineString>
            <extrude>1</extrude>
            <tessellate>0</tessellate>
            <altitudeMode>absolute</altitudeMode>
            <coordinates>51.453387817,25.49026368,13.051 51.453422263,25.490248067,13.107 </coordinates>
          </LineString>
        </Placemark>
        <Placemark>
          <name><![CDATA[<span style="color:#0048e6">trkpt 375</span>]]></name>
          <Style>
            <LineStyle>
              <color>ffe64800</color>
              <width>4</width>
            </LineStyle>
            <PolyStyle>
              <color>cce64800</color>
            </PolyStyle>
          </Style>
          <LineString>
            <extrude>1</extrude>
            <tessellate>0</tessellate>
            <altitudeMode>absolute</altitudeMode>
            <coordinates>51.453422263,25.490248067,13.107 51.453456757,25.490232888,13.162 </coordinates>
          </LineString>
        </Placemark>
        <Placemark>
          <name><![CDATA[<span style="color:#0041e6">trkpt 376</span>]]></name>
          <Style>
            <LineStyle>
              <color>ffe64100</color>
              <width>4</width>
            </LineStyle>
            <PolyStyle>
              <color>cce64100</color>
            </PolyStyle>
          </Style>
          <LineString>
            <extrude>1</extrude>
            <tessellate>0</tessellate>
            <altitudeMode>absolute</altitudeMode>
            <coordinates>51.453456757,25.490232888,13.162 51.453491703,25.49021775,13.216 </coordinates>
          </LineString>
        </Placemark>
        <Placemark>
          <name><![CDATA[<span style="color:#003ae6">trkpt 377</span>]]></name>
          <Style>
            <LineStyle>
              <color>ffe63a00</color>
              <width>4</width>
            </LineStyle>
            <PolyStyle>
              <color>cce63a00</color>
            </PolyStyle>
          </Style>
          <LineString>
            <extrude>1</extrude>
            <tessellate>0</tessellate>
            <altitudeMode>absolute</altitudeMode>
            <coordinates>51.453491703,25.49021775,13.216 51.453527047,25.490202918,13.269 </coordinates>
          </LineString>
        </Placemark>
        <Placemark>
          <name><![CDATA[<span style="color:#0031e6">trkpt 378</span>]]></name>
          <Style>
            <LineStyle>
              <color>ffe63100</color>
              <width>4</width>
            </LineStyle>
            <PolyStyle>
              <color>cce63100</color>
            </PolyStyle>
          </Style>
          <LineString>
            <extrude>1</extrude>
            <tessellate>0</tessellate>
            <altitudeMode>absolute</altitudeMode>
            <coordinates>51.453527047,25.490202918,13.269 51.453562857,25.490188335,13.322 </coordinates>
          </LineString>
        </Placemark>
        <Placemark>
          <name><![CDATA[<span style="color:#002ae6">trkpt 379</span>]]></name>
          <Style>
            <LineStyle>
              <color>ffe62a00</color>
              <width>4</width>
            </LineStyle>
            <PolyStyle>
              <color>cce62a00</color>
            </PolyStyle>
          </Style>
          <LineString>
            <extrude>1</extrude>
            <tessellate>0</tessellate>
            <altitudeMode>absolute</altitudeMode>
            <coordinates>51.453562857,25.490188335,13.322 51.453599058,25.490174107,13.373 </coordinates>
          </LineString>
        </Placemark>
        <Placemark>
          <name><![CDATA[<span style="color:#0023e6">trkpt 380</span>]]></name>
          <Style>
            <LineStyle>
              <color>ffe62300</color>
              <width>4</width>
            </LineStyle>
            <PolyStyle>
              <color>cce62300</color>
            </PolyStyle>
          </Style>
          <LineString>
            <extrude>1</extrude>
            <tessellate>0</tessellate>
            <altitudeMode>absolute</altitudeMode>
            <coordinates>51.453599058,25.490174107,13.373 51.4536356,25.490160125,13.424 </coordinates>
          </LineString>
        </Placemark>
        <Placemark>
          <name><![CDATA[<span style="color:#001ce6">trkpt 381</span>]]></name>
          <Style>
            <LineStyle>
              <color>ffe61c00</color>
              <width>4</width>
            </LineStyle>
            <PolyStyle>
              <color>cce61c00</color>
            </PolyStyle>
          </Style>
          <LineString>
            <extrude>1</extrude>
            <tessellate>0</tessellate>
            <altitudeMode>absolute</altitudeMode>
            <coordinates>51.4536356,25.490160125,13.424 51.453672418,25.49014662,13.472 </coordinates>
          </LineString>
        </Placemark>
        <Placemark>
          <name><![CDATA[<span style="color:#0015e6">trkpt 382</span>]]></name>
          <Style>
            <LineStyle>
              <color>ffe61500</color>
              <width>4</width>
            </LineStyle>
            <PolyStyle>
              <color>cce61500</color>
            </PolyStyle>
          </Style>
          <LineString>
            <extrude>1</extrude>
            <tessellate>0</tessellate>
            <altitudeMode>absolute</altitudeMode>
            <coordinates>51.453672418,25.49014662,13.472 51.453709548,25.49013339,13.52 </coordinates>
          </LineString>
        </Placemark>
        <Placemark>
          <name><![CDATA[<span style="color:#000ee6">trkpt 383</span>]]></name>
          <Style>
            <LineStyle>
              <color>ffe60e00</color>
              <width>4</width>
            </LineStyle>
            <PolyStyle>
              <color>cce60e00</color>
            </PolyStyle>
          </Style>
          <LineString>
            <extrude>1</extrude>
            <tessellate>0</tessellate>
            <altitudeMode>absolute</altitudeMode>
            <coordinates>51.453709548,25.49013339,13.52 51.453746903,25.490120582,13.566 </coordinates>
          </LineString>
        </Placemark>
        <Placemark>
          <name><![CDATA[<span style="color:#0007e6">trkpt 384</span>]]></name>
          <Style>
            <LineStyle>
              <color>ffe60700</color>
              <width>4</width>
            </LineStyle>
            <PolyStyle>
              <color>cce60700</color>
            </PolyStyle>
          </Style>
          <LineString>
            <extrude>1</extrude>
            <tessellate>0</tessellate>
            <altitudeMode>absolute</altitudeMode>
            <coordinates>51.453746903,25.490120582,13.566 51.453784757,25.490108077,13.611 </coordinates>
          </LineString>
        </Placemark>
        <Placemark>
          <name><![CDATA[<span style="color:#0000e6">trkpt 385</span>]]></name>
          <Style>
            <LineStyle>
              <color>ffe60000</color>
              <width>4</width>
            </LineStyle>
            <PolyStyle>
              <color>cce60000</color>
            </PolyStyle>
          </Style>
          <LineString>
            <extrude>1</extrude>
            <tessellate>0</tessellate>
            <altitudeMode>absolute</altitudeMode>
            <coordinates>51.453784757,25.490108077,13.611 51.453822982,25.490095923,13.655 </coordinates>
          </LineString>
        </Placemark>
        <Placemark>
          <name><![CDATA[<span style="color:#0600e6">trkpt 386</span>]]></name>
          <Style>
            <LineStyle>
              <color>ffe60006</color>
              <width>4</width>
            </LineStyle>
            <PolyStyle>
              <color>cce60006</color>
            </PolyStyle>
          </Style>
          <LineString>
            <extrude>1</extrude>
            <tessellate>0</tessellate>
            <altitudeMode>absolute</altitudeMode>
            <coordinates>51.453822982,25.490095923,13.655 51.453861747,25.490084267,13.697 </coordinates>
          </LineString>
        </Placemark>
        <Placemark>
          <name><![CDATA[<span style="color:#0b00e6">trkpt 387</span>]]></name>
          <Style>
            <LineStyle>
              <color>ffe6000b</color>
              <width>4</width>
            </LineStyle>
            <PolyStyle>
              <color>cce6000b</color>
            </PolyStyle>
          </Style>
          <LineString>
            <extrude>1</extrude>
            <tessellate>0</tessellate>
            <altitudeMode>absolute</altitudeMode>
            <coordinates>51.453861747,25.490084267,13.697 51.453900838,25.490073152,13.737 </coordinates>
          </LineString>
        </Placemark>
        <Placemark>
          <name><![CDATA[<span style="color:#1200e6">trkpt 388</span>]]></name>
          <Style>
            <LineStyle>
              <color>ffe60012</color>
              <width>4</width>
            </LineStyle>
            <PolyStyle>
              <color>cce60012</color>
            </PolyStyle>
          </Style>
          <LineString>
            <extrude>1</extrude>
            <tessellate>0</tessellate>
            <altitudeMode>absolute</altitudeMode>
            <coordinates>51.453900838,25.490073152,13.737 51.45394036,25.490062547,13.775 </coordinates>
          </LineString>
        </Placemark>
        <Placemark>
          <name><![CDATA[<span style="color:#1700e6">trkpt 389</span>]]></name>
          <Style>
            <LineStyle>
              <color>ffe60017</color>
              <width>4</width>
            </LineStyle>
            <PolyStyle>
              <color>cce60017</color>
            </PolyStyle>
          </Style>
          <LineString>
            <extrude>1</extrude>
            <tessellate>0</tessellate>
            <altitudeMode>absolute</altitudeMode>
            <coordinates>51.45394036,25.490062547,13.775 51.453980228,25.490052243,13.812 </coordinates>
          </LineString>
        </Placemark>
        <Placemark>
          <name><![CDATA[<span style="color:#1b00e6">trkpt 390</span>]]></name>
          <Style>
            <LineStyle>
              <color>ffe6001b</color>
              <width>4</width>
            </LineStyle>
            <PolyStyle>
              <color>cce6001b</color>
            </PolyStyle>
          </Style>
          <LineString>
            <extrude>1</extrude>
            <tessellate>0</tessellate>
            <altitudeMode>absolute</altitudeMode>
            <coordinates>51.453980228,25.490052243,13.812 51.45402052,25.490042547,13.847 </coordinates>
          </LineString>
        </Placemark>
        <Placemark>
          <name><![CDATA[<span style="color:#2000e6">trkpt 391</span>]]></name>
          <Style>
            <LineStyle>
              <color>ffe60020</color>
              <width>4</width>
            </LineStyle>
            <PolyStyle>
              <color>cce60020</color>
            </PolyStyle>
          </Style>
          <LineString>
            <extrude>1</extrude>
            <tessellate>0</tessellate>
            <altitudeMode>absolute</altitudeMode>
            <coordinates>51.45402052,25.490042547,13.847 51.454061098,25.490033108,13.881 </coordinates>
          </LineString>
        </Placemark>
        <Placemark>
          <name><![CDATA[<span style="color:#2700e6">trkpt 392</span>]]></name>
          <Style>
            <LineStyle>
              <color>ffe60027</color>
              <width>4</width>
            </LineStyle>
            <PolyStyle>
              <color>cce60027</color>
            </PolyStyle>
          </Style>
          <LineString>
            <extrude>1</extrude>
            <tessellate>0</tessellate>
            <altitudeMode>absolute</altitudeMode>
            <coordinates>51.454061098,25.490033108,13.881 51.45410208,25.49002431,13.912 </coordinates>
          </LineString>
        </Placemark>
        <Placemark>
          <name><![CDATA[<span style="color:#2b00e6">trkpt 393</span>]]></name>
          <Style>
            <LineStyle>
              <color>ffe6002b</color>
              <width>4</width>
            </LineStyle>
            <PolyStyle>
              <color>cce6002b</color>
            </PolyStyle>
          </Style>
          <LineString>
            <extrude>1</extrude>
            <tessellate>0</tessellate>
            <altitudeMode>absolute</altitudeMode>
            <coordinates>51.45410208,25.49002431,13.912 51.454143385,25.490015823,13.943 </coordinates>
          </LineString>
        </Placemark>
        <Placemark>
          <name><![CDATA[<span style="color:#2e00e6">trkpt 394</span>]]></name>
          <Style>
            <LineStyle>
              <color>ffe6002e</color>
              <width>4</width>
            </LineStyle>
            <PolyStyle>
              <color>cce6002e</color>
            </PolyStyle>
          </Style>
          <LineString>
            <extrude>1</extrude>
            <tessellate>0</tessellate>
            <altitudeMode>absolute</altitudeMode>
            <coordinates>51.454143385,25.490015823,13.943 51.45418504,25.490007748,13.908 </coordinates>
          </LineString>
        </Placemark>
        <Placemark>
          <name><![CDATA[<span style="color:#2900e6">trkpt 395</span>]]></name>
          <Style>
            <LineStyle>
              <color>ffe60029</color>
              <width>4</width>
            </LineStyle>
            <PolyStyle>
              <color>cce60029</color>
            </PolyStyle>
          </Style>
          <LineString>
            <extrude>1</extrude>
            <tessellate>0</tessellate>
            <altitudeMode>absolute</altitudeMode>
            <coordinates>51.45418504,25.490007748,13.908 51.45422709,25.49000008,13.782 </coordinates>
          </LineString>
        </Placemark>
        <Placemark>
          <name><![CDATA[<span style="color:#1700e6">trkpt 396</span>]]></name>
          <Style>
            <LineStyle>
              <color>ffe60017</color>
              <width>4</width>
            </LineStyle>
            <PolyStyle>
              <color>cce60017</color>
            </PolyStyle>
          </Style>
          <LineString>
            <extrude>1</extrude>
            <tessellate>0</tessellate>
            <altitudeMode>absolute</altitudeMode>
            <coordinates>51.45422709,25.49000008,13.782 51.454269498,25.489992858,13.656 </coordinates>
          </LineString>
        </Placemark>
        <Placemark>
          <name><![CDATA[<span style="color:#0600e6">trkpt 397</span>]]></name>
          <Style>
            <LineStyle>
              <color>ffe60006</color>
              <width>4</width>
            </LineStyle>
            <PolyStyle>
              <color>cce60006</color>
            </PolyStyle>
          </Style>
          <LineString>
            <extrude>1</extrude>
            <tessellate>0</tessellate>
            <altitudeMode>absolute</altitudeMode>
            <coordinates>51.454269498,25.489992858,13.656 51.454312098,25.489985932,13.527 </coordinates>
          </LineString>
        </Placemark>
        <Placemark>
          <name><![CDATA[<span style="color:#000ce6">trkpt 398</span>]]></name>
          <Style>
            <LineStyle>
              <color>ffe60c00</color>
              <width>4</width>
            </LineStyle>
            <PolyStyle>
              <color>cce60c00</color>
            </PolyStyle>
          </Style>
          <LineString>
            <extrude>1</extrude>
            <tessellate>0</tessellate>
            <altitudeMode>absolute</altitudeMode>
            <coordinates>51.454312098,25.489985932,13.527 51.454355035,25.489979348,13.396 </coordinates>
          </LineString>
        </Placemark>
        <Placemark>
          <name><![CDATA[<span style="color:#0021e6">trkpt 399</span>]]></name>
          <Style>
            <LineStyle>
              <color>ffe62100</color>
              <width>4</width>
            </LineStyle>
            <PolyStyle>
              <color>cce62100</color>
            </PolyStyle>
          </Style>
          <LineString>
            <extrude>1</extrude>
            <tessellate>0</tessellate>
            <altitudeMode>absolute</altitudeMode>
            <coordinates>51.454355035,25.489979348,13.396 51.454398148,25.48997327,13.263 </coordinates>
          </LineString>
        </Placemark>
        <Placemark>
          <name><![CDATA[<span style="color:#0033e6">trkpt 400</span>]]></name>
          <Style>
            <LineStyle>
              <color>ffe63300</color>
              <width>4</width>
            </LineStyle>
            <PolyStyle>
              <color>cce63300</color>
            </PolyStyle>
          </Style>
          <LineString>
            <extrude>1</extrude>
            <tessellate>0</tessellate>
            <altitudeMode>absolute</altitudeMode>
            <coordinates>51.454398148,25.48997327,13.263 51.454441625,25.489967513,13.127 </coordinates>
          </LineString>
        </Placemark>
        <Placemark>
          <name><![CDATA[<span style="color:#0045e6">trkpt 401</span>]]></name>
          <Style>
            <LineStyle>
              <color>ffe64500</color>
              <width>4</width>
            </LineStyle>
            <PolyStyle>
              <color>cce64500</color>
            </PolyStyle>
          </Style>
          <LineString>
            <extrude>1</extrude>
            <tessellate>0</tessellate>
            <altitudeMode>absolute</altitudeMode>
            <coordinates>51.454441625,25.489967513,13.127 51.45448534,25.489962215,13.116 </coordinates>
          </LineString>
        </Placemark>
        <Placemark>
          <name><![CDATA[<span style="color:#0048e6">trkpt 402</span>]]></name>
          <Style>
            <LineStyle>
              <color>ffe64800</color>
              <width>4</width>
            </LineStyle>
            <PolyStyle>
              <color>cce64800</color>
            </PolyStyle>
          </Style>
          <LineString>
            <extrude>1</extrude>
            <tessellate>0</tessellate>
            <altitudeMode>absolute</altitudeMode>
            <coordinates>51.45448534,25.489962215,13.116 51.454529295,25.489957212,13.107 </coordinates>
          </LineString>
        </Placemark>
        <Placemark>
          <name><![CDATA[<span style="color:#0048e6">trkpt 403</span>]]></name>
          <Style>
            <LineStyle>
              <color>ffe64800</color>
              <width>4</width>
            </LineStyle>
            <PolyStyle>
              <color>cce64800</color>
            </PolyStyle>
          </Style>
          <LineString>
            <extrude>1</extrude>
            <tessellate>0</tessellate>
            <altitudeMode>absolute</altitudeMode>
            <coordinates>51.454529295,25.489957212,13.107 51.454573483,25.489952663,13.091 </coordinates>
          </LineString>
        </Placemark>
        <Placemark>
          <name><![CDATA[<span style="color:#004ae6">trkpt 404</span>]]></name>
          <Style>
            <LineStyle>
              <color>ffe64a00</color>
              <width>4</width>
            </LineStyle>
            <PolyStyle>
              <color>cce64a00</color>
            </PolyStyle>
          </Style>
          <LineString>
            <extrude>1</extrude>
            <tessellate>0</tessellate>
            <altitudeMode>absolute</altitudeMode>
            <coordinates>51.454573483,25.489952663,13.091 51.454617883,25.489948303,13.07 </coordinates>
          </LineString>
        </Placemark>
        <Placemark>
          <name><![CDATA[<span style="color:#004fe6">trkpt 405</span>]]></name>
          <Style>
            <LineStyle>
              <color>ffe64f00</color>
              <width>4</width>
            </LineStyle>
            <PolyStyle>
              <color>cce64f00</color>
            </PolyStyle>
          </Style>
          <LineString>
            <extrude>1</extrude>
            <tessellate>0</tessellate>
            <altitudeMode>absolute</altitudeMode>
            <coordinates>51.454617883,25.489948303,13.07 51.454662412,25.489944008,13.043 </coordinates>
          </LineString>
        </Placemark>
        <Placemark>
          <name><![CDATA[<span style="color:#0051e6">trkpt 406</span>]]></name>
          <Style>
            <LineStyle>
              <color>ffe65100</color>
              <width>4</width>
            </LineStyle>
            <PolyStyle>
              <color>cce65100</color>
            </PolyStyle>
          </Style>
          <LineString>
            <extrude>1</extrude>
            <tessellate>0</tessellate>
            <altitudeMode>absolute</altitudeMode>
            <coordinates>51.454662412,25.489944008,13.043 51.45470718,25.489939785,13.012 </coordinates>
          </LineString>
        </Placemark>
        <Placemark>
          <name><![CDATA[<span style="color:#0056e6">trkpt 407</span>]]></name>
          <Style>
            <LineStyle>
              <color>ffe65600</color>
              <width>4</width>
            </LineStyle>
            <PolyStyle>
              <color>cce65600</color>
            </PolyStyle>
          </Style>
          <LineString>
            <extrude>1</extrude>
            <tessellate>0</tessellate>
            <altitudeMode>absolute</altitudeMode>
            <coordinates>51.45470718,25.489939785,13.012 51.454752097,25.489935745,12.892 </coordinates>
          </LineString>
        </Placemark>
        <Placemark>
          <name><![CDATA[<span style="color:#0068e6">trkpt 408</span>]]></name>
          <Style>
            <LineStyle>
              <color>ffe66800</color>
              <width>4</width>
            </LineStyle>
            <PolyStyle>
              <color>cce66800</color>
            </PolyStyle>
          </Style>
          <LineString>
            <extrude>1</extrude>
            <tessellate>0</tessellate>
            <altitudeMode>absolute</altitudeMode>
            <coordinates>51.454752097,25.489935745,12.892 51.454797172,25.489931633,12.73 </coordinates>
          </LineString>
        </Placemark>
        <Placemark>
          <name><![CDATA[<span style="color:#007fe6">trkpt 409</span>]]></name>
          <Style>
            <LineStyle>
              <color>ffe67f00</color>
              <width>4</width>
            </LineStyle>
            <PolyStyle>
              <color>cce67f00</color>
            </PolyStyle>
          </Style>
          <LineString>
            <extrude>1</extrude>
            <tessellate>0</tessellate>
            <altitudeMode>absolute</altitudeMode>
            <coordinates>51.454797172,25.489931633,12.73 51.454842362,25.489927502,12.567 </coordinates>
          </LineString>
        </Placemark>
        <Placemark>
          <name><![CDATA[<span style="color:#0096e6">trkpt 410</span>]]></name>
          <Style>
            <LineStyle>
              <color>ffe69600</color>
              <width>4</width>
            </LineStyle>
            <PolyStyle>
              <color>cce69600</color>
            </PolyStyle>
          </Style>
          <LineString>
            <extrude>1</extrude>
            <tessellate>0</tessellate>
            <altitudeMode>absolute</altitudeMode>
            <coordinates>51.454842362,25.489927502,12.567 51.454887667,25.489923552,12.404 </coordinates>
          </LineString>
        </Placemark>
        <Placemark>
          <name><![CDATA[<span style="color:#00ade6">trkpt 411</span>]]></name>
          <Style>
            <LineStyle>
              <color>ffe6ad00</color>
              <width>4</width>
            </LineStyle>
            <PolyStyle>
              <color>cce6ad00</color>
            </PolyStyle>
          </Style>
          <LineString>
            <extrude>1</extrude>
            <tessellate>0</tessellate>
            <altitudeMode>absolute</altitudeMode>
            <coordinates>51.454887667,25.489923552,12.404 51.454933152,25.489919755,12.241 </coordinates>
          </LineString>
        </Placemark>
        <Placemark>
          <name><![CDATA[<span style="color:#00c4e6">trkpt 412</span>]]></name>
          <Style>
            <LineStyle>
              <color>ffe6c400</color>
              <width>4</width>
            </LineStyle>
            <PolyStyle>
              <color>cce6c400</color>
            </PolyStyle>
          </Style>
          <LineString>
            <extrude>1</extrude>
            <tessellate>0</tessellate>
            <altitudeMode>absolute</altitudeMode>
            <coordinates>51.454933152,25.489919755,12.241 51.454978705,25.489915932,12.077 </coordinates>
          </LineString>
        </Placemark>
        <Placemark>
          <name><![CDATA[<span style="color:#00dbe6">trkpt 413</span>]]></name>
          <Style>
            <LineStyle>
              <color>ffe6db00</color>
              <width>4</width>
            </LineStyle>
            <PolyStyle>
              <color>cce6db00</color>
            </PolyStyle>
          </Style>
          <LineString>
            <extrude>1</extrude>
            <tessellate>0</tessellate>
            <altitudeMode>absolute</altitudeMode>
            <coordinates>51.454978705,25.489915932,12.077 51.455024407,25.489912135,11.912 </coordinates>
          </LineString>
        </Placemark>
        <Placemark>
          <name><![CDATA[<span style="color:#00e6d7">trkpt 414</span>]]></name>
          <Style>
            <LineStyle>
              <color>ffd7e600</color>
              <width>4</width>
            </LineStyle>
            <PolyStyle>
              <color>ccd7e600</color>
            </PolyStyle>
          </Style>
          <LineString>
            <extrude>1</extrude>
            <tessellate>0</tessellate>
            <altitudeMode>absolute</altitudeMode>
            <coordinates>51.455024407,25.489912135,11.912 51.455070177,25.489908432,11.747 </coordinates>
          </LineString>
        </Placemark>
        <Placemark>
          <name><![CDATA[<span style="color:#00e6c0">trkpt 415</span>]]></name>
          <Style>
            <LineStyle>
              <color>ffc0e600</color>
              <width>4</width>
            </LineStyle>
            <PolyStyle>
              <color>ccc0e600</color>
            </PolyStyle>
          </Style>
          <LineString>
            <extrude>1</extrude>
            <tessellate>0</tessellate>
            <altitudeMode>absolute</altitudeMode>
            <coordinates>51.455070177,25.489908432,11.747 51.455116055,25.489904765,11.582 </coordinates>
          </LineString>
        </Placemark>
        <Placemark>
          <name><![CDATA[<span style="color:#00e6a9">trkpt 416</span>]]></name>
          <Style>
            <LineStyle>
              <color>ffa9e600</color>
              <width>4</width>
            </LineStyle>
            <PolyStyle>
              <color>cca9e600</color>
            </PolyStyle>
          </Style>
          <LineString>
            <extrude>1</extrude>
            <tessellate>0</tessellate>
            <altitudeMode>absolute</altitudeMode>
            <coordinates>51.455116055,25.489904765,11.582 51.455161968,25.489901125,11.417 </coordinates>
          </LineString>
        </Placemark>
        <Placemark>
          <name><![CDATA[<span style="color:#00e692">trkpt 417</span>]]></name>
          <Style>
            <LineStyle>
              <color>ff92e600</color>
              <width>4</width>
            </LineStyle>
            <PolyStyle>
              <color>cc92e600</color>
            </PolyStyle>
          </Style>
          <LineString>
            <extrude>1</extrude>
            <tessellate>0</tessellate>
            <altitudeMode>absolute</altitudeMode>
            <coordinates>51.455161968,25.489901125,11.417 51.455208005,25.489897637,11.251 </coordinates>
          </LineString>
        </Placemark>
        <Placemark>
          <name><![CDATA[<span style="color:#00e678">trkpt 418</span>]]></name>
          <Style>
            <LineStyle>
              <color>ff78e600</color>
              <width>4</width>
            </LineStyle>
            <PolyStyle>
              <color>cc78e600</color>
            </PolyStyle>
          </Style>
          <LineString>
            <extrude>1</extrude>
            <tessellate>0</tessellate>
            <altitudeMode>absolute</altitudeMode>
            <coordinates>51.455208005,25.489897637,11.251 51.455254017,25.489894122,11.086 </coordinates>
          </LineString>
        </Placemark>
        <Placemark>
          <name><![CDATA[<span style="color:#00e662">trkpt 419</span>]]></name>
          <Style>
            <LineStyle>
              <color>ff62e600</color>
              <width>4</width>
            </LineStyle>
            <PolyStyle>
              <color>cc62e600</color>
            </PolyStyle>
          </Style>
          <LineString>
            <extrude>1</extrude>
            <tessellate>0</tessellate>
            <altitudeMode>absolute</altitudeMode>
            <coordinates>51.455254017,25.489894122,11.086 51.455300023,25.489890628,11 </coordinates>
          </LineString>
        </Placemark>
        <Placemark>
          <name><![CDATA[<span style="color:#00e656">trkpt 420</span>]]></name>
          <Style>
            <LineStyle>
              <color>ff56e600</color>
              <width>4</width>
            </LineStyle>
            <PolyStyle>
              <color>cc56e600</color>
            </PolyStyle>
          </Style>
          <LineString>
            <extrude>1</extrude>
            <tessellate>0</tessellate>
            <altitudeMode>absolute</altitudeMode>
            <coordinates>51.455300023,25.489890628,11 51.455346055,25.489887123,11 </coordinates>
          </LineString>
        </Placemark>
        <Placemark>
          <name><![CDATA[<span style="color:#00e656">trkpt 421</span>]]></name>
          <Style>
            <LineStyle>
              <color>ff56e600</color>
              <width>4</width>
            </LineStyle>
            <PolyStyle>
              <color>cc56e600</color>
            </PolyStyle>
          </Style>
          <LineString>
            <extrude>1</extrude>
            <tessellate>0</tessellate>
            <altitudeMode>absolute</altitudeMode>
            <coordinates>51.455346055,25.489887123,11 51.455392235,25.489883638,11 </coordinates>
          </LineString>
        </Placemark>
        <Placemark>
          <name><![CDATA[<span style="color:#00e656">trkpt 422</span>]]></name>
          <Style>
            <LineStyle>
              <color>ff56e600</color>
              <width>4</width>
            </LineStyle>
            <PolyStyle>
              <color>cc56e600</color>
            </PolyStyle>
          </Style>
          <LineString>
            <extrude>1</extrude>
            <tessellate>0</tessellate>
            <altitudeMode>absolute</altitudeMode>
            <coordinates>51.455392235,25.489883638,11 51.45543836,25.4898804,11 </coordinates>
          </LineString>
        </Placemark>
        <Placemark>
          <name><![CDATA[<span style="color:#00e656">trkpt 423</span>]]></name>
          <Style>
            <LineStyle>
              <color>ff56e600</color>
              <width>4</width>
            </LineStyle>
            <PolyStyle>
              <color>cc56e600</color>
            </PolyStyle>
          </Style>
          <LineString>
            <extrude>1</extrude>
            <tessellate>0</tessellate>
            <altitudeMode>absolute</altitudeMode>
            <coordinates>51.45543836,25.4898804,11 51.455484612,25.489877137,11 </coordinates>
          </LineString>
        </Placemark>
        <Placemark>
          <name><![CDATA[<span style="color:#00e656">trkpt 424</span>]]></name>
          <Style>
            <LineStyle>
              <color>ff56e600</color>
              <width>4</width>
            </LineStyle>
            <PolyStyle>
              <color>cc56e600</color>
            </PolyStyle>
          </Style>
          <LineString>
            <extrude>1</extrude>
            <tessellate>0</tessellate>
            <altitudeMode>absolute</altitudeMode>
            <coordinates>51.455484612,25.489877137,11 51.45553062,25.489873997,11 </coordinates>
          </LineString>
        </Placemark>
        <Placemark>
          <name><![CDATA[<span style="color:#00e656">trkpt 425</span>]]></name>
          <Style>
            <LineStyle>
              <color>ff56e600</color>
              <width>4</width>
            </LineStyle>
            <PolyStyle>
              <color>cc56e600</color>
            </PolyStyle>
          </Style>
          <LineString>
            <extrude>1</extrude>
            <tessellate>0</tessellate>
            <altitudeMode>absolute</altitudeMode>
            <coordinates>51.45553062,25.489873997,11 51.455576798,25.48987105,11 </coordinates>
          </LineString>
        </Placemark>
        <Placemark>
          <name><![CDATA[<span style="color:#00e656">trkpt 426</span>]]></name>
          <Style>
            <LineStyle>
              <color>ff56e600</color>
              <width>4</width>
            </LineStyle>
            <PolyStyle>
              <color>cc56e600</color>
            </PolyStyle>
          </Style>
          <LineString>
            <extrude>1</extrude>
            <tessellate>0</tessellate>
            <altitudeMode>absolute</altitudeMode>
            <coordinates>51.455576798,25.48987105,11 51.455622857,25.489868097,11 </coordinates>
          </LineString>
        </Placemark>
        <Placemark>
          <name><![CDATA[<span style="color:#00e656">trkpt 427</span>]]></name>
          <Style>
            <LineStyle>
              <color>ff56e600</color>
              <width>4</width>
            </LineStyle>
            <PolyStyle>
              <color>cc56e600</color>
            </PolyStyle>
          </Style>
          <LineString>
            <extrude>1</extrude>
            <tessellate>0</tessellate>
            <altitudeMode>absolute</altitudeMode>
            <coordinates>51.455622857,25.489868097,11 51.455668783,25.489865023,11 </coordinates>
          </LineString>
        </Placemark>
        <Placemark>
          <name><![CDATA[<span style="color:#00e656">trkpt 428</span>]]></name>
          <Style>
            <LineStyle>
              <color>ff56e600</color>
              <width>4</width>
            </LineStyle>
            <PolyStyle>
              <color>cc56e600</color>
            </PolyStyle>
          </Style>
          <LineString>
            <extrude>1</extrude>
            <tessellate>0</tessellate>
            <altitudeMode>absolute</altitudeMode>
            <coordinates>51.455668783,25.489865023,11 51.455714738,25.489862143,11 </coordinates>
          </LineString>
        </Placemark>
        <Placemark>
          <name><![CDATA[<span style="color:#00e656">trkpt 429</span>]]></name>
          <Style>
            <LineStyle>
              <color>ff56e600</color>
              <width>4</width>
            </LineStyle>
            <PolyStyle>
              <color>cc56e600</color>
            </PolyStyle>
          </Style>
          <LineString>
            <extrude>1</extrude>
            <tessellate>0</tessellate>
            <altitudeMode>absolute</altitudeMode>
            <coordinates>51.455714738,25.489862143,11 51.455760728,25.489859222,11 </coordinates>
          </LineString>
        </Placemark>
        <Placemark>
          <name><![CDATA[<span style="color:#00e656">trkpt 430</span>]]></name>
          <Style>
            <LineStyle>
              <color>ff56e600</color>
              <width>4</width>
            </LineStyle>
            <PolyStyle>
              <color>cc56e600</color>
            </PolyStyle>
          </Style>
          <LineString>
            <extrude>1</extrude>
            <tessellate>0</tessellate>
            <altitudeMode>absolute</altitudeMode>
            <coordinates>51.455760728,25.489859222,11 51.455806583,25.489856487,11 </coordinates>
          </LineString>
        </Placemark>
        <Placemark>
          <name><![CDATA[<span style="color:#00e656">trkpt 431</span>]]></name>
          <Style>
            <LineStyle>
              <color>ff56e600</color>
              <width>4</width>
            </LineStyle>
            <PolyStyle>
              <color>cc56e600</color>
            </PolyStyle>
          </Style>
          <LineString>
            <extrude>1</extrude>
            <tessellate>0</tessellate>
            <altitudeMode>absolute</altitudeMode>
            <coordinates>51.455806583,25.489856487,11 51.455852398,25.489854102,11.036 </coordinates>
          </LineString>
        </Placemark>
        <Placemark>
          <name><![CDATA[<span style="color:#00e65b">trkpt 432</span>]]></name>
          <Style>
            <LineStyle>
              <color>ff5be600</color>
              <width>4</width>
            </LineStyle>
            <PolyStyle>
              <color>cc5be600</color>
            </PolyStyle>
          </Style>
          <LineString>
            <extrude>1</extrude>
            <tessellate>0</tessellate>
            <altitudeMode>absolute</altitudeMode>
            <coordinates>51.455852398,25.489854102,11.036 51.455898125,25.48985185,11.124 </coordinates>
          </LineString>
        </Placemark>
        <Placemark>
          <name><![CDATA[<span style="color:#00e666">trkpt 433</span>]]></name>
          <Style>
            <LineStyle>
              <color>ff66e600</color>
              <width>4</width>
            </LineStyle>
            <PolyStyle>
              <color>cc66e600</color>
            </PolyStyle>
          </Style>
          <LineString>
            <extrude>1</extrude>
            <tessellate>0</tessellate>
            <altitudeMode>absolute</altitudeMode>
            <coordinates>51.455898125,25.48985185,11.124 51.455944077,25.48984992,11.215 </coordinates>
          </LineString>
        </Placemark>
        <Placemark>
          <name><![CDATA[<span style="color:#00e674">trkpt 434</span>]]></name>
          <Style>
            <LineStyle>
              <color>ff74e600</color>
              <width>4</width>
            </LineStyle>
            <PolyStyle>
              <color>cc74e600</color>
            </PolyStyle>
          </Style>
          <LineString>
            <extrude>1</extrude>
            <tessellate>0</tessellate>
            <altitudeMode>absolute</altitudeMode>
            <coordinates>51.455944077,25.48984992,11.215 51.455989967,25.489848387,11.308 </coordinates>
          </LineString>
        </Placemark>
        <Placemark>
          <name><![CDATA[<span style="color:#00e682">trkpt 435</span>]]></name>
          <Style>
            <LineStyle>
              <color>ff82e600</color>
              <width>4</width>
            </LineStyle>
            <PolyStyle>
              <color>cc82e600</color>
            </PolyStyle>
          </Style>
          <LineString>
            <extrude>1</extrude>
            <tessellate>0</tessellate>
            <altitudeMode>absolute</altitudeMode>
            <coordinates>51.455989967,25.489848387,11.308 51.456035898,25.489847133,11.401 </coordinates>
          </LineString>
        </Placemark>
        <Placemark>
          <name><![CDATA[<span style="color:#00e68f">trkpt 436</span>]]></name>
          <Style>
            <LineStyle>
              <color>ff8fe600</color>
              <width>4</width>
            </LineStyle>
            <PolyStyle>
              <color>cc8fe600</color>
            </PolyStyle>
          </Style>
          <LineString>
            <extrude>1</extrude>
            <tessellate>0</tessellate>
            <altitudeMode>absolute</altitudeMode>
            <coordinates>51.456035898,25.489847133,11.401 51.456081948,25.489846325,11.495 </coordinates>
          </LineString>
        </Placemark>
        <Placemark>
          <name><![CDATA[<span style="color:#00e69b">trkpt 437</span>]]></name>
          <Style>
            <LineStyle>
              <color>ff9be600</color>
              <width>4</width>
            </LineStyle>
            <PolyStyle>
              <color>cc9be600</color>
            </PolyStyle>
          </Style>
          <LineString>
            <extrude>1</extrude>
            <tessellate>0</tessellate>
            <altitudeMode>absolute</altitudeMode>
            <coordinates>51.456081948,25.489846325,11.495 51.456128108,25.48984578,11.555 </coordinates>
          </LineString>
        </Placemark>
        <Placemark>
          <name><![CDATA[<span style="color:#00e6a4">trkpt 438</span>]]></name>
          <Style>
            <LineStyle>
              <color>ffa4e600</color>
              <width>4</width>
            </LineStyle>
            <PolyStyle>
              <color>cca4e600</color>
            </PolyStyle>
          </Style>
          <LineString>
            <extrude>1</extrude>
            <tessellate>0</tessellate>
            <altitudeMode>absolute</altitudeMode>
            <coordinates>51.456128108,25.48984578,11.555 51.456174372,25.489845655,11.556 </coordinates>
          </LineString>
        </Placemark>
        <Placemark>
          <name><![CDATA[<span style="color:#00e6a4">trkpt 439</span>]]></name>
          <Style>
            <LineStyle>
              <color>ffa4e600</color>
              <width>4</width>
            </LineStyle>
            <PolyStyle>
              <color>cca4e600</color>
            </PolyStyle>
          </Style>
          <LineString>
            <extrude>1</extrude>
            <tessellate>0</tessellate>
            <altitudeMode>absolute</altitudeMode>
            <coordinates>51.456174372,25.489845655,11.556 51.4562209,25.489846062,11.554 </coordinates>
          </LineString>
        </Placemark>
        <Placemark>
          <name><![CDATA[<span style="color:#00e6a4">trkpt 440</span>]]></name>
          <Style>
            <LineStyle>
              <color>ffa4e600</color>
              <width>4</width>
            </LineStyle>
            <PolyStyle>
              <color>cca4e600</color>
            </PolyStyle>
          </Style>
          <LineString>
            <extrude>1</extrude>
            <tessellate>0</tessellate>
            <altitudeMode>absolute</altitudeMode>
            <coordinates>51.4562209,25.489846062,11.554 51.456267493,25.489846908,11.551 </coordinates>
          </LineString>
        </Placemark>
        <Placemark>
          <name><![CDATA[<span style="color:#00e6a4">trkpt 441</span>]]></name>
          <Style>
            <LineStyle>
              <color>ffa4e600</color>
              <width>4</width>
            </LineStyle>
            <PolyStyle>
              <color>cca4e600</color>
            </PolyStyle>
          </Style>
          <LineString>
            <extrude>1</extrude>
            <tessellate>0</tessellate>
            <altitudeMode>absolute</altitudeMode>
            <coordinates>51.456267493,25.489846908,11.551 51.45631423,25.489847978,11.547 </coordinates>
          </LineString>
        </Placemark>
        <Placemark>
          <name><![CDATA[<span style="color:#00e6a4">trkpt 442</span>]]></name>
          <Style>
            <LineStyle>
              <color>ffa4e600</color>
              <width>4</width>
            </LineStyle>
            <PolyStyle>
              <color>cca4e600</color>
            </PolyStyle>
          </Style>
          <LineString>
            <extrude>1</extrude>
            <tessellate>0</tessellate>
            <altitudeMode>absolute</altitudeMode>
            <coordinates>51.45631423,25.489847978,11.547 51.456360967,25.489849613,11.541 </coordinates>
          </LineString>
        </Placemark>
        <Placemark>
          <name><![CDATA[<span style="color:#00e6a2">trkpt 443</span>]]></name>
          <Style>
            <LineStyle>
              <color>ffa2e600</color>
              <width>4</width>
            </LineStyle>
            <PolyStyle>
              <color>cca2e600</color>
            </PolyStyle>
          </Style>
          <LineString>
            <extrude>1</extrude>
            <tessellate>0</tessellate>
            <altitudeMode>absolute</altitudeMode>
            <coordinates>51.456360967,25.489849613,11.541 51.456407868,25.489851492,11.603 </coordinates>
          </LineString>
        </Placemark>
        <Placemark>
          <name><![CDATA[<span style="color:#00e6ab">trkpt 444</span>]]></name>
          <Style>
            <LineStyle>
              <color>ffabe600</color>
              <width>4</width>
            </LineStyle>
            <PolyStyle>
              <color>ccabe600</color>
            </PolyStyle>
          </Style>
          <LineString>
            <extrude>1</extrude>
            <tessellate>0</tessellate>
            <altitudeMode>absolute</altitudeMode>
            <coordinates>51.456407868,25.489851492,11.603 51.456454945,25.489853845,11.764 </coordinates>
          </LineString>
        </Placemark>
        <Placemark>
          <name><![CDATA[<span style="color:#00e6c2">trkpt 445</span>]]></name>
          <Style>
            <LineStyle>
              <color>ffc2e600</color>
              <width>4</width>
            </LineStyle>
            <PolyStyle>
              <color>ccc2e600</color>
            </PolyStyle>
          </Style>
          <LineString>
            <extrude>1</extrude>
            <tessellate>0</tessellate>
            <altitudeMode>absolute</altitudeMode>
            <coordinates>51.456454945,25.489853845,11.764 51.456502098,25.48985663,11.924 </coordinates>
          </LineString>
        </Placemark>
        <Placemark>
          <name><![CDATA[<span style="color:#00e6d9">trkpt 446</span>]]></name>
          <Style>
            <LineStyle>
              <color>ffd9e600</color>
              <width>4</width>
            </LineStyle>
            <PolyStyle>
              <color>ccd9e600</color>
            </PolyStyle>
          </Style>
          <LineString>
            <extrude>1</extrude>
            <tessellate>0</tessellate>
            <altitudeMode>absolute</altitudeMode>
            <coordinates>51.456502098,25.48985663,11.924 51.456549313,25.489859985,12.082 </coordinates>
          </LineString>
        </Placemark>
        <Placemark>
          <name><![CDATA[<span style="color:#00dbe6">trkpt 447</span>]]></name>
          <Style>
            <LineStyle>
              <color>ffe6db00</color>
              <width>4</width>
            </LineStyle>
            <PolyStyle>
              <color>cce6db00</color>
            </PolyStyle>
          </Style>
          <LineString>
            <extrude>1</extrude>
            <tessellate>0</tessellate>
            <altitudeMode>absolute</altitudeMode>
            <coordinates>51.456549313,25.489859985,12.082 51.45659662,25.489863592,12.239 </coordinates>
          </LineString>
        </Placemark>
        <Placemark>
          <name><![CDATA[<span style="color:#00c4e6">trkpt 448</span>]]></name>
          <Style>
            <LineStyle>
              <color>ffe6c400</color>
              <width>4</width>
            </LineStyle>
            <PolyStyle>
              <color>cce6c400</color>
            </PolyStyle>
          </Style>
          <LineString>
            <extrude>1</extrude>
            <tessellate>0</tessellate>
            <altitudeMode>absolute</altitudeMode>
            <coordinates>51.45659662,25.489863592,12.239 51.456644052,25.489867793,12.395 </coordinates>
          </LineString>
        </Placemark>
        <Placemark>
          <name><![CDATA[<span style="color:#00afe6">trkpt 449</span>]]></name>
          <Style>
            <LineStyle>
              <color>ffe6af00</color>
              <width>4</width>
            </LineStyle>
            <PolyStyle>
              <color>cce6af00</color>
            </PolyStyle>
          </Style>
          <LineString>
            <extrude>1</extrude>
            <tessellate>0</tessellate>
            <altitudeMode>absolute</altitudeMode>
            <coordinates>51.456644052,25.489867793,12.395 51.45669162,25.489872073,12.461 </coordinates>
          </LineString>
        </Placemark>
        <Placemark>
          <name><![CDATA[<span style="color:#00a6e6">trkpt 450</span>]]></name>
          <Style>
            <LineStyle>
              <color>ffe6a600</color>
              <width>4</width>
            </LineStyle>
            <PolyStyle>
              <color>cce6a600</color>
            </PolyStyle>
          </Style>
          <LineString>
            <extrude>1</extrude>
            <tessellate>0</tessellate>
            <altitudeMode>absolute</altitudeMode>
            <coordinates>51.45669162,25.489872073,12.461 51.456739262,25.489876808,12.443 </coordinates>
          </LineString>
        </Placemark>
        <Placemark>
          <name><![CDATA[<span style="color:#00a8e6">trkpt 451</span>]]></name>
          <Style>
            <LineStyle>
              <color>ffe6a800</color>
              <width>4</width>
            </LineStyle>
            <PolyStyle>
              <color>cce6a800</color>
            </PolyStyle>
          </Style>
          <LineString>
            <extrude>1</extrude>
            <tessellate>0</tessellate>
            <altitudeMode>absolute</altitudeMode>
            <coordinates>51.456739262,25.489876808,12.443 51.456786938,25.489881755,12.426 </coordinates>
          </LineString>
        </Placemark>
        <Placemark>
          <name><![CDATA[<span style="color:#00abe6">trkpt 452</span>]]></name>
          <Style>
            <LineStyle>
              <color>ffe6ab00</color>
              <width>4</width>
            </LineStyle>
            <PolyStyle>
              <color>cce6ab00</color>
            </PolyStyle>
          </Style>
          <LineString>
            <extrude>1</extrude>
            <tessellate>0</tessellate>
            <altitudeMode>absolute</altitudeMode>
            <coordinates>51.456786938,25.489881755,12.426 51.456834733,25.489886815,12.407 </coordinates>
          </LineString>
        </Placemark>
        <Placemark>
          <name><![CDATA[<span style="color:#00ade6">trkpt 453</span>]]></name>
          <Style>
            <LineStyle>
              <color>ffe6ad00</color>
              <width>4</width>
            </LineStyle>
            <PolyStyle>
              <color>cce6ad00</color>
            </PolyStyle>
          </Style>
          <LineString>
            <extrude>1</extrude>
            <tessellate>0</tessellate>
            <altitudeMode>absolute</altitudeMode>
            <coordinates>51.456834733,25.489886815,12.407 51.456882652,25.489891933,12.389 </coordinates>
          </LineString>
        </Placemark>
        <Placemark>
          <name><![CDATA[<span style="color:#00afe6">trkpt 454</span>]]></name>
          <Style>
            <LineStyle>
              <color>ffe6af00</color>
              <width>4</width>
            </LineStyle>
            <PolyStyle>
              <color>cce6af00</color>
            </PolyStyle>
          </Style>
          <LineString>
            <extrude>1</extrude>
            <tessellate>0</tessellate>
            <altitudeMode>absolute</altitudeMode>
            <coordinates>51.456882652,25.489891933,12.389 51.456930715,25.489897167,12.37 </coordinates>
          </LineString>
        </Placemark>
        <Placemark>
          <name><![CDATA[<span style="color:#00b2e6">trkpt 455</span>]]></name>
          <Style>
            <LineStyle>
              <color>ffe6b200</color>
              <width>4</width>
            </LineStyle>
            <PolyStyle>
              <color>cce6b200</color>
            </PolyStyle>
          </Style>
          <LineString>
            <extrude>1</extrude>
            <tessellate>0</tessellate>
            <altitudeMode>absolute</altitudeMode>
            <coordinates>51.456930715,25.489897167,12.37 51.456978893,25.489902492,12.388 </coordinates>
          </LineString>
        </Placemark>
        <Placemark>
          <name><![CDATA[<span style="color:#00afe6">trkpt 456</span>]]></name>
          <Style>
            <LineStyle>
              <color>ffe6af00</color>
              <width>4</width>
            </LineStyle>
            <PolyStyle>
              <color>cce6af00</color>
            </PolyStyle>
          </Style>
          <LineString>
            <extrude>1</extrude>
            <tessellate>0</tessellate>
            <altitudeMode>absolute</altitudeMode>
            <coordinates>51.456978893,25.489902492,12.388 51.45702719,25.489907825,12.432 </coordinates>
          </LineString>
        </Placemark>
        <Placemark>
          <name><![CDATA[<span style="color:#00a8e6">trkpt 457</span>]]></name>
          <Style>
            <LineStyle>
              <color>ffe6a800</color>
              <width>4</width>
            </LineStyle>
            <PolyStyle>
              <color>cce6a800</color>
            </PolyStyle>
          </Style>
          <LineString>
            <extrude>1</extrude>
            <tessellate>0</tessellate>
            <altitudeMode>absolute</altitudeMode>
            <coordinates>51.45702719,25.489907825,12.432 51.457075313,25.489913282,12.489 </coordinates>
          </LineString>
        </Placemark>
        <Placemark>
          <name><![CDATA[<span style="color:#00a1e6">trkpt 458</span>]]></name>
          <Style>
            <LineStyle>
              <color>ffe6a100</color>
              <width>4</width>
            </LineStyle>
            <PolyStyle>
              <color>cce6a100</color>
            </PolyStyle>
          </Style>
          <LineString>
            <extrude>1</extrude>
            <tessellate>0</tessellate>
            <altitudeMode>absolute</altitudeMode>
            <coordinates>51.457075313,25.489913282,12.489 51.457123498,25.489918792,12.56 </coordinates>
          </LineString>
        </Placemark>
        <Placemark>
          <name><![CDATA[<span style="color:#0096e6">trkpt 459</span>]]></name>
          <Style>
            <LineStyle>
              <color>ffe69600</color>
              <width>4</width>
            </LineStyle>
            <PolyStyle>
              <color>cce69600</color>
            </PolyStyle>
          </Style>
          <LineString>
            <extrude>1</extrude>
            <tessellate>0</tessellate>
            <altitudeMode>absolute</altitudeMode>
            <coordinates>51.457123498,25.489918792,12.56 51.457171872,25.489924252,12.645 </coordinates>
          </LineString>
        </Placemark>
        <Placemark>
          <name><![CDATA[<span style="color:#008ae6">trkpt 460</span>]]></name>
          <Style>
            <LineStyle>
              <color>ffe68a00</color>
              <width>4</width>
            </LineStyle>
            <PolyStyle>
              <color>cce68a00</color>
            </PolyStyle>
          </Style>
          <LineString>
            <extrude>1</extrude>
            <tessellate>0</tessellate>
            <altitudeMode>absolute</altitudeMode>
            <coordinates>51.457171872,25.489924252,12.645 51.457220073,25.489929802,12.743 </coordinates>
          </LineString>
        </Placemark>
        <Placemark>
          <name><![CDATA[<span style="color:#007de6">trkpt 461</span>]]></name>
          <Style>
            <LineStyle>
              <color>ffe67d00</color>
              <width>4</width>
            </LineStyle>
            <PolyStyle>
              <color>cce67d00</color>
            </PolyStyle>
          </Style>
          <LineString>
            <extrude>1</extrude>
            <tessellate>0</tessellate>
            <altitudeMode>absolute</altitudeMode>
            <coordinates>51.457220073,25.489929802,12.743 51.457268212,25.489935492,12.768 </coordinates>
          </LineString>
        </Placemark>
        <Placemark>
          <name><![CDATA[<span style="color:#007ae6">trkpt 462</span>]]></name>
          <Style>
            <LineStyle>
              <color>ffe67a00</color>
              <width>4</width>
            </LineStyle>
            <PolyStyle>
              <color>cce67a00</color>
            </PolyStyle>
          </Style>
          <LineString>
            <extrude>1</extrude>
            <tessellate>0</tessellate>
            <altitudeMode>absolute</altitudeMode>
            <coordinates>51.457268212,25.489935492,12.768 51.457316635,25.489941167,12.788 </coordinates>
          </LineString>
        </Placemark>
        <Placemark>
          <name><![CDATA[<span style="color:#0076e6">trkpt 463</span>]]></name>
          <Style>
            <LineStyle>
              <color>ffe67600</color>
              <width>4</width>
            </LineStyle>
            <PolyStyle>
              <color>cce67600</color>
            </PolyStyle>
          </Style>
          <LineString>
            <extrude>1</extrude>
            <tessellate>0</tessellate>
            <altitudeMode>absolute</altitudeMode>
            <coordinates>51.457316635,25.489941167,12.788 51.457364818,25.489946997,12.809 </coordinates>
          </LineString>
        </Placemark>
        <Placemark>
          <name><![CDATA[<span style="color:#0073e6">trkpt 464</span>]]></name>
          <Style>
            <LineStyle>
              <color>ffe67300</color>
              <width>4</width>
            </LineStyle>
            <PolyStyle>
              <color>cce67300</color>
            </PolyStyle>
          </Style>
          <LineString>
            <extrude>1</extrude>
            <tessellate>0</tessellate>
            <altitudeMode>absolute</altitudeMode>
            <coordinates>51.457364818,25.489946997,12.809 51.457413208,25.489952892,12.83 </coordinates>
          </LineString>
        </Placemark>
        <Placemark>
          <name><![CDATA[<span style="color:#0071e6">trkpt 465</span>]]></name>
          <Style>
            <LineStyle>
              <color>ffe67100</color>
              <width>4</width>
            </LineStyle>
            <PolyStyle>
              <color>cce67100</color>
            </PolyStyle>
          </Style>
          <LineString>
            <extrude>1</extrude>
            <tessellate>0</tessellate>
            <altitudeMode>absolute</altitudeMode>
            <coordinates>51.457413208,25.489952892,12.83 51.457461435,25.489958713,12.851 </coordinates>
          </LineString>
        </Placemark>
        <Placemark>
          <name><![CDATA[<span style="color:#006de6">trkpt 466</span>]]></name>
          <Style>
            <LineStyle>
              <color>ffe66d00</color>
              <width>4</width>
            </LineStyle>
            <PolyStyle>
              <color>cce66d00</color>
            </PolyStyle>
          </Style>
          <LineString>
            <extrude>1</extrude>
            <tessellate>0</tessellate>
            <altitudeMode>absolute</altitudeMode>
            <coordinates>51.457461435,25.489958713,12.851 51.457509732,25.489964603,12.816 </coordinates>
          </LineString>
        </Placemark>
        <Placemark>
          <name><![CDATA[<span style="color:#0073e6">trkpt 467</span>]]></name>
          <Style>
            <LineStyle>
              <color>ffe67300</color>
              <width>4</width>
            </LineStyle>
            <PolyStyle>
              <color>cce67300</color>
            </PolyStyle>
          </Style>
          <LineString>
            <extrude>1</extrude>
            <tessellate>0</tessellate>
            <altitudeMode>absolute</altitudeMode>
            <coordinates>51.457509732,25.489964603,12.816 51.457557852,25.489970508,12.544 </coordinates>
          </LineString>
        </Placemark>
        <Placemark>
          <name><![CDATA[<span style="color:#0098e6">trkpt 468</span>]]></name>
          <Style>
            <LineStyle>
              <color>ffe69800</color>
              <width>4</width>
            </LineStyle>
            <PolyStyle>
              <color>cce69800</color>
            </PolyStyle>
          </Style>
          <LineString>
            <extrude>1</extrude>
            <tessellate>0</tessellate>
            <altitudeMode>absolute</altitudeMode>
            <coordinates>51.457557852,25.489970508,12.544 51.457605863,25.489976275,12.25 </coordinates>
          </LineString>
        </Placemark>
        <Placemark>
          <name><![CDATA[<span style="color:#00c4e6">trkpt 469</span>]]></name>
          <Style>
            <LineStyle>
              <color>ffe6c400</color>
              <width>4</width>
            </LineStyle>
            <PolyStyle>
              <color>cce6c400</color>
            </PolyStyle>
          </Style>
          <LineString>
            <extrude>1</extrude>
            <tessellate>0</tessellate>
            <altitudeMode>absolute</altitudeMode>
            <coordinates>51.457605863,25.489976275,12.25 51.457653792,25.489982008,11.936 </coordinates>
          </LineString>
        </Placemark>
        <Placemark>
          <name><![CDATA[<span style="color:#00e6db">trkpt 470</span>]]></name>
          <Style>
            <LineStyle>
              <color>ffdbe600</color>
              <width>4</width>
            </LineStyle>
            <PolyStyle>
              <color>ccdbe600</color>
            </PolyStyle>
          </Style>
          <LineString>
            <extrude>1</extrude>
            <tessellate>0</tessellate>
            <altitudeMode>absolute</altitudeMode>
            <coordinates>51.457653792,25.489982008,11.936 51.457701533,25.489987608,11.601 </coordinates>
          </LineString>
        </Placemark>
        <Placemark>
          <name><![CDATA[<span style="color:#00e6ab">trkpt 471</span>]]></name>
          <Style>
            <LineStyle>
              <color>ffabe600</color>
              <width>4</width>
            </LineStyle>
            <PolyStyle>
              <color>ccabe600</color>
            </PolyStyle>
          </Style>
          <LineString>
            <extrude>1</extrude>
            <tessellate>0</tessellate>
            <altitudeMode>absolute</altitudeMode>
            <coordinates>51.457701533,25.489987608,11.601 51.457749573,25.489993122,11.245 </coordinates>
          </LineString>
        </Placemark>
        <Placemark>
          <name><![CDATA[<span style="color:#00e678">trkpt 472</span>]]></name>
          <Style>
            <LineStyle>
              <color>ff78e600</color>
              <width>4</width>
            </LineStyle>
            <PolyStyle>
              <color>cc78e600</color>
            </PolyStyle>
          </Style>
          <LineString>
            <extrude>1</extrude>
            <tessellate>0</tessellate>
            <altitudeMode>absolute</altitudeMode>
            <coordinates>51.457749573,25.489993122,11.245 51.457797133,25.489998637,10.94 </coordinates>
          </LineString>
        </Placemark>
        <Placemark>
          <name><![CDATA[<span style="color:#00e64d">trkpt 473</span>]]></name>
          <Style>
            <LineStyle>
              <color>ff4de600</color>
              <width>4</width>
            </LineStyle>
            <PolyStyle>
              <color>cc4de600</color>
            </PolyStyle>
          </Style>
          <LineString>
            <extrude>1</extrude>
            <tessellate>0</tessellate>
            <altitudeMode>absolute</altitudeMode>
            <coordinates>51.457797133,25.489998637,10.94 51.457844167,25.490004228,10.757 </coordinates>
          </LineString>
        </Placemark>
        <Placemark>
          <name><![CDATA[<span style="color:#00e634">trkpt 474</span>]]></name>
          <Style>
            <LineStyle>
              <color>ff34e600</color>
              <width>4</width>
            </LineStyle>
            <PolyStyle>
              <color>cc34e600</color>
            </PolyStyle>
          </Style>
          <LineString>
            <extrude>1</extrude>
            <tessellate>0</tessellate>
            <altitudeMode>absolute</altitudeMode>
            <coordinates>51.457844167,25.490004228,10.757 51.457891097,25.490009742,10.578 </coordinates>
          </LineString>
        </Placemark>
        <Placemark>
          <name><![CDATA[<span style="color:#00e61a">trkpt 475</span>]]></name>
          <Style>
            <LineStyle>
              <color>ff1ae600</color>
              <width>4</width>
            </LineStyle>
            <PolyStyle>
              <color>cc1ae600</color>
            </PolyStyle>
          </Style>
          <LineString>
            <extrude>1</extrude>
            <tessellate>0</tessellate>
            <altitudeMode>absolute</altitudeMode>
            <coordinates>51.457891097,25.490009742,10.578 51.457937643,25.490015122,10.393 </coordinates>
          </LineString>
        </Placemark>
        <Placemark>
          <name><![CDATA[<span style="color:#01e600">trkpt 476</span>]]></name>
          <Style>
            <LineStyle>
              <color>ff00e601</color>
              <width>4</width>
            </LineStyle>
            <PolyStyle>
              <color>cc00e601</color>
            </PolyStyle>
          </Style>
          <LineString>
            <extrude>1</extrude>
            <tessellate>0</tessellate>
            <altitudeMode>absolute</altitudeMode>
            <coordinates>51.457937643,25.490015122,10.393 51.457983848,25.490020387,10.204 </coordinates>
          </LineString>
        </Placemark>
        <Placemark>
          <name><![CDATA[<span style="color:#1de600">trkpt 477</span>]]></name>
          <Style>
            <LineStyle>
              <color>ff00e61d</color>
              <width>4</width>
            </LineStyle>
            <PolyStyle>
              <color>cc00e61d</color>
            </PolyStyle>
          </Style>
          <LineString>
            <extrude>1</extrude>
            <tessellate>0</tessellate>
            <altitudeMode>absolute</altitudeMode>
            <coordinates>51.457983848,25.490020387,10.204 51.45802938,25.490025633,10.011 </coordinates>
          </LineString>
        </Placemark>
        <Placemark>
          <name><![CDATA[<span style="color:#39e600">trkpt 478</span>]]></name>
          <Style>
            <LineStyle>
              <color>ff00e639</color>
              <width>4</width>
            </LineStyle>
            <PolyStyle>
              <color>cc00e639</color>
            </PolyStyle>
          </Style>
          <LineString>
            <extrude>1</extrude>
            <tessellate>0</tessellate>
            <altitudeMode>absolute</altitudeMode>
            <coordinates>51.45802938,25.490025633,10.011 51.458074567,25.490030697,9.836 </coordinates>
          </LineString>
        </Placemark>
        <Placemark>
          <name><![CDATA[<span style="color:#52e600">trkpt 479</span>]]></name>
          <Style>
            <LineStyle>
              <color>ff00e652</color>
              <width>4</width>
            </LineStyle>
            <PolyStyle>
              <color>cc00e652</color>
            </PolyStyle>
          </Style>
          <LineString>
            <extrude>1</extrude>
            <tessellate>0</tessellate>
            <altitudeMode>absolute</altitudeMode>
            <coordinates>51.458074567,25.490030697,9.836 51.458119262,25.490035537,9.701 </coordinates>
          </LineString>
        </Placemark>
        <Placemark>
          <name><![CDATA[<span style="color:#64e600">trkpt 480</span>]]></name>
          <Style>
            <LineStyle>
              <color>ff00e664</color>
              <width>4</width>
            </LineStyle>
            <PolyStyle>
              <color>cc00e664</color>
            </PolyStyle>
          </Style>
          <LineString>
            <extrude>1</extrude>
            <tessellate>0</tessellate>
            <altitudeMode>absolute</altitudeMode>
            <coordinates>51.458119262,25.490035537,9.701 51.458163285,25.49004034,9.58 </coordinates>
          </LineString>
        </Placemark>
        <Placemark>
          <name><![CDATA[<span style="color:#74e600">trkpt 481</span>]]></name>
          <Style>
            <LineStyle>
              <color>ff00e674</color>
              <width>4</width>
            </LineStyle>
            <PolyStyle>
              <color>cc00e674</color>
            </PolyStyle>
          </Style>
          <LineString>
            <extrude>1</extrude>
            <tessellate>0</tessellate>
            <altitudeMode>absolute</altitudeMode>
            <coordinates>51.458163285,25.49004034,9.58 51.4582069,25.49004494,9.47 </coordinates>
          </LineString>
        </Placemark>
        <Placemark>
          <name><![CDATA[<span style="color:#84e600">trkpt 482</span>]]></name>
          <Style>
            <LineStyle>
              <color>ff00e684</color>
              <width>4</width>
            </LineStyle>
            <PolyStyle>
              <color>cc00e684</color>
            </PolyStyle>
          </Style>
          <LineString>
            <extrude>1</extrude>
            <tessellate>0</tessellate>
            <altitudeMode>absolute</altitudeMode>
            <coordinates>51.4582069,25.49004494,9.47 51.458249877,25.490049333,9.371 </coordinates>
          </LineString>
        </Placemark>
        <Placemark>
          <name><![CDATA[<span style="color:#92e600">trkpt 483</span>]]></name>
          <Style>
            <LineStyle>
              <color>ff00e692</color>
              <width>4</width>
            </LineStyle>
            <PolyStyle>
              <color>cc00e692</color>
            </PolyStyle>
          </Style>
          <LineString>
            <extrude>1</extrude>
            <tessellate>0</tessellate>
            <altitudeMode>absolute</altitudeMode>
            <coordinates>51.458249877,25.490049333,9.371 51.458292543,25.490053515,9.283 </coordinates>
          </LineString>
        </Placemark>
        <Placemark>
          <name><![CDATA[<span style="color:#a0e600">trkpt 484</span>]]></name>
          <Style>
            <LineStyle>
              <color>ff00e6a0</color>
              <width>4</width>
            </LineStyle>
            <PolyStyle>
              <color>cc00e6a0</color>
            </PolyStyle>
          </Style>
          <LineString>
            <extrude>1</extrude>
            <tessellate>0</tessellate>
            <altitudeMode>absolute</altitudeMode>
            <coordinates>51.458292543,25.490053515,9.283 51.458334755,25.490057257,9.207 </coordinates>
          </LineString>
        </Placemark>
        <Placemark>
          <name><![CDATA[<span style="color:#ace600">trkpt 485</span>]]></name>
          <Style>
            <LineStyle>
              <color>ff00e6ac</color>
              <width>4</width>
            </LineStyle>
            <PolyStyle>
              <color>cc00e6ac</color>
            </PolyStyle>
          </Style>
          <LineString>
            <extrude>1</extrude>
            <tessellate>0</tessellate>
            <altitudeMode>absolute</altitudeMode>
            <coordinates>51.458334755,25.490057257,9.207 51.458376497,25.490060598,9.252 </coordinates>
          </LineString>
        </Placemark>
        <Placemark>
          <name><![CDATA[<span style="color:#a5e600">trkpt 486</span>]]></name>
          <Style>
            <LineStyle>
              <color>ff00e6a5</color>
              <width>4</width>
            </LineStyle>
            <PolyStyle>
              <color>cc00e6a5</color>
            </PolyStyle>
          </Style>
          <LineString>
            <extrude>1</extrude>
            <tessellate>0</tessellate>
            <altitudeMode>absolute</altitudeMode>
            <coordinates>51.458376497,25.490060598,9.252 51.458417933,25.490063738,9.299 </coordinates>
          </LineString>
        </Placemark>
        <Placemark>
          <name><![CDATA[<span style="color:#9ee600">trkpt 487</span>]]></name>
          <Style>
            <LineStyle>
              <color>ff00e69e</color>
              <width>4</width>
            </LineStyle>
            <PolyStyle>
              <color>cc00e69e</color>
            </PolyStyle>
          </Style>
          <LineString>
            <extrude>1</extrude>
            <tessellate>0</tessellate>
            <altitudeMode>absolute</altitudeMode>
            <coordinates>51.458417933,25.490063738,9.299 51.458458692,25.490066243,9.346 </coordinates>
          </LineString>
        </Placemark>
        <Placemark>
          <name><![CDATA[<span style="color:#97e600">trkpt 488</span>]]></name>
          <Style>
            <LineStyle>
              <color>ff00e697</color>
              <width>4</width>
            </LineStyle>
            <PolyStyle>
              <color>cc00e697</color>
            </PolyStyle>
          </Style>
          <LineString>
            <extrude>1</extrude>
            <tessellate>0</tessellate>
            <altitudeMode>absolute</altitudeMode>
            <coordinates>51.458458692,25.490066243,9.346 51.458499153,25.490068248,9.392 </coordinates>
          </LineString>
        </Placemark>
        <Placemark>
          <name><![CDATA[<span style="color:#90e600">trkpt 489</span>]]></name>
          <Style>
            <LineStyle>
              <color>ff00e690</color>
              <width>4</width>
            </LineStyle>
            <PolyStyle>
              <color>cc00e690</color>
            </PolyStyle>
          </Style>
          <LineString>
            <extrude>1</extrude>
            <tessellate>0</tessellate>
            <altitudeMode>absolute</altitudeMode>
            <coordinates>51.458499153,25.490068248,9.392 51.458538863,25.490069675,9.436 </coordinates>
          </LineString>
        </Placemark>
        <Placemark>
          <name><![CDATA[<span style="color:#89e600">trkpt 490</span>]]></name>
          <Style>
            <LineStyle>
              <color>ff00e689</color>
              <width>4</width>
            </LineStyle>
            <PolyStyle>
              <color>cc00e689</color>
            </PolyStyle>
          </Style>
          <LineString>
            <extrude>1</extrude>
            <tessellate>0</tessellate>
            <altitudeMode>absolute</altitudeMode>
            <coordinates>51.458538863,25.490069675,9.436 51.4585779,25.49007043,9.477 </coordinates>
          </LineString>
        </Placemark>
        <Placemark>
          <name><![CDATA[<span style="color:#84e600">trkpt 491</span>]]></name>
          <Style>
            <LineStyle>
              <color>ff00e684</color>
              <width>4</width>
            </LineStyle>
            <PolyStyle>
              <color>cc00e684</color>
            </PolyStyle>
          </Style>
          <LineString>
            <extrude>1</extrude>
            <tessellate>0</tessellate>
            <altitudeMode>absolute</altitudeMode>
            <coordinates>51.4585779,25.49007043,9.477 51.458616638,25.490070218,9.52 </coordinates>
          </LineString>
        </Placemark>
        <Placemark>
          <name><![CDATA[<span style="color:#7ee600">trkpt 492</span>]]></name>
          <Style>
            <LineStyle>
              <color>ff00e67e</color>
              <width>4</width>
            </LineStyle>
            <PolyStyle>
              <color>cc00e67e</color>
            </PolyStyle>
          </Style>
          <LineString>
            <extrude>1</extrude>
            <tessellate>0</tessellate>
            <altitudeMode>absolute</altitudeMode>
            <coordinates>51.458616638,25.490070218,9.52 51.458654997,25.490069043,9.616 </coordinates>
          </LineString>
        </Placemark>
        <Placemark>
          <name><![CDATA[<span style="color:#70e600">trkpt 493</span>]]></name>
          <Style>
            <LineStyle>
              <color>ff00e670</color>
              <width>4</width>
            </LineStyle>
            <PolyStyle>
              <color>cc00e670</color>
            </PolyStyle>
          </Style>
          <LineString>
            <extrude>1</extrude>
            <tessellate>0</tessellate>
            <altitudeMode>absolute</altitudeMode>
            <coordinates>51.458654997,25.490069043,9.616 51.458693155,25.490067047,9.707 </coordinates>
          </LineString>
        </Placemark>
        <Placemark>
          <name><![CDATA[<span style="color:#64e600">trkpt 494</span>]]></name>
          <Style>
            <LineStyle>
              <color>ff00e664</color>
              <width>4</width>
            </LineStyle>
            <PolyStyle>
              <color>cc00e664</color>
            </PolyStyle>
          </Style>
          <LineString>
            <extrude>1</extrude>
            <tessellate>0</tessellate>
            <altitudeMode>absolute</altitudeMode>
            <coordinates>51.458693155,25.490067047,9.707 51.458730772,25.490063915,9.792 </coordinates>
          </LineString>
        </Placemark>
        <Placemark>
          <name><![CDATA[<span style="color:#56e600">trkpt 495</span>]]></name>
          <Style>
            <LineStyle>
              <color>ff00e656</color>
              <width>4</width>
            </LineStyle>
            <PolyStyle>
              <color>cc00e656</color>
            </PolyStyle>
          </Style>
          <LineString>
            <extrude>1</extrude>
            <tessellate>0</tessellate>
            <altitudeMode>absolute</altitudeMode>
            <coordinates>51.458730772,25.490063915,9.792 51.458767953,25.490059438,9.872 </coordinates>
          </LineString>
        </Placemark>
        <Placemark>
          <name><![CDATA[<span style="color:#4be600">trkpt 496</span>]]></name>
          <Style>
            <LineStyle>
              <color>ff00e64b</color>
              <width>4</width>
            </LineStyle>
            <PolyStyle>
              <color>cc00e64b</color>
            </PolyStyle>
          </Style>
          <LineString>
            <extrude>1</extrude>
            <tessellate>0</tessellate>
            <altitudeMode>absolute</altitudeMode>
            <coordinates>51.458767953,25.490059438,9.872 51.458804828,25.490053963,9.95 </coordinates>
          </LineString>
        </Placemark>
        <Placemark>
          <name><![CDATA[<span style="color:#3fe600">trkpt 497</span>]]></name>
          <Style>
            <LineStyle>
              <color>ff00e63f</color>
              <width>4</width>
            </LineStyle>
            <PolyStyle>
              <color>cc00e63f</color>
            </PolyStyle>
          </Style>
          <LineString>
            <extrude>1</extrude>
            <tessellate>0</tessellate>
            <altitudeMode>absolute</altitudeMode>
            <coordinates>51.458804828,25.490053963,9.95 51.45884123,25.490047448,10.029 </coordinates>
          </LineString>
        </Placemark>
        <Placemark>
          <name><![CDATA[<span style="color:#36e600">trkpt 498</span>]]></name>
          <Style>
            <LineStyle>
              <color>ff00e636</color>
              <width>4</width>
            </LineStyle>
            <PolyStyle>
              <color>cc00e636</color>
            </PolyStyle>
          </Style>
          <LineString>
            <extrude>1</extrude>
            <tessellate>0</tessellate>
            <altitudeMode>absolute</altitudeMode>
            <coordinates>51.45884123,25.490047448,10.029 51.458877125,25.490039795,10.107 </coordinates>
          </LineString>
        </Placemark>
        <Placemark>
          <name><![CDATA[<span style="color:#2be600">trkpt 499</span>]]></name>
          <Style>
            <LineStyle>
              <color>ff00e62b</color>
              <width>4</width>
            </LineStyle>
            <PolyStyle>
              <color>cc00e62b</color>
            </PolyStyle>
          </Style>
          <LineString>
            <extrude>1</extrude>
            <tessellate>0</tessellate>
            <altitudeMode>absolute</altitudeMode>
            <coordinates>51.458877125,25.490039795,10.107 51.4589126,25.49003111,10.112 </coordinates>
          </LineString>
        </Placemark>
        <Placemark>
          <name><![CDATA[<span style="color:#28e600">trkpt 500</span>]]></name>
          <Style>
            <LineStyle>
              <color>ff00e628</color>
              <width>4</width>
            </LineStyle>
            <PolyStyle>
              <color>cc00e628</color>
            </PolyStyle>
          </Style>
          <LineString>
            <extrude>1</extrude>
            <tessellate>0</tessellate>
            <altitudeMode>absolute</altitudeMode>
            <coordinates>51.4589126,25.49003111,10.112 51.458947433,25.490020972,10.075 </coordinates>
          </LineString>
        </Placemark>
        <Placemark>
          <name><![CDATA[<span style="color:#2fe600">trkpt 501</span>]]></name>
          <Style>
            <LineStyle>
              <color>ff00e62f</color>
              <width>4</width>
            </LineStyle>
            <PolyStyle>
              <color>cc00e62f</color>
            </PolyStyle>
          </Style>
          <LineString>
            <extrude>1</extrude>
            <tessellate>0</tessellate>
            <altitudeMode>absolute</altitudeMode>
            <coordinates>51.458947433,25.490020972,10.075 51.458981768,25.490009733,10.035 </coordinates>
          </LineString>
        </Placemark>
        <Placemark>
          <name><![CDATA[<span style="color:#34e600">trkpt 502</span>]]></name>
          <Style>
            <LineStyle>
              <color>ff00e634</color>
              <width>4</width>
            </LineStyle>
            <PolyStyle>
              <color>cc00e634</color>
            </PolyStyle>
          </Style>
          <LineString>
            <extrude>1</extrude>
            <tessellate>0</tessellate>
            <altitudeMode>absolute</altitudeMode>
            <coordinates>51.458981768,25.490009733,10.035 51.45901542,25.48999723,9.995 </coordinates>
          </LineString>
        </Placemark>
        <Placemark>
          <name><![CDATA[<span style="color:#3be600">trkpt 503</span>]]></name>
          <Style>
            <LineStyle>
              <color>ff00e63b</color>
              <width>4</width>
            </LineStyle>
            <PolyStyle>
              <color>cc00e63b</color>
            </PolyStyle>
          </Style>
          <LineString>
            <extrude>1</extrude>
            <tessellate>0</tessellate>
            <altitudeMode>absolute</altitudeMode>
            <coordinates>51.45901542,25.48999723,9.995 51.459048337,25.489983658,9.975 </coordinates>
          </LineString>
        </Placemark>
        <Placemark>
          <name><![CDATA[<span style="color:#3de600">trkpt 504</span>]]></name>
          <Style>
            <LineStyle>
              <color>ff00e63d</color>
              <width>4</width>
            </LineStyle>
            <PolyStyle>
              <color>cc00e63d</color>
            </PolyStyle>
          </Style>
          <LineString>
            <extrude>1</extrude>
            <tessellate>0</tessellate>
            <altitudeMode>absolute</altitudeMode>
            <coordinates>51.459048337,25.489983658,9.975 51.459080313,25.48996861,9.965 </coordinates>
          </LineString>
        </Placemark>
        <Placemark>
          <name><![CDATA[<span style="color:#3fe600">trkpt 505</span>]]></name>
          <Style>
            <LineStyle>
              <color>ff00e63f</color>
              <width>4</width>
            </LineStyle>
            <PolyStyle>
              <color>cc00e63f</color>
            </PolyStyle>
          </Style>
          <LineString>
            <extrude>1</extrude>
            <tessellate>0</tessellate>
            <altitudeMode>absolute</altitudeMode>
            <coordinates>51.459080313,25.48996861,9.965 51.459111727,25.489952487,9.966 </coordinates>
          </LineString>
        </Placemark>
        <Placemark>
          <name><![CDATA[<span style="color:#3de600">trkpt 506</span>]]></name>
          <Style>
            <LineStyle>
              <color>ff00e63d</color>
              <width>4</width>
            </LineStyle>
            <PolyStyle>
              <color>cc00e63d</color>
            </PolyStyle>
          </Style>
          <LineString>
            <extrude>1</extrude>
            <tessellate>0</tessellate>
            <altitudeMode>absolute</altitudeMode>
            <coordinates>51.459111727,25.489952487,9.966 51.459142067,25.489934922,9.979 </coordinates>
          </LineString>
        </Placemark>
        <Placemark>
          <name><![CDATA[<span style="color:#3de600">trkpt 507</span>]]></name>
          <Style>
            <LineStyle>
              <color>ff00e63d</color>
              <width>4</width>
            </LineStyle>
            <PolyStyle>
              <color>cc00e63d</color>
            </PolyStyle>
          </Style>
          <LineString>
            <extrude>1</extrude>
            <tessellate>0</tessellate>
            <altitudeMode>absolute</altitudeMode>
            <coordinates>51.459142067,25.489934922,9.979 51.459171722,25.489916367,10.005 </coordinates>
          </LineString>
        </Placemark>
        <Placemark>
          <name><![CDATA[<span style="color:#39e600">trkpt 508</span>]]></name>
          <Style>
            <LineStyle>
              <color>ff00e639</color>
              <width>4</width>
            </LineStyle>
            <PolyStyle>
              <color>cc00e639</color>
            </PolyStyle>
          </Style>
          <LineString>
            <extrude>1</extrude>
            <tessellate>0</tessellate>
            <altitudeMode>absolute</altitudeMode>
            <coordinates>51.459171722,25.489916367,10.005 51.459200583,25.48989675,10.045 </coordinates>
          </LineString>
        </Placemark>
        <Placemark>
          <name><![CDATA[<span style="color:#34e600">trkpt 509</span>]]></name>
          <Style>
            <LineStyle>
              <color>ff00e634</color>
              <width>4</width>
            </LineStyle>
            <PolyStyle>
              <color>cc00e634</color>
            </PolyStyle>
          </Style>
          <LineString>
            <extrude>1</extrude>
            <tessellate>0</tessellate>
            <altitudeMode>absolute</altitudeMode>
            <coordinates>51.459200583,25.48989675,10.045 51.459228708,25.48987608,10.1 </coordinates>
          </LineString>
        </Placemark>
        <Placemark>
          <name><![CDATA[<span style="color:#2be600">trkpt 510</span>]]></name>
          <Style>
            <LineStyle>
              <color>ff00e62b</color>
              <width>4</width>
            </LineStyle>
            <PolyStyle>
              <color>cc00e62b</color>
            </PolyStyle>
          </Style>
          <LineString>
            <extrude>1</extrude>
            <tessellate>0</tessellate>
            <altitudeMode>absolute</altitudeMode>
            <coordinates>51.459228708,25.48987608,10.1 51.459255833,25.489854397,10.168 </coordinates>
          </LineString>
        </Placemark>
        <Placemark>
          <name><![CDATA[<span style="color:#22e600">trkpt 511</span>]]></name>
          <Style>
            <LineStyle>
              <color>ff00e622</color>
              <width>4</width>
            </LineStyle>
            <PolyStyle>
              <color>cc00e622</color>
            </PolyStyle>
          </Style>
          <LineString>
            <extrude>1</extrude>
            <tessellate>0</tessellate>
            <altitudeMode>absolute</altitudeMode>
            <coordinates>51.459255833,25.489854397,10.168 51.459281827,25.489831562,10.251 </coordinates>
          </LineString>
        </Placemark>
        <Placemark>
          <name><![CDATA[<span style="color:#16e600">trkpt 512</span>]]></name>
          <Style>
            <LineStyle>
              <color>ff00e616</color>
              <width>4</width>
            </LineStyle>
            <PolyStyle>
              <color>cc00e616</color>
            </PolyStyle>
          </Style>
          <LineString>
            <extrude>1</extrude>
            <tessellate>0</tessellate>
            <altitudeMode>absolute</altitudeMode>
            <coordinates>51.459281827,25.489831562,10.251 51.45930692,25.489807653,10.35 </coordinates>
          </LineString>
        </Placemark>
        <Placemark>
          <name><![CDATA[<span style="color:#08e600">trkpt 513</span>]]></name>
          <Style>
            <LineStyle>
              <color>ff00e608</color>
              <width>4</width>
            </LineStyle>
            <PolyStyle>
              <color>cc00e608</color>
            </PolyStyle>
          </Style>
          <LineString>
            <extrude>1</extrude>
            <tessellate>0</tessellate>
            <altitudeMode>absolute</altitudeMode>
            <coordinates>51.45930692,25.489807653,10.35 51.459331232,25.489782932,10.463 </coordinates>
          </LineString>
        </Placemark>
        <Placemark>
          <name><![CDATA[<span style="color:#00e608">trkpt 514</span>]]></name>
          <Style>
            <LineStyle>
              <color>ff08e600</color>
              <width>4</width>
            </LineStyle>
            <PolyStyle>
              <color>cc08e600</color>
            </PolyStyle>
          </Style>
          <LineString>
            <extrude>1</extrude>
            <tessellate>0</tessellate>
            <altitudeMode>absolute</altitudeMode>
            <coordinates>51.459331232,25.489782932,10.463 51.459354617,25.489757328,10.591 </coordinates>
          </LineString>
        </Placemark>
        <Placemark>
          <name><![CDATA[<span style="color:#00e61a">trkpt 515</span>]]></name>
          <Style>
            <LineStyle>
              <color>ff1ae600</color>
              <width>4</width>
            </LineStyle>
            <PolyStyle>
              <color>cc1ae600</color>
            </PolyStyle>
          </Style>
          <LineString>
            <extrude>1</extrude>
            <tessellate>0</tessellate>
            <altitudeMode>absolute</altitudeMode>
            <coordinates>51.459354617,25.489757328,10.591 51.459377355,25.489731073,10.734 </coordinates>
          </LineString>
        </Placemark>
        <Placemark>
          <name><![CDATA[<span style="color:#00e62f">trkpt 516</span>]]></name>
          <Style>
            <LineStyle>
              <color>ff2fe600</color>
              <width>4</width>
            </LineStyle>
            <PolyStyle>
              <color>cc2fe600</color>
            </PolyStyle>
          </Style>
          <LineString>
            <extrude>1</extrude>
            <tessellate>0</tessellate>
            <altitudeMode>absolute</altitudeMode>
            <coordinates>51.459377355,25.489731073,10.734 51.459399373,25.489704215,10.838 </coordinates>
          </LineString>
        </Placemark>
        <Placemark>
          <name><![CDATA[<span style="color:#00e63f">trkpt 517</span>]]></name>
          <Style>
            <LineStyle>
              <color>ff3fe600</color>
              <width>4</width>
            </LineStyle>
            <PolyStyle>
              <color>cc3fe600</color>
            </PolyStyle>
          </Style>
          <LineString>
            <extrude>1</extrude>
            <tessellate>0</tessellate>
            <altitudeMode>absolute</altitudeMode>
            <coordinates>51.459399373,25.489704215,10.838 51.459420673,25.489676555,10.914 </coordinates>
          </LineString>
        </Placemark>
        <Placemark>
          <name><![CDATA[<span style="color:#00e648">trkpt 518</span>]]></name>
          <Style>
            <LineStyle>
              <color>ff48e600</color>
              <width>4</width>
            </LineStyle>
            <PolyStyle>
              <color>cc48e600</color>
            </PolyStyle>
          </Style>
          <LineString>
            <extrude>1</extrude>
            <tessellate>0</tessellate>
            <altitudeMode>absolute</altitudeMode>
            <coordinates>51.459420673,25.489676555,10.914 51.459441455,25.4896485,10.989 </coordinates>
          </LineString>
        </Placemark>
        <Placemark>
          <name><![CDATA[<span style="color:#00e654">trkpt 519</span>]]></name>
          <Style>
            <LineStyle>
              <color>ff54e600</color>
              <width>4</width>
            </LineStyle>
            <PolyStyle>
              <color>cc54e600</color>
            </PolyStyle>
          </Style>
          <LineString>
            <extrude>1</extrude>
            <tessellate>0</tessellate>
            <altitudeMode>absolute</altitudeMode>
            <coordinates>51.459441455,25.4896485,10.989 51.45946153,25.489619855,11.023 </coordinates>
          </LineString>
        </Placemark>
        <Placemark>
          <name><![CDATA[<span style="color:#00e658">trkpt 520</span>]]></name>
          <Style>
            <LineStyle>
              <color>ff58e600</color>
              <width>4</width>
            </LineStyle>
            <PolyStyle>
              <color>cc58e600</color>
            </PolyStyle>
          </Style>
          <LineString>
            <extrude>1</extrude>
            <tessellate>0</tessellate>
            <altitudeMode>absolute</altitudeMode>
            <coordinates>51.45946153,25.489619855,11.023 51.459481338,25.489590762,11.063 </coordinates>
          </LineString>
        </Placemark>
        <Placemark>
          <name><![CDATA[<span style="color:#00e65f">trkpt 521</span>]]></name>
          <Style>
            <LineStyle>
              <color>ff5fe600</color>
              <width>4</width>
            </LineStyle>
            <PolyStyle>
              <color>cc5fe600</color>
            </PolyStyle>
          </Style>
          <LineString>
            <extrude>1</extrude>
            <tessellate>0</tessellate>
            <altitudeMode>absolute</altitudeMode>
            <coordinates>51.459481338,25.489590762,11.063 51.459500813,25.48956138,11.118 </coordinates>
          </LineString>
        </Placemark>
        <Placemark>
          <name><![CDATA[<span style="color:#00e666">trkpt 522</span>]]></name>
          <Style>
            <LineStyle>
              <color>ff66e600</color>
              <width>4</width>
            </LineStyle>
            <PolyStyle>
              <color>cc66e600</color>
            </PolyStyle>
          </Style>
          <LineString>
            <extrude>1</extrude>
            <tessellate>0</tessellate>
            <altitudeMode>absolute</altitudeMode>
            <coordinates>51.459500813,25.48956138,11.118 51.459520307,25.489531848,11.187 </coordinates>
          </LineString>
        </Placemark>
        <Placemark>
          <name><![CDATA[<span style="color:#00e66f">trkpt 523</span>]]></name>
          <Style>
            <LineStyle>
              <color>ff6fe600</color>
              <width>4</width>
            </LineStyle>
            <PolyStyle>
              <color>cc6fe600</color>
            </PolyStyle>
          </Style>
          <LineString>
            <extrude>1</extrude>
            <tessellate>0</tessellate>
            <altitudeMode>absolute</altitudeMode>
            <coordinates>51.459520307,25.489531848,11.187 51.459539677,25.4895019,11.272 </coordinates>
          </LineString>
        </Placemark>
        <Placemark>
          <name><![CDATA[<span style="color:#00e67d">trkpt 524</span>]]></name>
          <Style>
            <LineStyle>
              <color>ff7de600</color>
              <width>4</width>
            </LineStyle>
            <PolyStyle>
              <color>cc7de600</color>
            </PolyStyle>
          </Style>
          <LineString>
            <extrude>1</extrude>
            <tessellate>0</tessellate>
            <altitudeMode>absolute</altitudeMode>
            <coordinates>51.459539677,25.4895019,11.272 51.459559055,25.489471798,11.372 </coordinates>
          </LineString>
        </Placemark>
        <Placemark>
          <name><![CDATA[<span style="color:#00e68b">trkpt 525</span>]]></name>
          <Style>
            <LineStyle>
              <color>ff8be600</color>
              <width>4</width>
            </LineStyle>
            <PolyStyle>
              <color>cc8be600</color>
            </PolyStyle>
          </Style>
          <LineString>
            <extrude>1</extrude>
            <tessellate>0</tessellate>
            <altitudeMode>absolute</altitudeMode>
            <coordinates>51.459559055,25.489471798,11.372 51.4595781,25.489441423,11.47 </coordinates>
          </LineString>
        </Placemark>
        <Placemark>
          <name><![CDATA[<span style="color:#00e699">trkpt 526</span>]]></name>
          <Style>
            <LineStyle>
              <color>ff99e600</color>
              <width>4</width>
            </LineStyle>
            <PolyStyle>
              <color>cc99e600</color>
            </PolyStyle>
          </Style>
          <LineString>
            <extrude>1</extrude>
            <tessellate>0</tessellate>
            <altitudeMode>absolute</altitudeMode>
            <coordinates>51.4595781,25.489441423,11.47 51.459597375,25.489410882,11.43 </coordinates>
          </LineString>
        </Placemark>
        <Placemark>
          <name><![CDATA[<span style="color:#00e692">trkpt 527</span>]]></name>
          <Style>
            <LineStyle>
              <color>ff92e600</color>
              <width>4</width>
            </LineStyle>
            <PolyStyle>
              <color>cc92e600</color>
            </PolyStyle>
          </Style>
          <LineString>
            <extrude>1</extrude>
            <tessellate>0</tessellate>
            <altitudeMode>absolute</altitudeMode>
            <coordinates>51.459597375,25.489410882,11.43 51.459616477,25.489380057,11.388 </coordinates>
          </LineString>
        </Placemark>
        <Placemark>
          <name><![CDATA[<span style="color:#00e68d">trkpt 528</span>]]></name>
          <Style>
            <LineStyle>
              <color>ff8de600</color>
              <width>4</width>
            </LineStyle>
            <PolyStyle>
              <color>cc8de600</color>
            </PolyStyle>
          </Style>
          <LineString>
            <extrude>1</extrude>
            <tessellate>0</tessellate>
            <altitudeMode>absolute</altitudeMode>
            <coordinates>51.459616477,25.489380057,11.388 51.45963558,25.489348992,11.344 </coordinates>
          </LineString>
        </Placemark>
        <Placemark>
          <name><![CDATA[<span style="color:#00e686">trkpt 529</span>]]></name>
          <Style>
            <LineStyle>
              <color>ff86e600</color>
              <width>4</width>
            </LineStyle>
            <PolyStyle>
              <color>cc86e600</color>
            </PolyStyle>
          </Style>
          <LineString>
            <extrude>1</extrude>
            <tessellate>0</tessellate>
            <altitudeMode>absolute</altitudeMode>
            <coordinates>51.45963558,25.489348992,11.344 51.459654847,25.489317735,11.301 </coordinates>
          </LineString>
        </Placemark>
        <Placemark>
          <name><![CDATA[<span style="color:#00e67f">trkpt 530</span>]]></name>
          <Style>
            <LineStyle>
              <color>ff7fe600</color>
              <width>4</width>
            </LineStyle>
            <PolyStyle>
              <color>cc7fe600</color>
            </PolyStyle>
          </Style>
          <LineString>
            <extrude>1</extrude>
            <tessellate>0</tessellate>
            <altitudeMode>absolute</altitudeMode>
            <coordinates>51.459654847,25.489317735,11.301 51.459673898,25.48928625,11.257 </coordinates>
          </LineString>
        </Placemark>
        <Placemark>
          <name><![CDATA[<span style="color:#00e67b">trkpt 531</span>]]></name>
          <Style>
            <LineStyle>
              <color>ff7be600</color>
              <width>4</width>
            </LineStyle>
            <PolyStyle>
              <color>cc7be600</color>
            </PolyStyle>
          </Style>
          <LineString>
            <extrude>1</extrude>
            <tessellate>0</tessellate>
            <altitudeMode>absolute</altitudeMode>
            <coordinates>51.459673898,25.48928625,11.257 51.45969305,25.48925454,11.211 </coordinates>
          </LineString>
        </Placemark>
        <Placemark>
          <name><![CDATA[<span style="color:#00e674">trkpt 532</span>]]></name>
          <Style>
            <LineStyle>
              <color>ff74e600</color>
              <width>4</width>
            </LineStyle>
            <PolyStyle>
              <color>cc74e600</color>
            </PolyStyle>
          </Style>
          <LineString>
            <extrude>1</extrude>
            <tessellate>0</tessellate>
            <altitudeMode>absolute</altitudeMode>
            <coordinates>51.45969305,25.48925454,11.211 51.459712108,25.489222585,11.165 </coordinates>
          </LineString>
        </Placemark>
        <Placemark>
          <name><![CDATA[<span style="color:#00e66d">trkpt 533</span>]]></name>
          <Style>
            <LineStyle>
              <color>ff6de600</color>
              <width>4</width>
            </LineStyle>
            <PolyStyle>
              <color>cc6de600</color>
            </PolyStyle>
          </Style>
          <LineString>
            <extrude>1</extrude>
            <tessellate>0</tessellate>
            <altitudeMode>absolute</altitudeMode>
            <coordinates>51.459712108,25.489222585,11.165 51.459731067,25.489190325,11.112 </coordinates>
          </LineString>
        </Placemark>
        <Placemark>
          <name><![CDATA[<span style="color:#00e666">trkpt 534</span>]]></name>
          <Style>
            <LineStyle>
              <color>ff66e600</color>
              <width>4</width>
            </LineStyle>
            <PolyStyle>
              <color>cc66e600</color>
            </PolyStyle>
          </Style>
          <LineString>
            <extrude>1</extrude>
            <tessellate>0</tessellate>
            <altitudeMode>absolute</altitudeMode>
            <coordinates>51.459731067,25.489190325,11.112 51.45974997,25.489157838,11.04 </coordinates>
          </LineString>
        </Placemark>
        <Placemark>
          <name><![CDATA[<span style="color:#00e65b">trkpt 535</span>]]></name>
          <Style>
            <LineStyle>
              <color>ff5be600</color>
              <width>4</width>
            </LineStyle>
            <PolyStyle>
              <color>cc5be600</color>
            </PolyStyle>
          </Style>
          <LineString>
            <extrude>1</extrude>
            <tessellate>0</tessellate>
            <altitudeMode>absolute</altitudeMode>
            <coordinates>51.45974997,25.489157838,11.04 51.459768888,25.489125193,10.894 </coordinates>
          </LineString>
        </Placemark>
        <Placemark>
          <name><![CDATA[<span style="color:#00e646">trkpt 536</span>]]></name>
          <Style>
            <LineStyle>
              <color>ff46e600</color>
              <width>4</width>
            </LineStyle>
            <PolyStyle>
              <color>cc46e600</color>
            </PolyStyle>
          </Style>
          <LineString>
            <extrude>1</extrude>
            <tessellate>0</tessellate>
            <altitudeMode>absolute</altitudeMode>
            <coordinates>51.459768888,25.489125193,10.894 51.459787565,25.489092513,10.764 </coordinates>
          </LineString>
        </Placemark>
        <Placemark>
          <name><![CDATA[<span style="color:#00e634">trkpt 537</span>]]></name>
          <Style>
            <LineStyle>
              <color>ff34e600</color>
              <width>4</width>
            </LineStyle>
            <PolyStyle>
              <color>cc34e600</color>
            </PolyStyle>
          </Style>
          <LineString>
            <extrude>1</extrude>
            <tessellate>0</tessellate>
            <altitudeMode>absolute</altitudeMode>
            <coordinates>51.459787565,25.489092513,10.764 51.459806018,25.489059897,10.649 </coordinates>
          </LineString>
        </Placemark>
        <Placemark>
          <name><![CDATA[<span style="color:#00e623">trkpt 538</span>]]></name>
          <Style>
            <LineStyle>
              <color>ff23e600</color>
              <width>4</width>
            </LineStyle>
            <PolyStyle>
              <color>cc23e600</color>
            </PolyStyle>
          </Style>
          <LineString>
            <extrude>1</extrude>
            <tessellate>0</tessellate>
            <altitudeMode>absolute</altitudeMode>
            <coordinates>51.459806018,25.489059897,10.649 51.459824375,25.489027373,10.549 </coordinates>
          </LineString>
        </Placemark>
        <Placemark>
          <name><![CDATA[<span style="color:#00e616">trkpt 539</span>]]></name>
          <Style>
            <LineStyle>
              <color>ff16e600</color>
              <width>4</width>
            </LineStyle>
            <PolyStyle>
              <color>cc16e600</color>
            </PolyStyle>
          </Style>
          <LineString>
            <extrude>1</extrude>
            <tessellate>0</tessellate>
            <altitudeMode>absolute</altitudeMode>
            <coordinates>51.459824375,25.489027373,10.549 51.45984238,25.488994857,10.463 </coordinates>
          </LineString>
        </Placemark>
        <Placemark>
          <name><![CDATA[<span style="color:#00e608">trkpt 540</span>]]></name>
          <Style>
            <LineStyle>
              <color>ff08e600</color>
              <width>4</width>
            </LineStyle>
            <PolyStyle>
              <color>cc08e600</color>
            </PolyStyle>
          </Style>
          <LineString>
            <extrude>1</extrude>
            <tessellate>0</tessellate>
            <altitudeMode>absolute</altitudeMode>
            <coordinates>51.45984238,25.488994857,10.463 51.459859922,25.488962495,10.39 </coordinates>
          </LineString>
        </Placemark>
        <Placemark>
          <name><![CDATA[<span style="color:#01e600">trkpt 541</span>]]></name>
          <Style>
            <LineStyle>
              <color>ff00e601</color>
              <width>4</width>
            </LineStyle>
            <PolyStyle>
              <color>cc00e601</color>
            </PolyStyle>
          </Style>
          <LineString>
            <extrude>1</extrude>
            <tessellate>0</tessellate>
            <altitudeMode>absolute</altitudeMode>
            <coordinates>51.459859922,25.488962495,10.39 51.459876803,25.488930407,10.329 </coordinates>
          </LineString>
        </Placemark>
        <Placemark>
          <name><![CDATA[<span style="color:#0be600">trkpt 542</span>]]></name>
          <Style>
            <LineStyle>
              <color>ff00e60b</color>
              <width>4</width>
            </LineStyle>
            <PolyStyle>
              <color>cc00e60b</color>
            </PolyStyle>
          </Style>
          <LineString>
            <extrude>1</extrude>
            <tessellate>0</tessellate>
            <altitudeMode>absolute</altitudeMode>
            <coordinates>51.459876803,25.488930407,10.329 51.459893202,25.488898458,10.279 </coordinates>
          </LineString>
        </Placemark>
        <Placemark>
          <name><![CDATA[<span style="color:#11e600">trkpt 543</span>]]></name>
          <Style>
            <LineStyle>
              <color>ff00e611</color>
              <width>4</width>
            </LineStyle>
            <PolyStyle>
              <color>cc00e611</color>
            </PolyStyle>
          </Style>
          <LineString>
            <extrude>1</extrude>
            <tessellate>0</tessellate>
            <altitudeMode>absolute</altitudeMode>
            <coordinates>51.459893202,25.488898458,10.279 51.459908817,25.488866653,10.183 </coordinates>
          </LineString>
        </Placemark>
        <Placemark>
          <name><![CDATA[<span style="color:#1fe600">trkpt 544</span>]]></name>
          <Style>
            <LineStyle>
              <color>ff00e61f</color>
              <width>4</width>
            </LineStyle>
            <PolyStyle>
              <color>cc00e61f</color>
            </PolyStyle>
          </Style>
          <LineString>
            <extrude>1</extrude>
            <tessellate>0</tessellate>
            <altitudeMode>absolute</altitudeMode>
            <coordinates>51.459908817,25.488866653,10.183 51.459923492,25.488834982,10.061 </coordinates>
          </LineString>
        </Placemark>
        <Placemark>
          <name><![CDATA[<span style="color:#32e600">trkpt 545</span>]]></name>
          <Style>
            <LineStyle>
              <color>ff00e632</color>
              <width>4</width>
            </LineStyle>
            <PolyStyle>
              <color>cc00e632</color>
            </PolyStyle>
          </Style>
          <LineString>
            <extrude>1</extrude>
            <tessellate>0</tessellate>
            <altitudeMode>absolute</altitudeMode>
            <coordinates>51.459923492,25.488834982,10.061 51.459937077,25.488803252,9.93 </coordinates>
          </LineString>
        </Placemark>
        <Placemark>
          <name><![CDATA[<span style="color:#44e600">trkpt 546</span>]]></name>
          <Style>
            <LineStyle>
              <color>ff00e644</color>
              <width>4</width>
            </LineStyle>
            <PolyStyle>
              <color>cc00e644</color>
            </PolyStyle>
          </Style>
          <LineString>
            <extrude>1</extrude>
            <tessellate>0</tessellate>
            <altitudeMode>absolute</altitudeMode>
            <coordinates>51.459937077,25.488803252,9.93 51.459949405,25.488771598,9.791 </coordinates>
          </LineString>
        </Placemark>
        <Placemark>
          <name><![CDATA[<span style="color:#56e600">trkpt 547</span>]]></name>
          <Style>
            <LineStyle>
              <color>ff00e656</color>
              <width>4</width>
            </LineStyle>
            <PolyStyle>
              <color>cc00e656</color>
            </PolyStyle>
          </Style>
          <LineString>
            <extrude>1</extrude>
            <tessellate>0</tessellate>
            <altitudeMode>absolute</altitudeMode>
            <coordinates>51.459949405,25.488771598,9.791 51.459960277,25.488739702,9.64 </coordinates>
          </LineString>
        </Placemark>
        <Placemark>
          <name><![CDATA[<span style="color:#6de600">trkpt 548</span>]]></name>
          <Style>
            <LineStyle>
              <color>ff00e66d</color>
              <width>4</width>
            </LineStyle>
            <PolyStyle>
              <color>cc00e66d</color>
            </PolyStyle>
          </Style>
          <LineString>
            <extrude>1</extrude>
            <tessellate>0</tessellate>
            <altitudeMode>absolute</altitudeMode>
            <coordinates>51.459960277,25.488739702,9.64 51.459969483,25.488707577,9.475 </coordinates>
          </LineString>
        </Placemark>
        <Placemark>
          <name><![CDATA[<span style="color:#84e600">trkpt 549</span>]]></name>
          <Style>
            <LineStyle>
              <color>ff00e684</color>
              <width>4</width>
            </LineStyle>
            <PolyStyle>
              <color>cc00e684</color>
            </PolyStyle>
          </Style>
          <LineString>
            <extrude>1</extrude>
            <tessellate>0</tessellate>
            <altitudeMode>absolute</altitudeMode>
            <coordinates>51.459969483,25.488707577,9.475 51.459977257,25.488675402,9.299 </coordinates>
          </LineString>
        </Placemark>
        <Placemark>
          <name><![CDATA[<span style="color:#9ee600">trkpt 550</span>]]></name>
          <Style>
            <LineStyle>
              <color>ff00e69e</color>
              <width>4</width>
            </LineStyle>
            <PolyStyle>
              <color>cc00e69e</color>
            </PolyStyle>
          </Style>
          <LineString>
            <extrude>1</extrude>
            <tessellate>0</tessellate>
            <altitudeMode>absolute</altitudeMode>
            <coordinates>51.459977257,25.488675402,9.299 51.459983102,25.488643503,9.112 </coordinates>
          </LineString>
        </Placemark>
        <Placemark>
          <name><![CDATA[<span style="color:#b9e600">trkpt 551</span>]]></name>
          <Style>
            <LineStyle>
              <color>ff00e6b9</color>
              <width>4</width>
            </LineStyle>
            <PolyStyle>
              <color>cc00e6b9</color>
            </PolyStyle>
          </Style>
          <LineString>
            <extrude>1</extrude>
            <tessellate>0</tessellate>
            <altitudeMode>absolute</altitudeMode>
            <coordinates>51.459983102,25.488643503,9.112 51.459986557,25.488611607,8.907 </coordinates>
          </LineString>
        </Placemark>
        <Placemark>
          <name><![CDATA[<span style="color:#d5e600">trkpt 552</span>]]></name>
          <Style>
            <LineStyle>
              <color>ff00e6d5</color>
              <width>4</width>
            </LineStyle>
            <PolyStyle>
              <color>cc00e6d5</color>
            </PolyStyle>
          </Style>
          <LineString>
            <extrude>1</extrude>
            <tessellate>0</tessellate>
            <altitudeMode>absolute</altitudeMode>
            <coordinates>51.459986557,25.488611607,8.907 51.459988582,25.488579952,8.81 </coordinates>
          </LineString>
        </Placemark>
        <Placemark>
          <name><![CDATA[<span style="color:#e3e600">trkpt 553</span>]]></name>
          <Style>
            <LineStyle>
              <color>ff00e6e3</color>
              <width>4</width>
            </LineStyle>
            <PolyStyle>
              <color>cc00e6e3</color>
            </PolyStyle>
          </Style>
          <LineString>
            <extrude>1</extrude>
            <tessellate>0</tessellate>
            <altitudeMode>absolute</altitudeMode>
            <coordinates>51.459988582,25.488579952,8.81 51.45998911,25.488548158,8.704 </coordinates>
          </LineString>
        </Placemark>
        <Placemark>
          <name><![CDATA[<span style="color:#e6d800">trkpt 554</span>]]></name>
          <Style>
            <LineStyle>
              <color>ff00d8e6</color>
              <width>4</width>
            </LineStyle>
            <PolyStyle>
              <color>cc00d8e6</color>
            </PolyStyle>
          </Style>
          <LineString>
            <extrude>1</extrude>
            <tessellate>0</tessellate>
            <altitudeMode>absolute</altitudeMode>
            <coordinates>51.45998911,25.488548158,8.704 51.45998682,25.488516705,8.581 </coordinates>
          </LineString>
        </Placemark>
        <Placemark>
          <name><![CDATA[<span style="color:#e6c600">trkpt 555</span>]]></name>
          <Style>
            <LineStyle>
              <color>ff00c6e6</color>
              <width>4</width>
            </LineStyle>
            <PolyStyle>
              <color>cc00c6e6</color>
            </PolyStyle>
          </Style>
          <LineString>
            <extrude>1</extrude>
            <tessellate>0</tessellate>
            <altitudeMode>absolute</altitudeMode>
            <coordinates>51.45998682,25.488516705,8.581 51.459983288,25.48848537,8.454 </coordinates>
          </LineString>
        </Placemark>
        <Placemark>
          <name><![CDATA[<span style="color:#e6b600">trkpt 556</span>]]></name>
          <Style>
            <LineStyle>
              <color>ff00b6e6</color>
              <width>4</width>
            </LineStyle>
            <PolyStyle>
              <color>cc00b6e6</color>
            </PolyStyle>
          </Style>
          <LineString>
            <extrude>1</extrude>
            <tessellate>0</tessellate>
            <altitudeMode>absolute</altitudeMode>
            <coordinates>51.459983288,25.48848537,8.454 51.459977568,25.488454747,8.321 </coordinates>
          </LineString>
        </Placemark>
        <Placemark>
          <name><![CDATA[<span style="color:#e6a100">trkpt 557</span>]]></name>
          <Style>
            <LineStyle>
              <color>ff00a1e6</color>
              <width>4</width>
            </LineStyle>
            <PolyStyle>
              <color>cc00a1e6</color>
            </PolyStyle>
          </Style>
          <LineString>
            <extrude>1</extrude>
            <tessellate>0</tessellate>
            <altitudeMode>absolute</altitudeMode>
            <coordinates>51.459977568,25.488454747,8.321 51.459969828,25.488424608,8.184 </coordinates>
          </LineString>
        </Placemark>
        <Placemark>
          <name><![CDATA[<span style="color:#e68f00">trkpt 558</span>]]></name>
          <Style>
            <LineStyle>
              <color>ff008fe6</color>
              <width>4</width>
            </LineStyle>
            <PolyStyle>
              <color>cc008fe6</color>
            </PolyStyle>
          </Style>
          <LineString>
            <extrude>1</extrude>
            <tessellate>0</tessellate>
            <altitudeMode>absolute</altitudeMode>
            <coordinates>51.459969828,25.488424608,8.184 51.45996055,25.488394968,8.048 </coordinates>
          </LineString>
        </Placemark>
        <Placemark>
          <name><![CDATA[<span style="color:#e67a00">trkpt 559</span>]]></name>
          <Style>
            <LineStyle>
              <color>ff007ae6</color>
              <width>4</width>
            </LineStyle>
            <PolyStyle>
              <color>cc007ae6</color>
            </PolyStyle>
          </Style>
          <LineString>
            <extrude>1</extrude>
            <tessellate>0</tessellate>
            <altitudeMode>absolute</altitudeMode>
            <coordinates>51.45996055,25.488394968,8.048 51.459949512,25.48836557,7.913 </coordinates>
          </LineString>
        </Placemark>
        <Placemark>
          <name><![CDATA[<span style="color:#e66700">trkpt 560</span>]]></name>
          <Style>
            <LineStyle>
              <color>ff0067e6</color>
              <width>4</width>
            </LineStyle>
            <PolyStyle>
              <color>cc0067e6</color>
            </PolyStyle>
          </Style>
          <LineString>
            <extrude>1</extrude>
            <tessellate>0</tessellate>
            <altitudeMode>absolute</altitudeMode>
            <coordinates>51.459949512,25.48836557,7.913 51.45993739,25.488336683,7.784 </coordinates>
          </LineString>
        </Placemark>
        <Placemark>
          <name><![CDATA[<span style="color:#e65500">trkpt 561</span>]]></name>
          <Style>
            <LineStyle>
              <color>ff0055e6</color>
              <width>4</width>
            </LineStyle>
            <PolyStyle>
              <color>cc0055e6</color>
            </PolyStyle>
          </Style>
          <LineString>
            <extrude>1</extrude>
            <tessellate>0</tessellate>
            <altitudeMode>absolute</altitudeMode>
            <coordinates>51.45993739,25.488336683,7.784 51.459923765,25.48830848,7.75 </coordinates>
          </LineString>
        </Placemark>
        <Placemark>
          <name><![CDATA[<span style="color:#e65000">trkpt 562</span>]]></name>
          <Style>
            <LineStyle>
              <color>ff0050e6</color>
              <width>4</width>
            </LineStyle>
            <PolyStyle>
              <color>cc0050e6</color>
            </PolyStyle>
          </Style>
          <LineString>
            <extrude>1</extrude>
            <tessellate>0</tessellate>
            <altitudeMode>absolute</altitudeMode>
            <coordinates>51.459923765,25.48830848,7.75 51.459908503,25.488280815,7.733 </coordinates>
          </LineString>
        </Placemark>
        <Placemark>
          <name><![CDATA[<span style="color:#e64e00">trkpt 563</span>]]></name>
          <Style>
            <LineStyle>
              <color>ff004ee6</color>
              <width>4</width>
            </LineStyle>
            <PolyStyle>
              <color>cc004ee6</color>
            </PolyStyle>
          </Style>
          <LineString>
            <extrude>1</extrude>
            <tessellate>0</tessellate>
            <altitudeMode>absolute</altitudeMode>
            <coordinates>51.459908503,25.488280815,7.733 51.459891955,25.48825325,7.723 </coordinates>
          </LineString>
        </Placemark>
        <Placemark>
          <name><![CDATA[<span style="color:#e64c00">trkpt 564</span>]]></name>
          <Style>
            <LineStyle>
              <color>ff004ce6</color>
              <width>4</width>
            </LineStyle>
            <PolyStyle>
              <color>cc004ce6</color>
            </PolyStyle>
          </Style>
          <LineString>
            <extrude>1</extrude>
            <tessellate>0</tessellate>
            <altitudeMode>absolute</altitudeMode>
            <coordinates>51.459891955,25.48825325,7.723 51.459874652,25.48822607,7.723 </coordinates>
          </LineString>
        </Placemark>
        <Placemark>
          <name><![CDATA[<span style="color:#e64c00">trkpt 565</span>]]></name>
          <Style>
            <LineStyle>
              <color>ff004ce6</color>
              <width>4</width>
            </LineStyle>
            <PolyStyle>
              <color>cc004ce6</color>
            </PolyStyle>
          </Style>
          <LineString>
            <extrude>1</extrude>
            <tessellate>0</tessellate>
            <altitudeMode>absolute</altitudeMode>
            <coordinates>51.459874652,25.48822607,7.723 51.459856712,25.488199117,7.733 </coordinates>
          </LineString>
        </Placemark>
        <Placemark>
          <name><![CDATA[<span style="color:#e64e00">trkpt 566</span>]]></name>
          <Style>
            <LineStyle>
              <color>ff004ee6</color>
              <width>4</width>
            </LineStyle>
            <PolyStyle>
              <color>cc004ee6</color>
            </PolyStyle>
          </Style>
          <LineString>
            <extrude>1</extrude>
            <tessellate>0</tessellate>
            <altitudeMode>absolute</altitudeMode>
            <coordinates>51.459856712,25.488199117,7.733 51.45983847,25.488172318,7.756 </coordinates>
          </LineString>
        </Placemark>
        <Placemark>
          <name><![CDATA[<span style="color:#e65000">trkpt 567</span>]]></name>
          <Style>
            <LineStyle>
              <color>ff0050e6</color>
              <width>4</width>
            </LineStyle>
            <PolyStyle>
              <color>cc0050e6</color>
            </PolyStyle>
          </Style>
          <LineString>
            <extrude>1</extrude>
            <tessellate>0</tessellate>
            <altitudeMode>absolute</altitudeMode>
            <coordinates>51.45983847,25.488172318,7.756 51.459819978,25.488145572,7.79 </coordinates>
          </LineString>
        </Placemark>
        <Placemark>
          <name><![CDATA[<span style="color:#e65500">trkpt 568</span>]]></name>
          <Style>
            <LineStyle>
              <color>ff0055e6</color>
              <width>4</width>
            </LineStyle>
            <PolyStyle>
              <color>cc0055e6</color>
            </PolyStyle>
          </Style>
          <LineString>
            <extrude>1</extrude>
            <tessellate>0</tessellate>
            <altitudeMode>absolute</altitudeMode>
            <coordinates>51.459819978,25.488145572,7.79 51.459801048,25.488118903,7.837 </coordinates>
          </LineString>
        </Placemark>
        <Placemark>
          <name><![CDATA[<span style="color:#e65c00">trkpt 569</span>]]></name>
          <Style>
            <LineStyle>
              <color>ff005ce6</color>
              <width>4</width>
            </LineStyle>
            <PolyStyle>
              <color>cc005ce6</color>
            </PolyStyle>
          </Style>
          <LineString>
            <extrude>1</extrude>
            <tessellate>0</tessellate>
            <altitudeMode>absolute</altitudeMode>
            <coordinates>51.459801048,25.488118903,7.837 51.459781877,25.488092008,7.897 </coordinates>
          </LineString>
        </Placemark>
        <Placemark>
          <name><![CDATA[<span style="color:#e66500">trkpt 570</span>]]></name>
          <Style>
            <LineStyle>
              <color>ff0065e6</color>
              <width>4</width>
            </LineStyle>
            <PolyStyle>
              <color>cc0065e6</color>
            </PolyStyle>
          </Style>
          <LineString>
            <extrude>1</extrude>
            <tessellate>0</tessellate>
            <altitudeMode>absolute</altitudeMode>
            <coordinates>51.459781877,25.488092008,7.897 51.459762482,25.488065132,7.971 </coordinates>
          </LineString>
        </Placemark>
        <Placemark>
          <name><![CDATA[<span style="color:#e67100">trkpt 571</span>]]></name>
          <Style>
            <LineStyle>
              <color>ff0071e6</color>
              <width>4</width>
            </LineStyle>
            <PolyStyle>
              <color>cc0071e6</color>
            </PolyStyle>
          </Style>
          <LineString>
            <extrude>1</extrude>
            <tessellate>0</tessellate>
            <altitudeMode>absolute</altitudeMode>
            <coordinates>51.459762482,25.488065132,7.971 51.459742945,25.488038145,8.116 </coordinates>
          </LineString>
        </Placemark>
        <Placemark>
          <name><![CDATA[<span style="color:#e68500">trkpt 572</span>]]></name>
          <Style>
            <LineStyle>
              <color>ff0085e6</color>
              <width>4</width>
            </LineStyle>
            <PolyStyle>
              <color>cc0085e6</color>
            </PolyStyle>
          </Style>
          <LineString>
            <extrude>1</extrude>
            <tessellate>0</tessellate>
            <altitudeMode>absolute</altitudeMode>
            <coordinates>51.459742945,25.488038145,8.116 51.459723097,25.48801107,8.319 </coordinates>
          </LineString>
        </Placemark>
        <Placemark>
          <name><![CDATA[<span style="color:#e6a100">trkpt 573</span>]]></name>
          <Style>
            <LineStyle>
              <color>ff00a1e6</color>
              <width>4</width>
            </LineStyle>
            <PolyStyle>
              <color>cc00a1e6</color>
            </PolyStyle>
          </Style>
          <LineString>
            <extrude>1</extrude>
            <tessellate>0</tessellate>
            <altitudeMode>absolute</altitudeMode>
            <coordinates>51.459723097,25.48801107,8.319 51.45970323,25.487983723,8.654 </coordinates>
          </LineString>
        </Placemark>
        <Placemark>
          <name><![CDATA[<span style="color:#e6d100">trkpt 574</span>]]></name>
          <Style>
            <LineStyle>
              <color>ff00d1e6</color>
              <width>4</width>
            </LineStyle>
            <PolyStyle>
              <color>cc00d1e6</color>
            </PolyStyle>
          </Style>
          <LineString>
            <extrude>1</extrude>
            <tessellate>0</tessellate>
            <altitudeMode>absolute</altitudeMode>
            <coordinates>51.45970323,25.487983723,8.654 51.459683008,25.487956425,8.996 </coordinates>
          </LineString>
        </Placemark>
        <Placemark>
          <name><![CDATA[<span style="color:#c9e600">trkpt 575</span>]]></name>
          <Style>
            <LineStyle>
              <color>ff00e6c9</color>
              <width>4</width>
            </LineStyle>
            <PolyStyle>
              <color>cc00e6c9</color>
            </PolyStyle>
          </Style>
          <LineString>
            <extrude>1</extrude>
            <tessellate>0</tessellate>
            <altitudeMode>absolute</altitudeMode>
            <coordinates>51.459683008,25.487956425,8.996 51.459662643,25.487928837,9.341 </coordinates>
          </LineString>
        </Placemark>
        <Placemark>
          <name><![CDATA[<span style="color:#97e600">trkpt 576</span>]]></name>
          <Style>
            <LineStyle>
              <color>ff00e697</color>
              <width>4</width>
            </LineStyle>
            <PolyStyle>
              <color>cc00e697</color>
            </PolyStyle>
          </Style>
          <LineString>
            <extrude>1</extrude>
            <tessellate>0</tessellate>
            <altitudeMode>absolute</altitudeMode>
            <coordinates>51.459662643,25.487928837,9.341 51.459642218,25.487901195,9.687 </coordinates>
          </LineString>
        </Placemark>
        <Placemark>
          <name><![CDATA[<span style="color:#67e600">trkpt 577</span>]]></name>
          <Style>
            <LineStyle>
              <color>ff00e667</color>
              <width>4</width>
            </LineStyle>
            <PolyStyle>
              <color>cc00e667</color>
            </PolyStyle>
          </Style>
          <LineString>
            <extrude>1</extrude>
            <tessellate>0</tessellate>
            <altitudeMode>absolute</altitudeMode>
            <coordinates>51.459642218,25.487901195,9.687 51.459621767,25.487873183,10.036 </coordinates>
          </LineString>
        </Placemark>
        <Placemark>
          <name><![CDATA[<span style="color:#34e600">trkpt 578</span>]]></name>
          <Style>
            <LineStyle>
              <color>ff00e634</color>
              <width>4</width>
            </LineStyle>
            <PolyStyle>
              <color>cc00e634</color>
            </PolyStyle>
          </Style>
          <LineString>
            <extrude>1</extrude>
            <tessellate>0</tessellate>
            <altitudeMode>absolute</altitudeMode>
            <coordinates>51.459621767,25.487873183,10.036 51.459601195,25.487845162,10.386 </coordinates>
          </LineString>
        </Placemark>
        <Placemark>
          <name><![CDATA[<span style="color:#01e600">trkpt 579</span>]]></name>
          <Style>
            <LineStyle>
              <color>ff00e601</color>
              <width>4</width>
            </LineStyle>
            <PolyStyle>
              <color>cc00e601</color>
            </PolyStyle>
          </Style>
          <LineString>
            <extrude>1</extrude>
            <tessellate>0</tessellate>
            <altitudeMode>absolute</altitudeMode>
            <coordinates>51.459601195,25.487845162,10.386 51.459580463,25.487816743,10.74 </coordinates>
          </LineString>
        </Placemark>
        <Placemark>
          <name><![CDATA[<span style="color:#00e631">trkpt 580</span>]]></name>
          <Style>
            <LineStyle>
              <color>ff31e600</color>
              <width>4</width>
            </LineStyle>
            <PolyStyle>
              <color>cc31e600</color>
            </PolyStyle>
          </Style>
          <LineString>
            <extrude>1</extrude>
            <tessellate>0</tessellate>
            <altitudeMode>absolute</altitudeMode>
            <coordinates>51.459580463,25.487816743,10.74 51.45955968,25.487788098,11.096 </coordinates>
          </LineString>
        </Placemark>
        <Placemark>
          <name><![CDATA[<span style="color:#00e664">trkpt 581</span>]]></name>
          <Style>
            <LineStyle>
              <color>ff64e600</color>
              <width>4</width>
            </LineStyle>
            <PolyStyle>
              <color>cc64e600</color>
            </PolyStyle>
          </Style>
          <LineString>
            <extrude>1</extrude>
            <tessellate>0</tessellate>
            <altitudeMode>absolute</altitudeMode>
            <coordinates>51.45955968,25.487788098,11.096 51.459538893,25.487759188,11.387 </coordinates>
          </LineString>
        </Placemark>
        <Placemark>
          <name><![CDATA[<span style="color:#00e68d">trkpt 582</span>]]></name>
          <Style>
            <LineStyle>
              <color>ff8de600</color>
              <width>4</width>
            </LineStyle>
            <PolyStyle>
              <color>cc8de600</color>
            </PolyStyle>
          </Style>
          <LineString>
            <extrude>1</extrude>
            <tessellate>0</tessellate>
            <altitudeMode>absolute</altitudeMode>
            <coordinates>51.459538893,25.487759188,11.387 51.459518097,25.487730163,11.641 </coordinates>
          </LineString>
        </Placemark>
        <Placemark>
          <name><![CDATA[<span style="color:#00e6b2">trkpt 583</span>]]></name>
          <Style>
            <LineStyle>
              <color>ffb2e600</color>
              <width>4</width>
            </LineStyle>
            <PolyStyle>
              <color>ccb2e600</color>
            </PolyStyle>
          </Style>
          <LineString>
            <extrude>1</extrude>
            <tessellate>0</tessellate>
            <altitudeMode>absolute</altitudeMode>
            <coordinates>51.459518097,25.487730163,11.641 51.459497205,25.487700812,11.897 </coordinates>
          </LineString>
        </Placemark>
        <Placemark>
          <name><![CDATA[<span style="color:#00e6d4">trkpt 584</span>]]></name>
          <Style>
            <LineStyle>
              <color>ffd4e600</color>
              <width>4</width>
            </LineStyle>
            <PolyStyle>
              <color>ccd4e600</color>
            </PolyStyle>
          </Style>
          <LineString>
            <extrude>1</extrude>
            <tessellate>0</tessellate>
            <altitudeMode>absolute</altitudeMode>
            <coordinates>51.459497205,25.487700812,11.897 51.45947621,25.487671303,12.155 </coordinates>
          </LineString>
        </Placemark>
        <Placemark>
          <name><![CDATA[<span style="color:#00d2e6">trkpt 585</span>]]></name>
          <Style>
            <LineStyle>
              <color>ffe6d200</color>
              <width>4</width>
            </LineStyle>
            <PolyStyle>
              <color>cce6d200</color>
            </PolyStyle>
          </Style>
          <LineString>
            <extrude>1</extrude>
            <tessellate>0</tessellate>
            <altitudeMode>absolute</altitudeMode>
            <coordinates>51.45947621,25.487671303,12.155 51.459455153,25.487641683,12.413 </coordinates>
          </LineString>
        </Placemark>
        <Placemark>
          <name><![CDATA[<span style="color:#00ade6">trkpt 586</span>]]></name>
          <Style>
            <LineStyle>
              <color>ffe6ad00</color>
              <width>4</width>
            </LineStyle>
            <PolyStyle>
              <color>cce6ad00</color>
            </PolyStyle>
          </Style>
          <LineString>
            <extrude>1</extrude>
            <tessellate>0</tessellate>
            <altitudeMode>absolute</altitudeMode>
            <coordinates>51.459455153,25.487641683,12.413 51.45943388,25.487611508,12.637 </coordinates>
          </LineString>
        </Placemark>
        <Placemark>
          <name><![CDATA[<span style="color:#008de6">trkpt 587</span>]]></name>
          <Style>
            <LineStyle>
              <color>ffe68d00</color>
              <width>4</width>
            </LineStyle>
            <PolyStyle>
              <color>cce68d00</color>
            </PolyStyle>
          </Style>
          <LineString>
            <extrude>1</extrude>
            <tessellate>0</tessellate>
            <altitudeMode>absolute</altitudeMode>
            <coordinates>51.45943388,25.487611508,12.637 51.45941272,25.487581108,12.822 </coordinates>
          </LineString>
        </Placemark>
        <Placemark>
          <name><![CDATA[<span style="color:#0071e6">trkpt 588</span>]]></name>
          <Style>
            <LineStyle>
              <color>ffe67100</color>
              <width>4</width>
            </LineStyle>
            <PolyStyle>
              <color>cce67100</color>
            </PolyStyle>
          </Style>
          <LineString>
            <extrude>1</extrude>
            <tessellate>0</tessellate>
            <altitudeMode>absolute</altitudeMode>
            <coordinates>51.45941272,25.487581108,12.822 51.459391347,25.48755042,13.01 </coordinates>
          </LineString>
        </Placemark>
        <Placemark>
          <name><![CDATA[<span style="color:#0056e6">trkpt 589</span>]]></name>
          <Style>
            <LineStyle>
              <color>ffe65600</color>
              <width>4</width>
            </LineStyle>
            <PolyStyle>
              <color>cce65600</color>
            </PolyStyle>
          </Style>
          <LineString>
            <extrude>1</extrude>
            <tessellate>0</tessellate>
            <altitudeMode>absolute</altitudeMode>
            <coordinates>51.459391347,25.48755042,13.01 51.459369818,25.487519897,13.197 </coordinates>
          </LineString>
        </Placemark>
        <Placemark>
          <name><![CDATA[<span style="color:#003ce6">trkpt 590</span>]]></name>
          <Style>
            <LineStyle>
              <color>ffe63c00</color>
              <width>4</width>
            </LineStyle>
            <PolyStyle>
              <color>cce63c00</color>
            </PolyStyle>
          </Style>
          <LineString>
            <extrude>1</extrude>
            <tessellate>0</tessellate>
            <altitudeMode>absolute</altitudeMode>
            <coordinates>51.459369818,25.487519897,13.197 51.459348232,25.487489195,13.36 </coordinates>
          </LineString>
        </Placemark>
        <Placemark>
          <name><![CDATA[<span style="color:#0025e6">trkpt 591</span>]]></name>
          <Style>
            <LineStyle>
              <color>ffe62500</color>
              <width>4</width>
            </LineStyle>
            <PolyStyle>
              <color>cce62500</color>
            </PolyStyle>
          </Style>
          <LineString>
            <extrude>1</extrude>
            <tessellate>0</tessellate>
            <altitudeMode>absolute</altitudeMode>
            <coordinates>51.459348232,25.487489195,13.36 51.459326608,25.48745865,13.487 </coordinates>
          </LineString>
        </Placemark>
        <Placemark>
          <name><![CDATA[<span style="color:#0013e6">trkpt 592</span>]]></name>
          <Style>
            <LineStyle>
              <color>ffe61300</color>
              <width>4</width>
            </LineStyle>
            <PolyStyle>
              <color>cce61300</color>
            </PolyStyle>
          </Style>
          <LineString>
            <extrude>1</extrude>
            <tessellate>0</tessellate>
            <altitudeMode>absolute</altitudeMode>
            <coordinates>51.459326608,25.48745865,13.487 51.459305085,25.487427995,13.632 </coordinates>
          </LineString>
        </Placemark>
        <Placemark>
          <name><![CDATA[<span style="color:#0200e6">trkpt 593</span>]]></name>
          <Style>
            <LineStyle>
              <color>ffe60002</color>
              <width>4</width>
            </LineStyle>
            <PolyStyle>
              <color>cce60002</color>
            </PolyStyle>
          </Style>
          <LineString>
            <extrude>1</extrude>
            <tessellate>0</tessellate>
            <altitudeMode>absolute</altitudeMode>
            <coordinates>51.459305085,25.487427995,13.632 51.45928341,25.487397777,13.793 </coordinates>
          </LineString>
        </Placemark>
        <Placemark>
          <name><![CDATA[<span style="color:#1900e6">trkpt 594</span>]]></name>
          <Style>
            <LineStyle>
              <color>ffe60019</color>
              <width>4</width>
            </LineStyle>
            <PolyStyle>
              <color>cce60019</color>
            </PolyStyle>
          </Style>
          <LineString>
            <extrude>1</extrude>
            <tessellate>0</tessellate>
            <altitudeMode>absolute</altitudeMode>
            <coordinates>51.45928341,25.487397777,13.793 51.459261867,25.487367753,13.97 </coordinates>
          </LineString>
        </Placemark>
        <Placemark>
          <name><![CDATA[<span style="color:#3200e6">trkpt 595</span>]]></name>
          <Style>
            <LineStyle>
              <color>ffe60032</color>
              <width>4</width>
            </LineStyle>
            <PolyStyle>
              <color>cce60032</color>
            </PolyStyle>
          </Style>
          <LineString>
            <extrude>1</extrude>
            <tessellate>0</tessellate>
            <altitudeMode>absolute</altitudeMode>
            <coordinates>51.459261867,25.487367753,13.97 51.459240108,25.487337922,14.165 </coordinates>
          </LineString>
        </Placemark>
        <Placemark>
          <name><![CDATA[<span style="color:#4e00e6">trkpt 596</span>]]></name>
          <Style>
            <LineStyle>
              <color>ffe6004e</color>
              <width>4</width>
            </LineStyle>
            <PolyStyle>
              <color>cce6004e</color>
            </PolyStyle>
          </Style>
          <LineString>
            <extrude>1</extrude>
            <tessellate>0</tessellate>
            <altitudeMode>absolute</altitudeMode>
            <coordinates>51.459240108,25.487337922,14.165 51.459218287,25.487308813,14.375 </coordinates>
          </LineString>
        </Placemark>
        <Placemark>
          <name><![CDATA[<span style="color:#6c00e6">trkpt 597</span>]]></name>
          <Style>
            <LineStyle>
              <color>ffe6006c</color>
              <width>4</width>
            </LineStyle>
            <PolyStyle>
              <color>cce6006c</color>
            </PolyStyle>
          </Style>
          <LineString>
            <extrude>1</extrude>
            <tessellate>0</tessellate>
            <altitudeMode>absolute</altitudeMode>
            <coordinates>51.459218287,25.487308813,14.375 51.459196508,25.48728012,14.599 </coordinates>
          </LineString>
        </Placemark>
        <Placemark>
          <name><![CDATA[<span style="color:#8c00e6">trkpt 598</span>]]></name>
          <Style>
            <LineStyle>
              <color>ffe6008c</color>
              <width>4</width>
            </LineStyle>
            <PolyStyle>
              <color>cce6008c</color>
            </PolyStyle>
          </Style>
          <LineString>
            <extrude>1</extrude>
            <tessellate>0</tessellate>
            <altitudeMode>absolute</altitudeMode>
            <coordinates>51.459196508,25.48728012,14.599 51.459174733,25.48725218,14.837 </coordinates>
          </LineString>
        </Placemark>
        <Placemark>
          <name><![CDATA[<span style="color:#ae00e6">trkpt 599</span>]]></name>
          <Style>
            <LineStyle>
              <color>ffe600ae</color>
              <width>4</width>
            </LineStyle>
            <PolyStyle>
              <color>cce600ae</color>
            </PolyStyle>
          </Style>
          <LineString>
            <extrude>1</extrude>
            <tessellate>0</tessellate>
            <altitudeMode>absolute</altitudeMode>
            <coordinates>51.459174733,25.48725218,14.837 51.459152798,25.487225262,14.989 </coordinates>
          </LineString>
        </Placemark>
        <Placemark>
          <name><![CDATA[<span style="color:#c300e6">trkpt 600</span>]]></name>
          <Style>
            <LineStyle>
              <color>ffe600c3</color>
              <width>4</width>
            </LineStyle>
            <PolyStyle>
              <color>cce600c3</color>
            </PolyStyle>
          </Style>
          <LineString>
            <extrude>1</extrude>
            <tessellate>0</tessellate>
            <altitudeMode>absolute</altitudeMode>
            <coordinates>51.459152798,25.487225262,14.989 51.459130655,25.487199347,15.072 </coordinates>
          </LineString>
        </Placemark>
        <Placemark>
          <name><![CDATA[<span style="color:#d100e6">trkpt 601</span>]]></name>
          <Style>
            <LineStyle>
              <color>ffe600d1</color>
              <width>4</width>
            </LineStyle>
            <PolyStyle>
              <color>cce600d1</color>
            </PolyStyle>
          </Style>
          <LineString>
            <extrude>1</extrude>
            <tessellate>0</tessellate>
            <altitudeMode>absolute</altitudeMode>
            <coordinates>51.459130655,25.487199347,15.072 51.459108038,25.487174518,15.135 </coordinates>
          </LineString>
        </Placemark>
        <Placemark>
          <name><![CDATA[<span style="color:#d800e6">trkpt 602</span>]]></name>
          <Style>
            <LineStyle>
              <color>ffe600d8</color>
              <width>4</width>
            </LineStyle>
            <PolyStyle>
              <color>cce600d8</color>
            </PolyStyle>
          </Style>
          <LineString>
            <extrude>1</extrude>
            <tessellate>0</tessellate>
            <altitudeMode>absolute</altitudeMode>
            <coordinates>51.459108038,25.487174518,15.135 51.459085145,25.487150765,15.182 </coordinates>
          </LineString>
        </Placemark>
        <Placemark>
          <name><![CDATA[<span style="color:#df00e6">trkpt 603</span>]]></name>
          <Style>
            <LineStyle>
              <color>ffe600df</color>
              <width>4</width>
            </LineStyle>
            <PolyStyle>
              <color>cce600df</color>
            </PolyStyle>
          </Style>
          <LineString>
            <extrude>1</extrude>
            <tessellate>0</tessellate>
            <altitudeMode>absolute</altitudeMode>
            <coordinates>51.459085145,25.487150765,15.182 51.459061935,25.487128048,15.211 </coordinates>
          </LineString>
        </Placemark>
        <Placemark>
          <name><![CDATA[<span style="color:#e300e6">trkpt 604</span>]]></name>
          <Style>
            <LineStyle>
              <color>ffe600e3</color>
              <width>4</width>
            </LineStyle>
            <PolyStyle>
              <color>cce600e3</color>
            </PolyStyle>
          </Style>
          <LineString>
            <extrude>1</extrude>
            <tessellate>0</tessellate>
            <altitudeMode>absolute</altitudeMode>
            <coordinates>51.459061935,25.487128048,15.211 51.459038193,25.487106495,15.224 </coordinates>
          </LineString>
        </Placemark>
        <Placemark>
          <name><![CDATA[<span style="color:#e600e6">trkpt 605</span>]]></name>
          <Style>
            <LineStyle>
              <color>ffe600e6</color>
              <width>4</width>
            </LineStyle>
            <PolyStyle>
              <color>cce600e6</color>
            </PolyStyle>
          </Style>
          <LineString>
            <extrude>1</extrude>
            <tessellate>0</tessellate>
            <altitudeMode>absolute</altitudeMode>
            <coordinates>51.459038193,25.487106495,15.224 51.459013593,25.487086022,15.22 </coordinates>
          </LineString>
        </Placemark>
        <Placemark>
          <name><![CDATA[<span style="color:#e600e6">trkpt 606</span>]]></name>
          <Style>
            <LineStyle>
              <color>ffe600e6</color>
              <width>4</width>
            </LineStyle>
            <PolyStyle>
              <color>cce600e6</color>
            </PolyStyle>
          </Style>
          <LineString>
            <extrude>1</extrude>
            <tessellate>0</tessellate>
            <altitudeMode>absolute</altitudeMode>
            <coordinates>51.459013593,25.487086022,15.22 51.458988715,25.487066482,15.201 </coordinates>
          </LineString>
        </Placemark>
        <Placemark>
          <name><![CDATA[<span style="color:#e300e6">trkpt 607</span>]]></name>
          <Style>
            <LineStyle>
              <color>ffe600e3</color>
              <width>4</width>
            </LineStyle>
            <PolyStyle>
              <color>cce600e3</color>
            </PolyStyle>
          </Style>
          <LineString>
            <extrude>1</extrude>
            <tessellate>0</tessellate>
            <altitudeMode>absolute</altitudeMode>
            <coordinates>51.458988715,25.487066482,15.201 51.458962572,25.487048327,15.166 </coordinates>
          </LineString>
        </Placemark>
        <Placemark>
          <name><![CDATA[<span style="color:#dc00e6">trkpt 608</span>]]></name>
          <Style>
            <LineStyle>
              <color>ffe600dc</color>
              <width>4</width>
            </LineStyle>
            <PolyStyle>
              <color>cce600dc</color>
            </PolyStyle>
          </Style>
          <LineString>
            <extrude>1</extrude>
            <tessellate>0</tessellate>
            <altitudeMode>absolute</altitudeMode>
            <coordinates>51.458962572,25.487048327,15.166 51.458936045,25.487031548,15.117 </coordinates>
          </LineString>
        </Placemark>
        <Placemark>
          <name><![CDATA[<span style="color:#d500e6">trkpt 609</span>]]></name>
          <Style>
            <LineStyle>
              <color>ffe600d5</color>
              <width>4</width>
            </LineStyle>
            <PolyStyle>
              <color>cce600d5</color>
            </PolyStyle>
          </Style>
          <LineString>
            <extrude>1</extrude>
            <tessellate>0</tessellate>
            <altitudeMode>absolute</altitudeMode>
            <coordinates>51.458936045,25.487031548,15.117 51.458908645,25.487016235,15.053 </coordinates>
          </LineString>
        </Placemark>
        <Placemark>
          <name><![CDATA[<span style="color:#cc00e6">trkpt 610</span>]]></name>
          <Style>
            <LineStyle>
              <color>ffe600cc</color>
              <width>4</width>
            </LineStyle>
            <PolyStyle>
              <color>cce600cc</color>
            </PolyStyle>
          </Style>
          <LineString>
            <extrude>1</extrude>
            <tessellate>0</tessellate>
            <altitudeMode>absolute</altitudeMode>
            <coordinates>51.458908645,25.487016235,15.053 51.458880518,25.487002722,14.97 </coordinates>
          </LineString>
        </Placemark>
        <Placemark>
          <name><![CDATA[<span style="color:#c100e6">trkpt 611</span>]]></name>
          <Style>
            <LineStyle>
              <color>ffe600c1</color>
              <width>4</width>
            </LineStyle>
            <PolyStyle>
              <color>cce600c1</color>
            </PolyStyle>
          </Style>
          <LineString>
            <extrude>1</extrude>
            <tessellate>0</tessellate>
            <altitudeMode>absolute</altitudeMode>
            <coordinates>51.458880518,25.487002722,14.97 51.458851853,25.486990772,14.867 </coordinates>
          </LineString>
        </Placemark>
        <Placemark>
          <name><![CDATA[<span style="color:#b300e6">trkpt 612</span>]]></name>
          <Style>
            <LineStyle>
              <color>ffe600b3</color>
              <width>4</width>
            </LineStyle>
            <PolyStyle>
              <color>cce600b3</color>
            </PolyStyle>
          </Style>
          <LineString>
            <extrude>1</extrude>
            <tessellate>0</tessellate>
            <altitudeMode>absolute</altitudeMode>
            <coordinates>51.458851853,25.486990772,14.867 51.458822485,25.486980622,14.761 </coordinates>
          </LineString>
        </Placemark>
        <Placemark>
          <name><![CDATA[<span style="color:#a300e6">trkpt 613</span>]]></name>
          <Style>
            <LineStyle>
              <color>ffe600a3</color>
              <width>4</width>
            </LineStyle>
            <PolyStyle>
              <color>cce600a3</color>
            </PolyStyle>
          </Style>
          <LineString>
            <extrude>1</extrude>
            <tessellate>0</tessellate>
            <altitudeMode>absolute</altitudeMode>
            <coordinates>51.458822485,25.486980622,14.761 51.458792775,25.486971987,14.654 </coordinates>
          </LineString>
        </Placemark>
        <Placemark>
          <name><![CDATA[<span style="color:#9500e6">trkpt 614</span>]]></name>
          <Style>
            <LineStyle>
              <color>ffe60095</color>
              <width>4</width>
            </LineStyle>
            <PolyStyle>
              <color>cce60095</color>
            </PolyStyle>
          </Style>
          <LineString>
            <extrude>1</extrude>
            <tessellate>0</tessellate>
            <altitudeMode>absolute</altitudeMode>
            <coordinates>51.458792775,25.486971987,14.654 51.458762238,25.486964727,14.544 </coordinates>
          </LineString>
        </Placemark>
        <Placemark>
          <name><![CDATA[<span style="color:#8500e6">trkpt 615</span>]]></name>
          <Style>
            <LineStyle>
              <color>ffe60085</color>
              <width>4</width>
            </LineStyle>
            <PolyStyle>
              <color>cce60085</color>
            </PolyStyle>
          </Style>
          <LineString>
            <extrude>1</extrude>
            <tessellate>0</tessellate>
            <altitudeMode>absolute</altitudeMode>
            <coordinates>51.458762238,25.486964727,14.544 51.458731675,25.486959333,14.434 </coordinates>
          </LineString>
        </Placemark>
        <Placemark>
          <name><![CDATA[<span style="color:#7500e6">trkpt 616</span>]]></name>
          <Style>
            <LineStyle>
              <color>ffe60075</color>
              <width>4</width>
            </LineStyle>
            <PolyStyle>
              <color>cce60075</color>
            </PolyStyle>
          </Style>
          <LineString>
            <extrude>1</extrude>
            <tessellate>0</tessellate>
            <altitudeMode>absolute</altitudeMode>
            <coordinates>51.458731675,25.486959333,14.434 51.458700607,25.486955707,14.322 </coordinates>
          </LineString>
        </Placemark>
        <Placemark>
          <name><![CDATA[<span style="color:#6500e6">trkpt 617</span>]]></name>
          <Style>
            <LineStyle>
              <color>ffe60065</color>
              <width>4</width>
            </LineStyle>
            <PolyStyle>
              <color>cce60065</color>
            </PolyStyle>
          </Style>
          <LineString>
            <extrude>1</extrude>
            <tessellate>0</tessellate>
            <altitudeMode>absolute</altitudeMode>
            <coordinates>51.458700607,25.486955707,14.322 51.458669542,25.48695337,14.21 </coordinates>
          </LineString>
        </Placemark>
        <Placemark>
          <name><![CDATA[<span style="color:#5500e6">trkpt 618</span>]]></name>
          <Style>
            <LineStyle>
              <color>ffe60055</color>
              <width>4</width>
            </LineStyle>
            <PolyStyle>
              <color>cce60055</color>
            </PolyStyle>
          </Style>
          <LineString>
            <extrude>1</extrude>
            <tessellate>0</tessellate>
            <altitudeMode>absolute</altitudeMode>
            <coordinates>51.458669542,25.48695337,14.21 51.458638173,25.486952712,14.097 </coordinates>
          </LineString>
        </Placemark>
        <Placemark>
          <name><![CDATA[<span style="color:#4500e6">trkpt 619</span>]]></name>
          <Style>
            <LineStyle>
              <color>ffe60045</color>
              <width>4</width>
            </LineStyle>
            <PolyStyle>
              <color>cce60045</color>
            </PolyStyle>
          </Style>
          <LineString>
            <extrude>1</extrude>
            <tessellate>0</tessellate>
            <altitudeMode>absolute</altitudeMode>
            <coordinates>51.458638173,25.486952712,14.097 51.458606995,25.486953058,13.986 </coordinates>
          </LineString>
        </Placemark>
        <Placemark>
          <name><![CDATA[<span style="color:#3400e6">trkpt 620</span>]]></name>
          <Style>
            <LineStyle>
              <color>ffe60034</color>
              <width>4</width>
            </LineStyle>
            <PolyStyle>
              <color>cce60034</color>
            </PolyStyle>
          </Style>
          <LineString>
            <extrude>1</extrude>
            <tessellate>0</tessellate>
            <altitudeMode>absolute</altitudeMode>
            <coordinates>51.458606995,25.486953058,13.986 51.458575463,25.486954912,13.877 </coordinates>
          </LineString>
        </Placemark>
        <Placemark>
          <name><![CDATA[<span style="color:#2400e6">trkpt 621</span>]]></name>
          <Style>
            <LineStyle>
              <color>ffe60024</color>
              <width>4</width>
            </LineStyle>
            <PolyStyle>
              <color>cce60024</color>
            </PolyStyle>
          </Style>
          <LineString>
            <extrude>1</extrude>
            <tessellate>0</tessellate>
            <altitudeMode>absolute</altitudeMode>
            <coordinates>51.458575463,25.486954912,13.877 51.45854394,25.486957598,13.77 </coordinates>
          </LineString>
        </Placemark>
        <Placemark>
          <name><![CDATA[<span style="color:#1700e6">trkpt 622</span>]]></name>
          <Style>
            <LineStyle>
              <color>ffe60017</color>
              <width>4</width>
            </LineStyle>
            <PolyStyle>
              <color>cce60017</color>
            </PolyStyle>
          </Style>
          <LineString>
            <extrude>1</extrude>
            <tessellate>0</tessellate>
            <altitudeMode>absolute</altitudeMode>
            <coordinates>51.45854394,25.486957598,13.77 51.458512165,25.486961615,13.666 </coordinates>
          </LineString>
        </Placemark>
        <Placemark>
          <name><![CDATA[<span style="color:#0600e6">trkpt 623</span>]]></name>
          <Style>
            <LineStyle>
              <color>ffe60006</color>
              <width>4</width>
            </LineStyle>
            <PolyStyle>
              <color>cce60006</color>
            </PolyStyle>
          </Style>
          <LineString>
            <extrude>1</extrude>
            <tessellate>0</tessellate>
            <altitudeMode>absolute</altitudeMode>
            <coordinates>51.458512165,25.486961615,13.666 51.458480345,25.486966058,13.566 </coordinates>
          </LineString>
        </Placemark>
        <Placemark>
          <name><![CDATA[<span style="color:#0007e6">trkpt 624</span>]]></name>
          <Style>
            <LineStyle>
              <color>ffe60700</color>
              <width>4</width>
            </LineStyle>
            <PolyStyle>
              <color>cce60700</color>
            </PolyStyle>
          </Style>
          <LineString>
            <extrude>1</extrude>
            <tessellate>0</tessellate>
            <altitudeMode>absolute</altitudeMode>
            <coordinates>51.458480345,25.486966058,13.566 51.458448193,25.486971132,13.47 </coordinates>
          </LineString>
        </Placemark>
        <Placemark>
          <name><![CDATA[<span style="color:#0015e6">trkpt 625</span>]]></name>
          <Style>
            <LineStyle>
              <color>ffe61500</color>
              <width>4</width>
            </LineStyle>
            <PolyStyle>
              <color>cce61500</color>
            </PolyStyle>
          </Style>
          <LineString>
            <extrude>1</extrude>
            <tessellate>0</tessellate>
            <altitudeMode>absolute</altitudeMode>
            <coordinates>51.458448193,25.486971132,13.47 51.458415822,25.486976283,13.378 </coordinates>
          </LineString>
        </Placemark>
        <Placemark>
          <name><![CDATA[<span style="color:#0023e6">trkpt 626</span>]]></name>
          <Style>
            <LineStyle>
              <color>ffe62300</color>
              <width>4</width>
            </LineStyle>
            <PolyStyle>
              <color>cce62300</color>
            </PolyStyle>
          </Style>
          <LineString>
            <extrude>1</extrude>
            <tessellate>0</tessellate>
            <altitudeMode>absolute</altitudeMode>
            <coordinates>51.458415822,25.486976283,13.378 51.458383048,25.486981932,13.29 </coordinates>
          </LineString>
        </Placemark>
        <Placemark>
          <name><![CDATA[<span style="color:#002ee6">trkpt 627</span>]]></name>
          <Style>
            <LineStyle>
              <color>ffe62e00</color>
              <width>4</width>
            </LineStyle>
            <PolyStyle>
              <color>cce62e00</color>
            </PolyStyle>
          </Style>
          <LineString>
            <extrude>1</extrude>
            <tessellate>0</tessellate>
            <altitudeMode>absolute</altitudeMode>
            <coordinates>51.458383048,25.486981932,13.29 51.458350073,25.486987778,13.207 </coordinates>
          </LineString>
        </Placemark>
        <Placemark>
          <name><![CDATA[<span style="color:#003ae6">trkpt 628</span>]]></name>
          <Style>
            <LineStyle>
              <color>ffe63a00</color>
              <width>4</width>
            </LineStyle>
            <PolyStyle>
              <color>cce63a00</color>
            </PolyStyle>
          </Style>
          <LineString>
            <extrude>1</extrude>
            <tessellate>0</tessellate>
            <altitudeMode>absolute</altitudeMode>
            <coordinates>51.458350073,25.486987778,13.207 51.458316392,25.486993823,13.189 </coordinates>
          </LineString>
        </Placemark>
        <Placemark>
          <name><![CDATA[<span style="color:#003ce6">trkpt 629</span>]]></name>
          <Style>
            <LineStyle>
              <color>ffe63c00</color>
              <width>4</width>
            </LineStyle>
            <PolyStyle>
              <color>cce63c00</color>
            </PolyStyle>
          </Style>
          <LineString>
            <extrude>1</extrude>
            <tessellate>0</tessellate>
            <altitudeMode>absolute</altitudeMode>
            <coordinates>51.458316392,25.486993823,13.189 51.458282362,25.487000232,13.238 </coordinates>
          </LineString>
        </Placemark>
        <Placemark>
          <name><![CDATA[<span style="color:#0035e6">trkpt 630</span>]]></name>
          <Style>
            <LineStyle>
              <color>ffe63500</color>
              <width>4</width>
            </LineStyle>
            <PolyStyle>
              <color>cce63500</color>
            </PolyStyle>
          </Style>
          <LineString>
            <extrude>1</extrude>
            <tessellate>0</tessellate>
            <altitudeMode>absolute</altitudeMode>
            <coordinates>51.458282362,25.487000232,13.238 51.458247837,25.487006878,13.294 </coordinates>
          </LineString>
        </Placemark>
        <Placemark>
          <name><![CDATA[<span style="color:#002ee6">trkpt 631</span>]]></name>
          <Style>
            <LineStyle>
              <color>ffe62e00</color>
              <width>4</width>
            </LineStyle>
            <PolyStyle>
              <color>cce62e00</color>
            </PolyStyle>
          </Style>
          <LineString>
            <extrude>1</extrude>
            <tessellate>0</tessellate>
            <altitudeMode>absolute</altitudeMode>
            <coordinates>51.458247837,25.487006878,13.294 51.458212727,25.4870137,13.358 </coordinates>
          </LineString>
        </Placemark>
        <Placemark>
          <name><![CDATA[<span style="color:#0025e6">trkpt 632</span>]]></name>
          <Style>
            <LineStyle>
              <color>ffe62500</color>
              <width>4</width>
            </LineStyle>
            <PolyStyle>
              <color>cce62500</color>
            </PolyStyle>
          </Style>
          <LineString>
            <extrude>1</extrude>
            <tessellate>0</tessellate>
            <altitudeMode>absolute</altitudeMode>
            <coordinates>51.458212727,25.4870137,13.358 51.458177178,25.48702076,13.429 </coordinates>
          </LineString>
        </Placemark>
        <Placemark>
          <name><![CDATA[<span style="color:#001ae6">trkpt 633</span>]]></name>
          <Style>
            <LineStyle>
              <color>ffe61a00</color>
              <width>4</width>
            </LineStyle>
            <PolyStyle>
              <color>cce61a00</color>
            </PolyStyle>
          </Style>
          <LineString>
            <extrude>1</extrude>
            <tessellate>0</tessellate>
            <altitudeMode>absolute</altitudeMode>
            <coordinates>51.458177178,25.48702076,13.429 51.458141033,25.487028048,13.509 </coordinates>
          </LineString>
        </Placemark>
        <Placemark>
          <name><![CDATA[<span style="color:#000ee6">trkpt 634</span>]]></name>
          <Style>
            <LineStyle>
              <color>ffe60e00</color>
              <width>4</width>
            </LineStyle>
            <PolyStyle>
              <color>cce60e00</color>
            </PolyStyle>
          </Style>
          <LineString>
            <extrude>1</extrude>
            <tessellate>0</tessellate>
            <altitudeMode>absolute</altitudeMode>
            <coordinates>51.458141033,25.487028048,13.509 51.458104392,25.487035355,13.597 </coordinates>
          </LineString>
        </Placemark>
        <Placemark>
          <name><![CDATA[<span style="color:#0003e6">trkpt 635</span>]]></name>
          <Style>
            <LineStyle>
              <color>ffe60300</color>
              <width>4</width>
            </LineStyle>
            <PolyStyle>
              <color>cce60300</color>
            </PolyStyle>
          </Style>
          <LineString>
            <extrude>1</extrude>
            <tessellate>0</tessellate>
            <altitudeMode>absolute</altitudeMode>
            <coordinates>51.458104392,25.487035355,13.597 51.458067388,25.48704297,13.694 </coordinates>
          </LineString>
        </Placemark>
        <Placemark>
          <name><![CDATA[<span style="color:#0b00e6">trkpt 636</span>]]></name>
          <Style>
            <LineStyle>
              <color>ffe6000b</color>
              <width>4</width>
            </LineStyle>
            <PolyStyle>
              <color>cce6000b</color>
            </PolyStyle>
          </Style>
          <LineString>
            <extrude>1</extrude>
            <tessellate>0</tessellate>
            <altitudeMode>absolute</altitudeMode>
            <coordinates>51.458067388,25.48704297,13.694 51.458029892,25.48705056,13.821 </coordinates>
          </LineString>
        </Placemark>
        <Placemark>
          <name><![CDATA[<span style="color:#1d00e6">trkpt 637</span>]]></name>
          <Style>
            <LineStyle>
              <color>ffe6001d</color>
              <width>4</width>
            </LineStyle>
            <PolyStyle>
              <color>cce6001d</color>
            </PolyStyle>
          </Style>
          <LineString>
            <extrude>1</extrude>
            <tessellate>0</tessellate>
            <altitudeMode>absolute</altitudeMode>
            <coordinates>51.458029892,25.48705056,13.821 51.457992108,25.487058365,13.955 </coordinates>
          </LineString>
        </Placemark>
        <Placemark>
          <name><![CDATA[<span style="color:#3000e6">trkpt 638</span>]]></name>
          <Style>
            <LineStyle>
              <color>ffe60030</color>
              <width>4</width>
            </LineStyle>
            <PolyStyle>
              <color>cce60030</color>
            </PolyStyle>
          </Style>
          <LineString>
            <extrude>1</extrude>
            <tessellate>0</tessellate>
            <altitudeMode>absolute</altitudeMode>
            <coordinates>51.457992108,25.487058365,13.955 51.457953733,25.48706623,14.083 </coordinates>
          </LineString>
        </Placemark>
        <Placemark>
          <name><![CDATA[<span style="color:#4200e6">trkpt 639</span>]]></name>
          <Style>
            <LineStyle>
              <color>ffe60042</color>
              <width>4</width>
            </LineStyle>
            <PolyStyle>
              <color>cce60042</color>
            </PolyStyle>
          </Style>
          <LineString>
            <extrude>1</extrude>
            <tessellate>0</tessellate>
            <altitudeMode>absolute</altitudeMode>
            <coordinates>51.457953733,25.48706623,14.083 51.45791507,25.487074203,14.204 </coordinates>
          </LineString>
        </Placemark>
        <Placemark>
          <name><![CDATA[<span style="color:#5500e6">trkpt 640</span>]]></name>
          <Style>
            <LineStyle>
              <color>ffe60055</color>
              <width>4</width>
            </LineStyle>
            <PolyStyle>
              <color>cce60055</color>
            </PolyStyle>
          </Style>
          <LineString>
            <extrude>1</extrude>
            <tessellate>0</tessellate>
            <altitudeMode>absolute</altitudeMode>
            <coordinates>51.45791507,25.487074203,14.204 51.45787597,25.487082175,14.318 </coordinates>
          </LineString>
        </Placemark>
        <Placemark>
          <name><![CDATA[<span style="color:#6500e6">trkpt 641</span>]]></name>
          <Style>
            <LineStyle>
              <color>ffe60065</color>
              <width>4</width>
            </LineStyle>
            <PolyStyle>
              <color>cce60065</color>
            </PolyStyle>
          </Style>
          <LineString>
            <extrude>1</extrude>
            <tessellate>0</tessellate>
            <altitudeMode>absolute</altitudeMode>
            <coordinates>51.45787597,25.487082175,14.318 51.457836712,25.487090217,14.424 </coordinates>
          </LineString>
        </Placemark>
        <Placemark>
          <name><![CDATA[<span style="color:#7300e6">trkpt 642</span>]]></name>
          <Style>
            <LineStyle>
              <color>ffe60073</color>
              <width>4</width>
            </LineStyle>
            <PolyStyle>
              <color>cce60073</color>
            </PolyStyle>
          </Style>
          <LineString>
            <extrude>1</extrude>
            <tessellate>0</tessellate>
            <altitudeMode>absolute</altitudeMode>
            <coordinates>51.457836712,25.487090217,14.424 51.457797158,25.487098238,14.523 </coordinates>
          </LineString>
        </Placemark>
        <Placemark>
          <name><![CDATA[<span style="color:#8000e6">trkpt 643</span>]]></name>
          <Style>
            <LineStyle>
              <color>ffe60080</color>
              <width>4</width>
            </LineStyle>
            <PolyStyle>
              <color>cce60080</color>
            </PolyStyle>
          </Style>
          <LineString>
            <extrude>1</extrude>
            <tessellate>0</tessellate>
            <altitudeMode>absolute</altitudeMode>
            <coordinates>51.457797158,25.487098238,14.523 51.457757475,25.487106475,14.571 </coordinates>
          </LineString>
        </Placemark>
        <Placemark>
          <name><![CDATA[<span style="color:#8700e6">trkpt 644</span>]]></name>
          <Style>
            <LineStyle>
              <color>ffe60087</color>
              <width>4</width>
            </LineStyle>
            <PolyStyle>
              <color>cce60087</color>
            </PolyStyle>
          </Style>
          <LineString>
            <extrude>1</extrude>
            <tessellate>0</tessellate>
            <altitudeMode>absolute</altitudeMode>
            <coordinates>51.457757475,25.487106475,14.571 51.45771763,25.48711463,14.564 </coordinates>
          </LineString>
        </Placemark>
        <Placemark>
          <name><![CDATA[<span style="color:#8700e6">trkpt 645</span>]]></name>
          <Style>
            <LineStyle>
              <color>ffe60087</color>
              <width>4</width>
            </LineStyle>
            <PolyStyle>
              <color>cce60087</color>
            </PolyStyle>
          </Style>
          <LineString>
            <extrude>1</extrude>
            <tessellate>0</tessellate>
            <altitudeMode>absolute</altitudeMode>
            <coordinates>51.45771763,25.48711463,14.564 51.457677328,25.487122865,14.539 </coordinates>
          </LineString>
        </Placemark>
        <Placemark>
          <name><![CDATA[<span style="color:#8300e6">trkpt 646</span>]]></name>
          <Style>
            <LineStyle>
              <color>ffe60083</color>
              <width>4</width>
            </LineStyle>
            <PolyStyle>
              <color>cce60083</color>
            </PolyStyle>
          </Style>
          <LineString>
            <extrude>1</extrude>
            <tessellate>0</tessellate>
            <altitudeMode>absolute</altitudeMode>
            <coordinates>51.457677328,25.487122865,14.539 51.457637,25.487131093,14.498 </coordinates>
          </LineString>
        </Placemark>
        <Placemark>
          <name><![CDATA[<span style="color:#7e00e6">trkpt 647</span>]]></name>
          <Style>
            <LineStyle>
              <color>ffe6007e</color>
              <width>4</width>
            </LineStyle>
            <PolyStyle>
              <color>cce6007e</color>
            </PolyStyle>
          </Style>
          <LineString>
            <extrude>1</extrude>
            <tessellate>0</tessellate>
            <altitudeMode>absolute</altitudeMode>
            <coordinates>51.457637,25.487131093,14.498 51.457596375,25.48713926,14.438 </coordinates>
          </LineString>
        </Placemark>
        <Placemark>
          <name><![CDATA[<span style="color:#7500e6">trkpt 648</span>]]></name>
          <Style>
            <LineStyle>
              <color>ffe60075</color>
              <width>4</width>
            </LineStyle>
            <PolyStyle>
              <color>cce60075</color>
            </PolyStyle>
          </Style>
          <LineString>
            <extrude>1</extrude>
            <tessellate>0</tessellate>
            <altitudeMode>absolute</altitudeMode>
            <coordinates>51.457596375,25.48713926,14.438 51.457555557,25.487147325,14.362 </coordinates>
          </LineString>
        </Placemark>
        <Placemark>
          <name><![CDATA[<span style="color:#6900e6">trkpt 649</span>]]></name>
          <Style>
            <LineStyle>
              <color>ffe60069</color>
              <width>4</width>
            </LineStyle>
            <PolyStyle>
              <color>cce60069</color>
            </PolyStyle>
          </Style>
          <LineString>
            <extrude>1</extrude>
            <tessellate>0</tessellate>
            <altitudeMode>absolute</altitudeMode>
            <coordinates>51.457555557,25.487147325,14.362 51.457514495,25.487155308,14.268 </coordinates>
          </LineString>
        </Placemark>
        <Placemark>
          <name><![CDATA[<span style="color:#5e00e6">trkpt 650</span>]]></name>
          <Style>
            <LineStyle>
              <color>ffe6005e</color>
              <width>4</width>
            </LineStyle>
            <PolyStyle>
              <color>cce6005e</color>
            </PolyStyle>
          </Style>
          <LineString>
            <extrude>1</extrude>
            <tessellate>0</tessellate>
            <altitudeMode>absolute</altitudeMode>
            <coordinates>51.457514495,25.487155308,14.268 51.457473287,25.48716335,14.212 </coordinates>
          </LineString>
        </Placemark>
        <Placemark>
          <name><![CDATA[<span style="color:#5500e6">trkpt 651</span>]]></name>
          <Style>
            <LineStyle>
              <color>ffe60055</color>
              <width>4</width>
            </LineStyle>
            <PolyStyle>
              <color>cce60055</color>
            </PolyStyle>
          </Style>
          <LineString>
            <extrude>1</extrude>
            <tessellate>0</tessellate>
            <altitudeMode>absolute</altitudeMode>
            <coordinates>51.457473287,25.48716335,14.212 51.457431752,25.487171232,14.184 </coordinates>
          </LineString>
        </Placemark>
        <Placemark>
          <name><![CDATA[<span style="color:#5000e6">trkpt 652</span>]]></name>
          <Style>
            <LineStyle>
              <color>ffe60050</color>
              <width>4</width>
            </LineStyle>
            <PolyStyle>
              <color>cce60050</color>
            </PolyStyle>
          </Style>
          <LineString>
            <extrude>1</extrude>
            <tessellate>0</tessellate>
            <altitudeMode>absolute</altitudeMode>
            <coordinates>51.457431752,25.487171232,14.184 51.457390043,25.487179143,14.155 </coordinates>
          </LineString>
        </Placemark>
        <Placemark>
          <name><![CDATA[<span style="color:#4e00e6">trkpt 653</span>]]></name>
          <Style>
            <LineStyle>
              <color>ffe6004e</color>
              <width>4</width>
            </LineStyle>
            <PolyStyle>
              <color>cce6004e</color>
            </PolyStyle>
          </Style>
          <LineString>
            <extrude>1</extrude>
            <tessellate>0</tessellate>
            <altitudeMode>absolute</altitudeMode>
            <coordinates>51.457390043,25.487179143,14.155 51.45734826,25.4871869,14.127 </coordinates>
          </LineString>
        </Placemark>
        <Placemark>
          <name><![CDATA[<span style="color:#4900e6">trkpt 654</span>]]></name>
          <Style>
            <LineStyle>
              <color>ffe60049</color>
              <width>4</width>
            </LineStyle>
            <PolyStyle>
              <color>cce60049</color>
            </PolyStyle>
          </Style>
          <LineString>
            <extrude>1</extrude>
            <tessellate>0</tessellate>
            <altitudeMode>absolute</altitudeMode>
            <coordinates>51.45734826,25.4871869,14.127 51.457306018,25.487194575,14.1 </coordinates>
          </LineString>
        </Placemark>
        <Placemark>
          <name><![CDATA[<span style="color:#4500e6">trkpt 655</span>]]></name>
          <Style>
            <LineStyle>
              <color>ffe60045</color>
              <width>4</width>
            </LineStyle>
            <PolyStyle>
              <color>cce60045</color>
            </PolyStyle>
          </Style>
          <LineString>
            <extrude>1</extrude>
            <tessellate>0</tessellate>
            <altitudeMode>absolute</altitudeMode>
            <coordinates>51.457306018,25.487194575,14.1 51.457263672,25.48720221,14.072 </coordinates>
          </LineString>
        </Placemark>
        <Placemark>
          <name><![CDATA[<span style="color:#4000e6">trkpt 656</span>]]></name>
          <Style>
            <LineStyle>
              <color>ffe60040</color>
              <width>4</width>
            </LineStyle>
            <PolyStyle>
              <color>cce60040</color>
            </PolyStyle>
          </Style>
          <LineString>
            <extrude>1</extrude>
            <tessellate>0</tessellate>
            <altitudeMode>absolute</altitudeMode>
            <coordinates>51.457263672,25.48720221,14.072 51.457221085,25.487209952,14.04 </coordinates>
          </LineString>
        </Placemark>
        <Placemark>
          <name><![CDATA[<span style="color:#3b00e6">trkpt 657</span>]]></name>
          <Style>
            <LineStyle>
              <color>ffe6003b</color>
              <width>4</width>
            </LineStyle>
            <PolyStyle>
              <color>cce6003b</color>
            </PolyStyle>
          </Style>
          <LineString>
            <extrude>1</extrude>
            <tessellate>0</tessellate>
            <altitudeMode>absolute</altitudeMode>
            <coordinates>51.457221085,25.487209952,14.04 51.45717834,25.48721776,13.861 </coordinates>
          </LineString>
        </Placemark>
        <Placemark>
          <name><![CDATA[<span style="color:#2200e6">trkpt 658</span>]]></name>
          <Style>
            <LineStyle>
              <color>ffe60022</color>
              <width>4</width>
            </LineStyle>
            <PolyStyle>
              <color>cce60022</color>
            </PolyStyle>
          </Style>
          <LineString>
            <extrude>1</extrude>
            <tessellate>0</tessellate>
            <altitudeMode>absolute</altitudeMode>
            <coordinates>51.45717834,25.48721776,13.861 51.457135338,25.487225607,13.679 </coordinates>
          </LineString>
        </Placemark>
        <Placemark>
          <name><![CDATA[<span style="color:#0900e6">trkpt 659</span>]]></name>
          <Style>
            <LineStyle>
              <color>ffe60009</color>
              <width>4</width>
            </LineStyle>
            <PolyStyle>
              <color>cce60009</color>
            </PolyStyle>
          </Style>
          <LineString>
            <extrude>1</extrude>
            <tessellate>0</tessellate>
            <altitudeMode>absolute</altitudeMode>
            <coordinates>51.457135338,25.487225607,13.679 51.457092183,25.48723369,13.51 </coordinates>
          </LineString>
        </Placemark>
        <Placemark>
          <name><![CDATA[<span style="color:#000ee6">trkpt 660</span>]]></name>
          <Style>
            <LineStyle>
              <color>ffe60e00</color>
              <width>4</width>
            </LineStyle>
            <PolyStyle>
              <color>cce60e00</color>
            </PolyStyle>
          </Style>
          <LineString>
            <extrude>1</extrude>
            <tessellate>0</tessellate>
            <altitudeMode>absolute</altitudeMode>
            <coordinates>51.457092183,25.48723369,13.51 51.457048862,25.487241782,13.349 </coordinates>
          </LineString>
        </Placemark>
        <Placemark>
          <name><![CDATA[<span style="color:#0025e6">trkpt 661</span>]]></name>
          <Style>
            <LineStyle>
              <color>ffe62500</color>
              <width>4</width>
            </LineStyle>
            <PolyStyle>
              <color>cce62500</color>
            </PolyStyle>
          </Style>
          <LineString>
            <extrude>1</extrude>
            <tessellate>0</tessellate>
            <altitudeMode>absolute</altitudeMode>
            <coordinates>51.457048862,25.487241782,13.349 51.457005365,25.4872499,13.197 </coordinates>
          </LineString>
        </Placemark>
        <Placemark>
          <name><![CDATA[<span style="color:#003ce6">trkpt 662</span>]]></name>
          <Style>
            <LineStyle>
              <color>ffe63c00</color>
              <width>4</width>
            </LineStyle>
            <PolyStyle>
              <color>cce63c00</color>
            </PolyStyle>
          </Style>
          <LineString>
            <extrude>1</extrude>
            <tessellate>0</tessellate>
            <altitudeMode>absolute</altitudeMode>
            <coordinates>51.457005365,25.4872499,13.197 51.456961872,25.487258095,13.055 </coordinates>
          </LineString>
        </Placemark>
        <Placemark>
          <name><![CDATA[<span style="color:#0051e6">trkpt 663</span>]]></name>
          <Style>
            <LineStyle>
              <color>ffe65100</color>
              <width>4</width>
            </LineStyle>
            <PolyStyle>
              <color>cce65100</color>
            </PolyStyle>
          </Style>
          <LineString>
            <extrude>1</extrude>
            <tessellate>0</tessellate>
            <altitudeMode>absolute</altitudeMode>
            <coordinates>51.456961872,25.487258095,13.055 51.456918158,25.48726647,12.92 </coordinates>
          </LineString>
        </Placemark>
        <Placemark>
          <name><![CDATA[<span style="color:#0063e6">trkpt 664</span>]]></name>
          <Style>
            <LineStyle>
              <color>ffe66300</color>
              <width>4</width>
            </LineStyle>
            <PolyStyle>
              <color>cce66300</color>
            </PolyStyle>
          </Style>
          <LineString>
            <extrude>1</extrude>
            <tessellate>0</tessellate>
            <altitudeMode>absolute</altitudeMode>
            <coordinates>51.456918158,25.48726647,12.92 51.456874367,25.487274868,12.796 </coordinates>
          </LineString>
        </Placemark>
        <Placemark>
          <name><![CDATA[<span style="color:#0076e6">trkpt 665</span>]]></name>
          <Style>
            <LineStyle>
              <color>ffe67600</color>
              <width>4</width>
            </LineStyle>
            <PolyStyle>
              <color>cce67600</color>
            </PolyStyle>
          </Style>
          <LineString>
            <extrude>1</extrude>
            <tessellate>0</tessellate>
            <altitudeMode>absolute</altitudeMode>
            <coordinates>51.456874367,25.487274868,12.796 51.456830658,25.487283282,12.68 </coordinates>
          </LineString>
        </Placemark>
        <Placemark>
          <name><![CDATA[<span style="color:#0086e6">trkpt 666</span>]]></name>
          <Style>
            <LineStyle>
              <color>ffe68600</color>
              <width>4</width>
            </LineStyle>
            <PolyStyle>
              <color>cce68600</color>
            </PolyStyle>
          </Style>
          <LineString>
            <extrude>1</extrude>
            <tessellate>0</tessellate>
            <altitudeMode>absolute</altitudeMode>
            <coordinates>51.456830658,25.487283282,12.68 51.456786752,25.487291682,12.574 </coordinates>
          </LineString>
        </Placemark>
        <Placemark>
          <name><![CDATA[<span style="color:#0096e6">trkpt 667</span>]]></name>
          <Style>
            <LineStyle>
              <color>ffe69600</color>
              <width>4</width>
            </LineStyle>
            <PolyStyle>
              <color>cce69600</color>
            </PolyStyle>
          </Style>
          <LineString>
            <extrude>1</extrude>
            <tessellate>0</tessellate>
            <altitudeMode>absolute</altitudeMode>
            <coordinates>51.456786752,25.487291682,12.574 51.45674299,25.487300167,12.478 </coordinates>
          </LineString>
        </Placemark>
        <Placemark>
          <name><![CDATA[<span style="color:#00a4e6">trkpt 668</span>]]></name>
          <Style>
            <LineStyle>
              <color>ffe6a400</color>
              <width>4</width>
            </LineStyle>
            <PolyStyle>
              <color>cce6a400</color>
            </PolyStyle>
          </Style>
          <LineString>
            <extrude>1</extrude>
            <tessellate>0</tessellate>
            <altitudeMode>absolute</altitudeMode>
            <coordinates>51.45674299,25.487300167,12.478 51.456699227,25.487308377,12.391 </coordinates>
          </LineString>
        </Placemark>
        <Placemark>
          <name><![CDATA[<span style="color:#00afe6">trkpt 669</span>]]></name>
          <Style>
            <LineStyle>
              <color>ffe6af00</color>
              <width>4</width>
            </LineStyle>
            <PolyStyle>
              <color>cce6af00</color>
            </PolyStyle>
          </Style>
          <LineString>
            <extrude>1</extrude>
            <tessellate>0</tessellate>
            <altitudeMode>absolute</altitudeMode>
            <coordinates>51.456699227,25.487308377,12.391 51.456655558,25.487316637,12.353 </coordinates>
          </LineString>
        </Placemark>
        <Placemark>
          <name><![CDATA[<span style="color:#00b4e6">trkpt 670</span>]]></name>
          <Style>
            <LineStyle>
              <color>ffe6b400</color>
              <width>4</width>
            </LineStyle>
            <PolyStyle>
              <color>cce6b400</color>
            </PolyStyle>
          </Style>
          <LineString>
            <extrude>1</extrude>
            <tessellate>0</tessellate>
            <altitudeMode>absolute</altitudeMode>
            <coordinates>51.456655558,25.487316637,12.353 51.456612105,25.487324798,12.442 </coordinates>
          </LineString>
        </Placemark>
        <Placemark>
          <name><![CDATA[<span style="color:#00a8e6">trkpt 671</span>]]></name>
          <Style>
            <LineStyle>
              <color>ffe6a800</color>
              <width>4</width>
            </LineStyle>
            <PolyStyle>
              <color>cce6a800</color>
            </PolyStyle>
          </Style>
          <LineString>
            <extrude>1</extrude>
            <tessellate>0</tessellate>
            <altitudeMode>absolute</altitudeMode>
            <coordinates>51.456612105,25.487324798,12.442 51.456568668,25.487332965,12.539 </coordinates>
          </LineString>
        </Placemark>
        <Placemark>
          <name><![CDATA[<span style="color:#009be6">trkpt 672</span>]]></name>
          <Style>
            <LineStyle>
              <color>ffe69b00</color>
              <width>4</width>
            </LineStyle>
            <PolyStyle>
              <color>cce69b00</color>
            </PolyStyle>
          </Style>
          <LineString>
            <extrude>1</extrude>
            <tessellate>0</tessellate>
            <altitudeMode>absolute</altitudeMode>
            <coordinates>51.456568668,25.487332965,12.539 51.456525523,25.487340865,12.644 </coordinates>
          </LineString>
        </Placemark>
        <Placemark>
          <name><![CDATA[<span style="color:#008ae6">trkpt 673</span>]]></name>
          <Style>
            <LineStyle>
              <color>ffe68a00</color>
              <width>4</width>
            </LineStyle>
            <PolyStyle>
              <color>cce68a00</color>
            </PolyStyle>
          </Style>
          <LineString>
            <extrude>1</extrude>
            <tessellate>0</tessellate>
            <altitudeMode>absolute</altitudeMode>
            <coordinates>51.456525523,25.487340865,12.644 51.45648243,25.487348843,12.758 </coordinates>
          </LineString>
        </Placemark>
        <Placemark>
          <name><![CDATA[<span style="color:#007ae6">trkpt 674</span>]]></name>
          <Style>
            <LineStyle>
              <color>ffe67a00</color>
              <width>4</width>
            </LineStyle>
            <PolyStyle>
              <color>cce67a00</color>
            </PolyStyle>
          </Style>
          <LineString>
            <extrude>1</extrude>
            <tessellate>0</tessellate>
            <altitudeMode>absolute</altitudeMode>
            <coordinates>51.45648243,25.487348843,12.758 51.456439587,25.487356583,12.879 </coordinates>
          </LineString>
        </Placemark>
        <Placemark>
          <name><![CDATA[<span style="color:#006ae6">trkpt 675</span>]]></name>
          <Style>
            <LineStyle>
              <color>ffe66a00</color>
              <width>4</width>
            </LineStyle>
            <PolyStyle>
              <color>cce66a00</color>
            </PolyStyle>
          </Style>
          <LineString>
            <extrude>1</extrude>
            <tessellate>0</tessellate>
            <altitudeMode>absolute</altitudeMode>
            <coordinates>51.456439587,25.487356583,12.879 51.456397065,25.487364227,13.007 </coordinates>
          </LineString>
        </Placemark>
        <Placemark>
          <name><![CDATA[<span style="color:#0058e6">trkpt 676</span>]]></name>
          <Style>
            <LineStyle>
              <color>ffe65800</color>
              <width>4</width>
            </LineStyle>
            <PolyStyle>
              <color>cce65800</color>
            </PolyStyle>
          </Style>
          <LineString>
            <extrude>1</extrude>
            <tessellate>0</tessellate>
            <altitudeMode>absolute</altitudeMode>
            <coordinates>51.456397065,25.487364227,13.007 51.456354858,25.487371537,13.009 </coordinates>
          </LineString>
        </Placemark>
        <Placemark>
          <name><![CDATA[<span style="color:#0058e6">trkpt 677</span>]]></name>
          <Style>
            <LineStyle>
              <color>ffe65800</color>
              <width>4</width>
            </LineStyle>
            <PolyStyle>
              <color>cce65800</color>
            </PolyStyle>
          </Style>
          <LineString>
            <extrude>1</extrude>
            <tessellate>0</tessellate>
            <altitudeMode>absolute</altitudeMode>
            <coordinates>51.456354858,25.487371537,13.009 51.456313067,25.48737851,12.972 </coordinates>
          </LineString>
        </Placemark>
        <Placemark>
          <name><![CDATA[<span style="color:#005ce6">trkpt 678</span>]]></name>
          <Style>
            <LineStyle>
              <color>ffe65c00</color>
              <width>4</width>
            </LineStyle>
            <PolyStyle>
              <color>cce65c00</color>
            </PolyStyle>
          </Style>
          <LineString>
            <extrude>1</extrude>
            <tessellate>0</tessellate>
            <altitudeMode>absolute</altitudeMode>
            <coordinates>51.456313067,25.48737851,12.972 51.456271787,25.487385065,12.925 </coordinates>
          </LineString>
        </Placemark>
        <Placemark>
          <name><![CDATA[<span style="color:#0063e6">trkpt 679</span>]]></name>
          <Style>
            <LineStyle>
              <color>ffe66300</color>
              <width>4</width>
            </LineStyle>
            <PolyStyle>
              <color>cce66300</color>
            </PolyStyle>
          </Style>
          <LineString>
            <extrude>1</extrude>
            <tessellate>0</tessellate>
            <altitudeMode>absolute</altitudeMode>
            <coordinates>51.456271787,25.487385065,12.925 51.456231105,25.487391127,12.871 </coordinates>
          </LineString>
        </Placemark>
        <Placemark>
          <name><![CDATA[<span style="color:#006ae6">trkpt 680</span>]]></name>
          <Style>
            <LineStyle>
              <color>ffe66a00</color>
              <width>4</width>
            </LineStyle>
            <PolyStyle>
              <color>cce66a00</color>
            </PolyStyle>
          </Style>
          <LineString>
            <extrude>1</extrude>
            <tessellate>0</tessellate>
            <altitudeMode>absolute</altitudeMode>
            <coordinates>51.456231105,25.487391127,12.871 51.456190868,25.487396408,12.807 </coordinates>
          </LineString>
        </Placemark>
        <Placemark>
          <name><![CDATA[<span style="color:#0073e6">trkpt 681</span>]]></name>
          <Style>
            <LineStyle>
              <color>ffe67300</color>
              <width>4</width>
            </LineStyle>
            <PolyStyle>
              <color>cce67300</color>
            </PolyStyle>
          </Style>
          <LineString>
            <extrude>1</extrude>
            <tessellate>0</tessellate>
            <altitudeMode>absolute</altitudeMode>
            <coordinates>51.456190868,25.487396408,12.807 51.456151017,25.487400725,12.735 </coordinates>
          </LineString>
        </Placemark>
        <Placemark>
          <name><![CDATA[<span style="color:#007fe6">trkpt 682</span>]]></name>
          <Style>
            <LineStyle>
              <color>ffe67f00</color>
              <width>4</width>
            </LineStyle>
            <PolyStyle>
              <color>cce67f00</color>
            </PolyStyle>
          </Style>
          <LineString>
            <extrude>1</extrude>
            <tessellate>0</tessellate>
            <altitudeMode>absolute</altitudeMode>
            <coordinates>51.456151017,25.487400725,12.735 51.456111715,25.487404152,12.656 </coordinates>
          </LineString>
        </Placemark>
        <Placemark>
          <name><![CDATA[<span style="color:#0088e6">trkpt 683</span>]]></name>
          <Style>
            <LineStyle>
              <color>ffe68800</color>
              <width>4</width>
            </LineStyle>
            <PolyStyle>
              <color>cce68800</color>
            </PolyStyle>
          </Style>
          <LineString>
            <extrude>1</extrude>
            <tessellate>0</tessellate>
            <altitudeMode>absolute</altitudeMode>
            <coordinates>51.456111715,25.487404152,12.656 51.456073063,25.487406158,12.525 </coordinates>
          </LineString>
        </Placemark>
        <Placemark>
          <name><![CDATA[<span style="color:#009de6">trkpt 684</span>]]></name>
          <Style>
            <LineStyle>
              <color>ffe69d00</color>
              <width>4</width>
            </LineStyle>
            <PolyStyle>
              <color>cce69d00</color>
            </PolyStyle>
          </Style>
          <LineString>
            <extrude>1</extrude>
            <tessellate>0</tessellate>
            <altitudeMode>absolute</altitudeMode>
            <coordinates>51.456073063,25.487406158,12.525 51.456035075,25.48740707,12.392 </coordinates>
          </LineString>
        </Placemark>
        <Placemark>
          <name><![CDATA[<span style="color:#00afe6">trkpt 685</span>]]></name>
          <Style>
            <LineStyle>
              <color>ffe6af00</color>
              <width>4</width>
            </LineStyle>
            <PolyStyle>
              <color>cce6af00</color>
            </PolyStyle>
          </Style>
          <LineString>
            <extrude>1</extrude>
            <tessellate>0</tessellate>
            <altitudeMode>absolute</altitudeMode>
            <coordinates>51.456035075,25.48740707,12.392 51.455997768,25.48740682,12.257 </coordinates>
          </LineString>
        </Placemark>
        <Placemark>
          <name><![CDATA[<span style="color:#00c2e6">trkpt 686</span>]]></name>
          <Style>
            <LineStyle>
              <color>ffe6c200</color>
              <width>4</width>
            </LineStyle>
            <PolyStyle>
              <color>cce6c200</color>
            </PolyStyle>
          </Style>
          <LineString>
            <extrude>1</extrude>
            <tessellate>0</tessellate>
            <altitudeMode>absolute</altitudeMode>
            <coordinates>51.455997768,25.48740682,12.257 51.455961062,25.487404992,12.118 </coordinates>
          </LineString>
        </Placemark>
        <Placemark>
          <name><![CDATA[<span style="color:#00d6e6">trkpt 687</span>]]></name>
          <Style>
            <LineStyle>
              <color>ffe6d600</color>
              <width>4</width>
            </LineStyle>
            <PolyStyle>
              <color>cce6d600</color>
            </PolyStyle>
          </Style>
          <LineString>
            <extrude>1</extrude>
            <tessellate>0</tessellate>
            <altitudeMode>absolute</altitudeMode>
            <coordinates>51.455961062,25.487404992,12.118 51.455925318,25.487401812,11.978 </coordinates>
          </LineString>
        </Placemark>
        <Placemark>
          <name><![CDATA[<span style="color:#00e6e0">trkpt 688</span>]]></name>
          <Style>
            <LineStyle>
              <color>ffe0e600</color>
              <width>4</width>
            </LineStyle>
            <PolyStyle>
              <color>cce0e600</color>
            </PolyStyle>
          </Style>
          <LineString>
            <extrude>1</extrude>
            <tessellate>0</tessellate>
            <altitudeMode>absolute</altitudeMode>
            <coordinates>51.455925318,25.487401812,11.978 51.455890327,25.487397072,11.835 </coordinates>
          </LineString>
        </Placemark>
        <Placemark>
          <name><![CDATA[<span style="color:#00e6ce">trkpt 689</span>]]></name>
          <Style>
            <LineStyle>
              <color>ffcee600</color>
              <width>4</width>
            </LineStyle>
            <PolyStyle>
              <color>cccee600</color>
            </PolyStyle>
          </Style>
          <LineString>
            <extrude>1</extrude>
            <tessellate>0</tessellate>
            <altitudeMode>absolute</altitudeMode>
            <coordinates>51.455890327,25.487397072,11.835 51.455856232,25.487390467,11.688 </coordinates>
          </LineString>
        </Placemark>
        <Placemark>
          <name><![CDATA[<span style="color:#00e6b7">trkpt 690</span>]]></name>
          <Style>
            <LineStyle>
              <color>ffb7e600</color>
              <width>4</width>
            </LineStyle>
            <PolyStyle>
              <color>ccb7e600</color>
            </PolyStyle>
          </Style>
          <LineString>
            <extrude>1</extrude>
            <tessellate>0</tessellate>
            <altitudeMode>absolute</altitudeMode>
            <coordinates>51.455856232,25.487390467,11.688 51.455822955,25.487382605,11.556 </coordinates>
          </LineString>
        </Placemark>
        <Placemark>
          <name><![CDATA[<span style="color:#00e6a4">trkpt 691</span>]]></name>
          <Style>
            <LineStyle>
              <color>ffa4e600</color>
              <width>4</width>
            </LineStyle>
            <PolyStyle>
              <color>cca4e600</color>
            </PolyStyle>
          </Style>
          <LineString>
            <extrude>1</extrude>
            <tessellate>0</tessellate>
            <altitudeMode>absolute</altitudeMode>
            <coordinates>51.455822955,25.487382605,11.556 51.455790682,25.487373055,11.46 </coordinates>
          </LineString>
        </Placemark>
        <Placemark>
          <name><![CDATA[<span style="color:#00e696">trkpt 692</span>]]></name>
          <Style>
            <LineStyle>
              <color>ff96e600</color>
              <width>4</width>
            </LineStyle>
            <PolyStyle>
              <color>cc96e600</color>
            </PolyStyle>
          </Style>
          <LineString>
            <extrude>1</extrude>
            <tessellate>0</tessellate>
            <altitudeMode>absolute</altitudeMode>
            <coordinates>51.455790682,25.487373055,11.46 51.455759237,25.487361815,11.368 </coordinates>
          </LineString>
        </Placemark>
        <Placemark>
          <name><![CDATA[<span style="color:#00e68b">trkpt 693</span>]]></name>
          <Style>
            <LineStyle>
              <color>ff8be600</color>
              <width>4</width>
            </LineStyle>
            <PolyStyle>
              <color>cc8be600</color>
            </PolyStyle>
          </Style>
          <LineString>
            <extrude>1</extrude>
            <tessellate>0</tessellate>
            <altitudeMode>absolute</altitudeMode>
            <coordinates>51.455759237,25.487361815,11.368 51.455728978,25.487348877,11.285 </coordinates>
          </LineString>
        </Placemark>
        <Placemark>
          <name><![CDATA[<span style="color:#00e67d">trkpt 694</span>]]></name>
          <Style>
            <LineStyle>
              <color>ff7de600</color>
              <width>4</width>
            </LineStyle>
            <PolyStyle>
              <color>cc7de600</color>
            </PolyStyle>
          </Style>
          <LineString>
            <extrude>1</extrude>
            <tessellate>0</tessellate>
            <altitudeMode>absolute</altitudeMode>
            <coordinates>51.455728978,25.487348877,11.285 51.455699968,25.48733454,11.21 </coordinates>
          </LineString>
        </Placemark>
        <Placemark>
          <name><![CDATA[<span style="color:#00e674">trkpt 695</span>]]></name>
          <Style>
            <LineStyle>
              <color>ff74e600</color>
              <width>4</width>
            </LineStyle>
            <PolyStyle>
              <color>cc74e600</color>
            </PolyStyle>
          </Style>
          <LineString>
            <extrude>1</extrude>
            <tessellate>0</tessellate>
            <altitudeMode>absolute</altitudeMode>
            <coordinates>51.455699968,25.48733454,11.21 51.45567158,25.487318687,11.145 </coordinates>
          </LineString>
        </Placemark>
        <Placemark>
          <name><![CDATA[<span style="color:#00e66b">trkpt 696</span>]]></name>
          <Style>
            <LineStyle>
              <color>ff6be600</color>
              <width>4</width>
            </LineStyle>
            <PolyStyle>
              <color>cc6be600</color>
            </PolyStyle>
          </Style>
          <LineString>
            <extrude>1</extrude>
            <tessellate>0</tessellate>
            <altitudeMode>absolute</altitudeMode>
            <coordinates>51.45567158,25.487318687,11.145 51.455644507,25.487301565,11.091 </coordinates>
          </LineString>
        </Placemark>
        <Placemark>
          <name><![CDATA[<span style="color:#00e662">trkpt 697</span>]]></name>
          <Style>
            <LineStyle>
              <color>ff62e600</color>
              <width>4</width>
            </LineStyle>
            <PolyStyle>
              <color>cc62e600</color>
            </PolyStyle>
          </Style>
          <LineString>
            <extrude>1</extrude>
            <tessellate>0</tessellate>
            <altitudeMode>absolute</altitudeMode>
            <coordinates>51.455644507,25.487301565,11.091 51.455618403,25.487283078,11.05 </coordinates>
          </LineString>
        </Placemark>
        <Placemark>
          <name><![CDATA[<span style="color:#00e65d">trkpt 698</span>]]></name>
          <Style>
            <LineStyle>
              <color>ff5de600</color>
              <width>4</width>
            </LineStyle>
            <PolyStyle>
              <color>cc5de600</color>
            </PolyStyle>
          </Style>
          <LineString>
            <extrude>1</extrude>
            <tessellate>0</tessellate>
            <altitudeMode>absolute</altitudeMode>
            <coordinates>51.455618403,25.487283078,11.05 51.455593277,25.487263303,11.02 </coordinates>
          </LineString>
        </Placemark>
        <Placemark>
          <name><![CDATA[<span style="color:#00e658">trkpt 699</span>]]></name>
          <Style>
            <LineStyle>
              <color>ff58e600</color>
              <width>4</width>
            </LineStyle>
            <PolyStyle>
              <color>cc58e600</color>
            </PolyStyle>
          </Style>
          <LineString>
            <extrude>1</extrude>
            <tessellate>0</tessellate>
            <altitudeMode>absolute</altitudeMode>
            <coordinates>51.455593277,25.487263303,11.02 51.455569402,25.48724218,11.004 </coordinates>
          </LineString>
        </Placemark>
        <Placemark>
          <name><![CDATA[<span style="color:#00e656">trkpt 700</span>]]></name>
          <Style>
            <LineStyle>
              <color>ff56e600</color>
              <width>4</width>
            </LineStyle>
            <PolyStyle>
              <color>cc56e600</color>
            </PolyStyle>
          </Style>
          <LineString>
            <extrude>1</extrude>
            <tessellate>0</tessellate>
            <altitudeMode>absolute</altitudeMode>
            <coordinates>51.455569402,25.48724218,11.004 51.45554623,25.487220187,11.007 </coordinates>
          </LineString>
        </Placemark>
        <Placemark>
          <name><![CDATA[<span style="color:#00e656">trkpt 701</span>]]></name>
          <Style>
            <LineStyle>
              <color>ff56e600</color>
              <width>4</width>
            </LineStyle>
            <PolyStyle>
              <color>cc56e600</color>
            </PolyStyle>
          </Style>
          <LineString>
            <extrude>1</extrude>
            <tessellate>0</tessellate>
            <altitudeMode>absolute</altitudeMode>
            <coordinates>51.45554623,25.487220187,11.007 51.455524242,25.487196998,11.091 </coordinates>
          </LineString>
        </Placemark>
        <Placemark>
          <name><![CDATA[<span style="color:#00e662">trkpt 702</span>]]></name>
          <Style>
            <LineStyle>
              <color>ff62e600</color>
              <width>4</width>
            </LineStyle>
            <PolyStyle>
              <color>cc62e600</color>
            </PolyStyle>
          </Style>
          <LineString>
            <extrude>1</extrude>
            <tessellate>0</tessellate>
            <altitudeMode>absolute</altitudeMode>
            <coordinates>51.455524242,25.487196998,11.091 51.455503495,25.487173062,11.177 </coordinates>
          </LineString>
        </Placemark>
        <Placemark>
          <name><![CDATA[<span style="color:#00e66f">trkpt 703</span>]]></name>
          <Style>
            <LineStyle>
              <color>ff6fe600</color>
              <width>4</width>
            </LineStyle>
            <PolyStyle>
              <color>cc6fe600</color>
            </PolyStyle>
          </Style>
          <LineString>
            <extrude>1</extrude>
            <tessellate>0</tessellate>
            <altitudeMode>absolute</altitudeMode>
            <coordinates>51.455503495,25.487173062,11.177 51.455483625,25.48714828,11.266 </coordinates>
          </LineString>
        </Placemark>
        <Placemark>
          <name><![CDATA[<span style="color:#00e67b">trkpt 704</span>]]></name>
          <Style>
            <LineStyle>
              <color>ff7be600</color>
              <width>4</width>
            </LineStyle>
            <PolyStyle>
              <color>cc7be600</color>
            </PolyStyle>
          </Style>
          <LineString>
            <extrude>1</extrude>
            <tessellate>0</tessellate>
            <altitudeMode>absolute</altitudeMode>
            <coordinates>51.455483625,25.48714828,11.266 51.45546467,25.487122632,11.359 </coordinates>
          </LineString>
        </Placemark>
        <Placemark>
          <name><![CDATA[<span style="color:#00e689">trkpt 705</span>]]></name>
          <Style>
            <LineStyle>
              <color>ff89e600</color>
              <width>4</width>
            </LineStyle>
            <PolyStyle>
              <color>cc89e600</color>
            </PolyStyle>
          </Style>
          <LineString>
            <extrude>1</extrude>
            <tessellate>0</tessellate>
            <altitudeMode>absolute</altitudeMode>
            <coordinates>51.45546467,25.487122632,11.359 51.45544669,25.487095993,11.454 </coordinates>
          </LineString>
        </Placemark>
        <Placemark>
          <name><![CDATA[<span style="color:#00e696">trkpt 706</span>]]></name>
          <Style>
            <LineStyle>
              <color>ff96e600</color>
              <width>4</width>
            </LineStyle>
            <PolyStyle>
              <color>cc96e600</color>
            </PolyStyle>
          </Style>
          <LineString>
            <extrude>1</extrude>
            <tessellate>0</tessellate>
            <altitudeMode>absolute</altitudeMode>
            <coordinates>51.45544669,25.487095993,11.454 51.455429718,25.487069017,11.552 </coordinates>
          </LineString>
        </Placemark>
        <Placemark>
          <name><![CDATA[<span style="color:#00e6a4">trkpt 707</span>]]></name>
          <Style>
            <LineStyle>
              <color>ffa4e600</color>
              <width>4</width>
            </LineStyle>
            <PolyStyle>
              <color>cca4e600</color>
            </PolyStyle>
          </Style>
          <LineString>
            <extrude>1</extrude>
            <tessellate>0</tessellate>
            <altitudeMode>absolute</altitudeMode>
            <coordinates>51.455429718,25.487069017,11.552 51.45541264,25.487041382,11.651 </coordinates>
          </LineString>
        </Placemark>
        <Placemark>
          <name><![CDATA[<span style="color:#00e6b2">trkpt 708</span>]]></name>
          <Style>
            <LineStyle>
              <color>ffb2e600</color>
              <width>4</width>
            </LineStyle>
            <PolyStyle>
              <color>ccb2e600</color>
            </PolyStyle>
          </Style>
          <LineString>
            <extrude>1</extrude>
            <tessellate>0</tessellate>
            <altitudeMode>absolute</altitudeMode>
            <coordinates>51.45541264,25.487041382,11.651 51.455395823,25.487013247,11.752 </coordinates>
          </LineString>
        </Placemark>
        <Placemark>
          <name><![CDATA[<span style="color:#00e6c0">trkpt 709</span>]]></name>
          <Style>
            <LineStyle>
              <color>ffc0e600</color>
              <width>4</width>
            </LineStyle>
            <PolyStyle>
              <color>ccc0e600</color>
            </PolyStyle>
          </Style>
          <LineString>
            <extrude>1</extrude>
            <tessellate>0</tessellate>
            <altitudeMode>absolute</altitudeMode>
            <coordinates>51.455395823,25.487013247,11.752 51.45537886,25.486984528,11.856 </coordinates>
          </LineString>
        </Placemark>
        <Placemark>
          <name><![CDATA[<span style="color:#00e6d0">trkpt 710</span>]]></name>
          <Style>
            <LineStyle>
              <color>ffd0e600</color>
              <width>4</width>
            </LineStyle>
            <PolyStyle>
              <color>ccd0e600</color>
            </PolyStyle>
          </Style>
          <LineString>
            <extrude>1</extrude>
            <tessellate>0</tessellate>
            <altitudeMode>absolute</altitudeMode>
            <coordinates>51.45537886,25.486984528,11.856 51.45536216,25.486955345,11.961 </coordinates>
          </LineString>
        </Placemark>
        <Placemark>
          <name><![CDATA[<span style="color:#00e6de">trkpt 711</span>]]></name>
          <Style>
            <LineStyle>
              <color>ffdee600</color>
              <width>4</width>
            </LineStyle>
            <PolyStyle>
              <color>ccdee600</color>
            </PolyStyle>
          </Style>
          <LineString>
            <extrude>1</extrude>
            <tessellate>0</tessellate>
            <altitudeMode>absolute</altitudeMode>
            <coordinates>51.45536216,25.486955345,11.961 51.455345273,25.486925573,12.136 </coordinates>
          </LineString>
        </Placemark>
        <Placemark>
          <name><![CDATA[<span style="color:#00d4e6">trkpt 712</span>]]></name>
          <Style>
            <LineStyle>
              <color>ffe6d400</color>
              <width>4</width>
            </LineStyle>
            <PolyStyle>
              <color>cce6d400</color>
            </PolyStyle>
          </Style>
          <LineString>
            <extrude>1</extrude>
            <tessellate>0</tessellate>
            <altitudeMode>absolute</altitudeMode>
            <coordinates>51.455345273,25.486925573,12.136 51.455328258,25.486895498,12.352 </coordinates>
          </LineString>
        </Placemark>
        <Placemark>
          <name><![CDATA[<span style="color:#00b4e6">trkpt 713</span>]]></name>
          <Style>
            <LineStyle>
              <color>ffe6b400</color>
              <width>4</width>
            </LineStyle>
            <PolyStyle>
              <color>cce6b400</color>
            </PolyStyle>
          </Style>
          <LineString>
            <extrude>1</extrude>
            <tessellate>0</tessellate>
            <altitudeMode>absolute</altitudeMode>
            <coordinates>51.455328258,25.486895498,12.352 51.455311182,25.486864953,12.572 </coordinates>
          </LineString>
        </Placemark>
        <Placemark>
          <name><![CDATA[<span style="color:#0096e6">trkpt 714</span>]]></name>
          <Style>
            <LineStyle>
              <color>ffe69600</color>
              <width>4</width>
            </LineStyle>
            <PolyStyle>
              <color>cce69600</color>
            </PolyStyle>
          </Style>
          <LineString>
            <extrude>1</extrude>
            <tessellate>0</tessellate>
            <altitudeMode>absolute</altitudeMode>
            <coordinates>51.455311182,25.486864953,12.572 51.455293882,25.486834172,12.794 </coordinates>
          </LineString>
        </Placemark>
        <Placemark>
          <name><![CDATA[<span style="color:#0076e6">trkpt 715</span>]]></name>
          <Style>
            <LineStyle>
              <color>ffe67600</color>
              <width>4</width>
            </LineStyle>
            <PolyStyle>
              <color>cce67600</color>
            </PolyStyle>
          </Style>
          <LineString>
            <extrude>1</extrude>
            <tessellate>0</tessellate>
            <altitudeMode>absolute</altitudeMode>
            <coordinates>51.455293882,25.486834172,12.794 51.45527638,25.486803107,13.013 </coordinates>
          </LineString>
        </Placemark>
        <Placemark>
          <name><![CDATA[<span style="color:#0056e6">trkpt 716</span>]]></name>
          <Style>
            <LineStyle>
              <color>ffe65600</color>
              <width>4</width>
            </LineStyle>
            <PolyStyle>
              <color>cce65600</color>
            </PolyStyle>
          </Style>
          <LineString>
            <extrude>1</extrude>
            <tessellate>0</tessellate>
            <altitudeMode>absolute</altitudeMode>
            <coordinates>51.45527638,25.486803107,13.013 51.455258985,25.486771812,13.175 </coordinates>
          </LineString>
        </Placemark>
        <Placemark>
          <name><![CDATA[<span style="color:#003fe6">trkpt 717</span>]]></name>
          <Style>
            <LineStyle>
              <color>ffe63f00</color>
              <width>4</width>
            </LineStyle>
            <PolyStyle>
              <color>cce63f00</color>
            </PolyStyle>
          </Style>
          <LineString>
            <extrude>1</extrude>
            <tessellate>0</tessellate>
            <altitudeMode>absolute</altitudeMode>
            <coordinates>51.455258985,25.486771812,13.175 51.455241373,25.486740272,13.339 </coordinates>
          </LineString>
        </Placemark>
        <Placemark>
          <name><![CDATA[<span style="color:#0028e6">trkpt 718</span>]]></name>
          <Style>
            <LineStyle>
              <color>ffe62800</color>
              <width>4</width>
            </LineStyle>
            <PolyStyle>
              <color>cce62800</color>
            </PolyStyle>
          </Style>
          <LineString>
            <extrude>1</extrude>
            <tessellate>0</tessellate>
            <altitudeMode>absolute</altitudeMode>
            <coordinates>51.455241373,25.486740272,13.339 51.455223785,25.48670854,13.504 </coordinates>
          </LineString>
        </Placemark>
        <Placemark>
          <name><![CDATA[<span style="color:#0011e6">trkpt 719</span>]]></name>
          <Style>
            <LineStyle>
              <color>ffe61100</color>
              <width>4</width>
            </LineStyle>
            <PolyStyle>
              <color>cce61100</color>
            </PolyStyle>
          </Style>
          <LineString>
            <extrude>1</extrude>
            <tessellate>0</tessellate>
            <altitudeMode>absolute</altitudeMode>
            <coordinates>51.455223785,25.48670854,13.504 51.455206008,25.486676545,13.671 </coordinates>
          </LineString>
        </Placemark>
        <Placemark>
          <name><![CDATA[<span style="color:#0900e6">trkpt 720</span>]]></name>
          <Style>
            <LineStyle>
              <color>ffe60009</color>
              <width>4</width>
            </LineStyle>
            <PolyStyle>
              <color>cce60009</color>
            </PolyStyle>
          </Style>
          <LineString>
            <extrude>1</extrude>
            <tessellate>0</tessellate>
            <altitudeMode>absolute</altitudeMode>
            <coordinates>51.455206008,25.486676545,13.671 51.455188188,25.486644362,13.677 </coordinates>
          </LineString>
        </Placemark>
        <Placemark>
          <name><![CDATA[<span style="color:#0900e6">trkpt 721</span>]]></name>
          <Style>
            <LineStyle>
              <color>ffe60009</color>
              <width>4</width>
            </LineStyle>
            <PolyStyle>
              <color>cce60009</color>
            </PolyStyle>
          </Style>
          <LineString>
            <extrude>1</extrude>
            <tessellate>0</tessellate>
            <altitudeMode>absolute</altitudeMode>
            <coordinates>51.455188188,25.486644362,13.677 51.455170193,25.486611962,13.613 </coordinates>
          </LineString>
        </Placemark>
        <Placemark>
          <name><![CDATA[<span style="color:#0000e6">trkpt 722</span>]]></name>
          <Style>
            <LineStyle>
              <color>ffe60000</color>
              <width>4</width>
            </LineStyle>
            <PolyStyle>
              <color>cce60000</color>
            </PolyStyle>
          </Style>
          <LineString>
            <extrude>1</extrude>
            <tessellate>0</tessellate>
            <altitudeMode>absolute</altitudeMode>
            <coordinates>51.455170193,25.486611962,13.613 51.455152215,25.486579277,13.548 </coordinates>
          </LineString>
        </Placemark>
        <Placemark>
          <name><![CDATA[<span style="color:#000ae6">trkpt 723</span>]]></name>
          <Style>
            <LineStyle>
              <color>ffe60a00</color>
              <width>4</width>
            </LineStyle>
            <PolyStyle>
              <color>cce60a00</color>
            </PolyStyle>
          </Style>
          <LineString>
            <extrude>1</extrude>
            <tessellate>0</tessellate>
            <altitudeMode>absolute</altitudeMode>
            <coordinates>51.455152215,25.486579277,13.548 51.455134165,25.486546557,13.483 </coordinates>
          </LineString>
        </Placemark>
        <Placemark>
          <name><![CDATA[<span style="color:#0013e6">trkpt 724</span>]]></name>
          <Style>
            <LineStyle>
              <color>ffe61300</color>
              <width>4</width>
            </LineStyle>
            <PolyStyle>
              <color>cce61300</color>
            </PolyStyle>
          </Style>
          <LineString>
            <extrude>1</extrude>
            <tessellate>0</tessellate>
            <altitudeMode>absolute</altitudeMode>
            <coordinates>51.455134165,25.486546557,13.483 51.455116008,25.486513785,13.418 </coordinates>
          </LineString>
        </Placemark>
        <Placemark>
          <name><![CDATA[<span style="color:#001ce6">trkpt 725</span>]]></name>
          <Style>
            <LineStyle>
              <color>ffe61c00</color>
              <width>4</width>
            </LineStyle>
            <PolyStyle>
              <color>cce61c00</color>
            </PolyStyle>
          </Style>
          <LineString>
            <extrude>1</extrude>
            <tessellate>0</tessellate>
            <altitudeMode>absolute</altitudeMode>
            <coordinates>51.455116008,25.486513785,13.418 51.455097607,25.486480815,13.351 </coordinates>
          </LineString>
        </Placemark>
        <Placemark>
          <name><![CDATA[<span style="color:#0025e6">trkpt 726</span>]]></name>
          <Style>
            <LineStyle>
              <color>ffe62500</color>
              <width>4</width>
            </LineStyle>
            <PolyStyle>
              <color>cce62500</color>
            </PolyStyle>
          </Style>
          <LineString>
            <extrude>1</extrude>
            <tessellate>0</tessellate>
            <altitudeMode>absolute</altitudeMode>
            <coordinates>51.455097607,25.486480815,13.351 51.455079088,25.486447652,13.285 </coordinates>
          </LineString>
        </Placemark>
        <Placemark>
          <name><![CDATA[<span style="color:#002ee6">trkpt 727</span>]]></name>
          <Style>
            <LineStyle>
              <color>ffe62e00</color>
              <width>4</width>
            </LineStyle>
            <PolyStyle>
              <color>cce62e00</color>
            </PolyStyle>
          </Style>
          <LineString>
            <extrude>1</extrude>
            <tessellate>0</tessellate>
            <altitudeMode>absolute</altitudeMode>
            <coordinates>51.455079088,25.486447652,13.285 51.455060463,25.486414297,13.218 </coordinates>
          </LineString>
        </Placemark>
        <Placemark>
          <name><![CDATA[<span style="color:#003ae6">trkpt 728</span>]]></name>
          <Style>
            <LineStyle>
              <color>ffe63a00</color>
              <width>4</width>
            </LineStyle>
            <PolyStyle>
              <color>cce63a00</color>
            </PolyStyle>
          </Style>
          <LineString>
            <extrude>1</extrude>
            <tessellate>0</tessellate>
            <altitudeMode>absolute</altitudeMode>
            <coordinates>51.455060463,25.486414297,13.218 51.455041752,25.486380892,13.179 </coordinates>
          </LineString>
        </Placemark>
        <Placemark>
          <name><![CDATA[<span style="color:#003fe6">trkpt 729</span>]]></name>
          <Style>
            <LineStyle>
              <color>ffe63f00</color>
              <width>4</width>
            </LineStyle>
            <PolyStyle>
              <color>cce63f00</color>
            </PolyStyle>
          </Style>
          <LineString>
            <extrude>1</extrude>
            <tessellate>0</tessellate>
            <altitudeMode>absolute</altitudeMode>
            <coordinates>51.455041752,25.486380892,13.179 51.455022778,25.486347188,13.232 </coordinates>
          </LineString>
        </Placemark>
        <Placemark>
          <name><![CDATA[<span style="color:#0038e6">trkpt 730</span>]]></name>
          <Style>
            <LineStyle>
              <color>ffe63800</color>
              <width>4</width>
            </LineStyle>
            <PolyStyle>
              <color>cce63800</color>
            </PolyStyle>
          </Style>
          <LineString>
            <extrude>1</extrude>
            <tessellate>0</tessellate>
            <altitudeMode>absolute</altitudeMode>
            <coordinates>51.455022778,25.486347188,13.232 51.455003547,25.486313333,13.285 </coordinates>
          </LineString>
        </Placemark>
        <Placemark>
          <name><![CDATA[<span style="color:#002ee6">trkpt 731</span>]]></name>
          <Style>
            <LineStyle>
              <color>ffe62e00</color>
              <width>4</width>
            </LineStyle>
            <PolyStyle>
              <color>cce62e00</color>
            </PolyStyle>
          </Style>
          <LineString>
            <extrude>1</extrude>
            <tessellate>0</tessellate>
            <altitudeMode>absolute</altitudeMode>
            <coordinates>51.455003547,25.486313333,13.285 51.454984288,25.486279197,13.282 </coordinates>
          </LineString>
        </Placemark>
        <Placemark>
          <name><![CDATA[<span style="color:#0031e6">trkpt 732</span>]]></name>
          <Style>
            <LineStyle>
              <color>ffe63100</color>
              <width>4</width>
            </LineStyle>
            <PolyStyle>
              <color>cce63100</color>
            </PolyStyle>
          </Style>
          <LineString>
            <extrude>1</extrude>
            <tessellate>0</tessellate>
            <altitudeMode>absolute</altitudeMode>
            <coordinates>51.454984288,25.486279197,13.282 51.4549648,25.486244843,13.265 </coordinates>
          </LineString>
        </Placemark>
        <Placemark>
          <name><![CDATA[<span style="color:#0033e6">trkpt 733</span>]]></name>
          <Style>
            <LineStyle>
              <color>ffe63300</color>
              <width>4</width>
            </LineStyle>
            <PolyStyle>
              <color>cce63300</color>
            </PolyStyle>
          </Style>
          <LineString>
            <extrude>1</extrude>
            <tessellate>0</tessellate>
            <altitudeMode>absolute</altitudeMode>
            <coordinates>51.4549648,25.486244843,13.265 51.454945372,25.486210375,13.249 </coordinates>
          </LineString>
        </Placemark>
        <Placemark>
          <name><![CDATA[<span style="color:#0035e6">trkpt 734</span>]]></name>
          <Style>
            <LineStyle>
              <color>ffe63500</color>
              <width>4</width>
            </LineStyle>
            <PolyStyle>
              <color>cce63500</color>
            </PolyStyle>
          </Style>
          <LineString>
            <extrude>1</extrude>
            <tessellate>0</tessellate>
            <altitudeMode>absolute</altitudeMode>
            <coordinates>51.454945372,25.486210375,13.249 51.454925703,25.48617559,13.233 </coordinates>
          </LineString>
        </Placemark>
        <Placemark>
          <name><![CDATA[<span style="color:#0038e6">trkpt 735</span>]]></name>
          <Style>
            <LineStyle>
              <color>ffe63800</color>
              <width>4</width>
            </LineStyle>
            <PolyStyle>
              <color>cce63800</color>
            </PolyStyle>
          </Style>
          <LineString>
            <extrude>1</extrude>
            <tessellate>0</tessellate>
            <altitudeMode>absolute</altitudeMode>
            <coordinates>51.454925703,25.48617559,13.233 51.45490587,25.486140675,13.216 </coordinates>
          </LineString>
        </Placemark>
        <Placemark>
          <name><![CDATA[<span style="color:#003ae6">trkpt 736</span>]]></name>
          <Style>
            <LineStyle>
              <color>ffe63a00</color>
              <width>4</width>
            </LineStyle>
            <PolyStyle>
              <color>cce63a00</color>
            </PolyStyle>
          </Style>
          <LineString>
            <extrude>1</extrude>
            <tessellate>0</tessellate>
            <altitudeMode>absolute</altitudeMode>
            <coordinates>51.45490587,25.486140675,13.216 51.454885975,25.486105527,13.199 </coordinates>
          </LineString>
        </Placemark>
        <Placemark>
          <name><![CDATA[<span style="color:#003ce6">trkpt 737</span>]]></name>
          <Style>
            <LineStyle>
              <color>ffe63c00</color>
              <width>4</width>
            </LineStyle>
            <PolyStyle>
              <color>cce63c00</color>
            </PolyStyle>
          </Style>
          <LineString>
            <extrude>1</extrude>
            <tessellate>0</tessellate>
            <altitudeMode>absolute</altitudeMode>
            <coordinates>51.454885975,25.486105527,13.199 51.454865887,25.486070263,13.181 </coordinates>
          </LineString>
        </Placemark>
        <Placemark>
          <name><![CDATA[<span style="color:#003fe6">trkpt 738</span>]]></name>
          <Style>
            <LineStyle>
              <color>ffe63f00</color>
              <width>4</width>
            </LineStyle>
            <PolyStyle>
              <color>cce63f00</color>
            </PolyStyle>
          </Style>
          <LineString>
            <extrude>1</extrude>
            <tessellate>0</tessellate>
            <altitudeMode>absolute</altitudeMode>
            <coordinates>51.454865887,25.486070263,13.181 51.454845635,25.48603476,13.163 </coordinates>
          </LineString>
        </Placemark>
        <Placemark>
          <name><![CDATA[<span style="color:#0041e6">trkpt 739</span>]]></name>
          <Style>
            <LineStyle>
              <color>ffe64100</color>
              <width>4</width>
            </LineStyle>
            <PolyStyle>
              <color>cce64100</color>
            </PolyStyle>
          </Style>
          <LineString>
            <extrude>1</extrude>
            <tessellate>0</tessellate>
            <altitudeMode>absolute</altitudeMode>
            <coordinates>51.454845635,25.48603476,13.163 51.454825212,25.48599913,13.145 </coordinates>
          </LineString>
        </Placemark>
        <Placemark>
          <name><![CDATA[<span style="color:#0043e6">trkpt 740</span>]]></name>
          <Style>
            <LineStyle>
              <color>ffe64300</color>
              <width>4</width>
            </LineStyle>
            <PolyStyle>
              <color>cce64300</color>
            </PolyStyle>
          </Style>
          <LineString>
            <extrude>1</extrude>
            <tessellate>0</tessellate>
            <altitudeMode>absolute</altitudeMode>
            <coordinates>51.454825212,25.48599913,13.145 51.45480476,25.485963413,13.126 </coordinates>
          </LineString>
        </Placemark>
        <Placemark>
          <name><![CDATA[<span style="color:#0045e6">trkpt 741</span>]]></name>
          <Style>
            <LineStyle>
              <color>ffe64500</color>
              <width>4</width>
            </LineStyle>
            <PolyStyle>
              <color>cce64500</color>
            </PolyStyle>
          </Style>
          <LineString>
            <extrude>1</extrude>
            <tessellate>0</tessellate>
            <altitudeMode>absolute</altitudeMode>
            <coordinates>51.45480476,25.485963413,13.126 51.454784027,25.48592722,13.107 </coordinates>
          </LineString>
        </Placemark>
        <Placemark>
          <name><![CDATA[<span style="color:#0048e6">trkpt 742</span>]]></name>
          <Style>
            <LineStyle>
              <color>ffe64800</color>
              <width>4</width>
            </LineStyle>
            <PolyStyle>
              <color>cce64800</color>
            </PolyStyle>
          </Style>
          <LineString>
            <extrude>1</extrude>
            <tessellate>0</tessellate>
            <altitudeMode>absolute</altitudeMode>
            <coordinates>51.454784027,25.48592722,13.107 51.454763285,25.48589087,13.089 </coordinates>
          </LineString>
        </Placemark>
        <Placemark>
          <name><![CDATA[<span style="color:#004ce6">trkpt 743</span>]]></name>
          <Style>
            <LineStyle>
              <color>ffe64c00</color>
              <width>4</width>
            </LineStyle>
            <PolyStyle>
              <color>cce64c00</color>
            </PolyStyle>
          </Style>
          <LineString>
            <extrude>1</extrude>
            <tessellate>0</tessellate>
            <altitudeMode>absolute</altitudeMode>
            <coordinates>51.454763285,25.48589087,13.089 51.454742545,25.48585456,13.07 </coordinates>
          </LineString>
        </Placemark>
        <Placemark>
          <name><![CDATA[<span style="color:#004fe6">trkpt 744</span>]]></name>
          <Style>
            <LineStyle>
              <color>ffe64f00</color>
              <width>4</width>
            </LineStyle>
            <PolyStyle>
              <color>cce64f00</color>
            </PolyStyle>
          </Style>
          <LineString>
            <extrude>1</extrude>
            <tessellate>0</tessellate>
            <altitudeMode>absolute</altitudeMode>
            <coordinates>51.454742545,25.48585456,13.07 51.454721707,25.485817898,13 </coordinates>
          </LineString>
        </Placemark>
        <Placemark>
          <name><![CDATA[<span style="color:#0058e6">trkpt 745</span>]]></name>
          <Style>
            <LineStyle>
              <color>ffe65800</color>
              <width>4</width>
            </LineStyle>
            <PolyStyle>
              <color>cce65800</color>
            </PolyStyle>
          </Style>
          <LineString>
            <extrude>1</extrude>
            <tessellate>0</tessellate>
            <altitudeMode>absolute</altitudeMode>
            <coordinates>51.454721707,25.485817898,13 51.45470087,25.485780997,13 </coordinates>
          </LineString>
        </Placemark>
        <Placemark>
          <name><![CDATA[<span style="color:#0058e6">trkpt 746</span>]]></name>
          <Style>
            <LineStyle>
              <color>ffe65800</color>
              <width>4</width>
            </LineStyle>
            <PolyStyle>
              <color>cce65800</color>
            </PolyStyle>
          </Style>
          <LineString>
            <extrude>1</extrude>
            <tessellate>0</tessellate>
            <altitudeMode>absolute</altitudeMode>
            <coordinates>51.45470087,25.485780997,13 51.454679973,25.485743895,13 </coordinates>
          </LineString>
        </Placemark>
        <Placemark>
          <name><![CDATA[<span style="color:#0058e6">trkpt 747</span>]]></name>
          <Style>
            <LineStyle>
              <color>ffe65800</color>
              <width>4</width>
            </LineStyle>
            <PolyStyle>
              <color>cce65800</color>
            </PolyStyle>
          </Style>
          <LineString>
            <extrude>1</extrude>
            <tessellate>0</tessellate>
            <altitudeMode>absolute</altitudeMode>
            <coordinates>51.454679973,25.485743895,13 51.454659145,25.485706787,13 </coordinates>
          </LineString>
        </Placemark>
        <Placemark>
          <name><![CDATA[<span style="color:#0058e6">trkpt 748</span>]]></name>
          <Style>
            <LineStyle>
              <color>ffe65800</color>
              <width>4</width>
            </LineStyle>
            <PolyStyle>
              <color>cce65800</color>
            </PolyStyle>
          </Style>
          <LineString>
            <extrude>1</extrude>
            <tessellate>0</tessellate>
            <altitudeMode>absolute</altitudeMode>
            <coordinates>51.454659145,25.485706787,13 51.454638245,25.485669402,13 </coordinates>
          </LineString>
        </Placemark>
        <Placemark>
          <name><![CDATA[<span style="color:#0058e6">trkpt 749</span>]]></name>
          <Style>
            <LineStyle>
              <color>ffe65800</color>
              <width>4</width>
            </LineStyle>
            <PolyStyle>
              <color>cce65800</color>
            </PolyStyle>
          </Style>
          <LineString>
            <extrude>1</extrude>
            <tessellate>0</tessellate>
            <altitudeMode>absolute</altitudeMode>
            <coordinates>51.454638245,25.485669402,13 51.454617275,25.485632,13 </coordinates>
          </LineString>
        </Placemark>
        <Placemark>
          <name><![CDATA[<span style="color:#0058e6">trkpt 750</span>]]></name>
          <Style>
            <LineStyle>
              <color>ffe65800</color>
              <width>4</width>
            </LineStyle>
            <PolyStyle>
              <color>cce65800</color>
            </PolyStyle>
          </Style>
          <LineString>
            <extrude>1</extrude>
            <tessellate>0</tessellate>
            <altitudeMode>absolute</altitudeMode>
            <coordinates>51.454617275,25.485632,13 51.45459633,25.485594472,13 </coordinates>
          </LineString>
        </Placemark>
        <Placemark>
          <name><![CDATA[<span style="color:#0058e6">trkpt 751</span>]]></name>
          <Style>
            <LineStyle>
              <color>ffe65800</color>
              <width>4</width>
            </LineStyle>
            <PolyStyle>
              <color>cce65800</color>
            </PolyStyle>
          </Style>
          <LineString>
            <extrude>1</extrude>
            <tessellate>0</tessellate>
            <altitudeMode>absolute</altitudeMode>
            <coordinates>51.45459633,25.485594472,13 51.454575307,25.485556788,13 </coordinates>
          </LineString>
        </Placemark>
        <Placemark>
          <name><![CDATA[<span style="color:#0058e6">trkpt 752</span>]]></name>
          <Style>
            <LineStyle>
              <color>ffe65800</color>
              <width>4</width>
            </LineStyle>
            <PolyStyle>
              <color>cce65800</color>
            </PolyStyle>
          </Style>
          <LineString>
            <extrude>1</extrude>
            <tessellate>0</tessellate>
            <altitudeMode>absolute</altitudeMode>
            <coordinates>51.454575307,25.485556788,13 51.454554317,25.485519,13.027 </coordinates>
          </LineString>
        </Placemark>
        <Placemark>
          <name><![CDATA[<span style="color:#0053e6">trkpt 753</span>]]></name>
          <Style>
            <LineStyle>
              <color>ffe65300</color>
              <width>4</width>
            </LineStyle>
            <PolyStyle>
              <color>cce65300</color>
            </PolyStyle>
          </Style>
          <LineString>
            <extrude>1</extrude>
            <tessellate>0</tessellate>
            <altitudeMode>absolute</altitudeMode>
            <coordinates>51.454554317,25.485519,13.027 51.45453334,25.485481043,13.097 </coordinates>
          </LineString>
        </Placemark>
        <Placemark>
          <name><![CDATA[<span style="color:#004ae6">trkpt 754</span>]]></name>
          <Style>
            <LineStyle>
              <color>ffe64a00</color>
              <width>4</width>
            </LineStyle>
            <PolyStyle>
              <color>cce64a00</color>
            </PolyStyle>
          </Style>
          <LineString>
            <extrude>1</extrude>
            <tessellate>0</tessellate>
            <altitudeMode>absolute</altitudeMode>
            <coordinates>51.45453334,25.485481043,13.097 51.454512322,25.485443055,13.207 </coordinates>
          </LineString>
        </Placemark>
        <Placemark>
          <name><![CDATA[<span style="color:#003ae6">trkpt 755</span>]]></name>
          <Style>
            <LineStyle>
              <color>ffe63a00</color>
              <width>4</width>
            </LineStyle>
            <PolyStyle>
              <color>cce63a00</color>
            </PolyStyle>
          </Style>
          <LineString>
            <extrude>1</extrude>
            <tessellate>0</tessellate>
            <altitudeMode>absolute</altitudeMode>
            <coordinates>51.454512322,25.485443055,13.207 51.454491287,25.485404865,13.36 </coordinates>
          </LineString>
        </Placemark>
        <Placemark>
          <name><![CDATA[<span style="color:#0025e6">trkpt 756</span>]]></name>
          <Style>
            <LineStyle>
              <color>ffe62500</color>
              <width>4</width>
            </LineStyle>
            <PolyStyle>
              <color>cce62500</color>
            </PolyStyle>
          </Style>
          <LineString>
            <extrude>1</extrude>
            <tessellate>0</tessellate>
            <altitudeMode>absolute</altitudeMode>
            <coordinates>51.454491287,25.485404865,13.36 51.45447021,25.485366668,13.554 </coordinates>
          </LineString>
        </Placemark>
        <Placemark>
          <name><![CDATA[<span style="color:#000ae6">trkpt 757</span>]]></name>
          <Style>
            <LineStyle>
              <color>ffe60a00</color>
              <width>4</width>
            </LineStyle>
            <PolyStyle>
              <color>cce60a00</color>
            </PolyStyle>
          </Style>
          <LineString>
            <extrude>1</extrude>
            <tessellate>0</tessellate>
            <altitudeMode>absolute</altitudeMode>
            <coordinates>51.45447021,25.485366668,13.554 51.454449018,25.48532841,13.791 </coordinates>
          </LineString>
        </Placemark>
        <Placemark>
          <name><![CDATA[<span style="color:#1900e6">trkpt 758</span>]]></name>
          <Style>
            <LineStyle>
              <color>ffe60019</color>
              <width>4</width>
            </LineStyle>
            <PolyStyle>
              <color>cce60019</color>
            </PolyStyle>
          </Style>
          <LineString>
            <extrude>1</extrude>
            <tessellate>0</tessellate>
            <altitudeMode>absolute</altitudeMode>
            <coordinates>51.454449018,25.48532841,13.791 51.454427913,25.485289907,14.073 </coordinates>
          </LineString>
        </Placemark>
        <Placemark>
          <name><![CDATA[<span style="color:#4200e6">trkpt 759</span>]]></name>
          <Style>
            <LineStyle>
              <color>ffe60042</color>
              <width>4</width>
            </LineStyle>
            <PolyStyle>
              <color>cce60042</color>
            </PolyStyle>
          </Style>
          <LineString>
            <extrude>1</extrude>
            <tessellate>0</tessellate>
            <altitudeMode>absolute</altitudeMode>
            <coordinates>51.454427913,25.485289907,14.073 51.454406622,25.485251532,14.259 </coordinates>
          </LineString>
        </Placemark>
        <Placemark>
          <name><![CDATA[<span style="color:#5c00e6">trkpt 760</span>]]></name>
          <Style>
            <LineStyle>
              <color>ffe6005c</color>
              <width>4</width>
            </LineStyle>
            <PolyStyle>
              <color>cce6005c</color>
            </PolyStyle>
          </Style>
          <LineString>
            <extrude>1</extrude>
            <tessellate>0</tessellate>
            <altitudeMode>absolute</altitudeMode>
            <coordinates>51.454406622,25.485251532,14.259 51.454385393,25.485213077,14.376 </coordinates>
          </LineString>
        </Placemark>
        <Placemark>
          <name><![CDATA[<span style="color:#6c00e6">trkpt 761</span>]]></name>
          <Style>
            <LineStyle>
              <color>ffe6006c</color>
              <width>4</width>
            </LineStyle>
            <PolyStyle>
              <color>cce6006c</color>
            </PolyStyle>
          </Style>
          <LineString>
            <extrude>1</extrude>
            <tessellate>0</tessellate>
            <altitudeMode>absolute</altitudeMode>
            <coordinates>51.454385393,25.485213077,14.376 51.454363942,25.48517453,14.472 </coordinates>
          </LineString>
        </Placemark>
        <Placemark>
          <name><![CDATA[<span style="color:#7900e6">trkpt 762</span>]]></name>
          <Style>
            <LineStyle>
              <color>ffe60079</color>
              <width>4</width>
            </LineStyle>
            <PolyStyle>
              <color>cce60079</color>
            </PolyStyle>
          </Style>
          <LineString>
            <extrude>1</extrude>
            <tessellate>0</tessellate>
            <altitudeMode>absolute</altitudeMode>
            <coordinates>51.454363942,25.48517453,14.472 51.454342445,25.485136052,14.547 </coordinates>
          </LineString>
        </Placemark>
        <Placemark>
          <name><![CDATA[<span style="color:#8500e6">trkpt 763</span>]]></name>
          <Style>
            <LineStyle>
              <color>ffe60085</color>
              <width>4</width>
            </LineStyle>
            <PolyStyle>
              <color>cce60085</color>
            </PolyStyle>
          </Style>
          <LineString>
            <extrude>1</extrude>
            <tessellate>0</tessellate>
            <altitudeMode>absolute</altitudeMode>
            <coordinates>51.454342445,25.485136052,14.547 51.454320883,25.485097462,14.601 </coordinates>
          </LineString>
        </Placemark>
        <Placemark>
          <name><![CDATA[<span style="color:#8c00e6">trkpt 764</span>]]></name>
          <Style>
            <LineStyle>
              <color>ffe6008c</color>
              <width>4</width>
            </LineStyle>
            <PolyStyle>
              <color>cce6008c</color>
            </PolyStyle>
          </Style>
          <LineString>
            <extrude>1</extrude>
            <tessellate>0</tessellate>
            <altitudeMode>absolute</altitudeMode>
            <coordinates>51.454320883,25.485097462,14.601 51.454299302,25.485058935,14.633 </coordinates>
          </LineString>
        </Placemark>
        <Placemark>
          <name><![CDATA[<span style="color:#9000e6">trkpt 765</span>]]></name>
          <Style>
            <LineStyle>
              <color>ffe60090</color>
              <width>4</width>
            </LineStyle>
            <PolyStyle>
              <color>cce60090</color>
            </PolyStyle>
          </Style>
          <LineString>
            <extrude>1</extrude>
            <tessellate>0</tessellate>
            <altitudeMode>absolute</altitudeMode>
            <coordinates>51.454299302,25.485058935,14.633 51.454277945,25.485020637,14.644 </coordinates>
          </LineString>
        </Placemark>
        <Placemark>
          <name><![CDATA[<span style="color:#9300e6">trkpt 766</span>]]></name>
          <Style>
            <LineStyle>
              <color>ffe60093</color>
              <width>4</width>
            </LineStyle>
            <PolyStyle>
              <color>cce60093</color>
            </PolyStyle>
          </Style>
          <LineString>
            <extrude>1</extrude>
            <tessellate>0</tessellate>
            <altitudeMode>absolute</altitudeMode>
            <coordinates>51.454277945,25.485020637,14.644 51.454256465,25.484982252,14.633 </coordinates>
          </LineString>
        </Placemark>
        <Placemark>
          <name><![CDATA[<span style="color:#9000e6">trkpt 767</span>]]></name>
          <Style>
            <LineStyle>
              <color>ffe60090</color>
              <width>4</width>
            </LineStyle>
            <PolyStyle>
              <color>cce60090</color>
            </PolyStyle>
          </Style>
          <LineString>
            <extrude>1</extrude>
            <tessellate>0</tessellate>
            <altitudeMode>absolute</altitudeMode>
            <coordinates>51.454256465,25.484982252,14.633 51.454235163,25.484944197,14.602 </coordinates>
          </LineString>
        </Placemark>
        <Placemark>
          <name><![CDATA[<span style="color:#8c00e6">trkpt 768</span>]]></name>
          <Style>
            <LineStyle>
              <color>ffe6008c</color>
              <width>4</width>
            </LineStyle>
            <PolyStyle>
              <color>cce6008c</color>
            </PolyStyle>
          </Style>
          <LineString>
            <extrude>1</extrude>
            <tessellate>0</tessellate>
            <altitudeMode>absolute</altitudeMode>
            <coordinates>51.454235163,25.484944197,14.602 51.454213877,25.484906072,14.549 </coordinates>
          </LineString>
        </Placemark>
        <Placemark>
          <name><![CDATA[<span style="color:#8500e6">trkpt 769</span>]]></name>
          <Style>
            <LineStyle>
              <color>ffe60085</color>
              <width>4</width>
            </LineStyle>
            <PolyStyle>
              <color>cce60085</color>
            </PolyStyle>
          </Style>
          <LineString>
            <extrude>1</extrude>
            <tessellate>0</tessellate>
            <altitudeMode>absolute</altitudeMode>
            <coordinates>51.454213877,25.484906072,14.549 51.454192678,25.484868105,14.476 </coordinates>
          </LineString>
        </Placemark>
        <Placemark>
          <name><![CDATA[<span style="color:#7c00e6">trkpt 770</span>]]></name>
          <Style>
            <LineStyle>
              <color>ffe6007c</color>
              <width>4</width>
            </LineStyle>
            <PolyStyle>
              <color>cce6007c</color>
            </PolyStyle>
          </Style>
          <LineString>
            <extrude>1</extrude>
            <tessellate>0</tessellate>
            <altitudeMode>absolute</altitudeMode>
            <coordinates>51.454192678,25.484868105,14.476 51.454171435,25.48483028,14.382 </coordinates>
          </LineString>
        </Placemark>
        <Placemark>
          <name><![CDATA[<span style="color:#6e00e6">trkpt 771</span>]]></name>
          <Style>
            <LineStyle>
              <color>ffe6006e</color>
              <width>4</width>
            </LineStyle>
            <PolyStyle>
              <color>cce6006e</color>
            </PolyStyle>
          </Style>
          <LineString>
            <extrude>1</extrude>
            <tessellate>0</tessellate>
            <altitudeMode>absolute</altitudeMode>
            <coordinates>51.454171435,25.48483028,14.382 51.454150417,25.484792627,14.253 </coordinates>
          </LineString>
        </Placemark>
        <Placemark>
          <name><![CDATA[<span style="color:#5c00e6">trkpt 772</span>]]></name>
          <Style>
            <LineStyle>
              <color>ffe6005c</color>
              <width>4</width>
            </LineStyle>
            <PolyStyle>
              <color>cce6005c</color>
            </PolyStyle>
          </Style>
          <LineString>
            <extrude>1</extrude>
            <tessellate>0</tessellate>
            <altitudeMode>absolute</altitudeMode>
            <coordinates>51.454150417,25.484792627,14.253 51.454129432,25.484755157,14.119 </coordinates>
          </LineString>
        </Placemark>
        <Placemark>
          <name><![CDATA[<span style="color:#4700e6">trkpt 773</span>]]></name>
          <Style>
            <LineStyle>
              <color>ffe60047</color>
              <width>4</width>
            </LineStyle>
            <PolyStyle>
              <color>cce60047</color>
            </PolyStyle>
          </Style>
          <LineString>
            <extrude>1</extrude>
            <tessellate>0</tessellate>
            <altitudeMode>absolute</altitudeMode>
            <coordinates>51.454129432,25.484755157,14.119 51.45410847,25.484717958,13.981 </coordinates>
          </LineString>
        </Placemark>
        <Placemark>
          <name><![CDATA[<span style="color:#3400e6">trkpt 774</span>]]></name>
          <Style>
            <LineStyle>
              <color>ffe60034</color>
              <width>4</width>
            </LineStyle>
            <PolyStyle>
              <color>cce60034</color>
            </PolyStyle>
          </Style>
          <LineString>
            <extrude>1</extrude>
            <tessellate>0</tessellate>
            <altitudeMode>absolute</altitudeMode>
            <coordinates>51.45410847,25.484717958,13.981 51.454087707,25.484681043,13.81 </coordinates>
          </LineString>
        </Placemark>
        <Placemark>
          <name><![CDATA[<span style="color:#1b00e6">trkpt 775</span>]]></name>
          <Style>
            <LineStyle>
              <color>ffe6001b</color>
              <width>4</width>
            </LineStyle>
            <PolyStyle>
              <color>cce6001b</color>
            </PolyStyle>
          </Style>
          <LineString>
            <extrude>1</extrude>
            <tessellate>0</tessellate>
            <altitudeMode>absolute</altitudeMode>
            <coordinates>51.454087707,25.484681043,13.81 51.454067013,25.484644498,13.62 </coordinates>
          </LineString>
        </Placemark>
        <Placemark>
          <name><![CDATA[<span style="color:#0000e6">trkpt 776</span>]]></name>
          <Style>
            <LineStyle>
              <color>ffe60000</color>
              <width>4</width>
            </LineStyle>
            <PolyStyle>
              <color>cce60000</color>
            </PolyStyle>
          </Style>
          <LineString>
            <extrude>1</extrude>
            <tessellate>0</tessellate>
            <altitudeMode>absolute</altitudeMode>
            <coordinates>51.454067013,25.484644498,13.62 51.454046548,25.48460854,13.414 </coordinates>
          </LineString>
        </Placemark>
        <Placemark>
          <name><![CDATA[<span style="color:#001ce6">trkpt 777</span>]]></name>
          <Style>
            <LineStyle>
              <color>ffe61c00</color>
              <width>4</width>
            </LineStyle>
            <PolyStyle>
              <color>cce61c00</color>
            </PolyStyle>
          </Style>
          <LineString>
            <extrude>1</extrude>
            <tessellate>0</tessellate>
            <altitudeMode>absolute</altitudeMode>
            <coordinates>51.454046548,25.48460854,13.414 51.454026252,25.484573107,13.192 </coordinates>
          </LineString>
        </Placemark>
        <Placemark>
          <name><![CDATA[<span style="color:#003ce6">trkpt 778</span>]]></name>
          <Style>
            <LineStyle>
              <color>ffe63c00</color>
              <width>4</width>
            </LineStyle>
            <PolyStyle>
              <color>cce63c00</color>
            </PolyStyle>
          </Style>
          <LineString>
            <extrude>1</extrude>
            <tessellate>0</tessellate>
            <altitudeMode>absolute</altitudeMode>
            <coordinates>51.454026252,25.484573107,13.192 51.454006192,25.484538358,12.956 </coordinates>
          </LineString>
        </Placemark>
        <Placemark>
          <name><![CDATA[<span style="color:#005fe6">trkpt 779</span>]]></name>
          <Style>
            <LineStyle>
              <color>ffe65f00</color>
              <width>4</width>
            </LineStyle>
            <PolyStyle>
              <color>cce65f00</color>
            </PolyStyle>
          </Style>
          <LineString>
            <extrude>1</extrude>
            <tessellate>0</tessellate>
            <altitudeMode>absolute</altitudeMode>
            <coordinates>51.454006192,25.484538358,12.956 51.453986328,25.484504243,12.706 </coordinates>
          </LineString>
        </Placemark>
        <Placemark>
          <name><![CDATA[<span style="color:#0081e6">trkpt 780</span>]]></name>
          <Style>
            <LineStyle>
              <color>ffe68100</color>
              <width>4</width>
            </LineStyle>
            <PolyStyle>
              <color>cce68100</color>
            </PolyStyle>
          </Style>
          <LineString>
            <extrude>1</extrude>
            <tessellate>0</tessellate>
            <altitudeMode>absolute</altitudeMode>
            <coordinates>51.453986328,25.484504243,12.706 51.45396677,25.48447075,12.443 </coordinates>
          </LineString>
        </Placemark>
        <Placemark>
          <name><![CDATA[<span style="color:#00a8e6">trkpt 781</span>]]></name>
          <Style>
            <LineStyle>
              <color>ffe6a800</color>
              <width>4</width>
            </LineStyle>
            <PolyStyle>
              <color>cce6a800</color>
            </PolyStyle>
          </Style>
          <LineString>
            <extrude>1</extrude>
            <tessellate>0</tessellate>
            <altitudeMode>absolute</altitudeMode>
            <coordinates>51.45396677,25.48447075,12.443 51.453947478,25.484438035,12.165 </coordinates>
          </LineString>
        </Placemark>
        <Placemark>
          <name><![CDATA[<span style="color:#00cfe6">trkpt 782</span>]]></name>
          <Style>
            <LineStyle>
              <color>ffe6cf00</color>
              <width>4</width>
            </LineStyle>
            <PolyStyle>
              <color>cce6cf00</color>
            </PolyStyle>
          </Style>
          <LineString>
            <extrude>1</extrude>
            <tessellate>0</tessellate>
            <altitudeMode>absolute</altitudeMode>
            <coordinates>51.453947478,25.484438035,12.165 51.45392855,25.484406085,11.867 </coordinates>
          </LineString>
        </Placemark>
        <Placemark>
          <name><![CDATA[<span style="color:#00e6d2">trkpt 783</span>]]></name>
          <Style>
            <LineStyle>
              <color>ffd2e600</color>
              <width>4</width>
            </LineStyle>
            <PolyStyle>
              <color>ccd2e600</color>
            </PolyStyle>
          </Style>
          <LineString>
            <extrude>1</extrude>
            <tessellate>0</tessellate>
            <altitudeMode>absolute</altitudeMode>
            <coordinates>51.45392855,25.484406085,11.867 51.453909773,25.484374833,11.574 </coordinates>
          </LineString>
        </Placemark>
        <Placemark>
          <name><![CDATA[<span style="color:#00e6a6">trkpt 784</span>]]></name>
          <Style>
            <LineStyle>
              <color>ffa6e600</color>
              <width>4</width>
            </LineStyle>
            <PolyStyle>
              <color>cca6e600</color>
            </PolyStyle>
          </Style>
          <LineString>
            <extrude>1</extrude>
            <tessellate>0</tessellate>
            <altitudeMode>absolute</altitudeMode>
            <coordinates>51.453909773,25.484374833,11.574 51.453891302,25.484344243,11.287 </coordinates>
          </LineString>
        </Placemark>
        <Placemark>
          <name><![CDATA[<span style="color:#00e67f">trkpt 785</span>]]></name>
          <Style>
            <LineStyle>
              <color>ff7fe600</color>
              <width>4</width>
            </LineStyle>
            <PolyStyle>
              <color>cc7fe600</color>
            </PolyStyle>
          </Style>
          <LineString>
            <extrude>1</extrude>
            <tessellate>0</tessellate>
            <altitudeMode>absolute</altitudeMode>
            <coordinates>51.453891302,25.484344243,11.287 51.453873088,25.484314412,11.007 </coordinates>
          </LineString>
        </Placemark>
        <Placemark>
          <name><![CDATA[<span style="color:#00e656">trkpt 786</span>]]></name>
          <Style>
            <LineStyle>
              <color>ff56e600</color>
              <width>4</width>
            </LineStyle>
            <PolyStyle>
              <color>cc56e600</color>
            </PolyStyle>
          </Style>
          <LineString>
            <extrude>1</extrude>
            <tessellate>0</tessellate>
            <altitudeMode>absolute</altitudeMode>
            <coordinates>51.453873088,25.484314412,11.007 51.453854977,25.484285278,10.732 </coordinates>
          </LineString>
        </Placemark>
        <Placemark>
          <name><![CDATA[<span style="color:#00e62f">trkpt 787</span>]]></name>
          <Style>
            <LineStyle>
              <color>ff2fe600</color>
              <width>4</width>
            </LineStyle>
            <PolyStyle>
              <color>cc2fe600</color>
            </PolyStyle>
          </Style>
          <LineString>
            <extrude>1</extrude>
            <tessellate>0</tessellate>
            <altitudeMode>absolute</altitudeMode>
            <coordinates>51.453854977,25.484285278,10.732 51.453836697,25.484257003,10.463 </coordinates>
          </LineString>
        </Placemark>
        <Placemark>
          <name><![CDATA[<span style="color:#00e608">trkpt 788</span>]]></name>
          <Style>
            <LineStyle>
              <color>ff08e600</color>
              <width>4</width>
            </LineStyle>
            <PolyStyle>
              <color>cc08e600</color>
            </PolyStyle>
          </Style>
          <LineString>
            <extrude>1</extrude>
            <tessellate>0</tessellate>
            <altitudeMode>absolute</altitudeMode>
            <coordinates>51.453836697,25.484257003,10.463 51.453818198,25.48422941,10.197 </coordinates>
          </LineString>
        </Placemark>
        <Placemark>
          <name><![CDATA[<span style="color:#1de600">trkpt 789</span>]]></name>
          <Style>
            <LineStyle>
              <color>ff00e61d</color>
              <width>4</width>
            </LineStyle>
            <PolyStyle>
              <color>cc00e61d</color>
            </PolyStyle>
          </Style>
          <LineString>
            <extrude>1</extrude>
            <tessellate>0</tessellate>
            <altitudeMode>absolute</altitudeMode>
            <coordinates>51.453818198,25.48422941,10.197 51.453799398,25.484202672,9.937 </coordinates>
          </LineString>
        </Placemark>
        <Placemark>
          <name><![CDATA[<span style="color:#42e600">trkpt 790</span>]]></name>
          <Style>
            <LineStyle>
              <color>ff00e642</color>
              <width>4</width>
            </LineStyle>
            <PolyStyle>
              <color>cc00e642</color>
            </PolyStyle>
          </Style>
          <LineString>
            <extrude>1</extrude>
            <tessellate>0</tessellate>
            <altitudeMode>absolute</altitudeMode>
            <coordinates>51.453799398,25.484202672,9.937 51.453780083,25.48417692,9.682 </coordinates>
          </LineString>
        </Placemark>
        <Placemark>
          <name><![CDATA[<span style="color:#67e600">trkpt 791</span>]]></name>
          <Style>
            <LineStyle>
              <color>ff00e667</color>
              <width>4</width>
            </LineStyle>
            <PolyStyle>
              <color>cc00e667</color>
            </PolyStyle>
          </Style>
          <LineString>
            <extrude>1</extrude>
            <tessellate>0</tessellate>
            <altitudeMode>absolute</altitudeMode>
            <coordinates>51.453780083,25.48417692,9.682 51.453760137,25.484152053,9.48 </coordinates>
          </LineString>
        </Placemark>
        <Placemark>
          <name><![CDATA[<span style="color:#84e600">trkpt 792</span>]]></name>
          <Style>
            <LineStyle>
              <color>ff00e684</color>
              <width>4</width>
            </LineStyle>
            <PolyStyle>
              <color>cc00e684</color>
            </PolyStyle>
          </Style>
          <LineString>
            <extrude>1</extrude>
            <tessellate>0</tessellate>
            <altitudeMode>absolute</altitudeMode>
            <coordinates>51.453760137,25.484152053,9.48 51.453739593,25.484128037,9.334 </coordinates>
          </LineString>
        </Placemark>
        <Placemark>
          <name><![CDATA[<span style="color:#99e600">trkpt 793</span>]]></name>
          <Style>
            <LineStyle>
              <color>ff00e699</color>
              <width>4</width>
            </LineStyle>
            <PolyStyle>
              <color>cc00e699</color>
            </PolyStyle>
          </Style>
          <LineString>
            <extrude>1</extrude>
            <tessellate>0</tessellate>
            <altitudeMode>absolute</altitudeMode>
            <coordinates>51.453739593,25.484128037,9.334 51.453718355,25.48410484,9.214 </coordinates>
          </LineString>
        </Placemark>
        <Placemark>
          <name><![CDATA[<span style="color:#a9e600">trkpt 794</span>]]></name>
          <Style>
            <LineStyle>
              <color>ff00e6a9</color>
              <width>4</width>
            </LineStyle>
            <PolyStyle>
              <color>cc00e6a9</color>
            </PolyStyle>
          </Style>
          <LineString>
            <extrude>1</extrude>
            <tessellate>0</tessellate>
            <altitudeMode>absolute</altitudeMode>
            <coordinates>51.453718355,25.48410484,9.214 51.453696343,25.48408254,9.121 </coordinates>
          </LineString>
        </Placemark>
        <Placemark>
          <name><![CDATA[<span style="color:#b7e600">trkpt 795</span>]]></name>
          <Style>
            <LineStyle>
              <color>ff00e6b7</color>
              <width>4</width>
            </LineStyle>
            <PolyStyle>
              <color>cc00e6b7</color>
            </PolyStyle>
          </Style>
          <LineString>
            <extrude>1</extrude>
            <tessellate>0</tessellate>
            <altitudeMode>absolute</altitudeMode>
            <coordinates>51.453696343,25.48408254,9.121 51.453673198,25.484061512,9.054 </coordinates>
          </LineString>
        </Placemark>
        <Placemark>
          <name><![CDATA[<span style="color:#c0e600">trkpt 796</span>]]></name>
          <Style>
            <LineStyle>
              <color>ff00e6c0</color>
              <width>4</width>
            </LineStyle>
            <PolyStyle>
              <color>cc00e6c0</color>
            </PolyStyle>
          </Style>
          <LineString>
            <extrude>1</extrude>
            <tessellate>0</tessellate>
            <altitudeMode>absolute</altitudeMode>
            <coordinates>51.453673198,25.484061512,9.054 51.453649443,25.484041395,9.014 </coordinates>
          </LineString>
        </Placemark>
        <Placemark>
          <name><![CDATA[<span style="color:#c7e600">trkpt 797</span>]]></name>
          <Style>
            <LineStyle>
              <color>ff00e6c7</color>
              <width>4</width>
            </LineStyle>
            <PolyStyle>
              <color>cc00e6c7</color>
            </PolyStyle>
          </Style>
          <LineString>
            <extrude>1</extrude>
            <tessellate>0</tessellate>
            <altitudeMode>absolute</altitudeMode>
            <coordinates>51.453649443,25.484041395,9.014 51.45362463,25.484022687,8.998 </coordinates>
          </LineString>
        </Placemark>
        <Placemark>
          <name><![CDATA[<span style="color:#c9e600">trkpt 798</span>]]></name>
          <Style>
            <LineStyle>
              <color>ff00e6c9</color>
              <width>4</width>
            </LineStyle>
            <PolyStyle>
              <color>cc00e6c9</color>
            </PolyStyle>
          </Style>
          <LineString>
            <extrude>1</extrude>
            <tessellate>0</tessellate>
            <altitudeMode>absolute</altitudeMode>
            <coordinates>51.45362463,25.484022687,8.998 51.45359919,25.484005353,9.061 </coordinates>
          </LineString>
        </Placemark>
        <Placemark>
          <name><![CDATA[<span style="color:#c0e600">trkpt 799</span>]]></name>
          <Style>
            <LineStyle>
              <color>ff00e6c0</color>
              <width>4</width>
            </LineStyle>
            <PolyStyle>
              <color>cc00e6c0</color>
            </PolyStyle>
          </Style>
          <LineString>
            <extrude>1</extrude>
            <tessellate>0</tessellate>
            <altitudeMode>absolute</altitudeMode>
            <coordinates>51.45359919,25.484005353,9.061 51.453573127,25.483989218,9.186 </coordinates>
          </LineString>
        </Placemark>
        <Placemark>
          <name><![CDATA[<span style="color:#aee600">trkpt 800</span>]]></name>
          <Style>
            <LineStyle>
              <color>ff00e6ae</color>
              <width>4</width>
            </LineStyle>
            <PolyStyle>
              <color>cc00e6ae</color>
            </PolyStyle>
          </Style>
          <LineString>
            <extrude>1</extrude>
            <tessellate>0</tessellate>
            <altitudeMode>absolute</altitudeMode>
            <coordinates>51.453573127,25.483989218,9.186 51.453546337,25.483974623,9.305 </coordinates>
          </LineString>
        </Placemark>
        <Placemark>
          <name><![CDATA[<span style="color:#9ee600">trkpt 801</span>]]></name>
          <Style>
            <LineStyle>
              <color>ff00e69e</color>
              <width>4</width>
            </LineStyle>
            <PolyStyle>
              <color>cc00e69e</color>
            </PolyStyle>
          </Style>
          <LineString>
            <extrude>1</extrude>
            <tessellate>0</tessellate>
            <altitudeMode>absolute</altitudeMode>
            <coordinates>51.453546337,25.483974623,9.305 51.453519013,25.483961415,9.418 </coordinates>
          </LineString>
        </Placemark>
        <Placemark>
          <name><![CDATA[<span style="color:#8ee600">trkpt 802</span>]]></name>
          <Style>
            <LineStyle>
              <color>ff00e68e</color>
              <width>4</width>
            </LineStyle>
            <PolyStyle>
              <color>cc00e68e</color>
            </PolyStyle>
          </Style>
          <LineString>
            <extrude>1</extrude>
            <tessellate>0</tessellate>
            <altitudeMode>absolute</altitudeMode>
            <coordinates>51.453519013,25.483961415,9.418 51.45349082,25.483949783,9.528 </coordinates>
          </LineString>
        </Placemark>
        <Placemark>
          <name><![CDATA[<span style="color:#7ee600">trkpt 803</span>]]></name>
          <Style>
            <LineStyle>
              <color>ff00e67e</color>
              <width>4</width>
            </LineStyle>
            <PolyStyle>
              <color>cc00e67e</color>
            </PolyStyle>
          </Style>
          <LineString>
            <extrude>1</extrude>
            <tessellate>0</tessellate>
            <altitudeMode>absolute</altitudeMode>
            <coordinates>51.45349082,25.483949783,9.528 51.453462338,25.483939527,9.633 </coordinates>
          </LineString>
        </Placemark>
        <Placemark>
          <name><![CDATA[<span style="color:#6de600">trkpt 804</span>]]></name>
          <Style>
            <LineStyle>
              <color>ff00e66d</color>
              <width>4</width>
            </LineStyle>
            <PolyStyle>
              <color>cc00e66d</color>
            </PolyStyle>
          </Style>
          <LineString>
            <extrude>1</extrude>
            <tessellate>0</tessellate>
            <altitudeMode>absolute</altitudeMode>
            <coordinates>51.453462338,25.483939527,9.633 51.45343346,25.483930512,9.735 </coordinates>
          </LineString>
        </Placemark>
        <Placemark>
          <name><![CDATA[<span style="color:#60e600">trkpt 805</span>]]></name>
          <Style>
            <LineStyle>
              <color>ff00e660</color>
              <width>4</width>
            </LineStyle>
            <PolyStyle>
              <color>cc00e660</color>
            </PolyStyle>
          </Style>
          <LineString>
            <extrude>1</extrude>
            <tessellate>0</tessellate>
            <altitudeMode>absolute</altitudeMode>
            <coordinates>51.45343346,25.483930512,9.735 51.45340413,25.483923005,9.837 </coordinates>
          </LineString>
        </Placemark>
        <Placemark>
          <name><![CDATA[<span style="color:#52e600">trkpt 806</span>]]></name>
          <Style>
            <LineStyle>
              <color>ff00e652</color>
              <width>4</width>
            </LineStyle>
            <PolyStyle>
              <color>cc00e652</color>
            </PolyStyle>
          </Style>
          <LineString>
            <extrude>1</extrude>
            <tessellate>0</tessellate>
            <altitudeMode>absolute</altitudeMode>
            <coordinates>51.45340413,25.483923005,9.837 51.45337467,25.483916912,9.937 </coordinates>
          </LineString>
        </Placemark>
        <Placemark>
          <name><![CDATA[<span style="color:#42e600">trkpt 807</span>]]></name>
          <Style>
            <LineStyle>
              <color>ff00e642</color>
              <width>4</width>
            </LineStyle>
            <PolyStyle>
              <color>cc00e642</color>
            </PolyStyle>
          </Style>
          <LineString>
            <extrude>1</extrude>
            <tessellate>0</tessellate>
            <altitudeMode>absolute</altitudeMode>
            <coordinates>51.45337467,25.483916912,9.937 51.453344938,25.483912328,10.039 </coordinates>
          </LineString>
        </Placemark>
        <Placemark>
          <name><![CDATA[<span style="color:#34e600">trkpt 808</span>]]></name>
          <Style>
            <LineStyle>
              <color>ff00e634</color>
              <width>4</width>
            </LineStyle>
            <PolyStyle>
              <color>cc00e634</color>
            </PolyStyle>
          </Style>
          <LineString>
            <extrude>1</extrude>
            <tessellate>0</tessellate>
            <altitudeMode>absolute</altitudeMode>
            <coordinates>51.453344938,25.483912328,10.039 51.45331514,25.483909165,10.199 </coordinates>
          </LineString>
        </Placemark>
        <Placemark>
          <name><![CDATA[<span style="color:#1de600">trkpt 809</span>]]></name>
          <Style>
            <LineStyle>
              <color>ff00e61d</color>
              <width>4</width>
            </LineStyle>
            <PolyStyle>
              <color>cc00e61d</color>
            </PolyStyle>
          </Style>
          <LineString>
            <extrude>1</extrude>
            <tessellate>0</tessellate>
            <altitudeMode>absolute</altitudeMode>
            <coordinates>51.45331514,25.483909165,10.199 51.453285418,25.48390739,10.4 </coordinates>
          </LineString>
        </Placemark>
        <Placemark>
          <name><![CDATA[<span style="color:#01e600">trkpt 810</span>]]></name>
          <Style>
            <LineStyle>
              <color>ff00e601</color>
              <width>4</width>
            </LineStyle>
            <PolyStyle>
              <color>cc00e601</color>
            </PolyStyle>
          </Style>
          <LineString>
            <extrude>1</extrude>
            <tessellate>0</tessellate>
            <altitudeMode>absolute</altitudeMode>
            <coordinates>51.453285418,25.48390739,10.4 51.453255375,25.483907168,10.609 </coordinates>
          </LineString>
        </Placemark>
        <Placemark>
          <name><![CDATA[<span style="color:#00e61d">trkpt 811</span>]]></name>
          <Style>
            <LineStyle>
              <color>ff1de600</color>
              <width>4</width>
            </LineStyle>
            <PolyStyle>
              <color>cc1de600</color>
            </PolyStyle>
          </Style>
          <LineString>
            <extrude>1</extrude>
            <tessellate>0</tessellate>
            <altitudeMode>absolute</altitudeMode>
            <coordinates>51.453255375,25.483907168,10.609 51.453225578,25.483908398,10.819 </coordinates>
          </LineString>
        </Placemark>
        <Placemark>
          <name><![CDATA[<span style="color:#00e63a">trkpt 812</span>]]></name>
          <Style>
            <LineStyle>
              <color>ff3ae600</color>
              <width>4</width>
            </LineStyle>
            <PolyStyle>
              <color>cc3ae600</color>
            </PolyStyle>
          </Style>
          <LineString>
            <extrude>1</extrude>
            <tessellate>0</tessellate>
            <altitudeMode>absolute</altitudeMode>
            <coordinates>51.453225578,25.483908398,10.819 51.453195962,25.48391096,11.029 </coordinates>
          </LineString>
        </Placemark>
        <Placemark>
          <name><![CDATA[<span style="color:#00e65b">trkpt 813</span>]]></name>
          <Style>
            <LineStyle>
              <color>ff5be600</color>
              <width>4</width>
            </LineStyle>
            <PolyStyle>
              <color>cc5be600</color>
            </PolyStyle>
          </Style>
          <LineString>
            <extrude>1</extrude>
            <tessellate>0</tessellate>
            <altitudeMode>absolute</altitudeMode>
            <coordinates>51.453195962,25.48391096,11.029 51.453166463,25.483914795,11.239 </coordinates>
          </LineString>
        </Placemark>
        <Placemark>
          <name><![CDATA[<span style="color:#00e678">trkpt 814</span>]]></name>
          <Style>
            <LineStyle>
              <color>ff78e600</color>
              <width>4</width>
            </LineStyle>
            <PolyStyle>
              <color>cc78e600</color>
            </PolyStyle>
          </Style>
          <LineString>
            <extrude>1</extrude>
            <tessellate>0</tessellate>
            <altitudeMode>absolute</altitudeMode>
            <coordinates>51.453166463,25.483914795,11.239 51.453137162,25.483919845,11.445 </coordinates>
          </LineString>
        </Placemark>
        <Placemark>
          <name><![CDATA[<span style="color:#00e694">trkpt 815</span>]]></name>
          <Style>
            <LineStyle>
              <color>ff94e600</color>
              <width>4</width>
            </LineStyle>
            <PolyStyle>
              <color>cc94e600</color>
            </PolyStyle>
          </Style>
          <LineString>
            <extrude>1</extrude>
            <tessellate>0</tessellate>
            <altitudeMode>absolute</altitudeMode>
            <coordinates>51.453137162,25.483919845,11.445 51.453108035,25.483926133,11.647 </coordinates>
          </LineString>
        </Placemark>
        <Placemark>
          <name><![CDATA[<span style="color:#00e6b2">trkpt 816</span>]]></name>
          <Style>
            <LineStyle>
              <color>ffb2e600</color>
              <width>4</width>
            </LineStyle>
            <PolyStyle>
              <color>ccb2e600</color>
            </PolyStyle>
          </Style>
          <LineString>
            <extrude>1</extrude>
            <tessellate>0</tessellate>
            <altitudeMode>absolute</altitudeMode>
            <coordinates>51.453108035,25.483926133,11.647 51.453079372,25.483933728,11.842 </coordinates>
          </LineString>
        </Placemark>
        <Placemark>
          <name><![CDATA[<span style="color:#00e6ce">trkpt 817</span>]]></name>
          <Style>
            <LineStyle>
              <color>ffcee600</color>
              <width>4</width>
            </LineStyle>
            <PolyStyle>
              <color>cccee600</color>
            </PolyStyle>
          </Style>
          <LineString>
            <extrude>1</extrude>
            <tessellate>0</tessellate>
            <altitudeMode>absolute</altitudeMode>
            <coordinates>51.453079372,25.483933728,11.842 51.453051128,25.483942932,12.003 </coordinates>
          </LineString>
        </Placemark>
        <Placemark>
          <name><![CDATA[<span style="color:#00e6e5">trkpt 818</span>]]></name>
          <Style>
            <LineStyle>
              <color>ffe5e600</color>
              <width>4</width>
            </LineStyle>
            <PolyStyle>
              <color>cce5e600</color>
            </PolyStyle>
          </Style>
          <LineString>
            <extrude>1</extrude>
            <tessellate>0</tessellate>
            <altitudeMode>absolute</altitudeMode>
            <coordinates>51.453051128,25.483942932,12.003 51.453023508,25.483953095,12.027 </coordinates>
          </LineString>
        </Placemark>
        <Placemark>
          <name><![CDATA[<span style="color:#00e4e6">trkpt 819</span>]]></name>
          <Style>
            <LineStyle>
              <color>ffe6e400</color>
              <width>4</width>
            </LineStyle>
            <PolyStyle>
              <color>cce6e400</color>
            </PolyStyle>
          </Style>
          <LineString>
            <extrude>1</extrude>
            <tessellate>0</tessellate>
            <altitudeMode>absolute</altitudeMode>
            <coordinates>51.453023508,25.483953095,12.027 51.452996393,25.483964825,12.058 </coordinates>
          </LineString>
        </Placemark>
        <Placemark>
          <name><![CDATA[<span style="color:#00e0e6">trkpt 820</span>]]></name>
          <Style>
            <LineStyle>
              <color>ffe6e000</color>
              <width>4</width>
            </LineStyle>
            <PolyStyle>
              <color>cce6e000</color>
            </PolyStyle>
          </Style>
          <LineString>
            <extrude>1</extrude>
            <tessellate>0</tessellate>
            <altitudeMode>absolute</altitudeMode>
            <coordinates>51.452996393,25.483964825,12.058 51.45296998,25.48397754,12.098 </coordinates>
          </LineString>
        </Placemark>
        <Placemark>
          <name><![CDATA[<span style="color:#00d9e6">trkpt 821</span>]]></name>
          <Style>
            <LineStyle>
              <color>ffe6d900</color>
              <width>4</width>
            </LineStyle>
            <PolyStyle>
              <color>cce6d900</color>
            </PolyStyle>
          </Style>
          <LineString>
            <extrude>1</extrude>
            <tessellate>0</tessellate>
            <altitudeMode>absolute</altitudeMode>
            <coordinates>51.45296998,25.48397754,12.098 51.452944215,25.483991392,12.148 </coordinates>
          </LineString>
        </Placemark>
        <Placemark>
          <name><![CDATA[<span style="color:#00d2e6">trkpt 822</span>]]></name>
          <Style>
            <LineStyle>
              <color>ffe6d200</color>
              <width>4</width>
            </LineStyle>
            <PolyStyle>
              <color>cce6d200</color>
            </PolyStyle>
          </Style>
          <LineString>
            <extrude>1</extrude>
            <tessellate>0</tessellate>
            <altitudeMode>absolute</altitudeMode>
            <coordinates>51.452944215,25.483991392,12.148 51.45291917,25.48400651,12.208 </coordinates>
          </LineString>
        </Placemark>
        <Placemark>
          <name><![CDATA[<span style="color:#00c9e6">trkpt 823</span>]]></name>
          <Style>
            <LineStyle>
              <color>ffe6c900</color>
              <width>4</width>
            </LineStyle>
            <PolyStyle>
              <color>cce6c900</color>
            </PolyStyle>
          </Style>
          <LineString>
            <extrude>1</extrude>
            <tessellate>0</tessellate>
            <altitudeMode>absolute</altitudeMode>
            <coordinates>51.45291917,25.48400651,12.208 51.452895225,25.484022532,12.278 </coordinates>
          </LineString>
        </Placemark>
        <Placemark>
          <name><![CDATA[<span style="color:#00bfe6">trkpt 824</span>]]></name>
          <Style>
            <LineStyle>
              <color>ffe6bf00</color>
              <width>4</width>
            </LineStyle>
            <PolyStyle>
              <color>cce6bf00</color>
            </PolyStyle>
          </Style>
          <LineString>
            <extrude>1</extrude>
            <tessellate>0</tessellate>
            <altitudeMode>absolute</altitudeMode>
            <coordinates>51.452895225,25.484022532,12.278 51.452871842,25.484039995,12.36 </coordinates>
          </LineString>
        </Placemark>
        <Placemark>
          <name><![CDATA[<span style="color:#00b4e6">trkpt 825</span>]]></name>
          <Style>
            <LineStyle>
              <color>ffe6b400</color>
              <width>4</width>
            </LineStyle>
            <PolyStyle>
              <color>cce6b400</color>
            </PolyStyle>
          </Style>
          <LineString>
            <extrude>1</extrude>
            <tessellate>0</tessellate>
            <altitudeMode>absolute</altitudeMode>
            <coordinates>51.452871842,25.484039995,12.36 51.452849605,25.484059102,12.454 </coordinates>
          </LineString>
        </Placemark>
        <Placemark>
          <name><![CDATA[<span style="color:#00a6e6">trkpt 826</span>]]></name>
          <Style>
            <LineStyle>
              <color>ffe6a600</color>
              <width>4</width>
            </LineStyle>
            <PolyStyle>
              <color>cce6a600</color>
            </PolyStyle>
          </Style>
          <LineString>
            <extrude>1</extrude>
            <tessellate>0</tessellate>
            <altitudeMode>absolute</altitudeMode>
            <coordinates>51.452849605,25.484059102,12.454 51.45282803,25.48407824,12.558 </coordinates>
          </LineString>
        </Placemark>
        <Placemark>
          <name><![CDATA[<span style="color:#0098e6">trkpt 827</span>]]></name>
          <Style>
            <LineStyle>
              <color>ffe69800</color>
              <width>4</width>
            </LineStyle>
            <PolyStyle>
              <color>cce69800</color>
            </PolyStyle>
          </Style>
          <LineString>
            <extrude>1</extrude>
            <tessellate>0</tessellate>
            <altitudeMode>absolute</altitudeMode>
            <coordinates>51.45282803,25.48407824,12.558 51.452807205,25.484098395,12.674 </coordinates>
          </LineString>
        </Placemark>
        <Placemark>
          <name><![CDATA[<span style="color:#0086e6">trkpt 828</span>]]></name>
          <Style>
            <LineStyle>
              <color>ffe68600</color>
              <width>4</width>
            </LineStyle>
            <PolyStyle>
              <color>cce68600</color>
            </PolyStyle>
          </Style>
          <LineString>
            <extrude>1</extrude>
            <tessellate>0</tessellate>
            <altitudeMode>absolute</altitudeMode>
            <coordinates>51.452807205,25.484098395,12.674 51.452787163,25.484119005,12.8 </coordinates>
          </LineString>
        </Placemark>
        <Placemark>
          <name><![CDATA[<span style="color:#0076e6">trkpt 829</span>]]></name>
          <Style>
            <LineStyle>
              <color>ffe67600</color>
              <width>4</width>
            </LineStyle>
            <PolyStyle>
              <color>cce67600</color>
            </PolyStyle>
          </Style>
          <LineString>
            <extrude>1</extrude>
            <tessellate>0</tessellate>
            <altitudeMode>absolute</altitudeMode>
            <coordinates>51.452787163,25.484119005,12.8 51.4527677,25.484140422,12.873 </coordinates>
          </LineString>
        </Placemark>
        <Placemark>
          <name><![CDATA[<span style="color:#006ae6">trkpt 830</span>]]></name>
          <Style>
            <LineStyle>
              <color>ffe66a00</color>
              <width>4</width>
            </LineStyle>
            <PolyStyle>
              <color>cce66a00</color>
            </PolyStyle>
          </Style>
          <LineString>
            <extrude>1</extrude>
            <tessellate>0</tessellate>
            <altitudeMode>absolute</altitudeMode>
            <coordinates>51.4527677,25.484140422,12.873 51.45274912,25.484162438,12.883 </coordinates>
          </LineString>
        </Placemark>
        <Placemark>
          <name><![CDATA[<span style="color:#0068e6">trkpt 831</span>]]></name>
          <Style>
            <LineStyle>
              <color>ffe66800</color>
              <width>4</width>
            </LineStyle>
            <PolyStyle>
              <color>cce66800</color>
            </PolyStyle>
          </Style>
          <LineString>
            <extrude>1</extrude>
            <tessellate>0</tessellate>
            <altitudeMode>absolute</altitudeMode>
            <coordinates>51.45274912,25.484162438,12.883 51.452731172,25.484185017,12.843 </coordinates>
          </LineString>
        </Placemark>
        <Placemark>
          <name><![CDATA[<span style="color:#006fe6">trkpt 832</span>]]></name>
          <Style>
            <LineStyle>
              <color>ffe66f00</color>
              <width>4</width>
            </LineStyle>
            <PolyStyle>
              <color>cce66f00</color>
            </PolyStyle>
          </Style>
          <LineString>
            <extrude>1</extrude>
            <tessellate>0</tessellate>
            <altitudeMode>absolute</altitudeMode>
            <coordinates>51.452731172,25.484185017,12.843 51.452714318,25.484208293,12.806 </coordinates>
          </LineString>
        </Placemark>
        <Placemark>
          <name><![CDATA[<span style="color:#0073e6">trkpt 833</span>]]></name>
          <Style>
            <LineStyle>
              <color>ffe67300</color>
              <width>4</width>
            </LineStyle>
            <PolyStyle>
              <color>cce67300</color>
            </PolyStyle>
          </Style>
          <LineString>
            <extrude>1</extrude>
            <tessellate>0</tessellate>
            <altitudeMode>absolute</altitudeMode>
            <coordinates>51.452714318,25.484208293,12.806 51.452697657,25.484232023,12.779 </coordinates>
          </LineString>
        </Placemark>
        <Placemark>
          <name><![CDATA[<span style="color:#0078e6">trkpt 834</span>]]></name>
          <Style>
            <LineStyle>
              <color>ffe67800</color>
              <width>4</width>
            </LineStyle>
            <PolyStyle>
              <color>cce67800</color>
            </PolyStyle>
          </Style>
          <LineString>
            <extrude>1</extrude>
            <tessellate>0</tessellate>
            <altitudeMode>absolute</altitudeMode>
            <coordinates>51.452697657,25.484232023,12.779 51.452681532,25.484255983,12.765 </coordinates>
          </LineString>
        </Placemark>
        <Placemark>
          <name><![CDATA[<span style="color:#007ae6">trkpt 835</span>]]></name>
          <Style>
            <LineStyle>
              <color>ffe67a00</color>
              <width>4</width>
            </LineStyle>
            <PolyStyle>
              <color>cce67a00</color>
            </PolyStyle>
          </Style>
          <LineString>
            <extrude>1</extrude>
            <tessellate>0</tessellate>
            <altitudeMode>absolute</altitudeMode>
            <coordinates>51.452681532,25.484255983,12.765 51.452665812,25.484280283,12.762 </coordinates>
          </LineString>
        </Placemark>
        <Placemark>
          <name><![CDATA[<span style="color:#007ae6">trkpt 836</span>]]></name>
          <Style>
            <LineStyle>
              <color>ffe67a00</color>
              <width>4</width>
            </LineStyle>
            <PolyStyle>
              <color>cce67a00</color>
            </PolyStyle>
          </Style>
          <LineString>
            <extrude>1</extrude>
            <tessellate>0</tessellate>
            <altitudeMode>absolute</altitudeMode>
            <coordinates>51.452665812,25.484280283,12.762 51.452650187,25.48430474,12.769 </coordinates>
          </LineString>
        </Placemark>
        <Placemark>
          <name><![CDATA[<span style="color:#0078e6">trkpt 837</span>]]></name>
          <Style>
            <LineStyle>
              <color>ffe67800</color>
              <width>4</width>
            </LineStyle>
            <PolyStyle>
              <color>cce67800</color>
            </PolyStyle>
          </Style>
          <LineString>
            <extrude>1</extrude>
            <tessellate>0</tessellate>
            <altitudeMode>absolute</altitudeMode>
            <coordinates>51.452650187,25.48430474,12.769 51.452634865,25.484329472,12.787 </coordinates>
          </LineString>
        </Placemark>
        <Placemark>
          <name><![CDATA[<span style="color:#0076e6">trkpt 838</span>]]></name>
          <Style>
            <LineStyle>
              <color>ffe67600</color>
              <width>4</width>
            </LineStyle>
            <PolyStyle>
              <color>cce67600</color>
            </PolyStyle>
          </Style>
          <LineString>
            <extrude>1</extrude>
            <tessellate>0</tessellate>
            <altitudeMode>absolute</altitudeMode>
            <coordinates>51.452634865,25.484329472,12.787 51.452619445,25.48435435,12.815 </coordinates>
          </LineString>
        </Placemark>
        <Placemark>
          <name><![CDATA[<span style="color:#0073e6">trkpt 839</span>]]></name>
          <Style>
            <LineStyle>
              <color>ffe67300</color>
              <width>4</width>
            </LineStyle>
            <PolyStyle>
              <color>cce67300</color>
            </PolyStyle>
          </Style>
          <LineString>
            <extrude>1</extrude>
            <tessellate>0</tessellate>
            <altitudeMode>absolute</altitudeMode>
            <coordinates>51.452619445,25.48435435,12.815 51.452603868,25.484379287,12.853 </coordinates>
          </LineString>
        </Placemark>
        <Placemark>
          <name><![CDATA[<span style="color:#006de6">trkpt 840</span>]]></name>
          <Style>
            <LineStyle>
              <color>ffe66d00</color>
              <width>4</width>
            </LineStyle>
            <PolyStyle>
              <color>cce66d00</color>
            </PolyStyle>
          </Style>
          <LineString>
            <extrude>1</extrude>
            <tessellate>0</tessellate>
            <altitudeMode>absolute</altitudeMode>
            <coordinates>51.452603868,25.484379287,12.853 51.4525884,25.484404348,12.902 </coordinates>
          </LineString>
        </Placemark>
        <Placemark>
          <name><![CDATA[<span style="color:#0066e6">trkpt 841</span>]]></name>
          <Style>
            <LineStyle>
              <color>ffe66600</color>
              <width>4</width>
            </LineStyle>
            <PolyStyle>
              <color>cce66600</color>
            </PolyStyle>
          </Style>
          <LineString>
            <extrude>1</extrude>
            <tessellate>0</tessellate>
            <altitudeMode>absolute</altitudeMode>
            <coordinates>51.4525884,25.484404348,12.902 51.452572848,25.484429733,12.961 </coordinates>
          </LineString>
        </Placemark>
        <Placemark>
          <name><![CDATA[<span style="color:#005fe6">trkpt 842</span>]]></name>
          <Style>
            <LineStyle>
              <color>ffe65f00</color>
              <width>4</width>
            </LineStyle>
            <PolyStyle>
              <color>cce65f00</color>
            </PolyStyle>
          </Style>
          <LineString>
            <extrude>1</extrude>
            <tessellate>0</tessellate>
            <altitudeMode>absolute</altitudeMode>
            <coordinates>51.452572848,25.484429733,12.961 51.452556887,25.484455202,13 </coordinates>
          </LineString>
        </Placemark>
        <Placemark>
          <name><![CDATA[<span style="color:#0058e6">trkpt 843</span>]]></name>
          <Style>
            <LineStyle>
              <color>ffe65800</color>
              <width>4</width>
            </LineStyle>
            <PolyStyle>
              <color>cce65800</color>
            </PolyStyle>
          </Style>
          <LineString>
            <extrude>1</extrude>
            <tessellate>0</tessellate>
            <altitudeMode>absolute</altitudeMode>
            <coordinates>51.452556887,25.484455202,13 51.452541108,25.48448093,13 </coordinates>
          </LineString>
        </Placemark>
        <Placemark>
          <name><![CDATA[<span style="color:#0058e6">trkpt 844</span>]]></name>
          <Style>
            <LineStyle>
              <color>ffe65800</color>
              <width>4</width>
            </LineStyle>
            <PolyStyle>
              <color>cce65800</color>
            </PolyStyle>
          </Style>
          <LineString>
            <extrude>1</extrude>
            <tessellate>0</tessellate>
            <altitudeMode>absolute</altitudeMode>
            <coordinates>51.452541108,25.48448093,13 51.452525168,25.484506693,13 </coordinates>
          </LineString>
        </Placemark>
        <Placemark>
          <name><![CDATA[<span style="color:#0058e6">trkpt 845</span>]]></name>
          <Style>
            <LineStyle>
              <color>ffe65800</color>
              <width>4</width>
            </LineStyle>
            <PolyStyle>
              <color>cce65800</color>
            </PolyStyle>
          </Style>
          <LineString>
            <extrude>1</extrude>
            <tessellate>0</tessellate>
            <altitudeMode>absolute</altitudeMode>
            <coordinates>51.452525168,25.484506693,13 51.452509238,25.484532975,13 </coordinates>
          </LineString>
        </Placemark>
        <Placemark>
          <name><![CDATA[<span style="color:#0058e6">trkpt 846</span>]]></name>
          <Style>
            <LineStyle>
              <color>ffe65800</color>
              <width>4</width>
            </LineStyle>
            <PolyStyle>
              <color>cce65800</color>
            </PolyStyle>
          </Style>
          <LineString>
            <extrude>1</extrude>
            <tessellate>0</tessellate>
            <altitudeMode>absolute</altitudeMode>
            <coordinates>51.452509238,25.484532975,13 51.452493228,25.48455931,12.966 </coordinates>
          </LineString>
        </Placemark>
        <Placemark>
          <name><![CDATA[<span style="color:#005ce6">trkpt 847</span>]]></name>
          <Style>
            <LineStyle>
              <color>ffe65c00</color>
              <width>4</width>
            </LineStyle>
            <PolyStyle>
              <color>cce65c00</color>
            </PolyStyle>
          </Style>
          <LineString>
            <extrude>1</extrude>
            <tessellate>0</tessellate>
            <altitudeMode>absolute</altitudeMode>
            <coordinates>51.452493228,25.48455931,12.966 51.45247712,25.484585832,12.876 </coordinates>
          </LineString>
        </Placemark>
        <Placemark>
          <name><![CDATA[<span style="color:#006ae6">trkpt 848</span>]]></name>
          <Style>
            <LineStyle>
              <color>ffe66a00</color>
              <width>4</width>
            </LineStyle>
            <PolyStyle>
              <color>cce66a00</color>
            </PolyStyle>
          </Style>
          <LineString>
            <extrude>1</extrude>
            <tessellate>0</tessellate>
            <altitudeMode>absolute</altitudeMode>
            <coordinates>51.45247712,25.484585832,12.876 51.45246085,25.484612643,12.774 </coordinates>
          </LineString>
        </Placemark>
        <Placemark>
          <name><![CDATA[<span style="color:#0078e6">trkpt 849</span>]]></name>
          <Style>
            <LineStyle>
              <color>ffe67800</color>
              <width>4</width>
            </LineStyle>
            <PolyStyle>
              <color>cce67800</color>
            </PolyStyle>
          </Style>
          <LineString>
            <extrude>1</extrude>
            <tessellate>0</tessellate>
            <altitudeMode>absolute</altitudeMode>
            <coordinates>51.45246085,25.484612643,12.774 51.452444503,25.484639615,12.66 </coordinates>
          </LineString>
        </Placemark>
        <Placemark>
          <name><![CDATA[<span style="color:#0088e6">trkpt 850</span>]]></name>
          <Style>
            <LineStyle>
              <color>ffe68800</color>
              <width>4</width>
            </LineStyle>
            <PolyStyle>
              <color>cce68800</color>
            </PolyStyle>
          </Style>
          <LineString>
            <extrude>1</extrude>
            <tessellate>0</tessellate>
            <altitudeMode>absolute</altitudeMode>
            <coordinates>51.452444503,25.484639615,12.66 51.452427997,25.484666827,12.533 </coordinates>
          </LineString>
        </Placemark>
        <Placemark>
          <name><![CDATA[<span style="color:#009be6">trkpt 851</span>]]></name>
          <Style>
            <LineStyle>
              <color>ffe69b00</color>
              <width>4</width>
            </LineStyle>
            <PolyStyle>
              <color>cce69b00</color>
            </PolyStyle>
          </Style>
          <LineString>
            <extrude>1</extrude>
            <tessellate>0</tessellate>
            <altitudeMode>absolute</altitudeMode>
            <coordinates>51.452427997,25.484666827,12.533 51.452411363,25.484694047,12.394 </coordinates>
          </LineString>
        </Placemark>
        <Placemark>
          <name><![CDATA[<span style="color:#00afe6">trkpt 852</span>]]></name>
          <Style>
            <LineStyle>
              <color>ffe6af00</color>
              <width>4</width>
            </LineStyle>
            <PolyStyle>
              <color>cce6af00</color>
            </PolyStyle>
          </Style>
          <LineString>
            <extrude>1</extrude>
            <tessellate>0</tessellate>
            <altitudeMode>absolute</altitudeMode>
            <coordinates>51.452411363,25.484694047,12.394 51.45239472,25.484721543,12.243 </coordinates>
          </LineString>
        </Placemark>
        <Placemark>
          <name><![CDATA[<span style="color:#00c4e6">trkpt 853</span>]]></name>
          <Style>
            <LineStyle>
              <color>ffe6c400</color>
              <width>4</width>
            </LineStyle>
            <PolyStyle>
              <color>cce6c400</color>
            </PolyStyle>
          </Style>
          <LineString>
            <extrude>1</extrude>
            <tessellate>0</tessellate>
            <altitudeMode>absolute</altitudeMode>
            <coordinates>51.45239472,25.484721543,12.243 51.452377842,25.484749288,12.12 </coordinates>
          </LineString>
        </Placemark>
        <Placemark>
          <name><![CDATA[<span style="color:#00d6e6">trkpt 854</span>]]></name>
          <Style>
            <LineStyle>
              <color>ffe6d600</color>
              <width>4</width>
            </LineStyle>
            <PolyStyle>
              <color>cce6d600</color>
            </PolyStyle>
          </Style>
          <LineString>
            <extrude>1</extrude>
            <tessellate>0</tessellate>
            <altitudeMode>absolute</altitudeMode>
            <coordinates>51.452377842,25.484749288,12.12 51.45236087,25.484777327,11.998 </coordinates>
          </LineString>
        </Placemark>
        <Placemark>
          <name><![CDATA[<span style="color:#00e6e5">trkpt 855</span>]]></name>
          <Style>
            <LineStyle>
              <color>ffe5e600</color>
              <width>4</width>
            </LineStyle>
            <PolyStyle>
              <color>cce5e600</color>
            </PolyStyle>
          </Style>
          <LineString>
            <extrude>1</extrude>
            <tessellate>0</tessellate>
            <altitudeMode>absolute</altitudeMode>
            <coordinates>51.45236087,25.484777327,11.998 51.45234379,25.484805508,11.875 </coordinates>
          </LineString>
        </Placemark>
        <Placemark>
          <name><![CDATA[<span style="color:#00e6d2">trkpt 856</span>]]></name>
          <Style>
            <LineStyle>
              <color>ffd2e600</color>
              <width>4</width>
            </LineStyle>
            <PolyStyle>
              <color>ccd2e600</color>
            </PolyStyle>
          </Style>
          <LineString>
            <extrude>1</extrude>
            <tessellate>0</tessellate>
            <altitudeMode>absolute</altitudeMode>
            <coordinates>51.45234379,25.484805508,11.875 51.452326525,25.484834078,11.751 </coordinates>
          </LineString>
        </Placemark>
        <Placemark>
          <name><![CDATA[<span style="color:#00e6c0">trkpt 857</span>]]></name>
          <Style>
            <LineStyle>
              <color>ffc0e600</color>
              <width>4</width>
            </LineStyle>
            <PolyStyle>
              <color>ccc0e600</color>
            </PolyStyle>
          </Style>
          <LineString>
            <extrude>1</extrude>
            <tessellate>0</tessellate>
            <altitudeMode>absolute</altitudeMode>
            <coordinates>51.452326525,25.484834078,11.751 51.452309032,25.484862923,11.625 </coordinates>
          </LineString>
        </Placemark>
        <Placemark>
          <name><![CDATA[<span style="color:#00e6b0">trkpt 858</span>]]></name>
          <Style>
            <LineStyle>
              <color>ffb0e600</color>
              <width>4</width>
            </LineStyle>
            <PolyStyle>
              <color>ccb0e600</color>
            </PolyStyle>
          </Style>
          <LineString>
            <extrude>1</extrude>
            <tessellate>0</tessellate>
            <altitudeMode>absolute</altitudeMode>
            <coordinates>51.452309032,25.484862923,11.625 51.452291538,25.484892003,11.499 </coordinates>
          </LineString>
        </Placemark>
        <Placemark>
          <name><![CDATA[<span style="color:#00e69d">trkpt 859</span>]]></name>
          <Style>
            <LineStyle>
              <color>ff9de600</color>
              <width>4</width>
            </LineStyle>
            <PolyStyle>
              <color>cc9de600</color>
            </PolyStyle>
          </Style>
          <LineString>
            <extrude>1</extrude>
            <tessellate>0</tessellate>
            <altitudeMode>absolute</altitudeMode>
            <coordinates>51.452291538,25.484892003,11.499 51.452273792,25.484921383,11.371 </coordinates>
          </LineString>
        </Placemark>
        <Placemark>
          <name><![CDATA[<span style="color:#00e68b">trkpt 860</span>]]></name>
          <Style>
            <LineStyle>
              <color>ff8be600</color>
              <width>4</width>
            </LineStyle>
            <PolyStyle>
              <color>cc8be600</color>
            </PolyStyle>
          </Style>
          <LineString>
            <extrude>1</extrude>
            <tessellate>0</tessellate>
            <altitudeMode>absolute</altitudeMode>
            <coordinates>51.452273792,25.484921383,11.371 51.45225601,25.484951005,11.243 </coordinates>
          </LineString>
        </Placemark>
        <Placemark>
          <name><![CDATA[<span style="color:#00e678">trkpt 861</span>]]></name>
          <Style>
            <LineStyle>
              <color>ff78e600</color>
              <width>4</width>
            </LineStyle>
            <PolyStyle>
              <color>cc78e600</color>
            </PolyStyle>
          </Style>
          <LineString>
            <extrude>1</extrude>
            <tessellate>0</tessellate>
            <altitudeMode>absolute</altitudeMode>
            <coordinates>51.45225601,25.484951005,11.243 51.452238023,25.484980865,11.114 </coordinates>
          </LineString>
        </Placemark>
        <Placemark>
          <name><![CDATA[<span style="color:#00e666">trkpt 862</span>]]></name>
          <Style>
            <LineStyle>
              <color>ff66e600</color>
              <width>4</width>
            </LineStyle>
            <PolyStyle>
              <color>cc66e600</color>
            </PolyStyle>
          </Style>
          <LineString>
            <extrude>1</extrude>
            <tessellate>0</tessellate>
            <altitudeMode>absolute</altitudeMode>
            <coordinates>51.452238023,25.484980865,11.114 51.452219872,25.485010942,11.008 </coordinates>
          </LineString>
        </Placemark>
        <Placemark>
          <name><![CDATA[<span style="color:#00e656">trkpt 863</span>]]></name>
          <Style>
            <LineStyle>
              <color>ff56e600</color>
              <width>4</width>
            </LineStyle>
            <PolyStyle>
              <color>cc56e600</color>
            </PolyStyle>
          </Style>
          <LineString>
            <extrude>1</extrude>
            <tessellate>0</tessellate>
            <altitudeMode>absolute</altitudeMode>
            <coordinates>51.452219872,25.485010942,11.008 51.452201523,25.485041378,11.063 </coordinates>
          </LineString>
        </Placemark>
        <Placemark>
          <name><![CDATA[<span style="color:#00e65f">trkpt 864</span>]]></name>
          <Style>
            <LineStyle>
              <color>ff5fe600</color>
              <width>4</width>
            </LineStyle>
            <PolyStyle>
              <color>cc5fe600</color>
            </PolyStyle>
          </Style>
          <LineString>
            <extrude>1</extrude>
            <tessellate>0</tessellate>
            <altitudeMode>absolute</altitudeMode>
            <coordinates>51.452201523,25.485041378,11.063 51.452183112,25.485071918,11.104 </coordinates>
          </LineString>
        </Placemark>
        <Placemark>
          <name><![CDATA[<span style="color:#00e664">trkpt 865</span>]]></name>
          <Style>
            <LineStyle>
              <color>ff64e600</color>
              <width>4</width>
            </LineStyle>
            <PolyStyle>
              <color>cc64e600</color>
            </PolyStyle>
          </Style>
          <LineString>
            <extrude>1</extrude>
            <tessellate>0</tessellate>
            <altitudeMode>absolute</altitudeMode>
            <coordinates>51.452183112,25.485071918,11.104 51.452164452,25.485102833,11.131 </coordinates>
          </LineString>
        </Placemark>
        <Placemark>
          <name><![CDATA[<span style="color:#00e668">trkpt 866</span>]]></name>
          <Style>
            <LineStyle>
              <color>ff68e600</color>
              <width>4</width>
            </LineStyle>
            <PolyStyle>
              <color>cc68e600</color>
            </PolyStyle>
          </Style>
          <LineString>
            <extrude>1</extrude>
            <tessellate>0</tessellate>
            <altitudeMode>absolute</altitudeMode>
            <coordinates>51.452164452,25.485102833,11.131 51.452145562,25.48513393,11.143 </coordinates>
          </LineString>
        </Placemark>
        <Placemark>
          <name><![CDATA[<span style="color:#00e66b">trkpt 867</span>]]></name>
          <Style>
            <LineStyle>
              <color>ff6be600</color>
              <width>4</width>
            </LineStyle>
            <PolyStyle>
              <color>cc6be600</color>
            </PolyStyle>
          </Style>
          <LineString>
            <extrude>1</extrude>
            <tessellate>0</tessellate>
            <altitudeMode>absolute</altitudeMode>
            <coordinates>51.452145562,25.48513393,11.143 51.452126703,25.485165168,11.139 </coordinates>
          </LineString>
        </Placemark>
        <Placemark>
          <name><![CDATA[<span style="color:#00e668">trkpt 868</span>]]></name>
          <Style>
            <LineStyle>
              <color>ff68e600</color>
              <width>4</width>
            </LineStyle>
            <PolyStyle>
              <color>cc68e600</color>
            </PolyStyle>
          </Style>
          <LineString>
            <extrude>1</extrude>
            <tessellate>0</tessellate>
            <altitudeMode>absolute</altitudeMode>
            <coordinates>51.452126703,25.485165168,11.139 51.452107577,25.485196632,11.121 </coordinates>
          </LineString>
        </Placemark>
        <Placemark>
          <name><![CDATA[<span style="color:#00e666">trkpt 869</span>]]></name>
          <Style>
            <LineStyle>
              <color>ff66e600</color>
              <width>4</width>
            </LineStyle>
            <PolyStyle>
              <color>cc66e600</color>
            </PolyStyle>
          </Style>
          <LineString>
            <extrude>1</extrude>
            <tessellate>0</tessellate>
            <altitudeMode>absolute</altitudeMode>
            <coordinates>51.452107577,25.485196632,11.121 51.452088327,25.485228233,11.086 </coordinates>
          </LineString>
        </Placemark>
        <Placemark>
          <name><![CDATA[<span style="color:#00e662">trkpt 870</span>]]></name>
          <Style>
            <LineStyle>
              <color>ff62e600</color>
              <width>4</width>
            </LineStyle>
            <PolyStyle>
              <color>cc62e600</color>
            </PolyStyle>
          </Style>
          <LineString>
            <extrude>1</extrude>
            <tessellate>0</tessellate>
            <altitudeMode>absolute</altitudeMode>
            <coordinates>51.452088327,25.485228233,11.086 51.452068907,25.485260062,11.035 </coordinates>
          </LineString>
        </Placemark>
        <Placemark>
          <name><![CDATA[<span style="color:#00e65b">trkpt 871</span>]]></name>
          <Style>
            <LineStyle>
              <color>ff5be600</color>
              <width>4</width>
            </LineStyle>
            <PolyStyle>
              <color>cc5be600</color>
            </PolyStyle>
          </Style>
          <LineString>
            <extrude>1</extrude>
            <tessellate>0</tessellate>
            <altitudeMode>absolute</altitudeMode>
            <coordinates>51.452068907,25.485260062,11.035 51.452049518,25.485292232,10.98 </coordinates>
          </LineString>
        </Placemark>
        <Placemark>
          <name><![CDATA[<span style="color:#00e651">trkpt 872</span>]]></name>
          <Style>
            <LineStyle>
              <color>ff51e600</color>
              <width>4</width>
            </LineStyle>
            <PolyStyle>
              <color>cc51e600</color>
            </PolyStyle>
          </Style>
          <LineString>
            <extrude>1</extrude>
            <tessellate>0</tessellate>
            <altitudeMode>absolute</altitudeMode>
            <coordinates>51.452049518,25.485292232,10.98 51.452029922,25.48532449,10.948 </coordinates>
          </LineString>
        </Placemark>
        <Placemark>
          <name><![CDATA[<span style="color:#00e64d">trkpt 873</span>]]></name>
          <Style>
            <LineStyle>
              <color>ff4de600</color>
              <width>4</width>
            </LineStyle>
            <PolyStyle>
              <color>cc4de600</color>
            </PolyStyle>
          </Style>
          <LineString>
            <extrude>1</extrude>
            <tessellate>0</tessellate>
            <altitudeMode>absolute</altitudeMode>
            <coordinates>51.452029922,25.48532449,10.948 51.452010207,25.485356923,10.933 </coordinates>
          </LineString>
        </Placemark>
        <Placemark>
          <name><![CDATA[<span style="color:#00e64d">trkpt 874</span>]]></name>
          <Style>
            <LineStyle>
              <color>ff4de600</color>
              <width>4</width>
            </LineStyle>
            <PolyStyle>
              <color>cc4de600</color>
            </PolyStyle>
          </Style>
          <LineString>
            <extrude>1</extrude>
            <tessellate>0</tessellate>
            <altitudeMode>absolute</altitudeMode>
            <coordinates>51.452010207,25.485356923,10.933 51.45199032,25.485389472,10.934 </coordinates>
          </LineString>
        </Placemark>
        <Placemark>
          <name><![CDATA[<span style="color:#00e64d">trkpt 875</span>]]></name>
          <Style>
            <LineStyle>
              <color>ff4de600</color>
              <width>4</width>
            </LineStyle>
            <PolyStyle>
              <color>cc4de600</color>
            </PolyStyle>
          </Style>
          <LineString>
            <extrude>1</extrude>
            <tessellate>0</tessellate>
            <altitudeMode>absolute</altitudeMode>
            <coordinates>51.45199032,25.485389472,10.934 51.451970233,25.485422192,10.952 </coordinates>
          </LineString>
        </Placemark>
        <Placemark>
          <name><![CDATA[<span style="color:#00e64f">trkpt 876</span>]]></name>
          <Style>
            <LineStyle>
              <color>ff4fe600</color>
              <width>4</width>
            </LineStyle>
            <PolyStyle>
              <color>cc4fe600</color>
            </PolyStyle>
          </Style>
          <LineString>
            <extrude>1</extrude>
            <tessellate>0</tessellate>
            <altitudeMode>absolute</altitudeMode>
            <coordinates>51.451970233,25.485422192,10.952 51.451950103,25.485455103,10.987 </coordinates>
          </LineString>
        </Placemark>
        <Placemark>
          <name><![CDATA[<span style="color:#00e654">trkpt 877</span>]]></name>
          <Style>
            <LineStyle>
              <color>ff54e600</color>
              <width>4</width>
            </LineStyle>
            <PolyStyle>
              <color>cc54e600</color>
            </PolyStyle>
          </Style>
          <LineString>
            <extrude>1</extrude>
            <tessellate>0</tessellate>
            <altitudeMode>absolute</altitudeMode>
            <coordinates>51.451950103,25.485455103,10.987 51.45192981,25.485488238,11.105 </coordinates>
          </LineString>
        </Placemark>
        <Placemark>
          <name><![CDATA[<span style="color:#00e664">trkpt 878</span>]]></name>
          <Style>
            <LineStyle>
              <color>ff64e600</color>
              <width>4</width>
            </LineStyle>
            <PolyStyle>
              <color>cc64e600</color>
            </PolyStyle>
          </Style>
          <LineString>
            <extrude>1</extrude>
            <tessellate>0</tessellate>
            <altitudeMode>absolute</altitudeMode>
            <coordinates>51.45192981,25.485488238,11.105 51.45190941,25.485521553,11.252 </coordinates>
          </LineString>
        </Placemark>
        <Placemark>
          <name><![CDATA[<span style="color:#00e678">trkpt 879</span>]]></name>
          <Style>
            <LineStyle>
              <color>ff78e600</color>
              <width>4</width>
            </LineStyle>
            <PolyStyle>
              <color>cc78e600</color>
            </PolyStyle>
          </Style>
          <LineString>
            <extrude>1</extrude>
            <tessellate>0</tessellate>
            <altitudeMode>absolute</altitudeMode>
            <coordinates>51.45190941,25.485521553,11.252 51.451889012,25.48555491,11.399 </coordinates>
          </LineString>
        </Placemark>
        <Placemark>
          <name><![CDATA[<span style="color:#00e68d">trkpt 880</span>]]></name>
          <Style>
            <LineStyle>
              <color>ff8de600</color>
              <width>4</width>
            </LineStyle>
            <PolyStyle>
              <color>cc8de600</color>
            </PolyStyle>
          </Style>
          <LineString>
            <extrude>1</extrude>
            <tessellate>0</tessellate>
            <altitudeMode>absolute</altitudeMode>
            <coordinates>51.451889012,25.48555491,11.399 51.451868322,25.4855886,11.721 </coordinates>
          </LineString>
        </Placemark>
        <Placemark>
          <name><![CDATA[<span style="color:#00e6bb">trkpt 881</span>]]></name>
          <Style>
            <LineStyle>
              <color>ffbbe600</color>
              <width>4</width>
            </LineStyle>
            <PolyStyle>
              <color>ccbbe600</color>
            </PolyStyle>
          </Style>
          <LineString>
            <extrude>1</extrude>
            <tessellate>0</tessellate>
            <altitudeMode>absolute</altitudeMode>
            <coordinates>51.451868322,25.4855886,11.721 51.4518476,25.485622482,12.011 </coordinates>
          </LineString>
        </Placemark>
        <Placemark>
          <name><![CDATA[<span style="color:#00e6e5">trkpt 882</span>]]></name>
          <Style>
            <LineStyle>
              <color>ffe5e600</color>
              <width>4</width>
            </LineStyle>
            <PolyStyle>
              <color>cce5e600</color>
            </PolyStyle>
          </Style>
          <LineString>
            <extrude>1</extrude>
            <tessellate>0</tessellate>
            <altitudeMode>absolute</altitudeMode>
            <coordinates>51.4518476,25.485622482,12.011 51.45182684,25.48565654,12.266 </coordinates>
          </LineString>
        </Placemark>
        <Placemark>
          <name><![CDATA[<span style="color:#00c2e6">trkpt 883</span>]]></name>
          <Style>
            <LineStyle>
              <color>ffe6c200</color>
              <width>4</width>
            </LineStyle>
            <PolyStyle>
              <color>cce6c200</color>
            </PolyStyle>
          </Style>
          <LineString>
            <extrude>1</extrude>
            <tessellate>0</tessellate>
            <altitudeMode>absolute</altitudeMode>
            <coordinates>51.45182684,25.48565654,12.266 51.451805897,25.48569072,12.485 </coordinates>
          </LineString>
        </Placemark>
        <Placemark>
          <name><![CDATA[<span style="color:#00a1e6">trkpt 884</span>]]></name>
          <Style>
            <LineStyle>
              <color>ffe6a100</color>
              <width>4</width>
            </LineStyle>
            <PolyStyle>
              <color>cce6a100</color>
            </PolyStyle>
          </Style>
          <LineString>
            <extrude>1</extrude>
            <tessellate>0</tessellate>
            <altitudeMode>absolute</altitudeMode>
            <coordinates>51.451805897,25.48569072,12.485 51.451784833,25.485725278,12.669 </coordinates>
          </LineString>
        </Placemark>
        <Placemark>
          <name><![CDATA[<span style="color:#0088e6">trkpt 885</span>]]></name>
          <Style>
            <LineStyle>
              <color>ffe68800</color>
              <width>4</width>
            </LineStyle>
            <PolyStyle>
              <color>cce68800</color>
            </PolyStyle>
          </Style>
          <LineString>
            <extrude>1</extrude>
            <tessellate>0</tessellate>
            <altitudeMode>absolute</altitudeMode>
            <coordinates>51.451784833,25.485725278,12.669 51.451763817,25.485759913,12.815 </coordinates>
          </LineString>
        </Placemark>
        <Placemark>
          <name><![CDATA[<span style="color:#0073e6">trkpt 886</span>]]></name>
          <Style>
            <LineStyle>
              <color>ffe67300</color>
              <width>4</width>
            </LineStyle>
            <PolyStyle>
              <color>cce67300</color>
            </PolyStyle>
          </Style>
          <LineString>
            <extrude>1</extrude>
            <tessellate>0</tessellate>
            <altitudeMode>absolute</altitudeMode>
            <coordinates>51.451763817,25.485759913,12.815 51.451742725,25.485794827,12.924 </coordinates>
          </LineString>
        </Placemark>
        <Placemark>
          <name><![CDATA[<span style="color:#0063e6">trkpt 887</span>]]></name>
          <Style>
            <LineStyle>
              <color>ffe66300</color>
              <width>4</width>
            </LineStyle>
            <PolyStyle>
              <color>cce66300</color>
            </PolyStyle>
          </Style>
          <LineString>
            <extrude>1</extrude>
            <tessellate>0</tessellate>
            <altitudeMode>absolute</altitudeMode>
            <coordinates>51.451742725,25.485794827,12.924 51.451721538,25.485830018,12.995 </coordinates>
          </LineString>
        </Placemark>
        <Placemark>
          <name><![CDATA[<span style="color:#0058e6">trkpt 888</span>]]></name>
          <Style>
            <LineStyle>
              <color>ffe65800</color>
              <width>4</width>
            </LineStyle>
            <PolyStyle>
              <color>cce65800</color>
            </PolyStyle>
          </Style>
          <LineString>
            <extrude>1</extrude>
            <tessellate>0</tessellate>
            <altitudeMode>absolute</altitudeMode>
            <coordinates>51.451721538,25.485830018,12.995 51.451700285,25.485865477,13.116 </coordinates>
          </LineString>
        </Placemark>
        <Placemark>
          <name><![CDATA[<span style="color:#0048e6">trkpt 889</span>]]></name>
          <Style>
            <LineStyle>
              <color>ffe64800</color>
              <width>4</width>
            </LineStyle>
            <PolyStyle>
              <color>cce64800</color>
            </PolyStyle>
          </Style>
          <LineString>
            <extrude>1</extrude>
            <tessellate>0</tessellate>
            <altitudeMode>absolute</altitudeMode>
            <coordinates>51.451700285,25.485865477,13.116 51.451678893,25.485901043,13.244 </coordinates>
          </LineString>
        </Placemark>
        <Placemark>
          <name><![CDATA[<span style="color:#0035e6">trkpt 890</span>]]></name>
          <Style>
            <LineStyle>
              <color>ffe63500</color>
              <width>4</width>
            </LineStyle>
            <PolyStyle>
              <color>cce63500</color>
            </PolyStyle>
          </Style>
          <LineString>
            <extrude>1</extrude>
            <tessellate>0</tessellate>
            <altitudeMode>absolute</altitudeMode>
            <coordinates>51.451678893,25.485901043,13.244 51.45165748,25.485936738,13.414 </coordinates>
          </LineString>
        </Placemark>
        <Placemark>
          <name><![CDATA[<span style="color:#001ce6">trkpt 891</span>]]></name>
          <Style>
            <LineStyle>
              <color>ffe61c00</color>
              <width>4</width>
            </LineStyle>
            <PolyStyle>
              <color>cce61c00</color>
            </PolyStyle>
          </Style>
          <LineString>
            <extrude>1</extrude>
            <tessellate>0</tessellate>
            <altitudeMode>absolute</altitudeMode>
            <coordinates>51.45165748,25.485936738,13.414 51.451635977,25.485972607,13.612 </coordinates>
          </LineString>
        </Placemark>
        <Placemark>
          <name><![CDATA[<span style="color:#0000e6">trkpt 892</span>]]></name>
          <Style>
            <LineStyle>
              <color>ffe60000</color>
              <width>4</width>
            </LineStyle>
            <PolyStyle>
              <color>cce60000</color>
            </PolyStyle>
          </Style>
          <LineString>
            <extrude>1</extrude>
            <tessellate>0</tessellate>
            <altitudeMode>absolute</altitudeMode>
            <coordinates>51.451635977,25.485972607,13.612 51.45161451,25.486008663,13.77 </coordinates>
          </LineString>
        </Placemark>
        <Placemark>
          <name><![CDATA[<span style="color:#1700e6">trkpt 893</span>]]></name>
          <Style>
            <LineStyle>
              <color>ffe60017</color>
              <width>4</width>
            </LineStyle>
            <PolyStyle>
              <color>cce60017</color>
            </PolyStyle>
          </Style>
          <LineString>
            <extrude>1</extrude>
            <tessellate>0</tessellate>
            <altitudeMode>absolute</altitudeMode>
            <coordinates>51.45161451,25.486008663,13.77 51.451592885,25.486044753,13.888 </coordinates>
          </LineString>
        </Placemark>
        <Placemark>
          <name><![CDATA[<span style="color:#2700e6">trkpt 894</span>]]></name>
          <Style>
            <LineStyle>
              <color>ffe60027</color>
              <width>4</width>
            </LineStyle>
            <PolyStyle>
              <color>cce60027</color>
            </PolyStyle>
          </Style>
          <LineString>
            <extrude>1</extrude>
            <tessellate>0</tessellate>
            <altitudeMode>absolute</altitudeMode>
            <coordinates>51.451592885,25.486044753,13.888 51.451571355,25.486081013,13.966 </coordinates>
          </LineString>
        </Placemark>
        <Placemark>
          <name><![CDATA[<span style="color:#3200e6">trkpt 895</span>]]></name>
          <Style>
            <LineStyle>
              <color>ffe60032</color>
              <width>4</width>
            </LineStyle>
            <PolyStyle>
              <color>cce60032</color>
            </PolyStyle>
          </Style>
          <LineString>
            <extrude>1</extrude>
            <tessellate>0</tessellate>
            <altitudeMode>absolute</altitudeMode>
            <coordinates>51.451571355,25.486081013,13.966 51.451549567,25.486117443,13.964 </coordinates>
          </LineString>
        </Placemark>
        <Placemark>
          <name><![CDATA[<span style="color:#3200e6">trkpt 896</span>]]></name>
          <Style>
            <LineStyle>
              <color>ffe60032</color>
              <width>4</width>
            </LineStyle>
            <PolyStyle>
              <color>cce60032</color>
            </PolyStyle>
          </Style>
          <LineString>
            <extrude>1</extrude>
            <tessellate>0</tessellate>
            <altitudeMode>absolute</altitudeMode>
            <coordinates>51.451549567,25.486117443,13.964 51.451527697,25.486153913,13.769 </coordinates>
          </LineString>
        </Placemark>
        <Placemark>
          <name><![CDATA[<span style="color:#1700e6">trkpt 897</span>]]></name>
          <Style>
            <LineStyle>
              <color>ffe60017</color>
              <width>4</width>
            </LineStyle>
            <PolyStyle>
              <color>cce60017</color>
            </PolyStyle>
          </Style>
          <LineString>
            <extrude>1</extrude>
            <tessellate>0</tessellate>
            <altitudeMode>absolute</altitudeMode>
            <coordinates>51.451527697,25.486153913,13.769 51.451505712,25.486190557,13.594 </coordinates>
          </LineString>
        </Placemark>
        <Placemark>
          <name><![CDATA[<span style="color:#0003e6">trkpt 898</span>]]></name>
          <Style>
            <LineStyle>
              <color>ffe60300</color>
              <width>4</width>
            </LineStyle>
            <PolyStyle>
              <color>cce60300</color>
            </PolyStyle>
          </Style>
          <LineString>
            <extrude>1</extrude>
            <tessellate>0</tessellate>
            <altitudeMode>absolute</altitudeMode>
            <coordinates>51.451505712,25.486190557,13.594 51.451483537,25.48622728,13.439 </coordinates>
          </LineString>
        </Placemark>
        <Placemark>
          <name><![CDATA[<span style="color:#001ae6">trkpt 899</span>]]></name>
          <Style>
            <LineStyle>
              <color>ffe61a00</color>
              <width>4</width>
            </LineStyle>
            <PolyStyle>
              <color>cce61a00</color>
            </PolyStyle>
          </Style>
          <LineString>
            <extrude>1</extrude>
            <tessellate>0</tessellate>
            <altitudeMode>absolute</altitudeMode>
            <coordinates>51.451483537,25.48622728,13.439 51.451461303,25.486264025,13.306 </coordinates>
          </LineString>
        </Placemark>
        <Placemark>
          <name><![CDATA[<span style="color:#002ce6">trkpt 900</span>]]></name>
          <Style>
            <LineStyle>
              <color>ffe62c00</color>
              <width>4</width>
            </LineStyle>
            <PolyStyle>
              <color>cce62c00</color>
            </PolyStyle>
          </Style>
          <LineString>
            <extrude>1</extrude>
            <tessellate>0</tessellate>
            <altitudeMode>absolute</altitudeMode>
            <coordinates>51.451461303,25.486264025,13.306 51.451438965,25.486300958,13.193 </coordinates>
          </LineString>
        </Placemark>
        <Placemark>
          <name><![CDATA[<span style="color:#003ce6">trkpt 901</span>]]></name>
          <Style>
            <LineStyle>
              <color>ffe63c00</color>
              <width>4</width>
            </LineStyle>
            <PolyStyle>
              <color>cce63c00</color>
            </PolyStyle>
          </Style>
          <LineString>
            <extrude>1</extrude>
            <tessellate>0</tessellate>
            <altitudeMode>absolute</altitudeMode>
            <coordinates>51.451438965,25.486300958,13.193 51.451416575,25.486337823,13.102 </coordinates>
          </LineString>
        </Placemark>
        <Placemark>
          <name><![CDATA[<span style="color:#004ae6">trkpt 902</span>]]></name>
          <Style>
            <LineStyle>
              <color>ffe64a00</color>
              <width>4</width>
            </LineStyle>
            <PolyStyle>
              <color>cce64a00</color>
            </PolyStyle>
          </Style>
          <LineString>
            <extrude>1</extrude>
            <tessellate>0</tessellate>
            <altitudeMode>absolute</altitudeMode>
            <coordinates>51.451416575,25.486337823,13.102 51.451394057,25.486375072,13.032 </coordinates>
          </LineString>
        </Placemark>
        <Placemark>
          <name><![CDATA[<span style="color:#0053e6">trkpt 903</span>]]></name>
          <Style>
            <LineStyle>
              <color>ffe65300</color>
              <width>4</width>
            </LineStyle>
            <PolyStyle>
              <color>cce65300</color>
            </PolyStyle>
          </Style>
          <LineString>
            <extrude>1</extrude>
            <tessellate>0</tessellate>
            <altitudeMode>absolute</altitudeMode>
            <coordinates>51.451394057,25.486375072,13.032 51.451371493,25.486412287,12.978 </coordinates>
          </LineString>
        </Placemark>
        <Placemark>
          <name><![CDATA[<span style="color:#005ae6">trkpt 904</span>]]></name>
          <Style>
            <LineStyle>
              <color>ffe65a00</color>
              <width>4</width>
            </LineStyle>
            <PolyStyle>
              <color>cce65a00</color>
            </PolyStyle>
          </Style>
          <LineString>
            <extrude>1</extrude>
            <tessellate>0</tessellate>
            <altitudeMode>absolute</altitudeMode>
            <coordinates>51.451371493,25.486412287,12.978 51.451348957,25.48644947,12.926 </coordinates>
          </LineString>
        </Placemark>
        <Placemark>
          <name><![CDATA[<span style="color:#0063e6">trkpt 905</span>]]></name>
          <Style>
            <LineStyle>
              <color>ffe66300</color>
              <width>4</width>
            </LineStyle>
            <PolyStyle>
              <color>cce66300</color>
            </PolyStyle>
          </Style>
          <LineString>
            <extrude>1</extrude>
            <tessellate>0</tessellate>
            <altitudeMode>absolute</altitudeMode>
            <coordinates>51.451348957,25.48644947,12.926 51.451326432,25.48648689,12.872 </coordinates>
          </LineString>
        </Placemark>
        <Placemark>
          <name><![CDATA[<span style="color:#006ae6">trkpt 906</span>]]></name>
          <Style>
            <LineStyle>
              <color>ffe66a00</color>
              <width>4</width>
            </LineStyle>
            <PolyStyle>
              <color>cce66a00</color>
            </PolyStyle>
          </Style>
          <LineString>
            <extrude>1</extrude>
            <tessellate>0</tessellate>
            <altitudeMode>absolute</altitudeMode>
            <coordinates>51.451326432,25.48648689,12.872 51.451303742,25.486524252,12.819 </coordinates>
          </LineString>
        </Placemark>
        <Placemark>
          <name><![CDATA[<span style="color:#0071e6">trkpt 907</span>]]></name>
          <Style>
            <LineStyle>
              <color>ffe67100</color>
              <width>4</width>
            </LineStyle>
            <PolyStyle>
              <color>cce67100</color>
            </PolyStyle>
          </Style>
          <LineString>
            <extrude>1</extrude>
            <tessellate>0</tessellate>
            <altitudeMode>absolute</altitudeMode>
            <coordinates>51.451303742,25.486524252,12.819 51.451281155,25.48656176,12.766 </coordinates>
          </LineString>
        </Placemark>
        <Placemark>
          <name><![CDATA[<span style="color:#007ae6">trkpt 908</span>]]></name>
          <Style>
            <LineStyle>
              <color>ffe67a00</color>
              <width>4</width>
            </LineStyle>
            <PolyStyle>
              <color>cce67a00</color>
            </PolyStyle>
          </Style>
          <LineString>
            <extrude>1</extrude>
            <tessellate>0</tessellate>
            <altitudeMode>absolute</altitudeMode>
            <coordinates>51.451281155,25.48656176,12.766 51.451258548,25.486599357,12.712 </coordinates>
          </LineString>
        </Placemark>
        <Placemark>
          <name><![CDATA[<span style="color:#0081e6">trkpt 909</span>]]></name>
          <Style>
            <LineStyle>
              <color>ffe68100</color>
              <width>4</width>
            </LineStyle>
            <PolyStyle>
              <color>cce68100</color>
            </PolyStyle>
          </Style>
          <LineString>
            <extrude>1</extrude>
            <tessellate>0</tessellate>
            <altitudeMode>absolute</altitudeMode>
            <coordinates>51.451258548,25.486599357,12.712 51.451235968,25.486636952,12.657 </coordinates>
          </LineString>
        </Placemark>
        <Placemark>
          <name><![CDATA[<span style="color:#0088e6">trkpt 910</span>]]></name>
          <Style>
            <LineStyle>
              <color>ffe68800</color>
              <width>4</width>
            </LineStyle>
            <PolyStyle>
              <color>cce68800</color>
            </PolyStyle>
          </Style>
          <LineString>
            <extrude>1</extrude>
            <tessellate>0</tessellate>
            <altitudeMode>absolute</altitudeMode>
            <coordinates>51.451235968,25.486636952,12.657 51.451213218,25.48667462,12.632 </coordinates>
          </LineString>
        </Placemark>
        <Placemark>
          <name><![CDATA[<span style="color:#008de6">trkpt 911</span>]]></name>
          <Style>
            <LineStyle>
              <color>ffe68d00</color>
              <width>4</width>
            </LineStyle>
            <PolyStyle>
              <color>cce68d00</color>
            </PolyStyle>
          </Style>
          <LineString>
            <extrude>1</extrude>
            <tessellate>0</tessellate>
            <altitudeMode>absolute</altitudeMode>
            <coordinates>51.451213218,25.48667462,12.632 51.45119056,25.486712453,12.714 </coordinates>
          </LineString>
        </Placemark>
        <Placemark>
          <name><![CDATA[<span style="color:#0081e6">trkpt 912</span>]]></name>
          <Style>
            <LineStyle>
              <color>ffe68100</color>
              <width>4</width>
            </LineStyle>
            <PolyStyle>
              <color>cce68100</color>
            </PolyStyle>
          </Style>
          <LineString>
            <extrude>1</extrude>
            <tessellate>0</tessellate>
            <altitudeMode>absolute</altitudeMode>
            <coordinates>51.45119056,25.486712453,12.714 51.451167907,25.48675016,12.796 </coordinates>
          </LineString>
        </Placemark>
        <Placemark>
          <name><![CDATA[<span style="color:#0076e6">trkpt 913</span>]]></name>
          <Style>
            <LineStyle>
              <color>ffe67600</color>
              <width>4</width>
            </LineStyle>
            <PolyStyle>
              <color>cce67600</color>
            </PolyStyle>
          </Style>
          <LineString>
            <extrude>1</extrude>
            <tessellate>0</tessellate>
            <altitudeMode>absolute</altitudeMode>
            <coordinates>51.451167907,25.48675016,12.796 51.451145198,25.486788052,12.877 </coordinates>
          </LineString>
        </Placemark>
        <Placemark>
          <name><![CDATA[<span style="color:#006ae6">trkpt 914</span>]]></name>
          <Style>
            <LineStyle>
              <color>ffe66a00</color>
              <width>4</width>
            </LineStyle>
            <PolyStyle>
              <color>cce66a00</color>
            </PolyStyle>
          </Style>
          <LineString>
            <extrude>1</extrude>
            <tessellate>0</tessellate>
            <altitudeMode>absolute</altitudeMode>
            <coordinates>51.451145198,25.486788052,12.877 51.451122445,25.486825708,12.959 </coordinates>
          </LineString>
        </Placemark>
        <Placemark>
          <name><![CDATA[<span style="color:#005fe6">trkpt 915</span>]]></name>
          <Style>
            <LineStyle>
              <color>ffe65f00</color>
              <width>4</width>
            </LineStyle>
            <PolyStyle>
              <color>cce65f00</color>
            </PolyStyle>
          </Style>
          <LineString>
            <extrude>1</extrude>
            <tessellate>0</tessellate>
            <altitudeMode>absolute</altitudeMode>
            <coordinates>51.451122445,25.486825708,12.959 51.451099868,25.48686363,13.052 </coordinates>
          </LineString>
        </Placemark>
        <Placemark>
          <name><![CDATA[<span style="color:#0051e6">trkpt 916</span>]]></name>
          <Style>
            <LineStyle>
              <color>ffe65100</color>
              <width>4</width>
            </LineStyle>
            <PolyStyle>
              <color>cce65100</color>
            </PolyStyle>
          </Style>
          <LineString>
            <extrude>1</extrude>
            <tessellate>0</tessellate>
            <altitudeMode>absolute</altitudeMode>
            <coordinates>51.451099868,25.48686363,13.052 51.45107725,25.48690147,13.141 </coordinates>
          </LineString>
        </Placemark>
        <Placemark>
          <name><![CDATA[<span style="color:#0043e6">trkpt 917</span>]]></name>
          <Style>
            <LineStyle>
              <color>ffe64300</color>
              <width>4</width>
            </LineStyle>
            <PolyStyle>
              <color>cce64300</color>
            </PolyStyle>
          </Style>
          <LineString>
            <extrude>1</extrude>
            <tessellate>0</tessellate>
            <altitudeMode>absolute</altitudeMode>
            <coordinates>51.45107725,25.48690147,13.141 51.451054577,25.486939328,13.207 </coordinates>
          </LineString>
        </Placemark>
        <Placemark>
          <name><![CDATA[<span style="color:#003ae6">trkpt 918</span>]]></name>
          <Style>
            <LineStyle>
              <color>ffe63a00</color>
              <width>4</width>
            </LineStyle>
            <PolyStyle>
              <color>cce63a00</color>
            </PolyStyle>
          </Style>
          <LineString>
            <extrude>1</extrude>
            <tessellate>0</tessellate>
            <altitudeMode>absolute</altitudeMode>
            <coordinates>51.451054577,25.486939328,13.207 51.451031747,25.486977002,13.051 </coordinates>
          </LineString>
        </Placemark>
        <Placemark>
          <name><![CDATA[<span style="color:#0051e6">trkpt 919</span>]]></name>
          <Style>
            <LineStyle>
              <color>ffe65100</color>
              <width>4</width>
            </LineStyle>
            <PolyStyle>
              <color>cce65100</color>
            </PolyStyle>
          </Style>
          <LineString>
            <extrude>1</extrude>
            <tessellate>0</tessellate>
            <altitudeMode>absolute</altitudeMode>
            <coordinates>51.451031747,25.486977002,13.051 51.451009088,25.487014747,12.861 </coordinates>
          </LineString>
        </Placemark>
        <Placemark>
          <name><![CDATA[<span style="color:#006de6">trkpt 920</span>]]></name>
          <Style>
            <LineStyle>
              <color>ffe66d00</color>
              <width>4</width>
            </LineStyle>
            <PolyStyle>
              <color>cce66d00</color>
            </PolyStyle>
          </Style>
          <LineString>
            <extrude>1</extrude>
            <tessellate>0</tessellate>
            <altitudeMode>absolute</altitudeMode>
            <coordinates>51.451009088,25.487014747,12.861 51.450986318,25.487052462,12.672 </coordinates>
          </LineString>
        </Placemark>
        <Placemark>
          <name><![CDATA[<span style="color:#0086e6">trkpt 921</span>]]></name>
          <Style>
            <LineStyle>
              <color>ffe68600</color>
              <width>4</width>
            </LineStyle>
            <PolyStyle>
              <color>cce68600</color>
            </PolyStyle>
          </Style>
          <LineString>
            <extrude>1</extrude>
            <tessellate>0</tessellate>
            <altitudeMode>absolute</altitudeMode>
            <coordinates>51.450986318,25.487052462,12.672 51.450963613,25.487089902,12.484 </coordinates>
          </LineString>
        </Placemark>
        <Placemark>
          <name><![CDATA[<span style="color:#00a1e6">trkpt 922</span>]]></name>
          <Style>
            <LineStyle>
              <color>ffe6a100</color>
              <width>4</width>
            </LineStyle>
            <PolyStyle>
              <color>cce6a100</color>
            </PolyStyle>
          </Style>
          <LineString>
            <extrude>1</extrude>
            <tessellate>0</tessellate>
            <altitudeMode>absolute</altitudeMode>
            <coordinates>51.450963613,25.487089902,12.484 51.450940958,25.487127418,12.295 </coordinates>
          </LineString>
        </Placemark>
        <Placemark>
          <name><![CDATA[<span style="color:#00bde6">trkpt 923</span>]]></name>
          <Style>
            <LineStyle>
              <color>ffe6bd00</color>
              <width>4</width>
            </LineStyle>
            <PolyStyle>
              <color>cce6bd00</color>
            </PolyStyle>
          </Style>
          <LineString>
            <extrude>1</extrude>
            <tessellate>0</tessellate>
            <altitudeMode>absolute</altitudeMode>
            <coordinates>51.450940958,25.487127418,12.295 51.450918357,25.487164503,12.109 </coordinates>
          </LineString>
        </Placemark>
        <Placemark>
          <name><![CDATA[<span style="color:#00d6e6">trkpt 924</span>]]></name>
          <Style>
            <LineStyle>
              <color>ffe6d600</color>
              <width>4</width>
            </LineStyle>
            <PolyStyle>
              <color>cce6d600</color>
            </PolyStyle>
          </Style>
          <LineString>
            <extrude>1</extrude>
            <tessellate>0</tessellate>
            <altitudeMode>absolute</altitudeMode>
            <coordinates>51.450918357,25.487164503,12.109 51.45089595,25.487201777,11.922 </coordinates>
          </LineString>
        </Placemark>
        <Placemark>
          <name><![CDATA[<span style="color:#00e6d9">trkpt 925</span>]]></name>
          <Style>
            <LineStyle>
              <color>ffd9e600</color>
              <width>4</width>
            </LineStyle>
            <PolyStyle>
              <color>ccd9e600</color>
            </PolyStyle>
          </Style>
          <LineString>
            <extrude>1</extrude>
            <tessellate>0</tessellate>
            <altitudeMode>absolute</altitudeMode>
            <coordinates>51.45089595,25.487201777,11.922 51.450873722,25.487238603,11.737 </coordinates>
          </LineString>
        </Placemark>
        <Placemark>
          <name><![CDATA[<span style="color:#00e6bd">trkpt 926</span>]]></name>
          <Style>
            <LineStyle>
              <color>ffbde600</color>
              <width>4</width>
            </LineStyle>
            <PolyStyle>
              <color>ccbde600</color>
            </PolyStyle>
          </Style>
          <LineString>
            <extrude>1</extrude>
            <tessellate>0</tessellate>
            <altitudeMode>absolute</altitudeMode>
            <coordinates>51.450873722,25.487238603,11.737 51.450851545,25.487275325,11.552 </coordinates>
          </LineString>
        </Placemark>
        <Placemark>
          <name><![CDATA[<span style="color:#00e6a4">trkpt 927</span>]]></name>
          <Style>
            <LineStyle>
              <color>ffa4e600</color>
              <width>4</width>
            </LineStyle>
            <PolyStyle>
              <color>cca4e600</color>
            </PolyStyle>
          </Style>
          <LineString>
            <extrude>1</extrude>
            <tessellate>0</tessellate>
            <altitudeMode>absolute</altitudeMode>
            <coordinates>51.450851545,25.487275325,11.552 51.450829633,25.487311447,11.358 </coordinates>
          </LineString>
        </Placemark>
        <Placemark>
          <name><![CDATA[<span style="color:#00e689">trkpt 928</span>]]></name>
          <Style>
            <LineStyle>
              <color>ff89e600</color>
              <width>4</width>
            </LineStyle>
            <PolyStyle>
              <color>cc89e600</color>
            </PolyStyle>
          </Style>
          <LineString>
            <extrude>1</extrude>
            <tessellate>0</tessellate>
            <altitudeMode>absolute</altitudeMode>
            <coordinates>51.450829633,25.487311447,11.358 51.450807987,25.487347242,11.1 </coordinates>
          </LineString>
        </Placemark>
        <Placemark>
          <name><![CDATA[<span style="color:#00e664">trkpt 929</span>]]></name>
          <Style>
            <LineStyle>
              <color>ff64e600</color>
              <width>4</width>
            </LineStyle>
            <PolyStyle>
              <color>cc64e600</color>
            </PolyStyle>
          </Style>
          <LineString>
            <extrude>1</extrude>
            <tessellate>0</tessellate>
            <altitudeMode>absolute</altitudeMode>
            <coordinates>51.450807987,25.487347242,11.1 51.45078665,25.487382565,10.846 </coordinates>
          </LineString>
        </Placemark>
        <Placemark>
          <name><![CDATA[<span style="color:#00e63f">trkpt 930</span>]]></name>
          <Style>
            <LineStyle>
              <color>ff3fe600</color>
              <width>4</width>
            </LineStyle>
            <PolyStyle>
              <color>cc3fe600</color>
            </PolyStyle>
          </Style>
          <LineString>
            <extrude>1</extrude>
            <tessellate>0</tessellate>
            <altitudeMode>absolute</altitudeMode>
            <coordinates>51.45078665,25.487382565,10.846 51.45076559,25.487417512,10.594 </coordinates>
          </LineString>
        </Placemark>
        <Placemark>
          <name><![CDATA[<span style="color:#00e61a">trkpt 931</span>]]></name>
          <Style>
            <LineStyle>
              <color>ff1ae600</color>
              <width>4</width>
            </LineStyle>
            <PolyStyle>
              <color>cc1ae600</color>
            </PolyStyle>
          </Style>
          <LineString>
            <extrude>1</extrude>
            <tessellate>0</tessellate>
            <altitudeMode>absolute</altitudeMode>
            <coordinates>51.45076559,25.487417512,10.594 51.450744848,25.487451972,10.346 </coordinates>
          </LineString>
        </Placemark>
        <Placemark>
          <name><![CDATA[<span style="color:#08e600">trkpt 932</span>]]></name>
          <Style>
            <LineStyle>
              <color>ff00e608</color>
              <width>4</width>
            </LineStyle>
            <PolyStyle>
              <color>cc00e608</color>
            </PolyStyle>
          </Style>
          <LineString>
            <extrude>1</extrude>
            <tessellate>0</tessellate>
            <altitudeMode>absolute</altitudeMode>
            <coordinates>51.450744848,25.487451972,10.346 51.45072418,25.487485937,10.101 </coordinates>
          </LineString>
        </Placemark>
        <Placemark>
          <name><![CDATA[<span style="color:#2be600">trkpt 933</span>]]></name>
          <Style>
            <LineStyle>
              <color>ff00e62b</color>
              <width>4</width>
            </LineStyle>
            <PolyStyle>
              <color>cc00e62b</color>
            </PolyStyle>
          </Style>
          <LineString>
            <extrude>1</extrude>
            <tessellate>0</tessellate>
            <altitudeMode>absolute</altitudeMode>
            <coordinates>51.45072418,25.487485937,10.101 51.450703912,25.487519617,9.962 </coordinates>
          </LineString>
        </Placemark>
        <Placemark>
          <name><![CDATA[<span style="color:#3fe600">trkpt 934</span>]]></name>
          <Style>
            <LineStyle>
              <color>ff00e63f</color>
              <width>4</width>
            </LineStyle>
            <PolyStyle>
              <color>cc00e63f</color>
            </PolyStyle>
          </Style>
          <LineString>
            <extrude>1</extrude>
            <tessellate>0</tessellate>
            <altitudeMode>absolute</altitudeMode>
            <coordinates>51.450703912,25.487519617,9.962 51.450683818,25.487552788,9.912 </coordinates>
          </LineString>
        </Placemark>
        <Placemark>
          <name><![CDATA[<span style="color:#46e600">trkpt 935</span>]]></name>
          <Style>
            <LineStyle>
              <color>ff00e646</color>
              <width>4</width>
            </LineStyle>
            <PolyStyle>
              <color>cc00e646</color>
            </PolyStyle>
          </Style>
          <LineString>
            <extrude>1</extrude>
            <tessellate>0</tessellate>
            <altitudeMode>absolute</altitudeMode>
            <coordinates>51.450683818,25.487552788,9.912 51.45066397,25.487585528,9.88 </coordinates>
          </LineString>
        </Placemark>
        <Placemark>
          <name><![CDATA[<span style="color:#4be600">trkpt 936</span>]]></name>
          <Style>
            <LineStyle>
              <color>ff00e64b</color>
              <width>4</width>
            </LineStyle>
            <PolyStyle>
              <color>cc00e64b</color>
            </PolyStyle>
          </Style>
          <LineString>
            <extrude>1</extrude>
            <tessellate>0</tessellate>
            <altitudeMode>absolute</altitudeMode>
            <coordinates>51.45066397,25.487585528,9.88 51.450644482,25.48761793,9.864 </coordinates>
          </LineString>
        </Placemark>
        <Placemark>
          <name><![CDATA[<span style="color:#4de600">trkpt 937</span>]]></name>
          <Style>
            <LineStyle>
              <color>ff00e64d</color>
              <width>4</width>
            </LineStyle>
            <PolyStyle>
              <color>cc00e64d</color>
            </PolyStyle>
          </Style>
          <LineString>
            <extrude>1</extrude>
            <tessellate>0</tessellate>
            <altitudeMode>absolute</altitudeMode>
            <coordinates>51.450644482,25.48761793,9.864 51.45062513,25.487649902,9.865 </coordinates>
          </LineString>
        </Placemark>
        <Placemark>
          <name><![CDATA[<span style="color:#4de600">trkpt 938</span>]]></name>
          <Style>
            <LineStyle>
              <color>ff00e64d</color>
              <width>4</width>
            </LineStyle>
            <PolyStyle>
              <color>cc00e64d</color>
            </PolyStyle>
          </Style>
          <LineString>
            <extrude>1</extrude>
            <tessellate>0</tessellate>
            <altitudeMode>absolute</altitudeMode>
            <coordinates>51.45062513,25.487649902,9.865 51.450606188,25.487681393,9.881 </coordinates>
          </LineString>
        </Placemark>
        <Placemark>
          <name><![CDATA[<span style="color:#4be600">trkpt 939</span>]]></name>
          <Style>
            <LineStyle>
              <color>ff00e64b</color>
              <width>4</width>
            </LineStyle>
            <PolyStyle>
              <color>cc00e64b</color>
            </PolyStyle>
          </Style>
          <LineString>
            <extrude>1</extrude>
            <tessellate>0</tessellate>
            <altitudeMode>absolute</altitudeMode>
            <coordinates>51.450606188,25.487681393,9.881 51.450587505,25.48771234,9.912 </coordinates>
          </LineString>
        </Placemark>
        <Placemark>
          <name><![CDATA[<span style="color:#46e600">trkpt 940</span>]]></name>
          <Style>
            <LineStyle>
              <color>ff00e646</color>
              <width>4</width>
            </LineStyle>
            <PolyStyle>
              <color>cc00e646</color>
            </PolyStyle>
          </Style>
          <LineString>
            <extrude>1</extrude>
            <tessellate>0</tessellate>
            <altitudeMode>absolute</altitudeMode>
            <coordinates>51.450587505,25.48771234,9.912 51.450569208,25.48774299,9.957 </coordinates>
          </LineString>
        </Placemark>
        <Placemark>
          <name><![CDATA[<span style="color:#3fe600">trkpt 941</span>]]></name>
          <Style>
            <LineStyle>
              <color>ff00e63f</color>
              <width>4</width>
            </LineStyle>
            <PolyStyle>
              <color>cc00e63f</color>
            </PolyStyle>
          </Style>
          <LineString>
            <extrude>1</extrude>
            <tessellate>0</tessellate>
            <altitudeMode>absolute</altitudeMode>
            <coordinates>51.450569208,25.48774299,9.957 51.45055128,25.487772952,10.015 </coordinates>
          </LineString>
        </Placemark>
        <Placemark>
          <name><![CDATA[<span style="color:#36e600">trkpt 942</span>]]></name>
          <Style>
            <LineStyle>
              <color>ff00e636</color>
              <width>4</width>
            </LineStyle>
            <PolyStyle>
              <color>cc00e636</color>
            </PolyStyle>
          </Style>
          <LineString>
            <extrude>1</extrude>
            <tessellate>0</tessellate>
            <altitudeMode>absolute</altitudeMode>
            <coordinates>51.45055128,25.487772952,10.015 51.450533517,25.487802458,10.079 </coordinates>
          </LineString>
        </Placemark>
        <Placemark>
          <name><![CDATA[<span style="color:#2de600">trkpt 943</span>]]></name>
          <Style>
            <LineStyle>
              <color>ff00e62d</color>
              <width>4</width>
            </LineStyle>
            <PolyStyle>
              <color>cc00e62d</color>
            </PolyStyle>
          </Style>
          <LineString>
            <extrude>1</extrude>
            <tessellate>0</tessellate>
            <altitudeMode>absolute</altitudeMode>
            <coordinates>51.450533517,25.487802458,10.079 51.450516343,25.487831577,10.141 </coordinates>
          </LineString>
        </Placemark>
        <Placemark>
          <name><![CDATA[<span style="color:#26e600">trkpt 944</span>]]></name>
          <Style>
            <LineStyle>
              <color>ff00e626</color>
              <width>4</width>
            </LineStyle>
            <PolyStyle>
              <color>cc00e626</color>
            </PolyStyle>
          </Style>
          <LineString>
            <extrude>1</extrude>
            <tessellate>0</tessellate>
            <altitudeMode>absolute</altitudeMode>
            <coordinates>51.450516343,25.487831577,10.141 51.450499108,25.487860022,10.203 </coordinates>
          </LineString>
        </Placemark>
        <Placemark>
          <name><![CDATA[<span style="color:#1de600">trkpt 945</span>]]></name>
          <Style>
            <LineStyle>
              <color>ff00e61d</color>
              <width>4</width>
            </LineStyle>
            <PolyStyle>
              <color>cc00e61d</color>
            </PolyStyle>
          </Style>
          <LineString>
            <extrude>1</extrude>
            <tessellate>0</tessellate>
            <altitudeMode>absolute</altitudeMode>
            <coordinates>51.450499108,25.487860022,10.203 51.450482403,25.487888152,10.263 </coordinates>
          </LineString>
        </Placemark>
        <Placemark>
          <name><![CDATA[<span style="color:#14e600">trkpt 946</span>]]></name>
          <Style>
            <LineStyle>
              <color>ff00e614</color>
              <width>4</width>
            </LineStyle>
            <PolyStyle>
              <color>cc00e614</color>
            </PolyStyle>
          </Style>
          <LineString>
            <extrude>1</extrude>
            <tessellate>0</tessellate>
            <altitudeMode>absolute</altitudeMode>
            <coordinates>51.450482403,25.487888152,10.263 51.450465815,25.487915617,10.323 </coordinates>
          </LineString>
        </Placemark>
        <Placemark>
          <name><![CDATA[<span style="color:#0be600">trkpt 947</span>]]></name>
          <Style>
            <LineStyle>
              <color>ff00e60b</color>
              <width>4</width>
            </LineStyle>
            <PolyStyle>
              <color>cc00e60b</color>
            </PolyStyle>
          </Style>
          <LineString>
            <extrude>1</extrude>
            <tessellate>0</tessellate>
            <altitudeMode>absolute</altitudeMode>
            <coordinates>51.450465815,25.487915617,10.323 51.450449648,25.487942707,10.381 </coordinates>
          </LineString>
        </Placemark>
        <Placemark>
          <name><![CDATA[<span style="color:#04e600">trkpt 948</span>]]></name>
          <Style>
            <LineStyle>
              <color>ff00e604</color>
              <width>4</width>
            </LineStyle>
            <PolyStyle>
              <color>cc00e604</color>
            </PolyStyle>
          </Style>
          <LineString>
            <extrude>1</extrude>
            <tessellate>0</tessellate>
            <altitudeMode>absolute</altitudeMode>
            <coordinates>51.450449648,25.487942707,10.381 51.450433805,25.487969127,10.438 </coordinates>
          </LineString>
        </Placemark>
        <Placemark>
          <name><![CDATA[<span style="color:#00e606">trkpt 949</span>]]></name>
          <Style>
            <LineStyle>
              <color>ff06e600</color>
              <width>4</width>
            </LineStyle>
            <PolyStyle>
              <color>cc06e600</color>
            </PolyStyle>
          </Style>
          <LineString>
            <extrude>1</extrude>
            <tessellate>0</tessellate>
            <altitudeMode>absolute</altitudeMode>
            <coordinates>51.450433805,25.487969127,10.438 51.450418345,25.48799507,10.494 </coordinates>
          </LineString>
        </Placemark>
        <Placemark>
          <name><![CDATA[<span style="color:#00e60c">trkpt 950</span>]]></name>
          <Style>
            <LineStyle>
              <color>ff0ce600</color>
              <width>4</width>
            </LineStyle>
            <PolyStyle>
              <color>cc0ce600</color>
            </PolyStyle>
          </Style>
          <LineString>
            <extrude>1</extrude>
            <tessellate>0</tessellate>
            <altitudeMode>absolute</altitudeMode>
            <coordinates>51.450418345,25.48799507,10.494 51.450403297,25.4880204,10.548 </coordinates>
          </LineString>
        </Placemark>
        <Placemark>
          <name><![CDATA[<span style="color:#00e616">trkpt 951</span>]]></name>
          <Style>
            <LineStyle>
              <color>ff16e600</color>
              <width>4</width>
            </LineStyle>
            <PolyStyle>
              <color>cc16e600</color>
            </PolyStyle>
          </Style>
          <LineString>
            <extrude>1</extrude>
            <tessellate>0</tessellate>
            <altitudeMode>absolute</altitudeMode>
            <coordinates>51.450403297,25.4880204,10.548 51.450388705,25.488044983,10.601 </coordinates>
          </LineString>
        </Placemark>
        <Placemark>
          <name><![CDATA[<span style="color:#00e61d">trkpt 952</span>]]></name>
          <Style>
            <LineStyle>
              <color>ff1de600</color>
              <width>4</width>
            </LineStyle>
            <PolyStyle>
              <color>cc1de600</color>
            </PolyStyle>
          </Style>
          <LineString>
            <extrude>1</extrude>
            <tessellate>0</tessellate>
            <altitudeMode>absolute</altitudeMode>
            <coordinates>51.450388705,25.488044983,10.601 51.450374557,25.488068943,10.668 </coordinates>
          </LineString>
        </Placemark>
        <Placemark>
          <name><![CDATA[<span style="color:#00e626">trkpt 953</span>]]></name>
          <Style>
            <LineStyle>
              <color>ff26e600</color>
              <width>4</width>
            </LineStyle>
            <PolyStyle>
              <color>cc26e600</color>
            </PolyStyle>
          </Style>
          <LineString>
            <extrude>1</extrude>
            <tessellate>0</tessellate>
            <altitudeMode>absolute</altitudeMode>
            <coordinates>51.450374557,25.488068943,10.668 51.450360812,25.488092222,10.741 </coordinates>
          </LineString>
        </Placemark>
        <Placemark>
          <name><![CDATA[<span style="color:#00e631">trkpt 954</span>]]></name>
          <Style>
            <LineStyle>
              <color>ff31e600</color>
              <width>4</width>
            </LineStyle>
            <PolyStyle>
              <color>cc31e600</color>
            </PolyStyle>
          </Style>
          <LineString>
            <extrude>1</extrude>
            <tessellate>0</tessellate>
            <altitudeMode>absolute</altitudeMode>
            <coordinates>51.450360812,25.488092222,10.741 51.450347402,25.488114762,10.803 </coordinates>
          </LineString>
        </Placemark>
        <Placemark>
          <name><![CDATA[<span style="color:#00e638">trkpt 955</span>]]></name>
          <Style>
            <LineStyle>
              <color>ff38e600</color>
              <width>4</width>
            </LineStyle>
            <PolyStyle>
              <color>cc38e600</color>
            </PolyStyle>
          </Style>
          <LineString>
            <extrude>1</extrude>
            <tessellate>0</tessellate>
            <altitudeMode>absolute</altitudeMode>
            <coordinates>51.450347402,25.488114762,10.803 51.450334517,25.488136505,10.855 </coordinates>
          </LineString>
        </Placemark>
        <Placemark>
          <name><![CDATA[<span style="color:#00e641">trkpt 956</span>]]></name>
          <Style>
            <LineStyle>
              <color>ff41e600</color>
              <width>4</width>
            </LineStyle>
            <PolyStyle>
              <color>cc41e600</color>
            </PolyStyle>
          </Style>
          <LineString>
            <extrude>1</extrude>
            <tessellate>0</tessellate>
            <altitudeMode>absolute</altitudeMode>
            <coordinates>51.450334517,25.488136505,10.855 51.450321783,25.48815755,10.9 </coordinates>
          </LineString>
        </Placemark>
        <Placemark>
          <name><![CDATA[<span style="color:#00e646">trkpt 957</span>]]></name>
          <Style>
            <LineStyle>
              <color>ff46e600</color>
              <width>4</width>
            </LineStyle>
            <PolyStyle>
              <color>cc46e600</color>
            </PolyStyle>
          </Style>
          <LineString>
            <extrude>1</extrude>
            <tessellate>0</tessellate>
            <altitudeMode>absolute</altitudeMode>
            <coordinates>51.450321783,25.48815755,10.9 51.450309658,25.488178018,10.936 </coordinates>
          </LineString>
        </Placemark>
        <Placemark>
          <name><![CDATA[<span style="color:#00e64d">trkpt 958</span>]]></name>
          <Style>
            <LineStyle>
              <color>ff4de600</color>
              <width>4</width>
            </LineStyle>
            <PolyStyle>
              <color>cc4de600</color>
            </PolyStyle>
          </Style>
          <LineString>
            <extrude>1</extrude>
            <tessellate>0</tessellate>
            <altitudeMode>absolute</altitudeMode>
            <coordinates>51.450309658,25.488178018,10.936 51.450297597,25.488197857,10.965 </coordinates>
          </LineString>
        </Placemark>
        <Placemark>
          <name><![CDATA[<span style="color:#00e651">trkpt 959</span>]]></name>
          <Style>
            <LineStyle>
              <color>ff51e600</color>
              <width>4</width>
            </LineStyle>
            <PolyStyle>
              <color>cc51e600</color>
            </PolyStyle>
          </Style>
          <LineString>
            <extrude>1</extrude>
            <tessellate>0</tessellate>
            <altitudeMode>absolute</altitudeMode>
            <coordinates>51.450297597,25.488197857,10.965 51.450286128,25.488216925,10.987 </coordinates>
          </LineString>
        </Placemark>
        <Placemark>
          <name><![CDATA[<span style="color:#00e654">trkpt 960</span>]]></name>
          <Style>
            <LineStyle>
              <color>ff54e600</color>
              <width>4</width>
            </LineStyle>
            <PolyStyle>
              <color>cc54e600</color>
            </PolyStyle>
          </Style>
          <LineString>
            <extrude>1</extrude>
            <tessellate>0</tessellate>
            <altitudeMode>absolute</altitudeMode>
            <coordinates>51.450286128,25.488216925,10.987 51.450275278,25.488235237,11.018 </coordinates>
          </LineString>
        </Placemark>
        <Placemark>
          <name><![CDATA[<span style="color:#00e658">trkpt 961</span>]]></name>
          <Style>
            <LineStyle>
              <color>ff58e600</color>
              <width>4</width>
            </LineStyle>
            <PolyStyle>
              <color>cc58e600</color>
            </PolyStyle>
          </Style>
          <LineString>
            <extrude>1</extrude>
            <tessellate>0</tessellate>
            <altitudeMode>absolute</altitudeMode>
            <coordinates>51.450275278,25.488235237,11.018 51.450264847,25.488252933,11.093 </coordinates>
          </LineString>
        </Placemark>
        <Placemark>
          <name><![CDATA[<span style="color:#00e662">trkpt 962</span>]]></name>
          <Style>
            <LineStyle>
              <color>ff62e600</color>
              <width>4</width>
            </LineStyle>
            <PolyStyle>
              <color>cc62e600</color>
            </PolyStyle>
          </Style>
          <LineString>
            <extrude>1</extrude>
            <tessellate>0</tessellate>
            <altitudeMode>absolute</altitudeMode>
            <coordinates>51.450264847,25.488252933,11.093 51.45025485,25.488269525,11.165 </coordinates>
          </LineString>
        </Placemark>
        <Placemark>
          <name><![CDATA[<span style="color:#00e66d">trkpt 963</span>]]></name>
          <Style>
            <LineStyle>
              <color>ff6de600</color>
              <width>4</width>
            </LineStyle>
            <PolyStyle>
              <color>cc6de600</color>
            </PolyStyle>
          </Style>
          <LineString>
            <extrude>1</extrude>
            <tessellate>0</tessellate>
            <altitudeMode>absolute</altitudeMode>
            <coordinates>51.45025485,25.488269525,11.165 51.450245598,25.488285217,11.232 </coordinates>
          </LineString>
        </Placemark>
        <Placemark>
          <name><![CDATA[<span style="color:#00e676">trkpt 964</span>]]></name>
          <Style>
            <LineStyle>
              <color>ff76e600</color>
              <width>4</width>
            </LineStyle>
            <PolyStyle>
              <color>cc76e600</color>
            </PolyStyle>
          </Style>
          <LineString>
            <extrude>1</extrude>
            <tessellate>0</tessellate>
            <altitudeMode>absolute</altitudeMode>
            <coordinates>51.450245598,25.488285217,11.232 51.450236712,25.488300018,11.296 </coordinates>
          </LineString>
        </Placemark>
        <Placemark>
          <name><![CDATA[<span style="color:#00e67f">trkpt 965</span>]]></name>
          <Style>
            <LineStyle>
              <color>ff7fe600</color>
              <width>4</width>
            </LineStyle>
            <PolyStyle>
              <color>cc7fe600</color>
            </PolyStyle>
          </Style>
          <LineString>
            <extrude>1</extrude>
            <tessellate>0</tessellate>
            <altitudeMode>absolute</altitudeMode>
            <coordinates>51.450236712,25.488300018,11.296 51.450228448,25.488313762,11.355 </coordinates>
          </LineString>
        </Placemark>
        <Placemark>
          <name><![CDATA[<span style="color:#00e689">trkpt 966</span>]]></name>
          <Style>
            <LineStyle>
              <color>ff89e600</color>
              <width>4</width>
            </LineStyle>
            <PolyStyle>
              <color>cc89e600</color>
            </PolyStyle>
          </Style>
          <LineString>
            <extrude>1</extrude>
            <tessellate>0</tessellate>
            <altitudeMode>absolute</altitudeMode>
            <coordinates>51.450228448,25.488313762,11.355 51.45022087,25.488326565,11.41 </coordinates>
          </LineString>
        </Placemark>
        <Placemark>
          <name><![CDATA[<span style="color:#00e68f">trkpt 967</span>]]></name>
          <Style>
            <LineStyle>
              <color>ff8fe600</color>
              <width>4</width>
            </LineStyle>
            <PolyStyle>
              <color>cc8fe600</color>
            </PolyStyle>
          </Style>
          <LineString>
            <extrude>1</extrude>
            <tessellate>0</tessellate>
            <altitudeMode>absolute</altitudeMode>
            <coordinates>51.45022087,25.488326565,11.41 51.450213708,25.488338383,11.457 </coordinates>
          </LineString>
        </Placemark>
        <Placemark>
          <name><![CDATA[<span style="color:#00e696">trkpt 968</span>]]></name>
          <Style>
            <LineStyle>
              <color>ff96e600</color>
              <width>4</width>
            </LineStyle>
            <PolyStyle>
              <color>cc96e600</color>
            </PolyStyle>
          </Style>
          <LineString>
            <extrude>1</extrude>
            <tessellate>0</tessellate>
            <altitudeMode>absolute</altitudeMode>
            <coordinates>51.450213708,25.488338383,11.457 51.450207335,25.488349427,11.492 </coordinates>
          </LineString>
        </Placemark>
        <Placemark>
          <name><![CDATA[<span style="color:#00e69b">trkpt 969</span>]]></name>
          <Style>
            <LineStyle>
              <color>ff9be600</color>
              <width>4</width>
            </LineStyle>
            <PolyStyle>
              <color>cc9be600</color>
            </PolyStyle>
          </Style>
          <LineString>
            <extrude>1</extrude>
            <tessellate>0</tessellate>
            <altitudeMode>absolute</altitudeMode>
            <coordinates>51.450207335,25.488349427,11.492 51.450201203,25.488359512,11.525 </coordinates>
          </LineString>
        </Placemark>
        <Placemark>
          <name><![CDATA[<span style="color:#00e6a0">trkpt 970</span>]]></name>
          <Style>
            <LineStyle>
              <color>ffa0e600</color>
              <width>4</width>
            </LineStyle>
            <PolyStyle>
              <color>cca0e600</color>
            </PolyStyle>
          </Style>
          <LineString>
            <extrude>1</extrude>
            <tessellate>0</tessellate>
            <altitudeMode>absolute</altitudeMode>
            <coordinates>51.450201203,25.488359512,11.525 51.450195737,25.488368735,11.553 </coordinates>
          </LineString>
        </Placemark>
        <Placemark>
          <name><![CDATA[<span style="color:#00e6a4">trkpt 971</span>]]></name>
          <Style>
            <LineStyle>
              <color>ffa4e600</color>
              <width>4</width>
            </LineStyle>
            <PolyStyle>
              <color>cca4e600</color>
            </PolyStyle>
          </Style>
          <LineString>
            <extrude>1</extrude>
            <tessellate>0</tessellate>
            <altitudeMode>absolute</altitudeMode>
            <coordinates>51.450195737,25.488368735,11.553 51.450190757,25.488377042,11.577 </coordinates>
          </LineString>
        </Placemark>
        <Placemark>
          <name><![CDATA[<span style="color:#00e6a9">trkpt 972</span>]]></name>
          <Style>
            <LineStyle>
              <color>ffa9e600</color>
              <width>4</width>
            </LineStyle>
            <PolyStyle>
              <color>cca9e600</color>
            </PolyStyle>
          </Style>
          <LineString>
            <extrude>1</extrude>
            <tessellate>0</tessellate>
            <altitudeMode>absolute</altitudeMode>
            <coordinates>51.450190757,25.488377042,11.577 51.450182705,25.488390827,11.614 </coordinates>
          </LineString>
        </Placemark>
        <Placemark>
          <name><![CDATA[<span style="color:#00e6ad">trkpt 973</span>]]></name>
          <Style>
            <LineStyle>
              <color>ffade600</color>
              <width>4</width>
            </LineStyle>
            <PolyStyle>
              <color>ccade600</color>
            </PolyStyle>
          </Style>
          <LineString>
            <extrude>1</extrude>
            <tessellate>0</tessellate>
            <altitudeMode>absolute</altitudeMode>
            <coordinates>51.450182705,25.488390827,11.614 51.450177045,25.488401105,11.637 </coordinates>
          </LineString>
        </Placemark>
        <Placemark>
          <name><![CDATA[<span style="color:#00e6b0">trkpt 974</span>]]></name>
          <Style>
            <LineStyle>
              <color>ffb0e600</color>
              <width>4</width>
            </LineStyle>
            <PolyStyle>
              <color>ccb0e600</color>
            </PolyStyle>
          </Style>
          <LineString>
            <extrude>1</extrude>
            <tessellate>0</tessellate>
            <altitudeMode>absolute</altitudeMode>
            <coordinates>51.450177045,25.488401105,11.637 51.450172148,25.488410122,11.655 </coordinates>
          </LineString>
        </Placemark>
        <Placemark>
          <name><![CDATA[<span style="color:#00e6b2">trkpt 975</span>]]></name>
          <Style>
            <LineStyle>
              <color>ffb2e600</color>
              <width>4</width>
            </LineStyle>
            <PolyStyle>
              <color>ccb2e600</color>
            </PolyStyle>
          </Style>
          <LineString>
            <extrude>1</extrude>
            <tessellate>0</tessellate>
            <altitudeMode>absolute</altitudeMode>
            <coordinates>51.450172148,25.488410122,11.655 51.450171398,25.488412382,11.657 </coordinates>
          </LineString>
        </Placemark>
      </Folder>
    </Folder>
  </Document>
</kml>
