s_m,grade_pct,heading_deg,v_safe_kmh,r_min_m,stop_event,lap,distance_km,altitude_m,v_kmh,weather_scenario,motor_name,fc_name
0.0,-0.829037071651517,330.34500959653053,366.3741285301944,1242.1002872317251,True,1,0.0,11.7,0.0,typical_january,Innotec Power 145-DZS48-010,SZFC-1000
10.2014187964106,-0.8411753765936891,330.08572225862184,503.4408321954021,2345.329891037917,False,1,0.0102014187964106,11.8,14.4,typical_january,Innotec Power 145-DZS48-010,SZFC-1000
20.193905701219883,-0.8546524735859425,329.95106029381424,678.6194373426551,4261.472153369187,False,1,0.020193905701219882,11.9,19.8,typical_january,Innotec Power 145-DZS48-010,SZFC-1000
30.200335127485587,-0.8410597796868265,329.8794035021897,917.014746678196,7781.435191896543,False,1,0.030200335127485586,11.8,22.5,typical_january,Innotec Power 145-DZS48-010,SZFC-1000
40.20207593336746,-0.7952008805821209,329.8497665814624,1483.4571429647626,20363.71796720456,False,1,0.040202075933367463,11.8,23.400000000000002,typical_january,Innotec Power 145-DZS48-010,SZFC-1000
50.22344031167242,-0.7056475302219121,329.84112917186803,3103.12882898437,89105.94440034128,False,1,0.05022344031167242,11.7,25.2,typical_january,Innotec Power 145-DZS48-010,SZFC-1000
60.23928324418042,-0.5918129734308936,329.8543494656677,1778.4442530329045,29267.63148649472,False,1,0.060239283244180424,11.5,26.1,typical_january,Innotec Power 145-DZS48-010,SZFC-1000
70.2505124709438,-0.49240688049550047,329.87887878445775,1261.97027790655,14736.872234765697,False,1,0.0702505124709438,11.1,26.1,typical_january,Innotec Power 145-DZS48-010,SZFC-1000
80.19022295768362,-0.42198899631551906,329.93425658681304,938.023084119349,8142.056613240304,False,1,0.08019022295768362,10.7,26.1,typical_january,Innotec Power 145-DZS48-010,SZFC-1000
90.21067883410372,-0.3252461391622944,329.9751899529258,1000.6382558388262,9265.338074173347,False,1,0.09021067883410372,10.3,26.1,typical_january,Innotec Power 145-DZS48-010,SZFC-1000
100.2373909557018,-0.22544582950164455,330.02892932328257,1058.69152222139,10371.604227818048,False,1,0.1002373909557018,9.9,26.1,typical_january,Innotec Power 145-DZS48-010,SZFC-1000
110.27654114827055,-0.1706685238558779,330.0714431467468,1150.6137422577094,12250.848768877098,False,1,0.11027654114827055,9.7,26.1,typical_january,Innotec Power 145-DZS48-010,SZFC-1000
120.25945857796953,-0.1435840229730088,330.1059409215344,1401.670232285373,18180.20457015661,False,1,0.12025945857796952,9.7,26.1,typical_january,Innotec Power 145-DZS48-010,SZFC-1000
130.25671971629765,-0.12499268529380941,330.1329141861456,1508.0734904970072,21045.152493785583,False,1,0.13025671971629765,9.7,26.1,typical_january,Innotec Power 145-DZS48-010,SZFC-1000
140.25215946239058,-0.10244941836708668,330.1644299868536,1312.828761541369,15948.624418881078,False,1,0.14025215946239059,9.9,26.1,typical_january,Innotec Power 145-DZS48-010,SZFC-1000
150.26688914939552,-0.1031468782303504,330.19755641590456,1260.4964951151169,14702.471636080934,False,1,0.1502668891493955,10.0,26.1,typical_january,Innotec Power 145-DZS48-010,SZFC-1000
160.29121381448638,-0.15233480092800636,330.24064076104634,1150.7539216231885,12253.833994508095,False,1,0.16029121381448638,10.2,26.1,typical_january,Innotec Power 145-DZS48-010,SZFC-1000
170.28961977815888,-0.2006285065709268,330.29338432475976,986.7884373044184,9010.63026106866,False,1,0.17028961977815887,10.3,26.1,typical_january,Innotec Power 145-DZS48-010,SZFC-1000
180.2605844831068,-0.225399305292265,330.37295189282867,783.1453715875947,5675.339373283672,False,1,0.1802605844831068,10.3,26.1,typical_january,Innotec Power 145-DZS48-010,SZFC-1000
190.2423821731063,-0.2612693570725412,330.4353709954016,1108.4975255606814,11370.420378015198,False,1,0.1902423821731063,10.2,26.1,typical_january,Innotec Power 145-DZS48-010,SZFC-1000
200.262590133342,-0.28334632341524757,330.4725501899587,1324.9855269635705,16245.359790475555,False,1,0.200262590133342,10.0,26.1,typical_january,Innotec Power 145-DZS48-010,SZFC-1000
210.26916147291092,-0.2912523117482749,330.4979538955615,1553.6452933578266,22336.278336810137,False,1,0.21026916147291091,9.6,26.1,typical_january,Innotec Power 145-DZS48-010,SZFC-1000
220.2696301450099,-0.29454367233330053,330.5197956354775,1615.0056532571073,24135.43658535796,False,1,0.2202696301450099,9.2,26.1,typical_january,Innotec Power 145-DZS48-010,SZFC-1000
230.27000193095807,-0.2727748841567268,330.5412567594192,1684.1409938139846,26246.050476896504,False,1,0.23027000193095806,8.8,26.1,typical_january,Innotec Power 145-DZS48-010,SZFC-1000
240.27189528654125,-0.2446185966441653,330.56692963016116,1421.4083349959064,18695.83131417627,False,1,0.24027189528654125,8.4,26.1,typical_january,Innotec Power 145-DZS48-010,SZFC-1000
250.27186117794798,-0.2136566911953833,330.60459943134106,1110.9894687060755,11421.60008550077,False,1,0.250271861177948,8.1,26.1,typical_january,Innotec Power 145-DZS48-010,SZFC-1000
260.2763780314726,-0.19915405337722708,330.6800119769247,789.6711787104084,5770.316574889178,False,1,0.2602763780314726,7.6,26.1,typical_january,Innotec Power 145-DZS48-010,SZFC-1000
270.30749433567894,-0.22151587891126284,330.84710563912984,488.6116747012245,2209.19852519526,False,1,0.27030749433567897,7.2,26.1,typical_january,Innotec Power 145-DZS48-010,SZFC-1000
280.3036539335839,-0.24724736538333228,331.17196286563967,410.4946518115704,1559.2726876549727,False,1,0.2803036539335839,7.3,26.1,typical_january,Innotec Power 145-DZS48-010,SZFC-1000
290.20729899311925,-0.2780452074313081,331.40779274231545,493.1000813997901,2249.9725195978463,False,1,0.29020729899311926,7.5,26.1,typical_january,Innotec Power 145-DZS48-010,SZFC-1000
300.2951790651859,-0.3019752184688462,331.38782326647026,631.5672066615437,3691.018388323916,False,1,0.3002951790651859,7.7,26.1,typical_january,Innotec Power 145-DZS48-010,SZFC-1000
310.3038012550288,-0.2945528023854492,331.2346954554663,626.8763578647635,3636.393288474025,False,1,0.3103038012550288,8.0,26.1,typical_january,Innotec Power 145-DZS48-010,SZFC-1000
320.2513729891294,-0.22071361844969145,331.13603595599363,827.1051558827376,6330.361646962288,False,1,0.32025137298912937,8.7,26.1,typical_january,Innotec Power 145-DZS48-010,SZFC-1000
330.2529714049407,-0.10068263893348516,331.0831053324079,1092.6585773165427,11047.80560666656,False,1,0.3302529714049407,9.4,26.1,typical_january,Innotec Power 145-DZS48-010,SZFC-1000
340.25368897243885,0.08248318066855598,331.05155220806887,1464.0333248776658,19833.93977541658,False,1,0.34025368897243885,9.9,26.1,typical_january,Innotec Power 145-DZS48-010,SZFC-1000
350.2549696711467,0.33619860628481535,331.03348125175796,1645.8282739796794,25065.484468434486,False,1,0.35025496967114667,10.3,26.1,typical_january,Innotec Power 145-DZS48-010,SZFC-1000
360.2852284487095,0.49889854369963205,331.0483275807093,1235.6416032318698,14128.371628455408,False,1,0.3602852284487095,10.7,26.1,typical_january,Innotec Power 145-DZS48-010,SZFC-1000
370.28259929007874,0.5663009350663899,331.08592113880843,1232.9003622871032,14065.754263168596,False,1,0.37028259929007873,10.9,26.1,typical_january,Innotec Power 145-DZS48-010,SZFC-1000
380.2471582776255,0.5944589300080965,331.11435836090885,1461.3829386111036,19762.19274849246,False,1,0.3802471582776255,11.0,26.1,typical_january,Innotec Power 145-DZS48-010,SZFC-1000
390.239225694101,0.5818962237124626,331.1471384139003,1278.6234796502386,15128.379688971392,False,1,0.39023922569410097,11.1,26.1,typical_january,Innotec Power 145-DZS48-010,SZFC-1000
400.2588370129013,0.48812542380712587,331.195540123019,1029.726927708334,9811.856886208736,False,1,0.4002588370129013,11.2,26.1,typical_january,Innotec Power 145-DZS48-010,SZFC-1000
410.2611363627353,0.3975330659264191,331.2601634953876,925.1816630452928,7920.655023841275,False,1,0.41026113636273526,11.3,26.1,typical_january,Innotec Power 145-DZS48-010,SZFC-1000
420.240515047519,0.33258228792808886,331.35898570484426,724.5134744023311,4857.356722078027,False,1,0.420240515047519,11.0,26.1,typical_january,Innotec Power 145-DZS48-010,SZFC-1000
430.1972095283156,0.24516360692849737,331.484933624788,690.9800666602255,4418.126062968456,False,1,0.43019720952831564,10.6,26.1,typical_january,Innotec Power 145-DZS48-010,SZFC-1000
440.22633507245655,0.15975070728856955,331.61707813930417,665.3553972683885,4096.513908359921,False,1,0.44022633507245656,10.3,26.1,typical_january,Innotec Power 145-DZS48-010,SZFC-1000
450.2339928875238,0.13255415266805587,331.78607128920635,546.7539445414837,2766.24674064739,False,1,0.4502339928875238,10.3,26.1,typical_january,Innotec Power 145-DZS48-010,SZFC-1000
460.2150302482008,0.15078081685613132,332.00916683098535,486.8749542446931,2193.5216931314803,False,1,0.46021503024820076,10.3,26.1,typical_january,Innotec Power 145-DZS48-010,SZFC-1000
470.2337653068605,0.17621479865212347,332.3151404616194,429.7143882347475,1708.7040799145573,False,1,0.4702337653068605,10.2,26.1,typical_january,Innotec Power 145-DZS48-010,SZFC-1000
480.1878098703086,0.2248975598178043,332.6749995875365,392.1930855240547,1423.334350599651,False,1,0.4801878098703086,10.1,26.1,typical_january,Innotec Power 145-DZS48-010,SZFC-1000
490.2091187083641,0.3099064887824752,333.14862866813235,332.6556415185918,1023.9926785591624,False,1,0.4902091187083641,10.2,26.1,typical_january,Innotec Power 145-DZS48-010,SZFC-1000
500.2793204843786,0.4172902723016923,333.89824469767734,260.721495314394,629.0146231463674,False,1,0.5002793204843786,10.6,26.1,typical_january,Innotec Power 145-DZS48-010,SZFC-1000
510.3073590345621,0.533264482280204,335.0409982943885,206.13774054602527,393.2077674565883,False,1,0.5103073590345621,10.8,26.1,typical_january,Innotec Power 145-DZS48-010,SZFC-1000
520.4368748028013,0.6356255615229749,337.2103713796303,145.3962072358734,195.61998485547332,False,1,0.5204368748028013,11.0,26.1,typical_january,Innotec Power 145-DZS48-010,SZFC-1000
530.3972941946055,0.6960608572553042,341.1632531398884,106.0889452637134,104.1471353239434,False,1,0.5303972941946055,10.8,25.2,typical_january,Innotec Power 145-DZS48-010,SZFC-1000
540.175572843067,0.7175937649557996,351.82259217815135,67.47683464810434,42.13242617473106,False,1,0.540175572843067,10.5,24.3,typical_january,Innotec Power 145-DZS48-010,SZFC-1000
554.5333838125101,0.6824767068243864,5.731977594855664,72.83030482180331,49.08302501001958,False,1,0.5545333838125102,10.1,23.400000000000002,typical_january,Innotec Power 145-DZS48-010,SZFC-1000
564.0021534375762,0.612124692148909,13.990823151820905,86.68387791526733,69.5318410958259,False,1,0.5640021534375762,9.8,22.5,typical_january,Innotec Power 145-DZS48-010,SZFC-1000
573.646780753823,0.519601922095159,21.54125167671009,88.33011577640988,72.1979164869075,False,1,0.573646780753823,9.6,21.6,typical_january,Innotec Power 145-DZS48-010,SZFC-1000
583.1691446006149,0.4146512024938304,29.680164740593455,81.5177249034848,61.49094481273673,False,1,0.5831691446006149,9.8,20.7,typical_january,Innotec Power 145-DZS48-010,SZFC-1000
592.3283404362279,0.30635746628040705,39.05014289457026,72.30823008565426,48.381856379784494,False,1,0.592328340436228,10.5,20.7,typical_january,Innotec Power 145-DZS48-010,SZFC-1000
601.1744965893065,0.16766792379632403,51.448930788207655,72.10391436079179,48.10882499284145,False,1,0.6011744965893066,11.3,20.7,typical_january,Innotec Power 145-DZS48-010,SZFC-1000
613.755144430818,0.05238111226896734,61.09500955575396,83.68937842919954,64.81085487984271,False,1,0.6137551444308179,12.6,19.8,typical_january,Innotec Power 145-DZS48-010,SZFC-1000
621.435818711601,-0.010653731617878323,69.8516287972975,77.23039027250765,55.192939466825415,False,1,0.6214358187116009,12.8,19.8,typical_january,Innotec Power 145-DZS48-010,SZFC-1000
632.6015577756979,-0.02988794647970283,79.69473901381306,76.46168909472803,54.09969799482516,False,1,0.6326015577756978,12.9,19.8,typical_january,Innotec Power 145-DZS48-010,SZFC-1000
640.6184131477331,0.017115533649510215,92.11232543074459,68.07977411575473,42.88873901562685,False,1,0.6406184131477332,13.0,19.8,typical_january,Innotec Power 145-DZS48-010,SZFC-1000
653.3559008787138,0.08817860134344599,103.04808667993169,80.57324997450867,60.074315141784886,False,1,0.6533559008787138,12.2,19.8,typical_january,Innotec Power 145-DZS48-010,SZFC-1000
661.9884971784126,0.13876354559616366,109.892941149586,88.53589504777905,72.5347017433575,False,1,0.6619884971784126,11.7,19.8,typical_january,Innotec Power 145-DZS48-010,SZFC-1000
670.6193912694242,0.16536217271974452,116.03375734526928,101.5727755231977,95.46885308410556,False,1,0.6706193912694243,11.2,19.8,typical_january,Innotec Power 145-DZS48-010,SZFC-1000
684.204708748788,0.1487387123541231,119.15982149588086,163.21690621651814,246.5115931353272,False,1,0.684204708748788,10.5,19.8,typical_january,Innotec Power 145-DZS48-010,SZFC-1000
693.6232604725003,0.11882323946544977,120.59042338625025,205.96598766220097,392.55280312933695,False,1,0.6936232604725003,10.1,19.8,typical_january,Innotec Power 145-DZS48-010,SZFC-1000
703.1325093051665,0.0772885700512207,121.75031605176548,227.7083132250249,479.8050755918929,False,1,0.7031325093051666,10.0,19.8,typical_january,Innotec Power 145-DZS48-010,SZFC-1000
712.85883873299,0.027042847158085213,122.95665316177627,213.11748838930856,420.2863100559789,False,1,0.7128588387329899,9.9,19.8,typical_january,Innotec Power 145-DZS48-010,SZFC-1000
722.6876910666205,-0.0368285037236621,124.59422667314789,175.18301281417848,283.9821530896457,False,1,0.7226876910666205,9.8,19.8,typical_january,Innotec Power 145-DZS48-010,SZFC-1000
732.5986771509553,-0.09391332500842495,126.23367124208403,194.3417443578978,349.49362506422403,False,1,0.7325986771509553,10.0,19.8,typical_january,Innotec Power 145-DZS48-010,SZFC-1000
742.4475085034792,-0.11522911820625417,127.32011168282651,240.2999768556809,534.3361086204403,False,1,0.7424475085034792,10.2,19.8,typical_january,Innotec Power 145-DZS48-010,SZFC-1000
752.3280082469244,-0.09092885447991012,128.2058952186016,259.1610111133015,621.5075327488513,False,1,0.7523280082469244,10.4,19.8,typical_january,Innotec Power 145-DZS48-010,SZFC-1000
761.9816225317218,-0.05210308190576623,129.4562069118248,205.82330757165704,392.0091204539938,False,1,0.7619816225317217,10.6,19.8,typical_january,Innotec Power 145-DZS48-010,SZFC-1000
771.9699589700939,0.03822507195839807,130.1022097541399,371.0707515489656,1274.1498664819867,False,1,0.7719699589700939,11.1,19.8,typical_january,Innotec Power 145-DZS48-010,SZFC-1000
782.3070454840085,0.15583728373128236,129.87973964235925,332.3359612112065,1022.0255211599972,False,1,0.7823070454840085,11.5,19.8,typical_january,Innotec Power 145-DZS48-010,SZFC-1000
792.3955638032867,0.21773645338885372,129.5633018529079,495.30819212967526,2270.1684695374734,False,1,0.7923955638032867,11.5,19.8,typical_january,Innotec Power 145-DZS48-010,SZFC-1000
802.4081029395528,0.23602945361819574,129.36685810774227,559.0351942453551,2891.913943030709,False,1,0.8024081029395528,11.5,19.8,typical_january,Innotec Power 145-DZS48-010,SZFC-1000
812.4277471696356,0.19595341966560437,129.18063684780185,573.248052277988,3040.830698305077,False,1,0.8124277471696356,11.6,19.8,typical_january,Innotec Power 145-DZS48-010,SZFC-1000
822.5497385069222,0.06077007475408769,128.99805257776444,558.538879588214,2886.781306808828,False,1,0.8225497385069221,11.7,19.8,typical_january,Innotec Power 145-DZS48-010,SZFC-1000
832.5152494260784,-0.06065191910164144,128.81003726055295,578.3619950192535,3095.327168291317,False,1,0.8325152494260785,11.7,19.8,typical_january,Innotec Power 145-DZS48-010,SZFC-1000
842.5173716835642,-0.14432461714100697,128.6174013494183,531.6152862426353,2615.1824069710024,False,1,0.8425173716835642,11.3,19.8,typical_january,Innotec Power 145-DZS48-010,SZFC-1000
852.6126474796497,-0.20358990245088981,128.51275242012736,791.6793994895936,5799.702995033853,False,1,0.8526126474796497,11.0,19.8,typical_january,Innotec Power 145-DZS48-010,SZFC-1000
862.6274200721662,-0.20107386913873548,128.3182026644422,437.09583221061456,1767.9109927390364,False,1,0.8626274200721662,10.9,19.8,typical_january,Innotec Power 145-DZS48-010,SZFC-1000
872.9371000735104,-0.1607964822121845,127.49265917982237,227.69620754122465,479.7540610808008,False,1,0.8729371000735103,11.0,19.8,typical_january,Innotec Power 145-DZS48-010,SZFC-1000
883.1696454316325,-0.09134351955990232,125.09605238097922,140.32274532121238,182.2062252374068,False,1,0.8831696454316325,11.0,19.8,typical_january,Innotec Power 145-DZS48-010,SZFC-1000
892.4715733840503,-0.028973148136757974,122.70621232290188,152.02414579130453,213.86130324731823,False,1,0.8924715733840504,11.1,19.8,typical_january,Innotec Power 145-DZS48-010,SZFC-1000
902.3376292380248,0.07770780629633996,121.52216383420861,233.54664049255447,504.7244160968206,False,1,0.9023376292380247,11.3,18.900000000000002,typical_january,Innotec Power 145-DZS48-010,SZFC-1000
912.4077287088836,0.22921149555749465,120.78919130337488,296.06816460734376,811.1300446867498,False,1,0.9124077287088836,11.4,18.0,typical_january,Innotec Power 145-DZS48-010,SZFC-1000
922.455051932066,0.35880144481460496,120.28786146389652,357.8886207109072,1185.230572178171,False,1,0.922455051932066,11.3,17.1,typical_january,Innotec Power 145-DZS48-010,SZFC-1000
932.5311283266155,0.4449812743248268,119.86351824688936,380.3709948384989,1338.8189481265076,False,1,0.9325311283266156,11.1,16.2,typical_january,Innotec Power 145-DZS48-010,SZFC-1000
942.6644699603536,0.5050956535638267,119.37179276007762,339.47510094806603,1066.4068292815823,True,1,0.9426644699603536,10.9,0.0,typical_january,Innotec Power 145-DZS48-010,SZFC-1000
952.8652199151824,0.5544262342922528,118.63320576650582,254.34607051638656,598.6281430247199,False,1,0.9528652199151824,10.8,14.4,typical_january,Innotec Power 145-DZS48-010,SZFC-1000
963.091653218588,0.5869594669686364,117.49082096591496,201.31950505545967,375.04102193468987,False,1,0.963091653218588,10.6,18.900000000000002,typical_january,Innotec Power 145-DZS48-010,SZFC-1000
973.4001122376447,0.5902968398737668,115.27877512343719,155.20875080358363,222.91509195788356,False,1,0.9734001122376448,10.4,21.6,typical_january,Innotec Power 145-DZS48-010,SZFC-1000
983.234638974979,0.5788514489699585,112.6335032410253,152.23990172418985,214.4687671143056,False,1,0.983234638974979,10.29999999999999,23.400000000000002,typical_january,Innotec Power 145-DZS48-010,SZFC-1000
993.327050181882,0.5432016027930872,109.97104589373137,151.16838893131415,211.46039281653768,False,1,0.9933270501818819,10.1,24.3,typical_january,Innotec Power 145-DZS48-010,SZFC-1000
1003.3633197071788,0.47700824748281906,107.59102577763608,159.72522266524248,236.07721319690395,False,1,1.0033633197071787,10.0,25.2,typical_january,Innotec Power 145-DZS48-010,SZFC-1000
1013.198349489252,0.4168027042110758,104.12381879170846,123.03619023336162,140.07892983331766,False,1,1.013198349489252,10.2,25.2,typical_january,Innotec Power 145-DZS48-010,SZFC-1000
1023.6114887348973,0.3589747600497221,102.86081414799935,304.52573366314334,858.133905710642,False,1,1.0236114887348973,10.5,26.1,typical_january,Innotec Power 145-DZS48-010,SZFC-1000
1034.131996364427,0.33975533897932575,103.82029409574102,183.20999154727423,310.6028059154463,False,1,1.034131996364427,10.7,26.1,typical_january,Innotec Power 145-DZS48-010,SZFC-1000
1044.0663548205112,0.3490975364972775,105.45712867944033,171.48009293862813,272.10372415621333,False,1,1.0440663548205111,10.8,26.1,typical_january,Innotec Power 145-DZS48-010,SZFC-1000
1053.9160114769518,0.3635464583419763,108.31939257538224,126.02295596355448,146.9624520740843,False,1,1.0539160114769517,10.9,26.1,typical_january,Innotec Power 145-DZS48-010,SZFC-1000
1063.5692207894922,0.38130881341263756,113.77067606805653,89.14670946849104,73.5389966467045,False,1,1.0635692207894922,11.1,26.1,typical_january,Innotec Power 145-DZS48-010,SZFC-1000
1073.00350405083,0.4089157958801021,123.14465262543686,72.92801845219422,49.21481899151768,False,1,1.0730035040508301,11.2,26.1,typical_january,Innotec Power 145-DZS48-010,SZFC-1000
1082.7044420503448,0.4359201717555922,131.39072857942995,87.54898275012788,70.92662161110286,False,1,1.0827044420503449,11.2,26.1,typical_january,Innotec Power 145-DZS48-010,SZFC-1000
1092.6765803604665,0.48394616284455994,135.5297159592479,124.75081041443632,144.01038669967795,False,1,1.0926765803604666,11.1,27.0,typical_january,Innotec Power 145-DZS48-010,SZFC-1000
1102.814722494018,0.545965016519447,137.60630659883628,175.73673515108422,285.7802244234715,False,1,1.1028147224940181,11.4,27.900000000000002,typical_january,Innotec Power 145-DZS48-010,SZFC-1000
1112.8912959197785,0.5567235162236205,138.70410504874073,240.26081872602748,534.1619771195659,False,1,1.1128912959197785,11.7,28.8,typical_january,Innotec Power 145-DZS48-010,SZFC-1000
1122.926691955363,0.525711753591101,139.21333840143654,354.5962569450827,1163.5240358335525,False,1,1.1229266919553629,11.9,28.8,typical_january,Innotec Power 145-DZS48-010,SZFC-1000
1132.9791264486664,0.4534803443134926,139.2564778527806,561.564610264684,2918.1427098692,False,1,1.1329791264486664,12.0,28.8,typical_january,Innotec Power 145-DZS48-010,SZFC-1000
1143.017089546289,0.4014034983204282,138.85633343184128,316.0066099494956,924.0583572608376,False,1,1.143017089546289,12.0,28.8,typical_january,Innotec Power 145-DZS48-010,SZFC-1000
1152.9052881746986,0.3756421235524642,138.01809493479385,233.6274248301833,505.07364723485256,False,1,1.1529052881746986,12.2,28.8,typical_january,Innotec Power 145-DZS48-010,SZFC-1000
1162.712588264407,0.3442167152260106,136.47546079338883,173.17050215159955,277.49483112541657,False,1,1.162712588264407,12.5,28.8,typical_january,Innotec Power 145-DZS48-010,SZFC-1000
1172.5002996765502,0.3202393395967301,133.75520060507938,131.52600177517084,160.07750327169603,False,1,1.1725002996765501,12.7,28.8,typical_january,Innotec Power 145-DZS48-010,SZFC-1000
1182.3776338364655,0.2958275911245477,130.93282553292804,148.76447105865606,204.78847419564423,False,1,1.1823776338364655,12.8,28.8,typical_january,Innotec Power 145-DZS48-010,SZFC-1000
1192.2734855350404,0.26387508706916574,129.03141018527333,181.8688652536312,306.0721255473779,False,1,1.1922734855350405,12.7,28.8,typical_january,Innotec Power 145-DZS48-010,SZFC-1000
1202.2111420666542,0.22799387472942406,127.37759196502086,189.9100720270592,333.73600457829866,False,1,1.2022111420666541,12.8,28.8,typical_january,Innotec Power 145-DZS48-010,SZFC-1000
1212.1562076496034,0.19454408287910413,125.65419335531021,188.4930807912129,328.7743220144503,False,1,1.2121562076496033,12.9,28.8,typical_january,Innotec Power 145-DZS48-010,SZFC-1000
1222.108918691595,0.1778333693932826,123.97011652584584,191.5085497237832,339.37777667944704,False,1,1.222108918691595,13.0,28.8,typical_january,Innotec Power 145-DZS48-010,SZFC-1000
1232.0689775559383,0.17329377340158778,122.33923153161317,194.7207004488737,350.8579419954074,False,1,1.2320689775559384,13.0,28.8,typical_january,Innotec Power 145-DZS48-010,SZFC-1000
1242.0360300361576,0.16766687605384045,120.76204008649538,198.11197874233076,363.18552979746727,False,1,1.2420360300361577,13.0,28.8,typical_january,Innotec Power 145-DZS48-010,SZFC-1000
1252.0097040770388,0.15544192050660438,119.24070009329873,201.66538288977685,376.3308106018741,False,1,1.2520097040770388,13.0,28.8,typical_january,Innotec Power 145-DZS48-010,SZFC-1000
1261.9896188678938,0.13332260114656325,117.80089976926578,206.7010745208372,395.3598232805724,False,1,1.2619896188678938,12.9,28.8,typical_january,Innotec Power 145-DZS48-010,SZFC-1000
1271.9741384314837,0.10242065283959992,116.14883910193024,179.72668450341934,298.904319346002,False,1,1.2719741384314835,12.9,28.8,typical_january,Innotec Power 145-DZS48-010,SZFC-1000
1281.9636515080715,0.07925680881834192,114.61041041539326,203.03020011177068,381.4418593566956,False,1,1.2819636515080715,13.0,28.8,typical_january,Innotec Power 145-DZS48-010,SZFC-1000
1291.9575069103414,0.06879551835587518,113.55150162822198,244.8083987023072,554.5742387422374,False,1,1.2919575069103415,13.1,28.8,typical_january,Innotec Power 145-DZS48-010,SZFC-1000
1301.9560666360887,0.06939445203482181,112.60257702465995,250.02430801654208,578.457602574836,False,1,1.3019560666360888,13.3,28.8,typical_january,Innotec Power 145-DZS48-010,SZFC-1000
1311.95910656886,0.07358425646542929,111.4277332433588,210.00771984039912,408.1103270839076,False,1,1.31195910656886,13.4,28.8,typical_january,Innotec Power 145-DZS48-010,SZFC-1000
1321.9344875541983,0.07936955407292906,109.60879465837039,163.90898828774775,248.6065717173227,False,1,1.3219344875541983,13.5,28.8,typical_january,Innotec Power 145-DZS48-010,SZFC-1000
1331.8947629871498,0.08486340273478739,107.7908541423622,186.4616774976929,321.72605924376546,False,1,1.3318947629871498,13.6,28.8,typical_january,Innotec Power 145-DZS48-010,SZFC-1000
1341.8633592984345,0.08921228629448127,106.62351994855945,233.29504137046172,503.6375255493952,False,1,1.3418633592984346,13.7,28.8,typical_january,Innotec Power 145-DZS48-010,SZFC-1000
1351.866060849544,0.1002291464324149,105.83327377520726,282.7118826988007,739.5970851692362,False,1,1.351866060849544,13.8,28.8,typical_january,Innotec Power 145-DZS48-010,SZFC-1000
1361.875662286585,0.10453586785029725,105.30666373404293,347.55104321548976,1117.748918264891,False,1,1.361875662286585,13.9,28.8,typical_january,Innotec Power 145-DZS48-010,SZFC-1000
1371.887351729363,0.09734593852369333,104.86487325936886,373.3687114467192,1289.979792967096,False,1,1.371887351729363,13.9,28.8,typical_january,Innotec Power 145-DZS48-010,SZFC-1000
1381.9037480431473,0.08164354040944335,104.35497815044346,324.1138499545611,972.0805298156602,False,1,1.3819037480431473,13.6,28.8,typical_january,Innotec Power 145-DZS48-010,SZFC-1000
1391.926814437153,0.05344512827028712,103.59715630137012,264.5077767901885,647.4167866153371,False,1,1.391926814437153,13.3,28.8,typical_january,Innotec Power 145-DZS48-010,SZFC-1000
1402.0600599036602,0.030198575876141526,102.40002057422785,198.02356979851143,362.8614536371333,False,1,1.4020600599036601,13.1,28.8,typical_january,Innotec Power 145-DZS48-010,SZFC-1000
1411.9418763822705,0.01490523335383831,100.2607849245691,149.21656089498168,206.03505498189068,False,1,1.4119418763822704,13.1,28.8,typical_january,Innotec Power 145-DZS48-010,SZFC-1000
1421.7387103510423,0.008607760427122284,96.20875484704789,97.1320542192238,87.30361210166575,False,1,1.4217387103510424,13.0,28.8,typical_january,Innotec Power 145-DZS48-010,SZFC-1000
1431.3176490242115,0.007880588290286606,91.96915971006445,116.64242767162705,125.89838682545287,False,1,1.4313176490242114,12.8,28.8,typical_january,Innotec Power 145-DZS48-010,SZFC-1000
1442.2095667513065,-0.024218308490057124,92.27915794194479,176.3573595680115,287.80228733926543,False,1,1.4422095667513064,12.5,28.8,typical_january,Innotec Power 145-DZS48-010,SZFC-1000
1452.3454456571908,-0.07503011149995406,94.60038081913189,157.14876262303625,228.5225159840843,False,1,1.4523454456571907,12.1,28.8,typical_january,Innotec Power 145-DZS48-010,SZFC-1000
1462.0757732894303,-0.13872041243111619,96.0076894720126,232.98069435004348,502.2812147193591,False,1,1.4620757732894303,11.8,28.8,typical_january,Innotec Power 145-DZS48-010,SZFC-1000
1472.2063019660818,-0.2670216368097028,96.46424982199042,373.7575216095946,1292.6678511151474,False,1,1.4722063019660818,11.4,28.8,typical_january,Innotec Power 145-DZS48-010,SZFC-1000
1482.5568915460783,-0.41737209071804093,95.94788342205678,198.6635206089067,365.2105548330914,False,1,1.4825568915460783,11.1,28.8,typical_january,Innotec Power 145-DZS48-010,SZFC-1000
1492.7304162231503,-0.5060778251658444,94.45423047847635,187.4148634654498,325.0237727402824,False,1,1.4927304162231503,11.0,28.8,typical_january,Innotec Power 145-DZS48-010,SZFC-1000
1502.4045662051249,-0.5435688309604287,93.65115130669619,278.8883340530213,719.7269440249787,False,1,1.5024045662051249,11.0,28.8,typical_january,Innotec Power 145-DZS48-010,SZFC-1000
1512.3419712286548,-0.6080262225697421,93.0644927408261,331.2998792794916,1015.6629742393574,False,1,1.5123419712286548,11.0,28.8,typical_january,Innotec Power 145-DZS48-010,SZFC-1000
1522.5399120845923,-0.6756790825703145,92.52995284427735,331.7521418545236,1018.4378613506284,False,1,1.5225399120845924,11.0,28.8,typical_january,Innotec Power 145-DZS48-010,SZFC-1000
1532.5597702711848,-0.7261844271195802,92.0921249788228,376.613967009837,1312.501805796023,False,1,1.5325597702711848,11.0,28.8,typical_january,Innotec Power 145-DZS48-010,SZFC-1000
1542.6003397599366,-0.7580077127329614,91.5766706331454,321.8424312086913,958.5034179394072,False,1,1.5426003397599366,11.0,29.7,typical_january,Innotec Power 145-DZS48-010,SZFC-1000
1552.6010492450123,-0.763268083771141,90.7999808129847,250.0890163163369,578.7570602714561,False,1,1.5526010492450122,11.2,30.6,typical_january,Innotec Power 145-DZS48-010,SZFC-1000
1562.5194676611604,-0.7583933072665741,89.97842626869354,275.8890261109284,704.3295631563665,False,1,1.5625194676611605,11.4,30.6,typical_january,Innotec Power 145-DZS48-010,SZFC-1000
1572.464156460586,-0.7481178535879357,89.38906125706757,329.37561977356853,1003.8988688237588,False,1,1.5724641564605861,11.6,30.6,typical_january,Innotec Power 145-DZS48-010,SZFC-1000
1582.5096268637444,-0.7399670253916417,88.82463455324469,324.820511623541,976.3239825695006,False,1,1.5825096268637444,11.6,30.6,typical_january,Innotec Power 145-DZS48-010,SZFC-1000
1592.776142776627,-0.7447299314952385,88.2775317060491,332.8209331681874,1025.0105448968222,False,1,1.592776142776627,11.5,30.6,typical_january,Innotec Power 145-DZS48-010,SZFC-1000
1602.6451467723134,-0.751690371184472,87.74528021236577,330.8493009473617,1012.9021852503108,False,1,1.6026451467723135,11.8,30.6,typical_january,Innotec Power 145-DZS48-010,SZFC-1000
1612.6203644417317,-0.7554059377462596,87.22360296350269,296.97647743659235,816.1146399477401,False,1,1.6126203644417316,12.1,30.6,typical_january,Innotec Power 145-DZS48-010,SZFC-1000
1622.6200809504844,-0.7172431789095628,86.73166025867553,370.466299187008,1270.0022174521955,False,1,1.6226200809504845,12.4,30.6,typical_january,Innotec Power 145-DZS48-010,SZFC-1000
1632.6900450247745,-0.6591197892067215,86.33038762101208,360.424370196504,1202.08550912829,False,1,1.6326900450247745,12.4,30.6,typical_january,Innotec Power 145-DZS48-010,SZFC-1000
1642.636532408259,-0.5853755679510082,85.85469527401756,307.46978518319764,874.8064052195203,False,1,1.642636532408259,12.4,30.6,typical_january,Innotec Power 145-DZS48-010,SZFC-1000
1652.6965282016974,-0.48934339249615305,85.40452264563638,393.0543090310129,1429.592262499537,False,1,1.6526965282016974,12.4,30.6,typical_january,Innotec Power 145-DZS48-010,SZFC-1000
1662.7767758069117,-0.4159673616513205,85.03176838217402,397.58918142397465,1462.7704636587002,False,1,1.6627767758069116,12.5,30.6,typical_january,Innotec Power 145-DZS48-010,SZFC-1000
1672.866308974562,-0.33911283730584996,84.65923696320473,402.94647492256513,1502.4560851209417,False,1,1.672866308974562,12.6,30.6,typical_january,Innotec Power 145-DZS48-010,SZFC-1000
1682.783941680102,-0.27569352663612684,84.38699913600732,464.6362141544675,1997.7133760753163,False,1,1.682783941680102,12.8,30.6,typical_january,Innotec Power 145-DZS48-010,SZFC-1000
1692.7677475767464,-0.23061685874419424,84.2391313628552,638.8720102662206,3776.893932258313,False,1,1.6927677475767464,12.8,30.6,typical_january,Innotec Power 145-DZS48-010,SZFC-1000
1702.781719091541,-0.14659328466508897,84.18444675363367,1195.3919224873364,13222.930008838686,False,1,1.7027817190915409,12.8,30.6,typical_january,Innotec Power 145-DZS48-010,SZFC-1000
1712.7814242302857,-0.08452714770134392,84.2104823876989,966.6405925739492,8646.43583211479,False,1,1.7127814242302857,12.6,30.6,typical_january,Innotec Power 145-DZS48-010,SZFC-1000
1722.7343535036505,-0.07519598626179805,84.29930574432038,725.1482655293725,4865.872112996028,False,1,1.7227343535036506,12.0,30.6,typical_january,Innotec Power 145-DZS48-010,SZFC-1000
1732.6874412977563,-0.07528983249702986,84.47124036211153,547.8979599147477,2777.834913453126,False,1,1.7326874412977564,11.3,30.6,typical_january,Innotec Power 145-DZS48-010,SZFC-1000
1742.5725612695137,-0.09303798445915563,84.65984004336644,551.3349879932957,2812.795594375631,False,1,1.7425725612695138,10.8,30.6,typical_january,Innotec Power 145-DZS48-010,SZFC-1000
1752.5328660708767,-0.13399754698000838,84.80617980015407,634.2050812178319,3721.915422091237,False,1,1.7525328660708768,10.4,30.6,typical_january,Innotec Power 145-DZS48-010,SZFC-1000
1762.4670821494046,-0.18680034955853975,84.98200351576872,549.1189064368597,2790.229070998321,False,1,1.7624670821494046,10.0,30.6,typical_january,Innotec Power 145-DZS48-010,SZFC-1000
1772.3990249148644,-0.24057646413681283,85.24588557928348,431.2047010331726,1720.5767071925386,False,1,1.7723990249148645,9.7,30.6,typical_january,Innotec Power 145-DZS48-010,SZFC-1000
1782.3384687825785,-0.3070928361835844,85.67001076504732,345.4280922890298,1104.1355002716691,False,1,1.7823384687825785,9.4,30.6,typical_january,Innotec Power 145-DZS48-010,SZFC-1000
1792.37783977899,-0.4296371017353375,86.46319336190939,239.5074182600803,530.8172211155847,False,1,1.79237783977899,9.2,30.6,typical_january,Innotec Power 145-DZS48-010,SZFC-1000
1802.558057179944,-0.5763900471416367,88.01922767382885,166.77253281979117,257.36892851550857,False,1,1.802558057179944,9.3,30.6,typical_january,Innotec Power 145-DZS48-010,SZFC-1000
1812.5352807576105,-0.6726395470005446,91.28228836965835,119.3336223609544,131.77490535300404,False,1,1.8125352807576105,9.4,30.6,typical_january,Innotec Power 145-DZS48-010,SZFC-1000
1821.7941051621165,-0.7376012902637318,96.46524830228728,94.0388688960902,81.83175378724488,False,1,1.8217941051621165,9.6,30.6,typical_january,Innotec Power 145-DZS48-010,SZFC-1000
1830.888382138702,-0.8082854364694125,102.100102666975,101.84393211534848,95.97925683035508,False,1,1.8308883821387019,9.8,30.6,typical_january,Innotec Power 145-DZS48-010,SZFC-1000
1840.0858865052555,-0.8622784348236006,108.17226265080319,107.8310526006728,107.595660181142,False,1,1.8400858865052556,10.0,30.6,typical_january,Innotec Power 145-DZS48-010,SZFC-1000
1854.1743881574232,-0.8392428259331235,115.24690871691766,87.25020456764967,70.44334546929717,False,1,1.8541743881574233,10.0,30.6,typical_january,Innotec Power 145-DZS48-010,SZFC-1000
1862.3708881423647,-0.7604237187100265,122.291354084479,81.99903948517947,62.21922478889034,False,1,1.8623708881423646,10.0,30.6,typical_january,Innotec Power 145-DZS48-010,SZFC-1000
1870.594154852512,-0.581260371422805,128.64284618623606,102.18895344453234,96.6306649700223,False,1,1.870594154852512,10.0,30.6,typical_january,Innotec Power 145-DZS48-010,SZFC-1000
1884.6231349660045,-0.3493305670344943,134.24685190220424,111.48335741193011,115.00775981702598,False,1,1.8846231349660045,10.2,30.6,typical_january,Innotec Power 145-DZS48-010,SZFC-1000
1893.8148374861837,-0.18695131098413095,138.5392213713182,113.79483279520632,119.8263000170354,False,1,1.8938148374861836,10.5,30.6,typical_january,Innotec Power 145-DZS48-010,SZFC-1000
1902.91346559324,-0.08630543231486608,142.3975616528059,121.2652489032032,136.0754535110067,False,1,1.90291346559324,10.8,30.6,typical_january,Innotec Power 145-DZS48-010,SZFC-1000
1912.772979695948,0.020578372480759152,145.0035696708707,167.58078564809395,259.86961896987214,False,1,1.9127729796959478,11.0,30.6,typical_january,Innotec Power 145-DZS48-010,SZFC-1000
1922.9215876033504,0.1259995007674354,146.8644940649831,180.99661255825205,303.1432896563576,False,1,1.9229215876033505,11.1,30.6,typical_january,Innotec Power 145-DZS48-010,SZFC-1000
1933.0097606590443,0.20583293563683874,148.92707566599876,169.12799007172072,264.69030891310405,False,1,1.9330097606590444,11.3,30.6,typical_january,Innotec Power 145-DZS48-010,SZFC-1000
1942.735284534164,0.31783783667859333,150.6555810367492,180.57937486366887,301.7472743394785,False,1,1.942735284534164,11.4,30.6,typical_january,Innotec Power 145-DZS48-010,SZFC-1000
1952.804570578277,0.46502502513618105,151.43593973611593,279.7123552897791,723.9863294179427,False,1,1.952804570578277,11.3,30.6,typical_january,Innotec Power 145-DZS48-010,SZFC-1000
1962.725460661195,0.6193555872778319,151.8587413048651,384.87150404091136,1370.6879014891622,False,1,1.962725460661195,11.2,30.6,typical_january,Innotec Power 145-DZS48-010,SZFC-1000
1972.434500655974,0.7641083943622761,152.3146084685169,338.79656921676474,1062.1480914522813,False,1,1.972434500655974,11.1,30.6,typical_january,Innotec Power 145-DZS48-010,SZFC-1000
1982.1317317669796,0.856040009798429,152.97482386867267,266.2971953634312,656.2060805488507,False,1,1.9821317317669795,10.700000000000022,30.6,typical_january,Innotec Power 145-DZS48-010,SZFC-1000
1991.7935192622597,0.9114769105013255,154.1143930762999,191.3338094185288,338.7587346456853,False,1,1.9917935192622598,10.5,30.6,typical_january,Innotec Power 145-DZS48-010,SZFC-1000
2001.99793031514,0.9562492968799539,156.74680684610632,131.96835786679335,161.15607839859695,False,1,2.00199793031514,10.3,30.6,typical_january,Innotec Power 145-DZS48-010,SZFC-1000
2012.3792639280912,0.962538883892819,163.65059077063484,81.16525263487915,60.96033639961517,False,1,2.012379263928091,10.1,30.6,typical_january,Innotec Power 145-DZS48-010,SZFC-1000
2021.607156698539,0.941259629232705,171.03149896826886,90.21093385844908,75.30527913076739,False,1,2.021607156698539,9.7,29.7,typical_january,Innotec Power 145-DZS48-010,SZFC-1000
2031.1387911512213,0.9029513838276472,177.7662012733233,94.11955459862834,81.97223793326083,False,1,2.0311387911512213,9.3,28.8,typical_january,Innotec Power 145-DZS48-010,SZFC-1000
2040.7905930463808,0.8414264203107273,185.3193068648105,81.71241869712213,61.78502078094724,False,1,2.0407905930463808,8.8,28.8,typical_january,Innotec Power 145-DZS48-010,SZFC-1000
2050.481416244185,0.7897314876598466,193.0052638721802,86.86877529126757,69.82878134634987,False,1,2.050481416244185,8.5,27.900000000000002,typical_january,Innotec Power 145-DZS48-010,SZFC-1000
2060.294997389534,0.7578957583254634,198.06984075234345,111.39129391915748,114.81789032451856,False,1,2.060294997389534,8.1,27.900000000000002,typical_january,Innotec Power 145-DZS48-010,SZFC-1000
2070.10373366255,0.7442786207178705,202.3125336296795,120.78851979903844,135.00765187845295,False,1,2.07010373366255,7.8,27.900000000000002,typical_january,Innotec Power 145-DZS48-010,SZFC-1000
2080.073716346224,0.7578929940862131,205.72713610942733,134.93825562495908,168.49120981201654,False,1,2.080073716346224,7.7,27.900000000000002,typical_january,Innotec Power 145-DZS48-010,SZFC-1000
2090.047782746255,0.7966410981100938,207.90379135040305,171.4295689751125,271.9434054496661,False,1,2.090047782746255,7.8,27.900000000000002,typical_january,Innotec Power 145-DZS48-010,SZFC-1000
2100.331453644773,0.8485591039992928,209.1756033368577,223.4765281444348,462.1371659894048,False,1,2.100331453644773,7.9,27.900000000000002,typical_january,Innotec Power 145-DZS48-010,SZFC-1000
2110.3993160356104,0.8696794213633585,210.0940986133906,265.12727865786115,650.452958874046,False,1,2.1103993160356103,8.3,27.900000000000002,typical_january,Innotec Power 145-DZS48-010,SZFC-1000
2120.3677032519454,0.8475080566719935,210.93614396788485,269.04149133270647,669.8006870788886,False,1,2.1203677032519455,9.3,27.900000000000002,typical_january,Innotec Power 145-DZS48-010,SZFC-1000
2130.3284530580163,0.8011671553181983,211.6056208505771,312.4888731722101,903.5999148716464,False,1,2.1303284530580164,10.2,27.900000000000002,typical_january,Innotec Power 145-DZS48-010,SZFC-1000
2140.3255934321623,0.7354929055370687,212.19329330736014,320.45649126731945,950.2660461195686,False,1,2.1403255934321623,11.1,27.900000000000002,typical_january,Innotec Power 145-DZS48-010,SZFC-1000
2150.308012970018,0.6643209460894564,212.83115766686365,291.18388947254766,784.5881617134493,False,1,2.150308012970018,11.8,27.900000000000002,typical_january,Innotec Power 145-DZS48-010,SZFC-1000
2160.2246236610063,0.6065783978844008,213.58903693366352,280.07037740624327,725.8408703314642,False,1,2.1602246236610063,12.5,27.900000000000002,typical_january,Innotec Power 145-DZS48-010,SZFC-1000
2170.240916469229,0.5205568544879031,214.36864761139157,265.05968004946374,650.121313562666,False,1,2.170240916469229,13.0,27.900000000000002,typical_january,Innotec Power 145-DZS48-010,SZFC-1000
2180.30450453159,0.41672077064824414,215.4510267800577,222.39078607134644,457.6575646194857,False,1,2.18030450453159,13.4,27.900000000000002,typical_january,Innotec Power 145-DZS48-010,SZFC-1000
2190.59338338784,0.34337874964113857,217.0876460486313,178.73594369943945,295.6179906432935,False,1,2.19059338338784,13.8,27.900000000000002,typical_january,Innotec Power 145-DZS48-010,SZFC-1000
2200.820143689873,0.30119008301123695,219.92047715124374,127.8938863480667,151.35843707653294,False,1,2.200820143689873,14.2,27.900000000000002,typical_january,Innotec Power 145-DZS48-010,SZFC-1000
2210.8904656189898,0.2941945644665759,225.052516772275,96.06633250160674,85.39835154342514,False,1,2.2108904656189896,14.8,27.900000000000002,typical_january,Innotec Power 145-DZS48-010,SZFC-1000
2220.9024352515694,0.3119827143169067,231.29365291940945,100.10675473763138,92.732897678442,False,1,2.2209024352515696,15.1,27.900000000000002,typical_january,Innotec Power 145-DZS48-010,SZFC-1000
2230.84053799146,0.36567995205103765,237.39797938948223,97.85394922093944,88.6061325138987,False,1,2.2308405379914604,15.2,27.900000000000002,typical_january,Innotec Power 145-DZS48-010,SZFC-1000
2241.0452987010285,0.44607376015772343,244.9587780249996,87.49234537364285,70.83488328884982,False,1,2.2410452987010285,15.2,27.900000000000002,typical_january,Innotec Power 145-DZS48-010,SZFC-1000
2251.262481435028,0.5123105618850445,252.9555479753503,86.93831873895239,69.94063000528266,False,1,2.251262481435028,15.0,27.900000000000002,typical_january,Innotec Power 145-DZS48-010,SZFC-1000
2261.4754546049444,0.5720619110484126,258.84483738297604,105.42212550536536,102.842020781088,False,1,2.2614754546049443,14.7,27.900000000000002,typical_january,Innotec Power 145-DZS48-010,SZFC-1000
2271.8110540466546,0.6196229896549207,264.36711101372913,101.90651477601268,96.0972507581752,False,1,2.2718110540466547,14.3,27.900000000000002,typical_january,Innotec Power 145-DZS48-010,SZFC-1000
2282.004586472214,0.6505752415040061,270.7597654779049,95.07069340108542,83.63737393707741,False,1,2.282004586472214,14.0,27.900000000000002,typical_january,Innotec Power 145-DZS48-010,SZFC-1000
2292.063666969096,0.665079568057653,274.98147360603787,121.50997773547812,136.62524317586417,False,1,2.292063666969096,13.6,27.900000000000002,typical_january,Innotec Power 145-DZS48-010,SZFC-1000
2302.3311060836995,0.6670034656886321,277.2899301600574,169.98893002849786,267.39196080128045,False,1,2.3023311060836997,13.3,27.900000000000002,typical_january,Innotec Power 145-DZS48-010,SZFC-1000
2312.528225559682,0.6663403537642638,278.68924661723577,219.75258483471643,446.8636717599833,False,1,2.312528225559682,13.2,27.900000000000002,typical_january,Innotec Power 145-DZS48-010,SZFC-1000
2322.7754008724,0.6626468783351025,279.53474671327024,276.96140829051194,709.8156706014834,False,1,2.3227754008724,13.4,27.900000000000002,typical_january,Innotec Power 145-DZS48-010,SZFC-1000
2333.0327467570232,0.6589335941639127,280.19309616445395,311.91831690417786,900.3032603150409,False,1,2.333032746757023,13.6,27.900000000000002,typical_january,Innotec Power 145-DZS48-010,SZFC-1000
2343.174061437216,0.6397567316341441,280.8816657586857,273.2555841808664,690.9476706481476,False,1,2.343174061437216,13.9,27.900000000000002,typical_january,Innotec Power 145-DZS48-010,SZFC-1000
2352.992958942656,0.6123681064133819,281.80780588990257,247.22166751394715,565.5618783796327,False,1,2.352992958942656,14.2,27.900000000000002,typical_january,Innotec Power 145-DZS48-010,SZFC-1000
2362.9290952812557,0.544998433722273,282.19298524852076,482.6101777474113,2155.2617346262714,False,1,2.3629290952812556,14.5,27.900000000000002,typical_january,Innotec Power 145-DZS48-010,SZFC-1000
2372.985577041007,0.45554256116220726,281.94132342676704,378.8445078366915,1328.0947397615794,False,1,2.3729855770410073,14.6,27.900000000000002,typical_january,Innotec Power 145-DZS48-010,SZFC-1000
2382.7763001666667,0.382489525589781,281.66691162360905,510.3794465036276,2410.4238651050177,False,1,2.382776300166667,14.5,27.900000000000002,typical_january,Innotec Power 145-DZS48-010,SZFC-1000
2392.6431001191754,0.3073163014381112,281.5027278822636,617.966927094251,3533.763908805348,False,1,2.3926431001191752,14.3,27.900000000000002,typical_january,Innotec Power 145-DZS48-010,SZFC-1000
2402.526028839231,0.23722745304763646,281.39375034888974,759.7244634777566,5340.959534778855,False,1,2.402526028839231,14.2,27.900000000000002,typical_january,Innotec Power 145-DZS48-010,SZFC-1000
2412.450063179038,0.16690246375397644,281.3044575551147,834.9947541900692,6451.705863891555,False,1,2.4124500631790378,14.1,27.900000000000002,typical_january,Innotec Power 145-DZS48-010,SZFC-1000
2422.4105032987845,0.09630459198566513,281.20441626177796,732.5017077871496,4965.058255650854,False,1,2.4224105032987846,14.1,27.900000000000002,typical_january,Innotec Power 145-DZS48-010,SZFC-1000
2432.4011347898413,-5.770880687679461e-05,281.05971289568686,591.2727178457807,3235.063028225613,False,1,2.432401134789841,13.7,27.900000000000002,typical_january,Innotec Power 145-DZS48-010,SZFC-1000
2442.408396440259,-0.1327956364153827,280.82392926112635,454.0574581639605,1907.781761551512,False,1,2.4424083964402588,13.3,27.900000000000002,typical_january,Innotec Power 145-DZS48-010,SZFC-1000
2452.4477449933697,-0.21764313007358338,280.37619600427024,340.7564382498755,1074.472255060577,False,1,2.45244774499337,13.0,27.900000000000002,typical_january,Innotec Power 145-DZS48-010,SZFC-1000
2462.292703176636,-0.27947746801941953,279.85225310798137,328.06361059756705,995.917092498134,False,1,2.462292703176636,12.7,27.900000000000002,typical_january,Innotec Power 145-DZS48-010,SZFC-1000
2472.389362001756,-0.34524055246335794,279.39876110172713,340.3763894906646,1072.0768542272367,False,1,2.4723893620017563,12.5,27.900000000000002,typical_january,Innotec Power 145-DZS48-010,SZFC-1000
2482.56625156443,-0.37733150947140504,278.852457043009,331.3487177059184,1015.9624433347288,False,1,2.48256625156443,12.4,27.900000000000002,typical_january,Innotec Power 145-DZS48-010,SZFC-1000
2492.7157777828347,-0.3717061311459847,278.24875014919166,306.60005963127185,869.8643560057527,False,1,2.4927157777828346,12.6,27.900000000000002,typical_january,Innotec Power 145-DZS48-010,SZFC-1000
2502.6674748200385,-0.34769367971548226,277.38399892515645,228.45116463412316,482.9407121537169,False,1,2.5026674748200386,12.8,27.900000000000002,typical_january,Innotec Power 145-DZS48-010,SZFC-1000
2512.352210450468,-0.31337632394000625,276.0680877824061,196.0756159619561,355.7576448422393,False,1,2.512352210450468,13.0,27.900000000000002,typical_january,Innotec Power 145-DZS48-010,SZFC-1000
2521.765276274464,-0.2632584981258828,274.01676543988697,145.25096520113905,195.2293549468081,False,1,2.521765276274464,12.9,27.900000000000002,typical_january,Innotec Power 145-DZS48-010,SZFC-1000
2530.798986660197,-0.18442772439551688,269.23238537202695,93.76333357748976,81.35291974127541,False,1,2.530798986660197,12.8,27.900000000000002,typical_january,Innotec Power 145-DZS48-010,SZFC-1000
2543.3379153545184,-0.10841286324015471,261.95095352072656,89.07098600373399,73.41411794758895,False,1,2.5433379153545186,12.3,27.900000000000002,typical_january,Innotec Power 145-DZS48-010,SZFC-1000
2551.461180290824,-0.056099353115085814,255.10944683026602,85.68414854184535,67.93726141034243,False,1,2.551461180290824,11.9,27.900000000000002,typical_january,Innotec Power 145-DZS48-010,SZFC-1000
2560.271368235098,0.0030811207820559843,241.59860012365257,60.51130307435801,33.8828611423585,False,1,2.560271368235098,11.5,27.900000000000002,typical_january,Innotec Power 145-DZS48-010,SZFC-1000
2573.8217550532886,0.038282260295241705,225.80547270105313,67.55897030855002,42.23505934794078,False,1,2.5738217550532885,11.2,27.0,typical_january,Innotec Power 145-DZS48-010,SZFC-1000
2582.9752872412105,0.048222847059508675,218.61698154373738,91.77235207407732,77.93468609840049,False,1,2.5829752872412106,11.0,27.0,typical_january,Innotec Power 145-DZS48-010,SZFC-1000
2592.296413755018,0.04749955065584616,214.26750943119288,115.56237814243612,123.57767112108458,False,1,2.592296413755018,11.0,27.0,typical_january,Innotec Power 145-DZS48-010,SZFC-1000
2601.812219683796,0.035474179736026956,211.8532524310715,158.93716486998983,233.75342821626816,False,1,2.601812219683796,11.3,27.0,typical_january,Innotec Power 145-DZS48-010,SZFC-1000
2611.4631399137024,0.02260799073932547,210.4777718027666,212.32290167660432,417.1581635716688,False,1,2.6114631399137025,11.6,27.0,typical_january,Innotec Power 145-DZS48-010,SZFC-1000
2621.2701740674324,0.01008966397441059,209.70833865860507,284.59979499730605,749.5079283483926,False,1,2.6212701740674325,11.9,27.0,typical_january,Innotec Power 145-DZS48-010,SZFC-1000
2631.053419314176,-0.005576716317601218,209.19039277719787,346.1987200539912,1109.06750561894,False,1,2.6310534193141764,12.3,27.0,typical_january,Innotec Power 145-DZS48-010,SZFC-1000
2640.9574603951914,-0.03902636754927499,208.83165216180709,420.8202744490962,1638.703479651992,False,1,2.6409574603951915,12.9,27.0,typical_january,Innotec Power 145-DZS48-010,SZFC-1000
2650.8525381138807,-0.08003536668857046,208.58774843391876,511.3082603011191,2419.205065564506,False,1,2.6508525381138806,13.3,27.0,typical_january,Innotec Power 145-DZS48-010,SZFC-1000
2660.7546741356346,-0.1320904553939117,208.3699189673958,526.4106250826085,2564.226348181374,False,1,2.6607546741356347,13.7,27.0,typical_january,Innotec Power 145-DZS48-010,SZFC-1000
2670.561767886561,-0.18217913731716195,208.16831223476748,529.067072469674,2590.1715674395887,False,1,2.670561767886561,13.5,27.0,typical_january,Innotec Power 145-DZS48-010,SZFC-1000
2680.548520757562,-0.23596071246024436,208.0557939157133,776.7487353516065,5583.007034437908,False,1,2.680548520757562,13.4,27.0,typical_january,Innotec Power 145-DZS48-010,SZFC-1000
2690.529022906718,-0.31604313874613593,207.96228824641898,754.2212614702629,5263.863360769978,False,1,2.690529022906718,13.2,27.0,typical_january,Innotec Power 145-DZS48-010,SZFC-1000
2700.565209074195,-0.4162624532058449,207.90407568285084,1007.6218558053876,9395.117659427944,False,1,2.700565209074195,13.2,27.0,typical_january,Innotec Power 145-DZS48-010,SZFC-1000
2710.5731692992763,-0.5150641630522407,207.8574497267854,1162.6482876877485,12508.458097306087,False,1,2.7105731692992765,13.3,27.0,typical_january,Innotec Power 145-DZS48-010,SZFC-1000
2720.6127365621187,-0.6120843427877947,207.83079133424314,1559.702938446618,22510.795678892187,False,1,2.720612736562119,13.2,27.0,typical_january,Innotec Power 145-DZS48-010,SZFC-1000
2730.6342540878727,-0.6845190778115338,207.80729121234674,1581.949747398565,23157.54050353951,False,1,2.7306342540878727,13.2,27.0,typical_january,Innotec Power 145-DZS48-010,SZFC-1000
2740.660008310671,-0.6993548342546076,207.7840258959089,1632.5506772113702,24662.68796367829,False,1,2.740660008310671,13.2,27.0,typical_january,Innotec Power 145-DZS48-010,SZFC-1000
2750.682739462271,-0.6752334699660962,207.760596983507,1512.0384798608147,21155.960754145424,False,1,2.750682739462271,13.1,27.0,typical_january,Innotec Power 145-DZS48-010,SZFC-1000
2760.676312804829,-0.6012924062843759,207.74242993044336,1906.2750498119767,33626.23104726602,False,1,2.7606763128048293,13.1,27.0,typical_january,Innotec Power 145-DZS48-010,SZFC-1000
2770.6885594626547,-0.4520587896597729,207.73420244750054,2287.9513795337693,48439.611099548645,False,1,2.7706885594626547,13.0,27.0,typical_january,Innotec Power 145-DZS48-010,SZFC-1000
2780.7097314398634,-0.27963265906951484,207.74312653270974,2164.665651402948,43359.9444489208,False,1,2.780709731439863,13.0,27.0,typical_january,Innotec Power 145-DZS48-010,SZFC-1000
2790.716235401194,-0.09892759139912005,207.76036771788625,1684.4663369831385,26256.191905735035,False,1,2.790716235401194,13.0,27.0,typical_january,Innotec Power 145-DZS48-010,SZFC-1000
2800.7335037948856,0.05087735440623629,207.79068986576073,1323.520853253756,16209.463549243452,False,1,2.8007335037948855,13.0,27.0,typical_january,Innotec Power 145-DZS48-010,SZFC-1000
2810.7328474785227,0.1667126311293437,207.82461817572795,1316.583064974492,16039.971578525276,False,1,2.8107328474785227,13.2,27.0,typical_january,Innotec Power 145-DZS48-010,SZFC-1000
2820.746280413639,0.2556493363808447,207.86384154044055,1228.8844562646016,13974.271200455212,False,1,2.8207462804136387,13.5,27.0,typical_january,Innotec Power 145-DZS48-010,SZFC-1000
2830.757249287925,0.30551653645986343,207.91400105004928,983.9464921984452,8958.80387039318,False,1,2.8307572492879247,14.1,27.0,typical_january,Innotec Power 145-DZS48-010,SZFC-1000
2840.7761058445585,0.3132175315486627,207.97007495973548,943.0663365816744,8229.843008386466,False,1,2.8407761058445584,14.4,27.0,typical_january,Innotec Power 145-DZS48-010,SZFC-1000
2850.793939481925,0.2871290659270493,208.03588823376646,927.0561827572548,7952.783773953228,False,1,2.850793939481925,14.6,27.0,typical_january,Innotec Power 145-DZS48-010,SZFC-1000
2860.7784268290675,0.2242424981905896,208.08772507506316,1041.614817452557,10039.714524557026,False,1,2.8607784268290675,14.6,27.0,typical_january,Innotec Power 145-DZS48-010,SZFC-1000
2870.783262711569,0.1652144930922536,208.1372714939808,1138.2988766266812,11990.013714918645,False,1,2.870783262711569,14.6,27.0,typical_january,Innotec Power 145-DZS48-010,SZFC-1000
2880.7754068818667,0.10018258989072149,208.18884430903276,1019.1251720536796,9610.857160351714,False,1,2.8807754068818667,14.5,27.0,typical_january,Innotec Power 145-DZS48-010,SZFC-1000
2890.771771785737,-0.02418148494580106,208.26020856966193,849.0385902812561,6670.55432841622,False,1,2.890771771785737,14.3,27.0,typical_january,Innotec Power 145-DZS48-010,SZFC-1000
2900.8041539120377,-0.1610235252590037,208.37294578883694,685.9404864121735,4353.914932920934,False,1,2.9008041539120377,14.0,27.0,typical_january,Innotec Power 145-DZS48-010,SZFC-1000
2910.831430082924,-0.27707966888441016,208.54986839828376,531.3481979227879,2612.5552845735106,False,1,2.910831430082924,13.6,27.0,typical_january,Innotec Power 145-DZS48-010,SZFC-1000
2920.8201229950537,-0.33180166227945507,208.83175299815437,408.15175806744594,1541.5244179492688,False,1,2.9208201229950537,13.1,27.0,typical_january,Innotec Power 145-DZS48-010,SZFC-1000
2930.815215222065,-0.3619901232560109,209.32387833105165,321.9949342936318,959.4119952181522,False,1,2.930815215222065,12.6,27.0,typical_january,Innotec Power 145-DZS48-010,SZFC-1000
2940.834159726975,-0.39992384988196594,210.1628444395775,232.48700345159804,500.15478157156775,False,1,2.940834159726975,11.9,27.0,typical_january,Innotec Power 145-DZS48-010,SZFC-1000
2950.9969874549474,-0.4149548416618476,211.66720186085942,179.70119498482885,298.8195418745514,False,1,2.9509969874549475,11.1,27.0,typical_january,Innotec Power 145-DZS48-010,SZFC-1000
2961.1781217993994,-0.4190526508184934,214.4836815454875,127.41488290966088,150.22678889905478,False,1,2.9611781217993993,10.4,27.0,typical_january,Innotec Power 145-DZS48-010,SZFC-1000
2971.322679760868,-0.4202778628135204,220.00740677931446,92.12743309657124,78.53893483228558,False,1,2.9713226797608683,9.7,27.0,typical_january,Innotec Power 145-DZS48-010,SZFC-1000
2981.552354851604,-0.4164635499276331,230.6024848452505,67.93033801696252,42.70066283995391,False,1,2.981552354851604,9.2,27.0,typical_january,Innotec Power 145-DZS48-010,SZFC-1000
2991.932198877316,-0.40601728954844973,243.30720054491178,72.17307903912828,48.201164703700925,False,1,2.9919321988773158,9.0,27.0,typical_january,Innotec Power 145-DZS48-010,SZFC-1000
3002.4298167238508,-0.37278704304957705,253.19933468449415,82.38210216653397,62.80190316612256,False,1,3.0024298167238506,9.2,27.0,typical_january,Innotec Power 145-DZS48-010,SZFC-1000
3012.9373067314277,-0.2998741851929388,261.6285367607909,84.5659478214934,66.17563343086123,False,1,3.012937306731428,9.6,27.0,typical_january,Innotec Power 145-DZS48-010,SZFC-1000
3023.365035158328,-0.20852602172180104,272.76829695582006,69.07947798183052,44.15756932777795,False,1,3.023365035158328,9.9,27.0,typical_january,Innotec Power 145-DZS48-010,SZFC-1000
3033.8586558685856,-0.11398131157650507,284.6291210889771,74.97250407340137,52.01290354643255,False,1,3.0338586558685856,10.4,27.0,typical_january,Innotec Power 145-DZS48-010,SZFC-1000
3044.242006606948,-0.04633459481261562,295.17215332264766,78.36707756639363,56.829569799105634,False,1,3.044242006606948,11.1,27.0,typical_january,Innotec Power 145-DZS48-010,SZFC-1000
3054.6785228063777,-0.002732001636704713,306.0282739539116,75.04728407783242,52.11671400267833,False,1,3.0546785228063777,11.8,27.0,typical_january,Innotec Power 145-DZS48-010,SZFC-1000
3064.993137741782,0.011131925425832915,313.0347262051806,84.53501537823232,66.12723097788607,False,1,3.064993137741782,12.1,26.1,typical_january,Innotec Power 145-DZS48-010,SZFC-1000
3070.0741198840783,4.713505681616818e-15,319.08517848461753,83.89410388811898,65.12833031659721,False,1,3.070074119884078,12.1,26.1,typical_january,Innotec Power 145-DZS48-010,SZFC-1000
3080.088884468621,-0.03093319668801873,323.9318429163677,114.65731353711844,121.64957307533298,False,1,3.080088884468621,12.4,26.1,typical_january,Innotec Power 145-DZS48-010,SZFC-1000
3090.027191667177,-0.09745520462657933,326.6448642953369,150.9563452665979,210.8675785480439,False,1,3.090027191667177,12.7,26.1,typical_january,Innotec Power 145-DZS48-010,SZFC-1000
3100.2033216283544,-0.18314986558087457,328.00426012313244,221.1776769243293,452.6782725232853,False,1,3.100203321628354,12.9,26.1,typical_january,Innotec Power 145-DZS48-010,SZFC-1000
3110.3693040314856,-0.2523248813382995,328.734033080468,301.0763174940333,838.8035432454835,False,1,3.1103693040314857,12.8,26.1,typical_january,Innotec Power 145-DZS48-010,SZFC-1000
3120.438559366061,-0.2929110016681018,329.1540399358644,383.9060183900807,1363.819533334934,False,1,3.120438559366061,12.8,26.1,typical_january,Innotec Power 145-DZS48-010,SZFC-1000
3130.4710367549023,-0.3061589083040003,329.4118807994709,492.9930049027084,2248.995464321397,False,1,3.1304710367549022,12.9,26.1,typical_january,Innotec Power 145-DZS48-010,SZFC-1000
3140.470149662685,-0.2965499661455656,329.6095165043838,538.9546657745304,2687.890283580993,False,1,3.140470149662685,13.0,26.1,typical_january,Innotec Power 145-DZS48-010,SZFC-1000
3150.5159530875776,-0.25706917517594596,329.7383974905524,713.32133448663,4708.444895958827,False,1,3.1505159530875777,12.9,26.1,typical_january,Innotec Power 145-DZS48-010,SZFC-1000
3160.5192800619225,-0.16732973298152962,329.83877744522897,783.0478566161214,5673.926107952901,False,1,3.1605192800619224,12.6,26.1,typical_january,Innotec Power 145-DZS48-010,SZFC-1000
3170.5251167626507,-0.058498002719029496,329.9317382395067,779.2743582547582,5619.372705897948,False,1,3.1705251167626507,12.2,26.1,typical_january,Innotec Power 145-DZS48-010,SZFC-1000
3180.5211866501472,0.04235523187358992,330.03811231996133,694.499036265711,4463.241229086127,False,1,3.180521186650147,11.9,26.1,typical_january,Innotec Power 145-DZS48-010,SZFC-1000
3190.5246428001506,0.18070351355149886,330.2111898520204,523.9542041340052,2540.3509826657364,False,1,3.1905246428001504,11.5,26.1,typical_january,Innotec Power 145-DZS48-010,SZFC-1000
3200.562525391784,0.3196321271468662,330.5627188950981,327.1768082560721,990.5401601065726,False,1,3.2005625253917844,11.2,26.1,typical_january,Innotec Power 145-DZS48-010,SZFC-1000
3210.5778770167,0.3839709313939872,331.0878430561459,341.2387496070929,1077.516053319278,False,1,3.2105778770167,11.1,26.1,typical_january,Innotec Power 145-DZS48-010,SZFC-1000
3220.4902512632534,0.42414940841434967,331.4403593547757,437.46209113631903,1770.8750313820349,False,1,3.2204902512632536,11.1,26.1,typical_january,Innotec Power 145-DZS48-010,SZFC-1000
3230.4796589742905,0.4398554702414485,331.6939226988686,493.2675695876854,2251.501247068873,False,1,3.2304796589742906,11.1,25.2,typical_january,Innotec Power 145-DZS48-010,SZFC-1000
3240.511058289394,0.3927143187658313,331.8819585032065,565.3791475215004,2957.9214632496232,False,1,3.240511058289394,11.0,24.3,typical_january,Innotec Power 145-DZS48-010,SZFC-1000
3250.483169443752,0.31277231636599473,331.9990135695993,712.3456867749542,4695.573720838275,False,1,3.250483169443752,10.9,23.400000000000002,typical_january,Innotec Power 145-DZS48-010,SZFC-1000
3260.495732148897,0.15323209745119848,332.0410008253354,1161.2953989771418,12479.364679875134,False,1,3.2604957321488968,11.0,23.400000000000002,typical_january,Innotec Power 145-DZS48-010,SZFC-1000
3270.5088448659653,0.002472215101474627,332.03406554769003,2140.835261333184,42410.51674043133,False,1,3.270508844865965,11.2,23.400000000000002,typical_january,Innotec Power 145-DZS48-010,SZFC-1000
3280.489586469996,-0.07428381522477866,332.0272004461894,3411.215630569183,107677.61097600512,False,1,3.280489586469996,11.8,23.400000000000002,typical_january,Innotec Power 145-DZS48-010,SZFC-1000
3290.4889337736827,-0.16834379147163125,332.0250643539067,5415.138732756143,271347.7597130132,False,1,3.2904889337736827,12.4,23.400000000000002,typical_january,Innotec Power 145-DZS48-010,SZFC-1000
3300.489050583881,-0.2687039382500861,332.02525441464604,7560.922618178044,529001.1936865469,False,1,3.3004890505838813,12.8,23.400000000000002,typical_january,Innotec Power 145-DZS48-010,SZFC-1000
3310.4903495378308,-0.33715694039404726,332.0280787871727,3223.549583975881,96155.86410824436,False,1,3.310490349537831,13.0,23.400000000000002,typical_january,Innotec Power 145-DZS48-010,SZFC-1000
3320.4935442666188,-0.36635335158306803,332.03354160965006,2991.4079674215022,82805.34242429733,False,1,3.320493544266619,13.3,23.400000000000002,typical_january,Innotec Power 145-DZS48-010,SZFC-1000
3330.496044273828,-0.37627673381378646,332.0444601606432,2132.795568555552,42092.57794658238,False,1,3.330496044273828,13.7,23.400000000000002,typical_january,Innotec Power 145-DZS48-010,SZFC-1000
3340.483063164975,-0.3762067637826146,332.05307836067817,2655.4208766369184,65248.99036744607,False,1,3.3404830631649753,13.9,23.400000000000002,typical_january,Innotec Power 145-DZS48-010,SZFC-1000
3350.4881572208897,-0.3637528597158708,332.0600193653289,2987.9111916945544,82611.86665613219,False,1,3.3504881572208896,13.8,23.400000000000002,typical_january,Innotec Power 145-DZS48-010,SZFC-1000
3360.4960522228744,-0.3308173791853929,332.06608808042523,2969.0906327095936,81574.41631784455,False,1,3.3604960522228744,13.4,23.400000000000002,typical_january,Innotec Power 145-DZS48-010,SZFC-1000
3370.499914237504,-0.3082277568757476,332.06973054798186,4134.071753149508,158147.77486281333,False,1,3.370499914237504,13.2,23.400000000000002,typical_january,Innotec Power 145-DZS48-010,SZFC-1000
3380.504260949697,-0.30118474029958475,332.0729031093016,4106.453787777245,156041.79770718163,False,1,3.3805042609496967,13.0,23.400000000000002,typical_january,Innotec Power 145-DZS48-010,SZFC-1000
3390.50475828707,-0.2969586635728989,332.0750467120039,5059.138071905286,236842.76887775445,False,1,3.3905047582870704,12.9,23.400000000000002,typical_january,Innotec Power 145-DZS48-010,SZFC-1000
3400.509320038001,-0.2715025282377267,332.07800884752544,4418.847339725176,180686.2320527594,False,1,3.400509320038001,12.8,23.400000000000002,typical_january,Innotec Power 145-DZS48-010,SZFC-1000
3410.510653725397,-0.21918968988119214,332.08164703439786,3901.55925053936,140858.63602963617,False,1,3.410510653725397,12.7,23.400000000000002,typical_january,Innotec Power 145-DZS48-010,SZFC-1000
3420.5134868547625,-0.15131301643183748,332.0878292750082,2835.333332174856,74390.12908794484,False,1,3.4205134868547624,12.7,23.400000000000002,typical_january,Innotec Power 145-DZS48-010,SZFC-1000
3430.5143766529563,-0.06312956185561505,332.09793967190564,2113.903488573946,41350.17732529072,False,1,3.4305143766529564,12.9,23.400000000000002,typical_january,Innotec Power 145-DZS48-010,SZFC-1000
3440.517233661262,-0.014142516345142624,332.1174741063774,1449.4042239213145,19439.545669841624,False,1,3.4405172336612617,13.0,23.400000000000002,typical_january,Innotec Power 145-DZS48-010,SZFC-1000
3450.497836094294,0.01731559433099101,332.1441507578139,1524.0474027164903,21493.345290057943,False,1,3.450497836094294,13.2,23.400000000000002,typical_january,Innotec Power 145-DZS48-010,SZFC-1000
3460.5183218104185,0.05511281259030104,332.1746064553386,1352.482746185508,16926.63121762186,False,1,3.4605183218104183,12.8,23.400000000000002,typical_january,Innotec Power 145-DZS48-010,SZFC-1000
3470.5239578439214,0.06326129043094479,332.20292412444365,1231.8585267325493,14041.99238956742,False,1,3.4705239578439215,12.4,23.400000000000002,typical_january,Innotec Power 145-DZS48-010,SZFC-1000
3480.5496602113326,0.07178034557253592,332.2367497108347,1251.8987947442174,14502.58795363564,False,1,3.4805496602113326,12.1,22.5,typical_january,Innotec Power 145-DZS48-010,SZFC-1000
3490.530012986645,0.07581809484769182,332.25390532009783,1741.2964504693784,28057.727620146405,False,1,3.4905300129866452,11.7,21.6,typical_january,Innotec Power 145-DZS48-010,SZFC-1000
3500.525669354107,0.06933486491208335,332.2647310513452,2421.16688193585,54244.600479026776,False,1,3.500525669354107,11.2,20.7,typical_january,Innotec Power 145-DZS48-010,SZFC-1000
3510.5209201067714,0.04882054619776629,332.2704897735739,3446.5961182411024,109922.81824412048,False,1,3.5105209201067713,10.6,19.8,typical_january,Innotec Power 145-DZS48-010,SZFC-1000
3520.522208870645,0.0012368347308506847,332.27355442522196,4076.1196851284553,153744.9715203583,False,1,3.520522208870645,10.1,18.900000000000002,typical_january,Innotec Power 145-DZS48-010,SZFC-1000
3530.5204354180664,-0.09334332961026735,332.2725836675686,5231.608523858927,253266.3799084695,False,1,3.5305204354180666,9.9,18.0,typical_january,Innotec Power 145-DZS48-010,SZFC-1000
3540.5292731185777,-0.20682113397672797,332.2700117590658,3167.2914342547247,92828.88155180225,False,1,3.540529273118578,9.9,17.1,typical_january,Innotec Power 145-DZS48-010,SZFC-1000
3550.5244114325,-0.2743677913915149,332.25999714643757,2175.892266926188,43810.86649674594,False,1,3.5505244114325,9.9,17.1,typical_january,Innotec Power 145-DZS48-010,SZFC-1000
3560.5270252765163,-0.3301930449097261,332.24167721105187,1591.490919276153,23437.72181745885,False,1,3.5605270252765164,10.1,17.1,typical_january,Innotec Power 145-DZS48-010,SZFC-1000
3570.5301572176368,-0.39578748951686205,332.20820601523474,1185.1421470927512,12997.14462973342,False,1,3.570530157217637,10.3,17.1,typical_january,Innotec Power 145-DZS48-010,SZFC-1000
3580.5338544780534,-0.44695583776185754,332.1486486298554,896.3606932506042,7434.85791036135,False,1,3.5805338544780536,10.4,17.1,typical_january,Innotec Power 145-DZS48-010,SZFC-1000
3590.53379014997,-0.45576429078340974,332.0414308929783,718.0135136412136,4770.592286221444,False,1,3.59053379014997,10.6,17.1,typical_january,Innotec Power 145-DZS48-010,SZFC-1000
3600.5339278332863,-0.4444084469739858,331.8284690944603,443.5678993802633,1820.65342969414,False,1,3.600533927833286,10.8,17.1,typical_january,Innotec Power 145-DZS48-010,SZFC-1000
3610.5247643440816,-0.43549496977646424,331.38776294267643,320.5230425035216,950.6607826824618,False,1,3.6105247643440816,11.0,16.2,typical_january,Innotec Power 145-DZS48-010,SZFC-1000
3620.481040494855,-0.5431833754272587,330.6862170563399,253.64534173457747,595.3342204097403,True,1,3.620481040494855,11.2,0.0,typical_january,Innotec Power 145-DZS48-010,SZFC-1000
3630.416122305133,-0.8402276450468157,330.1888582409684,406.066680406635,1525.8146332279932,False,2,3.630416122305133,11.7,14.4,typical_january,Innotec Power 145-DZS48-010,SZFC-1000
3640.378021748829,-0.8494219084190342,330.0096875127655,602.590445696919,3360.0949378534524,False,2,3.6403780217488286,11.9,19.8,typical_january,Innotec Power 145-DZS48-010,SZFC-1000
3650.3925969880856,-0.8500896264958961,329.9076551996018,784.9399328660421,5701.379017303223,False,2,3.6503925969880857,11.9,22.5,typical_january,Innotec Power 145-DZS48-010,SZFC-1000
3660.3861633364054,-0.8222738783816816,329.8624657348057,1247.806370914295,14407.925783183897,False,2,3.660386163336405,11.8,23.400000000000002,typical_january,Innotec Power 145-DZS48-010,SZFC-1000
3670.409013243395,-0.7611054745954853,329.8424920695384,1650.7303918388366,25215.022487357823,False,2,3.6704090132433946,11.8,25.2,typical_january,Innotec Power 145-DZS48-010,SZFC-1000
3680.425771233129,-0.6438021660851785,329.8462655759302,1778.4442530329045,29267.63148649472,False,2,3.680425771233129,11.6,26.1,typical_january,Innotec Power 145-DZS48-010,SZFC-1000
3690.4527899084333,-0.5348736469776285,329.8633882130457,1621.4621378932395,24328.800075631952,False,2,3.6904527899084334,11.3,26.1,typical_january,Innotec Power 145-DZS48-010,SZFC-1000
3700.4142567038175,-0.4638220041204552,329.9060232640625,938.023084119349,8142.056613240304,False,2,3.7004142567038176,10.9,26.1,typical_january,Innotec Power 145-DZS48-010,SZFC-1000
3710.391082261685,-0.3711231496087135,329.9523561064733,1201.0273101483272,13347.89652380456,False,2,3.710391082261685,10.5,26.1,typical_january,Innotec Power 145-DZS48-010,SZFC-1000
3720.4051655551166,-0.2749326445586421,330.0045067255189,1000.6382558388262,9265.338074173347,False,2,3.7204051655551167,10.0,26.1,typical_january,Innotec Power 145-DZS48-010,SZFC-1000
3730.46315609106,-0.1928573418901473,330.04964822728317,1211.198495020249,13574.933488823192,False,2,3.73046315609106,9.8,26.1,typical_january,Innotec Power 145-DZS48-010,SZFC-1000
3740.450086632527,-0.15220786548901857,330.09094705562694,1150.6137422577094,12250.848768877098,False,2,3.740450086632527,9.7,26.1,typical_january,Innotec Power 145-DZS48-010,SZFC-1000
3750.450571328292,-0.13740190255731688,330.11960017900526,1471.2413392529843,20029.72118700216,False,2,3.750450571328292,9.7,26.1,typical_january,Innotec Power 145-DZS48-010,SZFC-1000
3760.4467664519134,-0.11379504292187806,330.14867140746526,1312.828761541369,15948.624418881078,False,2,3.7604467664519134,9.8,26.1,typical_january,Innotec Power 145-DZS48-010,SZFC-1000
3770.4576773373783,-0.0974920272819936,330.17951663350436,1364.7727298066911,17235.65282139895,False,2,3.770457677337378,10.0,26.1,typical_january,Innotec Power 145-DZS48-010,SZFC-1000
3780.4656779305537,-0.12429357736080901,330.2181407661674,1194.7199941024694,13208.0690000737,False,2,3.780465677930554,10.1,26.1,typical_january,Innotec Power 145-DZS48-010,SZFC-1000
3790.4881915447777,-0.1758498881505014,330.2649370818781,1104.9101094415914,11296.943579667915,False,2,3.7904881915447777,10.3,26.1,typical_january,Innotec Power 145-DZS48-010,SZFC-1000
3800.4813999404737,-0.2130237252083702,330.32851053325476,891.4568758573023,7353.731071117959,False,2,3.8004813999404736,10.3,26.1,typical_january,Innotec Power 145-DZS48-010,SZFC-1000
3810.4253821351585,-0.2464279217641344,330.4104282827408,783.1453715875947,5675.339373283672,False,2,3.8104253821351586,10.3,26.1,typical_january,Innotec Power 145-DZS48-010,SZFC-1000
3820.4413515101733,-0.2736099068934565,330.4567757209244,1108.4975255606814,11370.420378015198,False,2,3.820441351510173,10.1,26.1,typical_january,Innotec Power 145-DZS48-010,SZFC-1000
3830.4627686747895,-0.2876493298518983,330.4859077820407,1490.0645624925862,20545.524741292087,False,2,3.8304627686747894,9.8,26.1,typical_january,Innotec Power 145-DZS48-010,SZFC-1000
3840.4618045738357,-0.29557580934197697,330.50873820779316,1653.6258683868682,25303.55728150606,False,2,3.840461804573836,9.4,26.1,typical_january,Innotec Power 145-DZS48-010,SZFC-1000
3850.459117915838,-0.28888244709525446,330.53076373834926,1615.0056532571073,24135.43658535796,False,2,3.850459117915838,9.0,26.1,typical_january,Innotec Power 145-DZS48-010,SZFC-1000
3860.4628390583443,-0.257191174981386,330.55299496020734,1566.8151243197565,22716.560489877145,False,2,3.860462839058344,8.6,26.1,typical_january,Innotec Power 145-DZS48-010,SZFC-1000
3870.4637176328865,-0.2247381660453464,330.58332912425834,1327.6019802178494,16309.582668730156,False,2,3.8704637176328864,8.3,26.1,typical_january,Innotec Power 145-DZS48-010,SZFC-1000
3880.4587762612528,-0.203779360756025,330.6361470398761,901.3063114175228,7517.12703865326,False,2,3.8804587762612526,7.9,26.1,typical_january,Innotec Power 145-DZS48-010,SZFC-1000
3890.474963862883,-0.20812015900465858,330.74366263975645,632.0945709445657,3697.185028778404,False,2,3.890474963862883,7.4,26.1,typical_january,Innotec Power 145-DZS48-010,SZFC-1000
3900.52348210961,-0.23866861849973894,330.99649325208384,424.1874747745521,1665.032621955973,False,2,3.90052348210961,7.2,26.1,typical_january,Innotec Power 145-DZS48-010,SZFC-1000
3910.405819737803,-0.2572993909075828,331.32639212238155,410.4946518115704,1559.2726876549727,False,2,3.910405819737803,7.4,26.1,typical_january,Innotec Power 145-DZS48-010,SZFC-1000
3920.4455146002565,-0.29305439961296387,331.42600531624953,938.543453960232,8151.092757412649,False,2,3.9204455146002566,7.6,26.1,typical_january,Innotec Power 145-DZS48-010,SZFC-1000
3930.519839907,-0.30056671926399836,331.3101408857833,626.8763578647635,3636.393288474025,False,2,3.930519839907,7.7,26.1,typical_january,Innotec Power 145-DZS48-010,SZFC-1000
3940.443102594035,-0.27983964529930566,331.17565627477586,648.6609047759073,3893.5209187405535,False,2,3.9404431025940347,8.4,26.1,typical_january,Innotec Power 145-DZS48-010,SZFC-1000
3950.444786254735,-0.16621597304359526,331.1060506515429,951.0182953318484,8369.216623248167,False,2,3.950444786254735,9.1,26.1,typical_january,Innotec Power 145-DZS48-010,SZFC-1000
3960.4457390842995,0.004231730198259443,331.06589049824265,1240.72204523123,14244.790392204664,False,2,3.9604457390842995,9.6,26.1,typical_january,Innotec Power 145-DZS48-010,SZFC-1000
3970.4412846878167,0.19130522737234418,331.0386997903856,1469.318473214994,19977.39897310742,False,2,3.9704412846878165,10.1,26.1,typical_january,Innotec Power 145-DZS48-010,SZFC-1000
3980.4653179287247,0.4369467834256095,331.03609411081476,2700.770161203255,67496.66561959228,False,2,3.980465317928725,10.5,26.1,typical_january,Innotec Power 145-DZS48-010,SZFC-1000
3990.486960922811,0.5448645122971729,331.0685542272456,1232.9003622871032,14065.754263168596,False,2,3.990486960922811,10.8,26.1,typical_january,Innotec Power 145-DZS48-010,SZFC-1000
4000.448328940272,0.5786648988229701,331.1001522324663,1456.857205756416,19639.97986030506,False,2,4.000448328940272,11.0,26.1,typical_january,Innotec Power 145-DZS48-010,SZFC-1000
4010.435725800794,0.595660881891124,331.12962959551646,1385.22548405077,17756.117518839157,False,2,4.010435725800794,11.1,26.1,typical_january,Innotec Power 145-DZS48-010,SZFC-1000
4020.436032367696,0.5399139185913188,331.16878954155186,1126.7107759243968,11747.135040942729,False,2,4.020436032367696,11.2,26.1,typical_january,Innotec Power 145-DZS48-010,SZFC-1000
4030.4595940840973,0.44589538491537906,331.22613464132553,980.2801345422556,8892.164100648182,False,2,4.030459594084097,11.3,26.1,typical_january,Innotec Power 145-DZS48-010,SZFC-1000
4040.440739225458,0.35976826513572735,331.30393490302777,772.066275172743,5515.898043760216,False,2,4.040440739225458,11.3,26.1,typical_january,Innotec Power 145-DZS48-010,SZFC-1000
4050.395452769953,0.2923626843532102,331.420652894024,690.9800666602255,4418.126062968456,False,2,4.050395452769953,10.8,26.1,typical_january,Innotec Power 145-DZS48-010,SZFC-1000
4060.4162209273236,0.2005222699322129,331.549506331384,686.9855731988748,4367.1921351668125,False,2,4.060416220927324,10.4,26.1,typical_january,Innotec Power 145-DZS48-010,SZFC-1000
4070.4109932667025,0.13629595399332511,331.69325648369295,612.0067842618474,3465.928013358824,False,2,4.0704109932667025,10.3,26.1,typical_january,Innotec Power 145-DZS48-010,SZFC-1000
4080.43235998133,0.13841972243978967,331.8907716311582,538.6687656068807,2685.039340797969,False,2,4.08043235998133,10.3,26.1,typical_january,Innotec Power 145-DZS48-010,SZFC-1000
4090.4311528114913,0.1650871400428215,332.15317415839627,441.3536176852657,1802.5214722785915,False,2,4.090431152811491,10.3,26.1,typical_january,Innotec Power 145-DZS48-010,SZFC-1000
4100.377242951612,0.19417843905692592,332.4863976970193,419.1997014209198,1626.106533128981,False,2,4.100377242951612,10.2,26.1,typical_january,Innotec Power 145-DZS48-010,SZFC-1000
4110.408577957168,0.26069863948827937,332.89187823908946,364.2630093368825,1227.8270802765412,False,2,4.110408577957168,10.1,26.1,typical_january,Innotec Power 145-DZS48-010,SZFC-1000
4120.41539643467,0.36568415984255154,333.4798508249351,285.40837152802345,753.7728324945781,False,2,4.1204153964346695,10.4,26.1,typical_january,Innotec Power 145-DZS48-010,SZFC-1000
4130.491643669446,0.4710295843716426,334.3995770153336,238.07685669255736,524.4950879770145,False,2,4.130491643669446,10.7,26.1,typical_january,Innotec Power 145-DZS48-010,SZFC-1000
4140.551768770646,0.5917269132061924,335.94628802454264,170.17303973200924,267.9714822331636,False,2,4.140551768770646,10.9,26.1,typical_january,Innotec Power 145-DZS48-010,SZFC-1000
4150.647997070994,0.6730450595431269,338.8805769160491,127.07513606237234,149.42670919280454,False,2,4.150647997070994,10.9,25.2,typical_january,Innotec Power 145-DZS48-010,SZFC-1000
4160.534460204167,0.7112869396617927,344.4006750341082,88.04190247621645,71.72753440673827,False,2,4.1605344602041665,10.7,24.3,typical_january,Innotec Power 145-DZS48-010,SZFC-1000
4170.086067032993,0.7098181276131409,237.51360128000272,67.47683464810434,42.13242617473106,False,2,4.170086067032993,10.4,23.400000000000002,typical_january,Innotec Power 145-DZS48-010,SZFC-1000
4184.406721771216,0.6499525934090311,10.074133406540966,78.60217222015339,57.17104911368519,False,2,4.184406721771216,9.9,22.5,typical_january,Innotec Power 145-DZS48-010,SZFC-1000
4194.079543388474,0.5691158263081484,17.79945285975964,87.64009236046488,71.07432085579917,False,2,4.194079543388474,9.7,21.6,typical_january,Innotec Power 145-DZS48-010,SZFC-1000
4203.5691282790685,0.467250689300694,25.480505747536938,83.831550583101,65.03124426898862,False,2,4.203569128279068,9.6,20.7,typical_january,Innotec Power 145-DZS48-010,SZFC-1000
4213.006888629614,0.3606070210980845,34.12066568761651,77.40162765299331,55.43796145771676,False,2,4.213006888629614,10.1,19.8,typical_january,Innotec Power 145-DZS48-010,SZFC-1000
4221.973867753548,0.25357378326130525,44.16024065519662,72.30823008565426,48.381856379784494,False,2,4.221973867753548,10.9,19.8,typical_january,Innotec Power 145-DZS48-010,SZFC-1000
4230.697147518573,0.11581529909886236,55.72539259093376,72.10391436079179,48.10882499284145,False,2,4.230697147518573,11.8,19.8,typical_january,Innotec Power 145-DZS48-010,SZFC-1000
4242.89541859812,0.015056741217947586,64.3935404663714,82.14254107124852,62.43718758852612,False,2,4.2428954185981205,12.8,19.8,typical_january,Innotec Power 145-DZS48-010,SZFC-1000
4250.218843272393,-0.020648479290589213,73.67839458394396,77.23039027250765,55.192939466825415,False,2,4.2502188432723935,12.8,19.8,typical_january,Innotec Power 145-DZS48-010,SZFC-1000
4261.780785411748,-0.0172989015984191,84.27809984933265,72.34547712315666,48.43171363548288,False,2,4.261780785411748,13.0,19.8,typical_january,Innotec Power 145-DZS48-010,SZFC-1000
4270.011964193399,0.04445979497975857,96.96295547686721,68.07977411575473,42.88873901562685,False,2,4.270011964193399,12.7,19.8,typical_january,Innotec Power 145-DZS48-010,SZFC-1000
4282.828626834179,0.1149283385925686,106.49904698525313,87.13755353495876,70.2615603886498,False,2,4.282828626834179,12.0,19.8,typical_january,Innotec Power 145-DZS48-010,SZFC-1000
4291.478656088944,0.15702991649312942,112.92113886140268,88.53589504777905,72.5347017433575,False,2,4.291478656088945,11.5,19.8,typical_january,Innotec Power 145-DZS48-010,SZFC-1000
4300.214122396062,0.1619461878670199,117.53111093184914,118.51680525534996,129.97712832797876,False,2,4.300214122396062,11.0,19.8,typical_january,Innotec Power 145-DZS48-010,SZFC-1000
4314.0751029573275,0.1351925210734513,119.93766819611824,184.2833373810728,314.2528339494912,False,2,4.314075102957328,10.3,19.8,typical_january,Innotec Power 145-DZS48-010,SZFC-1000
4323.563897285407,0.09957164570085279,121.18244392106746,219.80418846956903,447.0735668771086,False,2,4.323563897285407,10.1,19.8,typical_january,Innotec Power 145-DZS48-010,SZFC-1000
4333.13532753237,0.05314394634200049,122.3262837694873,227.45993179029645,478.7589154913427,False,2,4.33313532753237,10.0,19.8,typical_january,Innotec Power 145-DZS48-010,SZFC-1000
4342.957758791334,-0.003321192943933177,123.6928568043501,195.6088567701021,354.0658943946079,False,2,4.342957758791334,9.9,19.8,typical_january,Innotec Power 145-DZS48-010,SZFC-1000
4352.833968727895,-0.06806022063018954,125.50042682366737,175.18301281417848,283.9821530896457,False,2,4.352833968727895,9.9,19.8,typical_january,Innotec Power 145-DZS48-010,SZFC-1000
4362.703562776583,-0.11089513073233984,126.82772221963523,215.78634751876385,430.87866796187024,False,2,4.3627035627765824,10.1,19.8,typical_january,Innotec Power 145-DZS48-010,SZFC-1000
4372.612968468506,-0.1081000101222189,127.77256510877208,259.1610111133015,621.5075327488513,False,2,4.372612968468506,10.3,19.8,typical_january,Innotec Power 145-DZS48-010,SZFC-1000
4382.410805319459,-0.07580181161041087,128.7519588632646,210.02885854623747,408.19248938098593,False,2,4.382410805319458,10.5,19.8,typical_january,Innotec Power 145-DZS48-010,SZFC-1000
4392.0555623421415,-0.008672291924616469,129.93705395134606,205.82330757165704,392.0091204539938,False,2,4.392055562342142,10.9,19.8,typical_january,Innotec Power 145-DZS48-010,SZFC-1000
4402.316548029497,0.0948776486141349,130.0865898995453,494.4871612391452,2262.648571129866,False,2,4.402316548029497,11.3,19.8,typical_january,Innotec Power 145-DZS48-010,SZFC-1000
4412.621906998253,0.19413614952036812,129.67530701388233,332.3359612112065,1022.0255211599972,False,2,4.412621906998252,11.5,19.8,typical_january,Innotec Power 145-DZS48-010,SZFC-1000
4422.577941753241,0.23659541177370802,129.46443188499853,559.0351942453551,2891.913943030709,False,2,4.422577941753241,11.5,19.8,typical_january,Innotec Power 145-DZS48-010,SZFC-1000
4432.611224116714,0.22190478611943093,129.271527619595,569.8552944004764,3004.9430145555466,False,2,4.432611224116714,11.6,19.8,typical_january,Innotec Power 145-DZS48-010,SZFC-1000
4442.685073290804,0.12708162623634003,129.09241046578313,589.0195115984279,3210.4538245884823,False,2,4.4426850732908045,11.6,19.8,typical_january,Innotec Power 145-DZS48-010,SZFC-1000
4452.724054973386,0.008447038959407448,128.9023127899033,558.538879588214,2886.781306808828,False,2,4.452724054973386,11.7,19.8,typical_january,Innotec Power 145-DZS48-010,SZFC-1000
4462.7009284838105,-0.10090594159356826,128.70883915286456,531.6152862426353,2615.1824069710024,False,2,4.462700928483811,11.6,19.8,typical_january,Innotec Power 145-DZS48-010,SZFC-1000
4472.75685278319,-0.19058099277542512,128.55619480257985,656.6937937952503,3990.551217589526,False,2,4.47275685278319,11.1,19.8,typical_january,Innotec Power 145-DZS48-010,SZFC-1000
4482.832588538239,-0.20448122153288462,128.44803956102731,581.8599605692402,3132.881814327319,False,2,4.48283258853824,10.9,19.8,typical_january,Innotec Power 145-DZS48-010,SZFC-1000
4492.921258569591,-0.18682008646379197,128.01659476730933,271.45389641386487,681.8662973240782,False,2,4.4929212585695915,11.0,19.8,typical_january,Innotec Power 145-DZS48-010,SZFC-1000
4503.282286630586,-0.12977796383098927,126.50772510649637,149.76362662401957,207.54857784080116,False,2,4.503282286630586,11.0,19.8,typical_january,Innotec Power 145-DZS48-010,SZFC-1000
4513.103326099425,-0.05402770132579696,123.72901862592477,140.32274532121238,182.2062252374068,False,2,4.513103326099426,11.0,19.8,typical_january,Innotec Power 145-DZS48-010,SZFC-1000
4522.552846234783,0.011358633257361778,122.03350253518667,198.51127667396003,364.6510179126489,False,2,4.522552846234783,11.2,19.8,typical_january,Innotec Power 145-DZS48-010,SZFC-1000
4532.542624487153,0.14649771631214392,121.11633396433339,262.3260533736801,636.7807355607198,False,2,4.532542624487153,11.5,18.900000000000002,typical_january,Innotec Power 145-DZS48-010,SZFC-1000
4542.635657391376,0.30581739561457766,120.51900632961409,324.1486981247437,972.2895739453228,False,2,4.542635657391377,11.3,18.0,typical_january,Innotec Power 145-DZS48-010,SZFC-1000
4552.682310398507,0.40581154036750255,120.07536284564074,378.14534183471017,1323.1972061700433,False,2,4.552682310398507,11.2,17.1,typical_january,Innotec Power 145-DZS48-010,SZFC-1000
4562.789332807197,0.4772738032865095,119.63200283111007,358.0343345397505,1186.195898444094,False,2,4.5627893328071965,11.0,16.2,typical_january,Innotec Power 145-DZS48-010,SZFC-1000
4572.92723996871,0.5299820299199766,119.056516050487,299.45888667197266,829.8153737906329,True,2,4.57292723996871,10.8,0.0,typical_january,Innotec Power 145-DZS48-010,SZFC-1000
4583.19908013792,0.5748708165063472,118.13678995089836,252.10531960708727,588.1269554930723,False,2,4.58319908013792,10.7,14.4,typical_january,Innotec Power 145-DZS48-010,SZFC-1000
4593.4701460710685,0.592007892450914,116.50442138615395,162.2270599651179,243.5306682535157,False,2,4.593470146071068,10.5,18.900000000000002,typical_january,Innotec Power 145-DZS48-010,SZFC-1000
4603.4898446064135,0.5872783466231256,113.96846482765929,152.23990172418985,214.4687671143056,False,2,4.603489844606414,10.3,21.6,typical_january,Innotec Power 145-DZS48-010,SZFC-1000
4613.573127003391,0.5599640166691615,111.30355913275122,151.16838893131415,211.46039281653768,False,2,4.6135731270033915,10.2,23.400000000000002,typical_january,Innotec Power 145-DZS48-010,SZFC-1000
4623.437487865087,0.5159146345646585,108.75006885805286,153.5901414639894,218.2899524047708,False,2,4.623437487865087,10.0,24.3,typical_january,Innotec Power 145-DZS48-010,SZFC-1000
4633.634959230632,0.45050515111688383,105.97945851278297,123.03619023336162,140.07892983331766,False,2,4.6336349592306325,10.1,25.2,typical_january,Innotec Power 145-DZS48-010,SZFC-1000
4643.483434772448,0.38082226769969996,103.10240595900765,138.5788989310579,177.70566719878457,False,2,4.643483434772448,10.4,25.2,typical_january,Innotec Power 145-DZS48-010,SZFC-1000
4654.080296300666,0.3441725840641845,103.07841973876862,239.12435831727208,529.1206372479353,False,2,4.654080296300666,10.6,25.2,typical_january,Innotec Power 145-DZS48-010,SZFC-1000
4664.422011870314,0.34180739208118527,104.60841775285624,183.20999154727423,310.6028059154463,False,2,4.664422011870315,10.8,25.2,typical_january,Innotec Power 145-DZS48-010,SZFC-1000
4674.208265342468,0.35610125542777415,106.67617100458699,147.38273916313534,201.00196954951625,False,2,4.674208265342468,10.9,25.2,typical_january,Innotec Power 145-DZS48-010,SZFC-1000
4683.955887166374,0.37302338012182096,110.59513244945859,105.57745214670184,103.14529437849563,False,2,4.683955887166374,11.0,25.2,typical_january,Innotec Power 145-DZS48-010,SZFC-1000
4693.494704087353,0.3926438027407104,117.96462491200771,79.29566252557042,58.18431549632888,False,2,4.693494704087353,11.2,25.2,typical_january,Innotec Power 145-DZS48-010,SZFC-1000
4703.002840018075,0.42094467467780294,127.96607788758752,72.92801845219422,49.21481899151768,False,2,4.703002840018075,11.2,25.2,typical_january,Innotec Power 145-DZS48-010,SZFC-1000
4712.842288312131,0.45981209363603615,133.83021215337556,103.78309385349074,99.6690438021248,False,2,4.712842288312131,11.2,26.1,typical_january,Innotec Power 145-DZS48-010,SZFC-1000
4722.944774100222,0.5161704259326139,136.7306189553665,150.33075644920737,209.12345766542248,False,2,4.722944774100222,11.2,27.0,typical_january,Innotec Power 145-DZS48-010,SZFC-1000
4733.054095631325,0.5575883634126337,138.24477347907828,205.5053298666508,390.79882143072194,False,2,4.733054095631325,11.6,27.900000000000002,typical_january,Innotec Power 145-DZS48-010,SZFC-1000
4743.10378834814,0.5460258248599067,139.01753452182683,285.8192028233993,755.944432068816,False,2,4.74310378834814,11.8,28.8,typical_january,Innotec Power 145-DZS48-010,SZFC-1000
4753.136886176811,0.49123820182611966,139.29572011589622,463.4340172335308,1987.389007049042,False,2,4.753136886176811,12.0,28.8,typical_january,Innotec Power 145-DZS48-010,SZFC-1000
4763.206438949636,0.4249889887275143,139.10837166043927,394.9222831582587,1443.212705668151,False,2,4.763206438949636,12.0,28.8,typical_january,Innotec Power 145-DZS48-010,SZFC-1000
4773.175761488896,0.3880452417812779,138.49961983884282,273.3234865138449,691.2911058114703,False,2,4.773175761488895,12.1,28.8,typical_january,Innotec Power 145-DZS48-010,SZFC-1000
4783.0056187853315,0.358443723897812,137.36033847354952,199.6558701739596,368.86821369751686,False,2,4.783005618785332,12.4,28.8,typical_january,Innotec Power 145-DZS48-010,SZFC-1000
4792.789868015222,0.3317993710743592,135.30483532100118,151.28610021725902,211.78983954898465,False,2,4.792789868015222,12.6,28.8,typical_january,Innotec Power 145-DZS48-010,SZFC-1000
4802.630301682996,0.3086159958674498,132.1795150765291,131.52600177517084,160.07750327169603,False,2,4.8026303016829965,12.8,28.8,typical_january,Innotec Power 145-DZS48-010,SZFC-1000
4812.511726430258,0.28086120363584555,129.91287199652123,166.1870579155823,255.56505169236843,False,2,4.812511726430258,12.7,28.8,typical_january,Innotec Power 145-DZS48-010,SZFC-1000
4822.4340262151945,0.24591797168755322,128.20993866743225,192.27035215601157,342.0831706397282,False,2,4.822434026215195,12.7,28.8,typical_january,Innotec Power 145-DZS48-010,SZFC-1000
4832.375309126067,0.21012566139567862,126.51590790516815,188.4930807912129,328.7743220144503,False,2,4.832375309126067,12.8,28.8,typical_january,Innotec Power 145-DZS48-010,SZFC-1000
4842.324220588861,0.18342302635465924,124.805591466019,190.0073624434152,334.078036272172,False,2,4.842324220588861,13.0,28.8,typical_january,Innotec Power 145-DZS48-010,SZFC-1000
4852.280648808579,0.17556201998842527,123.14800174571388,193.0947571611901,345.0229861480232,False,2,4.852280648808579,13.0,28.8,typical_january,Innotec Power 145-DZS48-010,SZFC-1000
4862.2442505381405,0.1710294538096359,121.54391800738065,196.37888877532097,356.8590062737944,False,2,4.86224425053814,13.0,28.8,typical_january,Innotec Power 145-DZS48-010,SZFC-1000
4872.214661409728,0.16210323672286292,119.99358552956431,199.8474770306168,369.5765484242632,False,2,4.872214661409728,13.0,28.8,typical_january,Innotec Power 145-DZS48-010,SZFC-1000
4882.191503682108,0.14658256836901806,118.51623285442986,204.07650608102725,385.3834727491136,False,2,4.882191503682108,12.9,28.8,typical_january,Innotec Power 145-DZS48-010,SZFC-1000
4892.173977184325,0.11786720386417196,117.03360987933928,195.85453581088444,354.95584587275346,False,2,4.892173977184325,12.9,28.8,typical_january,Innotec Power 145-DZS48-010,SZFC-1000
4902.160859962831,0.08918435284523046,115.29186231505165,179.72668450341934,298.904319346002,False,2,4.902160859962831,12.9,28.8,typical_january,Innotec Power 145-DZS48-010,SZFC-1000
4912.152569440791,0.07208875512891749,114.04635475225771,225.68266547711704,471.3065445429048,False,2,4.912152569440791,13.0,28.8,typical_january,Innotec Power 145-DZS48-010,SZFC-1000
4922.148906138024,0.06826887067933296,113.08355419285067,256.768139263981,610.0835754155307,False,2,4.922148906138024,13.2,28.8,typical_january,Innotec Power 145-DZS48-010,SZFC-1000
4932.149553227551,0.07246009165499981,112.06660065556468,232.54537864344124,500.4059809623724,False,2,4.932149553227552,13.3,28.8,typical_january,Innotec Power 145-DZS48-010,SZFC-1000
4942.144372063797,0.0749618719445618,110.63068635976845,186.47653881781687,321.7773455408828,False,2,4.942144372063797,13.4,28.8,typical_january,Innotec Power 145-DZS48-010,SZFC-1000
4952.108224620682,0.08267287616747851,108.58697352522859,163.90898828774775,248.6065717173227,False,2,4.952108224620682,13.6,28.8,typical_january,Innotec Power 145-DZS48-010,SZFC-1000
4962.066367804566,0.0863576089323113,107.15465359456388,210.24031157366383,409.01482387023066,False,2,4.962066367804566,13.7,28.8,typical_january,Innotec Power 145-DZS48-010,SZFC-1000
4972.056234563505,0.09410792911411922,106.18310500115666,251.65228964569343,586.0151417595164,False,2,4.972056234563505,13.8,28.8,typical_january,Innotec Power 145-DZS48-010,SZFC-1000
4982.063349426204,0.10563957940830158,105.54927875713364,316.8543121902376,929.0226647769914,False,2,4.982063349426204,13.9,28.8,typical_january,Innotec Power 145-DZS48-010,SZFC-1000
4992.0736821422215,0.10027494340834447,105.08480447373171,370.0945462554832,1267.454670401129,False,2,4.992073682142221,13.9,28.8,typical_january,Innotec Power 145-DZS48-010,SZFC-1000
5002.08740457481,0.09154432392619083,104.62825557053756,353.3491026415178,1155.3539429402465,False,2,5.00208740457481,13.8,28.8,typical_january,Innotec Power 145-DZS48-010,SZFC-1000
5012.106988221167,0.06909498022895472,104.01451835218464,285.8558480762795,756.1382857388511,False,2,5.012106988221166,13.5,28.8,typical_january,Innotec Power 145-DZS48-010,SZFC-1000
5022.192691791901,0.04000046717152626,103.08197620258818,232.19927750898563,498.9175644035413,False,2,5.022192691791901,13.2,28.8,typical_january,Innotec Power 145-DZS48-010,SZFC-1000
5032.236594728554,0.020020248465891108,101.47672526285987,169.45687597032935,265.72074215489715,False,2,5.032236594728555,13.1,28.8,typical_january,Innotec Power 145-DZS48-010,SZFC-1000
5042.038697638032,0.012384677305497409,98.68268756949234,127.82552961517584,151.19668417988436,False,2,5.0420386976380325,13.1,28.8,typical_january,Innotec Power 145-DZS48-010,SZFC-1000
5051.416812102635,0.007351485234098568,93.4116032249247,97.1320542192238,87.30361210166575,False,2,5.0514168121026355,13.0,28.8,typical_january,Innotec Power 145-DZS48-010,SZFC-1000
5062.048451969418,-0.0018526173692977165,91.7575436356563,273.98163114417974,694.6242792841157,False,2,5.062048451969418,12.7,28.8,typical_january,Innotec Power 145-DZS48-010,SZFC-1000
5072.64110533195,-0.05236834790634524,93.38676377197993,157.87517728011966,230.6400735361596,False,2,5.07264110533195,12.3,28.8,typical_january,Innotec Power 145-DZS48-010,SZFC-1000
5082.251597437897,-0.09726326432540755,95.50132752862405,157.14876262303625,228.5225159840843,False,2,5.082251597437897,11.9,28.8,typical_january,Innotec Power 145-DZS48-010,SZFC-1000
5092.279876463467,-0.1926041479125013,96.34112081438957,268.4784687119967,667.0002391289491,False,2,5.092279876463468,11.6,28.8,typical_january,Innotec Power 145-DZS48-010,SZFC-1000
5102.569982315028,-0.3532835723067209,96.41092709888875,511.4170574110767,2420.2347008836414,False,2,5.102569982315028,11.2,28.8,typical_january,Innotec Power 145-DZS48-010,SZFC-1000
5112.952721118151,-0.4643759723380668,95.11676152493305,187.4148634654498,325.0237727402824,False,2,5.112952721118151,11.0,28.8,typical_january,Innotec Power 145-DZS48-010,SZFC-1000
5122.652228464805,-0.5249753202032877,94.02303811590411,254.41716063402643,598.9628247623511,False,2,5.122652228464806,11.0,28.8,typical_january,Innotec Power 145-DZS48-010,SZFC-1000
5132.571558774341,-0.5781405495785021,93.33547052528252,298.7266555499974,825.7622379318045,False,2,5.132571558774341,11.0,28.8,typical_january,Innotec Power 145-DZS48-010,SZFC-1000
5142.606390373435,-0.642673568076576,92.79226947729484,331.7521418545236,1018.4378613506284,False,2,5.142606390373435,11.0,28.8,typical_january,Innotec Power 145-DZS48-010,SZFC-1000
5152.756592639314,-0.6999180475746407,92.30676722924917,362.43733768194215,1215.550282398748,False,2,5.152756592639314,11.0,28.8,typical_january,Innotec Power 145-DZS48-010,SZFC-1000
5162.769841552743,-0.7473855665613333,91.85444895461904,349.9085470169421,1132.9641481124995,False,2,5.162769841552743,11.0,28.8,typical_january,Innotec Power 145-DZS48-010,SZFC-1000
5172.795289023356,-0.7629181010187897,91.23661306833466,286.06638889158404,757.2525298525193,False,2,5.172795289023356,11.1,29.7,typical_january,Innotec Power 145-DZS48-010,SZFC-1000
5182.769829511612,-0.7602232369932336,90.3508118533174,250.0890163163369,578.7570602714561,False,2,5.182769829511613,11.3,29.7,typical_january,Innotec Power 145-DZS48-010,SZFC-1000
5192.660162830959,-0.7552110490709101,89.66456337425751,301.6925979577804,842.2409926448836,False,2,5.192660162830959,11.5,29.7,typical_january,Innotec Power 145-DZS48-010,SZFC-1000
5202.678850140149,-0.7424119482831237,89.10717046122156,324.820511623541,976.3239825695006,False,2,5.202678850140149,11.6,29.7,typical_january,Innotec Power 145-DZS48-010,SZFC-1000
5212.8553403235455,-0.7418396214026788,88.55424343912082,337.0816165540441,1051.4223423948229,False,2,5.212855340323546,11.5,29.7,typical_january,Innotec Power 145-DZS48-010,SZFC-1000
5222.928269822135,-0.7485783143963618,87.99785993614995,330.8493009473617,1012.9021852503108,False,2,5.222928269822135,11.6,29.7,typical_january,Innotec Power 145-DZS48-010,SZFC-1000
5232.840337745978,-0.7541346799924207,87.51689118515617,363.19541590901576,1220.6405189645657,False,2,5.232840337745978,11.9,29.7,typical_january,Innotec Power 145-DZS48-010,SZFC-1000
5242.735619422069,-0.7484835493451674,86.93183537097968,296.97647743659235,816.1146399477401,False,2,5.242735619422069,12.3,29.7,typical_january,Innotec Power 145-DZS48-010,SZFC-1000
5252.897106261777,-0.6852644893117547,86.54816301809367,396.1474107649025,1452.180861345007,False,2,5.252897106261776,12.5,29.7,typical_january,Innotec Power 145-DZS48-010,SZFC-1000
5262.8350551560325,-0.6175605473081582,86.11577115742114,360.424370196504,1202.08550912829,False,2,5.262835055156033,12.4,29.7,typical_january,Innotec Power 145-DZS48-010,SZFC-1000
5272.798664843678,-0.54193072459663,85.58665690198993,307.46978518319764,874.8064052195203,False,2,5.272798664843678,12.4,29.7,typical_january,Innotec Power 145-DZS48-010,SZFC-1000
5282.959757987477,-0.45449398965985477,85.22579186754777,397.58918142397465,1462.7704636587002,False,2,5.282959757987477,12.4,29.7,typical_january,Innotec Power 145-DZS48-010,SZFC-1000
5293.011166907858,-0.3746740623404964,84.84081330176983,402.94647492256513,1502.4560851209417,False,2,5.293011166907858,12.5,29.7,typical_january,Innotec Power 145-DZS48-010,SZFC-1000
5303.015374068679,-0.3033414567810492,84.50177258965044,424.5240283718585,1667.6757694032528,False,2,5.303015374068679,12.7,29.7,typical_january,Innotec Power 145-DZS48-010,SZFC-1000
5312.973383608976,-0.25724885137398135,84.30596164085117,601.3786560797171,3346.594444668811,False,2,5.312973383608976,12.8,29.7,typical_january,Innotec Power 145-DZS48-010,SZFC-1000
5322.9544153031275,-0.18814316329150127,84.19945526900213,736.1472630077797,5014.601991523081,False,2,5.322954415303127,12.8,29.7,typical_january,Innotec Power 145-DZS48-010,SZFC-1000
5332.970873357538,-0.11100054796447154,84.18712569567427,1514.590056308608,21227.422689311443,False,2,5.332970873357538,12.8,29.7,typical_january,Innotec Power 145-DZS48-010,SZFC-1000
5342.956967055464,-0.07726129379335,84.24845256726536,850.5255307345478,6693.939372693413,False,2,5.342956967055464,12.3,29.7,typical_january,Innotec Power 145-DZS48-010,SZFC-1000
5352.897226420691,-0.07303261885928405,84.3743755047424,581.6422678607298,3130.538027184007,False,2,5.3528972264206915,11.7,29.7,typical_january,Innotec Power 145-DZS48-010,SZFC-1000
5362.809014976502,-0.08195445068034006,84.57342737427956,547.8979599147477,2777.834913453126,False,2,5.362809014976502,11.0,29.7,typical_january,Innotec Power 145-DZS48-010,SZFC-1000
5372.754003778092,-0.11078247796026622,84.73152849491203,653.786793913468,3955.299306056647,False,2,5.372754003778092,10.6,29.7,typical_january,Innotec Power 145-DZS48-010,SZFC-1000
5382.695264031283,-0.15933880869956615,84.88767840071225,599.1858295060536,3322.2333475546784,False,2,5.382695264031283,10.2,29.7,typical_january,Innotec Power 145-DZS48-010,SZFC-1000
5392.624572334412,-0.21726663981046326,85.09797475487267,488.93787096154034,2212.1492235962205,False,2,5.3926245723344115,9.8,29.7,typical_january,Innotec Power 145-DZS48-010,SZFC-1000
5402.560307856674,-0.2670684588157082,85.43406636976167,384.30564010708986,1366.6603096646752,False,2,5.402560307856674,9.5,29.7,typical_january,Innotec Power 145-DZS48-010,SZFC-1000
5412.519135129475,-0.35133443823096555,85.99395555085036,286.2114540832253,758.0207350001721,False,2,5.412519135129475,9.3,29.7,typical_january,Innotec Power 145-DZS48-010,SZFC-1000
5422.673458472743,-0.5151711240807186,87.10011478323767,209.15115210845855,404.7879613555852,False,2,5.422673458472743,9.3,29.7,typical_january,Innotec Power 145-DZS48-010,SZFC-1000
5432.807589194983,-0.6355637648693144,89.42387133963516,132.90748032073137,163.45789985399418,False,2,5.432807589194983,9.4,29.7,typical_january,Innotec Power 145-DZS48-010,SZFC-1000
5442.408584057807,-0.700423573473842,93.57941182344513,104.98199039902346,101.98508691408227,False,2,5.442408584057807,9.5,29.7,typical_january,Innotec Power 145-DZS48-010,SZFC-1000
5451.504522189302,-0.7735347686593843,99.44238042354883,94.0388688960902,81.83175378724488,False,2,5.451504522189302,9.7,29.7,typical_january,Innotec Power 145-DZS48-010,SZFC-1000
5460.675329126019,-0.8369509484417834,104.64377726399653,105.68037065934192,103.34648761005124,False,2,5.460675329126019,9.9,29.7,typical_january,Innotec Power 145-DZS48-010,SZFC-1000
5470.108191565637,-0.8638898927383649,110.72826814350681,93.20063753019306,80.37941324558803,False,2,5.470108191565637,10.1,29.7,typical_january,Innotec Power 145-DZS48-010,SZFC-1000
5483.464630911396,-0.8049775645279127,118.79152914910986,81.99903948517947,62.21922478889034,False,2,5.483464630911396,10.0,29.7,typical_january,Innotec Power 145-DZS48-010,SZFC-1000
5491.568214344647,-0.7011436401704778,125.22045856356183,88.53420891980458,72.53193898538098,False,2,5.491568214344647,10.0,29.7,typical_january,Innotec Power 145-DZS48-010,SZFC-1000
5500.32676700187,-0.49091471233539136,130.83745569530626,111.48335741193011,115.00775981702598,False,2,5.50032676700187,10.0,29.7,typical_january,Innotec Power 145-DZS48-010,SZFC-1000
5514.471097898825,-0.2625285877724468,136.46801993054657,111.65042851774498,115.35272379454445,False,2,5.514471097898825,10.3,29.7,typical_january,Innotec Power 145-DZS48-010,SZFC-1000
5523.503796771251,-0.1327038206930716,140.44602039000102,119.13567185103489,131.33809174790764,False,2,5.523503796771251,10.6,29.7,typical_january,Innotec Power 145-DZS48-010,SZFC-1000
5532.838119171217,-0.03448278639775815,143.9983411562374,121.2652489032032,136.0754535110067,False,2,5.532838119171217,10.9,29.7,typical_january,Innotec Power 145-DZS48-010,SZFC-1000
5543.094731305733,0.07990452172399862,145.916667411143,181.442763125774,304.63960761657154,False,2,5.543094731305733,11.1,29.7,typical_january,Innotec Power 145-DZS48-010,SZFC-1000
5553.159184752587,0.16600940829183508,147.87285153706677,169.12799007172072,264.69030891310405,False,2,5.5531591847525865,11.2,29.7,typical_january,Innotec Power 145-DZS48-010,SZFC-1000
5563.028189544683,0.2534896820350532,149.91923670348626,169.68702755561785,266.44302125886594,False,2,5.563028189544683,11.5,29.7,typical_january,Innotec Power 145-DZS48-010,SZFC-1000
5572.971867394525,0.3894643518566229,151.11901956890023,241.8701786335801,541.3419912269203,False,2,5.572971867394525,11.4,29.7,typical_january,Innotec Power 145-DZS48-010,SZFC-1000
5582.999499348213,0.5412622384156112,151.65671504968762,358.48423715197055,1189.178896921226,False,2,5.5829994993482135,11.3,29.7,typical_january,Innotec Power 145-DZS48-010,SZFC-1000
5592.757033765162,0.6959712811066927,152.0716892431363,364.9938294004131,1232.7587960314409,False,2,5.592757033765162,11.1,29.7,typical_january,Innotec Power 145-DZS48-010,SZFC-1000
5602.476237392576,0.8187358168925061,152.60479296443003,305.90842684903413,865.9442776705372,False,2,5.602476237392576,10.9,29.7,typical_january,Innotec Power 145-DZS48-010,SZFC-1000
5612.170773169238,0.8848712130754598,153.43472353464352,246.9402313473577,564.2749445148318,False,2,5.612170773169238,10.6,29.7,typical_january,Innotec Power 145-DZS48-010,SZFC-1000
5622.04119437404,0.9372080542681549,155.18600576104672,157.50153408008387,229.54965363678065,False,2,5.62204119437404,10.4,29.7,typical_january,Innotec Power 145-DZS48-010,SZFC-1000
5632.361673204225,0.9633489320203112,159.57904206494106,89.81409140743162,74.64419296464416,False,2,5.632361673204224,10.2,29.7,typical_january,Innotec Power 145-DZS48-010,SZFC-1000
5642.372060261112,0.9536120304996216,167.54826782195084,81.16525263487915,60.96033639961517,False,2,5.642372060261112,9.9,28.8,typical_january,Innotec Power 145-DZS48-010,SZFC-1000
5651.561440506804,0.9260777734112295,174.4359030985674,91.73701682318604,77.87468302631552,False,2,5.6515614405068035,9.5,27.900000000000002,typical_january,Innotec Power 145-DZS48-010,SZFC-1000
5661.115188320385,0.8714897214432575,181.2603443916287,90.71539377431635,76.14984883103286,False,2,5.661115188320385,9.0,27.0,typical_january,Innotec Power 145-DZS48-010,SZFC-1000
5670.86682529904,0.8149411480248838,189.5270634446278,81.71241869712213,61.78502078094724,False,2,5.67086682529904,8.7,27.0,typical_january,Innotec Power 145-DZS48-010,SZFC-1000
5680.535094714264,0.771002479655388,195.73251042598696,100.21068851669392,92.9255536843995,False,2,5.680535094714264,8.3,27.0,typical_january,Innotec Power 145-DZS48-010,SZFC-1000
5690.3777423042875,0.748963622728219,200.23535165550322,116.41637180792384,125.41087141639562,False,2,5.690377742304287,7.9,27.0,typical_january,Innotec Power 145-DZS48-010,SZFC-1000
5700.318897019177,0.7471809885438019,204.17496509137706,122.34580162842607,138.51130055016066,False,2,5.7003188970191765,7.7,27.0,typical_january,Innotec Power 145-DZS48-010,SZFC-1000
5710.183484588041,0.7726753858982951,206.98025984370685,146.51857771773487,198.6517767912405,False,2,5.7101834845880415,7.7,27.0,typical_january,Innotec Power 145-DZS48-010,SZFC-1000
5720.401887095276,0.8243727216052337,208.6045224734056,202.4710144824319,379.3436190445735,False,2,5.720401887095276,7.8,27.0,typical_january,Innotec Power 145-DZS48-010,SZFC-1000
5730.552130970471,0.8653598867238426,209.65411368663234,245.682495492081,558.5415615579119,False,2,5.730552130970471,8.1,27.0,typical_january,Innotec Power 145-DZS48-010,SZFC-1000
5740.6301574454,0.8623553162180038,210.52286294032257,265.12727865786115,650.452958874046,False,2,5.7406301574454,8.8,27.0,typical_january,Innotec Power 145-DZS48-010,SZFC-1000
5750.470007009127,0.8272883157342044,211.29903205783856,274.947238367718,699.5291057140381,False,2,5.750470007009127,9.7,27.0,typical_january,Innotec Power 145-DZS48-010,SZFC-1000
5760.555501222906,0.7700671462696129,211.89796488190376,323.9119153684916,970.8696248852086,False,2,5.760555501222906,10.7,27.0,typical_january,Innotec Power 145-DZS48-010,SZFC-1000
5770.467479817164,0.7004967966055523,212.4969659592774,317.99478545477933,935.7224777714772,False,2,5.770467479817164,11.5,27.0,typical_january,Innotec Power 145-DZS48-010,SZFC-1000
5780.522893201849,0.6360350637380557,213.2060623282818,280.07037740624327,725.8408703314642,False,2,5.780522893201849,12.2,27.0,typical_january,Innotec Power 145-DZS48-010,SZFC-1000
5790.389599132428,0.5636429068100637,213.96255098950087,286.33747277195675,758.6883938757143,False,2,5.790389599132428,12.7,27.0,typical_january,Innotec Power 145-DZS48-010,SZFC-1000
5800.450467604339,0.46838892300417,214.85975806657024,241.53207557883576,539.8295976255871,False,2,5.800450467604339,13.2,27.0,typical_january,Innotec Power 145-DZS48-010,SZFC-1000
5810.63932622732,0.37776202721113394,216.18266498462265,196.4672105558819,357.1800744983409,False,2,5.810639326227321,13.6,27.0,typical_january,Innotec Power 145-DZS48-010,SZFC-1000
5820.885292632869,0.3177441829075155,218.27539046359476,150.88358193956282,210.6643445777763,False,2,5.820885292632869,14.0,27.0,typical_january,Innotec Power 145-DZS48-010,SZFC-1000
5831.089807615374,0.2952022518116528,222.1227555889179,111.20752910098224,114.43936730288158,False,2,5.831089807615374,14.5,27.0,typical_january,Innotec Power 145-DZS48-010,SZFC-1000
5841.082466323051,0.2987096638923842,228.27250556164256,96.06633250160674,85.39835154342514,False,2,5.841082466323051,15.0,27.0,typical_january,Innotec Power 145-DZS48-010,SZFC-1000
5851.047040453705,0.3315389177167196,234.25926295351005,101.995970892303,96.2660380033224,False,2,5.851047040453706,15.2,27.0,typical_january,Innotec Power 145-DZS48-010,SZFC-1000
5861.1333784787175,0.4080335348231128,240.9682733141238,90.96825213762985,76.57495775744403,False,2,5.861133378478717,15.2,27.0,typical_january,Innotec Power 145-DZS48-010,SZFC-1000
5871.345741581323,0.48046939145929696,249.1348083354323,86.93831873895239,69.94063000528266,False,2,5.871345741581322,15.1,27.0,typical_january,Innotec Power 145-DZS48-010,SZFC-1000
5881.563387660029,0.5428194265709596,256.1177843092913,96.13820682444668,85.52618498216368,False,2,5.881563387660028,14.8,27.0,typical_january,Innotec Power 145-DZS48-010,SZFC-1000
5891.873908331546,0.5982665121139186,261.4837416546783,108.2058788340543,108.34497624667188,False,2,5.8918739083315455,14.5,27.0,typical_january,Innotec Power 145-DZS48-010,SZFC-1000
5902.06882302224,0.6366554862366214,267.65038919585754,95.07069340108542,83.63737393707741,False,2,5.9020688230222405,14.1,27.0,typical_january,Innotec Power 145-DZS48-010,SZFC-1000
5912.258095773321,0.6602752398084829,273.18340067439885,107.54043812203427,107.01648155439077,False,2,5.91225809577332,13.8,27.0,typical_january,Innotec Power 145-DZS48-010,SZFC-1000
5922.400948808455,0.6673140746818039,276.25833173640575,148.1089825748076,202.9877653571884,False,2,5.922400948808455,13.5,27.0,typical_january,Innotec Power 145-DZS48-010,SZFC-1000
5932.578670243107,0.6659356987143394,278.10443671176904,181.2098523023013,303.85800221845653,False,2,5.932578670243107,13.2,27.0,typical_january,Innotec Power 145-DZS48-010,SZFC-1000
5942.853549085037,0.6652958605215269,279.1506793737808,250.74824031107488,581.8122395512981,False,2,5.942853549085037,13.3,27.0,typical_january,Innotec Power 145-DZS48-010,SZFC-1000
5953.094604891362,0.6616445031268969,279.87456992940906,300.92010294212093,837.9333364674704,False,2,5.953094604891362,13.5,27.0,typical_january,Innotec Power 145-DZS48-010,SZFC-1000
5963.31853416701,0.6517378978931496,280.5125603035975,308.129696491676,878.5655658311509,False,2,5.963318534167009,13.7,27.0,typical_january,Innotec Power 145-DZS48-010,SZFC-1000
5973.353265721741,0.6236113755960278,281.33412936214046,247.22166751394715,565.5618783796327,False,2,5.973353265721741,14.0,27.0,typical_january,Innotec Power 145-DZS48-010,SZFC-1000
5983.087399022333,0.585962121191552,282.1008899980569,261.6454355844244,633.4807045757848,False,2,5.983087399022333,14.3,27.0,typical_january,Innotec Power 145-DZS48-010,SZFC-1000
5993.152340442647,0.5080147771129232,282.1326549213287,426.7113925849324,1684.9054749182567,False,2,5.993152340442647,14.6,27.0,typical_january,Innotec Power 145-DZS48-010,SZFC-1000
6003.120903145057,0.41351753696431165,281.77675713338647,378.8445078366915,1328.0947397615794,False,2,6.003120903145057,14.5,27.0,typical_january,Innotec Power 145-DZS48-010,SZFC-1000
6012.900897507255,0.34178378166900214,281.57525507362055,546.3985726029151,2762.651971911703,False,2,6.012900897507254,14.4,27.0,typical_january,Innotec Power 145-DZS48-010,SZFC-1000
6022.774555774687,0.2733600368388468,281.4437428653082,690.05108908562,4406.254284827206,False,2,6.022774555774687,14.2,27.0,typical_january,Innotec Power 145-DZS48-010,SZFC-1000
6032.674424639934,0.20256912218945666,281.3485672883917,814.0441600829201,6132.011991131302,False,2,6.032674424639934,14.2,27.0,typical_january,Innotec Power 145-DZS48-010,SZFC-1000
6042.618656398874,0.12691791300654393,281.25780891728425,797.3920581138291,5883.704828404611,False,2,6.042618656398874,14.1,27.0,typical_january,Innotec Power 145-DZS48-010,SZFC-1000
6052.596606840812,0.06318256127307581,281.1398490227406,661.0894258215177,4044.152152822879,False,2,6.052596606840812,13.9,27.0,typical_january,Innotec Power 145-DZS48-010,SZFC-1000
6062.593300859449,-0.06723529236303152,280.9574376068671,519.7778780741048,2500.0151992359088,False,2,6.062593300859449,13.5,27.0,typical_january,Innotec Power 145-DZS48-010,SZFC-1000
6072.616699857647,-0.19424274577722045,280.62814640542604,358.91669080924595,1192.0497341783266,False,2,6.072616699857647,13.2,27.0,typical_january,Innotec Power 145-DZS48-010,SZFC-1000
6082.551062239942,-0.2394940010085209,280.0998627204664,328.06361059756705,995.917092498134,False,2,6.082551062239943,12.9,27.0,typical_january,Innotec Power 145-DZS48-010,SZFC-1000
6092.536871007955,-0.31231335266185567,279.6422500815456,383.45946516831776,1360.6486332841444,False,2,6.092536871007955,12.6,27.0,typical_january,Innotec Power 145-DZS48-010,SZFC-1000
6102.626134811906,-0.36953127004384945,279.12919300226986,340.3763894906646,1072.0768542272367,False,2,6.102626134811906,12.4,27.0,typical_january,Innotec Power 145-DZS48-010,SZFC-1000
6112.8713802772,-0.378116244790591,278.5610510075013,325.2307361925031,978.7915914754846,False,2,6.1128713802772,12.5,27.0,typical_january,Innotec Power 145-DZS48-010,SZFC-1000
6122.898081494407,-0.359753824336163,277.8784058251987,273.3612590515457,691.4821879901708,False,2,6.122898081494407,12.7,27.0,typical_january,Innotec Power 145-DZS48-010,SZFC-1000
6132.768058465711,-0.3333346092921954,276.7721845272731,213.93393648301543,423.51269230779593,False,2,6.132768058465711,13.0,27.0,typical_january,Innotec Power 145-DZS48-010,SZFC-1000
6142.265003975821,-0.28986722312078134,275.1851471441312,169.70072608719522,266.4860419366036,False,2,6.142265003975821,13.0,27.0,typical_january,Innotec Power 145-DZS48-010,SZFC-1000
6151.548991326903,-0.23335579807134896,272.50486125203497,127.04586644600036,149.35788127115782,False,2,6.151548991326903,12.8,27.0,typical_january,Innotec Power 145-DZS48-010,SZFC-1000
6160.3135433353755,-0.15235156442097667,266.5274712098731,90.98536075990792,76.60376374620506,False,2,6.160313543335375,12.7,27.0,typical_january,Innotec Power 145-DZS48-010,SZFC-1000
6172.53260315143,-0.08220412253068866,258.66681878046074,88.49440762601697,72.46673896517169,False,2,6.17253260315143,12.1,27.0,typical_january,Innotec Power 145-DZS48-010,SZFC-1000
6181.038241619978,-0.018567229797916012,247.89731765532625,66.94666026503407,41.472947149081385,False,2,6.181038241619978,11.7,27.0,typical_january,Innotec Power 145-DZS48-010,SZFC-1000
6194.418632564895,0.027742136746798395,231.24827373511926,60.51130307435801,33.8828611423585,False,2,6.194418632564895,11.3,27.0,typical_january,Innotec Power 145-DZS48-010,SZFC-1000
6203.537426874208,0.04506023530715926,221.74309205675928,77.75254402902777,55.94178001292811,False,2,6.203537426874208,11.1,27.0,typical_january,Innotec Power 145-DZS48-010,SZFC-1000
6212.886861332723,0.04904746965247416,216.12892090761017,101.15241612848388,94.68029163242832,False,2,6.2128868613327235,11.0,27.0,typical_january,Innotec Power 145-DZS48-010,SZFC-1000
6222.215529095873,0.042555401735686504,212.90035082479446,137.11306240586737,173.96613990358642,False,2,6.222215529095872,11.2,27.0,typical_january,Innotec Power 145-DZS48-010,SZFC-1000
6231.788194319689,0.028451270321694887,211.0566877871641,179.62523441314994,298.5669703115463,False,2,6.231788194319689,11.4,27.0,typical_january,Innotec Power 145-DZS48-010,SZFC-1000
6241.561878081436,0.016875024810775414,210.04706061469733,248.98370918356,573.6525524434444,False,2,6.241561878081436,11.7,27.0,typical_january,Innotec Power 145-DZS48-010,SZFC-1000
6251.34863883979,0.0033557413763422943,209.42966306627932,314.9632129846439,917.966282512344,False,2,6.251348638839789,12.1,27.0,typical_january,Innotec Power 145-DZS48-010,SZFC-1000
6261.169073299069,-0.020076767598919878,208.99091515045768,368.0938120443679,1253.7879705818914,False,2,6.261169073299069,12.6,27.0,typical_january,Innotec Power 145-DZS48-010,SZFC-1000
6271.114279900113,-0.059024105766571265,208.70068322486478,458.6313063606645,1946.4105881583944,False,2,6.271114279900113,13.1,27.0,typical_january,Innotec Power 145-DZS48-010,SZFC-1000
6281.003799268185,-0.10438164211731757,208.4783786368605,526.4106250826085,2564.226348181374,False,2,6.281003799268184,13.6,27.0,typical_january,Innotec Power 145-DZS48-010,SZFC-1000
6290.846364031594,-0.1607453792725236,208.26177521673378,529.067072469674,2590.1715674395887,False,2,6.290846364031594,13.6,27.0,typical_january,Innotec Power 145-DZS48-010,SZFC-1000
6300.731576969208,-0.2053528787535488,208.10375207525516,628.8087988825326,3658.847306818785,False,2,6.300731576969207,13.5,27.0,typical_january,Innotec Power 145-DZS48-010,SZFC-1000
6310.7384530282325,-0.2675741583057158,208.0062947384243,754.2212614702629,5263.863360769978,False,2,6.310738453028232,13.3,27.0,typical_january,Innotec Power 145-DZS48-010,SZFC-1000
6320.741551022758,-0.369987359430018,207.93234695574546,957.83139984581,8489.56045890977,False,2,6.320741551022758,13.2,27.0,typical_january,Innotec Power 145-DZS48-010,SZFC-1000
6330.754421544283,-0.4655440250436098,207.8774237328825,1007.6218558053876,9395.117659427944,False,2,6.330754421544283,13.3,27.0,typical_january,Innotec Power 145-DZS48-010,SZFC-1000
6340.784945806615,-0.5643405049901877,207.84256045158546,1347.4695904580692,16801.38219127508,False,2,6.340784945806615,13.3,27.0,typical_january,Innotec Power 145-DZS48-010,SZFC-1000
6350.820017246475,-0.6530625366954053,207.819426162764,1610.1585842287682,23990.780034578474,False,2,6.350820017246475,13.2,27.0,typical_january,Innotec Power 145-DZS48-010,SZFC-1000
6360.836154782019,-0.7032785294447496,207.7953081119635,1581.949747398565,23157.54050353951,False,2,6.360836154782018,13.2,27.0,typical_january,Innotec Power 145-DZS48-010,SZFC-1000
6370.870567855532,-0.689505919778368,207.7729434371279,1658.1853086083202,25443.28551191289,False,2,6.3708705678555315,13.1,27.0,typical_january,Innotec Power 145-DZS48-010,SZFC-1000
6380.866646738282,-0.6400351300254773,207.7502667746655,1512.0384798608147,21155.960754145424,False,2,6.380866646738282,13.1,27.0,typical_january,Innotec Power 145-DZS48-010,SZFC-1000
6390.870295893503,-0.5376277406076218,207.7352309342151,1906.2750498119767,33626.23104726602,False,2,6.390870295893503,13.0,27.0,typical_january,Innotec Power 145-DZS48-010,SZFC-1000
6400.897026847444,-0.36864493605700616,207.73797653510888,2838.4747407628643,74555.06154655233,False,2,6.400897026847444,13.0,27.0,typical_january,Innotec Power 145-DZS48-010,SZFC-1000
6410.9069613906695,-0.1878964577081259,207.75067094021574,1907.929745911776,33684.63326196068,False,2,6.410906961390669,13.0,27.0,typical_january,Innotec Power 145-DZS48-010,SZFC-1000
6420.913306785052,-0.019784779450923697,207.77384848852822,1387.7780484350735,17821.616447045995,False,2,6.420913306785051,13.0,27.0,typical_january,Innotec Power 145-DZS48-010,SZFC-1000
6430.930412008406,0.11304612379811754,207.8076011832776,1323.520853253756,16209.463549243452,False,2,6.430930412008406,13.1,27.0,typical_january,Innotec Power 145-DZS48-010,SZFC-1000
6440.933204937302,0.21474706691061174,207.8435722568948,1240.4172950864204,14237.793549013608,False,2,6.440933204937302,13.3,27.0,typical_january,Innotec Power 145-DZS48-010,SZFC-1000
6450.937141033183,0.28666846533193335,207.8860516835117,1136.993376205319,11962.527099261146,False,2,6.450937141033183,13.8,27.0,typical_january,Innotec Power 145-DZS48-010,SZFC-1000
6460.968370822806,0.31690411495956833,207.9413316134844,983.9464921984452,8958.80387039318,False,2,6.460968370822806,14.3,27.0,typical_january,Innotec Power 145-DZS48-010,SZFC-1000
6470.984764141287,0.29569332097053236,208.00538380315533,927.0561827572548,7952.783773953228,False,2,6.470984764141287,14.5,27.0,typical_january,Innotec Power 145-DZS48-010,SZFC-1000
6480.965571765959,0.2599473677357714,208.06098018542536,1106.8203171562566,11336.038456803784,False,2,6.480965571765958,14.6,27.0,typical_january,Innotec Power 145-DZS48-010,SZFC-1000
6490.982825574533,0.19810449554556325,208.11385428618027,1041.614817452557,10039.714524557026,False,2,6.490982825574533,14.6,27.0,typical_january,Innotec Power 145-DZS48-010,SZFC-1000
6500.968321638547,0.1368110741046731,208.16139058564204,1106.96300050837,11338.961367049593,False,2,6.500968321638547,14.6,27.0,typical_january,Innotec Power 145-DZS48-010,SZFC-1000
6510.968885129929,0.04946639380094113,208.22121443783846,938.7535593954038,8154.742626955916,False,2,6.5109688851299286,14.4,27.0,typical_january,Innotec Power 145-DZS48-010,SZFC-1000
6520.968680660243,-0.10170162143471317,208.3108717255106,728.6906465801877,4913.528227438358,False,2,6.520968680660243,14.2,27.0,typical_january,Innotec Power 145-DZS48-010,SZFC-1000
6531.009073994337,-0.22330474743859446,208.4505515841704,587.8583221385619,3197.808163638223,False,2,6.531009073994337,13.8,27.0,typical_january,Innotec Power 145-DZS48-010,SZFC-1000
6541.02151313823,-0.3081530816499132,208.6718118627582,478.5822277195916,2119.435474904143,False,2,6.54102151313823,13.4,27.0,typical_january,Innotec Power 145-DZS48-010,SZFC-1000
6551.015416714089,-0.3495353382476024,209.04954117696894,350.49985907470284,1136.7965862219737,False,2,6.551015416714089,12.9,27.0,typical_january,Innotec Power 145-DZS48-010,SZFC-1000
6560.980098369235,-0.38193690675008307,209.67281126931613,279.99688809821225,725.4600050254286,False,2,6.560980098369235,12.2,27.0,typical_january,Innotec Power 145-DZS48-010,SZFC-1000
6571.127370151727,-0.40867635022879556,210.81674081421215,207.48750719315169,398.3739862880215,False,2,6.571127370151727,11.5,27.0,typical_january,Innotec Power 145-DZS48-010,SZFC-1000
6581.267936767143,-0.4186475327277668,212.83616088520637,151.88246594116134,213.46287024607733,False,2,6.5812679367671425,10.8,27.0,typical_january,Innotec Power 145-DZS48-010,SZFC-1000
6591.456881724708,-0.41903275378629384,216.79611844727992,107.85693903851376,107.64732623882152,False,2,6.591456881724708,10.0,27.0,typical_january,Innotec Power 145-DZS48-010,SZFC-1000
6601.595373112167,-0.41985559076596324,224.49308756590966,78.11374333874033,56.46274215903362,False,2,6.6015953731121675,9.4,27.0,typical_january,Innotec Power 145-DZS48-010,SZFC-1000
6611.925979258761,-0.41163824100743274,237.20174844259054,67.93033801696252,42.70066283995391,False,2,6.611925979258761,9.1,27.0,typical_january,Innotec Power 145-DZS48-010,SZFC-1000
6622.366183714957,-0.39466340496223273,248.70577819564323,73.81061822729168,50.41325640228061,False,2,6.6223661837149566,9.0,27.0,typical_january,Innotec Power 145-DZS48-010,SZFC-1000
6632.861381449583,-0.3401186660708668,257.32351974738583,88.45380943201182,72.4002637164464,False,2,6.632861381449583,9.4,27.0,typical_january,Innotec Power 145-DZS48-010,SZFC-1000
6643.36802865246,-0.25569699173156946,266.6208291347489,77.24254845776753,55.21031860478509,False,2,6.643368028652461,9.7,27.0,typical_january,Innotec Power 145-DZS48-010,SZFC-1000
6653.798562177198,-0.1599270052047787,279.0827786637237,69.07947798183052,44.15756932777795,False,2,6.653798562177197,10.1,27.0,typical_january,Innotec Power 145-DZS48-010,SZFC-1000
6664.229901310429,-0.07610317712710692,289.93085677889593,77.98291075762758,56.27376184388002,False,2,6.66422990131043,10.8,27.0,typical_january,Innotec Power 145-DZS48-010,SZFC-1000
6674.6737485834,-0.02189749817892145,300.61899664909186,75.04728407783242,52.11671400267833,False,2,6.6746737485834,11.5,27.0,typical_january,Innotec Power 145-DZS48-010,SZFC-1000
6685.011897438068,0.0055240459920830355,308.5872472967494,79.07228460264099,57.85696379615986,False,2,6.685011897438068,12.0,26.1,typical_january,Innotec Power 145-DZS48-010,SZFC-1000
6690.185735955156,0.0055659627129186545,315.2536679497259,83.89410388811898,65.12833031659721,False,2,6.690185735955156,12.1,26.1,typical_january,Innotec Power 145-DZS48-010,SZFC-1000
6700.272659619144,-0.00843590320138709,321.8711613926222,98.0160771926884,88.89998745447315,False,2,6.700272659619144,12.2,26.1,typical_january,Innotec Power 145-DZS48-010,SZFC-1000
6710.250667113731,-0.05689690334547835,325.50056852549295,131.56582273587776,160.17444843612157,False,2,6.710250667113731,12.5,26.1,typical_january,Innotec Power 145-DZS48-010,SZFC-1000
6720.302545314634,-0.14560934234901837,327.4288147415631,184.27936036394732,314.2392703204158,False,2,6.720302545314634,12.9,26.1,typical_january,Innotec Power 145-DZS48-010,SZFC-1000
6730.474473572193,-0.21959473578244415,328.43125503060764,248.4392513204656,571.1464595346575,False,2,6.730474473572193,12.8,26.1,typical_january,Innotec Power 145-DZS48-010,SZFC-1000
6740.610984853583,-0.276825910821184,328.96933547441347,345.6647117674046,1105.6486918966064,False,2,6.740610984853584,12.8,26.1,typical_january,Innotec Power 145-DZS48-010,SZFC-1000
6750.652135646202,-0.30174484058530854,329.2971946391657,441.34828651953393,1802.4779267754789,False,2,6.7506521356462015,12.8,26.1,typical_january,Innotec Power 145-DZS48-010,SZFC-1000
6760.6700674223675,-0.30491123467274706,329.51614920728264,538.9546657745304,2687.890283580993,False,2,6.760670067422367,13.0,26.1,typical_january,Innotec Power 145-DZS48-010,SZFC-1000
6770.683227350741,-0.28106455987644663,329.6800881780115,621.5310798109467,3574.643750235608,False,2,6.770683227350741,13.0,26.1,typical_january,Innotec Power 145-DZS48-010,SZFC-1000
6780.710142116296,-0.22321868921202437,329.79147962174693,744.1985980342445,5124.892504759409,False,2,6.780710142116296,12.8,26.1,typical_january,Innotec Power 145-DZS48-010,SZFC-1000
6790.71701255315,-0.10145634706040066,329.88360207855436,824.0836588525679,6284.195250683792,False,2,6.79071701255315,12.5,26.1,typical_january,Innotec Power 145-DZS48-010,SZFC-1000
6800.712298319034,-0.009905470196090676,329.981622871868,779.2743582547582,5619.372705897948,False,2,6.800712298319034,12.1,26.1,typical_january,Innotec Power 145-DZS48-010,SZFC-1000
6810.705859055001,0.09143890770453363,330.1124389349856,604.6604445718344,3383.219563405951,False,2,6.810705859055002,11.7,26.1,typical_january,Innotec Power 145-DZS48-010,SZFC-1000
6820.72636967186,0.26631258210312037,330.3429693669083,454.3783072799815,1910.4788931475568,False,2,6.82072636967186,11.4,26.1,typical_january,Innotec Power 145-DZS48-010,SZFC-1000
6830.803029012809,0.364208850335882,330.838154065666,327.1768082560721,990.5401601065726,False,2,6.8308030290128094,11.0,26.1,typical_january,Innotec Power 145-DZS48-010,SZFC-1000
6840.688142005677,0.39893491122138613,331.28700898628404,359.0533693994027,1192.95779280794,False,2,6.840688142005677,11.1,26.1,typical_january,Innotec Power 145-DZS48-010,SZFC-1000
6850.670171949077,0.44050094747485213,331.5767903944677,460.02222910863946,1958.234517507308,False,2,6.850670171949076,11.1,25.2,typical_january,Innotec Power 145-DZS48-010,SZFC-1000
6860.694329219605,0.41565506353077153,331.7957302340901,537.6681092423221,2675.0728964358177,False,2,6.860694329219605,11.1,24.3,typical_january,Innotec Power 145-DZS48-010,SZFC-1000
6870.689621171312,0.35906808914575117,331.9503154750134,636.6185239111034,3750.296528992321,False,2,6.870689621171312,11.0,23.400000000000002,typical_january,Innotec Power 145-DZS48-010,SZFC-1000
6880.6802121926385,0.24857735723920632,332.028797381931,918.6009598800714,7808.378467318675,False,2,6.8806802121926385,10.9,23.400000000000002,typical_january,Innotec Power 145-DZS48-010,SZFC-1000
6890.701683232475,0.06929888976738048,332.03957789999356,2670.387003953778,65986.55824948933,False,2,6.890701683232475,11.1,23.400000000000002,typical_january,Innotec Power 145-DZS48-010,SZFC-1000
6900.6832673268555,-0.04456121805761284,332.02938724325656,2140.835261333184,42410.51674043133,False,2,6.900683267326856,11.4,23.400000000000002,typical_january,Innotec Power 145-DZS48-010,SZFC-1000
6910.68176159302,-0.11639194795455182,332.025813315411,4214.230657524634,164340.1464686386,False,2,6.91068176159302,12.1,23.400000000000002,typical_january,Innotec Power 145-DZS48-010,SZFC-1000
6920.681484786352,-0.21532853354593318,332.02490909680137,8179.901293148483,619160.4276242455,False,2,6.920681484786352,12.6,23.400000000000002,typical_january,Innotec Power 145-DZS48-010,SZFC-1000
6930.681844948013,-0.3125296768629583,332.0260588652356,5414.08078782632,271241.7447211438,False,2,6.930681844948014,12.9,23.400000000000002,typical_january,Innotec Power 145-DZS48-010,SZFC-1000
6940.685855762421,-0.3552306871922074,332.03069050799445,3223.549583975881,96155.86410824436,False,2,6.940685855762421,13.1,23.400000000000002,typical_january,Innotec Power 145-DZS48-010,SZFC-1000
6950.687478079415,-0.3737921065592978,332.03866402408124,2132.795568555552,42092.57794658238,False,2,6.9506874780794154,13.5,23.400000000000002,typical_january,Innotec Power 145-DZS48-010,SZFC-1000
6960.680275976561,-0.37624538468378255,332.048873801616,2534.754554651503,59453.700301429206,False,2,6.960680275976561,13.8,23.400000000000002,typical_january,Innotec Power 145-DZS48-010,SZFC-1000
6970.680396660734,-0.37372535125341816,332.057004282884,2655.4208766369184,65248.99036744607,False,2,6.970680396660734,14.0,23.400000000000002,typical_january,Innotec Power 145-DZS48-010,SZFC-1000
6980.681698178611,-0.3477787165200516,332.0630579319697,2969.0906327095936,81574.41631784455,False,2,6.9806816981786115,13.6,23.400000000000002,typical_january,Innotec Power 145-DZS48-010,SZFC-1000
6990.691532497535,-0.3166833289269781,332.06826916564205,3486.0931453576045,112456.62335749312,False,2,6.990691532497535,13.3,23.400000000000002,typical_january,Innotec Power 145-DZS48-010,SZFC-1000
7000.69345683587,-0.304009155104381,332.0712043445227,4106.453787777245,156041.79770718163,False,2,7.0006934568358705,13.1,23.400000000000002,typical_january,Innotec Power 145-DZS48-010,SZFC-1000
7010.697863621973,-0.29977326143872374,332.07406106480767,4460.888048352205,184140.6677853393,False,2,7.010697863621973,13.0,23.400000000000002,typical_january,Innotec Power 145-DZS48-010,SZFC-1000
7020.6996030379505,-0.28848083123804824,332.0764481889948,4418.847339725176,180686.2320527594,False,2,7.020699603037951,12.8,23.400000000000002,typical_january,Innotec Power 145-DZS48-010,SZFC-1000
7030.702634766966,-0.24746576196700953,332.0797021180182,4088.7396139747934,154698.45391123008,False,2,7.030702634766966,12.7,23.400000000000002,typical_january,Innotec Power 145-DZS48-010,SZFC-1000
7040.703782450297,-0.18666513927415185,332.08428535298196,3090.024505316181,88354.95551512238,False,2,7.040703782450297,12.6,23.400000000000002,typical_january,Innotec Power 145-DZS48-010,SZFC-1000
7050.706576180799,-0.10731986102581839,332.09211724300064,2557.0853741989977,60505.87164608339,False,2,7.050706576180799,12.8,23.400000000000002,typical_january,Innotec Power 145-DZS48-010,SZFC-1000
7060.709411396624,-0.03641705165815365,332.1057685240695,1879.8169101995888,32699.27844618122,False,2,7.0607094113966244,12.9,23.400000000000002,typical_january,Innotec Power 145-DZS48-010,SZFC-1000
7070.710225045052,0.0037119821568816743,332.131149423251,1449.4042239213145,19439.545669841624,False,2,7.070710225045052,13.1,23.400000000000002,typical_january,Innotec Power 145-DZS48-010,SZFC-1000
7080.690621392455,0.039040020596477175,332.15927022992184,1352.482746185508,16926.63121762186,False,2,7.0806906213924545,13.0,23.400000000000002,typical_january,Innotec Power 145-DZS48-010,SZFC-1000
7090.713636029399,0.06076538646308208,332.1871048855928,1498.7056647120455,20784.508692018124,False,2,7.090713636029399,12.6,23.400000000000002,typical_january,Innotec Power 145-DZS48-010,SZFC-1000
7100.739548133541,0.06682112094113052,332.22295405318425,1231.8585267325493,14041.99238956742,False,2,7.10073954813354,12.3,23.400000000000002,typical_january,Innotec Power 145-DZS48-010,SZFC-1000
7110.721766086047,0.07552531131056656,332.245804355322,1741.2964504693784,28057.727620146405,False,2,7.110721766086047,11.9,22.5,typical_january,Innotec Power 145-DZS48-010,SZFC-1000
7120.717631148937,0.07374947520283764,332.2595520842643,2264.974199330206,47471.56877209749,False,2,7.120717631148937,11.4,21.6,typical_january,Innotec Power 145-DZS48-010,SZFC-1000
7130.719007112358,0.05831521470957707,332.26857535945726,2464.792522230909,56217.01746440729,False,2,7.130719007112358,10.9,20.7,typical_january,Innotec Power 145-DZS48-010,SZFC-1000
7140.710958178874,0.033415135660221376,332.2720354377484,4076.1196851284553,153744.9715203583,False,2,7.1407109581788735,10.3,19.8,typical_january,Innotec Power 145-DZS48-010,SZFC-1000
7150.715588641951,-0.03836364138229632,332.2735804552324,5148.302738500795,245264.79774442423,False,2,7.150715588641951,9.9,18.900000000000002,typical_january,Innotec Power 145-DZS48-010,SZFC-1000
7160.717314727392,-0.16016425481897045,332.27184600386613,5919.211527285495,324216.25541006686,False,2,7.160717314727392,9.9,18.0,typical_january,Innotec Power 145-DZS48-010,SZFC-1000
7170.719482263662,-0.23899269696496195,332.2658657077301,2428.2339054053887,54561.72635336745,False,2,7.170719482263662,9.9,18.0,typical_january,Innotec Power 145-DZS48-010,SZFC-1000
7180.7182554522415,-0.2991226967894913,332.2522541550479,1853.8475186986532,31802.04775432893,False,2,7.180718255452241,10.0,18.0,typical_january,Innotec Power 145-DZS48-010,SZFC-1000
7190.721121224509,-0.3676485795662078,332.2273895311861,1371.8416490009458,17414.661335283552,False,2,7.1907211212245095,10.2,18.0,typical_january,Innotec Power 145-DZS48-010,SZFC-1000
7200.724531484983,-0.42408654265264,332.1825346859472,1025.0999802759352,9723.878321012482,False,2,7.200724531484983,10.4,18.0,typical_january,Innotec Power 145-DZS48-010,SZFC-1000
7210.728519115056,-0.45673318575906163,332.100402936676,729.7867336072494,4928.321075647343,False,2,7.210728519115056,10.5,18.0,typical_january,Innotec Power 145-DZS48-010,SZFC-1000
7220.755113813191,-0.44898880693133825,331.9591626987658,541.233552162389,2710.668996206771,False,2,7.220755113813191,10.7,18.0,typical_january,Innotec Power 145-DZS48-010,SZFC-1000
7230.69232934924,-0.4421703100959384,331.6437156615193,381.36980594108815,1345.8593531597746,False,2,7.23069232934924,10.9,18.0,typical_january,Innotec Power 145-DZS48-010,SZFC-1000
7240.721158033303,-0.4223125346132018,331.02364416510625,263.6448199009853,643.1992818214092,False,2,7.2407211580333035,11.1,17.1,typical_january,Innotec Power 145-DZS48-010,SZFC-1000
7250.385196426749,-0.6850875789634507,330.49969869777874,253.64534173457747,595.3342204097403,True,2,7.250385196426749,11.4,0.0,typical_january,Innotec Power 145-DZS48-010,SZFC-1000
7260.586615223159,-0.8411753765936891,330.08572225862184,503.4408321954021,2345.329891037917,False,3,7.2605866152231595,11.8,14.4,typical_january,Innotec Power 145-DZS48-010,SZFC-1000
7270.579102127969,-0.8546524735859425,329.95106029381424,678.6194373426551,4261.472153369187,False,3,7.270579102127969,11.9,19.8,typical_january,Innotec Power 145-DZS48-010,SZFC-1000
7280.585531554235,-0.8410597796868265,329.8794035021897,917.014746678196,7781.435191896543,False,3,7.280585531554235,11.8,22.5,typical_january,Innotec Power 145-DZS48-010,SZFC-1000
7290.587272360117,-0.7952008805821209,329.8497665814624,1483.4571429647626,20363.71796720456,False,3,7.290587272360117,11.8,23.400000000000002,typical_january,Innotec Power 145-DZS48-010,SZFC-1000
7300.608636738421,-0.7056475302219121,329.84112917186803,3103.12882898437,89105.94440034128,False,3,7.3006086367384215,11.7,25.2,typical_january,Innotec Power 145-DZS48-010,SZFC-1000
7310.62447967093,-0.5918129734308936,329.8543494656677,1778.4442530329045,29267.63148649472,False,3,7.310624479670929,11.5,26.1,typical_january,Innotec Power 145-DZS48-010,SZFC-1000
7320.635708897693,-0.49240688049550047,329.87887878445775,1261.97027790655,14736.872234765697,False,3,7.320635708897693,11.1,26.1,typical_january,Innotec Power 145-DZS48-010,SZFC-1000
7330.575419384432,-0.42198899631551906,329.93425658681304,938.023084119349,8142.056613240304,False,3,7.330575419384433,10.7,26.1,typical_january,Innotec Power 145-DZS48-010,SZFC-1000
7340.595875260853,-0.3252461391622944,329.9751899529258,1000.6382558388262,9265.338074173347,False,3,7.340595875260853,10.3,26.1,typical_january,Innotec Power 145-DZS48-010,SZFC-1000
7350.622587382451,-0.22544582950164455,330.02892932328257,1058.69152222139,10371.604227818048,False,3,7.350622587382451,9.9,26.1,typical_january,Innotec Power 145-DZS48-010,SZFC-1000
7360.66173757502,-0.1706685238558779,330.0714431467468,1150.6137422577094,12250.848768877098,False,3,7.36066173757502,9.7,26.1,typical_january,Innotec Power 145-DZS48-010,SZFC-1000
7370.6446550047185,-0.1435840229730088,330.1059409215344,1401.670232285373,18180.20457015661,False,3,7.370644655004718,9.7,26.1,typical_january,Innotec Power 145-DZS48-010,SZFC-1000
7380.641916143047,-0.12499268529380941,330.1329141861456,1508.0734904970072,21045.152493785583,False,3,7.3806419161430465,9.7,26.1,typical_january,Innotec Power 145-DZS48-010,SZFC-1000
7390.637355889139,-0.10244941836708668,330.1644299868536,1312.828761541369,15948.624418881078,False,3,7.390637355889139,9.9,26.1,typical_january,Innotec Power 145-DZS48-010,SZFC-1000
7400.652085576145,-0.1031468782303504,330.19755641590456,1260.4964951151169,14702.471636080934,False,3,7.400652085576144,10.0,26.1,typical_january,Innotec Power 145-DZS48-010,SZFC-1000
7410.676410241235,-0.15233480092800636,330.24064076104634,1150.7539216231885,12253.833994508095,False,3,7.410676410241235,10.2,26.1,typical_january,Innotec Power 145-DZS48-010,SZFC-1000
7420.674816204908,-0.2006285065709268,330.29338432475976,986.7884373044184,9010.63026106866,False,3,7.420674816204908,10.3,26.1,typical_january,Innotec Power 145-DZS48-010,SZFC-1000
7430.645780909856,-0.225399305292265,330.37295189282867,783.1453715875947,5675.339373283672,False,3,7.430645780909856,10.3,26.1,typical_january,Innotec Power 145-DZS48-010,SZFC-1000
7440.627578599855,-0.2612693570725412,330.4353709954016,1108.4975255606814,11370.420378015198,False,3,7.440627578599855,10.2,26.1,typical_january,Innotec Power 145-DZS48-010,SZFC-1000
7450.647786560091,-0.28334632341524757,330.4725501899587,1324.9855269635705,16245.359790475555,False,3,7.450647786560091,10.0,26.1,typical_january,Innotec Power 145-DZS48-010,SZFC-1000
7460.65435789966,-0.2912523117482749,330.4979538955615,1553.6452933578266,22336.278336810137,False,3,7.46065435789966,9.6,26.1,typical_january,Innotec Power 145-DZS48-010,SZFC-1000
7470.654826571759,-0.29454367233330053,330.5197956354775,1615.0056532571073,24135.43658535796,False,3,7.470654826571759,9.2,26.1,typical_january,Innotec Power 145-DZS48-010,SZFC-1000
7480.655198357707,-0.2727748841567268,330.5412567594192,1684.1409938139846,26246.050476896504,False,3,7.480655198357708,8.8,26.1,typical_january,Innotec Power 145-DZS48-010,SZFC-1000
7490.65709171329,-0.2446185966441653,330.56692963016116,1421.4083349959064,18695.83131417627,False,3,7.49065709171329,8.4,26.1,typical_january,Innotec Power 145-DZS48-010,SZFC-1000
7500.657057604697,-0.2136566911953833,330.60459943134106,1110.9894687060755,11421.60008550077,False,3,7.500657057604697,8.1,26.1,typical_january,Innotec Power 145-DZS48-010,SZFC-1000
7510.661574458222,-0.19915405337722708,330.6800119769247,789.6711787104084,5770.316574889178,False,3,7.510661574458222,7.6,26.1,typical_january,Innotec Power 145-DZS48-010,SZFC-1000
7520.692690762428,-0.22151587891126284,330.84710563912984,488.6116747012245,2209.19852519526,False,3,7.520692690762428,7.2,26.1,typical_january,Innotec Power 145-DZS48-010,SZFC-1000
7530.688850360333,-0.24724736538333228,331.17196286563967,410.4946518115704,1559.2726876549727,False,3,7.530688850360333,7.3,26.1,typical_january,Innotec Power 145-DZS48-010,SZFC-1000
7540.592495419869,-0.2780452074313081,331.40779274231545,493.1000813997901,2249.9725195978463,False,3,7.540592495419869,7.5,26.1,typical_january,Innotec Power 145-DZS48-010,SZFC-1000
7550.680375491936,-0.3019752184688462,331.38782326647026,631.5672066615437,3691.018388323916,False,3,7.550680375491935,7.7,26.1,typical_january,Innotec Power 145-DZS48-010,SZFC-1000
7560.688997681778,-0.2945528023854492,331.2346954554663,626.8763578647635,3636.393288474025,False,3,7.560688997681778,8.0,26.1,typical_january,Innotec Power 145-DZS48-010,SZFC-1000
7570.6365694158785,-0.22071361844969145,331.13603595599363,827.1051558827376,6330.361646962288,False,3,7.570636569415878,8.7,26.1,typical_january,Innotec Power 145-DZS48-010,SZFC-1000
7580.63816783169,-0.10068263893348516,331.0831053324079,1092.6585773165427,11047.80560666656,False,3,7.58063816783169,9.4,26.1,typical_january,Innotec Power 145-DZS48-010,SZFC-1000
7590.6388853991875,0.08248318066855598,331.05155220806887,1464.0333248776658,19833.93977541658,False,3,7.590638885399188,9.9,26.1,typical_january,Innotec Power 145-DZS48-010,SZFC-1000
7600.640166097895,0.33619860628481535,331.03348125175796,1645.8282739796794,25065.484468434486,False,3,7.600640166097896,10.3,26.1,typical_january,Innotec Power 145-DZS48-010,SZFC-1000
7610.6704248754595,0.49889854369963205,331.0483275807093,1235.6416032318698,14128.371628455408,False,3,7.610670424875459,10.7,26.1,typical_january,Innotec Power 145-DZS48-010,SZFC-1000
7620.667795716828,0.5663009350663899,331.08592113880843,1232.9003622871032,14065.754263168596,False,3,7.620667795716828,10.9,26.1,typical_january,Innotec Power 145-DZS48-010,SZFC-1000
7630.632354704375,0.5944589300080965,331.11435836090885,1461.3829386111036,19762.19274849246,False,3,7.630632354704375,11.0,26.1,typical_january,Innotec Power 145-DZS48-010,SZFC-1000
7640.62442212085,0.5818962237124626,331.1471384139003,1278.6234796502386,15128.379688971392,False,3,7.64062442212085,11.1,26.1,typical_january,Innotec Power 145-DZS48-010,SZFC-1000
7650.644033439651,0.48812542380712587,331.195540123019,1029.726927708334,9811.856886208736,False,3,7.650644033439651,11.2,26.1,typical_january,Innotec Power 145-DZS48-010,SZFC-1000
7660.646332789484,0.3975330659264191,331.2601634953876,925.1816630452928,7920.655023841275,False,3,7.660646332789485,11.3,26.1,typical_january,Innotec Power 145-DZS48-010,SZFC-1000
7670.625711474268,0.33258228792808886,331.35898570484426,724.5134744023311,4857.356722078027,False,3,7.670625711474268,11.0,26.1,typical_january,Innotec Power 145-DZS48-010,SZFC-1000
7680.582405955064,0.24516360692849737,331.484933624788,690.9800666602255,4418.126062968456,False,3,7.6805824059550645,10.6,26.1,typical_january,Innotec Power 145-DZS48-010,SZFC-1000
7690.611531499206,0.15975070728856955,331.61707813930417,665.3553972683885,4096.513908359921,False,3,7.690611531499206,10.3,26.1,typical_january,Innotec Power 145-DZS48-010,SZFC-1000
7700.619189314273,0.13255415266805587,331.78607128920635,546.7539445414837,2766.24674064739,False,3,7.700619189314273,10.3,26.1,typical_january,Innotec Power 145-DZS48-010,SZFC-1000
7710.60022667495,0.15078081685613132,332.00916683098535,486.8749542446931,2193.5216931314803,False,3,7.71060022667495,10.3,26.1,typical_january,Innotec Power 145-DZS48-010,SZFC-1000
7720.61896173361,0.17621479865212347,332.3151404616194,429.7143882347475,1708.7040799145573,False,3,7.72061896173361,10.2,26.1,typical_january,Innotec Power 145-DZS48-010,SZFC-1000
7730.573006297058,0.2248975598178043,332.6749995875365,392.1930855240547,1423.334350599651,False,3,7.730573006297058,10.1,26.1,typical_january,Innotec Power 145-DZS48-010,SZFC-1000
7740.594315135113,0.3099064887824752,333.14862866813235,332.6556415185918,1023.9926785591624,False,3,7.740594315135113,10.2,26.1,typical_january,Innotec Power 145-DZS48-010,SZFC-1000
7750.664516911128,0.4172902723016923,333.89824469767734,260.721495314394,629.0146231463674,False,3,7.750664516911128,10.6,26.1,typical_january,Innotec Power 145-DZS48-010,SZFC-1000
7760.692555461312,0.533264482280204,335.0409982943885,206.13774054602527,393.2077674565883,False,3,7.760692555461311,10.8,26.1,typical_january,Innotec Power 145-DZS48-010,SZFC-1000
7770.822071229551,0.6356255615229749,337.2103713796303,145.3962072358734,195.61998485547332,False,3,7.77082207122955,11.0,26.1,typical_january,Innotec Power 145-DZS48-010,SZFC-1000
7780.782490621355,0.6960608572553042,341.1632531398884,106.0889452637134,104.1471353239434,False,3,7.7807824906213545,10.8,25.2,typical_january,Innotec Power 145-DZS48-010,SZFC-1000
7790.560769269816,0.720408627095025,348.81135308006765,76.39319495414786,54.00281672865085,False,3,7.790560769269816,10.5,24.3,typical_january,Innotec Power 145-DZS48-010,SZFC-1000
7800.07903073205,0.6923058181087073,123.1030085213434,67.47683464810434,42.13242617473106,False,3,7.80007903073205,10.2,23.400000000000002,typical_january,Innotec Power 145-DZS48-010,SZFC-1000
7814.387349864325,0.612124692148909,13.990823151820905,86.68387791526733,69.5318410958259,False,3,7.814387349864325,9.8,22.5,typical_january,Innotec Power 145-DZS48-010,SZFC-1000
7824.0319771805725,0.519601922095159,21.54125167671009,88.33011577640988,72.1979164869075,False,3,7.824031977180573,9.6,21.6,typical_january,Innotec Power 145-DZS48-010,SZFC-1000
7833.554341027364,0.4146512024938304,29.680164740593455,81.5177249034848,61.49094481273673,False,3,7.833554341027364,9.8,20.7,typical_january,Innotec Power 145-DZS48-010,SZFC-1000
7842.713536862977,0.30635746628040705,39.05014289457026,72.30823008565426,48.381856379784494,False,3,7.842713536862977,10.5,20.7,typical_january,Innotec Power 145-DZS48-010,SZFC-1000
7851.559693016056,0.19372818826041593,49.200869692588185,72.10391436079179,48.10882499284145,False,3,7.851559693016056,11.3,20.7,typical_january,Innotec Power 145-DZS48-010,SZFC-1000
7860.105339861852,0.07343653980202498,59.3783573636515,78.09184316061375,56.43108650619853,False,3,7.860105339861852,12.3,20.7,typical_january,Innotec Power 145-DZS48-010,SZFC-1000
7871.82101513835,-0.010653731617878323,69.8516287972975,77.23039027250765,55.192939466825415,False,3,7.87182101513835,12.8,20.7,typical_january,Innotec Power 145-DZS48-010,SZFC-1000
7882.986754202447,-0.02988794647970283,79.69473901381306,76.46168909472803,54.09969799482516,False,3,7.882986754202447,12.9,20.7,typical_january,Innotec Power 145-DZS48-010,SZFC-1000
7891.003609574482,0.017115533649510215,92.11232543074459,68.07977411575473,42.88873901562685,False,3,7.891003609574482,13.0,20.7,typical_january,Innotec Power 145-DZS48-010,SZFC-1000
7903.741097305463,0.08817860134344599,103.04808667993169,80.57324997450867,60.074315141784886,False,3,7.903741097305463,12.2,20.7,typical_january,Innotec Power 145-DZS48-010,SZFC-1000
7912.373693605161,0.13876354559616366,109.892941149586,88.53589504777905,72.5347017433575,False,3,7.912373693605161,11.7,20.7,typical_january,Innotec Power 145-DZS48-010,SZFC-1000
7921.004587696173,0.16536217271974452,116.03375734526928,101.5727755231977,95.46885308410556,False,3,7.921004587696173,11.2,20.7,typical_january,Innotec Power 145-DZS48-010,SZFC-1000
7934.589905175537,0.1487387123541231,119.15982149588086,163.21690621651814,246.5115931353272,False,3,7.934589905175537,10.5,20.7,typical_january,Innotec Power 145-DZS48-010,SZFC-1000
7944.00845689925,0.11882323946544977,120.59042338625025,205.96598766220097,392.55280312933695,False,3,7.944008456899249,10.1,20.7,typical_january,Innotec Power 145-DZS48-010,SZFC-1000
7953.517705731915,0.0772885700512207,121.75031605176548,227.7083132250249,479.8050755918929,False,3,7.953517705731915,10.0,20.7,typical_january,Innotec Power 145-DZS48-010,SZFC-1000
7963.24403515974,0.027042847158085213,122.95665316177627,213.11748838930856,420.2863100559789,False,3,7.9632440351597396,9.9,20.7,typical_january,Innotec Power 145-DZS48-010,SZFC-1000
7973.072887493369,-0.0368285037236621,124.59422667314789,175.18301281417848,283.9821530896457,False,3,7.97307288749337,9.8,20.7,typical_january,Innotec Power 145-DZS48-010,SZFC-1000
7982.983873577704,-0.09391332500842495,126.23367124208403,194.3417443578978,349.49362506422403,False,3,7.982983873577704,10.0,20.7,typical_january,Innotec Power 145-DZS48-010,SZFC-1000
7992.832704930228,-0.11522911820625417,127.32011168282651,240.2999768556809,534.3361086204403,False,3,7.992832704930228,10.2,20.7,typical_january,Innotec Power 145-DZS48-010,SZFC-1000
8002.713204673673,-0.09092885447991012,128.2058952186016,259.1610111133015,621.5075327488513,False,3,8.002713204673674,10.4,20.7,typical_january,Innotec Power 145-DZS48-010,SZFC-1000
8012.3668189584705,-0.05210308190576623,129.4562069118248,205.82330757165704,392.0091204539938,False,3,8.012366818958471,10.6,20.7,typical_january,Innotec Power 145-DZS48-010,SZFC-1000
8022.355155396843,0.03822507195839807,130.1022097541399,371.0707515489656,1274.1498664819867,False,3,8.022355155396843,11.1,20.7,typical_january,Innotec Power 145-DZS48-010,SZFC-1000
8032.692241910757,0.15583728373128236,129.87973964235925,332.3359612112065,1022.0255211599972,False,3,8.032692241910757,11.5,20.7,typical_january,Innotec Power 145-DZS48-010,SZFC-1000
8042.780760230035,0.21773645338885372,129.5633018529079,495.30819212967526,2270.1684695374734,False,3,8.042780760230036,11.5,20.7,typical_january,Innotec Power 145-DZS48-010,SZFC-1000
8052.793299366302,0.23602945361819574,129.36685810774227,559.0351942453551,2891.913943030709,False,3,8.052793299366302,11.5,20.7,typical_january,Innotec Power 145-DZS48-010,SZFC-1000
8062.812943596384,0.19595341966560437,129.18063684780185,573.248052277988,3040.830698305077,False,3,8.062812943596384,11.6,20.7,typical_january,Innotec Power 145-DZS48-010,SZFC-1000
8072.934934933672,0.06077007475408769,128.99805257776444,558.538879588214,2886.781306808828,False,3,8.072934934933672,11.7,20.7,typical_january,Innotec Power 145-DZS48-010,SZFC-1000
8082.900445852827,-0.06065191910164144,128.81003726055295,578.3619950192535,3095.327168291317,False,3,8.082900445852827,11.7,20.7,typical_january,Innotec Power 145-DZS48-010,SZFC-1000
8092.902568110313,-0.14432461714100697,128.6174013494183,531.6152862426353,2615.1824069710024,False,3,8.092902568110313,11.3,20.7,typical_january,Innotec Power 145-DZS48-010,SZFC-1000
8102.997843906399,-0.20358990245088981,128.51275242012736,791.6793994895936,5799.702995033853,False,3,8.1029978439064,11.0,20.7,typical_january,Innotec Power 145-DZS48-010,SZFC-1000
8113.012616498915,-0.20107386913873548,128.3182026644422,437.09583221061456,1767.9109927390364,False,3,8.113012616498915,10.9,20.7,typical_january,Innotec Power 145-DZS48-010,SZFC-1000
8123.322296500259,-0.1607964822121845,127.49265917982237,227.69620754122465,479.7540610808008,False,3,8.123322296500259,11.0,20.7,typical_january,Innotec Power 145-DZS48-010,SZFC-1000
8133.554841858382,-0.09134351955990232,125.09605238097922,140.32274532121238,182.2062252374068,False,3,8.133554841858382,11.0,20.7,typical_january,Innotec Power 145-DZS48-010,SZFC-1000
8142.8567698108,-0.028973148136757974,122.70621232290188,152.02414579130453,213.86130324731823,False,3,8.1428567698108,11.1,20.7,typical_january,Innotec Power 145-DZS48-010,SZFC-1000
8152.722825664775,0.07770780629633996,121.52216383420861,233.54664049255447,504.7244160968206,False,3,8.152722825664775,11.3,19.8,typical_january,Innotec Power 145-DZS48-010,SZFC-1000
8162.792925135634,0.22921149555749465,120.78919130337488,296.06816460734376,811.1300446867498,False,3,8.162792925135633,11.4,18.900000000000002,typical_january,Innotec Power 145-DZS48-010,SZFC-1000
8172.840248358815,0.35880144481460496,120.28786146389652,357.8886207109072,1185.230572178171,False,3,8.172840248358815,11.3,18.0,typical_january,Innotec Power 145-DZS48-010,SZFC-1000
8182.916324753364,0.4449812743248268,119.86351824688936,380.3709948384989,1338.8189481265076,False,3,8.182916324753364,11.1,17.1,typical_january,Innotec Power 145-DZS48-010,SZFC-1000
8193.049666387102,0.5050956535638267,119.37179276007762,339.47510094806603,1066.4068292815823,True,3,8.193049666387102,10.9,0.0,typical_january,Innotec Power 145-DZS48-010,SZFC-1000
8203.250416341933,0.5544262342922528,118.63320576650582,254.34607051638656,598.6281430247199,False,3,8.203250416341932,10.8,14.4,typical_january,Innotec Power 145-DZS48-010,SZFC-1000
8213.476849645338,0.5869594669686364,117.49082096591496,201.31950505545967,375.04102193468987,False,3,8.213476849645337,10.6,18.900000000000002,typical_january,Innotec Power 145-DZS48-010,SZFC-1000
8223.785308664394,0.5902968398737668,115.27877512343719,155.20875080358363,222.91509195788356,False,3,8.223785308664393,10.4,21.6,typical_january,Innotec Power 145-DZS48-010,SZFC-1000
8233.619835401727,0.5788514489699585,112.6335032410253,152.23990172418985,214.4687671143056,False,3,8.233619835401727,10.29999999999999,23.400000000000002,typical_january,Innotec Power 145-DZS48-010,SZFC-1000
8243.712246608631,0.5432016027930872,109.97104589373137,151.16838893131415,211.46039281653768,False,3,8.24371224660863,10.1,24.3,typical_january,Innotec Power 145-DZS48-010,SZFC-1000
8253.748516133928,0.47700824748281906,107.59102577763608,159.72522266524248,236.07721319690395,False,3,8.253748516133928,10.0,25.2,typical_january,Innotec Power 145-DZS48-010,SZFC-1000
8263.583545916,0.4168027042110758,104.12381879170846,123.03619023336162,140.07892983331766,False,3,8.263583545916001,10.2,25.2,typical_january,Innotec Power 145-DZS48-010,SZFC-1000
8273.996685161646,0.3589747600497221,102.86081414799935,304.52573366314334,858.133905710642,False,3,8.273996685161647,10.5,26.1,typical_january,Innotec Power 145-DZS48-010,SZFC-1000
8284.517192791176,0.33975533897932575,103.82029409574102,183.20999154727423,310.6028059154463,False,3,8.284517192791176,10.7,26.1,typical_january,Innotec Power 145-DZS48-010,SZFC-1000
8294.451551247259,0.3490975364972775,105.45712867944033,171.48009293862813,272.10372415621333,False,3,8.29445155124726,10.8,26.1,typical_january,Innotec Power 145-DZS48-010,SZFC-1000
8304.3012079037,0.3635464583419763,108.31939257538224,126.02295596355448,146.9624520740843,False,3,8.3043012079037,10.9,26.1,typical_january,Innotec Power 145-DZS48-010,SZFC-1000
8313.95441721624,0.38130881341263756,113.77067606805653,89.14670946849104,73.5389966467045,False,3,8.313954417216241,11.1,26.1,typical_january,Innotec Power 145-DZS48-010,SZFC-1000
8323.388700477579,0.4089157958801021,123.14465262543686,72.92801845219422,49.21481899151768,False,3,8.32338870047758,11.2,26.1,typical_january,Innotec Power 145-DZS48-010,SZFC-1000
8333.089638477095,0.4359201717555922,131.39072857942995,87.54898275012788,70.92662161110286,False,3,8.333089638477094,11.2,26.1,typical_january,Innotec Power 145-DZS48-010,SZFC-1000
8343.061776787217,0.48394616284455994,135.5297159592479,124.75081041443632,144.01038669967795,False,3,8.343061776787216,11.1,27.0,typical_january,Innotec Power 145-DZS48-010,SZFC-1000
8353.199918920767,0.545965016519447,137.60630659883628,175.73673515108422,285.7802244234715,False,3,8.353199918920767,11.4,27.900000000000002,typical_january,Innotec Power 145-DZS48-010,SZFC-1000
8363.276492346527,0.5567235162236205,138.70410504874073,240.26081872602748,534.1619771195659,False,3,8.363276492346527,11.7,28.8,typical_january,Innotec Power 145-DZS48-010,SZFC-1000
8373.311888382112,0.525711753591101,139.21333840143654,354.5962569450827,1163.5240358335525,False,3,8.373311888382112,11.9,28.8,typical_january,Innotec Power 145-DZS48-010,SZFC-1000
8383.364322875415,0.4534803443134926,139.2564778527806,561.564610264684,2918.1427098692,False,3,8.383364322875416,12.0,28.8,typical_january,Innotec Power 145-DZS48-010,SZFC-1000
8393.40228597304,0.4014034983204282,138.85633343184128,316.0066099494956,924.0583572608376,False,3,8.393402285973039,12.0,28.8,typical_january,Innotec Power 145-DZS48-010,SZFC-1000
8403.290484601446,0.3756421235524642,138.01809493479385,233.6274248301833,505.07364723485256,False,3,8.403290484601447,12.2,28.8,typical_january,Innotec Power 145-DZS48-010,SZFC-1000
8413.097784691157,0.3442167152260106,136.47546079338883,173.17050215159955,277.49483112541657,False,3,8.413097784691157,12.5,28.8,typical_january,Innotec Power 145-DZS48-010,SZFC-1000
8422.8854961033,0.3202393395967301,133.75520060507938,131.52600177517084,160.07750327169603,False,3,8.4228854961033,12.7,28.8,typical_january,Innotec Power 145-DZS48-010,SZFC-1000
8432.762830263215,0.2958275911245477,130.93282553292804,148.76447105865606,204.78847419564423,False,3,8.432762830263215,12.8,28.8,typical_january,Innotec Power 145-DZS48-010,SZFC-1000
8442.65868196179,0.26387508706916574,129.03141018527333,181.8688652536312,306.0721255473779,False,3,8.44265868196179,12.7,28.8,typical_january,Innotec Power 145-DZS48-010,SZFC-1000
8452.596338493404,0.22799387472942406,127.37759196502086,189.9100720270592,333.73600457829866,False,3,8.452596338493404,12.8,28.8,typical_january,Innotec Power 145-DZS48-010,SZFC-1000
8462.541404076354,0.19454408287910413,125.65419335531021,188.4930807912129,328.7743220144503,False,3,8.462541404076353,12.9,28.8,typical_january,Innotec Power 145-DZS48-010,SZFC-1000
8472.494115118345,0.1778333693932826,123.97011652584584,191.5085497237832,339.37777667944704,False,3,8.472494115118344,13.0,28.8,typical_january,Innotec Power 145-DZS48-010,SZFC-1000
8482.45417398269,0.17329377340158778,122.33923153161317,194.7207004488737,350.8579419954074,False,3,8.482454173982688,13.0,28.8,typical_january,Innotec Power 145-DZS48-010,SZFC-1000
8492.421226462908,0.16766687605384045,120.76204008649538,198.11197874233076,363.18552979746727,False,3,8.492421226462907,13.0,28.8,typical_january,Innotec Power 145-DZS48-010,SZFC-1000
8502.394900503788,0.15544192050660438,119.24070009329873,201.66538288977685,376.3308106018741,False,3,8.502394900503788,13.0,28.8,typical_january,Innotec Power 145-DZS48-010,SZFC-1000
8512.374815294645,0.13332260114656325,117.80089976926578,206.7010745208372,395.3598232805724,False,3,8.512374815294644,12.9,28.8,typical_january,Innotec Power 145-DZS48-010,SZFC-1000
8522.359334858233,0.10242065283959992,116.14883910193024,179.72668450341934,298.904319346002,False,3,8.522359334858233,12.9,28.8,typical_january,Innotec Power 145-DZS48-010,SZFC-1000
8532.34884793482,0.07925680881834192,114.61041041539326,203.03020011177068,381.4418593566956,False,3,8.53234884793482,13.0,28.8,typical_january,Innotec Power 145-DZS48-010,SZFC-1000
8542.342703337092,0.06879551835587518,113.55150162822198,244.8083987023072,554.5742387422374,False,3,8.542342703337091,13.1,28.8,typical_january,Innotec Power 145-DZS48-010,SZFC-1000
8552.341263062837,0.06939445203482181,112.60257702465995,250.02430801654208,578.457602574836,False,3,8.552341263062837,13.3,28.8,typical_january,Innotec Power 145-DZS48-010,SZFC-1000
8562.344302995609,0.07358425646542929,111.4277332433588,210.00771984039912,408.1103270839076,False,3,8.562344302995609,13.4,28.8,typical_january,Innotec Power 145-DZS48-010,SZFC-1000
8572.319683980946,0.07936955407292906,109.60879465837039,163.90898828774775,248.6065717173227,False,3,8.572319683980947,13.5,28.8,typical_january,Innotec Power 145-DZS48-010,SZFC-1000
8582.2799594139,0.08486340273478739,107.7908541423622,186.4616774976929,321.72605924376546,False,3,8.5822799594139,13.6,28.8,typical_january,Innotec Power 145-DZS48-010,SZFC-1000
8592.248555725184,0.08921228629448127,106.62351994855945,233.29504137046172,503.6375255493952,False,3,8.592248555725185,13.7,28.8,typical_january,Innotec Power 145-DZS48-010,SZFC-1000
8602.251257276293,0.1002291464324149,105.83327377520726,282.7118826988007,739.5970851692362,False,3,8.602251257276293,13.8,28.8,typical_january,Innotec Power 145-DZS48-010,SZFC-1000
8612.260858713335,0.10453586785029725,105.30666373404293,347.55104321548976,1117.748918264891,False,3,8.612260858713334,13.9,28.8,typical_january,Innotec Power 145-DZS48-010,SZFC-1000
8622.272548156112,0.09734593852369333,104.86487325936886,373.3687114467192,1289.979792967096,False,3,8.622272548156111,13.9,28.8,typical_january,Innotec Power 145-DZS48-010,SZFC-1000
8632.288944469898,0.08164354040944335,104.35497815044346,324.1138499545611,972.0805298156602,False,3,8.632288944469897,13.6,28.8,typical_january,Innotec Power 145-DZS48-010,SZFC-1000
8642.312010863901,0.05344512827028712,103.59715630137012,264.5077767901885,647.4167866153371,False,3,8.642312010863902,13.3,28.8,typical_january,Innotec Power 145-DZS48-010,SZFC-1000
8652.44525633041,0.030198575876141526,102.40002057422785,198.02356979851143,362.8614536371333,False,3,8.65244525633041,13.1,28.8,typical_january,Innotec Power 145-DZS48-010,SZFC-1000
8662.327072809021,0.01490523335383831,100.2607849245691,149.21656089498168,206.03505498189068,False,3,8.66232707280902,13.1,28.8,typical_january,Innotec Power 145-DZS48-010,SZFC-1000
8672.123906777791,0.008607760427122284,96.20875484704789,97.1320542192238,87.30361210166575,False,3,8.672123906777792,13.0,28.8,typical_january,Innotec Power 145-DZS48-010,SZFC-1000
8681.70284545096,0.007880588290286606,91.96915971006445,116.64242767162705,125.89838682545287,False,3,8.68170284545096,12.8,28.8,typical_january,Innotec Power 145-DZS48-010,SZFC-1000
8692.594763178056,-0.024218308490057124,92.27915794194479,176.3573595680115,287.80228733926543,False,3,8.692594763178056,12.5,28.8,typical_january,Innotec Power 145-DZS48-010,SZFC-1000
8702.730642083941,-0.07503011149995406,94.60038081913189,157.14876262303625,228.5225159840843,False,3,8.70273064208394,12.1,28.8,typical_january,Innotec Power 145-DZS48-010,SZFC-1000
8712.46096971618,-0.13872041243111619,96.0076894720126,232.98069435004348,502.2812147193591,False,3,8.71246096971618,11.8,28.8,typical_january,Innotec Power 145-DZS48-010,SZFC-1000
8722.59149839283,-0.2670216368097028,96.46424982199042,373.7575216095946,1292.6678511151474,False,3,8.72259149839283,11.4,28.8,typical_january,Innotec Power 145-DZS48-010,SZFC-1000
8732.942087972826,-0.41737209071804093,95.94788342205678,198.6635206089067,365.2105548330914,False,3,8.732942087972827,11.1,28.8,typical_january,Innotec Power 145-DZS48-010,SZFC-1000
8743.1156126499,-0.5060778251658444,94.45423047847635,187.4148634654498,325.0237727402824,False,3,8.7431156126499,11.0,28.8,typical_january,Innotec Power 145-DZS48-010,SZFC-1000
8752.789762631874,-0.5435688309604287,93.65115130669619,278.8883340530213,719.7269440249787,False,3,8.752789762631874,11.0,28.8,typical_january,Innotec Power 145-DZS48-010,SZFC-1000
8762.727167655405,-0.6080262225697421,93.0644927408261,331.2998792794916,1015.6629742393574,False,3,8.762727167655404,11.0,28.8,typical_january,Innotec Power 145-DZS48-010,SZFC-1000
8772.925108511341,-0.6756790825703145,92.52995284427735,331.7521418545236,1018.4378613506284,False,3,8.772925108511341,11.0,28.8,typical_january,Innotec Power 145-DZS48-010,SZFC-1000
8782.944966697934,-0.7261844271195802,92.0921249788228,376.613967009837,1312.501805796023,False,3,8.782944966697935,11.0,28.8,typical_january,Innotec Power 145-DZS48-010,SZFC-1000
8792.985536186687,-0.7580077127329614,91.5766706331454,321.8424312086913,958.5034179394072,False,3,8.792985536186686,11.0,29.7,typical_january,Innotec Power 145-DZS48-010,SZFC-1000
8802.98624567176,-0.763268083771141,90.7999808129847,250.0890163163369,578.7570602714561,False,3,8.802986245671761,11.2,30.6,typical_january,Innotec Power 145-DZS48-010,SZFC-1000
8812.90466408791,-0.7583933072665741,89.97842626869354,275.8890261109284,704.3295631563665,False,3,8.81290466408791,11.4,30.6,typical_january,Innotec Power 145-DZS48-010,SZFC-1000
8822.849352887335,-0.7481178535879357,89.38906125706757,329.37561977356853,1003.8988688237588,False,3,8.822849352887335,11.6,30.6,typical_january,Innotec Power 145-DZS48-010,SZFC-1000
8832.894823290493,-0.7399670253916417,88.82463455324469,324.820511623541,976.3239825695006,False,3,8.832894823290493,11.6,30.6,typical_january,Innotec Power 145-DZS48-010,SZFC-1000
8843.161339203376,-0.7447299314952385,88.2775317060491,332.8209331681874,1025.0105448968222,False,3,8.843161339203377,11.5,30.6,typical_january,Innotec Power 145-DZS48-010,SZFC-1000
8853.030343199063,-0.751690371184472,87.74528021236577,330.8493009473617,1012.9021852503108,False,3,8.853030343199062,11.8,30.6,typical_january,Innotec Power 145-DZS48-010,SZFC-1000
8863.00556086848,-0.7554059377462596,87.22360296350269,296.97647743659235,816.1146399477401,False,3,8.86300556086848,12.1,30.6,typical_january,Innotec Power 145-DZS48-010,SZFC-1000
8873.005277377233,-0.7172431789095628,86.73166025867553,370.466299187008,1270.0022174521955,False,3,8.873005277377233,12.4,30.6,typical_january,Innotec Power 145-DZS48-010,SZFC-1000
8883.075241451523,-0.6591197892067215,86.33038762101208,360.424370196504,1202.08550912829,False,3,8.883075241451523,12.4,30.6,typical_january,Innotec Power 145-DZS48-010,SZFC-1000
8893.021728835007,-0.5853755679510082,85.85469527401756,307.46978518319764,874.8064052195203,False,3,8.893021728835008,12.4,30.6,typical_january,Innotec Power 145-DZS48-010,SZFC-1000
8903.081724628446,-0.48934339249615305,85.40452264563638,393.0543090310129,1429.592262499537,False,3,8.903081724628446,12.4,30.6,typical_january,Innotec Power 145-DZS48-010,SZFC-1000
8913.161972233662,-0.4159673616513205,85.03176838217402,397.58918142397465,1462.7704636587002,False,3,8.913161972233661,12.5,30.6,typical_january,Innotec Power 145-DZS48-010,SZFC-1000
8923.251505401311,-0.33911283730584996,84.65923696320473,402.94647492256513,1502.4560851209417,False,3,8.92325150540131,12.6,30.6,typical_january,Innotec Power 145-DZS48-010,SZFC-1000
8933.169138106852,-0.27569352663612684,84.38699913600732,464.6362141544675,1997.7133760753163,False,3,8.933169138106852,12.8,30.6,typical_january,Innotec Power 145-DZS48-010,SZFC-1000
8943.152944003496,-0.23061685874419424,84.2391313628552,638.8720102662206,3776.893932258313,False,3,8.943152944003495,12.8,30.6,typical_january,Innotec Power 145-DZS48-010,SZFC-1000
8953.16691551829,-0.14659328466508897,84.18444675363367,1195.3919224873364,13222.930008838686,False,3,8.95316691551829,12.8,30.6,typical_january,Innotec Power 145-DZS48-010,SZFC-1000
8963.166620657033,-0.08452714770134392,84.2104823876989,966.6405925739492,8646.43583211479,False,3,8.963166620657034,12.6,30.6,typical_january,Innotec Power 145-DZS48-010,SZFC-1000
8973.119549930401,-0.07519598626179805,84.29930574432038,725.1482655293725,4865.872112996028,False,3,8.9731195499304,12.0,30.6,typical_january,Innotec Power 145-DZS48-010,SZFC-1000
8983.072637724506,-0.07528983249702986,84.47124036211153,547.8979599147477,2777.834913453126,False,3,8.983072637724506,11.3,30.6,typical_january,Innotec Power 145-DZS48-010,SZFC-1000
8992.957757696264,-0.09303798445915563,84.65984004336644,551.3349879932957,2812.795594375631,False,3,8.992957757696264,10.8,30.6,typical_january,Innotec Power 145-DZS48-010,SZFC-1000
9002.918062497625,-0.13399754698000838,84.80617980015407,634.2050812178319,3721.915422091237,False,3,9.002918062497626,10.4,30.6,typical_january,Innotec Power 145-DZS48-010,SZFC-1000
9012.852278576154,-0.18680034955853975,84.98200351576872,549.1189064368597,2790.229070998321,False,3,9.012852278576155,10.0,30.6,typical_january,Innotec Power 145-DZS48-010,SZFC-1000
9022.784221341613,-0.24057646413681283,85.24588557928348,431.2047010331726,1720.5767071925386,False,3,9.022784221341613,9.7,30.6,typical_january,Innotec Power 145-DZS48-010,SZFC-1000
9032.723665209329,-0.3070928361835844,85.67001076504732,345.4280922890298,1104.1355002716691,False,3,9.032723665209328,9.4,30.6,typical_january,Innotec Power 145-DZS48-010,SZFC-1000
9042.763036205739,-0.4296371017353375,86.46319336190939,239.5074182600803,530.8172211155847,False,3,9.04276303620574,9.2,30.6,typical_january,Innotec Power 145-DZS48-010,SZFC-1000
9052.943253606694,-0.5763900471416367,88.01922767382885,166.77253281979117,257.36892851550857,False,3,9.052943253606694,9.3,30.6,typical_january,Innotec Power 145-DZS48-010,SZFC-1000
9062.92047718436,-0.6726395470005446,91.28228836965835,119.3336223609544,131.77490535300404,False,3,9.06292047718436,9.4,30.6,typical_january,Innotec Power 145-DZS48-010,SZFC-1000
9072.179301588865,-0.7376012902637318,96.46524830228728,94.0388688960902,81.83175378724488,False,3,9.072179301588866,9.6,30.6,typical_january,Innotec Power 145-DZS48-010,SZFC-1000
9081.273578565451,-0.8082854364694125,102.100102666975,101.84393211534848,95.97925683035508,False,3,9.081273578565451,9.8,30.6,typical_january,Innotec Power 145-DZS48-010,SZFC-1000
9090.471082932005,-0.858286271030394,107.00614551230399,107.8310526006728,107.595660181142,False,3,9.090471082932005,10.0,30.6,typical_january,Innotec Power 145-DZS48-010,SZFC-1000
9100.081369336807,-0.8495828047587536,113.6661047872123,87.25020456764967,70.44334546929717,False,3,9.100081369336808,10.1,30.6,typical_january,Innotec Power 145-DZS48-010,SZFC-1000
9112.756084569113,-0.7604237187100265,122.291354084479,81.99903948517947,62.21922478889034,False,3,9.112756084569114,10.0,30.6,typical_january,Innotec Power 145-DZS48-010,SZFC-1000
9120.979351279262,-0.6252362833126486,127.58883397563159,102.18895344453234,96.6306649700223,False,3,9.120979351279262,10.0,30.6,typical_january,Innotec Power 145-DZS48-010,SZFC-1000
9130.218691713206,-0.3973232272373688,133.08152480395117,111.48335741193011,115.00775981702598,False,3,9.130218691713205,10.1,30.6,typical_january,Innotec Power 145-DZS48-010,SZFC-1000
9144.200033912932,-0.18695131098413095,138.5392213713182,113.79483279520632,119.8263000170354,False,3,9.144200033912933,10.5,30.6,typical_january,Innotec Power 145-DZS48-010,SZFC-1000
9153.298662019988,-0.08630543231486608,142.3975616528059,121.2652489032032,136.0754535110067,False,3,9.153298662019989,10.8,30.6,typical_january,Innotec Power 145-DZS48-010,SZFC-1000
9163.158176122695,0.020578372480759152,145.0035696708707,167.58078564809395,259.86961896987214,False,3,9.163158176122696,11.0,30.6,typical_january,Innotec Power 145-DZS48-010,SZFC-1000
9173.3067840301,0.1259995007674354,146.8644940649831,180.99661255825205,303.1432896563576,False,3,9.1733067840301,11.1,30.6,typical_january,Innotec Power 145-DZS48-010,SZFC-1000
9183.394957085793,0.20583293563683874,148.92707566599876,169.12799007172072,264.69030891310405,False,3,9.183394957085794,11.3,30.6,typical_january,Innotec Power 145-DZS48-010,SZFC-1000
9193.120480960913,0.31783783667859333,150.6555810367492,180.57937486366887,301.7472743394785,False,3,9.193120480960914,11.4,30.6,typical_january,Innotec Power 145-DZS48-010,SZFC-1000
9203.189767005028,0.46502502513618105,151.43593973611593,279.7123552897791,723.9863294179427,False,3,9.203189767005027,11.3,30.6,typical_january,Innotec Power 145-DZS48-010,SZFC-1000
9213.110657087944,0.6193555872778319,151.8587413048651,384.87150404091136,1370.6879014891622,False,3,9.213110657087944,11.2,30.6,typical_january,Innotec Power 145-DZS48-010,SZFC-1000
9222.819697082723,0.7641083943622761,152.3146084685169,338.79656921676474,1062.1480914522813,False,3,9.222819697082723,11.1,30.6,typical_january,Innotec Power 145-DZS48-010,SZFC-1000
9232.516928193729,0.856040009798429,152.97482386867267,266.2971953634312,656.2060805488507,False,3,9.232516928193728,10.700000000000022,30.6,typical_january,Innotec Power 145-DZS48-010,SZFC-1000
9242.17871568901,0.9114769105013255,154.1143930762999,191.3338094185288,338.7587346456853,False,3,9.24217871568901,10.5,30.6,typical_january,Innotec Power 145-DZS48-010,SZFC-1000
9252.38312674189,0.9562492968799539,156.74680684610632,131.96835786679335,161.15607839859695,False,3,9.25238312674189,10.3,30.6,typical_january,Innotec Power 145-DZS48-010,SZFC-1000
9262.764460354842,0.962538883892819,163.65059077063484,81.16525263487915,60.96033639961517,False,3,9.262764460354841,10.1,30.6,typical_january,Innotec Power 145-DZS48-010,SZFC-1000
9271.992353125288,0.941259629232705,171.03149896826886,90.21093385844908,75.30527913076739,False,3,9.271992353125288,9.7,29.7,typical_january,Innotec Power 145-DZS48-010,SZFC-1000
9281.52398757797,0.9029513838276472,177.7662012733233,94.11955459862834,81.97223793326083,False,3,9.28152398757797,9.3,28.8,typical_january,Innotec Power 145-DZS48-010,SZFC-1000
9291.175789473129,0.8414264203107273,185.3193068648105,81.71241869712213,61.78502078094724,False,3,9.29117578947313,8.8,28.8,typical_january,Innotec Power 145-DZS48-010,SZFC-1000
9300.866612670934,0.7897314876598466,193.0052638721802,86.86877529126757,69.82878134634987,False,3,9.300866612670934,8.5,27.900000000000002,typical_january,Innotec Power 145-DZS48-010,SZFC-1000
9310.680193816284,0.7578957583254634,198.06984075234345,111.39129391915748,114.81789032451856,False,3,9.310680193816284,8.1,27.900000000000002,typical_january,Innotec Power 145-DZS48-010,SZFC-1000
9320.4889300893,0.7442786207178705,202.3125336296795,120.78851979903844,135.00765187845295,False,3,9.320488930089299,7.8,27.900000000000002,typical_january,Innotec Power 145-DZS48-010,SZFC-1000
9330.458912772974,0.7578929940862131,205.72713610942733,134.93825562495908,168.49120981201654,False,3,9.330458912772974,7.7,27.900000000000002,typical_january,Innotec Power 145-DZS48-010,SZFC-1000
9340.432979173003,0.7966410981100938,207.90379135040305,171.4295689751125,271.9434054496661,False,3,9.340432979173004,7.8,27.900000000000002,typical_january,Innotec Power 145-DZS48-010,SZFC-1000
9350.716650071523,0.8485591039992928,209.1756033368577,223.4765281444348,462.1371659894048,False,3,9.350716650071522,7.9,27.900000000000002,typical_january,Innotec Power 145-DZS48-010,SZFC-1000
9360.78451246236,0.8696794213633585,210.0940986133906,265.12727865786115,650.452958874046,False,3,9.36078451246236,8.3,27.900000000000002,typical_january,Innotec Power 145-DZS48-010,SZFC-1000
9370.752899678695,0.8475080566719935,210.93614396788485,269.04149133270647,669.8006870788886,False,3,9.370752899678696,9.3,27.900000000000002,typical_january,Innotec Power 145-DZS48-010,SZFC-1000
9380.713649484765,0.8011671553181983,211.6056208505771,312.4888731722101,903.5999148716464,False,3,9.380713649484765,10.2,27.900000000000002,typical_january,Innotec Power 145-DZS48-010,SZFC-1000
9390.710789858911,0.7354929055370687,212.19329330736014,320.45649126731945,950.2660461195686,False,3,9.390710789858911,11.1,27.900000000000002,typical_january,Innotec Power 145-DZS48-010,SZFC-1000
9400.693209396766,0.6643209460894564,212.83115766686365,291.18388947254766,784.5881617134493,False,3,9.400693209396767,11.8,27.900000000000002,typical_january,Innotec Power 145-DZS48-010,SZFC-1000
9410.609820087755,0.6065783978844008,213.58903693366352,280.07037740624327,725.8408703314642,False,3,9.410609820087755,12.5,27.900000000000002,typical_january,Innotec Power 145-DZS48-010,SZFC-1000
9420.626112895978,0.5205568544879031,214.36864761139157,265.05968004946374,650.121313562666,False,3,9.420626112895977,13.0,27.900000000000002,typical_january,Innotec Power 145-DZS48-010,SZFC-1000
9430.689700958339,0.41672077064824414,215.4510267800577,222.39078607134644,457.6575646194857,False,3,9.43068970095834,13.4,27.900000000000002,typical_january,Innotec Power 145-DZS48-010,SZFC-1000
9440.97857981459,0.34337874964113857,217.0876460486313,178.73594369943945,295.6179906432935,False,3,9.440978579814589,13.8,27.900000000000002,typical_january,Innotec Power 145-DZS48-010,SZFC-1000
9451.205340116623,0.30119008301123695,219.92047715124374,127.8938863480667,151.35843707653294,False,3,9.451205340116623,14.2,27.900000000000002,typical_january,Innotec Power 145-DZS48-010,SZFC-1000
9461.27566204574,0.2941945644665759,225.052516772275,96.06633250160674,85.39835154342514,False,3,9.46127566204574,14.8,27.900000000000002,typical_january,Innotec Power 145-DZS48-010,SZFC-1000
9471.287631678319,0.3119827143169067,231.29365291940945,100.10675473763138,92.732897678442,False,3,9.471287631678319,15.1,27.900000000000002,typical_january,Innotec Power 145-DZS48-010,SZFC-1000
9481.22573441821,0.36567995205103765,237.39797938948223,97.85394922093944,88.6061325138987,False,3,9.48122573441821,15.2,27.900000000000002,typical_january,Innotec Power 145-DZS48-010,SZFC-1000
9491.430495127777,0.44607376015772343,244.9587780249996,87.49234537364285,70.83488328884982,False,3,9.491430495127778,15.2,27.900000000000002,typical_january,Innotec Power 145-DZS48-010,SZFC-1000
9501.647677861778,0.5123105618850445,252.9555479753503,86.93831873895239,69.94063000528266,False,3,9.501647677861778,15.0,27.900000000000002,typical_january,Innotec Power 145-DZS48-010,SZFC-1000
9511.860651031693,0.5720619110484126,258.84483738297604,105.42212550536536,102.842020781088,False,3,9.511860651031693,14.7,27.900000000000002,typical_january,Innotec Power 145-DZS48-010,SZFC-1000
9522.196250473404,0.6196229896549207,264.36711101372913,101.90651477601268,96.0972507581752,False,3,9.522196250473403,14.3,27.900000000000002,typical_january,Innotec Power 145-DZS48-010,SZFC-1000
9532.389782898963,0.6505752415040061,270.7597654779049,95.07069340108542,83.63737393707741,False,3,9.532389782898964,14.0,27.900000000000002,typical_january,Innotec Power 145-DZS48-010,SZFC-1000
9542.448863395846,0.665079568057653,274.98147360603787,121.50997773547812,136.62524317586417,False,3,9.542448863395846,13.6,27.900000000000002,typical_january,Innotec Power 145-DZS48-010,SZFC-1000
9552.71630251045,0.6670034656886321,277.2899301600574,169.98893002849786,267.39196080128045,False,3,9.552716302510449,13.3,27.900000000000002,typical_january,Innotec Power 145-DZS48-010,SZFC-1000
9562.913421986432,0.6663403537642638,278.68924661723577,219.75258483471643,446.8636717599833,False,3,9.562913421986432,13.2,27.900000000000002,typical_january,Innotec Power 145-DZS48-010,SZFC-1000
9573.160597299151,0.6626468783351025,279.53474671327024,276.96140829051194,709.8156706014834,False,3,9.57316059729915,13.4,27.900000000000002,typical_january,Innotec Power 145-DZS48-010,SZFC-1000
9583.417943183771,0.6589335941639127,280.19309616445395,311.91831690417786,900.3032603150409,False,3,9.583417943183772,13.6,27.900000000000002,typical_january,Innotec Power 145-DZS48-010,SZFC-1000
9593.559257863966,0.6397567316341441,280.8816657586857,273.2555841808664,690.9476706481476,False,3,9.593559257863966,13.9,27.900000000000002,typical_january,Innotec Power 145-DZS48-010,SZFC-1000
9603.378155369406,0.6123681064133819,281.80780588990257,247.22166751394715,565.5618783796327,False,3,9.603378155369406,14.2,27.900000000000002,typical_january,Innotec Power 145-DZS48-010,SZFC-1000
9613.314291708004,0.544998433722273,282.19298524852076,482.6101777474113,2155.2617346262714,False,3,9.613314291708004,14.5,27.900000000000002,typical_january,Innotec Power 145-DZS48-010,SZFC-1000
9623.370773467757,0.45554256116220726,281.94132342676704,378.8445078366915,1328.0947397615794,False,3,9.623370773467757,14.6,27.900000000000002,typical_january,Innotec Power 145-DZS48-010,SZFC-1000
9633.161496593417,0.382489525589781,281.66691162360905,510.3794465036276,2410.4238651050177,False,3,9.633161496593416,14.5,27.900000000000002,typical_january,Innotec Power 145-DZS48-010,SZFC-1000
9643.028296545925,0.3073163014381112,281.5027278822636,617.966927094251,3533.763908805348,False,3,9.643028296545925,14.3,27.900000000000002,typical_january,Innotec Power 145-DZS48-010,SZFC-1000
9652.91122526598,0.23722745304763646,281.39375034888974,759.7244634777566,5340.959534778855,False,3,9.65291122526598,14.2,27.900000000000002,typical_january,Innotec Power 145-DZS48-010,SZFC-1000
9662.835259605787,0.16690246375397644,281.3044575551147,834.9947541900692,6451.705863891555,False,3,9.662835259605787,14.1,27.900000000000002,typical_january,Innotec Power 145-DZS48-010,SZFC-1000
9672.795699725533,0.09630459198566513,281.20441626177796,732.5017077871496,4965.058255650854,False,3,9.672795699725533,14.1,27.900000000000002,typical_january,Innotec Power 145-DZS48-010,SZFC-1000
9682.78633121659,-5.770880687679461e-05,281.05971289568686,591.2727178457807,3235.063028225613,False,3,9.68278633121659,13.7,27.900000000000002,typical_january,Innotec Power 145-DZS48-010,SZFC-1000
9692.793592867009,-0.1327956364153827,280.82392926112635,454.0574581639605,1907.781761551512,False,3,9.692793592867009,13.3,27.900000000000002,typical_january,Innotec Power 145-DZS48-010,SZFC-1000
9702.83294142012,-0.21764313007358338,280.37619600427024,340.7564382498755,1074.472255060577,False,3,9.70283294142012,13.0,27.900000000000002,typical_january,Innotec Power 145-DZS48-010,SZFC-1000
9712.677899603385,-0.27947746801941953,279.85225310798137,328.06361059756705,995.917092498134,False,3,9.712677899603385,12.7,27.900000000000002,typical_january,Innotec Power 145-DZS48-010,SZFC-1000
9722.774558428504,-0.34524055246335794,279.39876110172713,340.3763894906646,1072.0768542272367,False,3,9.722774558428505,12.5,27.900000000000002,typical_january,Innotec Power 145-DZS48-010,SZFC-1000
9732.95144799118,-0.37733150947140504,278.852457043009,331.3487177059184,1015.9624433347288,False,3,9.73295144799118,12.4,27.900000000000002,typical_january,Innotec Power 145-DZS48-010,SZFC-1000
9743.100974209585,-0.3717061311459847,278.24875014919166,306.60005963127185,869.8643560057527,False,3,9.743100974209584,12.6,27.900000000000002,typical_january,Innotec Power 145-DZS48-010,SZFC-1000
9753.052671246789,-0.34769367971548226,277.38399892515645,228.45116463412316,482.9407121537169,False,3,9.753052671246788,12.8,27.900000000000002,typical_january,Innotec Power 145-DZS48-010,SZFC-1000
9762.737406877217,-0.31337632394000625,276.0680877824061,196.0756159619561,355.7576448422393,False,3,9.762737406877218,13.0,27.900000000000002,typical_january,Innotec Power 145-DZS48-010,SZFC-1000
9772.150472701212,-0.2632584981258828,274.01676543988697,145.25096520113905,195.2293549468081,False,3,9.772150472701213,12.9,27.900000000000002,typical_january,Innotec Power 145-DZS48-010,SZFC-1000
9781.184183086945,-0.18442772439551688,269.23238537202695,93.76333357748976,81.35291974127541,False,3,9.781184183086946,12.8,27.900000000000002,typical_january,Innotec Power 145-DZS48-010,SZFC-1000
9793.723111781268,-0.10841286324015471,261.95095352072656,89.07098600373399,73.41411794758895,False,3,9.793723111781269,12.3,27.900000000000002,typical_january,Innotec Power 145-DZS48-010,SZFC-1000
9801.846376717574,-0.056099353115085814,255.10944683026602,85.68414854184535,67.93726141034243,False,3,9.801846376717574,11.9,27.900000000000002,typical_january,Innotec Power 145-DZS48-010,SZFC-1000
9810.656564661847,0.0030811207820559843,241.59860012365257,60.51130307435801,33.8828611423585,False,3,9.810656564661848,11.5,27.900000000000002,typical_january,Innotec Power 145-DZS48-010,SZFC-1000
9824.206951480039,0.038282260295241705,225.80547270105313,67.55897030855002,42.23505934794078,False,3,9.824206951480038,11.2,27.0,typical_january,Innotec Power 145-DZS48-010,SZFC-1000
9833.36048366796,0.048222847059508675,218.61698154373738,91.77235207407732,77.93468609840049,False,3,9.83336048366796,11.0,27.0,typical_january,Innotec Power 145-DZS48-010,SZFC-1000
9842.681610181768,0.04749955065584616,214.26750943119288,115.56237814243612,123.57767112108458,False,3,9.842681610181767,11.0,27.0,typical_january,Innotec Power 145-DZS48-010,SZFC-1000
9852.197416110546,0.035474179736026956,211.8532524310715,158.93716486998983,233.75342821626816,False,3,9.852197416110545,11.3,27.0,typical_january,Innotec Power 145-DZS48-010,SZFC-1000
9861.84833634045,0.02260799073932547,210.4777718027666,212.32290167660432,417.1581635716688,False,3,9.86184833634045,11.6,27.0,typical_january,Innotec Power 145-DZS48-010,SZFC-1000
9871.655370494182,0.01008966397441059,209.70833865860507,284.59979499730605,749.5079283483926,False,3,9.871655370494182,11.9,27.0,typical_january,Innotec Power 145-DZS48-010,SZFC-1000
9881.438615740926,-0.005576716317601218,209.19039277719787,346.1987200539912,1109.06750561894,False,3,9.881438615740926,12.3,27.0,typical_january,Innotec Power 145-DZS48-010,SZFC-1000
9891.34265682194,-0.03902636754927499,208.83165216180709,420.8202744490962,1638.703479651992,False,3,9.89134265682194,12.9,27.0,typical_january,Innotec Power 145-DZS48-010,SZFC-1000
9901.23773454063,-0.08003536668857046,208.58774843391876,511.3082603011191,2419.205065564506,False,3,9.90123773454063,13.3,27.0,typical_january,Innotec Power 145-DZS48-010,SZFC-1000
9911.139870562383,-0.1320904553939117,208.3699189673958,526.4106250826085,2564.226348181374,False,3,9.911139870562383,13.7,27.0,typical_january,Innotec Power 145-DZS48-010,SZFC-1000
9920.94696431331,-0.18217913731716195,208.16831223476748,529.067072469674,2590.1715674395887,False,3,9.92094696431331,13.5,27.0,typical_january,Innotec Power 145-DZS48-010,SZFC-1000
9930.93371718431,-0.23596071246024436,208.0557939157133,776.7487353516065,5583.007034437908,False,3,9.930933717184312,13.4,27.0,typical_january,Innotec Power 145-DZS48-010,SZFC-1000
9940.914219333468,-0.31604313874613593,207.96228824641898,754.2212614702629,5263.863360769978,False,3,9.940914219333468,13.2,27.0,typical_january,Innotec Power 145-DZS48-010,SZFC-1000
9950.950405500944,-0.4162624532058449,207.90407568285084,1007.6218558053876,9395.117659427944,False,3,9.950950405500944,13.2,27.0,typical_january,Innotec Power 145-DZS48-010,SZFC-1000
9960.958365726025,-0.5150641630522407,207.8574497267854,1162.6482876877485,12508.458097306087,False,3,9.960958365726025,13.3,27.0,typical_january,Innotec Power 145-DZS48-010,SZFC-1000
9970.997932988868,-0.6120843427877947,207.83079133424314,1559.702938446618,22510.795678892187,False,3,9.970997932988869,13.2,27.0,typical_january,Innotec Power 145-DZS48-010,SZFC-1000
9981.019450514623,-0.6845190778115338,207.80729121234674,1581.949747398565,23157.54050353951,False,3,9.981019450514623,13.2,27.0,typical_january,Innotec Power 145-DZS48-010,SZFC-1000
9991.04520473742,-0.6993548342546076,207.7840258959089,1632.5506772113702,24662.68796367829,False,3,9.99104520473742,13.2,27.0,typical_january,Innotec Power 145-DZS48-010,SZFC-1000
10001.067935889021,-0.6752334699660962,207.760596983507,1512.0384798608147,21155.960754145424,False,3,10.00106793588902,13.1,27.0,typical_january,Innotec Power 145-DZS48-010,SZFC-1000
10011.061509231578,-0.6012924062843759,207.74242993044336,1906.2750498119767,33626.23104726602,False,3,10.011061509231578,13.1,27.0,typical_january,Innotec Power 145-DZS48-010,SZFC-1000
10021.073755889403,-0.4520587896597729,207.73420244750054,2287.9513795337693,48439.611099548645,False,3,10.021073755889404,13.0,27.0,typical_january,Innotec Power 145-DZS48-010,SZFC-1000
10031.094927866612,-0.27963265906951484,207.74312653270974,2164.665651402948,43359.9444489208,False,3,10.031094927866611,13.0,27.0,typical_january,Innotec Power 145-DZS48-010,SZFC-1000
10041.101431827943,-0.09892759139912005,207.76036771788625,1684.4663369831385,26256.191905735035,False,3,10.041101431827943,13.0,27.0,typical_january,Innotec Power 145-DZS48-010,SZFC-1000
10051.118700221634,0.05087735440623629,207.79068986576073,1323.520853253756,16209.463549243452,False,3,10.051118700221634,13.0,27.0,typical_january,Innotec Power 145-DZS48-010,SZFC-1000
10061.118043905271,0.1667126311293437,207.82461817572795,1316.583064974492,16039.971578525276,False,3,10.061118043905271,13.2,27.0,typical_january,Innotec Power 145-DZS48-010,SZFC-1000
10071.131476840388,0.2556493363808447,207.86384154044055,1228.8844562646016,13974.271200455212,False,3,10.071131476840389,13.5,27.0,typical_january,Innotec Power 145-DZS48-010,SZFC-1000
10081.142445714673,0.30551653645986343,207.91400105004928,983.9464921984452,8958.80387039318,False,3,10.081142445714674,14.1,27.0,typical_january,Innotec Power 145-DZS48-010,SZFC-1000
10091.161302271308,0.3132175315486627,207.97007495973548,943.0663365816744,8229.843008386466,False,3,10.091161302271308,14.4,27.0,typical_january,Innotec Power 145-DZS48-010,SZFC-1000
10101.179135908675,0.2871290659270493,208.03588823376646,927.0561827572548,7952.783773953228,False,3,10.101179135908675,14.6,27.0,typical_january,Innotec Power 145-DZS48-010,SZFC-1000
10111.163623255816,0.2242424981905896,208.08772507506316,1041.614817452557,10039.714524557026,False,3,10.111163623255816,14.6,27.0,typical_january,Innotec Power 145-DZS48-010,SZFC-1000
10121.168459138318,0.1652144930922536,208.1372714939808,1138.2988766266812,11990.013714918645,False,3,10.121168459138318,14.6,27.0,typical_january,Innotec Power 145-DZS48-010,SZFC-1000
10131.160603308615,0.10018258989072149,208.18884430903276,1019.1251720536796,9610.857160351714,False,3,10.131160603308615,14.5,27.0,typical_january,Innotec Power 145-DZS48-010,SZFC-1000
10141.156968212486,-0.02418148494580106,208.26020856966193,849.0385902812561,6670.55432841622,False,3,10.141156968212487,14.3,27.0,typical_january,Innotec Power 145-DZS48-010,SZFC-1000
10151.189350338786,-0.1610235252590037,208.37294578883694,685.9404864121735,4353.914932920934,False,3,10.151189350338786,14.0,27.0,typical_january,Innotec Power 145-DZS48-010,SZFC-1000
10161.216626509675,-0.27707966888441016,208.54986839828376,531.3481979227879,2612.5552845735106,False,3,10.161216626509674,13.6,27.0,typical_january,Innotec Power 145-DZS48-010,SZFC-1000
10171.205319421802,-0.33180166227945507,208.83175299815437,408.15175806744594,1541.5244179492688,False,3,10.171205319421803,13.1,27.0,typical_january,Innotec Power 145-DZS48-010,SZFC-1000
10181.200411648813,-0.3619901232560109,209.32387833105165,321.9949342936318,959.4119952181522,False,3,10.181200411648813,12.6,27.0,typical_january,Innotec Power 145-DZS48-010,SZFC-1000
10191.219356153724,-0.39992384988196594,210.1628444395775,232.48700345159804,500.15478157156775,False,3,10.191219356153724,11.9,27.0,typical_january,Innotec Power 145-DZS48-010,SZFC-1000
10201.382183881697,-0.4149548416618476,211.66720186085942,179.70119498482885,298.8195418745514,False,3,10.201382183881696,11.1,27.0,typical_january,Innotec Power 145-DZS48-010,SZFC-1000
10211.563318226148,-0.4190526508184934,214.4836815454875,127.41488290966088,150.22678889905478,False,3,10.211563318226148,10.4,27.0,typical_january,Innotec Power 145-DZS48-010,SZFC-1000
10221.707876187616,-0.4202778628135204,220.00740677931446,92.12743309657124,78.53893483228558,False,3,10.221707876187617,9.7,27.0,typical_january,Innotec Power 145-DZS48-010,SZFC-1000
10231.937551278354,-0.4164635499276331,230.6024848452505,67.93033801696252,42.70066283995391,False,3,10.231937551278353,9.2,27.0,typical_january,Innotec Power 145-DZS48-010,SZFC-1000
10242.317395304064,-0.40601728954844973,243.30720054491178,72.17307903912828,48.201164703700925,False,3,10.242317395304065,9.0,27.0,typical_january,Innotec Power 145-DZS48-010,SZFC-1000
10252.815013150599,-0.37278704304957705,253.19933468449415,82.38210216653397,62.80190316612256,False,3,10.252815013150599,9.2,27.0,typical_january,Innotec Power 145-DZS48-010,SZFC-1000
10263.322503158177,-0.2998741851929388,261.6285367607909,84.5659478214934,66.17563343086123,False,3,10.263322503158177,9.6,27.0,typical_january,Innotec Power 145-DZS48-010,SZFC-1000
10273.750231585076,-0.20852602172180104,272.76829695582006,69.07947798183052,44.15756932777795,False,3,10.273750231585076,9.9,27.0,typical_january,Innotec Power 145-DZS48-010,SZFC-1000
10284.243852295334,-0.11398131157650507,284.6291210889771,74.97250407340137,52.01290354643255,False,3,10.284243852295335,10.4,27.0,typical_january,Innotec Power 145-DZS48-010,SZFC-1000
10294.627203033697,-0.04633459481261562,295.17215332264766,78.36707756639363,56.829569799105634,False,3,10.294627203033697,11.1,27.0,typical_january,Innotec Power 145-DZS48-010,SZFC-1000
10305.063719233127,-0.010988049265492461,303.46930061107383,75.04728407783242,52.11671400267833,False,3,10.305063719233127,11.8,27.0,typical_january,Innotec Power 145-DZS48-010,SZFC-1000
10310.204495651442,0.008327985708957975,310.810986750965,79.07228460264099,57.85696379615986,False,3,10.310204495651442,12.0,27.0,typical_january,Innotec Power 145-DZS48-010,SZFC-1000
10320.459316310827,4.713505681616818e-15,319.08517848461753,83.89410388811898,65.12833031659721,False,3,10.320459316310828,12.1,26.1,typical_january,Innotec Power 145-DZS48-010,SZFC-1000
10330.47408089537,-0.03093319668801873,323.9318429163677,114.65731353711844,121.64957307533298,False,3,10.330474080895371,12.4,26.1,typical_january,Innotec Power 145-DZS48-010,SZFC-1000
10340.412388093926,-0.09745520462657933,326.6448642953369,150.9563452665979,210.8675785480439,False,3,10.340412388093926,12.7,26.1,typical_january,Innotec Power 145-DZS48-010,SZFC-1000
10350.588518055103,-0.18314986558087457,328.00426012313244,221.1776769243293,452.6782725232853,False,3,10.350588518055103,12.9,26.1,typical_january,Innotec Power 145-DZS48-010,SZFC-1000
10360.754500458235,-0.2523248813382995,328.734033080468,301.0763174940333,838.8035432454835,False,3,10.360754500458235,12.8,26.1,typical_january,Innotec Power 145-DZS48-010,SZFC-1000
10370.82375579281,-0.2929110016681018,329.1540399358644,383.9060183900807,1363.819533334934,False,3,10.37082375579281,12.8,26.1,typical_january,Innotec Power 145-DZS48-010,SZFC-1000
10380.856233181652,-0.3061589083040003,329.4118807994709,492.9930049027084,2248.995464321397,False,3,10.380856233181651,12.9,26.1,typical_january,Innotec Power 145-DZS48-010,SZFC-1000
10390.855346089435,-0.2965499661455656,329.6095165043838,538.9546657745304,2687.890283580993,False,3,10.390855346089435,13.0,26.1,typical_january,Innotec Power 145-DZS48-010,SZFC-1000
10400.901149514328,-0.25706917517594596,329.7383974905524,713.32133448663,4708.444895958827,False,3,10.400901149514327,12.9,26.1,typical_january,Innotec Power 145-DZS48-010,SZFC-1000
10410.904476488671,-0.16732973298152962,329.83877744522897,783.0478566161214,5673.926107952901,False,3,10.410904476488671,12.6,26.1,typical_january,Innotec Power 145-DZS48-010,SZFC-1000
10420.910313189399,-0.058498002719029496,329.9317382395067,779.2743582547582,5619.372705897948,False,3,10.420910313189399,12.2,26.1,typical_january,Innotec Power 145-DZS48-010,SZFC-1000
10430.906383076897,0.04235523187358992,330.03811231996133,694.499036265711,4463.241229086127,False,3,10.430906383076897,11.9,26.1,typical_january,Innotec Power 145-DZS48-010,SZFC-1000
10440.909839226899,0.18070351355149886,330.2111898520204,523.9542041340052,2540.3509826657364,False,3,10.440909839226899,11.5,26.1,typical_january,Innotec Power 145-DZS48-010,SZFC-1000
10450.947721818533,0.3196321271468662,330.5627188950981,327.1768082560721,990.5401601065726,False,3,10.450947721818533,11.2,26.1,typical_january,Innotec Power 145-DZS48-010,SZFC-1000
10460.963073443449,0.3839709313939872,331.0878430561459,341.2387496070929,1077.516053319278,False,3,10.460963073443448,11.1,26.1,typical_january,Innotec Power 145-DZS48-010,SZFC-1000
10470.875447690001,0.42414940841434967,331.4403593547757,437.46209113631903,1770.8750313820349,False,3,10.470875447690002,11.1,26.1,typical_january,Innotec Power 145-DZS48-010,SZFC-1000
10480.86485540104,0.4398554702414485,331.6939226988686,493.2675695876854,2251.501247068873,False,3,10.48086485540104,11.1,25.2,typical_january,Innotec Power 145-DZS48-010,SZFC-1000
10490.896254716143,0.3927143187658313,331.8819585032065,565.3791475215004,2957.9214632496232,False,3,10.490896254716143,11.0,24.3,typical_january,Innotec Power 145-DZS48-010,SZFC-1000
10500.868365870501,0.31277231636599473,331.9990135695993,712.3456867749542,4695.573720838275,False,3,10.5008683658705,10.9,23.400000000000002,typical_january,Innotec Power 145-DZS48-010,SZFC-1000
10510.880928575645,0.15323209745119848,332.0410008253354,1161.2953989771418,12479.364679875134,False,3,10.510880928575645,11.0,23.400000000000002,typical_january,Innotec Power 145-DZS48-010,SZFC-1000
10520.894041292713,0.002472215101474627,332.03406554769003,2140.835261333184,42410.51674043133,False,3,10.520894041292713,11.2,23.400000000000002,typical_january,Innotec Power 145-DZS48-010,SZFC-1000
10530.874782896746,-0.07428381522477866,332.0272004461894,3411.215630569183,107677.61097600512,False,3,10.530874782896746,11.8,23.400000000000002,typical_january,Innotec Power 145-DZS48-010,SZFC-1000
10540.874130200433,-0.16834379147163125,332.0250643539067,5415.138732756143,271347.7597130132,False,3,10.540874130200432,12.4,23.400000000000002,typical_january,Innotec Power 145-DZS48-010,SZFC-1000
10550.874247010632,-0.2687039382500861,332.02525441464604,7560.922618178044,529001.1936865469,False,3,10.550874247010631,12.8,23.400000000000002,typical_january,Innotec Power 145-DZS48-010,SZFC-1000
10560.87554596458,-0.33715694039404726,332.0280787871727,3223.549583975881,96155.86410824436,False,3,10.56087554596458,13.0,23.400000000000002,typical_january,Innotec Power 145-DZS48-010,SZFC-1000
10570.878740693368,-0.36635335158306803,332.03354160965006,2991.4079674215022,82805.34242429733,False,3,10.570878740693368,13.3,23.400000000000002,typical_january,Innotec Power 145-DZS48-010,SZFC-1000
10580.881240700577,-0.37627673381378646,332.0444601606432,2132.795568555552,42092.57794658238,False,3,10.580881240700577,13.7,23.400000000000002,typical_january,Innotec Power 145-DZS48-010,SZFC-1000
10590.868259591725,-0.3762067637826146,332.05307836067817,2655.4208766369184,65248.99036744607,False,3,10.590868259591725,13.9,23.400000000000002,typical_january,Innotec Power 145-DZS48-010,SZFC-1000
10600.87335364764,-0.3637528597158708,332.0600193653289,2987.9111916945544,82611.86665613219,False,3,10.60087335364764,13.8,23.400000000000002,typical_january,Innotec Power 145-DZS48-010,SZFC-1000
10610.881248649623,-0.3308173791853929,332.06608808042523,2969.0906327095936,81574.41631784455,False,3,10.610881248649623,13.4,23.400000000000002,typical_january,Innotec Power 145-DZS48-010,SZFC-1000
10620.885110664254,-0.3082277568757476,332.06973054798186,4134.071753149508,158147.77486281333,False,3,10.620885110664254,13.2,23.400000000000002,typical_january,Innotec Power 145-DZS48-010,SZFC-1000
10630.889457376446,-0.30118474029958475,332.0729031093016,4106.453787777245,156041.79770718163,False,3,10.630889457376446,13.0,23.400000000000002,typical_january,Innotec Power 145-DZS48-010,SZFC-1000
10640.88995471382,-0.2969586635728989,332.0750467120039,5059.138071905286,236842.76887775445,False,3,10.64088995471382,12.9,23.400000000000002,typical_january,Innotec Power 145-DZS48-010,SZFC-1000
10650.894516464748,-0.2715025282377267,332.07800884752544,4418.847339725176,180686.2320527594,False,3,10.65089451646475,12.8,23.400000000000002,typical_january,Innotec Power 145-DZS48-010,SZFC-1000
10660.895850152147,-0.21918968988119214,332.08164703439786,3901.55925053936,140858.63602963617,False,3,10.660895850152146,12.7,23.400000000000002,typical_january,Innotec Power 145-DZS48-010,SZFC-1000
10670.89868328151,-0.15131301643183748,332.0878292750082,2835.333332174856,74390.12908794484,False,3,10.67089868328151,12.7,23.400000000000002,typical_january,Innotec Power 145-DZS48-010,SZFC-1000
10680.899573079707,-0.06312956185561505,332.09793967190564,2113.903488573946,41350.17732529072,False,3,10.680899573079706,12.9,23.400000000000002,typical_january,Innotec Power 145-DZS48-010,SZFC-1000
10690.90243008801,-0.014142516345142624,332.1174741063774,1449.4042239213145,19439.545669841624,False,3,10.690902430088011,13.0,23.400000000000002,typical_january,Innotec Power 145-DZS48-010,SZFC-1000
10700.883032521044,0.01731559433099101,332.1441507578139,1524.0474027164903,21493.345290057943,False,3,10.700883032521043,13.2,23.400000000000002,typical_january,Innotec Power 145-DZS48-010,SZFC-1000
10710.903518237166,0.05511281259030104,332.1746064553386,1352.482746185508,16926.63121762186,False,3,10.710903518237167,12.8,23.400000000000002,typical_january,Innotec Power 145-DZS48-010,SZFC-1000
10720.909154270672,0.06326129043094479,332.20292412444365,1231.8585267325493,14041.99238956742,False,3,10.720909154270672,12.4,23.400000000000002,typical_january,Innotec Power 145-DZS48-010,SZFC-1000
10730.934856638083,0.07178034557253592,332.2367497108347,1251.8987947442174,14502.58795363564,False,3,10.730934856638083,12.1,22.5,typical_january,Innotec Power 145-DZS48-010,SZFC-1000
10740.915209413395,0.07581809484769182,332.25390532009783,1741.2964504693784,28057.727620146405,False,3,10.740915209413394,11.7,21.6,typical_january,Innotec Power 145-DZS48-010,SZFC-1000
10750.910865780856,0.06933486491208335,332.2647310513452,2421.16688193585,54244.600479026776,False,3,10.750910865780856,11.2,20.7,typical_january,Innotec Power 145-DZS48-010,SZFC-1000
10760.90611653352,0.04882054619776629,332.2704897735739,3446.5961182411024,109922.81824412048,False,3,10.760906116533521,10.6,19.8,typical_january,Innotec Power 145-DZS48-010,SZFC-1000
10770.907405297394,0.0012368347308506847,332.27355442522196,4076.1196851284553,153744.9715203583,False,3,10.770907405297393,10.1,18.900000000000002,typical_january,Innotec Power 145-DZS48-010,SZFC-1000
10780.905631844815,-0.09334332961026735,332.2725836675686,5231.608523858927,253266.3799084695,False,3,10.780905631844815,9.9,18.0,typical_january,Innotec Power 145-DZS48-010,SZFC-1000
10790.914469545329,-0.20682113397672797,332.2700117590658,3167.2914342547247,92828.88155180225,False,3,10.790914469545328,9.9,17.1,typical_january,Innotec Power 145-DZS48-010,SZFC-1000
10800.90960785925,-0.2743677913915149,332.25999714643757,2175.892266926188,43810.86649674594,False,3,10.80090960785925,9.9,17.1,typical_january,Innotec Power 145-DZS48-010,SZFC-1000
10810.912221703265,-0.3301930449097261,332.24167721105187,1591.490919276153,23437.72181745885,False,3,10.810912221703266,10.1,17.1,typical_january,Innotec Power 145-DZS48-010,SZFC-1000
10820.915353644386,-0.39578748951686205,332.20820601523474,1185.1421470927512,12997.14462973342,False,3,10.820915353644386,10.3,17.1,typical_january,Innotec Power 145-DZS48-010,SZFC-1000
10830.919050904804,-0.44695583776185754,332.1486486298554,896.3606932506042,7434.85791036135,False,3,10.830919050904804,10.4,17.1,typical_january,Innotec Power 145-DZS48-010,SZFC-1000
10840.918986576718,-0.45576429078340974,332.0414308929783,718.0135136412136,4770.592286221444,False,3,10.84091898657672,10.6,17.1,typical_january,Innotec Power 145-DZS48-010,SZFC-1000
10850.919124260034,-0.4444084469739858,331.8284690944603,443.5678993802633,1820.65342969414,False,3,10.850919124260034,10.8,17.1,typical_january,Innotec Power 145-DZS48-010,SZFC-1000
10860.90996077083,-0.43549496977646424,331.38776294267643,320.5230425035216,950.6607826824618,False,3,10.860909960770831,11.0,16.2,typical_january,Innotec Power 145-DZS48-010,SZFC-1000
10870.866236921604,-0.5431833754272587,330.6862170563399,253.64534173457747,595.3342204097403,True,3,10.870866236921604,11.2,0.0,typical_january,Innotec Power 145-DZS48-010,SZFC-1000
10880.801318731881,-0.8402276450468157,330.1888582409684,406.066680406635,1525.8146332279932,False,4,10.880801318731882,11.7,14.4,typical_january,Innotec Power 145-DZS48-010,SZFC-1000
10890.763218175578,-0.8494219084190342,330.0096875127655,602.590445696919,3360.0949378534524,False,4,10.890763218175579,11.9,19.8,typical_january,Innotec Power 145-DZS48-010,SZFC-1000
10900.777793414836,-0.8500896264958961,329.9076551996018,784.9399328660421,5701.379017303223,False,4,10.900777793414836,11.9,22.5,typical_january,Innotec Power 145-DZS48-010,SZFC-1000
10910.771359763155,-0.8222738783816816,329.8624657348057,1247.806370914295,14407.925783183897,False,4,10.910771359763155,11.8,23.400000000000002,typical_january,Innotec Power 145-DZS48-010,SZFC-1000
10920.794209670144,-0.7611054745954853,329.8424920695384,1650.7303918388366,25215.022487357823,False,4,10.920794209670145,11.8,25.2,typical_january,Innotec Power 145-DZS48-010,SZFC-1000
10930.810967659878,-0.6438021660851785,329.8462655759302,1778.4442530329045,29267.63148649472,False,4,10.930810967659879,11.6,26.1,typical_january,Innotec Power 145-DZS48-010,SZFC-1000
10940.837986335182,-0.5348736469776285,329.8633882130457,1621.4621378932395,24328.800075631952,False,4,10.940837986335183,11.3,26.1,typical_january,Innotec Power 145-DZS48-010,SZFC-1000
10950.799453130569,-0.4638220041204552,329.9060232640625,938.023084119349,8142.056613240304,False,4,10.950799453130568,10.9,26.1,typical_january,Innotec Power 145-DZS48-010,SZFC-1000
10960.776278688436,-0.3711231496087135,329.9523561064733,1201.0273101483272,13347.89652380456,False,4,10.960776278688435,10.5,26.1,typical_january,Innotec Power 145-DZS48-010,SZFC-1000
10970.790361981866,-0.2749326445586421,330.0045067255189,1000.6382558388262,9265.338074173347,False,4,10.970790361981866,10.0,26.1,typical_january,Innotec Power 145-DZS48-010,SZFC-1000
10980.848352517809,-0.1928573418901473,330.04964822728317,1211.198495020249,13574.933488823192,False,4,10.980848352517809,9.8,26.1,typical_january,Innotec Power 145-DZS48-010,SZFC-1000
10990.835283059276,-0.15220786548901857,330.09094705562694,1150.6137422577094,12250.848768877098,False,4,10.990835283059276,9.7,26.1,typical_january,Innotec Power 145-DZS48-010,SZFC-1000
11000.835767755043,-0.13740190255731688,330.11960017900526,1471.2413392529843,20029.72118700216,False,4,11.000835767755042,9.7,26.1,typical_january,Innotec Power 145-DZS48-010,SZFC-1000
11010.831962878663,-0.11379504292187806,330.14867140746526,1312.828761541369,15948.624418881078,False,4,11.010831962878664,9.8,26.1,typical_january,Innotec Power 145-DZS48-010,SZFC-1000
11020.842873764128,-0.0974920272819936,330.17951663350436,1364.7727298066911,17235.65282139895,False,4,11.020842873764128,10.0,26.1,typical_january,Innotec Power 145-DZS48-010,SZFC-1000
11030.850874357304,-0.12429357736080901,330.2181407661674,1194.7199941024694,13208.0690000737,False,4,11.030850874357304,10.1,26.1,typical_january,Innotec Power 145-DZS48-010,SZFC-1000
11040.873387971527,-0.1758498881505014,330.2649370818781,1104.9101094415914,11296.943579667915,False,4,11.040873387971528,10.3,26.1,typical_january,Innotec Power 145-DZS48-010,SZFC-1000
11050.866596367223,-0.2130237252083702,330.32851053325476,891.4568758573023,7353.731071117959,False,4,11.050866596367223,10.3,26.1,typical_january,Innotec Power 145-DZS48-010,SZFC-1000
11060.810578561908,-0.2464279217641344,330.4104282827408,783.1453715875947,5675.339373283672,False,4,11.060810578561908,10.3,26.1,typical_january,Innotec Power 145-DZS48-010,SZFC-1000
11070.826547936922,-0.2736099068934565,330.4567757209244,1108.4975255606814,11370.420378015198,False,4,11.070826547936923,10.1,26.1,typical_january,Innotec Power 145-DZS48-010,SZFC-1000
11080.847965101539,-0.2876493298518983,330.4859077820407,1490.0645624925862,20545.524741292087,False,4,11.080847965101539,9.8,26.1,typical_january,Innotec Power 145-DZS48-010,SZFC-1000
11090.847001000584,-0.29557580934197697,330.50873820779316,1653.6258683868682,25303.55728150606,False,4,11.090847001000585,9.4,26.1,typical_january,Innotec Power 145-DZS48-010,SZFC-1000
11100.844314342588,-0.28888244709525446,330.53076373834926,1615.0056532571073,24135.43658535796,False,4,11.100844314342588,9.0,26.1,typical_january,Innotec Power 145-DZS48-010,SZFC-1000
11110.848035485094,-0.257191174981386,330.55299496020734,1566.8151243197565,22716.560489877145,False,4,11.110848035485095,8.6,26.1,typical_january,Innotec Power 145-DZS48-010,SZFC-1000
11120.848914059636,-0.2247381660453464,330.58332912425834,1327.6019802178494,16309.582668730156,False,4,11.120848914059636,8.3,26.1,typical_january,Innotec Power 145-DZS48-010,SZFC-1000
11130.843972688002,-0.203779360756025,330.6361470398761,901.3063114175228,7517.12703865326,False,4,11.130843972688002,7.9,26.1,typical_january,Innotec Power 145-DZS48-010,SZFC-1000
11140.860160289632,-0.20812015900465858,330.74366263975645,632.0945709445657,3697.185028778404,False,4,11.140860160289632,7.4,26.1,typical_january,Innotec Power 145-DZS48-010,SZFC-1000
11150.908678536362,-0.23866861849973894,330.99649325208384,424.1874747745521,1665.032621955973,False,4,11.15090867853636,7.2,26.1,typical_january,Innotec Power 145-DZS48-010,SZFC-1000
11160.791016164552,-0.2572993909075828,331.32639212238155,410.4946518115704,1559.2726876549727,False,4,11.160791016164552,7.4,26.1,typical_january,Innotec Power 145-DZS48-010,SZFC-1000
11170.830711027007,-0.29305439961296387,331.42600531624953,938.543453960232,8151.092757412649,False,4,11.170830711027007,7.6,26.1,typical_january,Innotec Power 145-DZS48-010,SZFC-1000
11180.90503633375,-0.30056671926399836,331.3101408857833,626.8763578647635,3636.393288474025,False,4,11.18090503633375,7.7,26.1,typical_january,Innotec Power 145-DZS48-010,SZFC-1000
11190.828299020784,-0.27983964529930566,331.17565627477586,648.6609047759073,3893.5209187405535,False,4,11.190828299020785,8.4,26.1,typical_january,Innotec Power 145-DZS48-010,SZFC-1000
11200.829982681485,-0.16621597304359526,331.1060506515429,951.0182953318484,8369.216623248167,False,4,11.200829982681485,9.1,26.1,typical_january,Innotec Power 145-DZS48-010,SZFC-1000
11210.83093551105,0.004231730198259443,331.06589049824265,1240.72204523123,14244.790392204664,False,4,11.21083093551105,9.6,26.1,typical_january,Innotec Power 145-DZS48-010,SZFC-1000
11220.826481114565,0.19130522737234418,331.0386997903856,1469.318473214994,19977.39897310742,False,4,11.220826481114566,10.1,26.1,typical_january,Innotec Power 145-DZS48-010,SZFC-1000
11230.850514355474,0.4369467834256095,331.03609411081476,2700.770161203255,67496.66561959228,False,4,11.230850514355474,10.5,26.1,typical_january,Innotec Power 145-DZS48-010,SZFC-1000
11240.87215734956,0.5448645122971729,331.0685542272456,1232.9003622871032,14065.754263168596,False,4,11.24087215734956,10.8,26.1,typical_january,Innotec Power 145-DZS48-010,SZFC-1000
11250.833525367021,0.5786648988229701,331.1001522324663,1456.857205756416,19639.97986030506,False,4,11.250833525367021,11.0,26.1,typical_january,Innotec Power 145-DZS48-010,SZFC-1000
11260.820922227544,0.595660881891124,331.12962959551646,1385.22548405077,17756.117518839157,False,4,11.260820922227543,11.1,26.1,typical_january,Innotec Power 145-DZS48-010,SZFC-1000
11270.821228794446,0.5399139185913188,331.16878954155186,1126.7107759243968,11747.135040942729,False,4,11.270821228794446,11.2,26.1,typical_january,Innotec Power 145-DZS48-010,SZFC-1000
11280.844790510846,0.44589538491537906,331.22613464132553,980.2801345422556,8892.164100648182,False,4,11.280844790510846,11.3,26.1,typical_january,Innotec Power 145-DZS48-010,SZFC-1000
11290.825935652208,0.35976826513572735,331.30393490302777,772.066275172743,5515.898043760216,False,4,11.290825935652208,11.3,26.1,typical_january,Innotec Power 145-DZS48-010,SZFC-1000
11300.780649196704,0.2923626843532102,331.420652894024,690.9800666602255,4418.126062968456,False,4,11.300780649196703,10.8,26.1,typical_january,Innotec Power 145-DZS48-010,SZFC-1000
11310.801417354072,0.2005222699322129,331.549506331384,686.9855731988748,4367.1921351668125,False,4,11.310801417354073,10.4,26.1,typical_january,Innotec Power 145-DZS48-010,SZFC-1000
11320.796189693452,0.13629595399332511,331.69325648369295,612.0067842618474,3465.928013358824,False,4,11.320796189693452,10.3,26.1,typical_january,Innotec Power 145-DZS48-010,SZFC-1000
11330.81755640808,0.13841972243978967,331.8907716311582,538.6687656068807,2685.039340797969,False,4,11.33081755640808,10.3,26.1,typical_january,Innotec Power 145-DZS48-010,SZFC-1000
11340.816349238241,0.1650871400428215,332.15317415839627,441.3536176852657,1802.5214722785915,False,4,11.34081634923824,10.3,26.1,typical_january,Innotec Power 145-DZS48-010,SZFC-1000
11350.76243937836,0.19417843905692592,332.4863976970193,419.1997014209198,1626.106533128981,False,4,11.35076243937836,10.2,26.1,typical_january,Innotec Power 145-DZS48-010,SZFC-1000
11360.793774383917,0.26069863948827937,332.89187823908946,364.2630093368825,1227.8270802765412,False,4,11.360793774383918,10.1,26.1,typical_january,Innotec Power 145-DZS48-010,SZFC-1000
11370.80059286142,0.36568415984255154,333.4798508249351,285.40837152802345,753.7728324945781,False,4,11.37080059286142,10.4,26.1,typical_january,Innotec Power 145-DZS48-010,SZFC-1000
11380.876840096196,0.4710295843716426,334.3995770153336,238.07685669255736,524.4950879770145,False,4,11.380876840096196,10.7,26.1,typical_january,Innotec Power 145-DZS48-010,SZFC-1000
11390.936965197396,0.5917269132061924,335.94628802454264,170.17303973200924,267.9714822331636,False,4,11.390936965197396,10.9,26.1,typical_january,Innotec Power 145-DZS48-010,SZFC-1000
11401.033193497744,0.6730450595431269,338.8805769160491,127.07513606237234,149.42670919280454,False,4,11.401033193497744,10.9,25.2,typical_january,Innotec Power 145-DZS48-010,SZFC-1000
11410.919656630917,0.7112869396617927,344.4006750341082,88.04190247621645,71.72753440673827,False,4,11.410919656630917,10.7,24.3,typical_january,Innotec Power 145-DZS48-010,SZFC-1000
11420.471263459742,0.7161710000743421,354.5842995827068,67.47683464810434,42.13242617473106,False,4,11.420471263459742,10.4,23.400000000000002,typical_january,Innotec Power 145-DZS48-010,SZFC-1000
11430.111178452635,0.6656725231696003,7.840157162558815,72.83030482180331,49.08302501001958,False,4,11.430111178452634,10.1,22.5,typical_january,Innotec Power 145-DZS48-010,SZFC-1000
11444.464739815225,0.5691158263081484,17.79945285975964,87.64009236046488,71.07432085579917,False,4,11.444464739815224,9.7,21.6,typical_january,Innotec Power 145-DZS48-010,SZFC-1000
11453.954324705817,0.467250689300694,25.480505747536938,83.831550583101,65.03124426898862,False,4,11.453954324705817,9.6,20.7,typical_january,Innotec Power 145-DZS48-010,SZFC-1000
11463.392085056365,0.3606070210980845,34.12066568761651,77.40162765299331,55.43796145771676,False,4,11.463392085056364,10.1,19.8,typical_january,Innotec Power 145-DZS48-010,SZFC-1000
11472.359064180297,0.25357378326130525,44.16024065519662,72.30823008565426,48.381856379784494,False,4,11.472359064180297,10.9,19.8,typical_january,Innotec Power 145-DZS48-010,SZFC-1000
11481.082343945323,0.11581529909886236,55.72539259093376,72.10391436079179,48.10882499284145,False,4,11.481082343945323,11.8,19.8,typical_january,Innotec Power 145-DZS48-010,SZFC-1000
11493.28061502487,0.015056741217947586,64.3935404663714,82.14254107124852,62.43718758852612,False,4,11.49328061502487,12.8,19.8,typical_january,Innotec Power 145-DZS48-010,SZFC-1000
11500.604039699143,-0.020648479290589213,73.67839458394396,77.23039027250765,55.192939466825415,False,4,11.500604039699143,12.8,19.8,typical_january,Innotec Power 145-DZS48-010,SZFC-1000
11512.165981838496,-0.0172989015984191,84.27809984933265,72.34547712315666,48.43171363548288,False,4,11.512165981838496,13.0,19.8,typical_january,Innotec Power 145-DZS48-010,SZFC-1000
11520.397160620148,0.04445979497975857,96.96295547686721,68.07977411575473,42.88873901562685,False,4,11.52039716062015,12.7,19.8,typical_january,Innotec Power 145-DZS48-010,SZFC-1000
11533.213823260929,0.1149283385925686,106.49904698525313,87.13755353495876,70.2615603886498,False,4,11.533213823260928,12.0,19.8,typical_january,Innotec Power 145-DZS48-010,SZFC-1000
11541.863852515695,0.15702991649312942,112.92113886140268,88.53589504777905,72.5347017433575,False,4,11.541863852515695,11.5,19.8,typical_january,Innotec Power 145-DZS48-010,SZFC-1000
11550.599318822811,0.1619461878670199,117.53111093184914,118.51680525534996,129.97712832797876,False,4,11.550599318822812,11.0,19.8,typical_january,Innotec Power 145-DZS48-010,SZFC-1000
11564.460299384076,0.1351925210734513,119.93766819611824,184.2833373810728,314.2528339494912,False,4,11.564460299384077,10.3,19.8,typical_january,Innotec Power 145-DZS48-010,SZFC-1000
11573.949093712157,0.09957164570085279,121.18244392106746,219.80418846956903,447.0735668771086,False,4,11.573949093712157,10.1,19.8,typical_january,Innotec Power 145-DZS48-010,SZFC-1000
11583.52052395912,0.05314394634200049,122.3262837694873,227.45993179029645,478.7589154913427,False,4,11.58352052395912,10.0,19.8,typical_january,Innotec Power 145-DZS48-010,SZFC-1000
11593.342955218084,-0.003321192943933177,123.6928568043501,195.6088567701021,354.0658943946079,False,4,11.593342955218084,9.9,19.8,typical_january,Innotec Power 145-DZS48-010,SZFC-1000
11603.219165154645,-0.06806022063018954,125.50042682366737,175.18301281417848,283.9821530896457,False,4,11.603219165154645,9.9,19.8,typical_january,Innotec Power 145-DZS48-010,SZFC-1000
11613.088759203332,-0.11089513073233984,126.82772221963523,215.78634751876385,430.87866796187024,False,4,11.613088759203333,10.1,19.8,typical_january,Innotec Power 145-DZS48-010,SZFC-1000
11622.998164895256,-0.1081000101222189,127.77256510877208,259.1610111133015,621.5075327488513,False,4,11.622998164895256,10.3,19.8,typical_january,Innotec Power 145-DZS48-010,SZFC-1000
11632.796001746208,-0.07580181161041087,128.7519588632646,210.02885854623747,408.19248938098593,False,4,11.632796001746208,10.5,19.8,typical_january,Innotec Power 145-DZS48-010,SZFC-1000
11642.440758768891,-0.008672291924616469,129.93705395134606,205.82330757165704,392.0091204539938,False,4,11.642440758768892,10.9,19.8,typical_january,Innotec Power 145-DZS48-010,SZFC-1000
11652.701744456246,0.0948776486141349,130.0865898995453,494.4871612391452,2262.648571129866,False,4,11.652701744456246,11.3,19.8,typical_january,Innotec Power 145-DZS48-010,SZFC-1000
11663.007103425003,0.19413614952036812,129.67530701388233,332.3359612112065,1022.0255211599972,False,4,11.663007103425002,11.5,19.8,typical_january,Innotec Power 145-DZS48-010,SZFC-1000
11672.963138179992,0.23659541177370802,129.46443188499853,559.0351942453551,2891.913943030709,False,4,11.672963138179991,11.5,19.8,typical_january,Innotec Power 145-DZS48-010,SZFC-1000
11682.996420543464,0.22190478611943093,129.271527619595,569.8552944004764,3004.9430145555466,False,4,11.682996420543464,11.6,19.8,typical_january,Innotec Power 145-DZS48-010,SZFC-1000
11693.070269717553,0.12708162623634003,129.09241046578313,589.0195115984279,3210.4538245884823,False,4,11.693070269717554,11.6,19.8,typical_january,Innotec Power 145-DZS48-010,SZFC-1000
11703.109251400136,0.008447038959407448,128.9023127899033,558.538879588214,2886.781306808828,False,4,11.703109251400136,11.7,19.8,typical_january,Innotec Power 145-DZS48-010,SZFC-1000
11713.08612491056,-0.10090594159356826,128.70883915286456,531.6152862426353,2615.1824069710024,False,4,11.71308612491056,11.6,19.8,typical_january,Innotec Power 145-DZS48-010,SZFC-1000
11723.14204920994,-0.19058099277542512,128.55619480257985,656.6937937952503,3990.551217589526,False,4,11.72314204920994,11.1,19.8,typical_january,Innotec Power 145-DZS48-010,SZFC-1000
11733.217784964989,-0.20448122153288462,128.44803956102731,581.8599605692402,3132.881814327319,False,4,11.733217784964989,10.9,19.8,typical_january,Innotec Power 145-DZS48-010,SZFC-1000
11743.306454996342,-0.18682008646379197,128.01659476730933,271.45389641386487,681.8662973240782,False,4,11.743306454996342,11.0,19.8,typical_january,Innotec Power 145-DZS48-010,SZFC-1000
11753.667483057336,-0.12977796383098927,126.50772510649637,149.76362662401957,207.54857784080116,False,4,11.753667483057336,11.0,19.8,typical_january,Innotec Power 145-DZS48-010,SZFC-1000
11763.488522526175,-0.05402770132579696,123.72901862592477,140.32274532121238,182.2062252374068,False,4,11.763488522526176,11.0,19.8,typical_january,Innotec Power 145-DZS48-010,SZFC-1000
11772.938042661533,0.011358633257361778,122.03350253518667,198.51127667396003,364.6510179126489,False,4,11.772938042661533,11.2,19.8,typical_january,Innotec Power 145-DZS48-010,SZFC-1000
11782.927820913903,0.14649771631214392,121.11633396433339,262.3260533736801,636.7807355607198,False,4,11.782927820913903,11.5,18.900000000000002,typical_january,Innotec Power 145-DZS48-010,SZFC-1000
11793.020853818125,0.30581739561457766,120.51900632961409,324.1486981247437,972.2895739453228,False,4,11.793020853818126,11.3,18.0,typical_january,Innotec Power 145-DZS48-010,SZFC-1000
11803.067506825257,0.40581154036750255,120.07536284564074,378.14534183471017,1323.1972061700433,False,4,11.803067506825256,11.2,17.1,typical_january,Innotec Power 145-DZS48-010,SZFC-1000
11813.174529233946,0.4772738032865095,119.63200283111007,358.0343345397505,1186.195898444094,False,4,11.813174529233946,11.0,16.2,typical_january,Innotec Power 145-DZS48-010,SZFC-1000
11823.31243639546,0.5299820299199766,119.056516050487,299.45888667197266,829.8153737906329,True,4,11.82331243639546,10.8,0.0,typical_january,Innotec Power 145-DZS48-010,SZFC-1000
11833.58427656467,0.5748708165063472,118.13678995089836,252.10531960708727,588.1269554930723,False,4,11.83358427656467,10.7,14.4,typical_january,Innotec Power 145-DZS48-010,SZFC-1000
11843.855342497818,0.592007892450914,116.50442138615395,162.2270599651179,243.5306682535157,False,4,11.843855342497818,10.5,18.900000000000002,typical_january,Innotec Power 145-DZS48-010,SZFC-1000
11853.875041033163,0.5872783466231256,113.96846482765929,152.23990172418985,214.4687671143056,False,4,11.853875041033163,10.3,21.6,typical_january,Innotec Power 145-DZS48-010,SZFC-1000
11863.95832343014,0.5599640166691615,111.30355913275122,151.16838893131415,211.46039281653768,False,4,11.863958323430142,10.2,23.400000000000002,typical_january,Innotec Power 145-DZS48-010,SZFC-1000
11873.822684291836,0.5159146345646585,108.75006885805286,153.5901414639894,218.2899524047708,False,4,11.873822684291836,10.0,24.3,typical_january,Innotec Power 145-DZS48-010,SZFC-1000
11884.020155657381,0.45050515111688383,105.97945851278297,123.03619023336162,140.07892983331766,False,4,11.884020155657382,10.1,25.2,typical_january,Innotec Power 145-DZS48-010,SZFC-1000
11893.868631199197,0.38082226769969996,103.10240595900765,138.5788989310579,177.70566719878457,False,4,11.893868631199197,10.4,25.2,typical_january,Innotec Power 145-DZS48-010,SZFC-1000
11904.465492727417,0.3441725840641845,103.07841973876862,239.12435831727208,529.1206372479353,False,4,11.904465492727416,10.6,25.2,typical_january,Innotec Power 145-DZS48-010,SZFC-1000
11914.807208297063,0.34180739208118527,104.60841775285624,183.20999154727423,310.6028059154463,False,4,11.914807208297063,10.8,25.2,typical_january,Innotec Power 145-DZS48-010,SZFC-1000
11924.593461769218,0.35610125542777415,106.67617100458699,147.38273916313534,201.00196954951625,False,4,11.924593461769218,10.9,25.2,typical_january,Innotec Power 145-DZS48-010,SZFC-1000
11934.341083593123,0.37302338012182096,110.59513244945859,105.57745214670184,103.14529437849563,False,4,11.934341083593123,11.0,25.2,typical_january,Innotec Power 145-DZS48-010,SZFC-1000
11943.879900514103,0.3926438027407104,117.96462491200771,79.29566252557042,58.18431549632888,False,4,11.943879900514103,11.2,25.2,typical_january,Innotec Power 145-DZS48-010,SZFC-1000
11953.388036444825,0.42094467467780294,127.96607788758752,72.92801845219422,49.21481899151768,False,4,11.953388036444824,11.2,25.2,typical_january,Innotec Power 145-DZS48-010,SZFC-1000
11963.22748473888,0.45981209363603615,133.83021215337556,103.78309385349074,99.6690438021248,False,4,11.96322748473888,11.2,26.1,typical_january,Innotec Power 145-DZS48-010,SZFC-1000
11973.329970526973,0.5161704259326139,136.7306189553665,150.33075644920737,209.12345766542248,False,4,11.973329970526972,11.2,27.0,typical_january,Innotec Power 145-DZS48-010,SZFC-1000
11983.439292058074,0.5575883634126337,138.24477347907828,205.5053298666508,390.79882143072194,False,4,11.983439292058074,11.6,27.900000000000002,typical_january,Innotec Power 145-DZS48-010,SZFC-1000
11993.488984774891,0.5460258248599067,139.01753452182683,285.8192028233993,755.944432068816,False,4,11.99348898477489,11.8,28.8,typical_january,Innotec Power 145-DZS48-010,SZFC-1000
12003.52208260356,0.49123820182611966,139.29572011589622,463.4340172335308,1987.389007049042,False,4,12.00352208260356,12.0,28.8,typical_january,Innotec Power 145-DZS48-010,SZFC-1000
12013.591635376386,0.4249889887275143,139.10837166043927,394.9222831582587,1443.212705668151,False,4,12.013591635376386,12.0,28.8,typical_january,Innotec Power 145-DZS48-010,SZFC-1000
12023.560957915644,0.3880452417812779,138.49961983884282,273.3234865138449,691.2911058114703,False,4,12.023560957915645,12.1,28.8,typical_january,Innotec Power 145-DZS48-010,SZFC-1000
12033.390815212082,0.358443723897812,137.36033847354952,199.6558701739596,368.86821369751686,False,4,12.033390815212082,12.4,28.8,typical_january,Innotec Power 145-DZS48-010,SZFC-1000
12043.175064441972,0.3317993710743592,135.30483532100118,151.28610021725902,211.78983954898465,False,4,12.043175064441972,12.6,28.8,typical_january,Innotec Power 145-DZS48-010,SZFC-1000
12053.015498109746,0.3086159958674498,132.1795150765291,131.52600177517084,160.07750327169603,False,4,12.053015498109746,12.8,28.8,typical_january,Innotec Power 145-DZS48-010,SZFC-1000
12062.896922857008,0.28086120363584555,129.91287199652123,166.1870579155823,255.56505169236843,False,4,12.062896922857007,12.7,28.8,typical_january,Innotec Power 145-DZS48-010,SZFC-1000
12072.819222641943,0.24591797168755322,128.20993866743225,192.27035215601157,342.0831706397282,False,4,12.072819222641943,12.7,28.8,typical_january,Innotec Power 145-DZS48-010,SZFC-1000
12082.760505552817,0.21012566139567862,126.51590790516815,188.4930807912129,328.7743220144503,False,4,12.082760505552816,12.8,28.8,typical_january,Innotec Power 145-DZS48-010,SZFC-1000
12092.70941701561,0.18342302635465924,124.805591466019,190.0073624434152,334.078036272172,False,4,12.09270941701561,13.0,28.8,typical_january,Innotec Power 145-DZS48-010,SZFC-1000
12102.66584523533,0.17556201998842527,123.14800174571388,193.0947571611901,345.0229861480232,False,4,12.102665845235329,13.0,28.8,typical_january,Innotec Power 145-DZS48-010,SZFC-1000
12112.62944696489,0.1710294538096359,121.54391800738065,196.37888877532097,356.8590062737944,False,4,12.11262944696489,13.0,28.8,typical_january,Innotec Power 145-DZS48-010,SZFC-1000
12122.599857836478,0.16210323672286292,119.99358552956431,199.8474770306168,369.5765484242632,False,4,12.122599857836478,13.0,28.8,typical_january,Innotec Power 145-DZS48-010,SZFC-1000
12132.576700108859,0.14658256836901806,118.51623285442986,204.07650608102725,385.3834727491136,False,4,12.132576700108858,12.9,28.8,typical_january,Innotec Power 145-DZS48-010,SZFC-1000
12142.559173611075,0.11786720386417196,117.03360987933928,195.85453581088444,354.95584587275346,False,4,12.142559173611074,12.9,28.8,typical_january,Innotec Power 145-DZS48-010,SZFC-1000
12152.54605638958,0.08918435284523046,115.29186231505165,179.72668450341934,298.904319346002,False,4,12.15254605638958,12.9,28.8,typical_january,Innotec Power 145-DZS48-010,SZFC-1000
12162.53776586754,0.07208875512891749,114.04635475225771,225.68266547711704,471.3065445429048,False,4,12.16253776586754,13.0,28.8,typical_january,Innotec Power 145-DZS48-010,SZFC-1000
12172.534102564774,0.06826887067933296,113.08355419285067,256.768139263981,610.0835754155307,False,4,12.172534102564773,13.2,28.8,typical_january,Innotec Power 145-DZS48-010,SZFC-1000
12182.534749654302,0.07246009165499981,112.06660065556468,232.54537864344124,500.4059809623724,False,4,12.182534749654302,13.3,28.8,typical_january,Innotec Power 145-DZS48-010,SZFC-1000
12192.529568490547,0.0749618719445618,110.63068635976845,186.47653881781687,321.7773455408828,False,4,12.192529568490547,13.4,28.8,typical_january,Innotec Power 145-DZS48-010,SZFC-1000
12202.493421047431,0.08267287616747851,108.58697352522859,163.90898828774775,248.6065717173227,False,4,12.202493421047432,13.6,28.8,typical_january,Innotec Power 145-DZS48-010,SZFC-1000
12212.451564231316,0.0863576089323113,107.15465359456388,210.24031157366383,409.01482387023066,False,4,12.212451564231316,13.7,28.8,typical_january,Innotec Power 145-DZS48-010,SZFC-1000
12222.441430990255,0.09410792911411922,106.18310500115666,251.65228964569343,586.0151417595164,False,4,12.222441430990255,13.8,28.8,typical_january,Innotec Power 145-DZS48-010,SZFC-1000
12232.448545852954,0.10563957940830158,105.54927875713364,316.8543121902376,929.0226647769914,False,4,12.232448545852954,13.9,28.8,typical_january,Innotec Power 145-DZS48-010,SZFC-1000
12242.458878568972,0.10027494340834447,105.08480447373171,370.0945462554832,1267.454670401129,False,4,12.242458878568971,13.9,28.8,typical_january,Innotec Power 145-DZS48-010,SZFC-1000
12252.472601001558,0.09154432392619083,104.62825557053756,353.3491026415178,1155.3539429402465,False,4,12.252472601001559,13.8,28.8,typical_january,Innotec Power 145-DZS48-010,SZFC-1000
12262.492184647916,0.06909498022895472,104.01451835218464,285.8558480762795,756.1382857388511,False,4,12.262492184647916,13.5,28.8,typical_january,Innotec Power 145-DZS48-010,SZFC-1000
12272.577888218651,0.04000046717152626,103.08197620258818,232.19927750898563,498.9175644035413,False,4,12.27257788821865,13.2,28.8,typical_january,Innotec Power 145-DZS48-010,SZFC-1000
12282.621791155303,0.020020248465891108,101.47672526285987,169.45687597032935,265.72074215489715,False,4,12.282621791155304,13.1,28.8,typical_january,Innotec Power 145-DZS48-010,SZFC-1000
12292.423894064783,0.012384677305497409,98.68268756949234,127.82552961517584,151.19668417988436,False,4,12.292423894064783,13.1,28.8,typical_january,Innotec Power 145-DZS48-010,SZFC-1000
12301.802008529385,0.007351485234098568,93.4116032249247,97.1320542192238,87.30361210166575,False,4,12.301802008529386,13.0,28.8,typical_january,Innotec Power 145-DZS48-010,SZFC-1000
12312.433648396167,-0.0018526173692977165,91.7575436356563,273.98163114417974,694.6242792841157,False,4,12.312433648396167,12.7,28.8,typical_january,Innotec Power 145-DZS48-010,SZFC-1000
12323.0263017587,-0.05236834790634524,93.38676377197993,157.87517728011966,230.6400735361596,False,4,12.3230263017587,12.3,28.8,typical_january,Innotec Power 145-DZS48-010,SZFC-1000
12332.636793864645,-0.09726326432540755,95.50132752862405,157.14876262303625,228.5225159840843,False,4,12.332636793864646,11.9,28.8,typical_january,Innotec Power 145-DZS48-010,SZFC-1000
12342.665072890217,-0.1926041479125013,96.34112081438957,268.4784687119967,667.0002391289491,False,4,12.342665072890217,11.6,28.8,typical_january,Innotec Power 145-DZS48-010,SZFC-1000
12352.955178741779,-0.3532835723067209,96.41092709888875,511.4170574110767,2420.2347008836414,False,4,12.352955178741778,11.2,28.8,typical_january,Innotec Power 145-DZS48-010,SZFC-1000
12363.3379175449,-0.4643759723380668,95.11676152493305,187.4148634654498,325.0237727402824,False,4,12.3633379175449,11.0,28.8,typical_january,Innotec Power 145-DZS48-010,SZFC-1000
12373.037424891554,-0.5249753202032877,94.02303811590411,254.41716063402643,598.9628247623511,False,4,12.373037424891555,11.0,28.8,typical_january,Innotec Power 145-DZS48-010,SZFC-1000
12382.95675520109,-0.5781405495785021,93.33547052528252,298.7266555499974,825.7622379318045,False,4,12.382956755201091,11.0,28.8,typical_january,Innotec Power 145-DZS48-010,SZFC-1000
12392.991586800184,-0.642673568076576,92.79226947729484,331.7521418545236,1018.4378613506284,False,4,12.392991586800184,11.0,28.8,typical_january,Innotec Power 145-DZS48-010,SZFC-1000
12403.141789066063,-0.6999180475746407,92.30676722924917,362.43733768194215,1215.550282398748,False,4,12.403141789066064,11.0,28.8,typical_january,Innotec Power 145-DZS48-010,SZFC-1000
12413.155037979493,-0.7473855665613333,91.85444895461904,349.9085470169421,1132.9641481124995,False,4,12.413155037979493,11.0,28.8,typical_january,Innotec Power 145-DZS48-010,SZFC-1000
12423.180485450106,-0.7629181010187897,91.23661306833466,286.06638889158404,757.2525298525193,False,4,12.423180485450105,11.1,29.7,typical_january,Innotec Power 145-DZS48-010,SZFC-1000
12433.155025938362,-0.7602232369932336,90.3508118533174,250.0890163163369,578.7570602714561,False,4,12.433155025938362,11.3,29.7,typical_january,Innotec Power 145-DZS48-010,SZFC-1000
12443.045359257709,-0.7552110490709101,89.66456337425751,301.6925979577804,842.2409926448836,False,4,12.44304535925771,11.5,29.7,typical_january,Innotec Power 145-DZS48-010,SZFC-1000
12453.064046566897,-0.7424119482831237,89.10717046122156,324.820511623541,976.3239825695006,False,4,12.453064046566897,11.6,29.7,typical_january,Innotec Power 145-DZS48-010,SZFC-1000
12463.240536750294,-0.7418396214026788,88.55424343912082,337.0816165540441,1051.4223423948229,False,4,12.463240536750295,11.5,29.7,typical_january,Innotec Power 145-DZS48-010,SZFC-1000
12473.313466248885,-0.7485783143963618,87.99785993614995,330.8493009473617,1012.9021852503108,False,4,12.473313466248884,11.6,29.7,typical_january,Innotec Power 145-DZS48-010,SZFC-1000
12483.225534172729,-0.7541346799924207,87.51689118515617,363.19541590901576,1220.6405189645657,False,4,12.483225534172728,11.9,29.7,typical_january,Innotec Power 145-DZS48-010,SZFC-1000
12493.120815848819,-0.7484835493451674,86.93183537097968,296.97647743659235,816.1146399477401,False,4,12.493120815848819,12.3,29.7,typical_january,Innotec Power 145-DZS48-010,SZFC-1000
12503.282302688525,-0.6852644893117547,86.54816301809367,396.1474107649025,1452.180861345007,False,4,12.503282302688525,12.5,29.7,typical_january,Innotec Power 145-DZS48-010,SZFC-1000
12513.220251582781,-0.6175605473081582,86.11577115742114,360.424370196504,1202.08550912829,False,4,12.513220251582782,12.4,29.7,typical_january,Innotec Power 145-DZS48-010,SZFC-1000
12523.183861270427,-0.54193072459663,85.58665690198993,307.46978518319764,874.8064052195203,False,4,12.523183861270427,12.4,29.7,typical_january,Innotec Power 145-DZS48-010,SZFC-1000
12533.344954414228,-0.45449398965985477,85.22579186754777,397.58918142397465,1462.7704636587002,False,4,12.533344954414227,12.4,29.7,typical_january,Innotec Power 145-DZS48-010,SZFC-1000
12543.396363334608,-0.3746740623404964,84.84081330176983,402.94647492256513,1502.4560851209417,False,4,12.543396363334608,12.5,29.7,typical_january,Innotec Power 145-DZS48-010,SZFC-1000
12553.400570495429,-0.3033414567810492,84.50177258965044,424.5240283718585,1667.6757694032528,False,4,12.553400570495429,12.7,29.7,typical_january,Innotec Power 145-DZS48-010,SZFC-1000
12563.358580035725,-0.25724885137398135,84.30596164085117,601.3786560797171,3346.594444668811,False,4,12.563358580035725,12.8,29.7,typical_january,Innotec Power 145-DZS48-010,SZFC-1000
12573.339611729876,-0.18814316329150127,84.19945526900213,736.1472630077797,5014.601991523081,False,4,12.573339611729876,12.8,29.7,typical_january,Innotec Power 145-DZS48-010,SZFC-1000
12583.356069784288,-0.11100054796447154,84.18712569567427,1514.590056308608,21227.422689311443,False,4,12.583356069784287,12.8,29.7,typical_january,Innotec Power 145-DZS48-010,SZFC-1000
12593.342163482212,-0.07726129379335,84.24845256726536,850.5255307345478,6693.939372693413,False,4,12.593342163482212,12.3,29.7,typical_january,Innotec Power 145-DZS48-010,SZFC-1000
12603.28242284744,-0.07303261885928405,84.3743755047424,581.6422678607298,3130.538027184007,False,4,12.60328242284744,11.7,29.7,typical_january,Innotec Power 145-DZS48-010,SZFC-1000
12613.194211403252,-0.08195445068034006,84.57342737427956,547.8979599147477,2777.834913453126,False,4,12.613194211403252,11.0,29.7,typical_january,Innotec Power 145-DZS48-010,SZFC-1000
12623.139200204841,-0.11078247796026622,84.73152849491203,653.786793913468,3955.299306056647,False,4,12.623139200204841,10.6,29.7,typical_january,Innotec Power 145-DZS48-010,SZFC-1000
12633.080460458032,-0.15933880869956615,84.88767840071225,599.1858295060536,3322.2333475546784,False,4,12.633080460458032,10.2,29.7,typical_january,Innotec Power 145-DZS48-010,SZFC-1000
12643.009768761161,-0.21726663981046326,85.09797475487267,488.93787096154034,2212.1492235962205,False,4,12.64300976876116,9.8,29.7,typical_january,Innotec Power 145-DZS48-010,SZFC-1000
12652.945504283423,-0.2670684588157082,85.43406636976167,384.30564010708986,1366.6603096646752,False,4,12.652945504283423,9.5,29.7,typical_january,Innotec Power 145-DZS48-010,SZFC-1000
12662.904331556225,-0.35133443823096555,85.99395555085036,286.2114540832253,758.0207350001721,False,4,12.662904331556225,9.3,29.7,typical_january,Innotec Power 145-DZS48-010,SZFC-1000
12673.058654899492,-0.5151711240807186,87.10011478323767,209.15115210845855,404.7879613555852,False,4,12.673058654899492,9.3,29.7,typical_january,Innotec Power 145-DZS48-010,SZFC-1000
12683.192785621733,-0.6355637648693144,89.42387133963516,132.90748032073137,163.45789985399418,False,4,12.683192785621733,9.4,29.7,typical_january,Innotec Power 145-DZS48-010,SZFC-1000
12692.793780484557,-0.700423573473842,93.57941182344513,104.98199039902346,101.98508691408227,False,4,12.692793780484557,9.5,29.7,typical_january,Innotec Power 145-DZS48-010,SZFC-1000
12701.889718616052,-0.7735347686593843,99.44238042354883,94.0388688960902,81.83175378724488,False,4,12.701889718616052,9.7,29.7,typical_january,Innotec Power 145-DZS48-010,SZFC-1000
12711.06052555277,-0.8369509484417834,104.64377726399653,105.68037065934192,103.34648761005124,False,4,12.711060525552769,9.9,29.7,typical_january,Innotec Power 145-DZS48-010,SZFC-1000
12720.493387992386,-0.8638898927383649,110.72826814350681,93.20063753019306,80.37941324558803,False,4,12.720493387992386,10.1,29.7,typical_january,Innotec Power 145-DZS48-010,SZFC-1000
12733.849827338146,-0.8049775645279127,118.79152914910986,81.99903948517947,62.21922478889034,False,4,12.733849827338146,10.0,29.7,typical_january,Innotec Power 145-DZS48-010,SZFC-1000
12741.953410771395,-0.7011436401704778,125.22045856356183,88.53420891980458,72.53193898538098,False,4,12.741953410771396,10.0,29.7,typical_january,Innotec Power 145-DZS48-010,SZFC-1000
12750.71196342862,-0.5384477731598064,129.70357914300808,115.83919809210931,124.17042003053427,False,4,12.75071196342862,10.0,29.7,typical_january,Innotec Power 145-DZS48-010,SZFC-1000
12760.200929606128,-0.30696858874381827,135.34708288699858,111.48335741193011,115.00775981702598,False,4,12.760200929606128,10.2,29.7,typical_january,Innotec Power 145-DZS48-010,SZFC-1000
12773.888993198,-0.1327038206930716,140.44602039000102,119.13567185103489,131.33809174790764,False,4,12.773888993198,10.6,29.7,typical_january,Innotec Power 145-DZS48-010,SZFC-1000
12783.223315597967,-0.03448278639775815,143.9983411562374,121.2652489032032,136.0754535110067,False,4,12.783223315597967,10.9,29.7,typical_january,Innotec Power 145-DZS48-010,SZFC-1000
12793.479927732482,0.07990452172399862,145.916667411143,181.442763125774,304.63960761657154,False,4,12.793479927732482,11.1,29.7,typical_january,Innotec Power 145-DZS48-010,SZFC-1000
12803.544381179336,0.16600940829183508,147.87285153706677,169.12799007172072,264.69030891310405,False,4,12.803544381179336,11.2,29.7,typical_january,Innotec Power 145-DZS48-010,SZFC-1000
12813.413385971433,0.2534896820350532,149.91923670348626,169.68702755561785,266.44302125886594,False,4,12.813413385971433,11.5,29.7,typical_january,Innotec Power 145-DZS48-010,SZFC-1000
12823.357063821275,0.3894643518566229,151.11901956890023,241.8701786335801,541.3419912269203,False,4,12.823357063821275,11.4,29.7,typical_january,Innotec Power 145-DZS48-010,SZFC-1000
12833.384695774963,0.5412622384156112,151.65671504968762,358.48423715197055,1189.178896921226,False,4,12.833384695774964,11.3,29.7,typical_january,Innotec Power 145-DZS48-010,SZFC-1000
12843.142230191912,0.6959712811066927,152.0716892431363,364.9938294004131,1232.7587960314409,False,4,12.843142230191912,11.1,29.7,typical_january,Innotec Power 145-DZS48-010,SZFC-1000
12852.861433819326,0.8187358168925061,152.60479296443003,305.90842684903413,865.9442776705372,False,4,12.852861433819326,10.9,29.7,typical_january,Innotec Power 145-DZS48-010,SZFC-1000
12862.555969595987,0.8848712130754598,153.43472353464352,246.9402313473577,564.2749445148318,False,4,12.862555969595988,10.6,29.7,typical_january,Innotec Power 145-DZS48-010,SZFC-1000
12872.42639080079,0.9372080542681549,155.18600576104672,157.50153408008387,229.54965363678065,False,4,12.87242639080079,10.4,29.7,typical_january,Innotec Power 145-DZS48-010,SZFC-1000
12882.746869630975,0.9633489320203112,159.57904206494106,89.81409140743162,74.64419296464416,False,4,12.882746869630974,10.2,29.7,typical_january,Innotec Power 145-DZS48-010,SZFC-1000
12892.757256687863,0.9536120304996216,167.54826782195084,81.16525263487915,60.96033639961517,False,4,12.892757256687862,9.9,28.8,typical_january,Innotec Power 145-DZS48-010,SZFC-1000
12901.946636933553,0.9260777734112295,174.4359030985674,91.73701682318604,77.87468302631552,False,4,12.901946636933554,9.5,27.900000000000002,typical_january,Innotec Power 145-DZS48-010,SZFC-1000
12911.500384747134,0.8714897214432575,181.2603443916287,90.71539377431635,76.14984883103286,False,4,12.911500384747134,9.0,27.900000000000002,typical_january,Innotec Power 145-DZS48-010,SZFC-1000
12921.25202172579,0.8149411480248838,189.5270634446278,81.71241869712213,61.78502078094724,False,4,12.92125202172579,8.7,27.900000000000002,typical_january,Innotec Power 145-DZS48-010,SZFC-1000
12930.920291141014,0.771002479655388,195.73251042598696,100.21068851669392,92.9255536843995,False,4,12.930920291141014,8.3,27.900000000000002,typical_january,Innotec Power 145-DZS48-010,SZFC-1000
12940.762938731037,0.748963622728219,200.23535165550322,116.41637180792384,125.41087141639562,False,4,12.940762938731037,7.9,27.900000000000002,typical_january,Innotec Power 145-DZS48-010,SZFC-1000
12950.704093445927,0.7471809885438019,204.17496509137706,122.34580162842607,138.51130055016066,False,4,12.950704093445927,7.7,27.900000000000002,typical_january,Innotec Power 145-DZS48-010,SZFC-1000
12960.56868101479,0.7726753858982951,206.98025984370685,146.51857771773487,198.6517767912405,False,4,12.960568681014792,7.7,27.900000000000002,typical_january,Innotec Power 145-DZS48-010,SZFC-1000
12970.787083522026,0.8243727216052337,208.6045224734056,202.4710144824319,379.3436190445735,False,4,12.970787083522026,7.8,27.900000000000002,typical_january,Innotec Power 145-DZS48-010,SZFC-1000
12980.937327397221,0.8653598867238426,209.65411368663234,245.682495492081,558.5415615579119,False,4,12.980937327397221,8.1,27.900000000000002,typical_january,Innotec Power 145-DZS48-010,SZFC-1000
12991.01535387215,0.8623553162180038,210.52286294032257,265.12727865786115,650.452958874046,False,4,12.99101535387215,8.8,27.900000000000002,typical_january,Innotec Power 145-DZS48-010,SZFC-1000
13000.855203435876,0.8272883157342044,211.29903205783856,274.947238367718,699.5291057140381,False,4,13.000855203435876,9.7,27.900000000000002,typical_january,Innotec Power 145-DZS48-010,SZFC-1000
13010.940697649656,0.7700671462696129,211.89796488190376,323.9119153684916,970.8696248852086,False,4,13.010940697649655,10.7,27.900000000000002,typical_january,Innotec Power 145-DZS48-010,SZFC-1000
13020.852676243914,0.7004967966055523,212.4969659592774,317.99478545477933,935.7224777714772,False,4,13.020852676243914,11.5,27.900000000000002,typical_january,Innotec Power 145-DZS48-010,SZFC-1000
13030.908089628598,0.6360350637380557,213.2060623282818,280.07037740624327,725.8408703314642,False,4,13.030908089628598,12.2,27.900000000000002,typical_january,Innotec Power 145-DZS48-010,SZFC-1000
13040.774795559179,0.5636429068100637,213.96255098950087,286.33747277195675,758.6883938757143,False,4,13.040774795559178,12.7,27.900000000000002,typical_january,Innotec Power 145-DZS48-010,SZFC-1000
13050.835664031089,0.46838892300417,214.85975806657024,241.53207557883576,539.8295976255871,False,4,13.050835664031089,13.2,27.900000000000002,typical_january,Innotec Power 145-DZS48-010,SZFC-1000
13061.02452265407,0.37776202721113394,216.18266498462265,196.4672105558819,357.1800744983409,False,4,13.06102452265407,13.6,27.900000000000002,typical_january,Innotec Power 145-DZS48-010,SZFC-1000
13071.270489059618,0.3177441829075155,218.27539046359476,150.88358193956282,210.6643445777763,False,4,13.071270489059618,14.0,27.900000000000002,typical_january,Innotec Power 145-DZS48-010,SZFC-1000
13081.475004042122,0.2952022518116528,222.1227555889179,111.20752910098224,114.43936730288158,False,4,13.081475004042122,14.5,27.900000000000002,typical_january,Innotec Power 145-DZS48-010,SZFC-1000
13091.467662749801,0.2987096638923842,228.27250556164256,96.06633250160674,85.39835154342514,False,4,13.091467662749801,15.0,27.900000000000002,typical_january,Innotec Power 145-DZS48-010,SZFC-1000
13101.432236880455,0.3315389177167196,234.25926295351005,101.995970892303,96.2660380033224,False,4,13.101432236880456,15.2,27.900000000000002,typical_january,Innotec Power 145-DZS48-010,SZFC-1000
13111.518574905467,0.4080335348231128,240.9682733141238,90.96825213762985,76.57495775744403,False,4,13.111518574905467,15.2,27.900000000000002,typical_january,Innotec Power 145-DZS48-010,SZFC-1000
13121.730938008073,0.48046939145929696,249.1348083354323,86.93831873895239,69.94063000528266,False,4,13.121730938008072,15.1,27.900000000000002,typical_january,Innotec Power 145-DZS48-010,SZFC-1000
13131.948584086778,0.5428194265709596,256.1177843092913,96.13820682444668,85.52618498216368,False,4,13.131948584086778,14.8,27.900000000000002,typical_january,Innotec Power 145-DZS48-010,SZFC-1000
13142.259104758296,0.5982665121139186,261.4837416546783,108.2058788340543,108.34497624667188,False,4,13.142259104758296,14.5,27.900000000000002,typical_january,Innotec Power 145-DZS48-010,SZFC-1000
13152.454019448991,0.6366554862366214,267.65038919585754,95.07069340108542,83.63737393707741,False,4,13.15245401944899,14.1,27.900000000000002,typical_january,Innotec Power 145-DZS48-010,SZFC-1000
13162.64329220007,0.6602752398084829,273.18340067439885,107.54043812203427,107.01648155439077,False,4,13.16264329220007,13.8,27.900000000000002,typical_january,Innotec Power 145-DZS48-010,SZFC-1000
13172.786145235204,0.6673140746818039,276.25833173640575,148.1089825748076,202.9877653571884,False,4,13.172786145235204,13.5,27.900000000000002,typical_january,Innotec Power 145-DZS48-010,SZFC-1000
13182.963866669857,0.6659356987143394,278.10443671176904,181.2098523023013,303.85800221845653,False,4,13.182963866669857,13.2,27.900000000000002,typical_january,Innotec Power 145-DZS48-010,SZFC-1000
13193.238745511786,0.6652958605215269,279.1506793737808,250.74824031107488,581.8122395512981,False,4,13.193238745511787,13.3,27.900000000000002,typical_january,Innotec Power 145-DZS48-010,SZFC-1000
13203.47980131811,0.6616445031268969,279.87456992940906,300.92010294212093,837.9333364674704,False,4,13.20347980131811,13.5,27.900000000000002,typical_january,Innotec Power 145-DZS48-010,SZFC-1000
13213.70373059376,0.6517378978931496,280.5125603035975,308.129696491676,878.5655658311509,False,4,13.213703730593759,13.7,27.900000000000002,typical_january,Innotec Power 145-DZS48-010,SZFC-1000
13223.73846214849,0.6236113755960278,281.33412936214046,247.22166751394715,565.5618783796327,False,4,13.223738462148491,14.0,27.900000000000002,typical_january,Innotec Power 145-DZS48-010,SZFC-1000
13233.472595449082,0.585962121191552,282.1008899980569,261.6454355844244,633.4807045757848,False,4,13.233472595449083,14.3,27.900000000000002,typical_january,Innotec Power 145-DZS48-010,SZFC-1000
13243.537536869397,0.5080147771129232,282.1326549213287,426.7113925849324,1684.9054749182567,False,4,13.243537536869397,14.6,27.900000000000002,typical_january,Innotec Power 145-DZS48-010,SZFC-1000
13253.506099571807,0.41351753696431165,281.77675713338647,378.8445078366915,1328.0947397615794,False,4,13.253506099571807,14.5,27.900000000000002,typical_january,Innotec Power 145-DZS48-010,SZFC-1000
13263.286093934004,0.34178378166900214,281.57525507362055,546.3985726029151,2762.651971911703,False,4,13.263286093934004,14.4,27.900000000000002,typical_january,Innotec Power 145-DZS48-010,SZFC-1000
13273.159752201436,0.2733600368388468,281.4437428653082,690.05108908562,4406.254284827206,False,4,13.273159752201437,14.2,27.900000000000002,typical_january,Innotec Power 145-DZS48-010,SZFC-1000
13283.059621066684,0.20256912218945666,281.3485672883917,814.0441600829201,6132.011991131302,False,4,13.283059621066684,14.2,27.900000000000002,typical_january,Innotec Power 145-DZS48-010,SZFC-1000
13293.003852825625,0.12691791300654393,281.25780891728425,797.3920581138291,5883.704828404611,False,4,13.293003852825624,14.1,27.900000000000002,typical_january,Innotec Power 145-DZS48-010,SZFC-1000
13302.98180326756,0.06318256127307581,281.1398490227406,661.0894258215177,4044.152152822879,False,4,13.30298180326756,13.9,27.900000000000002,typical_january,Innotec Power 145-DZS48-010,SZFC-1000
13312.9784972862,-0.06723529236303152,280.9574376068671,519.7778780741048,2500.0151992359088,False,4,13.312978497286199,13.5,27.900000000000002,typical_january,Innotec Power 145-DZS48-010,SZFC-1000
13323.001896284397,-0.19424274577722045,280.62814640542604,358.91669080924595,1192.0497341783266,False,4,13.323001896284397,13.2,27.900000000000002,typical_january,Innotec Power 145-DZS48-010,SZFC-1000
13332.936258666692,-0.2394940010085209,280.0998627204664,328.06361059756705,995.917092498134,False,4,13.332936258666692,12.9,27.900000000000002,typical_january,Innotec Power 145-DZS48-010,SZFC-1000
13342.922067434705,-0.31231335266185567,279.6422500815456,383.45946516831776,1360.6486332841444,False,4,13.342922067434705,12.6,27.900000000000002,typical_january,Innotec Power 145-DZS48-010,SZFC-1000
13353.011331238657,-0.36953127004384945,279.12919300226986,340.3763894906646,1072.0768542272367,False,4,13.353011331238656,12.4,27.900000000000002,typical_january,Innotec Power 145-DZS48-010,SZFC-1000
13363.25657670395,-0.378116244790591,278.5610510075013,325.2307361925031,978.7915914754846,False,4,13.36325657670395,12.5,27.900000000000002,typical_january,Innotec Power 145-DZS48-010,SZFC-1000
13373.283277921157,-0.359753824336163,277.8784058251987,273.3612590515457,691.4821879901708,False,4,13.373283277921157,12.7,27.900000000000002,typical_january,Innotec Power 145-DZS48-010,SZFC-1000
13383.15325489246,-0.3333346092921954,276.7721845272731,213.93393648301543,423.51269230779593,False,4,13.383153254892461,13.0,27.900000000000002,typical_january,Innotec Power 145-DZS48-010,SZFC-1000
13392.650200402571,-0.28986722312078134,275.1851471441312,169.70072608719522,266.4860419366036,False,4,13.39265020040257,13.0,27.900000000000002,typical_january,Innotec Power 145-DZS48-010,SZFC-1000
13401.934187753654,-0.23335579807134896,272.50486125203497,127.04586644600036,149.35788127115782,False,4,13.401934187753653,12.8,27.900000000000002,typical_january,Innotec Power 145-DZS48-010,SZFC-1000
13410.698739762125,-0.15235156442097667,266.5274712098731,90.98536075990792,76.60376374620506,False,4,13.410698739762125,12.7,27.900000000000002,typical_january,Innotec Power 145-DZS48-010,SZFC-1000
13422.91779957818,-0.08220412253068866,258.66681878046074,88.49440762601697,72.46673896517169,False,4,13.42291779957818,12.1,27.900000000000002,typical_january,Innotec Power 145-DZS48-010,SZFC-1000
13431.423438046728,-0.030304362750543205,250.78643582587964,74.70772106106455,51.64616073347327,False,4,13.431423438046728,11.7,27.900000000000002,typical_january,Innotec Power 145-DZS48-010,SZFC-1000
13440.236611927361,0.020130436533645057,234.871876261486,60.51130307435801,33.8828611423585,False,4,13.44023661192736,11.4,27.900000000000002,typical_january,Innotec Power 145-DZS48-010,SZFC-1000
13453.922623300958,0.04506023530715926,221.74309205675928,77.75254402902777,55.94178001292811,False,4,13.453922623300958,11.1,27.0,typical_january,Innotec Power 145-DZS48-010,SZFC-1000
13463.272057759474,0.04904746965247416,216.12892090761017,101.15241612848388,94.68029163242832,False,4,13.463272057759474,11.0,27.0,typical_january,Innotec Power 145-DZS48-010,SZFC-1000
13472.600725522621,0.042555401735686504,212.90035082479446,137.11306240586737,173.96613990358642,False,4,13.472600725522621,11.2,27.0,typical_january,Innotec Power 145-DZS48-010,SZFC-1000
13482.173390746439,0.028451270321694887,211.0566877871641,179.62523441314994,298.5669703115463,False,4,13.48217339074644,11.4,27.0,typical_january,Innotec Power 145-DZS48-010,SZFC-1000
13491.947074508185,0.016875024810775414,210.04706061469733,248.98370918356,573.6525524434444,False,4,13.491947074508186,11.7,27.0,typical_january,Innotec Power 145-DZS48-010,SZFC-1000
13501.73383526654,0.0033557413763422943,209.42966306627932,314.9632129846439,917.966282512344,False,4,13.501733835266538,12.1,27.0,typical_january,Innotec Power 145-DZS48-010,SZFC-1000
13511.554269725817,-0.020076767598919878,208.99091515045768,368.0938120443679,1253.7879705818914,False,4,13.511554269725817,12.6,27.0,typical_january,Innotec Power 145-DZS48-010,SZFC-1000
13521.499476326862,-0.059024105766571265,208.70068322486478,458.6313063606645,1946.4105881583944,False,4,13.521499476326863,13.1,27.0,typical_january,Innotec Power 145-DZS48-010,SZFC-1000
13531.388995694933,-0.10438164211731757,208.4783786368605,526.4106250826085,2564.226348181374,False,4,13.531388995694932,13.6,27.0,typical_january,Innotec Power 145-DZS48-010,SZFC-1000
13541.231560458344,-0.1607453792725236,208.26177521673378,529.067072469674,2590.1715674395887,False,4,13.541231560458344,13.6,27.0,typical_january,Innotec Power 145-DZS48-010,SZFC-1000
13551.116773395957,-0.2053528787535488,208.10375207525516,628.8087988825326,3658.847306818785,False,4,13.551116773395957,13.5,27.0,typical_january,Innotec Power 145-DZS48-010,SZFC-1000
13561.123649454983,-0.2675741583057158,208.0062947384243,754.2212614702629,5263.863360769978,False,4,13.561123649454982,13.3,27.0,typical_january,Innotec Power 145-DZS48-010,SZFC-1000
13571.126747449509,-0.369987359430018,207.93234695574546,957.83139984581,8489.56045890977,False,4,13.571126747449508,13.2,27.0,typical_january,Innotec Power 145-DZS48-010,SZFC-1000
13581.139617971034,-0.4655440250436098,207.8774237328825,1007.6218558053876,9395.117659427944,False,4,13.581139617971033,13.3,27.0,typical_january,Innotec Power 145-DZS48-010,SZFC-1000
13591.170142233364,-0.5643405049901877,207.84256045158546,1347.4695904580692,16801.38219127508,False,4,13.591170142233365,13.3,27.0,typical_january,Innotec Power 145-DZS48-010,SZFC-1000
13601.205213673225,-0.6530625366954053,207.819426162764,1610.1585842287682,23990.780034578474,False,4,13.601205213673225,13.2,27.0,typical_january,Innotec Power 145-DZS48-010,SZFC-1000
13611.221351208767,-0.7032785294447496,207.7953081119635,1581.949747398565,23157.54050353951,False,4,13.611221351208767,13.2,27.0,typical_january,Innotec Power 145-DZS48-010,SZFC-1000
13621.255764282281,-0.689505919778368,207.7729434371279,1658.1853086083202,25443.28551191289,False,4,13.621255764282282,13.1,27.0,typical_january,Innotec Power 145-DZS48-010,SZFC-1000
13631.251843165031,-0.6400351300254773,207.7502667746655,1512.0384798608147,21155.960754145424,False,4,13.631251843165032,13.1,27.0,typical_january,Innotec Power 145-DZS48-010,SZFC-1000
13641.255492320253,-0.5376277406076218,207.7352309342151,1906.2750498119767,33626.23104726602,False,4,13.641255492320253,13.0,27.0,typical_january,Innotec Power 145-DZS48-010,SZFC-1000
13651.282223274195,-0.36864493605700616,207.73797653510888,2838.4747407628643,74555.06154655233,False,4,13.651282223274194,13.0,27.0,typical_january,Innotec Power 145-DZS48-010,SZFC-1000
13661.292157817417,-0.1878964577081259,207.75067094021574,1907.929745911776,33684.63326196068,False,4,13.661292157817417,13.0,27.0,typical_january,Innotec Power 145-DZS48-010,SZFC-1000
13671.298503211801,-0.019784779450923697,207.77384848852822,1387.7780484350735,17821.616447045995,False,4,13.671298503211801,13.0,27.0,typical_january,Innotec Power 145-DZS48-010,SZFC-1000
13681.315608435156,0.11304612379811754,207.8076011832776,1323.520853253756,16209.463549243452,False,4,13.681315608435156,13.1,27.0,typical_january,Innotec Power 145-DZS48-010,SZFC-1000
13691.318401364053,0.21474706691061174,207.8435722568948,1240.4172950864204,14237.793549013608,False,4,13.691318401364052,13.3,27.0,typical_january,Innotec Power 145-DZS48-010,SZFC-1000
13701.322337459931,0.28666846533193335,207.8860516835117,1136.993376205319,11962.527099261146,False,4,13.701322337459931,13.8,27.0,typical_january,Innotec Power 145-DZS48-010,SZFC-1000
13711.353567249555,0.31690411495956833,207.9413316134844,983.9464921984452,8958.80387039318,False,4,13.711353567249555,14.3,27.0,typical_january,Innotec Power 145-DZS48-010,SZFC-1000
13721.369960568038,0.29569332097053236,208.00538380315533,927.0561827572548,7952.783773953228,False,4,13.721369960568037,14.5,27.0,typical_january,Innotec Power 145-DZS48-010,SZFC-1000
13731.350768192708,0.2599473677357714,208.06098018542536,1106.8203171562566,11336.038456803784,False,4,13.731350768192709,14.6,27.0,typical_january,Innotec Power 145-DZS48-010,SZFC-1000
13741.368022001283,0.19810449554556325,208.11385428618027,1041.614817452557,10039.714524557026,False,4,13.741368022001282,14.6,27.0,typical_january,Innotec Power 145-DZS48-010,SZFC-1000
13751.353518065298,0.1368110741046731,208.16139058564204,1106.96300050837,11338.961367049593,False,4,13.751353518065297,14.6,27.0,typical_january,Innotec Power 145-DZS48-010,SZFC-1000
13761.35408155668,0.04946639380094113,208.22121443783846,938.7535593954038,8154.742626955916,False,4,13.761354081556679,14.4,27.0,typical_january,Innotec Power 145-DZS48-010,SZFC-1000
13771.353877086993,-0.10170162143471317,208.3108717255106,728.6906465801877,4913.528227438358,False,4,13.771353877086993,14.2,27.0,typical_january,Innotec Power 145-DZS48-010,SZFC-1000
13781.394270421086,-0.22330474743859446,208.4505515841704,587.8583221385619,3197.808163638223,False,4,13.781394270421085,13.8,27.0,typical_january,Innotec Power 145-DZS48-010,SZFC-1000
13791.406709564979,-0.3081530816499132,208.6718118627582,478.5822277195916,2119.435474904143,False,4,13.79140670956498,13.4,27.0,typical_january,Innotec Power 145-DZS48-010,SZFC-1000
13801.400613140839,-0.3495353382476024,209.04954117696894,350.49985907470284,1136.7965862219737,False,4,13.801400613140839,12.9,27.0,typical_january,Innotec Power 145-DZS48-010,SZFC-1000
13811.365294795985,-0.38193690675008307,209.67281126931613,279.99688809821225,725.4600050254286,False,4,13.811365294795985,12.2,27.0,typical_january,Innotec Power 145-DZS48-010,SZFC-1000
13821.512566578476,-0.40867635022879556,210.81674081421215,207.48750719315169,398.3739862880215,False,4,13.821512566578477,11.5,27.0,typical_january,Innotec Power 145-DZS48-010,SZFC-1000
13831.653133193893,-0.4186475327277668,212.83616088520637,151.88246594116134,213.46287024607733,False,4,13.831653133193893,10.8,27.0,typical_january,Innotec Power 145-DZS48-010,SZFC-1000
13841.842078151458,-0.41903275378629384,216.79611844727992,107.85693903851376,107.64732623882152,False,4,13.841842078151458,10.0,27.0,typical_january,Innotec Power 145-DZS48-010,SZFC-1000
13851.980569538917,-0.41985559076596324,224.49308756590966,78.11374333874033,56.46274215903362,False,4,13.851980569538917,9.4,27.0,typical_january,Innotec Power 145-DZS48-010,SZFC-1000
13862.311175685509,-0.41163824100743274,237.20174844259054,67.93033801696252,42.70066283995391,False,4,13.862311175685509,9.1,27.0,typical_january,Innotec Power 145-DZS48-010,SZFC-1000
13872.751380141706,-0.39466340496223273,248.70577819564323,73.81061822729168,50.41325640228061,False,4,13.872751380141706,9.0,27.0,typical_january,Innotec Power 145-DZS48-010,SZFC-1000
13883.246577876333,-0.3401186660708668,257.32351974738583,88.45380943201182,72.4002637164464,False,4,13.883246577876333,9.4,27.0,typical_january,Innotec Power 145-DZS48-010,SZFC-1000
13893.75322507921,-0.25569699173156946,266.6208291347489,77.24254845776753,55.21031860478509,False,4,13.89375322507921,9.7,27.0,typical_january,Innotec Power 145-DZS48-010,SZFC-1000
13904.183758603947,-0.1599270052047787,279.0827786637237,69.07947798183052,44.15756932777795,False,4,13.904183758603947,10.1,27.0,typical_january,Innotec Power 145-DZS48-010,SZFC-1000
13914.61509773718,-0.07610317712710692,289.93085677889593,77.98291075762758,56.27376184388002,False,4,13.91461509773718,10.8,27.0,typical_january,Innotec Power 145-DZS48-010,SZFC-1000
13925.05894501015,-0.032806947092350436,297.7686926871099,79.034390808231,57.80152352234381,False,4,13.92505894501015,11.5,27.0,typical_january,Innotec Power 145-DZS48-010,SZFC-1000
13930.256317446503,-0.002732001636704713,306.0282739539116,75.04728407783242,52.11671400267833,False,4,13.930256317446503,11.8,27.0,typical_january,Innotec Power 145-DZS48-010,SZFC-1000
13940.570932381906,0.0055659627129186545,315.2536679497259,83.89410388811898,65.12833031659721,False,4,13.940570932381906,12.1,26.1,typical_january,Innotec Power 145-DZS48-010,SZFC-1000
13950.657856045893,-0.00843590320138709,321.8711613926222,98.0160771926884,88.89998745447315,False,4,13.950657856045893,12.2,26.1,typical_january,Innotec Power 145-DZS48-010,SZFC-1000
13960.63586354048,-0.05689690334547835,325.50056852549295,131.56582273587776,160.17444843612157,False,4,13.96063586354048,12.5,26.1,typical_january,Innotec Power 145-DZS48-010,SZFC-1000
13970.687741741383,-0.14560934234901837,327.4288147415631,184.27936036394732,314.2392703204158,False,4,13.970687741741383,12.9,26.1,typical_january,Innotec Power 145-DZS48-010,SZFC-1000
13980.859669998943,-0.21959473578244415,328.43125503060764,248.4392513204656,571.1464595346575,False,4,13.980859669998942,12.8,26.1,typical_january,Innotec Power 145-DZS48-010,SZFC-1000
13990.996181280334,-0.276825910821184,328.96933547441347,345.6647117674046,1105.6486918966064,False,4,13.990996181280334,12.8,26.1,typical_january,Innotec Power 145-DZS48-010,SZFC-1000
14001.03733207295,-0.30174484058530854,329.2971946391657,441.34828651953393,1802.4779267754789,False,4,14.00103733207295,12.8,26.1,typical_january,Innotec Power 145-DZS48-010,SZFC-1000
14011.055263849117,-0.30491123467274706,329.51614920728264,538.9546657745304,2687.890283580993,False,4,14.011055263849117,13.0,26.1,typical_january,Innotec Power 145-DZS48-010,SZFC-1000
14021.068423777491,-0.28106455987644663,329.6800881780115,621.5310798109467,3574.643750235608,False,4,14.021068423777491,13.0,26.1,typical_january,Innotec Power 145-DZS48-010,SZFC-1000
14031.095338543044,-0.22321868921202437,329.79147962174693,744.1985980342445,5124.892504759409,False,4,14.031095338543045,12.8,26.1,typical_january,Innotec Power 145-DZS48-010,SZFC-1000
14041.1022089799,-0.10145634706040066,329.88360207855436,824.0836588525679,6284.195250683792,False,4,14.0411022089799,12.5,26.1,typical_january,Innotec Power 145-DZS48-010,SZFC-1000
14051.097494745783,-0.009905470196090676,329.981622871868,779.2743582547582,5619.372705897948,False,4,14.051097494745784,12.1,26.1,typical_january,Innotec Power 145-DZS48-010,SZFC-1000
14061.091055481751,0.09143890770453363,330.1124389349856,604.6604445718344,3383.219563405951,False,4,14.061091055481752,11.7,26.1,typical_january,Innotec Power 145-DZS48-010,SZFC-1000
14071.111566098609,0.26631258210312037,330.3429693669083,454.3783072799815,1910.4788931475568,False,4,14.071111566098608,11.4,26.1,typical_january,Innotec Power 145-DZS48-010,SZFC-1000
14081.188225439557,0.364208850335882,330.838154065666,327.1768082560721,990.5401601065726,False,4,14.081188225439558,11.0,26.1,typical_january,Innotec Power 145-DZS48-010,SZFC-1000
14091.073338432427,0.39893491122138613,331.28700898628404,359.0533693994027,1192.95779280794,False,4,14.091073338432427,11.1,26.1,typical_january,Innotec Power 145-DZS48-010,SZFC-1000
14101.055368375826,0.44050094747485213,331.5767903944677,460.02222910863946,1958.234517507308,False,4,14.101055368375826,11.1,25.2,typical_january,Innotec Power 145-DZS48-010,SZFC-1000
14111.079525646355,0.41565506353077153,331.7957302340901,537.6681092423221,2675.0728964358177,False,4,14.111079525646355,11.1,24.3,typical_january,Innotec Power 145-DZS48-010,SZFC-1000
14121.07481759806,0.35906808914575117,331.9503154750134,636.6185239111034,3750.296528992321,False,4,14.12107481759806,11.0,23.400000000000002,typical_january,Innotec Power 145-DZS48-010,SZFC-1000
14131.065408619388,0.24857735723920632,332.028797381931,918.6009598800714,7808.378467318675,False,4,14.131065408619389,10.9,23.400000000000002,typical_january,Innotec Power 145-DZS48-010,SZFC-1000
14141.086879659226,0.06929888976738048,332.03957789999356,2670.387003953778,65986.55824948933,False,4,14.141086879659225,11.1,23.400000000000002,typical_january,Innotec Power 145-DZS48-010,SZFC-1000
14151.068463753605,-0.04456121805761284,332.02938724325656,2140.835261333184,42410.51674043133,False,4,14.151068463753605,11.4,23.400000000000002,typical_january,Innotec Power 145-DZS48-010,SZFC-1000
14161.06695801977,-0.11639194795455182,332.025813315411,4214.230657524634,164340.1464686386,False,4,14.16106695801977,12.1,23.400000000000002,typical_january,Innotec Power 145-DZS48-010,SZFC-1000
14171.066681213102,-0.21532853354593318,332.02490909680137,8179.901293148483,619160.4276242455,False,4,14.171066681213102,12.6,23.400000000000002,typical_january,Innotec Power 145-DZS48-010,SZFC-1000
14181.067041374763,-0.3125296768629583,332.0260588652356,5414.08078782632,271241.7447211438,False,4,14.181067041374764,12.9,23.400000000000002,typical_january,Innotec Power 145-DZS48-010,SZFC-1000
14191.07105218917,-0.3552306871922074,332.03069050799445,3223.549583975881,96155.86410824436,False,4,14.191071052189171,13.1,23.400000000000002,typical_january,Innotec Power 145-DZS48-010,SZFC-1000
14201.072674506164,-0.3737921065592978,332.03866402408124,2132.795568555552,42092.57794658238,False,4,14.201072674506165,13.5,23.400000000000002,typical_january,Innotec Power 145-DZS48-010,SZFC-1000
14211.06547240331,-0.37624538468378255,332.048873801616,2534.754554651503,59453.700301429206,False,4,14.21106547240331,13.8,23.400000000000002,typical_january,Innotec Power 145-DZS48-010,SZFC-1000
14221.065593087484,-0.37372535125341816,332.057004282884,2655.4208766369184,65248.99036744607,False,4,14.221065593087484,14.0,23.400000000000002,typical_january,Innotec Power 145-DZS48-010,SZFC-1000
14231.066894605361,-0.3477787165200516,332.0630579319697,2969.0906327095936,81574.41631784455,False,4,14.23106689460536,13.6,23.400000000000002,typical_january,Innotec Power 145-DZS48-010,SZFC-1000
14241.076728924285,-0.3166833289269781,332.06826916564205,3486.0931453576045,112456.62335749312,False,4,14.241076728924284,13.3,23.400000000000002,typical_january,Innotec Power 145-DZS48-010,SZFC-1000
14251.07865326262,-0.304009155104381,332.0712043445227,4106.453787777245,156041.79770718163,False,4,14.25107865326262,13.1,23.400000000000002,typical_january,Innotec Power 145-DZS48-010,SZFC-1000
14261.083060048722,-0.29977326143872374,332.07406106480767,4460.888048352205,184140.6677853393,False,4,14.261083060048723,13.0,23.400000000000002,typical_january,Innotec Power 145-DZS48-010,SZFC-1000
14271.084799464701,-0.28848083123804824,332.0764481889948,4418.847339725176,180686.2320527594,False,4,14.2710847994647,12.8,23.400000000000002,typical_january,Innotec Power 145-DZS48-010,SZFC-1000
14281.087831193716,-0.24746576196700953,332.0797021180182,4088.7396139747934,154698.45391123008,False,4,14.281087831193716,12.7,23.400000000000002,typical_january,Innotec Power 145-DZS48-010,SZFC-1000
14291.088978877046,-0.18666513927415185,332.08428535298196,3090.024505316181,88354.95551512238,False,4,14.291088978877045,12.6,23.400000000000002,typical_january,Innotec Power 145-DZS48-010,SZFC-1000
14301.09177260755,-0.10731986102581839,332.09211724300064,2557.0853741989977,60505.87164608339,False,4,14.301091772607549,12.8,23.400000000000002,typical_january,Innotec Power 145-DZS48-010,SZFC-1000
14311.094607823374,-0.03641705165815365,332.1057685240695,1879.8169101995888,32699.27844618122,False,4,14.311094607823375,12.9,23.400000000000002,typical_january,Innotec Power 145-DZS48-010,SZFC-1000
14321.0954214718,0.0037119821568816743,332.131149423251,1449.4042239213145,19439.545669841624,False,4,14.321095421471801,13.1,23.400000000000002,typical_january,Innotec Power 145-DZS48-010,SZFC-1000
14331.075817819205,0.039040020596477175,332.15927022992184,1352.482746185508,16926.63121762186,False,4,14.331075817819205,13.0,23.400000000000002,typical_january,Innotec Power 145-DZS48-010,SZFC-1000
14341.098832456148,0.06076538646308208,332.1871048855928,1498.7056647120455,20784.508692018124,False,4,14.341098832456147,12.6,23.400000000000002,typical_january,Innotec Power 145-DZS48-010,SZFC-1000
14351.12474456029,0.06682112094113052,332.22295405318425,1231.8585267325493,14041.99238956742,False,4,14.35112474456029,12.3,23.400000000000002,typical_january,Innotec Power 145-DZS48-010,SZFC-1000
14361.106962512797,0.07552531131056656,332.245804355322,1741.2964504693784,28057.727620146405,False,4,14.361106962512796,11.9,22.5,typical_january,Innotec Power 145-DZS48-010,SZFC-1000
14371.102827575687,0.07374947520283764,332.2595520842643,2264.974199330206,47471.56877209749,False,4,14.371102827575687,11.4,21.6,typical_january,Innotec Power 145-DZS48-010,SZFC-1000
14381.104203539106,0.05831521470957707,332.26857535945726,2464.792522230909,56217.01746440729,False,4,14.381104203539106,10.9,20.7,typical_january,Innotec Power 145-DZS48-010,SZFC-1000
14391.096154605624,0.033415135660221376,332.2720354377484,4076.1196851284553,153744.9715203583,False,4,14.391096154605624,10.3,19.8,typical_january,Innotec Power 145-DZS48-010,SZFC-1000
14401.100785068702,-0.03836364138229632,332.2735804552324,5148.302738500795,245264.79774442423,False,4,14.401100785068701,9.9,18.900000000000002,typical_january,Innotec Power 145-DZS48-010,SZFC-1000
14411.10251115414,-0.16016425481897045,332.27184600386613,5919.211527285495,324216.25541006686,False,4,14.41110251115414,9.9,18.0,typical_january,Innotec Power 145-DZS48-010,SZFC-1000
14421.104678690412,-0.23899269696496195,332.2658657077301,2428.2339054053887,54561.72635336745,False,4,14.421104678690412,9.9,18.0,typical_january,Innotec Power 145-DZS48-010,SZFC-1000
14431.10345187899,-0.2991226967894913,332.2522541550479,1853.8475186986532,31802.04775432893,False,4,14.43110345187899,10.0,18.0,typical_january,Innotec Power 145-DZS48-010,SZFC-1000
14441.106317651258,-0.3676485795662078,332.2273895311861,1371.8416490009458,17414.661335283552,False,4,14.441106317651258,10.2,18.0,typical_january,Innotec Power 145-DZS48-010,SZFC-1000
14451.109727911733,-0.42408654265264,332.1825346859472,1025.0999802759352,9723.878321012482,False,4,14.451109727911733,10.4,18.0,typical_january,Innotec Power 145-DZS48-010,SZFC-1000
14461.113715541806,-0.45673318575906163,332.100402936676,729.7867336072494,4928.321075647343,False,4,14.461113715541806,10.5,18.0,typical_january,Innotec Power 145-DZS48-010,SZFC-1000
14471.14031023994,-0.44898880693133825,331.9591626987658,541.233552162389,2710.668996206771,False,4,14.47114031023994,10.7,18.0,typical_january,Innotec Power 145-DZS48-010,SZFC-1000
14481.077525775989,-0.4421703100959384,331.6437156615193,381.36980594108815,1345.8593531597746,False,4,14.481077525775989,10.9,17.1,typical_january,Innotec Power 145-DZS48-010,SZFC-1000
14491.106354460053,-0.4223125346132018,331.02364416510625,263.6448199009853,643.1992818214092,False,4,14.491106354460053,11.1,16.2,typical_january,Innotec Power 145-DZS48-010,SZFC-1000
14500.770392853497,-0.3971885935873186,330.8090769002752,253.64534173457747,595.3342204097403,False,4,14.500770392853498,11.4,15.3,typical_january,Innotec Power 145-DZS48-010,SZFC-1000
