Id,latitude,longitude,altitude_m,distance_km,distance_m,heading_deg,grade_pct,zone_type,zone_id,r_min_m,v_safe_kmh,stop_event,width_m,w_left_m,w_right_m,centerline_shift_m
0,25.48842018,51.45017025,11.7,0.0,0.0,334.4270949029031,-0.2623762376237604,straight,-1,inf,inf,True,16.700000000000237,8.508333333333454,8.191666666666784,2.591666666667129
1,25.48842831,51.45016594,11.7,0.001,1.0,332.5181352385451,-0.2781706742102806,straight,-1,inf,inf,False,16.700000000000237,8.508333333333454,8.191666666666784,2.591666666667129
2,25.48843631,51.45016133,11.7,0.002,2.0,330.9443855781243,-0.29702970297029324,straight,-1,inf,inf,False,16.650000000000233,8.368750000000118,8.281250000000117,2.531250000000462
3,25.48844419,51.45015648,11.7,0.003,3.0,329.33834628656444,-0.3142488161859725,straight,-1,inf,inf,False,16.650000000000233,8.368750000000118,8.281250000000117,2.531250000000462
4,25.48845194,51.45015139,11.7,0.004,4.0,328.3716841671727,-0.33003300330033036,straight,-1,inf,inf,False,16.650000000000233,8.368750000000118,8.281250000000117,2.531250000000462
5,25.48845962,51.45014615,11.7,0.005,5.0,327.68332802083694,-0.3485148514851488,straight,-1,inf,inf,False,16.650000000000233,8.368750000000118,8.281250000000117,2.531250000000462
6,25.48846724,51.45014081,11.7,0.006,6.0,327.5667566481587,-0.36557501904036593,straight,-1,inf,inf,False,16.650000000000233,8.368750000000118,8.281250000000117,2.531250000000462
7,25.48847484,51.45013546,11.8,0.007,7.0,327.3389997607794,-0.38503850385039035,straight,-1,inf,inf,False,16.700000000000237,8.335000000000118,8.36500000000012,2.465000000000461
8,25.48848243,51.45013007,11.8,0.008,8.0,326.82900699316116,-0.4031117397454066,straight,-1,inf,inf,False,16.700000000000237,8.335000000000118,8.36500000000012,2.465000000000461
9,25.48848997,51.45012461,11.8,0.009,9.0,326.09192756049833,-0.41993854557869764,straight,-1,inf,inf,False,16.700000000000237,8.335000000000118,8.36500000000012,2.465000000000461
10,25.48849745,51.45011904,11.8,0.01,10.0,326.09192929463416,-0.4389438943894378,straight,-1,inf,inf,False,16.700000000000237,8.335000000000118,8.36500000000012,2.465000000000461
11,25.48850493,51.45011347,11.8,0.011,11.0,325.9256317888435,-0.456723091664007,straight,-1,inf,inf,False,16.700000000000237,8.335000000000118,8.36500000000012,2.465000000000461
12,25.48851239,51.45010788,11.8,0.012,12.0,326.65016360183466,-0.4764851485148547,straight,-1,inf,inf,False,16.700000000000237,8.34500000000012,8.355000000000118,2.35500000000046
13,25.48851992,51.45010239,11.8,0.013,13.0,326.65016523922475,-0.4950495049504941,straight,-1,inf,inf,False,16.700000000000237,8.34500000000012,8.355000000000118,2.35500000000046
14,25.48852745,51.4500969,11.8,0.014,14.0,326.73300412317786,-0.5125218404193366,straight,-1,inf,inf,False,16.700000000000237,8.34500000000012,8.355000000000118,2.35500000000046
15,25.48853499,51.45009142,11.9,0.015,15.0,327.3530321716121,-0.5318246110325323,straight,-1,inf,inf,False,16.700000000000237,8.34500000000012,8.355000000000118,2.35500000000046
16,25.48854257,51.45008604,11.9,0.016,16.0,327.4699219813842,-0.5500550055005505,straight,-1,inf,inf,False,16.700000000000237,8.34500000000012,8.355000000000118,2.35500000000046
17,25.48855017,51.45008067,11.9,0.017,17.0,327.68334753454485,-0.5699759165105692,straight,-1,inf,inf,False,16.600000000000236,8.250000000000117,8.350000000000119,2.2500000000004583
18,25.48855779,51.45007533,11.9,0.018,18.0,327.9452598121612,-0.5888483585200655,straight,-1,inf,inf,False,16.600000000000236,8.250000000000117,8.350000000000119,2.2500000000004583
19,25.48856543,51.45007003,11.9,0.019,19.0,328.12499411791146,-0.6092916984006098,straight,-1,inf,inf,False,16.600000000000236,8.250000000000117,8.350000000000119,2.2500000000004583
20,25.48857308,51.45006476,11.9,0.02,20.0,328.20730234051996,-0.628712871287127,straight,-1,inf,inf,False,16.600000000000236,8.250000000000117,8.350000000000119,2.2500000000004583
21,25.48858074,51.4500595,11.9,0.021,21.0,328.338368332913,-0.663366336633664,straight,-1,inf,inf,False,16.600000000000236,8.250000000000117,8.350000000000119,2.2500000000004583
22,25.48858841,51.45005426,11.9,0.022,22.0,328.4205622193632,-0.7004950495049522,straight,-1,inf,inf,False,16.600000000000236,8.340000000000119,8.260000000000117,2.160000000000457
23,25.48859609,51.45004903,11.9,0.023,23.0,328.42056383160923,-0.7376237623762405,straight,-1,inf,inf,False,16.600000000000236,8.340000000000119,8.260000000000117,2.160000000000457
24,25.48860377,51.4500438,11.9,0.024,24.0,328.3383732381307,-0.7747524752475288,straight,-1,inf,inf,False,16.600000000000236,8.340000000000119,8.260000000000117,2.160000000000457
25,25.48861144,51.45003856,11.9,0.025,25.0,328.37171810891033,-0.8143564356435641,straight,-1,inf,inf,False,16.600000000000236,8.340000000000119,8.260000000000117,2.160000000000457
26,25.48861912,51.45003332,11.9,0.026,26.0,328.81378186811804,-0.8539603960396037,straight,-1,inf,inf,False,16.600000000000236,8.340000000000119,8.260000000000117,2.160000000000457
27,25.48862683,51.45002815,11.8,0.027,27.0,329.76405416741966,-0.8935643564356477,straight,-1,inf,inf,False,16.500000000000234,8.230000000000118,8.270000000000117,2.070000000000456
28,25.48863462,51.45002312,11.8,0.028,28.0,330.863365376112,-0.933168316831683,straight,-1,inf,inf,False,16.500000000000234,8.230000000000118,8.270000000000117,2.070000000000456
29,25.48864249,51.45001826,11.8,0.029,29.0,329.6824653209729,-0.9727722772277226,straight,-1,inf,inf,False,16.500000000000234,8.230000000000118,8.270000000000117,2.070000000000456
30,25.48865027,51.45001322,11.8,0.03,30.0,328.8137884152048,-1.0123762376237622,straight,-1,inf,inf,False,16.500000000000234,8.230000000000118,8.270000000000117,2.070000000000456
31,25.48865798,51.45000805,11.8,0.031,31.0,330.0263083727645,-1.0519801980198018,straight,-1,inf,inf,False,16.500000000000234,8.230000000000118,8.270000000000117,2.070000000000456
32,25.48866579,51.45000306,11.8,0.032,32.0,330.4696737709532,-1.08910891089109,straight,-1,inf,inf,False,16.600000000000236,8.320000000000118,8.280000000000118,1.9800000000004545
33,25.48867363,51.44999814,11.8,0.033,33.0,329.501868678095,-1.1287128712871297,straight,-1,inf,inf,False,16.600000000000236,8.320000000000118,8.280000000000118,1.9800000000004545
34,25.4886814,51.44999307,11.8,0.034,34.0,329.2072158495034,-1.165841584158418,straight,-1,inf,inf,False,16.600000000000236,8.320000000000118,8.280000000000118,1.9800000000004545
35,25.48868914,51.44998796,11.8,0.035,35.0,329.8455851701162,-1.2029702970297063,straight,-1,inf,inf,False,16.600000000000236,8.320000000000118,8.280000000000118,1.9800000000004545
36,25.48869694,51.44998294,11.8,0.036,36.0,330.0263164110679,-1.2400990099009945,straight,-1,inf,inf,False,16.600000000000236,8.320000000000118,8.280000000000118,1.9800000000004545
37,25.48870475,51.44997795,11.8,0.037,37.0,330.4696817481549,-1.2747524752475226,straight,-1,inf,inf,False,16.600000000000236,8.330000000000119,8.270000000000117,1.8700000000004529
38,25.48871259,51.44997303,11.8,0.038,38.0,330.63209703105264,-1.3118811881188108,straight,-1,inf,inf,False,16.600000000000236,8.330000000000119,8.270000000000117,1.8700000000004529
39,25.48872045,51.44996813,11.8,0.039,39.0,330.60091363662514,-1.349009900990099,straight,-1,inf,inf,False,16.600000000000236,8.330000000000119,8.270000000000117,1.8700000000004529
40,25.4887283,51.44996323,11.8,0.04,40.0,330.55093185017273,-1.3861386138613874,straight,-1,inf,inf,False,16.600000000000236,8.330000000000119,8.270000000000117,1.8700000000004529
41,25.48873615,51.44995832,11.8,0.041,41.0,330.81327274590103,-1.4232673267326756,straight,-1,inf,inf,False,16.600000000000236,8.330000000000119,8.270000000000117,1.8700000000004529
42,25.48874402,51.44995345,11.8,0.042,42.0,330.99462521005034,-1.4579207920792125,straight,-1,inf,inf,False,16.700000000000237,8.300000000000118,8.40000000000012,1.800000000000452
43,25.4887519,51.44994861,11.8,0.043,43.0,331.0254314570606,-1.4925742574257406,straight,-1,inf,inf,False,16.700000000000237,8.300000000000118,8.40000000000012,1.800000000000452
44,25.48875979,51.44994377,11.8,0.044,44.0,331.0756254110155,-1.5272277227722775,straight,-1,inf,inf,False,16.700000000000237,8.300000000000118,8.40000000000012,1.800000000000452
45,25.48876768,51.44993894,11.8,0.045,45.0,331.02543466474674,-1.5594059405940586,straight,-1,inf,inf,False,16.700000000000237,8.300000000000118,8.40000000000012,1.800000000000452
46,25.48877557,51.4499341,11.7,0.046,46.0,330.55094147820216,-1.5940594059405955,straight,-1,inf,inf,False,16.700000000000237,8.300000000000118,8.40000000000012,1.800000000000452
47,25.48878342,51.44992919,11.7,0.047,47.0,330.6009264535049,-1.6262376237623766,straight,-1,inf,inf,False,16.700000000000237,8.270000000000117,8.43000000000012,1.730000000000451
48,25.48879127,51.44992429,11.7,0.048,48.0,330.682112587587,-1.658415841584158,straight,-1,inf,inf,False,16.700000000000237,8.270000000000117,8.43000000000012,1.730000000000451
49,25.48879913,51.4499194,11.7,0.049,49.0,330.76322125548893,-1.6905940594059385,straight,-1,inf,inf,False,16.700000000000237,8.270000000000117,8.43000000000012,1.730000000000451
50,25.488807,51.44991452,11.7,0.05,50.0,330.6009312512398,-1.720297029702973,straight,-1,inf,inf,False,16.700000000000237,8.270000000000117,8.43000000000012,1.730000000000451
51,25.48881485,51.44990962,11.7,0.051,51.0,330.58216746866424,-1.7500000000000027,straight,-1,inf,inf,False,16.700000000000237,8.270000000000117,8.43000000000012,1.730000000000451
52,25.48882271,51.44990471,11.7,0.052,52.0,330.6009344741685,-1.7772277227722768,straight,-1,inf,inf,False,16.600000000000236,8.320000000000118,8.280000000000118,1.6800000000004502
53,25.48883056,51.44989981,11.6,0.053,53.0,331.28766676013754,-1.804455445544555,straight,-1,inf,inf,False,16.600000000000236,8.320000000000118,8.280000000000118,1.6800000000004502
54,25.48883847,51.44989501,11.6,0.054,54.0,331.33798652687506,-1.8316831683168333,straight,-1,inf,inf,False,16.600000000000236,8.320000000000118,8.280000000000118,1.6800000000004502
55,25.48884638,51.44989022,11.6,0.055,55.0,331.33798811396525,-1.85643564356436,straight,-1,inf,inf,False,16.600000000000236,8.320000000000118,8.280000000000118,1.6800000000004502
56,25.48885429,51.44988543,11.6,0.056,56.0,331.28767154617856,-1.8811881188118829,straight,-1,inf,inf,False,16.600000000000236,8.320000000000118,8.280000000000118,1.6800000000004502
57,25.4888622,51.44988063,11.6,0.057,57.0,331.25712365557933,-1.903465346534654,straight,-1,inf,inf,False,16.700000000000237,8.360000000000118,8.340000000000119,1.6400000000004495
58,25.4888701,51.44987583,11.5,0.058,58.0,330.8943448464685,-1.9232673267326739,straight,-1,inf,inf,False,16.700000000000237,8.360000000000118,8.340000000000119,1.6400000000004495
59,25.48887798,51.44987097,11.5,0.059,59.0,330.9444749901427,-1.9405940594059423,straight,-1,inf,inf,False,16.700000000000237,8.360000000000118,8.340000000000119,1.6400000000004495
60,25.48888586,51.44986612,11.5,0.06,60.0,330.9946538860135,-1.9579207920792108,straight,-1,inf,inf,False,16.700000000000237,8.360000000000118,8.340000000000119,1.6400000000004495
61,25.48889374,51.44986128,11.5,0.061,61.0,331.15657049673996,-1.975247524752479,straight,-1,inf,inf,False,16.700000000000237,8.360000000000118,8.340000000000119,1.6400000000004495
62,25.48890164,51.44985646,11.4,0.062,62.0,331.1565721077292,-1.9900990099009919,straight,-1,inf,inf,False,16.700000000000237,8.39000000000012,8.310000000000118,1.6100000000004493
63,25.48890954,51.44985164,11.4,0.063,63.0,331.3380007866276,-2.0000000000000018,straight,-1,inf,inf,False,16.700000000000237,8.39000000000012,8.310000000000118,1.6100000000004493
64,25.48891745,51.44984685,11.3,0.064,64.0,331.30748723275696,-2.0099009900990072,straight,-1,inf,inf,False,16.700000000000237,8.39000000000012,8.310000000000118,1.6100000000004493
65,25.48892535,51.44984206,11.3,0.065,65.0,331.10636989386956,-2.0173267326732702,straight,-1,inf,inf,False,16.700000000000237,8.39000000000012,8.310000000000118,1.6100000000004493
66,25.48893325,51.44983723,11.3,0.066,66.0,330.94448616412626,-2.0247524752475243,straight,-1,inf,inf,False,16.700000000000237,8.39000000000012,8.310000000000118,1.6100000000004493
67,25.48894113,51.44983238,11.2,0.067,67.0,330.89435926010236,-2.032178217821783,straight,-1,inf,inf,False,16.700000000000237,8.260000000000119,8.44000000000012,1.64000000000045
68,25.48894901,51.44982752,11.2,0.068,68.0,331.3380087254469,-2.0346534653465342,straight,-1,inf,inf,False,16.700000000000237,8.260000000000119,8.44000000000012,1.64000000000045
69,25.48895692,51.44982273,11.1,0.069,69.0,331.4387916752476,-2.0371287128712856,straight,-1,inf,inf,False,16.700000000000237,8.260000000000119,8.44000000000012,1.64000000000045
70,25.48896483,51.44981796,11.1,0.07,70.0,331.3684676541916,-2.0396039603960414,straight,-1,inf,inf,False,16.700000000000237,8.260000000000119,8.44000000000012,1.64000000000045
71,25.48897275,51.44981317,11.1,0.071,71.0,331.0756683449469,-2.0420792079207972,straight,-1,inf,inf,False,16.700000000000237,8.260000000000119,8.44000000000012,1.64000000000045
72,25.48898064,51.44980834,11.0,0.072,72.0,330.9946730823382,-2.0445544554455486,straight,-1,inf,inf,False,16.80000000000024,8.32000000000012,8.480000000000121,1.580000000000449
73,25.48898852,51.4498035,11.0,0.073,73.0,331.075671527565,-2.0445544554455486,straight,-1,inf,inf,False,16.80000000000024,8.32000000000012,8.480000000000121,1.580000000000449
74,25.48899641,51.44979867,11.0,0.074,74.0,331.07567311010655,-2.0420792079207972,straight,-1,inf,inf,False,16.80000000000024,8.32000000000012,8.480000000000121,1.580000000000449
75,25.4890043,51.44979384,10.9,0.075,75.0,331.0254824926011,-2.0396039603960414,straight,-1,inf,inf,False,16.80000000000024,8.32000000000012,8.480000000000121,1.580000000000449
76,25.48901219,51.449789,10.9,0.076,76.0,331.206849817425,-2.03712871287129,straight,-1,inf,inf,False,16.80000000000024,8.32000000000012,8.480000000000121,1.580000000000449
77,25.48902009,51.44978419,10.8,0.077,77.0,331.2068514363686,-2.0321782178217918,straight,-1,inf,inf,False,17.300000000000246,8.990000000000128,8.310000000000118,1.510000000000448
78,25.48902799,51.44977938,10.8,0.078,78.0,331.23743662846806,-2.024752475247533,straight,-1,inf,inf,False,17.300000000000246,8.990000000000128,8.310000000000118,1.510000000000448
79,25.4890359,51.44977457,10.8,0.079,79.0,331.46919427537546,-2.0148514851485233,straight,-1,inf,inf,False,17.300000000000246,8.990000000000128,8.310000000000118,1.510000000000448
80,25.48904382,51.4497698,10.7,0.08,80.0,331.51962443813323,-2.0049504950495134,straight,-1,inf,inf,False,17.300000000000246,8.990000000000128,8.310000000000118,1.510000000000448
81,25.48905174,51.44976504,10.7,0.081,81.0,331.46919746663525,-1.9950495049504988,straight,-1,inf,inf,False,17.300000000000246,8.990000000000128,8.310000000000118,1.510000000000448
82,25.48905966,51.44976027,10.6,0.082,82.0,331.6810167579367,-1.982673267326738,straight,-1,inf,inf,False,16.700000000000237,8.370000000000118,8.330000000000119,1.3300000000004455
83,25.4890676,51.44975553,10.6,0.083,83.0,331.6003641156938,-1.9702970297029765,straight,-1,inf,inf,False,16.700000000000237,8.370000000000118,8.330000000000119,1.3300000000004455
84,25.48907553,51.44975078,10.6,0.084,84.0,331.6508556640478,-1.9554455445544592,straight,-1,inf,inf,False,16.700000000000237,8.370000000000118,8.330000000000119,1.3300000000004455
85,25.48908346,51.44974604,10.5,0.085,85.0,331.76159495999434,-1.9405940594059423,straight,-1,inf,inf,False,16.700000000000237,8.370000000000118,8.330000000000119,1.3300000000004455
86,25.48909141,51.44974131,10.5,0.086,86.0,331.78207707421296,-1.9232673267326739,straight,-1,inf,inf,False,16.700000000000237,8.370000000000118,8.330000000000119,1.3300000000004455
87,25.48909935,51.44973659,10.4,0.087,87.0,331.8121139118225,-1.903465346534654,straight,-1,inf,inf,False,16.80000000000024,8.430000000000119,8.37000000000012,1.2700000000004448
88,25.4891073,51.44973187,10.4,0.088,88.0,331.9132904545155,-1.8836633663366342,straight,-1,inf,inf,False,16.80000000000024,8.430000000000119,8.37000000000012,1.2700000000004448
89,25.48911525,51.44972717,10.3,0.089,89.0,331.99382156039525,-1.861386138613863,straight,-1,inf,inf,False,16.80000000000024,8.430000000000119,8.37000000000012,1.2700000000004448
90,25.48912321,51.44972248,10.3,0.09,90.0,331.7315324144,-1.8391089108910919,straight,-1,inf,inf,False,16.80000000000024,8.430000000000119,8.37000000000012,1.2700000000004448
91,25.48913115,51.44971775,10.3,0.091,91.0,331.5499348728819,-1.8168316831683164,straight,-1,inf,inf,False,16.80000000000024,8.430000000000119,8.37000000000012,1.2700000000004448
92,25.48913908,51.44971299,10.2,0.092,92.0,331.4692149393709,-1.794554455445545,straight,-1,inf,inf,False,17.900000000000254,8.470000000000121,9.430000000000136,1.1300000000004429
93,25.489147,51.44970822,10.1,0.093,93.0,331.33804843179377,-1.767326732673271,straight,-1,inf,inf,False,17.900000000000254,8.470000000000121,9.430000000000136,1.1300000000004429
94,25.48915491,51.44970343,10.1,0.094,94.0,331.2068785470811,-1.7400990099009928,straight,-1,inf,inf,False,17.900000000000254,8.470000000000121,9.430000000000136,1.1300000000004429
95,25.48916281,51.44969862,10.0,0.095,95.0,331.1566247220023,-1.7103960396039584,straight,-1,inf,inf,False,17.900000000000254,8.470000000000121,9.430000000000136,1.1300000000004429
96,25.48917071,51.4496938,10.0,0.096,96.0,331.2068817043199,-1.6806930693069377,straight,-1,inf,inf,False,17.900000000000254,8.470000000000121,9.430000000000136,1.1300000000004429
97,25.48917861,51.44968899,10.0,0.097,97.0,331.25718726606675,-1.650990099009908,straight,-1,inf,inf,False,16.80000000000024,8.540000000000123,8.260000000000117,1.0600000000004417
98,25.48918651,51.44968419,9.9,0.098,98.0,331.2374685159697,-1.6212871287128738,straight,-1,inf,inf,False,16.80000000000024,8.540000000000123,8.260000000000117,1.0600000000004417
99,25.48919442,51.44967938,9.9,0.099,99.0,331.3380579658275,-1.591584158415844,straight,-1,inf,inf,False,16.80000000000024,8.540000000000123,8.260000000000117,1.0600000000004417
100,25.48920233,51.44967459,9.9,0.1,100.0,331.38842600569797,-1.559405940594063,straight,-1,inf,inf,False,16.80000000000024,8.540000000000123,8.260000000000117,1.0600000000004417
101,25.48921024,51.44966981,9.9,0.101,101.0,331.46922919458535,-1.527227722772282,straight,-1,inf,inf,False,16.80000000000024,8.540000000000123,8.260000000000117,1.0600000000004417
102,25.48921816,51.44966504,9.9,0.102,102.0,331.6810483042419,-1.4950495049504964,straight,-1,inf,inf,False,16.700000000000237,8.470000000000118,8.230000000000118,1.0300000000004412
103,25.4892261,51.4496603,9.8,0.103,103.0,332.12497417642965,-1.4628712871287153,straight,-1,inf,inf,False,16.700000000000237,8.470000000000118,8.230000000000118,1.0300000000004412
104,25.48923407,51.44965563,9.8,0.104,104.0,332.1757062090261,-1.4306930693069386,straight,-1,inf,inf,False,16.700000000000237,8.470000000000118,8.230000000000118,1.0300000000004412
105,25.48924204,51.44965097,9.8,0.105,105.0,332.023658659605,-1.398514851485153,straight,-1,inf,inf,False,16.700000000000237,8.470000000000118,8.230000000000118,1.0300000000004412
106,25.48925001,51.44964628,9.8,0.106,106.0,331.4388503687671,-1.3638613861386206,straight,-1,inf,inf,False,16.700000000000237,8.470000000000118,8.230000000000118,1.0300000000004412
107,25.48925792,51.44964151,9.8,0.107,107.0,331.41885849364974,-1.3292079207920793,straight,-1,inf,inf,False,17.200000000000244,8.470000000000123,8.730000000000125,1.1300000000004422
108,25.48926584,51.44963673,9.8,0.108,108.0,331.41886000616216,-1.2945544554455513,straight,-1,inf,inf,False,17.200000000000244,8.470000000000123,8.730000000000125,1.1300000000004422
109,25.48927376,51.44963195,9.7,0.109,109.0,331.4692419341675,-1.2599009900990188,straight,-1,inf,inf,False,17.200000000000244,8.470000000000123,8.730000000000125,1.1300000000004422
110,25.48928168,51.44962718,9.7,0.11,110.0,331.4692434992981,-1.2252475247524774,straight,-1,inf,inf,False,17.200000000000244,8.470000000000123,8.730000000000125,1.1300000000004422
111,25.4892896,51.44962241,9.7,0.111,111.0,331.4692450709874,-1.1881188118811936,straight,-1,inf,inf,False,17.200000000000244,8.470000000000123,8.730000000000125,1.1300000000004422
112,25.48929752,51.44961764,9.7,0.112,112.0,332.8314586270576,-1.1509900990099053,straight,-1,inf,inf,False,16.700000000000237,8.370000000000118,8.330000000000117,1.1300000000004418
113,25.48930554,51.44961308,9.7,0.113,113.0,333.1735016465156,-1.1113861386138613,straight,-1,inf,inf,False,16.700000000000237,8.370000000000118,8.330000000000117,1.1300000000004418
114,25.48931359,51.44960857,9.7,0.114,114.0,333.14481113821114,-1.0742574257425774,straight,-1,inf,inf,False,16.700000000000237,8.370000000000118,8.330000000000117,1.1300000000004418
115,25.48932163,51.44960406,9.7,0.115,115.0,333.224690196072,-1.0371287128712892,straight,-1,inf,inf,False,16.700000000000237,8.370000000000118,8.330000000000117,1.1300000000004418
116,25.48932968,51.44959956,9.7,0.116,116.0,333.30448304378353,-0.9975247524752494,straight,-1,inf,inf,False,16.700000000000237,8.370000000000118,8.330000000000117,1.1300000000004418
117,25.48933774,51.44959507,9.7,0.117,117.0,333.27592487388875,-0.9603960396039612,straight,-1,inf,inf,False,16.700000000000237,8.370000000000118,8.330000000000117,1.1300000000004418
118,25.48934579,51.44959058,9.7,0.118,118.0,332.4380701667005,-0.9207920792079171,straight,-1,inf,inf,False,16.700000000000237,8.370000000000118,8.330000000000117,1.1300000000004418
119,25.48935378,51.44958596,9.7,0.119,119.0,330.8944429009854,-0.8836633663366289,straight,-1,inf,inf,False,16.700000000000237,8.370000000000118,8.330000000000117,1.1300000000004418
120,25.48936166,51.4495811,9.7,0.12,120.0,330.8133996925527,-0.8440594059405938,straight,-1,inf,inf,False,16.700000000000237,8.370000000000118,8.330000000000117,1.1300000000004418
121,25.48936953,51.44957623,9.7,0.121,121.0,330.81340129222235,-0.8044554455445585,straight,-1,inf,inf,False,16.700000000000237,8.370000000000118,8.330000000000117,1.1300000000004418
122,25.4893774,51.44957136,9.7,0.122,122.0,330.55106432453306,-0.7673267326732658,straight,-1,inf,inf,False,16.600000000000236,8.360000000000118,8.240000000000116,1.1400000000004418
123,25.48938525,51.44956645,9.7,0.123,123.0,330.5510659386776,-0.7277227722772306,straight,-1,inf,inf,False,16.600000000000236,8.360000000000118,8.240000000000116,1.1400000000004418
124,25.4893931,51.44956154,9.7,0.124,124.0,330.55106751908,-0.688118811881191,straight,-1,inf,inf,False,16.600000000000236,8.360000000000118,8.240000000000116,1.1400000000004418
125,25.48940095,51.44955663,9.7,0.125,125.0,331.07575477511983,-0.6509900990099116,straight,-1,inf,inf,False,16.600000000000236,8.360000000000118,8.240000000000116,1.1400000000004418
126,25.48940884,51.4495518,9.7,0.126,126.0,331.2069296757003,-0.6113861386138675,straight,-1,inf,inf,False,16.600000000000236,8.360000000000118,8.240000000000116,1.1400000000004418
127,25.48941674,51.44954699,9.7,0.127,127.0,331.2877844973016,-0.5742574257425748,straight,-1,inf,inf,False,16.700000000000237,8.370000000000118,8.330000000000117,1.1300000000004418
128,25.48942465,51.44954219,9.7,0.128,128.0,331.2572367224981,-0.5371287128712954,straight,-1,inf,inf,False,16.700000000000237,8.370000000000118,8.330000000000117,1.1300000000004418
129,25.48943255,51.44953739,9.7,0.129,129.0,331.4188934371896,-0.5024752475247585,straight,-1,inf,inf,False,16.700000000000237,8.370000000000118,8.330000000000117,1.1300000000004418
130,25.48944047,51.44953261,9.7,0.13,130.0,331.3381073157196,-0.4678217821782215,straight,-1,inf,inf,False,16.700000000000237,8.370000000000118,8.330000000000117,1.1300000000004418
131,25.48944838,51.44952782,9.7,0.131,131.0,331.4188966076954,-0.4331683168316891,straight,-1,inf,inf,False,16.700000000000237,8.370000000000118,8.330000000000117,1.1300000000004418
132,25.4894563,51.44952304,9.7,0.132,132.0,331.07576591382394,-0.400990099009908,straight,-1,inf,inf,False,16.700000000000237,8.270000000000119,8.430000000000119,1.1300000000004418
133,25.48946419,51.44951821,9.8,0.133,133.0,331.07576749639566,-0.37376237623762965,straight,-1,inf,inf,False,16.700000000000237,8.270000000000119,8.430000000000119,1.1300000000004418
134,25.48947208,51.44951338,9.8,0.134,134.0,331.02557700229397,-0.3465346534653513,straight,-1,inf,inf,False,16.700000000000237,8.270000000000119,8.430000000000119,1.1300000000004418
135,25.48947997,51.44950854,9.8,0.135,135.0,330.9136987056942,-0.32178217821782873,straight,-1,inf,inf,False,16.700000000000237,8.270000000000119,8.430000000000119,1.1300000000004418
136,25.48948784,51.44950369,9.8,0.136,136.0,330.81342533536457,-0.29950495049504866,straight,-1,inf,inf,False,16.700000000000237,8.270000000000119,8.430000000000119,1.1300000000004418
137,25.48949571,51.44949882,9.8,0.137,137.0,330.7633627917661,-0.2772277227722775,straight,-1,inf,inf,False,16.80000000000024,8.400000000000118,8.40000000000012,1.1000000000004415
138,25.48950358,51.44949394,9.9,0.138,138.0,330.8944731794617,-0.25742574257425765,straight,-1,inf,inf,False,16.80000000000024,8.400000000000118,8.40000000000012,1.1000000000004415
139,25.48951146,51.44948908,9.9,0.139,139.0,331.3381215791594,-0.24009900990099364,straight,-1,inf,inf,False,16.80000000000024,8.400000000000118,8.40000000000012,1.1000000000004415
140,25.48951937,51.44948429,9.9,0.14,140.0,331.2878051324473,-0.2227722772277252,straight,-1,inf,inf,False,16.80000000000024,8.400000000000118,8.40000000000012,1.1000000000004415
141,25.48952728,51.44947949,9.9,0.141,141.0,331.30760967659694,-0.2079207920792081,straight,-1,inf,inf,False,16.80000000000024,8.400000000000118,8.40000000000012,1.1000000000004415
142,25.48953518,51.4494747,9.9,0.142,142.0,330.97544621240365,-0.19306930693069546,straight,-1,inf,inf,False,16.700000000000237,8.420000000000119,8.280000000000117,1.0800000000004413
143,25.48954307,51.44946985,9.9,0.143,143.0,330.8134365455244,-0.18069306930692974,straight,-1,inf,inf,False,16.700000000000237,8.420000000000119,8.280000000000117,1.0800000000004413
144,25.48955094,51.44946498,10.0,0.144,144.0,330.78241299468567,-0.17079207920791983,straight,-1,inf,inf,False,16.700000000000237,8.420000000000119,8.280000000000117,1.0800000000004413
145,25.4895588,51.44946011,10.0,0.145,145.0,330.7633755913191,-0.16089108910890992,straight,-1,inf,inf,False,16.700000000000237,8.420000000000119,8.280000000000117,1.0800000000004413
146,25.48956667,51.44945523,10.0,0.146,146.0,330.89448601416115,-0.1559405940594072,straight,-1,inf,inf,False,16.700000000000237,8.420000000000119,8.280000000000117,1.0800000000004413
147,25.48957455,51.44945037,10.0,0.147,147.0,330.8635559248229,-0.15099009900990445,straight,-1,inf,inf,False,16.700000000000237,8.260000000000117,8.44000000000012,1.1400000000004422
148,25.48958242,51.44944551,10.0,0.148,148.0,330.89448917591466,-0.14851485148514865,straight,-1,inf,inf,False,16.700000000000237,8.260000000000117,8.44000000000012,1.1400000000004422
149,25.4895903,51.44944065,10.0,0.149,149.0,330.8635591721349,-0.1485148514851442,straight,-1,inf,inf,False,16.700000000000237,8.260000000000117,8.44000000000012,1.1400000000004422
150,25.48959817,51.44943579,10.0,0.15,150.0,330.84441276371706,-0.1485148514851531,straight,-1,inf,inf,False,16.700000000000237,8.260000000000117,8.44000000000012,1.1400000000004422
151,25.48960605,51.44943092,10.0,0.151,151.0,330.8635623336175,-0.15346534653465582,straight,-1,inf,inf,False,16.700000000000237,8.260000000000117,8.44000000000012,1.1400000000004422
152,25.48961392,51.44942606,10.1,0.152,152.0,330.8134509261482,-0.15841584158415412,straight,-1,inf,inf,False,16.700000000000237,8.270000000000117,8.43000000000012,1.1300000000004422
153,25.48962179,51.44942119,10.1,0.153,153.0,330.6822816315915,-0.1658415841584171,straight,-1,inf,inf,False,16.700000000000237,8.270000000000117,8.43000000000012,1.1300000000004422
154,25.48962965,51.4494163,10.1,0.154,154.0,330.63228387752,-0.175742574257427,straight,-1,inf,inf,False,16.700000000000237,8.270000000000117,8.43000000000012,1.1300000000004422
155,25.48963751,51.4494114,10.1,0.155,155.0,330.68228479947385,-0.18564356435643692,straight,-1,inf,inf,False,16.700000000000237,8.270000000000117,8.43000000000012,1.1300000000004422
156,25.48964537,51.44940651,10.1,0.156,156.0,330.81345728008205,-0.200495049504954,straight,-1,inf,inf,False,16.700000000000237,8.270000000000117,8.43000000000012,1.1300000000004422
157,25.48965324,51.44940164,10.2,0.157,157.0,330.89450353519936,-0.21534653465346668,straight,-1,inf,inf,False,17.300000000000246,8.760000000000158,8.540000000000088,1.24000000000041
158,25.48966112,51.44939678,10.2,0.158,158.0,330.94463347230345,-0.2326732673267351,straight,-1,inf,inf,False,17.300000000000246,8.760000000000158,8.540000000000088,1.24000000000041
159,25.489669,51.44939193,10.2,0.159,159.0,330.94463510892837,-0.25000000000000355,straight,-1,inf,inf,False,17.300000000000246,8.760000000000158,8.540000000000088,1.24000000000041
160,25.48967688,51.44938708,10.2,0.16,160.0,330.9446366424773,-0.26980198019801893,straight,-1,inf,inf,False,17.300000000000246,8.760000000000158,8.540000000000088,1.24000000000041
161,25.48968476,51.44938223,10.2,0.161,161.0,330.9446383085566,-0.28960396039603875,straight,-1,inf,inf,False,17.300000000000246,8.760000000000158,8.540000000000088,1.24000000000041
162,25.48969264,51.44937738,10.2,0.162,162.0,330.8945115183939,-0.3118811881188144,straight,-1,inf,inf,False,16.700000000000237,8.030000000000182,8.670000000000055,1.3700000000003776
163,25.48970052,51.44937252,10.3,0.163,163.0,330.9446414885513,-0.33663366336633693,straight,-1,inf,inf,False,16.700000000000237,8.030000000000182,8.670000000000055,1.3700000000003776
164,25.4897084,51.44936767,10.3,0.164,164.0,330.99482016354824,-0.36881188118811803,straight,-1,inf,inf,False,16.700000000000237,8.030000000000182,8.670000000000055,1.3700000000003776
165,25.48971628,51.44936283,10.3,0.165,165.0,331.0256263408716,-0.39851485148514776,straight,-1,inf,inf,False,16.700000000000237,8.030000000000182,8.670000000000055,1.3700000000003776
166,25.48972417,51.44935799,10.3,0.166,166.0,330.9948233617116,-0.4306930693069288,straight,-1,inf,inf,False,16.700000000000237,8.030000000000182,8.670000000000055,1.3700000000003776
167,25.48973205,51.44935315,10.3,0.167,167.0,331.02562947559727,-0.4653465346534702,straight,-1,inf,inf,False,15.40000000000056,7.900000000000214,7.5000000000003455,1.5000000000003453
168,25.48973994,51.44934831,10.3,0.168,168.0,331.12606388628376,-0.4999999999999938,straight,-1,inf,inf,False,15.40000000000056,7.900000000000214,7.5000000000003455,1.5000000000003453
169,25.48974783,51.44934349,10.3,0.169,169.0,331.0758248116248,-0.5371287128712865,straight,-1,inf,inf,False,15.40000000000056,7.900000000000214,7.5000000000003455,1.5000000000003453
170,25.48975572,51.44933866,10.3,0.17,170.0,331.1065373544249,-0.5767326732673261,straight,-1,inf,inf,False,15.40000000000056,7.900000000000214,7.5000000000003455,1.5000000000003453
171,25.48976362,51.44933383,10.3,0.171,171.0,331.1260686698966,-0.6163366336633658,straight,-1,inf,inf,False,15.40000000000056,7.900000000000214,7.5000000000003455,1.5000000000003453
172,25.48977151,51.44932901,10.3,0.172,172.0,331.20700264849364,-0.6534653465346496,straight,-1,inf,inf,False,15.40000000000056,7.830000000000248,7.570000000000312,1.5700000000003125
173,25.48977941,51.4493242,10.3,0.173,173.0,331.15674892250655,-0.6930693069306892,straight,-1,inf,inf,False,15.40000000000056,7.830000000000248,7.570000000000312,1.5700000000003125
174,25.48978731,51.44931938,10.3,0.174,174.0,331.15675052380516,-0.7326732673267289,straight,-1,inf,inf,False,15.40000000000056,7.830000000000248,7.570000000000312,1.5700000000003125
175,25.48979521,51.44931456,10.3,0.175,175.0,330.7323652186187,-0.7747524752475243,straight,-1,inf,inf,False,15.40000000000056,7.830000000000248,7.570000000000312,1.5700000000003125
176,25.48980307,51.44930968,10.3,0.176,176.0,330.76342526667867,-0.8168316831683153,straight,-1,inf,inf,False,15.40000000000056,7.830000000000248,7.570000000000312,1.5700000000003125
177,25.48981094,51.4493048,10.3,0.177,177.0,330.7323684268532,-0.8589108910891063,straight,-1,inf,inf,False,15.40000000000056,7.71000000000028,7.69000000000028,1.6900000000002795
178,25.4898188,51.44929992,10.3,0.178,178.0,330.9446653866815,-0.9009900990098972,straight,-1,inf,inf,False,15.40000000000056,7.71000000000028,7.69000000000028,1.6900000000002795
179,25.48982668,51.44929507,10.3,0.179,179.0,331.2070137508187,-0.9430693069306929,straight,-1,inf,inf,False,15.40000000000056,7.71000000000028,7.69000000000028,1.6900000000002795
180,25.48983458,51.44929026,10.3,0.18,180.0,331.20701532113105,-0.9876237623762352,straight,-1,inf,inf,False,15.40000000000056,7.71000000000028,7.69000000000028,1.6900000000002795
181,25.48984248,51.44928545,10.3,0.181,181.0,331.20701694012746,-1.0321782178217775,straight,-1,inf,inf,False,15.40000000000056,7.71000000000028,7.69000000000028,1.6900000000002795
182,25.48985038,51.44928064,10.3,0.182,182.0,331.0256534055041,-1.0767326732673244,straight,-1,inf,inf,False,15.40000000000056,7.860000000000248,7.540000000000312,1.5400000000003118
183,25.48985827,51.4492758,10.3,0.183,183.0,330.94467338524566,-1.123762376237627,straight,-1,inf,inf,False,15.40000000000056,7.860000000000248,7.540000000000312,1.5400000000003118
184,25.48986615,51.44927095,10.3,0.184,184.0,330.94467498261224,-1.1707920792079207,straight,-1,inf,inf,False,15.40000000000056,7.860000000000248,7.540000000000312,1.5400000000003118
185,25.48987403,51.4492661,10.3,0.185,185.0,330.9755147592546,-1.217821782178219,straight,-1,inf,inf,False,15.40000000000056,7.860000000000248,7.540000000000312,1.5400000000003118
186,25.48988192,51.44926125,10.3,0.186,186.0,330.7824802417762,-1.2648514851485126,straight,-1,inf,inf,False,15.40000000000056,7.860000000000248,7.540000000000312,1.5400000000003118
187,25.48988978,51.44925638,10.3,0.187,187.0,330.7634428635956,-1.3118811881188108,straight,-1,inf,inf,False,15.300000000000558,7.900000000000214,7.400000000000344,1.400000000000344
188,25.48989765,51.4492515,10.3,0.188,188.0,330.81350847431895,-1.3638613861386117,straight,-1,inf,inf,False,15.300000000000558,7.900000000000214,7.400000000000344,1.400000000000344
189,25.48990552,51.44924663,10.2,0.189,189.0,330.76344605199387,-1.4133663366336613,straight,-1,inf,inf,False,15.300000000000558,7.900000000000214,7.400000000000344,1.400000000000344
190,25.48991339,51.44924175,10.2,0.19,190.0,330.46992882902055,-1.4653465346534578,straight,-1,inf,inf,False,15.300000000000558,7.900000000000214,7.400000000000344,1.400000000000344
191,25.48992123,51.44923683,10.2,0.191,191.0,330.50124140737563,-1.5148514851485118,straight,-1,inf,inf,False,15.300000000000558,7.900000000000214,7.400000000000344,1.400000000000344
192,25.48992908,51.44923191,10.2,0.192,192.0,330.4699320370012,-1.5668316831683171,straight,-1,inf,inf,False,16.700000000000237,8.020000000000183,8.680000000000055,1.2800000000003764
193,25.48993692,51.44922699,10.2,0.193,193.0,330.63234648714877,-1.6188118811881183,straight,-1,inf,inf,False,16.700000000000237,8.020000000000183,8.680000000000055,1.2800000000003764
194,25.48994478,51.44922209,10.2,0.194,194.0,330.86363100312747,-1.6707920792079187,straight,-1,inf,inf,False,16.700000000000237,8.020000000000183,8.680000000000055,1.2800000000003764
195,25.48995265,51.44921723,10.1,0.195,195.0,330.9446925197562,-1.7252475247524757,straight,-1,inf,inf,False,16.700000000000237,8.020000000000183,8.680000000000055,1.2800000000003764
196,25.48996053,51.44921238,10.1,0.196,196.0,330.8945658180333,-1.7772277227722768,straight,-1,inf,inf,False,16.700000000000237,8.020000000000183,8.680000000000055,1.2800000000003764
197,25.48996841,51.44920752,10.1,0.197,197.0,330.8135228171655,-1.8316831683168289,straight,-1,inf,inf,False,16.600000000000236,8.15000000000015,8.450000000000086,1.1500000000004085
198,25.48997628,51.44920265,10.1,0.198,198.0,330.6823537543856,-1.8861386138613858,straight,-1,inf,inf,False,16.600000000000236,8.15000000000015,8.450000000000086,1.1500000000004085
199,25.48998414,51.44919776,10.0,0.199,199.0,330.68235538608053,-1.938118811881191,straight,-1,inf,inf,False,16.600000000000236,8.15000000000015,8.450000000000086,1.1500000000004085
200,25.489992,51.44919287,10.0,0.2,200.0,330.6823569541347,-1.992574257425748,straight,-1,inf,inf,False,16.600000000000236,8.15000000000015,8.450000000000086,1.1500000000004085
201,25.48999986,51.44918798,10.0,0.201,201.0,330.73240682981657,-2.0470297029703,straight,-1,inf,inf,False,16.600000000000236,8.15000000000015,8.450000000000086,1.1500000000004085
202,25.49000772,51.4491831,9.9,0.202,202.0,330.71345176257705,-2.099009900990101,straight,-1,inf,inf,False,16.600000000000236,8.210000000000116,8.39000000000012,1.1900000000004431
203,25.49001559,51.44917821,9.9,0.203,203.0,330.7324100380776,-2.1509900990098973,straight,-1,inf,inf,False,16.600000000000236,8.210000000000116,8.39000000000012,1.1900000000004431
204,25.49002345,51.44917333,9.8,0.204,204.0,330.76347001467815,-2.1980198019802,straight,-1,inf,inf,False,16.600000000000236,8.210000000000116,8.39000000000012,1.1900000000004431
205,25.49003132,51.44916845,9.8,0.205,205.0,330.68236497950966,-2.2450495049504937,straight,-1,inf,inf,False,16.600000000000236,8.210000000000116,8.39000000000012,1.1900000000004431
206,25.49003918,51.44916356,9.7,0.206,206.0,330.60118249345794,-2.2920792079207963,straight,-1,inf,inf,False,16.600000000000236,8.210000000000116,8.39000000000012,1.1900000000004431
207,25.49004703,51.44915866,9.7,0.207,207.0,330.63236893336665,-2.3341584158415873,straight,-1,inf,inf,False,16.700000000000237,8.200000000000117,8.50000000000012,1.2000000000004434
208,25.49005489,51.44915376,9.7,0.208,208.0,330.68236978700776,-2.376237623762383,straight,-1,inf,inf,False,16.700000000000237,8.200000000000117,8.50000000000012,1.2000000000004434
209,25.49006275,51.44914887,9.6,0.209,209.0,330.6011872993273,-2.415841584158418,straight,-1,inf,inf,False,16.700000000000237,8.200000000000117,8.50000000000012,1.2000000000004434
210,25.4900706,51.44914397,9.6,0.21,210.0,330.63237373606614,-2.4529702970297063,straight,-1,inf,inf,False,16.700000000000237,8.200000000000117,8.50000000000012,1.2000000000004434
211,25.49007846,51.44913907,9.5,0.211,211.0,330.63237536943564,-2.4900990099009945,straight,-1,inf,inf,False,16.700000000000237,8.200000000000117,8.50000000000012,1.2000000000004434
212,25.49008632,51.44913417,9.5,0.212,212.0,330.6011921052013,-2.527227722772283,straight,-1,inf,inf,False,15.100000000000216,8.190000000000117,6.910000000000098,1.2100000000004436
213,25.49009417,51.44912927,9.5,0.213,213.0,330.81354839507355,-2.559405940594064,straight,-1,inf,inf,False,15.100000000000216,8.190000000000117,6.910000000000098,1.2100000000004436
214,25.49010204,51.4491244,9.4,0.214,214.0,330.81354997278703,-2.5915841584158494,straight,-1,inf,inf,False,15.100000000000216,8.190000000000117,6.910000000000098,1.2100000000004436
215,25.49010991,51.44911953,9.4,0.215,215.0,330.8135515899335,-2.6212871287128703,straight,-1,inf,inf,False,15.100000000000216,8.190000000000117,6.910000000000098,1.2100000000004436
216,25.49011778,51.44911466,9.3,0.216,216.0,330.81355316764797,-2.648514851485153,straight,-1,inf,inf,False,15.100000000000216,8.190000000000117,6.910000000000098,1.2100000000004436
217,25.49012565,51.44910979,9.3,0.217,217.0,330.76349079108013,-2.675742574257436,straight,-1,inf,inf,False,16.600000000000236,8.090000000000115,8.51000000000012,1.2100000000004436
218,25.49013352,51.44910491,9.3,0.218,218.0,330.6823857820329,-2.70297029702971,straight,-1,inf,inf,False,16.600000000000236,8.090000000000115,8.51000000000012,1.2100000000004436
219,25.49014138,51.44910002,9.2,0.219,219.0,330.7634939653838,-2.725247524752481,straight,-1,inf,inf,False,16.600000000000236,8.090000000000115,8.51000000000012,1.2100000000004436
220,25.49014925,51.44909514,9.2,0.22,220.0,330.7324371954064,-2.745049504950501,straight,-1,inf,inf,False,16.600000000000236,8.090000000000115,8.51000000000012,1.2100000000004436
221,25.49015711,51.44909026,9.1,0.221,221.0,330.89460568140083,-2.7623762376237693,straight,-1,inf,inf,False,16.600000000000236,8.090000000000115,8.51000000000012,1.2100000000004436
222,25.49016499,51.4490854,9.1,0.222,222.0,330.9447354561346,-2.7797029702970377,straight,-1,inf,inf,False,16.700000000000237,8.180000000000117,8.52000000000012,1.2200000000004436
223,25.49017287,51.44908055,9.1,0.223,223.0,330.9949141218372,-2.794554455445546,straight,-1,inf,inf,False,16.700000000000237,8.180000000000117,8.52000000000012,1.2200000000004436
224,25.49018075,51.44907571,9.0,0.224,224.0,330.94473864600917,-2.8044554455445603,straight,-1,inf,inf,False,16.700000000000237,8.180000000000117,8.52000000000012,1.2200000000004436
225,25.49018863,51.44907086,9.0,0.225,225.0,330.9755784339348,-2.8143564356435657,straight,-1,inf,inf,False,16.700000000000237,8.180000000000117,8.52000000000012,1.2200000000004436
226,25.49019652,51.44906601,8.9,0.226,226.0,330.9949188519037,-2.8193069306930774,straight,-1,inf,inf,False,16.700000000000237,8.180000000000117,8.52000000000012,1.2200000000004436
227,25.4902044,51.44906117,8.9,0.227,227.0,331.02572492121806,-2.82425742574258,straight,-1,inf,inf,False,16.600000000000236,8.330000000000119,8.270000000000117,1.0700000000004417
228,25.49021229,51.44905633,8.9,0.228,228.0,330.9949220918708,-2.82425742574258,straight,-1,inf,inf,False,16.600000000000236,8.330000000000119,8.270000000000117,1.0700000000004417
229,25.49022017,51.44905149,8.8,0.229,229.0,330.89461836560315,-2.8242574257425845,straight,-1,inf,inf,False,16.600000000000236,8.330000000000119,8.270000000000117,1.0700000000004417
230,25.49022805,51.44904663,8.8,0.23,230.0,330.8636884801318,-2.816831683168326,straight,-1,inf,inf,False,16.600000000000236,8.330000000000119,8.270000000000117,1.0700000000004417
231,25.49023592,51.44904177,8.8,0.231,231.0,330.84454215700293,-2.809405940594063,straight,-1,inf,inf,False,16.600000000000236,8.330000000000119,8.270000000000117,1.0700000000004417
232,25.4902438,51.4490369,8.7,0.232,232.0,330.86369160980416,-2.7995049504950575,straight,-1,inf,inf,False,16.600000000000236,8.300000000000118,8.300000000000118,1.1000000000004415
233,25.49025167,51.44903204,8.7,0.233,233.0,330.94475304219037,-2.7871287128712963,straight,-1,inf,inf,False,16.600000000000236,8.300000000000118,8.300000000000118,1.1000000000004415
234,25.49025955,51.44902719,8.6,0.234,234.0,330.94475458559486,-2.772277227722779,straight,-1,inf,inf,False,16.600000000000236,8.300000000000118,8.300000000000118,1.1000000000004415
235,25.49026743,51.44902234,8.6,0.235,235.0,331.02573765623606,-2.752475247524755,straight,-1,inf,inf,False,16.600000000000236,8.300000000000118,8.300000000000118,1.1000000000004415
236,25.49027532,51.4490175,8.6,0.236,236.0,330.9447578609465,-2.7301980198019837,straight,-1,inf,inf,False,16.600000000000236,8.300000000000118,8.300000000000118,1.1000000000004415
237,25.4902832,51.44901265,8.5,0.237,237.0,330.86369964026784,-2.70297029702971,straight,-1,inf,inf,False,16.600000000000236,8.150000000000116,8.45000000000012,1.2500000000004436
238,25.49029107,51.44900779,8.5,0.238,238.0,330.8946327316404,-2.6732673267326756,straight,-1,inf,inf,False,16.600000000000236,8.150000000000116,8.45000000000012,1.2500000000004436
239,25.49029895,51.44900293,8.5,0.239,239.0,330.8135899608885,-2.64108910891089,straight,-1,inf,inf,False,16.600000000000236,8.150000000000116,8.45000000000012,1.2500000000004436
240,25.49030682,51.44899806,8.4,0.24,240.0,330.89463594262986,-2.603960396039602,straight,-1,inf,inf,False,16.600000000000236,8.150000000000116,8.45000000000012,1.2500000000004436
241,25.4903147,51.4489932,8.4,0.241,241.0,330.81359316995037,-2.564356435643562,straight,-1,inf,inf,False,16.600000000000236,8.150000000000116,8.45000000000012,1.2500000000004436
242,25.49032257,51.44898833,8.4,0.242,242.0,330.8135947453907,-2.5198019801980243,straight,-1,inf,inf,False,16.700000000000237,8.250000000000115,8.45000000000012,1.2500000000004436
243,25.49033044,51.44898346,8.3,0.243,243.0,330.73247405680286,-2.4752475247524774,straight,-1,inf,inf,False,16.700000000000237,8.250000000000115,8.45000000000012,1.2500000000004436
244,25.4903383,51.44897858,8.3,0.244,244.0,330.81359789653055,-2.4282178217821837,straight,-1,inf,inf,False,16.700000000000237,8.250000000000115,8.45000000000012,1.2500000000004436
245,25.49034617,51.44897371,8.3,0.245,245.0,330.76353563177474,-2.3762376237623783,straight,-1,inf,inf,False,16.700000000000237,8.250000000000115,8.45000000000012,1.2500000000004436
246,25.49035404,51.44896883,8.2,0.246,246.0,330.6824306565304,-2.321782178217824,straight,-1,inf,inf,False,16.700000000000237,8.250000000000115,8.45000000000012,1.2500000000004436
247,25.4903619,51.44896394,8.2,0.247,247.0,330.73248045363704,-2.267326732673265,straight,-1,inf,inf,False,15.400000000000215,8.300000000000116,7.100000000000101,1.200000000000443
248,25.49036976,51.44895906,8.2,0.248,248.0,330.71352539644704,-2.2103960396039635,straight,-1,inf,inf,False,15.400000000000215,8.300000000000116,7.100000000000101,1.200000000000443
249,25.49037763,51.44895417,8.1,0.249,249.0,330.8136059115655,-2.150990099009904,straight,-1,inf,inf,False,15.400000000000215,8.300000000000116,7.100000000000101,1.200000000000443
250,25.4903855,51.4489493,8.1,0.25,250.0,330.99495708011665,-2.089108910891091,straight,-1,inf,inf,False,15.400000000000215,8.300000000000116,7.100000000000101,1.200000000000443
251,25.49039338,51.44894446,8.0,0.251,251.0,331.07595503759285,-2.0247524752475243,straight,-1,inf,inf,False,15.400000000000215,8.300000000000116,7.100000000000101,1.200000000000443
252,25.49040127,51.44893963,8.0,0.252,252.0,331.02576472042927,-1.9554455445544572,straight,-1,inf,inf,False,16.600000000000236,8.200000000000117,8.40000000000012,1.200000000000443
253,25.49040916,51.44893479,8.0,0.253,253.0,330.94478488697274,-1.8886138613861414,straight,-1,inf,inf,False,16.600000000000236,8.200000000000117,8.40000000000012,1.200000000000443
254,25.49041704,51.44892994,7.9,0.254,254.0,330.7635500323868,-1.8193069306930674,straight,-1,inf,inf,False,16.600000000000236,8.200000000000117,8.40000000000012,1.200000000000443
255,25.49042491,51.44892506,7.9,0.255,255.0,330.7324932656299,-1.7450495049504977,straight,-1,inf,inf,False,16.600000000000236,8.200000000000117,8.40000000000012,1.200000000000443
256,25.49043277,51.44892018,7.8,0.256,256.0,330.76355316725346,-1.6707920792079234,straight,-1,inf,inf,False,16.600000000000236,8.200000000000117,8.40000000000012,1.200000000000443
257,25.49044064,51.4489153,7.8,0.257,257.0,330.7324964420943,-1.5915841584158394,straight,-1,inf,inf,False,17.300000000000242,7.980000000000112,9.320000000000132,1.5200000000004474
258,25.4904485,51.44891042,7.7,0.258,258.0,330.6824498958711,-1.5099009900990135,straight,-1,inf,inf,False,17.300000000000242,7.980000000000112,9.320000000000132,1.5200000000004474
259,25.49045636,51.44890553,7.7,0.259,259.0,330.63245233051623,-1.4306930693069275,straight,-1,inf,inf,False,17.300000000000242,7.980000000000112,9.320000000000132,1.5200000000004474
260,25.49046422,51.44890063,7.6,0.26,260.0,330.60126914892504,-1.3490099009901013,straight,-1,inf,inf,False,17.300000000000242,7.980000000000112,9.320000000000132,1.5200000000004474
261,25.49047207,51.44889573,7.6,0.261,261.0,330.63245560517703,-1.2673267326732685,straight,-1,inf,inf,False,17.300000000000242,7.980000000000112,9.320000000000132,1.5200000000004474
262,25.49047993,51.44889083,7.5,0.262,262.0,330.76356273798683,-1.183168316831682,straight,-1,inf,inf,False,16.600000000000236,7.71000000000011,8.890000000000127,1.69000000000045
263,25.4904878,51.44888595,7.5,0.263,263.0,330.8136282935716,-1.0965346534653486,straight,-1,inf,inf,False,16.600000000000236,7.71000000000011,8.890000000000127,1.69000000000045
264,25.49049567,51.44888108,7.5,0.264,264.0,330.8136299031723,-1.0099009900990108,straight,-1,inf,inf,False,16.600000000000236,7.71000000000011,8.890000000000127,1.69000000000045
265,25.49050354,51.44887621,7.4,0.265,265.0,330.8136314566208,-0.9207920792079216,straight,-1,inf,inf,False,16.600000000000236,7.71000000000011,8.890000000000127,1.69000000000045
266,25.49051141,51.44887134,7.4,0.266,266.0,330.8136330662225,-0.8316831683168324,straight,-1,inf,inf,False,16.600000000000236,7.71000000000011,8.890000000000127,1.69000000000045
267,25.49051928,51.44886647,7.3,0.267,267.0,330.8136346735374,-0.7400990099009874,straight,-1,inf,inf,False,13.500000000000192,7.480000000000105,6.020000000000087,2.0200000000004548
268,25.49052715,51.4488616,7.3,0.268,268.0,330.81363631271455,-0.6460396039603999,straight,-1,inf,inf,False,13.500000000000192,7.480000000000105,6.020000000000087,2.0200000000004548
269,25.49053502,51.44885673,7.3,0.269,269.0,330.86375063802495,-0.5495049504950478,straight,-1,inf,inf,False,13.500000000000192,7.480000000000105,6.020000000000087,2.0200000000004548
270,25.49054289,51.44885187,7.2,0.27,270.0,330.81363948562694,-0.4579207920792072,straight,-1,inf,inf,False,13.500000000000192,7.480000000000105,6.020000000000087,2.0200000000004548
271,25.49055076,51.448847,7.2,0.271,271.0,330.8136410535114,-0.36386138613861085,straight,-1,inf,inf,False,13.500000000000192,7.480000000000105,6.020000000000087,2.0200000000004548
272,25.49055863,51.44884213,7.2,0.272,272.0,330.8136426388252,-0.2673267326732631,straight,-1,inf,inf,False,13.500000000000192,6.9900000000001,6.510000000000092,2.41000000000046
273,25.4905665,51.44883726,7.2,0.273,273.0,330.76358039256314,-0.1732673267326712,straight,-1,inf,inf,False,13.500000000000192,6.9900000000001,6.510000000000092,2.41000000000046
274,25.49057437,51.44883238,7.2,0.274,274.0,330.8136458656071,-0.0742574257425721,straight,-1,inf,inf,False,13.500000000000192,6.9900000000001,6.510000000000092,2.41000000000046
275,25.49058224,51.44882751,7.2,0.275,275.0,330.76358355908735,0.022277227722771187,straight,-1,inf,inf,False,13.500000000000192,6.9900000000001,6.510000000000092,2.41000000000046
276,25.49059011,51.44882263,7.2,0.276,276.0,330.76358519996484,0.11881188118811892,straight,-1,inf,inf,False,13.500000000000192,6.9900000000001,6.510000000000092,2.41000000000046
277,25.49059798,51.44881775,7.3,0.277,277.0,330.7325284247356,0.21534653465346668,straight,-1,inf,inf,False,13.300000000000187,6.680000000000096,6.620000000000093,2.7200000000004647
278,25.49060584,51.44881287,7.3,0.278,278.0,330.7635883447227,0.30940594059405857,straight,-1,inf,inf,False,13.300000000000187,6.680000000000096,6.620000000000093,2.7200000000004647
279,25.49061371,51.44880799,7.3,0.279,279.0,330.81365384102844,0.40346534653465055,straight,-1,inf,inf,False,13.300000000000187,6.680000000000096,6.620000000000093,2.7200000000004647
280,25.49062158,51.44880312,7.3,0.28,280.0,330.86376825054447,0.49752475247524686,straight,-1,inf,inf,False,13.300000000000187,6.680000000000096,6.620000000000093,2.7200000000004647
281,25.49062945,51.44879826,7.3,0.281,281.0,330.89470133779747,0.5915841584158432,straight,-1,inf,inf,False,13.300000000000187,6.680000000000096,6.620000000000093,2.7200000000004647
282,25.49063733,51.4487934,7.3,0.282,282.0,330.8637714342061,0.6831683168316882,straight,-1,inf,inf,False,13.200000000000188,6.700000000000095,6.500000000000092,2.7000000000004647
283,25.4906452,51.44878854,7.4,0.283,283.0,330.89470451695917,0.7747524752475243,straight,-1,inf,inf,False,13.200000000000188,6.700000000000095,6.500000000000092,2.7000000000004647
284,25.49065308,51.44878368,7.4,0.284,284.0,330.9950111931423,0.8663366336633693,straight,-1,inf,inf,False,13.200000000000188,6.700000000000095,6.500000000000092,2.7000000000004647
285,25.49066096,51.44877884,7.4,0.285,285.0,330.94483585284905,0.9554455445544541,straight,-1,inf,inf,False,13.200000000000188,6.700000000000095,6.500000000000092,2.7000000000004647
286,25.49066884,51.44877399,7.4,0.286,286.0,330.97567556831785,1.0420792079207941,straight,-1,inf,inf,False,13.200000000000188,6.700000000000095,6.500000000000092,2.7000000000004647
287,25.49067673,51.44876914,7.4,0.287,287.0,330.9448390349941,1.131188118811881,straight,-1,inf,inf,False,13.500000000000192,7.190000000000132,6.31000000000006,2.210000000000428
288,25.49068461,51.44876429,7.4,0.288,288.0,330.9448406716845,1.2178217821782256,straight,-1,inf,inf,False,13.500000000000192,7.190000000000132,6.31000000000006,2.210000000000428
289,25.49069249,51.44875944,7.5,0.289,289.0,330.94484222493486,1.3044554455445545,straight,-1,inf,inf,False,13.500000000000192,7.190000000000132,6.31000000000006,2.210000000000428
290,25.49070037,51.44875459,7.5,0.29,290.0,330.944843819906,1.3910891089108945,straight,-1,inf,inf,False,13.500000000000192,7.190000000000132,6.31000000000006,2.210000000000428
291,25.49070825,51.44874974,7.5,0.291,291.0,330.9448454467802,1.4777227722772324,straight,-1,inf,inf,False,13.500000000000192,7.190000000000132,6.31000000000006,2.210000000000428
292,25.49071613,51.44874489,7.5,0.292,292.0,330.9448470196675,1.5594059405940652,straight,-1,inf,inf,False,13.500000000000192,7.681818181818351,5.8181818181818405,1.7181818181822088
293,25.49072401,51.44874004,7.5,0.293,293.0,331.0760217998012,1.6435643564356495,straight,-1,inf,inf,False,13.500000000000192,7.681818181818351,5.8181818181818405,1.7181818181822088
294,25.4907319,51.44873521,7.6,0.294,294.0,331.02583149218873,1.7277227722772313,straight,-1,inf,inf,False,13.500000000000192,7.681818181818351,5.8181818181818405,1.7181818181822088
295,25.49073979,51.44873037,7.6,0.295,295.0,330.9950287345508,1.8069306930693085,straight,-1,inf,inf,False,13.500000000000192,7.681818181818351,5.8181818181818405,1.7181818181822088
296,25.49074767,51.44872553,7.6,0.296,296.0,331.025834720234,1.8886138613861458,straight,-1,inf,inf,False,13.500000000000192,7.681818181818351,5.8181818181818405,1.7181818181822088
297,25.49075556,51.44872069,7.6,0.297,297.0,330.8136826218685,1.9653465346534738,straight,-1,inf,inf,False,18.40000000000056,8.165454545454752,10.234545454545808,1.234545454545808
298,25.49076343,51.44871582,7.6,0.298,298.0,330.8947284858379,2.0420792079207972,straight,-1,inf,inf,False,18.40000000000056,8.165454545454752,10.234545454545808,1.234545454545808
299,25.49077131,51.44871096,7.6,0.299,299.0,330.8136858309895,2.1212871287128787,straight,-1,inf,inf,False,18.40000000000056,8.165454545454752,10.234545454545808,1.234545454545808
300,25.49077918,51.44870609,7.7,0.3,300.0,330.8638001642635,2.195544554455451,straight,-1,inf,inf,False,18.40000000000056,8.165454545454752,10.234545454545808,1.234545454545808
301,25.49078705,51.44870123,7.7,0.301,301.0,330.97569949849793,2.272277227722781,straight,-1,inf,inf,False,18.40000000000056,8.165454545454752,10.234545454545808,1.234545454545808
302,25.49079494,51.44869638,7.7,0.302,302.0,331.0760360738302,2.346534653465353,straight,-1,inf,inf,False,18.21818181818238,8.600909090909335,9.617272727273043,0.7990909090912257
303,25.49080283,51.44869155,7.7,0.303,303.0,331.07603767604286,2.418316831683174,straight,-1,inf,inf,False,18.21818181818238,8.600909090909335,9.617272727273043,0.7990909090912257
304,25.49081072,51.44868672,7.7,0.304,304.0,331.07603932975354,2.487623762376243,straight,-1,inf,inf,False,18.21818181818238,8.600909090909335,9.617272727273043,0.7990909090912257
305,25.49081861,51.44868189,7.7,0.305,305.0,330.9950446390196,2.5569306930693125,straight,-1,inf,inf,False,18.21818181818238,8.600909090909335,9.617272727273043,0.7990909090912257
306,25.49082649,51.44867705,7.8,0.306,306.0,330.76363320061336,2.6237623762376305,straight,-1,inf,inf,False,18.21818181818238,8.600909090909335,9.617272727273043,0.7990909090912257
307,25.49083436,51.44867217,7.8,0.307,307.0,330.7325765209986,2.6881188118811927,straight,-1,inf,inf,False,18.0363636363642,9.018181818182098,9.018181818182098,0.3818181818184616
308,25.49084222,51.44866729,7.9,0.308,308.0,330.71362150272,2.7475247524752566,straight,-1,inf,inf,False,18.0363636363642,9.018181818182098,9.018181818182098,0.3818181818184616
309,25.49085009,51.4486624,8.0,0.309,309.0,330.7325796777405,2.8044554455445603,straight,-1,inf,inf,False,18.0363636363642,9.018181818182098,9.018181818182098,0.3818181818184616
310,25.49085795,51.44865752,8.0,0.31,310.0,330.8638161678797,2.8613861386138684,straight,-1,inf,inf,False,18.0363636363642,9.018181818182098,9.018181818182098,0.3818181818184616
311,25.49086582,51.44865266,8.1,0.311,311.0,330.8446699809544,2.9158415841584207,straight,-1,inf,inf,False,18.0363636363642,9.018181818182098,9.018181818182098,0.3818181818184616
312,25.4908737,51.44864779,8.2,0.312,312.0,330.8638192999842,2.9678217821782216,straight,-1,inf,inf,False,17.854545454546013,8.937272727273008,8.917272727273007,0.4627272727275523
313,25.49088157,51.44864293,8.2,0.313,313.0,330.89475244403695,3.0222772277227783,straight,-1,inf,inf,False,17.854545454546013,8.937272727273008,8.917272727273007,0.4627272727275523
314,25.49088945,51.44863807,8.3,0.314,314.0,330.86382250337346,3.069306930693072,straight,-1,inf,inf,False,17.854545454546013,8.937272727273008,8.917272727273007,0.4627272727275523
315,25.49089732,51.44863321,8.4,0.315,315.0,330.97572178106105,3.1163366336633747,straight,-1,inf,inf,False,17.854545454546013,8.937272727273008,8.917272727273007,0.4627272727275523
316,25.49090521,51.44862836,8.5,0.316,316.0,330.94488528123804,3.1608910891089215,straight,-1,inf,inf,False,17.854545454546013,8.937272727273008,8.917272727273007,0.4627272727275523
317,25.49091309,51.44862351,8.5,0.317,317.0,330.94488690812545,3.202970297029713,straight,-1,inf,inf,False,17.672727272727833,8.856363636363916,8.816363636363917,0.543636363636643
318,25.49092097,51.44861866,8.6,0.318,318.0,330.99506536692047,3.2450495049505035,straight,-1,inf,inf,False,17.672727272727833,8.856363636363916,8.816363636363917,0.543636363636643
319,25.49092885,51.44861382,8.7,0.319,319.0,330.89476201452067,3.284653465346543,straight,-1,inf,inf,False,17.672727272727833,8.856363636363916,8.816363636363917,0.543636363636643
320,25.49093673,51.44860896,8.7,0.32,320.0,330.94489166118063,3.3193069306930756,straight,-1,inf,inf,False,17.672727272727833,8.856363636363916,8.816363636363917,0.543636363636643
321,25.49094461,51.44860411,8.8,0.321,321.0,330.9448932880701,3.3514851485148567,straight,-1,inf,inf,False,17.672727272727833,8.856363636363916,8.816363636363917,0.543636363636643
322,25.49095249,51.44859926,8.9,0.322,322.0,330.94489486097274,3.3811881188118864,straight,-1,inf,inf,False,17.390909090909652,8.675454545454825,8.715454545454826,0.6245454545457338
323,25.49096037,51.44859441,8.9,0.323,323.0,330.94489646822774,3.413366336633668,straight,-1,inf,inf,False,17.390909090909652,8.675454545454825,8.715454545454826,0.6245454545457338
324,25.49096825,51.44858956,9.0,0.324,324.0,330.9448980411314,3.4430693069306977,straight,-1,inf,inf,False,17.390909090909652,8.675454545454825,8.715454545454826,0.6245454545457338
325,25.49097613,51.44858471,9.1,0.325,325.0,330.9448996901077,3.4678217821782242,straight,-1,inf,inf,False,17.390909090909652,8.675454545454825,8.715454545454826,0.6245454545457338
326,25.49098401,51.44857986,9.1,0.326,326.0,330.97573928429773,3.4925742574257472,straight,-1,inf,inf,False,17.390909090909652,8.675454545454825,8.715454545454826,0.6245454545457338
327,25.4909919,51.44857501,9.2,0.327,327.0,330.99507969836117,3.512376237623767,straight,-1,inf,inf,False,17.20909090909147,8.594545454545734,8.614545454545734,0.7054545454548247
328,25.49099978,51.44857017,9.3,0.328,328.0,331.07607742654375,3.532178217821782,straight,-1,inf,inf,False,17.20909090909147,8.594545454545734,8.614545454545734,0.7054545454548247
329,25.49100767,51.44856534,9.3,0.329,329.0,331.15699638628234,3.549504950495055,straight,-1,inf,inf,False,17.20909090909147,8.594545454545734,8.614545454545734,0.7054545454548247
330,25.49101557,51.44856052,9.4,0.33,330.0,331.12632106733196,3.5643564356435675,straight,-1,inf,inf,False,17.20909090909147,8.594545454545734,8.614545454545734,0.7054545454548247
331,25.49102346,51.4485557,9.4,0.331,331.0,331.15699956752854,3.5742574257425774,straight,-1,inf,inf,False,17.20909090909147,8.594545454545734,8.614545454545734,0.7054545454548247
332,25.49103136,51.44855088,9.5,0.332,332.0,331.07608381015507,3.5866336633663383,straight,-1,inf,inf,False,17.027272727273285,8.513636363636643,8.513636363636643,0.7863636363639156
333,25.49103925,51.44854605,9.5,0.333,333.0,331.0760854247715,3.596534653465348,straight,-1,inf,inf,False,17.027272727273285,8.513636363636643,8.513636363636643,0.7863636363639156
334,25.49104714,51.44854122,9.6,0.334,334.0,331.07608699505687,3.603960396039607,straight,-1,inf,inf,False,17.027272727273285,8.513636363636643,8.513636363636643,0.7863636363639156
335,25.49105503,51.44853639,9.6,0.335,335.0,331.0760885972858,3.611386138613866,straight,-1,inf,inf,False,17.027272727273285,8.513636363636643,8.513636363636643,0.7863636363639156
336,25.49106292,51.44853156,9.7,0.336,336.0,331.0258983755561,3.616336633663368,straight,-1,inf,inf,False,17.027272727273285,8.513636363636643,8.513636363636643,0.7863636363639156
337,25.49107081,51.44852672,9.8,0.337,337.0,330.94491881258404,3.61881188118812,straight,-1,inf,inf,False,16.845454545455105,8.422727272727553,8.42272727272755,0.8772727272730065
338,25.49107869,51.44852187,9.8,0.338,338.0,330.94492041494794,3.6188118811881242,straight,-1,inf,inf,False,16.845454545455105,8.422727272727553,8.42272727272755,0.8772727272730065
339,25.49108657,51.44851702,9.9,0.339,339.0,330.9449220123934,3.613861386138613,straight,-1,inf,inf,False,16.845454545455105,8.422727272727553,8.42272727272755,0.8772727272730065
340,25.49109445,51.44851217,9.9,0.34,340.0,330.9449236172078,3.606435643564358,straight,-1,inf,inf,False,16.845454545455105,8.422727272727553,8.42272727272755,0.8772727272730065
341,25.49110233,51.44850732,9.9,0.341,341.0,330.9449251925695,3.596534653465348,straight,-1,inf,inf,False,16.845454545455105,8.422727272727553,8.42272727272755,0.8772727272730065
342,25.49111021,51.44850247,10.0,0.342,342.0,330.89479875132156,3.5841584158415833,straight,-1,inf,inf,False,16.663636363636922,8.331818181818461,8.331818181818461,0.9681818181820976
343,25.49111809,51.44849761,10.0,0.343,343.0,330.94492838256525,3.5693069306930703,straight,-1,inf,inf,False,16.663636363636922,8.331818181818461,8.331818181818461,0.9681818181820976
344,25.49112597,51.44849276,10.1,0.344,344.0,330.89480197665796,3.5544554455445576,straight,-1,inf,inf,False,16.663636363636922,8.331818181818461,8.331818181818461,0.9681818181820976
345,25.49113385,51.4484879,10.1,0.345,345.0,330.91403368016364,3.534653465346538,straight,-1,inf,inf,False,16.663636363636922,8.331818181818461,8.331818181818461,0.9681818181820976
346,25.49114172,51.44848305,10.2,0.346,346.0,330.8948051704849,3.5099009900990152,straight,-1,inf,inf,False,16.663636363636922,8.331818181818461,8.331818181818461,0.9681818181820976
347,25.4911496,51.44847819,10.2,0.347,347.0,330.9449347482717,3.4826732673267373,straight,-1,inf,inf,False,16.48181818181874,8.079090909091153,8.402727272727587,1.2209090909094051
348,25.49115748,51.44847334,10.2,0.348,348.0,330.9449363849926,3.4554455445544585,straight,-1,inf,inf,False,16.48181818181874,8.079090909091153,8.402727272727587,1.2209090909094051
349,25.49116536,51.44846849,10.3,0.349,349.0,330.89480990677464,3.425742574257429,straight,-1,inf,inf,False,16.48181818181874,8.079090909091153,8.402727272727587,1.2209090909094051
350,25.49117324,51.44846363,10.3,0.35,350.0,331.0259206661701,3.391089108910892,straight,-1,inf,inf,False,16.48181818181874,8.079090909091153,8.402727272727587,1.2209090909094051
351,25.49118113,51.44845879,10.4,0.351,351.0,331.1263544679639,3.3564356435643594,straight,-1,inf,inf,False,16.48181818181874,8.079090909091153,8.402727272727587,1.2209090909094051
352,25.49118902,51.44845397,10.4,0.352,352.0,331.1570329331379,3.3168316831683198,straight,-1,inf,inf,False,16.30000000000056,7.774545454545662,8.525454545454895,1.525454545454896
353,25.49119692,51.44844915,10.4,0.353,353.0,331.1263576389443,3.2722772277227774,straight,-1,inf,inf,False,16.30000000000056,7.774545454545662,8.525454545454895,1.525454545454896
354,25.49120481,51.44844433,10.5,0.354,354.0,331.15703609491254,3.2301980198019864,straight,-1,inf,inf,False,16.30000000000056,7.774545454545662,8.525454545454895,1.525454545454896
355,25.49121271,51.44843951,10.5,0.355,355.0,330.9951243414093,3.1831683168316838,straight,-1,inf,inf,False,16.30000000000056,7.774545454545662,8.525454545454895,1.525454545454896
356,25.49122059,51.44843467,10.5,0.356,356.0,330.9757871410376,3.1336633663366342,straight,-1,inf,inf,False,16.30000000000056,7.774545454545662,8.525454545454895,1.525454545454896
357,25.49122848,51.44842982,10.6,0.357,357.0,330.995127510346,3.0816831683168333,straight,-1,inf,inf,False,14.3000000000002,7.408181818181987,6.891818181818215,1.7918181818185683
358,25.49123636,51.44842498,10.6,0.358,358.0,331.02593349348507,3.027227722772281,straight,-1,inf,inf,False,14.3000000000002,7.408181818181987,6.891818181818215,1.7918181818185683
359,25.49124425,51.44842014,10.6,0.359,359.0,330.99513068909164,2.967821782178217,straight,-1,inf,inf,False,14.3000000000002,7.408181818181987,6.891818181818215,1.7918181818185683
360,25.49125213,51.4484153,10.7,0.36,360.0,330.97579349874803,2.9108910891089135,straight,-1,inf,inf,False,14.3000000000002,7.408181818181987,6.891818181818215,1.7918181818185683
361,25.49126002,51.44841045,10.7,0.361,361.0,330.99513392919386,2.849009900990098,straight,-1,inf,inf,False,14.3000000000002,7.408181818181987,6.891818181818215,1.7918181818185683
362,25.4912679,51.44840561,10.7,0.362,362.0,330.9951354709135,2.787128712871292,straight,-1,inf,inf,False,13.600000000000191,7.170000000000133,6.430000000000058,2.030000000000422
363,25.49127578,51.44840077,10.7,0.363,363.0,330.97579834386386,2.720297029702974,straight,-1,inf,inf,False,13.600000000000191,7.170000000000133,6.430000000000058,2.030000000000422
364,25.49128367,51.44839592,10.8,0.364,364.0,330.86390243788156,2.6509900990099045,straight,-1,inf,inf,False,13.600000000000191,7.170000000000133,6.430000000000058,2.030000000000422
365,25.49129154,51.44839106,10.8,0.365,365.0,330.89483551657145,2.581683168316835,straight,-1,inf,inf,False,13.600000000000191,7.170000000000133,6.430000000000058,2.030000000000422
366,25.49129942,51.4483862,10.8,0.366,366.0,330.86390569291154,2.5123762376237657,straight,-1,inf,inf,False,13.600000000000191,7.170000000000133,6.430000000000058,2.030000000000422
367,25.49130729,51.44838134,10.8,0.367,367.0,330.844759471782,2.440594059405945,straight,-1,inf,inf,False,13.600000000000191,6.850000000000097,6.750000000000096,2.250000000000458
368,25.49131517,51.44837647,10.8,0.368,368.0,330.9449682935128,2.363861386138617,straight,-1,inf,inf,False,13.600000000000191,6.850000000000097,6.750000000000096,2.250000000000458
369,25.49132305,51.44837162,10.9,0.369,369.0,330.944969846804,2.287128712871289,straight,-1,inf,inf,False,13.600000000000191,6.850000000000097,6.750000000000096,2.250000000000458
370,25.49133093,51.44836677,10.9,0.37,370.0,330.99514822485423,2.2079207920792143,straight,-1,inf,inf,False,13.600000000000191,6.850000000000097,6.750000000000096,2.250000000000458
371,25.49133881,51.44836193,10.9,0.371,371.0,330.9758110639763,2.131188118811882,straight,-1,inf,inf,False,13.600000000000191,6.850000000000097,6.750000000000096,2.250000000000458
372,25.4913467,51.44835708,10.9,0.372,372.0,330.99515141342016,2.051980198019807,straight,-1,inf,inf,False,13.500000000000192,6.730000000000096,6.770000000000096,2.2700000000004588
373,25.49135458,51.44835224,10.9,0.373,373.0,330.8138042579335,1.970297029702972,straight,-1,inf,inf,False,13.500000000000192,6.730000000000096,6.770000000000096,2.2700000000004588
374,25.49136245,51.44834737,10.9,0.374,374.0,330.7326838921441,1.8886138613861414,straight,-1,inf,inf,False,13.500000000000192,6.730000000000096,6.770000000000096,2.2700000000004588
375,25.49137031,51.44834249,11.0,0.375,375.0,330.76374371660046,1.8044554455445596,straight,-1,inf,inf,False,13.500000000000192,6.730000000000096,6.770000000000096,2.2700000000004588
376,25.49137818,51.44833761,11.0,0.376,376.0,330.7637452543932,1.720297029702973,straight,-1,inf,inf,False,13.500000000000192,6.730000000000096,6.770000000000096,2.2700000000004588
377,25.49138605,51.44833273,11.0,0.377,377.0,330.7326887228383,1.6361386138613865,straight,-1,inf,inf,False,13.500000000000192,6.760000000000096,6.740000000000096,2.240000000000458
378,25.49139391,51.44832785,11.0,0.378,378.0,330.81381221943224,1.5519801980198,straight,-1,inf,inf,False,13.500000000000192,6.760000000000096,6.740000000000096,2.240000000000458
379,25.49140178,51.44832298,11.0,0.379,379.0,330.8138138070881,1.4702970297029738,straight,-1,inf,inf,False,13.500000000000192,6.760000000000096,6.740000000000096,2.240000000000458
380,25.49140965,51.44831811,11.0,0.38,380.0,330.76375168111406,1.3886138613861387,straight,-1,inf,inf,False,13.500000000000192,6.760000000000096,6.740000000000096,2.240000000000458
381,25.49141752,51.44831323,11.0,0.381,381.0,330.8138170119756,1.306930693069308,straight,-1,inf,inf,False,13.500000000000192,6.760000000000096,6.740000000000096,2.240000000000458
382,25.49142539,51.44830836,11.0,0.382,382.0,330.76375489931564,1.2252475247524774,straight,-1,inf,inf,False,13.700000000000196,6.810000000000096,6.890000000000098,2.190000000000458
383,25.49143326,51.44830348,11.1,0.383,383.0,330.73269829071893,1.1460396039603982,straight,-1,inf,inf,False,13.700000000000196,6.810000000000096,6.890000000000098,2.190000000000458
384,25.49144112,51.4482986,11.1,0.384,384.0,330.76375810784305,1.066831683168319,straight,-1,inf,inf,False,13.700000000000196,6.810000000000096,6.890000000000098,2.190000000000458
385,25.49144899,51.44829372,11.1,0.385,385.0,330.81382336814903,0.9876237623762352,straight,-1,inf,inf,False,13.700000000000196,6.810000000000096,6.890000000000098,2.190000000000458
386,25.49145686,51.44828885,11.1,0.386,386.0,330.73270309946304,0.9133663366336632,straight,-1,inf,inf,False,13.700000000000196,6.810000000000096,6.890000000000098,2.190000000000458
387,25.49146472,51.44828397,11.1,0.387,387.0,330.7637628815524,0.8415841584158423,straight,-1,inf,inf,False,13.300000000000187,6.770000000000096,6.530000000000093,2.1300000000004564
388,25.49147259,51.44827909,11.1,0.388,388.0,330.7327063397648,0.7698019801980216,straight,-1,inf,inf,False,13.300000000000187,6.770000000000096,6.530000000000093,2.1300000000004564
389,25.49148045,51.44827421,11.1,0.389,389.0,330.76376606812306,0.7004950495049522,straight,-1,inf,inf,False,13.300000000000187,6.770000000000096,6.530000000000093,2.1300000000004564
390,25.49148832,51.44826933,11.1,0.39,390.0,330.7637676772282,0.6361386138613856,straight,-1,inf,inf,False,13.300000000000187,6.770000000000096,6.530000000000093,2.1300000000004564
391,25.49149619,51.44826445,11.1,0.391,391.0,330.6826631360137,0.5693069306930676,straight,-1,inf,inf,False,13.300000000000187,6.770000000000096,6.530000000000093,2.1300000000004564
392,25.49150405,51.44825956,11.1,0.392,392.0,330.73271269515607,0.5074257425742568,straight,-1,inf,inf,False,13.700000000000196,6.850000000000097,6.850000000000097,2.0500000000004555
393,25.49151191,51.44825468,11.2,0.393,393.0,330.6826663359603,0.4480198019801973,straight,-1,inf,inf,False,13.700000000000196,6.850000000000097,6.850000000000097,2.0500000000004555
394,25.49151977,51.44824979,11.2,0.394,394.0,330.68266794795807,0.38861386138613785,straight,-1,inf,inf,False,13.700000000000196,6.850000000000097,6.850000000000097,2.0500000000004555
395,25.49152763,51.4482449,11.2,0.395,395.0,330.68266954580724,0.3316831683168342,straight,-1,inf,inf,False,13.700000000000196,6.850000000000097,6.850000000000097,2.0500000000004555
396,25.49153549,51.44824001,11.2,0.396,396.0,330.6326722358134,0.2772277227722775,straight,-1,inf,inf,False,13.700000000000196,6.850000000000097,6.850000000000097,2.0500000000004555
397,25.49154335,51.44823511,11.2,0.397,397.0,330.68267276768,0.22524752475247212,straight,-1,inf,inf,False,13.700000000000196,6.770000000000096,6.930000000000098,2.030000000000455
398,25.49155121,51.44823022,11.2,0.398,398.0,330.60149080225307,0.175742574257427,straight,-1,inf,inf,False,13.700000000000196,6.770000000000096,6.930000000000098,2.030000000000455
399,25.49155906,51.44822532,11.2,0.399,399.0,330.63267702889436,0.12871287128713327,straight,-1,inf,inf,False,13.700000000000196,6.770000000000096,6.930000000000098,2.030000000000455
400,25.49156692,51.44822042,11.2,0.4,400.0,330.76378369099933,0.07920792079207928,straight,-1,inf,inf,False,13.700000000000196,6.770000000000096,6.930000000000098,2.030000000000455
401,25.49157479,51.44821554,11.2,0.401,401.0,330.73272707957966,0.034653465346536905,straight,-1,inf,inf,False,13.700000000000196,6.770000000000096,6.930000000000098,2.030000000000455
402,25.49158265,51.44821066,11.3,0.402,402.0,330.76378684575275,-0.00990099009900991,straight,-1,inf,inf,False,13.700000000000196,6.610000000000094,7.090000000000101,2.090000000000456
403,25.49159052,51.44820578,11.3,0.403,403.0,330.7327303100089,-0.05198019801980536,straight,-1,inf,inf,False,13.700000000000196,6.610000000000094,7.090000000000101,2.090000000000456
404,25.49159838,51.4482009,11.3,0.404,404.0,330.76379001037685,-0.09158415841584056,straight,-1,inf,inf,False,13.700000000000196,6.610000000000094,7.090000000000101,2.090000000000456
405,25.49160625,51.44819602,11.3,0.405,405.0,330.6826855496521,-0.1287128712871244,straight,-1,inf,inf,False,13.700000000000196,6.610000000000094,7.090000000000101,2.090000000000456
406,25.49161411,51.44819113,11.3,0.406,406.0,330.73273509697464,-0.17079207920791983,straight,-1,inf,inf,False,13.700000000000196,6.610000000000094,7.090000000000101,2.090000000000456
407,25.49162197,51.44818625,11.3,0.407,407.0,330.6826887298163,-0.2103960396039639,straight,-1,inf,inf,False,13.300000000000187,6.5700000000000935,6.730000000000096,2.1300000000004564
408,25.49162983,51.44818136,11.3,0.408,408.0,330.7137816979555,-0.2450495049504964,straight,-1,inf,inf,False,13.300000000000187,6.5700000000000935,6.730000000000096,2.1300000000004564
409,25.4916377,51.44817647,11.3,0.409,409.0,330.60150848021107,-0.27970297029702884,straight,-1,inf,inf,False,13.300000000000187,6.5700000000000935,6.730000000000096,2.1300000000004564
410,25.49164555,51.44817157,11.3,0.41,410.0,330.6326946534812,-0.3118811881188144,straight,-1,inf,inf,False,13.300000000000187,6.5700000000000935,6.730000000000096,2.1300000000004564
411,25.49165341,51.44816667,11.3,0.411,411.0,330.65154357110555,-0.34405940594059103,straight,-1,inf,inf,False,13.300000000000187,6.5700000000000935,6.730000000000096,2.1300000000004564
412,25.49166126,51.44816178,11.3,0.412,412.0,330.6326978865982,-0.37871287128712794,straight,-1,inf,inf,False,14.300000000000203,7.560000000000107,6.740000000000096,2.1400000000004566
413,25.49166912,51.44815688,11.3,0.413,413.0,330.5515321030841,-0.410891089108909,straight,-1,inf,inf,False,14.300000000000203,7.560000000000107,6.740000000000096,2.1400000000004566
414,25.49167697,51.44815197,11.3,0.414,414.0,330.6327010660476,-0.44554455445544594,straight,-1,inf,inf,False,14.300000000000203,7.560000000000107,6.740000000000096,2.1400000000004566
415,25.49168483,51.44814707,11.3,0.415,415.0,330.55153535359017,-0.47524752475247567,straight,-1,inf,inf,False,14.300000000000203,7.560000000000107,6.740000000000096,2.1400000000004566
416,25.49169268,51.44814216,11.2,0.416,416.0,330.6015196395767,-0.5049504950495054,straight,-1,inf,inf,False,14.300000000000203,7.560000000000107,6.740000000000096,2.1400000000004566
417,25.49170053,51.44813726,11.2,0.417,417.0,330.63270588890754,-0.5321782178217838,straight,-1,inf,inf,False,15.30000000000022,7.810000000000112,7.490000000000107,2.090000000000456
418,25.49170839,51.44813236,11.1,0.418,418.0,330.68270634129186,-0.5594059405940577,straight,-1,inf,inf,False,15.30000000000022,7.810000000000112,7.490000000000107,2.090000000000456
419,25.49171625,51.44812747,11.1,0.419,419.0,330.6827079313803,-0.5841584158415847,straight,-1,inf,inf,False,15.30000000000022,7.810000000000112,7.490000000000107,2.090000000000456
420,25.49172411,51.44812258,11.0,0.42,420.0,330.73275744276486,-0.6064356435643559,straight,-1,inf,inf,False,15.30000000000022,7.810000000000112,7.490000000000107,2.090000000000456
421,25.49173197,51.4481177,11.0,0.421,421.0,330.7138024659686,-0.6287128712871315,straight,-1,inf,inf,False,15.30000000000022,7.810000000000112,7.490000000000107,2.090000000000456
422,25.49173984,51.44811281,10.9,0.422,422.0,330.78285759718216,-0.6460396039603955,straight,-1,inf,inf,False,14.80000000000021,7.350000000000104,7.450000000000106,2.0500000000004555
423,25.4917477,51.44810794,10.9,0.423,423.0,330.76382042695815,-0.663366336633664,straight,-1,inf,inf,False,14.80000000000021,7.350000000000104,7.450000000000106,2.0500000000004555
424,25.49175557,51.44810306,10.9,0.424,424.0,330.76382198451284,-0.6831683168316838,straight,-1,inf,inf,False,14.80000000000021,7.350000000000104,7.450000000000106,2.0500000000004555
425,25.49176344,51.44809818,10.8,0.425,425.0,330.8138871883424,-0.6980198019801964,straight,-1,inf,inf,False,14.80000000000021,7.350000000000104,7.450000000000106,2.0500000000004555
426,25.49177131,51.44809331,10.8,0.426,426.0,330.55155301641355,-0.7128712871287135,straight,-1,inf,inf,False,14.80000000000021,7.350000000000104,7.450000000000106,2.0500000000004555
427,25.49177916,51.4480884,10.7,0.427,427.0,330.5515545552541,-0.7277227722772306,straight,-1,inf,inf,False,14.200000000000202,6.930000000000098,7.270000000000103,1.7700000000004514
428,25.49178701,51.44808349,10.7,0.428,428.0,330.5016225977938,-0.7376237623762361,straight,-1,inf,inf,False,14.200000000000202,6.930000000000098,7.270000000000103,1.7700000000004514
429,25.49179486,51.44807857,10.6,0.429,429.0,330.5202799014512,-0.7475247524752504,straight,-1,inf,inf,False,14.200000000000202,6.930000000000098,7.270000000000103,1.7700000000004514
430,25.4918027,51.44807366,10.6,0.43,430.0,330.6827255292333,-0.7549504950495045,straight,-1,inf,inf,False,14.200000000000202,6.930000000000098,7.270000000000103,1.7700000000004514
431,25.49181056,51.44806877,10.5,0.431,431.0,330.81389678513983,-0.7599009900990117,straight,-1,inf,inf,False,14.200000000000202,6.930000000000098,7.270000000000103,1.7700000000004514
432,25.49181843,51.4480639,10.5,0.432,432.0,330.7638348098085,-0.7648514851485144,straight,-1,inf,inf,False,14.900000000000212,7.650000000000109,7.250000000000103,1.6500000000004498
433,25.4918263,51.44805902,10.5,0.433,433.0,330.76383634763044,-0.7698019801980172,straight,-1,inf,inf,False,14.900000000000212,7.650000000000109,7.250000000000103,1.6500000000004498
434,25.49183417,51.44805414,10.4,0.434,434.0,330.73277979096787,-0.7747524752475243,straight,-1,inf,inf,False,14.900000000000212,7.650000000000109,7.250000000000103,1.6500000000004498
435,25.49184203,51.44804926,10.4,0.435,435.0,330.7638395858158,-0.7772277227722801,straight,-1,inf,inf,False,14.900000000000212,7.650000000000109,7.250000000000103,1.6500000000004498
436,25.4918499,51.44804438,10.4,0.436,436.0,330.73278301154295,-0.7797029702970315,straight,-1,inf,inf,False,14.900000000000212,7.650000000000109,7.250000000000103,1.6500000000004498
437,25.49185776,51.4480395,10.4,0.437,437.0,330.7638427702109,-0.7797029702970271,straight,-1,inf,inf,False,14.900000000000212,7.0600000000001,7.840000000000112,1.540000000000448
438,25.49186563,51.44803462,10.3,0.438,438.0,330.7327862420079,-0.7797029702970315,straight,-1,inf,inf,False,14.900000000000212,7.0600000000001,7.840000000000112,1.540000000000448
439,25.49187349,51.44802974,10.3,0.439,439.0,330.6827399492646,-0.7772277227722757,straight,-1,inf,inf,False,14.900000000000212,7.0600000000001,7.840000000000112,1.540000000000448
440,25.49188135,51.44802485,10.3,0.44,440.0,330.7638475024947,-0.772277227722773,straight,-1,inf,inf,False,14.900000000000212,7.0600000000001,7.840000000000112,1.540000000000448
441,25.49188922,51.44801997,10.3,0.441,441.0,330.7327910169511,-0.7648514851485144,straight,-1,inf,inf,False,14.900000000000212,7.0600000000001,7.840000000000112,1.540000000000448
442,25.49189708,51.44801509,10.3,0.442,442.0,330.71383608555345,-0.7574257425742603,straight,-1,inf,inf,False,14.900000000000212,7.670000000000109,7.230000000000103,1.4300000000004467
443,25.49190495,51.4480102,10.3,0.443,443.0,330.86402846667414,-0.7499999999999973,straight,-1,inf,inf,False,14.900000000000212,7.670000000000109,7.230000000000103,1.4300000000004467
444,25.49191282,51.44800534,10.3,0.444,444.0,330.8139175210587,-0.7425742574257432,straight,-1,inf,inf,False,14.900000000000212,7.670000000000109,7.230000000000103,1.4300000000004467
445,25.49192069,51.44800047,10.3,0.445,445.0,330.8139191504678,-0.7351485148514891,straight,-1,inf,inf,False,14.900000000000212,7.670000000000109,7.230000000000103,1.4300000000004467
446,25.49192856,51.4479956,10.3,0.446,446.0,330.89496462120377,-0.720297029702972,straight,-1,inf,inf,False,14.900000000000212,7.670000000000109,7.230000000000103,1.4300000000004467
447,25.49193644,51.44799074,10.3,0.447,447.0,330.89496616407456,-0.7029702970296992,straight,-1,inf,inf,False,14.1000000000002,7.240000000000103,6.860000000000097,1.2600000000004443
448,25.49194432,51.44798588,10.3,0.448,448.0,330.94509563319394,-0.6856435643564307,straight,-1,inf,inf,False,14.1000000000002,7.240000000000103,6.860000000000097,1.2600000000004443
449,25.4919522,51.44798103,10.3,0.449,449.0,330.94509720616134,-0.6658415841584153,straight,-1,inf,inf,False,14.1000000000002,7.240000000000103,6.860000000000097,1.2600000000004443
450,25.49196008,51.44797618,10.3,0.45,450.0,330.94509884293393,-0.6460396039603999,straight,-1,inf,inf,False,14.1000000000002,7.240000000000103,6.860000000000097,1.2600000000004443
451,25.49196796,51.44797133,10.3,0.451,451.0,331.0762728393285,-0.6237623762376243,straight,-1,inf,inf,False,14.1000000000002,7.240000000000103,6.860000000000097,1.2600000000004443
452,25.49197585,51.4479665,10.3,0.452,452.0,331.07627442206234,-0.6014851485148576,straight,-1,inf,inf,False,14.300000000000203,6.970000000000099,7.330000000000104,1.2300000000004438
453,25.49198374,51.44796167,10.3,0.453,453.0,331.0762760856256,-0.5767326732673261,straight,-1,inf,inf,False,14.300000000000203,6.970000000000099,7.330000000000104,1.2300000000004438
454,25.49199163,51.44795684,10.3,0.454,454.0,331.0762776168632,-0.5495049504950522,straight,-1,inf,inf,False,14.300000000000203,6.970000000000099,7.330000000000104,1.2300000000004438
455,25.49199952,51.44795201,10.3,0.455,455.0,331.0762792289301,-0.5247524752475252,straight,-1,inf,inf,False,14.300000000000203,6.970000000000099,7.330000000000104,1.2300000000004438
456,25.49200741,51.44794718,10.3,0.456,456.0,331.02608921690637,-0.49752475247525124,straight,-1,inf,inf,False,14.300000000000203,6.970000000000099,7.330000000000104,1.2300000000004438
457,25.4920153,51.44794234,10.3,0.457,457.0,331.0762824778426,-0.4727722772277199,straight,-1,inf,inf,False,14.400000000000205,7.110000000000101,7.290000000000104,1.0900000000004415
458,25.49202319,51.44793751,10.3,0.458,458.0,331.02609240543677,-0.44554455445544594,straight,-1,inf,inf,False,14.400000000000205,7.110000000000101,7.290000000000104,1.0900000000004415
459,25.49203108,51.44793267,10.3,0.459,459.0,331.17681465636736,-0.42079207920792344,straight,-1,inf,inf,False,14.400000000000205,7.110000000000101,7.290000000000104,1.0900000000004415
460,25.49203897,51.44792786,10.3,0.46,460.0,331.4194154807427,-0.39356435643564064,straight,-1,inf,inf,False,14.400000000000205,7.110000000000101,7.290000000000104,1.0900000000004415
461,25.49204689,51.44792308,10.3,0.461,461.0,331.46979669423513,-0.36633663366336666,straight,-1,inf,inf,False,14.400000000000205,7.110000000000101,7.290000000000104,1.0900000000004415
462,25.49205481,51.44791831,10.3,0.462,462.0,331.4194186952834,-0.3415841584158441,straight,-1,inf,inf,False,15.200000000000216,7.700000000000109,7.5000000000001075,0.9000000000004389
463,25.49206273,51.44791353,10.3,0.463,463.0,331.4194202720395,-0.31683168316831267,straight,-1,inf,inf,False,15.200000000000216,7.700000000000109,7.5000000000001075,0.9000000000004389
464,25.49207065,51.44790875,10.3,0.464,464.0,331.4394150214434,-0.28960396039603875,straight,-1,inf,inf,False,15.200000000000216,7.700000000000109,7.5000000000001075,0.9000000000004389
465,25.49207856,51.44790398,10.3,0.465,465.0,331.41942344288236,-0.26237623762376483,straight,-1,inf,inf,False,15.200000000000216,7.700000000000109,7.5000000000001075,0.9000000000004389
466,25.49208648,51.4478992,10.3,0.466,466.0,331.46980461533263,-0.23762376237623783,straight,-1,inf,inf,False,15.200000000000216,7.700000000000109,7.5000000000001075,0.9000000000004389
467,25.4920944,51.44789443,10.3,0.467,467.0,331.4698062416713,-0.21287128712871084,straight,-1,inf,inf,False,15.100000000000216,7.630000000000109,7.470000000000106,0.8700000000004383
468,25.49210232,51.44788966,10.3,0.468,468.0,331.6816225587639,-0.1905940594059441,straight,-1,inf,inf,False,15.100000000000216,7.630000000000109,7.470000000000106,0.8700000000004383
469,25.49211026,51.44788492,10.2,0.469,469.0,331.6816241718439,-0.1658415841584171,straight,-1,inf,inf,False,15.100000000000216,7.630000000000109,7.470000000000106,0.8700000000004383
470,25.4921182,51.44788018,10.2,0.47,470.0,331.7019991982305,-0.14603960396039728,straight,-1,inf,inf,False,15.100000000000216,7.630000000000109,7.470000000000106,0.8700000000004383
471,25.49212613,51.44787545,10.2,0.471,471.0,331.68162734137894,-0.12623762376237302,straight,-1,inf,inf,False,15.100000000000216,7.630000000000109,7.470000000000106,0.8700000000004383
472,25.49213407,51.44787071,10.2,0.472,472.0,331.681628944876,-0.10643564356435764,straight,-1,inf,inf,False,14.200000000000202,6.940000000000099,7.260000000000104,0.6600000000004355
473,25.49214201,51.44786597,10.2,0.473,473.0,331.7321327864364,-0.08910891089109363,straight,-1,inf,inf,False,14.200000000000202,6.940000000000099,7.260000000000104,0.6600000000004355
474,25.49214995,51.44786124,10.2,0.474,474.0,331.6816320651266,-0.07178217821782074,straight,-1,inf,inf,False,14.200000000000202,6.940000000000099,7.260000000000104,0.6600000000004355
475,25.49215789,51.4478565,10.2,0.475,475.0,331.7826861647106,-0.05445544554455228,straight,-1,inf,inf,False,14.200000000000202,6.940000000000099,7.260000000000104,0.6600000000004355
476,25.49216583,51.44785178,10.1,0.476,476.0,331.81272265231297,-0.03960396039603964,straight,-1,inf,inf,False,14.200000000000202,6.940000000000099,7.260000000000104,0.6600000000004355
477,25.49217378,51.44784706,10.1,0.477,477.0,331.86328703929564,-0.027227722772278362,straight,-1,inf,inf,False,14.600000000000207,7.820000000000111,6.780000000000096,0.3800000000004315
478,25.49218173,51.44784235,10.1,0.478,478.0,331.8632886477994,-0.014851485148517085,straight,-1,inf,inf,False,14.600000000000207,7.820000000000111,6.780000000000096,0.3800000000004315
479,25.49218968,51.44783764,10.1,0.479,479.0,331.78269247027833,-0.004950495049507175,straight,-1,inf,inf,False,14.600000000000207,7.820000000000111,6.780000000000096,0.3800000000004315
480,25.49219762,51.44783292,10.1,0.48,480.0,331.8127289082949,0.0049504950495027344,straight,-1,inf,inf,False,14.600000000000207,7.820000000000111,6.780000000000096,0.3800000000004315
481,25.49220557,51.4478282,10.1,0.481,481.0,331.78269565902383,0.012376237623761275,straight,-1,inf,inf,False,14.600000000000207,7.820000000000111,6.780000000000096,0.3800000000004315
482,25.49221351,51.44782348,10.0,0.482,482.0,331.8127320948214,0.01980198019801982,straight,-1,inf,inf,False,13.500000000000192,6.510000000000092,6.9900000000001,0.1900000000004289
483,25.49222146,51.44781876,10.0,0.483,483.0,331.9139071534144,0.024752475247527,straight,-1,inf,inf,False,13.500000000000192,6.510000000000092,6.9900000000001,0.1900000000004289
484,25.49222941,51.44781406,10.0,0.484,484.0,332.20594183513316,0.02970297029702973,straight,-1,inf,inf,False,13.500000000000192,6.510000000000092,6.9900000000001,0.1900000000004289
485,25.49223739,51.4478094,10.1,0.485,485.0,332.17629730711093,0.034653465346532464,straight,-1,inf,inf,False,13.500000000000192,6.510000000000092,6.9900000000001,0.1900000000004289
486,25.49224536,51.44780474,10.1,0.486,486.0,332.2059449910666,0.034653465346536905,straight,-1,inf,inf,False,13.500000000000192,6.510000000000092,6.9900000000001,0.1900000000004289
487,25.49225334,51.44780008,10.1,0.487,487.0,332.17630043698944,0.0321782178217811,straight,-1,inf,inf,False,14.200000000000202,6.590000000000094,7.610000000000108,0.1100000000004279
488,25.49226131,51.44779542,10.1,0.488,488.0,332.0748898888633,0.02970297029702529,straight,-1,inf,inf,False,14.200000000000202,6.590000000000094,7.610000000000108,0.1100000000004279
489,25.49226928,51.44779074,10.2,0.489,489.0,332.12557378460826,0.024752475247527,straight,-1,inf,inf,False,14.200000000000202,6.590000000000094,7.610000000000108,0.1100000000004279
490,25.49227725,51.44778607,10.2,0.49,490.0,332.04511707675886,0.017326732673272893,straight,-1,inf,inf,False,14.200000000000202,6.590000000000094,7.610000000000108,0.1100000000004279
491,25.49228521,51.44778139,10.2,0.491,491.0,332.46803048700633,0.0074257425742585426,straight,-1,inf,inf,False,14.200000000000202,6.590000000000094,7.610000000000108,0.1100000000004279
492,25.49229321,51.44777677,10.3,0.492,492.0,332.83203886649346,4.440892098500626e-15,straight,-1,inf,inf,False,13.600000000000191,6.820000000000097,6.780000000000096,-0.0199999999995739
493,25.49230123,51.44777221,10.3,0.493,493.0,332.832040470834,-0.012376237623765718,straight,-1,inf,inf,False,13.600000000000191,6.820000000000097,6.780000000000096,-0.0199999999995739
494,25.49230925,51.44776765,10.3,0.494,494.0,332.8320419733174,-0.02475247524752255,straight,-1,inf,inf,False,13.600000000000191,6.820000000000097,6.780000000000096,-0.0199999999995739
495,25.49231727,51.44776309,10.4,0.495,495.0,332.91206374754944,-0.03712871287128827,straight,-1,inf,inf,False,13.600000000000191,6.820000000000097,6.780000000000096,-0.0199999999995739
496,25.4923253,51.44775854,10.4,0.496,496.0,333.04308395497753,-0.051980198019796475,straight,-1,inf,inf,False,13.600000000000191,6.820000000000097,6.780000000000096,-0.0199999999995739
497,25.49233334,51.44775401,10.4,0.497,497.0,333.0942152744302,-0.06435643564356663,straight,-1,inf,inf,False,13.600000000000191,6.810000000000096,6.790000000000097,0.0900000000004276
498,25.49234138,51.44774949,10.5,0.498,498.0,333.0142635063967,-0.08168316831683509,straight,-1,inf,inf,False,13.600000000000191,6.810000000000096,6.790000000000097,0.0900000000004276
499,25.49234941,51.44774496,10.5,0.499,499.0,333.356299985426,-0.0990099009900991,straight,-1,inf,inf,False,13.600000000000191,6.810000000000096,6.790000000000097,0.0900000000004276
500,25.49235747,51.44774048,10.6,0.5,500.0,333.40758662278085,-0.11633663366336755,straight,-1,inf,inf,False,13.600000000000191,6.810000000000096,6.790000000000097,0.0900000000004276
501,25.49236553,51.44773601,10.6,0.501,501.0,333.43601497918684,-0.13366336633663156,straight,-1,inf,inf,False,13.600000000000191,6.810000000000096,6.790000000000097,0.0900000000004276
502,25.4923736,51.44773154,10.6,0.502,502.0,333.4075897104253,-0.15099009900989557,straight,-1,inf,inf,False,13.500000000000192,6.630000000000094,6.870000000000098,0.3700000000004316
503,25.49238166,51.44772707,10.7,0.503,503.0,334.0626056856869,-0.17079207920792427,straight,-1,inf,inf,False,13.500000000000192,6.630000000000094,6.870000000000098,0.3700000000004316
504,25.49238977,51.4477227,10.7,0.504,504.0,334.0626071738765,-0.1905940594059441,straight,-1,inf,inf,False,13.500000000000192,6.630000000000094,6.870000000000098,0.3700000000004316
505,25.49239788,51.44771833,10.7,0.505,505.0,334.06260874535195,-0.21287128712871084,straight,-1,inf,inf,False,13.500000000000192,6.630000000000094,6.870000000000098,0.3700000000004316
506,25.49240599,51.44771396,10.7,0.506,506.0,334.1142031890444,-0.23267326732673066,straight,-1,inf,inf,False,13.500000000000192,6.630000000000094,6.870000000000098,0.3700000000004316
507,25.4924141,51.4477096,10.8,0.507,507.0,334.3244040770085,-0.25000000000000355,straight,-1,inf,inf,False,13.600000000000191,6.630000000000094,6.970000000000099,0.6700000000004358
508,25.49242223,51.44770527,10.8,0.508,508.0,334.37609933879304,-0.26732673267326756,straight,-1,inf,inf,False,13.600000000000191,6.630000000000094,6.970000000000099,0.6700000000004358
509,25.49243036,51.44770095,10.8,0.509,509.0,334.32440714612704,-0.28712871287128294,straight,-1,inf,inf,False,13.600000000000191,6.630000000000094,6.970000000000099,0.6700000000004358
510,25.49243849,51.44769662,10.8,0.51,510.0,334.5587847872691,-0.30445544554455584,straight,-1,inf,inf,False,13.600000000000191,6.630000000000094,6.970000000000099,0.6700000000004358
511,25.49244663,51.44769233,10.9,0.511,511.0,334.768676741542,-0.3217821782178243,straight,-1,inf,inf,False,13.600000000000191,6.630000000000094,6.970000000000099,0.6700000000004358
512,25.49245479,51.44768807,10.9,0.512,512.0,334.8205631365046,-0.33663366336633693,straight,-1,inf,inf,False,13.600000000000191,6.710000000000095,6.890000000000098,1.0900000000004415
513,25.49246295,51.44768382,10.9,0.513,513.0,334.82056461015185,-0.3465346534653424,straight,-1,inf,inf,False,13.600000000000191,6.710000000000095,6.890000000000098,1.0900000000004415
514,25.49247111,51.44767957,10.9,0.514,514.0,335.2649975269323,-0.3564356435643612,straight,-1,inf,inf,False,13.600000000000191,6.710000000000095,6.890000000000098,1.0900000000004415
515,25.4924793,51.44767539,10.9,0.515,515.0,335.5264477270613,-0.3638613861386153,straight,-1,inf,inf,False,13.600000000000191,6.710000000000095,6.890000000000098,1.0900000000004415
516,25.49248751,51.44767125,11.0,0.516,516.0,335.4479065922402,-0.36881188118811803,straight,-1,inf,inf,False,13.600000000000191,6.710000000000095,6.890000000000098,1.0900000000004415
517,25.49249571,51.4476671,11.0,0.517,517.0,335.5264507105081,-0.37376237623762076,turn,1,52.7,75.5,False,13.600000000000191,6.650000000000095,6.950000000000099,1.6500000000004498
518,25.49250392,51.44766296,11.0,0.518,518.0,336.1011527232999,-0.37623762376237657,turn,1,52.7,75.5,False,13.600000000000191,6.650000000000095,6.950000000000099,1.6500000000004498
519,25.49251217,51.44765891,11.0,0.519,519.0,336.07540477572974,-0.3737623762376252,turn,1,52.7,75.5,False,13.600000000000191,6.650000000000095,6.950000000000099,1.6500000000004498
520,25.49252041,51.44765486,11.0,0.52,520.0,336.10115562736837,-0.37376237623762076,turn,1,52.7,75.5,False,13.600000000000191,6.650000000000095,6.950000000000099,1.6500000000004498
521,25.49252866,51.44765081,11.0,0.521,521.0,336.4417551750588,-0.3712871287128694,turn,1,52.7,75.5,False,13.600000000000191,6.650000000000095,6.950000000000099,1.6500000000004498
522,25.49253692,51.44764682,10.9,0.522,522.0,337.27735720321425,-0.36633663366336666,turn,1,52.7,75.5,False,13.600000000000191,6.660000000000094,6.940000000000099,2.3400000000004595
523,25.49254524,51.44764296,10.9,0.523,523.0,337.22449328363314,-0.3613861386138639,turn,1,52.7,75.5,False,13.600000000000191,6.660000000000094,6.940000000000099,2.3400000000004595
524,25.49255356,51.44763909,10.9,0.524,524.0,337.27736004570755,-0.35396039603960094,turn,1,52.7,75.5,False,13.600000000000191,6.660000000000094,6.940000000000099,2.3400000000004595
525,25.49256188,51.44763523,10.9,0.525,525.0,337.8802864092406,-0.34405940594059103,turn,1,52.7,75.5,False,13.600000000000191,6.660000000000094,6.940000000000099,2.3400000000004595
526,25.49257023,51.44763147,10.9,0.526,526.0,338.3474213320725,-0.3316831683168342,turn,1,52.7,75.5,False,13.600000000000191,6.660000000000094,6.940000000000099,2.3400000000004595
527,25.49257862,51.44762778,10.8,0.527,527.0,338.32397887535245,-0.3193069306930685,turn,1,52.7,75.5,False,13.500000000000192,6.870000000000098,6.630000000000093,2.930000000000468
528,25.492587,51.44762409,10.8,0.528,528.0,338.3239802732812,-0.30445544554455584,turn,1,52.7,75.5,False,13.500000000000192,6.870000000000098,6.630000000000093,2.930000000000468
529,25.49259538,51.4476204,10.8,0.529,529.0,339.08028653974554,-0.2896039603960432,turn,1,52.7,75.5,False,13.500000000000192,6.870000000000098,6.630000000000093,2.930000000000468
530,25.49260381,51.44761683,10.8,0.53,530.0,339.0575959639653,-0.26980198019801893,turn,1,52.7,75.5,False,13.500000000000192,6.870000000000098,6.630000000000093,2.930000000000468
531,25.49261223,51.44761326,10.8,0.531,531.0,339.1338361916049,-0.25000000000000355,turn,1,52.7,75.5,False,13.500000000000192,6.870000000000098,6.630000000000093,2.930000000000468
532,25.49262066,51.4476097,10.7,0.532,532.0,339.44681592829386,-0.22772277227722793,turn,1,52.7,75.5,False,13.100000000000186,7.010000000000099,6.090000000000086,3.490000000000476
533,25.49262911,51.44760619,10.7,0.533,533.0,340.15835857849623,-0.20297029702970537,turn,1,52.7,75.5,False,13.100000000000186,7.010000000000099,6.090000000000086,3.490000000000476
534,25.49263759,51.4476028,10.7,0.534,534.0,340.12601507431316,-0.17821782178217838,turn,1,52.7,75.5,False,13.100000000000186,7.010000000000099,6.090000000000086,3.490000000000476
535,25.49264608,51.4475994,10.7,0.535,535.0,340.15836114133185,-0.15099009900990445,turn,1,52.7,75.5,False,13.100000000000186,7.010000000000099,6.090000000000086,3.490000000000476
536,25.49265456,51.44759601,10.6,0.536,536.0,341.1502605602244,-0.12128712871287474,turn,1,52.7,75.5,False,13.100000000000186,7.010000000000099,6.090000000000086,3.490000000000476
537,25.4926631,51.44759278,10.6,0.537,537.0,341.5166520160853,-0.08910891089108475,turn,1,52.7,75.5,False,13.100000000000186,6.530000000000093,6.570000000000093,3.970000000000483
538,25.49267166,51.44758961,10.6,0.538,538.0,341.496506583576,-0.05445544554454785,turn,1,52.7,75.5,False,13.100000000000186,6.530000000000093,6.570000000000093,3.970000000000483
539,25.49268021,51.44758644,10.6,0.539,539.0,341.6997966443008,-0.01732673267326401,turn,1,52.7,75.5,False,13.100000000000186,6.530000000000093,6.570000000000093,3.970000000000483
540,25.49268878,51.4475833,10.5,0.54,540.0,342.8884408132773,0.01980198019801982,turn,1,52.7,75.5,False,13.100000000000186,6.530000000000093,6.570000000000093,3.970000000000483
541,25.4926974,51.44758036,10.5,0.541,541.0,342.8336551442014,0.05940594059405946,turn,1,52.7,75.5,False,13.100000000000186,6.530000000000093,6.570000000000093,3.970000000000483
542,25.49270602,51.44757741,10.5,0.542,542.0,342.8884430551923,0.09900990099009466,turn,1,52.7,75.5,False,13.200000000000186,6.720000000000094,6.480000000000092,4.1800000000004855
543,25.49271464,51.44757447,10.4,0.543,543.0,344.04081375428234,0.14356435643564147,turn,1,52.7,75.5,False,13.200000000000186,6.720000000000094,6.480000000000092,4.1800000000004855
544,25.49272332,51.44757172,10.4,0.544,544.0,344.73743004262326,0.1905940594059441,turn,1,52.7,75.5,False,13.200000000000186,6.720000000000094,6.480000000000092,4.1800000000004855
545,25.49273202,51.44756909,10.4,0.545,545.0,344.8094239437007,0.24009900990098917,turn,1,52.7,75.5,False,13.200000000000186,6.720000000000094,6.480000000000092,4.1800000000004855
546,25.49274073,51.44756647,10.3,0.546,546.0,344.9919080560304,0.2920792079207901,turn,1,52.7,75.5,False,13.200000000000186,6.720000000000094,6.480000000000092,4.1800000000004855
547,25.49274945,51.44756388,10.3,0.547,547.0,346.7522918966392,0.3391089108910883,turn,1,52.7,75.5,False,12.400000000000176,6.710000000000095,5.690000000000081,4.090000000000485
548,25.49275823,51.44756159,10.3,0.548,548.0,346.7522928706206,0.38861386138613785,turn,1,52.7,75.5,False,12.400000000000176,6.710000000000095,5.690000000000081,4.090000000000485
549,25.49276701,51.4475593,10.2,0.549,549.0,346.76683449158566,0.4405940594059387,turn,1,52.7,75.5,False,12.400000000000176,6.710000000000095,5.690000000000081,4.090000000000485
550,25.4927758,51.44755701,10.2,0.55,550.0,348.1643922421912,0.4925742574257441,turn,1,52.7,75.5,False,12.400000000000176,6.710000000000095,5.690000000000081,4.090000000000485
551,25.49278463,51.44755496,10.2,0.551,551.0,349.0448390849332,0.5470297029702964,turn,1,52.7,75.5,False,12.400000000000176,6.710000000000095,5.690000000000081,4.090000000000485
552,25.49279349,51.44755306,10.2,0.552,552.0,349.0448398846676,0.5990099009900973,turn,1,52.7,75.5,False,13.200000000000188,6.780000000000096,6.420000000000091,3.920000000000482
553,25.49280235,51.44755116,10.1,0.553,553.0,349.45084371699664,0.6509900990098982,turn,1,52.7,75.5,False,13.200000000000188,6.780000000000096,6.420000000000091,3.920000000000482
554,25.49281122,51.44754933,10.1,0.554,554.0,351.25569555119057,0.7054455445544594,turn,1,52.7,75.5,False,13.200000000000188,6.780000000000096,6.420000000000091,3.920000000000482
555,25.49282014,51.44754781,10.1,0.555,555.0,351.32192432068894,0.7574257425742559,turn,1,52.7,75.5,False,13.200000000000188,6.780000000000096,6.420000000000091,3.920000000000482
556,25.49282907,51.4475463,10.0,0.556,556.0,351.25569683314757,0.8094059405940524,turn,1,52.7,75.5,False,13.200000000000188,6.780000000000096,6.420000000000091,3.920000000000482
557,25.49283799,51.44754478,10.0,0.557,557.0,353.448585808666,0.8613861386138533,turn,1,52.7,75.5,False,13.40000000000019,6.640000000000095,6.760000000000096,3.560000000000477
558,25.49284695,51.44754364,10.0,0.558,558.0,354.03213273620713,0.9133663366336586,turn,1,52.7,75.5,False,13.40000000000019,6.640000000000095,6.760000000000096,3.560000000000477
559,25.49285593,51.4475426,10.0,0.559,559.0,354.0891082808271,0.9628712871287082,turn,1,52.7,75.5,False,13.40000000000019,6.640000000000095,6.760000000000096,3.560000000000477
560,25.49286491,51.44754157,9.9,0.56,560.0,355.12196650739276,1.014851485148509,turn,1,52.7,75.5,False,13.40000000000019,6.640000000000095,6.760000000000096,3.560000000000477
561,25.4928739,51.44754072,9.9,0.561,561.0,356.7317499042799,1.0643564356435586,turn,1,52.7,75.5,False,13.40000000000019,6.640000000000095,6.760000000000096,3.560000000000477
562,25.49288291,51.44754015,9.9,0.562,562.0,356.78896678686056,1.1113861386138568,turn,1,52.7,75.5,False,13.800000000000196,7.160000000000101,6.640000000000095,2.8400000000004666
563,25.49289192,51.44753959,9.8,0.563,563.0,356.90684586595097,1.1633663366336622,turn,1,52.7,75.5,False,13.800000000000196,7.160000000000101,6.640000000000095,2.8400000000004666
564,25.49290094,51.44753905,9.8,0.564,564.0,359.82799147620216,1.2128712871287028,turn,1,52.7,75.5,False,13.800000000000196,7.160000000000101,6.640000000000095,2.8400000000004666
565,25.49290996,51.44753902,9.8,0.565,565.0,359.88545445832574,1.2599009900990055,turn,1,52.7,75.5,False,13.800000000000196,7.160000000000101,6.640000000000095,2.8400000000004666
566,25.49291899,51.447539,9.8,0.566,566.0,359.8281819865333,1.306930693069308,turn,1,52.7,75.5,False,13.800000000000196,7.160000000000101,6.640000000000095,2.8400000000004666
567,25.49292802,51.44753897,9.8,0.567,567.0,1.146573492595735,1.3564356435643532,turn,1,52.7,75.5,False,13.600000000000191,7.120000000000101,6.480000000000092,2.180000000000457
568,25.49293704,51.44753917,9.7,0.568,568.0,1.6604470459479899,1.4034653465346514,turn,1,52.7,75.5,False,13.600000000000191,7.120000000000101,6.480000000000092,2.180000000000457
569,25.49294607,51.44753946,9.7,0.569,569.0,1.662286665521492,1.4504950495049496,turn,1,52.7,75.5,False,13.600000000000191,7.120000000000101,6.480000000000092,2.180000000000457
570,25.49295509,51.44753975,9.7,0.57,570.0,2.98210175112564,1.495049504950492,turn,1,52.7,75.5,False,13.600000000000191,7.120000000000101,6.480000000000092,2.180000000000457
571,25.4929641,51.44754027,9.7,0.571,571.0,4.992233247645856,1.5420792079207946,turn,1,52.7,75.5,False,13.600000000000191,7.120000000000101,6.480000000000092,2.180000000000457
572,25.49297309,51.44754114,9.7,0.572,572.0,5.049319902075183,1.5891089108910885,turn,1,52.7,75.5,False,14.80000000000021,6.9200000000000985,7.880000000000112,1.4800000000004474
573,25.49298208,51.44754202,9.6,0.573,573.0,5.277565934155064,1.6361386138613911,turn,1,52.7,75.5,False,14.80000000000021,6.9200000000000985,7.880000000000112,1.4800000000004474
574,25.49299107,51.44754294,9.6,0.574,574.0,7.705030849563741,1.6856435643564316,turn,1,52.7,75.5,False,14.80000000000021,6.9200000000000985,7.880000000000112,1.4800000000004474
575,25.49300001,51.44754428,9.6,0.575,575.0,7.696524480763742,1.7326732673267342,turn,1,52.7,75.5,False,14.80000000000021,6.9200000000000985,7.880000000000112,1.4800000000004474
576,25.49300896,51.44754562,9.6,0.576,576.0,7.705029641207545,1.7772277227722768,turn,1,52.7,75.5,False,14.80000000000021,6.9200000000000985,7.880000000000112,1.4800000000004474
577,25.4930179,51.44754696,9.6,0.577,577.0,9.838837349044752,1.8242574257425703,turn,1,52.7,75.5,False,14.80000000000021,6.9200000000000985,7.880000000000112,1.4800000000004474
578,25.4930268,51.44754867,9.6,0.578,578.0,10.255806421175123,1.8712871287128685,turn,1,52.7,75.5,False,14.600000000000207,7.420000000000106,7.180000000000102,0.680000000000436
579,25.49303568,51.44755045,9.6,0.579,579.0,10.199401596714665,1.9158415841584109,turn,1,52.7,75.5,False,14.600000000000207,7.420000000000106,7.180000000000102,0.680000000000436
580,25.49304456,51.44755222,9.6,0.58,580.0,11.835582040560041,1.9603960396039621,turn,1,52.7,75.5,False,14.600000000000207,7.420000000000106,7.180000000000102,0.680000000000436
581,25.49305339,51.44755427,9.6,0.581,581.0,12.828130729513248,2.0049504950495045,turn,1,52.7,75.5,False,14.600000000000207,7.420000000000106,7.180000000000102,0.680000000000436
582,25.49306219,51.44755649,9.7,0.582,582.0,12.883989996340233,2.0495049504950513,turn,1,52.7,75.5,False,14.600000000000207,7.420000000000106,7.180000000000102,0.680000000000436
583,25.49307099,51.44755872,9.7,0.583,583.0,14.017027129558187,2.0915841584158423,turn,1,52.7,75.5,False,12.800000000000182,6.550000000000093,6.250000000000089,-0.1499999999995758
584,25.49307974,51.44756114,9.7,0.584,584.0,16.141866768447983,2.1311881188118775,turn,1,52.7,75.5,False,12.800000000000182,6.550000000000093,6.250000000000089,-0.1499999999995758
585,25.49308841,51.44756392,9.8,0.585,585.0,16.159532896160044,2.1683168316831702,turn,1,52.7,75.5,False,12.800000000000182,6.550000000000093,6.250000000000089,-0.1499999999995758
586,25.49309707,51.4475667,9.9,0.586,586.0,16.507566317698263,2.200495049504947,turn,1,52.7,75.5,False,12.800000000000182,6.550000000000093,6.250000000000089,-0.1499999999995758
587,25.49310572,51.44756954,9.9,0.587,587.0,19.087077932339923,2.2376237623762396,turn,1,52.7,75.5,False,12.800000000000182,6.550000000000093,6.250000000000089,-0.1499999999995758
588,25.49311425,51.44757281,10.0,0.588,588.0,19.107855687365657,2.2698019801980163,turn,1,52.7,75.5,False,14.600000000000207,7.270000000000103,7.330000000000104,-0.869999999999586
589,25.49312277,51.44757608,10.1,0.589,589.0,19.087075454418823,2.2995049504950504,turn,1,52.7,75.5,False,14.600000000000207,7.270000000000103,7.330000000000104,-0.869999999999586
590,25.4931313,51.44757935,10.1,0.59,590.0,21.675930678226052,2.3267326732673244,turn,1,52.7,75.5,False,14.600000000000207,7.270000000000103,7.330000000000104,-0.869999999999586
591,25.49313968,51.44758304,10.2,0.591,591.0,21.912472587106834,2.3539603960396027,turn,1,52.7,75.5,False,14.600000000000207,7.270000000000103,7.330000000000104,-0.869999999999586
592,25.49314805,51.44758677,10.3,0.592,592.0,21.936196210182572,2.3787128712871297,turn,1,52.7,75.5,False,14.600000000000207,7.270000000000103,7.330000000000104,-0.869999999999586
593,25.49315641,51.4475905,10.3,0.593,593.0,23.951109917186614,2.400990099009901,turn,1,52.7,75.5,False,14.600000000000207,7.270000000000103,7.330000000000104,-0.869999999999586
594,25.49316466,51.44759456,10.4,0.594,594.0,24.81360080392011,2.4207920792079163,turn,1,52.7,75.5,False,14.1000000000002,7.160000000000101,6.940000000000099,-1.7599999999995988
595,25.49317284,51.44759875,10.5,0.595,595.0,24.865666414884913,2.4405940594059405,turn,1,52.7,75.5,False,14.1000000000002,7.160000000000101,6.940000000000099,-1.7599999999995988
596,25.49318102,51.44760295,10.6,0.596,596.0,26.59225614909826,2.457920792079209,turn,1,52.7,75.5,False,14.1000000000002,7.160000000000101,6.940000000000099,-1.7599999999995988
597,25.49318908,51.44760742,10.6,0.597,597.0,28.711457702494386,2.4752475247524774,turn,1,52.7,75.5,False,14.1000000000002,7.160000000000101,6.940000000000099,-1.7599999999995988
598,25.49319699,51.44761222,10.7,0.598,598.0,28.66113891946503,2.4876237623762387,turn,1,52.7,75.5,False,14.1000000000002,7.160000000000101,6.940000000000099,-1.7599999999995988
599,25.4932049,51.44761701,10.8,0.599,599.0,29.479432093071182,2.5024752475247514,turn,1,52.7,75.5,False,14.0000000000002,7.100000000000101,6.900000000000098,-2.6999999999996125
600,25.49321274,51.44762192,10.9,0.6,600.0,31.971415982899146,2.514851485148517,turn,1,52.7,75.5,False,14.0000000000002,7.100000000000101,6.900000000000098,-2.6999999999996125
601,25.49322039,51.44762721,11.0,0.601,601.0,31.922738221804877,2.5272277227722784,turn,1,52.7,75.5,False,14.0000000000002,7.100000000000101,6.900000000000098,-2.6999999999996125
602,25.49322804,51.44763249,11.1,0.602,602.0,32.13613188530036,2.5371287128712883,turn,1,52.7,75.5,False,14.0000000000002,7.100000000000101,6.900000000000098,-2.6999999999996125
603,25.49323567,51.4476378,11.1,0.603,603.0,35.53547651034961,2.5445544554455424,turn,1,52.7,75.5,False,14.0000000000002,7.100000000000101,6.900000000000098,-2.6999999999996125
604,25.493243,51.4476436,11.2,0.604,604.0,35.582169450391575,2.5519801980198054,turn,1,52.7,75.5,False,14.0000000000002,7.100000000000101,6.900000000000098,-2.6999999999996125
605,25.49325033,51.44764941,11.3,0.605,605.0,35.58216781431247,2.5594059405940595,turn,1,52.7,75.5,False,13.700000000000196,6.9600000000000986,6.740000000000098,-3.759999999999627
606,25.49325766,51.44765522,11.4,0.606,606.0,37.92992845642971,2.564356435643562,turn,1,52.7,75.5,False,13.700000000000196,6.9600000000000986,6.740000000000098,-3.759999999999627
607,25.49326476,51.44766135,11.5,0.607,607.0,38.273736323631965,2.5668316831683136,turn,1,52.7,75.5,False,13.700000000000196,6.9600000000000986,6.740000000000098,-3.759999999999627
608,25.49327183,51.44766753,11.6,0.608,608.0,38.31879063873413,2.566831683168318,turn,1,52.7,75.5,False,13.700000000000196,6.9600000000000986,6.740000000000098,-3.759999999999627
609,25.4932789,51.44767372,11.7,0.609,609.0,40.91860692190579,2.566831683168318,turn,1,52.7,75.5,False,13.700000000000196,6.9600000000000986,6.740000000000098,-3.759999999999627
610,25.4932857,51.44768025,11.8,0.61,610.0,42.15574476416373,2.564356435643562,turn,1,52.7,75.5,False,13.800000000000198,7.0000000000001,6.8000000000000975,-4.799999999999643
611,25.49329238,51.44768695,11.9,0.611,611.0,42.15587078627135,2.559405940594055,turn,1,52.7,75.5,False,13.800000000000198,7.0000000000001,6.8000000000000975,-4.799999999999643
612,25.49329905,51.44769364,12.0,0.612,612.0,43.90353609972101,2.549504950495045,turn,1,52.7,75.5,False,13.800000000000198,7.0000000000001,6.8000000000000975,-4.799999999999643
613,25.49330554,51.44770056,12.1,0.613,613.0,45.57067512292792,2.537128712871284,turn,1,52.7,75.5,False,13.800000000000198,7.0000000000001,6.8000000000000975,-4.799999999999643
614,25.49331184,51.44770768,12.2,0.614,614.0,45.484987386357886,2.5198019801980243,turn,1,52.7,75.5,False,13.800000000000198,7.0000000000001,6.8000000000000975,-4.799999999999643
615,25.49331815,51.44771479,12.3,0.615,615.0,47.20028167743726,2.5024752475247514,turn,1,52.7,75.5,False,13.800000000000196,6.490000000000093,7.310000000000103,-5.789999999999656
616,25.49332426,51.4477221,12.4,0.616,616.0,49.46902309757024,2.48019801980198,turn,1,52.7,75.5,False,13.800000000000196,6.490000000000093,7.310000000000103,-5.789999999999656
617,25.49333011,51.44772968,12.4,0.617,617.0,49.46902168063542,2.4504950495049505,turn,1,52.7,75.5,False,13.800000000000196,6.490000000000093,7.310000000000103,-5.789999999999656
618,25.49333596,51.44773726,12.5,0.618,618.0,50.166527350600234,2.4183168316831694,turn,1,52.7,75.5,False,13.800000000000196,6.490000000000093,7.310000000000103,-5.789999999999656
619,25.49334172,51.44774491,12.6,0.619,619.0,52.37232637235445,2.3836633663366324,turn,1,52.7,75.5,False,13.800000000000196,6.490000000000093,7.310000000000103,-5.789999999999656
620,25.49334721,51.4477528,12.6,0.62,620.0,52.407410649323026,2.341584158415837,turn,1,52.7,75.5,False,13.500000000000194,6.5300000000000935,6.9700000000001,-6.629999999999669
621,25.4933527,51.4477607,12.7,0.621,621.0,52.62896378045116,2.297029702970299,turn,1,52.7,75.5,False,13.500000000000194,6.5300000000000935,6.9700000000001,-6.629999999999669
622,25.49335816,51.44776862,12.7,0.622,622.0,56.132438455589636,2.2475247524752495,turn,1,52.7,75.5,False,13.500000000000194,6.5300000000000935,6.9700000000001,-6.629999999999669
623,25.49336317,51.44777689,12.7,0.623,623.0,56.16446862902569,2.1955445544554486,turn,1,52.7,75.5,False,13.500000000000194,6.5300000000000935,6.9700000000001,-6.629999999999669
624,25.49336818,51.44778517,12.8,0.624,624.0,56.132436220813815,2.1410891089108963,turn,1,52.7,75.5,False,13.500000000000194,6.5300000000000935,6.9700000000001,-6.629999999999669
625,25.49337319,51.44779344,12.8,0.625,625.0,58.34022094217613,2.084158415841584,turn,1,52.7,75.5,False,13.100000000000186,6.340000000000091,6.760000000000095,-7.339999999999679
626,25.49337791,51.44780192,12.8,0.626,626.0,58.617691947272135,2.024752475247533,turn,1,52.7,75.5,False,13.100000000000186,6.340000000000091,6.760000000000095,-7.339999999999679
627,25.49338259,51.44781042,12.8,0.627,627.0,58.70206117617539,1.9603960396039621,turn,1,52.7,75.5,False,13.100000000000186,6.340000000000091,6.760000000000095,-7.339999999999679
628,25.49338726,51.44781893,12.8,0.628,628.0,60.96064804771004,1.8960396039603997,turn,1,52.7,75.5,False,13.100000000000186,6.340000000000091,6.760000000000095,-7.339999999999679
629,25.49339162,51.44782763,12.8,0.629,629.0,62.159007686156826,1.8292079207920773,turn,1,52.7,75.5,False,13.100000000000186,6.340000000000091,6.760000000000095,-7.339999999999679
630,25.49339582,51.44783644,12.8,0.63,630.0,62.1590068428693,1.7599009900990126,turn,1,52.7,75.5,False,13.300000000000187,6.490000000000093,6.810000000000096,-7.689999999999683
631,25.49340002,51.44784525,12.8,0.631,631.0,63.390477605774606,1.6856435643564407,turn,1,52.7,75.5,False,13.300000000000187,6.490000000000093,6.810000000000096,-7.689999999999683
632,25.49340404,51.44785414,12.8,0.632,632.0,64.92240462893642,1.6089108910891123,turn,1,52.7,75.5,False,13.300000000000187,6.490000000000093,6.810000000000096,-7.689999999999683
633,25.49340785,51.44786316,12.8,0.633,633.0,64.8402523539371,1.5297029702970333,turn,1,52.7,75.5,False,13.300000000000187,6.490000000000093,6.810000000000096,-7.689999999999683
634,25.49341167,51.44787217,12.8,0.634,634.0,65.53986893099898,1.4504950495049584,turn,1,52.7,75.5,False,13.100000000000186,6.220000000000089,6.880000000000098,-7.919999999999686
635,25.49341539,51.44788123,12.8,0.635,635.0,68.03590076149834,1.366336633663372,turn,1,52.7,75.5,False,13.100000000000186,6.220000000000089,6.880000000000098,-7.919999999999686
636,25.49341875,51.44789046,12.8,0.636,636.0,67.9767740458683,1.2821782178217944,turn,1,52.7,75.5,False,13.100000000000186,6.220000000000089,6.880000000000098,-7.919999999999686
637,25.49342212,51.44789969,12.8,0.637,637.0,67.97677355738438,1.1930693069306963,turn,1,52.7,75.5,False,13.100000000000186,6.220000000000089,6.880000000000098,-7.919999999999686
638,25.49342549,51.44790892,12.8,0.638,638.0,70.82835707288905,1.1039603960396116,turn,1,52.7,75.5,False,13.100000000000186,6.220000000000089,6.880000000000098,-7.919999999999686
639,25.49342844,51.44791832,12.8,0.639,639.0,70.88862384765787,1.0074257425742683,turn,1,52.7,75.5,False,12.70000000000018,6.3400000000000905,6.360000000000088,-7.939999999999687
640,25.49343138,51.44792772,12.8,0.64,640.0,70.88862344032339,0.9108910891089163,turn,1,52.7,75.5,False,12.70000000000018,6.3400000000000905,6.360000000000088,-7.939999999999687
641,25.49343432,51.44793712,12.8,0.641,641.0,73.84293235969102,0.8094059405940657,turn,1,52.7,75.5,False,12.70000000000018,6.3400000000000905,6.360000000000088,-7.939999999999687
642,25.49343682,51.44794668,12.9,0.642,642.0,75.02635680604521,0.7079207920792197,turn,1,52.7,75.5,False,12.70000000000018,6.3400000000000905,6.360000000000088,-7.939999999999687
643,25.49343914,51.44795629,12.9,0.643,643.0,75.02635651031596,0.6039603960396089,turn,1,52.7,75.5,False,12.70000000000018,6.3400000000000905,6.360000000000088,-7.939999999999687
644,25.49344146,51.4479659,12.9,0.644,644.0,76.27254121701685,0.4975247524752558,turn,1,52.7,75.5,False,13.000000000000185,6.37000000000009,6.630000000000095,-7.869999999999685
645,25.49344359,51.44797556,12.9,0.645,645.0,77.85530774910438,0.3861386138613909,turn,1,52.7,75.5,False,13.000000000000185,6.37000000000009,6.630000000000095,-7.869999999999685
646,25.49344548,51.44798529,12.9,0.646,646.0,77.9056076926239,0.27475247524753055,turn,1,52.7,75.5,False,13.000000000000185,6.37000000000009,6.630000000000095,-7.869999999999685
647,25.49344736,51.44799501,13.0,0.647,647.0,78.50324811373235,0.16089108910892325,turn,1,52.7,75.5,False,13.000000000000185,6.37000000000009,6.630000000000095,-7.869999999999685
648,25.49344915,51.44800476,13.0,0.648,648.0,80.89849834555156,0.049504950495054,turn,1,52.7,75.5,False,13.100000000000186,6.4600000000000914,6.640000000000095,-7.559999999999681
649,25.49345057,51.44801458,13.0,0.649,649.0,80.83548710737477,-0.06435643564355775,turn,1,52.7,75.5,False,13.100000000000186,6.4600000000000914,6.640000000000095,-7.559999999999681
650,25.493452,51.4480244,13.0,0.65,650.0,80.9076023157885,-0.17821782178217394,turn,1,52.7,75.5,False,13.100000000000186,6.4600000000000914,6.640000000000095,-7.559999999999681
651,25.49345342,51.44803423,13.1,0.651,651.0,83.47514331551037,-0.2920792079207857,turn,1,52.7,75.5,False,13.100000000000186,6.4600000000000914,6.640000000000095,-7.559999999999681
652,25.49345444,51.44804411,13.1,0.652,652.0,83.60201027077852,-0.40594059405940186,turn,1,52.7,75.5,False,13.100000000000186,6.4600000000000914,6.640000000000095,-7.559999999999681
653,25.49345544,51.44805399,13.1,0.653,653.0,83.67182042571386,-0.5198019801980136,turn,1,52.7,75.5,False,13.200000000000188,6.400000000000091,6.800000000000097,-7.299999999999677
654,25.49345643,51.44806388,13.0,0.654,654.0,85.90760204288978,-0.6311881188118784,turn,1,52.7,75.5,False,13.200000000000188,6.400000000000091,6.800000000000097,-7.299999999999677
655,25.49345707,51.44807379,13.0,0.655,655.0,87.06503848359336,-0.7450495049504902,turn,1,52.7,75.5,False,13.200000000000188,6.400000000000091,6.800000000000097,-7.299999999999677
656,25.49345753,51.44808373,12.9,0.656,656.0,87.06208805538267,-0.8539603960395992,turn,1,52.7,75.5,False,13.200000000000188,6.400000000000091,6.800000000000097,-7.299999999999677
657,25.49345799,51.44809366,12.9,0.657,657.0,87.95736512023336,-0.9603960396039567,turn,1,52.7,75.5,False,13.200000000000188,6.400000000000091,6.800000000000097,-7.299999999999677
658,25.49345831,51.4481036,12.8,0.658,658.0,89.42528313949953,-1.064356435643563,turn,1,52.7,75.5,False,12.400000000000174,6.500000000000092,5.900000000000082,-6.999999999999673
659,25.4934584,51.44811354,12.8,0.659,659.0,89.42586076656318,-1.165841584158409,turn,1,52.7,75.5,False,12.400000000000174,6.500000000000092,5.900000000000082,-6.999999999999673
660,25.49345849,51.44812349,12.7,0.66,660.0,89.5534408209731,-1.2623762376237568,turn,1,52.7,75.5,False,12.400000000000174,6.500000000000092,5.900000000000082,-6.999999999999673
661,25.49345856,51.44813344,12.7,0.661,661.0,92.68282827934485,-1.358910891089109,turn,1,52.7,75.5,False,12.400000000000174,6.500000000000092,5.900000000000082,-6.999999999999673
662,25.49345814,51.44814337,12.6,0.662,662.0,92.68013312219136,-1.4529702970297054,turn,1,52.7,75.5,False,12.400000000000174,6.500000000000092,5.900000000000082,-6.999999999999673
663,25.49345772,51.44815331,12.6,0.663,663.0,92.68282826233332,-1.5445544554455415,turn,1,52.7,75.5,False,13.30000000000019,6.690000000000095,6.610000000000096,-6.689999999999668
664,25.4934573,51.44816324,12.5,0.664,664.0,94.4745640862293,-1.6336633663366351,turn,1,52.7,75.5,False,13.30000000000019,6.690000000000095,6.610000000000096,-6.689999999999668
665,25.4934566,51.44817315,12.5,0.665,665.0,95.36468778747246,-1.7202970297029683,turn,1,52.7,75.5,False,13.30000000000019,6.690000000000095,6.610000000000096,-6.689999999999668
666,25.49345576,51.44818306,12.4,0.666,666.0,95.3065126344137,-1.8019801980198036,turn,1,52.7,75.5,False,13.30000000000019,6.690000000000095,6.610000000000096,-6.689999999999668
667,25.49345493,51.44819296,12.4,0.667,667.0,96.6516551617749,-1.8811881188118829,turn,1,52.7,75.5,False,13.30000000000019,6.690000000000095,6.610000000000096,-6.689999999999668
668,25.49345389,51.44820284,12.3,0.668,668.0,98.71423189377799,-1.957920792079202,turn,1,52.7,75.5,False,13.30000000000019,6.690000000000095,6.610000000000096,-6.689999999999668
669,25.49345253,51.44821267,12.3,0.669,669.0,98.71423173090841,-2.0321782178217784,turn,1,52.7,75.5,False,13.200000000000188,6.490000000000092,6.710000000000096,-6.389999999999664
670,25.49345117,51.4482225,12.2,0.67,670.0,98.90341022777562,-2.1014851485148522,turn,1,52.7,75.5,False,13.200000000000188,6.490000000000092,6.710000000000096,-6.389999999999664
671,25.49344978,51.44823233,12.2,0.671,671.0,101.69584051310852,-2.168316831683166,turn,1,52.7,75.5,False,13.200000000000188,6.490000000000092,6.710000000000096,-6.389999999999664
672,25.49344796,51.44824207,12.1,0.672,672.0,101.63333377558075,-2.230198019801981,turn,1,52.7,75.5,False,13.200000000000188,6.490000000000092,6.710000000000096,-6.389999999999664
673,25.49344615,51.44825181,12.1,0.673,673.0,101.6841744140225,-2.2945544554455477,turn,1,52.7,75.5,False,13.200000000000188,6.490000000000092,6.710000000000096,-6.389999999999664
674,25.49344433,51.44826156,12.0,0.674,674.0,103.4657225435102,-2.35891089108911,turn,1,52.7,75.5,False,13.600000000000191,6.9600000000000986,6.640000000000093,-6.259999999999662
675,25.49344224,51.44827123,12.0,0.675,675.0,104.0510622477077,-2.4183168316831694,turn,1,52.7,75.5,False,13.600000000000191,6.9600000000000986,6.640000000000093,-6.259999999999662
676,25.49344006,51.44828088,11.9,0.676,676.0,104.05106201367488,-2.475247524752482,turn,1,52.7,75.5,False,13.600000000000191,6.9600000000000986,6.640000000000093,-6.259999999999662
677,25.49343788,51.44829053,11.9,0.677,677.0,105.49634111031537,-2.527227722772274,turn,1,52.7,75.5,False,13.600000000000191,6.9600000000000986,6.640000000000093,-6.259999999999662
678,25.49343548,51.44830012,11.8,0.678,678.0,107.43396219376893,-2.5792079207920837,turn,1,52.7,75.5,False,13.600000000000191,6.9600000000000986,6.640000000000093,-6.259999999999662
679,25.49343279,51.44830961,11.8,0.679,679.0,107.43396184907749,-2.6262376237623775,turn,1,52.7,75.5,False,13.600000000000191,6.980000000000098,6.620000000000095,-6.17999999999966
680,25.4934301,51.4483191,11.7,0.68,680.0,107.69465286197101,-2.6683168316831685,turn,1,52.7,75.5,False,13.600000000000191,6.980000000000098,6.620000000000095,-6.17999999999966
681,25.49342737,51.44832858,11.7,0.681,681.0,109.90975618666403,-2.7054455445544567,turn,1,52.7,75.5,False,13.600000000000191,6.980000000000098,6.620000000000095,-6.17999999999966
682,25.49342431,51.44833794,11.6,0.682,682.0,109.96968492456529,-2.7425742574257495,turn,1,52.7,75.5,False,13.600000000000191,6.980000000000098,6.620000000000095,-6.17999999999966
683,25.49342124,51.4483473,11.6,0.683,683.0,109.92937347697637,-2.7772277227722775,turn,1,52.7,75.5,False,13.600000000000191,6.980000000000098,6.620000000000095,-6.17999999999966
684,25.49341818,51.44835665,11.5,0.684,684.0,112.50159574678975,-2.809405940594063,turn,1,52.7,75.5,False,13.700000000000191,7.000000000000099,6.700000000000094,-6.199999999999661
685,25.49341474,51.44836585,11.5,0.685,685.0,113.22352340376858,-2.831683168316834,turn,1,52.7,75.5,False,13.700000000000191,7.000000000000099,6.700000000000094,-6.199999999999661
686,25.4934112,51.44837499,11.4,0.686,686.0,113.20082796508541,-2.8514851485148585,turn,1,52.7,75.5,False,13.700000000000191,7.000000000000099,6.700000000000094,-6.199999999999661
687,25.49340766,51.44838414,11.4,0.687,687.0,114.18025302345211,-2.8663366336633755,turn,1,52.7,75.5,False,13.700000000000191,7.000000000000099,6.700000000000094,-6.199999999999661
688,25.49340398,51.44839322,11.3,0.688,688.0,115.3572623107807,-2.8811881188118837,turn,1,52.7,75.5,False,13.700000000000191,7.000000000000099,6.700000000000094,-6.199999999999661
689,25.49340013,51.44840222,11.3,0.689,689.0,115.35726163431093,-2.891089108910898,turn,1,52.7,75.5,False,13.700000000000196,7.0000000000001,6.700000000000095,-6.399999999999665
690,25.49339628,51.44841122,11.2,0.69,690.0,115.57940024126407,-2.896039603960401,turn,1,52.7,75.5,False,13.700000000000196,7.0000000000001,6.700000000000095,-6.399999999999665
691,25.4933924,51.4484202,11.2,0.691,691.0,117.44874161077598,-2.898514851485152,turn,1,52.7,75.5,False,13.700000000000196,7.0000000000001,6.700000000000095,-6.399999999999665
692,25.49338826,51.44842903,11.1,0.692,692.0,117.3656168329693,-2.8985148514851478,turn,1,52.7,75.5,False,13.700000000000196,7.0000000000001,6.700000000000095,-6.399999999999665
693,25.49338413,51.44843787,11.1,0.693,693.0,117.42222057005358,-2.8935643564356495,turn,1,52.7,75.5,False,13.700000000000196,7.0000000000001,6.700000000000095,-6.399999999999665
694,25.49337999,51.44844671,11.0,0.694,694.0,118.56553821197275,-2.8861386138613865,turn,1,52.7,75.5,False,13.700000000000196,7.0000000000001,6.700000000000095,-6.399999999999665
695,25.49337569,51.44845546,11.0,0.695,695.0,118.92781310190838,-2.873762376237625,turn,1,52.7,75.5,False,13.800000000000196,6.9600000000000986,6.840000000000098,-6.659999999999668
696,25.49337134,51.44846418,10.9,0.696,696.0,118.8998275999096,-2.861386138613864,turn,1,52.7,75.5,False,13.800000000000196,6.9600000000000986,6.840000000000098,-6.659999999999668
697,25.493367,51.44847289,10.9,0.697,697.0,119.29004792601427,-2.8465346534653513,turn,1,52.7,75.5,False,13.800000000000196,6.9600000000000986,6.840000000000098,-6.659999999999668
698,25.4933626,51.44848158,10.8,0.698,698.0,119.81992984973522,-2.8316831683168386,turn,1,52.7,75.5,False,13.800000000000196,6.9600000000000986,6.840000000000098,-6.659999999999668
699,25.49335813,51.44849022,10.8,0.699,699.0,119.90386621767414,-2.8118811881188144,turn,1,52.7,75.5,False,13.800000000000196,6.9600000000000986,6.840000000000098,-6.659999999999668
700,25.49335365,51.44849885,10.7,0.7,700.0,119.87519783124742,-2.792079207920799,turn,1,52.7,75.5,False,13.800000000000196,6.800000000000097,7.0000000000001,-6.999999999999673
701,25.49334917,51.44850749,10.7,0.701,701.0,120.85161245221991,-2.7698019801980234,turn,1,52.7,75.5,False,13.800000000000196,6.800000000000097,7.0000000000001,-6.999999999999673
702,25.49334456,51.44851604,10.6,0.702,702.0,120.85161148445809,-2.7450495049504964,turn,1,52.7,75.5,False,13.800000000000196,6.800000000000097,7.0000000000001,-6.999999999999673
703,25.49333995,51.44852459,10.6,0.703,703.0,120.906296407627,-2.715346534653471,turn,1,52.7,75.5,False,13.800000000000196,6.800000000000097,7.0000000000001,-6.999999999999673
704,25.49333533,51.44853314,10.6,0.704,704.0,121.32783591643448,-2.685643564356437,turn,1,52.7,75.5,False,14.000000000000195,6.850000000000098,7.150000000000099,-7.149999999999676
705,25.49333066,51.44854164,10.5,0.705,705.0,121.57537024018245,-2.6534653465346603,turn,1,52.7,75.5,False,14.000000000000195,6.850000000000098,7.150000000000099,-7.149999999999676
706,25.49332595,51.44855013,10.5,0.706,706.0,121.65976436530582,-2.6212871287128747,turn,1,52.7,75.5,False,14.000000000000195,6.850000000000098,7.150000000000099,-7.149999999999676
707,25.49332123,51.44855861,10.4,0.707,707.0,121.74420418534748,-2.586633663366338,turn,1,52.7,75.5,False,14.000000000000195,6.850000000000098,7.150000000000099,-7.149999999999676
708,25.4933165,51.44856708,10.4,0.708,708.0,122.3288517684399,-2.549504950495054,turn,1,52.7,75.5,False,14.000000000000195,6.850000000000098,7.150000000000099,-7.149999999999676
709,25.49331169,51.4485755,10.3,0.709,709.0,122.35962623048619,-2.5099009900990144,turn,1,52.7,75.5,False,11.900000000000167,5.470000000000077,6.430000000000092,-7.269999999999676
710,25.49330688,51.44858391,10.3,0.71,710.0,122.3288497151542,-2.4702970297029703,turn,1,52.7,75.5,False,11.900000000000167,5.470000000000077,6.430000000000092,-7.269999999999676
711,25.49330207,51.44859233,10.2,0.711,711.0,122.94414517534642,-2.4282178217821837,turn,1,52.7,75.5,False,11.900000000000167,5.470000000000077,6.430000000000092,-7.269999999999676
712,25.49329718,51.44860069,10.2,0.712,712.0,123.1137264956206,-2.3836633663366324,turn,1,52.7,75.5,False,11.900000000000167,5.470000000000077,6.430000000000092,-7.269999999999676
713,25.49329227,51.44860903,10.2,0.713,713.0,123.0823163681315,-2.3316831683168315,turn,1,52.7,75.5,False,11.900000000000167,5.470000000000077,6.430000000000092,-7.269999999999676
714,25.49328736,51.44861738,10.2,0.714,714.0,123.33674931155656,-2.279702970297035,turn,1,52.7,75.5,False,11.600000000000165,5.940000000000085,5.66000000000008,-7.139999999999676
715,25.49328242,51.4486257,10.1,0.715,715.0,123.83550891680011,-2.2252475247524783,turn,1,52.7,75.5,False,11.600000000000165,5.940000000000085,5.66000000000008,-7.139999999999676
716,25.49327741,51.44863398,10.1,0.716,716.0,123.78258122849019,-2.1683168316831702,turn,1,52.7,75.5,False,11.600000000000165,5.940000000000085,5.66000000000008,-7.139999999999676
717,25.49327241,51.44864226,10.1,0.717,717.0,123.83550668884891,-2.1089108910891152,turn,1,52.7,75.5,False,11.600000000000165,5.940000000000085,5.66000000000008,-7.139999999999676
718,25.4932674,51.44865054,10.1,0.718,718.0,124.26044552138671,-2.044554455445544,turn,1,52.7,75.5,False,11.600000000000165,5.940000000000085,5.66000000000008,-7.139999999999676
719,25.49326234,51.44865877,10.1,0.719,719.0,124.2280796135563,-1.9777227722772306,turn,1,52.7,75.5,False,11.40000000000016,5.410000000000077,5.990000000000083,-6.909999999999672
720,25.49325728,51.44866701,10.1,0.72,720.0,124.26044329294189,-1.910891089108917,turn,1,52.7,75.5,False,11.40000000000016,5.410000000000077,5.990000000000083,-6.909999999999672
721,25.49325222,51.44867524,10.1,0.721,721.0,124.36567907970078,-1.8415841584158432,turn,1,52.7,75.5,False,11.40000000000016,5.410000000000077,5.990000000000083,-6.909999999999672
722,25.49324714,51.44868347,10.1,0.722,722.0,124.4832277205827,-1.7698019801980178,turn,1,52.7,75.5,False,11.40000000000016,5.410000000000077,5.990000000000083,-6.909999999999672
723,25.49324205,51.44869168,10.0,0.723,723.0,124.48322659191496,-1.6930693069306946,turn,1,52.7,75.5,False,11.40000000000016,5.410000000000077,5.990000000000083,-6.909999999999672
724,25.49323696,51.44869989,10.0,0.724,724.0,124.53572498803834,-1.6163366336633667,turn,1,52.7,75.5,False,12.300000000000177,6.200000000000088,6.100000000000087,-6.499999999999666
725,25.49323186,51.4487081,10.0,0.725,725.0,125.09883043738336,-1.5396039603960388,turn,1,52.7,75.5,False,12.300000000000177,6.200000000000088,6.100000000000087,-6.499999999999666
726,25.49322669,51.44871625,10.0,0.726,726.0,125.18405200993129,-1.4628712871287108,turn,1,52.7,75.5,False,12.300000000000177,6.200000000000088,6.100000000000087,-6.499999999999666
727,25.49322151,51.44872439,10.0,0.727,727.0,125.15092989812956,-1.3836633663366316,turn,1,52.7,75.5,False,12.300000000000177,6.200000000000088,6.100000000000087,-6.499999999999666
728,25.49321633,51.44873254,10.0,0.728,728.0,125.54367218454564,-1.3044554455445567,turn,1,52.7,75.5,False,11.500000000000163,5.6800000000000805,5.820000000000085,-6.07999999999966
729,25.4932111,51.44874065,10.0,0.729,729.0,125.79950807991963,-1.2227722772277216,turn,1,52.7,75.5,False,11.500000000000163,5.6800000000000805,5.820000000000085,-6.07999999999966
730,25.49320584,51.44874873,10.0,0.73,730.0,125.85115229134487,-1.143564356435638,turn,1,52.7,75.5,False,11.500000000000163,5.6800000000000805,5.820000000000085,-6.07999999999966
731,25.49320057,51.44875681,10.0,0.731,731.0,125.79950569777128,-1.0618811881188117,turn,1,52.7,75.5,False,11.500000000000163,5.6800000000000805,5.820000000000085,-6.07999999999966
732,25.49319531,51.44876489,9.9,0.732,732.0,126.49996894711273,-0.9801980198019811,turn,1,52.7,75.5,False,11.500000000000163,5.6800000000000805,5.820000000000085,-6.07999999999966
733,25.49318996,51.4487729,9.9,0.733,733.0,126.49996772732811,-0.8985148514851503,turn,1,52.7,75.5,False,11.400000000000162,5.470000000000078,5.930000000000084,-5.469999999999652
734,25.49318461,51.44878091,9.9,0.734,734.0,126.46579170677057,-0.8193069306930756,turn,1,52.7,75.5,False,11.400000000000162,5.470000000000078,5.930000000000084,-5.469999999999652
735,25.49317926,51.44878893,9.9,0.735,735.0,126.84180023261194,-0.7400990099009919,turn,1,52.7,75.5,False,11.400000000000162,5.470000000000078,5.930000000000084,-5.469999999999652
736,25.49317387,51.4487969,9.9,0.736,736.0,127.20000137434442,-0.6584158415841568,turn,1,52.7,75.5,False,11.400000000000162,5.470000000000078,5.930000000000084,-5.469999999999652
737,25.49316843,51.44880484,9.9,0.737,737.0,127.20000021775479,-0.5792079207920775,turn,1,52.7,75.5,False,11.400000000000162,5.470000000000078,5.930000000000084,-5.469999999999652
738,25.49316299,51.44881278,9.9,0.738,738.0,127.2347780197918,-0.49752475247524686,turn,1,52.7,75.5,False,11.400000000000162,5.550000000000079,5.850000000000083,-4.749999999999641
739,25.49315755,51.44882071,9.9,0.739,739.0,127.67805581690641,-0.42079207920792344,turn,1,52.7,75.5,False,11.400000000000162,5.550000000000079,5.850000000000083,-4.749999999999641
740,25.49315205,51.4488286,9.9,0.74,740.0,127.71321215406647,-0.34158415841583967,turn,1,52.7,75.5,False,11.400000000000162,5.550000000000079,5.850000000000083,-4.749999999999641
741,25.49314655,51.44883648,9.9,0.741,741.0,127.6780532732223,-0.26485148514851176,turn,1,52.7,75.5,False,11.400000000000162,5.550000000000079,5.850000000000083,-4.749999999999641
742,25.49314105,51.44884437,9.9,0.742,742.0,128.02030377377633,-0.18564356435643692,turn,1,52.7,75.5,False,11.400000000000162,5.550000000000079,5.850000000000083,-4.749999999999641
743,25.49313551,51.44885222,9.8,0.743,743.0,128.54821211312634,-0.11138613861386037,turn,1,52.7,75.5,False,11.30000000000016,5.500000000000078,5.800000000000081,-3.9999999999996314
744,25.4931299,51.44886002,9.8,0.744,744.0,128.4984001459627,-0.03712871287128383,turn,1,52.7,75.5,False,11.30000000000016,5.500000000000078,5.800000000000081,-3.9999999999996314
745,25.4931243,51.44886782,9.8,0.745,745.0,128.58403816786642,0.034653465346536905,turn,1,52.7,75.5,False,11.30000000000016,5.500000000000078,5.800000000000081,-3.9999999999996314
746,25.49311869,51.44887561,9.8,0.746,746.0,129.14760959445573,0.10891089108910901,turn,1,52.7,75.5,False,11.30000000000016,5.500000000000078,5.800000000000081,-3.9999999999996314
747,25.49311301,51.44888334,9.8,0.747,747.0,129.45388120790864,0.18069306930693418,turn,1,52.7,75.5,False,11.30000000000016,5.500000000000078,5.800000000000081,-3.9999999999996314
748,25.49310729,51.44889104,9.8,0.748,748.0,129.4046970994754,0.24999999999999908,turn,1,52.7,75.5,False,11.30000000000016,6.010000000000085,5.290000000000076,-3.2099999999996194
749,25.49310158,51.44889874,9.8,0.749,749.0,129.57614950147536,0.3168316831683171,turn,1,52.7,75.5,False,11.30000000000016,6.010000000000085,5.290000000000076,-3.2099999999996194
750,25.49309585,51.44890642,9.9,0.75,750.0,130.31098004041348,0.3836633663366351,turn,1,52.7,75.5,False,11.30000000000016,6.010000000000085,5.290000000000076,-3.2099999999996194
751,25.49309003,51.44891402,9.9,0.751,751.0,130.31097865496895,0.4480198019802017,turn,1,52.7,75.5,False,11.30000000000016,6.010000000000085,5.290000000000076,-3.2099999999996194
752,25.49308421,51.44892162,9.9,0.752,752.0,130.35950767509058,0.5099009900990081,turn,1,52.7,75.5,False,11.30000000000016,6.010000000000085,5.290000000000076,-3.2099999999996194
753,25.49307838,51.44892922,9.9,0.753,753.0,130.70235001132886,0.5693069306930676,turn,1,52.7,75.5,False,11.400000000000162,5.720000000000081,5.680000000000081,-2.419999999999608
754,25.49307251,51.44893678,9.9,0.754,754.0,131.08305209997718,0.6311881188118829,turn,1,52.7,75.5,False,11.400000000000162,5.720000000000081,5.680000000000081,-2.419999999999608
755,25.4930666,51.44894429,10.0,0.755,755.0,131.13103680346507,0.6905940594059423,turn,1,52.7,75.5,False,11.400000000000162,5.720000000000081,5.680000000000081,-2.419999999999608
756,25.49306068,51.4489518,10.0,0.756,756.0,131.0452875584383,0.7475247524752504,turn,1,52.7,75.5,False,11.400000000000162,5.720000000000081,5.680000000000081,-2.419999999999608
757,25.49305477,51.44895932,10.0,0.757,757.0,132.07445396977823,0.8019801980198072,turn,1,52.7,75.5,False,11.400000000000162,5.720000000000081,5.680000000000081,-2.419999999999608
758,25.49304874,51.44896672,10.0,0.758,758.0,132.16022554628512,0.856435643564355,turn,1,52.7,75.5,False,11.400000000000162,5.720000000000081,5.680000000000081,-2.419999999999608
759,25.4930427,51.44897411,10.0,0.759,759.0,132.12167730419583,0.9084158415841559,turn,1,52.7,75.5,False,12.100000000000172,5.960000000000084,6.140000000000086,-1.6599999999995974
760,25.49303666,51.44898151,10.1,0.76,760.0,132.28466307168162,0.9579207920792098,turn,1,52.7,75.5,False,12.100000000000172,5.960000000000084,6.140000000000086,-1.6599999999995974
761,25.49303061,51.44898888,10.1,0.761,761.0,132.7216114668563,1.0049504950495036,turn,1,52.7,75.5,False,12.100000000000172,5.960000000000084,6.140000000000086,-1.6599999999995974
762,25.4930245,51.44899621,10.1,0.762,762.0,132.7605982023739,1.0519801980197974,turn,1,52.7,75.5,False,12.100000000000172,5.960000000000084,6.140000000000086,-1.6599999999995974
763,25.49301839,51.44900353,10.1,0.763,763.0,132.67483461426116,1.0965346534653486,turn,1,52.7,75.5,False,12.100000000000172,5.960000000000084,6.140000000000086,-1.6599999999995974
764,25.49301229,51.44901086,10.2,0.764,764.0,133.22870769455778,1.141089108910891,turn,1,52.7,75.5,False,12.70000000000018,6.4600000000000914,6.240000000000089,-1.0599999999995888
765,25.49300613,51.44901812,10.2,0.765,765.0,133.66402480041506,1.1806930693069306,turn,1,52.7,75.5,False,12.70000000000018,6.4600000000000914,6.240000000000089,-1.0599999999995888
766,25.49299991,51.44902534,10.2,0.766,766.0,133.657641559632,1.2202970297029747,turn,1,52.7,75.5,False,12.70000000000018,6.4600000000000914,6.240000000000089,-1.0599999999995888
767,25.4929937,51.44903255,10.2,0.767,767.0,133.66402181090075,1.2549504950495072,turn,1,52.7,75.5,False,12.70000000000018,6.4600000000000914,6.240000000000089,-1.0599999999995888
768,25.49298748,51.44903977,10.2,0.768,768.0,134.17212377208017,1.289603960396044,turn,1,52.7,75.5,False,12.70000000000018,6.4600000000000914,6.240000000000089,-1.0599999999995888
769,25.49298121,51.44904692,10.3,0.769,769.0,134.25783909174652,1.3193069306930694,turn,1,52.7,75.5,False,13.500000000000192,6.840000000000098,6.660000000000094,-0.4399999999995798
770,25.49297493,51.44905406,10.3,0.77,770.0,134.2177567716276,1.3490099009900947,turn,1,52.7,75.5,False,13.500000000000192,6.840000000000098,6.660000000000094,-0.4399999999995798
771,25.49296865,51.44906121,10.3,0.771,771.0,134.343543165264,1.3762376237623775,turn,1,52.7,75.5,False,13.500000000000192,6.840000000000098,6.660000000000094,-0.4399999999995798
772,25.49296236,51.44906834,10.3,0.772,772.0,134.85755668694105,1.4034653465346514,turn,1,52.7,75.5,False,13.500000000000192,6.840000000000098,6.660000000000094,-0.4399999999995798
773,25.49295601,51.44907541,10.4,0.773,773.0,134.85755517304176,1.4282178217821828,turn,1,52.7,75.5,False,13.500000000000192,6.840000000000098,6.660000000000094,-0.4399999999995798
774,25.49294966,51.44908248,10.4,0.774,774.0,134.81240414470085,1.4554455445544612,turn,1,52.7,75.5,False,14.700000000000207,7.450000000000106,7.250000000000103,0.050000000000427
775,25.49294332,51.44908955,10.4,0.775,775.0,134.8170610759929,1.4801980198019793,turn,1,52.7,75.5,False,14.700000000000207,7.450000000000106,7.250000000000103,0.050000000000427
776,25.49293697,51.44909663,10.4,0.776,776.0,134.85755068820345,1.502475247524755,turn,1,52.7,75.5,False,14.700000000000207,7.450000000000106,7.250000000000103,0.050000000000427
777,25.49293062,51.4491037,10.4,0.777,777.0,134.77190888900185,1.524752475247526,turn,1,52.7,75.5,False,14.700000000000207,7.450000000000106,7.250000000000103,0.050000000000427
778,25.49292428,51.44911078,10.5,0.778,778.0,134.81239801067272,1.544554455445546,turn,1,52.7,75.5,False,14.700000000000207,7.450000000000106,7.250000000000103,0.050000000000427
779,25.49291794,51.44911785,10.5,0.779,779.0,134.81705506826654,1.5643564356435702,turn,1,52.7,75.5,False,15.800000000000225,8.210000000000116,7.590000000000107,0.3900000000004316
780,25.49291159,51.44912493,10.5,0.78,780.0,134.81239501106626,1.5816831683168342,turn,1,52.7,75.5,False,15.800000000000225,8.210000000000116,7.590000000000107,0.3900000000004316
781,25.49290525,51.449132,10.5,0.781,781.0,134.81705203992385,1.5965346534653468,turn,1,52.7,75.5,False,15.800000000000225,8.210000000000116,7.590000000000107,0.3900000000004316
782,25.4928989,51.44913908,10.6,0.782,782.0,134.8123920000579,1.608910891089117,turn,1,52.7,75.5,False,15.800000000000225,8.210000000000116,7.590000000000107,0.3900000000004316
783,25.49289256,51.44914615,10.6,0.783,783.0,134.64587265591632,1.6212871287128738,turn,1,52.7,75.5,False,15.800000000000225,8.210000000000116,7.590000000000107,0.3900000000004316
784,25.49288623,51.44915325,10.6,0.784,784.0,134.5552220469201,1.6336633663366307,turn,1,52.7,75.5,False,16.000000000000227,8.170000000000115,7.830000000000111,0.5300000000004337
785,25.49287992,51.44916035,10.6,0.785,785.0,134.56026403886767,1.646039603960401,turn,1,52.7,75.5,False,16.000000000000227,8.170000000000115,7.830000000000111,0.5300000000004337
786,25.4928736,51.44916746,10.7,0.786,786.0,134.60057892412965,1.653465346534655,turn,1,52.7,75.5,False,16.000000000000227,8.170000000000115,7.830000000000111,0.5300000000004337
787,25.49286728,51.44917456,10.7,0.787,787.0,134.42921584551476,1.658415841584158,straight,-1,inf,inf,False,16.000000000000227,8.170000000000115,7.830000000000111,0.5300000000004337
788,25.49286098,51.44918168,10.8,0.788,788.0,134.4746427628545,1.6633663366336648,straight,-1,inf,inf,False,16.000000000000227,8.170000000000115,7.830000000000111,0.5300000000004337
789,25.49285467,51.4491888,10.8,0.789,789.0,134.51489906604104,1.6683168316831718,straight,-1,inf,inf,False,17.50000000000025,9.41000000000018,8.090000000000067,0.0900000000003791
790,25.49284836,51.44919591,10.9,0.79,790.0,134.42921132121023,1.6732673267326748,straight,-1,inf,inf,False,17.50000000000025,9.41000000000018,8.090000000000067,0.0900000000003791
791,25.49284206,51.44920303,10.9,0.791,791.0,134.086362857199,1.6732673267326703,turn,2,383.0,203.5,False,17.50000000000025,9.41000000000018,8.090000000000067,0.0900000000003791
792,25.4928358,51.44921019,10.9,0.792,792.0,134.13206620018263,1.6732673267326748,turn,2,383.0,203.5,False,17.50000000000025,9.41000000000018,8.090000000000067,0.0900000000003791
793,25.49282953,51.44921735,11.0,0.793,793.0,134.04639802203462,1.6707920792079278,turn,2,383.0,203.5,False,17.50000000000025,9.41000000000018,8.090000000000067,0.0900000000003791
794,25.49282327,51.44922452,11.0,0.794,794.0,133.9607210593042,1.6658415841584162,turn,2,383.0,203.5,False,16.700000000000237,9.233333333333562,7.466666666666675,-0.533333333333011
795,25.49281702,51.4492317,11.1,0.795,795.0,133.2286612230298,1.655940594059411,turn,2,383.0,203.5,False,16.700000000000237,9.233333333333562,7.466666666666675,-0.533333333333011
796,25.49281086,51.44923896,11.1,0.796,796.0,133.27504186811018,1.6460396039603964,turn,2,383.0,203.5,False,16.700000000000237,9.233333333333562,7.466666666666675,-0.533333333333011
797,25.49280469,51.44924622,11.2,0.797,797.0,133.27504038946762,1.636138613861382,turn,2,383.0,203.5,False,16.700000000000237,9.233333333333562,7.466666666666675,-0.533333333333011
798,25.49279852,51.44925348,11.2,0.798,798.0,133.18930111558598,1.6212871287128738,turn,2,383.0,203.5,False,16.700000000000237,9.233333333333562,7.466666666666675,-0.533333333333011
799,25.49279236,51.44926075,11.3,0.799,799.0,132.97863455286108,1.6064356435643614,turn,2,383.0,203.5,False,12.099999999999689,5.219999999999734,6.879999999999955,-1.2199999999997346
800,25.49278622,51.44926805,11.3,0.8,800.0,133.01780790524936,1.5866336633663416,turn,2,383.0,203.5,False,12.099999999999689,5.219999999999734,6.879999999999955,-1.2199999999997346
801,25.49278008,51.44927534,11.4,0.801,801.0,133.01780641997442,1.5668316831683218,turn,2,383.0,203.5,False,12.099999999999689,5.219999999999734,6.879999999999955,-1.2199999999997346
802,25.49277394,51.44928263,11.4,0.802,802.0,132.67477653629373,1.5470297029703017,turn,2,383.0,203.5,False,12.099999999999689,5.219999999999734,6.879999999999955,-1.2199999999997346
803,25.49276784,51.44928996,11.4,0.803,803.0,132.33170332586383,1.524752475247526,turn,2,383.0,203.5,False,12.099999999999689,5.219999999999734,6.879999999999955,-1.2199999999997346
804,25.49276178,51.44929733,11.4,0.804,804.0,132.33170189700888,1.4975247524752522,turn,2,383.0,203.5,False,12.16666666666636,5.67666666666646,6.489999999999902,-2.009999999999793
805,25.49275572,51.4493047,11.5,0.805,805.0,132.3317004585058,1.4702970297029694,turn,2,383.0,203.5,False,12.16666666666636,5.67666666666646,6.489999999999902,-2.009999999999793
806,25.49274966,51.44931207,11.5,0.806,806.0,131.98860855063378,1.443069306930691,turn,2,383.0,203.5,False,12.16666666666636,5.67666666666646,6.489999999999902,-2.009999999999793
807,25.49274364,51.44931948,11.5,0.807,807.0,131.6455225777783,1.415841584158417,turn,2,383.0,203.5,False,12.16666666666636,5.67666666666646,6.489999999999902,-2.009999999999793
808,25.49273766,51.44932693,11.5,0.808,808.0,131.64552111326293,1.3886138613861432,turn,2,383.0,203.5,False,12.16666666666636,5.67666666666646,6.489999999999902,-2.009999999999793
809,25.49273168,51.44933438,11.5,0.809,809.0,131.6455197216277,1.358910891089109,turn,2,383.0,203.5,False,12.133333333333033,6.156666666666517,5.976666666666515,-2.823333333333184
810,25.4927257,51.44934183,11.5,0.81,810.0,131.47398590169837,1.3267326732673324,turn,2,383.0,203.5,False,12.133333333333033,6.156666666666517,5.976666666666515,-2.823333333333184
811,25.49271974,51.4493493,11.5,0.811,811.0,131.3024627690989,1.292079207920791,turn,2,383.0,203.5,False,12.133333333333033,6.156666666666517,5.976666666666515,-2.823333333333184
812,25.4927138,51.44935679,11.5,0.812,812.0,131.38822075849816,1.257425742574263,turn,2,383.0,203.5,False,12.133333333333033,6.156666666666517,5.976666666666515,-2.823333333333184
813,25.49270785,51.44936427,11.5,0.813,813.0,131.3024599821141,1.2202970297029703,turn,2,383.0,203.5,False,12.133333333333033,6.156666666666517,5.976666666666515,-2.823333333333184
814,25.49270191,51.44937176,11.5,0.814,814.0,131.13095066415735,1.1806930693069306,turn,2,383.0,203.5,False,12.399999999999707,6.249999999999854,6.149999999999853,-3.2499999999998543
815,25.49269599,51.44937927,11.5,0.815,815.0,130.87371993216482,1.1410891089108954,turn,2,383.0,203.5,False,12.399999999999707,6.249999999999854,6.149999999999853,-3.2499999999998543
816,25.4926901,51.44938681,11.5,0.816,816.0,130.91134818144945,1.101485148514847,turn,2,383.0,203.5,False,12.399999999999707,6.249999999999854,6.149999999999853,-3.2499999999998543
817,25.49268421,51.44939434,11.5,0.817,817.0,130.9594553608323,1.0594059405940603,turn,2,383.0,203.5,False,12.399999999999707,6.249999999999854,6.149999999999853,-3.2499999999998543
818,25.49267831,51.44940187,11.5,0.818,818.0,130.61653470305043,1.0173267326732738,turn,2,383.0,203.5,False,12.399999999999707,6.249999999999854,6.149999999999853,-3.2499999999998543
819,25.49267245,51.44940944,11.5,0.819,819.0,130.568182327582,0.9752475247524739,turn,2,383.0,203.5,False,12.766666666666382,6.133333333333218,6.633333333333164,-3.466666666666552
820,25.4926666,51.44941701,11.5,0.82,820.0,130.48240640031895,0.933168316831683,turn,2,383.0,203.5,False,12.766666666666382,6.133333333333218,6.633333333333164,-3.466666666666552
821,25.49266076,51.44942459,11.5,0.821,821.0,130.53081598011408,0.8910891089108919,turn,2,383.0,203.5,False,12.766666666666382,6.133333333333218,6.633333333333164,-3.466666666666552
822,25.49265491,51.44943217,11.5,0.822,822.0,130.22512428371203,0.8490099009900964,turn,2,383.0,203.5,False,12.766666666666382,6.133333333333218,6.633333333333164,-3.466666666666552
823,25.4926491,51.44943978,11.5,0.823,823.0,130.1023517499301,0.8069306930693054,turn,2,383.0,203.5,False,12.766666666666382,6.133333333333218,6.633333333333164,-3.466666666666552
824,25.4926433,51.44944741,11.5,0.824,824.0,130.13937776541195,0.7623762376237675,turn,2,383.0,203.5,False,13.033333333333058,6.02410256410248,7.009230769230579,-3.6907692307691455
825,25.4926375,51.44945503,11.5,0.825,825.0,130.09065784968493,0.7178217821782162,turn,2,383.0,203.5,False,13.033333333333058,6.02410256410248,7.009230769230579,-3.6907692307691455
826,25.49263171,51.44946265,11.5,0.826,826.0,129.71079370409382,0.6732673267326739,turn,2,383.0,203.5,False,13.033333333333058,6.02410256410248,7.009230769230579,-3.6907692307691455
827,25.49262596,51.44947032,11.5,0.827,827.0,129.5760381735049,0.6311881188118829,turn,2,383.0,203.5,False,13.033333333333058,6.02410256410248,7.009230769230579,-3.6907692307691455
828,25.49262023,51.449478,11.6,0.828,828.0,129.53942977503658,0.586633663366336,turn,2,383.0,203.5,False,13.033333333333058,6.02410256410248,7.009230769230579,-3.6907692307691455
829,25.4926145,51.44948569,11.6,0.829,829.0,129.57603547454755,0.5420792079207937,turn,2,383.0,203.5,False,11.0,5.892307692307637,5.107692307692363,-3.8923076923076367
830,25.49260877,51.44949337,11.6,0.83,830.0,129.3681110883316,0.4950495049504955,turn,2,383.0,203.5,False,11.0,5.892307692307637,5.107692307692363,-3.8923076923076367
831,25.49260306,51.44950108,11.6,0.831,831.0,129.36810978454008,0.4529702970297045,turn,2,383.0,203.5,False,11.0,5.892307692307637,5.107692307692363,-3.8923076923076367
832,25.49259735,51.44950879,11.6,0.832,832.0,129.31886871219228,0.40841584158415767,turn,2,383.0,203.5,False,11.0,5.892307692307637,5.107692307692363,-3.8923076923076367
833,25.49259165,51.4495165,11.6,0.833,833.0,129.31886736422598,0.3663366336633622,turn,2,383.0,203.5,False,11.0,5.892307692307637,5.107692307692363,-3.8923076923076367
834,25.49258595,51.44952421,11.6,0.834,834.0,128.8905130534472,0.32425742574257566,turn,2,383.0,203.5,False,10.907692307692308,5.661282051282024,5.246410256410284,-4.061282051282024
835,25.4925803,51.44953197,11.6,0.835,835.0,128.75523668352696,0.28712871287128294,turn,2,383.0,203.5,False,10.907692307692308,5.661282051282024,5.246410256410284,-4.061282051282024
836,25.49257467,51.44953974,11.6,0.836,836.0,128.66956523758063,0.24752475247524774,turn,2,383.0,203.5,False,10.907692307692308,5.661282051282024,5.246410256410284,-4.061282051282024
837,25.49256905,51.44954752,11.6,0.837,837.0,128.75523404910427,0.20792079207921252,turn,2,383.0,203.5,False,10.907692307692308,5.661282051282024,5.246410256410284,-4.061282051282024
838,25.49256342,51.44955529,11.6,0.838,838.0,128.46251040798597,0.17079207920792427,turn,2,383.0,203.5,False,10.907692307692308,5.661282051282024,5.246410256410284,-4.061282051282024
839,25.49255782,51.4495631,11.6,0.839,839.0,128.44838761419118,0.13366336633663156,turn,2,383.0,203.5,False,10.815384615384614,5.407692307692307,5.407692307692308,-4.207692307692307
840,25.49255223,51.4495709,11.6,0.84,840.0,128.41264267332724,0.10148514851485047,turn,2,383.0,203.5,False,10.815384615384614,5.407692307692307,5.407692307692308,-4.207692307692307
841,25.49254664,51.44957871,11.7,0.841,841.0,128.46250649536466,0.07178217821782074,turn,2,383.0,203.5,False,10.815384615384614,5.407692307692307,5.407692307692308,-4.207692307692307
842,25.49254104,51.44958652,11.7,0.842,842.0,128.19140072650617,0.042079207920791006,turn,2,383.0,203.5,False,10.815384615384614,5.407692307692307,5.407692307692308,-4.207692307692307
843,25.49253548,51.44959435,11.7,0.843,843.0,128.1558685900681,0.012376237623761275,turn,2,383.0,203.5,False,10.815384615384614,5.407692307692307,5.407692307692308,-4.207692307692307
844,25.49252992,51.44960219,11.7,0.844,844.0,128.19139817255268,-0.012376237623765718,turn,2,383.0,203.5,False,10.723076923076924,5.361538461538462,5.361538461538461,-4.561538461538462
845,25.49252436,51.44961002,11.7,0.845,845.0,128.15586610720652,-0.03712871287128383,turn,2,383.0,203.5,False,10.723076923076924,5.361538461538462,5.361538461538461,-4.561538461538462
846,25.4925188,51.44961786,11.7,0.846,846.0,127.71306596112089,-0.06188118811881083,turn,2,383.0,203.5,False,10.723076923076924,5.361538461538462,5.361538461538461,-4.561538461538462
847,25.4925133,51.44962574,11.7,0.847,847.0,127.50689773979957,-0.08415841584158645,turn,2,383.0,203.5,False,10.723076923076924,5.361538461538462,5.361538461538461,-4.561538461538462
848,25.49250782,51.44963365,11.7,0.848,848.0,127.54190983625057,-0.10643564356436208,turn,2,383.0,203.5,False,10.723076923076924,5.361538461538462,5.361538461538461,-4.561538461538462
849,25.49250234,51.44964155,11.7,0.849,849.0,127.50689525404124,-0.12623762376237302,turn,2,383.0,203.5,False,10.63076923076923,5.215384615384615,5.415384615384615,-4.815384615384615
850,25.49249686,51.44964946,11.7,0.85,850.0,127.14909030216432,-0.1435643564356459,turn,2,383.0,203.5,False,10.63076923076923,5.215384615384615,5.415384615384615,-4.815384615384615
851,25.49249143,51.4496574,11.7,0.851,851.0,127.11438276028775,-0.16089108910890992,turn,2,383.0,203.5,False,10.63076923076923,5.215384615384615,5.415384615384615,-4.815384615384615
852,25.492486,51.44966535,11.7,0.852,852.0,127.06357500110073,-0.175742574257427,turn,2,383.0,203.5,False,10.63076923076923,5.215384615384615,5.415384615384615,-4.815384615384615
853,25.49248058,51.4496733,11.7,0.853,853.0,127.0635738022994,-0.18811881188118385,turn,2,383.0,203.5,False,10.63076923076923,5.215384615384615,5.415384615384615,-4.815384615384615
854,25.49247516,51.44968125,11.7,0.854,854.0,126.49980475776368,-0.200495049504954,turn,2,383.0,203.5,False,10.538461538461538,4.969230769230769,5.569230769230769,-4.969230769230769
855,25.49246981,51.44968926,11.7,0.855,855.0,126.24368728028145,-0.21287128712871528,turn,2,383.0,203.5,False,10.538461538461538,4.969230769230769,5.569230769230769,-4.969230769230769
856,25.49246449,51.4496973,11.7,0.856,856.0,126.27769375934417,-0.22277227722772075,turn,2,383.0,203.5,False,10.538461538461538,4.969230769230769,5.569230769230769,-4.969230769230769
857,25.49245917,51.44970533,11.6,0.857,857.0,126.24368486120312,-0.23019801980197926,turn,2,383.0,203.5,False,10.538461538461538,4.969230769230769,5.569230769230769,-4.969230769230769
858,25.49245385,51.44971337,11.6,0.858,858.0,126.41440247605851,-0.23762376237623783,turn,2,383.0,203.5,False,10.538461538461538,4.969230769230769,5.569230769230769,-4.969230769230769
859,25.49244851,51.44972139,11.6,0.859,859.0,126.49979869813745,-0.24504950495049194,turn,2,383.0,203.5,False,11.446153846153846,5.623076923076923,5.823076923076924,-5.023076923076923
860,25.49244316,51.4497294,11.6,0.86,860.0,126.49979748386562,-0.2524752475247505,turn,2,383.0,203.5,False,11.446153846153846,5.623076923076923,5.823076923076924,-5.023076923076923
861,25.49243781,51.44973741,11.5,0.861,861.0,126.49979623689836,-0.2574257425742621,turn,2,383.0,203.5,False,11.446153846153846,5.623076923076923,5.823076923076924,-5.023076923076923
862,25.49243246,51.44974542,11.5,0.862,862.0,125.71402468863971,-0.2623762376237604,turn,2,383.0,203.5,False,11.446153846153846,5.623076923076923,5.823076923076924,-5.023076923076923
863,25.49242721,51.44975351,11.4,0.863,863.0,125.15075157710447,-0.26732673267326756,turn,2,383.0,203.5,False,11.446153846153846,5.623076923076923,5.823076923076924,-5.023076923076923
864,25.49242203,51.44976166,11.4,0.864,864.0,125.18387137621284,-0.27227722772277474,turn,2,383.0,203.5,False,12.353846153846153,6.176923076923077,6.176923076923076,-4.976923076923077
865,25.49241685,51.4497698,11.3,0.865,865.0,125.1507492683129,-0.27722772277227303,turn,2,383.0,203.5,False,12.353846153846153,6.176923076923077,6.176923076923076,-4.976923076923077
866,25.49241167,51.44977795,11.3,0.866,866.0,124.79086412768936,-0.27970297029702884,turn,2,383.0,203.5,False,12.353846153846153,6.176923076923077,6.176923076923076,-4.976923076923077
867,25.49240654,51.44978613,11.3,0.867,867.0,124.5355401020131,-0.28217821782178465,turn,2,383.0,203.5,False,12.353846153846153,6.176923076923077,6.176923076923076,-4.976923076923077
868,25.49240144,51.44979434,11.2,0.868,868.0,124.56815763747727,-0.2821782178217802,turn,2,383.0,203.5,False,12.353846153846153,6.176923076923077,6.176923076923076,-4.976923076923077
869,25.49239634,51.44980254,11.2,0.869,869.0,124.5355377806431,-0.2821782178217802,turn,2,383.0,203.5,False,13.26153846153846,6.63076923076923,6.630769230769231,-4.830769230769231
870,25.49239124,51.44981075,11.1,0.87,870.0,124.17519264284329,-0.28217821782178465,turn,2,383.0,203.5,False,13.26153846153846,6.63076923076923,6.630769230769231,-4.830769230769231
871,25.49238619,51.44981899,11.1,0.871,871.0,123.92022757898286,-0.2821782178217802,turn,2,383.0,203.5,False,13.26153846153846,6.63076923076923,6.630769230769231,-4.830769230769231
872,25.49238117,51.44982726,11.1,0.872,872.0,123.92022647058303,-0.28217821782178465,turn,2,383.0,203.5,False,13.26153846153846,6.63076923076923,6.630769230769231,-4.830769230769231
873,25.49237615,51.44983553,11.1,0.873,873.0,123.8994248385327,-0.28217821782178465,turn,2,383.0,203.5,False,13.26153846153846,6.63076923076923,6.630769230769231,-4.830769230769231
874,25.49237114,51.44984379,11.0,0.874,874.0,123.69746062047136,-0.28217821782178465,turn,2,383.0,203.5,False,14.16923076923077,7.1946153846153855,6.974615384615385,-4.794615384615385
875,25.49236615,51.44985208,11.0,0.875,875.0,123.35814971945075,-0.28217821782178465,turn,2,383.0,203.5,False,14.16923076923077,7.1946153846153855,6.974615384615385,-4.794615384615385
876,25.4923612,51.44986041,11.0,0.876,876.0,123.33654655009184,-0.28217821782178465,turn,2,383.0,203.5,False,14.16923076923077,7.1946153846153855,6.974615384615385,-4.794615384615385
877,25.49235626,51.44986873,11.0,0.877,877.0,123.38976437590168,-0.2821782178217891,turn,2,383.0,203.5,False,14.16923076923077,7.1946153846153855,6.974615384615385,-4.794615384615385
878,25.49235131,51.44987705,11.0,0.878,878.0,123.33654440509883,-0.28217821782178465,turn,2,383.0,203.5,False,14.16923076923077,7.1946153846153855,6.974615384615385,-4.794615384615385
879,25.49234637,51.44988537,11.0,0.879,879.0,123.25169315583634,-0.28217821782178465,turn,2,383.0,203.5,False,15.076923076923077,7.868461538461538,7.208461538461538,-4.868461538461538
880,25.49234144,51.4498937,10.9,0.88,880.0,123.30495067190446,-0.28217821782178465,turn,2,383.0,203.5,False,15.076923076923077,7.868461538461538,7.208461538461538,-4.868461538461538
881,25.4923365,51.44990203,10.9,0.881,881.0,123.28325710738102,-0.284653465346536,turn,2,383.0,203.5,False,15.076923076923077,7.868461538461538,7.208461538461538,-4.868461538461538
882,25.49233157,51.44991035,10.9,0.882,882.0,123.13544405465109,-0.2896039603960432,turn,2,383.0,203.5,False,15.076923076923077,7.868461538461538,7.208461538461538,-4.868461538461538
883,25.49232665,51.4499187,10.9,0.883,883.0,122.80565852798833,-0.2945544554455459,turn,2,383.0,203.5,False,15.076923076923077,7.868461538461538,7.208461538461538,-4.868461538461538
884,25.49232178,51.44992707,10.9,0.884,884.0,122.85920124047016,-0.29950495049504866,turn,2,383.0,203.5,False,14.884615384615383,7.552307692307693,7.332307692307692,-5.052307692307693
885,25.4923169,51.44993544,10.9,0.885,885.0,122.85920012608779,-0.30445544554455584,turn,2,383.0,203.5,False,14.884615384615383,7.552307692307693,7.332307692307692,-5.052307692307693
886,25.49231202,51.44994381,10.9,0.886,886.0,122.75204712541608,-0.309405940594063,turn,2,383.0,203.5,False,14.884615384615383,7.552307692307693,7.332307692307692,-5.052307692307693
887,25.49230716,51.44995218,10.9,0.887,887.0,122.41323225963811,-0.3168316831683171,turn,2,383.0,203.5,False,14.884615384615383,7.552307692307693,7.332307692307692,-5.052307692307693
888,25.49230234,51.44996059,10.9,0.888,888.0,122.46698962366202,-0.3242574257425712,turn,2,383.0,203.5,False,14.884615384615383,7.552307692307693,7.332307692307692,-5.052307692307693
889,25.49229751,51.449969,11.0,0.889,889.0,122.4440851388656,-0.3316831683168342,turn,2,383.0,203.5,False,14.884615384615383,7.552307692307693,7.332307692307692,-5.052307692307693
890,25.49229269,51.4499774,11.0,0.89,890.0,122.46698753972277,-0.33910891089109274,straight,-1,inf,inf,False,14.692307692307692,8.0353846153846,6.656923076923092,-6.035384615384602
891,25.49228786,51.44998581,11.0,0.891,891.0,122.44408305570676,-0.3465346534653424,straight,-1,inf,inf,False,14.692307692307692,8.0353846153846,6.656923076923092,-6.035384615384602
892,25.49228304,51.44999421,11.0,0.892,892.0,122.46698548742057,-0.3539603960396054,straight,-1,inf,inf,False,14.692307692307692,8.0353846153846,6.656923076923092,-6.035384615384602
893,25.49227821,51.45000262,11.0,0.893,893.0,122.41322599871364,-0.36138613861386837,straight,-1,inf,inf,False,14.692307692307692,8.0353846153846,6.656923076923092,-6.035384615384602
894,25.49227339,51.45001103,11.0,0.894,894.0,122.41322495874027,-0.3688118811881136,straight,-1,inf,inf,False,14.692307692307692,8.0353846153846,6.656923076923092,-6.035384615384602
895,25.49226857,51.45001944,11.0,0.895,895.0,122.27476669353996,-0.37623762376237657,straight,-1,inf,inf,False,14.5,8.77769230769224,5.72230769230776,-7.27769230769224
896,25.49226377,51.45002786,11.0,0.896,896.0,122.19017414347525,-0.3836633663366307,straight,-1,inf,inf,False,14.5,8.77769230769224,5.72230769230776,-7.27769230769224
897,25.49225898,51.45003629,11.0,0.897,897.0,122.27476464624726,-0.3910891089108937,straight,-1,inf,inf,False,14.5,8.77769230769224,5.72230769230776,-7.27769230769224
898,25.49225418,51.45004471,11.0,0.898,898.0,122.24406776876526,-0.39851485148514776,straight,-1,inf,inf,False,14.5,8.77769230769224,5.72230769230776,-7.27769230769224
899,25.49224938,51.45005314,11.0,0.899,899.0,122.1362114268419,-0.4034653465346594,straight,-1,inf,inf,False,14.5,8.77769230769224,5.72230769230776,-7.27769230769224
900,25.4922446,51.45006157,11.0,0.9,900.0,122.10562198122159,-0.410891089108909,straight,-1,inf,inf,False,14.5,8.77769230769224,5.72230769230776,-7.27769230769224
901,25.49223982,51.45007001,11.0,0.901,901.0,122.19016899504481,-0.41584158415841177,straight,-1,inf,inf,False,21.19999999999986,9.439230769230646,11.760769230769217,-8.439230769230646
902,25.49223503,51.45007844,11.0,0.902,902.0,122.1056199074797,-0.42079207920792344,straight,-1,inf,inf,False,21.19999999999986,9.439230769230646,11.760769230769217,-8.439230769230646
903,25.49223025,51.45008688,11.0,0.903,903.0,122.10561889856638,-0.4257425742574261,straight,-1,inf,inf,False,21.19999999999986,9.439230769230646,11.760769230769217,-8.439230769230646
904,25.49222547,51.45009532,11.0,0.904,904.0,122.10561785760399,-0.4282178217821819,straight,-1,inf,inf,False,21.19999999999986,9.439230769230646,11.760769230769217,-8.439230769230646
905,25.49222069,51.45010376,11.0,0.905,905.0,122.08218174362696,-0.4282178217821819,straight,-1,inf,inf,False,21.19999999999986,9.439230769230646,11.760769230769217,-8.439230769230646
906,25.49221592,51.45011219,11.0,0.906,906.0,122.07507935256592,-0.4306930693069288,straight,-1,inf,inf,False,18.90000000000027,8.18000000000023,10.720000000000038,-9.479999999999825
907,25.49221114,51.45012064,11.0,0.907,907.0,121.8284531788932,-0.4331683168316803,straight,-1,inf,inf,False,18.90000000000027,8.18000000000023,10.720000000000038,-9.479999999999825
908,25.4922064,51.4501291,11.0,0.908,908.0,121.88258264191478,-0.43564356435643603,straight,-1,inf,inf,False,18.90000000000027,8.18000000000023,10.720000000000038,-9.479999999999825
909,25.49220165,51.45013756,11.0,0.909,909.0,121.8284511513865,-0.4381188118811918,straight,-1,inf,inf,False,18.90000000000027,8.18000000000023,10.720000000000038,-9.479999999999825
910,25.49219691,51.45014602,11.0,0.91,910.0,121.91298104819305,-0.4381188118811874,straight,-1,inf,inf,False,18.90000000000027,8.18000000000023,10.720000000000038,-9.479999999999825
911,25.49219216,51.45015447,11.1,0.911,911.0,122.02110649851778,-0.43564356435643603,straight,-1,inf,inf,False,18.90000000000027,9.060000000000173,9.840000000000096,-10.359999999999763
912,25.49218739,51.45016292,11.1,0.912,912.0,122.02110547383808,-0.4331683168316803,straight,-1,inf,inf,False,18.90000000000027,9.060000000000173,9.840000000000096,-10.359999999999763
913,25.49218262,51.45017137,11.1,0.913,913.0,121.99755355875692,-0.4306930693069288,straight,-1,inf,inf,False,18.90000000000027,9.060000000000173,9.840000000000096,-10.359999999999763
914,25.49217786,51.45017981,11.1,0.914,914.0,122.02110346761907,-0.42821782178217305,straight,-1,inf,inf,False,19.10000000000027,9.240000000000132,9.86000000000014,-10.23999999999972
915,25.49217309,51.45018826,11.1,0.915,915.0,121.82844506479341,-0.4257425742574217,straight,-1,inf,inf,False,19.10000000000027,9.240000000000132,9.86000000000014,-10.23999999999972
916,25.49216835,51.45019672,11.1,0.916,916.0,121.88257449209993,-0.4207920792079189,straight,-1,inf,inf,False,19.10000000000027,9.240000000000132,9.86000000000014,-10.23999999999972
917,25.4921636,51.45020518,11.2,0.917,917.0,121.8825734721022,-0.41584158415841177,straight,-1,inf,inf,False,19.10000000000027,9.240000000000132,9.86000000000014,-10.23999999999972
918,25.49215885,51.45021364,11.2,0.918,918.0,121.88257244124401,-0.41336633663366484,straight,-1,inf,inf,False,18.500000000000263,8.940000000000127,9.560000000000136,-9.839999999999714
919,25.4921541,51.4502221,11.2,0.919,919.0,121.88257144056837,-0.4108910891089046,straight,-1,inf,inf,False,18.500000000000263,8.940000000000127,9.560000000000136,-9.839999999999714
920,25.49214935,51.45023056,11.2,0.92,920.0,121.82844001213664,-0.410891089108909,straight,-1,inf,inf,False,18.500000000000263,8.940000000000127,9.560000000000136,-9.839999999999714
921,25.49214461,51.45023902,11.2,0.921,921.0,121.82843898015085,-0.41089108910891353,straight,-1,inf,inf,False,18.500000000000263,8.940000000000127,9.560000000000136,-9.839999999999714
922,25.49213987,51.45024748,11.3,0.922,922.0,121.79811762545086,-0.40841584158415767,straight,-1,inf,inf,False,18.500000000000263,8.940000000000127,9.560000000000136,-9.839999999999714
923,25.49213513,51.45025595,11.3,0.923,923.0,121.65951067219311,-0.4059405940594063,straight,-1,inf,inf,False,17.60000000000025,9.20000000000013,8.40000000000012,-9.399999999999707
924,25.49213041,51.45026443,11.3,0.924,924.0,121.68972123435447,-0.4059405940594063,straight,-1,inf,inf,False,17.60000000000025,9.20000000000013,8.40000000000012,-9.399999999999707
925,25.49212569,51.4502729,11.3,0.925,925.0,121.71370892318805,-0.40594059405940186,straight,-1,inf,inf,False,17.60000000000025,9.20000000000013,8.40000000000012,-9.399999999999707
926,25.49212096,51.45028138,11.4,0.926,926.0,121.77423994007165,-0.40594059405940186,straight,-1,inf,inf,False,17.60000000000025,9.20000000000013,8.40000000000012,-9.399999999999707
927,25.49211623,51.45028984,11.4,0.927,927.0,121.79811261194811,-0.4059405940594063,straight,-1,inf,inf,False,17.60000000000025,9.20000000000013,8.40000000000012,-9.399999999999707
928,25.49211149,51.45029831,11.4,0.928,928.0,121.88256233073122,-0.4059405940594063,straight,-1,inf,inf,False,17.50000000000025,8.940000000000126,8.560000000000123,-8.9399999999997
929,25.49210674,51.45030677,11.5,0.929,929.0,121.82843088938392,-0.40594059405940186,straight,-1,inf,inf,False,17.50000000000025,8.940000000000126,8.560000000000123,-8.9399999999997
930,25.492102,51.45031523,11.5,0.93,930.0,122.328590084692,-0.4084158415841532,straight,-1,inf,inf,False,17.50000000000025,8.940000000000126,8.560000000000123,-8.9399999999997
931,25.49209719,51.45032365,11.5,0.931,931.0,122.49782738573549,-0.41089108910891353,straight,-1,inf,inf,False,17.50000000000025,8.940000000000126,8.560000000000123,-8.9399999999997
932,25.49209236,51.45033205,11.5,0.932,932.0,122.4669443124036,-0.4158415841584162,straight,-1,inf,inf,False,17.50000000000025,8.940000000000126,8.560000000000123,-8.9399999999997
933,25.49208753,51.45034046,11.5,0.933,933.0,122.44403981041222,-0.4207920792079189,straight,-1,inf,inf,False,17.300000000000246,8.630000000000122,8.670000000000124,-8.529999999999694
934,25.49208271,51.45034886,11.4,0.934,934.0,122.49782422044598,-0.42574257425743056,straight,-1,inf,inf,False,17.300000000000246,8.630000000000122,8.670000000000124,-8.529999999999694
935,25.49207788,51.45035726,11.4,0.935,935.0,122.46694118544707,-0.4306930693069288,straight,-1,inf,inf,False,17.300000000000246,8.630000000000122,8.670000000000124,-8.529999999999694
936,25.49207305,51.45036567,11.4,0.936,936.0,122.44403664786591,-0.44059405940594765,straight,-1,inf,inf,False,17.300000000000246,8.630000000000122,8.670000000000124,-8.529999999999694
937,25.49206823,51.45037407,11.4,0.937,937.0,122.4669391015305,-0.4504950495049486,straight,-1,inf,inf,False,17.300000000000246,8.630000000000122,8.670000000000124,-8.529999999999694
938,25.4920634,51.45038248,11.4,0.938,938.0,122.49782008511079,-0.46039603960396747,straight,-1,inf,inf,False,17.300000000000246,8.680000000000124,8.620000000000122,-8.279999999999692
939,25.49205857,51.45039088,11.4,0.939,939.0,122.41317860896993,-0.4727722772277199,straight,-1,inf,inf,False,17.300000000000246,8.680000000000124,8.620000000000122,-8.279999999999692
940,25.49205375,51.45039929,11.3,0.94,940.0,122.49781799758176,-0.48267326732673865,straight,-1,inf,inf,False,17.300000000000246,8.680000000000124,8.620000000000122,-8.279999999999692
941,25.49204892,51.45040769,11.3,0.941,941.0,122.46693491445279,-0.4950495049504955,straight,-1,inf,inf,False,17.300000000000246,8.680000000000124,8.620000000000122,-8.279999999999692
942,25.49204409,51.4504161,11.3,0.942,942.0,122.44403039882832,-0.5123762376237639,straight,-1,inf,inf,False,17.300000000000246,8.680000000000124,8.620000000000122,-8.279999999999692
943,25.49203927,51.4504245,11.3,0.943,943.0,122.46693282799924,-0.529702970297028,straight,-1,inf,inf,False,17.200000000000244,8.48000000000012,8.720000000000125,-7.979999999999686
944,25.49203444,51.45043291,11.3,0.944,944.0,122.49781384515586,-0.547029702970292,straight,-1,inf,inf,False,17.200000000000244,8.48000000000012,8.720000000000125,-7.979999999999686
945,25.49202961,51.45044131,11.3,0.945,945.0,122.44402729016645,-0.5668316831683207,straight,-1,inf,inf,False,17.200000000000244,8.48000000000012,8.720000000000125,-7.979999999999686
946,25.49202479,51.45044971,11.2,0.946,946.0,122.46692968396292,-0.5841584158415891,straight,-1,inf,inf,False,17.200000000000244,8.48000000000012,8.720000000000125,-7.979999999999686
947,25.49201996,51.45045812,11.2,0.947,947.0,122.4978106995369,-0.6014851485148531,straight,-1,inf,inf,False,17.200000000000244,8.48000000000012,8.720000000000125,-7.979999999999686
948,25.49201513,51.45046652,11.2,0.948,948.0,122.46692761751996,-0.6237623762376243,straight,-1,inf,inf,False,17.100000000000243,8.480000000000121,8.620000000000122,-7.679999999999683
949,25.4920103,51.45047493,11.2,0.949,949.0,122.44402310462806,-0.6460396039603955,straight,-1,inf,inf,False,17.100000000000243,8.480000000000121,8.620000000000122,-7.679999999999683
950,25.49200548,51.45048333,11.2,0.95,950.0,122.4669255336097,-0.6683168316831667,straight,-1,inf,inf,True,17.100000000000243,8.480000000000121,8.620000000000122,-7.679999999999683
951,25.49200065,51.45049174,11.2,0.951,951.0,122.49780652232789,-0.6930693069306937,straight,-1,inf,inf,False,17.100000000000243,8.480000000000121,8.620000000000122,-7.679999999999683
952,25.49199582,51.45050014,11.1,0.952,952.0,122.41316508716886,-0.7153465346534649,straight,-1,inf,inf,False,17.100000000000243,8.480000000000121,8.620000000000122,-7.679999999999683
953,25.491991,51.45050855,11.1,0.953,953.0,122.49780444249859,-0.7400990099009874,straight,-1,inf,inf,False,17.300000000000246,8.790000000000125,8.51000000000012,-7.389999999999679
954,25.49198617,51.45051695,11.1,0.954,954.0,122.49780343313262,-0.7648514851485189,straight,-1,inf,inf,False,17.300000000000246,8.790000000000125,8.51000000000012,-7.389999999999679
955,25.49198134,51.45052535,11.1,0.955,955.0,122.41316192876025,-0.7896039603960413,straight,-1,inf,inf,False,17.300000000000246,8.790000000000125,8.51000000000012,-7.389999999999679
956,25.49197652,51.45053376,11.1,0.956,956.0,122.49780134817581,-0.8143564356435641,straight,-1,inf,inf,False,17.300000000000246,8.790000000000125,8.51000000000012,-7.389999999999679
957,25.49197169,51.45054216,11.1,0.957,957.0,122.46691823669221,-0.8391089108910909,straight,-1,inf,inf,False,17.300000000000246,8.790000000000125,8.51000000000012,-7.389999999999679
958,25.49196686,51.45055057,11.0,0.958,958.0,122.44401368802573,-0.8613861386138576,straight,-1,inf,inf,False,17.300000000000246,8.700000000000124,8.600000000000122,-7.099999999999675
959,25.49196204,51.45055897,11.0,0.959,959.0,122.46691618696224,-0.8836633663366378,straight,-1,inf,inf,False,17.300000000000246,8.700000000000124,8.600000000000122,-7.099999999999675
960,25.49195721,51.45056738,11.0,0.96,960.0,122.49779709062182,-0.905940594059409,straight,-1,inf,inf,False,17.300000000000246,8.700000000000124,8.600000000000122,-7.099999999999675
961,25.49195238,51.45057578,11.0,0.961,961.0,122.46691410089784,-0.9282178217821757,straight,-1,inf,inf,False,17.300000000000246,8.700000000000124,8.600000000000122,-7.099999999999675
962,25.49194755,51.45058419,11.0,0.962,962.0,122.44400954178764,-0.9480198019801955,straight,-1,inf,inf,False,17.300000000000246,8.700000000000124,8.600000000000122,-7.099999999999675
963,25.49194273,51.45059259,11.0,0.963,963.0,122.46691201699394,-0.9678217821782197,straight,-1,inf,inf,False,17.400000000000247,8.790000000000123,8.610000000000124,-6.889999999999671
964,25.4919379,51.450601,10.9,0.964,964.0,122.49779295018305,-0.9851485148514838,straight,-1,inf,inf,False,17.400000000000247,8.790000000000123,8.610000000000124,-6.889999999999671
965,25.49193307,51.4506094,10.9,0.965,965.0,122.44400643061357,-1.0000000000000053,straight,-1,inf,inf,False,17.400000000000247,8.790000000000123,8.610000000000124,-6.889999999999671
966,25.49192825,51.4506178,10.9,0.966,966.0,122.46690889006015,-1.0123762376237622,straight,-1,inf,inf,False,17.400000000000247,8.790000000000123,8.610000000000124,-6.889999999999671
967,25.49192342,51.45062621,10.9,0.967,967.0,122.4977898242397,-1.0247524752475234,straight,-1,inf,inf,False,17.400000000000247,8.790000000000123,8.610000000000124,-6.889999999999671
968,25.49191859,51.45063461,10.9,0.968,968.0,122.4131484412265,-1.0371287128712892,straight,-1,inf,inf,False,17.50000000000025,8.780000000000125,8.720000000000123,-6.679999999999668
969,25.49191377,51.45064302,10.9,0.969,969.0,122.49778775382129,-1.0495049504950549,straight,-1,inf,inf,False,17.50000000000025,8.780000000000125,8.720000000000123,-6.679999999999668
970,25.49190894,51.45065142,10.8,0.97,970.0,122.4669047030107,-1.0569306930693134,straight,-1,inf,inf,False,17.50000000000025,8.780000000000125,8.720000000000123,-6.679999999999668
971,25.49190411,51.45065983,10.8,0.971,971.0,122.44400018161838,-1.0618811881188162,straight,-1,inf,inf,False,17.50000000000025,8.780000000000125,8.720000000000123,-6.679999999999668
972,25.49189929,51.45066823,10.8,0.972,972.0,122.46690261911112,-1.066831683168319,straight,-1,inf,inf,False,17.50000000000025,8.780000000000125,8.720000000000123,-6.679999999999668
973,25.49189446,51.45067664,10.8,0.973,973.0,122.49778356466618,-1.0717821782178216,straight,-1,inf,inf,False,17.50000000000025,8.780000000000125,8.720000000000123,-6.679999999999668
974,25.49188963,51.45068504,10.8,0.974,974.0,122.41314219286829,-1.074257425742573,straight,-1,inf,inf,False,17.400000000000247,8.540000000000122,8.860000000000126,-6.539999999999667
975,25.49188481,51.45069345,10.8,0.975,975.0,122.49778146262207,-1.0767326732673288,straight,-1,inf,inf,False,17.400000000000247,8.540000000000122,8.860000000000126,-6.539999999999667
976,25.49187998,51.45070185,10.7,0.976,976.0,122.49778049001907,-1.0767326732673244,straight,-1,inf,inf,False,17.400000000000247,8.540000000000122,8.860000000000126,-6.539999999999667
977,25.49187515,51.45071025,10.7,0.977,977.0,122.46689738903945,-1.071782178217826,straight,-1,inf,inf,False,17.400000000000247,8.540000000000122,8.860000000000126,-6.539999999999667
978,25.49187032,51.45071866,10.7,0.978,978.0,122.4439929045846,-1.0668316831683144,straight,-1,inf,inf,False,17.400000000000247,8.540000000000122,8.860000000000126,-6.539999999999667
979,25.4918655,51.45072706,10.7,0.979,979.0,122.46689528805535,-1.0618811881188162,straight,-1,inf,inf,False,15.600000000000222,8.200000000000117,7.400000000000105,-6.599999999999668
980,25.49186067,51.45073547,10.7,0.98,980.0,122.49777630087078,-1.056930693069309,straight,-1,inf,inf,False,15.600000000000222,8.200000000000117,7.400000000000105,-6.599999999999668
981,25.49185584,51.45074387,10.7,0.981,981.0,122.4131348631879,-1.0359816469451821,straight,-1,inf,inf,False,15.600000000000222,8.200000000000117,7.400000000000105,-6.599999999999668
982,25.49185102,51.45075228,10.6,0.982,982.0,122.49777416463701,-1.0371287128712847,straight,-1,inf,inf,False,15.600000000000222,8.200000000000117,7.400000000000105,-6.599999999999668
983,25.49184619,51.45076068,10.6,0.983,983.0,122.46689113519449,-1.0070031393383239,straight,-1,inf,inf,False,15.600000000000222,8.200000000000117,7.400000000000105,-6.599999999999668
984,25.49184136,51.45076909,10.6,0.984,984.0,122.4439866530816,-1.0074257425742594,straight,-1,inf,inf,False,16.700000000000237,8.730000000000123,7.970000000000116,-6.729999999999668
985,25.49183654,51.45077749,10.6,0.985,985.0,122.49777108743194,-0.9780246317314614,straight,-1,inf,inf,False,16.700000000000237,8.730000000000123,7.970000000000116,-6.729999999999668
986,25.49183171,51.45078589,10.6,0.986,986.0,122.4668880082753,-0.9777227722772253,straight,-1,inf,inf,False,16.700000000000237,8.730000000000123,7.970000000000116,-6.729999999999668
987,25.49182688,51.4507943,10.6,0.987,987.0,122.44398350768967,-0.9466312484907036,straight,-1,inf,inf,False,16.700000000000237,8.730000000000123,7.970000000000116,-6.729999999999668
988,25.49182206,51.4508027,10.5,0.988,988.0,122.46688594147156,-0.9405940594059414,straight,-1,inf,inf,False,16.700000000000237,8.730000000000123,7.970000000000116,-6.729999999999668
989,25.49181723,51.45081111,10.5,0.989,989.0,122.49776691282455,-0.8983337358126108,straight,-1,inf,inf,False,17.00000000000024,8.250000000000117,8.750000000000124,-6.84999999999967
990,25.4918124,51.45081951,10.5,0.99,990.0,122.4131254956867,-0.8910891089108964,straight,-1,inf,inf,False,17.00000000000024,8.250000000000117,8.750000000000124,-6.84999999999967
991,25.49180758,51.45082792,10.5,0.991,991.0,122.49776481335272,-0.8500362231345093,straight,-1,inf,inf,False,17.00000000000024,8.250000000000117,8.750000000000124,-6.84999999999967
992,25.49180275,51.45083632,10.5,0.992,992.0,122.46688177153152,-0.8415841584158423,straight,-1,inf,inf,False,17.00000000000024,8.250000000000117,8.750000000000124,-6.84999999999967
993,25.49179792,51.45084473,10.5,0.993,993.0,122.49776270659237,-0.7993238348225127,straight,-1,inf,inf,False,17.00000000000024,8.250000000000117,8.750000000000124,-6.84999999999967
994,25.49179309,51.45085313,10.4,0.994,994.0,122.41312134652418,-0.78712871287129,straight,-1,inf,inf,False,14.600000000000206,7.300000000000104,7.300000000000102,-7.299999999999677
995,25.49178827,51.45086154,10.4,0.995,995.0,122.49776064131561,-0.7413668196087918,straight,-1,inf,inf,False,14.600000000000206,7.300000000000104,7.300000000000102,-7.299999999999677
996,25.49178344,51.45086994,10.4,0.996,996.0,122.49775957810573,-0.7277227722772306,straight,-1,inf,inf,False,14.600000000000206,7.300000000000104,7.300000000000102,-7.299999999999677
997,25.49177861,51.45087834,10.4,0.997,997.0,122.41311822236298,-0.683409804395071,straight,-1,inf,inf,False,14.600000000000206,7.300000000000104,7.300000000000102,-7.299999999999677
998,25.49177379,51.45088675,10.4,0.998,998.0,122.49775747607288,-0.6683168316831711,straight,-1,inf,inf,False,14.600000000000206,7.300000000000104,7.300000000000102,-7.299999999999677
999,25.49176896,51.45089515,10.4,0.999,999.0,122.46687447468571,-0.620623037913547,straight,-1,inf,inf,False,16.600000000000236,8.49000000000012,8.110000000000117,-7.48999999999968
1000,25.49176413,51.45090356,10.3,1.0,1000.0,122.44396999884736,-0.6014851485148487,straight,-1,inf,inf,False,16.600000000000236,8.49000000000012,8.110000000000117,-7.48999999999968
1001,25.49175931,51.45091196,10.3,1.001,1000.9999999999999,122.46687235662444,-0.5643564356435664,straight,-1,inf,inf,False,16.600000000000236,8.49000000000012,8.110000000000117,-7.48999999999968
1002,25.49175448,51.45092037,10.3,1.002,1002.0,122.49775335789667,-0.5297029702970324,straight,-1,inf,inf,False,16.600000000000236,8.49000000000012,8.110000000000117,-7.48999999999968
1003,25.49174965,51.45092877,10.3,1.003,1002.9999999999999,122.41311197404713,-0.4950495049504969,straight,-1,inf,inf,False,16.600000000000236,8.49000000000012,8.110000000000117,-7.48999999999968
1004,25.49174483,51.45093718,10.3,1.004,1004.0,122.49775118235164,-0.46039603960396747,straight,-1,inf,inf,False,17.70000000000025,7.930000000000112,9.77000000000014,-7.52999999999968
1005,25.49174,51.45094558,10.3,1.005,1004.9999999999999,122.49775024651319,-0.4282178217821775,straight,-1,inf,inf,False,17.70000000000025,7.930000000000112,9.77000000000014,-7.52999999999968
1006,25.49173517,51.45095398,10.2,1.006,1006.0,122.41310881567586,-0.39851485148514776,straight,-1,inf,inf,False,17.70000000000025,7.930000000000112,9.77000000000014,-7.52999999999968
1007,25.49173035,51.45096239,10.2,1.007,1006.9999999999999,122.49774814448472,-0.36633663366336666,straight,-1,inf,inf,False,17.70000000000025,7.930000000000112,9.77000000000014,-7.52999999999968
1008,25.49172552,51.45097079,10.2,1.008,1008.0,122.46686511105781,-0.3316831683168342,straight,-1,inf,inf,False,17.70000000000025,7.930000000000112,9.77000000000014,-7.52999999999968
1009,25.49172069,51.4509792,10.2,1.009,1008.9999999999999,122.49774604029665,-0.2970297029702973,straight,-1,inf,inf,False,20.000000000000284,10.130000000000145,9.87000000000014,-7.42999999999968
1010,25.49171586,51.4509876,10.2,1.01,1010.0,122.41310468113505,-0.26485148514851176,straight,-1,inf,inf,False,20.000000000000284,10.130000000000145,9.87000000000014,-7.42999999999968
1011,25.49171104,51.45099601,10.2,1.011,1010.9999999999999,122.49774395280218,-0.23514851485148203,straight,-1,inf,inf,False,20.000000000000284,10.130000000000145,9.87000000000014,-7.42999999999968
1012,25.49170621,51.45100441,10.1,1.012,1012.0,122.46686090696141,-0.2054455445544523,straight,-1,inf,inf,False,20.000000000000284,10.130000000000145,9.87000000000014,-7.42999999999968
1013,25.49170138,51.45101282,10.1,1.013,1012.9999999999999,122.44395641905152,-0.17326732673267564,straight,-1,inf,inf,False,20.000000000000284,10.130000000000145,9.87000000000014,-7.42999999999968
1014,25.49169656,51.45102122,10.1,1.014,1014.0,122.46685884017029,-0.1410891089108901,straight,-1,inf,inf,False,21.80000000000031,11.23000000000016,10.57000000000015,-7.629999999999683
1015,25.49169173,51.45102963,10.1,1.015,1014.9999999999999,122.49773980044563,-0.10891089108910901,turn,3,111.9,110.0,False,21.80000000000031,11.23000000000016,10.57000000000015,-7.629999999999683
1016,25.4916869,51.45103803,10.1,1.016,1016.0,122.44395327368073,-0.07673267326732791,turn,3,111.9,110.0,False,21.80000000000031,11.23000000000016,10.57000000000015,-7.629999999999683
1017,25.49168208,51.45104643,10.1,1.017,1016.9999999999999,105.77295160470914,-0.0495049504950451,turn,3,111.9,110.0,False,21.80000000000031,11.23000000000016,10.57000000000015,-7.629999999999683
1018,25.49167964,51.451056,10.0,1.018,1018.0,105.75730498017174,-0.022277227722771187,turn,3,111.9,110.0,False,21.80000000000031,11.23000000000016,10.57000000000015,-7.629999999999683
1019,25.4916772,51.45106558,10.0,1.019,1018.9999999999999,106.4952787584254,0.0074257425742585426,turn,3,111.9,110.0,False,19.00000000000027,9.960000000000187,9.040000000000084,-7.259999999999723
1020,25.49167465,51.45107512,10.0,1.02,1020.0,108.1725428377705,0.03960396039604408,turn,3,111.9,110.0,False,19.00000000000027,9.960000000000187,9.040000000000084,-7.259999999999723
1021,25.49167185,51.45108457,10.0,1.021,1020.9999999999999,108.83237115101122,0.06930693069306917,turn,3,111.9,110.0,False,19.00000000000027,9.960000000000187,9.040000000000084,-7.259999999999723
1022,25.49166895,51.45109399,10.0,1.022,1022.0,109.98908341185154,0.09900990099009466,turn,3,111.9,110.0,False,19.00000000000027,9.960000000000187,9.040000000000084,-7.259999999999723
1023,25.49166588,51.45110334,10.0,1.023,1022.9999999999999,110.04901496629503,0.12623762376237266,turn,3,111.9,110.0,False,19.00000000000027,9.960000000000187,9.040000000000084,-7.259999999999723
1024,25.4916628,51.45111269,10.0,1.024,1024.0,110.30823327126689,0.15346534653465138,turn,3,111.9,110.0,False,19.80000000000028,8.691428571428787,11.108571428571494,-7.091428571428338
1025,25.49165968,51.45112203,10.0,1.025,1025.0,110.4678930685904,0.1980198019801959,turn,3,111.9,110.0,False,19.80000000000028,8.691428571428787,11.108571428571494,-7.091428571428338
1026,25.49165654,51.45113135,10.0,1.026,1026.0,110.92622651007343,0.21287128712871084,turn,3,111.9,110.0,False,19.80000000000028,8.691428571428787,11.108571428571494,-7.091428571428338
1027,25.49165333,51.45114065,10.1,1.027,1027.0,110.52764732040094,0.2564102564102555,turn,3,111.9,110.0,False,19.80000000000028,8.691428571428787,11.108571428571494,-7.091428571428338
1028,25.49165018,51.45114997,10.1,1.028,1028.0,110.12870128914534,0.26980198019801893,turn,3,111.9,110.0,False,19.80000000000028,8.691428571428787,11.108571428571494,-7.091428571428338
1029,25.49164709,51.45115931,10.1,1.029,1029.0,110.1885901822036,0.30718456461031085,turn,3,111.9,110.0,False,17.19999999999979,8.784285714285522,8.415714285714268,-6.784285714285522
1030,25.49164399,51.45116865,10.1,1.03,1030.0,110.24843308293708,0.3193069306930729,turn,3,111.9,110.0,False,17.19999999999979,8.784285714285522,8.415714285714268,-6.784285714285522
1031,25.49164088,51.45117799,10.1,1.031,1031.0,109.92910139147858,0.36049758822035854,turn,3,111.9,110.0,False,17.19999999999979,8.784285714285522,8.415714285714268,-6.784285714285522
1032,25.49163782,51.45118734,10.2,1.032,1032.0,109.7099922682437,0.37376237623762076,turn,3,111.9,110.0,False,17.19999999999979,8.784285714285522,8.415714285714268,-6.784285714285522
1033,25.49163479,51.45119671,10.2,1.033,1033.0,109.31079928990476,0.4163493272404213,turn,3,111.9,110.0,False,17.19999999999979,8.784285714285522,8.415714285714268,-6.784285714285522
1034,25.49163182,51.4512061,10.2,1.034,1034.0,109.03200822138882,0.4282178217821819,turn,3,111.9,110.0,False,17.485714285714074,8.834285714285567,8.651428571428509,-6.548571428571281
1035,25.49162889,51.45121551,10.2,1.035,1035.0,108.55388261327914,0.46712363544046753,turn,3,111.9,110.0,False,17.485714285714074,8.834285714285567,8.651428571428509,-6.548571428571281
1036,25.49162603,51.45122495,10.3,1.036,1036.0,107.83348620951688,0.4777227722772314,turn,3,111.9,110.0,False,17.485714285714074,8.834285714285567,8.651428571428509,-6.548571428571281
1037,25.49162328,51.45123442,10.3,1.037,1037.0,107.49457747912817,0.5204366590505198,turn,3,111.9,110.0,False,17.485714285714074,8.834285714285567,8.651428571428509,-6.548571428571281
1038,25.49162058,51.45124391,10.3,1.038,1038.0,106.35662322909661,0.5321782178217793,turn,3,111.9,110.0,False,16.671428571428343,7.845714285714198,8.825714285714147,-5.274285714285627
1039,25.49161805,51.45125346,10.3,1.039,1039.0,106.29540877193091,0.5712109672505705,turn,3,111.9,110.0,False,16.671428571428343,7.845714285714198,8.825714285714147,-5.274285714285627
1040,25.49161553,51.45126301,10.4,1.04,1040.0,105.37311585150371,0.5816831683168333,turn,3,111.9,110.0,False,16.671428571428343,7.845714285714198,8.825714285714147,-5.274285714285627
1041,25.49161315,51.4512726,10.4,1.041,1041.0,105.43463455339975,0.6143691292206173,turn,3,111.9,110.0,False,16.671428571428343,7.845714285714198,8.825714285714147,-5.274285714285627
1042,25.49161076,51.45128219,10.4,1.042,1042.0,104.63562330564719,0.621287128712873,turn,3,111.9,110.0,False,16.671428571428343,7.845714285714198,8.825714285714147,-5.274285714285627
1043,25.49160849,51.45129182,10.4,1.043,1043.0,104.450349737446,0.6575272911906638,turn,3,111.9,110.0,False,16.671428571428343,7.845714285714198,8.825714285714147,-5.274285714285627
1044,25.49160625,51.45130145,10.5,1.044,1044.0,103.65162467668551,0.6658415841584198,turn,3,111.9,110.0,False,16.95714285714263,7.108571428571363,9.848571428571269,-4.251428571428505
1045,25.49160413,51.45131112,10.5,1.045,1045.0,102.94198376000122,0.6881188118811865,turn,3,111.9,110.0,False,16.95714285714263,7.108571428571363,9.848571428571269,-4.251428571428505
1046,25.49160212,51.45132081,10.5,1.046,1046.0,102.86691204708791,0.7103960396039577,turn,3,111.9,110.0,False,16.95714285714263,7.108571428571363,9.848571428571269,-4.251428571428505
1047,25.49160012,51.45133051,10.6,1.047,1047.0,102.14450707060564,0.730198019801982,turn,3,111.9,110.0,False,16.95714285714263,7.108571428571363,9.848571428571269,-4.251428571428505
1048,25.49159823,51.45134024,10.6,1.048,1048.0,102.15662979508488,0.7475247524752504,turn,3,111.9,110.0,False,16.95714285714263,7.108571428571363,9.848571428571269,-4.251428571428505
1049,25.49159634,51.45134996,10.6,1.049,1049.0,100.91097525456183,0.7698019801980216,turn,3,111.9,110.0,False,10.142857142857142,6.311428571428526,3.8314285714286167,-3.1685714285713837
1050,25.49159464,51.45135973,10.6,1.05,1050.0,100.52412322138122,0.7920792079207928,turn,3,111.9,110.0,False,10.142857142857142,6.311428571428526,3.8314285714286167,-3.1685714285713837
1051,25.491593,51.45136951,10.7,1.051,1051.0,100.26269884056353,0.8143564356435641,turn,3,111.9,110.0,False,10.142857142857142,6.311428571428526,3.8314285714286167,-3.1685714285713837
1052,25.4915914,51.4513793,10.7,1.052,1052.0,99.74991577363477,0.8391089108910865,turn,3,111.9,110.0,False,10.142857142857142,6.311428571428526,3.8314285714286167,-3.1685714285713837
1053,25.49158988,51.4513891,10.7,1.053,1053.0,99.67730293590097,0.8613861386138667,turn,3,111.9,110.0,False,10.142857142857142,6.311428571428526,3.8314285714286167,-3.1685714285713837
1054,25.49158837,51.45139891,10.7,1.054,1054.0,98.91219539128554,0.881188118811882,turn,3,111.9,110.0,False,9.82857142857143,5.564285714285692,4.264285714285737,-2.1357142857142635
1055,25.49158698,51.45140873,10.7,1.055,1055.0,98.84023726448174,0.9034653465346533,turn,3,111.9,110.0,False,9.82857142857143,5.564285714285692,4.264285714285737,-2.1357142857142635
1056,25.4915856,51.45141856,10.7,1.056,1056.0,98.5792769503118,0.9257425742574288,turn,3,111.9,110.0,False,9.82857142857143,5.564285714285692,4.264285714285737,-2.1357142857142635
1057,25.49158426,51.4514284,10.7,1.057,1057.0,97.93957010278211,0.9504950495049468,turn,3,111.9,110.0,False,9.82857142857143,5.564285714285692,4.264285714285737,-2.1357142857142635
1058,25.49158302,51.45143825,10.8,1.058,1058.0,98.00277255363335,0.9727722772277226,turn,3,111.9,110.0,False,9.82857142857143,5.564285714285692,4.264285714285737,-2.1357142857142635
1059,25.49158177,51.4514481,10.8,1.059,1059.0,98.00277249156534,0.9925742574257468,turn,3,111.9,110.0,False,9.82857142857143,5.564285714285692,4.264285714285737,-2.1357142857142635
1060,25.49158052,51.45145795,10.8,1.06,1060.0,97.93956987893534,1.0123762376237622,turn,3,111.9,110.0,False,9.514285714285714,4.742857142857143,4.771428571428571,-1.0285714285714285
1061,25.49157928,51.4514678,10.8,1.061,1061.0,97.93956976290491,1.032178217821782,turn,3,111.9,110.0,False,9.514285714285714,4.742857142857143,4.771428571428571,-1.0285714285714285
1062,25.49157804,51.45147765,10.8,1.062,1062.0,97.16526649808844,1.0519801980198062,turn,3,111.9,110.0,False,9.514285714285714,4.742857142857143,4.771428571428571,-1.0285714285714285
1063,25.49157692,51.45148752,10.8,1.063,1063.0,97.22856830421551,1.0693069306930703,turn,3,111.9,110.0,False,9.514285714285714,4.742857142857143,4.771428571428571,-1.0285714285714285
1064,25.49157579,51.45149739,10.8,1.064,1064.0,97.2285682168303,1.08910891089109,turn,3,111.9,110.0,False,9.2,4.557142857142857,4.642857142857143,-0.5571428571428569
1065,25.49157466,51.45150726,10.8,1.065,1065.0,97.29916798169279,1.106435643564354,turn,3,111.9,110.0,False,9.2,4.557142857142857,4.642857142857143,-0.5571428571428569
1066,25.49157352,51.45151712,10.8,1.066,1066.0,97.29185220042541,1.1237623762376225,turn,3,111.9,110.0,False,9.2,4.557142857142857,4.642857142857143,-0.5571428571428569
1067,25.49157238,51.45152699,10.8,1.067,1067.0,97.48909836108783,1.1386138613861396,turn,3,111.9,110.0,False,9.2,4.557142857142857,4.642857142857143,-0.5571428571428569
1068,25.49157121,51.45153685,10.8,1.068,1068.0,97.48909828422256,1.155940594059408,turn,3,111.9,110.0,False,9.2,4.557142857142857,4.642857142857143,-0.5571428571428569
1069,25.49157004,51.45154671,10.9,1.069,1069.0,97.4815964573911,1.1732673267326765,turn,3,111.9,110.0,False,9.028571428571428,4.49,4.538571428571428,-0.0614285714285713
1070,25.49156887,51.45155658,10.9,1.07,1070.0,97.61562679942642,1.1905940594059405,turn,3,111.9,110.0,False,9.028571428571428,4.49,4.538571428571428,-0.0614285714285713
1071,25.49156768,51.45156644,10.9,1.071,1071.0,97.61562674501153,1.2029702970297018,turn,3,111.9,110.0,False,9.028571428571428,4.49,4.538571428571428,-0.0614285714285713
1072,25.49156649,51.4515763,10.9,1.072,1072.0,98.01079883780767,1.2178217821782233,turn,3,111.9,110.0,False,9.028571428571428,4.49,4.538571428571428,-0.0614285714285713
1073,25.49156524,51.45158614,10.9,1.073,1073.0,98.45309034821287,1.2326732673267315,turn,3,111.9,110.0,False,9.028571428571428,4.49,4.538571428571428,-0.0614285714285713
1074,25.49156392,51.45159598,10.9,1.074,1074.0,98.45309023662736,1.2475247524752486,turn,3,111.9,110.0,False,8.857142857142858,4.398571428571429,4.458571428571429,0.4585714285714287
1075,25.4915626,51.45160582,10.9,1.075,1075.0,99.35326289329964,1.2599009900990144,turn,3,111.9,110.0,False,8.857142857142858,4.398571428571429,4.458571428571429,0.4585714285714287
1076,25.49156114,51.45161564,10.9,1.076,1076.0,99.5515014216358,1.2722772277227712,turn,3,111.9,110.0,False,8.857142857142858,4.398571428571429,4.458571428571429,0.4585714285714287
1077,25.49155965,51.45162545,10.9,1.077,1077.0,99.749913187002,1.282178217821781,turn,3,111.9,110.0,False,8.857142857142858,4.398571428571429,4.458571428571429,0.4585714285714287
1078,25.49155813,51.45163525,11.0,1.078,1078.0,100.91097182168915,1.289603960396044,straight,-1,inf,inf,False,8.857142857142858,4.398571428571429,4.458571428571429,0.4585714285714287
1079,25.49155643,51.45164502,11.0,1.079,1079.0,100.8483167483476,1.299504950495054,straight,-1,inf,inf,False,8.585714285714285,4.282857142857143,4.302857142857143,1.002857142857143
1080,25.49155474,51.45165479,11.0,1.08,1080.0,101.50806002567856,1.3094059405940595,straight,-1,inf,inf,False,8.585714285714285,4.282857142857143,4.302857142857143,1.002857142857143
1081,25.49155295,51.45166453,11.0,1.081,1081.0,102.08213860447313,1.3217821782178207,straight,-1,inf,inf,False,8.585714285714285,4.282857142857143,4.302857142857143,1.002857142857143
1082,25.49155107,51.45167426,11.0,1.082,1082.0,102.01974553964493,1.3316831683168306,straight,-1,inf,inf,False,8.585714285714285,4.282857142857143,4.302857142857143,1.002857142857143
1083,25.4915492,51.45168399,11.0,1.083,1083.0,103.77552279235147,1.3391089108910847,turn,4,37.6,63.7,False,8.585714285714285,4.282857142857143,4.302857142857143,1.002857142857143
1084,25.49154706,51.45169366,11.1,1.084,1084.0,103.98893244964245,1.3465346534653477,turn,4,37.6,63.7,False,8.585714285714285,4.282857142857143,4.302857142857143,1.002857142857143
1085,25.49154489,51.45170331,11.1,1.085,1085.0,104.45034240971847,1.3539603960396107,turn,4,37.6,63.7,False,8.314285714285713,4.157142857142857,4.157142857142857,1.5571428571428574
1086,25.49154265,51.45171294,11.1,1.086,1086.0,105.7572878797933,1.3613861386138648,turn,4,37.6,63.7,False,8.314285714285713,4.157142857142857,4.157142857142857,1.5571428571428574
1087,25.49154021,51.45172252,11.1,1.087,1087.0,105.77293390993077,1.368811881188119,turn,4,37.6,63.7,False,8.314285714285713,4.157142857142857,4.157142857142857,1.5571428571428574
1088,25.49153777,51.45173209,11.1,1.088,1088.0,107.35561241600777,1.3762376237623775,turn,4,37.6,63.7,False,8.314285714285713,4.157142857142857,4.157142857142857,1.5571428571428574
1089,25.49153509,51.45174159,11.1,1.089,1089.0,108.23313801507351,1.3762376237623775,turn,4,37.6,63.7,False,8.314285714285713,4.157142857142857,4.157142857142857,1.5571428571428574
1090,25.49153228,51.45175104,11.2,1.09,1090.0,108.37237874302087,1.3762376237623775,turn,4,37.6,63.7,False,8.042857142857143,4.0214285714285705,4.021428571428571,2.121428571428571
1091,25.49152945,51.45176048,11.2,1.091,1091.0,111.26500093825592,1.3762376237623775,turn,4,37.6,63.7,False,8.042857142857143,4.0214285714285705,4.021428571428571,2.121428571428571
1092,25.49152619,51.45176976,11.2,1.092,1092.0,111.20557374624013,1.373762376237626,turn,4,37.6,63.7,False,8.042857142857143,4.0214285714285705,4.021428571428571,2.121428571428571
1093,25.49152294,51.45177904,11.2,1.093,1093.0,112.66325680833165,1.3712871287128703,turn,4,37.6,63.7,False,8.042857142857143,4.0214285714285705,4.021428571428571,2.121428571428571
1094,25.49151948,51.45178822,11.2,1.094,1094.0,114.23806803688592,1.368811881188119,turn,4,37.6,63.7,False,8.042857142857143,4.0214285714285705,4.021428571428571,2.121428571428571
1095,25.49151579,51.4517973,11.2,1.095,1095.0,114.17991596708816,1.3638613861386162,turn,4,37.6,63.7,False,7.77142857142857,4.046428571428571,3.725,2.525
1096,25.49151211,51.45180638,11.2,1.096,1096.0,116.30363963317393,1.358910891089109,turn,4,37.6,63.7,False,7.77142857142857,4.046428571428571,3.725,2.525
1097,25.49150813,51.4518153,11.2,1.097,1097.0,116.55762993168207,1.351485148514855,turn,4,37.6,63.7,False,7.77142857142857,4.046428571428571,3.725,2.525
1098,25.49150411,51.45182421,11.2,1.098,1098.0,117.95080252559762,1.349009900990099,turn,4,37.6,63.7,False,7.77142857142857,4.046428571428571,3.725,2.525
1099,25.4914999,51.451833,11.2,1.099,1099.0,121.21321325756486,1.3465346534653433,turn,4,37.6,63.7,False,7.77142857142857,4.046428571428571,3.725,2.525
1100,25.49149524,51.45184152,11.2,1.1,1100.0,121.12893748089527,1.3391089108910892,turn,4,37.6,63.7,False,7.5,4.246428571428572,3.253571428571429,2.753571428571429
1101,25.49149059,51.45185005,11.2,1.101,1101.0,124.03716825003994,1.3316831683168306,turn,4,37.6,63.7,False,7.5,4.246428571428572,3.253571428571429,2.753571428571429
1102,25.49148556,51.4518583,11.2,1.102,1102.0,124.87582980827904,1.326732673267328,turn,4,37.6,63.7,False,7.5,4.246428571428572,3.253571428571429,2.753571428571429
1103,25.49148042,51.45186647,11.2,1.103,1103.0,125.79911658942905,1.3242574257425765,turn,4,37.6,63.7,False,7.5,4.246428571428572,3.253571428571429,2.753571428571429
1104,25.49147516,51.45187455,11.2,1.104,1104.0,129.66151230188666,1.3193069306930694,turn,4,37.6,63.7,False,7.5,4.246428571428572,3.253571428571429,2.753571428571429
1105,25.49146942,51.45188222,11.2,1.105,1105.0,129.62483540046924,1.3143564356435666,turn,4,37.6,63.7,False,7.121428571428571,3.7008928571428568,3.4205357142857142,2.8705357142857144
1106,25.49146368,51.4518899,11.2,1.106,1106.0,131.73098860566859,1.3118811881188153,turn,4,37.6,63.7,False,7.121428571428571,3.7008928571428568,3.4205357142857142,2.8705357142857144
1107,25.49145769,51.45189734,11.2,1.107,1107.0,132.7602258879018,1.3118811881188108,turn,4,37.6,63.7,False,7.121428571428571,3.7008928571428568,3.4205357142857142,2.8705357142857144
1108,25.49145158,51.45190466,11.2,1.108,1108.0,133.18898057258923,1.3094059405940595,turn,4,37.6,63.7,False,7.121428571428571,3.7008928571428568,3.4205357142857142,2.8705357142857144
1109,25.49144542,51.45191193,11.2,1.109,1109.0,136.9483701824571,1.3044554455445523,turn,4,37.6,63.7,False,7.121428571428571,3.7008928571428568,3.4205357142857142,2.8705357142857144
1110,25.49143884,51.45191874,11.2,1.11,1110.0,136.90489615555475,1.301980198019801,turn,4,37.6,63.7,False,7.121428571428571,3.7008928571428568,3.4205357142857142,2.8705357142857144
1111,25.49143227,51.45192555,11.1,1.111,1111.0,139.42121755523078,1.3019801980198054,turn,4,37.6,63.7,False,6.6,3.124107142857143,3.475892857142857,2.875892857142857
1112,25.49142543,51.45193204,11.1,1.112,1112.0,141.29780323668967,1.299504950495045,turn,4,37.6,63.7,False,6.6,3.124107142857143,3.475892857142857,2.875892857142857
1113,25.4914184,51.45193828,11.1,1.113,1113.0,141.34263487165765,1.2970297029702982,turn,4,37.6,63.7,False,6.6,3.124107142857143,3.475892857142857,2.875892857142857
1114,25.49141137,51.45194451,11.1,1.114,1114.0,143.04921385224128,1.2970297029702937,turn,4,37.6,63.7,False,6.6,3.124107142857143,3.475892857142857,2.875892857142857
1115,25.49140417,51.45195051,11.1,1.115,1115.0,143.09511404957,1.2970297029702937,turn,4,37.6,63.7,False,6.6,3.124107142857143,3.475892857142857,2.875892857142857
1116,25.49139697,51.4519565,11.1,1.116,1116.0,144.370769421935,1.2970297029702982,turn,4,37.6,63.7,False,6.7125,3.292857142857143,3.4196428571428568,2.769642857142857
1117,25.49138964,51.45196232,11.1,1.117,1117.0,145.7122506027889,1.2970297029702937,turn,4,37.6,63.7,False,6.7125,3.292857142857143,3.4196428571428568,2.769642857142857
1118,25.4913822,51.45196794,11.1,1.118,1118.0,145.70065815195147,1.301980198019801,turn,4,37.6,63.7,False,6.7125,3.292857142857143,3.4196428571428568,2.769642857142857
1119,25.49137475,51.45197357,11.2,1.119,1119.0,148.12559083725478,1.3044554455445478,turn,4,37.6,63.7,False,6.7125,3.292857142857143,3.4196428571428568,2.769642857142857
1120,25.4913671,51.45197884,11.2,1.12,1120.0,148.25669767735383,1.3069306930693037,turn,4,37.6,63.7,False,6.7125,3.292857142857143,3.4196428571428568,2.769642857142857
1121,25.49135944,51.45198409,11.2,1.121,1121.0,148.63426701268884,1.306930693069308,turn,4,37.6,63.7,False,6.825,3.4125,3.4125,2.7125
1122,25.49135174,51.45198929,11.3,1.122,1122.0,149.1092570240919,1.3118811881188108,turn,4,37.6,63.7,False,6.825,3.4125,3.4125,2.7125
1123,25.491344,51.45199442,11.3,1.123,1123.0,149.125872764512,1.316831683168318,turn,4,37.6,63.7,False,6.825,3.4125,3.4125,2.7125
1124,25.49133627,51.45199954,11.3,1.124,1124.0,150.0268572759303,1.3217821782178163,turn,4,37.6,63.7,False,6.825,3.4125,3.4125,2.7125
1125,25.49132846,51.45200453,11.4,1.125,1125.0,150.23934050968614,1.326732673267319,turn,4,37.6,63.7,False,6.825,3.4125,3.4125,2.7125
1126,25.49132063,51.45200949,11.4,1.126,1126.0,150.38889172361087,1.3341584158415776,turn,4,37.6,63.7,False,6.9375,3.46875,3.46875,2.71875
1127,25.4913128,51.45201442,11.5,1.127,1127.0,150.84475685892136,1.3415841584158361,turn,4,37.6,63.7,False,6.9375,3.46875,3.46875,2.71875
1128,25.49130492,51.45201929,11.5,1.128,1128.0,150.86390311434792,1.3490099009900947,turn,4,37.6,63.7,False,6.9375,3.46875,3.46875,2.71875
1129,25.49129705,51.45202415,11.5,1.129,1129.0,151.02594202435375,1.3589108910891046,turn,4,37.6,63.7,False,6.9375,3.46875,3.46875,2.71875
1130,25.49128916,51.45202899,11.6,1.13,1130.0,151.12637254621706,1.3688118811881145,turn,4,37.6,63.7,False,6.9375,3.46875,3.46875,2.71875
1131,25.49128127,51.45203381,11.6,1.131,1131.0,151.1068414627856,1.3787128712871244,turn,4,37.6,63.7,False,7.05,3.525,3.5250000000000004,2.725
1132,25.49127337,51.45203864,11.6,1.132,1132.0,150.38888197036914,1.3886138613861343,turn,4,37.6,63.7,False,7.05,3.525,3.5250000000000004,2.725
1133,25.49126554,51.45204357,11.6,1.133,1133.0,150.42028446315578,1.3985148514851442,turn,4,37.6,63.7,False,7.05,3.525,3.5250000000000004,2.725
1134,25.4912577,51.4520485,11.7,1.134,1134.0,150.50151073334973,1.4084158415841541,turn,4,37.6,63.7,False,7.05,3.525,3.5250000000000004,2.725
1135,25.49124985,51.45205342,11.7,1.135,1135.0,150.68260925714674,1.418316831683164,turn,4,37.6,63.7,False,7.05,3.525,3.5250000000000004,2.725
1136,25.49124199,51.45205831,11.7,1.136,1136.0,150.68260770880846,1.428217821782174,turn,4,37.6,63.7,False,7.1625,3.58125,3.5812500000000003,2.73125
1137,25.49123413,51.4520632,11.7,1.137,1137.0,150.07655316737328,1.4381188118811838,turn,4,37.6,63.7,False,7.1625,3.58125,3.5812500000000003,2.73125
1138,25.49122632,51.45206818,11.8,1.138,1138.0,149.89570618697593,1.4455445544554424,turn,4,37.6,63.7,False,7.1625,3.58125,3.5812500000000003,2.73125
1139,25.49121852,51.45207319,11.8,1.139,1139.0,149.8957045845442,1.452970297029701,turn,4,37.6,63.7,False,7.1625,3.58125,3.5812500000000003,2.73125
1140,25.49121072,51.4520782,11.8,1.14,1140.0,149.50239387723275,1.4603960396039595,turn,4,37.6,63.7,False,7.1625,3.58125,3.5812500000000003,2.73125
1141,25.49120295,51.45208327,11.8,1.141,1141.0,149.47011578415845,1.467821782178218,turn,4,37.6,63.7,False,7.275,3.7375,3.5375,2.6375
1142,25.49119519,51.45208834,11.9,1.142,1142.0,149.24026148723487,1.4752475247524721,turn,4,37.6,63.7,False,7.275,3.7375,3.5375,2.6375
1143,25.49118744,51.45209345,11.9,1.143,1143.0,148.81432044041026,1.4826732673267307,turn,4,37.6,63.7,False,7.275,3.7375,3.5375,2.6375
1144,25.49117973,51.45209862,11.9,1.144,1144.0,148.8143187805723,1.4900990099009848,turn,4,37.6,63.7,False,7.275,3.7375,3.5375,2.6375
1145,25.49117202,51.45210379,11.9,1.145,1145.0,148.20785325015254,1.4975247524752433,turn,4,37.6,63.7,False,7.275,3.7375,3.5375,2.6375
1146,25.49116436,51.45210905,11.9,1.146,1146.0,148.0768178217536,1.5024752475247505,turn,4,37.6,63.7,False,7.3875,4.011666666666667,3.375833333333333,2.4258333333333333
1147,25.49115671,51.45211433,11.9,1.147,1147.0,147.81484240770368,1.5074257425742577,turn,4,37.6,63.7,False,7.3875,4.011666666666667,3.375833333333333,2.4258333333333333
1148,25.49114908,51.45211965,11.9,1.148,1148.0,147.04331645731327,1.512376237623756,straight,-1,inf,inf,False,7.3875,4.011666666666667,3.375833333333333,2.4258333333333333
1149,25.49114152,51.45212508,12.0,1.149,1149.0,147.04331483399233,1.5198019801980145,straight,-1,inf,inf,False,7.3875,4.011666666666667,3.375833333333333,2.4258333333333333
1150,25.49113396,51.45213051,12.0,1.15,1150.0,146.3892395171057,1.5222772277227659,straight,-1,inf,inf,False,7.3875,4.011666666666667,3.375833333333333,2.4258333333333333
1151,25.49112645,51.45213604,12.0,1.151,1151.0,146.05700887197236,1.5247524752475172,straight,-1,inf,inf,False,7.5,3.90375,3.59625,2.09625
1152,25.49111898,51.45214161,12.0,1.152,1152.0,146.0093849672645,1.527227722772273,straight,-1,inf,inf,False,7.5,3.90375,3.59625,2.09625
1153,25.49111151,51.45214719,12.0,1.153,1153.0,144.8452564040059,1.527227722772273,turn,5,135.4,121.0,False,7.5,3.90375,3.59625,2.09625
1154,25.49110414,51.45215294,12.0,1.154,1154.0,144.84525481454898,1.524752475247526,turn,5,135.4,121.0,False,7.5,3.90375,3.59625,2.09625
1155,25.49109677,51.45215869,12.0,1.155,1155.0,144.2965463574816,1.527227722772273,turn,5,135.4,121.0,False,7.5,3.90375,3.59625,2.09625
1156,25.49108946,51.45216451,12.0,1.156,1156.0,143.64518314019108,1.5272277227722686,turn,5,135.4,121.0,False,8.166666666666666,4.10125,4.065416666666667,1.6487500000000002
1157,25.4910822,51.45217043,12.0,1.157,1157.0,143.6914138894025,1.5272277227722775,turn,5,135.4,121.0,False,8.166666666666666,4.10125,4.065416666666667,1.6487500000000002
1158,25.49107494,51.45217634,12.0,1.158,1158.0,142.58237577285092,1.5222772277227659,turn,5,135.4,121.0,False,8.166666666666666,4.10125,4.065416666666667,1.6487500000000002
1159,25.49106779,51.4521824,12.0,1.159,1159.0,142.44574139204155,1.5173267326732631,turn,5,135.4,121.0,False,8.166666666666666,4.10125,4.065416666666667,1.6487500000000002
1160,25.49106064,51.45218849,12.0,1.16,1160.0,142.1539822803046,1.512376237623756,turn,5,135.4,121.0,False,8.166666666666666,4.10125,4.065416666666667,1.6487500000000002
1161,25.49105353,51.45219461,12.0,1.161,1161.0,141.42714716794228,1.5074257425742488,turn,5,135.4,121.0,False,8.833333333333332,4.416666666666666,4.416666666666666,1.0833333333333337
1162,25.49104649,51.45220083,12.0,1.162,1162.0,141.42714556028676,1.5024752475247505,turn,5,135.4,121.0,False,8.833333333333332,4.416666666666666,4.416666666666666,1.0833333333333337
1163,25.49103945,51.45220705,12.0,1.163,1163.0,140.78526727062638,1.4975247524752433,turn,5,135.4,121.0,False,8.833333333333332,4.416666666666666,4.416666666666666,1.0833333333333337
1164,25.49103247,51.45221336,12.0,1.164,1164.0,140.4424539601946,1.4925742574257406,turn,5,135.4,121.0,False,8.833333333333332,4.416666666666666,4.416666666666666,1.0833333333333337
1165,25.49102552,51.45221972,12.0,1.165,1165.0,140.4462129910516,1.485148514851482,turn,5,135.4,121.0,False,8.833333333333332,4.416666666666666,4.416666666666666,1.0833333333333337
1166,25.49101858,51.45222607,12.0,1.166,1166.0,139.37753156703786,1.4752475247524721,turn,5,135.4,121.0,False,9.5,4.75,4.75,0.5000000000000002
1167,25.49101174,51.45223257,12.0,1.167,1167.0,139.37969846619978,1.467821782178218,turn,5,135.4,121.0,False,9.5,4.75,4.75,0.5000000000000002
1168,25.49100491,51.45223906,12.1,1.168,1168.0,139.07913035440652,1.4603960396039595,turn,5,135.4,121.0,False,9.5,4.75,4.75,0.5000000000000002
1169,25.4909981,51.4522456,12.1,1.169,1169.0,138.56856866667948,1.4504950495049496,turn,5,135.4,121.0,False,9.5,4.75,4.75,0.5000000000000002
1170,25.49099135,51.4522522,12.1,1.17,1170.0,138.56856711018918,1.4405940594059397,turn,5,135.4,121.0,False,9.5,4.75,4.75,0.5000000000000002
1171,25.4909846,51.4522588,12.1,1.171,1171.0,138.01422565760208,1.4306930693069297,turn,5,135.4,121.0,False,10.166666666666666,5.083333333333333,5.083333333333333,-0.0833333333333332
1172,25.49097791,51.45226547,12.2,1.172,1172.0,137.75846799893463,1.4207920792079198,turn,5,135.4,121.0,False,10.166666666666666,5.083333333333333,5.083333333333333,-0.0833333333333332
1173,25.49097124,51.45227218,12.2,1.173,1173.0,137.80099162226668,1.4084158415841586,turn,5,135.4,121.0,False,10.166666666666666,5.083333333333333,5.083333333333333,-0.0833333333333332
1174,25.49096457,51.45227888,12.2,1.174,1174.0,136.6919377219656,1.3960396039603928,turn,5,135.4,121.0,False,10.166666666666666,5.083333333333333,5.083333333333333,-0.0833333333333332
1175,25.49095802,51.45228572,12.2,1.175,1175.0,136.65015507679027,1.3836633663366271,turn,5,135.4,121.0,False,10.166666666666666,5.083333333333333,5.083333333333333,-0.0833333333333332
1176,25.49095147,51.45229257,12.3,1.176,1176.0,136.60645346329932,1.3712871287128658,turn,5,135.4,121.0,False,10.833333333333332,5.35,5.483333333333333,-0.5999999999999999
1177,25.49094493,51.45229942,12.3,1.177,1177.0,136.39381067049067,1.3589108910891046,turn,5,135.4,121.0,False,10.833333333333332,5.35,5.483333333333333,-0.5999999999999999
1178,25.49093841,51.4523063,12.3,1.178,1178.0,136.30832284978362,1.3465346534653433,turn,5,135.4,121.0,False,10.833333333333332,5.35,5.483333333333333,-0.5999999999999999
1179,25.4909319,51.45231319,12.3,1.179,1179.0,135.88061444402558,1.334158415841582,turn,5,135.4,121.0,False,10.833333333333332,5.35,5.483333333333333,-0.5999999999999999
1180,25.49092544,51.45232013,12.4,1.18,1180.0,135.4561827753082,1.3217821782178119,turn,5,135.4,121.0,False,10.833333333333332,5.35,5.483333333333333,-0.5999999999999999
1181,25.49091902,51.45232713,12.4,1.181,1181.0,135.41152874884466,1.3094059405940506,turn,5,135.4,121.0,False,11.5,5.55,5.95,-1.05
1182,25.49091261,51.45233413,12.4,1.182,1182.0,134.34305307676777,1.294554455445538,turn,5,135.4,121.0,False,11.5,5.55,5.95,-1.05
1183,25.49090632,51.45234126,12.4,1.183,1183.0,133.96026433658164,1.2797029702970253,turn,5,135.4,121.0,False,11.5,5.55,5.95,-1.05
1184,25.49090007,51.45234844,12.5,1.184,1184.0,133.96026285464438,1.2648514851485082,turn,5,135.4,121.0,False,11.5,5.55,5.95,-1.05
1185,25.49089382,51.45235562,12.5,1.185,1185.0,133.14239921281478,1.2499999999999956,turn,5,135.4,121.0,False,11.5,5.55,5.95,-1.05
1186,25.49088767,51.45236289,12.5,1.186,1186.0,133.10310371019887,1.2351485148514785,turn,5,135.4,121.0,False,11.5,5.55,5.95,-1.05
1187,25.49088152,51.45237017,12.5,1.187,1187.0,132.97818021117524,1.2202970297029658,turn,5,135.4,121.0,False,11.5,5.683333333333334,5.816666666666666,-1.4333333333333331
1188,25.49087538,51.45237747,12.6,1.188,1188.0,132.33125410413254,1.2054455445544487,turn,5,135.4,121.0,False,11.5,5.683333333333334,5.816666666666666,-1.4333333333333331
1189,25.49086932,51.45238484,12.6,1.189,1189.0,132.41702324119188,1.190594059405936,turn,5,135.4,121.0,False,11.5,5.683333333333334,5.816666666666666,-1.4333333333333331
1190,25.49086325,51.4523922,12.6,1.19,1190.0,131.90238878682965,1.1782178217821793,turn,5,135.4,121.0,False,11.5,5.683333333333334,5.816666666666666,-1.4333333333333331
1191,25.49085724,51.45239962,12.6,1.191,1191.0,131.21626680372844,1.1658415841584135,turn,5,135.4,121.0,False,11.5,5.683333333333334,5.816666666666666,-1.4333333333333331
1192,25.49085131,51.45240712,12.7,1.192,1192.0,131.2162653719265,1.1534653465346478,turn,5,135.4,121.0,False,11.5,5.75,5.75,-1.75
1193,25.49084538,51.45241462,12.7,1.193,1193.0,130.7875505573793,1.143564356435638,turn,5,135.4,121.0,False,11.5,5.75,5.75,-1.75
1194,25.4908395,51.45242217,12.7,1.194,1194.0,130.4334954354722,1.1336633663366236,turn,5,135.4,121.0,False,11.5,5.75,5.75,-1.75
1195,25.49083367,51.45242975,12.7,1.195,1195.0,130.44467830560933,1.1212871287128667,turn,5,135.4,121.0,False,11.5,5.75,5.75,-1.75
1196,25.49082783,51.45243734,12.8,1.196,1196.0,129.96749046926777,1.1113861386138568,turn,5,135.4,121.0,False,11.5,5.75,5.75,-1.75
1197,25.49082205,51.45244498,12.8,1.197,1197.0,129.6613593396537,1.101485148514847,turn,5,135.4,121.0,False,11.5,5.725,5.775,-1.975
1198,25.49081631,51.45245265,12.8,1.198,1198.0,129.71036827047192,1.0940594059405884,turn,5,135.4,121.0,False,11.5,5.725,5.775,-1.975
1199,25.49081056,51.45246032,12.8,1.199,1199.0,129.14707077574667,1.0841584158415785,turn,5,135.4,121.0,False,11.5,5.725,5.775,-1.975
1200,25.49080488,51.45246805,12.8,1.2,1200.0,128.97574145648355,1.0742574257425686,turn,5,135.4,121.0,False,11.5,5.725,5.775,-1.975
1201,25.49079922,51.4524758,12.8,1.201,1201.0,128.92620591669117,1.06683168316831,turn,5,135.4,121.0,False,11.5,5.725,5.775,-1.975
1202,25.49079357,51.45248355,12.8,1.202,1202.0,128.6332520821461,1.0569306930692957,turn,5,135.4,121.0,False,11.5,5.675,5.825,-2.175
1203,25.49078795,51.45249134,12.8,1.203,1203.0,128.49785613251123,1.0445544554455344,turn,5,135.4,121.0,False,11.5,5.675,5.825,-2.175
1204,25.49078235,51.45249914,12.8,1.204,1204.0,128.49785483868118,1.032178217821773,turn,5,135.4,121.0,False,11.5,5.675,5.825,-2.175
1205,25.49077675,51.45250694,12.8,1.205,1205.0,128.0197567301301,1.0222772277227632,turn,5,135.4,121.0,False,11.5,5.675,5.825,-2.175
1206,25.49077121,51.45251479,12.8,1.206,1206.0,127.93416482179725,1.009900990099002,turn,5,135.4,121.0,False,11.5,5.675,5.825,-2.175
1207,25.49076568,51.45252265,12.8,1.207,1207.0,127.93416355287513,0.992574257425729,turn,5,135.4,121.0,False,11.55,5.75,5.800000000000001,-2.35
1208,25.49076015,51.45253051,12.8,1.208,1208.0,127.8133450167876,0.975247524752465,turn,5,135.4,121.0,False,11.55,5.75,5.800000000000001,-2.35
1209,25.49075463,51.45253839,12.8,1.209,1209.0,127.79826489729453,0.9603960396039479,turn,5,135.4,121.0,False,11.55,5.75,5.800000000000001,-2.35
1210,25.49074912,51.45254626,12.7,1.21,1210.0,127.76303435575983,0.9455445544554353,turn,5,135.4,121.0,False,11.55,5.75,5.800000000000001,-2.35
1211,25.49074361,51.45255414,12.7,1.211,1211.0,127.62706993197446,0.9282178217821669,turn,5,135.4,121.0,False,11.55,5.75,5.800000000000001,-2.35
1212,25.49073812,51.45256203,12.7,1.212,1212.0,127.59198338984947,0.9108910891089028,turn,5,135.4,121.0,False,11.6,5.8,5.800000000000001,-2.5
1213,25.49073263,51.45256993,12.7,1.213,1213.0,127.59198210230988,0.8960396039603857,turn,5,135.4,121.0,False,11.6,5.8,5.800000000000001,-2.5
1214,25.49072714,51.45257783,12.7,1.214,1214.0,127.62706618946652,0.8811881188118774,turn,5,135.4,121.0,False,11.6,5.8,5.800000000000001,-2.5
1215,25.49072165,51.45258572,12.7,1.215,1215.0,127.62706494615503,0.8638613861386136,turn,5,135.4,121.0,False,11.6,5.8,5.800000000000001,-2.5
1216,25.49071616,51.45259361,12.7,1.216,1216.0,127.67749271053015,0.8465346534653451,turn,5,135.4,121.0,False,11.6,5.8,5.800000000000001,-2.5
1217,25.49071066,51.4526015,12.7,1.217,1217.0,127.42100858120529,0.8292079207920766,turn,5,135.4,121.0,False,11.65,5.825,5.824999999999999,-2.625
1218,25.49070519,51.45260942,12.7,1.218,1218.0,127.23421351662887,0.811881188118808,turn,5,135.4,121.0,False,11.65,5.825,5.824999999999999,-2.625
1219,25.49069975,51.45261735,12.7,1.219,1219.0,127.19943330260139,0.7920792079207882,turn,5,135.4,121.0,False,11.65,5.825,5.824999999999999,-2.625
1220,25.49069431,51.45262529,12.7,1.22,1220.0,127.14867659903598,0.7747524752475288,turn,5,135.4,121.0,False,11.65,5.825,5.824999999999999,-2.625
1221,25.49068888,51.45263323,12.7,1.221,1221.0,126.89220552559459,0.7574257425742559,turn,5,135.4,121.0,False,11.65,5.825,5.824999999999999,-2.625
1222,25.49068348,51.4526412,12.7,1.222,1222.0,126.89220434387056,0.7400990099009919,turn,5,135.4,121.0,False,11.7,5.85,5.85,-2.75
1223,25.49067808,51.45264917,12.7,1.223,1223.0,126.89220309158537,0.7202970297029676,turn,5,135.4,121.0,False,11.7,5.85,5.85,-2.75
1224,25.49067268,51.45265714,12.7,1.224,1224.0,126.80675762963347,0.7004950495049567,turn,5,135.4,121.0,False,11.7,5.85,5.85,-2.75
1225,25.49066729,51.45266512,12.8,1.225,1225.0,126.80675641882425,0.6806930693069368,turn,5,135.4,121.0,False,11.7,5.85,5.85,-2.75
1226,25.4906619,51.4526731,12.8,1.226,1226.0,126.75573006907916,0.6608910891089126,turn,5,135.4,121.0,False,11.7,5.85,5.85,-2.75
1227,25.49065652,51.45268108,12.8,1.227,1227.0,126.55056364973245,0.638613861386137,turn,5,135.4,121.0,False,11.75,5.875,5.875,-2.875
1228,25.49065116,51.45268909,12.8,1.228,1228.0,126.41399187624029,0.6163366336633747,straight,-1,inf,inf,False,11.75,5.875,5.875,-2.875
1229,25.49064582,51.45269711,12.8,1.229,1229.0,126.44814651195657,0.5940594059406035,straight,-1,inf,inf,False,11.75,5.875,5.875,-2.875
1230,25.49064048,51.45270512,12.8,1.23,1230.0,126.24327134403529,0.5717821782178278,straight,-1,inf,inf,False,11.75,5.875,5.875,-2.875
1231,25.49063516,51.45271316,12.8,1.231,1231.0,125.88426023701527,0.5495049504950567,straight,-1,inf,inf,False,11.75,5.875,5.875,-2.875
1232,25.49062989,51.45272123,12.9,1.232,1232.0,125.9358568085018,0.5272277227722855,straight,-1,inf,inf,False,11.8,5.9,5.9,-3.0
1233,25.49062461,51.4527293,12.9,1.233,1233.0,125.85056803939005,0.5049504950495098,straight,-1,inf,inf,False,11.8,5.9,5.9,-3.0
1234,25.49061934,51.45273738,12.9,1.234,1234.0,125.79892179521084,0.4851485148514944,straight,-1,inf,inf,False,11.8,5.9,5.9,-3.0
1235,25.49061408,51.45274546,12.9,1.235,1235.0,125.79892062185093,0.4653465346534746,straight,-1,inf,inf,False,11.8,5.9,5.9,-3.0
1236,25.49060882,51.45275354,12.9,1.236,1236.0,125.85056449201278,0.4455445544554593,straight,-1,inf,inf,False,11.8,5.9,5.9,-3.0
1237,25.49060355,51.45276162,13.0,1.237,1237.0,125.40596388231495,0.4257425742574395,straight,-1,inf,inf,False,11.85,5.925,5.925000000000001,-3.125
1238,25.49059834,51.45276974,13.0,1.238,1238.0,125.32072535665708,0.4059405940594151,straight,-1,inf,inf,False,11.85,5.925,5.925000000000001,-3.125
1239,25.49059314,51.45277787,13.0,1.239,1239.0,125.26871343289042,0.38861386138615117,straight,-1,inf,inf,False,11.85,5.925,5.925000000000001,-3.125
1240,25.49058795,51.452786,13.0,1.24,1240.0,125.20237356387611,0.37128712871288716,straight,-1,inf,inf,False,11.85,5.925,5.925000000000001,-3.125
1241,25.49058276,51.45279415,13.0,1.241,1241.0,124.96083218836515,0.35891089108912144,straight,-1,inf,inf,False,11.85,5.925,5.925000000000001,-3.125
1242,25.49057761,51.45280231,13.0,1.242,1242.0,125.01304396670139,0.34653465346536017,straight,-1,inf,inf,False,11.9,5.95,5.949999999999999,-3.25
1243,25.49057245,51.45281047,13.0,1.243,1243.0,125.01304275643588,0.33663366336635026,straight,-1,inf,inf,False,11.9,5.95,5.949999999999999,-3.25
1244,25.49056729,51.45281863,13.0,1.244,1244.0,124.39754745314406,0.32673267326734035,straight,-1,inf,inf,False,11.9,5.95,5.949999999999999,-3.25
1245,25.49056221,51.45282685,13.0,1.245,1245.0,124.39754632413354,0.31683168316833044,straight,-1,inf,inf,False,11.9,5.95,5.949999999999999,-3.25
1246,25.49055713,51.45283507,13.0,1.246,1246.0,124.36508033155269,0.3094059405940719,straight,-1,inf,inf,False,11.9,5.95,5.949999999999999,-3.25
1247,25.49055205,51.4528433,13.0,1.247,1247.0,124.17478513441375,0.30445544554456916,straight,-1,inf,inf,False,11.95,5.975,5.975,-3.375
1248,25.490547,51.45285154,13.0,1.248,1248.0,124.00477341731096,0.30198019801981335,straight,-1,inf,inf,False,11.95,5.975,5.975,-3.375
1249,25.49054197,51.4528598,13.0,1.249,1249.0,123.91982038235045,0.2995049504950664,straight,-1,inf,inf,False,11.95,5.975,5.975,-3.375
1250,25.49053695,51.45286807,13.0,1.25,1250.0,123.95192791679415,0.2970297029703062,straight,-1,inf,inf,False,11.95,5.975,5.975,-3.375
1251,25.49053193,51.45287633,13.0,1.251,1251.0,123.47421300477203,0.2970297029703106,straight,-1,inf,inf,False,11.95,5.975,5.975,-3.375
1252,25.49052697,51.45288464,13.0,1.252,1252.0,123.38936362464528,0.29702970297030173,straight,-1,inf,inf,False,12.0,6.0,6.0,-3.5
1253,25.49052202,51.45289296,13.0,1.253,1253.0,123.33614395712749,0.2970297029703062,straight,-1,inf,inf,False,12.0,6.0,6.0,-3.5
1254,25.49051708,51.45290128,13.0,1.254,1254.0,123.25129320423275,0.29702970297030173,straight,-1,inf,inf,False,12.0,6.0,6.0,-3.5
1255,25.49051215,51.45290961,13.0,1.255,1255.0,122.85880794399827,0.30198019801980447,straight,-1,inf,inf,False,12.0,6.0,6.0,-3.5
1256,25.49050727,51.45291798,13.0,1.256,1256.0,122.94353705062963,0.3044554455445603,straight,-1,inf,inf,False,12.0,6.0,6.0,-3.5
1257,25.49050238,51.45292634,13.0,1.257,1257.0,122.85880581819026,0.30693069306931164,straight,-1,inf,inf,False,12.05,6.025,6.025,-3.625
1258,25.4904975,51.45293471,13.0,1.258,1258.0,122.58216393706493,0.309405940594063,straight,-1,inf,inf,False,12.05,6.025,6.025,-3.625
1259,25.49049266,51.4529431,13.0,1.259,1259.0,122.49748074329779,0.31435643564356575,straight,-1,inf,inf,False,12.05,6.025,6.025,-3.625
1260,25.49048783,51.4529515,13.0,1.26,1260.0,122.55120058043747,0.3193069306930685,straight,-1,inf,inf,False,12.05,6.025,6.025,-3.625
1261,25.49048299,51.4529599,13.0,1.261,1261.0,122.35901647498548,0.3242574257425801,straight,-1,inf,inf,False,12.05,6.025,6.025,-3.625
1262,25.49047818,51.45296831,13.0,1.262,1262.0,121.9667080755305,0.3292079207920784,straight,-1,inf,inf,False,12.1,6.05,6.050000000000001,-3.75
1263,25.49047342,51.45297676,13.0,1.263,1263.0,121.93627860484725,0.33663366336633693,straight,-1,inf,inf,False,12.1,6.05,6.050000000000001,-3.75
1264,25.49046866,51.45298522,13.0,1.264,1264.0,121.96670601974142,0.3440594059405955,straight,-1,inf,inf,False,12.1,6.05,6.050000000000001,-3.75
1265,25.4904639,51.45299367,13.0,1.265,1265.0,121.82807991783716,0.35148514851484514,straight,-1,inf,inf,False,12.1,6.05,6.050000000000001,-3.75
1266,25.49045916,51.45300213,13.0,1.266,1266.0,121.74359361865862,0.3589108910891081,straight,-1,inf,inf,False,12.1,6.05,6.050000000000001,-3.75
1267,25.49045443,51.4530106,13.0,1.267,1267.0,121.65915266682288,0.3688118811881136,straight,-1,inf,inf,False,12.15,6.075,6.074999999999999,-3.875
1268,25.49044971,51.45301908,13.0,1.268,1268.0,121.74359156633659,0.37623762376237213,straight,-1,inf,inf,False,12.15,6.075,6.074999999999999,-3.875
1269,25.49044498,51.45302755,13.0,1.269,1269.0,121.21299035772415,0.3836633663366218,straight,-1,inf,inf,False,12.15,6.075,6.074999999999999,-3.875
1270,25.49044032,51.45303607,13.0,1.27,1270.0,121.29731145665414,0.3910891089108848,straight,-1,inf,inf,False,12.15,6.075,6.074999999999999,-3.875
1271,25.49043565,51.45304458,13.0,1.271,1271.0,121.2129883672614,0.4009900990098947,straight,-1,inf,inf,False,12.15,6.075,6.074999999999999,-3.875
1272,25.49043099,51.4530531,13.0,1.272,1272.0,121.07415523059444,0.4108910891089046,straight,-1,inf,inf,False,12.2,6.1,6.1,-4.0
1273,25.49042635,51.45306163,13.0,1.273,1273.0,120.6278493030095,0.4207920792079145,straight,-1,inf,inf,False,12.2,6.1,6.1,-4.0
1274,25.49042177,51.4530702,13.0,1.274,1274.0,120.62784834454271,0.42821782178217305,straight,-1,inf,inf,False,12.2,6.1,6.1,-4.0
1275,25.49041719,51.45307877,13.0,1.275,1275.0,120.62784740471983,0.4356435643564272,straight,-1,inf,inf,False,12.2,6.1,6.1,-4.0
1276,25.49041261,51.45308734,12.9,1.276,1276.0,120.4047092434837,0.44306930693068125,straight,-1,inf,inf,False,12.2,6.1,6.1,-4.0
1277,25.49040806,51.45309593,12.9,1.277,1277.0,120.2656249785361,0.45049504950493535,straight,-1,inf,inf,False,12.25,6.125,6.125,-4.125
1278,25.49040353,51.45310453,12.9,1.278,1278.0,120.32065173063887,0.4579207920792028,straight,-1,inf,inf,False,12.25,6.125,6.125,-4.125
1279,25.49039899,51.45311313,12.9,1.279,1279.0,120.26562306015495,0.46782178217820386,straight,-1,inf,inf,False,12.25,6.125,6.125,-4.125
1280,25.49039446,51.45312173,12.9,1.28,1280.0,119.95849561861752,0.47772277227721377,straight,-1,inf,inf,False,12.25,6.125,6.125,-4.125
1281,25.49038997,51.45313036,12.9,1.281,1281.0,119.87458746029495,0.4826732673267253,straight,-1,inf,inf,False,12.25,6.125,6.125,-4.125
1282,25.49038549,51.453139,12.9,1.282,1282.0,119.90325369795016,0.4876237623762325,straight,-1,inf,inf,False,12.3,6.15,6.15,-4.25
1283,25.49038101,51.45314763,12.9,1.283,1283.0,119.87458563213886,0.4925742574257352,straight,-1,inf,inf,False,12.3,6.15,6.15,-4.25
1284,25.49037653,51.45315627,12.9,1.284,1284.0,119.54076814568413,0.4975247524752424,straight,-1,inf,inf,False,12.3,6.15,6.15,-4.25
1285,25.4903721,51.45316493,12.9,1.285,1285.0,119.51241207223802,0.5024752475247451,straight,-1,inf,inf,False,12.3,6.15,6.15,-4.25
1286,25.49036767,51.4531736,12.9,1.286,1286.0,119.54076633372563,0.5074257425742523,straight,-1,inf,inf,False,12.3,6.15,6.15,-4.25
1287,25.49036324,51.45318226,12.9,1.287,1287.0,119.42866159424062,0.5123762376237551,straight,-1,inf,inf,False,12.35,6.175,6.175000000000001,-4.375
1288,25.49035882,51.45319094,12.9,1.288,1288.0,119.12248040480381,0.5173267326732622,straight,-1,inf,inf,False,12.35,6.175,6.175000000000001,-4.375
1289,25.49035445,51.45319963,12.9,1.289,1289.0,119.15015107023657,0.5222772277227605,straight,-1,inf,inf,False,12.35,6.175,6.175000000000001,-4.375
1290,25.49035007,51.45320833,12.9,1.29,1290.0,119.15015021740237,0.5272277227722721,straight,-1,inf,inf,False,12.35,6.175,6.175000000000001,-4.375
1291,25.49034569,51.45321703,12.9,1.291,1291.0,118.87141022526606,0.5321782178217749,straight,-1,inf,inf,False,12.35,6.175,6.175000000000001,-4.375
1292,25.49034135,51.45322575,12.9,1.292,1292.0,118.78783424880851,0.5371287128712865,straight,-1,inf,inf,False,12.4,6.2,6.199999999999999,-4.5
1293,25.49033702,51.45323448,12.9,1.293,1293.0,118.73195659756692,0.5420792079207848,straight,-1,inf,inf,False,12.4,6.2,6.199999999999999,-4.5
1294,25.4903327,51.45324321,12.9,1.294,1294.0,118.73195567639681,0.547029702970292,straight,-1,inf,inf,False,12.4,6.2,6.199999999999999,-4.5
1295,25.49032838,51.45325194,12.9,1.295,1295.0,118.64841198432646,0.5495049504950433,straight,-1,inf,inf,False,12.4,6.2,6.199999999999999,-4.5
1296,25.49032407,51.45326068,12.9,1.296,1296.0,118.59244938322536,0.5544554455445461,straight,-1,inf,inf,False,12.4,6.2,6.199999999999999,-4.5
1297,25.49031977,51.45326942,12.9,1.297,1297.0,118.6208525428948,0.5594059405940532,straight,-1,inf,inf,False,12.45,6.224166666666667,6.225833333333333,-4.6241666666666665
1298,25.49031546,51.45327817,12.9,1.298,1298.0,118.59244762322055,0.5668316831683118,straight,-1,inf,inf,False,12.45,6.224166666666667,6.225833333333333,-4.6241666666666665
1299,25.49031116,51.45328691,12.9,1.299,1299.0,118.06314536580885,0.5742574257425659,straight,-1,inf,inf,False,12.45,6.224166666666667,6.225833333333333,-4.6241666666666665
1300,25.49030693,51.4532957,12.9,1.3,1300.0,118.00688477509215,0.5816831683168289,straight,-1,inf,inf,False,12.45,6.224166666666667,6.225833333333333,-4.6241666666666665
1301,25.49030271,51.45330449,12.9,1.301,1301.0,118.09022729832407,0.5891089108910785,straight,-1,inf,inf,False,12.45,6.224166666666667,6.225833333333333,-4.6241666666666665
1302,25.49029848,51.45331327,12.9,1.302,1302.0,117.97988314518568,0.5965346534653415,straight,-1,inf,inf,False,12.5,6.2475000000000005,6.2525,-4.7475000000000005
1303,25.49029426,51.45332207,12.9,1.303,1303.0,117.5047198391573,0.6039603960395956,straight,-1,inf,inf,False,12.5,6.2475000000000005,6.2525,-4.7475000000000005
1304,25.49029011,51.4533309,13.0,1.304,1304.0,117.5047190297625,0.6113861386138542,straight,-1,inf,inf,False,12.5,6.2475000000000005,6.2525,-4.7475000000000005
1305,25.49028596,51.45333973,13.0,1.305,1305.0,117.50471825418282,0.6188118811881171,straight,-1,inf,inf,False,12.5,6.2475000000000005,6.2525,-4.7475000000000005
1306,25.49028181,51.45334856,13.0,1.306,1306.0,117.3385772824816,0.6262376237623712,straight,-1,inf,inf,False,12.5,6.2475000000000005,6.2525,-4.7475000000000005
1307,25.49027768,51.45335741,13.0,1.307,1307.0,117.00252049031332,0.6361386138613856,straight,-1,inf,inf,False,12.658333333333331,6.328333333333333,6.329999999999999,-4.87
1308,25.4902736,51.45336628,13.0,1.308,1308.0,117.05930004605824,0.6485148514851424,straight,-1,inf,inf,False,12.658333333333331,6.328333333333333,6.329999999999999,-4.87
1309,25.49026951,51.45337515,13.0,1.309,1309.0,117.00251891602267,0.6608910891089081,straight,-1,inf,inf,False,12.658333333333331,6.328333333333333,6.329999999999999,-4.87
1310,25.49026543,51.45338402,13.0,1.31,1310.0,116.80583863754237,0.6757425742574164,straight,-1,inf,inf,False,12.658333333333331,6.328333333333333,6.329999999999999,-4.87
1311,25.49026138,51.4533929,13.1,1.311,1311.0,116.69709388943664,0.6881188118811865,straight,-1,inf,inf,False,12.658333333333331,6.328333333333333,6.329999999999999,-4.87
1312,25.49025734,51.4534018,13.1,1.312,1312.0,116.64014071383838,0.7004950495049478,straight,-1,inf,inf,False,12.816666666666666,6.408333333333333,6.408333333333334,-4.991666666666666
1313,25.49025331,51.4534107,13.1,1.313,1313.0,116.64013992565924,0.7128712871287091,straight,-1,inf,inf,False,12.816666666666666,6.408333333333333,6.408333333333334,-4.991666666666666
1314,25.49024928,51.4534196,13.1,1.314,1314.0,116.22073132431836,0.7252475247524659,straight,-1,inf,inf,False,12.816666666666666,6.408333333333333,6.408333333333334,-4.991666666666666
1315,25.49024531,51.45342853,13.1,1.315,1315.0,115.99832932734967,0.7376237623762361,turn,6,280.5,174.1,False,12.816666666666666,6.408333333333333,6.408333333333334,-4.991666666666666
1316,25.49024137,51.45343748,13.1,1.316,1316.0,115.9983286579722,0.7499999999999973,turn,6,280.5,174.1,False,12.816666666666666,6.408333333333333,6.408333333333334,-4.991666666666666
1317,25.49023743,51.45344643,13.1,1.317,1317.0,115.94100600958313,0.7623762376237586,turn,6,280.5,174.1,False,12.975,6.4875,6.4875,-5.1125
1318,25.4902335,51.45345538,13.2,1.318,1318.0,115.7186686288037,0.7747524752475154,turn,6,280.5,174.1,False,12.975,6.4875,6.4875,-5.1125
1319,25.4902296,51.45346435,13.2,1.319,1319.0,115.63629259494053,0.7846534653465387,turn,6,280.5,174.1,False,12.975,6.4875,6.4875,-5.1125
1320,25.49022571,51.45347333,13.2,1.32,1320.0,115.6612021781034,0.7945544554455443,turn,6,280.5,174.1,False,12.975,6.4875,6.4875,-5.1125
1321,25.49022182,51.4534823,13.2,1.321,1321.0,115.57881075705347,0.8044554455445496,turn,6,280.5,174.1,False,12.975,6.4875,6.4875,-5.1125
1322,25.49021794,51.45349128,13.2,1.322,1322.0,115.0192508223937,0.814356435643555,turn,6,280.5,174.1,False,13.133333333333336,6.5666666666666655,6.566666666666668,-5.2333333333333325
1323,25.49021414,51.4535003,13.2,1.323,1323.0,114.93715861584076,0.824257425742574,turn,6,280.5,174.1,False,13.133333333333336,6.5666666666666655,6.566666666666668,-5.2333333333333325
1324,25.49021035,51.45350933,13.2,1.324,1324.0,114.87933374261121,0.8341584158415793,turn,6,280.5,174.1,False,13.133333333333336,6.5666666666666655,6.566666666666668,-5.2333333333333325
1325,25.49020657,51.45351836,13.3,1.325,1325.0,114.93715725439938,0.8440594059405893,turn,6,280.5,174.1,False,13.133333333333336,6.5666666666666655,6.566666666666668,-5.2333333333333325
1326,25.49020278,51.45352739,13.3,1.326,1326.0,114.26147572628236,0.8539603960395946,turn,6,280.5,174.1,False,13.133333333333336,6.5666666666666655,6.566666666666668,-5.2333333333333325
1327,25.49019909,51.45353646,13.3,1.327,1327.0,114.31961545069646,0.8638613861386136,turn,6,280.5,174.1,False,13.291666666666666,6.645833333333333,6.645833333333334,-5.354166666666666
1328,25.49019539,51.45354553,13.3,1.328,1328.0,114.29592967442477,0.8688118811881163,turn,6,280.5,174.1,False,13.291666666666666,6.645833333333333,6.645833333333334,-5.354166666666666
1329,25.49019169,51.45355461,13.3,1.329,1329.0,114.17968001905194,0.8737623762376235,turn,6,280.5,174.1,False,13.291666666666666,6.645833333333333,6.645833333333334,-5.354166666666666
1330,25.49018801,51.45356369,13.3,1.33,1330.0,113.56152098246605,0.8787128712871262,turn,6,280.5,174.1,False,13.291666666666666,6.645833333333333,6.645833333333334,-5.354166666666666
1331,25.49018442,51.45357281,13.3,1.331,1331.0,113.48006167447397,0.8836633663366289,turn,6,280.5,174.1,False,13.291666666666666,6.645833333333333,6.645833333333334,-5.354166666666666
1332,25.49018084,51.45358194,13.3,1.332,1332.0,113.538521546911,0.8861386138613804,turn,6,280.5,174.1,False,13.45,6.725,6.725,-5.475
1333,25.49017725,51.45359107,13.4,1.333,1333.0,113.48006042123995,0.8886138613861404,turn,6,280.5,174.1,False,13.45,6.725,6.725,-5.475
1334,25.49017367,51.4536002,13.4,1.334,1334.0,113.0017034800311,0.8910891089108873,turn,6,280.5,174.1,False,13.45,6.725,6.725,-5.475
1335,25.49017016,51.45360936,13.4,1.335,1335.0,112.92052970853035,0.8886138613861404,turn,6,280.5,174.1,False,13.45,6.725,6.725,-5.475
1336,25.49016666,51.45361853,13.4,1.336,1336.0,113.00170231088748,0.8861386138613847,turn,6,280.5,174.1,False,13.45,6.725,6.725,-5.475
1337,25.49016315,51.45362769,13.4,1.337,1337.0,112.83943507809533,0.8836633663366289,turn,6,280.5,174.1,False,13.608333333333334,6.804166666666666,6.804166666666667,-5.595833333333333
1338,25.49015966,51.45363687,13.4,1.338,1338.0,112.10340129831326,0.8762376237623748,turn,6,280.5,174.1,False,13.608333333333334,6.804166666666666,6.804166666666667,-5.595833333333333
1339,25.49015628,51.45364609,13.4,1.339,1339.0,112.10340073651628,0.8688118811881251,turn,6,280.5,174.1,False,13.608333333333334,6.804166666666666,6.804166666666667,-5.595833333333333
1340,25.4901529,51.45365531,13.4,1.34,1340.0,112.16247228278007,0.8613861386138622,turn,6,280.5,174.1,False,13.608333333333334,6.804166666666666,6.804166666666667,-5.595833333333333
1341,25.49014951,51.45366453,13.5,1.341,1341.0,112.02267952732109,0.853960396039608,turn,6,280.5,174.1,False,13.608333333333334,6.804166666666666,6.804166666666667,-5.595833333333333
1342,25.49014614,51.45367376,13.5,1.342,1342.0,111.50597131310349,0.8415841584158378,turn,6,280.5,174.1,False,13.766666666666666,6.883333333333334,6.883333333333333,-5.716666666666667
1343,25.49014285,51.45368301,13.5,1.343,1343.0,111.54419145678241,0.8292079207920809,turn,6,280.5,174.1,False,13.766666666666666,6.883333333333334,6.883333333333333,-5.716666666666667
1344,25.49013955,51.45369227,13.5,1.344,1344.0,111.54419088708869,0.8168316831683153,turn,6,280.5,174.1,False,13.766666666666666,6.883333333333334,6.883333333333333,-5.716666666666667
1345,25.49013625,51.45370153,13.5,1.345,1345.0,111.48486274254452,0.8019801980198027,turn,6,280.5,174.1,False,13.766666666666666,6.883333333333334,6.883333333333333,-5.716666666666667
1346,25.49013296,51.45371079,13.5,1.346,1346.0,110.78636060574183,0.7871287128712856,turn,6,280.5,174.1,False,13.766666666666666,6.883333333333334,6.883333333333333,-5.716666666666667
1347,25.49012977,51.4537201,13.5,1.347,1347.0,110.80679807493391,0.7698019801980172,turn,6,280.5,174.1,False,13.925,6.942500000000001,6.9825,-5.817500000000001
1348,25.49012658,51.4537294,13.5,1.348,1348.0,110.80679752603038,0.7500000000000018,turn,6,280.5,174.1,False,13.925,6.942500000000001,6.9825,-5.817500000000001
1349,25.49012339,51.4537387,13.6,1.349,1349.0,110.66708084622826,0.7277227722772306,turn,6,280.5,174.1,False,13.925,6.942500000000001,6.9825,-5.817500000000001
1350,25.49012022,51.45374801,13.6,1.35,1350.0,110.10866339001086,0.702970297029708,turn,6,280.5,174.1,False,13.925,6.942500000000001,6.9825,-5.817500000000001
1351,25.49011713,51.45375736,13.6,1.351,1351.0,110.10866286986197,0.6782178217821766,turn,6,280.5,174.1,False,13.925,6.942500000000001,6.9825,-5.817500000000001
1352,25.49011404,51.45376671,13.6,1.352,1352.0,110.12846463064409,0.6509900990099027,turn,6,280.5,174.1,False,14.083333333333334,6.9816666666666665,7.101666666666667,-5.898333333333333
1353,25.49011095,51.45377605,13.6,1.353,1353.0,110.04877624510186,0.6237623762376288,turn,6,280.5,174.1,False,14.083333333333334,6.9816666666666665,7.101666666666667,-5.898333333333333
1354,25.49010787,51.4537854,13.6,1.354,1354.0,109.37075554986018,0.5965346534653504,turn,6,280.5,174.1,False,14.083333333333334,6.9816666666666665,7.101666666666667,-5.898333333333333
1355,25.49010489,51.45379479,13.6,1.355,1355.0,109.4500550531526,0.5693069306930676,turn,6,280.5,174.1,False,14.083333333333334,6.9816666666666665,7.101666666666667,-5.898333333333333
1356,25.4901019,51.45380417,13.6,1.356,1356.0,109.37075467838321,0.5396039603960423,turn,6,280.5,174.1,False,14.083333333333334,6.9816666666666665,7.101666666666667,-5.898333333333333
1357,25.49009892,51.45381356,13.6,1.357,1357.0,109.37075429122729,0.5099009900990126,turn,6,280.5,174.1,False,14.041666666666666,6.996666666666667,7.045,-5.955
1358,25.49009594,51.45382295,13.7,1.358,1358.0,108.43271260958625,0.4801980198019829,turn,6,280.5,174.1,False,14.041666666666666,6.996666666666667,7.045,-5.955
1359,25.4900931,51.45383239,13.7,1.359,1359.0,108.43271218417829,0.4504950495049486,turn,6,280.5,174.1,False,14.041666666666666,6.996666666666667,7.045,-5.955
1360,25.49009026,51.45384183,13.7,1.36,1360.0,108.43271177801836,0.42079207920792344,turn,6,280.5,174.1,False,14.041666666666666,6.996666666666667,7.045,-5.955
1361,25.49008742,51.45385127,13.7,1.361,1361.0,108.43271137185843,0.3910891089108937,turn,6,280.5,174.1,False,14.041666666666666,6.996666666666667,7.045,-5.955
1362,25.49008458,51.45386071,13.7,1.362,1362.0,107.55518802701806,0.3613861386138639,turn,6,280.5,174.1,False,14.0,6.9875,7.0125,-5.9875
1363,25.49008187,51.4538702,13.7,1.363,1363.0,107.49436673420416,0.33168316831682976,turn,6,280.5,174.1,False,14.0,6.9875,7.0125,-5.9875
1364,25.49007917,51.45387969,13.7,1.364,1364.0,107.49436640650981,0.29950495049504866,turn,6,280.5,174.1,False,14.0,6.9875,7.0125,-5.9875
1365,25.49007647,51.45388918,13.7,1.365,1365.0,107.49436605412222,0.267326732673272,turn,6,280.5,174.1,False,14.0,6.9875,7.0125,-5.9875
1366,25.49007377,51.45389867,13.7,1.366,1366.0,106.77263828223755,0.2351485148514909,turn,6,280.5,174.1,False,14.0,6.9875,7.0125,-5.9875
1367,25.49007118,51.45390819,13.7,1.367,1367.0,106.55622205479085,0.20297029702970093,turn,6,280.5,174.1,False,14.0,6.995833333333334,7.004166666666666,-5.995833333333334
1368,25.49006862,51.45391773,13.8,1.368,1368.0,106.5562216720956,0.1732673267326712,turn,6,280.5,174.1,False,14.0,6.995833333333334,7.004166666666666,-5.995833333333334
1369,25.49006606,51.45392727,13.8,1.369,1369.0,106.55622138804449,0.14356435643564147,turn,6,280.5,174.1,False,14.0,6.995833333333334,7.004166666666666,-5.995833333333334
1370,25.4900635,51.45393681,13.8,1.37,1370.0,106.17266761670083,0.11386138613861176,turn,6,280.5,174.1,False,14.0,6.995833333333334,7.004166666666666,-5.995833333333334
1371,25.490061,51.45394636,13.8,1.371,1371.0,106.01815355899316,0.08415841584158645,turn,6,280.5,174.1,False,14.0,6.995833333333334,7.004166666666666,-5.995833333333334
1372,25.49005852,51.45395593,13.8,1.372,1372.0,105.97269866446675,0.054455445544556724,turn,6,280.5,174.1,False,14.0,7.0,7.0,-6.0
1373,25.49005605,51.45396549,13.8,1.373,1373.0,105.95685807490196,0.02475247524752255,turn,6,280.5,174.1,False,14.0,7.0,7.0,-6.0
1374,25.49005358,51.45397506,13.8,1.374,1374.0,105.49592567306229,-0.007425742574254101,turn,6,280.5,174.1,False,14.0,7.0,7.0,-6.0
1375,25.49005118,51.45398465,13.8,1.375,1375.0,104.91157689253475,-0.034653465346536905,turn,6,280.5,174.1,False,14.0,7.0,7.0,-6.0
1376,25.49004887,51.45399426,13.8,1.376,1376.0,104.97323558565483,-0.061881188118806385,turn,6,280.5,174.1,False,14.0,7.0,7.0,-6.0
1377,25.49004655,51.45400387,13.8,1.377,1377.0,104.89676526913928,-0.08910891089108475,turn,6,280.5,174.1,False,14.0,7.0,7.0,-6.0
1378,25.49004424,51.45401349,13.8,1.378,1378.0,104.7734526450086,-0.11386138613861176,turn,6,280.5,174.1,False,14.0,7.0,7.0,-6.0
1379,25.49004195,51.45402311,13.8,1.379,1379.0,104.51196083587996,-0.13861386138614318,turn,6,280.5,174.1,False,14.0,7.0,7.0,-6.0
1380,25.4900397,51.45403274,13.9,1.38,1380.0,104.45016901474628,-0.1658415841584171,turn,6,280.5,174.1,False,14.0,7.0,7.0,-6.0
1381,25.49003746,51.45404237,13.9,1.381,1381.0,104.435805589881,-0.19306930693069546,turn,6,280.5,174.1,False,14.0,7.0,7.0,-6.0
1382,25.49003522,51.45405201,13.9,1.382,1382.0,104.37403557259677,-0.21782178217821802,turn,6,280.5,174.1,False,14.0,7.0,7.0,-6.0
1383,25.49003299,51.45406165,13.9,1.383,1383.0,103.4032567954664,-0.24257425742574057,turn,6,280.5,174.1,False,14.0,7.0,7.0,-6.0
1384,25.49003091,51.45407132,13.9,1.384,1384.0,103.32783704988327,-0.267326732673272,turn,6,280.5,174.1,False,14.0,7.0,7.0,-6.0
1385,25.49002884,51.454081,13.9,1.385,1385.0,103.38990893631671,-0.29207920792079456,turn,6,280.5,174.1,False,14.0,7.0,7.0,-6.0
1386,25.49002676,51.45409068,13.9,1.386,1386.0,103.38990870165782,-0.3168316831683171,turn,6,280.5,174.1,False,14.0,7.0,7.0,-6.0
1387,25.49002468,51.45410036,13.9,1.387,1387.0,102.92892592425653,-0.3415841584158441,turn,6,280.5,174.1,False,14.0,7.0,7.0,-6.0
1388,25.49002267,51.45411006,13.9,1.388,1388.0,102.80454059368901,-0.3663366336633711,turn,6,280.5,174.1,False,14.0,7.0,7.0,-6.0
1389,25.49002068,51.45411976,13.9,1.389,1389.0,102.80454040843978,-0.3910891089108937,turn,6,280.5,174.1,False,14.0,7.0,7.0,-6.0
1390,25.49001869,51.45412946,13.9,1.39,1390.0,102.86674812138568,-0.4158415841584162,turn,6,280.5,174.1,False,14.0,7.0,7.0,-6.0
1391,25.49001669,51.45413916,13.9,1.391,1391.0,102.41824712166272,-0.4430693069306946,turn,6,280.5,174.1,False,14.0,7.0,7.0,-6.0
1392,25.49001476,51.45414887,13.9,1.392,1392.0,102.14435162492657,-0.4678217821782215,turn,6,280.5,174.1,False,14.0,7.0,7.0,-6.0
1393,25.49001287,51.4541586,13.9,1.393,1393.0,102.09405264620011,-0.49504950495049993,turn,6,280.5,174.1,False,14.0,7.0,7.0,-6.0
1394,25.49001099,51.45416832,13.9,1.394,1394.0,102.14435123543166,-0.5222772277227739,turn,6,280.5,174.1,False,14.0,7.0,7.0,-6.0
1395,25.4900091,51.45417805,13.9,1.395,1395.0,101.89472476026509,-0.5495049504950478,turn,6,280.5,174.1,False,14.0,7.0,7.0,-6.0
1396,25.49000725,51.45418778,13.9,1.396,1396.0,101.42249052131388,-0.5767326732673306,turn,6,280.5,174.1,False,14.0,7.0,7.0,-6.0
1397,25.49000547,51.45419754,13.9,1.397,1397.0,101.43389731227796,-0.6039603960396045,turn,6,280.5,174.1,False,14.0,7.0,7.0,-6.0
1398,25.49000369,51.45420729,13.8,1.398,1398.0,101.4338971527514,-0.6311881188118784,turn,6,280.5,174.1,False,14.0,7.0,7.0,-6.0
1399,25.49000191,51.45421704,13.8,1.399,1399.0,101.37133969119509,-0.6633663366336551,turn,6,280.5,174.1,False,14.0,7.0,7.0,-6.0
1400,25.49000014,51.45422679,13.8,1.4,1400.0,100.72279261759542,-0.695544554455445,turn,6,280.5,174.1,False,14.0,7.0,7.0,-6.0
1401,25.48999847,51.45423656,13.8,1.401,1401.0,100.71208231588037,-0.7277227722772217,turn,6,280.5,174.1,False,14.0,7.0,7.0,-6.0
1402,25.4899968,51.45424634,13.7,1.402,1402.0,100.66005978375676,-0.7623762376237586,turn,6,280.5,174.1,False,14.0,7.0,7.0,-6.0
1403,25.48999514,51.45425611,13.7,1.403,1403.0,100.71208203904996,-0.7970297029702912,turn,6,280.5,174.1,False,14.0,7.0,7.0,-6.0
1404,25.48999347,51.45426589,13.7,1.404,1404.0,100.39846123157241,-0.8292079207920722,turn,6,280.5,174.1,False,14.0,7.0,7.0,-6.0
1405,25.48999185,51.45427567,13.6,1.405,1405.0,100.19977459783814,-0.8638613861386091,turn,6,280.5,174.1,False,14.0,7.0,7.0,-6.0
1406,25.48999026,51.45428546,13.6,1.406,1406.0,100.19977447920996,-0.8985148514851415,turn,6,280.5,174.1,False,14.0,7.0,7.0,-6.0
1407,25.48998867,51.45429525,13.6,1.407,1407.0,100.19977435358345,-0.9356435643564299,turn,6,280.5,174.1,False,14.0,7.0,7.0,-6.0
1408,25.48998708,51.45430504,13.5,1.408,1408.0,100.0640497931546,-0.9727722772277181,turn,6,280.5,174.1,False,14.0,7.0,7.0,-6.0
1409,25.48998551,51.45431484,13.5,1.409,1409.0,99.62391612921908,-1.009900990099002,turn,6,280.5,174.1,False,14.0,7.0,7.0,-6.0
1410,25.48998401,51.45432464,13.5,1.41,1410.0,99.61428891465835,-1.0495049504950371,turn,6,280.5,174.1,False,14.0,7.0,7.0,-6.0
1411,25.48998251,51.45433445,13.5,1.411,1411.0,99.67717593962271,-1.091584158415837,turn,6,280.5,174.1,False,14.0,7.0,7.0,-6.0
1412,25.489981,51.45434426,13.4,1.412,1412.0,99.62391579483301,-1.1311881188118722,turn,6,280.5,174.1,False,14.0,7.0,7.0,-6.0
1413,25.4899795,51.45435406,13.4,1.413,1413.0,98.96617165306964,-1.1732673267326676,turn,6,280.5,174.1,False,14.0,7.0,7.0,-6.0
1414,25.4899781,51.45436389,13.4,1.414,1414.0,98.90315701453324,-1.2128712871287028,turn,6,280.5,174.1,False,14.0,7.0,7.0,-6.0
1415,25.48997671,51.45437372,13.3,1.415,1415.0,98.84898044686531,-1.2524752475247425,turn,6,280.5,174.1,False,14.0,7.0,7.0,-6.0
1416,25.48997533,51.45438354,13.3,1.416,1416.0,98.90315683265476,-1.294554455445538,turn,6,280.5,174.1,False,14.0,7.0,7.0,-6.0
1417,25.48997394,51.45439337,13.3,1.417,1417.0,98.57916361953045,-1.3366336633663245,turn,6,280.5,174.1,False,14.0,7.0,7.0,-6.0
1418,25.4899726,51.45440321,13.2,1.418,1418.0,98.32671367656752,-1.37871287128712,turn,6,280.5,174.1,False,14.0,7.0,7.0,-6.0
1419,25.4899713,51.45441305,13.2,1.419,1419.0,98.38985699856403,-1.4232673267326623,turn,6,280.5,174.1,False,14.0,7.0,7.0,-6.0
1420,25.48996999,51.45442289,13.2,1.42,1420.0,98.32671347287044,-1.4653465346534533,turn,6,280.5,174.1,False,14.0,7.0,7.0,-6.0
1421,25.48996869,51.45443273,13.2,1.421,1421.0,98.26354964366448,-1.5099009900989957,turn,6,280.5,174.1,False,14.0,7.0,7.0,-6.0
1422,25.4899674,51.45444257,13.1,1.422,1422.0,97.67876213179,-1.5519801980197823,turn,6,280.5,174.1,False,14.0,7.0,7.0,-6.0
1423,25.4899662,51.45445243,13.1,1.423,1423.0,97.61552648766815,-1.5940594059405824,turn,6,280.5,174.1,False,14.0,7.0,7.0,-6.0
1424,25.48996501,51.45446229,13.1,1.424,1424.0,97.67876198579705,-1.6386138613861245,turn,6,280.5,174.1,False,14.0,7.0,7.0,-6.0
1425,25.48996381,51.45447215,13.1,1.425,1425.0,97.61552629776259,-1.68069306930692,turn,6,280.5,174.1,False,14.0,7.0,7.0,-6.0
1426,25.48996262,51.45448201,13.1,1.426,1426.0,97.36239857504745,-1.7227722772277112,turn,6,280.5,174.1,False,14.0,7.0,7.0,-6.0
1427,25.48996147,51.45449187,13.1,1.427,1427.0,97.16517112870389,-1.7673267326732487,turn,6,280.5,174.1,False,14.0,7.129999999999958,6.870000000000042,-6.129999999999958
1428,25.48996035,51.45450174,13.1,1.428,1428.0,97.1651710827577,-1.80940594059404,turn,6,280.5,174.1,False,14.0,7.129999999999958,6.870000000000042,-6.129999999999958
1429,25.48995923,51.45451161,13.1,1.429,1429.0,97.22847200768268,-1.8465346534653326,turn,6,280.5,174.1,False,14.0,7.129999999999958,6.870000000000042,-6.129999999999958
1430,25.4899581,51.45452148,13.1,1.43,1430.0,97.0385162462332,-1.8861386138613723,turn,6,280.5,174.1,False,14.0,7.129999999999958,6.870000000000042,-6.129999999999958
1431,25.489957,51.45453135,13.1,1.431,1431.0,96.5246641592592,-1.9232673267326603,turn,6,280.5,174.1,False,14.0,7.129999999999958,6.870000000000042,-6.129999999999958
1432,25.48995598,51.45454123,13.1,1.432,1432.0,96.46124037517859,-1.9603960396039444,turn,6,280.5,174.1,False,14.0,7.229999999999915,6.770000000000085,-6.229999999999915
1433,25.48995497,51.45455111,13.1,1.433,1433.0,96.51812358913946,-1.9950495049504766,turn,6,280.5,174.1,False,14.0,7.229999999999915,6.770000000000085,-6.229999999999915
1434,25.48995395,51.454561,13.1,1.434,1434.0,96.5246639867674,-2.0297029702970137,turn,6,280.5,174.1,False,14.0,7.229999999999915,6.770000000000085,-6.229999999999915
1435,25.48995293,51.45457088,13.1,1.435,1435.0,96.27087419758902,-2.0643564356435506,turn,6,280.5,174.1,False,14.0,7.229999999999915,6.770000000000085,-6.229999999999915
1436,25.48995195,51.45458076,13.1,1.436,1436.0,96.20116014124517,-2.0965346534653317,turn,6,280.5,174.1,False,14.0,7.229999999999915,6.770000000000085,-6.229999999999915
1437,25.48995098,51.45459065,13.1,1.437,1437.0,96.20116008762557,-2.128712871287113,turn,6,280.5,174.1,False,12.700000000000422,5.990000000000294,6.710000000000128,-6.289999999999872
1438,25.48995001,51.45460054,13.1,1.438,1438.0,96.20116007831291,-2.160891089108894,turn,6,280.5,174.1,False,12.700000000000422,5.990000000000294,6.710000000000128,-6.289999999999872
1439,25.48994904,51.45461043,13.1,1.439,1439.0,96.20116001243349,-2.18564356435643,turn,6,280.5,174.1,False,12.700000000000422,5.990000000000294,6.710000000000128,-6.289999999999872
1440,25.48994807,51.45462032,13.1,1.44,1440.0,96.13772091866258,-2.210396039603948,turn,6,280.5,174.1,False,12.700000000000422,5.990000000000294,6.710000000000128,-6.289999999999872
1441,25.48994711,51.45463021,13.1,1.441,1441.0,96.07426673235545,-2.2351485148514794,turn,6,280.5,174.1,False,12.700000000000422,5.990000000000294,6.710000000000128,-6.289999999999872
1442,25.48994616,51.4546401,13.1,1.442,1442.0,96.07426666451317,-2.257425742574246,turn,6,280.5,174.1,False,13.000000000000426,6.120000000000228,6.880000000000199,-6.119999999999801
1443,25.48994521,51.45464999,13.1,1.443,1443.0,96.13772076979342,-2.2772277227722704,straight,-1,inf,inf,False,13.000000000000426,6.120000000000228,6.880000000000199,-6.119999999999801
1444,25.48994425,51.45465988,13.0,1.444,1444.0,96.01079747640955,-2.29702970297029,straight,-1,inf,inf,False,13.000000000000426,6.120000000000228,6.880000000000199,-6.119999999999801
1445,25.48994331,51.45466977,13.0,1.445,1445.0,95.94731353604072,-2.3143564356435586,straight,-1,inf,inf,False,13.000000000000426,6.120000000000228,6.880000000000199,-6.119999999999801
1446,25.48994238,51.45467966,13.0,1.446,1446.0,95.94731346255753,-2.3292079207920713,straight,-1,inf,inf,False,13.000000000000426,6.120000000000228,6.880000000000199,-6.119999999999801
1447,25.48994145,51.45468955,13.0,1.447,1447.0,95.94134900221269,-2.3415841584158326,straight,-1,inf,inf,False,13.400000000000432,6.300000000000162,7.10000000000027,-5.89999999999973
1448,25.48994052,51.45469945,13.0,1.448,1448.0,95.9473134115575,-2.353960396039594,straight,-1,inf,inf,False,13.400000000000432,6.300000000000162,7.10000000000027,-5.89999999999973
1449,25.48993959,51.45470934,13.0,1.449,1449.0,95.68751955532088,-2.3638613861386037,straight,-1,inf,inf,False,13.400000000000432,6.300000000000162,7.10000000000027,-5.89999999999973
1450,25.4899387,51.45471924,13.0,1.45,1450.0,95.69323255226283,-2.3712871287128667,straight,-1,inf,inf,False,13.400000000000432,6.300000000000162,7.10000000000027,-5.89999999999973
1451,25.48993781,51.45472913,13.0,1.451,1451.0,95.68751948819437,-2.376237623762365,straight,-1,inf,inf,False,13.300000000000187,6.890000000000146,6.410000000000041,-5.389999999999699
1452,25.48993692,51.45473903,12.9,1.452,1452.0,95.68751944635034,-2.3811881188118766,straight,-1,inf,inf,False,13.300000000000187,6.890000000000146,6.410000000000041,-5.389999999999699
1453,25.48993603,51.45474893,12.9,1.453,1453.0,95.75677405258233,-2.381188118811872,straight,-1,inf,inf,False,13.300000000000187,6.890000000000146,6.410000000000041,-5.389999999999699
1454,25.48993513,51.45475882,12.9,1.454,1454.0,95.75099812370479,-2.3811881188118766,straight,-1,inf,inf,False,13.300000000000187,6.890000000000146,6.410000000000041,-5.389999999999699
1455,25.48993423,51.45476872,12.8,1.455,1455.0,95.75099805706674,-2.3811881188118766,straight,-1,inf,inf,False,12.200000000000172,4.760000000000092,7.440000000000081,-3.5599999999996483
1456,25.48993333,51.45477862,12.8,1.456,1456.0,95.82030138014375,-2.3787128712871253,straight,-1,inf,inf,False,12.200000000000172,4.760000000000092,7.440000000000081,-3.5599999999996483
1457,25.48993242,51.45478851,12.8,1.457,1457.0,95.75099799488913,-2.376237623762374,straight,-1,inf,inf,False,12.200000000000172,4.760000000000092,7.440000000000081,-3.5599999999996483
1458,25.48993152,51.45479841,12.7,1.458,1458.0,95.75677387473127,-2.373762376237618,straight,-1,inf,inf,False,12.200000000000172,4.760000000000092,7.440000000000081,-3.5599999999996483
1459,25.48993062,51.4548083,12.7,1.459,1459.0,95.81446246168423,-2.368811881188111,straight,-1,inf,inf,False,12.200000000000172,4.760000000000092,7.440000000000081,-3.5599999999996483
1460,25.48992971,51.4548182,12.7,1.46,1460.0,95.75677376840298,-2.3638613861386126,straight,-1,inf,inf,False,13.000000000000185,4.090000000000058,8.910000000000126,-1.6899999999995974
1461,25.48992881,51.45482809,12.6,1.461,1461.0,95.81446237471226,-2.356435643564354,straight,-1,inf,inf,False,13.000000000000185,4.090000000000058,8.910000000000126,-1.6899999999995974
1462,25.4899279,51.45483799,12.6,1.462,1462.0,95.62402629688432,-2.3490099009901,straight,-1,inf,inf,False,13.000000000000185,4.090000000000058,8.910000000000126,-1.6899999999995974
1463,25.48992702,51.45484789,12.5,1.463,1463.0,95.49699936004328,-2.3415841584158414,straight,-1,inf,inf,False,13.000000000000185,4.090000000000058,8.910000000000126,-1.6899999999995974
1464,25.48992616,51.45485779,12.5,1.464,1464.0,95.5605196311875,-2.331683168316827,straight,-1,inf,inf,False,13.000000000000185,4.090000000000058,8.910000000000126,-1.6899999999995974
1465,25.48992529,51.45486769,12.5,1.465,1465.0,95.4969992813966,-2.321782178217817,straight,-1,inf,inf,False,13.000000000000185,4.090000000000058,8.910000000000126,-1.6899999999995974
1466,25.48992443,51.45487759,12.4,1.466,1466.0,95.49699920189028,-2.3118811881188073,straight,-1,inf,inf,False,24.90000000000035,15.260000000000217,9.640000000000136,-0.1599999999995757
1467,25.48992357,51.45488749,12.4,1.467,1467.0,95.30635754864306,-2.299504950495046,straight,-1,inf,inf,False,24.90000000000035,15.260000000000217,9.640000000000136,-0.1599999999995757
1468,25.48992274,51.45489739,12.4,1.468,1468.0,95.3010334459467,-2.287128712871289,straight,-1,inf,inf,False,24.90000000000035,15.260000000000217,9.640000000000136,-0.1599999999995757
1469,25.48992191,51.4549073,12.3,1.469,1469.0,95.24278385203536,-2.277227722772275,straight,-1,inf,inf,False,24.90000000000035,15.260000000000217,9.640000000000136,-0.1599999999995757
1470,25.48992109,51.4549172,12.3,1.47,1470.0,95.30635739932967,-2.2648514851485135,straight,-1,inf,inf,False,24.90000000000035,15.260000000000217,9.640000000000136,-0.1599999999995757
1471,25.48992026,51.4549271,12.3,1.471,1471.0,95.30103337418939,-2.2524752475247523,straight,-1,inf,inf,False,26.900000000000382,15.290000000000218,11.610000000000165,1.2100000000004436
1472,25.48991943,51.45493701,12.2,1.472,1472.0,95.30635737366777,-2.240099009900991,straight,-1,inf,inf,False,26.900000000000382,15.290000000000218,11.610000000000165,1.2100000000004436
1473,25.4899186,51.45494691,12.2,1.473,1473.0,95.30103324079045,-2.2277227722772297,straight,-1,inf,inf,False,26.900000000000382,15.290000000000218,11.610000000000165,1.2100000000004436
1474,25.48991777,51.45495682,12.2,1.474,1474.0,95.30635729400984,-2.215346534653464,straight,-1,inf,inf,False,26.900000000000382,15.290000000000218,11.610000000000165,1.2100000000004436
1475,25.48991694,51.45496672,12.1,1.475,1475.0,95.30635728456889,-2.2004950495049513,straight,-1,inf,inf,False,26.900000000000382,15.290000000000218,11.610000000000165,1.2100000000004436
1476,25.48991611,51.45497662,12.1,1.476,1476.0,95.30103309118658,-2.1856435643564343,straight,-1,inf,inf,False,26.900000000000382,15.290000000000218,11.610000000000165,1.2100000000004436
1477,25.48991528,51.45498653,12.0,1.477,1477.0,95.24278358128333,-2.1707920792079216,straight,-1,inf,inf,False,25.200000000000355,12.72000000000018,12.480000000000176,2.38000000000046
1478,25.48991446,51.45499643,12.0,1.478,1478.0,95.24278350526589,-2.155940594059409,straight,-1,inf,inf,False,25.200000000000355,12.72000000000018,12.480000000000176,2.38000000000046
1479,25.48991364,51.45500633,12.0,1.479,1479.0,95.30103309061116,-2.1435643564356432,straight,-1,inf,inf,False,25.200000000000355,12.72000000000018,12.480000000000176,2.38000000000046
1480,25.48991281,51.45501624,11.9,1.48,1480.0,95.1791968633047,-2.131188118811882,straight,-1,inf,inf,False,25.200000000000355,12.72000000000018,12.480000000000176,2.38000000000046
1481,25.489912,51.45502614,11.9,1.481,1481.0,95.17399897852027,-2.1188118811881163,straight,-1,inf,inf,False,25.200000000000355,12.72000000000018,12.480000000000176,2.38000000000046
1482,25.48991119,51.45503605,11.9,1.482,1482.0,95.11046272428473,-2.106435643564355,straight,-1,inf,inf,False,23.90000000000034,11.800000000000168,12.100000000000172,2.100000000000456
1483,25.48991039,51.45504596,11.8,1.483,1483.0,95.11559743561327,-2.0940594059405937,straight,-1,inf,inf,False,23.90000000000034,11.800000000000168,12.100000000000172,2.100000000000456
1484,25.48990959,51.45505586,11.8,1.484,1484.0,95.11046263639616,-2.0816831683168324,straight,-1,inf,inf,False,23.90000000000034,11.800000000000168,12.100000000000172,2.100000000000456
1485,25.48990879,51.45506577,11.8,1.485,1485.0,95.11046264297698,-2.0693069306930667,straight,-1,inf,inf,False,23.90000000000034,11.800000000000168,12.100000000000172,2.100000000000456
1486,25.48990799,51.45507568,11.7,1.486,1486.0,95.05198530819911,-2.05693069306931,straight,-1,inf,inf,False,23.90000000000034,11.800000000000168,12.100000000000172,2.100000000000456
1487,25.4899072,51.45508558,11.7,1.487,1487.0,95.04691375368503,-2.0445544554455486,straight,-1,inf,inf,False,21.90000000000031,11.06000000000016,10.840000000000154,1.6400000000004495
1488,25.48990641,51.45509549,11.7,1.488,1488.0,95.04691372067998,-2.032178217821783,straight,-1,inf,inf,False,21.90000000000031,11.06000000000016,10.840000000000154,1.6400000000004495
1489,25.48990562,51.4551054,11.6,1.489,1489.0,95.04691364724681,-2.0198019801980216,straight,-1,inf,inf,False,21.90000000000031,11.06000000000016,10.840000000000154,1.6400000000004495
1490,25.48990483,51.45511531,11.6,1.49,1490.0,95.05198519628163,-2.0074257425742603,straight,-1,inf,inf,False,21.90000000000031,11.06000000000016,10.840000000000154,1.6400000000004495
1491,25.48990404,51.45512521,11.5,1.491,1491.0,95.04691361844192,-1.9950495049504948,straight,-1,inf,inf,False,21.90000000000031,11.06000000000016,10.840000000000154,1.6400000000004495
1492,25.48990325,51.45513512,11.5,1.492,1492.0,94.98335231994736,-1.980198019801982,straight,-1,inf,inf,False,20.70000000000029,10.420000000000147,10.280000000000149,1.1800000000004431
1493,25.48990247,51.45514503,11.5,1.493,1493.0,95.04691355284956,-1.967821782178216,straight,-1,inf,inf,False,20.70000000000029,10.420000000000147,10.280000000000149,1.1800000000004431
1494,25.48990168,51.45515494,11.4,1.494,1494.0,94.91977869890889,-1.9529702970297036,straight,-1,inf,inf,False,20.70000000000029,10.420000000000147,10.280000000000149,1.1800000000004431
1495,25.48990091,51.45516485,11.4,1.495,1495.0,94.79259524920815,-1.9381188118811863,straight,-1,inf,inf,False,20.70000000000029,10.420000000000147,10.280000000000149,1.1800000000004431
1496,25.48990016,51.45517476,11.4,1.496,1496.0,94.79259523354358,-1.9207920792079225,straight,-1,inf,inf,False,20.70000000000029,10.420000000000147,10.280000000000149,1.1800000000004431
1497,25.48989941,51.45518467,11.3,1.497,1497.0,94.8561928540824,-1.9009900990099027,straight,-1,inf,inf,False,19.50000000000028,10.220000000000145,9.280000000000133,0.2800000000004303
1498,25.48989865,51.45519458,11.3,1.498,1498.0,94.79259519689782,-1.8811881188118829,straight,-1,inf,inf,False,19.50000000000028,10.220000000000145,9.280000000000133,0.2800000000004303
1499,25.4898979,51.45520449,11.3,1.499,1499.0,94.79259510337727,-1.8613861386138675,straight,-1,inf,inf,False,19.50000000000028,10.220000000000145,9.280000000000133,0.2800000000004303
1500,25.48989715,51.4552144,11.2,1.5,1500.0,94.85619282387313,-1.8391089108910872,straight,-1,inf,inf,False,19.50000000000028,10.220000000000145,9.280000000000133,0.2800000000004303
1501,25.48989639,51.45522431,11.2,1.501,1501.0,94.85619277308388,-1.8143564356435649,straight,-1,inf,inf,False,19.50000000000028,10.220000000000145,9.280000000000133,0.2800000000004303
1502,25.48989563,51.45523422,11.2,1.502,1502.0,94.79259499610549,-1.7896039603960423,straight,-1,inf,inf,False,18.40000000000026,10.120000000000145,8.280000000000118,-0.7199999999995841
1503,25.48989488,51.45524413,11.1,1.503,1503.0,94.85619270925667,-1.762376237623764,straight,-1,inf,inf,False,18.40000000000026,10.120000000000145,8.280000000000118,-0.7199999999995841
1504,25.48989412,51.45525404,11.1,1.504,1504.0,94.78778620117521,-1.7351485148514856,straight,-1,inf,inf,False,18.40000000000026,10.120000000000145,8.280000000000118,-0.7199999999995841
1505,25.48989337,51.45526396,11.1,1.505,1505.0,94.79259496708664,-1.7079207920792074,straight,-1,inf,inf,False,18.40000000000026,10.120000000000145,8.280000000000118,-0.7199999999995841
1506,25.48989262,51.45527387,11.0,1.506,1506.0,94.85619259814462,-1.6757425742574261,straight,-1,inf,inf,False,18.40000000000026,10.120000000000145,8.280000000000118,-0.7199999999995841
1507,25.48989186,51.45528378,11.0,1.507,1507.0,94.79259491021145,-1.6435643564356495,straight,-1,inf,inf,False,18.40000000000026,10.120000000000145,8.280000000000118,-0.7199999999995841
1508,25.48989111,51.45529369,11.0,1.508,1508.0,94.7925948338584,-1.6089108910891083,straight,-1,inf,inf,False,21.90000000000031,10.140000000000144,11.760000000000169,-1.7399999999995983
1509,25.48989036,51.4553036,11.0,1.509,1509.0,94.85619252748393,-1.5742574257425757,straight,-1,inf,inf,False,21.90000000000031,10.140000000000144,11.760000000000169,-1.7399999999995983
1510,25.4898896,51.45531351,11.0,1.51,1510.0,94.79259478004519,-1.5396039603960432,straight,-1,inf,inf,False,21.90000000000031,10.140000000000144,11.760000000000169,-1.7399999999995983
1511,25.48988885,51.45532342,11.0,1.511,1511.0,94.8561924869847,-1.4999999999999991,straight,-1,inf,inf,False,21.90000000000031,10.140000000000144,11.760000000000169,-1.7399999999995983
1512,25.48988809,51.45533333,11.0,1.512,1512.0,94.79259471704609,-1.460396039603964,straight,-1,inf,inf,False,21.90000000000031,10.140000000000144,11.760000000000169,-1.7399999999995983
1513,25.48988734,51.45534324,11.0,1.513,1513.0,94.79259470750543,-1.4207920792079198,straight,-1,inf,inf,False,21.1000000000003,10.110000000000143,10.990000000000157,-2.8099999999996137
1514,25.48988659,51.45535315,11.0,1.514,1514.0,94.787785882371,-1.3787128712871333,straight,-1,inf,inf,False,21.1000000000003,10.110000000000143,10.990000000000157,-2.8099999999996137
1515,25.48988584,51.45536307,11.0,1.515,1515.0,94.79259464490326,-1.3391089108910892,straight,-1,inf,inf,False,21.1000000000003,10.110000000000143,10.990000000000157,-2.8099999999996137
1516,25.48988509,51.45537298,11.0,1.516,1516.0,94.79259463842459,-1.2970297029703026,straight,-1,inf,inf,False,21.1000000000003,10.110000000000143,10.990000000000157,-2.8099999999996137
1517,25.48988434,51.45538289,11.0,1.517,1517.0,94.72898504884643,-1.2524752475247558,straight,-1,inf,inf,False,21.1000000000003,10.110000000000143,10.990000000000157,-2.8099999999996137
1518,25.4898836,51.4553928,11.0,1.518,1518.0,94.46993931096841,-1.207920792079209,straight,-1,inf,inf,False,20.30000000000029,10.220000000000145,10.080000000000144,-3.9199999999996296
1519,25.4898829,51.45540272,11.0,1.519,1519.0,94.41076512876651,-1.1633663366336666,straight,-1,inf,inf,False,20.30000000000029,10.220000000000145,10.080000000000144,-3.9199999999996296
1520,25.48988221,51.45541263,11.0,1.52,1520.0,94.46993929993278,-1.1163366336633684,straight,-1,inf,inf,False,20.30000000000029,10.220000000000145,10.080000000000144,-3.9199999999996296
1521,25.48988151,51.45542255,11.0,1.521,1521.0,94.47443148405375,-1.0693069306930703,straight,-1,inf,inf,False,20.30000000000029,10.220000000000145,10.080000000000144,-3.9199999999996296
1522,25.48988081,51.45543246,11.0,1.522,1522.0,94.4063362531997,-1.0173267326732693,straight,-1,inf,inf,False,20.000000000000284,9.75000000000014,10.250000000000144,-4.349999999999636
1523,25.48988012,51.45544238,11.0,1.523,1523.0,94.46993920513864,-0.9678217821782197,straight,-1,inf,inf,False,20.000000000000284,9.75000000000014,10.250000000000144,-4.349999999999636
1524,25.48987942,51.4554523,11.0,1.524,1524.0,94.47443142394258,-0.9183168316831701,straight,-1,inf,inf,False,20.000000000000284,9.75000000000014,10.250000000000144,-4.349999999999636
1525,25.48987872,51.45546221,11.0,1.525,1525.0,94.46993919658729,-0.8663366336633693,straight,-1,inf,inf,False,20.000000000000284,9.75000000000014,10.250000000000144,-4.349999999999636
1526,25.48987802,51.45547213,11.0,1.526,1526.0,94.47443135178202,-0.8168316831683153,straight,-1,inf,inf,False,20.000000000000284,9.75000000000014,10.250000000000144,-4.349999999999636
1527,25.48987732,51.45548204,11.0,1.527,1527.0,94.34272220357752,-0.7673267326732658,straight,-1,inf,inf,False,23.30000000000033,10.950000000000175,12.350000000000156,-4.649999999999659
1528,25.48987664,51.45549196,11.0,1.528,1528.0,94.34272220488174,-0.7153465346534649,straight,-1,inf,inf,False,23.30000000000033,10.950000000000175,12.350000000000156,-4.649999999999659
1529,25.48987596,51.45550188,11.0,1.529,1529.0,94.34272213716042,-0.6658415841584198,straight,-1,inf,inf,False,23.30000000000033,10.950000000000175,12.350000000000156,-4.649999999999659
1530,25.48987528,51.4555118,11.0,1.53,1530.0,94.28339942038406,-0.6163366336633658,straight,-1,inf,inf,False,23.30000000000033,10.950000000000175,12.350000000000156,-4.649999999999659
1531,25.48987461,51.45552171,11.0,1.531,1531.0,94.34272208856368,-0.5643564356435693,straight,-1,inf,inf,False,23.30000000000033,10.950000000000175,12.350000000000156,-4.649999999999659
1532,25.48987393,51.45553163,11.0,1.532,1532.0,94.0244948313005,-0.5148514851485153,straight,-1,inf,inf,False,21.400000000000304,10.905000000000197,10.49500000000011,-4.904999999999683
1533,25.4898733,51.45554155,11.0,1.533,1533.0,94.02449472926884,-0.4653465346534702,straight,-1,inf,inf,False,21.400000000000304,10.905000000000197,10.49500000000011,-4.904999999999683
1534,25.48987267,51.45555147,11.0,1.534,1534.0,94.08405772450766,-0.4158415841584162,straight,-1,inf,inf,False,21.400000000000304,10.905000000000197,10.49500000000011,-4.904999999999683
1535,25.48987203,51.4555614,11.0,1.535,1535.0,94.02449472738084,-0.3663366336633711,straight,-1,inf,inf,False,21.400000000000304,10.905000000000197,10.49500000000011,-4.904999999999683
1536,25.4898714,51.45557132,11.0,1.536,1536.0,94.02449470635281,-0.3193069306930685,straight,-1,inf,inf,False,21.400000000000304,10.905000000000197,10.49500000000011,-4.904999999999683
1537,25.48987077,51.45558124,11.0,1.537,1537.0,94.08816068184524,-0.2722772277227703,straight,-1,inf,inf,False,22.50000000000052,11.615000000000224,10.885000000000296,-5.114999999999705
1538,25.48987013,51.45559116,11.0,1.538,1538.0,94.08816065753518,-0.22772277227722793,straight,-1,inf,inf,False,22.50000000000052,11.615000000000224,10.885000000000296,-5.114999999999705
1539,25.48986949,51.45560108,11.0,1.539,1539.0,94.02449462492245,-0.1831683168316811,straight,-1,inf,inf,False,22.50000000000052,11.615000000000224,10.885000000000296,-5.114999999999705
1540,25.48986886,51.455611,11.0,1.54,1540.0,94.08816063472705,-0.14108910891089455,straight,-1,inf,inf,False,22.50000000000052,11.615000000000224,10.885000000000296,-5.114999999999705
1541,25.48986822,51.45562092,11.0,1.541,1541.0,94.2154620600761,-0.10148514851485492,straight,-1,inf,inf,False,22.50000000000052,11.615000000000224,10.885000000000296,-5.114999999999705
1542,25.48986756,51.45563084,11.0,1.542,1542.0,94.2154620721044,-0.06188118811881083,straight,-1,inf,inf,False,22.25000000000051,11.260000000000238,10.990000000000274,-5.259999999999726
1543,25.4898669,51.45564076,11.0,1.543,1543.0,94.21546201124818,-0.02475247524752255,straight,-1,inf,inf,False,22.25000000000051,11.260000000000238,10.990000000000274,-5.259999999999726
1544,25.48986624,51.45565068,11.0,1.544,1544.0,94.27909720542999,0.012376237623761275,straight,-1,inf,inf,False,22.25000000000051,11.260000000000238,10.990000000000274,-5.259999999999726
1545,25.48986557,51.4556606,11.0,1.545,1545.0,94.21546196476407,0.04950495049504955,straight,-1,inf,inf,False,22.25000000000051,11.260000000000238,10.990000000000274,-5.259999999999726
1546,25.48986491,51.45567052,11.0,1.546,1546.0,93.96081857804302,0.08168316831683065,straight,-1,inf,inf,False,22.25000000000051,11.260000000000238,10.990000000000274,-5.259999999999726
1547,25.48986429,51.45568044,11.0,1.547,1547.0,93.96081852222949,0.11633663366336755,straight,-1,inf,inf,False,21.7000000000005,10.820000000000247,10.880000000000251,-5.61999999999975
1548,25.48986367,51.45569036,11.0,1.548,1548.0,93.96081849679706,0.14851485148514865,straight,-1,inf,inf,False,21.7000000000005,10.820000000000247,10.880000000000251,-5.61999999999975
1549,25.48986305,51.45570028,11.0,1.549,1549.0,93.96081846123764,0.18069306930693418,straight,-1,inf,inf,False,21.7000000000005,10.820000000000247,10.880000000000251,-5.61999999999975
1550,25.48986243,51.4557102,11.0,1.55,1550.0,94.02045485710812,0.21287128712871084,straight,-1,inf,inf,False,21.7000000000005,10.820000000000247,10.880000000000251,-5.61999999999975
1551,25.4898618,51.45572013,11.0,1.551,1551.0,94.02449438592595,0.24009900990098917,straight,-1,inf,inf,False,21.7000000000005,10.820000000000247,10.880000000000251,-5.61999999999975
1552,25.48986117,51.45573005,11.0,1.552,1552.0,94.02449438514884,0.2698019801980234,straight,-1,inf,inf,False,21.35000000000049,10.605000000000246,10.745000000000246,-6.004999999999753
1553,25.48986054,51.45573997,11.0,1.553,1553.0,94.02449432361902,0.29950495049504866,straight,-1,inf,inf,False,21.35000000000049,10.605000000000246,10.745000000000246,-6.004999999999753
1554,25.48985991,51.45574989,11.0,1.554,1554.0,94.02449432026975,0.32673267326733146,straight,-1,inf,inf,False,21.35000000000049,10.605000000000246,10.745000000000246,-6.004999999999753
1555,25.48985928,51.45575981,11.0,1.555,1555.0,93.7659470144929,0.35643564356435675,straight,-1,inf,inf,False,21.35000000000049,10.605000000000246,10.745000000000246,-6.004999999999753
1556,25.48985869,51.45576974,11.0,1.556,1556.0,93.83343719439495,0.38366336633663956,straight,-1,inf,inf,False,21.35000000000049,10.605000000000246,10.745000000000246,-6.004999999999753
1557,25.48985809,51.45577966,11.0,1.557,1557.0,93.76973231138709,0.40841584158416205,straight,-1,inf,inf,False,21.000000000000483,10.36000000000024,10.640000000000244,-6.359999999999756
1558,25.4898575,51.45578958,11.0,1.558,1558.0,93.76594693622604,0.43564356435643603,straight,-1,inf,inf,False,21.000000000000483,10.36000000000024,10.640000000000244,-6.359999999999756
1559,25.48985691,51.45579951,11.0,1.559,1559.0,93.64229469497866,0.4628712871287144,straight,-1,inf,inf,False,21.000000000000483,10.36000000000024,10.640000000000244,-6.359999999999756
1560,25.48985634,51.45580943,11.0,1.56,1560.0,93.32020598377272,0.48762376237623695,straight,-1,inf,inf,False,21.000000000000483,10.36000000000024,10.640000000000244,-6.359999999999756
1561,25.48985582,51.45581936,11.0,1.561,1561.0,93.25649456632715,0.5148514851485153,straight,-1,inf,inf,False,21.000000000000483,10.36000000000024,10.640000000000244,-6.359999999999756
1562,25.48985531,51.45582929,11.0,1.562,1562.0,93.32020593299558,0.5371287128712865,straight,-1,inf,inf,False,21.15000000000048,10.58500000000024,10.56500000000024,-6.684999999999759
1563,25.48985479,51.45583922,11.0,1.563,1563.0,93.32020593892389,0.5594059405940621,straight,-1,inf,inf,False,21.15000000000048,10.58500000000024,10.56500000000024,-6.684999999999759
1564,25.48985427,51.45584915,11.0,1.564,1564.0,93.19277505927556,0.5841584158415847,straight,-1,inf,inf,False,21.15000000000048,10.58500000000024,10.56500000000024,-6.684999999999759
1565,25.48985377,51.45585908,11.0,1.565,1565.0,93.12904770068252,0.6064356435643603,straight,-1,inf,inf,False,21.15000000000048,10.58500000000024,10.56500000000024,-6.684999999999759
1566,25.48985328,51.45586901,11.1,1.566,1566.0,93.06531254570933,0.628712871287127,straight,-1,inf,inf,False,21.15000000000048,10.58500000000024,10.56500000000024,-6.684999999999759
1567,25.4898528,51.45587894,11.1,1.567,1567.0,93.12590598383815,0.653465346534654,straight,-1,inf,inf,False,21.20000000000048,10.730000000000242,10.470000000000235,-7.029999999999762
1568,25.48985231,51.45588888,11.1,1.568,1568.0,93.12904768101396,0.6757425742574252,straight,-1,inf,inf,False,21.20000000000048,10.730000000000242,10.470000000000235,-7.029999999999762
1569,25.48985182,51.45589881,11.1,1.569,1569.0,92.68274785691403,0.6980198019802009,straight,-1,inf,inf,False,21.20000000000048,10.730000000000242,10.470000000000235,-7.029999999999762
1570,25.4898514,51.45590874,11.1,1.57,1570.0,92.61633172588813,0.7227722772277234,straight,-1,inf,inf,False,21.20000000000048,10.730000000000242,10.470000000000235,-7.029999999999762
1571,25.48985099,51.45591868,11.2,1.571,1571.0,92.68274781812681,0.745049504950499,straight,-1,inf,inf,False,21.20000000000048,10.730000000000242,10.470000000000235,-7.029999999999762
1572,25.48985057,51.45592861,11.2,1.572,1572.0,92.68005282263124,0.7673267326732658,straight,-1,inf,inf,False,20.950000000000472,10.552222222222506,10.397777777777966,-7.352222222222034
1573,25.48985015,51.45593855,11.2,1.573,1573.0,92.4275695104705,0.7920792079207928,straight,-1,inf,inf,False,20.950000000000472,10.552222222222506,10.397777777777966,-7.352222222222034
1574,25.48984977,51.45594848,11.2,1.574,1574.0,92.10634300926512,0.8143564356435641,straight,-1,inf,inf,False,20.950000000000472,10.552222222222506,10.397777777777966,-7.352222222222034
1575,25.48984944,51.45595842,11.2,1.575,1575.0,92.1063430224225,0.8366336633663396,straight,-1,inf,inf,False,20.950000000000472,10.552222222222506,10.397777777777966,-7.352222222222034
1576,25.48984911,51.45596836,11.3,1.576,1576.0,92.10634301799053,0.8589108910891063,straight,-1,inf,inf,False,20.950000000000472,10.552222222222506,10.397777777777966,-7.352222222222034
1577,25.48984878,51.4559783,11.3,1.577,1577.0,92.10634294867009,0.8787128712871262,straight,-1,inf,inf,False,20.40000000000046,10.055416666666986,10.344583333333476,-7.655416666666525
1578,25.48984845,51.45598824,11.3,1.578,1578.0,91.85121830329376,0.9009900990098972,straight,-1,inf,inf,False,20.40000000000046,10.055416666666986,10.344583333333476,-7.655416666666525
1579,25.48984816,51.45599818,11.3,1.579,1579.0,91.72362781067272,0.9257425742574243,straight,-1,inf,inf,False,20.40000000000046,10.055416666666986,10.344583333333476,-7.655416666666525
1580,25.48984789,51.45600812,11.3,1.58,1580.0,91.72362776732137,0.9504950495049513,straight,-1,inf,inf,False,20.40000000000046,10.055416666666986,10.344583333333476,-7.655416666666525
1581,25.48984762,51.45601806,11.4,1.581,1581.0,91.72362778153837,0.9752475247524783,straight,-1,inf,inf,False,20.40000000000046,10.055416666666986,10.344583333333476,-7.655416666666525
1582,25.48984735,51.456028,11.4,1.582,1582.0,91.59441697920232,0.9975247524752451,straight,-1,inf,inf,False,20.22222222222222,9.92958333333324,10.292638888888982,-7.929583333333239
1583,25.4898471,51.45603795,11.4,1.583,1583.0,91.14927704502998,1.0198019801980207,straight,-1,inf,inf,False,20.22222222222222,9.92958333333324,10.292638888888982,-7.929583333333239
1584,25.48984692,51.45604789,11.4,1.584,1584.0,91.08544393705245,1.042079207920792,straight,-1,inf,inf,False,20.22222222222222,9.92958333333324,10.292638888888982,-7.929583333333239
1585,25.48984675,51.45605783,11.4,1.585,1585.0,91.1481223391541,1.064356435643563,straight,-1,inf,inf,False,20.22222222222222,9.92958333333324,10.292638888888982,-7.929583333333239
1586,25.48984657,51.45606778,11.5,1.586,1586.0,91.08544393319755,1.0866336633663343,straight,-1,inf,inf,False,20.22222222222222,9.92958333333324,10.292638888888982,-7.929583333333239
1587,25.4898464,51.45607772,11.5,1.587,1587.0,90.8930307385018,1.1064356435643585,straight,-1,inf,inf,False,20.506944444444443,10.207222222222176,10.299722222222266,-8.144722222222176
1588,25.48984626,51.45608767,11.5,1.588,1588.0,90.7662410791857,1.126237623762374,straight,-1,inf,inf,False,20.506944444444443,10.207222222222176,10.299722222222266,-8.144722222222176
1589,25.48984614,51.45609761,11.5,1.589,1589.0,90.76547109827794,1.1460396039603937,straight,-1,inf,inf,False,20.506944444444443,10.207222222222176,10.299722222222266,-8.144722222222176
1590,25.48984602,51.45610756,11.5,1.59,1590.0,90.70239415646114,1.165841584158418,straight,-1,inf,inf,False,20.506944444444443,10.207222222222176,10.299722222222266,-8.144722222222176
1591,25.48984591,51.4561175,11.5,1.591,1591.0,90.76547105624081,1.1856435643564378,straight,-1,inf,inf,False,20.506944444444443,10.207222222222176,10.299722222222266,-8.144722222222176
1592,25.48984579,51.45612745,11.6,1.592,1592.0,90.19156934115028,1.2029702970297018,straight,-1,inf,inf,False,20.791666666666668,10.395833333333332,10.395833333333336,-8.270833333333332
1593,25.48984576,51.45613739,11.6,1.593,1593.0,90.19137683080334,1.2202970297029703,straight,-1,inf,inf,False,20.791666666666668,10.395833333333332,10.395833333333336,-8.270833333333332
1594,25.48984573,51.45614734,11.6,1.594,1594.0,90.19156936148721,1.2376237623762343,straight,-1,inf,inf,False,20.791666666666668,10.395833333333332,10.395833333333336,-8.270833333333332
1595,25.4898457,51.45615728,11.6,1.595,1595.0,90.19137685099736,1.2524752475247514,straight,-1,inf,inf,False,20.791666666666668,10.395833333333332,10.395833333333336,-8.270833333333332
1596,25.48984567,51.45616723,11.6,1.596,1596.0,89.93614047770302,1.267326732673264,straight,-1,inf,inf,False,20.791666666666668,10.395833333333332,10.395833333333336,-8.270833333333332
1597,25.48984568,51.45617717,11.6,1.597,1597.0,89.42587798578825,1.2797029702970253,straight,-1,inf,inf,False,21.07638888888889,10.538194444444446,10.538194444444445,-8.350694444444446
1598,25.48984577,51.45618712,11.6,1.598,1598.0,89.48915209465474,1.2896039603960396,straight,-1,inf,inf,False,21.07638888888889,10.538194444444446,10.538194444444445,-8.350694444444446
1599,25.48984585,51.45619706,11.6,1.599,1599.0,89.42587798460914,1.2995049504950495,straight,-1,inf,inf,False,21.07638888888889,10.538194444444446,10.538194444444445,-8.350694444444446
1600,25.48984594,51.45620701,11.6,1.6,1600.0,89.42530045523762,1.309405940594064,straight,-1,inf,inf,False,21.07638888888889,10.538194444444446,10.538194444444445,-8.350694444444446
1601,25.48984603,51.45621695,11.6,1.601,1601.0,89.1069649212074,1.316831683168318,straight,-1,inf,inf,False,21.07638888888889,10.538194444444446,10.538194444444445,-8.350694444444446
1602,25.48984617,51.4562269,11.6,1.602,1602.0,88.85071861578558,1.3217821782178252,straight,-1,inf,inf,False,21.36111111111111,10.680555555555554,10.680555555555555,-8.430555555555554
1603,25.48984635,51.45623684,11.6,1.603,1603.0,88.85187338180191,1.326732673267328,straight,-1,inf,inf,False,21.36111111111111,10.680555555555554,10.680555555555555,-8.430555555555554
1604,25.48984653,51.45624679,11.6,1.604,1604.0,88.85071863191052,1.3292079207920837,straight,-1,inf,inf,False,21.36111111111111,10.680555555555554,10.680555555555555,-8.430555555555554
1605,25.48984671,51.45625673,11.6,1.605,1605.0,88.85071863092492,1.3316831683168306,straight,-1,inf,inf,False,21.36111111111111,10.680555555555554,10.680555555555555,-8.430555555555554
1606,25.48984689,51.45626667,11.6,1.606,1606.0,88.53307410925356,1.3341584158415865,straight,-1,inf,inf,False,21.36111111111111,10.680555555555554,10.680555555555555,-8.430555555555554
1607,25.48984712,51.45627662,11.6,1.607,1607.0,88.59541625271322,1.331683168316835,straight,-1,inf,inf,False,21.64583333333333,10.822916666666668,10.822916666666664,-8.510416666666668
1608,25.48984734,51.45628656,11.5,1.608,1608.0,88.53159900942251,1.3292079207920793,straight,-1,inf,inf,False,21.64583333333333,10.822916666666668,10.822916666666664,-8.510416666666668
1609,25.48984757,51.4562965,11.5,1.609,1609.0,88.5315989872559,1.326732673267328,straight,-1,inf,inf,False,21.64583333333333,10.822916666666668,10.822916666666664,-8.510416666666668
1610,25.4898478,51.45630644,11.5,1.61,1610.0,88.40397551388435,1.3217821782178252,straight,-1,inf,inf,False,21.64583333333333,10.822916666666668,10.822916666666664,-8.510416666666668
1611,25.48984805,51.45631638,11.5,1.611,1611.0,87.76612105683012,1.3168316831683136,straight,-1,inf,inf,False,21.64583333333333,10.822916666666668,10.822916666666664,-8.510416666666668
1612,25.4898484,51.45632632,11.5,1.612,1612.0,87.76612104890273,1.309405940594064,straight,-1,inf,inf,False,21.93055555555556,10.965277777777777,10.96527777777778,-8.590277777777777
1613,25.48984875,51.45633626,11.5,1.613,1613.0,87.76612104097535,1.299504950495054,straight,-1,inf,inf,False,21.93055555555556,10.965277777777777,10.96527777777778,-8.590277777777777
1614,25.4898491,51.4563462,11.5,1.614,1614.0,87.82988419520575,1.2896039603960396,straight,-1,inf,inf,False,21.93055555555556,10.965277777777777,10.96527777777778,-8.590277777777777
1615,25.48984944,51.45635614,11.5,1.615,1615.0,87.57486549471975,1.282178217821781,straight,-1,inf,inf,False,21.93055555555556,10.965277777777777,10.96527777777778,-8.590277777777777
1616,25.48984982,51.45636608,11.5,1.616,1616.0,87.44482436462499,1.274752475247527,straight,-1,inf,inf,False,21.93055555555556,10.965277777777777,10.96527777777778,-8.590277777777777
1617,25.48985022,51.45637601,11.6,1.617,1617.0,87.51112542282146,1.264851485148517,straight,-1,inf,inf,False,22.21527777777778,11.38166666666661,10.833611111111168,-8.94416666666661
1618,25.48985061,51.45638595,11.6,1.618,1618.0,87.44482436977546,1.2549504950495116,straight,-1,inf,inf,False,22.21527777777778,11.38166666666661,10.833611111111168,-8.94416666666661
1619,25.48985101,51.45639588,11.6,1.619,1619.0,87.44739151515773,1.242574257425746,straight,-1,inf,inf,False,22.21527777777778,11.38166666666661,10.833611111111168,-8.94416666666661
1620,25.48985141,51.45640582,11.6,1.62,1620.0,86.93468319995623,1.2301980198019802,straight,-1,inf,inf,False,22.21527777777778,11.38166666666661,10.833611111111168,-8.94416666666661
1621,25.48985189,51.45641575,11.6,1.621,1621.0,86.87094804971878,1.217821782178219,straight,-1,inf,inf,False,22.21527777777778,11.38166666666661,10.833611111111168,-8.94416666666661
1622,25.48985238,51.45642568,11.7,1.622,1622.0,86.80722068377725,1.2103960396039648,straight,-1,inf,inf,False,22.5,11.69208333333322,10.80791666666678,-9.19208333333322
1623,25.48985288,51.45643561,11.7,1.623,1623.0,86.80722069282984,1.200495049504955,straight,-1,inf,inf,False,22.5,11.69208333333322,10.80791666666678,-9.19208333333322
1624,25.48985338,51.45644554,11.7,1.624,1624.0,86.80722067957379,1.190594059405945,straight,-1,inf,inf,False,22.5,11.69208333333322,10.80791666666678,-9.19208333333322
1625,25.48985388,51.45645547,11.8,1.625,1625.0,86.29769950842302,1.1806930693069306,straight,-1,inf,inf,False,22.5,11.69208333333322,10.80791666666678,-9.19208333333322
1626,25.48985446,51.4564654,11.8,1.626,1626.0,86.23026349212279,1.1707920792079252,straight,-1,inf,inf,False,22.5,11.69208333333322,10.80791666666678,-9.19208333333322
1627,25.48985505,51.45647532,11.8,1.627,1627.0,86.23404887027522,1.1608910891089064,straight,-1,inf,inf,False,16.800000000000242,7.604027777778006,9.195972222222236,-9.404027777777603
1628,25.48985564,51.45648525,11.9,1.628,1628.0,86.29397763116435,1.1534653465346567,straight,-1,inf,inf,False,16.800000000000242,7.604027777778006,9.195972222222236,-9.404027777777603
1629,25.48985622,51.45649517,11.9,1.629,1629.0,86.03917745133884,1.1460396039603937,straight,-1,inf,inf,False,16.800000000000242,7.604027777778006,9.195972222222236,-9.404027777777603
1630,25.48985684,51.45650509,11.9,1.63,1630.0,85.46646536814404,1.1386138613861352,straight,-1,inf,inf,False,16.800000000000242,7.604027777778006,9.195972222222236,-9.404027777777603
1631,25.48985755,51.45651501,12.0,1.631,1631.0,85.52556508308032,1.1311881188118766,straight,-1,inf,inf,False,16.800000000000242,7.604027777778006,9.195972222222236,-9.404027777777603
1632,25.48985825,51.45652492,12.0,1.632,1632.0,85.46646533539956,1.1237623762376225,straight,-1,inf,inf,False,17.500000000000252,8.410000000000181,9.090000000000073,-9.40999999999977
1633,25.48985896,51.45653484,12.0,1.633,1633.0,85.52556500768856,1.1163366336633596,straight,-1,inf,inf,False,17.500000000000252,8.410000000000181,9.090000000000073,-9.40999999999977
1634,25.48985966,51.45654475,12.1,1.634,1634.0,85.33931506967275,1.1113861386138613,straight,-1,inf,inf,False,17.500000000000252,8.410000000000181,9.090000000000073,-9.40999999999977
1635,25.48986039,51.45655467,12.1,1.635,1635.0,85.14380436303804,1.1064356435643496,straight,-1,inf,inf,False,17.500000000000252,8.410000000000181,9.090000000000073,-9.40999999999977
1636,25.48986115,51.45656458,12.1,1.636,1636.0,85.14380433867893,1.1014851485148514,straight,-1,inf,inf,False,17.500000000000252,8.410000000000181,9.090000000000073,-9.40999999999977
1637,25.48986191,51.45657449,12.2,1.637,1637.0,85.20740199416787,1.0990099009900955,straight,-1,inf,inf,False,16.700000000000237,8.280000000000118,8.420000000000119,-9.57999999999971
1638,25.48986266,51.4565844,12.2,1.638,1638.0,85.14380427485179,1.0965346534653397,straight,-1,inf,inf,False,16.700000000000237,8.280000000000118,8.420000000000119,-9.57999999999971
1639,25.48986342,51.45659431,12.2,1.639,1639.0,84.63008031689026,1.0965346534653397,straight,-1,inf,inf,False,16.700000000000237,8.280000000000118,8.420000000000119,-9.57999999999971
1640,25.48986426,51.45660421,12.3,1.64,1640.0,84.3759723961378,1.0965346534653397,straight,-1,inf,inf,False,16.700000000000237,8.280000000000118,8.420000000000119,-9.57999999999971
1641,25.48986514,51.45661411,12.3,1.641,1641.0,84.37597233502356,1.0965346534653397,straight,-1,inf,inf,False,16.700000000000237,8.280000000000118,8.420000000000119,-9.57999999999971
1642,25.48986602,51.45662401,12.3,1.642,1642.0,84.3759722976962,1.099009900990091,straight,-1,inf,inf,False,17.800000000000253,9.670000000000138,8.130000000000114,-9.46999999999971
1643,25.4898669,51.45663391,12.4,1.643,1643.0,84.4394788319695,1.101485148514847,straight,-1,inf,inf,False,17.800000000000253,9.670000000000138,8.130000000000114,-9.46999999999971
1644,25.48986777,51.45664381,12.4,1.644,1644.0,84.30676647778529,1.1039603960395983,straight,-1,inf,inf,False,17.800000000000253,9.670000000000138,8.130000000000114,-9.46999999999971
1645,25.48986866,51.4566537,12.4,1.645,1645.0,84.31247947568784,1.1064356435643496,straight,-1,inf,inf,False,17.800000000000253,9.670000000000138,8.130000000000114,-9.46999999999971
1646,25.48986955,51.4566636,12.4,1.646,1646.0,84.31247943747445,1.108910891089101,straight,-1,inf,inf,False,17.800000000000253,9.670000000000138,8.130000000000114,-9.46999999999971
1647,25.48987044,51.4566735,12.4,1.647,1647.0,84.31247939563053,1.1138613861386037,straight,-1,inf,inf,False,16.600000000000236,8.100000000000115,8.50000000000012,-9.399999999999707
1648,25.48987133,51.4566834,12.4,1.648,1648.0,84.17969730847983,1.116336633663364,straight,-1,inf,inf,False,16.600000000000236,8.100000000000115,8.50000000000012,-9.399999999999707
1649,25.48987224,51.45669329,12.5,1.649,1649.0,83.7354158984619,1.118811881188111,straight,-1,inf,inf,False,16.600000000000236,8.100000000000115,8.50000000000012,-9.399999999999707
1650,25.48987322,51.45670318,12.5,1.65,1650.0,83.72912566800119,1.1212871287128667,straight,-1,inf,inf,False,16.600000000000236,8.100000000000115,8.50000000000012,-9.399999999999707
1651,25.4898742,51.45671306,12.5,1.651,1651.0,83.67200744461525,1.123762376237618,straight,-1,inf,inf,False,16.600000000000236,8.100000000000115,8.50000000000012,-9.399999999999707
1652,25.48987519,51.45672295,12.4,1.652,1652.0,83.7354157297354,1.1287128712871253,straight,-1,inf,inf,False,16.10000000000023,7.810000000000112,8.290000000000116,-9.409999999999709
1653,25.48987617,51.45673284,12.4,1.653,1653.0,83.60219918236061,1.1311881188118722,straight,-1,inf,inf,False,16.10000000000023,7.810000000000112,8.290000000000116,-9.409999999999709
1654,25.48987717,51.45674272,12.4,1.654,1654.0,83.47533584071749,1.133663366336628,straight,-1,inf,inf,False,16.10000000000023,7.810000000000112,8.290000000000116,-9.409999999999709
1655,25.48987819,51.4567526,12.4,1.655,1655.0,83.41192817517071,1.1336633663366324,straight,-1,inf,inf,False,16.10000000000023,7.810000000000112,8.290000000000116,-9.409999999999709
1656,25.48987922,51.45676248,12.4,1.656,1656.0,83.4818761428321,1.1311881188118766,straight,-1,inf,inf,False,16.10000000000023,7.810000000000112,8.290000000000116,-9.409999999999709
1657,25.48988024,51.45677237,12.4,1.657,1657.0,83.41192802765403,1.1311881188118722,straight,-1,inf,inf,False,16.000000000000227,8.100000000000117,7.9000000000001105,-9.49999999999971
1658,25.48988127,51.45678225,12.4,1.658,1658.0,83.41192796748203,1.1311881188118766,straight,-1,inf,inf,False,16.000000000000227,8.100000000000117,7.9000000000001105,-9.49999999999971
1659,25.4898823,51.45679213,12.4,1.659,1659.0,83.28516142059095,1.1287128712871253,straight,-1,inf,inf,False,16.000000000000227,8.100000000000117,7.9000000000001105,-9.49999999999971
1660,25.48988335,51.45680201,12.4,1.66,1660.0,83.27842027347788,1.126237623762374,straight,-1,inf,inf,False,16.000000000000227,8.100000000000117,7.9000000000001105,-9.49999999999971
1661,25.4898844,51.45681188,12.4,1.661,1661.0,83.34853637627668,1.1237623762376225,straight,-1,inf,inf,False,16.000000000000227,8.100000000000117,7.9000000000001105,-9.49999999999971
1662,25.48988544,51.45682176,12.4,1.662,1662.0,83.28516122659369,1.1163366336633596,straight,-1,inf,inf,False,15.200000000000216,7.310000000000105,7.890000000000111,-9.409999999999709
1663,25.48988649,51.45683164,12.4,1.663,1663.0,83.2851611281531,1.108910891089101,straight,-1,inf,inf,False,15.200000000000216,7.310000000000105,7.890000000000111,-9.409999999999709
1664,25.48988754,51.45684152,12.4,1.664,1664.0,83.22180255899332,1.101485148514847,straight,-1,inf,inf,False,15.200000000000216,7.310000000000105,7.890000000000111,-9.409999999999709
1665,25.4898886,51.4568514,12.4,1.665,1665.0,83.28516105164329,1.08910891089109,straight,-1,inf,inf,False,15.200000000000216,7.310000000000105,7.890000000000111,-9.409999999999709
1666,25.48988965,51.45686128,12.4,1.666,1666.0,83.21499891297242,1.07673267326732,straight,-1,inf,inf,False,15.200000000000216,7.310000000000105,7.890000000000111,-9.409999999999709
1667,25.48989071,51.45687115,12.4,1.667,1667.0,83.28516093482517,1.0618811881188162,straight,-1,inf,inf,False,15.700000000000225,7.990000000000112,7.710000000000111,-9.289999999999704
1668,25.48989176,51.45688103,12.4,1.668,1668.0,83.1584603396301,1.0420792079207875,straight,-1,inf,inf,False,15.700000000000225,7.990000000000112,7.710000000000111,-9.289999999999704
1669,25.48989283,51.45689091,12.4,1.669,1669.0,83.08820698305897,1.0198019801980251,straight,-1,inf,inf,False,15.700000000000225,7.990000000000112,7.710000000000111,-9.289999999999704
1670,25.48989391,51.45690078,12.4,1.67,1670.0,83.15846023853743,0.9950495049505025,straight,-1,inf,inf,False,15.700000000000225,7.990000000000112,7.710000000000111,-9.289999999999704
1671,25.48989498,51.45691066,12.4,1.671,1671.0,83.08820686060187,0.9678217821782242,straight,-1,inf,inf,False,15.700000000000225,7.790000000000109,7.910000000000114,-9.0899999999997
1672,25.48989606,51.45692053,12.4,1.672,1672.0,83.15846011730116,0.93811881188119,straight,-1,inf,inf,False,15.700000000000225,7.790000000000109,7.910000000000114,-9.0899999999997
1673,25.48989713,51.45693041,12.4,1.673,1673.0,83.02483628507935,0.9084158415841602,straight,-1,inf,inf,False,15.700000000000225,7.790000000000109,7.910000000000114,-9.0899999999997
1674,25.48989822,51.45694028,12.4,1.674,1674.0,82.9614828828258,0.8712871287128721,straight,-1,inf,inf,False,15.700000000000225,7.790000000000109,7.910000000000114,-9.0899999999997
1675,25.48989932,51.45695015,12.4,1.675,1675.0,83.02483612336886,0.8316831683168324,straight,-1,inf,inf,False,15.700000000000225,7.790000000000109,7.910000000000114,-9.0899999999997
1676,25.48990041,51.45696002,12.4,1.676,1676.0,83.03182656106162,0.7920792079207928,straight,-1,inf,inf,False,15.50000000000022,7.430000000000104,8.070000000000116,-8.729999999999697
1677,25.4899015,51.4569699,12.4,1.677,1677.0,83.0248359980871,0.7500000000000018,straight,-1,inf,inf,False,15.50000000000022,7.430000000000104,8.070000000000116,-8.729999999999697
1678,25.48990259,51.45697977,12.4,1.678,1678.0,83.02483600035515,0.7054455445544638,straight,-1,inf,inf,False,15.50000000000022,7.430000000000104,8.070000000000116,-8.729999999999697
1679,25.48990368,51.45698964,12.4,1.679,1679.0,83.02483591311056,0.6584158415841657,straight,-1,inf,inf,False,15.50000000000022,7.430000000000104,8.070000000000116,-8.729999999999697
1680,25.48990477,51.45699951,12.4,1.68,1680.0,83.03182629061138,0.6064356435643603,straight,-1,inf,inf,False,15.50000000000022,7.430000000000104,8.070000000000116,-8.729999999999697
1681,25.48990586,51.45700939,12.4,1.681,1681.0,83.0248357430724,0.551980198019808,straight,-1,inf,inf,False,15.50000000000022,7.430000000000104,8.070000000000116,-8.729999999999697
1682,25.48990695,51.45701926,12.4,1.682,1682.0,82.96148241695312,0.49504950495049993,straight,-1,inf,inf,False,16.80000000000024,8.750000000000124,8.050000000000114,-8.749999999999698
1683,25.48990805,51.45702913,12.4,1.683,1683.0,82.89814629739533,0.44059405940594326,straight,-1,inf,inf,False,16.80000000000024,8.750000000000124,8.050000000000114,-8.749999999999698
1684,25.48990916,51.457039,12.4,1.684,1684.0,82.83482761709126,0.38366336633663956,straight,-1,inf,inf,False,16.80000000000024,8.750000000000124,8.050000000000114,-8.749999999999698
1685,25.48991028,51.45704887,12.5,1.685,1685.0,82.8348275510092,0.3242574257425801,straight,-1,inf,inf,False,16.80000000000024,8.750000000000124,8.050000000000114,-8.749999999999698
1686,25.4899114,51.45705874,12.5,1.686,1686.0,82.8348275251991,0.26237623762376483,straight,-1,inf,inf,False,16.80000000000024,8.750000000000124,8.050000000000114,-8.749999999999698
1687,25.48991252,51.45706861,12.5,1.687,1687.0,82.83482741884495,0.200495049504954,straight,-1,inf,inf,False,17.400000000000247,9.470000000000136,7.930000000000112,-8.669999999999698
1688,25.48991364,51.45707848,12.5,1.688,1688.0,82.76427297395566,0.13861386138613874,straight,-1,inf,inf,False,17.400000000000247,9.470000000000136,7.930000000000112,-8.669999999999698
1689,25.48991477,51.45708834,12.5,1.689,1689.0,82.77152631199272,0.07673267326733235,straight,-1,inf,inf,False,17.400000000000247,9.470000000000136,7.930000000000112,-8.669999999999698
1690,25.4899159,51.45709821,12.5,1.69,1690.0,82.77152624935343,0.012376237623765718,straight,-1,inf,inf,False,17.400000000000247,9.470000000000136,7.930000000000112,-8.669999999999698
1691,25.48991703,51.45710808,12.5,1.691,1691.0,82.77152616197435,-0.05445544554454785,straight,-1,inf,inf,False,17.400000000000247,9.470000000000136,7.930000000000112,-8.669999999999698
1692,25.48991816,51.45711795,12.6,1.692,1692.0,82.83482712634634,-0.12128712871287028,straight,-1,inf,inf,False,15.700000000000225,7.270000000000104,8.430000000000119,-8.669999999999698
1693,25.48991928,51.45712782,12.6,1.693,1693.0,82.89814562492711,-0.18564356435643248,straight,-1,inf,inf,False,15.700000000000225,7.270000000000104,8.430000000000119,-8.669999999999698
1694,25.48992039,51.45713769,12.6,1.694,1694.0,82.8348270350441,-0.25247524752474604,straight,-1,inf,inf,False,15.700000000000225,7.270000000000104,8.430000000000119,-8.669999999999698
1695,25.48992151,51.45714756,12.6,1.695,1695.0,82.89814546981961,-0.3193069306930685,straight,-1,inf,inf,False,15.700000000000225,7.270000000000104,8.430000000000119,-8.669999999999698
1696,25.48992262,51.45715743,12.6,1.696,1696.0,82.82763561425065,-0.38613861386138204,straight,-1,inf,inf,False,15.700000000000225,7.270000000000104,8.430000000000119,-8.669999999999698
1697,25.48992374,51.45716729,12.6,1.697,1697.0,82.83482679711562,-0.45297029702969555,straight,-1,inf,inf,False,16.700000000000237,8.410000000000121,8.290000000000116,-8.8099999999997
1698,25.48992486,51.45717716,12.7,1.698,1698.0,82.70824241193856,-0.519801980198018,straight,-1,inf,inf,False,16.700000000000237,8.410000000000121,8.290000000000116,-8.8099999999997
1699,25.489926,51.45718703,12.7,1.699,1699.0,82.7715256281507,-0.5866336633663316,straight,-1,inf,inf,False,16.700000000000237,8.410000000000121,8.290000000000116,-8.8099999999997
1700,25.48992713,51.4571969,12.7,1.7,1700.0,82.70092676102183,-0.6534653465346496,straight,-1,inf,inf,False,16.700000000000237,8.410000000000121,8.290000000000116,-8.8099999999997
1701,25.48992827,51.45720676,12.7,1.701,1701.0,82.70824223203755,-0.720297029702972,straight,-1,inf,inf,False,16.700000000000237,8.410000000000121,8.290000000000116,-8.8099999999997
1702,25.48992941,51.45721663,12.7,1.702,1702.0,82.63759912908114,-0.7871287128712813,straight,-1,inf,inf,False,16.30000000000023,8.200000000000118,8.100000000000113,-9.099999999999705
1703,25.48993056,51.45722649,12.7,1.703,1703.0,82.51850015304507,-0.8514851485148522,straight,-1,inf,inf,False,16.30000000000023,8.200000000000118,8.100000000000113,-9.099999999999705
1704,25.48993173,51.45723636,12.8,1.704,1704.0,82.5742896153659,-0.9183168316831658,straight,-1,inf,inf,False,16.30000000000023,8.200000000000118,8.100000000000113,-9.099999999999705
1705,25.48993289,51.45724622,12.8,1.705,1705.0,82.51099833986024,-0.9801980198019811,straight,-1,inf,inf,False,16.30000000000023,8.200000000000118,8.100000000000113,-9.099999999999705
1706,25.48993406,51.45725608,12.8,1.706,1706.0,82.57428947300298,-1.0420792079207875,straight,-1,inf,inf,False,15.800000000000225,7.700000000000109,8.100000000000115,-8.8999999999997
1707,25.48993522,51.45726594,12.8,1.707,1707.0,82.58172907950268,-1.1039603960396027,straight,-1,inf,inf,False,15.800000000000225,7.700000000000109,8.100000000000115,-8.8999999999997
1708,25.48993638,51.45727581,12.8,1.708,1708.0,82.57428930638088,-1.1633663366336577,straight,-1,inf,inf,False,15.800000000000225,7.700000000000109,8.100000000000115,-8.8999999999997
1709,25.48993754,51.45728567,12.8,1.709,1709.0,82.63759864117714,-1.222772277227726,straight,-1,inf,inf,False,15.800000000000225,7.700000000000109,8.100000000000115,-8.8999999999997
1710,25.48993869,51.45729553,12.8,1.71,1710.0,82.5817288274668,-1.2797029702970342,straight,-1,inf,inf,False,15.800000000000225,7.700000000000109,8.100000000000115,-8.8999999999997
1711,25.48993985,51.4573054,12.8,1.711,1711.0,82.57428911923415,-1.3341584158415865,straight,-1,inf,inf,False,15.800000000000225,7.700000000000109,8.100000000000115,-8.8999999999997
1712,25.48994101,51.45731526,12.8,1.712,1712.0,82.44772508736548,-1.3886138613861343,straight,-1,inf,inf,False,14.900000000000212,7.000000000000101,7.9000000000001105,-8.899999999999702
1713,25.48994219,51.45732512,12.8,1.713,1713.0,82.32123516083175,-1.4430693069306866,straight,-1,inf,inf,False,14.900000000000212,7.000000000000101,7.9000000000001105,-8.899999999999702
1714,25.48994339,51.45733498,12.8,1.714,1714.0,82.38447068822569,-1.495049504950492,straight,-1,inf,inf,False,14.900000000000212,7.000000000000101,7.9000000000001105,-8.899999999999702
1715,25.48994458,51.45734484,12.8,1.715,1715.0,82.38447059844157,-1.544554455445537,straight,-1,inf,inf,False,14.900000000000212,7.000000000000101,7.9000000000001105,-8.899999999999702
1716,25.48994577,51.4573547,12.8,1.716,1716.0,82.31353240568285,-1.5965346534653424,straight,-1,inf,inf,False,17.50000000000025,9.170000000000131,8.330000000000117,-8.669999999999698
1717,25.48994697,51.45736455,12.8,1.717,1717.0,82.32123481883752,-1.6485148514851433,straight,-1,inf,inf,False,17.50000000000025,9.170000000000131,8.330000000000117,-8.669999999999698
1718,25.48994817,51.45737441,12.8,1.718,1718.0,82.32123480340636,-1.6980198019802015,straight,-1,inf,inf,False,17.50000000000025,9.170000000000131,8.330000000000117,-8.669999999999698
1719,25.48994937,51.45738427,12.8,1.719,1719.0,82.32123470753737,-1.749999999999998,straight,-1,inf,inf,False,17.50000000000025,9.170000000000131,8.330000000000117,-8.669999999999698
1720,25.48995057,51.45739413,12.8,1.72,1720.0,82.31353208712358,-1.7970297029702966,straight,-1,inf,inf,False,17.50000000000025,9.170000000000131,8.330000000000117,-8.669999999999698
1721,25.48995177,51.45740398,12.8,1.721,1721.0,82.32123455601834,-1.8415841584158432,straight,-1,inf,inf,False,18.500000000000263,8.980000000000128,9.520000000000136,-8.479999999999695
1722,25.48995297,51.45741384,12.8,1.722,1722.0,82.38447008341916,-1.8861386138613858,straight,-1,inf,inf,False,18.500000000000263,8.980000000000128,9.520000000000136,-8.479999999999695
1723,25.48995416,51.4574237,12.8,1.723,1723.0,82.38446999363498,-1.9356435643564354,straight,-1,inf,inf,False,18.500000000000263,8.980000000000128,9.520000000000136,-8.479999999999695
1724,25.48995535,51.45743356,12.8,1.724,1724.0,82.38446991911076,-1.9826732673267333,straight,-1,inf,inf,False,18.500000000000263,8.980000000000128,9.520000000000136,-8.479999999999695
1725,25.48995654,51.45744342,12.8,1.725,1725.0,82.38446986955734,-2.0272277227722757,straight,-1,inf,inf,False,18.500000000000263,8.980000000000128,9.520000000000136,-8.479999999999695
1726,25.48995773,51.45745328,12.8,1.726,1726.0,82.38446979017766,-2.071782178217818,straight,-1,inf,inf,False,18.40000000000026,9.370000000000132,9.030000000000127,-8.069999999999688
1727,25.48995892,51.45746314,12.8,1.727,1727.0,82.31353155454286,-2.116336633663365,straight,-1,inf,inf,False,18.40000000000026,9.370000000000132,9.030000000000127,-8.069999999999688
1728,25.48996012,51.45747299,12.8,1.728,1728.0,82.25801721110719,-2.158415841584156,straight,-1,inf,inf,False,18.40000000000026,9.370000000000132,9.030000000000127,-8.069999999999688
1729,25.48996133,51.45748285,12.8,1.729,1729.0,82.32123395246725,-2.2029702970296983,straight,-1,inf,inf,False,18.40000000000026,9.370000000000132,9.030000000000127,-8.069999999999688
1730,25.48996253,51.45749271,12.8,1.73,1730.0,82.31353133131427,-2.247524752475245,straight,-1,inf,inf,False,18.40000000000026,9.370000000000132,9.030000000000127,-8.069999999999688
1731,25.48996373,51.45750256,12.8,1.731,1731.0,82.32123380094811,-2.2896039603960405,straight,-1,inf,inf,False,18.40000000000026,9.370000000000132,9.030000000000127,-8.069999999999688
1732,25.48996493,51.45751242,12.8,1.732,1732.0,82.25801692510186,-2.331683168316827,straight,-1,inf,inf,False,18.90000000000027,9.250000000000131,9.650000000000135,-7.949999999999687
1733,25.48996614,51.45752228,12.7,1.733,1733.0,82.2502524320393,-2.3737623762376225,straight,-1,inf,inf,False,18.90000000000027,9.250000000000131,9.650000000000135,-7.949999999999687
1734,25.48996735,51.45753213,12.7,1.734,1734.0,82.25801679613045,-2.415841584158418,straight,-1,inf,inf,False,18.90000000000027,9.250000000000131,9.650000000000135,-7.949999999999687
1735,25.48996856,51.45754199,12.6,1.735,1735.0,82.25025229800275,-2.4603960396039604,straight,-1,inf,inf,False,18.90000000000027,9.250000000000131,9.650000000000135,-7.949999999999687
1736,25.48996977,51.45755184,12.6,1.736,1736.0,82.32123339951539,-2.5024752475247514,straight,-1,inf,inf,False,19.60000000000028,10.120000000000145,9.480000000000135,-7.619999999999682
1737,25.48997097,51.4575617,12.5,1.737,1737.0,82.38446896101692,-2.5445544554455424,straight,-1,inf,inf,False,19.60000000000028,10.120000000000145,9.480000000000135,-7.619999999999682
1738,25.48997216,51.45757156,12.5,1.738,1738.0,82.4477231475924,-2.5891089108910936,straight,-1,inf,inf,False,19.60000000000028,10.120000000000145,9.480000000000135,-7.619999999999682
1739,25.48997334,51.45758142,12.4,1.739,1739.0,82.44772308874201,-2.6311881188118846,straight,-1,inf,inf,False,19.60000000000028,10.120000000000145,9.480000000000135,-7.619999999999682
1740,25.48997452,51.45759128,12.3,1.74,1740.0,82.38446873384112,-2.673267326732671,straight,-1,inf,inf,False,19.60000000000028,10.120000000000145,9.480000000000135,-7.619999999999682
1741,25.48997571,51.45760114,12.3,1.741,1741.0,82.44772293189146,-2.7153465346534666,straight,-1,inf,inf,False,19.60000000000028,10.120000000000145,9.480000000000135,-7.619999999999682
1742,25.48997689,51.457611,12.2,1.742,1742.0,82.4477228585929,-2.7549504950495063,straight,-1,inf,inf,False,19.50000000000028,9.580000000000137,9.92000000000014,-7.47999999999968
1743,25.48997807,51.45762086,12.2,1.743,1743.0,82.4477227651729,-2.7970297029702973,straight,-1,inf,inf,False,19.50000000000028,9.580000000000137,9.92000000000014,-7.47999999999968
1744,25.48997925,51.45763072,12.1,1.744,1744.0,82.44772275705435,-2.836633663366337,straight,-1,inf,inf,False,19.50000000000028,9.580000000000137,9.92000000000014,-7.47999999999968
1745,25.48998043,51.45764058,12.0,1.745,1745.0,82.44772261857571,-2.876237623762381,straight,-1,inf,inf,False,19.50000000000028,9.580000000000137,9.92000000000014,-7.47999999999968
1746,25.48998161,51.45765044,12.0,1.746,1746.0,82.5817262277343,-2.915841584158416,straight,-1,inf,inf,False,19.200000000000276,9.77000000000014,9.430000000000131,-7.269999999999678
1747,25.48998277,51.45766031,11.9,1.747,1747.0,82.57428649681981,-2.952970297029709,straight,-1,inf,inf,False,19.200000000000276,9.77000000000014,9.430000000000131,-7.269999999999678
1748,25.48998393,51.45767017,11.8,1.748,1748.0,82.57428640581065,-2.9900990099009928,straight,-1,inf,inf,False,19.200000000000276,9.77000000000014,9.430000000000131,-7.269999999999678
1749,25.48998509,51.45768003,11.8,1.749,1749.0,82.64497341399738,-3.0247524752475297,straight,-1,inf,inf,False,19.200000000000276,9.77000000000014,9.430000000000131,-7.269999999999678
1750,25.48998624,51.4576899,11.7,1.75,1750.0,82.57428626466935,-3.0569306930693063,straight,-1,inf,inf,False,19.200000000000276,9.77000000000014,9.430000000000131,-7.269999999999678
1751,25.4899874,51.45769976,11.6,1.751,1751.0,82.70823869841314,-3.0891089108910874,straight,-1,inf,inf,False,19.200000000000276,9.77000000000014,9.430000000000131,-7.269999999999678
1752,25.48998854,51.45770963,11.5,1.752,1752.0,82.76426849658247,-3.118811881188126,straight,-1,inf,inf,False,18.600000000000264,9.430000000000131,9.170000000000131,-7.329999999999677
1753,25.48998967,51.45771949,11.5,1.753,1753.0,82.77152181887675,-3.1485148514851513,straight,-1,inf,inf,False,18.600000000000264,9.430000000000131,9.170000000000131,-7.329999999999677
1754,25.4899908,51.45772936,11.4,1.754,1754.0,82.70823849898693,-3.175742574257434,straight,-1,inf,inf,False,18.600000000000264,9.430000000000131,9.170000000000131,-7.329999999999677
1755,25.48999194,51.45773923,11.3,1.755,1755.0,82.76426826927303,-3.202970297029708,straight,-1,inf,inf,False,18.600000000000264,9.430000000000131,9.170000000000131,-7.329999999999677
1756,25.48999307,51.45774909,11.2,1.756,1756.0,82.7082383224872,-3.2277227722772395,straight,-1,inf,inf,False,18.600000000000264,9.430000000000131,9.170000000000131,-7.329999999999677
1757,25.48999421,51.45775896,11.2,1.757,1757.0,82.70823827418678,-3.250000000000006,straight,-1,inf,inf,False,18.800000000000267,9.490000000000135,9.310000000000132,-7.189999999999676
1758,25.48999535,51.45776883,11.1,1.758,1758.0,82.63759515386874,-3.2722772277227774,straight,-1,inf,inf,False,18.800000000000267,9.490000000000135,9.310000000000132,-7.189999999999676
1759,25.4899965,51.45777869,11.1,1.759,1759.0,82.70823811661137,-3.2896039603960503,straight,-1,inf,inf,False,18.800000000000267,9.490000000000135,9.310000000000132,-7.189999999999676
1760,25.48999764,51.45778856,11.0,1.76,1760.0,82.63759501981343,-3.306930693069314,straight,-1,inf,inf,False,18.800000000000267,9.490000000000135,9.310000000000132,-7.189999999999676
1761,25.48999879,51.45779842,10.9,1.761,1761.0,82.51099432008323,-3.3242574257425788,straight,-1,inf,inf,False,18.800000000000267,9.490000000000135,9.310000000000132,-7.189999999999676
1762,25.48999996,51.45780828,10.9,1.762,1762.0,82.44772142072594,-3.3391089108910954,straight,-1,inf,inf,False,17.800000000000253,8.480000000000121,9.320000000000132,-7.179999999999676
1763,25.49000114,51.45781814,10.9,1.763,1763.0,82.51849580417269,-3.3514851485148567,straight,-1,inf,inf,False,17.800000000000253,8.480000000000121,9.320000000000132,-7.179999999999676
1764,25.49000231,51.45782801,10.8,1.764,1764.0,82.51099410321922,-3.3613861386138715,straight,-1,inf,inf,False,17.800000000000253,8.480000000000121,9.320000000000132,-7.179999999999676
1765,25.49000348,51.45783787,10.8,1.765,1765.0,82.51099403113653,-3.3712871287128814,straight,-1,inf,inf,False,17.800000000000253,8.480000000000121,9.320000000000132,-7.179999999999676
1766,25.49000465,51.45784773,10.7,1.766,1766.0,82.57428518481856,-3.3762376237623832,straight,-1,inf,inf,False,17.800000000000253,8.480000000000121,9.320000000000132,-7.179999999999676
1767,25.49000581,51.45785759,10.7,1.767,1767.0,82.6449721195479,-3.3811881188118864,straight,-1,inf,inf,False,18.500000000000263,9.75000000000014,8.750000000000124,-7.449999999999679
1768,25.49000696,51.45786746,10.7,1.768,1768.0,82.5742850188069,-3.3811881188118864,straight,-1,inf,inf,False,18.500000000000263,9.75000000000014,8.750000000000124,-7.449999999999679
1769,25.49000812,51.45787732,10.6,1.769,1769.0,82.57428494793066,-3.378712871287135,straight,-1,inf,inf,False,18.500000000000263,9.75000000000014,8.750000000000124,-7.449999999999679
1770,25.49000928,51.45788718,10.6,1.77,1770.0,82.64497190950368,-3.3712871287128765,straight,-1,inf,inf,False,18.500000000000263,9.75000000000014,8.750000000000124,-7.449999999999679
1771,25.49001043,51.45789705,10.6,1.771,1771.0,82.70092175627997,-3.361386138613862,straight,-1,inf,inf,False,18.500000000000263,9.75000000000014,8.750000000000124,-7.449999999999679
1772,25.49001157,51.45790691,10.5,1.772,1772.0,82.70823722755364,-3.3514851485148567,straight,-1,inf,inf,False,18.30000000000026,9.80000000000014,8.50000000000012,-7.699999999999683
1773,25.49001271,51.45791678,10.5,1.773,1773.0,82.70823714365252,-3.3391089108910954,straight,-1,inf,inf,False,18.30000000000026,9.80000000000014,8.50000000000012,-7.699999999999683
1774,25.49001385,51.45792665,10.4,1.774,1774.0,82.70092155546087,-3.3242574257425788,straight,-1,inf,inf,False,18.30000000000026,9.80000000000014,8.50000000000012,-7.699999999999683
1775,25.49001499,51.45793651,10.4,1.775,1775.0,82.77152033215401,-3.301980198019807,straight,-1,inf,inf,False,18.30000000000026,9.80000000000014,8.50000000000012,-7.699999999999683
1776,25.49001612,51.45794638,10.4,1.776,1776.0,82.83482134650455,-3.277227722772284,straight,-1,inf,inf,False,18.30000000000026,9.80000000000014,8.50000000000012,-7.699999999999683
1777,25.49001724,51.45795625,10.3,1.777,1777.0,82.77152021838151,-3.2524752475247625,straight,-1,inf,inf,False,14.90000000000021,6.710000000000095,8.190000000000115,-7.809999999999684
1778,25.49001837,51.45796612,10.3,1.778,1778.0,82.83482121374954,-3.222772277227728,straight,-1,inf,inf,False,14.90000000000021,6.710000000000095,8.190000000000115,-7.809999999999684
1779,25.49001949,51.45797599,10.2,1.779,1779.0,82.76426662809689,-3.190594059405951,straight,-1,inf,inf,False,14.90000000000021,6.710000000000095,8.190000000000115,-7.809999999999684
1780,25.49002062,51.45798585,10.2,1.78,1780.0,82.70823668900186,-3.1559405940594143,straight,-1,inf,inf,False,14.90000000000021,6.710000000000095,8.190000000000115,-7.809999999999684
1781,25.49002176,51.45799572,10.2,1.781,1781.0,82.77151998503683,-3.1188118811881216,straight,-1,inf,inf,False,14.90000000000021,6.710000000000095,8.190000000000115,-7.809999999999684
1782,25.49002289,51.45800559,10.1,1.782,1782.0,82.70092098752508,-3.0792079207920864,straight,-1,inf,inf,False,14.900000000000212,7.110000000000101,7.790000000000111,-8.009999999999687
1783,25.49002403,51.45801545,10.1,1.783,1783.0,82.70823648432616,-3.0346534653465396,straight,-1,inf,inf,False,14.900000000000212,7.110000000000101,7.790000000000111,-8.009999999999687
1784,25.49002517,51.45802532,10.0,1.784,1784.0,82.89813944687887,-2.987623762376246,straight,-1,inf,inf,False,14.900000000000212,7.110000000000101,7.790000000000111,-8.009999999999687
1785,25.49002628,51.45803519,10.0,1.785,1785.0,82.89813936634187,-2.938118811881192,straight,-1,inf,inf,False,14.900000000000212,7.110000000000101,7.790000000000111,-8.009999999999687
1786,25.49002739,51.45804506,10.0,1.786,1786.0,82.89813931702747,-2.8861386138613954,straight,-1,inf,inf,False,14.900000000000212,7.110000000000101,7.790000000000111,-8.009999999999687
1787,25.4900285,51.45805493,9.9,1.787,1787.0,82.9614753492906,-2.831683168316834,straight,-1,inf,inf,False,14.900000000000212,7.440000000000106,7.460000000000106,-8.13999999999969
1788,25.4900296,51.4580648,9.9,1.788,1788.0,82.8981392079026,-2.774752475247535,straight,-1,inf,inf,False,14.900000000000212,7.440000000000106,7.460000000000106,-8.13999999999969
1789,25.49003071,51.45807467,9.8,1.789,1789.0,83.1584524842113,-2.715346534653471,straight,-1,inf,inf,False,14.900000000000212,7.440000000000106,7.460000000000106,-8.13999999999969
1790,25.49003178,51.45808455,9.8,1.79,1790.0,83.15158661969718,-2.6584158415841674,straight,-1,inf,inf,False,14.900000000000212,7.440000000000106,7.460000000000106,-8.13999999999969
1791,25.49003285,51.45809442,9.8,1.791,1791.0,83.1584523836816,-2.599009900990108,straight,-1,inf,inf,False,14.900000000000212,7.400000000000107,7.500000000000105,-7.899999999999688
1792,25.49003392,51.4581043,9.7,1.792,1792.0,83.15158646295004,-2.5371287128712883,straight,-1,inf,inf,False,14.900000000000212,7.400000000000107,7.500000000000105,-7.899999999999688
1793,25.49003499,51.45811417,9.7,1.793,1793.0,83.15845230329558,-2.4727722772277305,straight,-1,inf,inf,False,14.900000000000212,7.400000000000107,7.500000000000105,-7.899999999999688
1794,25.49003606,51.45812405,9.7,1.794,1794.0,83.08819884526599,-2.408415841584164,straight,-1,inf,inf,False,14.900000000000212,7.400000000000107,7.500000000000105,-7.899999999999688
1795,25.49003714,51.45813392,9.7,1.795,1795.0,83.15845212162753,-2.3415841584158503,straight,-1,inf,inf,False,14.900000000000212,7.400000000000107,7.500000000000105,-7.899999999999688
1796,25.49003821,51.4581438,9.6,1.796,1796.0,83.08819872280799,-2.2747524752475234,straight,-1,inf,inf,False,15.000000000000211,7.440000000000106,7.560000000000107,-7.639999999999683
1797,25.49003929,51.45815367,9.6,1.797,1797.0,83.0951268162309,-2.2054455445544585,straight,-1,inf,inf,False,15.000000000000211,7.440000000000106,7.560000000000107,-7.639999999999683
1798,25.49004037,51.45816355,9.6,1.798,1798.0,83.34852782113444,-2.1336633663366333,straight,-1,inf,inf,False,15.000000000000211,7.440000000000106,7.560000000000107,-7.639999999999683
1799,25.49004141,51.45817343,9.6,1.799,1799.0,83.34852774392948,-2.064356435643564,straight,-1,inf,inf,False,15.000000000000211,7.440000000000106,7.560000000000107,-7.639999999999683
1800,25.49004245,51.45818331,9.5,1.8,1800.0,83.34184910180664,-1.9925742574257432,straight,-1,inf,inf,False,15.000000000000211,7.440000000000106,7.560000000000107,-7.639999999999683
1801,25.49004349,51.45819318,9.5,1.801,1801.0,83.2851524964247,-1.9207920792079225,straight,-1,inf,inf,False,14.900000000000212,7.450000000000107,7.450000000000105,-7.349999999999679
1802,25.49004454,51.45820306,9.5,1.802,1802.0,83.48186726527086,-1.849009900990097,straight,-1,inf,inf,False,14.900000000000212,7.450000000000107,7.450000000000105,-7.349999999999679
1803,25.49004556,51.45821295,9.5,1.803,1803.0,83.53875054529101,-1.7747524752475252,straight,-1,inf,inf,False,14.900000000000212,7.450000000000107,7.450000000000105,-7.349999999999679
1804,25.49004657,51.45822283,9.4,1.804,1804.0,83.53875049144801,-1.7029702970297,straight,-1,inf,inf,False,14.900000000000212,7.450000000000107,7.450000000000105,-7.349999999999679
1805,25.49004758,51.45823271,9.4,1.805,1805.0,83.54522838759056,-1.6287128712871235,straight,-1,inf,inf,False,14.900000000000212,7.450000000000107,7.450000000000105,-7.349999999999679
1806,25.49004859,51.4582426,9.4,1.806,1806.0,83.60219007944994,-1.5569306930693028,straight,-1,inf,inf,False,14.900000000000212,7.430000000000106,7.4700000000001054,-7.029999999999674
1807,25.49004959,51.45825248,9.4,1.807,1807.0,83.79883058822634,-1.485148514851482,straight,-1,inf,inf,False,14.900000000000212,7.430000000000106,7.4700000000001054,-7.029999999999674
1808,25.49005056,51.45826237,9.3,1.808,1808.0,83.79883051443176,-1.415841584158417,straight,-1,inf,inf,False,14.900000000000212,7.430000000000106,7.4700000000001054,-7.029999999999674
1809,25.49005153,51.45827226,9.3,1.809,1809.0,83.79260291398072,-1.3465346534653522,straight,-1,inf,inf,False,14.900000000000212,7.430000000000106,7.4700000000001054,-7.029999999999674
1810,25.4900525,51.45828214,9.3,1.81,1810.0,83.79883041906442,-1.2797029702970342,straight,-1,inf,inf,False,14.900000000000212,7.430000000000106,7.4700000000001054,-7.029999999999674
1811,25.49005347,51.45829203,9.3,1.811,1811.0,84.37596359829388,-1.215346534653472,straight,-1,inf,inf,False,14.80000000000021,7.380000000000105,7.420000000000106,-6.679999999999668
1812,25.49005435,51.45830193,9.3,1.812,1812.0,84.3759635573756,-1.1509900990099053,straight,-1,inf,inf,False,14.80000000000021,7.380000000000105,7.420000000000106,-6.679999999999668
1813,25.49005523,51.45831183,9.2,1.813,1813.0,84.4394701524729,-1.0866336633663343,straight,-1,inf,inf,False,14.80000000000021,7.380000000000105,7.420000000000106,-6.679999999999668
1814,25.4900561,51.45832173,9.2,1.814,1814.0,84.37596347959453,-1.0222772277227765,straight,-1,inf,inf,False,14.80000000000021,7.380000000000105,7.420000000000106,-6.679999999999668
1815,25.49005698,51.45833163,9.2,1.815,1815.0,84.75720601097697,-0.9603960396039567,straight,-1,inf,inf,False,14.80000000000021,7.380000000000105,7.420000000000106,-6.679999999999668
1816,25.4900578,51.45834153,9.2,1.816,1816.0,84.95307564347257,-0.9009900990098972,straight,-1,inf,inf,False,14.900000000000212,7.230000000000103,7.670000000000109,-6.129999999999661
1817,25.49005859,51.45835144,9.2,1.817,1817.0,84.88952674922007,-0.8415841584158378,straight,-1,inf,inf,False,14.900000000000212,7.230000000000103,7.670000000000109,-6.129999999999661
1818,25.49005939,51.45836135,9.2,1.818,1818.0,84.94800404495788,-0.7821782178217783,straight,-1,inf,inf,False,14.900000000000212,7.230000000000103,7.670000000000109,-6.129999999999661
1819,25.49006018,51.45837125,9.2,1.819,1819.0,85.08021051161137,-0.7252475247524659,straight,-1,inf,inf,False,14.900000000000212,7.230000000000103,7.670000000000109,-6.129999999999661
1820,25.49006095,51.45838116,9.3,1.82,1820.0,85.20739411376792,-0.6683168316831667,straight,-1,inf,inf,False,14.900000000000212,7.230000000000103,7.670000000000109,-6.129999999999661
1821,25.4900617,51.45839107,9.3,1.821,1821.0,85.20739404660048,-0.6138613861386144,straight,-1,inf,inf,False,14.900000000000212,6.790000000000097,8.110000000000115,-5.289999999999649
1822,25.49006245,51.45840098,9.3,1.822,1822.0,85.1486682488001,-0.561881188118809,straight,-1,inf,inf,False,14.900000000000212,6.790000000000097,8.110000000000115,-5.289999999999649
1823,25.49006321,51.4584109,9.3,1.823,1823.0,85.46190200224322,-0.5099009900990081,straight,-1,inf,inf,False,14.900000000000212,6.790000000000097,8.110000000000115,-5.289999999999649
1824,25.49006392,51.45842081,9.3,1.824,1824.0,86.1028564456941,-0.46039603960395414,straight,-1,inf,inf,False,14.900000000000212,6.790000000000097,8.110000000000115,-5.289999999999649
1825,25.49006453,51.45843073,9.3,1.825,1825.0,86.10676900247756,-0.41336633663366046,straight,-1,inf,inf,False,14.900000000000212,6.790000000000097,8.110000000000115,-5.289999999999649
1826,25.49006514,51.45844066,9.3,1.826,1826.0,86.16655192678428,-0.3688118811881136,straight,-1,inf,inf,False,16.80000000000024,8.260000000000117,8.540000000000122,-4.459999999999637
1827,25.49006574,51.45845058,9.3,1.827,1827.0,86.23025690162166,-0.3242574257425712,straight,-1,inf,inf,False,16.80000000000024,8.260000000000117,8.540000000000122,-4.459999999999637
1828,25.49006633,51.4584605,9.3,1.828,1828.0,86.80721503377879,-0.28217821782177577,straight,-1,inf,inf,False,16.80000000000024,8.260000000000117,8.540000000000122,-4.459999999999637
1829,25.49006683,51.45847043,9.4,1.829,1829.0,86.87408413970553,-0.2425742574257361,turn,7,84.4,95.5,False,16.80000000000024,8.260000000000117,8.540000000000122,-4.459999999999637
1830,25.49006732,51.45848037,9.4,1.83,1830.0,86.87094249225669,-0.20297029702969646,turn,7,84.4,95.5,False,16.80000000000024,8.260000000000117,8.540000000000122,-4.459999999999637
1831,25.49006781,51.4584903,9.4,1.831,1831.0,86.93467771111693,-0.1633663366336613,turn,7,84.4,95.5,False,12.900000000000183,7.180000000000101,5.7200000000000815,-3.5799999999996244
1832,25.49006829,51.45850023,9.4,1.832,1832.0,87.76611696425374,-0.12623762376237302,turn,7,84.4,95.5,False,12.900000000000183,7.180000000000101,5.7200000000000815,-3.5799999999996244
1833,25.49006864,51.45851017,9.4,1.833,1833.0,87.70004794772399,-0.09158415841584056,turn,7,84.4,95.5,False,12.900000000000183,7.180000000000101,5.7200000000000815,-3.5799999999996244
1834,25.490069,51.4585201,9.4,1.834,1834.0,87.70235923131543,-0.05693069306929921,turn,7,84.4,95.5,False,12.900000000000183,7.180000000000101,5.7200000000000815,-3.5799999999996244
1835,25.49006936,51.45853004,9.4,1.835,1835.0,87.82988024191474,-0.022277227722762305,turn,7,84.4,95.5,False,12.900000000000183,7.180000000000101,5.7200000000000815,-3.5799999999996244
1836,25.4900697,51.45853998,9.4,1.836,1836.0,88.78688606598155,0.012376237623765718,turn,7,84.4,95.5,False,12.300000000000177,6.4200000000000905,5.880000000000083,-2.819999999999614
1837,25.49006989,51.45854992,9.4,1.837,1837.0,88.78810499151103,0.04702970297029818,turn,7,84.4,95.5,False,12.300000000000177,6.4200000000000905,5.880000000000083,-2.819999999999614
1838,25.49007008,51.45855987,9.5,1.838,1838.0,88.78688610197298,0.07920792079207928,turn,7,84.4,95.5,False,12.300000000000177,6.4200000000000905,5.880000000000083,-2.819999999999614
1839,25.49007027,51.45856981,9.5,1.839,1839.0,89.0422241581337,0.11386138613861617,turn,7,84.4,95.5,False,12.300000000000177,6.4200000000000905,5.880000000000083,-2.819999999999614
1840,25.49007042,51.45857975,9.5,1.84,1840.0,90.31896127905952,0.14603960396039728,turn,7,84.4,95.5,False,12.300000000000177,6.4200000000000905,5.880000000000083,-2.819999999999614
1841,25.49007037,51.4585897,9.5,1.841,1841.0,90.38275227760914,0.17821782178217838,turn,7,84.4,95.5,False,12.900000000000183,6.780000000000096,6.120000000000087,-2.279999999999606
1842,25.49007031,51.45859965,9.5,1.842,1842.0,90.31928219917529,0.21039603960395944,turn,7,84.4,95.5,False,12.900000000000183,6.780000000000096,6.120000000000087,-2.279999999999606
1843,25.49007026,51.45860959,9.5,1.843,1843.0,90.83008764394106,0.242574257425745,turn,7,84.4,95.5,False,12.900000000000183,6.780000000000096,6.120000000000087,-2.279999999999606
1844,25.49007013,51.45861953,9.5,1.844,1844.0,91.91501028937876,0.2772277227722775,turn,7,84.4,95.5,False,12.900000000000183,6.780000000000096,6.120000000000087,-2.279999999999606
1845,25.49006983,51.45862947,9.6,1.845,1845.0,91.97879410692974,0.30940594059405857,turn,7,84.4,95.5,False,12.900000000000183,6.780000000000096,6.120000000000087,-2.279999999999606
1846,25.49006952,51.45863941,9.6,1.846,1846.0,91.91501029872865,0.34158415841583967,turn,7,84.4,95.5,False,12.900000000000183,6.780000000000096,6.120000000000087,-2.279999999999606
1847,25.49006922,51.45864935,9.6,1.847,1847.0,92.55260875883494,0.3737623762376252,turn,7,84.4,95.5,False,12.500000000000178,6.3000000000000895,6.200000000000088,-2.199999999999605
1848,25.49006882,51.45865929,9.6,1.848,1848.0,93.32021183882847,0.4059405940594063,turn,7,84.4,95.5,False,12.500000000000178,6.3000000000000895,6.200000000000088,-2.199999999999605
1849,25.4900683,51.45866922,9.6,1.849,1849.0,93.32021182449421,0.4381188118811918,turn,7,84.4,95.5,False,12.500000000000178,6.3000000000000895,6.200000000000088,-2.199999999999605
1850,25.49006778,51.45867915,9.7,1.85,1850.0,93.32021178989737,0.470297029702973,turn,7,84.4,95.5,False,12.500000000000178,6.3000000000000895,6.200000000000088,-2.199999999999605
1851,25.49006726,51.45868908,9.7,1.851,1851.0,94.47443838919634,0.5000000000000027,turn,7,84.4,95.5,False,12.500000000000178,6.3000000000000895,6.200000000000088,-2.199999999999605
1852,25.49006656,51.45869899,9.7,1.852,1852.0,95.23752912313341,0.5321782178217838,turn,7,84.4,95.5,False,13.200000000000188,7.0200000000001,6.180000000000088,-2.319999999999607
1853,25.49006574,51.4587089,9.7,1.853,1853.0,95.30636377003714,0.561881188118809,turn,7,84.4,95.5,False,13.200000000000188,7.0200000000001,6.180000000000088,-2.319999999999607
1854,25.49006491,51.4587188,9.8,1.854,1854.0,95.24279005236764,0.5915841584158477,turn,7,84.4,95.5,False,13.200000000000188,7.0200000000001,6.180000000000088,-2.319999999999607
1855,25.49006409,51.4587287,9.8,1.855,1855.0,97.10185849016489,0.6212871287128685,turn,7,84.4,95.5,False,13.200000000000188,7.0200000000001,6.180000000000088,-2.319999999999607
1856,25.49006298,51.45873857,9.8,1.856,1856.0,97.61553253330965,0.6509900990098982,turn,7,84.4,95.5,False,13.200000000000188,7.0200000000001,6.180000000000088,-2.319999999999607
1857,25.49006179,51.45874843,9.8,1.857,1857.0,97.61553241369876,0.680693069306928,turn,7,84.4,95.5,False,13.200000000000188,7.0200000000001,6.180000000000088,-2.319999999999607
1858,25.4900606,51.45875829,9.9,1.858,1858.0,97.61553235928955,0.7103960396039621,turn,7,84.4,95.5,False,12.900000000000183,6.890000000000098,6.010000000000085,-2.8899999999996147
1859,25.49005941,51.45876815,9.9,1.859,1859.0,99.35314800546655,0.740099009900983,turn,7,84.4,95.5,False,12.900000000000183,6.890000000000098,6.010000000000085,-2.8899999999996147
1860,25.49005795,51.45877797,9.9,1.86,1860.0,99.36251339433431,0.7648514851485144,turn,7,84.4,95.5,False,12.900000000000183,6.890000000000098,6.010000000000085,-2.8899999999996147
1861,25.49005649,51.45878778,9.9,1.861,1861.0,99.29020578993163,0.7920792079207882,turn,7,84.4,95.5,False,12.900000000000183,6.890000000000098,6.010000000000085,-2.8899999999996147
1862,25.49005504,51.4587976,9.9,1.862,1862.0,99.87557044510834,0.8193069306930667,turn,7,84.4,95.5,False,12.900000000000183,6.890000000000098,6.010000000000085,-2.8899999999996147
1863,25.4900535,51.4588074,10.0,1.863,1863.0,101.18350806497187,0.8465346534653451,turn,7,84.4,95.5,False,12.500000000000178,6.590000000000094,5.910000000000084,-3.489999999999623
1864,25.49005176,51.45881715,10.0,1.864,1864.0,101.2349178354205,0.873762376237619,turn,7,84.4,95.5,False,12.500000000000178,6.590000000000094,5.910000000000084,-3.489999999999623
1865,25.49005001,51.45882691,10.0,1.865,1865.0,101.23491768311663,0.9009900990098972,turn,7,84.4,95.5,False,12.500000000000178,6.590000000000094,5.910000000000084,-3.489999999999623
1866,25.49004826,51.45883667,10.0,1.866,1866.0,102.28123294142415,0.9282178217821757,turn,7,84.4,95.5,False,12.500000000000178,6.590000000000094,5.910000000000084,-3.489999999999623
1867,25.49004635,51.45884639,10.0,1.867,1867.0,103.32783866160912,0.9554455445544497,turn,7,84.4,95.5,False,12.500000000000178,6.590000000000094,5.910000000000084,-3.489999999999623
1868,25.49004428,51.45885607,10.1,1.868,1868.0,103.26573440468832,0.982673267326728,turn,7,84.4,95.5,False,17.00000000000024,8.080000000000116,8.92000000000013,-4.379999999999636
1869,25.49004222,51.45886575,10.1,1.869,1869.0,103.26573417398646,1.007425742574255,turn,7,84.4,95.5,False,17.00000000000024,8.080000000000116,8.92000000000013,-4.379999999999636
1870,25.49004016,51.45887543,10.1,1.87,1870.0,104.83512590254833,1.0321782178217775,turn,7,84.4,95.5,False,17.00000000000024,8.080000000000116,8.92000000000013,-4.379999999999636
1871,25.49003786,51.45888505,10.1,1.871,1871.0,105.23463141686352,1.0544554455445532,turn,7,84.4,95.5,False,17.00000000000024,8.080000000000116,8.92000000000013,-4.379999999999636
1872,25.4900355,51.45889465,10.1,1.872,1872.0,105.17305952761842,1.0792079207920757,turn,7,84.4,95.5,False,17.00000000000024,8.080000000000116,8.92000000000013,-4.379999999999636
1873,25.49003315,51.45890425,10.1,1.873,1873.0,105.49592315559181,1.1039603960396072,turn,7,84.4,95.5,False,17.300000000000246,8.710000000000123,8.590000000000122,-5.209999999999647
1874,25.49003075,51.45891384,10.1,1.874,1874.0,107.89398418693281,1.1287128712871297,turn,7,84.4,95.5,False,17.300000000000246,8.710000000000123,8.590000000000122,-5.209999999999647
1875,25.49002799,51.45892331,10.1,1.875,1875.0,107.83326409682098,1.1509900990098965,turn,7,84.4,95.5,False,17.300000000000246,8.710000000000123,8.590000000000122,-5.209999999999647
1876,25.49002524,51.45893278,10.1,1.876,1876.0,107.89398347674393,1.1707920792079163,turn,7,84.4,95.5,False,17.300000000000246,8.710000000000123,8.590000000000122,-5.209999999999647
1877,25.49002248,51.45894225,10.1,1.877,1877.0,108.7717478102291,1.1881188118811892,turn,7,84.4,95.5,False,17.300000000000246,8.710000000000123,8.590000000000122,-5.209999999999647
1878,25.49001959,51.45895167,10.1,1.878,1878.0,109.96916383025933,1.2054455445544576,turn,7,84.4,95.5,False,15.900000000000224,7.190000000000103,8.710000000000122,-5.5899999999996535
1879,25.49001652,51.45896103,10.1,1.879,1879.0,109.92885324644487,1.2202970297029703,turn,7,84.4,95.5,False,15.900000000000224,7.190000000000103,8.710000000000122,-5.5899999999996535
1880,25.49001346,51.45897038,10.0,1.88,1880.0,109.90923502396834,1.2376237623762343,turn,7,84.4,95.5,False,15.900000000000224,7.190000000000103,8.710000000000122,-5.5899999999996535
1881,25.4900104,51.45897974,10.0,1.881,1881.0,111.82371439923611,1.2524752475247514,turn,7,84.4,95.5,False,15.900000000000224,7.190000000000103,8.710000000000122,-5.5899999999996535
1882,25.49000706,51.45898898,10.0,1.882,1882.0,112.38314235010404,1.2673267326732685,turn,7,84.4,95.5,False,16.20000000000023,7.140000000000102,9.06000000000013,-5.639999999999654
1883,25.49000364,51.45899818,10.0,1.883,1883.0,112.38314179955779,1.2797029702970297,turn,7,84.4,95.5,False,16.20000000000023,7.140000000000102,9.06000000000013,-5.639999999999654
1884,25.49000022,51.45900738,10.0,1.884,1884.0,112.64082749785723,1.2896039603960396,turn,7,84.4,95.5,False,16.20000000000023,7.140000000000102,9.06000000000013,-5.639999999999654
1885,25.48999676,51.45901657,10.0,1.885,1885.0,114.59944440143136,1.2970297029702937,turn,7,84.4,95.5,False,16.20000000000023,7.140000000000102,9.06000000000013,-5.639999999999654
1886,25.48999302,51.45902562,10.0,1.886,1886.0,114.51753445876363,1.3044554455445567,turn,7,84.4,95.5,False,16.20000000000023,7.140000000000102,9.06000000000013,-5.639999999999654
1887,25.48998929,51.45903468,10.0,1.887,1887.0,114.51753376564636,1.3143564356435622,turn,7,84.4,95.5,False,13.100000000000188,7.130000000000102,5.970000000000086,-5.629999999999654
1888,25.48998556,51.45904374,10.0,1.888,1888.0,116.02352552095476,1.3217821782178207,turn,7,84.4,95.5,False,13.100000000000188,7.130000000000102,5.970000000000086,-5.629999999999654
1889,25.48998162,51.45905268,10.0,1.889,1889.0,117.56118311251817,1.326732673267328,turn,7,84.4,95.5,False,13.100000000000188,7.130000000000102,5.970000000000086,-5.629999999999654
1890,25.48997746,51.45906151,10.0,1.89,1890.0,117.56118229898289,1.331683168316835,turn,7,84.4,95.5,False,13.100000000000188,7.130000000000102,5.970000000000086,-5.629999999999654
1891,25.4899733,51.45907034,10.0,1.891,1891.0,117.50465717681817,1.3391089108910936,turn,7,84.4,95.5,False,13.100000000000188,7.130000000000102,5.970000000000086,-5.629999999999654
1892,25.48996915,51.45907917,10.0,1.892,1892.0,119.37307765618766,1.3465346534653477,turn,7,84.4,95.5,False,13.100000000000188,7.130000000000102,5.970000000000086,-5.629999999999654
1893,25.48996474,51.45908785,10.0,1.893,1893.0,119.62456950678393,1.3539603960396107,turn,7,84.4,95.5,False,13.100000000000188,7.290000000000104,5.810000000000084,-5.789999999999656
1894,25.4899603,51.4590965,10.0,1.894,1894.0,119.59613104057178,1.358910891089109,turn,7,84.4,95.5,False,13.100000000000188,7.290000000000104,5.810000000000084,-5.789999999999656
1895,25.48995586,51.45910516,10.0,1.895,1895.0,120.4046142260027,1.3613861386138648,turn,7,84.4,95.5,False,13.100000000000188,7.290000000000104,5.810000000000084,-5.789999999999656
1896,25.48995131,51.45911375,10.0,1.896,1896.0,122.63572924913717,1.366336633663372,turn,7,84.4,95.5,False,13.100000000000188,7.290000000000104,5.810000000000084,-5.789999999999656
1897,25.48994646,51.45912214,10.0,1.897,1897.0,122.66676855041112,1.3712871287128792,turn,7,84.4,95.5,False,13.000000000000188,7.060000000000101,5.940000000000086,-5.659999999999655
1898,25.48994161,51.45913052,10.0,1.898,1898.0,122.68934623956267,1.3737623762376217,turn,7,84.4,95.5,False,13.000000000000188,7.060000000000101,5.940000000000086,-5.659999999999655
1899,25.48993675,51.45913891,10.0,1.899,1899.0,123.95179534421698,1.3737623762376305,turn,7,84.4,95.5,False,13.000000000000188,7.060000000000101,5.940000000000086,-5.659999999999655
1900,25.48993173,51.45914717,10.0,1.9,1900.0,124.70517024036582,1.3787128712871333,turn,7,84.4,95.5,False,13.000000000000188,7.060000000000101,5.940000000000086,-5.659999999999655
1901,25.48992661,51.45915536,10.0,1.901,1901.0,124.7575147655989,1.381188118811889,turn,7,84.4,95.5,False,13.000000000000188,7.060000000000101,5.940000000000086,-5.659999999999655
1902,25.48992148,51.45916355,10.0,1.902,1902.0,124.7051679447095,1.383663366336636,turn,7,84.4,95.5,False,15.100000000000216,6.230000000000089,8.870000000000127,-5.829999999999657
1903,25.48991636,51.45917174,10.0,1.903,1903.0,126.97749590891033,1.381188118811889,turn,7,84.4,95.5,False,15.100000000000216,6.230000000000089,8.870000000000127,-5.829999999999657
1904,25.48991095,51.4591797,10.0,1.904,1904.0,126.97749470188637,1.3787128712871333,turn,7,84.4,95.5,False,15.100000000000216,6.230000000000089,8.870000000000127,-5.829999999999657
1905,25.48990554,51.45918766,10.0,1.905,1905.0,126.97749338611493,1.376237623762382,turn,7,84.4,95.5,False,15.100000000000216,6.230000000000089,8.870000000000127,-5.829999999999657
1906,25.48990013,51.45919562,10.0,1.906,1906.0,127.84839148136996,1.3737623762376305,turn,7,84.4,95.5,False,15.100000000000216,6.230000000000089,8.870000000000127,-5.829999999999657
1907,25.48989461,51.45920349,10.1,1.907,1907.0,129.1468569846453,1.3688118811881234,turn,7,84.4,95.5,False,16.700000000000237,7.890000000000112,8.810000000000123,-5.489999999999652
1908,25.48988893,51.45921122,10.1,1.908,1908.0,129.146855651436,1.3638613861386206,turn,7,84.4,95.5,False,16.700000000000237,7.890000000000112,8.810000000000123,-5.489999999999652
1909,25.48988325,51.45921895,10.1,1.909,1909.0,129.1468542858562,1.3613861386138693,turn,7,84.4,95.5,False,16.700000000000237,7.890000000000112,8.810000000000123,-5.489999999999652
1910,25.48987757,51.45922668,10.1,1.91,1910.0,130.9106845084317,1.3589108910891134,turn,7,84.4,95.5,False,16.700000000000237,7.890000000000112,8.810000000000123,-5.489999999999652
1911,25.48987168,51.45923421,10.1,1.911,1911.0,131.52097874818696,1.3589108910891134,turn,7,84.4,95.5,False,16.700000000000237,7.890000000000112,8.810000000000123,-5.489999999999652
1912,25.48986571,51.45924168,10.1,1.912,1912.0,131.51139827599843,1.3539603960396107,turn,7,84.4,95.5,False,15.800000000000225,7.090000000000101,8.710000000000123,-5.089999999999646
1913,25.48985975,51.45924914,10.2,1.913,1913.0,131.81637929402268,1.349009900990099,turn,7,84.4,95.5,False,15.800000000000225,7.090000000000101,8.710000000000123,-5.089999999999646
1914,25.48985375,51.45925657,10.2,1.914,1914.0,134.21701296228332,1.3440594059405964,turn,7,84.4,95.5,False,15.800000000000225,7.090000000000101,8.710000000000123,-5.089999999999646
1915,25.48984747,51.45926372,10.2,1.915,1915.0,134.25709230894813,1.3391089108910936,turn,7,84.4,95.5,False,15.800000000000225,7.090000000000101,8.710000000000123,-5.089999999999646
1916,25.48984119,51.45927086,10.2,1.916,1916.0,134.2170099838654,1.3366336633663423,turn,7,84.4,95.5,False,12.900000000000182,7.220000000000103,5.680000000000079,-4.119999999999632
1917,25.48983491,51.45927801,10.2,1.917,1917.0,135.28085883670764,1.334158415841591,turn,7,84.4,95.5,False,12.900000000000182,7.220000000000103,5.680000000000079,-4.119999999999632
1918,25.48982852,51.45928502,10.3,1.918,1918.0,136.56445897644585,1.3316831683168306,turn,7,84.4,95.5,False,12.900000000000182,7.220000000000103,5.680000000000079,-4.119999999999632
1919,25.48982198,51.45929188,10.3,1.919,1919.0,136.56445740586173,1.3292079207920837,turn,7,84.4,95.5,False,12.900000000000182,7.220000000000103,5.680000000000079,-4.119999999999632
1920,25.48981544,51.45929874,10.3,1.92,1920.0,136.5206818036147,1.3242574257425854,turn,7,84.4,95.5,False,12.900000000000182,7.220000000000103,5.680000000000079,-4.119999999999632
1921,25.48980891,51.4593056,10.3,1.921,1921.0,138.0564969720844,1.3193069306930738,turn,7,84.4,95.5,False,12.900000000000182,7.220000000000103,5.680000000000079,-4.119999999999632
1922,25.48980221,51.45931227,10.4,1.922,1922.0,138.39786436118038,1.3143564356435666,turn,7,84.4,95.5,False,12.200000000000172,6.36000000000009,5.840000000000083,-3.359999999999621
1923,25.48979548,51.45931889,10.4,1.923,1923.0,138.39716147167013,1.3094059405940595,turn,7,84.4,95.5,False,12.200000000000172,6.36000000000009,5.840000000000083,-3.359999999999621
1924,25.48978874,51.45932552,10.4,1.924,1924.0,138.69659762816843,1.3044554455445567,turn,7,84.4,95.5,False,12.200000000000172,6.36000000000009,5.840000000000083,-3.359999999999621
1925,25.48978198,51.4593321,10.5,1.925,1925.0,140.4864229662678,1.3019801980198054,turn,7,84.4,95.5,False,12.200000000000172,6.36000000000009,5.840000000000083,-3.359999999999621
1926,25.48977503,51.45933845,10.5,1.926,1926.0,140.48642135269893,1.2995049504950495,turn,7,84.4,95.5,False,12.200000000000172,6.36000000000009,5.840000000000083,-3.359999999999621
1927,25.48976808,51.4593448,10.5,1.927,1927.0,140.53073789670526,1.2945544554455468,turn,7,84.4,95.5,False,12.800000000000182,6.600000000000094,6.200000000000088,-2.499999999999609
1928,25.48976113,51.45935114,10.6,1.928,1928.0,141.1680853190074,1.289603960396044,turn,7,84.4,95.5,False,12.800000000000182,6.600000000000094,6.200000000000088,-2.499999999999609
1929,25.48975411,51.4593574,10.6,1.929,1929.0,141.9395404631132,1.2871287128712883,turn,7,84.4,95.5,False,12.800000000000182,6.600000000000094,6.200000000000088,-2.499999999999609
1930,25.48974702,51.45936355,10.6,1.93,1930.0,142.02396532316504,1.282178217821781,turn,7,84.4,95.5,False,12.800000000000182,6.600000000000094,6.200000000000088,-2.499999999999609
1931,25.48973992,51.45936969,10.7,1.931,1931.0,141.97872924348735,1.2772277227722784,turn,7,84.4,95.5,False,12.800000000000182,6.600000000000094,6.200000000000088,-2.499999999999609
1932,25.48973282,51.45937584,10.7,1.932,1932.0,143.09473143456285,1.2698019801980243,turn,7,84.4,95.5,False,12.500000000000178,6.420000000000091,6.080000000000086,-2.319999999999607
1933,25.48972562,51.45938183,10.8,1.933,1933.0,143.4770086823238,1.2623762376237613,turn,7,84.4,95.5,False,12.500000000000178,6.420000000000091,6.080000000000086,-2.319999999999607
1934,25.48971838,51.45938777,10.8,1.934,1934.0,143.56096401280757,1.2574257425742585,turn,7,84.4,95.5,False,12.500000000000178,6.420000000000091,6.080000000000086,-2.319999999999607
1935,25.48971113,51.4593937,10.8,1.935,1935.0,143.56096240254465,1.2524752475247558,turn,7,84.4,95.5,False,12.500000000000178,6.420000000000091,6.080000000000086,-2.319999999999607
1936,25.48970388,51.45939963,10.8,1.936,1936.0,145.1530096835745,1.2425742574257415,turn,7,84.4,95.5,False,12.500000000000178,6.420000000000091,6.080000000000086,-2.319999999999607
1937,25.48969649,51.45940533,10.9,1.937,1937.0,145.2364722368406,1.2326732673267315,turn,7,84.4,95.5,False,13.000000000000185,7.0600000000001,5.940000000000085,-2.1599999999996045
1938,25.48968909,51.45941102,10.9,1.938,1938.0,145.18932982187465,1.2202970297029747,turn,7,84.4,95.5,False,13.000000000000185,7.0600000000001,5.940000000000085,-2.1599999999996045
1939,25.48968169,51.45941672,10.9,1.939,1939.0,145.53380748075267,1.207920792079209,turn,7,84.4,95.5,False,13.000000000000185,7.0600000000001,5.940000000000085,-2.1599999999996045
1940,25.48967426,51.45942237,10.9,1.94,1940.0,146.22292481918151,1.193069306930692,turn,7,84.4,95.5,False,13.000000000000185,7.0600000000001,5.940000000000085,-2.1599999999996045
1941,25.48966677,51.45942792,10.9,1.941,1941.0,146.22292321845208,1.1782178217821793,turn,7,84.4,95.5,False,13.000000000000185,7.0600000000001,5.940000000000085,-2.1599999999996045
1942,25.48965928,51.45943347,11.0,1.942,1942.0,146.22292156827234,1.1608910891089153,turn,7,84.4,95.5,False,11.500000000000163,5.980000000000085,5.520000000000079,-2.679999999999612
1943,25.48965179,51.45943902,11.0,1.943,1943.0,147.04299061443066,1.1460396039603982,turn,7,84.4,95.5,False,11.500000000000163,5.980000000000085,5.520000000000079,-2.679999999999612
1944,25.48964423,51.45944445,11.0,1.944,1944.0,147.68357920941264,1.1287128712871297,turn,7,84.4,95.5,False,11.500000000000163,5.980000000000085,5.520000000000079,-2.679999999999612
1945,25.48963661,51.45944979,11.0,1.945,1945.0,147.68357762056507,1.10891089108911,turn,7,84.4,95.5,False,11.500000000000163,5.980000000000085,5.520000000000079,-2.679999999999612
1946,25.48962899,51.45945513,11.0,1.946,1946.0,147.64957333650636,1.0891089108910856,turn,7,84.4,95.5,False,11.500000000000163,5.980000000000085,5.520000000000079,-2.679999999999612
1947,25.48962138,51.45946047,11.0,1.947,1947.0,148.2897600349009,1.0693069306930703,turn,7,84.4,95.5,False,11.500000000000163,5.980000000000085,5.520000000000079,-2.679999999999612
1948,25.48961371,51.45946572,11.0,1.948,1948.0,148.46967637672162,1.0495049504950504,turn,7,84.4,95.5,False,12.400000000000176,7.180000000000102,5.220000000000074,-3.27999999999962
1949,25.48960603,51.45947094,11.0,1.949,1949.0,148.4207747538552,1.0247524752475234,turn,7,84.4,95.5,False,12.400000000000176,7.180000000000102,5.220000000000074,-3.27999999999962
1950,25.48959835,51.45947617,11.1,1.95,1950.0,148.42077309919887,1.0000000000000053,turn,7,84.4,95.5,False,12.400000000000176,7.180000000000102,5.220000000000074,-3.27999999999962
1951,25.48959067,51.4594814,11.1,1.951,1951.0,149.0762420262244,0.9727722772277226,turn,7,84.4,95.5,False,12.400000000000176,7.180000000000102,5.220000000000074,-3.27999999999962
1952,25.48958294,51.45948653,11.1,1.952,1952.0,149.1581179822773,0.9480198019801955,turn,7,84.4,95.5,False,15.000000000000211,6.2200000000000895,8.780000000000125,-3.619999999999625
1953,25.4895752,51.45949165,11.1,1.953,1953.0,149.07623870178304,0.9183168316831701,turn,7,84.4,95.5,False,15.000000000000211,6.2200000000000895,8.780000000000125,-3.619999999999625
1954,25.48956747,51.45949678,11.1,1.954,1954.0,149.15811474622012,0.8886138613861404,turn,7,84.4,95.5,False,15.000000000000211,6.2200000000000895,8.780000000000125,-3.619999999999625
1955,25.48955973,51.4595019,11.1,1.955,1955.0,149.20739610690555,0.8589108910891107,turn,7,84.4,95.5,False,15.000000000000211,6.2200000000000895,8.780000000000125,-3.619999999999625
1956,25.48955199,51.45950701,11.1,1.956,1956.0,149.19066439297592,0.8267326732673297,turn,7,84.4,95.5,False,15.000000000000211,6.2200000000000895,8.780000000000125,-3.619999999999625
1957,25.48954424,51.45951213,11.2,1.957,1957.0,149.20739293239376,0.7945544554455443,turn,7,84.4,95.5,False,15.100000000000216,6.210000000000088,8.890000000000127,-3.809999999999627
1958,25.4895365,51.45951724,11.2,1.958,1958.0,149.42034425991062,0.7599009900990161,turn,7,84.4,95.5,False,15.100000000000216,6.210000000000088,8.890000000000127,-3.809999999999627
1959,25.48952874,51.45952232,11.2,1.959,1959.0,149.7642374611769,0.7227722772277234,turn,7,84.4,95.5,False,15.100000000000216,6.210000000000088,8.890000000000127,-3.809999999999627
1960,25.48952095,51.45952735,11.2,1.96,1960.0,149.68264404159447,0.6856435643564307,turn,7,84.4,95.5,False,15.100000000000216,6.210000000000088,8.890000000000127,-3.809999999999627
1961,25.48951317,51.45953239,11.2,1.961,1961.0,149.7642342632788,0.6509900990099027,turn,7,84.4,95.5,False,15.100000000000216,6.210000000000088,8.890000000000127,-3.809999999999627
1962,25.48950538,51.45953742,11.3,1.962,1962.0,149.73220343399151,0.6138613861386144,turn,7,84.4,95.5,False,19.80000000000028,10.710000000000152,9.090000000000128,-4.109999999999632
1963,25.4894976,51.45954245,11.3,1.963,1963.0,149.84574883465706,0.5742574257425748,turn,7,84.4,95.5,False,19.80000000000028,10.710000000000152,9.090000000000128,-4.109999999999632
1964,25.4894898,51.45954747,11.3,1.964,1964.0,149.86344206661562,0.5321782178217838,turn,7,84.4,95.5,False,19.80000000000028,10.710000000000152,9.090000000000128,-4.109999999999632
1965,25.48948201,51.45955248,11.3,1.965,1965.0,149.84574557478123,0.4900990099009928,turn,7,84.4,95.5,False,19.80000000000028,10.710000000000152,9.090000000000128,-4.109999999999632
1966,25.48947421,51.4595575,11.4,1.966,1966.0,150.28876147207563,0.4480198019801973,turn,7,84.4,95.5,False,19.80000000000028,10.710000000000152,9.090000000000128,-4.109999999999632
1967,25.48946638,51.45956245,11.4,1.967,1967.0,150.4698336781289,0.40594059405941074,turn,7,84.4,95.5,False,20.200000000000287,10.69000000000015,9.510000000000137,-3.98999999999963
1968,25.48945854,51.45956737,11.4,1.968,1968.0,150.501143175146,0.3613861386138639,turn,7,84.4,95.5,False,20.200000000000287,10.69000000000015,9.510000000000137,-3.98999999999963
1969,25.48945069,51.45957229,11.4,1.969,1969.0,150.46983048017893,0.3168316831683171,turn,7,84.4,95.5,False,20.200000000000287,10.69000000000015,9.510000000000137,-3.98999999999963
1970,25.48944285,51.45957721,11.5,1.97,1970.0,150.3700431507558,0.2722772277227703,turn,7,84.4,95.5,False,20.200000000000287,10.69000000000015,9.510000000000137,-3.98999999999963
1971,25.48943501,51.45958215,11.5,1.971,1971.0,150.3386047666304,0.22772277227722793,turn,7,84.4,95.5,False,20.200000000000287,10.69000000000015,9.510000000000137,-3.98999999999963
1972,25.48942718,51.45958709,11.5,1.972,1972.0,150.3386030878994,0.1831683168316811,turn,7,84.4,95.5,False,20.200000000000287,10.140000000000144,10.060000000000144,-3.839999999999628
1973,25.48941935,51.45959203,11.4,1.973,1973.0,150.320219469142,0.13613861386138737,turn,7,84.4,95.5,False,20.200000000000287,10.140000000000144,10.060000000000144,-3.839999999999628
1974,25.48941151,51.45959698,11.4,1.974,1974.0,150.7322835018232,0.08663366336633338,turn,7,84.4,95.5,False,20.200000000000287,10.140000000000144,10.060000000000144,-3.839999999999628
1975,25.48940365,51.45960186,11.4,1.975,1975.0,150.81340452992424,0.03712871287128383,turn,7,84.4,95.5,False,20.200000000000287,10.140000000000144,10.060000000000144,-3.839999999999628
1976,25.48939578,51.45960673,11.4,1.976,1976.0,150.76333872405905,-0.00990099009900991,straight,-1,inf,inf,False,20.200000000000287,10.140000000000144,10.060000000000144,-3.839999999999628
1977,25.48938791,51.45961161,11.4,1.977,1977.0,150.7633372182272,-0.05940594059405946,straight,-1,inf,inf,False,20.200000000000287,10.140000000000144,10.060000000000144,-3.839999999999628
1978,25.48938004,51.45961649,11.4,1.978,1978.0,150.99475012213378,-0.10643564356435764,straight,-1,inf,inf,False,19.80000000000028,10.210000000000145,9.590000000000137,-4.609999999999639
1979,25.48937216,51.45962133,11.4,1.979,1979.0,150.944571316586,-0.15099009900990445,straight,-1,inf,inf,False,19.80000000000028,10.210000000000145,9.590000000000137,-4.609999999999639
1980,25.48936428,51.45962618,11.4,1.98,1980.0,150.94456975360447,-0.1980198019801982,straight,-1,inf,inf,False,19.80000000000028,10.210000000000145,9.590000000000137,-4.609999999999639
1981,25.4893564,51.45963103,11.4,1.981,1981.0,150.99474531076862,-0.24752475247524774,straight,-1,inf,inf,False,19.80000000000028,10.210000000000145,9.590000000000137,-4.609999999999639
1982,25.48934852,51.45963587,11.3,1.982,1982.0,150.89443816039307,-0.32117845930934474,straight,-1,inf,inf,False,19.80000000000028,10.210000000000145,9.590000000000137,-4.609999999999639
1983,25.48934064,51.45964073,11.3,1.983,1983.0,150.8944365000329,-0.34653465346534684,straight,-1,inf,inf,False,20.200000000000287,11.080000000000158,9.120000000000127,-5.37999999999965
1984,25.48933276,51.45964559,11.3,1.984,1984.0,150.9445633642547,-0.393564356435645,straight,-1,inf,inf,False,20.200000000000287,11.080000000000158,9.120000000000127,-5.37999999999965
1985,25.48932488,51.45965044,11.3,1.985,1985.0,150.94456173747022,-0.4405940594059387,straight,-1,inf,inf,False,20.200000000000287,11.080000000000158,9.120000000000127,-5.37999999999965
1986,25.489317,51.45965529,11.3,1.986,1986.0,151.33807892146967,-0.5119536343878266,straight,-1,inf,inf,False,20.200000000000287,11.080000000000158,9.120000000000127,-5.37999999999965
1987,25.48930909,51.45966008,11.3,1.987,1987.0,151.33807732465425,-0.5371287128712834,straight,-1,inf,inf,False,20.200000000000287,11.080000000000158,9.120000000000127,-5.37999999999965
1988,25.48930118,51.45966487,11.3,1.988,1988.0,151.3884421079091,-0.5891089108910919,straight,-1,inf,inf,False,15.100000000000216,6.520000000000094,8.580000000000123,-6.119999999999662
1989,25.48929327,51.45966965,11.3,1.989,1989.0,151.36852989107496,-0.63613861386139,straight,-1,inf,inf,False,15.100000000000216,6.520000000000094,8.580000000000123,-6.119999999999662
1990,25.48928535,51.45967444,11.3,1.99,1990.0,151.3884390381014,-0.7099734363680259,straight,-1,inf,inf,False,15.100000000000216,6.520000000000094,8.580000000000123,-6.119999999999662
1991,25.48927744,51.45967922,11.2,1.991,1991.0,151.41885872501337,-0.7351485148514805,straight,-1,inf,inf,False,15.100000000000216,6.520000000000094,8.580000000000123,-6.119999999999662
1992,25.48926952,51.459684,11.2,1.992,1992.0,151.38843584607724,-0.78712871287129,straight,-1,inf,inf,False,15.100000000000216,6.520000000000094,8.580000000000123,-6.119999999999662
1993,25.48926161,51.45968878,11.2,1.993,1993.0,151.4188555448652,-0.8366336633663352,straight,-1,inf,inf,False,14.900000000000214,7.030000000000101,7.870000000000113,-6.829999999999672
1994,25.48925369,51.45969356,11.2,1.994,1994.0,151.7315547954879,-0.9152378652499364,straight,-1,inf,inf,False,14.900000000000214,7.030000000000101,7.870000000000113,-6.829999999999672
1995,25.48924575,51.45969829,11.2,1.995,1995.0,151.68105022682414,-0.9405940594059361,straight,-1,inf,inf,False,14.900000000000214,7.030000000000101,7.870000000000113,-6.829999999999672
1996,25.48923781,51.45970303,11.2,1.996,1996.0,151.7315515958751,-0.9925742574257425,straight,-1,inf,inf,False,14.900000000000214,7.030000000000101,7.870000000000113,-6.829999999999672
1997,25.48922987,51.45970776,11.2,1.997,1997.0,151.73155003949387,-1.047029702970299,straight,-1,inf,inf,False,14.900000000000214,7.030000000000101,7.870000000000113,-6.829999999999672
1998,25.48922193,51.45971249,11.2,1.998,1998.0,152.04451028019105,-1.1301617966674706,straight,-1,inf,inf,False,15.000000000000217,7.460000000000107,7.5400000000001075,-7.459999999999681
1999,25.48921397,51.45971717,11.2,1.999,1999.0,152.07428509068677,-1.15346534653465,straight,-1,inf,inf,False,15.000000000000217,7.460000000000107,7.5400000000001075,-7.459999999999681
2000,25.489206,51.45972185,11.1,2.0,2000.0,151.9938359687281,-1.207920792079209,straight,-1,inf,inf,False,15.000000000000217,7.460000000000107,7.5400000000001075,-7.459999999999681
2001,25.48919804,51.45972654,11.1,2.001,2001.0,152.124965017082,-1.2673267326732685,straight,-1,inf,inf,False,15.000000000000217,7.460000000000107,7.5400000000001075,-7.459999999999681
2002,25.48919007,51.45973121,11.1,2.002,2001.9999999999998,152.25608251453968,-1.3242574257425797,straight,-1,inf,inf,False,15.50000000000022,7.420000000000106,8.080000000000114,-7.519999999999682
2003,25.48918209,51.45973586,11.1,2.003,2003.0,152.30687025858958,-1.3787128712871208,straight,-1,inf,inf,False,15.50000000000022,7.420000000000106,8.080000000000114,-7.519999999999682
2004,25.48917411,51.4597405,11.1,2.004,2004.0,152.25607937967982,-1.4306930693069342,straight,-1,inf,inf,False,15.50000000000022,7.420000000000106,8.080000000000114,-7.519999999999682
2005,25.48916613,51.45974515,11.1,2.005,2005.0,152.33638354759523,-1.482673267326735,straight,-1,inf,inf,False,15.50000000000022,7.420000000000106,8.080000000000114,-7.519999999999682
2006,25.48915814,51.45974979,11.0,2.006,2005.9999999999998,152.35770216786932,-1.5346534653465405,straight,-1,inf,inf,False,15.50000000000022,7.420000000000106,8.080000000000114,-7.519999999999682
2007,25.48915016,51.45975442,11.0,2.007,2007.0000000000002,152.3871807922692,-1.6120842853516053,straight,-1,inf,inf,False,14.900000000000214,7.420000000000106,7.480000000000108,-7.519999999999681
2008,25.48914217,51.45975905,11.0,2.008,2008.0,152.38717924656646,-1.638613861386142,straight,-1,inf,inf,False,14.900000000000214,7.420000000000106,7.480000000000108,-7.519999999999681
2009,25.48913418,51.45976368,10.9,2.009,2009.0,152.38717765402873,-1.6905940594059385,straight,-1,inf,inf,False,14.900000000000214,7.420000000000106,7.480000000000108,-7.519999999999681
2010,25.48912619,51.45976831,10.9,2.01,2009.9999999999998,152.64934396288538,-1.7400990099009983,straight,-1,inf,inf,False,14.900000000000214,7.420000000000106,7.480000000000108,-7.519999999999681
2011,25.48911818,51.4597729,10.9,2.011,2011.0000000000002,152.72942904633794,-1.8202589489718102,straight,-1,inf,inf,False,14.900000000000214,7.420000000000106,7.480000000000108,-7.519999999999681
2012,25.48911016,51.45977748,10.8,2.012,2012.0,152.70030324838933,-1.8440594059405946,straight,-1,inf,inf,False,15.100000000000216,7.510000000000107,7.590000000000109,-7.409999999999679
2013,25.48910215,51.45978206,10.8,2.013,2013.0,152.7003017244681,-1.8935643564356441,straight,-1,inf,inf,False,15.100000000000216,7.510000000000107,7.590000000000109,-7.409999999999679
2014,25.48909414,51.45978664,10.8,2.014,2013.9999999999998,152.91143724617098,-1.9405940594059534,straight,-1,inf,inf,False,15.100000000000216,7.510000000000107,7.590000000000109,-7.409999999999679
2015,25.48908611,51.45979119,10.7,2.015,2015.0000000000002,152.9625107772266,-2.0157400355420036,straight,-1,inf,inf,False,15.100000000000216,7.510000000000107,7.590000000000109,-7.409999999999679
2016,25.48907808,51.45979573,10.7,2.016,2016.0,152.9625092272023,-2.03712871287129,straight,-1,inf,inf,False,15.100000000000216,7.510000000000107,7.590000000000109,-7.409999999999679
2017,25.48907005,51.45980027,10.7,2.017,2017.0,152.9114326133731,-2.0841584158415882,straight,-1,inf,inf,False,15.100000000000216,7.440000000000106,7.6600000000001085,-7.139999999999676
2018,25.48906202,51.45980482,10.7,2.018,2017.9999999999998,153.01362776333485,-2.1311881188118944,straight,-1,inf,inf,False,15.100000000000216,7.440000000000106,7.6600000000001085,-7.139999999999676
2019,25.48905399,51.45980935,10.6,2.019,2019.0000000000002,152.99136602573833,-2.2086824067022,straight,-1,inf,inf,False,15.100000000000216,7.440000000000106,7.6600000000001085,-7.139999999999676
2020,25.48904595,51.45981389,10.6,2.02,2020.0,153.01362466537512,-2.227722772277234,straight,-1,inf,inf,False,15.100000000000216,7.440000000000106,7.6600000000001085,-7.139999999999676
2021,25.48903792,51.45981842,10.6,2.021,2021.0,152.96250147515843,-2.2747524752475323,straight,-1,inf,inf,False,15.100000000000216,7.440000000000106,7.6600000000001085,-7.139999999999676
2022,25.48902989,51.45982296,10.6,2.022,2021.9999999999998,153.3556621924031,-2.3168316831683233,straight,-1,inf,inf,False,15.100000000000216,7.400000000000105,7.700000000000109,-6.79999999999967
2023,25.48902183,51.45982744,10.5,2.023,2023.0000000000002,153.40694655506104,-2.3863924854023746,straight,-1,inf,inf,False,15.100000000000216,7.400000000000105,7.700000000000109,-6.79999999999967
2024,25.48901377,51.45983191,10.5,2.024,2024.0,153.43537228606817,-2.4034653465346567,straight,-1,inf,inf,False,15.100000000000216,7.400000000000105,7.700000000000109,-6.79999999999967
2025,25.4890057,51.45983638,10.5,2.025,2025.0,153.4866645131442,-2.445544554455452,straight,-1,inf,inf,False,15.100000000000216,7.400000000000105,7.700000000000109,-6.79999999999967
2026,25.48899763,51.45984084,10.5,2.026,2025.9999999999998,153.72047523740525,-2.49009900990099,straight,-1,inf,inf,False,15.200000000000216,7.460000000000106,7.74000000000011,-6.359999999999664
2027,25.48898955,51.45984526,10.5,2.027,2027.0000000000002,153.93101922277322,-2.5321782178217855,straight,-1,inf,inf,False,15.200000000000216,7.460000000000106,7.74000000000011,-6.359999999999664
2028,25.48898145,51.45984965,10.4,2.028,2028.0,153.93101771619024,-2.571782178217825,straight,-1,inf,inf,False,15.200000000000216,7.460000000000106,7.74000000000011,-6.359999999999664
2029,25.48897335,51.45985404,10.4,2.029,2029.0,153.9310162068565,-2.613861386138616,straight,-1,inf,inf,False,15.200000000000216,7.460000000000106,7.74000000000011,-6.359999999999664
2030,25.48896525,51.45985843,10.4,2.03,2029.9999999999998,154.37545325106726,-2.6534653465346407,straight,-1,inf,inf,False,15.200000000000216,7.460000000000106,7.74000000000011,-6.359999999999664
2031,25.48895712,51.45986275,10.4,2.031,2031.0000000000002,154.58541606485494,-2.6930693069307154,straight,-1,inf,inf,False,15.300000000000216,6.860000000000133,8.440000000000085,-5.059999999999681
2032,25.48894897,51.45986704,10.4,2.032,2032.0,154.60996937364166,-2.7301980198019837,straight,-1,inf,inf,False,15.300000000000216,6.860000000000133,8.440000000000085,-5.059999999999681
2033,25.48894083,51.45987132,10.3,2.033,2033.0,154.5854130544684,-2.7648514851485206,straight,-1,inf,inf,False,15.300000000000216,6.860000000000133,8.440000000000085,-5.059999999999681
2034,25.48893268,51.45987561,10.3,2.034,2033.9999999999998,155.00272194353295,-2.79702970297029,straight,-1,inf,inf,False,15.300000000000216,6.860000000000133,8.440000000000085,-5.059999999999681
2035,25.48892451,51.45987983,10.3,2.035,2035.0000000000002,155.16025374868195,-2.8292079207921033,straight,-1,inf,inf,False,15.300000000000216,6.860000000000133,8.440000000000085,-5.059999999999681
2036,25.48891632,51.45988403,10.3,2.036,2036.0,155.13355605712457,-2.858910891089117,straight,-1,inf,inf,False,15.50000000000022,6.079166666666825,9.420833333333396,-3.579166666666363
2037,25.48890814,51.45988823,10.3,2.037,2037.0,155.13355456930617,-2.8861386138613954,straight,-1,inf,inf,False,15.50000000000022,6.079166666666825,9.420833333333396,-3.579166666666363
2038,25.48889996,51.45989243,10.3,2.038,2037.9999999999998,155.89169603116613,-2.9108910891089015,straight,-1,inf,inf,False,15.50000000000022,6.079166666666825,9.420833333333396,-3.579166666666363
2039,25.48889173,51.45989651,10.3,2.039,2039.0000000000002,156.10051164769095,-2.935643564356457,straight,-1,inf,inf,False,15.50000000000022,6.079166666666825,9.420833333333396,-3.579166666666363
2040,25.48888348,51.45990056,10.2,2.04,2040.0,156.12722459962208,-2.9554455445544603,turn,8,62.9,82.4,False,15.50000000000022,6.079166666666825,9.420833333333396,-3.579166666666363
2041,25.48887524,51.4599046,10.2,2.041,2041.0,156.1005087107077,-2.9702970297029774,turn,8,62.9,82.4,False,8.500000000000476,5.557500000000187,2.942500000000289,-2.0574999999997106
2042,25.48886699,51.45990865,10.2,2.042,2041.9999999999998,157.22386416835684,-2.9851485148514776,turn,8,62.9,82.4,False,8.500000000000476,5.557500000000187,2.942500000000289,-2.0574999999997106
2043,25.48885867,51.45991252,10.2,2.043,2043.0000000000002,157.3296367289529,-2.9975247524752726,turn,8,62.9,82.4,False,8.500000000000476,5.557500000000187,2.942500000000289,-2.0574999999997106
2044,25.48885035,51.45991637,10.1,2.044,2044.0,157.27672792880207,-3.0099009900990126,turn,8,62.9,82.4,False,8.500000000000476,5.557500000000187,2.942500000000289,-2.0574999999997106
2045,25.48884203,51.45992023,10.1,2.045,2045.0,157.59019612922657,-3.0222772277227783,turn,8,62.9,82.4,False,8.500000000000476,5.557500000000187,2.942500000000289,-2.0574999999997106
2046,25.48883369,51.45992404,10.1,2.046,2045.9999999999998,158.82006652143627,-3.0321782178217753,turn,8,62.9,82.4,False,10.491666666667175,6.08500000000023,4.406666666666944,-0.384999999999723
2047,25.48882528,51.45992765,10.0,2.047,2047.0000000000002,158.87355404850712,-3.0420792079208154,turn,8,62.9,82.4,False,10.491666666667175,6.08500000000023,4.406666666666944,-0.384999999999723
2048,25.48881687,51.45993125,10.0,2.048,2048.0,158.89643385694387,-3.049504950495052,turn,8,62.9,82.4,False,10.491666666667175,6.08500000000023,4.406666666666944,-0.384999999999723
2049,25.48880845,51.45993485,10.0,2.049,2049.0,159.5536144046098,-3.056930693069315,turn,8,62.9,82.4,False,10.491666666667175,6.08500000000023,4.406666666666944,-0.384999999999723
2050,25.4888,51.45993834,9.9,2.05,2050.0,160.59988838617767,-3.0693069306930982,turn,8,62.9,82.4,False,10.491666666667175,6.08500000000023,4.406666666666944,-0.384999999999723
2051,25.48879149,51.45994166,9.9,2.051,2051.0,160.65397425064202,-3.064356435643591,turn,8,62.9,82.4,False,10.491666666667175,6.08500000000023,4.406666666666944,-0.384999999999723
2052,25.48878298,51.45994497,9.8,2.052,2052.0,160.599885844023,-3.066831683168325,turn,8,62.9,82.4,False,11.383333333333857,5.551666666666926,5.83166666666693,1.2483333333335966
2053,25.48877447,51.45994829,9.8,2.053,2053.0,162.1744746496846,-3.066831683168325,turn,8,62.9,82.4,False,11.383333333333857,5.551666666666926,5.83166666666693,1.2483333333335966
2054,25.48876588,51.45995135,9.8,2.054,2054.0,162.88791238309977,-3.071845646103099,turn,8,62.9,82.4,False,11.383333333333857,5.551666666666926,5.83166666666693,1.2483333333335966
2055,25.48875726,51.45995429,9.7,2.055,2055.0,162.88791123340047,-3.0618811881188353,turn,8,62.9,82.4,False,11.383333333333857,5.551666666666926,5.83166666666693,1.2483333333335966
2056,25.48874864,51.45995723,9.7,2.056,2056.0,162.90658224694835,-3.0569306930693108,turn,8,62.9,82.4,False,11.383333333333857,5.551666666666926,5.83166666666693,1.2483333333335966
2057,25.48874001,51.45996017,9.6,2.057,2057.0,165.39549150267283,-3.051980198019808,turn,8,62.9,82.4,False,13.77500000000056,7.377500000000287,6.397500000000273,2.022500000000273
2058,25.48873128,51.45996269,9.6,2.058,2058.0,165.5223850397615,-3.048997207413073,turn,8,62.9,82.4,False,13.77500000000056,7.377500000000287,6.397500000000273,2.022500000000273
2059,25.48872254,51.45996519,9.6,2.059,2059.0,165.45097995897459,-3.0371287128713127,turn,8,62.9,82.4,False,13.77500000000056,7.377500000000287,6.397500000000273,2.022500000000273
2060,25.48871381,51.4599677,9.5,2.06,2060.0,166.1647263220599,-3.027227722772281,turn,8,62.9,82.4,False,13.77500000000056,7.377500000000287,6.397500000000273,2.022500000000273
2061,25.48870505,51.45997009,9.5,2.061,2061.0,167.70237798686526,-3.0148514851485153,turn,8,62.9,82.4,False,13.77500000000056,7.377500000000287,6.397500000000273,2.022500000000273
2062,25.48869623,51.45997222,9.4,2.062,2062.0,167.64641065691626,-3.003300330033029,turn,8,62.9,82.4,False,14.166666666667236,7.383333333333622,6.783333333333614,2.6166666666669465
2063,25.48868741,51.45997436,9.4,2.063,2063.0,167.68884296131353,-2.9900990099010096,turn,8,62.9,82.4,False,14.166666666667236,7.383333333333622,6.783333333333614,2.6166666666669465
2064,25.4886786,51.45997649,9.3,2.064,2064.0,169.5747317631841,-2.9727722772277287,turn,8,62.9,82.4,False,14.166666666667236,7.383333333333622,6.783333333333614,2.6166666666669465
2065,25.48866972,51.4599783,9.3,2.065,2065.0,170.61273666546322,-2.955445544554456,turn,8,62.9,82.4,False,14.166666666667236,7.383333333333622,6.783333333333614,2.6166666666669465
2066,25.48866082,51.45997993,9.2,2.066,2066.0,170.6230843691087,-2.9296775831429516,turn,8,62.9,82.4,False,14.166666666667236,7.383333333333622,6.783333333333614,2.6166666666669465
2067,25.48865191,51.45998156,9.2,2.067,2067.0,170.78251438778443,-2.9133663366336817,turn,8,62.9,82.4,False,14.158333333333903,7.039166666666953,7.119166666666953,3.160833333333619
2068,25.48864301,51.45998316,9.1,2.068,2068.0,174.43716241432458,-2.8910891089108937,turn,8,62.9,82.4,False,14.158333333333903,7.039166666666953,7.119166666666953,3.160833333333619
2069,25.48863402,51.45998413,9.1,2.069,2069.0,174.4310062219622,-2.866336633663371,turn,8,62.9,82.4,False,14.158333333333903,7.039166666666953,7.119166666666953,3.160833333333619
2070,25.48862504,51.4599851,9.0,2.07,2070.0,174.37395996066743,-2.839108910891097,turn,8,62.9,82.4,False,14.158333333333903,7.039166666666953,7.119166666666953,3.160833333333619
2071,25.48861606,51.45998608,8.9,2.071,2071.0,175.58389809442826,-2.809405940594063,turn,8,62.9,82.4,False,14.158333333333903,7.039166666666953,7.119166666666953,3.160833333333619
2072,25.48860706,51.45998685,8.9,2.072,2072.0,176.67442144606332,-2.777227722772282,turn,8,62.9,82.4,False,14.158333333333903,7.039166666666953,7.119166666666953,3.160833333333619
2073,25.48859805,51.45998743,8.9,2.073,2073.0,176.73524896619801,-2.7450495049504964,turn,8,62.9,82.4,False,14.350000000000575,7.055000000000286,7.2950000000002895,3.545000000000289
2074,25.48858903,51.459988,8.8,2.074,2074.0,176.67442094711146,-2.710396039603964,turn,8,62.9,82.4,False,14.350000000000575,7.055000000000286,7.2950000000002895,3.545000000000289
2075,25.48858002,51.45998858,8.8,2.075,2075.0,179.1399884099053,-2.6732673267326756,turn,8,62.9,82.4,False,14.350000000000575,7.055000000000286,7.2950000000002895,3.545000000000289
2076,25.488571,51.45998873,8.8,2.076,2076.0,179.140940632877,-2.633663366336636,turn,8,62.9,82.4,False,14.350000000000575,7.055000000000286,7.2950000000002895,3.545000000000289
2077,25.48856197,51.45998888,8.8,2.077,2077.0,179.14094053161432,-2.5915841584158406,turn,8,62.9,82.4,False,14.350000000000575,7.055000000000286,7.2950000000002895,3.545000000000289
2078,25.48855294,51.45998903,8.7,2.078,2078.0,181.32001387564577,-2.544554455445547,turn,8,62.9,82.4,False,14.74166666666725,7.300833333333624,7.440833333333627,3.89916666666696
2079,25.48854393,51.4599888,8.7,2.079,2079.0,183.72587352497368,-2.4950495049504973,turn,8,62.9,82.4,False,14.74166666666725,7.300833333333624,7.440833333333627,3.89916666666696
2080,25.48853492,51.45998815,8.7,2.08,2080.0,183.78302971707856,-2.4455445544554477,turn,8,62.9,82.4,False,14.74166666666725,7.300833333333624,7.440833333333627,3.89916666666696
2081,25.48852591,51.45998749,8.6,2.081,2081.0,183.73000230084853,-2.3910891089108954,turn,8,62.9,82.4,False,14.74166666666725,7.300833333333624,7.440833333333627,3.89916666666696
2082,25.48851691,51.45998684,8.6,2.082,2082.0,185.7971151563275,-2.3341584158415873,turn,8,62.9,82.4,False,14.74166666666725,7.300833333333624,7.440833333333627,3.89916666666696
2083,25.48850793,51.45998583,8.5,2.083,2083.0,185.79711559060502,-2.2747524752475234,turn,8,62.9,82.4,False,15.533333333333934,7.99666666666697,7.536666666666964,4.20333333333363
2084,25.48849895,51.45998482,8.5,2.084,2084.0,185.7971160570662,-2.212871287128717,turn,8,62.9,82.4,False,15.533333333333934,7.99666666666697,7.536666666666964,4.20333333333363
2085,25.48848997,51.45998381,8.5,2.085,2085.0,187.64005307188515,-2.1485148514851504,turn,8,62.9,82.4,False,15.533333333333934,7.99666666666697,7.536666666666964,4.20333333333363
2086,25.48848102,51.45998248,8.4,2.086,2086.0,189.6133913637095,-2.0816831683168324,turn,8,62.9,82.4,False,15.533333333333934,7.99666666666697,7.536666666666964,4.20333333333363
2087,25.48847212,51.45998081,8.4,2.087,2087.0,189.55689168581796,-2.012376237623763,turn,8,62.9,82.4,False,15.533333333333934,7.99666666666697,7.536666666666964,4.20333333333363
2088,25.48846322,51.45997915,8.4,2.088,2088.0,189.73706812305636,-1.938118811881191,turn,8,62.9,82.4,False,15.625000000000604,8.042500000000306,7.582500000000299,4.457500000000299
2089,25.48845433,51.45997746,8.3,2.089,2089.0,193.06624514295507,-1.861386138613863,turn,8,62.9,82.4,False,15.625000000000604,8.042500000000306,7.582500000000299,4.457500000000299
2090,25.48844554,51.4599752,8.3,2.09,2090.0,193.01040199588266,-1.7871287128712867,turn,8,62.9,82.4,False,15.625000000000604,8.042500000000306,7.582500000000299,4.457500000000299
2091,25.48843675,51.45997295,8.2,2.091,2091.0,193.06624702414146,-1.7079207920792074,turn,8,62.9,82.4,False,15.625000000000604,8.042500000000306,7.582500000000299,4.457500000000299
2092,25.48842796,51.45997069,8.2,2.092,2092.0,194.71544201997455,-1.6262376237623766,turn,8,62.9,82.4,False,15.625000000000604,8.042500000000306,7.582500000000299,4.457500000000299
2093,25.48841923,51.45996815,8.2,2.093,2093.0,195.79435509048105,-1.5420792079207901,turn,8,62.9,82.4,False,15.116666666667268,7.7283333333336355,7.388333333333631,4.471666666666964
2094,25.48841055,51.45996543,8.1,2.094,2094.0,195.7943560985712,-1.457920792079208,turn,8,62.9,82.4,False,15.116666666667268,7.7283333333336355,7.388333333333631,4.471666666666964
2095,25.48840187,51.45996271,8.1,2.095,2095.0,196.38026924914757,-1.368811881188119,turn,8,62.9,82.4,False,15.116666666667268,7.7283333333336355,7.388333333333631,4.471666666666964
2096,25.48839321,51.45995989,8.0,2.096,2096.0,198.74181496683826,-1.2772277227722784,turn,8,62.9,82.4,False,15.116666666667268,7.7283333333336355,7.388333333333631,4.471666666666964
2097,25.48838467,51.45995668,8.0,2.097,2097.0,198.72142399048593,-1.180693069306935,turn,8,62.9,82.4,False,15.116666666667268,7.7283333333336355,7.388333333333631,4.471666666666964
2098,25.48837612,51.45995347,8.0,2.098,2098.0,198.6874908319825,-1.0816831683168315,turn,8,62.9,82.4,False,14.808333333333932,7.575833333333635,7.232500000000297,4.524166666666964
2099,25.48836758,51.45995027,7.9,2.099,2099.0,200.316830022327,-0.9801980198019765,turn,8,62.9,82.4,False,14.808333333333932,7.575833333333635,7.232500000000297,4.524166666666964
2100,25.48835912,51.4599468,7.9,2.1,2100.0,200.7371271479885,-0.8762376237623748,turn,8,62.9,82.4,False,14.808333333333932,7.575833333333635,7.232500000000297,4.524166666666964
2101,25.48835068,51.45994326,7.8,2.101,2101.0,200.73712855569528,-0.7673267326732702,turn,8,62.9,82.4,False,14.808333333333932,7.575833333333635,7.232500000000297,4.524166666666964
2102,25.48834224,51.45993972,7.8,2.102,2102.0,201.70021014961281,-0.6559405940594054,turn,8,62.9,82.4,False,14.808333333333932,7.575833333333635,7.232500000000297,4.524166666666964
2103,25.48833387,51.45993603,7.8,2.103,2103.0,203.53359261999174,-0.5420792079207981,turn,8,62.9,82.4,False,12.800000000000573,5.803333333333571,6.996666666667002,4.496666666667002
2104,25.4883256,51.45993204,7.8,2.104,2104.0,203.5861410446034,-0.4282178217821775,turn,8,62.9,82.4,False,12.800000000000573,5.803333333333571,6.996666666667002,4.496666666667002
2105,25.48831733,51.45992804,7.8,2.105,2105.0,203.55898365513852,-0.3118811881188144,turn,8,62.9,82.4,False,12.800000000000573,5.803333333333571,6.996666666667002,4.496666666667002
2106,25.48830907,51.45992405,7.8,2.106,2106.0,206.25153213161437,-0.19306930693069102,turn,8,62.9,82.4,False,12.800000000000573,5.803333333333571,6.996666666667002,4.496666666667002
2107,25.48830098,51.45991963,7.7,2.107,2107.0,206.51346964837637,-0.07425742574257654,turn,8,62.9,82.4,False,12.800000000000573,5.803333333333571,6.996666666667002,4.496666666667002
2108,25.48829291,51.45991517,7.7,2.108,2108.0,206.46213141963494,0.04702970297029818,turn,8,62.9,82.4,False,12.800000000000573,5.803333333333571,6.996666666667002,4.496666666667002
2109,25.48828484,51.45991072,7.7,2.109,2109.0,207.43099086765108,0.17079207920792427,turn,8,62.9,82.4,False,14.808333333333932,7.741666666666893,7.06666666666704,4.3583333333337055
2110,25.48827684,51.45990612,7.7,2.11,2110.0,208.45023939073454,0.29455445544555037,turn,8,62.9,82.4,False,14.808333333333932,7.741666666666893,7.06666666666704,4.3583333333337055
2111,25.48826891,51.45990136,7.7,2.111,2111.0,208.45024097420853,0.41831683168317196,turn,8,62.9,82.4,False,14.808333333333932,7.741666666666893,7.06666666666704,4.3583333333337055
2112,25.48826098,51.4598966,7.7,2.112,2112.0,208.53096436729513,0.5420792079207981,turn,8,62.9,82.4,False,14.808333333333932,7.741666666666893,7.06666666666704,4.3583333333337055
2113,25.48825306,51.45989183,7.7,2.113,2113.0,209.8742939511626,0.6683168316831711,turn,8,62.9,82.4,False,14.808333333333932,7.741666666666893,7.06666666666704,4.3583333333337055
2114,25.48824525,51.45988686,7.7,2.114,2114.0,209.89237543694756,0.7970297029703043,turn,8,62.9,82.4,False,11.500000000000163,6.130833333333499,5.369166666666665,4.169166666667074
2115,25.48823743,51.45988188,7.7,2.115,2115.0,209.84264171830176,0.9232673267326774,turn,8,62.9,82.4,False,11.500000000000163,6.130833333333499,5.369166666666665,4.169166666667074
2116,25.48822961,51.45987691,7.7,2.116,2116.0,210.53050451922584,1.0495049504950549,turn,8,62.9,82.4,False,11.500000000000163,6.130833333333499,5.369166666666665,4.169166666667074
2117,25.48822185,51.45987184,7.7,2.117,2117.0,210.97325781714355,1.1782178217821837,turn,8,62.9,82.4,False,11.500000000000163,6.130833333333499,5.369166666666665,4.169166666667074
2118,25.48821412,51.4598667,7.7,2.118,2118.0,210.97325946408242,1.3019801980198054,turn,8,62.9,82.4,False,11.500000000000163,6.130833333333499,5.369166666666665,4.169166666667074
2119,25.48820639,51.45986156,7.7,2.119,2119.0,211.0551899095198,1.4257425742574314,turn,8,62.9,82.4,False,11.700000000000166,5.720833333333454,5.979166666666712,4.079166666667112
2120,25.48819867,51.45985641,7.7,2.12,2120.0,211.5795245841794,1.551980198019809,turn,8,62.9,82.4,False,11.700000000000166,5.720833333333454,5.979166666666712,4.079166666667112
2121,25.48819099,51.45985118,7.7,2.121,2121.0,211.57952620698362,1.6732673267326792,turn,8,62.9,82.4,False,11.700000000000166,5.720833333333454,5.979166666666712,4.079166666667112
2122,25.48818331,51.45984595,7.7,2.122,2122.0,211.5306275255189,1.7970297029703006,turn,8,62.9,82.4,False,11.700000000000166,5.720833333333454,5.979166666666712,4.079166666667112
2123,25.48817563,51.45984073,7.8,2.123,2123.0,211.8415383943823,1.9183168316831711,turn,8,62.9,82.4,False,11.700000000000166,5.720833333333454,5.979166666666712,4.079166666667112
2124,25.48816797,51.45983546,7.8,2.124,2124.0,211.92382329090935,2.03712871287129,turn,8,62.9,82.4,False,10.900000000000151,5.440000000000076,5.460000000000077,3.76000000000048
2125,25.48816032,51.45983018,7.8,2.125,2125.0,212.006176064885,2.1584158415841648,turn,8,62.9,82.4,False,10.900000000000151,5.440000000000076,5.460000000000077,3.76000000000048
2126,25.48815268,51.45982489,7.8,2.126,2126.0,212.00617770183,2.274752475247528,turn,8,62.9,82.4,False,10.900000000000151,5.440000000000076,5.460000000000077,3.76000000000048
2127,25.48814504,51.4598196,7.8,2.127,2127.0,212.66107567731535,2.393564356435647,turn,8,62.9,82.4,False,10.900000000000151,5.440000000000076,5.460000000000077,3.76000000000048
2128,25.48813745,51.45981421,7.8,2.128,2128.0,212.61275532579296,2.5099009900990144,turn,8,62.9,82.4,False,10.900000000000151,5.440000000000076,5.460000000000077,3.76000000000048
2129,25.48812986,51.45980883,7.8,2.129,2129.0,212.66107895626308,2.6237623762376305,turn,8,62.9,82.4,False,10.700000000000152,5.390000000000077,5.310000000000075,3.410000000000474
2130,25.48812227,51.45980344,7.8,2.13,2130.0,212.7437059424428,2.7400990099009936,turn,8,62.9,82.4,False,10.700000000000152,5.390000000000077,5.310000000000075,3.410000000000474
2131,25.48811469,51.45979804,7.8,2.131,2131.0,212.7437076191823,2.85396039603961,turn,8,62.9,82.4,False,10.700000000000152,5.390000000000077,5.310000000000075,3.410000000000474
2132,25.48810711,51.45979264,7.9,2.132,2132.0,212.74370929170843,2.9678217821782216,turn,8,62.9,82.4,False,10.700000000000152,5.390000000000077,5.310000000000075,3.410000000000474
2133,25.48809953,51.45978724,7.9,2.133,2133.0,212.7437109070366,3.0792079207920775,turn,8,62.9,82.4,False,10.700000000000152,5.390000000000077,5.310000000000075,3.410000000000474
2134,25.48809195,51.45978184,7.9,2.134,2134.0,213.08825338031582,3.188118811881195,turn,8,62.9,82.4,False,10.60000000000015,5.220000000000074,5.380000000000076,3.180000000000472
2135,25.4880844,51.45977639,7.9,2.135,2135.0,213.08825506822464,3.294554455445549,turn,8,62.9,82.4,False,10.60000000000015,5.220000000000074,5.380000000000076,3.180000000000472
2136,25.48807685,51.45977094,7.9,2.136,2136.0,213.08825664228854,3.39851485148515,turn,8,62.9,82.4,False,10.60000000000015,5.220000000000074,5.380000000000076,3.180000000000472
2137,25.4880693,51.45976549,8.0,2.137,2137.0,213.1363181811492,3.5000000000000053,turn,8,62.9,82.4,False,10.60000000000015,5.220000000000074,5.380000000000076,3.180000000000472
2138,25.48806175,51.45976003,8.0,2.138,2138.0,213.1710888961924,3.6014851485148562,turn,8,62.9,82.4,False,10.60000000000015,5.220000000000074,5.380000000000076,3.180000000000472
2139,25.48805421,51.45975457,8.0,2.139,2139.0,213.13632144081438,3.7004950495049505,turn,8,62.9,82.4,False,10.800000000000152,4.90000000000007,5.900000000000084,3.300000000000473
2140,25.48804666,51.45974911,8.1,2.14,2140.0,213.1710921907554,3.7970297029703026,turn,8,62.9,82.4,False,10.800000000000152,4.90000000000007,5.900000000000084,3.300000000000473
2141,25.48803912,51.45974365,8.1,2.141,2141.0,213.43284365703886,3.8886138613861436,turn,8,62.9,82.4,False,10.800000000000152,4.90000000000007,5.900000000000084,3.300000000000473
2142,25.4880316,51.45973815,8.2,2.142,2142.0,213.48071749354887,3.977722772277233,turn,8,62.9,82.4,False,10.800000000000152,4.90000000000007,5.900000000000084,3.300000000000473
2143,25.48802408,51.45973264,8.2,2.143,2143.0,213.5158087589406,4.064356435643566,turn,8,62.9,82.4,False,10.800000000000152,4.90000000000007,5.900000000000084,3.300000000000473
2144,25.48801657,51.45972713,8.3,2.144,2144.0,213.4328486109632,4.150990099009904,turn,8,62.9,82.4,False,10.400000000000148,4.540000000000065,5.860000000000083,3.460000000000476
2145,25.48800905,51.45972163,8.3,2.145,2145.0,213.26711327267273,4.235148514851486,turn,8,62.9,82.4,False,10.400000000000148,4.540000000000065,5.860000000000083,3.460000000000476
2146,25.48800151,51.45971615,8.4,2.146,2146.0,213.21913480860562,4.316831683168316,turn,8,62.9,82.4,False,10.400000000000148,4.540000000000065,5.860000000000083,3.460000000000476
2147,25.48799397,51.45971068,8.5,2.147,2147.0,213.30200120010048,4.398514851485151,straight,-1,inf,inf,False,10.400000000000148,4.540000000000065,5.860000000000083,3.460000000000476
2148,25.48798644,51.4597052,8.6,2.148,2148.0,213.56366112312605,4.477722772277226,straight,-1,inf,inf,False,10.400000000000148,4.540000000000065,5.860000000000083,3.460000000000476
2149,25.48797893,51.45969968,8.7,2.149,2149.0,213.77744861832727,4.55445544554455,straight,-1,inf,inf,False,13.30000000000019,7.350000000000106,5.9500000000000846,3.650000000000478
2150,25.48797144,51.45969413,8.8,2.15,2150.0,213.77745035157233,4.6311881188118775,straight,-1,inf,inf,False,13.30000000000019,7.350000000000106,5.9500000000000846,3.650000000000478
2151,25.48796395,51.45968858,8.9,2.151,2151.0,213.7774519072102,4.705445544554454,straight,-1,inf,inf,False,13.30000000000019,7.350000000000106,5.9500000000000846,3.650000000000478
2152,25.48795646,51.45968303,9.0,2.152,2152.0,213.64666299269,4.77722772277227,straight,-1,inf,inf,False,13.30000000000019,7.350000000000106,5.9500000000000846,3.650000000000478
2153,25.48794896,51.4596775,9.1,2.153,2153.0,213.69442733616606,4.8490099009900955,straight,-1,inf,inf,False,13.30000000000019,7.350000000000106,5.9500000000000846,3.650000000000478
2154,25.48794146,51.45967196,9.2,2.154,2154.0,213.69442902802598,4.913366336633658,straight,-1,inf,inf,False,13.900000000000196,7.290000000000102,6.610000000000094,3.910000000000482
2155,25.48793396,51.45966642,9.3,2.155,2155.0,213.6466679208913,4.98019801980198,straight,-1,inf,inf,False,13.900000000000196,7.290000000000102,6.610000000000094,3.910000000000482
2156,25.48792646,51.45966089,9.4,2.156,2156.0,213.6944323173681,5.044554455445538,straight,-1,inf,inf,False,13.900000000000196,7.290000000000102,6.610000000000094,3.910000000000482
2157,25.48791896,51.45965535,9.5,2.157,2157.0,213.72972774323242,5.103960396039597,straight,-1,inf,inf,False,13.900000000000196,7.290000000000102,6.610000000000094,3.910000000000482
2158,25.48791147,51.45964981,9.6,2.158,2158.0,213.6944356381528,5.165841584158413,straight,-1,inf,inf,False,13.900000000000196,7.290000000000102,6.610000000000094,3.910000000000482
2159,25.48790397,51.45964427,9.7,2.159,2159.0,213.51583511849836,5.225247524752472,straight,-1,inf,inf,False,13.500000000000192,6.620000000000094,6.880000000000098,4.1800000000004855
2160,25.48789646,51.45963876,9.7,2.16,2160.0,213.39787513413165,5.282178217821776,straight,-1,inf,inf,False,13.500000000000192,6.620000000000094,6.880000000000098,4.1800000000004855
2161,25.48788893,51.45963326,9.8,2.161,2161.0,213.3849515777192,5.339108910891084,straight,-1,inf,inf,False,13.500000000000192,6.620000000000094,6.880000000000098,4.1800000000004855
2162,25.48788141,51.45962777,9.9,2.162,2162.0,213.3499785527933,5.393564356435641,straight,-1,inf,inf,False,13.500000000000192,6.620000000000094,6.880000000000098,4.1800000000004855
2163,25.48787388,51.45962228,10.0,2.163,2163.0,213.5636857935067,5.443069306930686,straight,-1,inf,inf,False,13.500000000000192,6.620000000000094,6.880000000000098,4.1800000000004855
2164,25.48786637,51.45961676,10.1,2.164,2164.0,213.51584335906443,5.495049504950491,straight,-1,inf,inf,False,14.0000000000002,6.910000000000098,7.090000000000101,4.190000000000486
2165,25.48785886,51.45961125,10.2,2.165,2165.0,213.56368912255556,5.542079207920785,straight,-1,inf,inf,False,14.0000000000002,6.910000000000098,7.090000000000101,4.190000000000486
2166,25.48785135,51.45960573,10.3,2.166,2166.0,213.48075701978723,5.591584158415839,straight,-1,inf,inf,False,14.0000000000002,6.910000000000098,7.090000000000101,4.190000000000486
2167,25.48784383,51.45960022,10.4,2.167,2167.0,213.34998677975778,5.636138613861377,straight,-1,inf,inf,False,14.0000000000002,6.910000000000098,7.090000000000101,4.190000000000486
2168,25.4878363,51.45959473,10.5,2.168,2168.0,213.38496308609112,5.678217821782168,straight,-1,inf,inf,False,14.0000000000002,6.910000000000098,7.090000000000101,4.190000000000486
2169,25.48782878,51.45958924,10.6,2.169,2169.0,213.3499900522534,5.7227722772277145,straight,-1,inf,inf,False,13.700000000000196,6.830000000000099,6.870000000000098,4.170000000000486
2170,25.48782125,51.45958375,10.7,2.17,2170.0,213.30203900391194,5.764851485148514,straight,-1,inf,inf,False,13.700000000000196,6.830000000000099,6.870000000000098,4.170000000000486
2171,25.48781372,51.45957827,10.8,2.171,2171.0,213.2191758492241,5.804455445544545,straight,-1,inf,inf,False,13.700000000000196,6.830000000000099,6.870000000000098,4.170000000000486
2172,25.48780618,51.4595728,10.9,2.172,2172.0,213.21917748552718,5.841584158415838,straight,-1,inf,inf,False,13.700000000000196,6.830000000000099,6.870000000000098,4.170000000000486
2173,25.48779864,51.45956733,11.0,2.173,2173.0,213.21917913290665,5.876237623762375,straight,-1,inf,inf,False,13.700000000000196,6.830000000000099,6.870000000000098,4.170000000000486
2174,25.4877911,51.45956186,11.1,2.174,2174.0,213.08831901097292,5.913366336633654,straight,-1,inf,inf,False,13.600000000000191,6.870000000000096,6.730000000000096,4.330000000000488
2175,25.48778355,51.45955641,11.1,2.175,2175.0,212.9574159209209,5.945544554455435,straight,-1,inf,inf,False,13.600000000000191,6.870000000000096,6.730000000000096,4.330000000000488
2176,25.48777599,51.45955098,11.2,2.176,2176.0,213.00555672102618,5.980198019801972,straight,-1,inf,inf,False,13.600000000000191,6.870000000000096,6.730000000000096,4.330000000000488
2177,25.48776843,51.45954554,11.3,2.177,2177.0,213.00555836735603,6.009900990099006,straight,-1,inf,inf,False,13.600000000000191,6.870000000000096,6.730000000000096,4.330000000000488
2178,25.48776087,51.4595401,11.4,2.178,2178.0,212.90922922356143,6.034653465346529,straight,-1,inf,inf,False,13.600000000000191,6.870000000000096,6.730000000000096,4.330000000000488
2179,25.48775331,51.45953468,11.4,2.179,2179.0,212.87469416485874,6.0569306930693045,straight,-1,inf,inf,False,13.900000000000198,6.690000000000095,7.210000000000102,4.410000000000489
2180,25.48774574,51.45952926,11.5,2.18,2180.0,212.8746957683668,6.0767326732673155,straight,-1,inf,inf,False,13.900000000000198,6.690000000000095,7.210000000000102,4.410000000000489
2181,25.48773817,51.45952384,11.6,2.181,2181.0,212.9228630152787,6.094059405940588,straight,-1,inf,inf,False,13.900000000000198,6.690000000000095,7.210000000000102,4.410000000000489
2182,25.4877306,51.45951841,11.6,2.182,2182.0,212.74379091880564,6.108910891089101,straight,-1,inf,inf,False,13.900000000000198,6.690000000000095,7.210000000000102,4.410000000000489
2183,25.48772302,51.45951301,11.7,2.183,2183.0,212.69549624678928,6.121287128712871,straight,-1,inf,inf,False,13.900000000000198,6.690000000000095,7.210000000000102,4.410000000000489
2184,25.48771544,51.45950762,11.8,2.184,2184.0,212.74379420660753,6.128712871287121,straight,-1,inf,inf,False,12.70000000000018,6.750000000000094,5.9500000000000846,4.45000000000049
2185,25.48770786,51.45950222,11.8,2.185,2185.0,212.7437958395705,6.133663366336628,straight,-1,inf,inf,False,12.70000000000018,6.750000000000094,5.9500000000000846,4.45000000000049
2186,25.48770028,51.45949682,11.9,2.186,2186.0,212.66117197678264,6.136138613861384,straight,-1,inf,inf,False,12.70000000000018,6.750000000000094,5.9500000000000846,4.45000000000049
2187,25.48769269,51.45949143,12.0,2.187,2187.0,212.7437991602432,6.133663366336628,straight,-1,inf,inf,False,12.70000000000018,6.750000000000094,5.9500000000000846,4.45000000000049
2188,25.48768511,51.45948603,12.0,2.188,2188.0,212.6955044313859,6.131188118811877,straight,-1,inf,inf,False,12.70000000000018,6.750000000000094,5.9500000000000846,4.45000000000049
2189,25.48767753,51.45948064,12.1,2.189,2189.0,212.70944675368705,6.126237623762374,straight,-1,inf,inf,False,14.0000000000002,7.130000000000101,6.870000000000098,4.370000000000489
2190,25.48766994,51.45947524,12.2,2.19,2190.0,212.6955077604838,6.11633663366336,straight,-1,inf,inf,False,14.0000000000002,7.130000000000101,6.870000000000098,4.370000000000489
2191,25.48766236,51.45946985,12.2,2.191,2191.0,212.6611801788525,6.106435643564354,straight,-1,inf,inf,False,14.0000000000002,7.130000000000101,6.870000000000098,4.370000000000489
2192,25.48765477,51.45946446,12.3,2.192,2192.0,212.6955110171739,6.094059405940593,straight,-1,inf,inf,False,14.0000000000002,7.130000000000101,6.870000000000098,4.370000000000489
2193,25.48764719,51.45945907,12.4,2.193,2193.0,212.66118348629016,6.07673267326732,straight,-1,inf,inf,False,14.0000000000002,7.130000000000101,6.870000000000098,4.370000000000489
2194,25.4876396,51.45945368,12.4,2.194,2194.0,212.44775670369094,6.059405940594056,straight,-1,inf,inf,False,14.1000000000002,6.880000000000098,7.220000000000103,4.520000000000491
2195,25.48763199,51.45944832,12.5,2.195,2195.0,212.48187918423454,6.037128712871285,straight,-1,inf,inf,False,14.1000000000002,6.880000000000098,7.220000000000103,4.520000000000491
2196,25.48762439,51.45944296,12.5,2.196,2196.0,212.48188078385934,6.012376237623762,straight,-1,inf,inf,False,14.1000000000002,6.880000000000098,7.220000000000103,4.520000000000491
2197,25.48761679,51.4594376,12.6,2.197,2197.0,212.35086030199187,5.985148514851484,straight,-1,inf,inf,False,14.1000000000002,6.880000000000098,7.220000000000103,4.520000000000491
2198,25.48760918,51.45943226,12.7,2.198,2198.0,212.1520992123036,5.952970297029703,straight,-1,inf,inf,False,14.1000000000002,6.880000000000098,7.220000000000103,4.520000000000491
2199,25.48760154,51.45942694,12.7,2.199,2199.0,212.13734408784254,5.918316831683166,straight,-1,inf,inf,False,14.200000000000202,6.600000000000094,7.600000000000108,4.50000000000049
2200,25.48759391,51.45942163,12.7,2.2,2200.0,212.13734572623542,5.878712871287126,straight,-1,inf,inf,False,14.200000000000202,6.600000000000094,7.600000000000108,4.50000000000049
2201,25.48758628,51.45941632,12.8,2.201,2201.0,212.1373473646278,5.836633663366335,straight,-1,inf,inf,False,14.200000000000202,6.600000000000094,7.600000000000108,4.50000000000049
2202,25.48757865,51.45941101,12.8,2.202,2202.0,212.18592663503776,5.789603960396037,straight,-1,inf,inf,False,14.200000000000202,6.600000000000094,7.600000000000108,4.50000000000049
2203,25.48757102,51.45940569,12.9,2.203,2203.0,212.13735061049377,5.742574257425743,straight,-1,inf,inf,False,14.200000000000202,6.600000000000094,7.600000000000108,4.50000000000049
2204,25.48756339,51.45940038,12.9,2.204,2204.0,212.13735229056002,5.690594059405938,straight,-1,inf,inf,False,13.40000000000019,7.310000000000103,6.090000000000087,4.290000000000488
2205,25.48755576,51.45939507,13.0,2.205,2205.0,212.2683691850491,5.636138613861381,straight,-1,inf,inf,False,13.40000000000019,7.310000000000103,6.090000000000087,4.290000000000488
2206,25.48754814,51.45938974,13.0,2.206,2206.0,212.53029690728337,5.5792079207920775,straight,-1,inf,inf,False,13.40000000000019,7.310000000000103,6.090000000000087,4.290000000000488
2207,25.48754054,51.45938437,13.1,2.207,2207.0,212.4477780538912,5.519801980198018,straight,-1,inf,inf,False,13.40000000000019,7.310000000000103,6.090000000000087,4.290000000000488
2208,25.48753293,51.45937901,13.1,2.208,2208.0,212.48190054632715,5.455445544554456,straight,-1,inf,inf,False,13.40000000000019,7.310000000000103,6.090000000000087,4.290000000000488
2209,25.48752533,51.45937365,13.2,2.209,2209.0,212.4819022383575,5.3861386138613865,straight,-1,inf,inf,False,14.1000000000002,7.670000000000109,6.430000000000091,4.130000000000485
2210,25.48751773,51.45936829,13.2,2.21,2210.0,212.399358292586,5.316831683168308,straight,-1,inf,inf,False,14.1000000000002,7.670000000000109,6.430000000000091,4.130000000000485
2211,25.48751012,51.45936294,13.2,2.211,2211.0,212.39935990299054,5.245049504950496,straight,-1,inf,inf,False,14.1000000000002,7.670000000000109,6.430000000000091,4.130000000000485
2212,25.48750251,51.45935759,13.3,2.212,2212.0,212.39936161668822,5.170792079207915,straight,-1,inf,inf,False,14.1000000000002,7.670000000000109,6.430000000000091,4.130000000000485
2213,25.4874949,51.45935224,13.3,2.213,2213.0,212.44778789390034,5.096534653465348,straight,-1,inf,inf,False,14.1000000000002,7.670000000000109,6.430000000000091,4.130000000000485
2214,25.48748729,51.45934688,13.4,2.214,2214.0,212.56452175082825,5.014851485148513,straight,-1,inf,inf,False,10.100000000000144,4.480000000000064,5.62000000000008,4.020000000000484
2215,25.4874797,51.45934151,13.4,2.215,2215.0,212.57865924793185,4.933168316831686,straight,-1,inf,inf,False,10.100000000000144,4.480000000000064,5.62000000000008,4.020000000000484
2216,25.4874721,51.45933613,13.4,2.216,2216.0,212.56452502474454,4.849009900990104,straight,-1,inf,inf,False,10.100000000000144,4.480000000000064,5.62000000000008,4.020000000000484
2217,25.48746451,51.45933076,13.5,2.217,2217.0,212.530314971231,4.762376237623762,straight,-1,inf,inf,False,10.100000000000144,4.480000000000064,5.62000000000008,4.020000000000484
2218,25.48745691,51.45932539,13.5,2.218,2218.0,212.39937138944168,4.675742574257424,straight,-1,inf,inf,False,10.100000000000144,4.480000000000064,5.62000000000008,4.020000000000484
2219,25.4874493,51.45932004,13.5,2.219,2219.0,212.35089638441661,4.5891089108910865,straight,-1,inf,inf,False,10.50000000000015,4.940000000000071,5.560000000000079,3.860000000000481
2220,25.48744169,51.4593147,13.6,2.22,2220.0,212.36534465537065,4.500000000000002,straight,-1,inf,inf,False,10.50000000000015,4.940000000000071,5.560000000000079,3.860000000000481
2221,25.48743407,51.45930935,13.6,2.221,2221.0,212.48192192674867,4.410891089108908,straight,-1,inf,inf,False,10.50000000000015,4.940000000000071,5.560000000000079,3.860000000000481
2222,25.48742647,51.45930399,13.6,2.222,2222.0,212.92293081668566,4.321782178217819,straight,-1,inf,inf,False,10.50000000000015,4.940000000000071,5.560000000000079,3.860000000000481
2223,25.4874189,51.45929856,13.7,2.223,2223.0,212.90930358143814,4.230198019801978,straight,-1,inf,inf,False,10.50000000000015,4.940000000000071,5.560000000000079,3.860000000000481
2224,25.48741134,51.45929314,13.7,2.224,2224.0,212.92293411821106,4.138613861386138,straight,-1,inf,inf,False,11.100000000000158,5.150000000000073,5.9500000000000846,3.850000000000481
2225,25.48740377,51.45928771,13.8,2.225,2225.0,212.90930687127744,4.049504950495053,straight,-1,inf,inf,False,11.100000000000158,5.150000000000073,5.9500000000000846,3.850000000000481
2226,25.48739621,51.45928229,13.8,2.226,2226.0,212.95750015489452,3.957920792079208,straight,-1,inf,inf,False,11.100000000000158,5.150000000000073,5.9500000000000846,3.850000000000481
2227,25.48738865,51.45927686,13.8,2.227,2227.0,212.92293903096845,3.868811881188119,straight,-1,inf,inf,False,11.100000000000158,5.150000000000073,5.9500000000000846,3.850000000000481
2228,25.48738108,51.45927143,13.9,2.228,2228.0,212.95750351949127,3.7772277227722784,straight,-1,inf,inf,False,11.100000000000158,5.150000000000073,5.9500000000000846,3.850000000000481
2229,25.48737352,51.459266,13.9,2.229,2229.0,213.00564436559424,3.6831683168316824,straight,-1,inf,inf,False,10.60000000000015,5.210000000000074,5.390000000000077,4.190000000000486
2230,25.48736596,51.45926056,14.0,2.23,2230.0,213.3850661357513,3.5915841584158463,straight,-1,inf,inf,False,10.60000000000015,5.210000000000074,5.390000000000077,4.190000000000486
2231,25.48735844,51.45925507,14.0,2.231,2231.0,213.3500930284323,3.500000000000001,straight,-1,inf,inf,False,10.60000000000015,5.210000000000074,5.390000000000077,4.190000000000486
2232,25.48735091,51.45924958,14.1,2.232,2232.0,213.35009465748232,3.405940594059409,straight,-1,inf,inf,False,10.60000000000015,5.210000000000074,5.390000000000077,4.190000000000486
2233,25.48734338,51.45924409,14.1,2.233,2233.0,213.56380234816987,3.314356435643569,straight,-1,inf,inf,False,10.60000000000015,5.210000000000074,5.390000000000077,4.190000000000486
2234,25.48733587,51.45923857,14.2,2.234,2234.0,214.07463087647918,3.222772277227728,straight,-1,inf,inf,False,10.200000000000143,5.200000000000074,5.000000000000071,4.600000000000492
2235,25.48732841,51.45923298,14.2,2.235,2235.0,214.12217243105636,3.1311881188118784,straight,-1,inf,inf,False,10.200000000000143,5.200000000000074,5.000000000000071,4.600000000000492
2236,25.48732095,51.45922738,14.3,2.236,2236.0,214.0390238582043,3.039603960396038,straight,-1,inf,inf,False,10.200000000000143,5.200000000000074,5.000000000000071,4.600000000000492
2237,25.48731348,51.45922179,14.3,2.237,2237.0,214.20538532924513,2.9504950495049487,straight,-1,inf,inf,False,10.200000000000143,5.200000000000074,5.000000000000071,4.600000000000492
2238,25.48730603,51.45921618,14.4,2.238,2238.0,214.4667209010058,2.858910891089108,straight,-1,inf,inf,False,10.200000000000143,5.200000000000074,5.000000000000071,4.600000000000492
2239,25.4872986,51.45921053,14.5,2.239,2239.0,214.3834562731921,2.769801980198019,straight,-1,inf,inf,False,10.50000000000015,5.310000000000076,5.190000000000073,5.090000000000498
2240,25.48729116,51.45920489,14.5,2.24,2240.0,214.41938209989033,2.6782178217821784,straight,-1,inf,inf,False,10.50000000000015,5.310000000000076,5.190000000000073,5.090000000000498
2241,25.48728373,51.45919925,14.6,2.241,2241.0,214.81120762391987,2.5891089108910936,straight,-1,inf,inf,False,10.50000000000015,5.310000000000076,5.190000000000073,5.090000000000498
2242,25.48727633,51.45919355,14.6,2.242,2242.0,215.10866762105564,2.5024752475247514,straight,-1,inf,inf,False,10.50000000000015,5.310000000000076,5.190000000000073,5.090000000000498
2243,25.48726896,51.45918781,14.7,2.243,2243.0,215.10866931051473,2.4133663366336577,straight,-1,inf,inf,False,10.50000000000015,5.310000000000076,5.190000000000073,5.090000000000498
2244,25.48726159,51.45918207,14.8,2.244,2244.0,215.15560759813744,2.3267326732673244,straight,-1,inf,inf,False,11.200000000000156,5.530000000000182,5.669999999999975,5.670000000000401
2245,25.48725422,51.45917632,14.8,2.245,2245.0,215.96508803847505,2.240099009900991,straight,-1,inf,inf,False,11.200000000000156,5.530000000000182,5.669999999999975,5.670000000000401
2246,25.48724693,51.45917046,14.9,2.246,2246.0,216.35569136982107,2.1509900990098973,turn,9,53.2,75.9,False,11.200000000000156,5.530000000000182,5.669999999999975,5.670000000000401
2247,25.48723967,51.45916454,14.9,2.247,2247.0,216.34715213973138,2.064356435643564,turn,9,53.2,75.9,False,11.200000000000156,5.530000000000182,5.669999999999975,5.670000000000401
2248,25.48723242,51.45915863,14.9,2.248,2248.0,216.35569471341518,1.9801980198019775,turn,9,53.2,75.9,False,11.200000000000156,5.530000000000182,5.669999999999975,5.670000000000401
2249,25.48722516,51.45915271,15.0,2.249,2249.0,217.63272335931813,1.896039603960391,turn,9,53.2,75.9,False,11.000000000000156,5.286666666666952,5.713333333333204,6.113333333333636
2250,25.48721803,51.45914662,15.0,2.25,2250.0,217.63935099482683,1.811881188118809,turn,9,53.2,75.9,False,11.000000000000156,5.286666666666952,5.713333333333204,6.113333333333636
2251,25.48721089,51.45914052,15.0,2.251,2251.0,217.63272667767086,1.7277227722772226,turn,9,53.2,75.9,False,11.000000000000156,5.286666666666952,5.713333333333204,6.113333333333636
2252,25.48720376,51.45913443,15.1,2.252,2252.0,218.35966047881655,1.643564356435645,turn,9,53.2,75.9,False,11.000000000000156,5.286666666666952,5.713333333333204,6.113333333333636
2253,25.4871967,51.45912824,15.1,2.253,2253.0,219.4294438988382,1.5594059405940541,turn,9,53.2,75.9,False,11.000000000000156,5.286666666666952,5.713333333333204,6.113333333333636
2254,25.48718974,51.4591219,15.1,2.254,2254.0,219.385082948569,1.477722772277228,turn,9,53.2,75.9,False,12.0,6.549999999999796,5.450000000000204,6.450000000000204
2255,25.48718278,51.45911557,15.1,2.255,2255.0,219.42944715414984,1.3960396039603928,turn,9,53.2,75.9,False,12.0,6.549999999999796,5.450000000000204,6.450000000000204
2256,25.48717582,51.45910923,15.1,2.256,2256.0,220.7498546389524,1.3118811881188064,turn,9,53.2,75.9,False,12.0,6.549999999999796,5.450000000000204,6.450000000000204
2257,25.487169,51.45910272,15.1,2.257,2257.0,221.04854865159447,1.232673267326727,turn,9,53.2,75.9,False,12.0,6.549999999999796,5.450000000000204,6.450000000000204
2258,25.48716221,51.45909617,15.2,2.258,2258.0,221.00679471888225,1.1534653465346523,turn,9,53.2,75.9,False,12.0,6.549999999999796,5.450000000000204,6.450000000000204
2259,25.48715541,51.45908962,15.2,2.259,2259.0,221.5175368807336,1.0717821782178216,turn,9,53.2,75.9,False,12.0,6.236666666666564,5.763333333333435,6.680000000000102
2260,25.48714867,51.45908301,15.2,2.26,2260.0,222.7111993285018,0.9950495049504894,turn,9,53.2,75.9,False,12.0,6.236666666666564,5.763333333333435,6.680000000000102
2261,25.48714205,51.45907624,15.2,2.261,2261.0,222.7121581199644,0.9183168316831658,turn,9,53.2,75.9,False,12.0,6.236666666666564,5.763333333333435,6.680000000000102
2262,25.48713544,51.45906948,15.2,2.262,2262.0,222.6689928316662,0.8391089108910909,turn,9,53.2,75.9,False,12.0,6.236666666666564,5.763333333333435,6.680000000000102
2263,25.48712882,51.45906272,15.2,2.263,2263.0,224.58937465704693,0.7623762376237586,turn,9,53.2,75.9,False,12.0,6.236666666666564,5.763333333333435,6.680000000000102
2264,25.48712241,51.45905572,15.2,2.264,2264.0,224.80140277530506,0.6881188118811865,turn,9,53.2,75.9,False,12.0,6.000000000000001,6.0,6.833333333333333
2265,25.48711602,51.45904869,15.2,2.265,2265.0,224.84627095571858,0.6089108910891028,turn,9,53.2,75.9,False,12.0,6.000000000000001,6.0,6.833333333333333
2266,25.48710964,51.45904166,15.2,2.266,2266.0,226.12632384400126,0.5346534653465262,turn,9,53.2,75.9,False,12.0,6.000000000000001,6.0,6.833333333333333
2267,25.4871034,51.45903447,15.2,2.267,2267.0,227.32657076886284,0.4579207920792028,turn,9,53.2,75.9,False,12.0,6.000000000000001,6.0,6.833333333333333
2268,25.4870973,51.45902714,15.2,2.268,2268.0,227.32657218822723,0.3836633663366307,turn,9,53.2,75.9,False,12.0,6.000000000000001,6.0,6.833333333333333
2269,25.4870912,51.45901981,15.2,2.269,2269.0,227.58387371328814,0.30940594059405857,turn,9,53.2,75.9,False,12.0,6.0,6.0,6.75
2270,25.48708513,51.45901245,15.2,2.27,2270.0,228.95612335416652,0.23267326732673066,turn,9,53.2,75.9,False,12.0,6.0,6.0,6.75
2271,25.48707922,51.45900493,15.2,2.271,2271.0,228.9561247494009,0.15594059405940275,turn,9,53.2,75.9,False,12.0,6.0,6.0,6.75
2272,25.48707331,51.45899741,15.2,2.272,2272.0,229.004173326964,0.0816831683168262,turn,9,53.2,75.9,False,12.0,6.0,6.0,6.75
2273,25.48706741,51.45898989,15.2,2.273,2273.0,231.84539779718304,0.007425742574254101,turn,9,53.2,75.9,False,12.0,6.0,6.0,6.75
2274,25.48706185,51.45898205,15.2,2.274,2274.0,232.4593446125346,-0.06683168316832244,turn,9,53.2,75.9,False,12.0,5.999999999999999,6.0,6.666666666666667
2275,25.48705637,51.45897415,15.2,2.275,2275.0,232.4088650804149,-0.14108910891089455,turn,9,53.2,75.9,False,12.0,5.999999999999999,6.0,6.666666666666667
2276,25.48705088,51.45896625,15.2,2.276,2276.0,233.77494320541894,-0.21287128712871528,turn,9,53.2,75.9,False,12.0,5.999999999999999,6.0,6.666666666666667
2277,25.48704557,51.45895822,15.2,2.277,2277.0,234.9877473275293,-0.2871287128712874,turn,9,53.2,75.9,False,12.0,5.999999999999999,6.0,6.666666666666667
2278,25.48704041,51.45895006,15.1,2.278,2278.0,234.9877484834187,-0.35643564356435675,turn,9,53.2,75.9,False,12.0,5.999999999999999,6.0,6.666666666666667
2279,25.48703525,51.4589419,15.1,2.279,2279.0,235.91101606653467,-0.42326732673267475,turn,9,53.2,75.9,False,12.0,5.999999999999999,6.0,6.666666666666667
2280,25.48703021,51.45893365,15.1,2.28,2280.0,238.2571377688809,-0.48762376237624133,turn,9,53.2,75.9,False,12.0,6.000000000000001,6.0,6.583333333333333
2281,25.48702548,51.45892518,15.1,2.281,2281.0,238.2029743190993,-0.551980198019808,turn,9,53.2,75.9,False,12.0,6.000000000000001,6.0,6.583333333333333
2282,25.48702074,51.45891671,15.1,2.282,2282.0,238.39584123431845,-0.6163366336633658,turn,9,53.2,75.9,False,12.0,6.000000000000001,6.0,6.583333333333333
2283,25.48701603,51.45890823,15.1,2.283,2283.0,241.9937656201161,-0.6782178217821766,turn,9,53.2,75.9,False,12.0,6.000000000000001,6.0,6.583333333333333
2284,25.48701181,51.45889944,15.0,2.284,2284.0,241.9937665071059,-0.7400990099009874,turn,9,53.2,75.9,False,12.0,6.000000000000001,6.0,6.583333333333333
2285,25.48700759,51.45889065,15.0,2.285,2285.0,241.9937673403871,-0.7970297029702955,turn,9,53.2,75.9,False,12.0,6.0,6.0,6.5
2286,25.48700337,51.45888186,15.0,2.286,2286.0,244.7015375889846,-0.8514851485148477,turn,9,53.2,75.9,False,12.0,6.0,6.0,6.5
2287,25.48699953,51.45887286,14.9,2.287,2287.0,245.2032808186786,-0.9059405940594002,turn,9,53.2,75.9,False,12.0,6.0,6.0,6.5
2288,25.48699576,51.45886382,14.9,2.288,2288.0,245.20328148756028,-0.957920792079201,turn,9,53.2,75.9,False,12.0,6.0,6.0,6.5
2289,25.48699199,51.45885478,14.9,2.289,2289.0,247.8163238777546,-1.0099009900990064,turn,9,53.2,75.9,False,12.0,6.0,6.0,6.5
2290,25.4869886,51.45884557,14.8,2.29,2290.0,249.05394420900808,-1.059405940594056,turn,9,53.2,75.9,False,12.0,5.999999999999999,6.0,6.416666666666667
2291,25.48698539,51.45883628,14.8,2.291,2291.0,249.0745164077922,-1.106435643564354,turn,9,53.2,75.9,False,12.0,5.999999999999999,6.0,6.416666666666667
2292,25.48698218,51.45882698,14.8,2.292,2292.0,250.6106002154889,-1.150990099009901,turn,9,53.2,75.9,False,12.0,5.999999999999999,6.0,6.416666666666667
2293,25.4869792,51.4588176,14.7,2.293,2293.0,252.18478088314407,-1.1955445544554433,turn,9,53.2,75.9,False,12.0,5.999999999999999,6.0,6.416666666666667
2294,25.48697645,51.45880812,14.7,2.294,2294.0,252.16716003985218,-1.235148514851483,turn,9,53.2,75.9,False,12.0,5.999999999999999,6.0,6.416666666666667
2295,25.4869737,51.45879865,14.7,2.295,2295.0,253.3054697524288,-1.2722772277227712,turn,9,53.2,75.9,False,12.0,6.000000000000001,6.0,6.333333333333333
2296,25.48697112,51.45878912,14.6,2.296,2296.0,255.22690858445438,-1.3069306930693037,turn,9,53.2,75.9,False,12.0,6.000000000000001,6.0,6.333333333333333
2297,25.48696883,51.4587795,14.6,2.297,2297.0,255.22690887323134,-1.3415841584158361,turn,9,53.2,75.9,False,12.0,6.000000000000001,6.0,6.333333333333333
2298,25.48696654,51.45876988,14.6,2.298,2298.0,256.0115797429823,-1.3712871287128703,turn,9,53.2,75.9,False,12.0,6.000000000000001,6.0,6.333333333333333
2299,25.48696437,51.45876023,14.5,2.299,2299.0,258.9531800276671,-1.3985148514851442,turn,9,53.2,75.9,False,12.0,6.000000000000001,6.0,6.333333333333333
2300,25.48696265,51.45875047,14.5,2.3,2300.0,258.95318020766564,-1.4257425742574226,turn,9,53.2,75.9,False,12.0,6.000000000000001,6.0,6.333333333333333
2301,25.48696093,51.45874071,14.5,2.301,2301.0,259.21476713334033,-1.4504950495049407,turn,9,53.2,75.9,False,12.0,6.0,6.0,6.25
2302,25.48695925,51.45873094,14.4,2.302,2302.0,262.6451608614042,-1.470297029702965,turn,9,53.2,75.9,False,12.0,6.0,6.0,6.25
2303,25.4869581,51.45872107,14.4,2.303,2303.0,262.57447556335916,-1.4876237623762334,turn,9,53.2,75.9,False,12.0,6.0,6.0,6.25
2304,25.48695694,51.45871121,14.4,2.304,2304.0,262.64516104144633,-1.5049504950494974,turn,9,53.2,75.9,False,12.0,6.0,6.0,6.25
2305,25.48695579,51.45870134,14.3,2.305,2305.0,265.07539634690215,-1.5148514851485118,turn,9,53.2,75.9,False,12.0,6.0,6.0,6.25
2306,25.48695502,51.45869144,14.3,2.306,2306.0,265.2075216804823,-1.5247524752475172,turn,9,53.2,75.9,False,12.0,5.999999999999999,6.0,6.166666666666667
2307,25.48695427,51.45868153,14.3,2.307,2307.0,265.275875114648,-1.5321782178217758,turn,9,53.2,75.9,False,12.0,5.999999999999999,6.0,6.166666666666667
2308,25.48695353,51.45867161,14.2,2.308,2308.0,267.95542469697193,-1.537128712871283,turn,9,53.2,75.9,False,12.0,5.999999999999999,6.0,6.166666666666667
2309,25.48695321,51.45866168,14.2,2.309,2309.0,268.66062056859937,-1.534653465346536,turn,9,53.2,75.9,False,12.0,5.999999999999999,6.0,6.166666666666667
2310,25.486953,51.45865173,14.1,2.31,2310.0,268.65927359902014,-1.5297029702970288,turn,9,53.2,75.9,False,12.0,5.999999999999999,6.0,6.166666666666667
2311,25.48695279,51.45864179,14.1,2.311,2311.0,269.9361463204508,-1.5222772277227703,turn,9,53.2,75.9,False,12.0,5.763333333333229,6.236666666666772,6.320000000000105
2312,25.48695278,51.45863185,14.1,2.312,2312.0,270.7016757346841,-1.512376237623756,turn,9,53.2,75.9,False,12.0,5.763333333333229,6.236666666666772,6.320000000000105
2313,25.48695289,51.4586219,14.0,2.313,2313.0,270.70238153620323,-1.502475247524755,turn,9,53.2,75.9,False,12.0,5.763333333333229,6.236666666666772,6.320000000000105
2314,25.486953,51.45861196,14.0,2.314,2314.0,272.23382518977303,-1.4876237623762378,turn,9,53.2,75.9,False,12.0,5.763333333333229,6.236666666666772,6.320000000000105
2315,25.48695335,51.45860202,14.0,2.315,2315.0,273.70593306169883,-1.467821782178218,turn,9,53.2,75.9,False,12.0,5.763333333333229,6.236666666666772,6.320000000000105
2316,25.48695393,51.4585921,13.9,2.316,2316.0,273.76586050767503,-1.4480198019801982,turn,9,53.2,75.9,False,12.0,5.709999999999792,6.290000000000208,6.290000000000208
2317,25.48695452,51.45858217,13.9,2.317,2317.0,274.2832999949783,-1.4257425742574226,turn,9,53.2,75.9,False,12.0,5.709999999999792,6.290000000000208,6.290000000000208
2318,25.48695519,51.45857226,13.9,2.318,2318.0,275.3697904905762,-1.3985148514851486,turn,9,53.2,75.9,False,12.0,5.709999999999792,6.290000000000208,6.290000000000208
2319,25.48695603,51.45856236,13.8,2.319,2319.0,275.36440362942125,-1.3737623762376217,turn,9,53.2,75.9,False,12.0,5.709999999999792,6.290000000000208,6.290000000000208
2320,25.48695687,51.45855245,13.8,2.32,2320.0,275.75663661892736,-1.3465346534653433,turn,9,53.2,75.9,False,12.0,5.709999999999792,6.290000000000208,6.290000000000208
2321,25.48695777,51.45854256,13.8,2.321,2321.0,278.00247288174495,-1.3143564356435622,turn,9,53.2,75.9,False,11.400000000000162,6.47333333333363,4.926666666666532,6.326666666666978
2322,25.48695902,51.45853271,13.7,2.322,2322.0,277.9392727137918,-1.282178217821781,turn,9,53.2,75.9,False,11.400000000000162,6.47333333333363,4.926666666666532,6.326666666666978
2323,25.48696026,51.45852286,13.7,2.323,2323.0,278.00247306037835,-1.2475247524752486,turn,9,53.2,75.9,False,11.400000000000162,6.47333333333363,4.926666666666532,6.326666666666978
2324,25.48696151,51.45851301,13.7,2.324,2324.0,278.7137726224847,-1.2103960396039604,turn,9,53.2,75.9,False,11.400000000000162,6.47333333333363,4.926666666666532,6.326666666666978
2325,25.48696287,51.45850318,13.6,2.325,2325.0,278.77685048518526,-1.173267326732672,turn,9,53.2,75.9,False,11.400000000000162,6.47333333333363,4.926666666666532,6.326666666666978
2326,25.48696424,51.45849335,13.6,2.326,2326.0,278.83990692514885,-1.1361386138613927,turn,9,53.2,75.9,False,10.800000000000152,5.170000000000177,5.629999999999977,6.330000000000413
2327,25.48696562,51.45848352,13.6,2.327,2327.0,279.5511472590392,-1.096534653465353,turn,9,53.2,75.9,False,10.800000000000152,5.170000000000177,5.629999999999977,6.330000000000413
2328,25.48696711,51.45847371,13.5,2.328,2328.0,279.8753260700859,-1.0569306930693134,turn,9,53.2,75.9,False,10.800000000000152,5.170000000000177,5.629999999999977,6.330000000000413
2329,25.48696865,51.45846391,13.5,2.329,2329.0,279.9381771429414,-1.014851485148518,turn,9,53.2,75.9,False,10.800000000000152,5.170000000000177,5.629999999999977,6.330000000000413
2330,25.4869702,51.45845411,13.5,2.33,2330.0,279.9381773085203,-0.9702970297029712,turn,9,53.2,75.9,False,10.800000000000152,5.170000000000177,5.629999999999977,6.330000000000413
2331,25.48697175,51.45844431,13.5,2.331,2331.0,280.0110132340378,-0.9257425742574288,turn,9,53.2,75.9,False,10.300000000000146,5.270000000000076,5.03000000000007,6.230000000000514
2332,25.48697331,51.45843452,13.4,2.332,2332.0,280.0010044079858,-0.881188118811882,turn,9,53.2,75.9,False,10.300000000000146,5.270000000000076,5.03000000000007,6.230000000000514
2333,25.48697487,51.45842472,13.4,2.333,2333.0,280.07387629200593,-0.8341584158415839,turn,9,53.2,75.9,False,10.300000000000146,5.270000000000076,5.03000000000007,6.230000000000514
2334,25.48697644,51.45841493,13.4,2.334,2334.0,280.78523860094197,-0.7896039603960413,turn,9,53.2,75.9,False,10.300000000000146,5.270000000000076,5.03000000000007,6.230000000000514
2335,25.48697812,51.45840516,13.3,2.335,2335.0,280.8479176707918,-0.745049504950499,turn,9,53.2,75.9,False,10.300000000000146,5.270000000000076,5.03000000000007,6.230000000000514
2336,25.48697981,51.45839539,13.3,2.336,2336.0,280.7852388632255,-0.6980198019802009,turn,9,53.2,75.9,False,10.000000000000142,5.190000000000074,4.810000000000068,5.91000000000051
2337,25.48698149,51.45838562,13.3,2.337,2337.0,281.03579672717547,-0.6509900990099027,turn,9,53.2,75.9,False,10.000000000000142,5.190000000000074,4.810000000000068,5.91000000000051
2338,25.48698321,51.45837585,13.3,2.338,2338.0,281.1094584700093,-0.6064356435643603,turn,9,53.2,75.9,False,10.000000000000142,5.190000000000074,4.810000000000068,5.91000000000051
2339,25.48698494,51.45836609,13.2,2.339,2339.0,281.1094586201399,-0.5618811881188179,turn,9,53.2,75.9,False,10.000000000000142,5.190000000000074,4.810000000000068,5.91000000000051
2340,25.48698667,51.45835633,13.2,2.34,2340.0,281.17206439622174,-0.5173267326732667,turn,9,53.2,75.9,False,10.000000000000142,5.190000000000074,4.810000000000068,5.91000000000051
2341,25.48698841,51.45834657,13.2,2.341,2341.0,281.2346431713843,-0.4702970297029774,turn,9,53.2,75.9,False,10.800000000000152,4.98000000000007,5.820000000000082,5.92000000000051
2342,25.48699016,51.45833681,13.2,2.342,2342.0,281.2458724533966,-0.42574257425743056,turn,9,53.2,75.9,False,10.800000000000152,4.98000000000007,5.820000000000082,5.92000000000051
2343,25.48699191,51.45832706,13.2,2.343,2343.0,281.2346434504148,-0.38118811881188375,turn,9,53.2,75.9,False,10.800000000000152,4.98000000000007,5.820000000000082,5.92000000000051
2344,25.48699366,51.4583173,13.2,2.344,2344.0,281.7577091858647,-0.33415841584159,turn,9,53.2,75.9,False,10.800000000000152,4.98000000000007,5.820000000000082,5.92000000000051
2345,25.48699549,51.45830756,13.2,2.345,2345.0,281.75770930523544,-0.2896039603960432,turn,9,53.2,75.9,False,10.800000000000152,4.98000000000007,5.820000000000082,5.92000000000051
2346,25.48699732,51.45829782,13.2,2.346,2346.0,281.76945660724624,-0.2450495049504964,turn,9,53.2,75.9,False,10.60000000000015,5.090000000000073,5.510000000000078,5.710000000000507
2347,25.48699915,51.45828809,13.2,2.347,2347.0,281.882575089633,-0.1980198019801982,turn,9,53.2,75.9,False,10.60000000000015,5.090000000000073,5.510000000000078,5.710000000000507
2348,25.487001,51.45827835,13.2,2.348,2348.0,282.08169882411966,-0.1559405940594072,turn,9,53.2,75.9,False,10.60000000000015,5.090000000000073,5.510000000000078,5.710000000000507
2349,25.48700288,51.45826862,13.3,2.349,2349.0,282.01930828275545,-0.1163366336633631,turn,9,53.2,75.9,False,10.60000000000015,5.090000000000073,5.510000000000078,5.710000000000507
2350,25.48700475,51.45825889,13.3,2.35,2350.0,282.0193084490586,-0.07425742574257654,turn,9,53.2,75.9,False,10.60000000000015,5.090000000000073,5.510000000000078,5.710000000000507
2351,25.48700662,51.45824916,13.3,2.351,2351.0,282.15618359052115,-0.034653465346536905,turn,9,53.2,75.9,False,9.10000000000013,5.140000000000073,3.960000000000056,5.560000000000505
2352,25.48700851,51.45823944,13.3,2.352,2352.0,282.1440612288961,0.0049504950494982936,turn,9,53.2,75.9,False,9.10000000000013,5.140000000000073,3.960000000000056,5.560000000000505
2353,25.4870104,51.45822971,13.3,2.353,2353.0,282.1561839614555,0.04702970297029818,turn,9,53.2,75.9,False,9.10000000000013,5.140000000000073,3.960000000000056,5.560000000000505
2354,25.48701229,51.45821999,13.3,2.354,2354.0,282.2185750179284,0.08415841584158201,turn,9,53.2,75.9,False,9.10000000000013,5.140000000000073,3.960000000000056,5.560000000000505
2355,25.48701419,51.45821027,13.4,2.355,2355.0,282.405570964312,0.11881188118812336,turn,9,53.2,75.9,False,9.10000000000013,5.140000000000073,3.960000000000056,5.560000000000505
2356,25.48701612,51.45820055,13.4,2.356,2356.0,282.40557118502477,0.1559405940594072,turn,9,53.2,75.9,False,9.600000000000136,4.490000000000063,5.110000000000073,5.610000000000507
2357,25.48701805,51.45819083,13.4,2.357,2357.0,282.41795123251154,0.19306930693069102,turn,9,53.2,75.9,False,9.600000000000136,4.490000000000063,5.110000000000073,5.610000000000507
2358,25.48701998,51.45818112,13.4,2.358,2358.0,282.4802821344879,0.22524752475247659,straight,-1,inf,inf,False,9.600000000000136,4.490000000000063,5.110000000000073,5.610000000000507
2359,25.48702192,51.45817141,13.4,2.359,2359.0,282.6048535185461,0.25742574257425765,straight,-1,inf,inf,False,9.600000000000136,4.490000000000063,5.110000000000073,5.610000000000507
2360,25.48702388,51.4581617,13.5,2.36,2360.0,282.60485378492206,0.28960396039603875,straight,-1,inf,inf,False,9.600000000000136,4.490000000000063,5.110000000000073,5.610000000000507
2361,25.48702584,51.45815199,13.5,2.361,2361.0,282.6048539363072,0.31683168316831267,straight,-1,inf,inf,False,10.700000000000152,4.910000000000069,5.790000000000083,5.790000000000509
2362,25.4870278,51.45814228,13.5,2.362,2362.0,282.480282921038,0.34405940594059103,straight,-1,inf,inf,False,10.700000000000152,4.910000000000069,5.790000000000083,5.790000000000509
2363,25.48702974,51.45813257,13.5,2.363,2363.0,282.4055725155152,0.3737623762376252,straight,-1,inf,inf,False,10.700000000000152,4.910000000000069,5.790000000000083,5.790000000000509
2364,25.48703167,51.45812285,13.6,2.364,2364.0,282.4802833301097,0.40099009900989907,straight,-1,inf,inf,False,10.700000000000152,4.910000000000069,5.790000000000083,5.790000000000509
2365,25.48703361,51.45811314,13.6,2.365,2365.0,282.4802835133385,0.4257425742574261,straight,-1,inf,inf,False,10.700000000000152,4.910000000000069,5.790000000000083,5.790000000000509
2366,25.48703555,51.45810343,13.6,2.366,2366.0,282.86644378723986,0.4529702970297045,straight,-1,inf,inf,False,10.700000000000152,4.910000000000069,5.790000000000083,5.790000000000509
2367,25.48703755,51.45809373,13.6,2.367,2367.0,282.86644397443047,0.4777227722772314,straight,-1,inf,inf,False,10.500000000000153,4.860000000000071,5.6400000000000805,6.140000000000514
2368,25.48703955,51.45808403,13.7,2.368,2368.0,282.804237639613,0.5024752475247585,straight,-1,inf,inf,False,10.500000000000153,4.860000000000071,5.6400000000000805,6.140000000000514
2369,25.48704154,51.45807433,13.7,2.369,2369.0,282.8042378527408,0.527227722772281,straight,-1,inf,inf,False,10.500000000000153,4.860000000000071,5.6400000000000805,6.140000000000514
2370,25.48704353,51.45806463,13.7,2.37,2370.0,282.604855752007,0.5495049504950522,straight,-1,inf,inf,False,10.500000000000153,4.860000000000071,5.6400000000000805,6.140000000000514
2371,25.48704549,51.45805492,13.7,2.371,2371.0,282.66709625002125,0.569306930693072,straight,-1,inf,inf,False,10.500000000000153,4.860000000000071,5.6400000000000805,6.140000000000514
2372,25.48704746,51.45804521,13.8,2.372,2372.0,282.61743503787045,0.5891089108910874,straight,-1,inf,inf,False,11.20000000000016,5.290000000000075,5.9100000000000845,6.710000000000522
2373,25.48704942,51.45803551,13.8,2.373,2373.0,282.72930657432505,0.6064356435643559,straight,-1,inf,inf,False,11.20000000000016,5.290000000000075,5.9100000000000845,6.710000000000522
2374,25.4870514,51.4580258,13.8,2.374,2374.0,282.94151439798964,0.6237623762376288,straight,-1,inf,inf,False,11.20000000000016,5.290000000000075,5.9100000000000845,6.710000000000522
2375,25.48705341,51.45801611,13.9,2.375,2375.0,282.86644559593014,0.6410891089108972,straight,-1,inf,inf,False,11.20000000000016,5.290000000000075,5.9100000000000845,6.710000000000522
2376,25.48705541,51.45800641,13.9,2.376,2376.0,282.8664458308383,0.6559405940594099,straight,-1,inf,inf,False,11.20000000000016,5.290000000000075,5.9100000000000845,6.710000000000522
2377,25.48705741,51.45799671,13.9,2.377,2377.0,282.86644604127605,0.6707920792079225,straight,-1,inf,inf,False,12.800000000000182,6.940000000000099,5.860000000000083,7.360000000000531
2378,25.48705941,51.45798701,14.0,2.378,2378.0,282.8042397251512,0.6856435643564396,straight,-1,inf,inf,False,12.800000000000182,6.940000000000099,5.860000000000083,7.360000000000531
2379,25.4870614,51.45797731,14.0,2.379,2379.0,282.80423987078916,0.7004950495049522,straight,-1,inf,inf,False,12.800000000000182,6.940000000000099,5.860000000000083,7.360000000000531
2380,25.48706339,51.45796761,14.0,2.38,2380.0,282.74200279689796,0.7128712871287135,straight,-1,inf,inf,False,12.800000000000182,6.940000000000099,5.860000000000083,7.360000000000531
2381,25.48706537,51.45795791,14.1,2.381,2381.0,282.8664468533978,0.7227722772277234,straight,-1,inf,inf,False,12.800000000000182,6.940000000000099,5.860000000000083,7.360000000000531
2382,25.48706737,51.45794821,14.1,2.382,2382.0,282.8664470801492,0.7326732673267333,straight,-1,inf,inf,False,12.50000000000018,6.440000000000094,6.060000000000086,7.960000000000539
2383,25.48706937,51.45793851,14.1,2.383,2383.0,282.866447275497,0.7425742574257432,straight,-1,inf,inf,False,12.50000000000018,6.440000000000094,6.060000000000086,7.960000000000539
2384,25.48707137,51.45792881,14.2,2.384,2384.0,282.86644751387195,0.7500000000000018,straight,-1,inf,inf,False,12.50000000000018,6.440000000000094,6.060000000000086,7.960000000000539
2385,25.48707337,51.45791911,14.2,2.385,2385.0,282.80424110392823,0.7574257425742603,straight,-1,inf,inf,False,12.50000000000018,6.440000000000094,6.060000000000086,7.960000000000539
2386,25.48707536,51.45790941,14.2,2.386,2386.0,282.7420040361615,0.7599009900990117,straight,-1,inf,inf,False,12.50000000000018,6.440000000000094,6.060000000000086,7.960000000000539
2387,25.48707734,51.45789971,14.2,2.387,2387.0,282.679736363704,0.7599009900990117,straight,-1,inf,inf,False,13.000000000000185,6.610000000000094,6.390000000000089,8.490000000000546
2388,25.48707931,51.45789001,14.3,2.388,2388.0,282.7293096763149,0.762376237623763,straight,-1,inf,inf,False,13.000000000000185,6.610000000000094,6.390000000000089,8.490000000000546
2389,25.48708129,51.4578803,14.3,2.389,2389.0,282.80424193963023,0.7648514851485144,straight,-1,inf,inf,False,13.000000000000185,6.610000000000094,6.390000000000089,8.490000000000546
2390,25.48708328,51.4578706,14.3,2.39,2390.0,282.7420048564567,0.7623762376237675,straight,-1,inf,inf,False,13.000000000000185,6.610000000000094,6.390000000000089,8.490000000000546
2391,25.48708526,51.4578609,14.4,2.391,2391.0,282.8042423486166,0.7574257425742559,straight,-1,inf,inf,False,13.000000000000185,6.610000000000094,6.390000000000089,8.490000000000546
2392,25.48708725,51.4578512,14.4,2.392,2392.0,282.8042425536249,0.7500000000000018,straight,-1,inf,inf,False,13.700000000000196,6.810000000000098,6.8900000000000965,8.79000000000055
2393,25.48708924,51.4578415,14.4,2.393,2393.0,282.72931069370986,0.7400990099009919,straight,-1,inf,inf,False,13.700000000000196,6.810000000000098,6.8900000000000965,8.79000000000055
2394,25.48709122,51.45783179,14.4,2.394,2394.0,282.61743942510475,0.730198019801982,straight,-1,inf,inf,False,13.700000000000196,6.810000000000098,6.8900000000000965,8.79000000000055
2395,25.48709318,51.45782209,14.5,2.395,2395.0,282.66710113366963,0.7178217821782118,straight,-1,inf,inf,False,13.300000000000187,7.240000000000206,6.059999999999983,8.460000000000443
2396,25.48709515,51.45781238,14.5,2.396,2396.0,282.6671013543794,0.7029702970296992,straight,-1,inf,inf,False,13.300000000000187,7.240000000000206,6.059999999999983,8.460000000000443
2397,25.48709712,51.45780267,14.5,2.397,2397.0,282.80424355875505,0.6856435643564307,straight,-1,inf,inf,False,13.300000000000187,7.240000000000206,6.059999999999983,8.460000000000443
2398,25.48709911,51.45779297,14.5,2.398,2398.0,282.94151936211637,0.6683168316831622,straight,-1,inf,inf,False,13.300000000000187,7.240000000000206,6.059999999999983,8.460000000000443
2399,25.48710112,51.45778328,14.5,2.399,2399.0,282.9286263447268,0.6460396039603911,straight,-1,inf,inf,False,13.300000000000187,7.240000000000206,6.059999999999983,8.460000000000443
2400,25.48710313,51.45777358,14.6,2.4,2400.0,282.9415197803896,0.6237623762376243,straight,-1,inf,inf,False,13.600000000000191,8.155000000000323,5.444999999999871,8.045000000000334
2401,25.48710514,51.45776389,14.6,2.401,2401.0,282.92862675103515,0.6014851485148531,straight,-1,inf,inf,False,13.600000000000191,8.155000000000323,5.444999999999871,8.045000000000334
2402,25.48710715,51.45775419,14.6,2.402,2402.0,282.74200727649225,0.5767326732673306,straight,-1,inf,inf,False,13.600000000000191,8.155000000000323,5.444999999999871,8.045000000000334
2403,25.48710913,51.45774449,14.6,2.403,2403.0,282.8042448274773,0.5470297029703008,straight,-1,inf,inf,False,13.600000000000191,8.155000000000323,5.444999999999871,8.045000000000334
2404,25.48711112,51.45773479,14.6,2.404,2404.0,282.7914923743464,0.5173267326732711,straight,-1,inf,inf,False,13.600000000000191,8.155000000000323,5.444999999999871,8.045000000000334
2405,25.48711311,51.45772508,14.6,2.405,2405.0,282.742007907503,0.4851485148514856,straight,-1,inf,inf,False,13.0,5.3949999999997775,7.6050000000002225,7.6050000000002225
2406,25.48711509,51.45771538,14.6,2.406,2406.0,282.74200810247316,0.4480198019802017,straight,-1,inf,inf,False,13.0,5.3949999999997775,7.6050000000002225,7.6050000000002225
2407,25.48711707,51.45770568,14.6,2.407,2407.0,282.8042456454512,0.410891089108909,straight,-1,inf,inf,False,13.0,5.3949999999997775,7.6050000000002225,7.6050000000002225
2408,25.48711906,51.45769598,14.6,2.408,2408.0,282.7293137255434,0.37128712871286496,straight,-1,inf,inf,False,13.0,5.3949999999997775,7.6050000000002225,7.6050000000002225
2409,25.48712104,51.45768627,14.5,2.409,2409.0,282.7420087126589,0.32920792079207395,straight,-1,inf,inf,False,13.0,5.3949999999997775,7.6050000000002225,7.6050000000002225
2410,25.48712302,51.45767657,14.5,2.41,2410.0,282.74200892379554,0.2846534653465316,straight,-1,inf,inf,False,12.95,5.889999999999887,7.060000000000113,7.110000000000113
2411,25.487125,51.45766687,14.5,2.411,2411.0,282.7293143458513,0.24009900990098917,straight,-1,inf,inf,False,12.95,5.889999999999887,7.060000000000113,7.110000000000113
2412,25.48712698,51.45765716,14.5,2.412,2412.0,282.7420093299025,0.19306930693069546,straight,-1,inf,inf,False,12.95,5.889999999999887,7.060000000000113,7.110000000000113
2413,25.48712896,51.45764746,14.5,2.413,2413.0,282.7420095527558,0.14603960396039728,straight,-1,inf,inf,False,12.95,5.889999999999887,7.060000000000113,7.110000000000113
2414,25.48713094,51.45763776,14.5,2.414,2414.0,282.54259401438685,0.09653465346534329,straight,-1,inf,inf,False,12.95,5.889999999999887,7.060000000000113,7.110000000000113
2415,25.48713289,51.45762805,14.5,2.415,2415.0,282.60486482009816,0.044554455445542374,straight,-1,inf,inf,False,12.9,6.45,6.45,6.55
2416,25.48713485,51.45761834,14.5,2.416,2416.0,282.5425944095006,-0.0074257425742585426,straight,-1,inf,inf,False,12.9,6.45,6.45,6.55
2417,25.4871368,51.45760863,14.5,2.417,2417.0,282.5425946263626,-0.06188118811881083,straight,-1,inf,inf,False,12.9,6.45,6.45,6.55
2418,25.48713875,51.45759892,14.4,2.418,2418.0,282.4055834106427,-0.1163366336633631,straight,-1,inf,inf,False,12.9,6.45,6.45,6.55
2419,25.48714068,51.4575892,14.4,2.419,2419.0,282.343281274941,-0.17326732673266676,straight,-1,inf,inf,False,12.9,6.45,6.45,6.55
2420,25.4871426,51.45757948,14.4,2.42,2420.0,282.35560312627933,-0.22772277227722793,straight,-1,inf,inf,False,12.9,6.45,6.45,6.55
2421,25.48714452,51.45756977,14.4,2.421,2421.0,282.34328163738445,-0.2846534653465316,straight,-1,inf,inf,False,12.85,6.425,6.425,6.575
2422,25.48714644,51.45756005,14.4,2.422,2422.0,282.2185882577328,-0.34405940594059103,straight,-1,inf,inf,False,12.85,6.425,6.425,6.575
2423,25.48714834,51.45755033,14.4,2.423,2423.0,282.14407499278616,-0.40346534653465055,straight,-1,inf,inf,False,12.85,6.425,6.425,6.575
2424,25.48715023,51.4575406,14.3,2.424,2424.0,282.15619765556613,-0.46287128712871,straight,-1,inf,inf,False,12.85,6.425,6.425,6.575
2425,25.48715212,51.45753088,14.3,2.425,2425.0,282.1440753479684,-0.5247524752475208,straight,-1,inf,inf,False,12.85,6.425,6.425,6.575
2426,25.48715401,51.45752115,14.3,2.426,2426.0,282.21858897224536,-0.5841584158415802,straight,-1,inf,inf,False,12.8,6.4,6.4,6.6
2427,25.48715591,51.45751143,14.3,2.427,2427.0,282.1440757074123,-0.6435643564356486,straight,-1,inf,inf,False,12.8,6.4,6.4,6.6
2428,25.4871578,51.4575017,14.3,2.428,2428.0,282.2185893856341,-0.7029702970297036,straight,-1,inf,inf,False,12.8,6.4,6.4,6.6
2429,25.4871597,51.45749198,14.2,2.429,2429.0,282.21858956522635,-0.7648514851485144,straight,-1,inf,inf,False,12.8,6.4,6.4,6.6
2430,25.4871616,51.45748226,14.2,2.43,2430.0,282.14407625755405,-0.824257425742574,straight,-1,inf,inf,False,12.8,6.4,6.4,6.6
2431,25.48716349,51.45747253,14.2,2.431,2431.0,281.8944555433275,-0.8836633663366289,straight,-1,inf,inf,False,12.75,6.375,6.375,6.625
2432,25.48716534,51.4574628,14.2,2.432,2432.0,281.8825910326979,-0.9405940594059369,straight,-1,inf,inf,False,12.75,6.375,6.375,6.625
2433,25.48716719,51.45745306,14.2,2.433,2433.0,281.8944558517684,-0.9999999999999963,straight,-1,inf,inf,False,12.75,6.375,6.375,6.625
2434,25.48716904,51.45744333,14.2,2.434,2434.0,281.8201728636418,-1.0569306930693045,straight,-1,inf,inf,False,12.75,6.375,6.375,6.625
2435,25.48717088,51.45743359,14.2,2.435,2435.0,281.8944562065359,-1.1113861386138568,straight,-1,inf,inf,False,12.75,6.375,6.375,6.625
2436,25.48717273,51.45742386,14.2,2.436,2436.0,281.8825917897626,-1.165841584158409,straight,-1,inf,inf,False,12.7,6.35,6.3500000000000005,6.65
2437,25.48717458,51.45741412,14.2,2.437,2437.0,281.83197929645974,-1.21782178217821,straight,-1,inf,inf,False,12.7,6.35,6.3500000000000005,6.65
2438,25.48717642,51.45740439,14.2,2.438,2438.0,281.8825921168091,-1.2722772277227623,straight,-1,inf,inf,False,12.7,6.35,6.3500000000000005,6.65
2439,25.48717827,51.45739465,14.2,2.439,2439.0,281.757726722504,-1.3217821782178163,straight,-1,inf,inf,False,12.7,6.35,6.3500000000000005,6.65
2440,25.4871801,51.45738491,14.2,2.44,2440.0,281.5702162708982,-1.368811881188119,straight,-1,inf,inf,False,12.7,6.35,6.3500000000000005,6.65
2441,25.4871819,51.45737517,14.1,2.441,2441.0,281.63274809524495,-1.4158415841584082,straight,-1,inf,inf,False,12.65,6.325,6.325,6.675
2442,25.48718371,51.45736543,14.1,2.442,2442.0,281.62114196238275,-1.460396039603955,straight,-1,inf,inf,False,12.65,6.325,6.325,6.675
2443,25.48718552,51.45735568,14.1,2.443,2443.0,281.57021677339344,-1.502475247524746,straight,-1,inf,inf,False,12.65,6.325,6.325,6.675
2444,25.48718732,51.45734594,14.1,2.444,2444.0,281.35973707220114,-1.5445544554455415,straight,-1,inf,inf,False,12.65,6.325,6.325,6.675
2445,25.48718909,51.45733618,14.1,2.445,2445.0,281.4336407608862,-1.5841584158415765,straight,-1,inf,inf,False,12.65,6.325,6.325,6.675
2446,25.48719087,51.45732643,14.1,2.446,2446.0,281.37108498689804,-1.6212871287128652,straight,-1,inf,inf,False,12.6,6.3,6.3,6.7
2447,25.48719264,51.45731668,14.1,2.447,2447.0,281.3710851843423,-1.6584158415841443,straight,-1,inf,inf,False,12.6,6.3,6.3,6.7
2448,25.48719441,51.45730693,14.1,2.448,2448.0,281.2972134073394,-1.6930693069306815,straight,-1,inf,inf,False,12.6,6.3,6.3,6.7
2449,25.48719617,51.45729717,14.1,2.449,2449.0,281.30850205954516,-1.7227722772277065,straight,-1,inf,inf,False,12.6,6.3,6.3,6.7
2450,25.48719793,51.45728742,14.1,2.45,2450.0,281.2972137368593,-1.7499999999999893,straight,-1,inf,inf,False,12.6,6.3,6.3,6.7
2451,25.48719969,51.45727766,14.1,2.451,2451.0,281.3085023750088,-1.7747524752475117,straight,-1,inf,inf,False,12.55,6.305,6.245,6.695
2452,25.48720145,51.45726791,14.1,2.452,2452.0,281.3085025164252,-1.797029702970283,straight,-1,inf,inf,False,12.55,6.305,6.245,6.695
2453,25.48720321,51.45725816,14.1,2.453,2453.0,281.42223538113365,-1.8193069306930587,straight,-1,inf,inf,False,12.55,6.305,6.245,6.695
2454,25.48720499,51.4572484,14.1,2.454,2454.0,281.3710863150802,-1.8391089108910785,straight,-1,inf,inf,False,12.55,6.305,6.245,6.695
2455,25.48720676,51.45723865,14.1,2.455,2455.0,281.37108647817297,-1.85148514851484,straight,-1,inf,inf,False,12.55,6.305,6.245,6.695
2456,25.48720853,51.4572289,14.0,2.456,2456.0,281.4336425813608,-1.8638613861386009,straight,-1,inf,inf,False,12.5,6.340000000000001,6.159999999999999,6.659999999999999
2457,25.48721031,51.45721915,14.0,2.457,2457.0,281.4336427787497,-1.8737623762376108,straight,-1,inf,inf,False,12.5,6.340000000000001,6.159999999999999,6.659999999999999
2458,25.48721209,51.4572094,14.0,2.458,2458.0,281.433642943618,-1.8836633663366253,straight,-1,inf,inf,False,12.5,6.340000000000001,6.159999999999999,6.659999999999999
2459,25.48721387,51.45719965,14.0,2.459,2459.0,281.4336430488106,-1.8886138613861327,straight,-1,inf,inf,False,12.5,6.340000000000001,6.159999999999999,6.659999999999999
2460,25.48721565,51.4571899,13.9,2.46,2460.0,281.43364327335456,-1.891089108910875,straight,-1,inf,inf,False,12.5,6.340000000000001,6.159999999999999,6.659999999999999
2461,25.48721743,51.45718015,13.9,2.461,2461.0,281.43364341833103,-1.8910891089108837,straight,-1,inf,inf,False,12.15,6.104999999999999,6.045000000000001,6.595000000000001
2462,25.48721921,51.4571704,13.8,2.462,2462.0,281.43364358319934,-1.888613861386128,straight,-1,inf,inf,False,12.15,6.104999999999999,6.045000000000001,6.595000000000001
2463,25.48722099,51.45716065,13.8,2.463,2463.0,281.4336437480677,-1.8836633663366253,straight,-1,inf,inf,False,12.15,6.104999999999999,6.045000000000001,6.595000000000001
2464,25.48722277,51.4571509,13.7,2.464,2464.0,281.433643932828,-1.8787128712871228,straight,-1,inf,inf,False,12.15,6.104999999999999,6.045000000000001,6.595000000000001
2465,25.48722455,51.45714115,13.7,2.465,2465.0,281.4961724239351,-1.8712871287128685,straight,-1,inf,inf,False,12.15,6.104999999999999,6.045000000000001,6.595000000000001
2466,25.48722634,51.4571314,13.7,2.466,2466.0,281.7577313262807,-1.858910891089103,straight,-1,inf,inf,False,11.8,5.9,5.9,6.5
2467,25.48722817,51.45712166,13.6,2.467,2467.0,281.6952560206796,-1.846534653465337,straight,-1,inf,inf,False,11.8,5.9,5.9,6.5
2468,25.48722999,51.45711192,13.6,2.468,2468.0,281.75773165353405,-1.8341584158415758,straight,-1,inf,inf,False,11.8,5.9,5.9,6.5
2469,25.48723182,51.45710218,13.5,2.469,2469.0,281.6952563785061,-1.8193069306930587,straight,-1,inf,inf,False,11.8,5.9,5.9,6.5
2470,25.48723364,51.45709244,13.5,2.47,2470.0,281.69525660532804,-1.8019801980197945,straight,-1,inf,inf,False,11.8,5.9,5.9,6.5
2471,25.48723546,51.4570827,13.5,2.471,2471.0,281.695256742814,-1.7821782178217747,straight,-1,inf,inf,False,11.45,5.725,5.725,6.375
2472,25.48723728,51.45707296,13.4,2.472,2472.0,281.6952569497609,-1.759900990099004,straight,-1,inf,inf,False,11.45,5.725,5.725,6.375
2473,25.4872391,51.45706322,13.4,2.473,2473.0,281.695257107122,-1.7351485148514767,straight,-1,inf,inf,False,11.45,5.725,5.725,6.375
2474,25.48724092,51.45705348,13.4,2.474,2474.0,281.68359206760357,-1.7103960396039497,straight,-1,inf,inf,False,11.45,5.725,5.725,6.375
2475,25.48724274,51.45704373,13.3,2.475,2475.0,281.6952574316798,-1.6856435643564271,straight,-1,inf,inf,False,11.45,5.725,5.725,6.375
2476,25.48724456,51.45703399,13.3,2.476,2476.0,281.6952576386268,-1.6608910891089048,straight,-1,inf,inf,False,11.1,5.550000000000001,5.55,6.25
2477,25.48724638,51.45702425,13.3,2.477,2477.0,281.6327541510488,-1.636138613861382,straight,-1,inf,inf,False,11.1,5.550000000000001,5.55,6.25
2478,25.48724819,51.45701451,13.2,2.478,2478.0,281.6952579672582,-1.6089108910891037,straight,-1,inf,inf,False,11.1,5.550000000000001,5.55,6.25
2479,25.48725001,51.45700477,13.2,2.479,2479.0,281.8201806298965,-1.5816831683168255,straight,-1,inf,inf,False,11.1,5.550000000000001,5.55,6.25
2480,25.48725185,51.45699503,13.2,2.48,2480.0,281.7577337051169,-1.5569306930692983,straight,-1,inf,inf,False,11.1,5.550000000000001,5.55,6.25
2481,25.48725368,51.45698529,13.1,2.481,2481.0,281.82018094095184,-1.5321782178217802,straight,-1,inf,inf,False,10.75,5.375,5.375,6.125
2482,25.48725552,51.45697555,13.1,2.482,2482.0,281.7694811704284,-1.509900990099009,straight,-1,inf,inf,False,10.75,5.375,5.375,6.125
2483,25.48725735,51.45696582,13.1,2.483,2483.0,281.88259989790737,-1.4876237623762378,straight,-1,inf,inf,False,10.75,5.375,5.375,6.125
2484,25.4872592,51.45695608,13.0,2.484,2484.0,282.0193331420239,-1.4653465346534622,straight,-1,inf,inf,False,10.75,5.375,5.375,6.125
2485,25.48726107,51.45694635,13.0,2.485,2485.0,281.95691353791597,-1.4430693069306955,straight,-1,inf,inf,False,10.75,5.375,5.375,6.125
2486,25.48726293,51.45693662,13.0,2.486,2486.0,282.0193334965521,-1.4207920792079198,straight,-1,inf,inf,False,10.4,5.199999999999999,5.2,6.0
2487,25.4872648,51.45692689,12.9,2.487,2487.0,281.9569138860379,-1.3960396039604017,straight,-1,inf,inf,False,10.4,5.199999999999999,5.2,6.0
2488,25.48726666,51.45691716,12.9,2.488,2488.0,282.0193338984064,-1.3712871287128747,straight,-1,inf,inf,False,10.4,5.199999999999999,5.2,6.0
2489,25.48726853,51.45690743,12.9,2.489,2489.0,281.95691421138395,-1.3490099009901035,straight,-1,inf,inf,False,10.4,5.199999999999999,5.2,6.0
2490,25.48727039,51.4568977,12.9,2.49,2490.0,282.01933426819323,-1.331683168316835,straight,-1,inf,inf,False,10.4,5.199999999999999,5.2,6.0
2491,25.48727226,51.45688797,12.8,2.491,2491.0,282.0193344100608,-1.3118811881188197,straight,-1,inf,inf,False,10.05,5.025,5.025,5.875
2492,25.48727413,51.45687824,12.8,2.492,2492.0,282.01933463132184,-1.2920792079207999,straight,-1,inf,inf,False,10.05,5.025,5.025,5.875
2493,25.487276,51.45686851,12.8,2.493,2493.0,282.01933476556013,-1.2698019801980243,straight,-1,inf,inf,False,10.05,5.025,5.025,5.875
2494,25.48727787,51.45685878,12.8,2.494,2494.0,282.01933498223144,-1.2475247524752486,straight,-1,inf,inf,False,10.05,5.025,5.025,5.875
2495,25.48727974,51.45684905,12.7,2.495,2495.0,282.08172603960986,-1.2277227722772333,straight,-1,inf,inf,False,10.05,5.025,5.025,5.875
2496,25.48728162,51.45683932,12.7,2.496,2496.0,282.0193353310725,-1.2103960396039692,straight,-1,inf,inf,False,9.7,4.85,4.85,5.75
2497,25.48728349,51.45682959,12.7,2.497,2497.0,281.9569156918413,-1.1930693069307008,straight,-1,inf,inf,False,9.7,4.85,4.85,5.75
2498,25.48728535,51.45681986,12.7,2.498,2498.0,281.9569158762257,-1.1732673267326765,straight,-1,inf,inf,False,9.7,4.85,4.85,5.75
2499,25.48728721,51.45681013,12.6,2.499,2499.0,281.9569160238135,-1.155940594059408,straight,-1,inf,inf,False,9.7,4.85,4.85,5.75
2500,25.48728907,51.4568004,12.6,2.5,2500.0,281.9449929305769,-1.138613861386144,straight,-1,inf,inf,False,9.7,4.85,4.85,5.75
2501,25.48729093,51.45679066,12.6,2.501,2501.0,282.09379115709487,-1.1237623762376225,straight,-1,inf,inf,False,9.35,4.199999999999894,5.150000000000107,6.100000000000107
2502,25.48729281,51.45678094,12.6,2.502,2502.0,282.1440891092534,-1.10891089108911,straight,-1,inf,inf,False,9.35,4.199999999999894,5.150000000000107,6.100000000000107
2503,25.4872947,51.45677121,12.5,2.503,2503.0,282.0817274992141,-1.0940594059405973,straight,-1,inf,inf,False,9.35,4.199999999999894,5.150000000000107,6.100000000000107
2504,25.48729658,51.45676148,12.5,2.504,2504.0,282.15621203260474,-1.081683168316836,straight,-1,inf,inf,False,9.35,4.199999999999894,5.150000000000107,6.100000000000107
2505,25.48729847,51.45675176,12.5,2.505,2505.0,282.0817278868815,-1.0693069306930703,straight,-1,inf,inf,False,9.35,4.199999999999894,5.150000000000107,6.100000000000107
2506,25.48730035,51.45674203,12.5,2.506,2506.0,281.6952628904297,-1.0569306930693134,straight,-1,inf,inf,False,9.0,3.5549999999997848,5.445000000000215,6.445000000000215
2507,25.48730217,51.45673229,12.5,2.507,2507.0,281.7577385179539,-1.047029702970299,straight,-1,inf,inf,False,9.0,3.5549999999997848,5.445000000000215,6.445000000000215
2508,25.487304,51.45672255,12.4,2.508,2508.0,281.7577386721237,-1.0371287128712892,straight,-1,inf,inf,False,9.0,3.5549999999997848,5.445000000000215,6.445000000000215
2509,25.48730583,51.45671281,12.4,2.509,2509.0,281.75773882629346,-1.0247524752475279,straight,-1,inf,inf,False,9.0,3.5549999999997848,5.445000000000215,6.445000000000215
2510,25.48730766,51.45670307,12.4,2.51,2510.0,281.7577390524628,-1.0173267326732693,straight,-1,inf,inf,False,9.0,3.5549999999997848,5.445000000000215,6.445000000000215
2511,25.48730949,51.45669333,12.4,2.511,2511.0,281.8319921830799,-1.0099009900990108,straight,-1,inf,inf,False,9.0,3.5549999999997848,5.445000000000215,6.445000000000215
2512,25.48731133,51.4566836,12.4,2.512,2512.0,281.8826050828595,-1.0024752475247523,straight,-1,inf,inf,False,10.500000000000153,6.175000000000292,4.324999999999859,6.825000000000321
2513,25.48731318,51.45667386,12.4,2.513,2513.0,281.8319925758457,-0.9975247524752494,straight,-1,inf,inf,False,10.500000000000153,6.175000000000292,4.324999999999859,6.825000000000321
2514,25.48731502,51.45666413,12.4,2.514,2514.0,281.82018680853946,-0.9925742574257468,straight,-1,inf,inf,False,10.500000000000153,6.175000000000292,4.324999999999859,6.825000000000321
2515,25.48731686,51.45665439,12.4,2.515,2515.0,281.75773988272965,-0.9876237623762352,straight,-1,inf,inf,False,10.500000000000153,6.175000000000292,4.324999999999859,6.825000000000321
2516,25.48731869,51.45664465,12.4,2.516,2516.0,281.7577400815678,-0.9826732673267325,straight,-1,inf,inf,False,10.500000000000153,6.175000000000292,4.324999999999859,6.825000000000321
2517,25.48732052,51.45663491,12.4,2.517,2517.0,281.6952648064391,-0.9777227722772253,straight,-1,inf,inf,False,10.00000000000014,5.3200000000001735,4.679999999999966,7.28000000000043
2518,25.48732234,51.45662517,12.4,2.518,2518.0,281.7577404286889,-0.9727722772277226,straight,-1,inf,inf,False,10.00000000000014,5.3200000000001735,4.679999999999966,7.28000000000043
2519,25.48732417,51.45661543,12.4,2.519,2519.0,281.7577405977891,-0.9678217821782154,straight,-1,inf,inf,False,10.00000000000014,5.3200000000001735,4.679999999999966,7.28000000000043
2520,25.487326,51.45660569,12.5,2.52,2520.0,281.8201878381274,-0.965346534653464,straight,-1,inf,inf,False,10.00000000000014,5.3200000000001735,4.679999999999966,7.28000000000043
2521,25.48732784,51.45659595,12.5,2.521,2521.0,281.7694880820171,-0.9628712871287082,straight,-1,inf,inf,False,10.00000000000014,5.3200000000001735,4.679999999999966,7.28000000000043
2522,25.48732967,51.45658622,12.5,2.522,2522.0,281.75774109351727,-0.9554455445544497,straight,-1,inf,inf,False,10.100000000000144,4.830000000000069,5.270000000000076,7.870000000000539
2523,25.4873315,51.45657648,12.5,2.523,2523.0,281.69526587774266,-0.9504950495049425,straight,-1,inf,inf,False,10.100000000000144,4.830000000000069,5.270000000000076,7.870000000000539
2524,25.48733332,51.45656674,12.5,2.524,2524.0,281.43365411261965,-0.9455445544554442,straight,-1,inf,inf,False,10.100000000000144,4.830000000000069,5.270000000000076,7.870000000000539
2525,25.4873351,51.45655699,12.6,2.525,2525.0,281.49618273625435,-0.9430693069306884,straight,-1,inf,inf,False,10.100000000000144,4.830000000000069,5.270000000000076,7.870000000000539
2526,25.48733689,51.45654724,12.6,2.526,2526.0,281.4336545029603,-0.9381188118811812,straight,-1,inf,inf,False,10.200000000000149,4.930000000000071,5.270000000000076,8.070000000000542
2527,25.48733867,51.45653749,12.6,2.527,2527.0,281.49618302886364,-0.9356435643564343,straight,-1,inf,inf,False,10.200000000000149,4.930000000000071,5.270000000000076,8.070000000000542
2528,25.48734046,51.45652774,12.6,2.528,2528.0,281.5586839317724,-0.9356435643564299,straight,-1,inf,inf,False,10.200000000000149,4.930000000000071,5.270000000000076,8.070000000000542
2529,25.48734226,51.45651799,12.7,2.529,2529.0,281.5702314675878,-0.9356435643564343,straight,-1,inf,inf,False,10.200000000000149,4.930000000000071,5.270000000000076,8.070000000000542
2530,25.48734406,51.45650825,12.7,2.53,2530.0,281.6211570122767,-0.9331683168316784,straight,-1,inf,inf,False,10.200000000000149,4.930000000000071,5.270000000000076,8.070000000000542
2531,25.48734587,51.4564985,12.7,2.531,2531.0,281.57023178584075,-0.9331683168316784,straight,-1,inf,inf,False,9.100000000000133,4.71000000000007,4.390000000000061,8.290000000000543
2532,25.48734767,51.45648876,12.7,2.532,2532.0,281.4961839264346,-0.9331683168316739,straight,-1,inf,inf,False,9.100000000000133,4.71000000000007,4.390000000000061,8.290000000000543
2533,25.48734946,51.45647901,12.8,2.533,2533.0,281.3085161232434,-0.9356435643564299,straight,-1,inf,inf,False,9.100000000000133,4.71000000000007,4.390000000000061,8.290000000000543
2534,25.48735122,51.45646926,12.8,2.534,2534.0,281.3597521276347,-0.9381188118811856,straight,-1,inf,inf,False,9.100000000000133,4.71000000000007,4.390000000000061,8.290000000000543
2535,25.48735299,51.4564595,12.8,2.535,2535.0,281.3085164269047,-0.9430693069306884,straight,-1,inf,inf,False,9.100000000000133,4.71000000000007,4.390000000000061,8.290000000000543
2536,25.48735475,51.45644975,12.9,2.536,2536.0,281.3085165882318,-0.9455445544554398,straight,-1,inf,inf,False,9.300000000000132,4.900000000000068,4.400000000000064,8.500000000000549
2537,25.48735651,51.45644,12.9,2.537,2537.0,281.23467665796136,-0.9480198019801911,straight,-1,inf,inf,False,9.300000000000132,4.900000000000068,4.400000000000064,8.500000000000549
2538,25.48735826,51.45643024,12.9,2.538,2538.0,281.29722845185154,-0.9554455445544497,straight,-1,inf,inf,False,9.300000000000132,4.900000000000068,4.400000000000064,8.500000000000549
2539,25.48736002,51.45642048,12.9,2.539,2539.0,281.2459061975778,-0.9603960396039567,straight,-1,inf,inf,False,9.300000000000132,4.900000000000068,4.400000000000064,8.500000000000549
2540,25.48736177,51.45641073,13.0,2.54,2540.0,281.2972287533943,-0.9678217821782109,straight,-1,inf,inf,False,9.300000000000132,4.900000000000068,4.400000000000064,8.500000000000549
2541,25.48736353,51.45640097,13.0,2.541,2541.0,280.98420071984486,-0.9727722772277181,straight,-1,inf,inf,False,9.600000000000136,4.80000000000007,4.800000000000066,8.700000000000548
2542,25.48736524,51.45639121,13.0,2.542,2542.0,280.847951808045,-0.9801980198019765,straight,-1,inf,inf,False,9.600000000000136,4.80000000000007,4.800000000000066,8.700000000000548
2543,25.48736693,51.45638144,13.0,2.543,2543.0,280.9106047930506,-0.9900990099009864,straight,-1,inf,inf,False,9.600000000000136,4.80000000000007,4.800000000000066,8.700000000000548
2544,25.48736863,51.45637167,13.0,2.544,2544.0,280.8479520998569,-0.9975247524752363,straight,-1,inf,inf,False,9.600000000000136,4.80000000000007,4.800000000000066,8.700000000000548
2545,25.48737032,51.4563619,13.0,2.545,2545.0,280.7225677958247,-1.0049504950494947,straight,-1,inf,inf,False,9.600000000000136,4.80000000000007,4.800000000000066,8.700000000000548
2546,25.48737199,51.45635213,13.0,2.546,2546.0,280.5237661231924,-1.0148514851485047,straight,-1,inf,inf,False,9.600000000000136,4.760000000000067,4.840000000000069,8.74000000000055
2547,25.48737363,51.45634235,13.0,2.547,2547.0,280.45056785031056,-1.0247524752475146,straight,-1,inf,inf,False,9.600000000000136,4.760000000000067,4.840000000000069,8.74000000000055
2548,25.48737526,51.45633256,13.0,2.548,2548.0,280.46101788479535,-1.034653465346529,straight,-1,inf,inf,False,9.600000000000136,4.760000000000067,4.840000000000069,8.74000000000055
2549,25.48737689,51.45632278,13.0,2.549,2549.0,280.4610179969175,-1.0470297029702902,straight,-1,inf,inf,False,9.600000000000136,4.760000000000067,4.840000000000069,8.74000000000055
2550,25.48737852,51.456313,13.0,2.55,2550.0,280.00103745056197,-1.0569306930693,straight,-1,inf,inf,False,9.600000000000136,4.760000000000067,4.840000000000069,8.74000000000055
2551,25.48738008,51.4563032,13.0,2.551,2551.0,279.9481591807871,-1.0693069306930658,straight,-1,inf,inf,False,9.600000000000136,4.950000000000069,4.650000000000066,8.75000000000055
2552,25.48738163,51.45629341,12.9,2.552,2552.0,280.0010376641615,-1.0841584158415785,straight,-1,inf,inf,False,9.600000000000136,4.950000000000069,4.650000000000066,8.75000000000055
2553,25.48738319,51.45628361,12.9,2.553,2553.0,279.93821074978416,-1.0965346534653397,straight,-1,inf,inf,False,9.600000000000136,4.950000000000069,4.650000000000066,8.75000000000055
2554,25.48738474,51.45627381,12.9,2.554,2554.0,279.5511799510996,-1.1113861386138524,straight,-1,inf,inf,False,9.600000000000136,4.950000000000069,4.650000000000066,8.75000000000055
2555,25.48738623,51.456264,12.9,2.555,2555.0,279.36231335320343,-1.126237623762374,straight,-1,inf,inf,False,9.600000000000136,4.950000000000069,4.650000000000066,8.75000000000055
2556,25.48738769,51.45625419,12.9,2.556,2556.0,279.36231343891916,-1.1435643564356335,straight,-1,inf,inf,False,10.70000000000015,5.150000000000071,5.550000000000079,8.850000000000552
2557,25.48738915,51.45624438,12.9,2.557,2557.0,279.3529481969058,-1.1608910891089064,straight,-1,inf,inf,False,10.70000000000015,5.150000000000071,5.550000000000079,8.850000000000552
2558,25.48739061,51.45623456,12.9,2.558,2558.0,278.65070399478395,-1.1782178217821704,straight,-1,inf,inf,False,10.70000000000015,5.150000000000071,5.550000000000079,8.850000000000552
2559,25.48739196,51.45622473,12.9,2.559,2559.0,278.3265416808354,-1.1955445544554433,straight,-1,inf,inf,False,10.70000000000015,5.150000000000071,5.550000000000079,8.850000000000552
2560,25.48739326,51.45621489,12.8,2.56,2560.0,278.2551058025483,-1.2128712871287073,straight,-1,inf,inf,False,10.70000000000015,5.150000000000071,5.550000000000079,8.850000000000552
2561,25.48739455,51.45620504,12.8,2.561,2561.0,278.263379452731,-1.2301980198019757,turn,10,57.9,79.1,False,11.400000000000162,5.680000000000081,5.720000000000081,8.820000000000551
2562,25.48739584,51.4561952,12.8,2.562,2562.0,277.4888453007086,-1.25,turn,10,57.9,79.1,False,11.400000000000162,5.680000000000081,5.720000000000081,8.820000000000551
2563,25.48739701,51.45618534,12.8,2.563,2563.0,276.84139897316516,-1.2673267326732685,turn,10,57.9,79.1,False,11.400000000000162,5.680000000000081,5.720000000000081,8.820000000000551
2564,25.48739808,51.45617546,12.8,2.564,2564.0,276.8482647878938,-1.2871287128712794,turn,10,57.9,79.1,False,11.400000000000162,5.680000000000081,5.720000000000081,8.820000000000551
2565,25.48739915,51.45616559,12.8,2.565,2565.0,276.8413990736784,-1.3044554455445523,turn,10,57.9,79.1,False,11.400000000000162,5.680000000000081,5.720000000000081,8.820000000000551
2566,25.48740022,51.45615571,12.7,2.566,2566.0,276.1375960505154,-1.3217821782178207,turn,10,57.9,79.1,False,10.000000000000142,5.520000000000078,4.480000000000064,8.68000000000055
2567,25.48740118,51.45614582,12.7,2.567,2567.0,275.49688884273195,-1.3415841584158317,turn,10,57.9,79.1,False,10.000000000000142,5.520000000000078,4.480000000000064,8.68000000000055
2568,25.48740204,51.45613592,12.7,2.568,2568.0,275.496888837903,-1.3589108910891046,turn,10,57.9,79.1,False,10.000000000000142,5.520000000000078,4.480000000000064,8.68000000000055
2569,25.4874029,51.45612602,12.7,2.569,2569.0,275.5604079030263,-1.376237623762373,turn,10,57.9,79.1,False,10.000000000000142,5.520000000000078,4.480000000000064,8.68000000000055
2570,25.48740377,51.45611612,12.7,2.57,2570.0,274.2833159305931,-1.3910891089108812,turn,10,57.9,79.1,False,10.300000000000145,5.270000000000074,5.03000000000007,8.430000000000545
2571,25.48740444,51.45610621,12.6,2.571,2571.0,273.25643256891703,-1.4084158415841497,turn,10,57.9,79.1,False,10.300000000000145,5.270000000000074,5.03000000000007,8.430000000000545
2572,25.48740495,51.45609628,12.6,2.572,2572.0,273.3201426753825,-1.425742574257427,turn,10,57.9,79.1,False,10.300000000000145,5.270000000000074,5.03000000000007,8.430000000000545
2573,25.48740547,51.45608635,12.6,2.573,2573.0,273.2564326009267,-1.4405940594059397,turn,10,57.9,79.1,False,10.300000000000145,5.270000000000074,5.03000000000007,8.430000000000545
2574,25.48740598,51.45607642,12.5,2.574,2574.0,272.1700717520206,-1.4554455445544523,turn,10,57.9,79.1,False,10.300000000000145,5.270000000000074,5.03000000000007,8.430000000000545
2575,25.48740632,51.45606648,12.5,2.575,2575.0,271.53218354136175,-1.470297029702965,turn,10,57.9,79.1,False,10.400000000000148,5.230000000000075,5.170000000000073,8.170000000000542
2576,25.48740656,51.45605654,12.5,2.576,2576.0,271.4683712224052,-1.485148514851482,turn,10,57.9,79.1,False,10.400000000000148,5.230000000000075,5.170000000000073,8.170000000000542
2577,25.48740679,51.4560466,12.4,2.577,2577.0,271.53218352705517,-1.4975247524752433,turn,10,57.9,79.1,False,10.400000000000148,5.230000000000075,5.170000000000073,8.170000000000542
2578,25.48740703,51.45603666,12.4,2.578,2578.0,269.87241845445624,-1.5074257425742577,turn,10,57.9,79.1,False,10.400000000000148,5.230000000000075,5.170000000000073,8.170000000000542
2579,25.48740701,51.45602671,12.4,2.579,2579.0,269.6168712020349,-1.5198019801980145,turn,10,57.9,79.1,False,10.400000000000148,5.230000000000075,5.170000000000073,8.170000000000542
2580,25.48740695,51.45601677,12.3,2.58,2580.0,269.55346764897604,-1.5321782178217846,turn,10,57.9,79.1,False,9.400000000000134,4.330000000000062,5.070000000000071,7.770000000000536
2581,25.48740688,51.45600682,12.3,2.581,2581.0,269.3614674470225,-1.5420792079207901,turn,10,57.9,79.1,False,9.400000000000134,4.330000000000062,5.070000000000071,7.770000000000536
2582,25.48740678,51.45599688,12.3,2.582,2582.0,266.80728982260194,-1.5495049504950487,turn,10,57.9,79.1,False,9.400000000000134,4.330000000000062,5.070000000000071,7.770000000000536
2583,25.48740628,51.45598695,12.2,2.583,2583.0,266.8710159176377,-1.5544554455445514,turn,10,57.9,79.1,False,9.400000000000134,4.330000000000062,5.070000000000071,7.770000000000536
2584,25.48740579,51.45597702,12.2,2.584,2584.0,266.80728984680457,-1.5569306930693072,turn,10,57.9,79.1,False,9.400000000000134,4.330000000000062,5.070000000000071,7.770000000000536
2585,25.48740529,51.45596709,12.1,2.585,2585.0,265.91192286016224,-1.5594059405940586,turn,10,57.9,79.1,False,10.000000000000142,5.150000000000072,4.85000000000007,7.350000000000532
2586,25.48740465,51.45595717,12.1,2.586,2586.0,264.3760910536886,-1.5618811881188144,turn,10,57.9,79.1,False,10.000000000000142,5.150000000000072,4.85000000000007,7.350000000000532
2587,25.48740377,51.45594727,12.1,2.587,2587.0,264.31259964357434,-1.5618811881188144,turn,10,57.9,79.1,False,10.000000000000142,5.150000000000072,4.85000000000007,7.350000000000532
2588,25.48740288,51.45593737,12.0,2.588,2588.0,264.3760910825712,-1.5594059405940586,turn,10,57.9,79.1,False,10.000000000000142,5.150000000000072,4.85000000000007,7.350000000000532
2589,25.487402,51.45592747,12.0,2.589,2589.0,262.123922564625,-1.5569306930693072,turn,10,57.9,79.1,False,10.000000000000142,5.150000000000072,4.85000000000007,7.350000000000532
2590,25.48740077,51.45591762,11.9,2.59,2590.0,261.4755614558285,-1.5544554455445558,turn,10,57.9,79.1,False,10.000000000000142,5.320000000000076,4.680000000000066,6.880000000000524
2591,25.48739944,51.45590779,11.9,2.591,2591.0,261.4840975271339,-1.5445544554455415,turn,10,57.9,79.1,False,10.000000000000142,5.320000000000076,4.680000000000066,6.880000000000524
2592,25.48739811,51.45589795,11.9,2.592,2592.0,260.63769011428246,-1.534653465346536,turn,10,57.9,79.1,False,10.000000000000142,5.320000000000076,4.680000000000066,6.880000000000524
2593,25.48739665,51.45588814,11.8,2.593,2593.0,257.8559050544898,-1.5247524752475305,turn,10,57.9,79.1,False,10.000000000000142,5.320000000000076,4.680000000000066,6.880000000000524
2594,25.48739476,51.45587841,11.8,2.594,2594.0,257.9062030859384,-1.5123762376237648,turn,10,57.9,79.1,False,10.000000000000142,5.320000000000076,4.680000000000066,6.880000000000524
2595,25.48739288,51.45586869,11.7,2.595,2595.0,257.91826727614296,-1.4975247524752477,turn,10,57.9,79.1,False,10.700000000000152,5.400000000000077,5.300000000000075,6.400000000000517
2596,25.487391,51.45585896,11.7,2.596,2596.0,256.0115323110357,-1.4801980198019837,turn,10,57.9,79.1,False,10.700000000000152,5.400000000000077,5.300000000000075,6.400000000000517
2597,25.48738883,51.45584931,11.7,2.597,2597.0,255.36486872337727,-1.4603960396039595,turn,10,57.9,79.1,False,10.700000000000152,5.400000000000077,5.300000000000075,6.400000000000517
2598,25.48738656,51.45583968,11.6,2.598,2598.0,255.28856735984243,-1.4381188118811927,turn,10,57.9,79.1,False,10.700000000000152,5.400000000000077,5.300000000000075,6.400000000000517
2599,25.48738428,51.45583006,11.6,2.599,2599.0,254.4275063545816,-1.415841584158417,turn,10,57.9,79.1,False,10.700000000000152,5.400000000000077,5.300000000000075,6.400000000000517
2600,25.48738187,51.45582048,11.5,2.6,2600.0,251.84601213953874,-1.3886138613861432,turn,10,57.9,79.1,False,10.100000000000142,5.09000000000007,5.010000000000072,5.810000000000509
2601,25.48737907,51.45581102,11.5,2.601,2601.0,251.8887193725435,-1.3613861386138648,turn,10,57.9,79.1,False,10.100000000000142,5.09000000000007,5.010000000000072,5.810000000000509
2602,25.48737628,51.45580157,11.5,2.602,2602.0,251.8460129670184,-1.3316831683168306,turn,10,57.9,79.1,False,10.100000000000142,5.09000000000007,5.010000000000072,5.810000000000509
2603,25.48737348,51.45579211,11.5,2.603,2603.0,248.91408776112172,-1.2995049504950495,turn,10,57.9,79.1,False,10.100000000000142,5.09000000000007,5.010000000000072,5.810000000000509
2604,25.48737025,51.45578283,11.4,2.604,2604.0,248.39698189722392,-1.2623762376237657,turn,10,57.9,79.1,False,10.100000000000142,5.09000000000007,5.010000000000072,5.810000000000509
2605,25.48736694,51.45577357,11.4,2.605,2605.0,248.37578226753362,-1.2227722772277216,turn,10,57.9,79.1,False,9.600000000000136,4.910000000000069,4.690000000000067,4.890000000000496
2606,25.48736363,51.45576432,11.4,2.606,2606.0,246.71889950116224,-1.1831683168316864,turn,10,57.9,79.1,False,9.600000000000136,4.910000000000069,4.690000000000067,4.890000000000496
2607,25.48736008,51.45575518,11.4,2.607,2607.0,244.6438528494117,-1.1410891089108954,turn,10,57.9,79.1,False,9.600000000000136,4.910000000000069,4.690000000000067,4.890000000000496
2608,25.48735623,51.45574618,11.3,2.608,2608.0,244.67685440708343,-1.0940594059405973,turn,10,57.9,79.1,False,9.600000000000136,4.910000000000069,4.690000000000067,4.890000000000496
2609,25.48735239,51.45573719,11.3,2.609,2609.0,244.36424240484288,-1.0445544554455433,turn,10,57.9,79.1,False,9.600000000000136,4.910000000000069,4.690000000000067,4.890000000000496
2610,25.4873485,51.45572821,11.3,2.61,2610.0,241.268643997832,-0.997524752475254,turn,10,57.9,79.1,False,10.100000000000144,5.370000000000079,4.730000000000066,4.230000000000485
2611,25.48734418,51.45571948,11.3,2.611,2611.0,241.35218657159186,-0.9430693069306929,turn,10,57.9,79.1,False,10.100000000000144,5.370000000000079,4.730000000000066,4.230000000000485
2612,25.48733987,51.45571074,11.2,2.612,2612.0,241.26864573195098,-0.8886138613861404,turn,10,57.9,79.1,False,10.100000000000144,5.370000000000079,4.730000000000066,4.230000000000485
2613,25.48733555,51.45570201,11.2,2.613,2613.0,238.92649713063636,-0.8341584158415839,turn,10,57.9,79.1,False,10.100000000000144,5.370000000000079,4.730000000000066,4.230000000000485
2614,25.48733091,51.45569348,11.2,2.614,2614.0,238.25707363510827,-0.7772277227722801,turn,10,57.9,79.1,False,10.100000000000144,5.370000000000079,4.730000000000066,4.230000000000485
2615,25.48732618,51.45568501,11.2,2.615,2615.0,238.28731429575225,-0.7178217821782251,turn,10,57.9,79.1,False,10.100000000000144,5.370000000000079,4.730000000000066,4.230000000000485
2616,25.48732145,51.45567653,11.2,2.616,2616.0,236.94100405798935,-0.6534653465346585,turn,10,57.9,79.1,False,8.200000000000117,3.0900000000000434,5.110000000000073,3.610000000000478
2617,25.48731655,51.45566819,11.1,2.617,2617.0,234.93554079362906,-0.5915841584158477,turn,10,57.9,79.1,False,8.200000000000117,3.0900000000000434,5.110000000000073,3.610000000000478
2618,25.48731138,51.45566003,11.1,2.618,2618.0,234.98768778315875,-0.5272277227722766,turn,10,57.9,79.1,False,8.200000000000117,3.0900000000000434,5.110000000000073,3.610000000000478
2619,25.48730622,51.45565187,11.1,2.619,2619.0,234.68001498502818,-0.46039603960396747,turn,10,57.9,79.1,False,8.200000000000117,3.0900000000000434,5.110000000000073,3.610000000000478
2620,25.48730102,51.45564374,11.1,2.62,2620.0,231.8954391335307,-0.39356435643564947,turn,10,57.9,79.1,False,8.200000000000117,3.0900000000000434,5.110000000000073,3.610000000000478
2621,25.48729547,51.4556359,11.1,2.621,2621.0,231.8954403956737,-0.3242574257425801,turn,10,57.9,79.1,False,10.100000000000144,5.150000000000073,4.950000000000071,3.05000000000047
2622,25.48728992,51.45562806,11.1,2.622,2622.0,231.89544171890813,-0.25495049504951073,turn,10,57.9,79.1,False,10.100000000000144,5.150000000000073,4.950000000000071,3.05000000000047
2623,25.48728437,51.45562022,11.1,2.623,2623.0,229.60462749784907,-0.18564356435644136,turn,10,57.9,79.1,False,10.100000000000144,5.150000000000073,4.950000000000071,3.05000000000047
2624,25.48727854,51.45561263,11.0,2.624,2624.0,228.8703303608735,-0.11633663366337199,turn,10,57.9,79.1,False,10.100000000000144,5.150000000000073,4.950000000000071,3.05000000000047
2625,25.48727262,51.45560512,11.0,2.625,2625.0,228.9560791065499,-0.04702970297030262,turn,10,57.9,79.1,False,10.100000000000144,5.150000000000073,4.950000000000071,3.05000000000047
2626,25.48726671,51.4555976,11.0,2.626,2626.0,227.4592059267476,0.027227722772273925,turn,10,57.9,79.1,False,9.500000000000137,4.820000000000069,4.680000000000066,2.680000000000464
2627,25.48726063,51.45559026,11.0,2.627,2627.0,225.61231940456926,0.10148514851484602,turn,10,57.9,79.1,False,9.500000000000137,4.820000000000069,4.680000000000066,2.680000000000464
2628,25.48725433,51.45558313,11.0,2.628,2628.0,225.57212197923914,0.17574257425741813,turn,10,57.9,79.1,False,9.500000000000137,4.820000000000069,4.680000000000066,2.680000000000464
2629,25.48724803,51.45557601,11.0,2.629,2629.0,225.4007619497753,0.25247524752474604,turn,10,57.9,79.1,False,9.500000000000137,4.820000000000069,4.680000000000066,2.680000000000464
2630,25.48724171,51.45556891,11.0,2.63,2630.0,223.60707107975918,0.3316831683168253,turn,10,57.9,79.1,False,9.500000000000137,4.820000000000069,4.680000000000066,2.680000000000464
2631,25.48723519,51.45556203,11.0,2.631,2631.0,223.52160563093736,0.4084158415841532,turn,10,57.9,79.1,False,9.500000000000137,4.820000000000069,4.680000000000066,2.680000000000464
2632,25.48722866,51.45555516,11.0,2.632,2632.0,223.56545527572152,0.48514851485147675,turn,10,57.9,79.1,False,10.200000000000143,4.620000000000066,5.580000000000079,2.680000000000464
2633,25.48722214,51.45554829,11.0,2.633,2633.0,221.47536554870175,0.5643564356435604,turn,10,57.9,79.1,False,10.200000000000143,4.620000000000066,5.580000000000079,2.680000000000464
2634,25.48721539,51.45554168,11.0,2.634,2634.0,220.53613004801886,0.6435643564356353,turn,10,57.9,79.1,False,10.200000000000143,4.620000000000066,5.580000000000079,2.680000000000464
2635,25.48720855,51.4555352,11.0,2.635,2635.0,220.57977728726598,0.7227722772277145,turn,10,57.9,79.1,False,10.200000000000143,4.620000000000066,5.580000000000079,2.680000000000464
2636,25.48720171,51.45552871,11.1,2.636,2636.0,219.7686163407565,0.8019801980197938,turn,10,57.9,79.1,False,10.200000000000143,4.620000000000066,5.580000000000079,2.680000000000464
2637,25.48719479,51.45552233,11.1,2.637,2637.0,218.0218595302884,0.8787128712871174,turn,10,57.9,79.1,False,10.400000000000148,5.280000000000075,5.120000000000073,2.620000000000464
2638,25.48718769,51.45551618,11.1,2.638,2638.0,218.06105343317893,0.9529702970296937,turn,10,57.9,79.1,False,10.400000000000148,5.280000000000075,5.120000000000073,2.620000000000464
2639,25.4871806,51.45551003,11.1,2.639,2639.0,218.0218628375481,1.0272277227722704,turn,10,57.9,79.1,False,10.400000000000148,5.280000000000075,5.120000000000073,2.620000000000464
2640,25.4871735,51.45550388,11.2,2.64,2640.0,216.04896767354506,1.099009900990091,turn,10,57.9,79.1,False,10.400000000000148,5.280000000000075,5.120000000000073,2.620000000000464
2641,25.48716622,51.45549801,11.2,2.641,2641.0,215.88129863235753,1.1707920792079118,turn,10,57.9,79.1,False,10.400000000000148,5.280000000000075,5.120000000000073,2.620000000000464
2642,25.48715892,51.45549216,11.2,2.642,2642.0,215.92778385305374,1.2400990099009768,turn,10,57.9,79.1,False,11.000000000000156,5.330000000000076,5.670000000000081,2.770000000000466
2643,25.48715162,51.4554863,11.3,2.643,2643.0,214.71690105334915,1.3094059405940461,turn,10,57.9,79.1,False,11.000000000000156,5.330000000000076,5.670000000000081,2.770000000000466
2644,25.48714422,51.45548062,11.3,2.644,2644.0,213.69460444757397,1.3762376237623641,turn,10,57.9,79.1,False,11.000000000000156,5.330000000000076,5.670000000000081,2.770000000000466
2645,25.48713672,51.45547508,11.3,2.645,2645.0,213.6946061090129,1.438118811881175,turn,10,57.9,79.1,False,11.000000000000156,5.330000000000076,5.670000000000081,2.770000000000466
2646,25.48712922,51.45546954,11.3,2.646,2646.0,213.43304310739796,1.4975247524752389,turn,10,57.9,79.1,False,11.000000000000156,5.330000000000076,5.670000000000081,2.770000000000466
2647,25.4871217,51.45546404,11.4,2.647,2647.0,211.31763498966106,1.5569306930692983,turn,10,57.9,79.1,False,11.000000000000156,5.330000000000076,5.670000000000081,2.770000000000466
2648,25.487114,51.45545885,11.4,2.648,2648.0,211.39973482899433,1.6138613861386022,turn,10,57.9,79.1,False,11.700000000000166,5.510000000000078,6.190000000000088,3.190000000000472
2649,25.48710631,51.45545365,11.4,2.649,2649.0,211.31763820569304,1.6683168316831543,turn,10,57.9,79.1,False,11.700000000000166,5.510000000000078,6.190000000000088,3.190000000000472
2650,25.48709861,51.45544846,11.4,2.65,2650.0,210.2362665129947,1.7227722772277152,turn,10,57.9,79.1,False,11.700000000000166,5.510000000000078,6.190000000000088,3.190000000000472
2651,25.48709082,51.45544343,11.5,2.651,2651.0,209.58057000655526,1.7698019801980047,turn,10,57.9,79.1,False,11.700000000000166,5.510000000000078,6.190000000000088,3.190000000000472
2652,25.48708298,51.4554385,11.5,2.652,2652.0,209.58057163276814,1.816831683168303,turn,10,57.9,79.1,False,11.700000000000166,5.510000000000078,6.190000000000088,3.190000000000472
2653,25.48707514,51.45543357,11.5,2.653,2653.0,209.49934378270436,1.8613861386138453,turn,10,57.9,79.1,False,11.800000000000168,5.830000000000083,5.970000000000085,3.570000000000477
2654,25.48706729,51.45542865,11.6,2.654,2654.0,209.1369561089464,1.9034653465346405,turn,10,57.9,79.1,False,11.800000000000168,5.830000000000083,5.970000000000085,3.570000000000477
2655,25.48705942,51.45542379,11.6,2.655,2655.0,209.18707125873772,1.9455445544554362,turn,10,57.9,79.1,False,11.800000000000168,5.830000000000083,5.970000000000085,3.570000000000477
2656,25.48705155,51.45541892,11.6,2.656,2656.0,209.1369592680705,1.9826732673267244,turn,10,57.9,79.1,False,11.800000000000168,5.830000000000083,5.970000000000085,3.570000000000477
2657,25.48704368,51.45541406,11.6,2.657,2657.0,208.5815886393772,2.0198019801980083,turn,10,57.9,79.1,False,11.800000000000168,5.830000000000083,5.970000000000085,3.570000000000477
2658,25.48703576,51.45540928,11.7,2.658,2658.0,208.31938972129868,2.0519801980197894,turn,10,57.9,79.1,False,11.800000000000168,6.130000000000087,5.670000000000081,4.070000000000484
2659,25.48702782,51.45540454,11.7,2.659,2659.0,208.40004640782394,2.0816831683168235,turn,10,57.9,79.1,False,11.800000000000168,6.130000000000087,5.670000000000081,4.070000000000484
2660,25.48701989,51.45539979,11.7,2.66,2660.0,208.2688894079438,2.1113861386138533,turn,10,57.9,79.1,False,11.800000000000168,6.130000000000087,5.670000000000081,4.070000000000484
2661,25.48701195,51.45539506,11.8,2.661,2661.0,208.08712807968055,2.136138613861376,turn,10,57.9,79.1,False,11.800000000000168,6.130000000000087,5.670000000000081,4.070000000000484
2662,25.487004,51.45539036,11.8,2.662,2662.0,208.0572233503762,2.160891089108903,turn,10,57.9,79.1,False,11.800000000000168,6.130000000000087,5.670000000000081,4.070000000000484
2663,25.48699604,51.45538566,11.8,2.663,2663.0,208.08713122992896,2.1831683168316784,turn,10,57.9,79.1,False,11.000000000000156,5.510000000000078,5.490000000000078,4.590000000000492
2664,25.48698809,51.45538096,11.8,2.664,2664.0,207.61324252134511,2.200495049504947,turn,10,57.9,79.1,False,11.000000000000156,5.510000000000078,5.490000000000078,4.590000000000492
2665,25.4869801,51.45537633,11.9,2.665,2665.0,207.35107355732893,2.217821782178211,turn,10,57.9,79.1,False,11.000000000000156,5.510000000000078,5.490000000000078,4.590000000000492
2666,25.48697209,51.45537174,11.9,2.666,2666.0,207.3001121406267,2.2301980198019766,turn,10,57.9,79.1,False,11.000000000000156,5.510000000000078,5.490000000000078,4.590000000000492
2667,25.48696408,51.45536716,11.9,2.667,2667.0,207.35107668298434,2.2400990099009865,turn,10,57.9,79.1,False,11.000000000000156,5.510000000000078,5.490000000000078,4.590000000000492
2668,25.48695607,51.45536257,12.0,2.668,2668.0,207.08897596947114,2.247524752475245,turn,10,57.9,79.1,False,10.800000000000152,5.460000000000077,5.340000000000076,5.040000000000498
2669,25.48694804,51.45535802,12.0,2.669,2669.0,207.11793361367805,2.2524752475247523,turn,10,57.9,79.1,False,10.800000000000152,5.460000000000077,5.340000000000076,5.040000000000498
2670,25.48694002,51.45535347,12.1,2.67,2670.0,207.14000814084736,2.254950495049499,turn,10,57.9,79.1,False,10.800000000000152,5.460000000000077,5.340000000000076,5.040000000000498
2671,25.48693199,51.45534891,12.1,2.671,2671.0,207.08898063241233,2.252475247524748,turn,10,57.9,79.1,False,10.800000000000152,5.460000000000077,5.340000000000076,5.040000000000498
2672,25.48692396,51.45534436,12.1,2.672,2672.0,207.03790652109492,2.2499999999999964,turn,10,57.9,79.1,False,10.800000000000152,5.460000000000077,5.340000000000076,5.040000000000498
2673,25.48691593,51.45533982,12.2,2.673,2673.0,207.0379081126782,2.2450495049504893,turn,10,57.9,79.1,False,10.700000000000152,5.400000000000077,5.300000000000075,5.400000000000503
2674,25.4869079,51.45533528,12.3,2.674,2674.0,207.08898525560613,2.237623762376235,turn,10,57.9,79.1,False,10.700000000000152,5.400000000000077,5.300000000000075,5.400000000000503
2675,25.48689987,51.45533073,12.3,2.675,2675.0,206.9068335329731,2.2277227722772253,turn,10,57.9,79.1,False,10.700000000000152,5.400000000000077,5.300000000000075,5.400000000000503
2676,25.48689183,51.45532621,12.4,2.676,2676.0,206.77577924091048,2.2202970297029667,turn,10,57.9,79.1,False,10.700000000000152,5.400000000000077,5.300000000000075,5.400000000000503
2677,25.48688378,51.45532171,12.4,2.677,2677.0,206.80443537398324,2.212871287128708,turn,10,57.9,79.1,False,10.700000000000152,5.400000000000077,5.300000000000075,5.400000000000503
2678,25.48687574,51.45531721,12.5,2.678,2678.0,206.77578224239937,2.2029702970296983,turn,10,57.9,79.1,False,10.700000000000152,5.400000000000077,5.300000000000075,5.700000000000507
2679,25.48686769,51.45531271,12.6,2.679,2679.0,206.82696994505736,2.1930693069306884,turn,10,57.9,79.1,False,10.700000000000152,5.400000000000077,5.300000000000075,5.700000000000507
2680,25.48685964,51.4553082,12.6,2.68,2680.0,206.90684128117638,2.183168316831683,turn,10,57.9,79.1,False,10.700000000000152,5.400000000000077,5.300000000000075,5.700000000000507
2681,25.4868516,51.45530368,12.7,2.681,2681.0,206.90684285122504,2.173267326732673,turn,10,57.9,79.1,False,10.700000000000152,5.400000000000077,5.300000000000075,5.700000000000507
2682,25.48684356,51.45529916,12.7,2.682,2682.0,206.9068444070269,2.160891089108916,turn,10,57.9,79.1,False,10.700000000000152,5.400000000000077,5.300000000000075,5.700000000000507
2683,25.48683552,51.45529464,12.8,2.683,2683.0,206.95797708972088,2.1460396039604035,straight,-1,inf,inf,False,11.20000000000016,5.730000000000081,5.470000000000078,5.970000000000511
2684,25.48682748,51.45529011,12.8,2.684,2684.0,206.95797861504028,2.1311881188118864,straight,-1,inf,inf,False,11.20000000000016,5.730000000000081,5.470000000000078,5.970000000000511
2685,25.48681944,51.45528558,12.9,2.685,2685.0,206.93563594246845,2.1163366336633693,straight,-1,inf,inf,False,11.20000000000016,5.730000000000081,5.470000000000078,5.970000000000511
2686,25.48681141,51.45528106,13.0,2.686,2686.0,206.95798169213717,2.1014851485148567,straight,-1,inf,inf,False,11.20000000000016,5.730000000000081,5.470000000000078,5.970000000000511
2687,25.48680337,51.45527653,13.0,2.687,2687.0,206.64476331694482,2.086633663366335,straight,-1,inf,inf,False,11.20000000000016,5.730000000000081,5.470000000000078,5.970000000000511
2688,25.48679531,51.45527205,13.1,2.688,2688.0,206.64476482981513,2.0693069306930756,straight,-1,inf,inf,False,10.40000000000015,5.1300000000000745,5.270000000000075,6.170000000000514
2689,25.48678725,51.45526757,13.1,2.689,2689.0,206.64476632277947,2.0495049504950558,straight,-1,inf,inf,False,10.40000000000015,5.1300000000000745,5.270000000000075,6.170000000000514
2690,25.48677919,51.45526309,13.1,2.69,2690.0,206.6447679280552,2.0297029702970315,straight,-1,inf,inf,False,10.40000000000015,5.1300000000000745,5.270000000000075,6.170000000000514
2691,25.48677113,51.45525861,13.2,2.691,2691.0,206.77580237290877,2.009900990099016,straight,-1,inf,inf,False,10.40000000000015,5.1300000000000745,5.270000000000075,6.170000000000514
2692,25.48676308,51.45525411,13.2,2.692,2692.0,206.77580386023934,1.9876237623762494,straight,-1,inf,inf,False,10.40000000000015,5.1300000000000745,5.270000000000075,6.170000000000514
2693,25.48675503,51.45524961,13.3,2.693,2693.0,206.7245731462118,1.9653465346534738,straight,-1,inf,inf,False,10.900000000000157,5.63000000000008,5.270000000000075,6.270000000000516
2694,25.48674698,51.45524512,13.3,2.694,2694.0,206.69601459110487,1.9430693069307023,straight,-1,inf,inf,False,10.900000000000157,5.63000000000008,5.270000000000075,6.270000000000516
2695,25.48673892,51.45524063,13.3,2.695,2695.0,206.59348905335105,1.91831683168318,straight,-1,inf,inf,False,10.900000000000157,5.63000000000008,5.270000000000075,6.270000000000516
2696,25.48673086,51.45523616,13.4,2.696,2696.0,206.59349059683396,1.8910891089108972,straight,-1,inf,inf,False,10.900000000000157,5.63000000000008,5.270000000000075,6.270000000000516
2697,25.4867228,51.45523169,13.4,2.697,2697.0,206.56506456792857,1.863861386138623,straight,-1,inf,inf,False,10.900000000000157,5.810000000000124,5.090000000000031,6.090000000000472
2698,25.48671473,51.45522722,13.5,2.698,2698.0,206.5934937109345,1.8391089108910919,straight,-1,inf,inf,False,10.900000000000157,5.810000000000124,5.090000000000031,6.090000000000472
2699,25.48670667,51.45522275,13.5,2.699,2699.0,206.64478172856994,1.8118811881188135,straight,-1,inf,inf,False,10.900000000000157,5.810000000000124,5.090000000000031,6.090000000000472
2700,25.48669861,51.45521827,13.6,2.7,2700.0,206.64478331571547,1.7846534653465438,straight,-1,inf,inf,False,10.900000000000157,5.810000000000124,5.090000000000031,6.090000000000472
2701,25.48669055,51.45521379,13.6,2.701,2701.0,206.64478486482983,1.754950495049514,straight,-1,inf,inf,False,10.900000000000157,5.810000000000124,5.090000000000031,6.090000000000472
2702,25.48668249,51.45520931,13.6,2.702,2702.0,206.59349982122006,1.7252475247524803,straight,-1,inf,inf,False,10.300000000000146,5.475555555555715,4.824444444444431,5.924444444444873
2703,25.48667443,51.45520484,13.7,2.703,2703.0,206.5650738090044,1.6955445544554506,straight,-1,inf,inf,False,10.300000000000146,5.475555555555715,4.824444444444431,5.924444444444873
2704,25.48666636,51.45520037,13.7,2.704,2704.0,206.5935029045996,1.6658415841584162,straight,-1,inf,inf,False,10.300000000000146,5.475555555555715,4.824444444444431,5.924444444444873
2705,25.4866583,51.4551959,13.7,2.705,2705.0,206.513782489732,1.6336633663366396,straight,-1,inf,inf,False,10.300000000000146,5.475555555555715,4.824444444444431,5.924444444444873
2706,25.48665023,51.45519144,13.7,2.706,2706.0,206.59350597700313,1.601485148514854,straight,-1,inf,inf,False,10.300000000000146,5.475555555555715,4.824444444444431,5.924444444444873
2707,25.48664217,51.45518697,13.7,2.707,2707.0,206.64479411801378,1.5693069306930727,straight,-1,inf,inf,False,12.400000000000588,5.736666666666872,6.663333333333717,5.663333333333717
2708,25.48663411,51.45518249,13.7,2.708,2708.0,206.5935090765716,1.5371287128712918,straight,-1,inf,inf,False,12.400000000000588,5.736666666666872,6.663333333333717,5.663333333333717
2709,25.48662605,51.45517802,13.6,2.709,2709.0,206.64479718904713,1.502475247524755,straight,-1,inf,inf,False,12.400000000000588,5.736666666666872,6.663333333333717,5.663333333333717
2710,25.48661799,51.45517354,13.6,2.71,2710.0,206.5650845200704,1.465346534653471,straight,-1,inf,inf,False,12.400000000000588,5.736666666666872,6.663333333333717,5.663333333333717
2711,25.48660992,51.45516907,13.6,2.711,2711.0,206.3828089818781,1.4306930693069342,straight,-1,inf,inf,False,12.400000000000588,5.736666666666872,6.663333333333717,5.663333333333717
2712,25.48660184,51.45516463,13.6,2.712,2712.0,206.41106692666017,1.3935643564356504,straight,-1,inf,inf,False,12.655555555556148,6.223333333333587,6.43222222222256,5.376666666667004
2713,25.48659377,51.45516019,13.6,2.713,2713.0,206.43415970975857,1.3564356435643576,straight,-1,inf,inf,False,12.655555555556148,6.223333333333587,6.43222222222256,5.376666666667004
2714,25.48658569,51.45515574,13.6,2.714,2714.0,206.41107002630932,1.3193069306930738,straight,-1,inf,inf,False,12.655555555556148,6.223333333333587,6.43222222222256,5.376666666667004
2715,25.48657762,51.4551513,13.5,2.715,2715.0,206.43416278756922,1.282178217821781,straight,-1,inf,inf,False,12.655555555556148,6.223333333333587,6.43222222222256,5.376666666667004
2716,25.48656954,51.45514685,13.5,2.716,2716.0,206.51379941840628,1.2376237623762387,straight,-1,inf,inf,False,12.655555555556148,6.223333333333587,6.43222222222256,5.376666666667004
2717,25.48656147,51.45514239,13.5,2.717,2717.0,206.46246064282823,1.190594059405945,straight,-1,inf,inf,False,12.5111111111117,6.29555555555585,6.215555555555849,5.104444444444738
2718,25.4865534,51.45513794,13.5,2.718,2718.0,206.46246222812175,1.1460396039604026,straight,-1,inf,inf,False,12.5111111111117,6.29555555555585,6.215555555555849,5.104444444444738
2719,25.48654533,51.45513349,13.5,2.719,2719.0,206.59352602637688,1.0990099009901,straight,-1,inf,inf,False,12.5111111111117,6.29555555555585,6.215555555555849,5.104444444444738
2720,25.48653727,51.45512902,13.5,2.72,2720.0,206.56509994399798,1.0519801980198018,straight,-1,inf,inf,False,12.5111111111117,6.29555555555585,6.215555555555849,5.104444444444738
2721,25.4865292,51.45512455,13.4,2.721,2721.0,206.593529095202,1.0049504950495036,straight,-1,inf,inf,False,12.5111111111117,6.29555555555585,6.215555555555849,5.104444444444738
2722,25.48652114,51.45512008,13.4,2.722,2722.0,206.56510300503606,0.957920792079201,straight,-1,inf,inf,False,12.36666666666725,6.193333333333625,6.173333333333626,5.006666666666959
2723,25.48651307,51.45511561,13.4,2.723,2723.0,206.72461946497873,0.9108910891089028,straight,-1,inf,inf,False,12.36666666666725,6.193333333333625,6.173333333333626,5.006666666666959
2724,25.48650502,51.45511112,13.4,2.724,2724.0,206.77585336875347,0.8613861386138576,straight,-1,inf,inf,False,12.36666666666725,6.193333333333625,6.173333333333626,5.006666666666959
2725,25.48649697,51.45510662,13.4,2.725,2725.0,206.72462252410367,0.8143564356435595,straight,-1,inf,inf,False,12.36666666666725,6.193333333333625,6.173333333333626,5.006666666666959
2726,25.48648892,51.45510213,13.4,2.726,2726.0,206.747258493149,0.7673267326732569,straight,-1,inf,inf,False,12.36666666666725,6.193333333333625,6.173333333333626,5.006666666666959
2727,25.48648086,51.45509763,13.4,2.727,2727.0,206.72462557604854,0.7178217821782162,straight,-1,inf,inf,False,12.222222222222808,6.081111111111404,6.141111111111403,4.918888888889181
2728,25.48647281,51.45509314,13.3,2.728,2728.0,206.7758595675733,0.6683168316831578,straight,-1,inf,inf,False,12.222222222222808,6.081111111111404,6.141111111111403,4.918888888889181
2729,25.48646476,51.45508864,13.3,2.729,2729.0,206.72462871479652,0.6188118811881127,straight,-1,inf,inf,False,12.222222222222808,6.081111111111404,6.141111111111403,4.918888888889181
2730,25.48645671,51.45508415,13.3,2.73,2730.0,206.77586259824176,0.5693069306930587,straight,-1,inf,inf,False,12.222222222222808,6.081111111111404,6.141111111111403,4.918888888889181
2731,25.48644866,51.45507965,13.3,2.731,2731.0,206.74726620615598,0.5198019801980136,straight,-1,inf,inf,False,12.222222222222808,6.081111111111404,6.141111111111403,4.918888888889181
2732,25.4864406,51.45507515,13.3,2.732,2732.0,206.72463334065608,0.472772277227711,straight,-1,inf,inf,False,11.977777777778355,5.9088888888891775,6.0688888888891785,4.791111111111401
2733,25.48643255,51.45507066,13.3,2.733,2733.0,206.77586722112045,0.4257425742574173,straight,-1,inf,inf,False,11.977777777778355,5.9088888888891775,6.0688888888891785,4.791111111111401
2734,25.4864245,51.45506616,13.2,2.734,2734.0,206.77586882051966,0.37623762376236325,straight,-1,inf,inf,False,11.977777777778355,5.9088888888891775,6.0688888888891785,4.791111111111401
2735,25.48641645,51.45506166,13.2,2.735,2735.0,206.775870298724,0.3267326732673137,straight,-1,inf,inf,False,11.977777777778355,5.9088888888891775,6.0688888888891785,4.791111111111401
2736,25.4864084,51.45505716,13.2,2.736,2736.0,206.82705811741423,0.27970297029701996,straight,-1,inf,inf,False,11.977777777778355,5.9088888888891775,6.0688888888891785,4.791111111111401
2737,25.48640035,51.45505265,13.2,2.737,2737.0,206.80452811254963,0.23019801980196597,straight,-1,inf,inf,False,12.333333333333918,6.426666666666963,5.906666666666954,4.573333333333621
2738,25.48639231,51.45504815,13.2,2.738,2738.0,206.82706117372277,0.1806930693069253,straight,-1,inf,inf,False,12.333333333333918,6.426666666666963,5.906666666666954,4.573333333333621
2739,25.48638426,51.45504364,13.2,2.739,2739.0,206.90693275261143,0.13366336633663156,straight,-1,inf,inf,False,12.333333333333918,6.426666666666963,5.906666666666954,4.573333333333621
2740,25.48637622,51.45503912,13.2,2.74,2740.0,206.90693429009082,0.0891089108910803,straight,-1,inf,inf,False,12.333333333333918,6.426666666666963,5.906666666666954,4.573333333333621
2741,25.48636818,51.4550346,13.2,2.741,2741.0,206.95806711744265,0.04702970297028486,straight,-1,inf,inf,False,12.333333333333918,6.426666666666963,5.906666666666954,4.573333333333621
2742,25.48636014,51.45503007,13.2,2.742,2742.0,206.90693736909535,0.0049504950494982936,straight,-1,inf,inf,False,11.788888888889463,5.9844444444447324,5.80444444444473,4.415555555555842
2743,25.4863521,51.45502555,13.2,2.743,2743.0,207.0380169051394,-0.03712871287129271,straight,-1,inf,inf,False,11.788888888889463,5.9844444444447324,5.80444444444473,4.415555555555842
2744,25.48634407,51.45502101,13.2,2.744,2744.0,207.16911685210957,-0.07673267326733235,straight,-1,inf,inf,False,11.788888888889463,5.9844444444447324,5.80444444444473,4.415555555555842
2745,25.48633605,51.45501645,13.2,2.745,2745.0,207.14012499512035,-0.11386138613862506,straight,-1,inf,inf,False,11.788888888889463,5.9844444444447324,5.80444444444473,4.415555555555842
2746,25.48632802,51.45501189,13.3,2.746,2746.0,207.1180535348783,-0.14851485148515753,straight,-1,inf,inf,False,11.788888888889463,5.9844444444447324,5.80444444444473,4.415555555555842
2747,25.48632,51.45500734,13.3,2.747,2747.0,207.16912153162542,-0.18069306930693863,straight,-1,inf,inf,False,10.744444444445003,5.032222222222497,5.712222222222506,4.267777777778061
2748,25.48631198,51.45500278,13.3,2.748,2748.0,206.95807789168913,-0.21287128712872416,straight,-1,inf,inf,False,10.744444444445003,5.032222222222497,5.712222222222506,4.267777777778061
2749,25.48630394,51.45499825,13.3,2.749,2749.0,206.98690397264605,-0.2425742574257539,straight,-1,inf,inf,False,10.744444444445003,5.032222222222497,5.712222222222506,4.267777777778061
2750,25.48629591,51.45499372,13.3,2.75,2750.0,207.0091659036385,-0.2698019801980278,straight,-1,inf,inf,False,10.744444444445003,5.032222222222497,5.712222222222506,4.267777777778061
2751,25.48628787,51.45498918,13.3,2.751,2751.0,206.98690704690625,-0.2970297029703106,straight,-1,inf,inf,False,10.744444444445003,5.032222222222497,5.712222222222506,4.267777777778061
2752,25.48627984,51.45498465,13.3,2.752,2752.0,207.08910662461747,-0.31930693069307736,straight,-1,inf,inf,False,11.200000000000564,5.670000000000283,5.530000000000281,4.030000000000281
2753,25.48627181,51.4549801,13.3,2.753,2753.0,207.11806440575532,-0.34158415841584855,straight,-1,inf,inf,False,11.200000000000564,5.670000000000283,5.530000000000281,4.030000000000281
2754,25.48626379,51.45497555,13.3,2.754,2754.0,207.14013901943744,-0.36138613861386837,straight,-1,inf,inf,False,11.200000000000564,5.670000000000283,5.530000000000281,4.030000000000281
2755,25.48625576,51.45497099,13.3,2.755,2755.0,207.08911129663323,-0.3811881188118882,straight,-1,inf,inf,False,11.200000000000564,5.670000000000283,5.530000000000281,4.030000000000281
2756,25.48624773,51.45496644,13.3,2.756,2756.0,207.03803704016022,-0.39603960396040083,straight,-1,inf,inf,False,11.200000000000564,5.670000000000283,5.530000000000281,4.030000000000281
2757,25.4862397,51.4549619,13.3,2.757,2757.0,206.98691633203669,-0.40841584158416205,straight,-1,inf,inf,False,11.055555555556117,5.627777777778058,5.427777777778057,3.8722222222225016
2758,25.48623167,51.45495737,13.3,2.758,2758.0,206.95809340238569,-0.4207920792079278,straight,-1,inf,inf,False,11.055555555556117,5.627777777778058,5.427777777778057,3.8722222222225016
2759,25.48622363,51.45495284,13.3,2.759,2759.0,206.95809496017796,-0.4282178217821864,straight,-1,inf,inf,False,11.055555555556117,5.627777777778058,5.427777777778057,3.8722222222225016
2760,25.48621559,51.45494831,13.3,2.76,2760.0,206.98692093770305,-0.43564356435644047,straight,-1,inf,inf,False,11.055555555556117,5.627777777778058,5.427777777778057,3.8722222222225016
2761,25.48620756,51.45494378,13.2,2.761,2761.0,207.03804481657147,-0.4430693069306946,straight,-1,inf,inf,False,11.055555555556117,5.627777777778058,5.427777777778057,3.8722222222225016
2762,25.48619953,51.45493924,13.2,2.762,2762.0,207.0380463522898,-0.4480198019802017,straight,-1,inf,inf,False,10.511111111111664,5.145555555555831,5.365555555555833,3.754444444444722
2763,25.4861915,51.4549347,13.2,2.763,2763.0,207.03804790213482,-0.4529702970297045,straight,-1,inf,inf,False,10.511111111111664,5.145555555555831,5.365555555555833,3.754444444444722
2764,25.48618347,51.45493016,13.2,2.764,2764.0,207.03804950779997,-0.4554455445544603,straight,-1,inf,inf,False,10.511111111111664,5.145555555555831,5.365555555555833,3.754444444444722
2765,25.48617544,51.45492562,13.2,2.765,2765.0,207.1401560923014,-0.4554455445544603,straight,-1,inf,inf,False,10.511111111111664,5.145555555555831,5.365555555555833,3.754444444444722
2766,25.48616741,51.45492106,13.2,2.766,2766.0,207.16915099653562,-0.45544554455445585,straight,-1,inf,inf,False,10.511111111111664,5.145555555555831,5.365555555555833,3.754444444444722
2767,25.48615939,51.4549165,13.2,2.767,2767.0,207.1691526329639,-0.4529702970297045,straight,-1,inf,inf,False,10.766666666667222,5.463333333333613,5.30333333333361,3.636666666666943
2768,25.48615137,51.45491194,13.2,2.768,2768.0,207.08913147061887,-0.4504950495049486,straight,-1,inf,inf,False,10.766666666667222,5.463333333333613,5.30333333333361,3.636666666666943
2769,25.48614334,51.45490739,13.2,2.769,2769.0,207.0891330040592,-0.4455445544554504,straight,-1,inf,inf,False,10.766666666667222,5.463333333333613,5.30333333333361,3.636666666666943
2770,25.48613531,51.45490284,13.2,2.77,2770.0,207.11809082770068,-0.4405940594059387,straight,-1,inf,inf,False,10.766666666667222,5.463333333333613,5.30333333333361,3.636666666666943
2771,25.48612729,51.45489829,13.2,2.771,2771.0,207.03806031840296,-0.43316831683168466,straight,-1,inf,inf,False,10.766666666667222,5.463333333333613,5.30333333333361,3.636666666666943
2772,25.48611926,51.45489375,13.2,2.772,2772.0,207.0891377085246,-0.4257425742574261,straight,-1,inf,inf,False,10.122222222222767,4.901111111111382,5.2211111111113855,3.498888888889164
2773,25.48611123,51.4548892,13.2,2.773,2773.0,207.08913921868847,-0.41831683168317196,straight,-1,inf,inf,False,10.122222222222767,4.901111111111382,5.2211111111113855,3.498888888889164
2774,25.4861032,51.45488465,13.2,2.774,2774.0,207.22018321043862,-0.40841584158415767,straight,-1,inf,inf,False,10.122222222222767,4.901111111111382,5.2211111111113855,3.498888888889164
2775,25.48609518,51.45488008,13.2,2.775,2775.0,207.22018479788508,-0.39851485148514776,straight,-1,inf,inf,False,10.122222222222767,4.901111111111382,5.2211111111113855,3.498888888889164
2776,25.48608716,51.45487551,13.2,2.776,2776.0,207.19821727964927,-0.3886138613861334,straight,-1,inf,inf,False,10.122222222222767,4.901111111111382,5.2211111111113855,3.498888888889164
2777,25.48607915,51.45487095,13.2,2.777,2777.0,207.22018790595882,-0.37871287128712794,straight,-1,inf,inf,False,10.57777777777833,5.458888888889167,5.118888888889162,3.3411111111113847
2778,25.48607113,51.45486638,13.2,2.778,2778.0,207.220189451722,-0.36881188118811803,straight,-1,inf,inf,False,10.57777777777833,5.458888888889167,5.118888888889162,3.3411111111113847
2779,25.48606311,51.45486181,13.2,2.779,2779.0,207.2711640695482,-0.35643564356436563,straight,-1,inf,inf,False,10.57777777777833,5.458888888889167,5.118888888889162,3.3411111111113847
2780,25.48605509,51.45485723,13.2,2.78,2780.0,207.24928033821396,-0.34653465346534684,straight,-1,inf,inf,False,10.57777777777833,5.458888888889167,5.118888888889162,3.3411111111113847
2781,25.48604708,51.45485266,13.2,2.781,2781.0,207.22019412403924,-0.33663366336633693,straight,-1,inf,inf,False,10.57777777777833,5.458888888889167,5.118888888889162,3.3411111111113847
2782,25.48603906,51.45484809,13.2,2.782,2782.0,207.3002934199931,-0.326732673267327,straight,-1,inf,inf,False,10.23333333333388,5.196666666666941,5.036666666666938,3.2033333333336045
2783,25.48603105,51.45484351,13.2,2.783,2783.0,207.35125816332894,-0.3168316831683171,straight,-1,inf,inf,False,10.23333333333388,5.196666666666941,5.036666666666938,3.2033333333336045
2784,25.48602304,51.45483892,13.2,2.784,2784.0,207.3512597400237,-0.30445544554455584,straight,-1,inf,inf,False,10.23333333333388,5.196666666666941,5.036666666666938,3.2033333333336045
2785,25.48601503,51.45483433,13.2,2.785,2785.0,207.38048026364314,-0.29207920792079456,straight,-1,inf,inf,False,10.23333333333388,5.196666666666941,5.036666666666938,3.2033333333336045
2786,25.48600703,51.45482974,13.1,2.786,2786.0,207.35126284504602,-0.28217821782178465,straight,-1,inf,inf,False,10.23333333333388,5.196666666666941,5.036666666666938,3.2033333333336045
2787,25.48599902,51.45482515,13.1,2.787,2787.0,207.35126437076775,-0.27227722772277474,straight,-1,inf,inf,False,9.488888888889424,4.494444444444708,4.994444444444715,3.105555555555826
2788,25.48599101,51.45482056,13.1,2.788,2788.0,207.30030277817698,-0.259900990099009,straight,-1,inf,inf,False,9.488888888889424,4.494444444444708,4.994444444444715,3.105555555555826
2789,25.485983,51.45481598,13.1,2.789,2789.0,207.3512674684482,-0.24752475247524774,straight,-1,inf,inf,False,9.488888888889424,4.494444444444708,4.994444444444715,3.105555555555826
2790,25.48597499,51.45481139,13.1,2.79,2790.0,207.35126908682744,-0.23514851485148203,straight,-1,inf,inf,False,9.488888888889424,4.494444444444708,4.994444444444715,3.105555555555826
2791,25.48596698,51.4548068,13.1,2.791,2791.0,207.35127066806976,-0.22029702970296935,straight,-1,inf,inf,False,9.488888888889424,4.494444444444708,4.994444444444715,3.105555555555826
2792,25.48595897,51.45480221,13.1,2.792,2792.0,207.30030897037778,-0.20544554455445677,straight,-1,inf,inf,False,9.944444444444985,5.006666666666898,4.937777777778087,2.9933333333336423
2793,25.48595096,51.45479763,13.1,2.793,2793.0,207.35127374262694,-0.1905940594059352,straight,-1,inf,inf,False,9.944444444444985,5.006666666666898,4.937777777778087,2.9933333333336423
2794,25.48594295,51.45479304,13.1,2.794,2794.0,207.3512752869134,-0.17326732673267564,straight,-1,inf,inf,False,9.944444444444985,5.006666666666898,4.937777777778087,2.9933333333336423
2795,25.48593494,51.45478845,13.1,2.795,2795.0,207.3512768774378,-0.1559405940593983,straight,-1,inf,inf,False,9.944444444444985,5.006666666666898,4.937777777778087,2.9933333333336423
2796,25.48592693,51.45478386,13.1,2.796,2796.0,207.24930519595978,-0.13613861386138737,straight,-1,inf,inf,False,9.944444444444985,5.006666666666898,4.937777777778087,2.9933333333336423
2797,25.48591892,51.45477929,13.1,2.797,2797.0,207.2202189313323,-0.11633663366336755,straight,-1,inf,inf,False,9.700000000000536,4.863333333333522,4.836666666667014,2.8366666666670137
2798,25.4859109,51.45477472,13.1,2.798,2798.0,207.30031832314478,-0.09405940594059636,straight,-1,inf,inf,False,9.700000000000536,4.863333333333522,4.836666666667014,2.8366666666670137
2799,25.48590289,51.45477014,13.1,2.799,2799.0,207.2202220903083,-0.0742574257425721,straight,-1,inf,inf,False,9.700000000000536,4.863333333333522,4.836666666667014,2.8366666666670137
2800,25.48589487,51.45476557,13.1,2.8,2800.0,207.3003214652127,-0.05198019801980092,straight,-1,inf,inf,False,9.700000000000536,4.863333333333522,4.836666666667014,2.8366666666670137
2801,25.48588686,51.45476099,13.1,2.801,2801.0,207.2202251798733,-0.02970297029702973,straight,-1,inf,inf,False,9.700000000000536,4.863333333333522,4.836666666667014,2.8366666666670137
2802,25.48587884,51.45475642,13.1,2.802,2802.0,207.30032455164422,-0.0049504950494982936,straight,-1,inf,inf,False,10.700000000000152,5.6544444444446045,5.045555555555548,2.64555555555594
2803,25.48587083,51.45475184,13.1,2.803,2803.0,207.2712014305128,0.01980198019801982,straight,-1,inf,inf,False,10.700000000000152,5.6544444444446045,5.045555555555548,2.64555555555594
2804,25.48586281,51.45474726,13.1,2.804,2804.0,207.30032765200258,0.04702970297029818,straight,-1,inf,inf,False,10.700000000000152,5.6544444444446045,5.045555555555548,2.64555555555594
2805,25.4858548,51.45474268,13.1,2.805,2805.0,207.16921159631173,0.07425742574257654,straight,-1,inf,inf,False,10.700000000000152,5.6544444444446045,5.045555555555548,2.64555555555594
2806,25.48584678,51.45473812,13.1,2.806,2806.0,207.1692131260827,0.10148514851485047,straight,-1,inf,inf,False,10.700000000000152,5.6544444444446045,5.045555555555548,2.64555555555594
2807,25.48583876,51.45473356,13.0,2.807,2807.0,207.14022124074413,0.12871287128712883,straight,-1,inf,inf,False,10.000000000000142,4.93000000000011,5.070000000000032,2.570000000000423
2808,25.48583073,51.454729,13.0,2.808,2808.0,207.1692162665056,0.158415841584163,straight,-1,inf,inf,False,10.000000000000142,4.93000000000011,5.070000000000032,2.570000000000423
2809,25.48582271,51.45472444,13.0,2.809,2809.0,207.11815125050262,0.18811881188119273,straight,-1,inf,inf,False,10.000000000000142,4.93000000000011,5.070000000000032,2.570000000000423
2810,25.48581469,51.45471989,13.0,2.81,2810.0,206.95817368628474,0.22029702970297382,straight,-1,inf,inf,False,10.000000000000142,4.93000000000011,5.070000000000032,2.570000000000423
2811,25.48580665,51.45471536,13.0,2.811,2811.0,207.0381222127429,0.2524752475247549,straight,-1,inf,inf,False,10.000000000000142,4.93000000000011,5.070000000000032,2.570000000000423
2812,25.48579862,51.45471082,13.0,2.812,2812.0,207.03812372087006,0.284653465346536,straight,-1,inf,inf,False,11.600000000000165,5.110000000000072,6.490000000000093,2.590000000000463
2813,25.48579059,51.45470628,13.0,2.813,2813.0,206.9581783932751,0.3168316831683171,straight,-1,inf,inf,False,11.600000000000165,5.110000000000072,6.490000000000093,2.590000000000463
2814,25.48578255,51.45470175,13.0,2.814,2814.0,206.9870044085412,0.351485148514854,straight,-1,inf,inf,False,11.600000000000165,5.110000000000072,6.490000000000093,2.590000000000463
2815,25.48577452,51.45469722,13.0,2.815,2815.0,206.95818141438116,0.3861386138613865,straight,-1,inf,inf,False,11.600000000000165,5.110000000000072,6.490000000000093,2.590000000000463
2816,25.48576648,51.45469269,13.0,2.816,2816.0,206.9070516329864,0.4207920792079189,straight,-1,inf,inf,False,11.600000000000165,5.110000000000072,6.490000000000093,2.590000000000463
2817,25.48575844,51.45468817,13.0,2.817,2817.0,206.95818452074982,0.4603960396039631,straight,-1,inf,inf,False,9.700000000000138,4.89000000000007,4.810000000000068,2.6100000000004635
2818,25.4857504,51.45468364,13.0,2.818,2818.0,206.95818611102328,0.49999999999999817,straight,-1,inf,inf,False,9.700000000000138,4.89000000000007,4.810000000000068,2.6100000000004635
2819,25.48574236,51.45467911,13.0,2.819,2819.0,206.85587847986523,0.5396039603960467,straight,-1,inf,inf,False,9.700000000000138,4.89000000000007,4.810000000000068,2.6100000000004635
2820,25.48573432,51.4546746,13.0,2.82,2820.0,206.85587997755883,0.5792079207920819,straight,-1,inf,inf,False,9.700000000000138,4.89000000000007,4.810000000000068,2.6100000000004635
2821,25.48572628,51.45467009,13.0,2.821,2821.0,206.87832915305248,0.6188118811881216,straight,-1,inf,inf,False,9.700000000000138,4.89000000000007,4.810000000000068,2.6100000000004635
2822,25.48571823,51.45466557,13.0,2.822,2822.0,206.85588313374316,0.6584158415841568,straight,-1,inf,inf,False,9.700000000000138,4.89000000000007,4.810000000000068,2.6100000000004635
2823,25.48571019,51.45466106,13.0,2.823,2823.0,206.82719211175535,0.6980198019801964,straight,-1,inf,inf,False,8.300000000000118,4.310000000000061,3.9900000000000566,2.790000000000466
2824,25.48570214,51.45465655,13.0,2.824,2824.0,206.77600728664075,0.7351485148514847,straight,-1,inf,inf,False,8.300000000000118,4.310000000000061,3.9900000000000566,2.790000000000466
2825,25.48569409,51.45465205,13.0,2.825,2825.0,206.77600887162976,0.7747524752475288,straight,-1,inf,inf,False,8.300000000000118,4.310000000000061,3.9900000000000566,2.790000000000466
2826,25.48568604,51.45464755,13.0,2.826,2826.0,206.7760103224744,0.8143564356435684,straight,-1,inf,inf,False,8.300000000000118,4.310000000000061,3.9900000000000566,2.790000000000466
2827,25.48567799,51.45464305,13.0,2.827,2827.0,206.77601195824695,0.853960396039608,straight,-1,inf,inf,False,8.300000000000118,4.310000000000061,3.9900000000000566,2.790000000000466
2828,25.48566994,51.45463855,13.0,2.828,2828.0,206.85589236900518,0.8910891089108919,straight,-1,inf,inf,False,8.900000000000126,4.530000000000064,4.370000000000062,2.9700000000004687
2829,25.4856619,51.45463404,13.0,2.829,2829.0,206.82720139100857,0.92821782178218,straight,-1,inf,inf,False,8.900000000000126,4.530000000000064,4.370000000000062,2.9700000000004687
2830,25.48565385,51.45462953,13.0,2.83,2830.0,206.85589547831228,0.9653465346534597,straight,-1,inf,inf,False,8.900000000000126,4.530000000000064,4.370000000000062,2.9700000000004687
2831,25.48564581,51.45462502,13.0,2.831,2831.0,206.8272044615367,1.0000000000000053,straight,-1,inf,inf,False,8.900000000000126,4.530000000000064,4.370000000000062,2.9700000000004687
2832,25.48563776,51.45462051,13.0,2.832,2832.0,206.85589856021284,1.032178217821782,straight,-1,inf,inf,False,8.900000000000126,4.530000000000064,4.370000000000062,2.9700000000004687
2833,25.48562972,51.454616,13.0,2.833,2833.0,206.69622831725837,1.064356435643563,straight,-1,inf,inf,False,8.600000000000122,4.680000000000066,3.920000000000056,3.0200000000004694
2834,25.48562166,51.45461151,13.0,2.834,2834.0,206.77602274845228,1.0940594059405928,straight,-1,inf,inf,False,8.600000000000122,4.680000000000066,3.920000000000056,3.0200000000004694
2835,25.48561361,51.45460701,13.0,2.835,2835.0,206.72479166541314,1.123762376237618,straight,-1,inf,inf,False,8.600000000000122,4.680000000000066,3.920000000000056,3.0200000000004694
2836,25.48560556,51.45460252,13.0,2.836,2836.0,206.7760258024856,1.150990099009901,straight,-1,inf,inf,False,8.600000000000122,4.680000000000066,3.920000000000056,3.0200000000004694
2837,25.48559751,51.45459802,13.0,2.837,2837.0,206.69623450317061,1.1782178217821748,straight,-1,inf,inf,False,8.800000000000125,4.170000000000059,4.630000000000066,3.030000000000469
2838,25.48558945,51.45459353,13.0,2.838,2838.0,206.7247962820225,1.2054455445544576,straight,-1,inf,inf,False,8.800000000000125,4.170000000000059,4.630000000000066,3.030000000000469
2839,25.4855814,51.45458904,13.0,2.839,2839.0,206.7247978323768,1.232673267326736,straight,-1,inf,inf,False,8.800000000000125,4.170000000000059,4.630000000000066,3.030000000000469
2840,25.48557335,51.45458455,13.0,2.84,2840.0,206.7474339039807,1.2574257425742585,straight,-1,inf,inf,False,8.800000000000125,4.170000000000059,4.630000000000066,3.030000000000469
2841,25.48556529,51.45458005,13.0,2.841,2841.0,206.72480090772018,1.2821782178217767,straight,-1,inf,inf,False,8.800000000000125,4.170000000000059,4.630000000000066,3.030000000000469
2842,25.48555724,51.45457556,13.0,2.842,2842.0,206.64500137269218,1.3044554455445523,straight,-1,inf,inf,False,8.40000000000012,4.070000000000058,4.330000000000061,3.030000000000469
2843,25.48554918,51.45457108,13.0,2.843,2843.0,206.64500294528315,1.326732673267328,straight,-1,inf,inf,False,8.40000000000012,4.070000000000058,4.330000000000061,3.030000000000469
2844,25.48554112,51.4545666,13.0,2.844,2844.0,206.59371762467518,1.3465346534653477,straight,-1,inf,inf,False,8.40000000000012,4.070000000000058,4.330000000000061,3.030000000000469
2845,25.48553306,51.45456213,13.0,2.845,2845.0,206.6450060016978,1.3638613861386117,straight,-1,inf,inf,False,8.40000000000012,4.070000000000058,4.330000000000061,3.030000000000469
2846,25.485525,51.45455765,13.0,2.846,2846.0,206.59372070051927,1.3811881188118846,straight,-1,inf,inf,False,8.40000000000012,4.070000000000058,4.330000000000061,3.030000000000469
2847,25.48551694,51.45455318,13.0,2.847,2847.0,206.5139998311045,1.3985148514851486,straight,-1,inf,inf,False,8.800000000000125,4.440000000000064,4.360000000000062,2.9600000000004685
2848,25.48550887,51.45454872,13.0,2.848,2848.0,206.51400137674085,1.4133663366336613,straight,-1,inf,inf,False,8.800000000000125,4.440000000000064,4.360000000000062,2.9600000000004685
2849,25.4855008,51.45454426,13.1,2.849,2849.0,206.51400290433568,1.428217821782174,straight,-1,inf,inf,False,8.800000000000125,4.440000000000064,4.360000000000062,2.9600000000004685
2850,25.48549273,51.4545398,13.1,2.85,2850.0,206.51400439928634,1.4405940594059397,straight,-1,inf,inf,False,8.800000000000125,4.440000000000064,4.360000000000062,2.9600000000004685
2851,25.48548466,51.45453534,13.1,2.851,2851.0,206.51400598658535,1.452970297029701,straight,-1,inf,inf,False,8.800000000000125,4.440000000000064,4.360000000000062,2.9600000000004685
2852,25.48547659,51.45453088,13.1,2.852,2852.0,206.54239708086774,1.4653465346534666,straight,-1,inf,inf,False,8.900000000000126,4.550000000000065,4.350000000000062,2.950000000000468
2853,25.48546853,51.45452642,13.1,2.853,2853.0,206.5653037216801,1.4752475247524766,straight,-1,inf,inf,False,8.900000000000126,4.550000000000065,4.350000000000062,2.950000000000468
2854,25.48546046,51.45452195,13.2,2.854,2854.0,206.51401058550076,1.4826732673267307,straight,-1,inf,inf,False,8.900000000000126,4.550000000000065,4.350000000000062,2.950000000000468
2855,25.48545239,51.45451749,13.2,2.855,2855.0,206.54240165956944,1.4900990099009892,straight,-1,inf,inf,False,8.900000000000126,4.550000000000065,4.350000000000062,2.950000000000468
2856,25.48544433,51.45451303,13.2,2.856,2856.0,206.43437812121076,1.4975247524752477,straight,-1,inf,inf,False,8.900000000000126,4.550000000000065,4.350000000000062,2.950000000000468
2857,25.48543625,51.45450858,13.2,2.857,2857.0,206.46267468607405,1.5024752475247505,straight,-1,inf,inf,False,8.900000000000126,4.550000000000065,4.350000000000062,2.950000000000468
2858,25.48542818,51.45450413,13.3,2.858,2858.0,206.4626761969449,1.5074257425742577,straight,-1,inf,inf,False,8.900000000000126,4.450000000000063,4.450000000000063,3.0500000000004697
2859,25.48542011,51.45449968,13.3,2.859,2859.0,206.43438272327913,1.5074257425742577,straight,-1,inf,inf,False,8.900000000000126,4.450000000000063,4.450000000000063,3.0500000000004697
2860,25.48541203,51.45449523,13.3,2.86,2860.0,206.41129286188294,1.5074257425742532,straight,-1,inf,inf,False,8.900000000000126,4.450000000000063,4.450000000000063,3.0500000000004697
2861,25.48540396,51.45449079,13.4,2.861,2861.0,206.51402132005776,1.5074257425742577,straight,-1,inf,inf,False,8.900000000000126,4.450000000000063,4.450000000000063,3.0500000000004697
2862,25.48539589,51.45448633,13.4,2.862,2862.0,206.46268232797468,1.5074257425742577,straight,-1,inf,inf,False,9.10000000000013,4.280000000000061,4.820000000000069,3.0200000000004694
2863,25.48538782,51.45448188,13.4,2.863,2863.0,206.43438889137846,1.5074257425742577,straight,-1,inf,inf,False,9.10000000000013,4.280000000000061,4.820000000000069,3.0200000000004694
2864,25.48537974,51.45447743,13.5,2.864,2864.0,206.51402595541026,1.5049504950495107,straight,-1,inf,inf,False,9.10000000000013,4.280000000000061,4.820000000000069,3.0200000000004694
2865,25.48537167,51.45447297,13.5,2.865,2865.0,206.51402748299714,1.4999999999999991,straight,-1,inf,inf,False,9.10000000000013,4.280000000000061,4.820000000000069,3.0200000000004694
2866,25.4853636,51.45446851,13.6,2.866,2866.0,206.54241862039126,1.4950495049504964,straight,-1,inf,inf,False,9.10000000000013,4.280000000000061,4.820000000000069,3.0200000000004694
2867,25.48535554,51.45446405,13.6,2.867,2867.0,206.56532525053422,1.4876237623762334,straight,-1,inf,inf,False,9.400000000000134,5.110000000000072,4.29000000000006,2.9900000000004687
2868,25.48534747,51.45445958,13.7,2.868,2868.0,206.5937545747433,1.4801980198019837,straight,-1,inf,inf,False,9.400000000000134,5.110000000000072,4.29000000000006,2.9900000000004687
2869,25.48533941,51.45445511,13.7,2.869,2869.0,206.56532834052553,1.4727722772277207,straight,-1,inf,inf,False,9.400000000000134,5.110000000000072,4.29000000000006,2.9900000000004687
2870,25.48533134,51.45445064,13.8,2.87,2870.0,206.4113081934741,1.465346534653471,straight,-1,inf,inf,False,9.400000000000134,5.110000000000072,4.29000000000006,2.9900000000004687
2871,25.48532327,51.4544462,13.8,2.871,2871.0,206.33165946596526,1.4554455445544523,straight,-1,inf,inf,False,9.400000000000134,5.110000000000072,4.29000000000006,2.9900000000004687
2872,25.48531519,51.45444177,13.9,2.872,2872.0,206.33166100287772,1.4455445544554468,straight,-1,inf,inf,False,9.700000000000138,4.680000000000066,5.020000000000072,3.0200000000004694
2873,25.48530711,51.45443734,13.9,2.873,2873.0,206.30350051703476,1.435643564356437,straight,-1,inf,inf,False,9.700000000000138,4.680000000000066,5.020000000000072,3.0200000000004694
2874,25.48529902,51.45443291,14.0,2.874,2874.0,206.33166407594481,1.4232673267326756,straight,-1,inf,inf,False,9.700000000000138,4.680000000000066,5.020000000000072,3.0200000000004694
2875,25.48529094,51.45442848,14.1,2.875,2875.0,206.59376533750628,1.4108910891089144,straight,-1,inf,inf,False,9.700000000000138,4.680000000000066,5.020000000000072,3.0200000000004694
2876,25.48528288,51.45442401,14.1,2.876,2876.0,206.56533908624257,1.3985148514851486,straight,-1,inf,inf,False,9.700000000000138,4.680000000000066,5.020000000000072,3.0200000000004694
2877,25.48527481,51.45441954,14.1,2.877,2877.0,206.5937684569171,1.3836633663366404,straight,-1,inf,inf,False,9.600000000000136,4.680000000000066,4.92000000000007,3.0200000000004694
2878,25.48526675,51.45441507,14.2,2.878,2878.0,206.64505686570052,1.3663366336633676,straight,-1,inf,inf,False,9.600000000000136,4.680000000000066,4.92000000000007,3.0200000000004694
2879,25.48525869,51.45441059,14.2,2.879,2879.0,206.59377153272848,1.3490099009901035,straight,-1,inf,inf,False,9.600000000000136,4.680000000000066,4.92000000000007,3.0200000000004694
2880,25.48525063,51.45440612,14.3,2.88,2880.0,206.46270994048305,1.326732673267328,straight,-1,inf,inf,False,9.600000000000136,4.680000000000066,4.92000000000007,3.0200000000004694
2881,25.48524256,51.45440167,14.3,2.881,2881.0,206.51405208478513,1.3044554455445612,straight,-1,inf,inf,False,9.600000000000136,4.680000000000066,4.92000000000007,3.0200000000004694
2882,25.48523449,51.45439721,14.3,2.882,2882.0,206.43441802563675,1.2821782178217855,straight,-1,inf,inf,False,9.20000000000013,4.810000000000068,4.390000000000063,2.9900000000004687
2883,25.48522641,51.45439276,14.3,2.883,2883.0,206.5140551598867,1.257425742574254,straight,-1,inf,inf,False,9.20000000000013,4.810000000000068,4.390000000000063,2.9900000000004687
2884,25.48521834,51.4543883,14.4,2.884,2884.0,206.54244624910586,1.2326732673267315,straight,-1,inf,inf,False,9.20000000000013,4.810000000000068,4.390000000000063,2.9900000000004687
2885,25.48521028,51.45438384,14.4,2.885,2885.0,206.69630858191226,1.2029702970297063,straight,-1,inf,inf,False,9.20000000000013,4.810000000000068,4.390000000000063,2.9900000000004687
2886,25.48520222,51.45437935,14.4,2.886,2886.0,206.64506922755805,1.173267326732672,straight,-1,inf,inf,False,9.20000000000013,4.810000000000068,4.390000000000063,2.9900000000004687
2887,25.48519416,51.45437487,14.4,2.887,2887.0,206.72487197317076,1.1410891089108954,straight,-1,inf,inf,False,9.20000000000013,4.810000000000068,4.390000000000063,2.9900000000004687
2888,25.48518611,51.45437038,14.4,2.888,2888.0,206.64507231462886,1.10891089108911,straight,-1,inf,inf,False,9.300000000000132,4.290000000000061,5.010000000000072,3.1100000000004706
2889,25.48517805,51.4543659,14.5,2.889,2889.0,206.7248750992563,1.0742574257425819,straight,-1,inf,inf,False,9.300000000000132,4.290000000000061,5.010000000000072,3.1100000000004706
2890,25.48517,51.45436141,14.5,2.89,2890.0,206.7475110910704,1.0371287128712892,straight,-1,inf,inf,False,9.300000000000132,4.290000000000061,5.010000000000072,3.1100000000004706
2891,25.48516194,51.45435691,14.5,2.891,2891.0,206.77611088279681,1.0000000000000009,straight,-1,inf,inf,False,9.300000000000132,4.290000000000061,5.010000000000072,3.1100000000004706
2892,25.48515389,51.45435241,14.5,2.892,2892.0,206.7248797157851,0.9579207920792098,straight,-1,inf,inf,False,9.300000000000132,4.290000000000061,5.010000000000072,3.1100000000004706
2893,25.48514584,51.45434792,14.5,2.893,2893.0,206.77611388598868,0.9183168316831701,straight,-1,inf,inf,False,9.90000000000014,4.970000000000071,4.93000000000007,3.230000000000472
2894,25.48513779,51.45434342,14.5,2.894,2894.0,206.77611552172812,0.8762376237623792,straight,-1,inf,inf,False,9.90000000000014,4.970000000000071,4.93000000000007,3.230000000000472
2895,25.48512974,51.45433892,14.6,2.895,2895.0,206.77611698164299,0.8292079207920809,straight,-1,inf,inf,False,9.90000000000014,4.970000000000071,4.93000000000007,3.230000000000472
2896,25.48512169,51.45433442,14.6,2.896,2896.0,206.7761185991718,0.7821782178217829,straight,-1,inf,inf,False,9.90000000000014,4.970000000000071,4.93000000000007,3.230000000000472
2897,25.48511364,51.45432992,14.6,2.897,2897.0,206.7761201007655,0.730198019801982,straight,-1,inf,inf,False,9.90000000000014,4.970000000000071,4.93000000000007,3.230000000000472
2898,25.48510559,51.45432542,14.6,2.898,2898.0,206.7248889396741,0.6782178217821766,straight,-1,inf,inf,False,10.50000000000015,5.400000000000077,5.1000000000000725,3.300000000000473
2899,25.48509754,51.45432093,14.6,2.899,2899.0,206.82730975219022,0.6237623762376199,straight,-1,inf,inf,False,10.50000000000015,5.400000000000077,5.1000000000000725,3.300000000000473
2900,25.48508949,51.45431642,14.6,2.9,2900.0,206.82731123240507,0.5693069306930676,straight,-1,inf,inf,False,10.50000000000015,5.400000000000077,5.1000000000000725,3.300000000000473
2901,25.48508144,51.45431191,14.6,2.901,2901.0,206.85600546569304,0.5099009900990081,straight,-1,inf,inf,False,10.50000000000015,5.400000000000077,5.1000000000000725,3.300000000000473
2902,25.4850734,51.4543074,14.6,2.902,2902.0,206.77612780610363,0.45049504950495317,straight,-1,inf,inf,False,10.50000000000015,5.400000000000077,5.1000000000000725,3.300000000000473
2903,25.48506535,51.4543029,14.6,2.903,2903.0,206.827315908063,0.38613861386138204,straight,-1,inf,inf,False,10.60000000000015,5.280000000000075,5.320000000000076,3.5200000000004765
2904,25.4850573,51.45429839,14.6,2.904,2904.0,206.72489816695673,0.3217821782178154,straight,-1,inf,inf,False,10.60000000000015,5.280000000000075,5.320000000000076,3.5200000000004765
2905,25.48504925,51.4542939,14.6,2.905,2905.0,206.72489971727822,0.2549504950495063,straight,-1,inf,inf,False,10.60000000000015,5.280000000000075,5.320000000000076,3.5200000000004765
2906,25.4850412,51.45428941,14.6,2.906,2906.0,206.6963409349684,0.1831683168316811,straight,-1,inf,inf,False,10.60000000000015,5.280000000000075,5.320000000000076,3.5200000000004765
2907,25.48503314,51.45428492,14.6,2.907,2907.0,206.7249028524387,0.11138613861386483,straight,-1,inf,inf,False,10.50000000000015,5.260000000000074,5.240000000000075,3.5400000000004765
2908,25.48502509,51.45428043,14.6,2.908,2908.0,206.7761370441662,0.03960396039603964,straight,-1,inf,inf,False,10.50000000000015,5.260000000000074,5.240000000000075,3.5400000000004765
2909,25.48501704,51.45427593,14.6,2.909,2909.0,206.7761386616886,-0.03712871287128383,straight,-1,inf,inf,False,10.50000000000015,5.260000000000074,5.240000000000075,3.5400000000004765
2910,25.48500899,51.45427143,14.6,2.91,2910.0,206.827326694555,-0.11633663366336755,straight,-1,inf,inf,False,10.50000000000015,5.260000000000074,5.240000000000075,3.5400000000004765
2911,25.48500094,51.45426692,14.6,2.911,2911.0,206.77614174822222,-0.19554455445544686,straight,-1,inf,inf,False,10.50000000000015,5.260000000000074,5.240000000000075,3.5400000000004765
2912,25.48499289,51.45426242,14.6,2.912,2912.0,206.7761432498084,-0.2772277227722775,straight,-1,inf,inf,False,10.100000000000144,5.300000000000075,4.800000000000068,3.600000000000477
2913,25.48498484,51.45425792,14.6,2.913,2913.0,206.85602398127273,-0.3613861386138595,straight,-1,inf,inf,False,10.100000000000144,5.300000000000075,4.800000000000068,3.600000000000477
2914,25.4849768,51.45425341,14.6,2.914,2914.0,206.77614636699695,-0.4430693069306902,straight,-1,inf,inf,False,10.100000000000144,5.300000000000075,4.800000000000068,3.600000000000477
2915,25.48496875,51.45424891,14.6,2.915,2915.0,206.8273344191333,-0.529702970297028,straight,-1,inf,inf,False,10.100000000000144,5.300000000000075,4.800000000000068,3.600000000000477
2916,25.4849607,51.4542444,14.6,2.916,2916.0,206.77614947173518,-0.6188118811881127,straight,-1,inf,inf,False,10.100000000000144,5.300000000000075,4.800000000000068,3.600000000000477
2917,25.48495265,51.4542399,14.6,2.917,2917.0,206.82733753315782,-0.7079207920792063,straight,-1,inf,inf,False,11.100000000000158,5.260000000000074,5.840000000000083,3.640000000000478
2918,25.4849446,51.45423539,14.6,2.918,2918.0,206.72491976229924,-0.7970297029702955,straight,-1,inf,inf,False,11.100000000000158,5.260000000000074,5.840000000000083,3.640000000000478
2919,25.48493655,51.4542309,14.6,2.919,2919.0,206.77615405073973,-0.8886138613861404,straight,-1,inf,inf,False,11.100000000000158,5.260000000000074,5.840000000000083,3.640000000000478
2920,25.4849285,51.4542264,14.6,2.92,2920.0,206.77615560310662,-0.9801980198019765,straight,-1,inf,inf,False,11.100000000000158,5.260000000000074,5.840000000000083,3.640000000000478
2921,25.48492045,51.4542219,14.6,2.921,2921.0,206.72492440038192,-1.074257425742573,straight,-1,inf,inf,False,11.100000000000158,5.260000000000074,5.840000000000083,3.640000000000478
2922,25.4849124,51.45421741,14.6,2.922,2922.0,206.74756049904852,-1.1683168316831694,straight,-1,inf,inf,False,11.100000000000158,5.260000000000074,5.840000000000083,3.640000000000478
2923,25.48490434,51.45421291,14.5,2.923,2923.0,206.72492744303938,-1.2623762376237524,straight,-1,inf,inf,False,10.50000000000015,5.240000000000075,5.260000000000074,3.76000000000048
2924,25.48489629,51.45420842,14.5,2.924,2924.0,206.7761618106421,-1.3589108910891001,straight,-1,inf,inf,False,10.50000000000015,5.240000000000075,5.260000000000074,3.76000000000048
2925,25.48488824,51.45420392,14.5,2.925,2925.0,206.72493054366302,-1.4529702970296965,straight,-1,inf,inf,False,10.50000000000015,5.240000000000075,5.260000000000074,3.76000000000048
2926,25.48488019,51.45419943,14.5,2.926,2926.0,206.77616486458575,-1.5495049504950398,straight,-1,inf,inf,False,10.50000000000015,5.240000000000075,5.260000000000074,3.76000000000048
2927,25.48487214,51.45419493,14.5,2.927,2927.0,206.82735299714284,-1.6460396039603964,straight,-1,inf,inf,False,10.200000000000143,5.060000000000072,5.140000000000073,3.74000000000048
2928,25.48486409,51.45419042,14.5,2.928,2928.0,206.85604718691192,-1.7450495049504866,straight,-1,inf,inf,False,10.200000000000143,5.060000000000072,5.140000000000073,3.74000000000048
2929,25.48485605,51.45418591,14.4,2.929,2929.0,206.90722672913003,-1.8440594059405901,straight,-1,inf,inf,False,10.200000000000143,5.060000000000072,5.140000000000073,3.74000000000048
2930,25.48484801,51.45418139,14.4,2.93,2930.0,206.87849800382665,-1.9405940594059332,straight,-1,inf,inf,False,10.200000000000143,5.060000000000072,5.140000000000073,3.74000000000048
2931,25.48483996,51.45417687,14.4,2.931,2931.0,206.85605182235727,-2.0396039603960325,straight,-1,inf,inf,False,10.200000000000143,5.060000000000072,5.140000000000073,3.74000000000048
2932,25.48483192,51.45417236,14.4,2.932,2932.0,206.7761741183786,-2.136138613861376,straight,-1,inf,inf,False,10.200000000000143,5.060000000000072,5.140000000000073,3.74000000000048
2933,25.48482387,51.45416786,14.4,2.933,2933.0,206.77617566163423,-2.2351485148514705,straight,-1,inf,inf,False,9.90000000000014,5.290000000000076,4.610000000000065,3.810000000000481
2934,25.48481582,51.45416336,14.3,2.934,2934.0,206.7249444323779,-2.3316831683168227,straight,-1,inf,inf,False,9.90000000000014,5.290000000000076,4.610000000000065,3.810000000000481
2935,25.48480777,51.45415887,14.3,2.935,2935.0,206.74758052459106,-2.425742574257419,straight,-1,inf,inf,False,9.90000000000014,5.290000000000076,4.610000000000065,3.810000000000481
2936,25.48479971,51.45415437,14.3,2.936,2936.0,206.7249474841152,-2.5222772277227623,straight,-1,inf,inf,False,9.90000000000014,5.290000000000076,4.610000000000065,3.810000000000481
2937,25.48479166,51.45414988,14.2,2.937,2937.0,206.8273684787481,-2.61633663366335,straight,-1,inf,inf,False,9.300000000000132,4.620000000000066,4.680000000000066,3.78000000000048
2938,25.48478361,51.45414537,14.2,2.938,2938.0,206.8560625965044,-2.710396039603946,straight,-1,inf,inf,False,9.300000000000132,4.620000000000066,4.680000000000066,3.78000000000048
2939,25.48477557,51.45414086,14.2,2.939,2939.0,206.77618495373255,-2.8019801980197867,straight,-1,inf,inf,False,9.300000000000132,4.620000000000066,4.680000000000066,3.78000000000048
2940,25.48476752,51.45413636,14.2,2.94,2940.0,206.82737305671392,-2.8960396039603786,straight,-1,inf,inf,False,9.300000000000132,4.620000000000066,4.680000000000066,3.78000000000048
2941,25.48475947,51.45413185,14.1,2.941,2941.0,206.9072453301047,-2.985148514851468,straight,-1,inf,inf,False,9.300000000000132,4.620000000000066,4.680000000000066,3.78000000000048
2942,25.48475143,51.45412733,14.1,2.942,2942.0,206.98720315675772,-3.076732673267313,straight,-1,inf,inf,False,9.300000000000132,4.620000000000066,4.680000000000066,3.78000000000048
2943,25.4847434,51.4541228,14.1,2.943,2943.0,206.9072483886917,-3.165841584158402,straight,-1,inf,inf,False,10.60000000000015,5.150000000000073,5.450000000000077,3.850000000000481
2944,25.48473536,51.45411828,14.0,2.944,2944.0,206.9583816072165,-3.254950495049487,straight,-1,inf,inf,False,10.60000000000015,5.150000000000073,5.450000000000077,3.850000000000481
2945,25.48472732,51.45411375,14.0,2.945,2945.0,206.9872078455696,-3.3415841584158295,straight,-1,inf,inf,False,10.60000000000015,5.150000000000073,5.450000000000077,3.850000000000481
2946,25.48471929,51.45410922,14.0,2.946,2946.0,206.90725299380028,-3.4257425742574106,straight,-1,inf,inf,False,10.60000000000015,5.150000000000073,5.450000000000077,3.850000000000481
2947,25.48471125,51.4541047,13.9,2.947,2947.0,206.958386283422,-3.509900990098998,straight,-1,inf,inf,False,10.200000000000143,4.910000000000069,5.290000000000076,3.79000000000048
2948,25.48470321,51.45410017,13.9,2.948,2948.0,206.90725608684602,-3.594059405940584,straight,-1,inf,inf,False,10.200000000000143,4.910000000000069,5.290000000000076,3.79000000000048
2949,25.48469517,51.45409565,13.9,2.949,2949.0,206.90725767505512,-3.67574257425741,straight,-1,inf,inf,False,10.200000000000143,4.910000000000069,5.290000000000076,3.79000000000048
2950,25.48468713,51.45409113,13.8,2.95,2950.0,206.95839089652767,-3.754950495049494,straight,-1,inf,inf,False,10.200000000000143,4.910000000000069,5.290000000000076,3.79000000000048
2951,25.48467909,51.4540866,13.8,2.951,2951.0,207.08941597925937,-3.831683168316813,straight,-1,inf,inf,False,10.200000000000143,4.910000000000069,5.290000000000076,3.79000000000048
2952,25.48467106,51.45408205,13.8,2.952,2952.0,207.03834137180945,-3.9084158415841452,straight,-1,inf,inf,False,10.200000000000143,4.910000000000069,5.290000000000076,3.79000000000048
2953,25.48466303,51.45407751,13.7,2.953,2953.0,207.08941907355825,-3.9826732673267173,straight,-1,inf,inf,False,10.300000000000145,5.320000000000074,4.980000000000071,3.880000000000481
2954,25.484655,51.45407296,13.7,2.954,2954.0,207.06726365459198,-4.056930693069294,straight,-1,inf,inf,False,10.300000000000145,5.320000000000074,4.980000000000071,3.880000000000481
2955,25.48464698,51.45406842,13.6,2.955,2955.0,207.14045183695228,-4.126237623762363,straight,-1,inf,inf,False,10.300000000000145,5.320000000000074,4.980000000000071,3.880000000000481
2956,25.48463895,51.45406386,13.6,2.956,2956.0,207.22046713971605,-4.193069306930686,straight,-1,inf,inf,False,10.300000000000145,5.320000000000074,4.980000000000071,3.880000000000481
2957,25.48463093,51.45405929,13.5,2.957,2957.0,207.1694485275547,-4.257425742574248,straight,-1,inf,inf,False,10.300000000000145,5.320000000000074,4.980000000000071,3.880000000000481
2958,25.48462291,51.45405473,13.5,2.958,2958.0,207.22047027274428,-4.3242574257425614,straight,-1,inf,inf,False,10.100000000000144,4.940000000000071,5.160000000000073,3.9600000000004822
2959,25.48461489,51.45405016,13.5,2.959,2959.0,207.24955975103313,-4.388613861386128,straight,-1,inf,inf,False,10.100000000000144,4.940000000000071,5.160000000000073,3.9600000000004822
2960,25.48460688,51.45404559,13.4,2.96,2960.0,207.30057166618653,-4.445544554455436,straight,-1,inf,inf,False,10.100000000000144,4.940000000000071,5.160000000000073,3.9600000000004822
2961,25.48459887,51.45404101,13.4,2.961,2961.0,207.35153674229372,-4.4999999999999885,straight,-1,inf,inf,False,10.100000000000144,4.940000000000071,5.160000000000073,3.9600000000004822
2962,25.48459086,51.45403642,13.3,2.962,2962.0,207.351538314166,-4.5569306930692965,straight,-1,inf,inf,False,10.100000000000144,4.940000000000071,5.160000000000073,3.9600000000004822
2963,25.48458285,51.45403183,13.3,2.963,2963.0,207.3515398814867,-4.611386138613853,straight,-1,inf,inf,False,10.00000000000014,5.100000000000071,4.90000000000007,4.100000000000485
2964,25.48457484,51.45402724,13.2,2.964,2964.0,207.48262036741502,-4.663366336633654,straight,-1,inf,inf,False,10.00000000000014,5.100000000000071,4.90000000000007,4.100000000000485
2965,25.48456684,51.45402263,13.1,2.965,2965.0,207.4826218961626,-4.710396039603952,straight,-1,inf,inf,False,10.00000000000014,5.100000000000071,4.90000000000007,4.100000000000485
2966,25.48455884,51.45401802,13.1,2.966,2966.0,207.56286943136732,-4.754950495049499,straight,-1,inf,inf,False,10.00000000000014,5.100000000000071,4.90000000000007,4.100000000000485
2967,25.48455085,51.4540134,13.0,2.967,2967.0,207.48262500711337,-4.797029702970286,straight,-1,inf,inf,False,10.00000000000014,5.100000000000071,4.90000000000007,4.100000000000485
2968,25.48454285,51.45400879,13.0,2.968,2968.0,207.61372126507604,-4.8341584158415785,straight,-1,inf,inf,False,10.60000000000015,5.1700000000000745,5.430000000000076,4.230000000000485
2969,25.48453486,51.45400416,12.9,2.969,2969.0,207.7448317432289,-4.868811881188111,straight,-1,inf,inf,False,10.60000000000015,5.1700000000000745,5.430000000000076,4.230000000000485
2970,25.48452688,51.45399951,12.9,2.97,2970.0,207.74483331036564,-4.903465346534648,straight,-1,inf,inf,False,10.60000000000015,5.1700000000000745,5.430000000000076,4.230000000000485
2971,25.4845189,51.45399486,12.8,2.971,2971.0,207.69404448045265,-4.933168316831678,straight,-1,inf,inf,False,10.60000000000015,5.1700000000000745,5.430000000000076,4.230000000000485
2972,25.48451092,51.45399022,12.8,2.972,2972.0,207.74483645811333,-4.957920792079209,straight,-1,inf,inf,False,10.60000000000015,5.1700000000000745,5.430000000000076,4.230000000000485
2973,25.48450294,51.45398557,12.7,2.973,2973.0,207.82522837122082,-4.98019801980198,straight,-1,inf,inf,False,9.600000000000136,4.760000000000067,4.840000000000069,4.340000000000488
2974,25.48449497,51.45398091,12.6,2.974,2974.0,207.79558274137872,-4.999999999999996,straight,-1,inf,inf,False,9.600000000000136,4.760000000000067,4.840000000000069,4.340000000000488
2975,25.48448699,51.45397625,12.6,2.975,2975.0,207.7448411534866,-5.014851485148508,straight,-1,inf,inf,False,9.600000000000136,4.760000000000067,4.840000000000069,4.340000000000488
2976,25.48447901,51.4539716,12.5,2.976,2976.0,207.8252330379832,-5.0247524752475226,straight,-1,inf,inf,False,9.600000000000136,4.760000000000067,4.840000000000069,4.340000000000488
2977,25.48447104,51.45396694,12.4,2.977,2977.0,208.00709986219587,-5.0321782178217855,straight,-1,inf,inf,False,9.600000000000136,4.760000000000067,4.840000000000069,4.340000000000488
2978,25.48446308,51.45396225,12.4,2.978,2978.0,208.0577260760046,-5.037128712871284,straight,-1,inf,inf,False,9.400000000000134,4.980000000000071,4.420000000000063,4.420000000000489
2979,25.48445512,51.45395755,12.3,2.979,2979.0,208.00710294371598,-5.037128712871284,straight,-1,inf,inf,False,9.400000000000134,4.980000000000071,4.420000000000063,4.420000000000489
2980,25.48444716,51.45395286,12.2,2.98,2980.0,208.00710459062086,-5.034653465346537,straight,-1,inf,inf,False,9.400000000000134,4.980000000000071,4.420000000000063,4.420000000000489
2981,25.4844392,51.45394817,12.2,2.981,2981.0,208.13824991354778,-5.029702970297034,straight,-1,inf,inf,False,9.400000000000134,4.980000000000071,4.420000000000063,4.420000000000489
2982,25.48443125,51.45394346,12.1,2.982,2982.0,208.13825144766733,-5.019801980198024,straight,-1,inf,inf,False,9.400000000000134,4.980000000000071,4.420000000000063,4.420000000000489
2983,25.4844233,51.45393875,12.0,2.983,2983.0,208.13825306521136,-5.007425742574254,straight,-1,inf,inf,False,12.00000000000017,5.8700000000000845,6.130000000000086,4.53000000000049
2984,25.48441535,51.45393404,12.0,2.984,2984.0,208.13825461839502,-4.99009900990099,straight,-1,inf,inf,False,12.00000000000017,5.8700000000000845,6.130000000000086,4.53000000000049
2985,25.4844074,51.45392933,11.9,2.985,2985.0,208.40056900179766,-4.970297029702975,straight,-1,inf,inf,False,12.00000000000017,5.8700000000000845,6.130000000000086,4.53000000000049
2986,25.48439947,51.45392458,11.8,2.986,2986.0,208.53173675980736,-4.945544554455452,straight,-1,inf,inf,False,12.00000000000017,5.8700000000000845,6.130000000000086,4.53000000000049
2987,25.48439155,51.45391981,11.7,2.987,2987.0,208.45101513112104,-4.918316831683174,straight,-1,inf,inf,False,11.800000000000168,5.930000000000085,5.870000000000083,4.570000000000491
2988,25.48438362,51.45391505,11.7,2.988,2988.0,208.4813103374897,-4.886138613861388,straight,-1,inf,inf,False,11.800000000000168,5.930000000000085,5.870000000000083,4.570000000000491
2989,25.4843757,51.45391029,11.6,2.989,2989.0,208.5821229169116,-4.851485148514856,straight,-1,inf,inf,False,11.800000000000168,5.930000000000085,5.870000000000083,4.570000000000491
2990,25.48436778,51.45390551,11.5,2.99,2990.0,208.58212446777375,-4.816831683168319,straight,-1,inf,inf,False,11.800000000000168,5.930000000000085,5.870000000000083,4.570000000000491
2991,25.48435986,51.45390073,11.4,2.991,2991.0,208.61254805169887,-4.777227722772284,straight,-1,inf,inf,False,11.800000000000168,5.930000000000085,5.870000000000083,4.570000000000491
2992,25.48435195,51.45389595,11.4,2.992,2992.0,208.58212766965937,-4.735148514851488,straight,-1,inf,inf,False,12.100000000000172,6.130000000000088,5.970000000000084,4.570000000000491
2993,25.48434403,51.45389117,11.3,2.993,2993.0,208.87502745942237,-4.69059405940595,straight,-1,inf,inf,False,12.100000000000172,6.130000000000088,5.970000000000084,4.570000000000491
2994,25.48433614,51.45388635,11.2,2.994,2994.0,208.84435122948608,-4.643564356435652,straight,-1,inf,inf,False,12.100000000000172,6.130000000000088,5.970000000000084,4.570000000000491
2995,25.48432824,51.45388153,11.1,2.995,2995.0,208.8443527789839,-4.594059405940603,straight,-1,inf,inf,False,12.100000000000172,6.130000000000088,5.970000000000084,4.570000000000491
2996,25.48432034,51.45387671,11.1,2.996,2996.0,209.00627273372706,-4.542079207920797,straight,-1,inf,inf,False,12.100000000000172,6.130000000000088,5.970000000000084,4.570000000000491
2997,25.48431246,51.45387187,11.0,2.997,2997.0,209.26875316237766,-4.487623762376245,straight,-1,inf,inf,False,12.100000000000172,6.130000000000088,5.970000000000084,4.570000000000491
2998,25.4843046,51.45386699,10.9,2.998,2998.0,209.28771194143042,-4.4282178217821855,straight,-1,inf,inf,False,11.20000000000016,5.370000000000077,5.830000000000082,4.7300000000004925
2999,25.48429673,51.4538621,10.8,2.999,2999.0,209.31880583584018,-4.368811881188122,straight,-1,inf,inf,False,11.20000000000016,5.370000000000077,5.830000000000082,4.7300000000004925
3000,25.48428887,51.45385721,10.8,3.0,3000.0,209.79366855059627,-4.306930693069315,straight,-1,inf,inf,False,11.20000000000016,5.370000000000077,5.830000000000082,4.7300000000004925
3001,25.48428105,51.45385225,10.7,3.001,3001.0,210.3184444145348,-4.242574257425749,straight,-1,inf,inf,False,11.20000000000016,5.370000000000077,5.830000000000082,4.7300000000004925
3002,25.48427327,51.45384721,10.6,3.002,3002.0,210.23685244385135,-4.173267326732679,straight,-1,inf,inf,False,11.20000000000016,5.370000000000077,5.830000000000082,4.7300000000004925
3003,25.48426548,51.45384218,10.5,3.003,3003.0,210.26888396028582,-4.1014851485148585,straight,-1,inf,inf,False,11.20000000000016,5.3300000000000765,5.870000000000083,4.970000000000496
3004,25.4842577,51.45383715,10.5,3.004,3004.0,211.10516301997743,-4.027227722772286,straight,-1,inf,inf,False,11.20000000000016,5.3300000000000765,5.870000000000083,4.970000000000496
3005,25.48424998,51.45383199,10.4,3.005,3005.0,211.18714459976863,-3.950495049504958,straight,-1,inf,inf,False,11.20000000000016,5.3300000000000765,5.870000000000083,4.970000000000496
3006,25.48424227,51.45382682,10.3,3.006,3006.0,211.1871462589612,-3.8712871287128787,turn,11,56.3,78.0,False,11.20000000000016,5.3300000000000765,5.870000000000083,4.970000000000496
3007,25.48423456,51.45382165,10.2,3.007,3007.0,211.58036761696448,-3.7896039603960445,turn,11,56.3,78.0,False,11.20000000000016,5.3300000000000765,5.870000000000083,4.970000000000496
3008,25.48422688,51.45381642,10.2,3.008,3008.0,212.40006801320357,-3.7054455445544665,turn,11,56.3,78.0,False,11.000000000000156,5.500000000000078,5.500000000000078,5.2000000000005
3009,25.48421927,51.45381107,10.1,3.009,3009.0,212.4000696017168,-3.618811881188129,turn,11,56.3,78.0,False,11.000000000000156,5.500000000000078,5.500000000000078,5.2000000000005
3010,25.48421166,51.45380572,10.0,3.01,3010.0,212.40007121189697,-3.5272277227722837,turn,11,56.3,78.0,False,11.000000000000156,5.500000000000078,5.500000000000078,5.2000000000005
3011,25.48420405,51.45380037,10.0,3.011,3011.0,213.82596181095283,-3.4356435643564427,turn,11,56.3,78.0,False,11.000000000000156,5.500000000000078,5.500000000000078,5.2000000000005
3012,25.48419656,51.45379481,9.9,3.012,3012.0,214.07532534179617,-3.3440594059405986,turn,11,56.3,78.0,False,11.000000000000156,5.500000000000078,5.500000000000078,5.2000000000005
3013,25.4841891,51.45378922,9.8,3.013,3013.0,214.12286731949735,-3.2475247524752544,turn,11,56.3,78.0,False,10.800000000000152,5.670000000000079,5.130000000000073,5.530000000000505
3014,25.48418164,51.45378362,9.7,3.014,3014.0,214.76475923122092,-3.1509900990099116,turn,11,56.3,78.0,False,10.800000000000152,5.670000000000079,5.130000000000073,5.530000000000505
3015,25.48417424,51.45377793,9.7,3.015,3015.0,215.88197594758702,-3.054455445544564,turn,11,56.3,78.0,False,10.800000000000152,5.670000000000079,5.130000000000073,5.530000000000505
3016,25.48416694,51.45377208,9.6,3.016,3016.0,215.92846147597265,-2.9554455445544603,turn,11,56.3,78.0,False,10.800000000000152,5.670000000000079,5.130000000000073,5.530000000000505
3017,25.48415964,51.45376622,9.5,3.017,3017.0,215.8819792108365,-2.85396039603961,turn,11,56.3,78.0,False,10.800000000000152,5.670000000000079,5.130000000000073,5.530000000000505
3018,25.48415234,51.45376037,9.5,3.018,3018.0,217.6334316653386,-2.750000000000008,turn,11,56.3,78.0,False,11.20000000000016,5.530000000000079,5.67000000000008,5.870000000000509
3019,25.48414521,51.45375428,9.4,3.019,3019.0,217.67889967443614,-2.6460396039604017,turn,11,56.3,78.0,False,11.20000000000016,5.530000000000079,5.67000000000008,5.870000000000509
3020,25.48413808,51.45374818,9.4,3.02,3020.0,217.6789012895537,-2.5371287128712883,turn,11,56.3,78.0,False,11.20000000000016,5.530000000000079,5.67000000000008,5.870000000000509
3021,25.48413095,51.45374208,9.4,3.021,3021.0,218.78849031141263,-2.4282178217821837,turn,11,56.3,78.0,False,11.20000000000016,5.530000000000079,5.67000000000008,5.870000000000509
3022,25.48412393,51.45373583,9.3,3.022,3022.0,219.55916313299764,-2.316831683168319,turn,11,56.3,78.0,False,11.20000000000016,5.530000000000079,5.67000000000008,5.870000000000509
3023,25.48411698,51.45372947,9.3,3.023,3023.0,219.5554040045074,-2.202970297029707,turn,11,56.3,78.0,False,10.900000000000157,5.370000000000077,5.5300000000000775,6.230000000000514
3024,25.48411004,51.45372312,9.2,3.024,3024.0,220.11202843332123,-2.0891089108910954,turn,11,56.3,78.0,False,10.900000000000157,5.370000000000077,5.5300000000000775,6.230000000000514
3025,25.48410315,51.45371669,9.2,3.025,3025.0,221.68873804015834,-1.9727722772277234,turn,11,56.3,78.0,False,10.900000000000157,5.370000000000077,5.5300000000000775,6.230000000000514
3026,25.48409643,51.45371006,9.2,3.026,3026.0,221.73163216922896,-1.85643564356436,turn,11,56.3,78.0,False,10.900000000000157,5.370000000000077,5.5300000000000775,6.230000000000514
3027,25.48408971,51.45370342,9.2,3.027,3027.0,221.73163374651475,-1.7376237623762372,turn,11,56.3,78.0,False,10.900000000000157,5.370000000000077,5.5300000000000775,6.230000000000514
3028,25.48408299,51.45369678,9.1,3.028,3028.0,224.590100517832,-1.6188118811881222,turn,11,56.3,78.0,False,11.600000000000165,5.7200000000000815,5.880000000000083,6.480000000000518
3029,25.48407658,51.45368978,9.1,3.029,3029.0,224.8021286953815,-1.4975247524752522,turn,11,56.3,78.0,False,11.600000000000165,5.7200000000000815,5.880000000000083,6.480000000000518
3030,25.48407019,51.45368275,9.1,3.03,3030.0,224.80213020393268,-1.3737623762376217,turn,11,56.3,78.0,False,11.600000000000165,5.7200000000000815,5.880000000000083,6.480000000000518
3031,25.4840638,51.45367572,9.1,3.031,3031.0,226.0872071546933,-1.2549504950495072,turn,11,56.3,78.0,False,11.600000000000165,5.7200000000000815,5.880000000000083,6.480000000000518
3032,25.48405756,51.45366854,9.0,3.032,3032.0,226.85922682149643,-1.1336633663366324,turn,11,56.3,78.0,False,11.600000000000165,5.7200000000000815,5.880000000000083,6.480000000000518
3033,25.48405141,51.45366127,9.0,3.033,3033.0,226.85207776074128,-1.0123762376237577,turn,11,56.3,78.0,False,11.400000000000164,5.960000000000086,5.440000000000078,6.7400000000005225
3034,25.48404525,51.45365399,9.0,3.034,3034.0,228.06081481553173,-0.891089108910883,turn,11,56.3,78.0,False,11.400000000000164,5.960000000000086,5.440000000000078,6.7400000000005225
3035,25.48403924,51.45364658,9.0,3.035,3035.0,230.11981826399375,-0.7698019801980127,turn,11,56.3,78.0,False,11.400000000000164,5.960000000000086,5.440000000000078,6.7400000000005225
3036,25.48403347,51.45363893,9.0,3.036,3036.0,230.1198195937382,-0.6485148514851469,turn,11,56.3,78.0,False,11.400000000000164,5.960000000000086,5.440000000000078,6.7400000000005225
3037,25.4840277,51.45363128,9.0,3.037,3037.0,230.51170620717477,-0.5272277227722721,turn,11,56.3,78.0,False,11.400000000000164,5.960000000000086,5.440000000000078,6.7400000000005225
3038,25.48402198,51.45362359,9.0,3.038,3038.0,232.93836551076916,-0.40594059405940186,turn,11,56.3,78.0,False,10.900000000000157,5.550000000000078,5.350000000000077,6.950000000000526
3039,25.48401656,51.45361564,9.0,3.039,3039.0,232.97299947259472,-0.2846534653465316,turn,11,56.3,78.0,False,10.900000000000157,5.550000000000078,5.350000000000077,6.950000000000526
3040,25.48401114,51.45360768,9.0,3.04,3040.0,232.93836799557178,-0.16584158415841266,turn,11,56.3,78.0,False,10.900000000000157,5.550000000000078,5.350000000000077,6.950000000000526
3041,25.48400572,51.45359973,9.1,3.041,3041.0,235.38125765663113,-0.04702970297029374,turn,11,56.3,78.0,False,10.900000000000157,5.550000000000078,5.350000000000077,6.950000000000526
3042,25.48400061,51.45359153,9.1,3.042,3042.0,235.5713936888867,0.07178217821782962,turn,11,56.3,78.0,False,10.900000000000157,5.550000000000078,5.350000000000077,6.950000000000526
3043,25.48399553,51.45358332,9.1,3.043,3043.0,235.55137166272607,0.1905940594059441,turn,11,56.3,78.0,False,10.800000000000152,5.370000000000076,5.430000000000078,7.130000000000528
3044,25.48399044,51.4535751,9.2,3.044,3044.0,238.08877447421656,0.309405940594063,turn,11,56.3,78.0,False,10.800000000000152,5.370000000000076,5.430000000000078,7.130000000000528
3045,25.48398569,51.45356665,9.2,3.045,3045.0,238.8726466967779,0.42574257425743056,turn,11,56.3,78.0,False,10.800000000000152,5.370000000000076,5.430000000000078,7.130000000000528
3046,25.48398104,51.45355812,9.3,3.046,3046.0,238.92720401399083,0.5420792079207981,turn,11,56.3,78.0,False,10.800000000000152,5.370000000000076,5.430000000000078,7.130000000000528
3047,25.4839764,51.45354959,9.3,3.047,3047.0,240.68370610437862,0.6584158415841568,turn,11,56.3,78.0,False,10.800000000000152,5.370000000000076,5.430000000000078,7.130000000000528
3048,25.483972,51.45354091,9.3,3.048,3048.0,241.85479141540196,0.7722772277227774,turn,11,56.3,78.0,False,10.60000000000015,5.300000000000075,5.300000000000075,7.200000000000529
3049,25.48396776,51.45353213,9.4,3.049,3049.0,241.7986164086334,0.8836633663366378,turn,11,56.3,78.0,False,10.60000000000015,5.300000000000075,5.300000000000075,7.200000000000529
3050,25.48396351,51.45352335,9.4,3.05,3050.0,243.6722515113155,0.9950495049504937,turn,11,56.3,78.0,False,10.60000000000015,5.300000000000075,5.300000000000075,7.200000000000529
3051,25.48395953,51.45351444,9.4,3.051,3051.0,245.42558456915975,1.1039603960396072,turn,11,56.3,78.0,False,10.60000000000015,5.300000000000075,5.300000000000075,7.200000000000529
3052,25.48395579,51.45350538,9.5,3.052,3052.0,245.45965429876392,1.2103960396039604,turn,11,56.3,78.0,False,10.60000000000015,5.300000000000075,5.300000000000075,7.200000000000529
3053,25.48395206,51.45349633,9.5,3.053,3053.0,246.52102401089076,1.316831683168318,turn,11,56.3,78.0,False,11.400000000000164,5.680000000000082,5.7200000000000815,7.32000000000053
3054,25.48394848,51.4534872,9.5,3.054,3054.0,248.23650669189198,1.4207920792079243,turn,11,56.3,78.0,False,11.400000000000164,5.680000000000082,5.7200000000000815,7.32000000000053
3055,25.48394515,51.45347796,9.6,3.055,3055.0,248.25783982481698,1.5247524752475305,turn,11,56.3,78.0,False,11.400000000000164,5.680000000000082,5.7200000000000815,7.32000000000053
3056,25.48394182,51.45346871,9.6,3.056,3056.0,249.1140437503396,1.6262376237623812,turn,11,56.3,78.0,False,11.400000000000164,5.680000000000082,5.7200000000000815,7.32000000000053
3057,25.48393862,51.45345942,9.6,3.057,3057.0,250.90886521147627,1.7252475247524803,turn,11,56.3,78.0,False,11.400000000000164,5.680000000000082,5.7200000000000815,7.32000000000053
3058,25.48393568,51.45345001,9.7,3.058,3058.0,250.8900283543513,1.819306930693072,turn,11,56.3,78.0,False,11.500000000000163,5.710000000000082,5.790000000000082,7.390000000000531
3059,25.48393274,51.45344061,9.7,3.059,3059.0,251.7073693440567,1.9158415841584195,turn,11,56.3,78.0,False,11.500000000000163,5.710000000000082,5.790000000000082,7.390000000000531
3060,25.48392992,51.45343116,9.7,3.06,3060.0,254.16661063650622,2.007425742574256,turn,11,56.3,78.0,False,11.500000000000163,5.710000000000082,5.790000000000082,7.390000000000531
3061,25.48392747,51.45342159,9.8,3.061,3061.0,254.16661098207516,2.096534653465345,turn,11,56.3,78.0,False,11.500000000000163,5.710000000000082,5.790000000000082,7.390000000000531
3062,25.48392502,51.45341202,9.8,3.062,3062.0,254.6893732019393,2.183168316831683,turn,11,56.3,78.0,False,11.500000000000163,5.710000000000082,5.790000000000082,7.390000000000531
3063,25.48392265,51.45340243,9.8,3.063,3063.0,257.13388269612415,2.2698019801980163,turn,11,56.3,78.0,False,11.700000000000166,6.000000000000085,5.700000000000081,7.500000000000533
3064,25.48392065,51.45339273,9.9,3.064,3064.0,257.0717086258784,2.3539603960395983,turn,11,56.3,78.0,False,11.700000000000166,6.000000000000085,5.700000000000081,7.500000000000533
3065,25.48391864,51.45338303,9.9,3.065,3065.0,257.5200341524844,2.4356435643564334,turn,11,56.3,78.0,False,11.700000000000166,6.000000000000085,5.700000000000081,7.500000000000533
3066,25.4839167,51.45337332,9.9,3.066,3066.0,260.3136159762588,2.514851485148517,turn,11,56.3,78.0,False,11.700000000000166,6.000000000000085,5.700000000000081,7.500000000000533
3067,25.48391519,51.45336352,10.0,3.067,3067.0,260.32330328521823,2.5915841584158406,turn,11,56.3,78.0,False,11.700000000000166,6.000000000000085,5.700000000000081,7.500000000000533
3068,25.48391368,51.45335371,10.0,3.068,3068.0,260.6379567103647,2.6633663366336657,turn,11,56.3,78.0,False,11.700000000000166,5.66000000000008,6.040000000000086,7.640000000000535
3069,25.48391222,51.4533439,10.0,3.069,3069.0,263.28549616375994,2.732673267326735,turn,11,56.3,78.0,False,11.700000000000166,5.66000000000008,6.040000000000086,7.640000000000535
3070,25.48391117,51.45333402,10.1,3.07,3070.0,263.2854962578966,2.7995049504950487,turn,11,56.3,78.0,False,11.700000000000166,5.66000000000008,6.040000000000086,7.640000000000535
3071,25.48391012,51.45332414,10.2,3.071,3071.0,263.5390818955083,2.8638613861386153,turn,11,56.3,78.0,False,11.700000000000166,5.66000000000008,6.040000000000086,7.640000000000535
3072,25.48390911,51.45331426,10.2,3.072,3072.0,266.23045372840795,2.9232673267326703,turn,11,56.3,78.0,False,11.700000000000166,5.66000000000008,6.040000000000086,7.640000000000535
3073,25.48390852,51.45330434,10.3,3.073,3073.0,266.234238938072,2.9801980198019784,turn,11,56.3,78.0,False,10.700000000000152,5.370000000000077,5.330000000000075,7.730000000000535
3074,25.48390793,51.45329441,10.3,3.074,3074.0,266.48535254191887,3.0346534653465262,turn,11,56.3,78.0,False,10.700000000000152,5.370000000000077,5.330000000000075,7.730000000000535
3075,25.48390738,51.45328449,10.4,3.075,3075.0,269.5534806485104,3.0841584158415802,turn,11,56.3,78.0,False,10.700000000000152,5.370000000000077,5.330000000000075,7.730000000000535
3076,25.48390731,51.45327454,10.5,3.076,3076.0,269.5530314325635,3.1311881188118873,turn,11,56.3,78.0,False,10.700000000000152,5.370000000000077,5.330000000000075,7.730000000000535
3077,25.48390724,51.4532646,10.5,3.077,3077.0,269.744586820265,3.173267326732674,turn,11,56.3,78.0,False,10.700000000000152,5.370000000000077,5.330000000000075,7.730000000000535
3078,25.4839072,51.45325466,10.6,3.078,3078.0,272.6162068357191,3.2128712871287086,turn,11,56.3,78.0,False,11.20000000000016,5.900000000000084,5.300000000000075,7.700000000000536
3079,25.48390761,51.45324472,10.7,3.079,3079.0,272.6188378062398,3.2524752475247483,turn,11,56.3,78.0,False,11.20000000000016,5.900000000000084,5.300000000000075,7.700000000000536
3080,25.48390802,51.45323479,10.8,3.08,3080.0,272.8073406252987,3.28712871287129,turn,11,56.3,78.0,False,11.20000000000016,5.900000000000084,5.300000000000075,7.700000000000536
3081,25.48390846,51.45322485,10.8,3.081,3081.0,275.49673007756695,3.3193069306930667,turn,11,56.3,78.0,False,11.20000000000016,5.900000000000084,5.300000000000075,7.700000000000536
3082,25.48390932,51.45321495,10.9,3.082,3082.0,275.43319936418106,3.3490099009900924,turn,11,56.3,78.0,False,11.20000000000016,5.900000000000084,5.300000000000075,7.700000000000536
3083,25.48391017,51.45320505,11.0,3.083,3083.0,275.75649169345513,3.3737623762376283,turn,11,56.3,78.0,False,11.000000000000156,5.580000000000079,5.420000000000077,7.720000000000536
3084,25.48391107,51.45319516,11.0,3.084,3084.0,278.1917505239624,3.396039603960399,turn,11,56.3,78.0,False,11.000000000000156,5.580000000000079,5.420000000000077,7.720000000000536
3085,25.48391235,51.45318531,11.1,3.085,3085.0,278.13676132798435,3.415841584158419,turn,11,56.3,78.0,False,11.000000000000156,5.580000000000079,5.420000000000077,7.720000000000536
3086,25.48391362,51.45317547,11.2,3.086,3086.0,278.4525642875098,3.4306930693069315,turn,11,56.3,78.0,False,11.000000000000156,5.580000000000079,5.420000000000077,7.720000000000536
3087,25.48391494,51.45316563,11.2,3.087,3087.0,280.78497033055953,3.4430693069306977,turn,11,56.3,78.0,False,11.000000000000156,5.580000000000079,5.420000000000077,7.720000000000536
3088,25.48391662,51.45315586,11.3,3.088,3088.0,280.8476479164416,3.4529702970297076,turn,11,56.3,78.0,False,10.60000000000015,5.160000000000073,5.440000000000078,7.640000000000535
3089,25.48391831,51.45314609,11.4,3.089,3089.0,281.04655130148285,3.4603960396039657,turn,11,56.3,78.0,False,10.60000000000015,5.160000000000073,5.440000000000078,7.640000000000535
3090,25.48392003,51.45313633,11.5,3.09,3090.0,283.3892573426498,3.4628712871287215,turn,11,56.3,78.0,False,10.60000000000015,5.160000000000073,5.440000000000078,7.640000000000535
3091,25.48392211,51.45312665,11.5,3.091,3091.0,283.4512948669209,3.4653465346534724,turn,11,56.3,78.0,False,10.60000000000015,5.160000000000073,5.440000000000078,7.640000000000535
3092,25.4839242,51.45311697,11.6,3.092,3092.0,283.72641284259004,3.4653465346534724,turn,11,56.3,78.0,False,10.60000000000015,5.160000000000073,5.440000000000078,7.640000000000535
3093,25.48392633,51.45310731,11.7,3.093,3093.0,286.35563651759924,3.4603960396039657,turn,11,56.3,78.0,False,11.30000000000016,5.770000000000081,5.530000000000079,7.430000000000533
3094,25.48392886,51.45309776,11.7,3.094,3094.0,286.3718634814247,3.4554455445544625,turn,11,56.3,78.0,False,11.30000000000016,5.770000000000081,5.530000000000079,7.430000000000533
3095,25.48393139,51.45308822,11.8,3.095,3095.0,286.5554270626586,3.4455445544554526,turn,11,56.3,78.0,False,11.30000000000016,5.770000000000081,5.530000000000079,7.430000000000533
3096,25.48393395,51.45307868,11.8,3.096,3096.0,289.84834062315286,3.433168316831683,turn,11,56.3,78.0,False,11.30000000000016,5.770000000000081,5.530000000000079,7.430000000000533
3097,25.483937,51.45306932,11.9,3.097,3097.0,289.848341094063,3.423267326732678,turn,11,56.3,78.0,False,11.30000000000016,5.770000000000081,5.530000000000079,7.430000000000533
3098,25.48394005,51.45305996,12.0,3.098,3098.0,289.9879042720718,3.410891089108921,turn,11,56.3,78.0,False,11.500000000000163,5.900000000000084,5.60000000000008,7.200000000000529
3099,25.48394312,51.45305061,12.0,3.099,3099.0,292.16144271813755,3.3935643564356432,turn,11,56.3,78.0,False,11.500000000000163,5.900000000000084,5.60000000000008,7.200000000000529
3100,25.48394651,51.45304139,12.0,3.1,3100.0,292.24223922911983,3.3762376237623832,turn,11,56.3,78.0,False,11.500000000000163,5.900000000000084,5.60000000000008,7.200000000000529
3101,25.48394991,51.45303218,12.0,3.101,3101.0,292.3602227597968,3.3564356435643634,turn,11,56.3,78.0,False,11.500000000000163,5.900000000000084,5.60000000000008,7.200000000000529
3102,25.48395333,51.45302297,12.0,3.102,3102.0,295.60252096636873,3.3316831683168417,turn,11,56.3,78.0,False,11.500000000000163,5.900000000000084,5.60000000000008,7.200000000000529
3103,25.48395721,51.453014,12.0,3.103,3103.0,295.57765244415094,3.306930693069314,turn,11,56.3,78.0,False,11.100000000000158,5.550000000000078,5.55000000000008,6.950000000000526
3104,25.48396109,51.45300502,12.0,3.104,3104.0,295.7175042058195,3.2797029702970453,turn,11,56.3,78.0,False,11.100000000000158,5.550000000000078,5.55000000000008,6.950000000000526
3105,25.48396499,51.45299605,12.1,3.105,3105.0,298.0618940853758,3.2500000000000107,turn,11,56.3,78.0,False,11.100000000000158,5.550000000000078,5.55000000000008,6.950000000000526
3106,25.48396922,51.45298726,12.1,3.106,3106.0,298.0889778227657,3.2178217821782247,turn,11,56.3,78.0,False,11.100000000000158,5.550000000000078,5.55000000000008,6.950000000000526
3107,25.48397345,51.45297848,12.1,3.107,3107.0,298.14521344916074,3.183168316831688,turn,11,56.3,78.0,False,11.100000000000158,5.550000000000078,5.55000000000008,6.950000000000526
3108,25.48397769,51.4529697,12.1,3.108,3108.0,300.765458442065,3.1485148514851513,turn,11,56.3,78.0,False,11.100000000000158,5.570000000000078,5.530000000000079,6.630000000000521
3109,25.48398229,51.45296114,12.1,3.109,3109.0,300.79490493278234,3.111386138613863,turn,11,56.3,78.0,False,11.100000000000158,5.570000000000078,5.530000000000079,6.630000000000521
3110,25.48398689,51.45295259,12.1,3.11,3110.0,300.8201762004985,3.0717821782178234,turn,11,56.3,78.0,False,11.100000000000158,5.570000000000078,5.530000000000079,6.630000000000521
3111,25.4839915,51.45294403,12.1,3.111,3111.0,303.7805400426499,3.0321782178217838,turn,11,56.3,78.0,False,11.100000000000158,5.570000000000078,5.530000000000079,6.630000000000521
3112,25.4839965,51.45293575,12.2,3.112,3112.0,303.78054110332874,2.9950495049505,turn,11,56.3,78.0,False,11.100000000000158,5.570000000000078,5.530000000000079,6.630000000000521
3113,25.4840015,51.45292747,12.2,3.113,3113.0,303.78054224187855,2.955445544554456,turn,11,56.3,78.0,False,10.900000000000157,5.460000000000077,5.440000000000078,6.240000000000515
3114,25.4840065,51.45291919,12.2,3.114,3114.0,306.53210824647147,2.9133663366336693,turn,11,56.3,78.0,False,10.900000000000157,5.460000000000077,5.440000000000078,6.240000000000515
3115,25.48401185,51.45291119,12.2,3.115,3115.0,306.54905291970414,2.873762376237625,turn,11,56.3,78.0,False,10.900000000000157,5.460000000000077,5.440000000000078,6.240000000000515
3116,25.48401721,51.45290318,12.3,3.116,3116.0,306.5833020110852,2.8316831683168253,turn,11,56.3,78.0,False,10.900000000000157,5.460000000000077,5.440000000000078,6.240000000000515
3117,25.48402257,51.45289518,12.3,3.117,3117.0,309.5740287251901,2.7896039603960388,turn,11,56.3,78.0,False,10.900000000000157,5.460000000000077,5.440000000000078,6.240000000000515
3118,25.4840283,51.4528875,12.3,3.118,3118.0,309.62309751379934,2.747524752475252,turn,11,56.3,78.0,False,11.100000000000158,5.540000000000079,5.560000000000079,5.960000000000511
3119,25.48403404,51.45287982,12.3,3.119,3119.0,309.6230988733091,2.702970297029701,turn,11,56.3,78.0,False,11.100000000000158,5.540000000000079,5.560000000000079,5.960000000000511
3120,25.48403978,51.45287214,12.4,3.12,3120.0,313.39816989341784,2.6559405940593983,turn,11,56.3,78.0,False,11.100000000000158,5.540000000000079,5.560000000000079,5.960000000000511
3121,25.48404596,51.4528649,12.4,3.121,3121.0,313.6158531898369,2.606435643564353,turn,11,56.3,78.0,False,11.100000000000158,5.540000000000079,5.560000000000079,5.960000000000511
3122,25.48405217,51.45285768,12.4,3.122,3122.0,313.53014100685397,2.556930693069308,turn,11,56.3,78.0,False,11.100000000000158,5.540000000000079,5.560000000000079,5.960000000000511
3123,25.48405837,51.45285045,12.5,3.123,3123.0,314.42712107062994,2.5074257425742497,turn,11,56.3,78.0,False,11.000000000000156,5.400000000000075,5.60000000000008,5.5000000000005045
3124,25.48406467,51.45284333,12.5,3.124,3124.0,314.5128087426505,2.4529702970296974,turn,11,56.3,78.0,False,11.000000000000156,5.400000000000075,5.60000000000008,5.5000000000005045
3125,25.48407098,51.45283622,12.5,3.125,3125.0,314.4725524619102,2.398514851485145,turn,11,56.3,78.0,False,11.000000000000156,5.400000000000075,5.60000000000008,5.5000000000005045
3126,25.48407729,51.4528291,12.6,3.126,3126.0,316.60482209311573,2.3440594059405884,turn,11,56.3,78.0,False,11.000000000000156,5.400000000000075,5.60000000000008,5.5000000000005045
3127,25.48408383,51.45282225,12.6,3.127,3127.0,317.0320207997078,2.2871287128712803,turn,11,56.3,78.0,False,11.000000000000156,5.400000000000075,5.60000000000008,5.5000000000005045
3128,25.48409042,51.45281545,12.6,3.128,3128.0,316.98862463324303,2.227722772277221,turn,11,56.3,78.0,False,12.70000000000018,6.870000000000098,5.830000000000083,5.030000000000498
3129,25.484097,51.45280865,12.7,3.129,3129.0,318.3535761985675,2.1683168316831614,turn,11,56.3,78.0,False,12.70000000000018,6.870000000000098,5.830000000000083,5.030000000000498
3130,25.48410373,51.45280202,12.7,3.13,3130.0,318.73724972328245,2.106435643564346,turn,11,56.3,78.0,False,12.70000000000018,6.870000000000098,5.830000000000083,5.030000000000498
3131,25.4841105,51.45279544,12.7,3.131,3131.0,318.73725130886817,2.0445544554455353,turn,11,56.3,78.0,False,12.70000000000018,6.870000000000098,5.830000000000083,5.030000000000498
3132,25.48411727,51.45278886,12.8,3.132,3132.0,320.1016976898338,1.9851485148514758,turn,11,56.3,78.0,False,12.70000000000018,6.870000000000098,5.830000000000083,5.030000000000498
3133,25.48412418,51.45278246,12.8,3.133,3133.0,320.61420474090096,1.923267326732665,turn,11,56.3,78.0,False,11.30000000000016,5.540000000000079,5.7600000000000815,4.460000000000489
3134,25.48413114,51.45277613,12.8,3.134,3134.0,320.69895150633994,1.861386138613854,turn,11,56.3,78.0,False,11.30000000000016,5.540000000000079,5.7600000000000815,4.460000000000489
3135,25.48413811,51.45276981,12.9,3.135,3135.0,321.93824518728684,1.8019801980197858,turn,11,56.3,78.0,False,11.30000000000016,5.540000000000079,5.7600000000000815,4.460000000000489
3136,25.4841452,51.45276366,12.9,3.136,3136.0,322.74929445438914,1.737623762376228,turn,11,56.3,78.0,False,11.30000000000016,5.540000000000079,5.7600000000000815,4.460000000000489
3137,25.48415237,51.45275762,12.9,3.137,3137.0,322.7036182398781,1.67079207920791,turn,11,56.3,78.0,False,11.30000000000016,5.540000000000079,5.7600000000000815,4.460000000000489
3138,25.48415954,51.45275157,12.9,3.138,3138.0,323.6521512581518,1.6039603960395923,turn,11,56.3,78.0,False,12.200000000000172,6.190000000000088,6.010000000000085,3.810000000000481
3139,25.48416679,51.45274566,12.9,3.139,3139.0,324.3691415764178,1.5371287128712785,turn,11,56.3,78.0,False,12.200000000000172,6.190000000000088,6.010000000000085,3.810000000000481
3140,25.48417412,51.45273984,12.9,3.14,3140.0,324.33209833981914,1.4678217821782047,turn,11,56.3,78.0,False,12.200000000000172,6.190000000000088,6.010000000000085,3.810000000000481
3141,25.48418144,51.45273402,12.8,3.141,3141.0,325.57993082985644,1.4009900990098956,turn,11,56.3,78.0,False,12.200000000000172,6.190000000000088,6.010000000000085,3.810000000000481
3142,25.48418887,51.45272838,12.8,3.142,3142.0,326.8280695848655,1.3366336633663245,turn,11,56.3,78.0,False,12.200000000000172,6.190000000000088,6.010000000000085,3.810000000000481
3143,25.48419641,51.45272292,12.8,3.143,3143.0,326.86284082108614,1.2648514851485082,turn,11,56.3,78.0,False,11.800000000000168,5.9500000000000846,5.850000000000083,3.0500000000004697
3144,25.48420396,51.45271746,12.8,3.144,3144.0,327.172757073771,1.1955445544554344,turn,11,56.3,78.0,False,11.800000000000168,5.9500000000000846,5.850000000000083,3.0500000000004697
3145,25.48421153,51.45271205,12.8,3.145,3145.0,327.59993265043977,1.126237623762365,turn,11,56.3,78.0,False,11.800000000000168,5.9500000000000846,5.850000000000083,3.0500000000004697
3146,25.48421914,51.4527067,12.8,3.146,3146.0,327.6484115102229,1.0569306930692957,turn,11,56.3,78.0,False,11.800000000000168,5.9500000000000846,5.850000000000083,3.0500000000004697
3147,25.48422675,51.45270136,12.8,3.147,3147.0,327.9780336407856,0.9876237623762307,turn,11,56.3,78.0,False,11.800000000000168,5.9500000000000846,5.850000000000083,3.0500000000004697
3148,25.4842344,51.45269606,12.8,3.148,3148.0,328.73080529227104,0.9183168316831658,turn,11,56.3,78.0,False,11.100000000000158,5.230000000000075,5.870000000000083,2.470000000000461
3149,25.4842421,51.45269088,12.8,3.149,3149.0,328.6817594401624,0.8490099009900964,turn,11,56.3,78.0,False,11.100000000000158,5.230000000000075,5.870000000000083,2.470000000000461
3150,25.4842498,51.45268569,12.8,3.15,3150.0,328.94398044738506,0.7821782178217783,turn,11,56.3,78.0,False,11.100000000000158,5.230000000000075,5.870000000000083,2.470000000000461
3151,25.48425752,51.45268054,12.8,3.151,3151.0,329.71361562882447,0.7153465346534604,turn,11,56.3,78.0,False,11.100000000000158,5.230000000000075,5.870000000000083,2.470000000000461
3152,25.48426531,51.4526755,12.8,3.152,3152.0,329.7311198051238,0.6460396039603911,turn,11,56.3,78.0,False,11.100000000000158,5.230000000000075,5.870000000000083,2.470000000000461
3153,25.48427309,51.45267047,12.8,3.153,3153.0,329.7136188820167,0.5792079207920775,turn,11,56.3,78.0,False,10.900000000000157,5.300000000000075,5.60000000000008,1.900000000000453
3154,25.48428088,51.45266543,12.8,3.154,3154.0,330.04337477750227,0.5123762376237595,turn,11,56.3,78.0,False,10.900000000000157,5.300000000000075,5.60000000000008,1.900000000000453
3155,25.48428868,51.45266045,12.8,3.155,3155.0,330.02540699275664,0.4430693069306902,turn,11,56.3,78.0,False,10.900000000000157,5.300000000000075,5.60000000000008,1.900000000000453
3156,25.48429649,51.45265546,12.8,3.156,3156.0,330.0254086139415,0.37623762376237657,turn,11,56.3,78.0,False,10.900000000000157,5.300000000000075,5.60000000000008,1.900000000000453
3157,25.4843043,51.45265047,12.8,3.157,3157.0,330.7623080490094,0.30940594059405857,turn,11,56.3,78.0,False,10.900000000000157,5.300000000000075,5.60000000000008,1.900000000000453
3158,25.48431217,51.45264559,12.8,3.158,3158.0,330.7623096356867,0.24009900990098917,turn,11,56.3,78.0,False,10.900000000000157,5.4100000000000765,5.490000000000078,1.4900000000004474
3159,25.48432004,51.45264071,12.8,3.159,3159.0,330.78135065086684,0.17326732673267564,turn,11,56.3,78.0,False,10.900000000000157,5.4100000000000765,5.490000000000078,1.4900000000004474
3160,25.4843279,51.45263584,12.8,3.16,3160.0,330.7623128849923,0.10643564356436208,turn,11,56.3,78.0,False,10.900000000000157,5.4100000000000765,5.490000000000078,1.4900000000004474
3161,25.48433577,51.45263096,12.8,3.161,3161.0,330.76231443219524,0.04207920792079989,turn,11,56.3,78.0,False,10.900000000000157,5.4100000000000765,5.490000000000078,1.4900000000004474
3162,25.48434364,51.45262608,12.8,3.162,3162.0,330.8123812638206,-0.022277227722771187,turn,11,56.3,78.0,False,10.900000000000157,5.4100000000000765,5.490000000000078,1.4900000000004474
3163,25.48435151,51.45262121,12.8,3.163,3163.0,330.60002298862656,-0.08910891089108475,turn,11,56.3,78.0,False,11.30000000000016,5.480000000000078,5.820000000000083,1.2200000000004436
3164,25.48435936,51.45261631,12.8,3.164,3164.0,330.6312101396337,-0.15099009900989557,turn,11,56.3,78.0,False,11.30000000000016,5.480000000000078,5.820000000000083,1.2200000000004436
3165,25.48436722,51.45261141,12.8,3.165,3165.0,330.5500417944486,-0.21287128712871084,turn,11,56.3,78.0,False,11.30000000000016,5.480000000000078,5.820000000000083,1.2200000000004436
3166,25.48437507,51.4526065,12.8,3.166,3166.0,330.7312633067903,-0.27722772277227303,turn,11,56.3,78.0,False,11.30000000000016,5.480000000000078,5.820000000000083,1.2200000000004436
3167,25.48438293,51.45260162,12.9,3.167,3167.0,330.89343576236587,-0.33910891089108386,turn,11,56.3,78.0,False,11.30000000000016,5.480000000000078,5.820000000000083,1.2200000000004436
3168,25.48439081,51.45259676,12.9,3.168,3168.0,330.86250504415443,-0.3985148514851389,turn,11,56.3,78.0,False,10.900000000000157,5.470000000000078,5.430000000000077,1.030000000000441
3169,25.48439868,51.4525919,12.9,3.169,3169.0,330.8934389332767,-0.4579207920792028,turn,11,56.3,78.0,False,10.900000000000157,5.470000000000078,5.430000000000077,1.030000000000441
3170,25.48440656,51.45258704,12.9,3.17,3170.0,331.0747469282715,-0.5148514851485064,turn,11,56.3,78.0,False,10.900000000000157,5.470000000000078,5.430000000000077,1.030000000000441
3171,25.48441445,51.45258221,12.9,3.171,3171.0,331.0747484883509,-0.5717821782178145,turn,11,56.3,78.0,False,10.900000000000157,5.470000000000078,5.430000000000077,1.030000000000441
3172,25.48442234,51.45257738,12.9,3.172,3172.0,331.024556821851,-0.6287128712871182,turn,11,56.3,78.0,False,10.900000000000157,5.470000000000078,5.430000000000077,1.030000000000441
3173,25.48443023,51.45257254,13.0,3.173,3173.0,330.4688078980635,-0.6831683168316749,turn,11,56.3,78.0,False,11.20000000000016,5.520000000000079,5.6800000000000805,0.8800000000004389
3174,25.48443807,51.45256762,13.0,3.174,3174.0,330.5001211475936,-0.7376237623762316,turn,11,56.3,78.0,False,11.20000000000016,5.520000000000079,5.6800000000000805,0.8800000000004389
3175,25.48444592,51.4525627,13.0,3.175,3175.0,330.55005789616723,-0.7945544554455308,turn,11,56.3,78.0,False,11.20000000000016,5.520000000000079,5.6800000000000805,0.8800000000004389
3176,25.48445377,51.45255779,13.0,3.176,3176.0,330.94357963086225,-0.8465346534653362,turn,11,56.3,78.0,False,11.20000000000016,5.520000000000079,5.6800000000000805,0.8800000000004389
3177,25.48446165,51.45255294,13.0,3.177,3177.0,330.9937595477071,-0.8985148514851372,straight,-1,inf,inf,False,11.20000000000016,5.520000000000079,5.6800000000000805,0.8800000000004389
3178,25.48446953,51.4525481,13.0,3.178,3178.0,331.0245663346326,-0.9480198019801868,straight,-1,inf,inf,False,11.20000000000016,5.520000000000079,5.6800000000000805,0.8800000000004389
3179,25.48447742,51.45254326,13.0,3.179,3179.0,330.9435844386762,-0.9975247524752406,straight,-1,inf,inf,False,11.000000000000156,5.470000000000078,5.530000000000078,0.8300000000004382
3180,25.4844853,51.45253841,13.0,3.18,3180.0,330.81241001092616,-1.042079207920783,straight,-1,inf,inf,False,11.000000000000156,5.470000000000078,5.530000000000078,0.8300000000004382
3181,25.48449317,51.45253354,13.0,3.181,3181.0,330.81241169143436,-1.0866336633663254,straight,-1,inf,inf,False,11.000000000000156,5.470000000000078,5.530000000000078,0.8300000000004382
3182,25.48450104,51.45252867,13.0,3.182,3182.0,330.9435892183387,-1.1311881188118722,straight,-1,inf,inf,False,11.000000000000156,5.470000000000078,5.530000000000078,0.8300000000004382
3183,25.48450892,51.45252382,13.0,3.183,3183.0,331.2867987198915,-1.1707920792079118,straight,-1,inf,inf,False,11.20000000000016,5.520000000000079,5.6800000000000805,0.7800000000004375
3184,25.48451683,51.45251902,13.0,3.184,3184.0,331.33711950345486,-1.2103960396039515,straight,-1,inf,inf,False,11.20000000000016,5.520000000000079,5.6800000000000805,0.7800000000004375
3185,25.48452474,51.45251423,13.0,3.185,3185.0,331.33712104854743,-1.2499999999999911,straight,-1,inf,inf,False,11.20000000000016,5.520000000000079,5.6800000000000805,0.7800000000004375
3186,25.48453265,51.45250944,13.0,3.186,3186.0,331.20594850138275,-1.2871287128712705,straight,-1,inf,inf,False,11.20000000000016,5.520000000000079,5.6800000000000805,0.7800000000004375
3187,25.48454055,51.45250463,13.0,3.187,3187.0,331.28680510426915,-1.3217821782178119,straight,-1,inf,inf,False,11.20000000000016,5.520000000000079,5.6800000000000805,0.7800000000004375
3188,25.48454846,51.45249983,13.0,3.188,3188.0,331.2059516725486,-1.3564356435643532,straight,-1,inf,inf,False,11.20000000000016,5.520000000000079,5.6800000000000805,0.7800000000004375
3189,25.48455636,51.45249502,13.0,3.189,3189.0,331.2562582403913,-1.3886138613861299,straight,-1,inf,inf,False,11.000000000000156,5.510000000000078,5.490000000000078,0.7900000000004376
3190,25.48456426,51.45249022,12.9,3.19,3190.0,331.2868098563452,-1.4207920792079154,straight,-1,inf,inf,False,11.000000000000156,5.510000000000078,5.490000000000078,0.7900000000004376
3191,25.48457217,51.45248542,12.9,3.191,3191.0,331.25626141774586,-1.4504950495049407,straight,-1,inf,inf,False,11.000000000000156,5.510000000000078,5.490000000000078,0.7900000000004376
3192,25.48458007,51.45248062,12.9,3.192,3192.0,331.2868130189605,-1.477722772277219,straight,-1,inf,inf,False,11.000000000000156,5.510000000000078,5.490000000000078,0.7900000000004376
3193,25.48458798,51.45247582,12.9,3.193,3193.0,331.28681462984855,-1.5049504950495018,straight,-1,inf,inf,False,11.20000000000016,5.730000000000081,5.470000000000078,0.6700000000004358
3194,25.48459589,51.45247102,12.8,3.194,3194.0,331.25626614304537,-1.52970297029702,straight,-1,inf,inf,False,11.20000000000016,5.730000000000081,5.470000000000078,0.6700000000004358
3195,25.48460379,51.45246622,12.8,3.195,3195.0,331.2868177856314,-1.5519801980197956,straight,-1,inf,inf,False,11.20000000000016,5.730000000000081,5.470000000000078,0.6700000000004358
3196,25.4846117,51.45246142,12.8,3.196,3196.0,331.33713854490793,-1.5742574257425712,straight,-1,inf,inf,False,11.20000000000016,5.730000000000081,5.470000000000078,0.6700000000004358
3197,25.48461961,51.45245663,12.7,3.197,3197.0,331.3371401123343,-1.5940594059405864,straight,-1,inf,inf,False,11.20000000000016,5.730000000000081,5.470000000000078,0.6700000000004358
3198,25.48462752,51.45245184,12.7,3.198,3198.0,331.2868225708578,-1.6138613861386109,straight,-1,inf,inf,False,11.20000000000016,5.730000000000081,5.470000000000078,0.6700000000004358
3199,25.48463543,51.45244704,12.7,3.199,3199.0,331.3371432733422,-1.6336633663366307,straight,-1,inf,inf,False,11.30000000000016,5.650000000000116,5.650000000000045,0.8500000000004029
3200,25.48464334,51.45244225,12.6,3.2,3200.0,331.2562757111648,-1.6485148514851433,straight,-1,inf,inf,False,11.30000000000016,5.650000000000116,5.650000000000045,0.8500000000004029
3201,25.48465124,51.45243745,12.6,3.201,3201.0,331.286827324959,-1.6633663366336604,straight,-1,inf,inf,False,11.30000000000016,5.650000000000116,5.650000000000045,0.8500000000004029
3202,25.48465915,51.45243265,12.6,3.202,3202.0,331.33714802210267,-1.678217821782173,straight,-1,inf,inf,False,11.30000000000016,5.650000000000116,5.650000000000045,0.8500000000004029
3203,25.48466706,51.45242786,12.5,3.203,3203.0,331.07479945959943,-1.6881188118811876,straight,-1,inf,inf,False,11.30000000000016,5.650000000000116,5.650000000000045,0.8500000000004029
3204,25.48467495,51.45242303,12.5,3.204,3204.0,331.15572067336626,-1.7004950495049531,straight,-1,inf,inf,False,13.000000000000185,5.700000000000152,7.300000000000033,1.0000000000003697
3205,25.48468285,51.45241821,12.5,3.205,3205.0,331.07480268741955,-1.71287128712871,straight,-1,inf,inf,False,13.000000000000185,5.700000000000152,7.300000000000033,1.0000000000003697
3206,25.48469074,51.45241338,12.4,3.206,3206.0,331.25628521495014,-1.7202970297029643,straight,-1,inf,inf,False,13.000000000000185,5.700000000000152,7.300000000000033,1.0000000000003697
3207,25.48469864,51.45240858,12.4,3.207,3207.0,331.367612337193,-1.7301980198019782,straight,-1,inf,inf,False,13.000000000000185,5.700000000000152,7.300000000000033,1.0000000000003697
3208,25.48470656,51.45240379,12.3,3.208,3208.0,331.33715757473163,-1.7400990099009928,straight,-1,inf,inf,False,13.000000000000185,5.700000000000152,7.300000000000033,1.0000000000003697
3209,25.48471447,51.452399,12.3,3.209,3209.0,331.3371591615566,-1.747524752475247,straight,-1,inf,inf,False,13.200000000000545,7.050000000000207,6.150000000000336,1.150000000000336
3210,25.48472238,51.45239421,12.2,3.21,3210.0,331.2562915960042,-1.7549504950495054,straight,-1,inf,inf,False,13.200000000000545,7.050000000000207,6.150000000000336,1.150000000000336
3211,25.48473028,51.45238941,12.2,3.211,3211.0,331.2059882638197,-1.762376237623764,straight,-1,inf,inf,False,13.200000000000545,7.050000000000207,6.150000000000336,1.150000000000336
3212,25.48473818,51.4523846,12.2,3.212,3212.0,331.20598984354064,-1.7698019801980225,straight,-1,inf,inf,False,13.200000000000545,7.050000000000207,6.150000000000336,1.150000000000336
3213,25.48474608,51.45237979,12.1,3.213,3213.0,331.33716550284333,-1.7772277227722768,straight,-1,inf,inf,False,13.200000000000545,7.050000000000207,6.150000000000336,1.150000000000336
3214,25.48475399,51.452375,12.1,3.214,3214.0,331.3371669965343,-1.7846534653465351,straight,-1,inf,inf,False,13.10000000000054,6.84000000000024,6.260000000000302,1.2600000000003022
3215,25.4847619,51.45237021,12.1,3.215,3215.0,331.3676250481629,-1.7896039603960423,straight,-1,inf,inf,False,13.10000000000054,6.84000000000024,6.260000000000302,1.2600000000003022
3216,25.48476982,51.45236542,12.0,3.216,3216.0,331.3371702556373,-1.7970297029702966,straight,-1,inf,inf,False,13.10000000000054,6.84000000000024,6.260000000000302,1.2600000000003022
3217,25.48477773,51.45236063,12.0,3.217,3217.0,331.33717183277014,-1.804455445544555,straight,-1,inf,inf,False,13.10000000000054,6.84000000000024,6.260000000000302,1.2600000000003022
3218,25.48478564,51.45235584,12.0,3.218,3218.0,331.25630431926555,-1.8118811881188135,straight,-1,inf,inf,False,13.10000000000054,6.84000000000024,6.260000000000302,1.2600000000003022
3219,25.48479354,51.45235104,11.9,3.219,3219.0,331.3371749917922,-1.8193069306930634,straight,-1,inf,inf,False,13.10000000000054,6.620000000000272,6.4800000000002695,1.4800000000002698
3220,25.48480145,51.45234625,11.9,3.22,3220.0,331.3676329352169,-1.8292079207920773,straight,-1,inf,inf,False,13.10000000000054,6.620000000000272,6.4800000000002695,1.4800000000002698
3221,25.48480937,51.45234146,11.9,3.221,3221.0,331.38754565713066,-1.8366336633663403,straight,-1,inf,inf,False,13.10000000000054,6.620000000000272,6.4800000000002695,1.4800000000002698
3222,25.48481728,51.45233668,11.8,3.222,3222.0,331.337179766923,-1.8440594059405946,straight,-1,inf,inf,False,13.10000000000054,6.620000000000272,6.4800000000002695,1.4800000000002698
3223,25.48482519,51.45233189,11.8,3.223,3223.0,331.4179707593013,-1.8514851485148531,straight,-1,inf,inf,False,13.10000000000054,6.620000000000272,6.4800000000002695,1.4800000000002698
3224,25.48483311,51.45232711,11.8,3.224,3224.0,331.3371829425938,-1.8589108910891117,straight,-1,inf,inf,False,12.800000000000535,6.290000000000267,6.51000000000027,1.5100000000002702
3225,25.48484102,51.45232232,11.7,3.225,3225.0,331.2868654493141,-1.8638613861386144,straight,-1,inf,inf,False,12.800000000000535,6.290000000000267,6.51000000000027,1.5100000000002702
3226,25.48484893,51.45231752,11.7,3.226,3226.0,331.30667037634043,-1.8688118811881216,straight,-1,inf,inf,False,12.800000000000535,6.290000000000267,6.51000000000027,1.5100000000002702
3227,25.48485683,51.45231273,11.7,3.227,3227.0,331.3676440374698,-1.8737623762376243,straight,-1,inf,inf,False,12.800000000000535,6.290000000000267,6.51000000000027,1.5100000000002702
3228,25.48486475,51.45230794,11.6,3.228,3228.0,331.4683599653198,-1.876237623762376,straight,-1,inf,inf,False,12.600000000000534,6.080000000000264,6.520000000000271,1.5200000000002702
3229,25.48487267,51.45230317,11.6,3.229,3229.0,331.46836149810434,-1.87623762376238,straight,-1,inf,inf,False,12.600000000000534,6.080000000000264,6.520000000000271,1.5200000000002702
3230,25.48488059,51.4522984,11.5,3.23,3230.0,331.51879256677836,-1.87623762376238,straight,-1,inf,inf,False,12.600000000000534,6.080000000000264,6.520000000000271,1.5200000000002702
3231,25.48488851,51.45229364,11.5,3.231,3231.0,331.41798344200856,-1.8737623762376243,straight,-1,inf,inf,False,12.600000000000534,6.080000000000264,6.520000000000271,1.5200000000002702
3232,25.48489643,51.45228886,11.5,3.232,3232.0,331.41798500560503,-1.8712871287128774,straight,-1,inf,inf,False,12.600000000000534,6.080000000000264,6.520000000000271,1.5200000000002702
3233,25.48490435,51.45228408,11.4,3.233,3233.0,331.38756469935026,-1.868811881188117,straight,-1,inf,inf,False,12.600000000000534,6.080000000000264,6.520000000000271,1.5200000000002702
3234,25.48491226,51.4522793,11.4,3.234,3234.0,331.4179881978959,-1.863861386138619,straight,-1,inf,inf,False,13.500000000000547,6.950000000000276,6.550000000000271,1.5500000000002707
3235,25.48492018,51.45227452,11.4,3.235,3235.0,331.51880043480105,-1.856435643564356,straight,-1,inf,inf,False,13.500000000000547,6.950000000000276,6.550000000000271,1.5500000000002707
3236,25.4849281,51.45226976,11.3,3.236,3236.0,331.5490956016333,-1.849009900990097,straight,-1,inf,inf,False,13.500000000000547,6.950000000000276,6.550000000000271,1.5500000000002707
3237,25.48493603,51.452265,11.3,3.237,3237.0,331.54909721696663,-1.8391089108910963,straight,-1,inf,inf,False,13.500000000000547,6.950000000000276,6.550000000000271,1.5500000000002707
3238,25.48494396,51.45226024,11.3,3.238,3238.0,331.51880519550286,-1.8267326732673264,straight,-1,inf,inf,False,13.500000000000547,6.950000000000276,6.550000000000271,1.5500000000002707
3239,25.48495188,51.45225548,11.2,3.239,3239.0,331.46837736412874,-1.8094059405940621,straight,-1,inf,inf,False,13.200000000000545,6.230000000000266,6.970000000000277,1.9700000000002769
3240,25.4849598,51.45225071,11.2,3.24,3240.0,331.4683789548516,-1.7920792079207937,straight,-1,inf,inf,False,13.200000000000545,6.230000000000266,6.970000000000277,1.9700000000002769
3241,25.48496772,51.45224594,11.2,3.241,3241.0,331.4683805421135,-1.7722772277227739,straight,-1,inf,inf,False,13.200000000000545,6.230000000000266,6.970000000000277,1.9700000000002769
3242,25.48497564,51.45224117,11.1,3.242,3242.0,331.46838206215216,-1.7500000000000027,straight,-1,inf,inf,False,13.200000000000545,6.230000000000266,6.970000000000277,1.9700000000002769
3243,25.48498356,51.4522364,11.1,3.243,3243.0,331.4180024949306,-1.7277227722772273,straight,-1,inf,inf,False,13.200000000000545,6.230000000000266,6.970000000000277,1.9700000000002769
3244,25.48499148,51.45223162,11.1,3.244,3244.0,331.41800405190014,-1.6980198019801929,straight,-1,inf,inf,False,13.400000000000546,6.130000000000265,7.270000000000281,2.270000000000281
3245,25.4849994,51.45222684,11.0,3.245,3245.0,331.3875837042448,-1.6683168316831678,straight,-1,inf,inf,False,13.400000000000546,6.130000000000265,7.270000000000281,2.270000000000281
3246,25.48500731,51.45222206,11.0,3.246,3246.0,331.4683884288821,-1.6361386138613911,straight,-1,inf,inf,False,13.400000000000546,6.130000000000265,7.270000000000281,2.270000000000281
3247,25.48501523,51.45221729,11.0,3.247,3247.0,331.4180088271401,-1.5990099009901024,straight,-1,inf,inf,False,13.400000000000546,6.130000000000265,7.270000000000281,2.270000000000281
3248,25.48502315,51.45221251,11.0,3.248,3248.0,331.46839161652946,-1.5594059405940586,straight,-1,inf,inf,False,13.400000000000546,6.130000000000265,7.270000000000281,2.270000000000281
3249,25.48503107,51.45220774,11.0,3.249,3249.0,331.41801198941596,-1.5173267326732676,straight,-1,inf,inf,False,17.000000000000597,9.290000000000274,7.710000000000322,2.710000000000323
3250,25.48503899,51.45220296,11.1,3.25,3250.0,331.4683947431491,-1.4702970297029694,straight,-1,inf,inf,False,17.000000000000597,9.290000000000274,7.710000000000322,2.710000000000323
3251,25.48504691,51.45219819,11.1,3.251,3251.0,331.4683963914458,-1.4232673267326756,straight,-1,inf,inf,False,17.000000000000597,9.290000000000274,7.710000000000322,2.710000000000323
3252,25.48505483,51.45219342,11.1,3.252,3252.0,331.41801675699963,-1.373762376237626,straight,-1,inf,inf,False,17.000000000000597,9.290000000000274,7.710000000000322,2.710000000000323
3253,25.48506275,51.45218864,11.1,3.253,3253.0,331.4380121512089,-1.3193069306930694,straight,-1,inf,inf,False,17.000000000000597,9.290000000000274,7.710000000000322,2.710000000000323
3254,25.48507066,51.45218387,11.1,3.254,3254.0,331.41801991727806,-1.2648514851485126,straight,-1,inf,inf,False,15.600000000000575,7.3800000000002095,8.220000000000365,3.2200000000003657
3255,25.48507858,51.45217909,11.1,3.255,3255.0,331.4180214488535,-1.207920792079209,straight,-1,inf,inf,False,15.600000000000575,7.3800000000002095,8.220000000000365,3.2200000000003657
3256,25.4850865,51.45217431,11.1,3.256,3256.0,331.3876011996193,-1.1460396039603982,straight,-1,inf,inf,False,15.600000000000575,7.3800000000002095,8.220000000000365,3.2200000000003657
3257,25.48509441,51.45216953,11.1,3.257,3257.0,331.46840589247597,-1.0816831683168315,straight,-1,inf,inf,False,15.600000000000575,7.3800000000002095,8.220000000000365,3.2200000000003657
3258,25.48510233,51.45216476,11.1,3.258,3258.0,331.286917930237,-1.014851485148518,straight,-1,inf,inf,False,15.600000000000575,7.3800000000002095,8.220000000000365,3.2200000000003657
3259,25.48511024,51.45215996,11.1,3.259,3259.0,331.206064691809,-0.9455445544554486,straight,-1,inf,inf,False,15.700000000000225,7.960000000000184,7.740000000000039,3.8400000000004098
3260,25.48511814,51.45215515,11.1,3.26,3260.0,331.2869210609283,-0.8737623762376235,straight,-1,inf,inf,False,15.700000000000225,7.960000000000184,7.740000000000039,3.8400000000004098
3261,25.48512605,51.45215035,11.1,3.261,3261.0,331.25637272322746,-0.8019801980198027,straight,-1,inf,inf,False,15.700000000000225,7.960000000000184,7.740000000000039,3.8400000000004098
3262,25.48513395,51.45214555,11.1,3.262,3262.0,331.4180325910703,-0.7277227722772306,straight,-1,inf,inf,False,15.700000000000225,7.960000000000184,7.740000000000039,3.8400000000004098
3263,25.48514187,51.45214077,11.1,3.263,3263.0,331.387612295033,-0.653465346534654,straight,-1,inf,inf,False,15.300000000000216,8.130000000000152,7.1700000000000665,3.670000000000443
3264,25.48514978,51.45213599,11.1,3.264,3264.0,331.4180357289926,-0.5767326732673261,straight,-1,inf,inf,False,15.300000000000216,8.130000000000152,7.1700000000000665,3.670000000000443
3265,25.4851577,51.45213121,11.1,3.265,3265.0,331.4180373566712,-0.5000000000000027,straight,-1,inf,inf,False,15.300000000000216,8.130000000000152,7.1700000000000665,3.670000000000443
3266,25.48516562,51.45212643,11.1,3.266,3266.0,331.25638064382986,-0.42326732673267475,straight,-1,inf,inf,False,15.300000000000216,8.130000000000152,7.1700000000000665,3.670000000000443
3267,25.48517352,51.45212163,11.1,3.267,3267.0,331.20607745298855,-0.34158415841583967,straight,-1,inf,inf,False,15.300000000000216,8.130000000000152,7.1700000000000665,3.670000000000443
3268,25.48518142,51.45211682,11.1,3.268,3268.0,331.28693380490006,-0.2623762376237604,straight,-1,inf,inf,False,16.20000000000023,9.260000000000131,6.940000000000099,3.640000000000478
3269,25.48518933,51.45211202,11.1,3.269,3269.0,331.2060806242369,-0.18564356435643692,straight,-1,inf,inf,False,16.20000000000023,9.260000000000131,6.940000000000099,3.640000000000478
3270,25.48519723,51.45210721,11.1,3.27,3270.0,331.20608222346124,-0.10396039603960185,straight,-1,inf,inf,False,16.20000000000023,9.260000000000131,6.940000000000099,3.640000000000478
3271,25.48520513,51.4521024,11.1,3.271,3271.0,331.20608379347533,-0.024752475247527,straight,-1,inf,inf,False,16.20000000000023,9.260000000000131,6.940000000000099,3.640000000000478
3272,25.48521303,51.45209759,11.1,3.272,3272.0,331.2060853732268,0.054455445544556724,straight,-1,inf,inf,False,16.20000000000023,9.260000000000131,6.940000000000099,3.640000000000478
3273,25.48522093,51.45209278,11.1,3.273,3273.0,331.1558306656428,0.1386138613861343,straight,-1,inf,inf,False,12.900000000000183,5.670000000000081,7.230000000000103,3.430000000000475
3274,25.48522883,51.45208796,11.1,3.274,3274.0,331.20608856194207,0.22029702970296494,straight,-1,inf,inf,False,12.900000000000183,5.670000000000081,7.230000000000103,3.430000000000475
3275,25.48523673,51.45208315,11.1,3.275,3275.0,331.12515613026807,0.2995049504950442,straight,-1,inf,inf,False,12.900000000000183,5.670000000000081,7.230000000000103,3.430000000000475
3276,25.48524462,51.45207833,11.1,3.276,3276.0,331.1558354276545,0.3811881188118793,straight,-1,inf,inf,False,12.900000000000183,5.670000000000081,7.230000000000103,3.430000000000475
3277,25.48525252,51.45207351,11.0,3.277,3277.0,331.15583702866115,0.4603960396039631,straight,-1,inf,inf,False,12.900000000000183,5.670000000000081,7.230000000000103,3.430000000000475
3278,25.48526042,51.45206869,11.0,3.278,3278.0,331.4684390982195,0.5420792079207892,straight,-1,inf,inf,False,12.70000000000018,5.810000000000083,6.8900000000000965,3.190000000000471
3279,25.48526834,51.45206392,11.0,3.279,3279.0,331.468440618277,0.6188118811881171,straight,-1,inf,inf,False,12.70000000000018,5.810000000000083,6.8900000000000965,3.190000000000471
3280,25.48527626,51.45205915,11.0,3.28,3280.0,331.418061108031,0.695544554455445,straight,-1,inf,inf,False,12.70000000000018,5.810000000000083,6.8900000000000965,3.190000000000471
3281,25.48528418,51.45205437,11.0,3.281,3281.0,331.46844383146265,0.7673267326732613,straight,-1,inf,inf,False,12.70000000000018,5.810000000000083,6.8900000000000965,3.190000000000471
3282,25.4852921,51.4520496,11.0,3.282,3282.0,331.25640608563884,0.8366336633663352,straight,-1,inf,inf,False,12.70000000000018,5.810000000000083,6.8900000000000965,3.190000000000471
3283,25.4853,51.4520448,11.0,3.283,3283.0,331.28695759821846,0.9084158415841559,straight,-1,inf,inf,False,12.400000000000176,6.250000000000089,6.150000000000087,2.850000000000467
3284,25.48530791,51.45204,11.0,3.284,3284.0,331.25640928254006,0.9752475247524696,straight,-1,inf,inf,False,12.400000000000176,6.250000000000089,6.150000000000087,2.850000000000467
3285,25.48531581,51.4520352,11.0,3.285,3285.0,331.23669018130175,1.0420792079207875,straight,-1,inf,inf,False,12.400000000000176,6.250000000000089,6.150000000000087,2.850000000000467
3286,25.48532372,51.45203039,10.9,3.286,3286.0,331.25641241825036,1.108910891089101,straight,-1,inf,inf,False,12.400000000000176,6.250000000000089,6.150000000000087,2.850000000000467
3287,25.48533162,51.45202559,10.9,3.287,3287.0,331.20610924345914,1.173267326732672,straight,-1,inf,inf,False,12.400000000000176,6.250000000000089,6.150000000000087,2.850000000000467
3288,25.48533952,51.45202078,10.9,3.288,3288.0,331.28696556743273,1.2351485148514785,straight,-1,inf,inf,False,12.400000000000176,6.250000000000089,6.150000000000087,2.850000000000467
3289,25.48534743,51.45201598,10.9,3.289,3289.0,331.25641723489304,1.294554455445538,straight,-1,inf,inf,False,12.500000000000176,6.210000000000086,6.29000000000009,2.9900000000004687
3290,25.48535533,51.45201118,10.9,3.29,3290.0,331.15585772748256,1.351485148514846,straight,-1,inf,inf,False,12.500000000000176,6.210000000000086,6.29000000000009,2.9900000000004687
3291,25.48536323,51.45200636,10.9,3.291,3291.0,331.0749399246092,1.4084158415841497,straight,-1,inf,inf,False,12.500000000000176,6.210000000000086,6.29000000000009,2.9900000000004687
3292,25.48537112,51.45200153,10.9,3.292,3292.0,331.125183259918,1.4653465346534578,straight,-1,inf,inf,False,12.500000000000176,6.210000000000086,6.29000000000009,2.9900000000004687
3293,25.48537901,51.45199671,10.9,3.293,3293.0,331.1558624972537,1.5173267326732587,straight,-1,inf,inf,False,12.500000000000176,6.210000000000086,6.29000000000009,2.9900000000004687
3294,25.48538691,51.45199189,10.9,3.294,3294.0,331.02475166816606,1.5693069306930596,straight,-1,inf,inf,False,12.60000000000018,6.250000000000089,6.35000000000009,3.150000000000471
3295,25.4853948,51.45198705,10.9,3.295,3295.0,330.99394811269383,1.6212871287128652,straight,-1,inf,inf,False,12.60000000000018,6.250000000000089,6.35000000000009,3.150000000000471
3296,25.48540268,51.45198221,10.9,3.296,3296.0,331.02475487594586,1.6707920792079147,straight,-1,inf,inf,False,12.60000000000018,6.250000000000089,6.35000000000009,3.150000000000471
3297,25.48541057,51.45197737,10.9,3.297,3297.0,330.9939513520416,1.7202970297029596,straight,-1,inf,inf,False,12.60000000000018,6.250000000000089,6.35000000000009,3.150000000000471
3298,25.48541845,51.45197253,10.9,3.298,3298.0,331.0749510671977,1.7673267326732622,straight,-1,inf,inf,False,13.500000000000192,7.160000000000136,6.340000000000056,2.940000000000434
3299,25.48542634,51.4519677,11.0,3.299,3299.0,331.07495270100765,1.8118811881188044,straight,-1,inf,inf,False,13.500000000000192,7.160000000000136,6.340000000000056,2.940000000000434
3300,25.48543423,51.45196287,11.0,3.3,3300.0,331.10566586096223,1.856435643564347,straight,-1,inf,inf,False,13.500000000000192,7.160000000000136,6.340000000000056,2.940000000000434
3301,25.48544213,51.45195804,11.0,3.301,3301.0,331.07495584548303,1.8985148514851427,straight,-1,inf,inf,False,13.500000000000192,7.160000000000136,6.340000000000056,2.940000000000434
3302,25.48545002,51.45195321,11.0,3.302,3302.0,331.07495745712816,1.9381188118811776,straight,-1,inf,inf,False,13.500000000000192,7.160000000000136,6.340000000000056,2.940000000000434
3303,25.48545791,51.45194838,11.0,3.303,3303.0,331.07495907138514,1.9801980198019689,straight,-1,inf,inf,False,13.500000000000192,7.479315068493325,6.020684931506867,2.720684931507246
3304,25.4854658,51.45194355,11.0,3.304,3304.0,331.07496062175505,2.0198019801980083,straight,-1,inf,inf,False,13.500000000000192,7.479315068493325,6.020684931506867,2.720684931507246
3305,25.48547369,51.45193872,11.1,3.305,3305.0,331.07496222362425,2.056930693069301,straight,-1,inf,inf,False,13.500000000000192,7.479315068493325,6.020684931506867,2.720684931507246
3306,25.48548158,51.45193389,11.1,3.306,3306.0,331.074963805939,2.0965346534653317,straight,-1,inf,inf,False,13.500000000000192,7.479315068493325,6.020684931506867,2.720684931507246
3307,25.48548947,51.45192906,11.1,3.307,3307.0,331.07496544953045,2.1311881188118686,straight,-1,inf,inf,False,13.500000000000192,7.479315068493325,6.020684931506867,2.720684931507246
3308,25.48549736,51.45192423,11.1,3.308,3308.0,331.0247739603391,2.1683168316831525,straight,-1,inf,inf,False,15.700000000000564,7.237945205479657,8.462054794520906,2.462054794520907
3309,25.48550525,51.45191939,11.2,3.309,3309.0,331.07496859199614,2.205445544554445,straight,-1,inf,inf,False,15.700000000000564,7.237945205479657,8.462054794520906,2.462054794520907
3310,25.48551314,51.45191456,11.2,3.31,3310.0,331.07497018409043,2.2376237623762307,straight,-1,inf,inf,False,15.700000000000564,7.237945205479657,8.462054794520906,2.462054794520907
3311,25.48552103,51.45190973,11.2,3.311,3311.0,331.0749717983515,2.2722772277227588,straight,-1,inf,inf,False,15.700000000000564,7.237945205479657,8.462054794520906,2.462054794520907
3312,25.48552892,51.4519049,11.3,3.312,3312.0,331.1558927029012,2.3069306930692957,straight,-1,inf,inf,False,15.700000000000564,7.237945205479657,8.462054794520906,2.462054794520907
3313,25.48553682,51.45190008,11.3,3.313,3313.0,331.07497493306164,2.33663366336633,straight,-1,inf,inf,False,15.693150684932071,7.535890410959148,8.157260273972923,2.164109589041417
3314,25.48554471,51.45189525,11.4,3.314,3314.0,331.07497656426784,2.3663366336633596,straight,-1,inf,inf,False,15.693150684932071,7.535890410959148,8.157260273972923,2.164109589041417
3315,25.4855526,51.45189042,11.4,3.315,3315.0,331.07497817853096,2.3960396039603893,straight,-1,inf,inf,False,15.693150684932071,7.535890410959148,8.157260273972923,2.164109589041417
3316,25.48556049,51.45188559,11.5,3.316,3316.0,330.9939816255245,2.423267326732663,straight,-1,inf,inf,False,15.693150684932071,7.535890410959148,8.157260273972923,2.164109589041417
3317,25.48556837,51.45188075,11.5,3.317,3317.0,330.9746439505651,2.450495049504937,straight,-1,inf,inf,False,15.693150684932071,7.535890410959148,8.157260273972923,2.164109589041417
3318,25.48557626,51.4518759,11.6,3.318,3318.0,330.9939848772135,2.475247524752464,straight,-1,inf,inf,False,15.58630136986358,7.763150684931789,7.823150684931789,1.8368493150687757
3319,25.48558414,51.45187106,11.7,3.319,3319.0,331.0749845109437,2.4999999999999956,straight,-1,inf,inf,False,15.58630136986358,7.763150684931789,7.823150684931789,1.8368493150687757
3320,25.48559203,51.45186623,11.8,3.32,3320.0,331.0749860932655,2.5222772277227623,straight,-1,inf,inf,False,15.58630136986358,7.763150684931789,7.823150684931789,1.8368493150687757
3321,25.48559992,51.4518614,11.8,3.321,3321.0,331.07498769514285,2.547029702970285,straight,-1,inf,inf,False,15.58630136986358,7.763150684931789,7.823150684931789,1.8368493150687757
3322,25.48560781,51.45185657,11.9,3.322,3322.0,331.1057009148714,2.5693069306930605,straight,-1,inf,inf,False,15.58630136986358,7.763150684931789,7.823150684931789,1.8368493150687757
3323,25.48561571,51.45185174,12.0,3.323,3323.0,331.12523251858863,2.589108910891076,straight,-1,inf,inf,False,15.679452054795084,7.869726027397542,7.809726027397541,1.8302739726030215
3324,25.4856236,51.45184692,12.0,3.324,3324.0,331.15591177409027,2.6089108910891,straight,-1,inf,inf,False,15.679452054795084,7.869726027397542,7.809726027397541,1.8302739726030215
3325,25.4856315,51.4518421,12.1,3.325,3325.0,331.206169590037,2.6262376237623686,straight,-1,inf,inf,False,15.679452054795084,7.869726027397542,7.809726027397541,1.8302739726030215
3326,25.4856394,51.45183729,12.1,3.326,3326.0,331.20617116007907,2.6410891089108857,straight,-1,inf,inf,False,15.679452054795084,7.869726027397542,7.809726027397541,1.8302739726030215
3327,25.4856473,51.45183248,12.2,3.327,3327.0,331.125238905548,2.653465346534647,straight,-1,inf,inf,False,15.679452054795084,7.869726027397542,7.809726027397541,1.8302739726030215
3328,25.48565519,51.45182766,12.3,3.328,3328.0,331.10571041766906,2.665841584158408,straight,-1,inf,inf,False,15.572602739726593,7.766301369863296,7.806301369863295,1.833698630137268
3329,25.48566309,51.45182283,12.3,3.329,3329.0,331.0442291898602,2.6782178217821695,straight,-1,inf,inf,False,15.572602739726593,7.766301369863296,7.806301369863295,1.833698630137268
3330,25.48567097,51.451818,12.4,3.33,3330.0,331.02480903109625,2.6831683168316722,straight,-1,inf,inf,False,15.572602739726593,7.766301369863296,7.806301369863295,1.833698630137268
3331,25.48567886,51.45181316,12.4,3.331,3331.0,331.0750036340183,2.688118811881184,straight,-1,inf,inf,False,15.572602739726593,7.766301369863296,7.806301369863295,1.833698630137268
3332,25.48568675,51.45180833,12.5,3.332,3332.0,331.10571678179315,2.690594059405935,straight,-1,inf,inf,False,15.572602739726593,7.766301369863296,7.806301369863295,1.833698630137268
3333,25.48569465,51.4518035,12.5,3.333,3333.0,331.1755386963203,2.6930693069306866,straight,-1,inf,inf,False,15.565753424658098,7.762876712329049,7.8028767123290494,1.8371232876715151
3334,25.48570254,51.45179869,12.5,3.334,3334.0,331.20618389336255,2.6930693069306866,straight,-1,inf,inf,False,15.565753424658098,7.762876712329049,7.8028767123290494,1.8371232876715151
3335,25.48571044,51.45179388,12.6,3.335,3335.0,331.1559292786069,2.690594059405935,straight,-1,inf,inf,False,15.565753424658098,7.762876712329049,7.8028767123290494,1.8371232876715151
3336,25.48571834,51.45178906,12.6,3.336,3336.0,331.20618707240385,2.685643564356428,straight,-1,inf,inf,False,15.565753424658098,7.762876712329049,7.8028767123290494,1.8371232876715151
3337,25.48572624,51.45178425,12.7,3.337,3337.0,331.28704316349314,2.678217821782174,straight,-1,inf,inf,False,15.565753424658098,7.762876712329049,7.8028767123290494,1.8371232876715151
3338,25.48573415,51.45177945,12.7,3.338,3338.0,331.2870448258619,2.6683168316831596,straight,-1,inf,inf,False,15.658904109589606,7.859452054794803,7.799452054794804,1.840547945205762
3339,25.48574206,51.45177465,12.7,3.339,3339.0,331.3068497057286,2.658415841584154,straight,-1,inf,inf,False,15.658904109589606,7.859452054794803,7.799452054794804,1.840547945205762
3340,25.48574996,51.45176986,12.8,3.34,3340.0,331.2870480109135,2.643564356435637,straight,-1,inf,inf,False,15.658904109589606,7.859452054794803,7.799452054794804,1.840547945205762
3341,25.48575787,51.45176506,12.8,3.341,3341.0,331.3373684727699,2.6287128712871244,straight,-1,inf,inf,False,15.658904109589606,7.859452054794803,7.799452054794804,1.840547945205762
3342,25.48576578,51.45176027,12.8,3.342,3342.0,331.4181590941371,2.6113861386138604,straight,-1,inf,inf,False,15.658904109589606,7.859452054794803,7.799452054794804,1.840547945205762
3343,25.4857737,51.45175549,12.9,3.343,3343.0,331.38773885571953,2.589108910891089,straight,-1,inf,inf,False,15.552054794521112,7.7560273972605565,7.796027397260556,1.8439726027400083
3344,25.48578161,51.45175071,12.9,3.344,3344.0,331.4181623058721,2.5668316831683136,straight,-1,inf,inf,False,15.552054794521112,7.7560273972605565,7.796027397260556,1.8439726027400083
3345,25.48578953,51.45174593,12.9,3.345,3345.0,331.4181638501931,2.5420792079207866,straight,-1,inf,inf,False,15.552054794521112,7.7560273972605565,7.796027397260556,1.8439726027400083
3346,25.48579745,51.45174115,12.9,3.346,3346.0,331.46854651785554,2.514851485148517,straight,-1,inf,inf,False,15.552054794521112,7.7560273972605565,7.796027397260556,1.8439726027400083
3347,25.48580537,51.45173638,12.9,3.347,3347.0,331.46854809241864,2.485148514851483,straight,-1,inf,inf,False,15.552054794521112,7.7560273972605565,7.796027397260556,1.8439726027400083
3348,25.48581329,51.45173161,13.0,3.348,3348.0,331.4685496125112,2.450495049504955,straight,-1,inf,inf,False,15.64520547945262,7.85260273972631,7.792602739726309,1.847397260274255
3349,25.48582121,51.45172684,13.0,3.349,3349.0,331.4685512608573,2.4133663366336577,straight,-1,inf,inf,False,15.64520547945262,7.85260273972631,7.792602739726309,1.847397260274255
3350,25.48582913,51.45172207,13.0,3.35,3350.0,331.5997181855116,2.373762376237618,straight,-1,inf,inf,False,15.64520547945262,7.85260273972631,7.792602739726309,1.847397260274255
3351,25.48583706,51.45171732,13.0,3.351,3351.0,331.599719744523,2.32920792079208,straight,-1,inf,inf,False,15.64520547945262,7.85260273972631,7.792602739726309,1.847397260274255
3352,25.48584499,51.45171257,13.0,3.352,3352.0,331.5492786984126,2.2846534653465334,straight,-1,inf,inf,False,15.64520547945262,7.85260273972631,7.792602739726309,1.847397260274255
3353,25.48585292,51.45170781,13.1,3.353,3353.0,331.5997229300108,2.237623762376235,straight,-1,inf,inf,False,15.538356164384126,7.759178082192063,7.779178082192063,1.8408219178085008
3354,25.48586085,51.45170306,13.1,3.354,3354.0,331.5189883671222,2.18811881188119,straight,-1,inf,inf,False,15.538356164384126,7.759178082192063,7.779178082192063,1.8408219178085008
3355,25.48586877,51.4516983,13.1,3.355,3355.0,331.549283456003,2.138613861386136,straight,-1,inf,inf,False,15.538356164384126,7.759178082192063,7.779178082192063,1.8408219178085008
3356,25.4858767,51.45169354,13.2,3.356,3356.0,331.46856233800196,2.086633663366335,straight,-1,inf,inf,False,15.538356164384126,7.759178082192063,7.779178082192063,1.8408219178085008
3357,25.48588462,51.45168877,13.2,3.357,3357.0,331.51899315810044,2.032178217821783,straight,-1,inf,inf,False,15.538356164384126,7.759178082192063,7.779178082192063,1.8408219178085008
3358,25.48589254,51.45168401,13.2,3.358,3358.0,331.49889358800584,1.975247524752475,straight,-1,inf,inf,False,15.531506849315631,7.755753424657817,7.775753424657816,1.844246575342748
3359,25.48590047,51.45167924,13.2,3.359,3359.0,331.5189963570229,1.9158415841584155,straight,-1,inf,inf,False,15.531506849315631,7.755753424657817,7.775753424657816,1.844246575342748
3360,25.48590839,51.45167448,13.3,3.36,3360.0,331.5997340021637,1.858910891089107,straight,-1,inf,inf,False,15.531506849315631,7.755753424657817,7.775753424657816,1.844246575342748
3361,25.48591632,51.45166973,13.3,3.361,3361.0,331.54929290825226,1.7995049504950522,straight,-1,inf,inf,False,15.531506849315631,7.755753424657817,7.775753424657816,1.844246575342748
3362,25.48592425,51.45166497,13.4,3.362,3362.0,331.5997371363291,1.7425742574257397,straight,-1,inf,inf,False,15.531506849315631,7.755753424657817,7.775753424657816,1.844246575342748
3363,25.48593218,51.45166022,13.4,3.363,3363.0,331.5492960845274,1.6831683168316847,straight,-1,inf,inf,False,15.531506849315631,7.755753424657817,7.775753424657816,1.844246575342748
3364,25.48594011,51.45165546,13.4,3.364,3364.0,331.5997403089547,1.6237623762376252,straight,-1,inf,inf,False,15.52465753424714,7.70232876712357,7.822328767123571,1.8976712328769956
3365,25.48594804,51.45165071,13.5,3.365,3365.0,331.51900582942267,1.5643564356435702,straight,-1,inf,inf,False,15.52465753424714,7.70232876712357,7.822328767123571,1.8976712328769956
3366,25.48595596,51.45164595,13.5,3.366,3366.0,331.5997434378711,1.5024752475247594,straight,-1,inf,inf,False,15.52465753424714,7.70232876712357,7.822328767123571,1.8976712328769956
3367,25.48596389,51.4516412,13.6,3.367,3367.0,331.5997450835832,1.4430693069306955,straight,-1,inf,inf,False,15.52465753424714,7.70232876712357,7.822328767123571,1.8976712328769956
3368,25.48597182,51.45163645,13.6,3.368,3368.0,331.7309058224402,1.3811881188118846,straight,-1,inf,inf,False,15.52465753424714,7.70232876712357,7.822328767123571,1.8976712328769956
3369,25.48597976,51.45163172,13.6,3.369,3369.0,331.7309073498939,1.3193069306930783,straight,-1,inf,inf,False,15.517808219178647,7.638904109589322,7.878904109589325,1.9610958904112423
3370,25.4859877,51.45162699,13.7,3.37,3370.0,331.7609798575181,1.2623762376237702,straight,-1,inf,inf,False,15.517808219178647,7.638904109589322,7.878904109589325,1.9610958904112423
3371,25.48599565,51.45162226,13.7,3.371,3371.0,331.7309105189414,1.2029702970297107,straight,-1,inf,inf,False,15.517808219178647,7.638904109589322,7.878904109589325,1.9610958904112423
3372,25.48600359,51.45161753,13.7,3.372,3372.0,331.7007824516481,1.1435643564356557,straight,-1,inf,inf,False,15.517808219178647,7.638904109589322,7.878904109589325,1.9610958904112423
3373,25.48601152,51.4516128,13.8,3.373,3373.0,331.54931194823837,1.0841584158415962,straight,-1,inf,inf,False,16.11095890411016,8.235479452055083,7.875479452055078,1.964520547945489
3374,25.48601945,51.45160804,13.8,3.374,3374.0,331.5997560999154,1.022277227722781,straight,-1,inf,inf,False,16.11095890411016,8.235479452055083,7.875479452055078,1.964520547945489
3375,25.48602738,51.45160329,13.8,3.375,3375.0,331.5997577231437,0.9603960396039701,straight,-1,inf,inf,False,16.11095890411016,8.235479452055083,7.875479452055078,1.964520547945489
3376,25.48603531,51.45159854,13.9,3.376,3376.0,331.5997592629386,0.9009900990099107,straight,-1,inf,inf,False,16.11095890411016,8.235479452055083,7.875479452055078,1.964520547945489
3377,25.48604324,51.45159379,13.9,3.377,3377.0,331.76099091567335,0.8415841584158469,straight,-1,inf,inf,False,16.11095890411016,8.235479452055083,7.875479452055078,1.964520547945489
3378,25.48605119,51.45158906,13.9,3.378,3378.0,331.8320727286009,0.7846534653465475,straight,-1,inf,inf,False,16.11095890411016,8.235479452055083,7.875479452055078,1.964520547945489
3379,25.48605913,51.45158435,13.9,3.379,3379.0,331.81151054164457,0.7252475247524837,straight,-1,inf,inf,False,16.104109589041666,8.172054794520836,7.932054794520832,2.027945205479736
3380,25.48606708,51.45157963,13.9,3.38,3380.0,331.8115120681987,0.66831683168318,straight,-1,inf,inf,False,16.104109589041666,8.172054794520836,7.932054794520832,2.027945205479736
3381,25.48607503,51.45157491,14.0,3.381,3381.0,331.781477976851,0.6113861386138675,straight,-1,inf,inf,False,16.104109589041666,8.172054794520836,7.932054794520832,2.027945205479736
3382,25.48608297,51.45157019,14.0,3.382,3382.0,331.599768851409,0.5569306930693152,straight,-1,inf,inf,False,16.104109589041666,8.172054794520836,7.932054794520832,2.027945205479736
3383,25.4860909,51.45156544,14.0,3.383,3383.0,331.68042574246573,0.5049504950495098,straight,-1,inf,inf,False,15.497260273973168,7.5786301369865825,7.918630136986586,2.0213698630139825
3384,25.48609884,51.4515607,14.0,3.384,3384.0,331.5997719651033,0.44801980198020624,straight,-1,inf,inf,False,15.497260273973168,7.5786301369865825,7.918630136986586,2.0213698630139825
3385,25.48610677,51.45155595,14.0,3.385,3385.0,331.6502642066605,0.39356435643564947,straight,-1,inf,inf,False,15.497260273973168,7.5786301369865825,7.918630136986586,2.0213698630139825
3386,25.4861147,51.45155121,14.0,3.386,3386.0,331.5997751506245,0.3391089108910972,straight,-1,inf,inf,False,15.497260273973168,7.5786301369865825,7.918630136986586,2.0213698630139825
3387,25.48612263,51.45154646,13.9,3.387,3387.0,331.54933411043675,0.28465346534654046,straight,-1,inf,inf,False,15.497260273973168,7.5786301369865825,7.918630136986586,2.0213698630139825
3388,25.48613056,51.4515417,13.9,3.388,3388.0,331.59977825906964,0.2351485148514909,straight,-1,inf,inf,False,16.09041095890468,8.245205479452343,7.845205479452337,1.954794520548228
3389,25.48613849,51.45153695,13.9,3.389,3389.0,331.54933731881005,0.1881188118812016,straight,-1,inf,inf,False,16.09041095890468,8.245205479452343,7.845205479452337,1.954794520548228
3390,25.48614642,51.45153219,13.8,3.39,3390.0,331.5997814445949,0.14356435643565035,straight,-1,inf,inf,False,16.09041095890468,8.245205479452343,7.845205479452337,1.954794520548228
3391,25.48615435,51.45152744,13.8,3.391,3391.0,331.54934040209326,0.09900990099010354,straight,-1,inf,inf,False,16.09041095890468,8.245205479452343,7.845205479452337,1.954794520548228
3392,25.48616228,51.45152268,13.7,3.392,3392.0,331.5190486862183,0.05445544554456116,straight,-1,inf,inf,False,16.09041095890468,8.245205479452343,7.845205479452337,1.954794520548228
3393,25.4861702,51.45151792,13.7,3.393,3393.0,331.5997861871605,0.009900990099018792,straight,-1,inf,inf,False,15.383561643836176,7.621780821918087,7.761780821918089,1.8782191780824733
3394,25.48617813,51.45151317,13.7,3.394,3394.0,331.54934520144036,-0.02970297029702529,straight,-1,inf,inf,False,15.383561643836176,7.621780821918087,7.761780821918089,1.8782191780824733
3395,25.48618606,51.45150841,13.6,3.395,3395.0,331.5190533957758,-0.06930693069306493,straight,-1,inf,inf,False,15.383561643836176,7.621780821918087,7.761780821918089,1.8782191780824733
3396,25.48619398,51.45150365,13.6,3.396,3396.0,331.41824486639047,-0.10891089108910457,straight,-1,inf,inf,False,15.383561643836176,7.621780821918087,7.761780821918089,1.8782191780824733
3397,25.4862019,51.45149887,13.5,3.397,3397.0,331.3878246643517,-0.1460396039603884,straight,-1,inf,inf,False,15.383561643836176,7.621780821918087,7.761780821918089,1.8782191780824733
3398,25.48620981,51.45149409,13.5,3.398,3398.0,331.41824801411514,-0.18316831683167667,straight,-1,inf,inf,False,15.376712328767685,7.63835616438384,7.738356164383843,1.8616438356167195
3399,25.48621773,51.45148931,13.5,3.399,3399.0,331.38782788803917,-0.21782178217821802,straight,-1,inf,inf,False,15.376712328767685,7.63835616438384,7.738356164383843,1.8616438356167195
3400,25.48622564,51.45148453,13.4,3.4,3400.0,331.3679184785804,-0.24999999999999908,straight,-1,inf,inf,False,15.376712328767685,7.63835616438384,7.738356164383843,1.8616438356167195
3401,25.48623356,51.45147974,13.4,3.401,3401.0,331.3374638738708,-0.28217821782177577,straight,-1,inf,inf,False,15.376712328767685,7.63835616438384,7.738356164383843,1.8616438356167195
3402,25.48624147,51.45147495,13.4,3.402,3402.0,331.3374654831213,-0.3143564356435613,straight,-1,inf,inf,False,15.376712328767685,7.63835616438384,7.738356164383843,1.8616438356167195
3403,25.48624938,51.45147016,13.4,3.403,3403.0,331.3878342402517,-0.3440594059405866,straight,-1,inf,inf,False,15.26986301369919,7.6149315068495955,7.654931506849595,1.7850684931509648
3404,25.48625729,51.45146538,13.3,3.404,3404.0,331.36792479194463,-0.37623762376237213,straight,-1,inf,inf,False,15.26986301369919,7.6149315068495955,7.654931506849595,1.7850684931509648
3405,25.48626521,51.45146059,13.3,3.405,3405.0,331.33747022357204,-0.4059405940594063,straight,-1,inf,inf,False,15.26986301369919,7.6149315068495955,7.654931506849595,1.7850684931509648
3406,25.48627312,51.4514558,13.3,3.406,3406.0,331.387838978283,-0.43069306930693335,straight,-1,inf,inf,False,15.26986301369919,7.6149315068495955,7.654931506849595,1.7850684931509648
3407,25.48628103,51.45145102,13.3,3.407,3407.0,331.3679295834776,-0.4579207920792072,straight,-1,inf,inf,False,15.26986301369919,7.6149315068495955,7.654931506849595,1.7850684931509648
3408,25.48628895,51.45144623,13.2,3.408,3408.0,331.3878421281855,-0.4826732673267298,straight,-1,inf,inf,False,15.263013698630695,7.631506849315349,7.631506849315349,1.7684931506852113
3409,25.48629686,51.45144145,13.2,3.409,3409.0,331.2871578440672,-0.5074257425742568,straight,-1,inf,inf,False,15.263013698630695,7.631506849315349,7.631506849315349,1.7684931506852113
3410,25.48630477,51.45143665,13.2,3.41,3410.0,331.2566095910124,-0.5321782178217793,straight,-1,inf,inf,False,15.263013698630695,7.631506849315349,7.631506849315349,1.7684931506852113
3411,25.48631267,51.45143185,13.2,3.411,3411.0,331.28716102919105,-0.5519801980198036,straight,-1,inf,inf,False,15.263013698630695,7.631506849315349,7.631506849315349,1.7684931506852113
3412,25.48632058,51.45142705,13.1,3.412,3412.0,331.2566128006065,-0.5742574257425792,straight,-1,inf,inf,False,15.263013698630695,7.631506849315349,7.631506849315349,1.7684931506852113
3413,25.48632848,51.45142225,13.1,3.413,3413.0,331.2871642046098,-0.5965346534653504,straight,-1,inf,inf,False,15.256164383562204,7.638082191781102,7.618082191781101,1.761917808219458
3414,25.48633639,51.45141745,13.1,3.414,3414.0,331.33748451654066,-0.6138613861386188,straight,-1,inf,inf,False,15.256164383562204,7.638082191781102,7.618082191781101,1.761917808219458
3415,25.4863443,51.45141266,13.1,3.415,3415.0,331.3878532201307,-0.6311881188118873,straight,-1,inf,inf,False,15.256164383562204,7.638082191781102,7.618082191781101,1.761917808219458
3416,25.48635221,51.45140788,13.1,3.416,3416.0,331.36794386375607,-0.6460396039603999,straight,-1,inf,inf,False,15.256164383562204,7.638082191781102,7.618082191781101,1.761917808219458
3417,25.48636013,51.45140309,13.1,3.417,3417.0,331.38785638272634,-0.6608910891089126,straight,-1,inf,inf,False,15.256164383562204,7.638082191781102,7.618082191781101,1.761917808219458
3418,25.48636804,51.45139831,13.0,3.418,3418.0,331.36794704713407,-0.6732673267326827,straight,-1,inf,inf,False,15.14931506849371,7.534657534246854,7.614657534246855,1.7653424657537045
3419,25.48637596,51.45139352,13.0,3.419,3419.0,331.30697695352956,-0.6831683168316927,straight,-1,inf,inf,False,15.14931506849371,7.534657534246854,7.614657534246855,1.7653424657537045
3420,25.48638386,51.45138873,13.0,3.42,3420.0,331.2871753179225,-0.6930693069307026,straight,-1,inf,inf,False,15.14931506849371,7.534657534246854,7.614657534246855,1.7653424657537045
3421,25.48639177,51.45138393,13.0,3.421,3421.0,331.337495646457,-0.7004950495049567,straight,-1,inf,inf,False,15.14931506849371,7.534657534246854,7.614657534246855,1.7653424657537045
3422,25.48639968,51.45137914,13.0,3.422,3422.0,331.2871784856518,-0.7103960396039621,straight,-1,inf,inf,False,15.14931506849371,7.534657534246854,7.614657534246855,1.7653424657537045
3423,25.48640759,51.45137434,13.0,3.423,3423.0,331.33749883001997,-0.7178217821782207,straight,-1,inf,inf,False,15.242465753425218,7.641232876712609,7.601232876712608,1.7587671232879507
3424,25.4864155,51.45136955,13.0,3.424,3424.0,331.28718165051146,-0.7202970297029765,straight,-1,inf,inf,False,15.242465753425218,7.641232876712609,7.601232876712608,1.7587671232879507
3425,25.48642341,51.45136475,13.0,3.425,3425.0,331.337501962169,-0.7252475247524748,straight,-1,inf,inf,False,15.242465753425218,7.641232876712609,7.601232876712608,1.7587671232879507
3426,25.48643132,51.45135996,13.0,3.426,3426.0,331.3375035617355,-0.7277227722772306,straight,-1,inf,inf,False,15.242465753425218,7.641232876712609,7.601232876712608,1.7587671232879507
3427,25.48643923,51.45135517,12.9,3.427,3427.0,331.25663665731645,-0.7277227722772306,straight,-1,inf,inf,False,15.242465753425218,7.641232876712609,7.601232876712608,1.7587671232879507
3428,25.48644713,51.45135037,12.9,3.428,3428.0,331.46867647346795,-0.7301980198019864,straight,-1,inf,inf,False,15.235616438356724,7.637808219178362,7.597808219178362,1.7621917808221976
3429,25.48645505,51.4513456,12.9,3.429,3429.0,331.46867798394635,-0.7326732673267378,straight,-1,inf,inf,False,15.235616438356724,7.637808219178362,7.597808219178362,1.7621917808221976
3430,25.48646297,51.45134083,12.9,3.43,3430.0,331.4990076355649,-0.7376237623762405,straight,-1,inf,inf,False,15.235616438356724,7.637808219178362,7.597808219178362,1.7621917808221976
3431,25.4864709,51.45133606,12.9,3.431,3431.0,331.46868119618705,-0.7376237623762405,straight,-1,inf,inf,False,15.235616438356724,7.637808219178362,7.597808219178362,1.7621917808221976
3432,25.48647882,51.45133129,12.9,3.432,3432.0,331.4686828221673,-0.7376237623762405,straight,-1,inf,inf,False,15.235616438356724,7.637808219178362,7.597808219178362,1.7621917808221976
3433,25.48648674,51.45132652,12.9,3.433,3433.0,331.2871959716307,-0.7376237623762405,straight,-1,inf,inf,False,15.128767123288233,7.524383561644115,7.604383561644116,1.7756164383564443
3434,25.48649465,51.45132172,12.9,3.434,3434.0,331.2566477222422,-0.7400990099009919,straight,-1,inf,inf,False,15.128767123288233,7.524383561644115,7.604383561644116,1.7756164383564443
3435,25.48650255,51.45131692,12.8,3.435,3435.0,331.28719916648595,-0.7425742574257432,straight,-1,inf,inf,False,15.128767123288233,7.524383561644115,7.604383561644116,1.7756164383564443
3436,25.48651046,51.45131212,12.8,3.436,3436.0,331.25665095414934,-0.7425742574257388,straight,-1,inf,inf,False,15.128767123288233,7.524383561644115,7.604383561644116,1.7756164383564443
3437,25.48651836,51.45130732,12.8,3.437,3437.0,331.337521043467,-0.7425742574257477,straight,-1,inf,inf,False,15.128767123288233,7.524383561644115,7.604383561644116,1.7756164383564443
3438,25.48652627,51.45130253,12.8,3.438,3438.0,331.46869230409015,-0.7425742574257432,straight,-1,inf,inf,False,15.221917808219738,7.620958904109869,7.600958904109868,1.7790410958906908
3439,25.48653419,51.45129776,12.8,3.439,3439.0,331.4686938562922,-0.7400990099009919,straight,-1,inf,inf,False,15.221917808219738,7.620958904109869,7.600958904109868,1.7790410958906908
3440,25.48654211,51.45129299,12.8,3.44,3440.0,331.4686954405579,-0.7425742574257477,straight,-1,inf,inf,False,15.221917808219738,7.620958904109869,7.600958904109868,1.7790410958906908
3441,25.48655003,51.45128822,12.8,3.441,3441.0,331.4686970248241,-0.7425742574257521,straight,-1,inf,inf,False,15.221917808219738,7.620958904109869,7.600958904109868,1.7790410958906908
3442,25.48655795,51.45128345,12.8,3.442,3442.0,331.499026621689,-0.7425742574257388,straight,-1,inf,inf,False,15.221917808219738,7.620958904109869,7.600958904109868,1.7790410958906908
3443,25.48656588,51.45127868,12.8,3.443,3443.0,331.51912924351984,-0.7425742574257432,straight,-1,inf,inf,False,15.215068493151245,7.617534246575623,7.597534246575622,1.7824657534249373
3444,25.4865738,51.45127392,12.7,3.444,3444.0,331.4687018213447,-0.7400990099009963,straight,-1,inf,inf,False,15.215068493151245,7.617534246575623,7.597534246575622,1.7824657534249373
3445,25.48658172,51.45126915,12.7,3.445,3445.0,331.54942577514515,-0.7376237623762405,straight,-1,inf,inf,False,15.215068493151245,7.617534246575623,7.597534246575622,1.7824657534249373
3446,25.48658965,51.45126439,12.7,3.446,3446.0,331.4687049725713,-0.7400990099009919,straight,-1,inf,inf,False,15.215068493151245,7.617534246575623,7.597534246575622,1.7824657534249373
3447,25.48659757,51.45125962,12.7,3.447,3447.0,331.54942889818585,-0.7400990099009874,straight,-1,inf,inf,False,15.215068493151245,7.617534246575623,7.597534246575622,1.7824657534249373
3448,25.4866055,51.45125486,12.7,3.448,3448.0,331.5191372432901,-0.7425742574257432,straight,-1,inf,inf,False,15.208219178082752,7.604109589041376,7.604109589041376,1.7958904109591842
3449,25.48661342,51.4512501,12.7,3.449,3449.0,331.5494320949976,-0.7425742574257432,straight,-1,inf,inf,False,15.208219178082752,7.604109589041376,7.604109589041376,1.7958904109591842
3450,25.48662135,51.45124534,12.7,3.45,3450.0,331.5191403267345,-0.7425742574257477,straight,-1,inf,inf,False,15.208219178082752,7.604109589041376,7.604109589041376,1.7958904109591842
3451,25.48662927,51.45124058,12.7,3.451,3451.0,331.549435301437,-0.747524752475246,straight,-1,inf,inf,False,15.208219178082752,7.604109589041376,7.604109589041376,1.7958904109591842
3452,25.4866372,51.45123582,12.7,3.452,3452.0,331.38791193904217,-0.7499999999999973,straight,-1,inf,inf,False,15.208219178082752,7.604109589041376,7.604109589041376,1.7958904109591842
3453,25.48664511,51.45123104,12.7,3.453,3453.0,331.41833516806884,-0.7549504950495045,straight,-1,inf,inf,False,15.20136986301426,7.59068493150713,7.610684931507129,1.8093150684934305
3454,25.48665303,51.45122626,12.6,3.454,3454.0,331.4183367831433,-0.7599009900990072,straight,-1,inf,inf,False,15.20136986301426,7.59068493150713,7.610684931507129,1.8093150684934305
3455,25.48666095,51.45122148,12.6,3.455,3455.0,331.3879167082078,-0.7648514851485144,straight,-1,inf,inf,False,15.20136986301426,7.59068493150713,7.610684931507129,1.8093150684934305
3456,25.48666886,51.4512167,12.6,3.456,3456.0,331.41833992429383,-0.7747524752475199,straight,-1,inf,inf,False,15.20136986301426,7.59068493150713,7.610684931507129,1.8093150684934305
3457,25.48667678,51.45121192,12.6,3.457,3457.0,331.59988725976837,-0.7846534653465298,straight,-1,inf,inf,False,15.20136986301426,7.59068493150713,7.610684931507129,1.8093150684934305
3458,25.48668471,51.45120717,12.7,3.458,3458.0,331.5998887867316,-0.7970297029702955,straight,-1,inf,inf,False,15.194520547945764,7.577260273972882,7.617260273972882,1.8227397260276772
3459,25.48669264,51.45120242,12.7,3.459,3459.0,331.6503809480088,-0.8094059405940524,straight,-1,inf,inf,False,15.194520547945764,7.577260273972882,7.617260273972882,1.8227397260276772
3460,25.48670057,51.45119768,12.7,3.46,3460.0,331.5998919306108,-0.8217821782178092,straight,-1,inf,inf,False,15.194520547945764,7.577260273972882,7.617260273972882,1.8227397260276772
3461,25.4867085,51.45119293,12.7,3.461,3461.0,331.5494511211842,-0.8391089108910821,straight,-1,inf,inf,False,15.194520547945764,7.577260273972882,7.617260273972882,1.8227397260276772
3462,25.48671643,51.45118817,12.7,3.462,3462.0,331.5494526628621,-0.8539603960395992,straight,-1,inf,inf,False,15.194520547945764,7.577260273972882,7.617260273972882,1.8227397260276772
3463,25.48672436,51.45118341,12.7,3.463,3463.0,331.51916099224786,-0.8737623762376144,straight,-1,inf,inf,False,15.287671232877273,7.663835616438636,7.623835616438636,1.836164383561924
3464,25.48673228,51.45117865,12.8,3.464,3464.0,331.54945580517114,-0.8935643564356343,straight,-1,inf,inf,False,15.287671232877273,7.663835616438636,7.623835616438636,1.836164383561924
3465,25.48674021,51.45117389,12.8,3.465,3465.0,331.5191641078013,-0.9133663366336586,straight,-1,inf,inf,False,15.287671232877273,7.663835616438636,7.623835616438636,1.836164383561924
3466,25.48674813,51.45116913,12.8,3.466,3466.0,331.54945902444626,-0.9331683168316739,straight,-1,inf,inf,False,15.287671232877273,7.663835616438636,7.623835616438636,1.836164383561924
3467,25.48675606,51.45116437,12.8,3.467,3467.0,331.5999030071311,-0.9529702970296983,straight,-1,inf,inf,False,15.287671232877273,7.663835616438636,7.623835616438636,1.836164383561924
3468,25.48676399,51.45115962,12.8,3.468,3468.0,331.59990464327956,-0.975247524752465,straight,-1,inf,inf,False,15.28082191780878,7.65041095890439,7.63041095890439,1.8495890410961704
3469,25.48677192,51.45115487,12.8,3.469,3469.0,331.5494637521348,-0.9975247524752406,straight,-1,inf,inf,False,15.28082191780878,7.65041095890439,7.63041095890439,1.8495890410961704
3470,25.48677985,51.45115011,12.9,3.47,3470.0,331.5999077614223,-1.0198019801980118,straight,-1,inf,inf,False,15.28082191780878,7.65041095890439,7.63041095890439,1.8495890410961704
3471,25.48678778,51.45114536,12.9,3.471,3471.0,331.4183637812311,-1.0470297029702857,straight,-1,inf,inf,False,15.28082191780878,7.65041095890439,7.63041095890439,1.8495890410961704
3472,25.4867957,51.45114058,12.9,3.472,3472.0,331.387943712083,-1.074257425742564,straight,-1,inf,inf,False,15.28082191780878,7.65041095890439,7.63041095890439,1.8495890410961704
3473,25.48680361,51.4511358,12.9,3.473,3473.0,331.41836692903195,-1.101485148514847,straight,-1,inf,inf,False,15.273972602740288,7.626986301370142,7.646986301370143,1.8730136986304171
3474,25.48681153,51.45113102,12.9,3.474,3474.0,331.33757982892195,-1.1287128712871208,straight,-1,inf,inf,False,15.273972602740288,7.626986301370142,7.646986301370143,1.8730136986304171
3475,25.48681944,51.45112623,12.9,3.475,3475.0,331.46875093858966,-1.1559405940593992,straight,-1,inf,inf,False,15.273972602740288,7.626986301370142,7.646986301370143,1.8730136986304171
3476,25.48682736,51.45112146,13.0,3.476,3476.0,331.73107592622455,-1.1831683168316776,straight,-1,inf,inf,False,15.273972602740288,7.626986301370142,7.646986301370143,1.8730136986304171
3477,25.4868353,51.45111673,13.0,3.477,3477.0,331.78162892903316,-1.2128712871286984,straight,-1,inf,inf,False,15.273972602740288,7.626986301370142,7.646986301370143,1.8730136986304171
3478,25.48684324,51.45111201,13.0,3.478,3478.0,331.7611498433186,-1.242574257425737,straight,-1,inf,inf,False,15.267123287671794,7.613561643835895,7.653561643835898,1.8864383561646645
3479,25.48685119,51.45110728,13.0,3.479,3479.0,331.73108063246303,-1.2747524752475137,straight,-1,inf,inf,False,15.267123287671794,7.613561643835895,7.653561643835898,1.8864383561646645
3480,25.48685913,51.45110255,13.0,3.48,3480.0,331.73108224340217,-1.3069306930692903,straight,-1,inf,inf,False,15.267123287671794,7.613561643835895,7.653561643835898,1.8864383561646645
3481,25.48686707,51.45109782,13.1,3.481,3481.0,331.5999251887171,-1.339108910891067,straight,-1,inf,inf,False,15.267123287671794,7.613561643835895,7.653561643835898,1.8864383561646645
3482,25.486875,51.45109307,13.1,3.482,3482.0,331.6504172341653,-1.3737623762376128,straight,-1,inf,inf,False,15.267123287671794,7.613561643835895,7.653561643835898,1.8864383561646645
3483,25.48688293,51.45108833,13.1,3.483,3483.0,331.6805834661032,-1.4084158415841497,straight,-1,inf,inf,False,15.360273972603304,7.690136986301653,7.670136986301651,1.9098630136989116
3484,25.48689087,51.45108359,13.1,3.484,3484.0,331.5999299033072,-1.4455445544554335,straight,-1,inf,inf,False,15.360273972603304,7.690136986301653,7.670136986301651,1.9098630136989116
3485,25.4868988,51.45107884,13.1,3.485,3485.0,331.6805866028614,-1.4826732673267262,straight,-1,inf,inf,False,15.360273972603304,7.690136986301653,7.670136986301651,1.9098630136989116
3486,25.48690674,51.4510741,13.2,3.486,3486.0,331.5999331005384,-1.5173267326732542,straight,-1,inf,inf,False,15.360273972603304,7.690136986301653,7.670136986301651,1.9098630136989116
3487,25.48691467,51.45106935,13.2,3.487,3487.0,331.59993468210644,-1.554455445544547,straight,-1,inf,inf,False,15.360273972603304,7.690136986301653,7.670136986301651,1.9098630136989116
3488,25.4869226,51.4510646,13.2,3.488,3488.0,331.5999362540605,-1.5891089108910794,straight,-1,inf,inf,False,15.353424657534813,7.666712328767407,7.686712328767404,1.9332876712331584
3489,25.48693053,51.45105985,13.2,3.489,3489.0,331.59993781314176,-1.631188118811875,straight,-1,inf,inf,False,15.353424657534813,7.666712328767407,7.686712328767404,1.9332876712331584
3490,25.48693846,51.4510551,13.2,3.49,3490.0,331.33760531690405,-1.6732673267326617,straight,-1,inf,inf,False,15.353424657534813,7.666712328767407,7.686712328767404,1.9332876712331584
3491,25.48694637,51.45105031,13.2,3.491,3491.0,331.33760693296074,-1.7153465346534522,straight,-1,inf,inf,False,15.353424657534813,7.666712328767407,7.686712328767404,1.9332876712331584
3492,25.48695428,51.45104552,13.1,3.492,3492.0,331.28728988768165,-1.7574257425742479,straight,-1,inf,inf,False,15.353424657534813,7.666712328767407,7.686712328767404,1.9332876712331584
3493,25.48696219,51.45104072,13.1,3.493,3493.0,331.33761007781027,-1.7970297029702875,straight,-1,inf,inf,False,15.446575342466318,7.743287671233158,7.703287671233159,1.9567123287674053
3494,25.4869701,51.45103593,13.1,3.494,3494.0,331.3376116618449,-1.8366336633663272,straight,-1,inf,inf,False,15.446575342466318,7.743287671233158,7.703287671233159,1.9567123287674053
3495,25.48697801,51.45103114,13.0,3.495,3495.0,331.5495048925641,-1.8811881188118698,straight,-1,inf,inf,False,15.446575342466318,7.743287671233158,7.703287671233159,1.9567123287674053
3496,25.48698594,51.45102638,13.0,3.496,3496.0,331.5696904063709,-1.9232673267326694,straight,-1,inf,inf,False,15.446575342466318,7.743287671233158,7.703287671233159,1.9567123287674053
3497,25.48699386,51.45102163,13.0,3.497,3497.0,331.54950806697826,-1.965346534653456,straight,-1,inf,inf,False,15.446575342466318,7.743287671233158,7.703287671233159,1.9567123287674053
3498,25.48700179,51.45101687,12.9,3.498,3498.0,331.5495096311206,-2.007425742574247,straight,-1,inf,inf,False,15.439726027397825,7.719863013698912,7.719863013698912,1.980136986301652
3499,25.48700972,51.45101211,12.9,3.499,3499.0,331.4687889888001,-2.049504950495047,straight,-1,inf,inf,False,15.439726027397825,7.719863013698912,7.719863013698912,1.980136986301652
3500,25.48701764,51.45100734,12.8,3.5,3500.0,331.41840981393625,-2.091584158415838,straight,-1,inf,inf,False,15.439726027397825,7.719863013698912,7.719863013698912,1.980136986301652
3501,25.48702556,51.45100256,12.8,3.501,3501.0,331.3879897763241,-2.133663366336629,straight,-1,inf,inf,False,15.439726027397825,7.719863013698912,7.719863013698912,1.980136986301652
3502,25.48703347,51.45099778,12.8,3.502,3502.0,331.41841296176653,-2.1757425742574243,straight,-1,inf,inf,False,15.439726027397825,7.719863013698912,7.719863013698912,1.980136986301652
3503,25.48704139,51.450993,12.7,3.503,3503.0,331.38799289726757,-2.215346534653464,straight,-1,inf,inf,False,15.432876712329332,7.786438356164666,7.646438356164664,1.9135616438358976
3504,25.4870493,51.45098822,12.7,3.504,3504.0,331.4184161639974,-2.254950495049499,straight,-1,inf,inf,False,15.432876712329332,7.786438356164666,7.646438356164664,1.9135616438358976
3505,25.48705722,51.45098344,12.6,3.505,3505.0,331.25676085675417,-2.2920792079207875,straight,-1,inf,inf,False,15.432876712329332,7.786438356164666,7.646438356164664,1.9135616438358976
3506,25.48706512,51.45097864,12.6,3.506,3506.0,331.2873121503778,-2.331683168316836,straight,-1,inf,inf,False,15.432876712329332,7.786438356164666,7.646438356164664,1.9135616438358976
3507,25.48707303,51.45097384,12.6,3.507,3507.0,331.3376322737762,-2.373762376237618,straight,-1,inf,inf,False,15.432876712329332,7.786438356164666,7.646438356164664,1.9135616438358976
3508,25.48708094,51.45096905,12.5,3.508,3508.0,331.28731533760873,-2.413366336633662,straight,-1,inf,inf,False,15.52602739726084,7.863013698630421,7.663013698630419,1.9369863013701447
3509,25.48708885,51.45096425,12.5,3.509,3509.0,331.38800241805757,-2.452970297029702,straight,-1,inf,inf,False,15.52602739726084,7.863013698630421,7.663013698630419,1.9369863013701447
3510,25.48709676,51.45095947,12.4,3.51,3510.0,331.4184256685968,-2.4900990099009856,straight,-1,inf,inf,False,15.52602739726084,7.863013698630421,7.663013698630419,1.9369863013701447
3511,25.48710468,51.45095469,12.4,3.511,3511.0,331.4184272130024,-2.5247524752475226,straight,-1,inf,inf,False,15.52602739726084,7.863013698630421,7.663013698630419,1.9369863013701447
3512,25.4871126,51.45094991,12.4,3.512,3512.0,331.3880072096792,-2.561881188118811,straight,-1,inf,inf,False,15.52602739726084,7.863013698630421,7.663013698630419,1.9369863013701447
3513,25.48712051,51.45094513,12.3,3.513,3513.0,331.3880087948666,-2.5965346534653433,straight,-1,inf,inf,False,14.619178082192336,6.939589041096161,7.679589041096172,1.9604109589043917
3514,25.48712842,51.45094035,12.3,3.514,3514.0,331.1562148965655,-2.63118811881188,straight,-1,inf,inf,False,14.619178082192336,6.939589041096161,7.679589041096172,1.9604109589043917
3515,25.48713632,51.45093553,12.3,3.515,3515.0,331.20647235634823,-2.6658415841584127,straight,-1,inf,inf,False,14.619178082192336,6.939589041096161,7.679589041096172,1.9604109589043917
3516,25.48714422,51.45093072,12.2,3.516,3516.0,331.15621807932655,-2.7004950495049496,straight,-1,inf,inf,False,14.619178082192336,6.939589041096161,7.679589041096172,1.9604109589043917
3517,25.48715212,51.4509259,12.2,3.517,3517.0,331.2064755133271,-2.735148514851491,straight,-1,inf,inf,False,14.619178082192336,6.939589041096161,7.679589041096172,1.9604109589043917
3518,25.48716002,51.45092109,12.1,3.518,3518.0,331.3376497682568,-2.767326732673263,straight,-1,inf,inf,False,15.612328767123856,7.90616438356193,7.7061643835619265,1.9938356164386388
3519,25.48716793,51.4509163,12.1,3.519,3519.0,331.46882062715684,-2.7995049504950487,straight,-1,inf,inf,False,15.612328767123856,7.90616438356193,7.7061643835619265,1.9938356164386388
3520,25.48717585,51.45091153,12.1,3.52,3520.0,331.54954441810713,-2.829207920792083,straight,-1,inf,inf,False,15.612328767123856,7.90616438356193,7.7061643835619265,1.9938356164386388
3521,25.48718378,51.45090677,12.0,3.521,3521.0,331.51925273371364,-2.8589108910891126,straight,-1,inf,inf,False,15.612328767123856,7.90616438356193,7.7061643835619265,1.9938356164386388
3522,25.4871917,51.45090201,12.0,3.522,3522.0,331.4991532980206,-2.8836633663366396,straight,-1,inf,inf,False,15.612328767123856,7.90616438356193,7.7061643835619265,1.9938356164386388
3523,25.48719963,51.45089724,11.9,3.523,3523.0,331.46882696838577,-2.9059405940594107,straight,-1,inf,inf,False,15.605479452055365,7.8727397260276835,7.732739726027681,2.0272602739728858
3524,25.48720755,51.45089247,11.9,3.524,3524.0,331.388026247659,-2.925742574257426,straight,-1,inf,inf,False,15.605479452055365,7.8727397260276835,7.732739726027681,2.0272602739728858
3525,25.48721546,51.45088769,11.9,3.525,3525.0,331.41844936645737,-2.9455445544554415,straight,-1,inf,inf,False,15.605479452055365,7.8727397260276835,7.732739726027681,2.0272602739728858
3526,25.48722338,51.45088291,11.8,3.526,3526.0,331.41845102630043,-2.9628712871287144,straight,-1,inf,inf,False,15.605479452055365,7.8727397260276835,7.732739726027681,2.0272602739728858
3527,25.4872313,51.45087813,11.8,3.527,3527.0,331.38803099756393,-2.9777227722772315,straight,-1,inf,inf,False,15.605479452055365,7.8727397260276835,7.732739726027681,2.0272602739728858
3528,25.48723921,51.45087335,11.7,3.528,3528.0,331.4184541644908,-2.9900990099009928,straight,-1,inf,inf,False,15.605479452055365,7.8727397260276835,7.732739726027681,2.0272602739728858
3529,25.48724713,51.45086857,11.7,3.529,3529.0,331.3880341602734,-2.9950495049504955,straight,-1,inf,inf,False,15.69863013698687,7.849315068493435,7.849315068493435,2.1506849315071337
3530,25.48725504,51.45086379,11.7,3.53,3530.0,331.4184573347156,-3.0000000000000027,straight,-1,inf,inf,False,15.69863013698687,7.849315068493435,7.849315068493435,2.1506849315071337
3531,25.48726296,51.45085901,11.6,3.531,3531.0,331.41845892083006,-3.000000000000007,straight,-1,inf,inf,False,15.69863013698687,7.849315068493435,7.849315068493435,2.1506849315071337
3532,25.48727088,51.45085423,11.6,3.532,3532.0,331.3880389392415,-3.000000000000007,straight,-1,inf,inf,False,15.69863013698687,7.849315068493435,7.849315068493435,2.1506849315071337
3533,25.48727879,51.45084945,11.5,3.533,3533.0,331.25680539063313,-3.0000000000000027,straight,-1,inf,inf,False,15.791780821918378,7.915890410959189,7.875890410959188,2.184109589041381
3534,25.48728669,51.45084465,11.5,3.534,3534.0,331.28735664426813,-2.9950495049505,straight,-1,inf,inf,False,15.791780821918378,7.915890410959189,7.875890410959188,2.184109589041381
3535,25.4872946,51.45083985,11.4,3.535,3535.0,331.3376767981853,-2.98514851485149,straight,-1,inf,inf,False,15.791780821918378,7.915890410959189,7.875890410959188,2.184109589041381
3536,25.48730251,51.45083506,11.4,3.536,3536.0,331.287359767542,-2.9727722772277243,straight,-1,inf,inf,False,15.791780821918378,7.915890410959189,7.875890410959188,2.184109589041381
3537,25.48731042,51.45083026,11.4,3.537,3537.0,331.3376799527757,-2.9603960396039675,straight,-1,inf,inf,False,15.791780821918378,7.915890410959189,7.875890410959188,2.184109589041381
3538,25.48731833,51.45082547,11.3,3.538,3538.0,331.3880484387453,-2.9480198019802017,straight,-1,inf,inf,False,15.784931506849883,7.872465753424942,7.912465753424943,2.227534246575628
3539,25.48732624,51.45082069,11.3,3.539,3539.0,331.36813914736666,-2.9331683168316847,straight,-1,inf,inf,False,15.784931506849883,7.872465753424942,7.912465753424943,2.227534246575628
3540,25.48733416,51.4508159,11.2,3.54,3540.0,331.3880515790967,-2.9158415841584207,straight,-1,inf,inf,False,15.784931506849883,7.872465753424942,7.912465753424943,2.227534246575628
3541,25.48734207,51.45081112,11.1,3.541,3541.0,331.3376863027535,-2.893564356435645,straight,-1,inf,inf,False,15.784931506849883,7.872465753424942,7.912465753424943,2.227534246575628
3542,25.48734998,51.45080633,11.1,3.542,3542.0,331.41847632876346,-2.871287128712874,straight,-1,inf,inf,False,15.784931506849883,7.872465753424942,7.912465753424943,2.227534246575628
3543,25.4873579,51.45080155,11.0,3.543,3543.0,331.3880563463923,-2.849009900990107,straight,-1,inf,inf,False,15.878082191781392,7.939041095890697,7.939041095890697,2.2609589041098745
3544,25.48736581,51.45079677,11.0,3.544,3544.0,331.41847955036746,-2.82425742574258,straight,-1,inf,inf,False,15.878082191781392,7.939041095890697,7.939041095890697,2.2609589041098745
3545,25.48737373,51.45079199,10.9,3.545,3545.0,331.38805952180195,-2.7970297029702973,straight,-1,inf,inf,False,15.878082191781392,7.939041095890697,7.939041095890697,2.2609589041098745
3546,25.48738164,51.45078721,10.9,3.546,3546.0,331.41848267890975,-2.7698019801980234,straight,-1,inf,inf,False,15.878082191781392,7.939041095890697,7.939041095890697,2.2609589041098745
3547,25.48738956,51.45078243,10.8,3.547,3547.0,331.46886495226386,-2.7376237623762423,straight,-1,inf,inf,False,15.878082191781392,7.939041095890697,7.939041095890697,2.2609589041098745
3548,25.48739748,51.45077766,10.7,3.548,3548.0,331.4688665783027,-2.705445544554461,straight,-1,inf,inf,False,15.971232876712902,8.015616438356451,7.955616438356451,2.284383561644121
3549,25.4874054,51.45077289,10.7,3.549,3549.0,331.4688681305606,-2.6707920792079243,straight,-1,inf,inf,False,15.971232876712902,8.015616438356451,7.955616438356451,2.284383561644121
3550,25.48741332,51.45076812,10.6,3.55,3550.0,331.41848906510194,-2.636138613861392,straight,-1,inf,inf,False,15.971232876712902,8.015616438356451,7.955616438356451,2.284383561644121
3551,25.48742124,51.45076334,10.6,3.551,3551.0,331.5495933615258,-2.5990099009901035,straight,-1,inf,inf,False,15.971232876712902,8.015616438356451,7.955616438356451,2.284383561644121
3552,25.48742917,51.45075858,10.5,3.552,3552.0,331.46887291759003,-2.556930693069308,straight,-1,inf,inf,False,15.971232876712902,8.015616438356451,7.955616438356451,2.284383561644121
3553,25.48743709,51.45075381,10.5,3.553,3553.0,331.4688744601947,-2.514851485148517,straight,-1,inf,inf,False,15.964383561644407,7.982191780822204,7.982191780822204,2.3178082191783687
3554,25.48744501,51.45074904,10.4,3.554,3554.0,331.46887605417356,-2.4702970297029747,straight,-1,inf,inf,False,15.964383561644407,7.982191780822204,7.982191780822204,2.3178082191783687
3555,25.48745293,51.45074427,10.3,3.555,3555.0,331.2065360737318,-2.425742574257428,straight,-1,inf,inf,False,15.964383561644407,7.982191780822204,7.982191780822204,2.3178082191783687
3556,25.48746083,51.45073946,10.3,3.556,3556.0,331.20653767310165,-2.381188118811881,straight,-1,inf,inf,False,15.964383561644407,7.982191780822204,7.982191780822204,2.3178082191783687
3557,25.48746873,51.45073465,10.2,3.557,3557.0,331.2065392432616,-2.32920792079208,straight,-1,inf,inf,False,15.964383561644407,7.982191780822204,7.982191780822204,2.3178082191783687
3558,25.48747663,51.45072984,10.2,3.558,3558.0,331.2371246859561,-2.2772277227722793,straight,-1,inf,inf,False,15.957534246575914,7.958767123287957,7.998767123287958,2.341232876712615
3559,25.48748454,51.45072503,10.1,3.559,3559.0,331.4384969275785,-2.222772277227727,straight,-1,inf,inf,False,15.957534246575914,7.958767123287957,7.998767123287958,2.341232876712615
3560,25.48749245,51.45072026,10.1,3.56,3560.0,331.49921342840537,-2.168316831683166,straight,-1,inf,inf,False,15.957534246575914,7.958767123287957,7.998767123287958,2.341232876712615
3561,25.48750038,51.45071549,10.0,3.561,3561.0,331.4688870887311,-2.113861386138618,straight,-1,inf,inf,False,15.957534246575914,7.958767123287957,7.998767123287958,2.341232876712615
3562,25.4875083,51.45071072,10.0,3.562,3562.0,331.5193176214851,-2.0569306930693054,straight,-1,inf,inf,False,15.957534246575914,7.958767123287957,7.998767123287958,2.341232876712615
3563,25.48751622,51.45070596,10.0,3.563,3563.0,331.4185096824119,-2.002475247524753,straight,-1,inf,inf,False,16.050684931507423,8.045342465753713,8.005342465753712,2.3546575342468623
3564,25.48752414,51.45070118,10.0,3.564,3564.0,331.2874043059041,-1.9455445544554453,straight,-1,inf,inf,False,16.050684931507423,8.045342465753713,8.005342465753712,2.3546575342468623
3565,25.48753205,51.45069638,9.9,3.565,3565.0,331.33772441884145,-1.8886138613861458,straight,-1,inf,inf,False,16.050684931507423,8.045342465753713,8.005342465753712,2.3546575342468623
3566,25.48753996,51.45069159,9.9,3.566,3566.0,331.33772598352033,-1.8316831683168333,straight,-1,inf,inf,False,16.050684931507423,8.045342465753713,8.005342465753712,2.3546575342468623
3567,25.48754787,51.4506868,9.9,3.567,3567.0,331.33772760255073,-1.7722772277227739,straight,-1,inf,inf,False,16.050684931507423,8.045342465753713,8.005342465753712,2.3546575342468623
3568,25.48755578,51.45068201,9.9,3.568,3568.0,331.25686105434465,-1.7153465346534658,straight,-1,inf,inf,False,16.04383561643893,8.031917808219465,8.011917808219465,2.368082191781109
3569,25.48756368,51.45067721,9.9,3.569,3569.0,331.33773074253605,-1.658415841584158,straight,-1,inf,inf,False,16.04383561643893,8.031917808219465,8.011917808219465,2.368082191781109
3570,25.48757159,51.45067242,9.9,3.57,3570.0,331.2874138686432,-1.6014851485148494,straight,-1,inf,inf,False,16.04383561643893,8.031917808219465,8.011917808219465,2.368082191781109
3571,25.4875795,51.45066762,9.9,3.571,3571.0,331.38810079806024,-1.5420792079207946,straight,-1,inf,inf,False,16.04383561643893,8.031917808219465,8.011917808219465,2.368082191781109
3572,25.48758741,51.45066284,9.9,3.572,3572.0,331.49923241132103,-1.4801980198019793,straight,-1,inf,inf,False,16.04383561643893,8.031917808219465,8.011917808219465,2.368082191781109
3573,25.48759534,51.45065807,9.9,3.573,3573.0,331.5193349394029,-1.4183168316831685,straight,-1,inf,inf,False,16.036986301370437,8.008493150685219,8.028493150685218,2.3915068493153555
3574,25.48760326,51.45065331,9.9,3.574,3574.0,331.468907742807,-1.358910891089109,straight,-1,inf,inf,False,16.036986301370437,8.008493150685219,8.028493150685218,2.3915068493153555
3575,25.48761118,51.45064854,9.9,3.575,3575.0,331.49923714065403,-1.2995049504950495,straight,-1,inf,inf,False,16.036986301370437,8.008493150685219,8.028493150685218,2.3915068493153555
3576,25.48761911,51.45064377,9.9,3.576,3576.0,331.33774189566674,-1.24009900990099,straight,-1,inf,inf,False,16.036986301370437,8.008493150685219,8.028493150685218,2.3915068493153555
3577,25.48762702,51.45063898,9.9,3.577,3577.0,331.3377434312629,-1.1806930693069306,straight,-1,inf,inf,False,16.036986301370437,8.008493150685219,8.028493150685218,2.3915068493153555
3578,25.48763493,51.45063419,9.9,3.578,3578.0,331.3881118648773,-1.116336633663364,straight,-1,inf,inf,False,16.030136986301944,7.9950684931509715,8.035068493150973,2.4049315068496027
3579,25.48764284,51.45062941,9.9,3.579,3579.0,331.33774663731174,-1.0519801980198018,straight,-1,inf,inf,False,16.030136986301944,7.9950684931509715,8.035068493150973,2.4049315068496027
3580,25.48765075,51.45062462,9.9,3.58,3580.0,331.49924508293867,-0.990099009900991,straight,-1,inf,inf,False,16.030136986301944,7.9950684931509715,8.035068493150973,2.4049315068496027
3581,25.48765868,51.45061985,9.9,3.581,3581.0,331.5193476149043,-0.92821782178218,straight,-1,inf,inf,False,16.030136986301944,7.9950684931509715,8.035068493150973,2.4049315068496027
3582,25.4876666,51.45061509,9.9,3.582,3582.0,331.46892040383824,-0.8663366336633649,straight,-1,inf,inf,False,16.030136986301944,7.9950684931509715,8.035068493150973,2.4049315068496027
3583,25.48767452,51.45061032,9.9,3.583,3583.0,331.4689219561135,-0.8019801980197981,straight,-1,inf,inf,False,16.123287671233452,8.081643835616728,8.041643835616725,2.418356164383849
3584,25.48768244,51.45060555,9.9,3.584,3584.0,331.46892358217053,-0.7400990099009874,straight,-1,inf,inf,False,16.123287671233452,8.081643835616728,8.041643835616725,2.418356164383849
3585,25.48769036,51.45060078,9.9,3.585,3585.0,331.4185444836582,-0.6757425742574297,straight,-1,inf,inf,False,16.123287671233452,8.081643835616728,8.041643835616725,2.418356164383849
3586,25.48769828,51.450596,9.9,3.586,3586.0,331.3881245830563,-0.6089108910891028,straight,-1,inf,inf,False,16.123287671233452,8.081643835616728,8.041643835616725,2.418356164383849
3587,25.48770619,51.45059122,9.9,3.587,3587.0,331.46892832353393,-0.544554455445545,straight,-1,inf,inf,False,16.123287671233452,8.081643835616728,8.041643835616725,2.418356164383849
3588,25.48771411,51.45058645,9.9,3.588,3588.0,331.68074891156795,-0.47524752475247123,straight,-1,inf,inf,False,16.11643835616496,8.05821917808248,8.05821917808248,2.441780821918096
3589,25.48772205,51.45058171,9.9,3.589,3589.0,331.68075045056304,-0.40841584158415767,straight,-1,inf,inf,False,16.11643835616496,8.05821917808248,8.05821917808248,2.441780821918096
3590,25.48772999,51.45057697,9.9,3.59,3590.0,331.6505876114277,-0.3391089108910883,straight,-1,inf,inf,False,16.11643835616496,8.05821917808248,8.05821917808248,2.441780821918096
3591,25.48773792,51.45057223,9.9,3.591,3591.0,331.6807536195388,-0.26980198019801893,straight,-1,inf,inf,False,16.11643835616496,8.05821917808248,8.05821917808248,2.441780821918096
3592,25.48774586,51.45056749,10.0,3.592,3592.0,331.6505907859344,-0.20049504950494954,straight,-1,inf,inf,False,16.11643835616496,8.05821917808248,8.05821917808248,2.441780821918096
3593,25.48775379,51.45056275,10.0,3.593,3593.0,331.6001020399944,-0.13118811881188464,straight,-1,inf,inf,False,16.109589041096466,8.034794520548232,8.074794520548235,2.465205479452343
3594,25.48776172,51.450558,10.0,3.594,3594.0,331.63030295111594,-0.06188118811881083,straight,-1,inf,inf,False,16.109589041096466,8.034794520548232,8.074794520548235,2.465205479452343
3595,25.48776966,51.45055325,10.0,3.595,3595.0,331.51936984487264,0.0074257425742585426,straight,-1,inf,inf,False,16.109589041096466,8.034794520548232,8.074794520548235,2.465205479452343
3596,25.48777758,51.45054849,10.0,3.596,3596.0,331.4689425725607,0.07920792079207928,straight,-1,inf,inf,False,16.109589041096466,8.034794520548232,8.074794520548235,2.465205479452343
3597,25.4877855,51.45054372,10.0,3.597,3597.0,331.54966613727095,0.14851485148514865,straight,-1,inf,inf,False,16.109589041096466,8.034794520548232,8.074794520548235,2.465205479452343
3598,25.48779343,51.45053896,10.1,3.598,3598.0,331.4689457529076,0.2178217821782136,straight,-1,inf,inf,False,16.20273972602797,8.121369863013985,8.081369863013986,2.478630136986589
3599,25.48780135,51.45053419,10.1,3.599,3599.0,331.86242015098185,0.284653465346536,straight,-1,inf,inf,False,16.20273972602797,8.121369863013985,8.081369863013986,2.478630136986589
3600,25.4878093,51.45052948,10.1,3.6,3600.0,331.99356352338697,0.3514851485148496,straight,-1,inf,inf,False,16.20273972602797,8.121369863013985,8.081369863013986,2.478630136986589
3601,25.48781726,51.45052479,10.1,3.601,3601.0,331.94294113306194,0.4207920792079189,straight,-1,inf,inf,False,16.20273972602797,8.121369863013985,8.081369863013986,2.478630136986589
3602,25.48782522,51.45052009,10.1,3.602,3602.0,331.8624248962044,0.4851485148514856,straight,-1,inf,inf,False,16.20273972602797,8.121369863013985,8.081369863013986,2.478630136986589
3603,25.48783317,51.45051538,10.1,3.603,3603.0,331.3377848017583,0.5495049504950522,straight,-1,inf,inf,False,16.19589041095948,8.10794520547974,8.08794520547974,2.492054794520836
3604,25.48784108,51.45051059,10.2,3.604,3604.0,331.33778642080745,0.6113861386138586,straight,-1,inf,inf,False,16.19589041095948,8.10794520547974,8.08794520547974,2.492054794520836
3605,25.48784899,51.4505058,10.2,3.605,3605.0,331.25692000804287,0.6732673267326783,straight,-1,inf,inf,False,16.19589041095948,8.10794520547974,8.08794520547974,2.492054794520836
3606,25.48785689,51.450501,10.2,3.606,3606.0,331.6807773266134,0.7351485148514847,straight,-1,inf,inf,False,16.19589041095948,8.10794520547974,8.08794520547974,2.492054794520836
3607,25.48786483,51.45049626,10.2,3.607,3607.0,331.7818334260112,0.7945544554455486,straight,-1,inf,inf,False,16.19589041095948,8.10794520547974,8.08794520547974,2.492054794520836
3608,25.48787277,51.45049154,10.2,3.608,3608.0,331.81187050699396,0.8539603960396037,straight,-1,inf,inf,False,16.189041095890985,8.094520547945493,8.094520547945493,2.505479452055082
3609,25.48788072,51.45048682,10.2,3.609,3609.0,331.7818365724731,0.9108910891089071,straight,-1,inf,inf,False,16.189041095890985,8.094520547945493,8.094520547945493,2.505479452055082
3610,25.48788866,51.4504821,10.3,3.61,3610.0,331.3682518883246,0.9678217821782154,straight,-1,inf,inf,False,16.189041095890985,8.094520547945493,8.094520547945493,2.505479452055082
3611,25.48789658,51.45047731,10.3,3.611,3611.0,331.38816432405747,1.0198019801980251,straight,-1,inf,inf,False,16.189041095890985,8.094520547945493,8.094520547945493,2.505479452055082
3612,25.48790449,51.45047253,10.3,3.612,3612.0,331.4185874318246,1.0693069306930703,straight,-1,inf,inf,False,16.189041095890985,8.094520547945493,8.094520547945493,2.505479452055082
3613,25.48791241,51.45046775,10.3,3.613,3613.0,331.6001336348053,1.1188118811881154,straight,-1,inf,inf,False,16.182191780822492,8.081095890411246,8.101095890411248,2.518904109589329
3614,25.48792034,51.450463,10.3,3.614,3614.0,331.6807899678711,1.165841584158418,straight,-1,inf,inf,False,16.182191780822492,8.081095890411246,8.101095890411248,2.518904109589329
3615,25.48792828,51.45045826,10.4,3.615,3615.0,331.65062713692805,1.2128712871287162,straight,-1,inf,inf,False,16.182191780822492,8.081095890411246,8.101095890411248,2.518904109589329
3616,25.48793621,51.45045352,10.4,3.616,3616.0,331.6807930951771,1.2574257425742585,straight,-1,inf,inf,False,16.182191780822492,8.081095890411246,8.101095890411248,2.518904109589329
3617,25.48794415,51.45044878,10.4,3.617,3617.0,331.60014000704285,1.301980198019801,straight,-1,inf,inf,False,16.182191780822492,8.081095890411246,8.101095890411248,2.518904109589329
3618,25.48795208,51.45044403,10.4,3.618,3618.0,331.6001415469606,1.3415841584158406,straight,-1,inf,inf,False,16.175342465754,8.067671232877,8.107671232877,2.532328767123576
3619,25.48796001,51.45043928,10.4,3.619,3619.0,331.51940787017065,1.3787128712871333,straight,-1,inf,inf,False,16.175342465754,8.067671232877,8.107671232877,2.532328767123576
3620,25.48796793,51.45043452,10.4,3.62,3620.0,331.7313027233418,1.415841584158417,straight,-1,inf,inf,False,16.175342465754,8.067671232877,8.107671232877,2.532328767123576
3621,25.48797587,51.45042979,10.5,3.621,3621.0,331.6808009907408,1.4504950495049496,straight,-1,inf,inf,False,16.175342465754,8.067671232877,8.107671232877,2.532328767123576
3622,25.48798381,51.45042505,10.5,3.622,3622.0,331.7313058810807,1.4851485148514865,straight,-1,inf,inf,False,16.175342465754,8.067671232877,8.107671232877,2.532328767123576
3623,25.48799175,51.45042032,10.5,3.623,3623.0,331.811894070814,1.5148514851485162,straight,-1,inf,inf,False,16.268493150685508,8.154246575342755,8.114246575342754,2.5457534246578226
3624,25.4879997,51.4504156,10.5,3.624,3624.0,331.7818602457222,1.544554455445546,straight,-1,inf,inf,False,16.268493150685508,8.154246575342755,8.114246575342754,2.5457534246578226
3625,25.48800764,51.45041088,10.5,3.625,3625.0,331.8118972342008,1.5693069306930727,straight,-1,inf,inf,False,16.268493150685508,8.154246575342755,8.114246575342754,2.5457534246578226
3626,25.48801559,51.45040616,10.5,3.626,3626.0,331.7818633922013,1.5915841584158394,straight,-1,inf,inf,False,16.268493150685508,8.154246575342755,8.114246575342754,2.5457534246578226
3627,25.48802353,51.45040144,10.6,3.627,3627.0,331.8119003785024,1.6138613861386153,straight,-1,inf,inf,False,16.268493150685508,8.154246575342755,8.114246575342754,2.5457534246578226
3628,25.48803148,51.45039672,10.6,3.628,3628.0,331.8119019885672,1.631188118811879,straight,-1,inf,inf,False,16.261643835617015,8.140821917808509,8.120821917808508,2.5591780821920698
3629,25.48803943,51.450392,10.6,3.629,3629.0,331.86246736841736,1.646039603960401,straight,-1,inf,inf,False,16.261643835617015,8.140821917808509,8.120821917808508,2.5591780821920698
3630,25.48804738,51.45038729,10.6,3.63,3630.0,331.91308048889726,1.658415841584158,straight,-1,inf,inf,False,16.261643835617015,8.140821917808509,8.120821917808508,2.5591780821920698
3631,25.48805533,51.45038259,10.6,3.631,3631.0,331.9936121292964,1.6683168316831718,straight,-1,inf,inf,False,16.261643835617015,8.140821917808509,8.120821917808508,2.5591780821920698
3632,25.48806329,51.4503779,10.7,3.632,3632.0,331.91308369053314,1.6757425742574217,straight,-1,inf,inf,False,16.261643835617015,8.140821917808509,8.120821917808508,2.5591780821920698
3633,25.48807124,51.4503732,10.7,3.633,3633.0,331.9429914437955,1.683168316831689,straight,-1,inf,inf,False,16.254794520548522,8.127397260274261,8.127397260274261,2.5726027397263165
3634,25.4880792,51.4503685,10.7,3.634,3634.0,331.9429929354958,1.6881188118811876,straight,-1,inf,inf,False,16.254794520548522,8.127397260274261,8.127397260274261,2.5726027397263165
3635,25.48808716,51.4503638,10.7,3.635,3635.0,331.91308840758165,1.6905940594059385,straight,-1,inf,inf,False,16.254794520548522,8.127397260274261,8.127397260274261,2.5726027397263165
3636,25.48809511,51.4503591,10.7,3.636,3636.0,331.73132801314864,1.6905940594059385,straight,-1,inf,inf,False,16.254794520548522,8.127397260274261,8.127397260274261,2.5726027397263165
3637,25.48810305,51.45035437,10.8,3.637,3637.0,331.73132955031156,1.6881188118811916,straight,-1,inf,inf,False,16.254794520548522,8.127397260274261,8.127397260274261,2.5726027397263165
3638,25.48811099,51.45034964,10.8,3.638,3638.0,331.8624815776256,1.6856435643564407,straight,-1,inf,inf,False,16.24794520548003,8.113972602740015,8.133972602740016,2.586027397260563
3639,25.48811894,51.45034493,10.8,3.639,3639.0,331.86248312151304,1.6831683168316847,straight,-1,inf,inf,False,16.24794520548003,8.113972602740015,8.133972602740016,2.586027397260563
3640,25.48812689,51.45034022,10.8,3.64,3640.0,331.8119209351243,1.6806930693069333,straight,-1,inf,inf,False,16.24794520548003,8.113972602740015,8.133972602740016,2.586027397260563
3641,25.48813484,51.4503355,10.9,3.641,3641.0,331.46901404064175,1.6732673267326748,straight,-1,inf,inf,False,16.24794520548003,8.113972602740015,8.133972602740016,2.586027397260563
3642,25.48814276,51.45033073,10.9,3.642,3642.0,331.33784691683655,1.6658415841584162,straight,-1,inf,inf,False,16.24794520548003,8.113972602740015,8.133972602740016,2.586027397260563
3643,25.48815067,51.45032594,10.9,3.643,3643.0,331.4690172394411,1.6584158415841619,straight,-1,inf,inf,False,16.241095890411536,8.110547945205768,8.130547945205768,2.5894520547948097
3644,25.48815859,51.45032117,10.9,3.644,3644.0,331.8624910237417,1.6509900990099036,straight,-1,inf,inf,False,16.241095890411536,8.110547945205768,8.130547945205768,2.5894520547948097
3645,25.48816654,51.45031646,10.9,3.645,3645.0,331.86249251638804,1.6435643564356406,straight,-1,inf,inf,False,16.241095890411536,8.110547945205768,8.130547945205768,2.5894520547948097
3646,25.48817449,51.45031175,10.9,3.646,3646.0,331.54974384256406,1.6311881188118837,straight,-1,inf,inf,False,16.241095890411536,8.110547945205768,8.130547945205768,2.5894520547948097
3647,25.48818242,51.45030699,10.9,3.647,3647.0,331.20668288286794,1.6188118811881183,straight,-1,inf,inf,False,16.241095890411536,8.110547945205768,8.130547945205768,2.5894520547948097
3648,25.48819032,51.45030218,11.0,3.648,3648.0,331.25698860540587,1.6064356435643568,straight,-1,inf,inf,False,16.241095890411536,8.110547945205768,8.130547945205768,2.5894520547948097
3649,25.48819822,51.45029738,11.0,3.649,3649.0,331.4993544429105,1.5940594059406,straight,-1,inf,inf,False,16.334246575343045,8.137123287671523,8.197123287671523,2.6628767123290573
3650,25.48820615,51.45029261,11.0,3.65,3650.0,331.5194570629157,1.5816831683168342,straight,-1,inf,inf,False,16.334246575343045,8.137123287671523,8.197123287671523,2.6628767123290573
3651,25.48821407,51.45028785,11.0,3.651,3651.0,331.7313516685218,1.5693069306930687,straight,-1,inf,inf,False,16.334246575343045,8.137123287671523,8.197123287671523,2.6628767123290573
3652,25.48822201,51.45028312,11.0,3.652,3652.0,331.8625035358535,1.5544554455445558,straight,-1,inf,inf,False,16.334246575343045,8.137123287671523,8.197123287671523,2.6628767123290573
3653,25.48822996,51.45027841,11.0,3.653,3653.0,331.8625050988128,1.5396039603960432,straight,-1,inf,inf,False,16.22739726027455,8.103698630137275,8.123698630137277,2.596301369863303
3654,25.48823791,51.4502737,11.0,3.654,3654.0,331.9936482333473,1.524752475247526,straight,-1,inf,inf,False,16.22739726027455,8.103698630137275,8.123698630137277,2.596301369863303
3655,25.48824587,51.45026901,11.1,3.655,3655.0,331.9430259665216,1.509900990099009,straight,-1,inf,inf,False,16.22739726027455,8.103698630137275,8.123698630137277,2.596301369863303
3656,25.48825383,51.45026431,11.1,3.656,3656.0,331.4690378442268,1.4950495049504964,straight,-1,inf,inf,False,16.22739726027455,8.103698630137275,8.123698630137277,2.596301369863303
3657,25.48826175,51.45025954,11.1,3.657,3657.0,331.4690394799761,1.4876872302614914,straight,-1,inf,inf,False,16.22739726027455,8.103698630137275,8.123698630137277,2.596301369863303
3658,25.48826967,51.45025477,11.2,3.658,3658.0,331.9430306474582,1.479937467430955,straight,-1,inf,inf,False,16.920547945206067,8.810273972603039,8.110273972603029,2.5897260273975493
3659,25.48827763,51.45025007,11.2,3.659,3659.0,331.99365600970776,1.4717687985014707,straight,-1,inf,inf,False,16.920547945206067,8.810273972603039,8.110273972603029,2.5897260273975493
3660,25.48828559,51.45024538,11.2,3.66,3660.0,331.5194729268849,1.4631463146314645,straight,-1,inf,inf,False,16.920547945206067,8.810273972603039,8.110273972603029,2.5897260273975493
3661,25.48829351,51.45024062,11.3,3.661,3661.0,331.54976757655766,1.4540311173974578,straight,-1,inf,inf,False,16.920547945206067,8.810273972603039,8.110273972603029,2.5897260273975493
3662,25.48830144,51.45023586,11.3,3.662,3662.0,331.469047419867,1.4443797320908573,straight,-1,inf,inf,False,16.920547945206067,8.810273972603039,8.110273972603029,2.5897260273975493
3663,25.48830936,51.45023109,11.3,3.663,3663.0,331.7313705658744,1.4371437143714396,straight,-1,inf,inf,False,15.513698630137554,7.426849315068773,8.08684931506878,2.573150684931796
3664,25.4883173,51.45022636,11.4,3.664,3664.0,331.8625224877425,1.429455445544553,straight,-1,inf,inf,False,15.513698630137554,7.426849315068773,8.08684931506878,2.573150684931796
3665,25.48832525,51.45022165,11.4,3.665,3665.0,331.4186716446762,1.4212711593740017,straight,-1,inf,inf,False,15.513698630137554,7.426849315068773,8.08684931506878,2.573150684931796
3666,25.48833317,51.45021687,11.4,3.666,3666.0,331.73137536142144,1.4125412541254136,straight,-1,inf,inf,False,15.513698630137554,7.426849315068773,8.08684931506878,2.573150684931796
3667,25.48834111,51.45021214,11.5,3.667,3667.0,332.43787369600443,1.4032092864458887,straight,-1,inf,inf,False,15.513698630137554,7.426849315068773,8.08684931506878,2.573150684931796
3668,25.4883491,51.45020752,11.5,3.668,3668.0,331.3378883583395,1.3932107496463977,straight,-1,inf,inf,False,16.10684931506907,8.030136986301656,8.07671232876741,2.5698630136989182
3669,25.48835701,51.45020273,11.5,3.669,3669.0,331.6002223010918,1.386138613861384,straight,-1,inf,inf,False,16.10684931506907,8.030136986301656,8.07671232876741,2.5698630136989182
3670,25.48836494,51.45019798,11.5,3.67,3670.0,331.73138166940936,1.3785224676313832,straight,-1,inf,inf,False,16.10684931506907,8.030136986301656,8.07671232876741,2.5698630136989182
3671,25.48837288,51.45019325,11.6,3.671,3671.0,331.86253346472347,1.370297029702968,straight,-1,inf,inf,False,16.10684931506907,8.030136986301656,8.07671232876741,2.5698630136989182
3672,25.48838083,51.45018854,11.6,3.672,3672.0,332.20518494373675,1.3613861386138661,straight,-1,inf,inf,False,16.10684931506907,8.030136986301656,8.07671232876741,2.5698630136989182
3673,25.48838881,51.45018388,11.6,3.673,3673.0,333.2245113464829,1.3517003874300448,straight,-1,inf,inf,False,16.700000000000237,8.508333333333454,8.191666666666784,2.591666666667129
3674,25.48839686,51.45017938,11.6,3.674,3674.0,333.7203649529898,1.3411341134113464,straight,-1,inf,inf,False,16.700000000000237,8.508333333333454,8.191666666666784,2.591666666667129
3675,25.48840494,51.45017496,11.6,3.675,3675.0,336.6393322476431,1.3342762847713376,straight,-1,inf,inf,False,16.700000000000237,8.508333333333454,8.191666666666784,2.591666666667129
3676,25.48841238,51.4501714,11.7,3.676,3676.0,336.6393322476431,1.326732673267328,straight,-1,inf,inf,False,16.700000000000237,8.508333333333454,8.191666666666784,2.591666666667129
