ticker,entity,category,base_dt,close,return_1d,return_1w,return_1m,return_3m,return_6m,return_1y,return_ytd
ARCC,Ares BDC,BDC,2026-01-02,20.44,1.04,2.2,-0.97,0.25,-8.79,,0.0
ARCC,Ares BDC,BDC,2026-01-05,20.73,1.42,2.62,-0.43,2.88,-7.17,,1.42
ARCC,Ares BDC,BDC,2026-01-06,20.59,-0.68,2.08,-1.58,2.34,-8.16,,0.73
ARCC,Ares BDC,BDC,2026-01-07,20.18,-1.99,-0.54,-4.0,1.61,-10.39,,-1.27
ARCC,Ares BDC,BDC,2026-01-08,20.78,2.97,2.72,-1.14,5.64,-8.78,,1.66
ARCC,Ares BDC,BDC,2026-01-09,20.64,-0.67,0.98,-1.71,8.06,-9.63,,0.98
ARCC,Ares BDC,BDC,2026-01-12,20.52,-0.58,-1.01,-2.43,8.57,-10.24,,0.39
ARCC,Ares BDC,BDC,2026-01-13,20.48,-0.19,-0.53,-1.87,5.08,-9.98,,0.2
ARCC,Ares BDC,BDC,2026-01-14,20.88,1.95,3.47,0.14,4.71,-9.45,,2.15
ARCC,Ares BDC,BDC,2026-01-15,20.99,0.53,1.01,3.35,4.69,-9.72,,2.69
ARCC,Ares BDC,BDC,2026-01-16,20.9,-0.43,1.26,3.77,7.01,-9.95,,2.25
ARCC,Ares BDC,BDC,2026-01-20,20.64,-1.24,0.58,2.23,5.79,-9.55,,0.98
ARCC,Ares BDC,BDC,2026-01-21,20.98,1.65,2.44,4.17,7.04,-8.62,,2.64
ARCC,Ares BDC,BDC,2026-01-22,20.9,-0.38,0.1,4.81,4.97,-9.41,,2.25
ARCC,Ares BDC,BDC,2026-01-23,20.78,-0.57,-1.0,4.37,4.11,-9.77,,1.66
ARCC,Ares BDC,BDC,2026-01-26,20.35,-2.07,-2.63,2.16,2.06,-11.94,,-0.44
ARCC,Ares BDC,BDC,2026-01-27,20.29,-0.29,-1.7,1.45,1.05,-10.62,,-0.73
ARCC,Ares BDC,BDC,2026-01-28,20.19,-0.49,-3.77,-0.05,-0.64,-10.43,,-1.22
ARCC,Ares BDC,BDC,2026-01-29,20.16,-0.15,-3.54,-0.05,-1.99,-10.91,,-1.37
ARCC,Ares BDC,BDC,2026-01-30,19.89,-1.34,-4.28,-1.97,-3.49,-12.11,,-2.69
ARCC,Ares BDC,BDC,2026-02-02,19.52,-1.86,-4.08,-3.51,-3.13,-12.82,,-4.5
ARCC,Ares BDC,BDC,2026-02-03,19.13,-2.0,-5.72,-6.41,-6.0,-14.6,,-6.41
ARCC,Ares BDC,BDC,2026-02-04,19.56,2.25,-3.12,-5.64,-4.16,-12.99,,-4.31
ARCC,Ares BDC,BDC,2026-02-05,18.79,-3.94,-6.8,-8.74,-7.3,-16.3,,-8.07
ARCC,Ares BDC,BDC,2026-02-06,19.31,2.77,-2.92,-4.31,-5.25,-13.76,,-5.53
ARCC,Ares BDC,BDC,2026-02-09,19.48,0.88,-0.2,-6.26,-2.6,-13.65,,-4.7
ARCC,Ares BDC,BDC,2026-02-10,19.96,2.46,4.34,-3.29,-1.19,-11.09,,-2.35
ARCC,Ares BDC,BDC,2026-02-11,19.91,-0.25,1.79,-2.97,-1.87,-11.39,,-2.59
ARCC,Ares BDC,BDC,2026-02-12,19.47,-2.21,3.62,-4.93,-4.14,-14.19,,-4.75
ARCC,Ares BDC,BDC,2026-02-13,19.37,-0.51,0.31,-7.23,-4.96,-14.52,,-5.23
ARCC,Ares BDC,BDC,2026-02-17,19.3,-0.36,-0.92,-8.05,-4.88,-13.88,,-5.58
ARCC,Ares BDC,BDC,2026-02-18,19.41,0.57,-2.76,-7.13,-3.96,-13.39,,-5.04
ARCC,Ares BDC,BDC,2026-02-19,18.95,-2.37,-4.82,-8.19,-3.71,-15.36,,-7.29
ARCC,Ares BDC,BDC,2026-02-20,19.15,1.06,-1.64,-8.72,-1.9,-14.09,,-6.31
ARCC,Ares BDC,BDC,2026-02-23,19.05,-0.52,-1.65,-8.85,-2.46,-14.42,,-6.8
ARCC,Ares BDC,BDC,2026-02-24,19.18,0.68,-0.62,-7.7,-1.74,-14.07,,-6.16
ARCC,Ares BDC,BDC,2026-02-25,19.51,1.72,0.52,-4.13,-1.66,-11.64,,-4.55
ARCC,Ares BDC,BDC,2026-02-26,19.28,-1.18,1.74,-4.98,-4.32,-13.35,,-5.68
ARCC,Ares BDC,BDC,2026-02-27,18.62,-3.42,-2.77,-7.78,-8.46,-16.54,,-8.9
ARCC,Ares BDC,BDC,2026-03-02,18.98,1.93,-0.37,-5.85,-7.46,-14.7,,-7.14
ARCC,Ares BDC,BDC,2026-03-03,18.95,-0.16,-1.2,-4.73,-8.1,-15.4,,-7.29
ARCC,Ares BDC,BDC,2026-03-04,19.13,0.95,-1.95,-2.0,-7.05,-14.29,,-6.41
ARCC,Ares BDC,BDC,2026-03-05,19.0,-0.68,-1.45,-0.68,-7.95,-14.87,,-7.05
ARCC,Ares BDC,BDC,2026-03-06,18.74,-1.37,0.64,-4.19,-9.99,-16.23,,-8.32
ARCC,Ares BDC,BDC,2026-03-09,18.69,-0.27,-1.53,-0.53,-10.66,-16.71,,-8.56
ARCC,Ares BDC,BDC,2026-03-10,18.49,-1.07,-2.43,-4.25,-12.04,-17.79,,-9.54
ARCC,Ares BDC,BDC,2026-03-11,18.49,0.0,-3.35,-5.08,-12.04,-16.86,,-9.54
ARCC,Ares BDC,BDC,2026-03-12,18.07,-2.27,-4.89,-9.47,-13.95,-19.15,,-11.59
ARCC,Ares BDC,BDC,2026-03-13,17.86,-1.16,-4.7,-10.3,-15.07,-20.27,,-12.62
ARCC,Ares BDC,BDC,2026-03-16,17.94,0.45,-4.01,-7.86,-14.04,-19.55,,-12.23
ARCC,Ares BDC,BDC,2026-03-17,18.44,2.79,-0.27,-4.8,-11.56,-13.47,,-9.78
ARCC,Ares BDC,BDC,2026-03-18,18.28,-0.87,-1.14,-5.28,-10.0,-13.61,,-10.57
ARCC,Ares BDC,BDC,2026-03-19,18.19,-0.49,0.66,-6.29,-9.68,-13.75,,-11.01
ARCC,Ares BDC,BDC,2026-03-20,17.96,-1.26,0.56,-5.22,-11.05,-16.15,,-12.13
ARCC,Ares BDC,BDC,2026-03-23,18.28,1.78,1.9,-4.54,-9.24,-15.21,,-10.57
ARCC,Ares BDC,BDC,2026-03-24,17.96,-1.75,-2.6,-5.72,-9.93,-14.23,,-12.13
ARCC,Ares BDC,BDC,2026-03-25,18.06,0.56,-1.2,-5.84,-9.29,-13.01,,-11.64
ARCC,Ares BDC,BDC,2026-03-26,17.92,-0.78,-1.48,-8.15,-10.04,-12.29,,-12.33
ARCC,Ares BDC,BDC,2026-03-27,17.45,-2.62,-2.84,-9.49,-12.75,-15.13,,-14.63
ARCC,Ares BDC,BDC,2026-03-30,17.74,1.66,-2.95,-4.73,-12.18,-13.29,,-13.21
ARCC,Ares BDC,BDC,2026-03-31,18.02,1.58,0.33,-5.06,-10.66,-11.84,,-11.84
ARCC,Ares BDC,BDC,2026-04-01,17.73,-1.61,-1.83,-6.44,-12.62,-13.13,,-13.26
ARCC,Ares BDC,BDC,2026-04-02,18.09,2.03,0.95,-5.44,-10.58,-10.13,,-11.5
ARCC,Ares BDC,BDC,2026-04-06,18.3,1.16,4.87,-3.68,-10.47,-10.25,,-10.47
ARCC,Ares BDC,BDC,2026-04-07,18.05,-1.37,1.75,-3.68,-12.93,-10.42,,-11.69
ARCC,Ares BDC,BDC,2026-04-08,18.17,0.66,0.83,-2.78,-11.75,-9.69,,-11.11
ARCC,Ares BDC,BDC,2026-04-09,18.01,-0.88,1.58,-2.6,-10.75,-9.32,,-11.89
ARCC,Ares BDC,BDC,2026-04-10,18.09,0.44,0.0,-2.16,-12.95,-8.03,,-11.5
ARCC,Ares BDC,BDC,2026-04-13,18.19,0.55,-0.6,0.66,-11.87,-4.76,,-11.01
ARCC,Ares BDC,BDC,2026-04-14,18.63,2.42,3.21,4.31,-9.21,-1.43,,-8.86
ARCC,Ares BDC,BDC,2026-04-15,18.97,1.83,4.4,5.74,-7.37,-2.67,,-7.19
ARCC,Ares BDC,BDC,2026-04-16,18.78,-1.0,4.28,1.84,-10.06,-5.82,,-8.12
ARCC,Ares BDC,BDC,2026-04-17,19.09,1.65,5.53,4.43,-9.05,-4.79,,-6.6
ARCC,Ares BDC,BDC,2026-04-20,19.12,0.16,5.11,5.11,-8.52,-2.1,,-6.46
ARCC,Ares BDC,BDC,2026-04-21,18.96,-0.84,1.77,5.57,-8.14,-2.82,,-7.24
ARCC,Ares BDC,BDC,2026-04-22,19.1,0.74,0.69,4.49,-8.96,-2.55,,-6.56
ARCC,Ares BDC,BDC,2026-04-23,18.62,-2.51,-0.85,3.67,-10.91,-6.48,,-8.9
ARCC,Ares BDC,BDC,2026-04-24,18.67,0.27,-2.2,3.38,-10.15,-6.46,,-8.66
ARCC,Ares BDC,BDC,2026-04-27,18.61,-0.32,-2.67,3.85,-8.55,-6.67,-11.8,-8.95
ARCC,Ares BDC,BDC,2026-04-28,18.92,1.67,-0.21,8.42,-6.75,-5.78,-10.37,-7.44
ARCC,Ares BDC,BDC,2026-04-29,18.67,-1.32,-2.25,5.24,-7.53,-8.12,-12.14,-8.66
ARCC,Ares BDC,BDC,2026-04-30,19.16,2.62,2.9,6.33,-4.96,-6.85,-7.31,-6.26
ARCC,Ares BDC,BDC,2026-05-01,19.25,0.47,3.11,8.57,-3.22,-6.6,-6.82,-5.82
ARCC,Ares BDC,BDC,2026-05-04,19.18,-0.36,3.06,6.03,-1.74,-4.81,-5.7,-6.16
ARCC,Ares BDC,BDC,2026-05-05,19.35,0.89,2.27,5.74,1.15,-4.91,-6.97,-5.33
ARCC,Ares BDC,BDC,2026-05-06,19.16,-0.98,2.62,6.15,-2.04,-6.12,-6.67,-6.26
ARCC,Ares BDC,BDC,2026-05-07,18.96,-1.04,-1.04,4.35,0.9,-6.46,-8.32,-7.24
ARCC,Ares BDC,BDC,2026-05-08,19.01,0.26,-1.25,5.55,-1.55,-6.72,-8.56,-7.0
ARCC,Ares BDC,BDC,2026-05-11,18.68,-1.74,-2.61,3.26,-4.11,-6.6,-11.05,-8.61
ARCC,Ares BDC,BDC,2026-05-12,18.77,0.48,-3.0,3.19,-5.96,-7.08,-10.87,-8.17
ARCC,Ares BDC,BDC,2026-05-13,18.78,0.05,-1.98,0.81,-5.68,-7.44,-13.02,-8.12
ARCC,Ares BDC,BDC,2026-05-14,18.94,0.85,-0.11,-0.16,-2.72,-6.75,-13.04,-7.34
ARCC,Ares BDC,BDC,2026-05-15,18.9,-0.21,-0.58,0.64,-2.43,-7.26,-12.62,-7.53
ARCC,Ares BDC,BDC,2026-05-18,18.72,-0.95,0.21,-1.94,-3.01,-7.74,-13.61,-8.41
ARCC,Ares BDC,BDC,2026-05-19,18.57,-0.8,-1.07,-2.88,-4.33,-8.11,-15.24,-9.15
ARCC,Ares BDC,BDC,2026-05-20,18.7,0.7,-0.43,-1.37,-1.32,-4.98,-14.65,-8.51
ARCC,Ares BDC,BDC,2026-05-21,18.74,0.21,-1.06,-1.88,-2.14,-4.0,-14.78,-8.32
ARCC,Ares BDC,BDC,2026-05-22,18.59,-0.8,-1.64,-0.16,-2.41,-4.81,-13.66,-9.05
ARCC,Ares BDC,BDC,2026-05-26,18.82,1.24,0.53,0.8,-1.88,-3.59,-12.55,-7.93
ARCC,Ares BDC,BDC,2026-05-27,18.86,0.21,1.56,1.34,-3.33,-4.94,-12.64,-7.73
ARCC,Ares BDC,BDC,2026-05-28,18.81,-0.27,0.59,-0.58,-2.44,-6.65,-14.38,-7.97
ARCC,Ares BDC,BDC,2026-05-29,18.99,0.96,1.33,1.71,1.99,-6.64,-13.64,-7.09
ARCC,Ares BDC,BDC,2026-06-01,19.07,0.42,2.58,-0.47,0.47,-7.02,-13.28,-6.7
ARCC,Ares BDC,BDC,2026-06-02,18.97,-0.52,0.8,-1.45,0.11,-8.0,-13.97,-7.19
ARCC,Ares BDC,BDC,2026-06-03,18.68,-1.53,-0.95,-2.61,-2.35,-9.23,-14.97,-8.61
ARCC,Ares BDC,BDC,2026-06-04,18.9,1.18,0.48,-2.33,-0.53,-8.43,-13.93,-7.53
ARCC,Ares BDC,BDC,2026-06-05,18.79,-0.58,-1.05,-1.93,0.27,-9.75,-14.32,-8.07
ARCC,Ares BDC,BDC,2026-06-08,18.77,-0.11,-1.57,-1.0,0.43,-10.28,-14.49,-8.17
ARCC,Ares BDC,BDC,2026-06-09,19.03,1.39,0.32,0.11,2.92,-9.47,-14.24,-6.9
ARCC,Ares BDC,BDC,2026-06-10,19.04,0.05,1.93,1.93,2.97,-9.42,-14.27,-6.85
ARCC,Ares BDC,BDC,2026-06-11,19.07,0.16,0.9,1.6,5.53,-9.19,-14.64,-6.7
ARCC,Ares BDC,BDC,2026-06-12,19.26,1.0,2.5,2.56,7.84,-8.42,-14.13,-5.77
ARCC,Ares BDC,BDC,2026-06-15,18.62,-3.32,-0.8,-1.69,3.79,-10.78,-16.43,-8.9
ARCC,Ares BDC,BDC,2026-06-16,18.62,0.0,-2.15,-1.48,0.98,-10.7,-13.52,-8.9
ARCC,Ares BDC,BDC,2026-06-17,18.1,-2.79,-4.94,-3.31,-0.98,-10.88,-15.1,-11.45
ARCC,Ares BDC,BDC,2026-06-18,18.03,-0.39,-5.45,-2.91,-0.88,-10.48,-15.43,-11.79
ARCC,Ares BDC,BDC,2026-06-22,17.84,-1.05,-7.37,-4.6,-0.67,-11.64,-17.06,-12.72
ARCC,Ares BDC,BDC,2026-06-23,17.89,0.28,-3.92,-4.54,-2.13,-11.17,-16.75,-12.48
ARCC,Ares BDC,BDC,2026-06-24,17.85,-0.22,-4.14,-3.98,-0.61,-10.48,-16.86,-12.67
ARCC,Ares BDC,BDC,2026-06-25,17.885,0.2,-1.19,-4.97,-0.97,-10.17,-16.89,-12.5
ARCC,Ares BDC,BDC,2026-06-26,18.19,1.71,0.89,-3.55,1.51,-8.68,-15.63,-11.01
ARCC,Ares BDC,BDC,2026-06-29,18.51,1.76,3.76,-1.59,6.07,-7.45,-14.9,-9.44
ARCC,Ares BDC,BDC,2026-06-30,18.53,0.11,3.58,-2.42,4.45,-8.27,-15.58,-9.34
ARCC,Ares BDC,BDC,2026-07-01,18.66,0.7,4.54,-2.15,3.55,-7.49,-15.03,-8.71
ARCC,Ares BDC,BDC,2026-07-02,18.73,0.38,4.72,-1.27,5.64,-7.69,-15.06,-8.37
ARCC,Ares BDC,BDC,2026-07-06,18.56,-0.91,2.03,-0.64,2.6,-8.26,-16.62,-9.2
ARCC,Ares BDC,BDC,2026-07-07,18.47,-0.48,-0.22,-2.28,0.93,-9.64,-17.58,-9.64
ARCC,Ares BDC,BDC,2026-07-08,18.38,-0.49,-0.81,-2.18,1.83,-11.34,-17.69,-10.08
ARCC,Ares BDC,BDC,2026-07-09,18.41,0.16,-1.34,-1.92,1.32,-10.59,-17.89,-9.93
ARCC,Ares BDC,BDC,2026-07-10,18.78,2.01,0.27,-1.31,4.28,-6.94,-16.61,-8.12
ARCC,Ares BDC,BDC,2026-07-13,18.64,-0.75,0.43,-2.1,3.04,-10.3,-18.17,-8.81
ARCC,Ares BDC,BDC,2026-07-14,18.79,0.8,1.73,-1.47,3.3,-8.96,-17.73,-8.07
ARCC,Ares BDC,BDC,2026-07-15,18.92,0.69,2.94,-1.77,1.56,-7.8,-17.24,-7.44
ARCC,Ares BDC,BDC,2026-07-16,19.21,1.53,4.35,3.17,1.27,-6.2,-15.56,-6.02
ARCC,Ares BDC,BDC,2026-07-17,19.17,-0.21,2.08,2.95,2.08,-8.19,-16.87,-6.21
ARCC,Ares BDC,BDC,2026-07-20,18.98,-0.99,1.82,4.86,-0.58,-9.58,-18.37,-7.14
ARCC,Ares BDC,BDC,2026-07-21,18.95,-0.16,0.85,5.1,-0.89,-9.33,-18.35,-7.29
ARCC,Ares BDC,BDC,2026-07-22,18.86,-0.47,-0.32,5.72,-0.53,-8.62,-17.35,-7.73
ARCC,Ares BDC,BDC,2026-07-23,18.61,-1.33,-3.12,4.02,-2.57,-11.3,-18.95,-8.95
ARCC,Ares BDC,BDC,2026-07-24,18.78,0.91,-2.03,5.21,0.86,-10.14,-18.6,-8.12
ARCC,Ares BDC,BDC,2026-07-27,18.89,0.59,-0.47,5.62,1.18,-9.1,-17.98,-7.58
ARCC,Ares BDC,BDC,2026-07-28,19.04,0.79,0.47,4.67,2.31,-6.44,-17.61,-6.85
ARCC,Ares BDC,BDC,2026-07-29,18.71,-1.73,-0.8,1.08,-1.11,-7.79,-17.58,-8.46
ARCC,Ares BDC,BDC,2026-07-30,18.83,0.64,1.18,1.62,0.86,-6.74,-16.46,-7.88
ARCC,Ares BDC,BDC,2026-07-31,18.76,-0.37,-0.11,0.54,-2.09,-6.94,-17.1,-8.22
ARCC,Ares BDC,BDC,2026-08-03,19.17,2.19,1.48,2.35,-0.42,-3.62,-15.29,-6.21
ARCC,Ares BDC,BDC,2026-08-04,19.65,2.5,3.2,5.87,2.45,0.67,-12.24,-3.86
ARCC,Ares BDC,BDC,2026-08-05,19.32,-1.68,3.26,4.6,-0.16,0.99,-13.75,-5.48
ARCC,Ares BDC,BDC,2026-08-06,19.62,1.55,4.2,6.75,2.4,0.31,-12.72,-4.01
ARCC,Ares BDC,BDC,2026-08-07,20.01,1.99,6.66,8.69,5.54,6.49,-10.87,-2.1
ARCC,Ares BDC,BDC,2026-08-10,19.98,-0.15,4.23,6.39,5.1,3.47,-10.76,-2.25
ARCC,Ares BDC,BDC,2026-08-11,19.97,-0.05,1.63,7.14,6.91,2.52,-11.48,-2.3
ARCC,Ares BDC,BDC,2026-08-12,19.87,-0.5,2.85,5.75,5.86,-0.45,-11.49,-2.79
ARCC,Ares BDC,BDC,2026-08-13,20.19,1.61,2.91,6.71,7.51,1.41,-10.15,-1.22
ARCC,Ares BDC,BDC,2026-08-14,19.87,-1.58,-0.7,3.44,4.91,2.05,-12.43,-2.79
ARCC,Ares BDC,BDC,2026-08-17,19.64,-1.16,-1.7,2.45,3.92,1.39,-13.33,-3.91
ARCC,Ares BDC,BDC,2026-08-18,19.67,0.15,-1.5,3.64,5.07,1.92,-12.23,-3.77
ARCC,Ares BDC,BDC,2026-08-19,19.8,0.66,-0.35,4.49,6.62,2.01,-11.65,-3.13
ARCC,Ares BDC,BDC,2026-08-20,19.78,-0.1,-2.03,4.88,5.78,4.38,-11.66,-3.23
ARCC,Ares BDC,BDC,2026-08-21,19.92,0.71,0.25,7.04,6.3,4.02,-10.63,-2.54
ARCC,Ares BDC,BDC,2026-08-24,20.05,0.65,2.09,6.76,7.85,5.25,-9.93,-1.91
ARCC,Ares BDC,BDC,2026-08-25,19.93,-0.6,1.32,5.51,5.9,3.91,-10.71,-2.5
ARCC,Ares BDC,BDC,2026-08-26,19.9,-0.15,0.51,4.52,5.51,2.0,-9.87,-2.64
ARCC,Ares BDC,BDC,2026-08-27,19.88,-0.1,0.51,6.25,5.69,3.11,-10.65,-2.74
ARCC,Ares BDC,BDC,2026-08-28,19.915,0.18,-0.03,5.76,4.87,6.95,-10.74,-2.57
BXSL,Blackstone BDC,BDC,2026-01-02,26.58,0.95,-1.85,-3.13,0.0,-14.81,,0.0
BXSL,Blackstone BDC,BDC,2026-01-05,26.98,1.5,-0.95,-3.95,2.2,-12.8,,1.5
BXSL,Blackstone BDC,BDC,2026-01-06,26.57,-1.52,-2.03,-5.98,2.04,-14.4,,-0.04
BXSL,Blackstone BDC,BDC,2026-01-07,25.56,-3.8,-6.03,-9.71,-0.74,-17.84,,-3.84
BXSL,Blackstone BDC,BDC,2026-01-08,26.35,3.09,0.08,-6.79,1.62,-16.51,,-0.87
BXSL,Blackstone BDC,BDC,2026-01-09,26.28,-0.27,-1.13,-7.43,3.91,-17.1,,-1.13
BXSL,Blackstone BDC,BDC,2026-01-12,26.07,-0.8,-3.37,-8.01,4.2,-18.25,,-1.92
BXSL,Blackstone BDC,BDC,2026-01-13,25.8,-1.04,-2.9,-8.12,-0.73,-19.15,,-2.93
BXSL,Blackstone BDC,BDC,2026-01-14,26.2,1.55,2.5,-6.99,-0.8,-19.21,,-1.43
BXSL,Blackstone BDC,BDC,2026-01-15,26.37,0.65,0.08,-6.19,-0.34,-18.74,,-0.79
BXSL,Blackstone BDC,BDC,2026-01-16,26.51,0.53,0.88,-4.78,2.08,-18.13,,-0.26
BXSL,Blackstone BDC,BDC,2026-01-20,26.08,-1.62,0.04,-5.98,0.46,-18.4,,-1.88
BXSL,Blackstone BDC,BDC,2026-01-21,26.46,1.46,2.56,-3.82,1.97,-17.88,,-0.45
BXSL,Blackstone BDC,BDC,2026-01-22,26.69,0.87,1.87,-2.48,0.95,-18.0,,0.41
BXSL,Blackstone BDC,BDC,2026-01-23,26.11,-2.17,-0.99,-3.69,-1.1,-19.51,,-1.77
BXSL,Blackstone BDC,BDC,2026-01-26,26.03,-0.31,-1.81,-3.31,-2.07,-19.78,,-2.07
BXSL,Blackstone BDC,BDC,2026-01-27,26.26,0.88,0.69,-3.03,-2.01,-17.86,,-1.2
BXSL,Blackstone BDC,BDC,2026-01-28,26.04,-0.84,-1.59,-4.41,-3.59,-18.5,,-2.03
BXSL,Blackstone BDC,BDC,2026-01-29,25.94,-0.38,-2.81,-4.35,-4.49,-18.4,,-2.41
BXSL,Blackstone BDC,BDC,2026-01-30,25.66,-1.08,-1.72,-5.66,-5.07,-18.67,,-3.46
BXSL,Blackstone BDC,BDC,2026-02-02,25.1,-2.18,-3.57,-4.67,-4.89,-19.53,,-5.57
BXSL,Blackstone BDC,BDC,2026-02-03,24.49,-2.43,-6.74,-7.86,-7.38,-21.15,,-7.86
BXSL,Blackstone BDC,BDC,2026-02-04,24.92,1.76,-4.3,-7.64,-5.68,-20.03,,-6.25
BXSL,Blackstone BDC,BDC,2026-02-05,24.54,-1.52,-5.4,-7.64,-6.41,-18.71,,-7.67
BXSL,Blackstone BDC,BDC,2026-02-06,24.89,1.43,-3.0,-2.62,-4.78,-17.36,,-6.36
BXSL,Blackstone BDC,BDC,2026-02-09,25.2,1.25,0.4,-4.36,-2.93,-17.49,,-5.19
BXSL,Blackstone BDC,BDC,2026-02-10,25.67,1.87,4.82,-2.32,-3.1,-15.39,,-3.42
BXSL,Blackstone BDC,BDC,2026-02-11,25.28,-1.52,1.44,-3.03,-4.96,-16.1,,-4.89
BXSL,Blackstone BDC,BDC,2026-02-12,25.12,-0.63,2.36,-2.64,-5.74,-16.71,,-5.49
BXSL,Blackstone BDC,BDC,2026-02-13,24.62,-1.99,-1.08,-6.03,-8.03,-17.8,,-7.37
BXSL,Blackstone BDC,BDC,2026-02-17,24.23,-1.58,-3.85,-8.12,-8.98,-18.69,,-8.84
BXSL,Blackstone BDC,BDC,2026-02-18,24.53,1.24,-4.44,-7.47,-7.99,-17.96,,-7.71
BXSL,Blackstone BDC,BDC,2026-02-19,23.91,-2.53,-5.42,-8.32,-8.78,-20.51,,-10.05
BXSL,Blackstone BDC,BDC,2026-02-20,23.71,-0.84,-5.61,-10.39,-9.81,-20.83,,-10.8
BXSL,Blackstone BDC,BDC,2026-02-23,23.57,-0.59,-4.26,-11.69,-10.41,-21.09,,-11.32
BXSL,Blackstone BDC,BDC,2026-02-24,23.84,1.15,-1.61,-8.69,-8.83,-20.48,,-10.31
BXSL,Blackstone BDC,BDC,2026-02-25,24.65,3.4,0.49,-5.3,-7.16,-16.69,,-7.26
BXSL,Blackstone BDC,BDC,2026-02-26,24.43,-0.89,2.17,-6.97,-9.08,-18.65,,-8.09
BXSL,Blackstone BDC,BDC,2026-02-27,23.88,-2.25,0.72,-8.29,-12.33,-19.97,,-10.16
BXSL,Blackstone BDC,BDC,2026-03-02,24.19,1.3,2.63,-6.75,-12.0,-18.83,,-8.99
BXSL,Blackstone BDC,BDC,2026-03-03,24.33,0.58,2.06,-5.18,-11.82,-18.82,,-8.47
BXSL,Blackstone BDC,BDC,2026-03-04,24.4,0.29,-1.01,-2.79,-11.63,-17.54,,-8.2
BXSL,Blackstone BDC,BDC,2026-03-05,24.0,-1.64,-1.76,-2.0,-12.54,-18.37,,-9.71
BXSL,Blackstone BDC,BDC,2026-03-06,23.82,-0.75,-0.25,-4.41,-15.2,-19.25,,-10.38
BXSL,Blackstone BDC,BDC,2026-03-09,24.08,1.09,-0.45,-1.87,-14.79,-17.73,,-9.41
BXSL,Blackstone BDC,BDC,2026-03-10,23.96,-0.5,-1.52,-3.74,-15.37,-17.83,,-9.86
BXSL,Blackstone BDC,BDC,2026-03-11,23.99,0.13,-1.68,-4.8,-15.14,-17.25,,-9.74
BXSL,Blackstone BDC,BDC,2026-03-12,23.71,-1.17,-1.21,-7.64,-16.48,-17.59,,-10.8
BXSL,Blackstone BDC,BDC,2026-03-13,23.65,-0.25,-0.71,-6.45,-16.55,-17.85,,-11.02
BXSL,Blackstone BDC,BDC,2026-03-16,23.53,-0.51,-2.28,-6.33,-16.2,-17.7,,-11.47
BXSL,Blackstone BDC,BDC,2026-03-17,24.47,3.99,2.13,-0.61,-13.13,-11.85,,-7.94
BXSL,Blackstone BDC,BDC,2026-03-18,24.33,-0.57,1.42,0.41,-13.45,-11.66,,-8.47
BXSL,Blackstone BDC,BDC,2026-03-19,24.31,-0.08,2.53,-0.9,-12.68,-11.73,,-8.54
BXSL,Blackstone BDC,BDC,2026-03-20,23.76,-2.26,0.47,-0.63,-14.35,-15.38,,-10.61
BXSL,Blackstone BDC,BDC,2026-03-23,24.45,2.9,3.91,3.12,-11.12,-11.76,,-8.01
BXSL,Blackstone BDC,BDC,2026-03-24,24.09,-1.47,-1.55,2.21,-11.98,-11.69,,-9.37
BXSL,Blackstone BDC,BDC,2026-03-25,24.14,0.21,-0.78,1.26,-10.96,-11.51,,-9.18
BXSL,Blackstone BDC,BDC,2026-03-26,24.01,-0.54,-1.23,-2.6,-10.81,-11.3,,-9.67
BXSL,Blackstone BDC,BDC,2026-03-27,23.51,-2.08,-1.05,-3.77,-13.18,-13.91,,-11.55
BXSL,Blackstone BDC,BDC,2026-03-30,23.79,1.19,-2.7,-0.38,-12.67,-11.86,,-10.5
BXSL,Blackstone BDC,BDC,2026-03-31,23.69,-0.42,-1.66,-2.07,-12.65,-11.67,,-10.87
BXSL,Blackstone BDC,BDC,2026-04-01,23.33,-1.52,-3.36,-4.11,-14.23,-10.51,,-12.23
BXSL,Blackstone BDC,BDC,2026-04-02,23.77,1.89,-1.0,-2.58,-9.72,-8.58,,-10.57
BXSL,Blackstone BDC,BDC,2026-04-06,24.12,1.47,2.59,0.5,-9.26,-9.26,,-9.26
BXSL,Blackstone BDC,BDC,2026-04-07,23.7,-1.74,-0.38,-0.5,-12.16,-10.23,,-10.84
BXSL,Blackstone BDC,BDC,2026-04-08,23.11,-2.49,-2.45,-4.03,-13.02,-11.25,,-13.05
BXSL,Blackstone BDC,BDC,2026-04-09,22.98,-0.56,-1.5,-4.09,-10.09,-10.76,,-13.54
BXSL,Blackstone BDC,BDC,2026-04-10,23.13,0.65,-2.69,-3.58,-12.22,-10.8,,-12.98
BXSL,Blackstone BDC,BDC,2026-04-13,23.64,2.2,-1.99,-0.3,-10.05,-6.52,,-11.06
BXSL,Blackstone BDC,BDC,2026-04-14,24.14,2.12,1.86,2.07,-7.4,-3.52,,-9.18
BXSL,Blackstone BDC,BDC,2026-04-15,24.77,2.61,7.18,5.27,-3.99,-4.69,,-6.81
BXSL,Blackstone BDC,BDC,2026-04-16,24.54,-0.93,6.79,0.29,-6.34,-7.08,,-7.67
BXSL,Blackstone BDC,BDC,2026-04-17,24.67,0.53,6.66,1.4,-6.45,-6.76,,-7.19
BXSL,Blackstone BDC,BDC,2026-04-20,24.74,0.28,4.65,1.77,-6.68,-4.74,,-6.92
BXSL,Blackstone BDC,BDC,2026-04-21,24.17,-2.3,0.12,1.73,-7.32,-6.9,,-9.07
BXSL,Blackstone BDC,BDC,2026-04-22,24.15,-0.08,-2.5,-1.23,-8.73,-6.94,,-9.14
BXSL,Blackstone BDC,BDC,2026-04-23,23.72,-1.78,-3.34,-1.54,-11.13,-10.29,,-10.76
BXSL,Blackstone BDC,BDC,2026-04-24,23.4,-1.35,-5.15,-3.07,-10.38,-11.36,,-11.96
BXSL,Blackstone BDC,BDC,2026-04-27,23.78,1.62,-3.88,-0.96,-8.64,-10.53,-19.09,-10.53
BXSL,Blackstone BDC,BDC,2026-04-28,23.95,0.71,-0.91,1.87,-8.8,-10.63,-19.2,-9.89
BXSL,Blackstone BDC,BDC,2026-04-29,23.94,-0.04,-0.87,0.63,-8.06,-11.37,-19.77,-9.93
BXSL,Blackstone BDC,BDC,2026-04-30,24.8,3.59,4.55,4.69,-4.39,-8.69,-16.47,-6.7
BXSL,Blackstone BDC,BDC,2026-05-01,24.94,0.56,6.58,6.9,-2.81,-7.73,-14.88,-6.17
BXSL,Blackstone BDC,BDC,2026-05-04,24.72,-0.88,3.95,4.0,-1.51,-6.33,-14.82,-7.0
BXSL,Blackstone BDC,BDC,2026-05-05,24.94,0.89,4.13,3.4,1.84,-5.67,-15.89,-6.17
BXSL,Blackstone BDC,BDC,2026-05-06,24.55,-1.56,2.55,3.59,-1.48,-7.08,-16.61,-7.64
BXSL,Blackstone BDC,BDC,2026-05-07,24.36,-0.77,-1.77,5.41,-0.73,-7.09,-17.28,-8.35
BXSL,Blackstone BDC,BDC,2026-05-08,24.18,-0.74,-3.05,5.22,-2.85,-7.5,-18.61,-9.03
BXSL,Blackstone BDC,BDC,2026-05-11,23.62,-2.32,-4.45,2.12,-6.27,-9.01,-20.58,-11.14
BXSL,Blackstone BDC,BDC,2026-05-12,23.77,0.64,-4.69,0.55,-7.4,-10.27,-20.15,-10.57
BXSL,Blackstone BDC,BDC,2026-05-13,23.73,-0.17,-3.34,-1.7,-6.13,-10.79,-22.5,-10.72
BXSL,Blackstone BDC,BDC,2026-05-14,24.11,1.6,-1.03,-2.66,-4.02,-9.53,-22.53,-9.29
BXSL,Blackstone BDC,BDC,2026-05-15,24.02,-0.37,-0.66,-2.12,-2.44,-10.27,-23.06,-9.63
BXSL,Blackstone BDC,BDC,2026-05-18,23.67,-1.46,0.21,-4.05,-2.31,-11.08,-24.47,-10.95
BXSL,Blackstone BDC,BDC,2026-05-19,23.53,-0.59,-1.01,-4.89,-4.08,-11.74,-25.63,-11.47
BXSL,Blackstone BDC,BDC,2026-05-20,23.72,0.81,-0.04,-1.86,-0.79,-9.5,-25.64,-10.76
BXSL,Blackstone BDC,BDC,2026-05-21,23.55,-0.72,-2.32,-2.48,-0.67,-10.42,-26.34,-11.4
BXSL,Blackstone BDC,BDC,2026-05-22,23.33,-0.93,-2.87,-1.64,-1.02,-11.33,-25.13,-12.23
BXSL,Blackstone BDC,BDC,2026-05-26,23.68,1.5,0.04,1.2,-0.67,-9.45,-23.96,-10.91
BXSL,Blackstone BDC,BDC,2026-05-27,23.63,-0.21,0.42,-0.63,-4.14,-11.0,-24.48,-11.1
BXSL,Blackstone BDC,BDC,2026-05-28,23.53,-0.42,-0.8,-1.75,-3.68,-12.43,-26.28,-11.47
BXSL,Blackstone BDC,BDC,2026-05-29,23.73,0.85,0.76,-0.88,-0.63,-12.89,-25.52,-10.72
BXSL,Blackstone BDC,BDC,2026-06-01,23.9,0.72,2.44,-3.63,-1.2,-13.06,-25.24,-10.08
BXSL,Blackstone BDC,BDC,2026-06-02,23.75,-0.63,0.3,-4.77,-2.38,-13.92,-25.5,-10.65
BXSL,Blackstone BDC,BDC,2026-06-03,23.26,-2.06,-1.57,-5.91,-4.67,-15.76,-26.58,-12.49
BXSL,Blackstone BDC,BDC,2026-06-04,23.8,2.32,1.15,-4.57,-0.83,-13.27,-24.66,-10.46
BXSL,Blackstone BDC,BDC,2026-06-05,23.57,-0.97,-0.67,-3.99,-1.05,-16.09,-25.29,-11.32
BXSL,Blackstone BDC,BDC,2026-06-08,23.4,-0.72,-2.09,-3.94,-2.82,-17.2,-26.35,-11.96
BXSL,Blackstone BDC,BDC,2026-06-09,23.96,2.39,0.88,-0.91,0.0,-15.37,-25.05,-9.86
BXSL,Blackstone BDC,BDC,2026-06-10,23.93,-0.13,2.88,1.31,-0.25,-15.35,-25.08,-9.97
BXSL,Blackstone BDC,BDC,2026-06-11,23.9,-0.13,0.42,0.55,0.8,-15.82,-25.31,-10.08
BXSL,Blackstone BDC,BDC,2026-06-12,23.85,-0.21,1.19,0.51,0.85,-15.84,-25.19,-10.27
BXSL,Blackstone BDC,BDC,2026-06-15,23.76,-0.38,1.54,-1.45,0.98,-15.38,-25.38,-10.61
BXSL,Blackstone BDC,BDC,2026-06-16,23.8,0.17,-0.67,-0.92,-2.74,-15.51,-24.75,-10.46
BXSL,Blackstone BDC,BDC,2026-06-17,23.49,-1.3,-1.84,-0.76,-3.45,-16.44,-24.69,-11.63
BXSL,Blackstone BDC,BDC,2026-06-18,23.61,0.51,-1.21,0.34,-2.88,-15.19,-24.64,-11.17
BXSL,Blackstone BDC,BDC,2026-06-22,23.22,-1.65,-2.64,-2.11,-2.27,-16.29,-26.31,-12.64
BXSL,Blackstone BDC,BDC,2026-06-23,23.63,1.77,-0.55,0.34,-3.35,-14.1,-24.34,-11.1
BXSL,Blackstone BDC,BDC,2026-06-24,23.7,0.3,-0.42,1.59,-1.62,-13.41,-23.4,-10.84
BXSL,Blackstone BDC,BDC,2026-06-25,23.795,0.4,1.3,0.49,-1.43,-12.23,-24.07,-10.48
BXSL,Blackstone BDC,BDC,2026-06-26,23.99,0.82,1.61,1.52,-0.08,-10.88,-23.57,-9.74
BXSL,Blackstone BDC,BDC,2026-06-29,24.62,2.63,6.03,4.63,4.72,-9.08,-21.87,-7.37
BXSL,Blackstone BDC,BDC,2026-06-30,23.71,-3.7,0.34,-0.08,-0.34,-12.96,-24.35,-10.8
BXSL,Blackstone BDC,BDC,2026-07-01,23.85,0.59,0.63,-0.21,0.68,-12.06,-22.44,-10.27
BXSL,Blackstone BDC,BDC,2026-07-02,23.77,-0.34,-0.11,0.08,1.89,-12.61,-22.85,-10.57
BXSL,Blackstone BDC,BDC,2026-07-06,23.21,-2.36,-3.25,-0.21,-2.36,-11.85,-24.69,-12.68
BXSL,Blackstone BDC,BDC,2026-07-07,23.23,0.09,-5.65,-2.39,-3.69,-12.6,-25.54,-12.6
BXSL,Blackstone BDC,BDC,2026-07-08,23.11,-0.52,-2.53,-1.95,-2.49,-14.34,-25.31,-13.05
BXSL,Blackstone BDC,BDC,2026-07-09,23.1,-0.04,-3.14,-1.28,-0.04,-13.06,-25.58,-13.09
BXSL,Blackstone BDC,BDC,2026-07-10,23.44,1.47,-1.39,-2.17,2.0,-8.29,-24.65,-11.81
BXSL,Blackstone BDC,BDC,2026-07-13,23.37,-0.3,0.69,-2.34,1.04,-11.31,-25.95,-12.08
BXSL,Blackstone BDC,BDC,2026-07-14,23.48,0.47,1.08,-1.76,-0.68,-10.65,-25.93,-11.66
BXSL,Blackstone BDC,BDC,2026-07-15,23.54,0.26,1.86,-1.3,-2.49,-9.7,-26.18,-11.44
BXSL,Blackstone BDC,BDC,2026-07-16,24.19,2.76,4.72,1.81,-2.34,-6.24,-24.19,-8.99
BXSL,Blackstone BDC,BDC,2026-07-17,23.82,-1.53,1.62,0.08,-2.93,-9.08,-26.55,-10.38
BXSL,Blackstone BDC,BDC,2026-07-20,23.46,-1.51,0.39,-0.13,-4.9,-11.04,-27.7,-11.74
BXSL,Blackstone BDC,BDC,2026-07-21,23.42,-0.17,-0.26,-0.8,-5.34,-11.66,-27.67,-11.89
BXSL,Blackstone BDC,BDC,2026-07-22,23.24,-0.77,-1.27,0.09,-3.85,-10.89,-27.28,-12.57
BXSL,Blackstone BDC,BDC,2026-07-23,23.13,-0.47,-4.38,-2.12,-4.22,-12.59,-28.21,-12.98
BXSL,Blackstone BDC,BDC,2026-07-24,23.24,0.48,-2.43,-1.94,-2.02,-12.93,-28.6,-12.57
BXSL,Blackstone BDC,BDC,2026-07-27,23.0,-1.03,-1.96,-3.34,-1.71,-11.91,-29.1,-13.47
BXSL,Blackstone BDC,BDC,2026-07-28,23.32,1.39,-0.43,-2.79,-1.93,-10.41,-28.14,-12.26
BXSL,Blackstone BDC,BDC,2026-07-29,23.03,-1.24,-0.9,-6.46,-3.84,-12.3,-27.96,-13.36
BXSL,Blackstone BDC,BDC,2026-07-30,23.16,0.56,0.13,-2.32,-3.26,-11.06,-27.51,-12.87
BXSL,Blackstone BDC,BDC,2026-07-31,23.1,-0.26,-0.6,-3.14,-6.85,-10.95,-27.34,-13.09
BXSL,Blackstone BDC,BDC,2026-08-03,23.55,1.95,2.39,-0.93,-5.57,-8.22,-25.36,-11.4
BXSL,Blackstone BDC,BDC,2026-08-04,23.78,0.98,1.97,2.46,-3.8,-5.26,-23.76,-10.53
BXSL,Blackstone BDC,BDC,2026-08-05,23.34,-1.85,1.35,0.47,-6.42,-4.7,-24.86,-12.19
BXSL,Blackstone BDC,BDC,2026-08-06,24.15,3.47,4.27,4.5,-1.63,-3.09,-22.5,-9.14
BXSL,Blackstone BDC,BDC,2026-08-07,24.54,1.61,6.23,6.23,0.74,0.0,-18.71,-7.67
BXSL,Blackstone BDC,BDC,2026-08-10,24.31,-0.94,3.23,3.71,0.54,-2.33,-19.29,-8.54
BXSL,Blackstone BDC,BDC,2026-08-11,24.42,0.45,2.69,4.49,3.39,-3.1,-20.04,-8.13
BXSL,Blackstone BDC,BDC,2026-08-12,24.41,-0.04,4.58,3.96,2.69,-4.91,-19.55,-8.16
BXSL,Blackstone BDC,BDC,2026-08-13,25.01,2.46,3.56,6.24,5.39,-1.07,-16.99,-5.91
BXSL,Blackstone BDC,BDC,2026-08-14,24.68,-1.32,0.57,2.03,2.36,-1.75,-18.17,-7.15
BXSL,Blackstone BDC,BDC,2026-08-17,24.21,-1.9,-0.41,1.64,0.79,-1.67,-19.17,-8.92
BXSL,Blackstone BDC,BDC,2026-08-18,24.35,0.58,-0.29,3.79,2.87,0.5,-18.29,-8.39
BXSL,Blackstone BDC,BDC,2026-08-19,24.56,0.86,0.61,4.87,4.38,0.12,-17.86,-7.6
BXSL,Blackstone BDC,BDC,2026-08-20,24.67,0.45,-1.36,6.15,4.01,3.18,-17.99,-7.19
BXSL,Blackstone BDC,BDC,2026-08-21,24.76,0.36,0.32,7.05,5.14,4.43,-17.33,-6.85
BXSL,Blackstone BDC,BDC,2026-08-24,24.99,0.93,3.22,7.53,7.12,6.02,-16.34,-5.98
BXSL,Blackstone BDC,BDC,2026-08-25,24.83,-0.64,1.97,7.96,4.86,4.15,-17.18,-6.58
BXSL,Blackstone BDC,BDC,2026-08-26,24.93,0.4,1.51,6.9,5.5,1.14,-15.75,-6.21
BXSL,Blackstone BDC,BDC,2026-08-27,24.74,-0.76,0.28,7.43,5.14,1.27,-17.62,-6.92
BXSL,Blackstone BDC,BDC,2026-08-28,24.8,0.24,0.16,7.08,4.51,3.85,-16.89,-6.7
FSK,KKR BDC,BDC,2026-01-02,14.93,0.81,2.89,-5.63,-2.42,-30.2,,0.0
FSK,KKR BDC,BDC,2026-01-05,14.8,-0.87,0.48,-4.08,-1.07,-30.06,,-0.87
FSK,KKR BDC,BDC,2026-01-06,14.62,-1.22,-0.34,-5.98,-0.41,-31.01,,-2.08
FSK,KKR BDC,BDC,2026-01-07,14.2,-2.87,-3.79,-8.15,-2.14,-33.18,,-4.89
FSK,KKR BDC,BDC,2026-01-08,14.63,3.03,-1.22,-5.86,1.25,-32.24,,-2.01
FSK,KKR BDC,BDC,2026-01-09,14.57,-0.41,-2.41,-6.12,1.39,-33.1,,-2.41
FSK,KKR BDC,BDC,2026-01-12,14.47,-0.69,-2.23,-8.13,2.19,-33.65,,-3.08
FSK,KKR BDC,BDC,2026-01-13,14.38,-0.62,-1.64,-6.62,-2.57,-34.04,,-3.68
FSK,KKR BDC,BDC,2026-01-14,14.62,1.67,2.96,-5.06,-3.31,-34.32,,-2.08
FSK,KKR BDC,BDC,2026-01-15,14.66,0.27,0.21,-3.3,-2.66,-34.79,,-1.81
FSK,KKR BDC,BDC,2026-01-16,14.51,-1.02,-0.41,-4.41,-1.69,-35.14,,-2.81
FSK,KKR BDC,BDC,2026-01-20,14.36,-1.03,-0.76,-4.39,-3.23,-34.85,,-3.82
FSK,KKR BDC,BDC,2026-01-21,14.46,0.7,0.56,-3.41,-2.49,-34.92,,-3.15
FSK,KKR BDC,BDC,2026-01-22,14.46,0.0,-1.09,-1.57,-4.3,-35.33,,-3.15
FSK,KKR BDC,BDC,2026-01-23,14.47,0.07,-1.3,-0.82,-4.05,-35.02,,-3.08
FSK,KKR BDC,BDC,2026-01-26,14.32,-1.04,-1.31,-0.9,-4.85,-35.58,,-4.09
FSK,KKR BDC,BDC,2026-01-27,14.22,-0.7,-0.97,-2.0,-6.51,-34.86,,-4.76
FSK,KKR BDC,BDC,2026-01-28,13.89,-2.32,-3.94,-5.7,-10.44,-35.78,,-6.97
FSK,KKR BDC,BDC,2026-01-29,13.82,-0.5,-4.43,-5.79,-9.97,-35.18,,-7.43
FSK,KKR BDC,BDC,2026-01-30,13.79,-0.22,-4.7,-6.57,-9.28,-34.05,,-7.64
FSK,KKR BDC,BDC,2026-02-02,13.54,-1.81,-5.45,-8.58,-10.09,-33.95,,-9.31
FSK,KKR BDC,BDC,2026-02-03,13.15,-2.88,-7.52,-11.92,-12.86,-34.51,,-11.92
FSK,KKR BDC,BDC,2026-02-04,13.29,1.06,-4.32,-10.2,-12.05,-34.01,,-10.98
FSK,KKR BDC,BDC,2026-02-05,12.75,-4.06,-7.74,-12.79,-14.54,-37.01,,-14.6
FSK,KKR BDC,BDC,2026-02-06,12.86,0.86,-6.74,-9.44,-13.05,-30.79,,-13.86
FSK,KKR BDC,BDC,2026-02-09,13.3,3.42,-1.77,-9.09,-12.56,-25.66,,-10.92
FSK,KKR BDC,BDC,2026-02-10,13.53,1.73,2.89,-7.14,-11.16,-22.91,,-9.38
FSK,KKR BDC,BDC,2026-02-11,13.46,-0.52,1.28,-6.98,-12.43,-24.04,,-9.85
FSK,KKR BDC,BDC,2026-02-12,13.46,0.0,5.57,-6.4,-13.11,-24.8,,-9.85
FSK,KKR BDC,BDC,2026-02-13,13.32,-1.04,3.58,-8.89,-14.89,-24.49,,-10.78
FSK,KKR BDC,BDC,2026-02-17,13.24,-0.6,-0.45,-9.69,-15.02,-24.3,,-11.32
FSK,KKR BDC,BDC,2026-02-18,13.42,1.36,-0.81,-7.51,-13.92,-22.96,,-10.11
FSK,KKR BDC,BDC,2026-02-19,13.16,-1.94,-2.23,-8.36,-14.04,-25.01,,-11.86
FSK,KKR BDC,BDC,2026-02-20,12.97,-1.44,-3.64,-10.3,-15.28,-26.93,,-13.13
FSK,KKR BDC,BDC,2026-02-23,12.84,-1.0,-3.6,-11.2,-15.91,-27.54,,-14.0
FSK,KKR BDC,BDC,2026-02-24,13.12,2.18,-0.91,-9.33,-13.97,-27.43,,-12.12
FSK,KKR BDC,BDC,2026-02-25,13.32,1.52,-0.75,-6.98,-14.72,-25.5,,-10.78
FSK,KKR BDC,BDC,2026-02-26,11.29,-15.24,-14.21,-20.6,-28.68,-37.03,,-24.38
FSK,KKR BDC,BDC,2026-02-27,10.8,-4.34,-16.73,-22.25,-32.33,-40.07,,-27.66
FSK,KKR BDC,BDC,2026-03-02,10.85,0.46,-15.5,-21.49,-32.73,-39.69,,-27.33
FSK,KKR BDC,BDC,2026-03-03,10.95,0.92,-16.54,-20.59,-31.99,-39.97,,-26.66
FSK,KKR BDC,BDC,2026-03-04,11.01,0.55,-17.34,-18.69,-30.1,-39.17,,-26.26
FSK,KKR BDC,BDC,2026-03-05,10.92,-0.82,-3.28,-16.96,-30.97,-39.53,,-26.86
FSK,KKR BDC,BDC,2026-03-06,10.69,-2.11,-1.02,-19.56,-30.72,-40.71,,-28.4
FSK,KKR BDC,BDC,2026-03-09,10.79,0.94,-0.55,-15.37,-30.61,-40.49,,-27.73
FSK,KKR BDC,BDC,2026-03-10,10.56,-2.13,-3.56,-17.88,-31.69,-41.69,,-29.27
FSK,KKR BDC,BDC,2026-03-11,10.45,-1.04,-5.09,-21.43,-32.75,-41.46,,-30.01
FSK,KKR BDC,BDC,2026-03-12,10.24,-2.01,-6.23,-24.32,-34.02,-42.44,,-31.41
FSK,KKR BDC,BDC,2026-03-13,10.09,-1.46,-5.61,-25.04,-35.94,-43.38,,-32.42
FSK,KKR BDC,BDC,2026-03-16,10.15,0.59,-5.93,-24.59,-34.09,-42.13,,-32.02
FSK,KKR BDC,BDC,2026-03-17,10.26,1.08,-2.84,-22.97,-33.38,-39.47,,-31.28
FSK,KKR BDC,BDC,2026-03-18,10.1,-1.56,-3.35,-23.72,-33.38,-40.27,,-32.35
FSK,KKR BDC,BDC,2026-03-19,10.16,0.59,-0.78,-24.29,-33.07,-36.62,,-31.95
FSK,KKR BDC,BDC,2026-03-20,9.97,-1.87,-1.19,-24.24,-33.62,-37.18,,-33.22
FSK,KKR BDC,BDC,2026-03-23,10.38,4.11,2.27,-19.97,-30.66,-34.55,,-30.48
FSK,KKR BDC,BDC,2026-03-24,10.04,-3.28,-2.14,-21.81,-31.65,-34.81,,-32.75
FSK,KKR BDC,BDC,2026-03-25,10.42,3.78,3.17,-20.58,-28.58,-31.13,,-30.21
FSK,KKR BDC,BDC,2026-03-26,10.19,-2.21,0.3,-23.5,-29.48,-32.38,,-31.75
FSK,KKR BDC,BDC,2026-03-27,9.91,-2.75,-0.6,-12.22,-31.7,-34.72,,-33.62
FSK,KKR BDC,BDC,2026-03-30,9.95,0.4,-4.14,-7.87,-32.45,-34.41,,-33.36
FSK,KKR BDC,BDC,2026-03-31,10.18,2.31,1.39,-6.18,-30.61,-32.04,,-31.82
FSK,KKR BDC,BDC,2026-04-01,10.11,-0.69,-2.98,-7.67,-31.5,-32.28,,-32.28
FSK,KKR BDC,BDC,2026-04-02,10.51,3.96,3.14,-4.54,-29.03,-29.08,,-29.6
FSK,KKR BDC,BDC,2026-04-06,10.73,2.09,8.27,-1.74,-28.13,-29.87,,-28.13
FSK,KKR BDC,BDC,2026-04-07,10.54,-1.77,5.93,-1.4,-28.78,-29.55,,-29.4
FSK,KKR BDC,BDC,2026-04-08,10.24,-2.85,0.59,-5.1,-29.96,-30.25,,-31.41
FSK,KKR BDC,BDC,2026-04-09,10.14,-0.98,0.3,-3.98,-28.59,-30.12,,-32.08
FSK,KKR BDC,BDC,2026-04-10,10.13,-0.1,-3.62,-3.06,-30.76,-29.9,,-32.15
FSK,KKR BDC,BDC,2026-04-13,10.37,2.37,-3.36,1.27,-28.83,-27.84,,-30.54
FSK,KKR BDC,BDC,2026-04-14,10.73,3.47,1.8,6.34,-25.85,-24.22,,-28.13
FSK,KKR BDC,BDC,2026-04-15,11.12,3.63,8.59,9.56,-22.67,-24.66,,-25.52
FSK,KKR BDC,BDC,2026-04-16,10.97,-1.35,8.19,6.92,-24.97,-27.45,,-26.52
FSK,KKR BDC,BDC,2026-04-17,11.39,3.83,12.44,12.77,-22.31,-24.37,,-23.71
FSK,KKR BDC,BDC,2026-04-20,11.3,-0.79,8.97,11.22,-22.12,-23.44,,-24.31
FSK,KKR BDC,BDC,2026-04-21,11.06,-2.12,3.08,10.93,-22.98,-25.47,,-25.92
FSK,KKR BDC,BDC,2026-04-22,11.03,-0.27,-0.81,6.26,-23.72,-25.62,,-26.12
FSK,KKR BDC,BDC,2026-04-23,10.58,-4.08,-3.56,5.38,-26.83,-29.98,,-29.14
FSK,KKR BDC,BDC,2026-04-24,10.52,-0.57,-7.64,0.96,-27.3,-30.24,,-29.54
FSK,KKR BDC,BDC,2026-04-27,10.5,-0.19,-7.08,3.04,-26.68,-30.23,-47.6,-29.67
FSK,KKR BDC,BDC,2026-04-28,10.82,3.05,-2.17,9.18,-23.91,-28.86,-46.36,-27.53
FSK,KKR BDC,BDC,2026-04-29,10.68,-1.29,-3.17,7.34,-23.11,-31.14,-47.31,-28.47
FSK,KKR BDC,BDC,2026-04-30,11.25,5.34,6.33,10.51,-18.6,-26.71,-44.09,-24.65
FSK,KKR BDC,BDC,2026-05-01,11.55,2.67,9.79,14.24,-16.24,-24.01,-41.93,-22.64
FSK,KKR BDC,BDC,2026-05-04,11.62,0.61,10.67,10.56,-14.18,-22.84,-40.68,-22.17
FSK,KKR BDC,BDC,2026-05-05,11.5,-1.03,6.28,7.18,-12.55,-23.79,-42.44,-22.97
FSK,KKR BDC,BDC,2026-05-06,11.42,-0.7,6.93,8.35,-14.07,-24.42,-41.47,-23.51
FSK,KKR BDC,BDC,2026-05-07,10.95,-4.12,-2.67,6.93,-14.12,-26.61,-44.02,-26.66
FSK,KKR BDC,BDC,2026-05-08,10.84,-1.0,-6.15,6.9,-15.71,-26.71,-44.27,-27.39
FSK,KKR BDC,BDC,2026-05-11,10.76,-0.74,-7.4,6.22,-19.1,-29.26,-46.31,-27.93
FSK,KKR BDC,BDC,2026-05-12,10.78,0.19,-6.26,3.95,-20.33,-29.22,-45.86,-27.8
FSK,KKR BDC,BDC,2026-05-13,10.72,-0.56,-6.13,-0.09,-20.36,-30.25,-47.91,-28.2
FSK,KKR BDC,BDC,2026-05-14,10.8,0.75,-1.37,-2.88,-19.76,-30.28,-48.05,-27.66
FSK,KKR BDC,BDC,2026-05-15,10.98,1.67,1.29,0.09,-17.57,-29.84,-47.39,-26.46
FSK,KKR BDC,BDC,2026-05-18,10.72,-2.37,-0.37,-5.88,-19.03,-31.19,-48.76,-28.2
FSK,KKR BDC,BDC,2026-05-19,10.59,-1.21,-1.76,-6.28,-21.09,-32.07,-49.98,-29.07
FSK,KKR BDC,BDC,2026-05-20,10.96,3.49,2.24,-0.9,-16.72,-28.41,-48.69,-26.59
FSK,KKR BDC,BDC,2026-05-21,10.93,-0.27,1.2,-0.91,-15.73,-28.61,-48.9,-26.79
FSK,KKR BDC,BDC,2026-05-22,10.78,-1.37,-1.82,1.89,-16.04,-29.4,-48.35,-27.8
FSK,KKR BDC,BDC,2026-05-26,10.83,0.46,1.03,2.95,-17.45,-28.98,-48.01,-27.46
FSK,KKR BDC,BDC,2026-05-27,10.83,0.0,2.27,3.14,-18.69,-30.67,-48.26,-27.46
FSK,KKR BDC,BDC,2026-05-28,10.8,-0.28,-1.46,-0.18,-4.34,-31.78,-49.34,-27.66
FSK,KKR BDC,BDC,2026-05-29,10.87,0.65,-0.55,1.78,0.65,-31.89,-49.04,-27.19
FSK,KKR BDC,BDC,2026-06-01,10.9,0.28,1.11,-3.11,0.46,-32.42,-48.87,-26.99
FSK,KKR BDC,BDC,2026-06-02,10.9,0.0,0.65,-5.63,-0.46,-32.3,-48.61,-26.99
FSK,KKR BDC,BDC,2026-06-03,10.8,-0.92,-0.28,-7.06,-1.91,-31.43,-48.79,-27.66
FSK,KKR BDC,BDC,2026-06-04,10.97,1.57,1.57,-4.61,0.46,-30.66,-48.25,-26.52
FSK,KKR BDC,BDC,2026-06-05,10.7,-2.46,-1.56,-6.3,0.09,-30.65,-49.36,-28.33
FSK,KKR BDC,BDC,2026-06-08,10.64,-0.56,-2.39,-2.83,-1.39,-31.58,-49.43,-28.73
FSK,KKR BDC,BDC,2026-06-09,10.87,2.16,-0.28,0.28,2.94,-29.69,-48.97,-27.19
FSK,KKR BDC,BDC,2026-06-10,11.0,1.2,1.85,2.23,5.26,-29.21,-48.62,-26.32
FSK,KKR BDC,BDC,2026-06-11,10.82,-1.64,-1.37,0.37,5.66,-30.28,-49.67,-27.53
FSK,KKR BDC,BDC,2026-06-12,11.06,2.22,3.36,3.17,9.61,-29.78,-48.56,-25.92
FSK,KKR BDC,BDC,2026-06-15,10.93,-1.18,2.73,1.2,7.68,-29.03,-48.88,-26.79
FSK,KKR BDC,BDC,2026-06-16,10.78,-1.37,-0.83,-1.82,5.07,-30.0,-49.08,-27.8
FSK,KKR BDC,BDC,2026-06-17,10.22,-5.19,-7.09,-4.66,1.19,-32.59,-51.26,-31.55
FSK,KKR BDC,BDC,2026-06-18,10.27,0.49,-5.08,-3.02,1.08,-32.35,-51.05,-31.21
FSK,KKR BDC,BDC,2026-06-22,10.13,-1.36,-8.41,-7.57,1.6,-32.56,-50.75,-32.15
FSK,KKR BDC,BDC,2026-06-23,10.23,0.99,-6.4,-6.4,-1.45,-31.66,-50.36,-31.48
FSK,KKR BDC,BDC,2026-06-24,10.04,-1.86,-6.86,-6.86,0.0,-31.65,-50.49,-32.75
FSK,KKR BDC,BDC,2026-06-25,10.065,0.25,-1.52,-7.06,-3.41,-31.01,-50.64,-32.59
FSK,KKR BDC,BDC,2026-06-26,10.4,3.33,1.27,-3.97,2.06,-28.03,-49.02,-30.34
FSK,KKR BDC,BDC,2026-06-29,10.61,2.02,4.74,-1.76,7.06,-26.88,-48.52,-28.94
FSK,KKR BDC,BDC,2026-06-30,10.5,-1.04,2.64,-3.4,5.53,-28.72,-49.13,-29.67
FSK,KKR BDC,BDC,2026-07-01,10.64,1.33,5.98,-2.39,4.52,-27.47,-48.72,-28.73
FSK,KKR BDC,BDC,2026-07-02,10.43,-1.97,3.63,-4.31,3.17,-29.34,-50.4,-30.14
FSK,KKR BDC,BDC,2026-07-06,10.33,-0.96,-0.67,-4.35,-1.71,-30.25,-51.53,-30.81
FSK,KKR BDC,BDC,2026-07-07,10.45,1.16,-1.51,-4.74,-2.61,-30.01,-51.15,-30.01
FSK,KKR BDC,BDC,2026-07-08,10.56,1.05,0.57,-1.31,0.19,-28.65,-50.09,-29.27
FSK,KKR BDC,BDC,2026-07-09,10.56,0.0,-0.75,-0.75,3.13,-27.77,-50.17,-29.27
FSK,KKR BDC,BDC,2026-07-10,10.8,2.27,3.55,-0.64,6.51,-23.94,-49.18,-27.66
FSK,KKR BDC,BDC,2026-07-13,10.81,0.09,4.65,-1.73,6.71,-26.11,-49.93,-27.6
FSK,KKR BDC,BDC,2026-07-14,10.79,-0.19,3.25,-0.28,4.05,-25.94,-50.46,-27.73
FSK,KKR BDC,BDC,2026-07-15,10.89,0.93,3.12,-1.54,1.49,-24.74,-50.07,-27.06
FSK,KKR BDC,BDC,2026-07-16,11.11,2.02,5.21,1.65,-0.09,-22.74,-49.04,-25.59
FSK,KKR BDC,BDC,2026-07-17,10.93,-1.62,1.2,1.39,-0.36,-25.24,-50.9,-26.79
FSK,KKR BDC,BDC,2026-07-20,10.86,-0.64,0.46,6.26,-4.65,-25.92,-51.69,-27.26
FSK,KKR BDC,BDC,2026-07-21,10.99,1.2,1.85,7.01,-2.74,-24.26,-50.87,-26.39
FSK,KKR BDC,BDC,2026-07-22,10.86,-1.18,-0.28,7.21,-1.81,-24.37,-50.73,-27.26
FSK,KKR BDC,BDC,2026-07-23,10.58,-2.58,-4.77,3.42,-4.08,-26.83,-52.39,-29.14
FSK,KKR BDC,BDC,2026-07-24,10.63,0.47,-2.74,5.88,0.47,-26.49,-52.46,-28.8
FSK,KKR BDC,BDC,2026-07-27,10.85,2.07,-0.09,7.8,3.14,-25.02,-51.28,-27.33
FSK,KKR BDC,BDC,2026-07-28,10.99,1.29,0.0,5.67,4.67,-23.25,-50.56,-26.39
FSK,KKR BDC,BDC,2026-07-29,10.75,-2.18,-1.01,1.32,-0.65,-24.4,-50.76,-28.0
FSK,KKR BDC,BDC,2026-07-30,10.56,-1.77,-0.19,0.57,-1.12,-23.97,-51.18,-29.27
FSK,KKR BDC,BDC,2026-07-31,10.57,0.09,-0.56,-0.66,-6.04,-23.52,-50.42,-29.2
FSK,KKR BDC,BDC,2026-08-03,11.09,4.92,2.21,6.33,-3.98,-19.58,-46.96,-25.72
FSK,KKR BDC,BDC,2026-08-04,11.47,3.43,4.37,11.04,-1.29,-15.29,-44.05,-23.17
FSK,KKR BDC,BDC,2026-08-05,11.04,-3.75,2.7,5.65,-4.0,-16.05,-45.02,-26.05
FSK,KKR BDC,BDC,2026-08-06,11.88,7.61,12.5,12.5,4.03,-10.61,-41.01,-20.43
FSK,KKR BDC,BDC,2026-08-07,12.44,4.71,17.69,17.8,13.61,-2.43,-38.54,-16.68
FSK,KKR BDC,BDC,2026-08-10,12.19,-2.01,9.92,12.87,12.45,-5.21,-34.39,-18.35
FSK,KKR BDC,BDC,2026-08-11,12.25,0.49,6.8,13.32,13.85,-7.89,-31.53,-17.95
FSK,KKR BDC,BDC,2026-08-12,12.17,-0.65,10.24,12.79,12.89,-10.05,-30.66,-18.49
FSK,KKR BDC,BDC,2026-08-13,12.64,3.86,6.4,16.07,17.91,-6.09,-28.67,-15.34
FSK,KKR BDC,BDC,2026-08-14,12.36,-2.22,-0.64,11.25,14.44,-8.17,-30.95,-17.21
FSK,KKR BDC,BDC,2026-08-17,12.01,-2.83,-1.48,9.88,9.38,-9.83,-31.92,-19.56
FSK,KKR BDC,BDC,2026-08-18,11.91,-0.83,-2.78,9.67,11.1,-10.05,-31.9,-20.23
FSK,KKR BDC,BDC,2026-08-19,12.06,1.26,-0.9,9.74,13.88,-10.13,-30.77,-19.22
FSK,KKR BDC,BDC,2026-08-20,11.91,-1.24,-5.78,9.67,8.67,-9.5,-32.14,-20.23
FSK,KKR BDC,BDC,2026-08-21,11.91,0.0,-3.64,12.57,8.97,-8.17,-32.9,-20.23
FSK,KKR BDC,BDC,2026-08-24,12.05,1.18,0.33,13.36,11.78,-6.15,-32.0,-19.29
FSK,KKR BDC,BDC,2026-08-25,12.05,0.0,1.18,11.06,11.27,-8.16,-33.35,-19.29
FSK,KKR BDC,BDC,2026-08-26,12.16,0.91,0.83,10.65,12.28,-8.71,-31.99,-18.55
FSK,KKR BDC,BDC,2026-08-27,12.23,0.58,2.69,13.77,13.24,8.33,-31.79,-18.08
FSK,KKR BDC,BDC,2026-08-28,12.22,-0.08,2.6,15.72,12.42,13.15,-32.19,-18.15
OBDC,Blue Owl BDC,BDC,2026-01-02,12.56,1.05,-0.24,-4.99,-1.34,-14.15,,0.0
OBDC,Blue Owl BDC,BDC,2026-01-05,12.65,0.72,-0.63,-5.67,-0.08,-12.27,,0.72
OBDC,Blue Owl BDC,BDC,2026-01-06,12.5,-1.19,-1.34,-7.06,-0.32,-13.31,,-0.48
OBDC,Blue Owl BDC,BDC,2026-01-07,12.26,-1.92,-3.92,-9.05,-2.23,-14.86,,-2.39
OBDC,Blue Owl BDC,BDC,2026-01-08,12.62,2.94,1.53,-5.11,1.53,-13.68,,0.48
OBDC,Blue Owl BDC,BDC,2026-01-09,12.56,-0.48,0.0,-5.85,2.7,-14.27,,0.0
OBDC,Blue Owl BDC,BDC,2026-01-12,12.65,0.72,0.0,-5.46,4.29,-14.53,,0.72
OBDC,Blue Owl BDC,BDC,2026-01-13,12.44,-1.66,-0.48,-5.4,-0.48,-15.89,,-0.96
OBDC,Blue Owl BDC,BDC,2026-01-14,12.68,1.93,3.43,-2.84,-1.48,-15.18,,0.96
OBDC,Blue Owl BDC,BDC,2026-01-15,12.73,0.39,0.87,-2.15,-1.09,-15.7,,1.35
OBDC,Blue Owl BDC,BDC,2026-01-16,12.61,-0.94,0.4,-2.85,0.56,-16.43,,0.4
OBDC,Blue Owl BDC,BDC,2026-01-20,12.42,-1.51,-1.82,-3.8,-1.43,-16.19,,-1.11
OBDC,Blue Owl BDC,BDC,2026-01-21,12.64,1.77,1.61,-0.47,-0.47,-15.05,,0.64
OBDC,Blue Owl BDC,BDC,2026-01-22,12.61,-0.24,-0.55,-0.32,-2.7,-15.65,,0.4
OBDC,Blue Owl BDC,BDC,2026-01-23,12.48,-1.03,-1.96,-1.42,-3.7,-16.13,,-0.64
OBDC,Blue Owl BDC,BDC,2026-01-26,12.3,-1.44,-2.46,-1.99,-5.38,-17.17,,-2.07
OBDC,Blue Owl BDC,BDC,2026-01-27,12.27,-0.24,-1.21,-2.54,-5.83,-16.02,,-2.31
OBDC,Blue Owl BDC,BDC,2026-01-28,12.07,-1.63,-4.51,-5.18,-8.56,-17.04,,-3.9
OBDC,Blue Owl BDC,BDC,2026-01-29,12.15,0.66,-3.65,-4.1,-8.23,-15.68,,-3.26
OBDC,Blue Owl BDC,BDC,2026-01-30,12.0,-1.23,-3.85,-5.96,-8.12,-15.97,,-4.46
OBDC,Blue Owl BDC,BDC,2026-02-02,11.49,-4.25,-6.59,-7.56,-10.3,-18.39,,-8.52
OBDC,Blue Owl BDC,BDC,2026-02-03,11.09,-3.48,-9.62,-11.7,-14.82,-21.29,,-11.7
OBDC,Blue Owl BDC,BDC,2026-02-04,11.24,1.35,-6.88,-11.15,-13.87,-20.79,,-10.51
OBDC,Blue Owl BDC,BDC,2026-02-05,10.91,-2.94,-10.21,-12.72,-15.49,-22.68,,-13.14
OBDC,Blue Owl BDC,BDC,2026-02-06,11.46,5.04,-4.5,-6.53,-10.33,-18.61,,-8.76
OBDC,Blue Owl BDC,BDC,2026-02-09,11.74,2.44,2.18,-6.97,-2.98,-17.15,,-6.53
OBDC,Blue Owl BDC,BDC,2026-02-10,11.93,1.62,7.57,-5.02,-1.73,-15.33,,-5.02
OBDC,Blue Owl BDC,BDC,2026-02-11,11.95,0.17,6.32,-5.53,-1.08,-16.32,,-4.86
OBDC,Blue Owl BDC,BDC,2026-02-12,11.86,-0.75,8.71,-4.66,-1.74,-17.52,,-5.57
OBDC,Blue Owl BDC,BDC,2026-02-13,11.47,-3.29,0.09,-9.54,-5.21,-19.79,,-8.68
OBDC,Blue Owl BDC,BDC,2026-02-17,11.43,-0.35,-2.64,-10.21,-4.43,-19.11,,-9.0
OBDC,Blue Owl BDC,BDC,2026-02-18,11.55,1.05,-3.19,-8.41,-2.94,-18.43,,-8.04
OBDC,Blue Owl BDC,BDC,2026-02-19,11.43,-1.04,-4.35,-7.97,-3.63,-19.45,,-9.0
OBDC,Blue Owl BDC,BDC,2026-02-20,11.47,0.35,-3.29,-9.26,-2.38,-18.94,,-8.68
OBDC,Blue Owl BDC,BDC,2026-02-23,11.51,0.35,0.35,-8.72,-3.84,-18.19,,-8.36
OBDC,Blue Owl BDC,BDC,2026-02-24,11.68,1.48,2.19,-6.41,-2.91,-18.09,,-7.01
OBDC,Blue Owl BDC,BDC,2026-02-25,11.91,1.97,3.12,-3.17,-3.48,-15.59,,-5.18
OBDC,Blue Owl BDC,BDC,2026-02-26,11.72,-1.6,2.54,-4.48,-7.35,-17.29,,-6.69
OBDC,Blue Owl BDC,BDC,2026-02-27,11.29,-3.67,-1.57,-6.46,-12.34,-20.55,,-10.11
OBDC,Blue Owl BDC,BDC,2026-03-02,11.53,2.13,0.17,-5.1,-12.19,-18.92,,-8.2
OBDC,Blue Owl BDC,BDC,2026-03-03,11.5,-0.26,-1.54,-4.17,-12.68,-19.8,,-8.44
OBDC,Blue Owl BDC,BDC,2026-03-04,11.55,0.43,-3.02,0.52,-12.76,-18.83,,-8.04
OBDC,Blue Owl BDC,BDC,2026-03-05,11.56,0.09,-1.37,4.24,-12.56,-18.71,,-7.96
OBDC,Blue Owl BDC,BDC,2026-03-06,11.47,-0.78,1.59,2.05,-14.47,-20.13,,-8.68
OBDC,Blue Owl BDC,BDC,2026-03-09,11.41,-0.52,-1.04,4.58,-15.17,-20.43,,-9.16
OBDC,Blue Owl BDC,BDC,2026-03-10,11.36,-0.44,-1.22,-0.87,-15.73,-20.61,,-9.55
OBDC,Blue Owl BDC,BDC,2026-03-11,11.17,-1.67,-3.29,-4.86,-16.02,-21.23,,-11.07
OBDC,Blue Owl BDC,BDC,2026-03-12,10.99,-1.61,-4.93,-7.88,-17.62,-22.33,,-12.5
OBDC,Blue Owl BDC,BDC,2026-03-13,10.95,-0.36,-4.53,-8.37,-18.16,-23.27,,-12.82
OBDC,Blue Owl BDC,BDC,2026-03-16,11.11,1.46,-2.63,-6.32,-15.51,-21.48,,-11.54
OBDC,Blue Owl BDC,BDC,2026-03-17,11.45,3.06,0.79,-0.17,-12.26,-16.48,,-8.84
OBDC,Blue Owl BDC,BDC,2026-03-18,11.4,-0.44,2.06,-0.26,-12.38,-16.79,,-9.24
OBDC,Blue Owl BDC,BDC,2026-03-19,11.44,0.35,4.09,-0.95,-11.86,-16.74,,-8.92
OBDC,Blue Owl BDC,BDC,2026-03-20,11.15,-2.53,1.83,-2.45,-13.63,-19.44,,-11.23
OBDC,Blue Owl BDC,BDC,2026-03-23,11.32,1.52,1.89,-1.31,-10.87,-19.2,,-9.87
OBDC,Blue Owl BDC,BDC,2026-03-24,11.18,-1.24,-2.36,-2.87,-11.62,-17.85,,-10.99
OBDC,Blue Owl BDC,BDC,2026-03-25,11.24,0.54,-1.4,-3.77,-11.22,-17.17,,-10.51
OBDC,Blue Owl BDC,BDC,2026-03-26,11.11,-1.16,-2.88,-6.72,-11.47,-16.97,,-11.54
OBDC,Blue Owl BDC,BDC,2026-03-27,10.83,-2.52,-2.87,-7.59,-13.98,-19.0,,-13.77
OBDC,Blue Owl BDC,BDC,2026-03-30,10.89,0.55,-3.8,-3.54,-14.45,-17.75,,-13.3
OBDC,Blue Owl BDC,BDC,2026-03-31,11.06,1.56,-1.07,-4.08,-12.71,-16.28,,-11.94
OBDC,Blue Owl BDC,BDC,2026-04-01,10.76,-2.71,-4.27,-6.43,-15.67,-15.74,,-14.33
OBDC,Blue Owl BDC,BDC,2026-04-02,10.86,0.93,-2.25,-5.97,-12.63,-13.19,,-13.54
OBDC,Blue Owl BDC,BDC,2026-04-06,11.04,1.66,1.94,-4.5,-12.1,-13.28,,-12.1
OBDC,Blue Owl BDC,BDC,2026-04-07,10.9,-1.27,0.09,-4.97,-13.83,-13.9,,-13.22
OBDC,Blue Owl BDC,BDC,2026-04-08,10.75,-1.38,-2.8,-5.78,-14.0,-14.27,,-14.41
OBDC,Blue Owl BDC,BDC,2026-04-09,10.76,0.09,0.0,-5.28,-12.23,-14.19,,-14.33
OBDC,Blue Owl BDC,BDC,2026-04-10,10.87,1.02,0.09,-2.69,-13.87,-12.55,,-13.46
OBDC,Blue Owl BDC,BDC,2026-04-13,10.93,0.55,-1.0,-0.55,-12.98,-10.63,,-12.98
OBDC,Blue Owl BDC,BDC,2026-04-14,11.34,3.75,4.04,3.56,-10.36,-6.51,,-9.71
OBDC,Blue Owl BDC,BDC,2026-04-15,11.63,2.56,8.19,4.68,-6.51,-6.96,,-7.4
OBDC,Blue Owl BDC,BDC,2026-04-16,11.6,-0.26,7.81,1.31,-8.52,-9.87,,-7.64
OBDC,Blue Owl BDC,BDC,2026-04-17,11.79,1.64,8.46,3.42,-7.38,-8.39,,-6.13
OBDC,Blue Owl BDC,BDC,2026-04-20,11.78,-0.08,7.78,2.97,-6.58,-6.06,,-6.21
OBDC,Blue Owl BDC,BDC,2026-04-21,11.51,-2.29,1.5,3.23,-7.33,-8.65,,-8.36
OBDC,Blue Owl BDC,BDC,2026-04-22,11.61,0.87,-0.17,2.56,-8.15,-8.58,,-7.56
OBDC,Blue Owl BDC,BDC,2026-04-23,11.35,-2.24,-2.16,1.52,-9.99,-12.42,,-9.63
OBDC,Blue Owl BDC,BDC,2026-04-24,11.27,-0.7,-4.41,0.27,-9.7,-13.04,,-10.27
OBDC,Blue Owl BDC,BDC,2026-04-27,11.19,-0.71,-5.01,0.72,-9.02,-13.92,-21.47,-10.91
OBDC,Blue Owl BDC,BDC,2026-04-28,11.36,1.52,-1.3,4.89,-7.42,-12.82,-20.34,-9.55
OBDC,Blue Owl BDC,BDC,2026-04-29,11.27,-0.79,-2.93,3.49,-6.63,-14.62,-21.41,-10.27
OBDC,Blue Owl BDC,BDC,2026-04-30,11.72,3.99,3.26,5.97,-3.54,-11.48,-17.41,-6.69
OBDC,Blue Owl BDC,BDC,2026-05-01,11.86,1.19,5.24,10.22,-1.17,-9.19,-15.35,-5.57
OBDC,Blue Owl BDC,BDC,2026-05-04,11.8,-0.51,5.45,8.66,2.7,-7.88,-14.86,-6.05
OBDC,Blue Owl BDC,BDC,2026-05-05,11.91,0.93,4.84,7.88,7.39,-8.53,-15.35,-5.18
OBDC,Blue Owl BDC,BDC,2026-05-06,11.76,-1.26,4.35,7.89,4.63,-9.89,-15.03,-6.37
OBDC,Blue Owl BDC,BDC,2026-05-07,11.39,-3.15,-2.82,5.95,4.4,-11.77,-16.98,-9.32
OBDC,Blue Owl BDC,BDC,2026-05-08,11.35,-0.35,-4.3,5.48,-0.96,-11.19,-17.21,-9.63
OBDC,Blue Owl BDC,BDC,2026-05-11,11.12,-2.03,-5.76,2.3,-5.28,-8.1,-19.88,-11.46
OBDC,Blue Owl BDC,BDC,2026-05-12,11.17,0.45,-6.21,2.2,-6.37,-7.99,-19.58,-11.07
OBDC,Blue Owl BDC,BDC,2026-05-13,11.17,0.0,-5.02,-1.5,-6.53,-7.53,-22.27,-11.07
OBDC,Blue Owl BDC,BDC,2026-05-14,11.26,0.81,-1.14,-3.18,-5.06,-6.71,-22.77,-10.35
OBDC,Blue Owl BDC,BDC,2026-05-15,11.21,-0.44,-1.23,-3.36,-2.27,-7.36,-23.48,-10.75
OBDC,Blue Owl BDC,BDC,2026-05-18,11.01,-1.78,-0.99,-6.62,-3.67,-7.94,-24.59,-12.34
OBDC,Blue Owl BDC,BDC,2026-05-19,11.05,0.36,-1.07,-6.2,-4.33,-7.14,-24.88,-12.02
OBDC,Blue Owl BDC,BDC,2026-05-20,11.12,0.63,-0.45,-3.39,-2.71,-6.24,-24.46,-11.46
OBDC,Blue Owl BDC,BDC,2026-05-21,11.18,0.54,-0.71,-3.7,-2.53,-4.85,-23.69,-10.99
OBDC,Blue Owl BDC,BDC,2026-05-22,11.03,-1.34,-1.61,-2.82,-4.17,-7.85,-22.87,-12.18
OBDC,Blue Owl BDC,BDC,2026-05-26,11.19,1.45,1.63,-0.71,-4.2,-6.98,-21.42,-10.91
OBDC,Blue Owl BDC,BDC,2026-05-27,11.17,-0.18,1.09,-0.18,-6.21,-9.48,-22.05,-11.07
OBDC,Blue Owl BDC,BDC,2026-05-28,11.11,-0.54,-0.09,-2.2,-5.2,-12.17,-23.75,-11.54
OBDC,Blue Owl BDC,BDC,2026-05-29,11.26,1.35,0.72,-0.09,-0.27,-12.58,-22.82,-10.35
OBDC,Blue Owl BDC,BDC,2026-06-01,11.42,1.42,3.54,-2.56,-0.95,-13.02,-22.05,-9.08
OBDC,Blue Owl BDC,BDC,2026-06-02,11.21,-1.84,0.18,-5.48,-2.52,-14.88,-23.48,-10.75
OBDC,Blue Owl BDC,BDC,2026-06-03,10.95,-2.32,-1.97,-7.2,-5.19,-17.3,-24.12,-12.82
OBDC,Blue Owl BDC,BDC,2026-06-04,11.3,3.2,1.71,-5.12,-2.25,-14.52,-22.12,-10.03
OBDC,Blue Owl BDC,BDC,2026-06-05,11.02,-2.48,-2.13,-6.29,-3.92,-17.82,-24.37,-12.26
OBDC,Blue Owl BDC,BDC,2026-06-08,10.98,-0.36,-3.85,-3.6,-3.77,-18.36,-24.43,-12.58
OBDC,Blue Owl BDC,BDC,2026-06-11,11.17,1.73,-0.36,-1.59,-1.67,-17.14,-23.34,-11.07
OBDC,Blue Owl BDC,BDC,2026-06-12,11.18,0.09,2.1,0.54,0.09,-15.94,-23.95,-10.99
OBDC,Blue Owl BDC,BDC,2026-06-17,10.82,-3.22,-4.25,-3.13,-1.55,-18.89,-26.54,-13.85
OBDC,Blue Owl BDC,BDC,2026-06-18,10.87,0.46,-1.36,-2.69,-0.73,-18.76,-26.31,-13.46
OBDC,Blue Owl BDC,BDC,2026-06-23,10.8,-0.64,-1.64,-4.09,-2.79,-17.87,-26.78,-14.01
OBDC,Blue Owl BDC,BDC,2026-06-24,10.72,-0.74,-4.03,-4.37,-6.38,-17.85,-26.53,-14.65
OBDC,Blue Owl BDC,BDC,2026-06-25,10.68,-0.37,-4.47,-3.0,-6.32,-17.91,-26.29,-14.97
OBDC,Blue Owl BDC,BDC,2026-06-26,10.82,1.31,0.0,-2.08,-5.42,-16.64,-25.22,-13.85
OBDC,Blue Owl BDC,BDC,2026-06-30,10.87,0.46,0.0,-2.25,-2.51,-15.8,-25.45,-13.46
OBDC,Blue Owl BDC,BDC,2026-07-01,10.8,-0.64,0.0,-3.4,-4.59,-14.96,-25.36,-14.01
OBDC,Blue Owl BDC,BDC,2026-07-02,10.82,0.19,0.93,-1.9,-3.22,-14.47,-24.28,-13.85
OBDC,Blue Owl BDC,BDC,2026-07-07,10.83,0.09,1.4,-3.22,-3.65,-14.45,-24.58,-13.77
OBDC,Blue Owl BDC,BDC,2026-07-08,10.76,-0.65,-0.55,-3.67,-3.15,-14.26,-25.54,-14.33
OBDC,Blue Owl BDC,BDC,2026-07-09,10.74,-0.19,-1.2,-3.33,-0.83,-14.69,-26.59,-14.49
OBDC,Blue Owl BDC,BDC,2026-07-10,10.96,2.05,1.48,-2.66,0.64,-13.9,-24.62,-12.74
OBDC,Blue Owl BDC,BDC,2026-07-23,10.7,-2.37,-1.11,-6.3,-3.25,-15.55,-25.38,-14.81
OBDC,Blue Owl BDC,BDC,2026-07-24,10.77,0.65,-0.55,-3.93,0.09,-15.6,-25.16,-14.25
OBDC,Blue Owl BDC,BDC,2026-08-05,10.97,1.86,1.95,0.18,1.01,-11.75,-24.29,-12.66
OBDC,Blue Owl BDC,BDC,2026-08-06,11.31,3.1,5.31,0.09,2.45,-9.95,-22.69,-9.95
OBDC,Blue Owl BDC,BDC,2026-08-07,11.64,2.92,6.2,5.63,6.79,-7.98,-19.28,-7.32
OBDC,Blue Owl BDC,BDC,2026-08-13,11.91,2.32,11.31,8.47,10.79,-4.72,-17.41,-5.18
OBDC,Blue Owl BDC,BDC,2026-08-14,11.72,-1.6,8.82,4.92,8.92,-4.4,-18.61,-6.69
OBDC,Blue Owl BDC,BDC,2026-08-17,11.5,-1.88,4.83,2.86,5.8,-8.87,-21.34,-8.44
OBDC,Blue Owl BDC,BDC,2026-08-18,11.41,-0.78,0.88,5.45,4.39,-9.16,-22.12,-9.16
OBDC,Blue Owl BDC,BDC,2026-08-19,11.33,-0.7,-2.66,4.23,-0.09,-10.43,-23.45,-9.79
OBDC,Blue Owl BDC,BDC,2026-08-20,11.28,-0.44,-5.29,4.44,-3.01,-9.32,-23.73,-10.19
OBDC,Blue Owl BDC,BDC,2026-08-21,11.3,0.18,-3.58,5.41,-2.59,-10.88,-24.41,-10.03
OBDC,Blue Owl BDC,BDC,2026-08-24,11.4,0.88,-0.87,6.74,-3.31,-10.45,-24.5,-9.24
OBDC,Blue Owl BDC,BDC,2026-08-25,11.36,-0.35,-0.44,4.99,-3.57,-9.91,-24.72,-9.55
OBDC,Blue Owl BDC,BDC,2026-08-26,11.25,-0.97,-0.71,3.5,-2.26,-9.42,-24.09,-10.43
OTF,Blue Owl Tech BDC,BDC,2026-01-02,14.2,-2.34,0.64,-0.49,0.85,-9.15,,0.0
OTF,Blue Owl Tech BDC,BDC,2026-01-05,14.68,3.38,3.89,0.89,2.66,-4.92,,3.38
OTF,Blue Owl Tech BDC,BDC,2026-01-06,14.11,-3.88,-3.75,-2.82,-0.35,-9.55,,-0.63
OTF,Blue Owl Tech BDC,BDC,2026-01-07,14.06,-0.35,-4.09,-3.5,0.43,-10.73,,-0.99
OTF,Blue Owl Tech BDC,BDC,2026-01-08,14.23,1.21,-2.13,-1.93,1.86,-8.84,,0.21
OTF,Blue Owl Tech BDC,BDC,2026-01-09,14.02,-1.48,-1.27,-4.3,2.49,-10.3,,-1.27
OTF,Blue Owl Tech BDC,BDC,2026-01-12,13.79,-1.64,-6.06,-5.03,2.53,-11.38,,-2.89
OTF,Blue Owl Tech BDC,BDC,2026-01-13,13.88,0.65,-1.63,-2.32,-2.53,-10.8,,-2.25
OTF,Blue Owl Tech BDC,BDC,2026-01-14,14.14,1.87,0.57,-0.14,-1.87,-9.24,,-0.42
OTF,Blue Owl Tech BDC,BDC,2026-01-15,14.49,2.48,1.83,4.02,1.12,-7.82,,2.04
OTF,Blue Owl Tech BDC,BDC,2026-01-16,14.15,-2.35,0.93,1.65,1.36,-9.47,,-0.35
OTF,Blue Owl Tech BDC,BDC,2026-01-20,13.82,-2.33,0.22,-0.58,-3.83,-10.14,,-2.68
OTF,Blue Owl Tech BDC,BDC,2026-01-21,13.84,0.14,-0.29,-0.29,-2.33,-10.13,,-2.54
OTF,Blue Owl Tech BDC,BDC,2026-01-22,13.98,1.01,-1.13,3.02,-2.71,-10.15,,-1.55
OTF,Blue Owl Tech BDC,BDC,2026-01-23,13.8,-1.29,-4.76,-1.43,-1.92,-10.97,,-2.82
OTF,Blue Owl Tech BDC,BDC,2026-01-26,13.55,-1.81,-4.24,-3.9,-5.31,-13.03,,-4.58
OTF,Blue Owl Tech BDC,BDC,2026-01-27,13.45,-0.74,-2.68,-4.68,-6.08,-13.17,,-5.28
OTF,Blue Owl Tech BDC,BDC,2026-01-28,13.26,-1.41,-4.19,-6.16,-9.61,-13.05,,-6.62
OTF,Blue Owl Tech BDC,BDC,2026-01-29,13.4,1.06,-4.15,-8.59,-8.91,-12.42,,-5.63
OTF,Blue Owl Tech BDC,BDC,2026-01-30,13.33,-0.52,-3.41,-9.07,-6.91,-11.19,,-6.13
OTF,Blue Owl Tech BDC,BDC,2026-02-02,13.15,-1.35,-2.95,-9.56,-7.07,-12.97,,-7.39
OTF,Blue Owl Tech BDC,BDC,2026-02-03,12.3,-6.46,-8.55,-13.38,-14.23,-17.84,,-13.38
OTF,Blue Owl Tech BDC,BDC,2026-02-04,12.38,0.65,-6.64,-15.67,-12.76,-17.19,,-12.82
OTF,Blue Owl Tech BDC,BDC,2026-02-05,11.8,-4.68,-11.94,-16.37,-17.54,-21.12,,-16.9
OTF,Blue Owl Tech BDC,BDC,2026-02-06,12.23,3.64,-8.25,-13.02,-14.95,-17.7,,-13.87
OTF,Blue Owl Tech BDC,BDC,2026-02-09,13.03,6.54,-0.91,-8.43,-6.66,-12.31,,-8.24
OTF,Blue Owl Tech BDC,BDC,2026-02-10,13.33,2.3,8.37,-4.92,-3.05,-7.56,,-6.13
OTF,Blue Owl Tech BDC,BDC,2026-02-11,12.96,-2.78,4.68,-6.02,-3.71,-10.12,,-8.73
OTF,Blue Owl Tech BDC,BDC,2026-02-12,12.9,-0.46,9.32,-7.06,-4.44,-12.54,,-9.15
OTF,Blue Owl Tech BDC,BDC,2026-02-13,12.66,-1.86,3.52,-10.47,-7.73,-12.51,,-10.85
OTF,Blue Owl Tech BDC,BDC,2026-02-17,12.47,-1.5,-4.3,-13.94,-6.38,-15.05,,-12.18
OTF,Blue Owl Tech BDC,BDC,2026-02-18,12.63,1.28,-5.25,-10.74,-4.61,-15.06,,-11.06
OTF,Blue Owl Tech BDC,BDC,2026-02-19,12.31,-2.53,-5.02,-10.93,-6.53,-17.22,,-13.31
OTF,Blue Owl Tech BDC,BDC,2026-02-20,11.62,-5.61,-9.92,-16.04,-13.02,-20.57,,-18.17
OTF,Blue Owl Tech BDC,BDC,2026-02-23,11.19,-3.7,-11.61,-19.96,-14.97,-24.03,,-21.2
OTF,Blue Owl Tech BDC,BDC,2026-02-24,11.53,3.04,-7.54,-16.45,-12.25,-22.41,,-18.8
OTF,Blue Owl Tech BDC,BDC,2026-02-25,11.49,-0.35,-9.03,-15.2,-14.32,-23.04,,-19.08
OTF,Blue Owl Tech BDC,BDC,2026-02-26,11.47,-0.17,-6.82,-14.72,-15.48,-23.23,,-19.23
OTF,Blue Owl Tech BDC,BDC,2026-02-27,11.15,-2.79,-4.04,-15.91,-18.61,-25.91,,-21.48
OTF,Blue Owl Tech BDC,BDC,2026-03-02,11.64,4.39,4.02,-13.13,-14.79,-21.72,,-18.03
OTF,Blue Owl Tech BDC,BDC,2026-03-03,11.81,1.46,2.43,-11.4,-15.04,-20.74,,-16.83
OTF,Blue Owl Tech BDC,BDC,2026-03-04,11.92,0.93,3.74,-9.35,-15.64,-18.91,,-16.06
OTF,Blue Owl Tech BDC,BDC,2026-03-05,11.94,0.17,4.1,-2.93,-16.33,-18.61,,-15.92
OTF,Blue Owl Tech BDC,BDC,2026-03-06,11.82,-1.01,6.01,-4.52,-18.76,-19.21,,-16.76
OTF,Blue Owl Tech BDC,BDC,2026-03-09,11.71,-0.93,0.6,-0.76,-19.35,-20.39,,-17.54
OTF,Blue Owl Tech BDC,BDC,2026-03-10,11.46,-2.13,-2.96,-6.3,-21.35,-23.09,,-19.3
OTF,Blue Owl Tech BDC,BDC,2026-03-11,11.7,2.09,-1.85,-10.21,-19.37,-21.48,,-17.61
OTF,Blue Owl Tech BDC,BDC,2026-03-12,11.38,-2.74,-4.69,-14.63,-22.32,-21.73,,-19.86
OTF,Blue Owl Tech BDC,BDC,2026-03-13,11.73,3.08,-0.76,-9.49,-19.21,-20.31,,-17.39
OTF,Blue Owl Tech BDC,BDC,2026-03-16,12.29,4.77,4.95,-4.73,-13.51,-16.39,,-13.45
OTF,Blue Owl Tech BDC,BDC,2026-03-17,12.57,2.28,9.69,-0.71,-11.23,-16.92,,-11.48
OTF,Blue Owl Tech BDC,BDC,2026-03-18,12.39,-1.43,5.9,-0.64,-11.06,-19.55,,-12.75
OTF,Blue Owl Tech BDC,BDC,2026-03-19,12.65,2.1,11.16,0.16,-9.12,-18.07,,-10.92
OTF,Blue Owl Tech BDC,BDC,2026-03-20,12.5,-1.19,6.56,1.54,-10.07,-19.46,,-11.97
OTF,Blue Owl Tech BDC,BDC,2026-03-23,12.26,-1.92,-0.24,5.51,-11.67,-15.51,,-13.66
OTF,Blue Owl Tech BDC,BDC,2026-03-24,12.4,1.14,-1.35,10.81,-8.62,-12.8,,-12.68
OTF,Blue Owl Tech BDC,BDC,2026-03-25,12.65,2.02,2.1,9.71,-9.64,-10.66,,-10.92
OTF,Blue Owl Tech BDC,BDC,2026-03-26,12.59,-0.47,-0.47,9.57,-10.71,-11.65,,-11.34
OTF,Blue Owl Tech BDC,BDC,2026-03-27,12.27,-2.54,-1.84,6.97,-13.04,-13.71,,-13.59
OTF,Blue Owl Tech BDC,BDC,2026-03-30,12.54,2.2,2.28,12.47,-11.25,-12.0,,-11.69
OTF,Blue Owl Tech BDC,BDC,2026-03-31,12.39,-1.2,-0.08,6.44,-15.48,-12.5,,-12.75
OTF,Blue Owl Tech BDC,BDC,2026-04-01,11.64,-6.05,-7.98,-1.44,-20.6,-15.77,,-18.03
OTF,Blue Owl Tech BDC,BDC,2026-04-02,11.49,-1.29,-8.74,-3.61,-20.98,-15.58,,-19.08
OTF,Blue Owl Tech BDC,BDC,2026-04-06,11.33,-1.39,-7.66,-5.11,-20.21,-19.53,,-20.21
OTF,Blue Owl Tech BDC,BDC,2026-04-07,11.12,-1.85,-11.32,-5.92,-24.25,-22.24,,-21.69
OTF,Blue Owl Tech BDC,BDC,2026-04-08,11.16,0.36,-9.93,-4.7,-20.91,-21.19,,-21.41
OTF,Blue Owl Tech BDC,BDC,2026-04-09,11.23,0.63,-3.52,-2.01,-20.13,-19.79,,-20.92
OTF,Blue Owl Tech BDC,BDC,2026-04-10,11.35,1.07,-1.22,-2.99,-20.24,-18.75,,-20.07
OTF,Blue Owl Tech BDC,BDC,2026-04-13,11.61,2.29,2.47,2.02,-17.19,-15.13,,-18.24
OTF,Blue Owl Tech BDC,BDC,2026-04-14,11.89,2.41,6.92,1.36,-13.78,-11.6,,-16.27
OTF,Blue Owl Tech BDC,BDC,2026-04-15,12.27,3.2,9.95,-0.16,-11.6,-13.83,,-13.59
OTF,Blue Owl Tech BDC,BDC,2026-04-16,12.07,-1.63,7.48,-3.98,-14.64,-16.24,,-15.0
OTF,Blue Owl Tech BDC,BDC,2026-04-17,12.16,0.75,7.14,-1.86,-16.08,-15.14,,-14.37
OTF,Blue Owl Tech BDC,BDC,2026-04-20,12.16,0.0,4.74,-3.87,-14.06,-12.89,,-14.37
OTF,Blue Owl Tech BDC,BDC,2026-04-21,11.54,-5.1,-2.94,-7.68,-16.5,-19.69,,-18.73
OTF,Blue Owl Tech BDC,BDC,2026-04-22,11.54,0.0,-5.95,-5.87,-16.62,-18.56,,-18.73
OTF,Blue Owl Tech BDC,BDC,2026-04-23,11.1,-3.81,-8.04,-10.48,-20.6,-22.76,,-21.83
OTF,Blue Owl Tech BDC,BDC,2026-04-24,11.1,0.0,-8.72,-12.25,-19.57,-21.11,,-21.83
OTF,Blue Owl Tech BDC,BDC,2026-04-27,10.82,-2.52,-11.02,-14.06,-20.15,-24.39,,-23.8
OTF,Blue Owl Tech BDC,BDC,2026-04-28,10.93,1.02,-5.29,-10.92,-18.74,-23.67,,-23.03
OTF,Blue Owl Tech BDC,BDC,2026-04-29,10.75,-1.65,-6.85,-14.27,-18.93,-26.72,,-24.3
OTF,Blue Owl Tech BDC,BDC,2026-04-30,11.38,5.86,2.52,-8.15,-15.07,-22.64,,-19.86
OTF,Blue Owl Tech BDC,BDC,2026-05-01,11.59,1.85,4.41,-0.43,-13.05,-19.06,,-18.38
OTF,Blue Owl Tech BDC,BDC,2026-05-04,11.46,-1.12,5.91,-0.26,-12.85,-19.01,,-19.3
OTF,Blue Owl Tech BDC,BDC,2026-05-05,11.63,1.48,6.4,2.65,-5.45,-18.9,,-18.1
OTF,Blue Owl Tech BDC,BDC,2026-05-06,11.73,0.86,9.12,5.49,-5.25,-17.34,,-17.39
OTF,Blue Owl Tech BDC,BDC,2026-05-07,11.03,-5.97,-3.08,-1.16,-6.53,-22.92,,-22.32
OTF,Blue Owl Tech BDC,BDC,2026-05-08,10.92,-1.0,-5.78,-2.76,-10.71,-24.06,,-23.1
OTF,Blue Owl Tech BDC,BDC,2026-05-11,10.76,-1.47,-6.11,-5.2,-17.42,-22.92,,-24.23
OTF,Blue Owl Tech BDC,BDC,2026-05-12,10.72,-0.37,-7.82,-7.67,-19.58,-22.04,,-24.51
OTF,Blue Owl Tech BDC,BDC,2026-05-13,10.89,1.59,-7.16,-8.41,-15.97,-19.09,,-23.31
OTF,Blue Owl Tech BDC,BDC,2026-05-14,11.16,2.48,1.18,-9.05,-13.49,-17.33,,-21.41
OTF,Blue Owl Tech BDC,BDC,2026-05-15,11.17,0.09,2.29,-7.46,-11.77,-18.59,,-21.34
OTF,Blue Owl Tech BDC,BDC,2026-05-18,10.97,-1.79,1.95,-9.79,-12.03,-17.64,,-22.75
OTF,Blue Owl Tech BDC,BDC,2026-05-19,10.97,0.0,2.33,-9.79,-13.14,-17.15,,-22.75
OTF,Blue Owl Tech BDC,BDC,2026-05-20,10.92,-0.46,0.28,-5.37,-11.29,-17.08,,-23.1
OTF,Blue Owl Tech BDC,BDC,2026-05-21,10.75,-1.56,-3.67,-6.85,-7.49,-19.54,,-24.3
OTF,Blue Owl Tech BDC,BDC,2026-05-22,10.63,-1.12,-4.83,-4.23,-5.0,-19.22,,-25.14
OTF,Blue Owl Tech BDC,BDC,2026-05-26,10.65,0.19,-2.92,-4.05,-7.63,-18.95,,-25.0
OTF,Blue Owl Tech BDC,BDC,2026-05-27,10.71,0.56,-2.37,-1.02,-6.79,-20.13,,-24.58
OTF,Blue Owl Tech BDC,BDC,2026-05-28,10.91,1.87,-0.09,-0.18,-4.88,-19.6,,-23.17
OTF,Blue Owl Tech BDC,BDC,2026-05-29,11.11,1.83,3.35,3.35,-0.36,-18.91,,-21.76
OTF,Blue Owl Tech BDC,BDC,2026-06-01,11.38,2.43,7.06,0.0,-2.23,-16.69,,-19.86
OTF,Blue Owl Tech BDC,BDC,2026-06-02,11.05,-2.9,3.76,-4.66,-6.44,-20.5,,-22.18
OTF,Blue Owl Tech BDC,BDC,2026-06-03,10.9,-1.36,1.77,-4.89,-8.56,-22.86,,-23.24
OTF,Blue Owl Tech BDC,BDC,2026-06-04,11.49,5.41,5.32,-1.2,-3.77,-19.48,,-19.08
OTF,Blue Owl Tech BDC,BDC,2026-06-05,11.29,-1.74,1.62,-3.75,-4.48,-22.41,,-20.49
OTF,Blue Owl Tech BDC,BDC,2026-06-08,11.36,0.62,-0.18,2.99,-2.99,-21.76,,-20.0
OTF,Blue Owl Tech BDC,BDC,2026-06-09,11.28,-0.7,2.08,3.3,-1.57,-22.58,,-20.56
OTF,Blue Owl Tech BDC,BDC,2026-06-10,11.06,-1.95,1.47,2.79,-5.47,-23.78,,-22.11
OTF,Blue Owl Tech BDC,BDC,2026-06-11,11.03,-0.27,-4.0,2.89,-3.08,-24.71,,-22.32
OTF,Blue Owl Tech BDC,BDC,2026-06-12,11.15,1.09,-1.24,2.39,-4.94,-23.21,,-21.48
OTF,Blue Owl Tech BDC,BDC,2026-06-15,10.78,-3.32,-5.11,-3.41,-12.29,-24.14,-34.9,-24.08
OTF,Blue Owl Tech BDC,BDC,2026-06-16,11.01,2.13,-2.39,-1.43,-12.41,-22.25,-31.19,-22.46
OTF,Blue Owl Tech BDC,BDC,2026-06-17,10.77,-2.18,-2.62,-1.82,-13.08,-22.68,-32.43,-24.15
OTF,Blue Owl Tech BDC,BDC,2026-06-18,10.66,-1.02,-3.35,-2.83,-15.73,-23.42,-32.4,-24.93
OTF,Blue Owl Tech BDC,BDC,2026-06-22,10.48,-1.69,-6.01,-4.03,-16.16,-24.6,-33.96,-26.2
OTF,Blue Owl Tech BDC,BDC,2026-06-23,10.49,0.1,-2.69,-2.42,-14.44,-24.42,-33.4,-26.13
OTF,Blue Owl Tech BDC,BDC,2026-06-24,10.22,-2.57,-7.18,-3.86,-17.58,-24.69,-34.7,-28.03
OTF,Blue Owl Tech BDC,BDC,2026-06-25,10.1501,-0.68,-5.76,-4.69,-19.76,-27.5,-35.76,-28.52
OTF,Blue Owl Tech BDC,BDC,2026-06-26,10.51,3.55,-1.41,-1.87,-16.52,-25.46,-32.06,-25.99
OTF,Blue Owl Tech BDC,BDC,2026-06-29,10.71,1.9,2.19,-1.83,-12.71,-24.1,-31.08,-24.58
OTF,Blue Owl Tech BDC,BDC,2026-06-30,10.35,-3.36,-1.33,-6.84,-17.46,-26.75,-32.79,-27.11
OTF,Blue Owl Tech BDC,BDC,2026-07-01,10.66,3.0,4.31,-6.33,-13.96,-27.29,-30.1,-24.93
OTF,Blue Owl Tech BDC,BDC,2026-07-02,10.46,-1.88,3.05,-5.34,-10.14,-28.65,-32.78,-26.34
OTF,Blue Owl Tech BDC,BDC,2026-07-06,10.37,-0.86,-1.33,-4.86,-9.75,-28.68,-33.05,-26.97
OTF,Blue Owl Tech BDC,BDC,2026-07-07,10.26,-1.06,-4.2,-10.7,-9.44,-27.75,-34.36,-27.75
OTF,Blue Owl Tech BDC,BDC,2026-07-08,10.15,-1.07,-1.93,-10.1,-8.72,-30.86,-34.26,-28.52
OTF,Blue Owl Tech BDC,BDC,2026-07-09,10.19,0.39,-4.41,-10.3,-8.69,-27.78,-34.68,-28.24
OTF,Blue Owl Tech BDC,BDC,2026-07-10,10.33,1.37,-1.24,-8.42,-8.01,-26.53,-34.41,-27.25
OTF,Blue Owl Tech BDC,BDC,2026-07-13,10.15,-1.74,-2.12,-8.23,-10.57,-28.67,-34.98,-28.52
OTF,Blue Owl Tech BDC,BDC,2026-07-14,10.28,1.28,0.19,-6.8,-11.46,-26.68,-34.23,-27.61
OTF,Blue Owl Tech BDC,BDC,2026-07-15,10.38,0.97,2.27,-6.91,-12.7,-24.73,-33.29,-26.9
OTF,Blue Owl Tech BDC,BDC,2026-07-16,10.29,-0.87,0.98,-4.55,-16.14,-25.86,-33.87,-27.54
OTF,Blue Owl Tech BDC,BDC,2026-07-17,10.1,-1.85,-2.23,-8.27,-16.32,-28.57,-35.17,-28.87
OTF,Blue Owl Tech BDC,BDC,2026-07-20,10.15,0.5,0.0,-5.76,-16.53,-29.95,-35.43,-28.52
OTF,Blue Owl Tech BDC,BDC,2026-07-21,10.08,-0.69,-1.95,-5.44,-17.11,-28.76,-35.51,-29.01
OTF,Blue Owl Tech BDC,BDC,2026-07-22,9.95,-1.29,-4.14,-5.06,-13.78,-28.0,-35.31,-29.93
OTF,Blue Owl Tech BDC,BDC,2026-07-23,9.93,-0.2,-3.5,-5.34,-13.95,-28.25,-35.52,-30.07
OTF,Blue Owl Tech BDC,BDC,2026-07-24,9.95,0.2,-1.49,-2.64,-10.36,-28.83,-36.05,-29.93
OTF,Blue Owl Tech BDC,BDC,2026-07-27,10.07,1.21,-0.79,-0.79,-9.28,-27.03,-35.03,-29.08
OTF,Blue Owl Tech BDC,BDC,2026-07-28,10.07,0.0,-0.1,-4.19,-6.93,-25.68,-35.37,-29.08
OTF,Blue Owl Tech BDC,BDC,2026-07-29,9.95,-1.19,0.0,-7.1,-8.97,-26.02,-35.77,-29.93
OTF,Blue Owl Tech BDC,BDC,2026-07-30,9.87,-0.8,-0.6,-4.64,-8.19,-25.57,-35.28,-30.49
OTF,Blue Owl Tech BDC,BDC,2026-07-31,9.94,0.71,-0.1,-6.75,-12.65,-25.82,-35.03,-30.0
OTF,Blue Owl Tech BDC,BDC,2026-08-03,10.31,3.72,2.38,-1.43,-11.04,-22.66,-31.31,-27.39
OTF,Blue Owl Tech BDC,BDC,2026-08-04,10.7,3.78,6.26,3.18,-6.63,-18.63,-29.19,-24.65
OTF,Blue Owl Tech BDC,BDC,2026-08-05,10.42,-2.62,4.72,1.56,-10.4,-15.28,-30.39,-26.62
OTF,Blue Owl Tech BDC,BDC,2026-08-06,11.33,8.73,14.79,11.63,-3.41,-8.48,-24.21,-20.21
OTF,Blue Owl Tech BDC,BDC,2026-08-07,11.7,3.27,17.71,14.82,6.07,-0.85,-21.79,-17.61
OTF,Blue Owl Tech BDC,BDC,2026-08-10,11.39,-2.65,10.48,10.26,4.3,-6.87,-23.35,-19.79
OTF,Blue Owl Tech BDC,BDC,2026-08-11,11.73,2.99,9.63,15.57,9.01,-9.98,-21.06,-17.39
OTF,Blue Owl Tech BDC,BDC,2026-08-12,11.51,-1.88,10.46,11.96,7.37,-13.65,-20.18,-18.94
OTF,Blue Owl Tech BDC,BDC,2026-08-13,11.5,-0.09,1.5,10.79,5.6,-11.27,-20.25,-19.01
OTF,Blue Owl Tech BDC,BDC,2026-08-14,11.46,-0.35,-2.05,11.37,2.69,-11.16,-22.31,-19.3
OTF,Blue Owl Tech BDC,BDC,2026-08-17,11.13,-2.88,-2.28,10.2,-0.36,-12.09,-23.08,-21.62
OTF,Blue Owl Tech BDC,BDC,2026-08-18,11.12,-0.09,-5.2,9.56,1.37,-10.83,-24.25,-21.69
OTF,Blue Owl Tech BDC,BDC,2026-08-19,11.16,0.36,-3.04,10.71,1.73,-11.64,-24.95,-21.41
OTF,Blue Owl Tech BDC,BDC,2026-08-20,11.11,-0.45,-3.39,11.66,1.74,-9.75,-25.29,-21.76
OTF,Blue Owl Tech BDC,BDC,2026-08-21,10.96,-1.35,-4.36,10.37,1.95,-5.68,-25.09,-22.82
OTF,Blue Owl Tech BDC,BDC,2026-08-24,11.1,1.28,-0.27,11.56,4.42,-0.8,-24.64,-21.83
OTF,Blue Owl Tech BDC,BDC,2026-08-25,11.18,0.72,0.54,11.02,4.98,-3.04,-24.76,-21.27
OTF,Blue Owl Tech BDC,BDC,2026-08-26,11.07,-0.98,-0.81,9.93,3.36,-3.66,-25.85,-22.04
OTF,Blue Owl Tech BDC,BDC,2026-08-27,11.3,2.08,1.71,13.57,3.57,-1.48,-24.36,-20.42
OTF,Blue Owl Tech BDC,BDC,2026-08-28,11.37,0.62,3.74,15.2,2.34,1.97,-24.45,-19.93
APO,Apollo,Capital,2026-01-02,146.61,1.28,-1.5,11.0,15.23,1.48,,0.0
APO,Apollo,Capital,2026-01-05,149.76,2.15,0.83,11.35,18.96,5.82,,2.15
APO,Apollo,Capital,2026-01-06,152.7,1.96,3.69,11.66,20.52,5.3,,4.15
APO,Apollo,Capital,2026-01-07,144.28,-5.51,-1.22,4.45,14.46,-1.62,,-1.59
APO,Apollo,Capital,2026-01-08,146.19,1.32,0.99,6.41,17.14,-1.36,,-0.29
APO,Apollo,Capital,2026-01-09,145.82,-0.25,-0.54,1.34,18.03,-0.92,,-0.54
APO,Apollo,Capital,2026-01-12,143.91,-1.31,-3.91,-3.47,21.73,-3.11,,-1.84
APO,Apollo,Capital,2026-01-13,143.24,-0.47,-6.2,-4.72,16.99,-1.7,,-2.3
APO,Apollo,Capital,2026-01-14,144.06,0.57,-0.15,-2.7,12.86,-5.66,,-1.74
APO,Apollo,Capital,2026-01-15,144.15,0.06,-1.4,-1.83,12.88,-7.63,,-1.68
APO,Apollo,Capital,2026-01-16,143.88,-0.19,-1.33,-2.22,19.07,-5.34,,-1.86
APO,Apollo,Capital,2026-01-20,138.64,-3.64,-3.66,-5.3,14.22,-6.76,,-5.44
APO,Apollo,Capital,2026-01-21,139.53,0.64,-2.59,-4.63,11.45,-6.76,,-4.83
APO,Apollo,Capital,2026-01-22,139.73,0.14,-3.01,-4.52,10.91,-7.98,,-4.69
APO,Apollo,Capital,2026-01-23,136.31,-2.45,-5.44,-8.45,7.73,-10.11,,-7.03
APO,Apollo,Capital,2026-01-26,131.56,-3.48,-8.56,-11.33,6.92,-12.95,,-10.27
APO,Apollo,Capital,2026-01-27,131.72,0.12,-4.99,-11.51,5.38,-11.42,,-10.16
APO,Apollo,Capital,2026-01-28,132.89,0.89,-4.76,-10.52,5.16,-10.1,,-9.36
APO,Apollo,Capital,2026-01-29,134.49,1.2,-3.75,-8.68,8.05,-7.54,,-8.27
APO,Apollo,Capital,2026-01-30,134.54,0.04,-1.3,-7.89,7.74,-7.42,,-8.23
APO,Apollo,Capital,2026-02-02,133.19,-1.0,1.24,-7.99,7.89,-3.69,,-9.15
APO,Apollo,Capital,2026-02-03,126.85,-4.76,-3.7,-13.48,2.04,-10.68,,-13.48
APO,Apollo,Capital,2026-02-04,132.8,4.69,-0.07,-11.32,7.14,-8.75,,-9.42
APO,Apollo,Capital,2026-02-05,126.08,-5.06,-6.25,-17.43,-3.39,-13.57,,-14.0
APO,Apollo,Capital,2026-02-06,133.03,5.51,-1.12,-7.8,-0.54,-5.73,,-9.26
APO,Apollo,Capital,2026-02-09,133.95,0.69,0.57,-8.37,3.85,-5.65,,-8.64
APO,Apollo,Capital,2026-02-10,132.43,-1.13,4.4,-9.18,0.05,-6.82,,-9.67
APO,Apollo,Capital,2026-02-11,126.95,-4.14,-4.41,-11.79,-3.03,-12.21,,-13.41
APO,Apollo,Capital,2026-02-12,125.37,-1.24,-0.56,-12.48,-5.65,-11.05,,-14.49
APO,Apollo,Capital,2026-02-13,125.07,-0.24,-5.98,-13.18,-6.37,-11.1,,-14.69
APO,Apollo,Capital,2026-02-17,125.15,0.06,-6.57,-13.18,-2.77,-10.22,,-14.64
APO,Apollo,Capital,2026-02-18,125.36,0.17,-5.34,-12.87,-4.01,-10.07,,-14.49
APO,Apollo,Capital,2026-02-19,118.34,-5.6,-6.78,-14.64,-4.83,-13.67,,-19.28
APO,Apollo,Capital,2026-02-20,119.72,1.17,-4.51,-14.2,-3.7,-11.54,,-18.34
APO,Apollo,Capital,2026-02-23,113.73,-5.0,-9.07,-18.61,-10.59,-15.13,,-22.43
APO,Apollo,Capital,2026-02-24,114.13,0.35,-8.81,-16.27,-9.96,-14.96,,-22.15
APO,Apollo,Capital,2026-02-25,117.21,2.7,-6.5,-10.91,-9.85,-12.46,,-20.05
APO,Apollo,Capital,2026-02-26,114.4,-2.4,-3.33,-13.15,-12.07,-14.88,,-21.97
APO,Apollo,Capital,2026-02-27,104.6,-8.57,-12.63,-21.29,-19.92,-22.93,,-28.65
APO,Apollo,Capital,2026-03-02,106.45,1.77,-6.4,-20.85,-18.29,-21.95,,-27.39
APO,Apollo,Capital,2026-03-03,107.08,0.59,-6.18,-20.41,-18.79,-21.4,,-26.96
APO,Apollo,Capital,2026-03-04,109.79,2.53,-6.33,-17.57,-16.44,-19.18,,-25.11
APO,Apollo,Capital,2026-03-05,111.24,1.32,-2.76,-12.31,-15.78,-16.13,,-24.13
APO,Apollo,Capital,2026-03-06,108.7,-2.28,3.92,-18.15,-19.18,-19.34,,-25.86
APO,Apollo,Capital,2026-03-09,108.14,-0.52,1.59,-14.23,-20.92,-17.8,,-26.24
APO,Apollo,Capital,2026-03-10,108.17,0.03,1.02,-18.69,-21.69,-19.54,,-26.22
APO,Apollo,Capital,2026-03-11,106.1,-1.91,-3.36,-20.79,-22.77,-21.07,,-27.63
APO,Apollo,Capital,2026-03-12,100.3,-5.47,-9.83,-24.26,-30.29,-24.95,,-31.59
APO,Apollo,Capital,2026-03-13,104.44,4.13,-3.92,-17.73,-29.94,-23.43,,-28.76
APO,Apollo,Capital,2026-03-16,103.45,-0.95,-4.34,-17.48,-31.18,-25.05,,-29.44
APO,Apollo,Capital,2026-03-17,108.89,5.26,0.67,-12.94,-26.45,-21.37,,-25.73
APO,Apollo,Capital,2026-03-18,111.2,2.12,4.81,-11.15,-24.27,-20.6,,-24.15
APO,Apollo,Capital,2026-03-19,111.37,0.15,11.04,-11.16,-24.32,-19.77,,-24.04
APO,Apollo,Capital,2026-03-20,112.0,0.57,7.24,-5.36,-23.5,-21.95,,-23.61
APO,Apollo,Capital,2026-03-23,110.45,-1.38,6.77,-7.74,-24.5,-23.7,,-24.66
APO,Apollo,Capital,2026-03-24,111.25,0.72,2.17,-2.18,-23.98,-22.72,,-24.12
APO,Apollo,Capital,2026-03-25,109.8,-1.3,-1.26,-3.79,-26.25,-24.22,,-25.11
APO,Apollo,Capital,2026-03-26,109.98,0.16,-1.25,-6.17,-25.87,-19.82,,-24.98
APO,Apollo,Capital,2026-03-27,108.42,-1.42,-3.2,-5.23,-27.16,-20.36,,-26.05
APO,Apollo,Capital,2026-03-30,109.95,1.41,-0.45,5.11,-25.97,-20.11,,-25.01
APO,Apollo,Capital,2026-03-31,111.42,1.34,0.15,4.67,-24.34,-19.52,,-24.0
APO,Apollo,Capital,2026-04-01,110.25,-1.05,0.41,2.96,-24.52,-17.27,,-24.8
APO,Apollo,Capital,2026-04-02,107.04,-2.91,-2.67,-2.5,-26.06,-17.63,,-26.99
APO,Apollo,Capital,2026-04-06,106.11,-0.87,-2.13,-4.61,-27.62,-16.6,,-27.62
APO,Apollo,Capital,2026-04-07,105.36,-0.71,-4.17,-3.07,-29.65,-16.31,,-28.14
APO,Apollo,Capital,2026-04-08,107.05,1.6,-3.92,-1.01,-29.9,-15.51,,-26.98
APO,Apollo,Capital,2026-04-09,106.98,-0.07,-2.97,-1.1,-25.85,-15.13,,-27.03
APO,Apollo,Capital,2026-04-10,104.28,-2.52,-2.58,-1.72,-28.67,-16.44,,-28.87
APO,Apollo,Capital,2026-04-13,109.95,5.44,3.62,9.62,-24.6,-11.0,,-25.01
APO,Apollo,Capital,2026-04-14,114.82,4.43,8.98,9.94,-20.21,-2.88,,-21.68
APO,Apollo,Capital,2026-04-15,120.54,4.98,12.6,16.52,-15.85,-1.55,,-17.78
APO,Apollo,Capital,2026-04-16,120.81,0.22,12.93,10.95,-16.14,-5.35,,-17.6
APO,Apollo,Capital,2026-04-17,124.62,3.15,19.51,12.07,-13.55,-2.41,,-15.0
APO,Apollo,Capital,2026-04-20,127.33,2.17,15.81,14.33,-11.5,5.37,,-13.15
APO,Apollo,Capital,2026-04-21,127.26,-0.05,10.83,13.63,-8.21,4.84,,-13.2
APO,Apollo,Capital,2026-04-22,129.06,1.41,7.07,16.85,-7.5,3.09,,-11.97
APO,Apollo,Capital,2026-04-23,124.77,-3.32,3.28,12.15,-10.71,-0.96,,-14.9
APO,Apollo,Capital,2026-04-24,124.26,-0.41,-0.29,13.17,-8.84,-1.79,,-15.24
APO,Apollo,Capital,2026-04-27,123.33,-0.75,-3.14,12.14,-6.26,0.23,-7.49,-15.88
APO,Apollo,Capital,2026-04-28,123.57,0.19,-2.9,13.97,-6.19,-1.14,-7.37,-15.72
APO,Apollo,Capital,2026-04-29,122.28,-1.04,-5.25,11.21,-7.98,-3.24,-10.33,-16.6
APO,Apollo,Capital,2026-04-30,128.72,5.27,3.17,15.53,-4.29,3.41,-6.42,-12.2
APO,Apollo,Capital,2026-05-01,130.46,1.35,4.99,18.33,-3.03,4.47,-4.41,-11.02
APO,Apollo,Capital,2026-05-04,129.19,-0.97,4.75,20.69,-3.0,4.65,-6.31,-11.88
APO,Apollo,Capital,2026-05-05,130.3,0.86,5.45,22.8,2.72,4.82,-3.75,-11.12
APO,Apollo,Capital,2026-05-06,129.53,-0.59,5.93,22.94,-2.46,4.5,-3.32,-11.65
APO,Apollo,Capital,2026-05-07,127.79,-1.34,-0.72,19.37,1.36,-2.08,-1.18,-12.84
APO,Apollo,Capital,2026-05-08,133.2,4.23,2.1,24.51,0.13,-0.41,2.98,-9.15
APO,Apollo,Capital,2026-05-11,130.46,-2.06,0.98,25.11,-2.61,1.15,-2.05,-11.02
APO,Apollo,Capital,2026-05-12,131.93,1.13,1.25,19.99,-0.38,-0.33,-0.4,-10.01
APO,Apollo,Capital,2026-05-13,131.6,-0.25,1.6,14.61,3.66,0.52,-8.26,-10.24
APO,Apollo,Capital,2026-05-14,135.52,2.98,6.05,12.43,8.1,1.99,-6.58,-7.56
APO,Apollo,Capital,2026-05-15,135.38,-0.1,1.64,12.06,8.24,1.35,-6.14,-7.66
APO,Apollo,Capital,2026-05-18,134.07,-0.97,2.77,7.58,7.13,4.16,-6.89,-8.55
APO,Apollo,Capital,2026-05-19,131.15,-2.18,-0.59,3.0,4.62,0.42,-8.82,-10.54
APO,Apollo,Capital,2026-05-20,132.24,0.83,0.49,3.91,11.75,6.35,-7.27,-9.8
APO,Apollo,Capital,2026-05-21,130.9,-1.01,-3.41,1.43,9.34,5.29,-6.02,-10.72
APO,Apollo,Capital,2026-05-22,128.51,-1.83,-5.07,3.0,13.0,1.03,-1.66,-12.35
APO,Apollo,Capital,2026-05-26,129.91,1.09,-3.1,4.55,13.83,2.49,-0.69,-11.39
APO,Apollo,Capital,2026-05-27,130.27,0.28,-0.67,5.63,11.14,0.19,-0.46,-11.15
APO,Apollo,Capital,2026-05-28,127.51,-2.12,-3.58,3.19,11.46,-1.99,-4.25,-13.03
APO,Apollo,Capital,2026-05-29,128.71,0.94,-1.67,5.26,23.05,-1.46,-2.13,-12.21
APO,Apollo,Capital,2026-06-01,128.22,-0.38,-0.23,-0.39,20.45,-1.57,-2.64,-12.54
APO,Apollo,Capital,2026-06-02,128.76,0.42,-0.89,-1.3,20.25,-2.34,-1.48,-12.18
APO,Apollo,Capital,2026-06-03,124.35,-3.42,-4.54,-3.75,13.26,-5.36,-4.73,-15.18
APO,Apollo,Capital,2026-06-04,128.41,3.26,0.71,-1.45,15.44,-2.78,-2.05,-12.41
APO,Apollo,Capital,2026-06-05,128.03,-0.3,-0.53,-1.16,17.78,-4.81,-1.74,-12.67
APO,Apollo,Capital,2026-06-08,127.57,-0.36,-0.51,-0.17,17.97,-6.71,-2.08,-12.99
APO,Apollo,Capital,2026-06-09,132.7,4.02,3.06,-0.38,22.68,-3.93,-0.56,-9.49
APO,Apollo,Capital,2026-06-10,131.14,-1.18,5.46,0.52,23.6,-4.54,-1.78,-10.55
APO,Apollo,Capital,2026-06-11,133.91,2.11,4.28,1.5,33.51,-6.94,-1.26,-8.66
APO,Apollo,Capital,2026-06-12,133.88,-0.02,4.57,1.73,28.19,-10.2,-3.01,-8.68
APO,Apollo,Capital,2026-06-15,136.11,1.67,6.69,0.44,31.57,-9.46,-1.45,-7.16
APO,Apollo,Capital,2026-06-16,138.48,1.74,4.36,2.29,27.17,-6.46,4.82,-5.55
APO,Apollo,Capital,2026-06-17,138.91,0.31,5.92,3.61,24.92,-5.39,3.59,-5.25
APO,Apollo,Capital,2026-06-18,137.5,-1.02,2.68,4.84,23.46,-6.56,3.88,-6.21
APO,Apollo,Capital,2026-06-22,135.21,-1.67,0.99,2.25,20.72,-7.64,1.59,-7.78
APO,Apollo,Capital,2026-06-23,130.61,-3.4,-4.04,-0.22,18.25,-10.72,-2.91,-10.91
APO,Apollo,Capital,2026-06-24,122.6,-6.13,-11.47,-4.6,10.2,-16.22,-8.53,-16.38
APO,Apollo,Capital,2026-06-25,121.63,-0.79,-12.44,-6.37,10.77,-18.31,-13.07,-17.04
APO,Apollo,Capital,2026-06-26,118.29,-2.75,-13.97,-9.2,7.56,-20.27,-14.11,-19.32
APO,Apollo,Capital,2026-06-29,114.83,-2.93,-15.07,-9.94,5.91,-22.86,-17.6,-21.68
APO,Apollo,Capital,2026-06-30,118.31,3.03,-9.42,-8.08,7.6,-20.34,-17.22,-19.3
APO,Apollo,Capital,2026-07-01,118.44,0.11,-3.39,-7.63,6.3,-19.58,-16.52,-19.21
APO,Apollo,Capital,2026-07-02,118.61,0.14,-2.48,-7.88,7.58,-18.79,-16.25,-19.1
APO,Apollo,Capital,2026-07-06,122.17,3.0,3.28,-1.75,14.13,-15.61,-14.43,-16.67
APO,Apollo,Capital,2026-07-07,119.33,-2.32,3.92,-7.07,12.46,-18.61,-17.4,-18.61
APO,Apollo,Capital,2026-07-08,118.14,-1.0,-0.14,-7.72,12.13,-21.11,-16.53,-19.42
APO,Apollo,Capital,2026-07-09,119.84,1.44,1.18,-6.06,11.95,-21.52,-17.36,-18.26
APO,Apollo,Capital,2026-07-10,120.34,0.42,1.46,-9.31,12.49,-16.59,-17.94,-17.92
APO,Apollo,Capital,2026-07-13,118.83,-1.25,-2.73,-9.39,13.95,-18.72,-19.82,-18.95
APO,Apollo,Capital,2026-07-14,119.93,0.93,0.5,-10.44,9.08,-17.75,-18.51,-18.2
APO,Apollo,Capital,2026-07-15,121.83,1.58,3.12,-9.0,6.11,-15.34,-17.98,-16.9
APO,Apollo,Capital,2026-07-16,123.34,1.24,2.92,-9.38,2.32,-13.89,-15.36,-15.87
APO,Apollo,Capital,2026-07-17,120.47,-2.33,0.11,-13.01,-0.28,-16.38,-21.11,-17.83
APO,Apollo,Capital,2026-07-20,118.24,-1.85,-0.5,-14.88,-5.12,-17.97,-24.23,-19.35
APO,Apollo,Capital,2026-07-21,118.4,0.14,-1.28,-13.89,-7.01,-17.71,-22.11,-19.24
APO,Apollo,Capital,2026-07-22,119.04,0.54,-2.29,-11.96,-6.46,-14.14,-19.94,-18.8
APO,Apollo,Capital,2026-07-23,119.0,-0.03,-3.52,-8.89,-7.79,-14.71,-20.48,-18.83
APO,Apollo,Capital,2026-07-24,122.61,3.03,1.78,0.01,-1.73,-12.25,-19.26,-16.37
APO,Apollo,Capital,2026-07-27,124.24,1.33,5.07,2.15,-0.02,-8.85,-18.07,-15.26
APO,Apollo,Capital,2026-07-28,124.69,0.36,5.31,5.41,1.1,-5.22,-17.49,-14.95
APO,Apollo,Capital,2026-07-29,119.77,-3.95,0.61,4.3,-3.08,-9.07,-19.46,-18.31
APO,Apollo,Capital,2026-07-30,120.25,0.4,1.05,1.64,-1.66,-9.51,-18.65,-17.98
APO,Apollo,Capital,2026-07-31,125.59,4.44,2.43,6.04,-2.43,-6.62,-13.66,-14.34
APO,Apollo,Capital,2026-08-03,129.42,3.05,4.17,9.11,-0.8,-3.81,-10.94,-11.72
APO,Apollo,Capital,2026-08-04,133.2,2.92,6.82,9.03,3.1,0.01,-3.68,-9.15
APO,Apollo,Capital,2026-08-05,129.74,-2.6,8.32,8.72,-0.43,2.28,-8.65,-11.51
APO,Apollo,Capital,2026-08-06,127.99,-1.35,6.44,8.34,-1.19,-3.62,-12.06,-12.7
APO,Apollo,Capital,2026-08-07,127.44,-0.43,1.47,6.34,-0.27,1.08,-12.63,-13.08
APO,Apollo,Capital,2026-08-10,132.02,3.59,2.01,9.71,-0.89,-0.76,-6.44,-9.95
APO,Apollo,Capital,2026-08-11,140.28,6.26,5.32,18.05,7.53,4.73,-1.19,-4.32
APO,Apollo,Capital,2026-08-12,138.61,-1.19,6.84,15.58,5.06,4.67,-2.47,-5.46
APO,Apollo,Capital,2026-08-13,143.58,3.59,12.18,17.85,9.1,13.1,-0.71,-2.07
APO,Apollo,Capital,2026-08-14,140.76,-1.96,10.45,14.12,3.87,12.28,-0.13,-3.99
APO,Apollo,Capital,2026-08-17,134.54,-4.42,1.91,11.68,-0.62,7.57,-4.36,-8.23
APO,Apollo,Capital,2026-08-18,133.85,-0.51,-4.58,13.2,-0.16,6.95,-3.97,-8.7
APO,Apollo,Capital,2026-08-19,133.63,-0.16,-3.59,12.86,1.89,6.6,-4.13,-8.85
APO,Apollo,Capital,2026-08-20,129.98,-2.73,-9.47,9.19,-1.71,9.84,-5.18,-11.34
APO,Apollo,Capital,2026-08-21,132.69,2.08,-5.73,11.5,1.37,10.83,-1.96,-9.49
APO,Apollo,Capital,2026-08-24,132.79,0.08,-1.3,8.3,3.33,16.76,-0.91,-9.43
APO,Apollo,Capital,2026-08-25,133.18,0.29,-0.5,7.2,2.52,16.69,-0.76,-9.16
APO,Apollo,Capital,2026-08-26,133.67,0.37,0.03,7.2,2.61,14.04,-0.16,-8.83
APO,Apollo,Capital,2026-08-27,133.44,-0.17,2.66,11.41,4.65,16.64,-0.71,-8.98
APO,Apollo,Capital,2026-08-28,135.96,1.89,2.46,13.06,5.63,29.98,0.18,-7.26
ARES,Ares,Capital,2026-01-02,166.33,2.91,-1.61,4.01,10.44,-6.54,,0.0
ARES,Ares,Capital,2026-01-05,172.05,3.44,1.97,6.17,12.89,-1.61,,3.44
ARES,Ares,Capital,2026-01-06,176.0,2.3,4.11,7.93,17.26,0.51,,5.81
ARES,Ares,Capital,2026-01-07,170.8,-2.95,4.64,3.23,14.91,-3.49,,2.69
ARES,Ares,Capital,2026-01-08,175.75,2.9,8.74,7.0,17.32,-2.43,,5.66
ARES,Ares,Capital,2026-01-09,175.91,0.09,5.76,-0.16,19.46,-0.82,,5.76
ARES,Ares,Capital,2026-01-12,174.29,-0.92,1.3,-2.24,23.72,-3.35,,4.79
ARES,Ares,Capital,2026-01-13,169.21,-2.91,-3.86,-4.33,17.81,-3.03,,1.73
ARES,Ares,Capital,2026-01-14,169.92,0.42,-0.52,-2.22,13.6,-5.56,,2.16
ARES,Ares,Capital,2026-01-15,169.57,-0.21,-3.52,-1.8,12.23,-7.42,,1.95
ARES,Ares,Capital,2026-01-16,169.69,0.07,-3.54,-2.26,20.14,-7.33,,2.02
ARES,Ares,Capital,2026-01-20,163.16,-3.85,-6.39,-3.17,15.01,-8.79,,-1.91
ARES,Ares,Capital,2026-01-21,162.34,-0.5,-4.06,-2.59,10.73,-8.93,,-2.4
ARES,Ares,Capital,2026-01-22,161.52,-0.51,-4.94,-2.51,7.6,-10.55,,-2.89
ARES,Ares,Capital,2026-01-23,155.89,-3.49,-8.07,-8.46,3.86,-14.51,,-6.28
ARES,Ares,Capital,2026-01-26,149.69,-3.98,-11.79,-11.29,0.85,-19.62,,-10.0
ARES,Ares,Capital,2026-01-27,149.38,-0.21,-8.45,-11.64,0.03,-20.27,,-10.19
ARES,Ares,Capital,2026-01-28,149.8,0.28,-7.72,-11.22,-0.77,-20.29,,-9.94
ARES,Ares,Capital,2026-01-29,151.69,1.26,-6.09,-10.27,0.5,-19.2,,-8.8
ARES,Ares,Capital,2026-01-30,149.67,-1.33,-3.99,-8.31,-0.56,-19.33,,-10.02
ARES,Ares,Capital,2026-02-02,146.47,-2.14,-2.15,-9.38,-0.56,-19.89,,-11.94
ARES,Ares,Capital,2026-02-03,131.6,-10.15,-11.9,-20.88,-11.51,-30.2,,-20.88
ARES,Ares,Capital,2026-02-04,137.22,4.27,-8.4,-20.24,-11.76,-27.0,,-17.5
ARES,Ares,Capital,2026-02-05,121.87,-11.19,-19.66,-30.76,-20.35,-35.62,,-26.73
ARES,Ares,Capital,2026-02-06,130.46,7.05,-12.83,-23.62,-14.87,-30.22,,-21.57
ARES,Ares,Capital,2026-02-09,137.25,5.2,-6.29,-21.91,-9.26,-27.16,,-17.48
ARES,Ares,Capital,2026-02-10,136.99,-0.19,4.1,-22.12,-10.98,-26.57,,-17.64
ARES,Ares,Capital,2026-02-11,137.38,0.28,0.12,-21.18,-10.41,-28.73,,-17.41
ARES,Ares,Capital,2026-02-12,133.94,-2.5,9.9,-20.84,-12.95,-29.85,,-19.47
ARES,Ares,Capital,2026-02-13,133.88,-0.04,2.62,-21.21,-12.89,-29.7,,-19.51
ARES,Ares,Capital,2026-02-17,130.41,-2.59,-4.98,-23.09,-12.16,-30.55,,-21.6
ARES,Ares,Capital,2026-02-18,133.97,2.73,-2.2,-21.05,-8.49,-29.22,,-19.46
ARES,Ares,Capital,2026-02-19,129.85,-3.08,-5.48,-20.42,-8.59,-28.1,,-21.93
ARES,Ares,Capital,2026-02-20,123.16,-5.15,-8.05,-24.13,-13.69,-31.17,,-25.95
ARES,Ares,Capital,2026-02-23,114.57,-6.97,-14.42,-29.07,-21.08,-35.73,,-31.12
ARES,Ares,Capital,2026-02-24,117.16,2.26,-10.16,-24.84,-18.81,-35.3,,-29.56
ARES,Ares,Capital,2026-02-25,119.18,1.72,-11.04,-20.38,-19.16,-33.09,,-28.35
ARES,Ares,Capital,2026-02-26,118.08,-0.92,-9.06,-20.95,-21.34,-34.01,,-29.01
ARES,Ares,Capital,2026-02-27,112.01,-5.14,-9.05,-25.23,-26.73,-37.6,,-32.66
ARES,Ares,Capital,2026-03-02,113.36,1.21,-1.06,-25.27,-26.65,-37.12,,-31.85
ARES,Ares,Capital,2026-03-03,112.65,-0.63,-3.85,-24.73,-28.18,-37.14,,-32.27
ARES,Ares,Capital,2026-03-04,116.21,3.16,-2.49,-20.66,-27.15,-35.36,,-30.13
ARES,Ares,Capital,2026-03-05,117.04,0.71,-0.88,-11.06,-26.81,-33.81,,-29.63
ARES,Ares,Capital,2026-03-06,110.01,-6.01,-1.79,-19.83,-32.11,-38.9,,-33.86
ARES,Ares,Capital,2026-03-09,108.85,-1.05,-3.98,-10.68,-33.25,-38.61,,-34.56
ARES,Ares,Capital,2026-03-10,108.68,-0.16,-3.52,-16.69,-34.32,-38.34,,-34.66
ARES,Ares,Capital,2026-03-11,103.46,-4.8,-10.97,-24.62,-37.01,-40.9,,-37.8
ARES,Ares,Capital,2026-03-12,96.5,-6.73,-17.55,-29.56,-45.23,-46.07,,-41.98
ARES,Ares,Capital,2026-03-13,101.76,5.45,-7.5,-25.93,-42.92,-44.91,,-38.82
ARES,Ares,Capital,2026-03-16,100.51,-1.23,-7.66,-24.96,-43.17,-45.01,,-39.57
ARES,Ares,Capital,2026-03-17,105.67,5.13,-2.77,-21.07,-39.19,-41.27,,-36.47
ARES,Ares,Capital,2026-03-18,105.97,0.28,2.43,-18.74,-38.63,-40.67,,-36.29
ARES,Ares,Capital,2026-03-19,107.99,1.91,11.91,-19.39,-37.8,-39.63,,-35.07
ARES,Ares,Capital,2026-03-20,105.87,-1.96,4.04,-18.47,-37.17,-42.28,,-36.35
ARES,Ares,Capital,2026-03-23,107.12,1.18,6.58,-13.02,-35.73,-41.46,,-35.6
ARES,Ares,Capital,2026-03-24,106.04,-1.01,0.35,-7.45,-36.0,-41.73,,-36.25
ARES,Ares,Capital,2026-03-25,106.5,0.43,0.5,-9.1,-37.46,-41.21,,-35.97
ARES,Ares,Capital,2026-03-26,107.92,1.33,-0.06,-9.45,-36.04,-35.85,,-35.12
ARES,Ares,Capital,2026-03-27,106.28,-1.52,0.39,-9.99,-37.13,-34.93,,-36.1
ARES,Ares,Capital,2026-03-30,107.66,1.3,0.5,-3.88,-36.19,-33.97,,-35.27
ARES,Ares,Capital,2026-03-31,109.1,1.34,2.89,-3.76,-35.46,-33.24,,-34.41
ARES,Ares,Capital,2026-04-01,105.8,-3.02,-0.66,-6.08,-35.18,-33.83,,-36.39
ARES,Ares,Capital,2026-04-02,102.43,-3.19,-5.09,-11.86,-36.63,-33.55,,-38.42
ARES,Ares,Capital,2026-04-06,102.83,0.39,-3.25,-12.14,-38.18,-31.72,,-38.18
ARES,Ares,Capital,2026-04-07,102.24,-0.57,-5.03,-7.06,-40.58,-32.91,,-38.53
ARES,Ares,Capital,2026-04-08,104.83,2.53,-3.91,-3.69,-40.44,-30.16,,-36.97
ARES,Ares,Capital,2026-04-09,104.8,-0.03,-0.95,-3.57,-38.64,-29.49,,-36.99
ARES,Ares,Capital,2026-04-10,100.46,-4.14,-1.92,-2.9,-42.84,-32.94,,-39.6
ARES,Ares,Capital,2026-04-13,106.68,6.19,3.74,10.55,-39.36,-27.56,,-35.86
ARES,Ares,Capital,2026-04-14,112.61,5.56,10.14,10.66,-35.39,-20.07,,-32.3
ARES,Ares,Capital,2026-04-15,119.28,5.92,13.78,18.67,-29.51,-16.95,,-28.29
ARES,Ares,Capital,2026-04-16,116.22,-2.57,10.9,9.98,-31.6,-22.3,,-30.13
ARES,Ares,Capital,2026-04-17,117.78,1.34,17.24,11.14,-30.54,-22.05,,-29.19
ARES,Ares,Capital,2026-04-20,118.77,0.84,11.33,9.98,-30.01,-15.91,,-28.59
ARES,Ares,Capital,2026-04-21,119.84,0.9,6.42,13.2,-26.55,-15.53,,-27.95
ARES,Ares,Capital,2026-04-22,121.05,1.01,1.48,13.0,-25.43,-17.43,,-27.22
ARES,Ares,Capital,2026-04-23,114.78,-5.18,-1.24,8.24,-28.94,-23.54,,-30.99
ARES,Ares,Capital,2026-04-24,115.23,0.39,-2.17,8.2,-26.08,-23.23,,-30.72
ARES,Ares,Capital,2026-04-27,112.18,-2.65,-5.55,3.95,-25.06,-24.42,-26.67,-32.56
ARES,Ares,Capital,2026-04-28,113.01,0.74,-5.7,6.33,-24.35,-24.33,-26.56,-32.06
ARES,Ares,Capital,2026-04-29,110.86,-1.9,-8.42,2.97,-25.99,-26.57,-27.72,-33.35
ARES,Ares,Capital,2026-04-30,117.4,5.9,2.28,7.61,-22.61,-22.22,-23.16,-29.42
ARES,Ares,Capital,2026-05-01,119.0,1.36,3.27,12.48,-20.49,-20.94,-21.98,-28.46
ARES,Ares,Capital,2026-05-04,119.98,0.82,6.95,17.13,-18.09,-18.54,-21.21,-27.87
ARES,Ares,Capital,2026-05-05,122.96,2.48,8.8,19.58,-6.57,-17.32,-21.72,-26.07
ARES,Ares,Capital,2026-05-06,123.86,0.73,11.73,21.15,-9.74,-20.35,-22.95,-25.53
ARES,Ares,Capital,2026-05-07,123.15,-0.57,4.9,17.48,1.05,-19.52,-22.85,-25.96
ARES,Ares,Capital,2026-05-08,126.25,2.52,6.09,20.47,-3.23,-17.62,-22.11,-24.1
ARES,Ares,Capital,2026-05-11,124.61,-1.3,3.86,24.04,-9.21,-17.62,-24.87,-25.08
ARES,Ares,Capital,2026-05-12,123.66,-0.76,0.57,15.92,-9.73,-19.64,-25.03,-25.65
ARES,Ares,Capital,2026-05-13,123.18,-0.39,-0.55,9.39,-10.34,-19.67,-28.62,-25.94
ARES,Ares,Capital,2026-05-14,128.53,4.34,4.37,7.75,-4.04,-16.47,-25.49,-22.73
ARES,Ares,Capital,2026-05-15,123.41,-3.98,-2.25,6.19,-7.82,-19.7,-29.81,-25.8
ARES,Ares,Capital,2026-05-18,123.7,0.23,-0.73,5.03,-5.15,-16.68,-26.67,-25.63
ARES,Ares,Capital,2026-05-19,121.11,-2.09,-2.06,1.97,-9.6,-17.27,-28.82,-27.19
ARES,Ares,Capital,2026-05-20,122.11,0.83,-0.87,1.89,-5.96,-14.04,-27.59,-26.59
ARES,Ares,Capital,2026-05-21,123.99,1.54,-3.53,2.43,0.67,-13.11,-25.32,-25.46
ARES,Ares,Capital,2026-05-22,124.41,0.34,0.81,8.39,8.59,-14.3,-21.74,-25.2
ARES,Ares,Capital,2026-05-26,125.28,0.7,1.28,8.72,6.93,-13.19,-21.64,-24.68
ARES,Ares,Capital,2026-05-27,126.58,1.04,4.52,12.84,6.21,-14.14,-21.03,-23.9
ARES,Ares,Capital,2026-05-28,126.0,-0.46,3.19,11.49,6.71,-16.06,-23.45,-24.25
ARES,Ares,Capital,2026-05-29,128.5,1.98,3.64,15.91,14.72,-15.94,-21.64,-22.74
ARES,Ares,Capital,2026-06-01,128.74,0.19,3.48,9.66,13.57,-16.7,-21.93,-22.6
ARES,Ares,Capital,2026-06-02,128.28,-0.36,2.39,7.8,13.87,-18.21,-22.49,-22.88
ARES,Ares,Capital,2026-06-03,123.1,-4.04,-2.75,2.6,5.93,-22.83,-26.19,-25.99
ARES,Ares,Capital,2026-06-04,130.5,6.01,3.57,6.13,11.5,-18.4,-22.57,-21.54
ARES,Ares,Capital,2026-06-05,125.65,-3.72,-2.22,1.45,14.22,-22.46,-25.66,-24.46
ARES,Ares,Capital,2026-06-08,126.87,0.97,-1.45,3.02,16.55,-22.2,-25.37,-23.72
ARES,Ares,Capital,2026-06-09,130.61,2.95,1.82,3.45,20.18,-21.06,-24.88,-21.48
ARES,Ares,Capital,2026-06-10,128.31,-1.76,4.23,2.97,24.02,-21.89,-25.53,-22.86
ARES,Ares,Capital,2026-06-11,132.82,3.51,1.78,7.41,37.64,-24.62,-21.21,-20.15
ARES,Ares,Capital,2026-06-12,134.9,1.57,7.36,9.51,32.57,-24.33,-20.07,-18.9
ARES,Ares,Capital,2026-06-15,135.36,0.34,6.69,5.31,34.67,-23.47,-20.75,-18.62
ARES,Ares,Capital,2026-06-16,134.98,-0.28,3.35,9.38,27.74,-22.33,-18.96,-18.85
ARES,Ares,Capital,2026-06-17,128.35,-4.91,0.03,3.76,21.12,-25.67,-23.16,-22.83
ARES,Ares,Capital,2026-06-18,129.34,0.77,-2.62,6.8,19.77,-25.5,-21.7,-22.24
ARES,Ares,Capital,2026-06-22,125.9,-2.66,-6.67,3.1,18.92,-25.29,-24.76,-24.31
ARES,Ares,Capital,2026-06-23,120.78,-4.07,-10.77,-2.59,12.75,-27.53,-27.14,-27.39
ARES,Ares,Capital,2026-06-24,113.87,-5.72,-15.64,-8.47,7.38,-31.27,-31.13,-31.54
ARES,Ares,Capital,2026-06-25,112.43,-1.26,-12.4,-10.26,5.57,-33.98,-33.79,-32.41
ARES,Ares,Capital,2026-06-26,109.13,-2.94,-15.63,-13.79,1.12,-35.33,-35.35,-34.39
ARES,Ares,Capital,2026-06-29,107.6,-1.4,-14.54,-14.6,1.24,-36.35,-37.12,-35.31
ARES,Ares,Capital,2026-06-30,111.31,3.45,-7.84,-13.38,3.39,-34.03,-35.73,-33.08
ARES,Ares,Capital,2026-07-01,113.63,2.08,-0.21,-11.74,4.15,-32.78,-34.39,-31.68
ARES,Ares,Capital,2026-07-02,116.9,2.88,3.98,-8.87,10.49,-28.38,-33.1,-29.72
ARES,Ares,Capital,2026-07-06,121.83,4.22,11.64,-1.03,18.94,-24.62,-31.55,-26.75
ARES,Ares,Capital,2026-07-07,120.7,-0.93,12.17,-7.51,17.38,-27.43,-32.18,-27.43
ARES,Ares,Capital,2026-07-08,118.0,-2.24,6.01,-6.09,15.41,-31.42,-32.52,-29.06
ARES,Ares,Capital,2026-07-09,121.66,3.1,7.07,-4.11,16.05,-30.87,-30.52,-26.86
ARES,Ares,Capital,2026-07-10,121.81,0.12,4.2,-6.74,16.23,-28.68,-31.17,-26.77
ARES,Ares,Capital,2026-07-13,120.45,-1.12,-1.13,-6.13,19.9,-31.47,-33.13,-27.58
ARES,Ares,Capital,2026-07-14,120.3,-0.12,-0.33,-9.43,12.77,-31.61,-32.18,-27.67
ARES,Ares,Capital,2026-07-15,124.79,3.73,5.75,-7.49,10.82,-28.4,-30.8,-24.97
ARES,Ares,Capital,2026-07-16,125.43,0.51,3.1,-7.34,5.16,-25.87,-28.12,-24.59
ARES,Ares,Capital,2026-07-17,125.68,0.2,3.18,-6.89,8.14,-26.04,-30.15,-24.44
ARES,Ares,Capital,2026-07-20,121.27,-3.51,0.68,-5.52,2.96,-28.48,-33.79,-27.09
ARES,Ares,Capital,2026-07-21,120.78,-0.4,0.4,-6.62,1.69,-28.82,-34.04,-27.39
ARES,Ares,Capital,2026-07-22,119.57,-1.0,-4.18,-5.03,-0.23,-26.72,-33.16,-28.11
ARES,Ares,Capital,2026-07-23,121.28,1.43,-3.31,0.41,0.19,-25.29,-31.96,-27.08
ARES,Ares,Capital,2026-07-24,126.51,4.31,0.66,11.1,10.22,-21.68,-29.94,-23.94
ARES,Ares,Capital,2026-07-27,127.76,0.99,5.35,13.64,10.87,-18.04,-29.93,-23.19
ARES,Ares,Capital,2026-07-28,127.9,0.11,5.9,17.2,14.01,-14.56,-31.32,-23.1
ARES,Ares,Capital,2026-07-29,124.6,-2.58,4.21,15.8,10.26,-16.59,-33.5,-25.09
ARES,Ares,Capital,2026-07-30,124.12,-0.39,2.34,11.51,11.96,-17.14,-33.95,-25.38
ARES,Ares,Capital,2026-07-31,128.09,3.2,1.25,12.73,9.11,-15.56,-31.77,-22.99
ARES,Ares,Capital,2026-08-03,138.57,8.18,8.46,18.54,16.45,-7.42,-25.31,-16.69
ARES,Ares,Capital,2026-08-04,142.91,3.13,11.74,17.3,19.11,-2.43,-21.83,-14.08
ARES,Ares,Capital,2026-08-05,139.77,-2.2,12.17,15.8,13.67,6.21,-25.87,-15.97
ARES,Ares,Capital,2026-08-06,138.17,-1.14,11.32,17.09,11.55,0.69,-26.5,-16.93
ARES,Ares,Capital,2026-08-07,136.85,-0.96,6.84,12.49,11.12,12.29,-27.7,-17.72
ARES,Ares,Capital,2026-08-10,137.66,0.59,-0.66,13.01,9.04,5.52,-26.37,-17.24
ARES,Ares,Capital,2026-08-11,143.11,3.96,0.14,18.81,14.85,4.27,-24.05,-13.96
ARES,Ares,Capital,2026-08-12,142.35,-0.53,1.85,18.33,15.11,3.91,-23.69,-14.42
ARES,Ares,Capital,2026-08-13,149.45,4.99,8.16,19.76,21.33,8.79,-22.47,-10.15
ARES,Ares,Capital,2026-08-14,144.02,-3.63,5.24,14.82,12.05,7.53,-24.57,-13.41
ARES,Ares,Capital,2026-08-17,141.34,-1.86,2.67,12.46,14.53,5.57,-25.79,-15.02
ARES,Ares,Capital,2026-08-18,140.31,-0.73,-1.96,15.7,13.43,7.59,-25.28,-15.64
ARES,Ares,Capital,2026-08-19,143.1,1.99,0.53,18.48,18.16,6.81,-24.39,-13.97
ARES,Ares,Capital,2026-08-20,140.23,-2.01,-6.17,17.28,14.84,7.99,-22.35,-15.69
ARES,Ares,Capital,2026-08-21,141.25,0.73,-1.92,16.47,13.92,14.69,-21.06,-15.08
ARES,Ares,Capital,2026-08-24,140.01,-0.88,-0.94,10.67,12.54,22.2,-21.46,-15.82
ARES,Ares,Capital,2026-08-25,142.76,1.96,1.75,11.74,13.95,21.85,-21.16,-14.17
ARES,Ares,Capital,2026-08-26,141.98,-0.55,-0.78,11.01,12.17,19.13,-20.29,-14.64
ARES,Ares,Capital,2026-08-27,142.41,0.3,1.55,14.29,13.02,20.6,-20.41,-14.38
ARES,Ares,Capital,2026-08-28,142.535,0.09,0.91,14.84,10.92,27.25,-20.6,-14.31
BX,Blackstone,Capital,2026-01-02,158.8,3.02,2.08,8.22,-4.67,2.37,,0.0
BX,Blackstone,Capital,2026-01-05,162.35,2.24,4.47,7.15,-3.62,6.12,,2.24
BX,Blackstone,Capital,2026-01-06,162.65,0.18,4.85,7.44,-2.54,4.03,,2.42
BX,Blackstone,Capital,2026-01-07,153.59,-5.57,-0.77,0.95,-6.86,-3.21,,-3.28
BX,Blackstone,Capital,2026-01-08,155.3,1.11,0.75,2.6,-4.41,-5.34,,-2.2
BX,Blackstone,Capital,2026-01-09,157.62,1.49,-0.74,1.03,-1.89,-2.7,,-0.74
BX,Blackstone,Capital,2026-01-12,156.58,-0.66,-3.55,-0.01,1.83,-4.15,,-1.4
BX,Blackstone,Capital,2026-01-13,155.25,-0.85,-4.55,0.74,-1.84,-2.85,,-2.24
BX,Blackstone,Capital,2026-01-14,158.71,2.23,3.33,4.98,-3.21,-4.35,,-0.06
BX,Blackstone,Capital,2026-01-15,160.81,1.32,3.55,6.96,-1.89,-6.77,,1.27
BX,Blackstone,Capital,2026-01-16,163.5,1.67,3.73,7.5,3.5,-3.09,,2.96
BX,Blackstone,Capital,2026-01-20,153.91,-5.87,-1.71,0.47,-1.54,-7.67,,-3.08
BX,Blackstone,Capital,2026-01-21,155.97,1.34,0.46,1.46,-2.79,-7.92,,-1.78
BX,Blackstone,Capital,2026-01-22,154.91,-0.68,-2.39,2.19,-4.04,-9.92,,-2.45
BX,Blackstone,Capital,2026-01-23,150.48,-2.86,-6.42,-3.43,-6.95,-15.51,,-5.24
BX,Blackstone,Capital,2026-01-26,150.07,-0.27,-8.21,-3.28,-3.17,-15.74,,-5.5
BX,Blackstone,Capital,2026-01-27,148.41,-1.11,-3.57,-4.6,-4.0,-16.12,,-6.54
BX,Blackstone,Capital,2026-01-28,146.79,-1.09,-5.89,-5.55,-4.59,-17.09,,-7.56
BX,Blackstone,Capital,2026-01-29,142.94,-2.62,-7.73,-7.86,-5.77,-18.48,,-9.99
BX,Blackstone,Capital,2026-01-30,142.42,-0.36,-5.36,-7.99,-4.36,-17.66,,-10.31
BX,Blackstone,Capital,2026-02-02,141.28,-0.8,-5.86,-8.34,-4.79,-17.09,,-11.03
BX,Blackstone,Capital,2026-02-03,133.88,-5.24,-9.79,-15.69,-8.7,-21.48,,-15.69
BX,Blackstone,Capital,2026-02-04,134.54,0.49,-8.35,-17.13,-6.84,-19.76,,-15.28
BX,Blackstone,Capital,2026-02-05,126.83,-5.73,-11.27,-22.02,-11.21,-25.11,,-20.13
BX,Blackstone,Capital,2026-02-06,129.69,2.25,-8.94,-15.56,-10.14,-22.64,,-18.33
BX,Blackstone,Capital,2026-02-09,131.42,1.33,-6.98,-15.38,-8.37,-22.2,,-17.24
BX,Blackstone,Capital,2026-02-10,133.82,1.83,-0.04,-15.1,-8.3,-21.31,,-15.73
BX,Blackstone,Capital,2026-02-11,133.47,-0.26,-0.8,-14.76,-7.51,-23.18,,-15.95
BX,Blackstone,Capital,2026-02-12,129.77,-2.77,2.32,-16.41,-10.49,-26.53,,-18.28
BX,Blackstone,Capital,2026-02-13,129.86,0.07,0.13,-18.18,-10.04,-25.66,,-18.22
BX,Blackstone,Capital,2026-02-17,131.39,1.18,-0.02,-18.29,-5.83,-23.44,,-17.26
BX,Blackstone,Capital,2026-02-18,132.9,1.15,-0.69,-18.72,-6.04,-21.46,,-16.31
BX,Blackstone,Capital,2026-02-19,125.76,-5.37,-5.78,-18.29,-9.15,-24.83,,-20.81
BX,Blackstone,Capital,2026-02-20,121.27,-3.57,-6.55,-22.25,-11.18,-26.27,,-23.63
BX,Blackstone,Capital,2026-02-23,113.71,-6.23,-12.44,-26.6,-17.99,-30.43,,-28.39
BX,Blackstone,Capital,2026-02-24,116.41,2.37,-11.4,-22.64,-15.9,-31.72,,-26.69
BX,Blackstone,Capital,2026-02-25,118.22,1.55,-11.05,-21.22,-17.14,-30.25,,-25.55
BX,Blackstone,Capital,2026-02-26,117.95,-0.23,-6.21,-20.52,-16.6,-31.2,,-25.72
BX,Blackstone,Capital,2026-02-27,113.37,-3.88,-6.51,-22.77,-20.96,-33.95,,-28.61
BX,Blackstone,Capital,2026-03-02,115.33,1.73,1.42,-19.32,-20.42,-32.96,,-27.37
BX,Blackstone,Capital,2026-03-03,110.92,-3.82,-4.72,-22.12,-24.25,-35.29,,-30.15
BX,Blackstone,Capital,2026-03-04,114.14,2.9,-3.45,-19.21,-22.01,-32.68,,-28.12
BX,Blackstone,Capital,2026-03-05,115.55,1.24,-2.03,-13.69,-21.26,-30.95,,-27.24
BX,Blackstone,Capital,2026-03-06,110.4,-4.46,-2.62,-17.94,-27.14,-35.02,,-30.48
BX,Blackstone,Capital,2026-03-09,110.65,0.23,-4.06,-12.76,-26.91,-34.91,,-30.32
BX,Blackstone,Capital,2026-03-10,109.96,-0.62,-0.87,-15.21,-27.73,-36.55,,-30.76
BX,Blackstone,Capital,2026-03-11,107.25,-2.46,-6.04,-18.39,-29.15,-38.07,,-32.46
BX,Blackstone,Capital,2026-03-12,102.12,-4.78,-11.62,-23.69,-34.55,-42.7,,-35.69
BX,Blackstone,Capital,2026-03-13,106.78,4.56,-3.28,-20.0,-31.81,-41.94,,-32.76
BX,Blackstone,Capital,2026-03-16,107.12,0.32,-3.19,-17.45,-30.49,-40.93,,-32.54
BX,Blackstone,Capital,2026-03-17,112.0,4.56,1.86,-13.75,-25.92,-39.06,,-29.47
BX,Blackstone,Capital,2026-03-18,113.53,1.37,5.86,-13.59,-24.48,-38.2,,-28.51
BX,Blackstone,Capital,2026-03-19,113.47,-0.05,11.11,-14.62,-25.39,-38.2,,-28.55
BX,Blackstone,Capital,2026-03-20,110.43,-2.68,3.42,-12.19,-27.91,-41.47,,-30.46
BX,Blackstone,Capital,2026-03-23,109.35,-0.98,2.08,-9.83,-28.87,-41.72,,-31.14
BX,Blackstone,Capital,2026-03-24,107.98,-1.25,-3.59,-5.04,-28.77,-41.83,,-32.0
BX,Blackstone,Capital,2026-03-25,108.38,0.37,-4.54,-6.9,-30.45,-41.39,,-31.75
BX,Blackstone,Capital,2026-03-26,109.63,1.15,-3.38,-7.27,-29.34,-38.44,,-30.96
BX,Blackstone,Capital,2026-03-27,108.07,-1.42,-2.14,-8.38,-30.53,-38.46,,-31.95
BX,Blackstone,Capital,2026-03-30,111.6,3.27,2.06,-1.56,-28.19,-36.34,,-29.72
BX,Blackstone,Capital,2026-03-31,114.99,3.04,6.49,-0.29,-25.88,-34.72,,-27.59
BX,Blackstone,Capital,2026-04-01,114.33,-0.57,5.49,3.07,-26.13,-33.08,,-28.0
BX,Blackstone,Capital,2026-04-02,113.05,-1.12,3.12,-0.95,-26.66,-32.75,,-28.81
BX,Blackstone,Capital,2026-04-06,112.24,-0.72,3.86,-2.86,-29.32,-32.62,,-29.32
BX,Blackstone,Capital,2026-04-07,112.73,0.44,1.01,2.11,-30.56,-33.08,,-29.01
BX,Blackstone,Capital,2026-04-08,117.67,4.38,2.33,6.34,-27.65,-29.49,,-25.9
BX,Blackstone,Capital,2026-04-09,116.9,-0.65,2.25,6.31,-23.89,-29.11,,-26.39
BX,Blackstone,Capital,2026-04-10,114.83,-1.77,1.57,7.07,-26.06,-29.32,,-27.69
BX,Blackstone,Capital,2026-04-13,121.82,6.09,8.54,19.29,-22.71,-24.17,,-23.29
BX,Blackstone,Capital,2026-04-14,126.33,3.7,12.06,18.31,-19.32,-17.84,,-20.45
BX,Blackstone,Capital,2026-04-15,130.19,3.06,10.64,21.54,-16.14,-17.68,,-18.02
BX,Blackstone,Capital,2026-04-16,128.13,-1.58,9.61,14.4,-19.27,-21.86,,-19.31
BX,Blackstone,Capital,2026-04-17,129.08,0.74,12.41,13.7,-19.73,-21.25,,-18.72
BX,Blackstone,Capital,2026-04-20,128.99,-0.07,5.89,13.68,-21.11,-18.35,,-18.77
BX,Blackstone,Capital,2026-04-21,128.5,-0.38,1.72,16.36,-16.51,-17.79,,-19.08
BX,Blackstone,Capital,2026-04-22,129.73,0.96,-0.35,18.64,-16.82,-19.14,,-18.31
BX,Blackstone,Capital,2026-04-23,122.33,-5.7,-4.53,13.29,-21.03,-24.22,,-22.97
BX,Blackstone,Capital,2026-04-24,121.65,-0.56,-5.76,12.24,-19.16,-24.78,,-23.39
BX,Blackstone,Capital,2026-04-27,120.37,-1.05,-6.68,9.8,-19.79,-22.33,-10.54,-24.2
BX,Blackstone,Capital,2026-04-28,121.52,0.96,-5.43,12.45,-18.12,-21.4,-8.54,-23.48
BX,Blackstone,Capital,2026-04-29,119.83,-1.39,-7.63,7.37,-18.37,-22.11,-10.29,-24.54
BX,Blackstone,Capital,2026-04-30,125.58,4.8,2.66,9.21,-12.14,-17.21,-5.96,-20.92
BX,Blackstone,Capital,2026-05-01,126.35,0.61,3.86,10.51,-11.28,-15.16,-4.07,-20.43
BX,Blackstone,Capital,2026-05-04,123.09,-2.58,2.26,8.88,-12.88,-17.05,-7.72,-22.49
BX,Blackstone,Capital,2026-05-05,122.72,-0.3,0.99,9.34,-8.34,-16.31,-10.7,-22.72
BX,Blackstone,Capital,2026-05-06,124.69,1.61,4.06,10.61,-7.32,-13.66,-8.39,-21.48
BX,Blackstone,Capital,2026-05-07,122.33,-1.89,-2.59,3.96,-3.55,-14.36,-8.71,-22.97
BX,Blackstone,Capital,2026-05-08,123.77,1.18,-2.04,5.88,-4.56,-14.24,-9.09,-22.06
BX,Blackstone,Capital,2026-05-11,121.4,-1.91,-1.37,5.72,-7.62,-15.36,-13.17,-23.55
BX,Blackstone,Capital,2026-05-12,122.76,1.12,0.03,0.77,-8.26,-15.88,-11.93,-22.7
BX,Blackstone,Capital,2026-05-13,119.62,-2.56,-4.07,-5.31,-10.38,-17.1,-19.72,-24.67
BX,Blackstone,Capital,2026-05-14,122.46,2.37,0.11,-5.94,-5.63,-15.53,-17.59,-22.88
BX,Blackstone,Capital,2026-05-15,117.89,-3.73,-4.75,-7.99,-9.22,-18.34,-20.57,-25.76
BX,Blackstone,Capital,2026-05-18,117.04,-0.72,-3.59,-9.33,-10.92,-16.12,-20.25,-26.3
BX,Blackstone,Capital,2026-05-19,114.26,-2.38,-6.92,-11.42,-14.03,-19.22,-22.11,-28.05
BX,Blackstone,Capital,2026-05-20,116.83,2.25,-2.33,-9.08,-7.1,-15.6,-19.68,-26.43
BX,Blackstone,Capital,2026-05-21,118.57,1.49,-3.18,-8.6,-2.23,-13.15,-17.77,-25.33
BX,Blackstone,Capital,2026-05-22,118.51,-0.05,0.53,-3.12,4.22,-14.53,-13.8,-25.37
BX,Blackstone,Capital,2026-05-26,118.12,-0.33,0.92,-2.9,1.47,-14.67,-13.74,-25.62
BX,Blackstone,Capital,2026-05-27,118.0,-0.1,3.27,-1.97,-0.19,-17.29,-13.31,-25.69
BX,Blackstone,Capital,2026-05-28,116.14,-1.58,-0.59,-4.43,-1.53,-17.88,-16.63,-26.86
BX,Blackstone,Capital,2026-05-29,116.97,0.71,-1.35,-2.39,3.18,-18.45,-15.49,-26.34
BX,Blackstone,Capital,2026-06-01,116.94,-0.03,-1.32,-6.88,1.4,-19.31,-15.8,-26.36
BX,Blackstone,Capital,2026-06-02,114.91,-1.74,-2.72,-9.05,3.6,-21.52,-17.19,-27.64
BX,Blackstone,Capital,2026-06-03,110.28,-4.03,-6.54,-10.41,-3.38,-24.65,-20.55,-30.55
BX,Blackstone,Capital,2026-06-04,118.55,7.5,2.08,-3.4,2.6,-19.21,-14.72,-25.35
BX,Blackstone,Capital,2026-06-05,115.35,-2.7,-1.38,-7.49,4.48,-23.87,-16.87,-27.36
BX,Blackstone,Capital,2026-06-08,114.19,-1.01,-2.35,-6.65,3.2,-24.57,-17.11,-28.09
BX,Blackstone,Capital,2026-06-09,120.29,5.34,4.68,-2.81,9.39,-20.94,-14.35,-24.25
BX,Blackstone,Capital,2026-06-10,118.48,-1.5,7.44,-2.41,10.47,-21.73,-15.36,-25.39
BX,Blackstone,Capital,2026-06-11,120.88,2.03,1.97,-1.53,18.37,-22.52,-15.44,-23.88
BX,Blackstone,Capital,2026-06-12,122.79,1.58,6.45,2.65,14.99,-21.59,-13.16,-22.68
BX,Blackstone,Capital,2026-06-15,124.63,1.5,9.14,1.77,16.35,-19.13,-11.48,-21.52
BX,Blackstone,Capital,2026-06-16,127.87,2.6,6.3,8.47,14.17,-15.42,-6.26,-19.48
BX,Blackstone,Capital,2026-06-17,125.01,-2.24,5.51,6.81,10.11,-16.85,-9.58,-21.28
BX,Blackstone,Capital,2026-06-18,123.79,-0.98,2.41,8.34,9.09,-18.61,-8.77,-22.05
BX,Blackstone,Capital,2026-06-22,123.26,-0.43,0.38,5.5,11.62,-19.54,-10.35,-22.38
BX,Blackstone,Capital,2026-06-23,120.07,-2.59,-3.66,1.27,9.8,-21.9,-12.8,-24.39
BX,Blackstone,Capital,2026-06-24,112.99,-5.9,-11.64,-4.66,4.64,-25.46,-18.31,-28.85
BX,Blackstone,Capital,2026-06-25,114.115,1.0,-8.72,-3.39,5.29,-26.77,-20.78,-28.14
BX,Blackstone,Capital,2026-06-26,115.4,1.13,-6.78,-2.2,5.26,-25.63,-19.62,-27.33
BX,Blackstone,Capital,2026-06-29,114.88,-0.45,-6.8,-1.08,6.3,-26.16,-22.47,-27.66
BX,Blackstone,Capital,2026-06-30,117.67,2.43,-2.0,0.6,5.44,-24.28,-22.13,-25.9
BX,Blackstone,Capital,2026-07-01,119.55,1.6,5.81,2.23,3.97,-22.94,-20.08,-24.72
BX,Blackstone,Capital,2026-07-02,122.78,2.7,7.59,6.85,7.39,-20.67,-19.63,-22.68
BX,Blackstone,Capital,2026-07-06,123.42,0.52,6.95,11.92,9.17,-19.93,-19.63,-22.28
BX,Blackstone,Capital,2026-07-07,120.89,-2.05,5.23,1.97,7.71,-23.87,-22.07,-23.87
BX,Blackstone,Capital,2026-07-08,118.62,-1.88,0.81,2.83,5.22,-26.94,-22.47,-25.3
BX,Blackstone,Capital,2026-07-09,122.15,2.98,2.17,6.97,3.81,-24.9,-21.87,-23.08
BX,Blackstone,Capital,2026-07-10,123.09,0.77,0.25,2.33,5.3,-19.86,-22.43,-22.49
BX,Blackstone,Capital,2026-07-13,122.04,-0.85,-1.12,3.0,6.28,-21.42,-25.61,-23.15
BX,Blackstone,Capital,2026-07-14,124.56,2.06,3.04,3.04,2.25,-20.97,-23.11,-21.56
BX,Blackstone,Capital,2026-07-15,127.05,2.0,7.11,3.47,0.57,-18.86,-22.23,-19.99
BX,Blackstone,Capital,2026-07-16,128.97,1.51,5.58,3.48,-0.94,-16.93,-19.29,-18.78
BX,Blackstone,Capital,2026-07-17,126.91,-1.6,3.1,-0.75,-0.95,-20.04,-23.51,-20.08
BX,Blackstone,Capital,2026-07-20,123.61,-2.6,1.29,-1.12,-4.24,-23.13,-28.34,-22.16
BX,Blackstone,Capital,2026-07-21,124.15,0.44,-0.33,0.29,-3.75,-24.07,-26.42,-21.82
BX,Blackstone,Capital,2026-07-22,122.82,-1.07,-3.33,-0.36,-4.42,-20.2,-26.32,-22.66
BX,Blackstone,Capital,2026-07-23,124.5,1.37,-3.47,3.69,-4.03,-20.18,-26.5,-21.6
BX,Blackstone,Capital,2026-07-24,130.0,4.42,2.43,15.05,6.27,-16.08,-24.4,-18.14
BX,Blackstone,Capital,2026-07-27,132.6,2.0,7.27,16.2,9.0,-11.88,-25.55,-16.5
BX,Blackstone,Capital,2026-07-28,133.9,0.98,7.85,16.03,11.24,-10.77,-24.82,-15.68
BX,Blackstone,Capital,2026-07-29,129.4,-3.36,5.36,12.64,6.48,-12.81,-26.87,-18.51
BX,Blackstone,Capital,2026-07-30,128.07,-1.03,2.87,8.84,6.88,-12.75,-27.66,-19.35
BX,Blackstone,Capital,2026-07-31,127.75,-0.25,-1.73,6.86,1.73,-10.63,-27.14,-19.55
BX,Blackstone,Capital,2026-08-03,134.68,5.42,1.57,9.69,6.59,-5.43,-22.13,-15.19
BX,Blackstone,Capital,2026-08-04,137.2,1.87,2.46,11.17,11.46,-2.89,-19.48,-13.6
BX,Blackstone,Capital,2026-08-05,136.03,-0.85,5.12,12.52,10.85,1.61,-20.22,-14.34
BX,Blackstone,Capital,2026-08-06,133.45,-1.9,4.2,12.5,7.03,-0.81,-20.41,-15.96
BX,Blackstone,Capital,2026-08-07,137.13,2.76,7.34,12.26,12.1,8.12,-19.03,-13.65
BX,Blackstone,Capital,2026-08-10,141.66,3.3,5.18,15.09,14.45,9.23,-15.5,-10.79
BX,Blackstone,Capital,2026-08-11,147.17,3.89,7.27,20.59,21.23,11.98,-12.87,-7.32
BX,Blackstone,Capital,2026-08-12,146.41,-0.52,7.63,17.54,19.27,9.41,-13.91,-7.8
BX,Blackstone,Capital,2026-08-13,149.32,1.99,11.89,17.53,24.83,11.88,-14.06,-5.97
BX,Blackstone,Capital,2026-08-14,143.93,-3.61,4.96,11.6,17.53,10.91,-18.51,-9.36
BX,Blackstone,Capital,2026-08-17,140.57,-2.33,-0.77,10.76,19.24,8.25,-19.53,-11.48
BX,Blackstone,Capital,2026-08-18,140.59,0.01,-4.47,13.74,20.12,7.0,-18.08,-11.47
BX,Blackstone,Capital,2026-08-19,145.09,3.2,-0.9,16.87,26.98,9.17,-14.26,-8.63
BX,Blackstone,Capital,2026-08-20,141.35,-2.58,-5.34,15.09,20.99,12.4,-15.51,-10.99
BX,Blackstone,Capital,2026-08-21,143.38,1.44,-0.38,15.16,20.92,18.23,-12.82,-9.71
BX,Blackstone,Capital,2026-08-24,143.64,0.18,2.18,10.49,21.2,26.32,-12.11,-9.55
BX,Blackstone,Capital,2026-08-25,143.41,-0.16,2.01,8.15,21.41,23.19,-15.89,-9.69
BX,Blackstone,Capital,2026-08-26,143.2,-0.15,-1.3,6.95,21.36,21.13,-15.52,-9.82
BX,Blackstone,Capital,2026-08-27,143.64,0.31,1.62,11.0,23.68,21.78,-16.21,-9.55
BX,Blackstone,Capital,2026-08-28,143.27,-0.26,-0.08,11.87,22.48,26.37,-16.53,-9.78
KKR,KKR,Capital,2026-01-02,128.9,1.11,-1.44,5.07,3.43,-7.0,,0.0
KKR,KKR,Capital,2026-01-05,134.57,4.4,3.19,6.4,5.42,-0.72,,4.4
KKR,KKR,Capital,2026-01-06,135.82,0.93,4.95,5.75,7.05,-1.54,,5.37
KKR,KKR,Capital,2026-01-07,130.83,-3.67,1.7,1.09,4.9,-6.03,,1.5
KKR,KKR,Capital,2026-01-08,133.64,2.15,4.83,2.61,7.14,-6.58,,3.68
KKR,KKR,Capital,2026-01-09,134.65,0.76,4.46,-0.83,8.54,-4.54,,4.46
KKR,KKR,Capital,2026-01-12,133.97,-0.51,-0.45,-5.35,13.71,-3.92,,3.93
KKR,KKR,Capital,2026-01-13,130.08,-2.9,-4.23,-8.89,8.0,-5.2,,0.92
KKR,KKR,Capital,2026-01-14,132.08,1.54,0.96,-3.31,4.84,-7.67,,2.47
KKR,KKR,Capital,2026-01-15,131.32,-0.58,-1.74,-2.59,5.51,-11.03,,1.88
KKR,KKR,Capital,2026-01-16,131.42,0.08,-2.4,-1.47,11.83,-9.97,,1.96
KKR,KKR,Capital,2026-01-20,122.9,-6.48,-8.26,-7.0,4.51,-14.82,,-4.65
KKR,KKR,Capital,2026-01-21,124.33,1.16,-4.42,-5.79,3.51,-14.24,,-3.55
KKR,KKR,Capital,2026-01-22,123.48,-0.68,-6.51,-5.46,-0.16,-16.71,,-4.2
KKR,KKR,Capital,2026-01-23,121.25,-1.81,-7.67,-7.74,-1.66,-19.27,,-5.93
KKR,KKR,Capital,2026-01-26,118.65,-2.14,-9.72,-9.43,-1.91,-22.02,,-7.95
KKR,KKR,Capital,2026-01-27,116.0,-2.23,-5.61,-11.3,-4.32,-23.76,,-10.01
KKR,KKR,Capital,2026-01-28,116.77,0.66,-6.08,-10.46,-4.49,-22.67,,-9.41
KKR,KKR,Capital,2026-01-29,114.98,-1.53,-6.88,-11.16,-4.67,-23.57,,-10.8
KKR,KKR,Capital,2026-01-30,114.26,-0.63,-5.76,-11.18,-3.62,-22.05,,-11.36
KKR,KKR,Capital,2026-02-02,114.36,0.09,-3.62,-10.29,-3.18,-19.78,,-11.28
KKR,KKR,Capital,2026-02-03,103.28,-9.69,-10.97,-19.88,-12.72,-28.84,,-19.88
KKR,KKR,Capital,2026-02-04,104.77,1.44,-10.28,-22.14,-10.93,-26.56,,-18.72
KKR,KKR,Capital,2026-02-05,99.17,-5.35,-13.75,-26.98,-16.16,-31.4,,-23.06
KKR,KKR,Capital,2026-02-06,103.2,4.06,-9.68,-21.12,-13.2,-27.42,,-19.94
KKR,KKR,Capital,2026-02-09,107.29,3.96,-6.18,-19.72,-10.07,-24.8,,-16.76
KKR,KKR,Capital,2026-02-10,107.21,-0.07,3.81,-20.38,-11.63,-24.27,,-16.83
KKR,KKR,Capital,2026-02-11,105.06,-2.01,0.28,-21.58,-12.53,-28.65,,-18.49
KKR,KKR,Capital,2026-02-12,101.12,-3.75,1.97,-22.26,-16.68,-31.43,,-21.55
KKR,KKR,Capital,2026-02-13,101.73,0.6,-1.42,-22.98,-17.34,-30.35,,-21.08
KKR,KKR,Capital,2026-02-17,102.55,0.81,-4.42,-21.91,-15.07,-27.92,,-20.44
KKR,KKR,Capital,2026-02-18,103.6,1.02,-3.37,-21.17,-13.61,-26.63,,-19.63
KKR,KKR,Capital,2026-02-19,101.64,-1.89,-3.26,-17.3,-10.86,-26.85,,-21.15
KKR,KKR,Capital,2026-02-20,101.18,-0.45,0.06,-18.62,-11.39,-26.73,,-21.51
KKR,KKR,Capital,2026-02-23,92.19,-8.89,-9.38,-25.34,-21.54,-33.12,,-28.48
KKR,KKR,Capital,2026-02-24,95.72,3.83,-6.66,-21.06,-16.34,-32.48,,-25.74
KKR,KKR,Capital,2026-02-25,96.63,0.95,-6.73,-18.56,-18.57,-30.34,,-25.03
KKR,KKR,Capital,2026-02-26,93.62,-3.11,-7.89,-19.29,-20.56,-33.17,,-27.37
KKR,KKR,Capital,2026-02-27,87.68,-6.34,-13.34,-24.91,-27.42,-37.58,,-31.98
KKR,KKR,Capital,2026-03-02,90.61,3.34,-1.71,-21.19,-25.01,-35.32,,-29.71
KKR,KKR,Capital,2026-03-03,90.55,-0.07,-5.4,-20.75,-25.97,-35.08,,-29.75
KKR,KKR,Capital,2026-03-04,93.83,3.62,-2.9,-17.95,-23.21,-32.37,,-27.21
KKR,KKR,Capital,2026-03-05,95.59,1.88,2.1,-7.45,-22.08,-29.1,,-25.84
KKR,KKR,Capital,2026-03-06,91.33,-4.46,4.16,-12.83,-27.79,-33.51,,-29.15
KKR,KKR,Capital,2026-03-09,90.94,-0.43,0.36,-8.3,-29.19,-32.9,,-29.45
KKR,KKR,Capital,2026-03-10,89.96,-1.08,-0.65,-12.83,-30.49,-35.14,,-30.21
KKR,KKR,Capital,2026-03-11,87.13,-3.15,-7.14,-18.79,-33.1,-36.58,,-32.4
KKR,KKR,Capital,2026-03-12,83.88,-3.73,-12.25,-21.76,-38.22,-39.78,,-34.93
KKR,KKR,Capital,2026-03-13,85.93,2.44,-5.91,-18.21,-39.29,-40.74,,-33.34
KKR,KKR,Capital,2026-03-16,86.1,0.2,-5.32,-14.85,-39.69,-39.93,,-33.2
KKR,KKR,Capital,2026-03-17,88.97,3.33,-1.1,-12.54,-34.87,-38.49,,-30.98
KKR,KKR,Capital,2026-03-18,90.63,1.87,4.02,-11.62,-32.77,-37.23,,-29.69
KKR,KKR,Capital,2026-03-19,90.6,-0.03,8.01,-12.55,-32.07,-37.26,,-29.71
KKR,KKR,Capital,2026-03-20,90.0,-0.66,4.74,-11.45,-31.9,-39.73,,-30.18
KKR,KKR,Capital,2026-03-23,90.84,0.93,5.51,-10.22,-31.17,-39.0,,-29.53
KKR,KKR,Capital,2026-03-24,90.91,0.08,2.18,-1.39,-30.4,-38.14,,-29.47
KKR,KKR,Capital,2026-03-25,88.91,-2.2,-1.9,-7.11,-32.35,-39.62,,-31.02
KKR,KKR,Capital,2026-03-26,89.99,1.21,-0.67,-6.87,-31.31,-34.76,,-30.19
KKR,KKR,Capital,2026-03-27,88.5,-1.66,-1.67,-5.47,-32.33,-34.76,,-31.34
KKR,KKR,Capital,2026-03-30,90.36,2.1,-0.53,3.06,-30.71,-32.57,,-29.9
KKR,KKR,Capital,2026-03-31,92.5,2.37,1.75,2.09,-28.53,-31.22,,-28.24
KKR,KKR,Capital,2026-04-01,91.36,-1.23,2.76,0.89,-28.98,-29.7,,-29.12
KKR,KKR,Capital,2026-04-02,91.23,-0.14,1.38,-2.77,-28.44,-28.43,,-29.22
KKR,KKR,Capital,2026-04-06,91.05,-0.2,2.88,-4.75,-29.36,-26.94,,-29.36
KKR,KKR,Capital,2026-04-07,90.75,-0.33,0.43,-0.64,-32.56,-28.91,,-29.6
KKR,KKR,Capital,2026-04-08,93.96,3.54,1.58,3.32,-30.82,-25.94,,-27.11
KKR,KKR,Capital,2026-04-09,92.83,-1.2,1.61,3.19,-29.05,-25.57,,-27.98
KKR,KKR,Capital,2026-04-10,91.22,-1.73,-0.01,4.69,-31.74,-26.87,,-29.23
KKR,KKR,Capital,2026-04-13,98.14,7.59,7.79,17.0,-27.11,-20.89,,-23.86
KKR,KKR,Capital,2026-04-14,100.43,2.33,10.67,16.87,-25.04,-14.76,,-22.09
KKR,KKR,Capital,2026-04-15,103.85,3.41,10.53,20.62,-20.16,-13.77,,-19.43
KKR,KKR,Capital,2026-04-16,102.02,-1.76,9.9,14.67,-22.76,-19.02,,-20.85
KKR,KKR,Capital,2026-04-17,103.6,1.55,13.57,14.31,-21.11,-16.76,,-19.63
KKR,KKR,Capital,2026-04-20,103.92,0.31,5.89,14.7,-20.93,-11.57,,-19.38
KKR,KKR,Capital,2026-04-21,104.45,0.51,4.0,16.06,-15.01,-11.18,,-18.97
KKR,KKR,Capital,2026-04-22,105.92,1.41,1.99,16.6,-14.81,-11.81,,-17.83
KKR,KKR,Capital,2026-04-23,101.64,-4.04,-0.37,11.8,-17.69,-17.82,,-21.15
KKR,KKR,Capital,2026-04-24,101.83,0.19,-1.71,14.53,-16.02,-17.41,,-21.0
KKR,KKR,Capital,2026-04-27,100.7,-1.11,-3.1,11.9,-15.13,-16.75,-11.08,-21.88
KKR,KKR,Capital,2026-04-28,101.4,0.7,-2.92,14.58,-12.59,-16.36,-10.76,-21.33
KKR,KKR,Capital,2026-04-29,99.32,-2.05,-6.23,9.92,-14.94,-18.76,-12.82,-22.95
KKR,KKR,Capital,2026-04-30,104.34,5.05,2.66,12.8,-9.25,-13.49,-8.75,-19.05
KKR,KKR,Capital,2026-05-01,103.68,-0.63,1.82,13.49,-9.26,-12.54,-9.27,-19.57
KKR,KKR,Capital,2026-05-04,103.33,-0.34,2.61,13.26,-9.64,-12.51,-9.75,-19.84
KKR,KKR,Capital,2026-05-05,102.0,-1.29,0.59,12.03,-1.24,-13.8,-12.77,-20.87
KKR,KKR,Capital,2026-05-06,100.79,-1.19,1.48,11.06,-3.8,-14.32,-12.2,-21.81
KKR,KKR,Capital,2026-05-07,100.34,-0.45,-3.83,6.79,1.18,-15.17,-11.71,-22.16
KKR,KKR,Capital,2026-05-08,102.52,2.17,-1.12,10.44,-0.66,-13.77,-11.78,-20.47
KKR,KKR,Capital,2026-05-11,99.46,-2.98,-3.75,9.03,-7.3,-16.64,-16.23,-22.84
KKR,KKR,Capital,2026-05-12,99.47,0.01,-2.48,1.36,-7.22,-18.01,-15.76,-22.83
KKR,KKR,Capital,2026-05-13,97.43,-2.05,-3.33,-2.99,-7.26,-18.88,-22.19,-24.41
KKR,KKR,Capital,2026-05-14,99.57,2.2,-0.77,-4.12,-1.53,-17.95,-21.54,-22.75
KKR,KKR,Capital,2026-05-15,96.97,-2.61,-5.41,-4.95,-4.68,-21.21,-24.85,-24.77
KKR,KKR,Capital,2026-05-18,95.97,-1.03,-3.51,-7.36,-6.42,-20.52,-23.62,-25.55
KKR,KKR,Capital,2026-05-19,92.92,-3.18,-6.58,-10.59,-10.31,-22.52,-26.2,-27.91
KKR,KKR,Capital,2026-05-20,94.34,1.53,-3.17,-9.68,-7.18,-17.26,-24.82,-26.81
KKR,KKR,Capital,2026-05-21,94.76,0.45,-4.83,-10.54,-6.35,-17.01,-23.67,-26.49
KKR,KKR,Capital,2026-05-22,94.04,-0.76,-3.02,-7.48,2.01,-19.97,-20.14,-27.04
KKR,KKR,Capital,2026-05-26,94.99,1.01,-1.02,-6.72,-0.76,-16.97,-19.64,-26.31
KKR,KKR,Capital,2026-05-27,95.03,0.04,2.27,-5.63,-1.66,-19.92,-18.9,-26.28
KKR,KKR,Capital,2026-05-28,94.03,-1.05,-0.33,-7.27,0.44,-20.21,-22.24,-27.05
KKR,KKR,Capital,2026-05-29,95.94,2.03,1.25,-3.4,9.42,-20.59,-20.74,-25.57
KKR,KKR,Capital,2026-06-01,95.01,-0.97,1.03,-8.94,4.86,-21.37,-22.33,-26.29
KKR,KKR,Capital,2026-06-02,94.45,-0.59,-0.57,-8.9,4.31,-22.78,-22.24,-26.73
KKR,KKR,Capital,2026-06-03,90.53,-4.15,-4.74,-12.39,-3.52,-25.91,-25.72,-29.77
KKR,KKR,Capital,2026-06-04,95.46,5.45,1.52,-6.41,-0.14,-22.19,-20.77,-25.94
KKR,KKR,Capital,2026-06-05,93.4,-2.16,-2.65,-7.33,2.27,-26.15,-22.5,-27.54
KKR,KKR,Capital,2026-06-08,93.21,-0.2,-1.89,-7.11,2.5,-27.42,-22.74,-27.69
KKR,KKR,Capital,2026-06-09,95.84,2.82,1.47,-6.52,6.54,-25.95,-22.33,-25.65
KKR,KKR,Capital,2026-06-10,95.02,-0.86,4.96,-4.46,9.06,-27.04,-22.9,-26.28
KKR,KKR,Capital,2026-06-11,95.3,0.29,-0.17,-4.19,13.61,-29.81,-23.16,-26.07
KKR,KKR,Capital,2026-06-12,96.24,0.99,3.04,-1.22,12.0,-32.01,-23.62,-25.34
KKR,KKR,Capital,2026-06-15,98.08,1.91,5.22,-1.5,13.91,-31.3,-21.69,-23.91
KKR,KKR,Capital,2026-06-16,98.97,0.91,3.27,2.06,11.24,-27.55,-18.43,-23.22
KKR,KKR,Capital,2026-06-17,97.17,-1.82,2.26,1.25,7.22,-27.92,-21.26,-24.62
KKR,KKR,Capital,2026-06-18,97.01,-0.16,1.79,4.4,7.08,-27.27,-19.87,-24.74
KKR,KKR,Capital,2026-06-22,96.9,-0.11,0.69,2.71,7.67,-26.67,-20.85,-24.83
KKR,KKR,Capital,2026-06-23,93.5,-3.51,-4.67,-1.33,2.93,-29.15,-23.74,-27.46
KKR,KKR,Capital,2026-06-24,91.51,-2.13,-7.54,-2.69,0.66,-29.94,-25.08,-29.01
KKR,KKR,Capital,2026-06-25,92.97,1.6,-4.32,-2.13,4.57,-29.26,-27.24,-27.87
KKR,KKR,Capital,2026-06-26,90.13,-3.05,-7.09,-5.16,0.16,-31.2,-30.05,-30.08
KKR,KKR,Capital,2026-06-29,88.94,-1.32,-8.21,-5.41,0.5,-31.99,-32.59,-31.0
KKR,KKR,Capital,2026-06-30,91.78,3.19,-1.84,-4.34,1.57,-29.62,-31.66,-28.8
KKR,KKR,Capital,2026-07-01,92.56,0.85,1.15,-2.58,0.06,-28.48,-30.42,-28.19
KKR,KKR,Capital,2026-07-02,93.84,1.38,0.94,-0.65,2.71,-27.05,-29.15,-27.2
KKR,KKR,Capital,2026-07-06,95.97,2.27,6.48,6.01,5.2,-24.72,-28.66,-25.55
KKR,KKR,Capital,2026-07-07,95.14,-0.86,6.97,-0.34,4.49,-26.19,-31.36,-26.19
KKR,KKR,Capital,2026-07-08,93.3,-1.93,1.66,-0.11,2.81,-30.67,-31.16,-27.62
KKR,KKR,Capital,2026-07-09,96.27,3.18,4.01,3.28,2.46,-29.12,-30.21,-25.31
KKR,KKR,Capital,2026-07-10,96.94,0.7,3.3,1.15,4.43,-25.9,-30.37,-24.79
KKR,KKR,Capital,2026-07-13,96.91,-0.03,0.98,1.99,6.24,-27.48,-32.25,-24.82
KKR,KKR,Capital,2026-07-14,97.21,0.31,2.18,2.0,-0.95,-27.81,-31.08,-24.58
KKR,KKR,Capital,2026-07-15,100.95,3.85,8.2,4.89,0.52,-24.65,-27.6,-21.68
KKR,KKR,Capital,2026-07-16,102.75,1.78,6.73,4.76,-1.06,-21.01,-25.11,-20.29
KKR,KKR,Capital,2026-07-17,100.94,-1.76,4.13,1.99,-1.06,-23.58,-29.44,-21.69
KKR,KKR,Capital,2026-07-20,96.97,-3.93,0.06,-0.21,-6.4,-26.16,-34.3,-24.77
KKR,KKR,Capital,2026-07-21,97.11,0.14,-0.1,0.1,-6.55,-26.11,-33.48,-24.66
KKR,KKR,Capital,2026-07-22,95.53,-1.63,-5.37,-1.41,-8.54,-22.27,-33.79,-25.89
KKR,KKR,Capital,2026-07-23,95.97,0.46,-6.6,2.64,-9.39,-22.81,-33.8,-25.55
KKR,KKR,Capital,2026-07-24,99.36,3.53,-1.57,8.58,-2.24,-19.53,-32.98,-22.92
KKR,KKR,Capital,2026-07-27,101.63,2.28,4.81,9.31,-0.2,-16.18,-32.33,-21.16
KKR,KKR,Capital,2026-07-28,102.66,1.01,5.72,13.9,1.95,-13.48,-32.53,-20.36
KKR,KKR,Capital,2026-07-29,99.28,-3.29,3.93,11.63,-2.09,-14.41,-34.75,-22.98
KKR,KKR,Capital,2026-07-30,100.98,1.71,5.22,10.02,1.67,-13.52,-33.13,-21.66
KKR,KKR,Capital,2026-07-31,101.43,0.45,2.08,9.58,-2.79,-11.78,-32.57,-21.31
KKR,KKR,Capital,2026-08-03,106.56,5.06,4.85,13.55,2.78,-6.74,-27.3,-17.33
KKR,KKR,Capital,2026-08-04,108.21,1.55,5.41,12.75,4.72,-5.38,-24.09,-16.05
KKR,KKR,Capital,2026-08-05,105.65,-2.37,6.42,11.05,3.58,2.29,-27.2,-18.04
KKR,KKR,Capital,2026-08-06,103.35,-2.18,2.35,10.77,2.54,-1.36,-27.56,-19.82
KKR,KKR,Capital,2026-08-07,102.81,-0.52,1.36,6.79,2.46,3.67,-28.88,-20.24
KKR,KKR,Capital,2026-08-10,103.83,0.99,-2.56,7.11,1.28,0.61,-26.98,-19.45
KKR,KKR,Capital,2026-08-11,110.97,6.88,2.55,14.51,11.57,3.43,-22.22,-13.91
KKR,KKR,Capital,2026-08-12,110.9,-0.06,4.97,14.08,11.49,3.44,-21.66,-13.96
KKR,KKR,Capital,2026-08-13,115.3,3.97,11.56,14.21,18.34,9.75,-21.69,-10.55
KKR,KKR,Capital,2026-08-14,114.01,-1.12,10.89,10.96,14.5,12.75,-22.68,-11.55
KKR,KKR,Capital,2026-08-17,108.83,-4.54,4.82,7.82,12.23,6.98,-25.49,-15.57
KKR,KKR,Capital,2026-08-18,107.19,-1.51,-3.41,10.54,11.69,4.52,-24.66,-16.84
KKR,KKR,Capital,2026-08-19,110.46,3.05,-0.4,13.75,18.88,6.62,-21.77,-14.31
KKR,KKR,Capital,2026-08-20,107.02,-3.11,-7.18,12.03,13.44,5.29,-22.98,-16.97
KKR,KKR,Capital,2026-08-21,108.48,1.36,-4.85,13.04,14.48,7.21,-21.44,-15.84
KKR,KKR,Capital,2026-08-24,107.32,-1.07,-1.39,8.01,14.12,16.41,-22.14,-16.74
KKR,KKR,Capital,2026-08-25,107.58,0.24,0.36,5.85,13.25,12.39,-24.12,-16.54
KKR,KKR,Capital,2026-08-26,108.5,0.86,-1.77,5.69,14.17,12.28,-21.78,-15.83
KKR,KKR,Capital,2026-08-27,109.32,0.76,2.15,10.11,16.26,16.77,-21.96,-15.19
KKR,KKR,Capital,2026-08-28,109.67,0.32,1.1,8.61,14.31,25.08,-21.93,-14.92
OWL,Blue Owl,Capital,2026-01-02,15.31,2.48,-0.97,2.68,-4.61,-21.77,,0.0
OWL,Blue Owl,Capital,2026-01-05,15.87,3.66,5.59,1.34,-2.46,-17.81,,3.66
OWL,Blue Owl,Capital,2026-01-06,16.04,1.07,5.18,-0.12,-2.91,-17.15,,4.77
OWL,Blue Owl,Capital,2026-01-07,15.58,-2.87,3.94,-4.06,-3.29,-19.86,,1.76
OWL,Blue Owl,Capital,2026-01-08,15.78,1.28,5.62,-1.5,-4.42,-19.49,,3.07
OWL,Blue Owl,Capital,2026-01-09,15.73,-0.32,2.74,-5.64,-3.2,-16.82,,2.74
OWL,Blue Owl,Capital,2026-01-12,15.78,0.32,-0.57,-4.71,2.2,-17.94,,3.07
OWL,Blue Owl,Capital,2026-01-13,15.3,-3.04,-4.61,-5.03,-5.09,-18.66,,-0.07
OWL,Blue Owl,Capital,2026-01-14,15.6,1.96,0.13,-0.32,-6.92,-22.7,,1.89
OWL,Blue Owl,Capital,2026-01-15,15.79,1.22,0.06,1.28,-7.77,-24.09,,3.14
OWL,Blue Owl,Capital,2026-01-16,15.93,0.89,1.27,0.63,0.25,-22.71,,4.05
OWL,Blue Owl,Capital,2026-01-20,15.35,-3.64,-2.72,-0.26,-5.13,-23.33,,0.26
OWL,Blue Owl,Capital,2026-01-21,15.76,2.67,3.01,1.81,-5.52,-21.0,,2.94
OWL,Blue Owl,Capital,2026-01-22,15.69,-0.44,0.58,1.95,-7.98,-23.16,,2.48
OWL,Blue Owl,Capital,2026-01-23,15.14,-3.51,-4.12,-4.66,-11.82,-25.46,,-1.11
OWL,Blue Owl,Capital,2026-01-26,14.61,-3.5,-8.29,-6.82,-10.42,-27.02,,-4.57
OWL,Blue Owl,Capital,2026-01-27,14.53,-0.55,-5.34,-6.02,-12.89,-26.65,,-5.09
OWL,Blue Owl,Capital,2026-01-28,14.5,-0.21,-7.99,-3.53,-14.15,-26.95,,-5.29
OWL,Blue Owl,Capital,2026-01-29,13.99,-3.52,-10.83,-8.26,-15.37,-28.29,,-8.62
OWL,Blue Owl,Capital,2026-01-30,13.64,-2.5,-9.91,-9.01,-17.63,-29.51,,-10.91
OWL,Blue Owl,Capital,2026-02-02,13.42,-1.61,-8.15,-10.17,-15.38,-28.77,,-12.34
OWL,Blue Owl,Capital,2026-02-03,12.11,-9.76,-16.66,-20.9,-23.21,-37.42,,-20.9
OWL,Blue Owl,Capital,2026-02-04,12.06,-0.41,-16.83,-24.01,-25.37,-37.67,,-21.23
OWL,Blue Owl,Capital,2026-02-05,11.63,-3.57,-16.87,-27.49,-25.73,-40.48,,-24.04
OWL,Blue Owl,Capital,2026-02-06,12.52,7.65,-8.21,-19.64,-20.2,-33.9,,-18.22
OWL,Blue Owl,Capital,2026-02-09,12.64,0.96,-5.81,-19.9,-15.45,-36.0,,-17.44
OWL,Blue Owl,Capital,2026-02-10,12.97,2.61,7.1,-17.55,-15.94,-34.33,,-15.28
OWL,Blue Owl,Capital,2026-02-11,12.61,-2.78,4.56,-20.09,-15.43,-37.94,,-17.64
OWL,Blue Owl,Capital,2026-02-12,12.49,-0.95,7.39,-18.37,-17.18,-37.67,,-18.42
OWL,Blue Owl,Capital,2026-02-13,12.3,-1.52,-1.76,-21.15,-18.44,-37.44,,-19.66
OWL,Blue Owl,Capital,2026-02-17,12.08,-1.79,-4.43,-23.5,-18.49,-36.55,,-21.1
OWL,Blue Owl,Capital,2026-02-18,12.31,1.9,-5.09,-22.72,-15.8,-35.79,,-19.6
OWL,Blue Owl,Capital,2026-02-19,11.58,-5.93,-8.17,-24.56,-15.9,-38.5,,-24.36
OWL,Blue Owl,Capital,2026-02-20,10.81,-6.65,-13.45,-31.41,-22.29,-41.79,,-29.39
OWL,Blue Owl,Capital,2026-02-23,10.44,-3.42,-15.12,-33.46,-24.29,-43.75,,-31.81
OWL,Blue Owl,Capital,2026-02-24,10.73,2.78,-11.18,-29.13,-21.91,-42.93,,-29.92
OWL,Blue Owl,Capital,2026-02-25,11.35,5.78,-7.8,-22.31,-19.1,-38.98,,-25.87
OWL,Blue Owl,Capital,2026-02-26,11.22,-1.15,-3.11,-22.78,-20.76,-39.9,,-26.71
OWL,Blue Owl,Capital,2026-02-27,10.55,-5.97,-2.41,-27.24,-26.99,-43.25,,-31.09
OWL,Blue Owl,Capital,2026-03-02,10.68,1.23,2.3,-23.66,-27.59,-42.86,,-30.24
OWL,Blue Owl,Capital,2026-03-03,10.27,-3.84,-4.29,-24.71,-31.53,-44.55,,-32.92
OWL,Blue Owl,Capital,2026-03-04,10.34,0.68,-8.9,-22.95,-31.2,-43.93,,-32.46
OWL,Blue Owl,Capital,2026-03-05,10.42,0.77,-7.13,-13.96,-30.11,-41.82,,-31.94
OWL,Blue Owl,Capital,2026-03-06,9.89,-5.09,-6.26,-17.99,-36.85,-45.21,,-35.4
OWL,Blue Owl,Capital,2026-03-09,9.81,-0.81,-8.15,-15.65,-38.92,-44.86,,-35.92
OWL,Blue Owl,Capital,2026-03-10,9.46,-3.57,-7.89,-24.44,-41.75,-47.5,,-38.21
OWL,Blue Owl,Capital,2026-03-11,9.02,-4.65,-12.77,-28.64,-43.7,-49.27,,-41.08
OWL,Blue Owl,Capital,2026-03-12,8.61,-4.55,-17.37,-33.62,-48.35,-53.73,,-43.76
OWL,Blue Owl,Capital,2026-03-13,8.75,1.63,-11.53,-30.61,-47.16,-53.33,,-42.85
OWL,Blue Owl,Capital,2026-03-16,8.76,0.11,-10.7,-29.86,-45.62,-53.28,,-42.78
OWL,Blue Owl,Capital,2026-03-17,9.15,4.45,-3.28,-25.61,-41.53,-50.78,,-40.24
OWL,Blue Owl,Capital,2026-03-18,9.11,-0.44,1.0,-24.59,-41.57,-50.89,,-40.5
OWL,Blue Owl,Capital,2026-03-19,9.12,0.11,5.92,-25.91,-42.39,-50.84,,-40.43
OWL,Blue Owl,Capital,2026-03-20,9.12,0.0,4.23,-21.24,-40.74,-52.23,,-40.43
OWL,Blue Owl,Capital,2026-03-23,9.09,-0.33,3.77,-15.91,-41.28,-51.9,,-40.63
OWL,Blue Owl,Capital,2026-03-24,8.96,-1.43,-2.08,-14.18,-41.78,-51.62,,-41.48
OWL,Blue Owl,Capital,2026-03-25,9.03,0.78,-0.88,-15.84,-43.14,-51.56,,-41.02
OWL,Blue Owl,Capital,2026-03-26,9.02,-0.11,-1.1,-20.53,-42.47,-47.83,,-41.08
OWL,Blue Owl,Capital,2026-03-27,8.84,-2.0,-3.07,-21.21,-42.82,-49.08,,-42.26
OWL,Blue Owl,Capital,2026-03-30,9.07,2.6,-0.22,-14.03,-39.65,-48.93,,-40.76
OWL,Blue Owl,Capital,2026-03-31,9.13,0.66,1.9,-14.51,-40.13,-48.01,,-40.37
OWL,Blue Owl,Capital,2026-04-01,8.71,-4.6,-3.54,-15.19,-41.89,-48.55,,-43.11
OWL,Blue Owl,Capital,2026-04-02,8.57,-1.61,-4.99,-17.12,-42.64,-46.9,,-44.02
OWL,Blue Owl,Capital,2026-04-06,8.45,-1.4,-4.41,-18.91,-44.81,-47.35,,-44.81
OWL,Blue Owl,Capital,2026-04-07,8.47,0.24,-6.62,-14.36,-46.63,-47.94,,-44.68
OWL,Blue Owl,Capital,2026-04-08,8.32,-1.77,-8.87,-15.19,-48.13,-49.64,,-45.66
OWL,Blue Owl,Capital,2026-04-09,8.28,-0.48,-4.94,-12.47,-46.85,-48.6,,-45.92
OWL,Blue Owl,Capital,2026-04-10,8.23,-0.6,-3.97,-8.76,-47.85,-50.15,,-46.24
OWL,Blue Owl,Capital,2026-04-13,8.45,2.67,0.0,-1.86,-46.28,-48.0,,-44.81
OWL,Blue Owl,Capital,2026-04-14,9.17,8.52,8.26,4.8,-41.89,-40.61,,-40.1
OWL,Blue Owl,Capital,2026-04-15,9.92,8.18,19.23,13.24,-35.16,-38.46,,-35.21
OWL,Blue Owl,Capital,2026-04-16,9.65,-2.72,16.55,5.46,-38.14,-42.42,,-36.97
OWL,Blue Owl,Capital,2026-04-17,9.85,2.07,19.68,8.12,-37.62,-42.46,,-35.66
OWL,Blue Owl,Capital,2026-04-20,9.89,0.41,17.04,8.44,-37.92,-37.76,,-35.4
OWL,Blue Owl,Capital,2026-04-21,9.87,-0.2,7.63,8.22,-35.7,-39.0,,-35.53
OWL,Blue Owl,Capital,2026-04-22,9.92,0.51,0.0,9.13,-37.06,-40.53,,-35.21
OWL,Blue Owl,Capital,2026-04-23,9.42,-5.04,-2.38,5.13,-39.96,-44.75,,-38.47
OWL,Blue Owl,Capital,2026-04-24,9.18,-2.55,-6.8,1.66,-39.37,-46.53,,-40.04
OWL,Blue Owl,Capital,2026-04-27,8.92,-2.83,-9.81,-1.11,-38.95,-45.31,-51.71,-41.74
OWL,Blue Owl,Capital,2026-04-28,8.86,-0.67,-10.23,0.23,-39.02,-46.88,-52.11,-42.13
OWL,Blue Owl,Capital,2026-04-29,8.88,0.23,-10.48,-2.09,-38.76,-47.42,-52.64,-42.0
OWL,Blue Owl,Capital,2026-04-30,9.75,9.8,3.5,6.79,-30.31,-41.02,-47.58,-36.32
OWL,Blue Owl,Capital,2026-05-01,9.98,2.36,8.71,14.58,-26.83,-39.73,-46.14,-34.81
OWL,Blue Owl,Capital,2026-05-04,10.12,1.4,13.45,18.09,-24.59,-36.19,-43.5,-33.9
OWL,Blue Owl,Capital,2026-05-05,10.75,6.23,21.33,27.22,-11.23,-31.83,-41.58,-29.78
OWL,Blue Owl,Capital,2026-05-06,10.54,-1.95,18.69,24.44,-12.6,-34.78,-42.9,-31.16
OWL,Blue Owl,Capital,2026-05-07,10.35,-1.8,6.15,24.4,-11.01,-33.91,-42.02,-32.4
OWL,Blue Owl,Capital,2026-05-08,10.56,2.03,5.81,27.54,-15.65,-32.7,-41.63,-31.03
OWL,Blue Owl,Capital,2026-05-11,10.08,-4.55,-0.4,22.48,-20.25,-32.58,-45.63,-34.16
OWL,Blue Owl,Capital,2026-05-12,10.0,-0.79,-6.98,18.34,-22.9,-35.19,-45.89,-34.68
OWL,Blue Owl,Capital,2026-05-13,9.77,-2.3,-7.31,6.54,-22.52,-34.47,-50.25,-36.19
OWL,Blue Owl,Capital,2026-05-14,9.81,0.41,-5.22,-1.11,-21.46,-34.95,-50.88,-35.92
OWL,Blue Owl,Capital,2026-05-15,9.46,-3.57,-10.42,-1.97,-23.09,-37.27,-52.65,-38.21
OWL,Blue Owl,Capital,2026-05-18,9.49,0.32,-5.85,-3.65,-21.44,-35.96,-50.88,-38.01
OWL,Blue Owl,Capital,2026-05-19,9.43,-0.63,-5.7,-4.65,-23.4,-35.5,-51.62,-38.41
OWL,Blue Owl,Capital,2026-05-20,9.73,3.18,-0.41,-1.42,-15.98,-29.34,-49.87,-36.45
OWL,Blue Owl,Capital,2026-05-21,10.2,4.83,3.98,2.82,-5.64,-26.67,-46.46,-33.38
OWL,Blue Owl,Capital,2026-05-22,10.06,-1.37,6.34,6.79,-3.64,-27.05,-44.51,-34.29
OWL,Blue Owl,Capital,2026-05-26,10.1,0.4,6.43,10.02,-5.87,-26.49,-44.6,-34.03
OWL,Blue Owl,Capital,2026-05-27,10.13,0.3,7.42,13.57,-10.75,-27.8,-44.55,-33.83
OWL,Blue Owl,Capital,2026-05-28,9.93,-1.97,2.06,12.08,-11.5,-29.87,-46.96,-35.14
OWL,Blue Owl,Capital,2026-05-29,10.28,3.52,0.78,15.77,-2.56,-28.86,-45.26,-32.85
OWL,Blue Owl,Capital,2026-06-01,10.47,1.85,4.08,7.38,-1.97,-29.02,-44.16,-31.61
OWL,Blue Owl,Capital,2026-06-02,10.07,-3.82,-0.3,0.9,-1.95,-32.87,-46.09,-34.23
OWL,Blue Owl,Capital,2026-06-03,9.69,-3.77,-4.34,-4.25,-6.29,-35.53,-47.76,-36.71
OWL,Blue Owl,Capital,2026-06-04,10.19,5.16,2.62,-5.21,-2.21,-31.66,-45.6,-33.44
OWL,Blue Owl,Capital,2026-06-05,9.8,-3.83,-4.67,-7.02,-0.91,-37.42,-48.5,-35.99
OWL,Blue Owl,Capital,2026-06-08,9.42,-3.88,-10.03,-8.99,-3.98,-41.34,-50.47,-38.47
OWL,Blue Owl,Capital,2026-06-09,9.59,1.8,-4.77,-9.19,1.37,-40.95,-50.21,-37.36
OWL,Blue Owl,Capital,2026-06-10,9.47,-1.25,-2.27,-6.05,4.99,-40.89,-50.65,-38.15
OWL,Blue Owl,Capital,2026-06-11,9.72,2.64,-4.61,-2.8,12.89,-41.69,-49.0,-36.51
OWL,Blue Owl,Capital,2026-06-12,9.68,-0.41,-1.22,-0.92,10.63,-41.55,-49.5,-36.77
OWL,Blue Owl,Capital,2026-06-15,9.61,-0.72,2.02,-2.04,9.7,-40.35,-50.0,-37.23
OWL,Blue Owl,Capital,2026-06-16,9.84,2.39,2.61,4.02,7.54,-37.12,-47.38,-35.73
OWL,Blue Owl,Capital,2026-06-17,9.49,-3.56,0.21,0.0,4.17,-39.13,-49.74,-38.01
OWL,Blue Owl,Capital,2026-06-18,9.53,0.42,-1.95,1.06,4.5,-39.8,-48.71,-37.75
OWL,Blue Owl,Capital,2026-06-22,9.23,-3.15,-4.65,-5.14,1.21,-40.03,-50.56,-39.71
OWL,Blue Owl,Capital,2026-06-23,8.91,-3.47,-7.28,-12.65,-1.98,-42.44,-52.38,-41.8
OWL,Blue Owl,Capital,2026-06-24,8.47,-4.94,-13.92,-15.81,-5.47,-44.96,-54.39,-44.68
OWL,Blue Owl,Capital,2026-06-25,8.44,-0.35,-11.06,-16.44,-6.53,-46.85,-55.83,-44.87
OWL,Blue Owl,Capital,2026-06-26,8.57,1.54,-10.07,-15.4,-4.99,-45.34,-54.97,-44.02
OWL,Blue Owl,Capital,2026-06-29,8.52,-0.58,-7.69,-14.2,-3.62,-44.89,-55.6,-44.35
OWL,Blue Owl,Capital,2026-06-30,8.75,2.7,-1.8,-14.88,-3.53,-41.78,-55.01,-42.85
OWL,Blue Owl,Capital,2026-07-01,8.64,-1.26,2.01,-17.48,-5.37,-43.34,-55.02,-43.57
OWL,Blue Owl,Capital,2026-07-02,9.04,4.63,7.11,-10.23,3.79,-39.69,-52.97,-40.95
OWL,Blue Owl,Capital,2026-07-06,9.49,4.98,10.74,-2.06,10.74,-36.48,-51.08,-38.01
OWL,Blue Owl,Capital,2026-07-07,9.39,-1.05,10.21,-7.85,11.12,-38.67,-52.02,-38.67
OWL,Blue Owl,Capital,2026-07-08,9.24,-1.6,5.6,-5.71,9.09,-41.78,-52.15,-39.65
OWL,Blue Owl,Capital,2026-07-09,9.3,0.65,7.64,-1.27,11.78,-42.02,-51.96,-39.26
OWL,Blue Owl,Capital,2026-07-10,9.36,0.65,3.54,-2.4,13.04,-39.92,-51.85,-38.86
OWL,Blue Owl,Capital,2026-07-13,9.29,-0.75,-2.11,-1.9,12.88,-41.13,-52.6,-39.32
OWL,Blue Owl,Capital,2026-07-14,9.62,3.55,2.45,-1.03,13.85,-38.84,-49.13,-37.17
OWL,Blue Owl,Capital,2026-07-15,9.69,0.73,4.87,0.1,5.67,-38.59,-49.61,-36.71
OWL,Blue Owl,Capital,2026-07-16,9.62,-0.72,3.44,0.1,-3.02,-37.12,-48.86,-37.17
OWL,Blue Owl,Capital,2026-07-17,9.52,-1.04,1.71,-3.25,-1.35,-38.97,-52.82,-37.82
OWL,Blue Owl,Capital,2026-07-20,9.35,-1.79,0.65,-1.48,-5.08,-40.79,-55.05,-38.93
OWL,Blue Owl,Capital,2026-07-21,9.39,0.43,-2.39,-1.47,-5.06,-41.05,-54.44,-38.67
OWL,Blue Owl,Capital,2026-07-22,9.16,-2.45,-5.47,-0.76,-7.19,-40.33,-54.25,-40.17
OWL,Blue Owl,Capital,2026-07-23,9.21,0.55,-4.26,3.37,-7.16,-41.56,-53.83,-39.84
OWL,Blue Owl,Capital,2026-07-24,9.45,2.61,-0.74,11.57,0.32,-39.77,-53.72,-38.28
OWL,Blue Owl,Capital,2026-07-27,9.68,2.43,3.53,14.69,5.45,-36.06,-52.34,-36.77
OWL,Blue Owl,Capital,2026-07-28,9.81,1.34,4.47,14.47,9.98,-32.85,-51.0,-35.92
OWL,Blue Owl,Capital,2026-07-29,9.55,-2.65,4.26,12.09,7.79,-34.27,-51.79,-37.62
OWL,Blue Owl,Capital,2026-07-30,10.16,6.39,10.31,16.11,14.41,-29.93,-48.82,-33.64
OWL,Blue Owl,Capital,2026-07-31,10.3,1.38,8.99,19.21,5.64,-26.38,-47.21,-32.72
OWL,Blue Owl,Capital,2026-08-03,11.16,8.35,15.29,23.45,11.82,-18.18,-42.33,-27.11
OWL,Blue Owl,Capital,2026-08-04,11.57,3.67,17.94,21.92,14.33,-13.79,-38.59,-24.43
OWL,Blue Owl,Capital,2026-08-05,11.55,-0.17,20.94,23.0,7.44,-4.62,-40.31,-24.56
OWL,Blue Owl,Capital,2026-08-06,11.46,-0.78,12.8,24.03,8.73,-4.98,-40.78,-25.15
OWL,Blue Owl,Capital,2026-08-07,11.87,3.58,15.24,27.63,14.69,2.06,-39.25,-22.47
OWL,Blue Owl,Capital,2026-08-10,11.65,-1.85,4.39,24.47,10.32,-6.95,-38.49,-23.91
OWL,Blue Owl,Capital,2026-08-11,12.32,5.75,6.48,32.62,22.22,-2.53,-37.62,-19.53
OWL,Blue Owl,Capital,2026-08-12,12.22,-0.81,5.8,27.03,22.2,-5.78,-38.13,-20.18
OWL,Blue Owl,Capital,2026-08-13,12.66,3.6,10.47,30.65,29.58,0.4,-37.7,-17.31
OWL,Blue Owl,Capital,2026-08-14,12.22,-3.48,2.95,27.03,24.57,-2.16,-39.02,-20.18
OWL,Blue Owl,Capital,2026-08-17,11.66,-4.58,0.09,22.48,23.26,-5.2,-40.69,-23.84
OWL,Blue Owl,Capital,2026-08-18,11.59,-0.6,-5.93,23.96,22.13,-4.06,-39.13,-24.3
OWL,Blue Owl,Capital,2026-08-19,11.77,1.55,-3.68,25.35,24.81,-4.39,-38.6,-23.12
OWL,Blue Owl,Capital,2026-08-20,11.4,-3.14,-9.95,24.45,17.16,-1.55,-39.46,-25.54
OWL,Blue Owl,Capital,2026-08-21,11.67,2.37,-4.5,26.71,14.41,7.96,-37.16,-23.78
OWL,Blue Owl,Capital,2026-08-24,11.68,0.09,0.17,23.6,16.1,11.88,-37.07,-23.71
OWL,Blue Owl,Capital,2026-08-25,11.79,0.94,1.73,21.8,16.73,9.88,-37.29,-22.99
OWL,Blue Owl,Capital,2026-08-26,11.8,0.08,0.25,20.29,16.49,3.96,-36.56,-22.93
OWL,Blue Owl,Capital,2026-08-27,12.02,1.86,5.44,25.86,21.05,7.13,-35.62,-21.49
OWL,Blue Owl,Capital,2026-08-28,12.035,0.12,3.13,18.45,17.07,14.08,-35.26,-21.39
BIZD,BDC Sector,BM,2026-01-02,14.26,0.56,-0.83,-1.93,-1.93,-12.08,,0.0
BIZD,BDC Sector,BM,2026-01-05,14.45,1.33,-0.48,-2.23,0.42,-10.42,,1.33
BIZD,BDC Sector,BM,2026-01-06,14.34,-0.76,1.85,-3.56,0.14,-11.21,,0.56
BIZD,BDC Sector,BM,2026-01-07,13.97,-2.58,-1.34,-6.3,-1.27,-13.61,,-2.03
BIZD,BDC Sector,BM,2026-01-08,14.39,3.01,1.48,-3.75,2.42,-11.99,,0.91
BIZD,BDC Sector,BM,2026-01-09,14.34,-0.35,0.56,-4.46,4.98,-13.2,,0.56
BIZD,BDC Sector,BM,2026-01-12,14.32,-0.14,-0.9,-4.85,6.15,-13.21,,0.42
BIZD,BDC Sector,BM,2026-01-13,14.23,-0.63,-0.77,-4.24,2.3,-13.65,,-0.21
BIZD,BDC Sector,BM,2026-01-14,14.47,1.69,3.58,-2.49,1.83,-13.04,,1.47
BIZD,BDC Sector,BM,2026-01-15,14.6,0.9,1.46,-0.95,2.74,-13.2,,2.38
BIZD,BDC Sector,BM,2026-01-16,14.53,-0.48,1.32,-1.09,4.53,-13.25,,1.89
BIZD,BDC Sector,BM,2026-01-20,14.33,-1.38,0.07,-1.92,2.58,-13.26,,0.49
BIZD,BDC Sector,BM,2026-01-21,14.5,1.19,1.9,-0.48,3.2,-12.7,,1.68
BIZD,BDC Sector,BM,2026-01-22,14.5,0.0,0.21,0.49,1.83,-13.38,,1.68
BIZD,BDC Sector,BM,2026-01-23,14.4,-0.69,-1.37,-0.21,1.55,-13.41,,0.98
BIZD,BDC Sector,BM,2026-01-26,14.21,-1.32,-2.2,-0.98,-0.35,-14.81,,-0.35
BIZD,BDC Sector,BM,2026-01-27,14.23,0.14,-0.7,-1.04,-0.7,-13.5,,-0.21
BIZD,BDC Sector,BM,2026-01-28,14.12,-0.77,-2.62,-2.75,-2.96,-13.48,,-0.98
BIZD,BDC Sector,BM,2026-01-29,14.14,0.14,-2.48,0.43,-3.08,-12.72,,-0.84
BIZD,BDC Sector,BM,2026-01-30,14.0,-0.99,-2.78,-1.13,-2.85,-13.47,,-1.82
BIZD,BDC Sector,BM,2026-02-02,13.76,-1.71,-3.17,-2.96,-3.17,-13.84,,-3.51
BIZD,BDC Sector,BM,2026-02-03,13.45,-2.25,-5.48,-5.68,-6.14,-15.62,,-5.68
BIZD,BDC Sector,BM,2026-02-04,13.61,1.19,-3.61,-5.81,-5.29,-15.1,,-4.56
BIZD,BDC Sector,BM,2026-02-05,13.21,-2.94,-6.58,-7.88,-7.3,-17.23,,-7.36
BIZD,BDC Sector,BM,2026-02-06,13.42,1.59,-4.14,-3.94,-5.76,-15.33,,-5.89
BIZD,BDC Sector,BM,2026-02-09,13.58,1.19,-1.31,-5.63,-3.07,-14.91,,-4.77
BIZD,BDC Sector,BM,2026-02-10,13.8,1.62,2.6,-3.77,-2.75,-13.43,,-3.23
BIZD,BDC Sector,BM,2026-02-11,13.76,-0.29,1.1,-3.91,-3.03,-14.0,,-3.51
BIZD,BDC Sector,BM,2026-02-12,13.61,-1.09,3.03,-4.36,-4.56,-15.73,,-4.56
BIZD,BDC Sector,BM,2026-02-13,13.42,-1.4,0.0,-7.26,-6.15,-16.59,,-5.89
BIZD,BDC Sector,BM,2026-02-17,13.33,-0.67,-1.84,-8.7,-6.13,-16.16,,-6.52
BIZD,BDC Sector,BM,2026-02-18,13.44,0.83,-2.61,-7.5,-4.88,-15.63,,-5.75
BIZD,BDC Sector,BM,2026-02-19,13.2,-1.79,-4.07,-7.89,-4.76,-17.19,,-7.43
BIZD,BDC Sector,BM,2026-02-20,13.16,-0.3,-3.31,-9.24,-4.91,-17.44,,-7.71
BIZD,BDC Sector,BM,2026-02-23,13.02,-1.06,-2.98,-10.21,-6.26,-17.85,,-8.7
BIZD,BDC Sector,BM,2026-02-24,13.16,1.08,-1.28,-8.61,-4.71,-17.44,,-7.71
BIZD,BDC Sector,BM,2026-02-25,13.4,1.82,-0.3,-5.7,-4.56,-15.3,,-6.03
BIZD,BDC Sector,BM,2026-02-26,13.16,-1.79,-0.3,-7.52,-7.52,-17.34,,-7.71
BIZD,BDC Sector,BM,2026-02-27,12.68,-3.65,-3.65,-10.2,-11.94,-20.65,,-11.08
BIZD,BDC Sector,BM,2026-03-02,12.9,1.74,-0.92,-8.77,-11.34,-19.53,,-9.54
BIZD,BDC Sector,BM,2026-03-03,12.96,0.47,-1.52,-7.43,-11.48,-19.5,,-9.12
BIZD,BDC Sector,BM,2026-03-04,13.07,0.85,-2.46,-5.01,-10.23,-18.47,,-8.35
BIZD,BDC Sector,BM,2026-03-05,13.0,-0.54,-1.22,-3.35,-10.59,-18.55,,-8.84
BIZD,BDC Sector,BM,2026-03-06,12.83,-1.31,1.18,-5.73,-13.19,-20.06,,-10.03
BIZD,BDC Sector,BM,2026-03-09,12.88,0.39,-0.16,-2.5,-13.38,-19.6,,-9.68
BIZD,BDC Sector,BM,2026-03-10,12.78,-0.78,-1.39,-4.77,-14.29,-20.32,,-10.38
BIZD,BDC Sector,BM,2026-03-11,12.7,-0.63,-2.83,-6.48,-15.05,-20.28,,-10.94
BIZD,BDC Sector,BM,2026-03-12,12.51,-1.5,-3.77,-9.35,-16.66,-21.22,,-12.27
BIZD,BDC Sector,BM,2026-03-13,12.48,-0.24,-2.73,-9.3,-17.08,-21.8,,-12.48
BIZD,BDC Sector,BM,2026-03-16,12.54,0.48,-2.64,-7.86,-15.61,-20.88,,-12.06
BIZD,BDC Sector,BM,2026-03-17,12.95,3.27,1.33,-3.5,-12.74,-16.61,,-9.19
BIZD,BDC Sector,BM,2026-03-18,12.9,-0.39,1.57,-3.23,-12.48,-16.29,,-9.54
BIZD,BDC Sector,BM,2026-03-19,12.94,0.31,3.44,-3.72,-11.91,-16.08,,-9.26
BIZD,BDC Sector,BM,2026-03-20,12.7,-1.85,1.76,-3.79,-13.07,-18.59,,-10.94
BIZD,BDC Sector,BM,2026-03-23,12.92,1.73,3.03,-1.82,-11.32,-17.6,,-9.4
BIZD,BDC Sector,BM,2026-03-24,12.69,-1.78,-2.01,-2.53,-12.06,-17.0,,-11.01
BIZD,BDC Sector,BM,2026-03-25,12.81,0.95,-0.7,-2.66,-11.23,-15.72,,-10.17
BIZD,BDC Sector,BM,2026-03-26,12.64,-1.33,-2.32,-5.67,-11.92,-15.73,,-11.36
BIZD,BDC Sector,BM,2026-03-27,12.38,-2.06,-2.52,-5.93,-13.91,-17.8,,-13.18
BIZD,BDC Sector,BM,2026-03-30,12.51,1.05,-3.17,-1.34,-13.84,-16.82,,-12.27
BIZD,BDC Sector,BM,2026-03-31,12.8,2.32,0.87,-0.78,-9.09,-14.44,,-10.24
BIZD,BDC Sector,BM,2026-04-01,12.11,-5.39,-5.46,-6.56,-14.48,-18.94,,-15.08
BIZD,BDC Sector,BM,2026-04-02,12.37,2.15,-2.14,-5.36,-12.76,-13.62,,-13.25
BIZD,BDC Sector,BM,2026-04-06,12.53,1.29,1.21,-3.62,-12.13,-13.82,,-12.13
BIZD,BDC Sector,BM,2026-04-07,12.4,-1.04,-0.88,-3.35,-14.19,-13.83,,-13.04
BIZD,BDC Sector,BM,2026-04-08,12.39,-0.08,-3.2,-3.8,-13.6,-13.48,,-13.11
BIZD,BDC Sector,BM,2026-04-09,12.3,-0.73,1.57,-3.76,-11.95,-13.07,,-13.74
BIZD,BDC Sector,BM,2026-04-10,12.36,0.49,-0.08,-2.68,-14.11,-12.03,,-13.32
BIZD,BDC Sector,BM,2026-04-13,12.51,1.21,-0.16,0.0,-12.76,-8.42,,-12.27
BIZD,BDC Sector,BM,2026-04-14,12.85,2.72,3.63,2.96,-10.27,-4.74,,-9.89
BIZD,BDC Sector,BM,2026-04-15,13.17,2.49,6.3,5.02,-7.45,-5.32,,-7.64
BIZD,BDC Sector,BM,2026-04-16,12.96,-1.59,5.37,0.08,-10.44,-8.8,,-9.12
BIZD,BDC Sector,BM,2026-04-17,13.2,1.85,6.8,2.33,-9.59,-7.11,,-7.43
BIZD,BDC Sector,BM,2026-04-20,13.18,-0.15,5.36,1.85,-9.29,-5.18,,-7.57
BIZD,BDC Sector,BM,2026-04-21,12.88,-2.28,0.23,1.42,-10.12,-7.8,,-9.68
BIZD,BDC Sector,BM,2026-04-22,12.99,0.85,-1.37,0.54,-10.41,-7.54,,-8.91
BIZD,BDC Sector,BM,2026-04-23,12.71,-2.16,-1.93,0.16,-12.34,-10.74,,-10.87
BIZD,BDC Sector,BM,2026-04-24,12.7,-0.08,-3.79,-0.86,-11.81,-10.44,,-10.94
BIZD,BDC Sector,BM,2026-04-27,12.73,0.24,-3.41,0.71,-10.42,-10.73,-17.55,-10.73
BIZD,BDC Sector,BM,2026-04-28,12.91,1.41,0.23,4.28,-9.28,-9.91,-16.76,-9.47
BIZD,BDC Sector,BM,2026-04-29,12.76,-1.16,-1.77,2.0,-9.63,-12.3,-18.21,-10.52
BIZD,BDC Sector,BM,2026-04-30,13.15,3.06,3.46,2.73,-7.0,-9.87,-14.89,-7.78
BIZD,BDC Sector,BM,2026-05-01,13.29,1.06,4.65,9.74,-5.07,-7.77,-12.74,-6.8
BIZD,BDC Sector,BM,2026-05-04,13.3,0.08,4.48,7.52,-3.34,-6.4,-11.98,-6.73
BIZD,BDC Sector,BM,2026-05-05,13.36,0.45,3.49,6.62,-0.67,-6.77,-13.08,-6.31
BIZD,BDC Sector,BM,2026-05-06,13.27,-0.67,4.0,7.02,-2.5,-7.65,-12.12,-6.94
BIZD,BDC Sector,BM,2026-05-07,13.03,-1.81,-0.91,5.17,-1.36,-8.56,-14.33,-8.63
BIZD,BDC Sector,BM,2026-05-08,12.9,-1.0,-2.93,4.88,-3.87,-9.41,-14.91,-9.54
BIZD,BDC Sector,BM,2026-05-11,12.62,-2.17,-5.11,2.1,-7.07,-9.92,-17.62,-11.5
BIZD,BDC Sector,BM,2026-05-12,12.67,0.4,-5.16,1.28,-8.19,-10.71,-17.41,-11.15
BIZD,BDC Sector,BM,2026-05-13,12.57,-0.79,-5.28,-2.18,-8.65,-11.42,-20.39,-11.85
BIZD,BDC Sector,BM,2026-05-14,12.63,0.48,-3.07,-4.1,-7.2,-11.43,-20.72,-11.43
BIZD,BDC Sector,BM,2026-05-15,12.61,-0.16,-2.25,-2.7,-6.04,-11.82,-20.79,-11.57
BIZD,BDC Sector,BM,2026-05-18,12.52,-0.71,-0.79,-5.15,-6.08,-11.83,-21.5,-12.2
BIZD,BDC Sector,BM,2026-05-19,12.41,-0.88,-2.05,-5.84,-7.66,-12.17,-22.78,-12.97
BIZD,BDC Sector,BM,2026-05-20,12.51,0.81,-0.48,-2.87,-5.23,-9.74,-22.54,-12.27
BIZD,BDC Sector,BM,2026-05-21,12.52,0.08,-0.87,-3.62,-4.86,-9.54,-22.48,-12.2
BIZD,BDC Sector,BM,2026-05-22,12.38,-1.12,-1.82,-2.6,-4.92,-10.87,-21.4,-13.18
BIZD,BDC Sector,BM,2026-05-26,12.57,1.53,0.4,-1.02,-4.48,-8.98,-20.19,-11.85
BIZD,BDC Sector,BM,2026-05-27,12.57,0.0,1.29,-1.26,-6.19,-10.47,-20.54,-11.85
BIZD,BDC Sector,BM,2026-05-28,12.59,0.16,0.64,-2.48,-4.33,-11.52,-21.8,-11.71
BIZD,BDC Sector,BM,2026-05-29,12.63,0.32,0.88,-1.02,-0.39,-12.29,-21.55,-11.43
BIZD,BDC Sector,BM,2026-06-01,12.8,1.35,3.39,-2.66,-0.78,-12.03,-20.6,-10.24
BIZD,BDC Sector,BM,2026-06-02,12.71,-0.7,1.11,-4.36,-1.93,-13.18,-21.25,-10.87
BIZD,BDC Sector,BM,2026-06-03,12.42,-2.28,-1.19,-6.62,-4.97,-14.7,-22.37,-12.9
BIZD,BDC Sector,BM,2026-06-04,12.7,2.25,0.87,-4.94,-2.31,-12.65,-21.12,-10.94
BIZD,BDC Sector,BM,2026-06-05,12.49,-1.65,-1.11,-5.88,-2.65,-15.49,-22.13,-12.41
BIZD,BDC Sector,BM,2026-06-08,12.45,-0.32,-2.73,-4.45,-3.34,-16.27,-22.14,-12.69
BIZD,BDC Sector,BM,2026-06-09,12.59,1.12,-0.94,-2.4,-1.49,-15.56,-22.14,-11.71
BIZD,BDC Sector,BM,2026-06-10,12.61,0.16,1.53,-0.08,-0.71,-15.65,-22.26,-11.57
BIZD,BDC Sector,BM,2026-06-11,12.62,0.08,-0.63,-0.39,0.88,-15.92,-22.48,-11.5
BIZD,BDC Sector,BM,2026-06-12,12.71,0.71,1.76,1.11,1.84,-15.55,-21.64,-10.87
BIZD,BDC Sector,BM,2026-06-15,12.54,-1.34,0.72,-0.71,0.0,-15.61,-22.83,-12.06
BIZD,BDC Sector,BM,2026-06-16,12.62,0.64,0.24,0.08,-2.55,-14.96,-21.71,-11.5
BIZD,BDC Sector,BM,2026-06-17,12.34,-2.22,-2.14,-1.44,-4.34,-16.28,-23.12,-13.46
BIZD,BDC Sector,BM,2026-06-18,12.36,0.16,-2.06,-0.4,-4.48,-15.86,-22.6,-13.32
BIZD,BDC Sector,BM,2026-06-22,12.22,-1.13,-3.86,-2.32,-3.78,-16.36,-24.19,-14.31
BIZD,BDC Sector,BM,2026-06-23,12.3,0.65,-1.91,-1.76,-4.8,-15.58,-23.46,-13.74
BIZD,BDC Sector,BM,2026-06-24,12.21,-0.73,-3.25,-1.37,-3.78,-15.38,-23.26,-14.38
BIZD,BDC Sector,BM,2026-06-25,12.17,-0.33,-1.38,-3.18,-5.0,-15.66,-24.13,-14.66
BIZD,BDC Sector,BM,2026-06-26,12.44,2.22,0.65,-1.03,-1.58,-13.31,-22.44,-12.76
BIZD,BDC Sector,BM,2026-06-29,12.67,1.85,3.68,0.64,2.34,-11.89,-22.03,-11.15
BIZD,BDC Sector,BM,2026-06-30,12.66,-0.08,2.93,0.24,1.2,-12.81,-21.85,-11.22
BIZD,BDC Sector,BM,2026-07-01,12.54,-0.95,2.7,-2.03,-2.03,-10.94,-22.97,-12.06
BIZD,BDC Sector,BM,2026-07-02,12.51,-0.24,2.79,-1.57,3.3,-11.65,-21.42,-12.27
BIZD,BDC Sector,BM,2026-07-06,12.45,-0.48,0.08,0.24,0.65,-12.2,-22.38,-12.69
BIZD,BDC Sector,BM,2026-07-07,12.37,-0.64,-2.37,-2.6,-1.28,-13.25,-23.74,-13.25
BIZD,BDC Sector,BM,2026-07-08,12.32,-0.4,-2.69,-1.36,-0.65,-14.74,-23.62,-13.6
BIZD,BDC Sector,BM,2026-07-09,12.28,-0.32,-2.07,-1.37,-0.89,-14.37,-23.96,-13.88
BIZD,BDC Sector,BM,2026-07-10,12.55,2.2,0.32,-0.32,2.03,-10.16,-22.39,-11.99
BIZD,BDC Sector,BM,2026-07-13,12.47,-0.64,0.16,-1.11,0.89,-13.34,-23.73,-12.55
BIZD,BDC Sector,BM,2026-07-14,12.56,0.72,1.54,-0.48,0.4,-12.41,-23.97,-11.92
BIZD,BDC Sector,BM,2026-07-15,12.67,0.88,2.84,-0.31,-1.4,-11.52,-23.21,-11.15
BIZD,BDC Sector,BM,2026-07-16,12.86,1.5,4.72,2.55,-2.35,-9.63,-21.97,-9.82
BIZD,BDC Sector,BM,2026-07-17,12.72,-1.09,1.35,0.79,-1.85,-12.09,-23.56,-10.8
BIZD,BDC Sector,BM,2026-07-20,12.57,-1.18,0.8,1.86,-4.77,-13.9,-25.27,-11.85
BIZD,BDC Sector,BM,2026-07-21,12.59,0.16,0.24,1.86,-4.48,-13.35,-24.84,-11.71
BIZD,BDC Sector,BM,2026-07-22,12.46,-1.03,-1.66,1.96,-3.26,-13.05,-24.58,-12.62
BIZD,BDC Sector,BM,2026-07-23,12.3,-1.28,-4.35,0.0,-5.31,-15.17,-25.95,-13.74
BIZD,BDC Sector,BM,2026-07-24,12.34,0.33,-2.99,1.06,-2.91,-14.9,-26.28,-13.46
BIZD,BDC Sector,BM,2026-07-27,12.46,0.97,-0.88,2.38,-1.89,-13.47,-25.08,-12.62
BIZD,BDC Sector,BM,2026-07-28,12.65,1.52,0.48,1.69,-0.63,-10.98,-24.16,-11.29
BIZD,BDC Sector,BM,2026-07-29,12.45,-1.58,-0.08,-1.74,-3.56,-12.51,-24.32,-12.69
BIZD,BDC Sector,BM,2026-07-30,12.42,-0.24,0.98,-1.9,-2.66,-12.04,-23.9,-12.9
BIZD,BDC Sector,BM,2026-07-31,12.4,-0.16,0.49,-1.12,-5.7,-12.31,-23.46,-13.04
BIZD,BDC Sector,BM,2026-08-03,12.74,2.74,2.25,1.84,-4.14,-9.0,-21.26,-10.66
BIZD,BDC Sector,BM,2026-08-04,12.96,1.73,2.45,4.1,-2.56,-5.81,-18.85,-9.12
BIZD,BDC Sector,BM,2026-08-05,12.72,-1.85,2.17,2.83,-4.79,-5.43,-20.2,-10.8
BIZD,BDC Sector,BM,2026-08-06,13.12,3.14,5.64,6.49,-1.13,-3.6,-18.15,-7.99
BIZD,BDC Sector,BM,2026-08-07,13.41,2.21,8.15,9.2,2.92,1.51,-15.98,-5.96
BIZD,BDC Sector,BM,2026-08-10,13.32,-0.67,4.55,6.14,3.26,-0.75,-15.96,-6.59
BIZD,BDC Sector,BM,2026-08-11,13.36,0.3,3.09,7.14,5.86,-1.62,-16.29,-6.31
BIZD,BDC Sector,BM,2026-08-12,13.29,-0.52,4.48,5.81,4.89,-3.7,-16.62,-6.8
BIZD,BDC Sector,BM,2026-08-13,13.54,1.88,3.2,6.87,7.72,-1.6,-15.38,-5.05
BIZD,BDC Sector,BM,2026-08-14,13.37,-1.26,-0.3,3.97,5.86,-1.76,-17.21,-6.24
BIZD,BDC Sector,BM,2026-08-17,13.18,-1.42,-1.05,3.62,4.52,-1.79,-18.09,-7.57
BIZD,BDC Sector,BM,2026-08-18,13.22,0.3,-1.05,5.17,5.59,-0.83,-16.86,-7.29
BIZD,BDC Sector,BM,2026-08-19,13.26,0.3,-0.23,5.32,6.85,-1.34,-16.76,-7.01
BIZD,BDC Sector,BM,2026-08-20,13.29,0.23,-1.85,6.66,6.24,0.68,-16.62,-6.8
BIZD,BDC Sector,BM,2026-08-21,13.29,0.0,-0.6,8.05,6.15,0.99,-16.62,-6.8
BIZD,BDC Sector,BM,2026-08-24,13.44,1.13,1.97,8.91,8.56,3.23,-15.21,-5.75
BIZD,BDC Sector,BM,2026-08-25,13.39,-0.37,1.29,7.46,6.52,1.75,-16.0,-6.1
BIZD,BDC Sector,BM,2026-08-26,13.37,-0.15,0.83,5.69,6.36,-0.22,-15.49,-6.24
BIZD,BDC Sector,BM,2026-08-27,13.39,0.15,0.75,7.55,6.35,1.75,-15.89,-6.1
BIZD,BDC Sector,BM,2026-08-28,13.36,-0.22,0.53,7.57,5.78,5.36,-16.4,-6.31
HYG,High Yield Bond ETF,BM,2026-01-02,80.67,0.05,0.04,0.06,-0.32,0.37,,0.0
HYG,High Yield Bond ETF,BM,2026-01-05,80.88,0.26,0.35,0.24,0.05,0.97,,0.26
HYG,High Yield Bond ETF,BM,2026-01-06,80.9,0.02,0.33,0.19,0.05,1.14,,0.29
HYG,High Yield Bond ETF,BM,2026-01-07,80.88,-0.02,0.21,0.16,0.14,0.84,,0.26
HYG,High Yield Bond ETF,BM,2026-01-08,80.94,0.07,0.38,0.48,0.36,1.01,,0.33
HYG,High Yield Bond ETF,BM,2026-01-09,81.0,0.07,0.41,0.67,0.72,1.21,,0.41
HYG,High Yield Bond ETF,BM,2026-01-12,81.04,0.05,0.2,0.38,1.36,1.19,,0.46
HYG,High Yield Bond ETF,BM,2026-01-13,81.04,0.0,0.17,0.4,0.73,1.49,,0.46
HYG,High Yield Bond ETF,BM,2026-01-14,81.04,0.0,0.2,0.58,0.62,1.22,,0.46
HYG,High Yield Bond ETF,BM,2026-01-15,81.04,0.0,0.12,0.53,0.3,1.12,,0.46
HYG,High Yield Bond ETF,BM,2026-01-16,81.09,0.06,0.11,0.53,0.72,1.05,,0.52
HYG,High Yield Bond ETF,BM,2026-01-20,80.88,-0.26,-0.2,0.4,0.2,0.65,,0.26
HYG,High Yield Bond ETF,BM,2026-01-21,81.12,0.3,0.1,0.42,0.3,0.77,,0.56
HYG,High Yield Bond ETF,BM,2026-01-22,81.18,0.07,0.17,1.02,0.52,0.79,,0.63
HYG,High Yield Bond ETF,BM,2026-01-23,81.14,-0.05,0.12,0.88,0.57,0.87,,0.58
HYG,High Yield Bond ETF,BM,2026-01-26,81.18,0.05,0.11,0.86,0.4,0.86,,0.63
HYG,High Yield Bond ETF,BM,2026-01-27,81.17,-0.01,0.36,0.66,0.11,0.89,,0.62
HYG,High Yield Bond ETF,BM,2026-01-28,81.04,-0.16,-0.1,0.55,-0.3,0.67,,0.46
HYG,High Yield Bond ETF,BM,2026-01-29,81.03,-0.01,-0.18,0.5,-0.21,0.87,,0.45
HYG,High Yield Bond ETF,BM,2026-01-30,81.12,0.11,-0.02,0.51,0.21,0.92,,0.56
HYG,High Yield Bond ETF,BM,2026-02-02,80.77,-0.43,-0.51,0.17,-0.04,0.99,,0.12
HYG,High Yield Bond ETF,BM,2026-02-03,80.72,-0.06,-0.55,0.06,-0.1,0.59,,0.06
HYG,High Yield Bond ETF,BM,2026-02-04,80.62,-0.12,-0.52,-0.32,0.6,0.51,,-0.06
HYG,High Yield Bond ETF,BM,2026-02-05,80.53,-0.11,-0.62,-0.46,0.47,0.3,,-0.17
HYG,High Yield Bond ETF,BM,2026-02-06,80.81,0.35,-0.38,-0.09,0.72,0.75,,0.17
HYG,High Yield Bond ETF,BM,2026-02-09,80.92,0.14,0.19,-0.02,0.82,0.87,,0.31
HYG,High Yield Bond ETF,BM,2026-02-10,80.84,-0.1,0.15,-0.2,0.63,0.77,,0.21
HYG,High Yield Bond ETF,BM,2026-02-11,80.83,-0.01,0.26,-0.26,0.29,0.53,,0.2
HYG,High Yield Bond ETF,BM,2026-02-12,80.79,-0.05,0.32,-0.31,0.12,0.22,,0.15
HYG,High Yield Bond ETF,BM,2026-02-13,80.85,0.07,0.05,-0.23,0.4,0.56,,0.22
HYG,High Yield Bond ETF,BM,2026-02-17,80.81,-0.05,-0.14,-0.28,0.76,0.43,,0.17
HYG,High Yield Bond ETF,BM,2026-02-18,80.91,0.12,0.09,-0.22,0.86,0.63,,0.3
HYG,High Yield Bond ETF,BM,2026-02-19,80.94,0.04,0.14,0.07,1.06,0.7,,0.33
HYG,High Yield Bond ETF,BM,2026-02-20,81.0,0.07,0.26,-0.15,1.11,0.81,,0.41
HYG,High Yield Bond ETF,BM,2026-02-23,80.87,-0.16,0.02,-0.38,0.9,0.84,,0.25
HYG,High Yield Bond ETF,BM,2026-02-24,80.81,-0.07,0.0,-0.41,0.89,-0.05,,0.17
HYG,High Yield Bond ETF,BM,2026-02-25,80.92,0.14,0.01,-0.32,0.68,0.29,,0.31
HYG,High Yield Bond ETF,BM,2026-02-26,80.85,-0.09,-0.11,-0.39,0.32,-0.02,,0.22
HYG,High Yield Bond ETF,BM,2026-02-27,80.72,-0.16,-0.35,-0.39,-0.19,-0.31,,0.06
HYG,High Yield Bond ETF,BM,2026-03-02,80.28,-0.55,-0.73,-0.93,-0.83,-0.9,,-0.48
HYG,High Yield Bond ETF,BM,2026-03-03,80.12,-0.2,-0.85,-1.23,-1.07,-0.92,,-0.68
HYG,High Yield Bond ETF,BM,2026-03-04,80.4,0.35,-0.64,-0.46,-0.09,0.01,,-0.33
HYG,High Yield Bond ETF,BM,2026-03-05,80.08,-0.4,-0.95,-0.79,-0.67,-0.66,,-0.73
HYG,High Yield Bond ETF,BM,2026-03-06,79.69,-0.49,-1.28,-1.15,-1.24,-1.41,,-1.21
HYG,High Yield Bond ETF,BM,2026-03-09,80.17,0.6,-0.14,-0.45,-0.72,-0.87,,-0.62
HYG,High Yield Bond ETF,BM,2026-03-10,80.04,-0.16,-0.1,-0.95,-0.88,-1.03,,-0.78
HYG,High Yield Bond ETF,BM,2026-03-11,79.86,-0.22,-0.67,-1.31,-0.86,-1.14,,-1.0
HYG,High Yield Bond ETF,BM,2026-03-12,79.35,-0.64,-0.91,-1.84,-1.38,-1.84,,-1.64
HYG,High Yield Bond ETF,BM,2026-03-13,79.2,-0.19,-0.61,-2.02,-1.9,-2.27,,-1.82
HYG,High Yield Bond ETF,BM,2026-03-16,79.45,0.32,-0.9,-1.66,-1.57,-1.87,,-1.51
HYG,High Yield Bond ETF,BM,2026-03-17,79.81,0.45,-0.29,-1.29,-0.94,-1.7,,-1.07
HYG,High Yield Bond ETF,BM,2026-03-18,79.4,-0.51,-0.58,-1.74,-1.5,-2.13,,-1.57
HYG,High Yield Bond ETF,BM,2026-03-19,79.66,0.33,0.39,-1.54,-1.24,-1.71,,-1.25
HYG,High Yield Bond ETF,BM,2026-03-20,78.92,-0.93,-0.35,-2.5,-2.04,-2.84,,-2.17
HYG,High Yield Bond ETF,BM,2026-03-23,79.44,0.66,-0.01,-1.93,-1.66,-2.24,,-1.52
HYG,High Yield Bond ETF,BM,2026-03-24,79.17,-0.34,-0.8,-2.1,-1.48,-2.64,,-1.86
HYG,High Yield Bond ETF,BM,2026-03-25,79.42,0.32,0.03,-1.72,-1.26,-2.26,,-1.55
HYG,High Yield Bond ETF,BM,2026-03-26,78.92,-0.63,-0.93,-2.47,-1.95,-2.75,,-2.17
HYG,High Yield Bond ETF,BM,2026-03-27,78.72,-0.25,-0.25,-2.63,-2.38,-2.72,,-2.42
HYG,High Yield Bond ETF,BM,2026-03-30,78.81,0.11,-0.79,-2.37,-2.22,-2.8,,-2.31
HYG,High Yield Bond ETF,BM,2026-03-31,79.56,0.95,0.49,-0.9,-1.33,-2.04,,-1.38
HYG,High Yield Bond ETF,BM,2026-04-01,79.37,-0.24,-0.06,-0.94,-1.66,-2.24,,-1.61
HYG,High Yield Bond ETF,BM,2026-04-02,79.56,0.24,0.81,-1.04,-1.33,-1.73,,-1.38
HYG,High Yield Bond ETF,BM,2026-04-06,79.7,0.18,1.24,-0.47,-1.2,-1.52,,-1.2
HYG,High Yield Bond ETF,BM,2026-04-07,79.72,0.03,1.15,0.04,-1.43,-1.39,,-1.18
HYG,High Yield Bond ETF,BM,2026-04-08,80.19,0.59,0.79,0.02,-0.88,-0.83,,-0.6
HYG,High Yield Bond ETF,BM,2026-04-09,80.28,0.11,1.15,0.3,-0.74,-0.61,,-0.48
HYG,High Yield Bond ETF,BM,2026-04-10,79.96,-0.4,0.5,0.13,-1.21,-0.86,,-0.88
HYG,High Yield Bond ETF,BM,2026-04-13,80.26,0.38,0.7,1.15,-0.91,-0.2,,-0.51
HYG,High Yield Bond ETF,BM,2026-04-14,80.5,0.3,0.98,1.64,-0.67,0.69,,-0.21
HYG,High Yield Bond ETF,BM,2026-04-15,80.46,-0.05,0.34,1.27,-0.72,0.01,,-0.26
HYG,High Yield Bond ETF,BM,2026-04-16,80.35,-0.14,0.09,0.68,-0.85,-0.24,,-0.4
HYG,High Yield Bond ETF,BM,2026-04-17,80.65,0.37,0.86,1.57,-0.48,-0.19,,-0.02
HYG,High Yield Bond ETF,BM,2026-04-20,80.58,-0.09,0.4,1.15,-0.63,0.09,,-0.11
HYG,High Yield Bond ETF,BM,2026-04-21,80.37,-0.26,-0.16,1.84,-0.63,-0.43,,-0.37
HYG,High Yield Bond ETF,BM,2026-04-22,80.5,0.16,0.05,1.33,-0.76,-0.47,,-0.21
HYG,High Yield Bond ETF,BM,2026-04-23,80.37,-0.16,0.02,1.52,-1.0,-0.48,,-0.37
HYG,High Yield Bond ETF,BM,2026-04-24,80.48,0.14,-0.21,1.33,-0.81,-0.25,,-0.24
HYG,High Yield Bond ETF,BM,2026-04-27,80.51,0.04,-0.09,2.01,-0.83,-0.43,2.3,-0.2
HYG,High Yield Bond ETF,BM,2026-04-28,80.4,-0.14,0.04,2.13,-0.95,-0.84,2.07,-0.33
HYG,High Yield Bond ETF,BM,2026-04-29,80.13,-0.34,-0.46,1.67,-1.12,-1.41,1.67,-0.67
HYG,High Yield Bond ETF,BM,2026-04-30,80.38,0.31,0.01,1.03,-0.8,-1.01,1.72,-0.36
HYG,High Yield Bond ETF,BM,2026-05-01,80.06,-0.4,-0.52,0.87,-1.31,-1.1,1.86,-0.76
HYG,High Yield Bond ETF,BM,2026-05-04,79.8,-0.32,-0.88,0.3,-1.2,-1.24,1.92,-1.08
HYG,High Yield Bond ETF,BM,2026-05-05,79.92,0.15,-0.6,0.28,-0.99,-1.09,1.76,-0.93
HYG,High Yield Bond ETF,BM,2026-05-06,80.16,0.3,0.04,0.55,-0.57,0.02,2.1,-0.63
HYG,High Yield Bond ETF,BM,2026-05-07,79.86,-0.37,-0.65,-0.41,-0.83,-0.36,1.8,-1.0
HYG,High Yield Bond ETF,BM,2026-05-08,80.14,0.35,0.1,-0.17,-0.83,-0.11,2.06,-0.66
HYG,High Yield Bond ETF,BM,2026-05-11,79.98,-0.2,0.23,0.03,-1.16,-0.35,1.89,-0.86
HYG,High Yield Bond ETF,BM,2026-05-12,79.87,-0.14,-0.06,-0.49,-1.2,-0.57,1.68,-0.99
HYG,High Yield Bond ETF,BM,2026-05-13,79.91,0.05,-0.31,-0.73,-1.14,-0.86,0.73,-0.94
HYG,High Yield Bond ETF,BM,2026-05-14,79.85,-0.08,-0.01,-0.76,-1.16,-1.04,0.48,-1.02
HYG,High Yield Bond ETF,BM,2026-05-15,79.46,-0.49,-0.85,-1.11,-1.72,-1.33,0.35,-1.5
HYG,High Yield Bond ETF,BM,2026-05-18,79.54,0.1,-0.55,-1.38,-1.57,-0.82,0.26,-1.4
HYG,High Yield Bond ETF,BM,2026-05-19,79.35,-0.24,-0.65,-1.53,-1.93,-1.08,-0.09,-1.64
HYG,High Yield Bond ETF,BM,2026-05-20,79.86,0.64,-0.06,-0.63,-1.33,-0.29,0.6,-1.0
HYG,High Yield Bond ETF,BM,2026-05-21,79.9,0.05,0.06,-0.75,-1.36,-0.26,0.71,-0.95
HYG,High Yield Bond ETF,BM,2026-05-22,79.91,0.01,0.57,-0.57,-1.19,-0.3,1.4,-0.94
HYG,High Yield Bond ETF,BM,2026-05-26,80.18,0.34,0.8,-0.37,-0.78,0.1,1.53,-0.61
HYG,High Yield Bond ETF,BM,2026-05-27,80.13,-0.06,0.98,-0.47,-0.98,-0.3,1.49,-0.67
HYG,High Yield Bond ETF,BM,2026-05-28,80.23,0.12,0.46,-0.21,-0.77,-0.45,1.01,-0.55
HYG,High Yield Bond ETF,BM,2026-05-29,80.31,0.1,0.51,0.22,-0.51,-0.69,1.17,-0.45
HYG,High Yield Bond ETF,BM,2026-06-01,79.84,-0.59,-0.09,-0.67,-0.55,-1.37,0.43,-1.03
HYG,High Yield Bond ETF,BM,2026-06-02,79.9,0.08,-0.35,-0.2,-0.27,-1.35,0.41,-0.95
HYG,High Yield Bond ETF,BM,2026-06-03,79.68,-0.28,-0.56,-0.15,-0.9,-0.98,0.63,-1.23
HYG,High Yield Bond ETF,BM,2026-06-04,79.83,0.19,-0.5,-0.11,-0.31,-0.98,0.63,-1.04
HYG,High Yield Bond ETF,BM,2026-06-05,79.43,-0.5,-1.1,-0.91,-0.33,-1.56,-0.06,-1.54
HYG,High Yield Bond ETF,BM,2026-06-08,79.54,0.14,-0.38,-0.4,-0.79,-1.5,0.29,-1.4
HYG,High Yield Bond ETF,BM,2026-06-09,79.62,0.1,-0.35,-0.65,-0.52,-1.4,0.4,-1.3
HYG,High Yield Bond ETF,BM,2026-06-10,79.47,-0.19,-0.26,-0.64,-0.49,-1.34,0.16,-1.49
HYG,High Yield Bond ETF,BM,2026-06-11,79.94,0.59,0.14,0.09,0.74,-0.65,0.52,-0.9
HYG,High Yield Bond ETF,BM,2026-06-12,79.94,0.0,0.64,0.04,0.93,-0.98,0.54,-0.9
HYG,High Yield Bond ETF,BM,2026-06-15,80.04,0.13,0.63,0.24,0.74,-0.84,0.55,-0.78
HYG,High Yield Bond ETF,BM,2026-06-16,80.03,-0.01,0.51,0.72,0.28,-0.67,0.84,-0.79
HYG,High Yield Bond ETF,BM,2026-06-17,79.73,-0.37,0.33,0.24,0.42,-1.09,0.26,-1.17
HYG,High Yield Bond ETF,BM,2026-06-18,80.01,0.35,0.09,0.83,0.44,-0.81,0.73,-0.82
HYG,High Yield Bond ETF,BM,2026-06-22,79.94,-0.09,0.0,0.1,1.29,-0.77,0.49,-0.9
HYG,High Yield Bond ETF,BM,2026-06-23,79.87,-0.09,-0.21,-0.04,0.54,-1.13,0.09,-0.99
HYG,High Yield Bond ETF,BM,2026-06-24,79.85,-0.03,-0.22,-0.08,0.86,-0.63,-0.13,-1.02
HYG,High Yield Bond ETF,BM,2026-06-25,79.875,0.03,0.18,-0.38,0.57,-0.69,-0.37,-0.99
HYG,High Yield Bond ETF,BM,2026-06-26,79.83,-0.06,-0.22,-0.37,1.15,-0.82,-0.4,-1.04
HYG,High Yield Bond ETF,BM,2026-06-29,80.01,0.23,0.09,-0.27,1.64,-0.78,-0.46,-0.82
HYG,High Yield Bond ETF,BM,2026-06-30,79.97,-0.05,0.13,-0.42,1.47,-0.78,-0.46,-0.87
HYG,High Yield Bond ETF,BM,2026-07-01,79.59,-0.48,-0.33,-0.31,0.04,-1.29,-1.31,-1.34
HYG,High Yield Bond ETF,BM,2026-07-02,79.71,0.15,-0.21,-0.24,0.43,-1.24,-0.57,-1.19
HYG,High Yield Bond ETF,BM,2026-07-06,79.87,0.2,0.05,0.24,0.39,-0.94,-0.56,-0.99
HYG,High Yield Bond ETF,BM,2026-07-07,79.76,-0.14,-0.31,-0.09,0.08,-1.13,-0.76,-1.13
HYG,High Yield Bond ETF,BM,2026-07-08,79.66,-0.13,-0.39,0.29,-0.08,-1.51,-0.55,-1.25
HYG,High Yield Bond ETF,BM,2026-07-09,79.75,0.11,0.2,0.26,-0.55,-1.42,-0.3,-1.14
HYG,High Yield Bond ETF,BM,2026-07-10,79.71,-0.05,0.0,0.11,-0.71,-1.45,-0.62,-1.19
HYG,High Yield Bond ETF,BM,2026-07-13,79.52,-0.24,-0.44,0.06,-0.55,-1.75,-0.76,-1.43
HYG,High Yield Bond ETF,BM,2026-07-14,79.68,0.2,-0.1,-0.33,-0.72,-1.63,-0.44,-1.23
HYG,High Yield Bond ETF,BM,2026-07-15,79.81,0.16,0.19,-0.16,-0.86,-1.52,-0.35,-1.07
HYG,High Yield Bond ETF,BM,2026-07-16,79.8,-0.01,0.06,-0.3,-0.82,-1.53,-0.06,-1.08
HYG,High Yield Bond ETF,BM,2026-07-17,79.65,-0.19,-0.08,-0.47,-0.87,-1.72,-0.51,-1.26
HYG,High Yield Bond ETF,BM,2026-07-20,79.68,0.04,0.2,-0.06,-1.2,-1.68,-0.57,-1.23
HYG,High Yield Bond ETF,BM,2026-07-21,79.65,-0.04,-0.04,-0.45,-1.15,-1.78,-0.75,-1.26
HYG,High Yield Bond ETF,BM,2026-07-22,79.52,-0.16,-0.36,-0.53,-1.06,-1.68,-1.05,-1.43
HYG,High Yield Bond ETF,BM,2026-07-23,79.23,-0.36,-0.71,-0.8,-1.58,-2.33,-1.58,-1.79
HYG,High Yield Bond ETF,BM,2026-07-24,79.23,0.0,-0.53,-0.78,-1.42,-2.4,-1.63,-1.79
HYG,High Yield Bond ETF,BM,2026-07-27,79.27,0.05,-0.51,-0.76,-1.5,-2.3,-1.45,-1.74
HYG,High Yield Bond ETF,BM,2026-07-28,79.42,0.19,-0.29,-0.51,-1.35,-2.17,-1.33,-1.55
HYG,High Yield Bond ETF,BM,2026-07-29,79.24,-0.23,-0.35,-0.96,-1.44,-2.38,-1.5,-1.77
HYG,High Yield Bond ETF,BM,2026-07-30,79.47,0.29,0.3,-0.63,-0.82,-1.94,-1.28,-1.49
HYG,High Yield Bond ETF,BM,2026-07-31,79.48,0.01,0.32,-0.14,-1.12,-1.91,-1.06,-1.48
HYG,High Yield Bond ETF,BM,2026-08-03,79.31,-0.21,0.05,-0.5,-0.94,-2.23,-1.33,-1.69
HYG,High Yield Bond ETF,BM,2026-08-04,79.55,0.3,0.16,-0.4,-0.31,-1.51,-0.54,-1.39
HYG,High Yield Bond ETF,BM,2026-08-05,79.52,-0.04,0.35,-0.3,-0.5,-1.49,-0.91,-1.43
HYG,High Yield Bond ETF,BM,2026-08-06,79.46,-0.08,-0.01,-0.25,-0.87,-1.44,-0.94,-1.5
HYG,High Yield Bond ETF,BM,2026-08-07,79.61,0.19,0.16,-0.18,-0.31,-1.14,-0.85,-1.31
HYG,High Yield Bond ETF,BM,2026-08-10,79.48,-0.16,0.21,-0.29,-0.82,-1.65,-0.91,-1.48
HYG,High Yield Bond ETF,BM,2026-08-11,79.51,0.04,-0.05,-0.01,-0.59,-1.74,-0.89,-1.44
HYG,High Yield Bond ETF,BM,2026-08-12,79.61,0.13,0.11,-0.09,-0.33,-1.52,-0.76,-1.31
HYG,High Yield Bond ETF,BM,2026-08-13,79.79,0.23,0.42,-0.03,-0.15,-1.29,-0.76,-1.09
HYG,High Yield Bond ETF,BM,2026-08-14,79.71,-0.1,0.13,-0.11,-0.18,-1.34,-1.12,-1.19
HYG,High Yield Bond ETF,BM,2026-08-17,79.61,-0.13,0.16,-0.05,0.19,-1.53,-0.98,-1.31
HYG,High Yield Bond ETF,BM,2026-08-18,79.53,-0.1,0.03,-0.19,-0.01,-1.58,-1.16,-1.41
HYG,High Yield Bond ETF,BM,2026-08-19,79.71,0.23,0.13,0.08,0.45,-1.48,-0.86,-1.19
HYG,High Yield Bond ETF,BM,2026-08-20,79.56,-0.19,-0.29,0.05,-0.38,-1.7,-1.02,-1.38
HYG,High Yield Bond ETF,BM,2026-08-21,79.61,0.06,-0.13,0.48,-0.36,-1.72,-0.92,-1.31
HYG,High Yield Bond ETF,BM,2026-08-24,79.7,0.11,0.11,0.59,-0.26,-1.45,-0.62,-1.2
HYG,High Yield Bond ETF,BM,2026-08-25,79.92,0.28,0.49,0.82,-0.32,-1.1,-1.15,-0.93
HYG,High Yield Bond ETF,BM,2026-08-26,79.9,-0.03,0.24,0.6,-0.29,-1.26,-0.98,-0.95
HYG,High Yield Bond ETF,BM,2026-08-27,79.87,-0.04,0.39,0.8,-0.45,-1.21,-1.24,-0.99
HYG,High Yield Bond ETF,BM,2026-08-28,79.705,-0.21,0.12,0.3,-0.75,-1.26,-1.56,-1.2
^GSPC,US Equity Market,BM,2026-01-02,6858.4702,0.19,-1.06,0.43,2.13,9.22,,0.0
^GSPC,US Equity Market,BM,2026-01-05,6902.0498,0.64,-0.4,0.76,2.77,10.79,,0.64
^GSPC,US Equity Market,BM,2026-01-06,6944.8198,0.62,0.57,1.28,3.03,11.55,,1.26
^GSPC,US Equity Market,BM,2026-01-07,6920.9302,-0.34,0.36,0.74,3.07,10.5,,0.91
^GSPC,US Equity Market,BM,2026-01-08,6921.46,0.01,1.11,1.09,2.48,10.21,,0.92
^GSPC,US Equity Market,BM,2026-01-09,6966.2798,0.65,1.57,1.84,3.43,11.29,,1.57
^GSPC,US Equity Market,BM,2026-01-12,6977.27,0.16,1.09,1.32,6.48,11.31,,1.73
^GSPC,US Equity Market,BM,2026-01-13,6963.7402,-0.19,0.27,0.91,4.64,11.53,,1.53
^GSPC,US Equity Market,BM,2026-01-14,6926.6001,-0.53,0.08,1.45,4.25,10.58,,0.99
^GSPC,US Equity Market,BM,2026-01-15,6944.4702,0.26,0.33,1.88,4.1,10.28,,1.25
^GSPC,US Equity Market,BM,2026-01-16,6940.0098,-0.06,-0.38,2.06,4.69,10.22,,1.19
^GSPC,US Equity Market,BM,2026-01-20,6796.8599,-2.06,-2.59,1.12,1.99,7.79,,-0.9
^GSPC,US Equity Market,BM,2026-01-21,6875.6201,1.16,-1.27,1.49,2.09,8.97,,0.25
^GSPC,US Equity Market,BM,2026-01-22,6913.3501,0.55,-0.19,1.15,2.64,8.72,,0.8
^GSPC,US Equity Market,BM,2026-01-23,6915.6099,0.03,-0.42,0.54,3.23,8.68,,0.83
^GSPC,US Equity Market,BM,2026-01-26,6950.23,0.5,0.15,0.59,3.14,8.79,,1.34
^GSPC,US Equity Market,BM,2026-01-27,6978.6001,0.41,2.67,0.67,2.75,9.22,,1.75
^GSPC,US Equity Market,BM,2026-01-28,6978.0298,-0.01,1.49,0.69,1.5,9.53,,1.74
^GSPC,US Equity Market,BM,2026-01-29,6969.0098,-0.13,0.81,0.92,1.13,9.53,,1.61
^GSPC,US Equity Market,BM,2026-01-30,6939.0298,-0.43,0.34,0.62,0.7,9.46,,1.17
^GSPC,US Equity Market,BM,2026-02-02,6976.4399,0.54,0.38,1.91,2.26,11.84,,1.72
^GSPC,US Equity Market,BM,2026-02-03,6917.8101,-0.84,-0.87,0.87,1.13,9.29,,0.87
^GSPC,US Equity Market,BM,2026-02-04,6882.7202,-0.51,-1.37,-0.28,0.45,9.26,,0.35
^GSPC,US Equity Market,BM,2026-02-05,6798.3999,-1.23,-2.45,-2.11,0.4,7.14,,-0.88
^GSPC,US Equity Market,BM,2026-02-06,6932.2998,1.97,-0.1,0.16,2.0,9.34,,1.08
^GSPC,US Equity Market,BM,2026-02-09,6964.8198,0.47,-0.17,0.63,3.64,9.0,,1.55
^GSPC,US Equity Market,BM,2026-02-10,6941.8101,-0.33,0.35,-0.35,3.17,8.92,,1.22
^GSPC,US Equity Market,BM,2026-02-11,6941.4702,-0.0,0.85,-0.51,1.6,7.69,,1.21
^GSPC,US Equity Market,BM,2026-02-12,6832.7598,-1.57,0.51,-1.88,-0.2,5.66,,-0.37
^GSPC,US Equity Market,BM,2026-02-13,6836.1699,0.05,-1.39,-1.31,-0.22,5.68,,-0.33
^GSPC,US Equity Market,BM,2026-02-17,6843.2202,0.1,-1.75,-1.46,1.57,6.1,,-0.22
^GSPC,US Equity Market,BM,2026-02-18,6881.3101,0.56,-0.87,-0.85,2.19,6.7,,0.33
^GSPC,US Equity Market,BM,2026-02-19,6861.8901,-0.28,-1.15,0.96,2.84,7.03,,0.05
^GSPC,US Equity Market,BM,2026-02-20,6909.5098,0.69,1.12,0.49,4.42,8.03,,0.74
^GSPC,US Equity Market,BM,2026-02-23,6837.75,-1.04,0.02,-1.09,2.94,7.34,,-0.3
^GSPC,US Equity Market,BM,2026-02-24,6890.0698,0.77,0.68,-0.37,5.37,6.54,,0.46
^GSPC,US Equity Market,BM,2026-02-25,6946.1299,0.81,0.94,-0.06,5.2,7.87,,1.28
^GSPC,US Equity Market,BM,2026-02-26,6908.8599,-0.54,0.68,-1.0,3.04,6.85,,0.73
^GSPC,US Equity Market,BM,2026-02-27,6878.8799,-0.43,-0.44,-1.42,1.67,6.13,,0.3
^GSPC,US Equity Market,BM,2026-03-02,6881.6201,0.04,0.64,-1.25,1.01,5.84,,0.34
^GSPC,US Equity Market,BM,2026-03-03,6816.6299,-0.94,-1.07,-1.76,-0.47,5.52,,-0.61
^GSPC,US Equity Market,BM,2026-03-04,6869.5,0.78,-1.1,-1.53,0.83,7.08,,0.16
^GSPC,US Equity Market,BM,2026-03-05,6830.71,-0.56,-1.13,-1.26,0.02,5.93,,-0.4
^GSPC,US Equity Market,BM,2026-03-06,6740.02,-1.33,-2.02,-2.07,-1.6,3.66,,-1.73
^GSPC,US Equity Market,BM,2026-03-09,6795.9902,0.83,-1.24,-0.04,-0.89,4.85,,-0.91
^GSPC,US Equity Market,BM,2026-03-10,6781.48,-0.21,-0.52,-2.18,-1.29,4.41,,-1.12
^GSPC,US Equity Market,BM,2026-03-11,6775.7998,-0.08,-1.36,-2.71,-1.03,4.04,,-1.21
^GSPC,US Equity Market,BM,2026-03-12,6672.6201,-1.52,-2.31,-3.88,-2.45,2.15,,-2.71
^GSPC,US Equity Market,BM,2026-03-13,6632.1899,-0.61,-1.6,-4.46,-3.7,0.68,,-3.3
^GSPC,US Equity Market,BM,2026-03-16,6699.3799,1.01,-1.42,-1.95,-2.92,1.75,,-2.32
^GSPC,US Equity Market,BM,2026-03-17,6716.0898,0.25,-0.96,-1.76,-1.63,1.52,,-2.08
^GSPC,US Equity Market,BM,2026-03-18,6624.7002,-1.36,-2.23,-3.19,-2.81,0.27,,-3.41
^GSPC,US Equity Market,BM,2026-03-19,6606.4902,-0.27,-0.99,-3.99,-2.85,0.09,,-3.67
^GSPC,US Equity Market,BM,2026-03-20,6506.48,-1.51,-1.9,-5.18,-3.2,-1.89,,-5.13
^GSPC,US Equity Market,BM,2026-03-23,6581.0,1.15,-1.77,-4.75,-2.86,-1.25,,-4.05
^GSPC,US Equity Market,BM,2026-03-24,6556.3701,-0.37,-2.38,-4.12,-4.07,-2.05,,-4.4
^GSPC,US Equity Market,BM,2026-03-25,6591.8999,0.54,-0.5,-4.33,-4.17,-0.98,,-3.89
^GSPC,US Equity Market,BM,2026-03-26,6477.1602,-1.74,-1.96,-6.75,-6.26,-2.42,,-5.56
^GSPC,US Equity Market,BM,2026-03-27,6368.8501,-1.67,-2.12,-7.82,-8.12,-3.57,,-7.14
^GSPC,US Equity Market,BM,2026-03-30,6343.7202,-0.39,-3.61,-7.78,-8.46,-4.52,,-7.51
^GSPC,US Equity Market,BM,2026-03-31,6528.52,2.91,-0.42,-5.13,-5.46,-1.99,,-4.81
^GSPC,US Equity Market,BM,2026-04-01,6575.3198,0.72,-0.25,-3.54,-4.65,-1.69,,-4.13
^GSPC,US Equity Market,BM,2026-04-02,6582.6899,0.11,1.63,-4.18,-3.84,-1.91,,-4.02
^GSPC,US Equity Market,BM,2026-04-06,6611.8301,0.44,3.82,-3.2,-3.6,-1.54,,-3.6
^GSPC,US Equity Market,BM,2026-04-07,6616.8501,0.08,4.31,-1.83,-4.13,-1.47,,-3.52
^GSPC,US Equity Market,BM,2026-04-08,6782.8101,2.51,3.9,-0.19,-2.33,0.63,,-1.1
^GSPC,US Equity Market,BM,2026-04-09,6824.6602,0.62,3.79,0.64,-1.39,1.64,,-0.49
^GSPC,US Equity Market,BM,2026-04-10,6816.8901,-0.11,3.56,0.61,-1.51,0.94,,-0.61
^GSPC,US Equity Market,BM,2026-04-13,6886.2402,1.02,4.15,3.2,-1.15,2.24,,0.4
^GSPC,US Equity Market,BM,2026-04-14,6967.3799,1.18,5.3,5.05,-0.14,6.33,,1.59
^GSPC,US Equity Market,BM,2026-04-15,7022.9502,0.8,3.54,4.83,0.85,5.53,,2.4
^GSPC,US Equity Market,BM,2026-04-16,7041.2798,0.26,3.17,4.84,1.66,5.97,,2.67
^GSPC,US Equity Market,BM,2026-04-17,7126.0601,1.2,4.54,7.57,2.61,6.82,,3.9
^GSPC,US Equity Market,BM,2026-04-20,7109.1401,-0.24,3.24,7.61,2.44,7.24,,3.65
^GSPC,US Equity Market,BM,2026-04-21,7064.0098,-0.63,1.39,8.57,3.93,6.0,,3.0
^GSPC,US Equity Market,BM,2026-04-22,7137.8999,1.05,1.64,8.46,3.81,5.98,,4.07
^GSPC,US Equity Market,BM,2026-04-23,7108.3999,-0.41,0.95,8.42,2.82,5.54,,3.64
^GSPC,US Equity Market,BM,2026-04-24,7165.0801,0.8,0.55,8.7,3.61,6.95,,4.47
^GSPC,US Equity Market,BM,2026-04-27,7173.9102,0.12,0.91,10.76,3.22,6.46,30.8,4.6
^GSPC,US Equity Market,BM,2026-04-28,7138.7998,-0.49,1.06,12.09,2.3,5.11,29.2,4.09
^GSPC,US Equity Market,BM,2026-04-29,7135.9502,-0.04,-0.03,12.49,2.26,3.79,29.07,4.05
^GSPC,US Equity Market,BM,2026-04-30,7209.0098,1.02,1.42,10.42,3.44,4.62,29.64,5.11
^GSPC,US Equity Market,BM,2026-05-01,7230.1201,0.29,0.91,9.96,4.19,4.93,29.83,5.42
^GSPC,US Equity Market,BM,2026-05-04,7200.75,-0.41,0.37,9.39,3.22,5.55,28.49,4.99
^GSPC,US Equity Market,BM,2026-05-05,7259.2202,0.81,1.69,9.79,4.94,6.13,27.65,5.84
^GSPC,US Equity Market,BM,2026-05-06,7365.1201,1.46,3.21,11.31,7.01,7.49,30.35,7.39
^GSPC,US Equity Market,BM,2026-05-07,7337.1099,-0.38,1.78,8.17,7.92,8.35,30.86,6.98
^GSPC,US Equity Market,BM,2026-05-08,7398.9302,0.84,2.33,8.41,6.73,8.87,31.39,7.88
^GSPC,US Equity Market,BM,2026-05-11,7412.8398,0.19,2.95,8.74,6.43,10.3,30.88,8.08
^GSPC,US Equity Market,BM,2026-05-12,7400.96,-0.16,1.95,7.47,6.61,9.99,30.76,7.91
^GSPC,US Equity Market,BM,2026-05-13,7444.25,0.58,1.07,6.84,7.24,8.95,27.38,8.54
^GSPC,US Equity Market,BM,2026-05-14,7501.2402,0.77,2.24,6.81,9.78,9.56,27.43,9.37
^GSPC,US Equity Market,BM,2026-05-15,7408.5,-1.24,0.13,5.22,8.37,8.14,25.73,8.02
^GSPC,US Equity Market,BM,2026-05-18,7403.0498,-0.07,-0.13,3.89,8.18,9.88,25.12,7.94
^GSPC,US Equity Market,BM,2026-05-19,7353.6099,-0.67,-0.64,3.44,6.86,9.2,23.42,7.22
^GSPC,US Equity Market,BM,2026-05-20,7432.9702,1.08,-0.15,5.22,8.32,11.4,24.64,8.38
^GSPC,US Equity Market,BM,2026-05-21,7445.7202,0.17,-0.74,4.31,7.76,12.52,25.34,8.56
^GSPC,US Equity Market,BM,2026-05-22,7473.4702,0.37,0.88,5.14,9.3,12.52,27.87,8.97
^GSPC,US Equity Market,BM,2026-05-26,7519.1201,0.61,1.57,4.94,9.13,14.99,28.71,9.63
^GSPC,US Equity Market,BM,2026-05-27,7520.3599,0.02,2.27,4.83,8.27,13.89,29.6,9.65
^GSPC,US Equity Market,BM,2026-05-28,7563.6299,0.58,1.76,5.95,9.48,12.8,27.73,10.28
^GSPC,US Equity Market,BM,2026-05-29,7580.0601,0.22,1.8,6.22,10.19,12.03,28.73,10.52
^GSPC,US Equity Market,BM,2026-06-01,7599.96,0.26,1.69,5.42,10.44,11.56,28.55,10.81
^GSPC,US Equity Market,BM,2026-06-02,7609.7798,0.13,1.21,5.25,11.64,11.11,28.72,10.95
^GSPC,US Equity Market,BM,2026-06-03,7553.6802,-0.74,0.44,4.9,9.96,10.88,27.25,10.14
^GSPC,US Equity Market,BM,2026-06-04,7584.3101,0.41,0.27,4.48,11.03,11.05,27.03,10.58
^GSPC,US Equity Market,BM,2026-06-05,7383.7402,-2.64,-2.59,0.25,9.55,7.8,23.66,7.66
^GSPC,US Equity Market,BM,2026-06-08,7405.73,0.3,-2.56,0.94,8.97,8.0,24.69,7.98
^GSPC,US Equity Market,BM,2026-06-09,7386.6499,-0.26,-2.93,-0.17,8.92,7.51,23.1,7.7
^GSPC,US Equity Market,BM,2026-06-10,7266.9902,-1.62,-3.8,-1.97,7.25,6.14,21.0,5.96
^GSPC,US Equity Market,BM,2026-06-11,7394.2998,1.75,-2.51,-0.09,10.82,8.1,22.45,7.81
^GSPC,US Equity Market,BM,2026-06-12,7431.46,0.5,0.65,-0.17,12.05,7.91,23.4,8.35
^GSPC,US Equity Market,BM,2026-06-15,7554.29,1.65,2.01,0.71,12.76,9.47,24.96,10.15
^GSPC,US Equity Market,BM,2026-06-16,7511.3501,-0.57,1.69,1.39,11.84,10.02,25.67,9.52
^GSPC,US Equity Market,BM,2026-06-17,7420.1001,-1.21,2.11,0.23,12.01,8.85,22.99,8.19
^GSPC,US Equity Market,BM,2026-06-18,7500.5801,1.08,1.44,2.0,13.53,10.3,25.37,9.36
^GSPC,US Equity Market,BM,2026-06-22,7472.79,-0.37,0.56,0.54,14.85,11.18,24.94,8.96
^GSPC,US Equity Market,BM,2026-06-23,7365.46,-1.44,-2.5,-1.08,11.92,8.72,23.42,7.39
^GSPC,US Equity Market,BM,2026-06-24,7358.2202,-0.1,-2.04,-1.54,12.23,7.66,22.12,7.29
^GSPC,US Equity Market,BM,2026-06-25,7362.46,0.06,-0.78,-2.08,11.69,7.04,20.85,7.35
^GSPC,US Equity Market,BM,2026-06-26,7354.02,-0.11,-1.95,-2.21,13.54,6.43,20.71,7.23
^GSPC,US Equity Market,BM,2026-06-29,7440.4302,1.18,-0.43,-1.63,16.83,7.33,21.16,8.49
^GSPC,US Equity Market,BM,2026-06-30,7499.3599,0.79,1.82,-1.06,18.22,8.22,21.49,9.34
^GSPC,US Equity Market,BM,2026-07-01,7483.23,-0.22,1.7,-1.54,14.62,8.36,20.6,9.11
^GSPC,US Equity Market,BM,2026-07-02,7483.2402,0.0,1.64,-1.66,13.81,8.51,20.74,9.11
^GSPC,US Equity Market,BM,2026-07-06,7537.4302,0.72,2.49,-0.22,14.5,10.11,21.04,9.9
^GSPC,US Equity Market,BM,2026-07-07,7503.8501,-0.45,0.85,-1.06,13.49,9.41,19.5,9.41
^GSPC,US Equity Market,BM,2026-07-08,7482.71,-0.28,-0.22,1.34,13.09,8.41,20.11,9.1
^GSPC,US Equity Market,BM,2026-07-09,7543.6401,0.81,0.81,1.86,11.22,8.62,21.17,9.99
^GSPC,US Equity Market,BM,2026-07-10,7575.3901,0.42,1.23,2.56,11.0,9.46,20.95,10.45
^GSPC,US Equity Market,BM,2026-07-13,7515.3398,-0.79,-0.29,3.42,10.25,8.58,19.66,9.58
^GSPC,US Equity Market,BM,2026-07-14,7543.5898,0.38,0.53,2.02,9.55,8.29,20.51,9.99
^GSPC,US Equity Market,BM,2026-07-15,7572.3999,0.38,1.2,1.9,8.68,8.53,20.8,10.41
^GSPC,US Equity Market,BM,2026-07-16,7533.77,-0.51,-0.13,-0.27,7.27,8.19,20.66,9.85
^GSPC,US Equity Market,BM,2026-07-17,7457.6899,-1.01,-1.55,-0.71,5.91,7.67,19.06,8.74
^GSPC,US Equity Market,BM,2026-07-20,7443.2798,-0.19,-0.96,0.31,4.45,7.18,18.2,8.53
^GSPC,US Equity Market,BM,2026-07-21,7509.2002,0.89,-0.46,0.11,5.63,8.2,19.25,9.49
^GSPC,US Equity Market,BM,2026-07-22,7498.96,-0.14,-0.97,0.35,6.16,10.33,18.93,9.34
^GSPC,US Equity Market,BM,2026-07-23,7408.2998,-1.21,-1.67,0.58,3.79,7.75,17.41,8.02
^GSPC,US Equity Market,BM,2026-07-24,7411.98,0.05,-0.61,0.73,4.27,7.21,16.56,8.07
^GSPC,US Equity Market,BM,2026-07-27,7413.1802,0.02,-0.4,0.69,3.46,7.19,16.5,8.09
^GSPC,US Equity Market,BM,2026-07-28,7428.7798,0.21,-1.07,1.02,3.55,6.89,16.28,8.32
^GSPC,US Equity Market,BM,2026-07-29,7316.1499,-1.52,-2.44,-1.67,2.48,4.84,14.5,6.67
^GSPC,US Equity Market,BM,2026-07-30,7437.6299,1.66,0.4,-0.82,4.23,6.59,16.74,8.44
^GSPC,US Equity Market,BM,2026-07-31,7489.7202,0.7,1.05,0.09,3.89,7.47,17.71,9.2
^GSPC,US Equity Market,BM,2026-08-03,7600.5,1.48,2.53,1.57,5.12,9.53,19.89,10.82
^GSPC,US Equity Market,BM,2026-08-04,7736.52,1.79,4.14,2.64,7.44,10.89,24.02,12.8
^GSPC,US Equity Market,BM,2026-08-05,7723.5498,-0.17,5.57,2.93,6.4,11.65,22.02,12.61
^GSPC,US Equity Market,BM,2026-08-06,7709.96,-0.18,3.66,3.04,4.68,12.02,22.4,12.42
^GSPC,US Equity Market,BM,2026-08-07,7757.6401,0.62,3.58,2.84,5.73,14.11,22.26,13.11
^GSPC,US Equity Market,BM,2026-08-10,7753.1099,-0.06,2.01,2.35,4.79,11.84,22.29,13.04
^GSPC,US Equity Market,BM,2026-08-11,7728.2002,-0.32,-0.11,2.83,4.25,10.96,20.95,12.68
^GSPC,US Equity Market,BM,2026-08-12,7748.5,0.26,0.32,2.72,4.7,11.62,21.57,12.98
^GSPC,US Equity Market,BM,2026-08-13,7798.9902,0.65,1.15,2.99,4.77,12.35,20.99,13.71
^GSPC,US Equity Market,BM,2026-08-14,7785.7598,-0.17,0.36,3.34,3.79,13.95,20.4,13.52
^GSPC,US Equity Market,BM,2026-08-17,7745.0601,-0.52,-0.1,3.85,4.54,13.3,19.73,12.93
^GSPC,US Equity Market,BM,2026-08-18,7691.7598,-0.69,-0.47,3.34,3.9,12.4,19.26,12.15
^GSPC,US Equity Market,BM,2026-08-19,7707.98,0.21,-0.52,2.65,4.82,12.01,19.52,12.39
^GSPC,US Equity Market,BM,2026-08-20,7641.1602,-0.87,-2.02,1.9,2.8,11.36,19.18,11.41
^GSPC,US Equity Market,BM,2026-08-21,7674.3701,0.43,-1.43,3.59,3.07,11.07,19.99,11.9
^GSPC,US Equity Market,BM,2026-08-24,7652.8599,-0.28,-1.19,3.25,2.4,11.92,20.14,11.58
^GSPC,US Equity Market,BM,2026-08-25,7677.2798,0.32,-0.19,3.56,2.1,11.43,18.72,11.94
^GSPC,US Equity Market,BM,2026-08-26,7675.7002,-0.02,-0.42,3.32,2.07,10.5,19.2,11.92
^GSPC,US Equity Market,BM,2026-08-27,7730.9902,0.72,1.18,5.67,2.21,11.9,19.56,12.72
^GSPC,US Equity Market,BM,2026-08-28,7706.5298,-0.32,0.42,3.62,1.67,12.03,18.9,12.37
