base_dt,ticker,entity,close
2025-03-26,BAMLH0A0HYM2,ICE BofA US HY OAS,3.19
2025-03-26,DGS1,US Treasury 1Y,4.1
2025-03-26,DGS3,US Treasury 3Y,4.01
2025-03-26,DGS5,US Treasury 5Y,4.08
2025-03-27,BAMLH0A0HYM2,ICE BofA US HY OAS,3.27
2025-03-27,DGS1,US Treasury 1Y,4.1
2025-03-27,DGS3,US Treasury 3Y,4.0
2025-03-27,DGS5,US Treasury 5Y,4.09
2025-03-28,BAMLH0A0HYM2,ICE BofA US HY OAS,3.47
2025-03-28,DGS1,US Treasury 1Y,4.04
2025-03-28,DGS3,US Treasury 3Y,3.91
2025-03-28,DGS5,US Treasury 5Y,3.98
2025-03-31,BAMLH0A0HYM2,ICE BofA US HY OAS,3.55
2025-03-31,DGS1,US Treasury 1Y,4.03
2025-03-31,DGS3,US Treasury 3Y,3.89
2025-03-31,DGS5,US Treasury 5Y,3.96
2025-04-01,BAMLH0A0HYM2,ICE BofA US HY OAS,3.5
2025-04-01,DGS1,US Treasury 1Y,4.01
2025-04-01,DGS3,US Treasury 3Y,3.85
2025-04-01,DGS5,US Treasury 5Y,3.91
2025-04-02,BAMLH0A0HYM2,ICE BofA US HY OAS,3.42
2025-04-02,DGS1,US Treasury 1Y,4.04
2025-04-02,DGS3,US Treasury 3Y,3.89
2025-04-02,DGS5,US Treasury 5Y,3.95
2025-04-03,BAMLH0A0HYM2,ICE BofA US HY OAS,4.01
2025-04-03,DGS1,US Treasury 1Y,3.92
2025-04-03,DGS3,US Treasury 3Y,3.68
2025-04-03,DGS5,US Treasury 5Y,3.75
2025-04-04,BAMLH0A0HYM2,ICE BofA US HY OAS,4.45
2025-04-04,DGS1,US Treasury 1Y,3.86
2025-04-04,DGS3,US Treasury 3Y,3.66
2025-04-04,DGS5,US Treasury 5Y,3.72
2025-04-07,BAMLH0A0HYM2,ICE BofA US HY OAS,4.61
2025-04-07,DGS1,US Treasury 1Y,3.86
2025-04-07,DGS3,US Treasury 3Y,3.72
2025-04-07,DGS5,US Treasury 5Y,3.82
2025-04-08,BAMLH0A0HYM2,ICE BofA US HY OAS,4.57
2025-04-08,DGS1,US Treasury 1Y,3.83
2025-04-08,DGS3,US Treasury 3Y,3.71
2025-04-08,DGS5,US Treasury 5Y,3.88
2025-04-09,BAMLH0A0HYM2,ICE BofA US HY OAS,4.37
2025-04-09,DGS1,US Treasury 1Y,4.03
2025-04-09,DGS3,US Treasury 3Y,3.91
2025-04-09,DGS5,US Treasury 5Y,4.06
2025-04-10,BAMLH0A0HYM2,ICE BofA US HY OAS,4.42
2025-04-10,DGS1,US Treasury 1Y,3.97
2025-04-10,DGS3,US Treasury 3Y,3.85
2025-04-10,DGS5,US Treasury 5Y,4.04
2025-04-11,BAMLH0A0HYM2,ICE BofA US HY OAS,4.26
2025-04-11,DGS1,US Treasury 1Y,4.04
2025-04-11,DGS3,US Treasury 3Y,3.98
2025-04-11,DGS5,US Treasury 5Y,4.15
2025-04-14,BAMLH0A0HYM2,ICE BofA US HY OAS,4.14
2025-04-14,DGS1,US Treasury 1Y,3.99
2025-04-14,DGS3,US Treasury 3Y,3.87
2025-04-14,DGS5,US Treasury 5Y,4.02
2025-04-15,BAMLH0A0HYM2,ICE BofA US HY OAS,4.09
2025-04-15,DGS1,US Treasury 1Y,3.99
2025-04-15,DGS3,US Treasury 3Y,3.85
2025-04-15,DGS5,US Treasury 5Y,3.98
2025-04-16,BAMLH0A0HYM2,ICE BofA US HY OAS,4.16
2025-04-16,DGS1,US Treasury 1Y,3.96
2025-04-16,DGS3,US Treasury 3Y,3.77
2025-04-16,DGS5,US Treasury 5Y,3.91
2025-04-17,BAMLH0A0HYM2,ICE BofA US HY OAS,4.02
2025-04-17,DGS1,US Treasury 1Y,3.99
2025-04-17,DGS3,US Treasury 3Y,3.82
2025-04-17,DGS5,US Treasury 5Y,3.95
2025-04-21,BAMLH0A0HYM2,ICE BofA US HY OAS,4.16
2025-04-21,DGS1,US Treasury 1Y,3.95
2025-04-21,DGS3,US Treasury 3Y,3.77
2025-04-21,DGS5,US Treasury 5Y,3.97
2025-04-22,BAMLH0A0HYM2,ICE BofA US HY OAS,3.99
2025-04-22,DGS1,US Treasury 1Y,3.98
2025-04-22,DGS3,US Treasury 3Y,3.82
2025-04-22,DGS5,US Treasury 5Y,3.98
2025-04-23,BAMLH0A0HYM2,ICE BofA US HY OAS,3.75
2025-04-23,DGS1,US Treasury 1Y,4.01
2025-04-23,DGS3,US Treasury 3Y,3.87
2025-04-23,DGS5,US Treasury 5Y,4.0
2025-04-24,APO,Apollo,133.32000732421875
2025-04-24,ARCC,Ares BDC,21.100000381469727
2025-04-24,ARES,Ares,152.97000122070312
2025-04-24,BAMLH0A0HYM2,ICE BofA US HY OAS,3.73
2025-04-24,BIZD,BDC Sector,15.4399995803833
2025-04-24,BX,Blackstone,134.5500030517578
2025-04-24,BXSL,Blackstone BDC,29.38999938964844
2025-04-24,DGS1,US Treasury 1Y,3.97
2025-04-24,DGS3,US Treasury 3Y,3.8
2025-04-24,DGS5,US Treasury 5Y,3.91
2025-04-24,FSK,KKR BDC,20.040000915527344
2025-04-24,HYG,High Yield Bond ETF,78.69999694824219
2025-04-24,KKR,KKR,113.25
2025-04-24,OBDC,Blue Owl BDC,14.25
2025-04-24,OWL,Blue Owl,18.46999931335449
2025-04-24,^GSPC,US Equity Market,5484.77001953125
2025-04-25,APO,Apollo,133.39999389648438
2025-04-25,ARCC,Ares BDC,21.11000061035156
2025-04-25,ARES,Ares,153.8800048828125
2025-04-25,BAMLH0A0HYM2,ICE BofA US HY OAS,3.67
2025-04-25,BIZD,BDC Sector,15.510000228881836
2025-04-25,BX,Blackstone,132.86000061035156
2025-04-25,BXSL,Blackstone BDC,29.63999938964844
2025-04-25,DGS1,US Treasury 1Y,3.95
2025-04-25,DGS3,US Treasury 3Y,3.76
2025-04-25,DGS5,US Treasury 5Y,3.88
2025-04-25,FSK,KKR BDC,20.170000076293945
2025-04-25,HYG,High Yield Bond ETF,78.7699966430664
2025-04-25,KKR,KKR,113.62999725341795
2025-04-25,OBDC,Blue Owl BDC,14.260000228881836
2025-04-25,OWL,Blue Owl,18.5
2025-04-25,^GSPC,US Equity Market,5525.2099609375
2025-04-28,APO,Apollo,136.36000061035156
2025-04-28,ARCC,Ares BDC,21.25
2025-04-28,ARES,Ares,153.3800048828125
2025-04-28,BAMLH0A0HYM2,ICE BofA US HY OAS,3.73
2025-04-28,BIZD,BDC Sector,15.600000381469728
2025-04-28,BX,Blackstone,133.5800018310547
2025-04-28,BXSL,Blackstone BDC,29.84000015258789
2025-04-28,DGS1,US Treasury 1Y,3.92
2025-04-28,DGS3,US Treasury 3Y,3.67
2025-04-28,DGS5,US Treasury 5Y,3.81
2025-04-28,FSK,KKR BDC,20.270000457763672
2025-04-28,HYG,High Yield Bond ETF,78.80999755859375
2025-04-28,KKR,KKR,113.93000030517578
2025-04-28,OBDC,Blue Owl BDC,14.34000015258789
2025-04-28,OWL,Blue Owl,18.75
2025-04-28,^GSPC,US Equity Market,5528.75
2025-04-29,APO,Apollo,137.5500030517578
2025-04-29,ARCC,Ares BDC,20.670000076293945
2025-04-29,ARES,Ares,152.7899932861328
2025-04-29,BAMLH0A0HYM2,ICE BofA US HY OAS,3.74
2025-04-29,BIZD,BDC Sector,15.449999809265137
2025-04-29,BX,Blackstone,133.5399932861328
2025-04-29,BXSL,Blackstone BDC,29.690000534057617
2025-04-29,DGS1,US Treasury 1Y,3.89
2025-04-29,DGS3,US Treasury 3Y,3.65
2025-04-29,DGS5,US Treasury 5Y,3.77
2025-04-29,FSK,KKR BDC,20.1200008392334
2025-04-29,HYG,High Yield Bond ETF,79.0199966430664
2025-04-29,KKR,KKR,114.3499984741211
2025-04-29,OBDC,Blue Owl BDC,14.1899995803833
2025-04-29,OWL,Blue Owl,18.600000381469727
2025-04-29,^GSPC,US Equity Market,5560.830078125
2025-04-30,APO,Apollo,136.47999572753906
2025-04-30,ARCC,Ares BDC,20.65999984741211
2025-04-30,ARES,Ares,152.52999877929688
2025-04-30,BAMLH0A0HYM2,ICE BofA US HY OAS,3.94
2025-04-30,BIZD,BDC Sector,15.229999542236328
2025-04-30,BX,Blackstone,131.7100067138672
2025-04-30,BXSL,Blackstone BDC,29.299999237060547
2025-04-30,DGS1,US Treasury 1Y,3.85
2025-04-30,DGS3,US Treasury 3Y,3.58
2025-04-30,DGS5,US Treasury 5Y,3.72
2025-04-30,FSK,KKR BDC,19.88999938964844
2025-04-30,HYG,High Yield Bond ETF,78.5999984741211
2025-04-30,KKR,KKR,114.2699966430664
2025-04-30,OBDC,Blue Owl BDC,14.010000228881836
2025-04-30,OWL,Blue Owl,18.530000686645508
2025-04-30,^GSPC,US Equity Market,5569.06005859375
2025-05-01,APO,Apollo,137.88999938964844
2025-05-01,ARCC,Ares BDC,20.34000015258789
2025-05-01,ARES,Ares,152.27000427246094
2025-05-01,BAMLH0A0HYM2,ICE BofA US HY OAS,3.78
2025-05-01,BIZD,BDC Sector,15.109999656677246
2025-05-01,BX,Blackstone,133.38999938964844
2025-05-01,BXSL,Blackstone BDC,29.020000457763672
2025-05-01,DGS1,US Treasury 1Y,3.92
2025-05-01,DGS3,US Treasury 3Y,3.69
2025-05-01,DGS5,US Treasury 5Y,3.81
2025-05-01,FSK,KKR BDC,19.59000015258789
2025-05-01,HYG,High Yield Bond ETF,78.30000305175781
2025-05-01,KKR,KKR,114.48999786376952
2025-05-01,OBDC,Blue Owl BDC,13.859999656677246
2025-05-01,OWL,Blue Owl,17.90999984741211
2025-05-01,^GSPC,US Equity Market,5604.14013671875
2025-05-02,APO,Apollo,135.3699951171875
2025-05-02,ARCC,Ares BDC,20.799999237060547
2025-05-02,ARES,Ares,157.07000732421875
2025-05-02,BAMLH0A0HYM2,ICE BofA US HY OAS,3.6
2025-05-02,BIZD,BDC Sector,15.369999885559082
2025-05-02,BX,Blackstone,137.4199981689453
2025-05-02,BXSL,Blackstone BDC,29.64999961853028
2025-05-02,DGS1,US Treasury 1Y,4.0
2025-05-02,DGS3,US Treasury 3Y,3.82
2025-05-02,DGS5,US Treasury 5Y,3.92
2025-05-02,FSK,KKR BDC,19.979999542236328
2025-05-02,HYG,High Yield Bond ETF,78.54000091552734
2025-05-02,KKR,KKR,116.93000030517578
2025-05-02,OBDC,Blue Owl BDC,14.06999969482422
2025-05-02,OWL,Blue Owl,18.39999961853028
2025-05-02,^GSPC,US Equity Market,5686.669921875
2025-05-05,APO,Apollo,133.97999572753906
2025-05-05,ARCC,Ares BDC,20.530000686645508
2025-05-05,ARES,Ares,160.75999450683594
2025-05-05,BAMLH0A0HYM2,ICE BofA US HY OAS,3.6
2025-05-05,BIZD,BDC Sector,15.100000381469728
2025-05-05,BX,Blackstone,136.11000061035156
2025-05-05,BXSL,Blackstone BDC,29.440000534057617
2025-05-05,DGS1,US Treasury 1Y,4.02
2025-05-05,DGS3,US Treasury 3Y,3.78
2025-05-05,DGS5,US Treasury 5Y,3.95
2025-05-05,FSK,KKR BDC,19.51000022888184
2025-05-05,HYG,High Yield Bond ETF,78.51000213623047
2025-05-05,KKR,KKR,114.79000091552734
2025-05-05,OBDC,Blue Owl BDC,13.84000015258789
2025-05-05,OWL,Blue Owl,18.459999084472656
2025-05-05,^GSPC,US Equity Market,5650.3798828125
2025-05-06,APO,Apollo,129.30999755859375
2025-05-06,ARCC,Ares BDC,20.68000030517578
2025-05-06,ARES,Ares,159.6300048828125
2025-05-06,BAMLH0A0HYM2,ICE BofA US HY OAS,3.66
2025-05-06,BIZD,BDC Sector,15.210000038146973
2025-05-06,BX,Blackstone,134.0
2025-05-06,BXSL,Blackstone BDC,29.450000762939453
2025-05-06,DGS1,US Treasury 1Y,3.98
2025-05-06,DGS3,US Treasury 3Y,3.73
2025-05-06,DGS5,US Treasury 5Y,3.9
2025-05-06,FSK,KKR BDC,19.559999465942383
2025-05-06,HYG,High Yield Bond ETF,78.44999694824219
2025-05-06,KKR,KKR,113.6500015258789
2025-05-06,OBDC,Blue Owl BDC,13.720000267028809
2025-05-06,OWL,Blue Owl,17.850000381469727
2025-05-06,^GSPC,US Equity Market,5606.91015625
2025-05-07,APO,Apollo,129.33999633789062
2025-05-07,ARCC,Ares BDC,20.790000915527344
2025-05-07,ARES,Ares,162.0800018310547
2025-05-07,BAMLH0A0HYM2,ICE BofA US HY OAS,3.67
2025-05-07,BIZD,BDC Sector,15.15999984741211
2025-05-07,BX,Blackstone,136.13999938964844
2025-05-07,BXSL,Blackstone BDC,29.709999084472656
2025-05-07,DGS1,US Treasury 1Y,4.0
2025-05-07,DGS3,US Treasury 3Y,3.72
2025-05-07,DGS5,US Treasury 5Y,3.87
2025-05-07,FSK,KKR BDC,19.450000762939453
2025-05-07,HYG,High Yield Bond ETF,78.5199966430664
2025-05-07,KKR,KKR,116.20999908447266
2025-05-07,OBDC,Blue Owl BDC,13.710000038146973
2025-05-07,OWL,Blue Owl,18.09000015258789
2025-05-07,^GSPC,US Equity Market,5631.27978515625
2025-05-08,APO,Apollo,133.19000244140625
2025-05-08,ARCC,Ares BDC,21.0
2025-05-08,ARES,Ares,165.85000610351562
2025-05-08,BAMLH0A0HYM2,ICE BofA US HY OAS,3.51
2025-05-08,BIZD,BDC Sector,15.31999969482422
2025-05-08,BX,Blackstone,139.80999755859375
2025-05-08,BXSL,Blackstone BDC,29.739999771118164
2025-05-08,DGS1,US Treasury 1Y,4.05
2025-05-08,DGS3,US Treasury 3Y,3.85
2025-05-08,DGS5,US Treasury 5Y,4.0
2025-05-08,FSK,KKR BDC,20.040000915527344
2025-05-08,HYG,High Yield Bond ETF,78.5
2025-05-08,KKR,KKR,118.7300033569336
2025-05-08,OBDC,Blue Owl BDC,13.880000114440918
2025-05-08,OWL,Blue Owl,18.540000915527344
2025-05-08,^GSPC,US Equity Market,5663.93994140625
2025-05-09,APO,Apollo,132.4600067138672
2025-05-09,ARCC,Ares BDC,21.059999465942383
2025-05-09,ARES,Ares,164.9499969482422
2025-05-09,BAMLH0A0HYM2,ICE BofA US HY OAS,3.53
2025-05-09,BIZD,BDC Sector,15.34000015258789
2025-05-09,BX,Blackstone,139.38999938964844
2025-05-09,BXSL,Blackstone BDC,29.770000457763672
2025-05-09,DGS1,US Treasury 1Y,4.05
2025-05-09,DGS3,US Treasury 3Y,3.85
2025-05-09,DGS5,US Treasury 5Y,4.0
2025-05-09,FSK,KKR BDC,19.90999984741211
2025-05-09,HYG,High Yield Bond ETF,78.55000305175781
2025-05-09,KKR,KKR,118.08000183105467
2025-05-09,OBDC,Blue Owl BDC,13.890000343322754
2025-05-09,OWL,Blue Owl,18.479999542236328
2025-05-09,^GSPC,US Equity Market,5659.91015625
2025-05-12,APO,Apollo,143.4499969482422
2025-05-12,ARCC,Ares BDC,21.59000015258789
2025-05-12,ARES,Ares,172.57000732421875
2025-05-12,BAMLH0A0HYM2,ICE BofA US HY OAS,3.15
2025-05-12,BIZD,BDC Sector,15.789999961853027
2025-05-12,BX,Blackstone,149.0
2025-05-12,BXSL,Blackstone BDC,30.6200008392334
2025-05-12,DGS1,US Treasury 1Y,4.11
2025-05-12,DGS3,US Treasury 3Y,3.97
2025-05-12,DGS5,US Treasury 5Y,4.09
2025-05-12,FSK,KKR BDC,20.57999992370605
2025-05-12,HYG,High Yield Bond ETF,79.33000183105469
2025-05-12,KKR,KKR,125.22000122070312
2025-05-12,OBDC,Blue Owl BDC,14.369999885559082
2025-05-12,OWL,Blue Owl,19.63999938964844
2025-05-12,^GSPC,US Equity Market,5844.18994140625
2025-05-13,APO,Apollo,145.07000732421875
2025-05-13,ARCC,Ares BDC,21.780000686645508
2025-05-13,ARES,Ares,172.5
2025-05-13,BAMLH0A0HYM2,ICE BofA US HY OAS,3.09
2025-05-13,BIZD,BDC Sector,15.93000030517578
2025-05-13,BX,Blackstone,148.60000610351562
2025-05-13,BXSL,Blackstone BDC,31.1200008392334
2025-05-13,DGS1,US Treasury 1Y,4.11
2025-05-13,DGS3,US Treasury 3Y,4.0
2025-05-13,DGS5,US Treasury 5Y,4.12
2025-05-13,FSK,KKR BDC,20.790000915527344
2025-05-13,HYG,High Yield Bond ETF,79.47000122070312
2025-05-13,KKR,KKR,126.9000015258789
2025-05-13,OBDC,Blue Owl BDC,14.579999923706056
2025-05-13,OWL,Blue Owl,19.96999931335449
2025-05-13,^GSPC,US Equity Market,5886.5498046875
2025-05-14,APO,Apollo,144.24000549316406
2025-05-14,ARCC,Ares BDC,21.6299991607666
2025-05-14,ARES,Ares,175.8300018310547
2025-05-14,BAMLH0A0HYM2,ICE BofA US HY OAS,3.1
2025-05-14,BIZD,BDC Sector,15.920000076293944
2025-05-14,BX,Blackstone,148.4199981689453
2025-05-14,BXSL,Blackstone BDC,31.21999931335449
2025-05-14,DGS1,US Treasury 1Y,4.14
2025-05-14,DGS3,US Treasury 3Y,4.05
2025-05-14,DGS5,US Treasury 5Y,4.17
2025-05-14,FSK,KKR BDC,20.8700008392334
2025-05-14,HYG,High Yield Bond ETF,79.18000030517578
2025-05-14,KKR,KKR,129.02999877929688
2025-05-14,OBDC,Blue Owl BDC,14.649999618530272
2025-05-14,OWL,Blue Owl,19.979999542236328
2025-05-14,^GSPC,US Equity Market,5892.580078125
2025-05-15,APO,Apollo,143.99000549316406
2025-05-15,ARCC,Ares BDC,21.670000076293945
2025-05-15,ARES,Ares,168.6999969482422
2025-05-15,BAMLH0A0HYM2,ICE BofA US HY OAS,3.2
2025-05-15,BIZD,BDC Sector,15.949999809265137
2025-05-15,BX,Blackstone,146.75
2025-05-15,BXSL,Blackstone BDC,31.34000015258789
2025-05-15,DGS1,US Treasury 1Y,4.1
2025-05-15,DGS3,US Treasury 3Y,3.95
2025-05-15,DGS5,US Treasury 5Y,4.07
2025-05-15,FSK,KKR BDC,20.920000076293945
2025-05-15,HYG,High Yield Bond ETF,79.33000183105469
2025-05-15,KKR,KKR,125.63999938964844
2025-05-15,OBDC,Blue Owl BDC,14.600000381469728
2025-05-15,OWL,Blue Owl,19.31999969482422
2025-05-15,^GSPC,US Equity Market,5916.93017578125
2025-05-16,APO,Apollo,143.83999633789062
2025-05-16,ARCC,Ares BDC,21.90999984741211
2025-05-16,ARES,Ares,170.14999389648438
2025-05-16,BAMLH0A0HYM2,ICE BofA US HY OAS,3.16
2025-05-16,BIZD,BDC Sector,16.06999969482422
2025-05-16,BX,Blackstone,146.6999969482422
2025-05-16,BXSL,Blackstone BDC,31.63999938964844
2025-05-16,DGS1,US Treasury 1Y,4.13
2025-05-16,DGS3,US Treasury 3Y,3.95
2025-05-16,DGS5,US Treasury 5Y,4.06
2025-05-16,FSK,KKR BDC,21.170000076293945
2025-05-16,HYG,High Yield Bond ETF,79.41999816894531
2025-05-16,KKR,KKR,125.9000015258789
2025-05-16,OBDC,Blue Owl BDC,14.710000038146973
2025-05-16,OWL,Blue Owl,19.489999771118164
2025-05-16,^GSPC,US Equity Market,5958.3798828125
2025-05-19,APO,Apollo,142.61000061035156
2025-05-19,ARCC,Ares BDC,21.90999984741211
2025-05-19,ARES,Ares,168.63999938964844
2025-05-19,BAMLH0A0HYM2,ICE BofA US HY OAS,3.21
2025-05-19,BIZD,BDC Sector,16.149999618530273
2025-05-19,BX,Blackstone,145.4499969482422
2025-05-19,BXSL,Blackstone BDC,31.89999961853028
2025-05-19,DGS1,US Treasury 1Y,4.12
2025-05-19,DGS3,US Treasury 3Y,3.95
2025-05-19,DGS5,US Treasury 5Y,4.07
2025-05-19,FSK,KKR BDC,21.36000061035156
2025-05-19,HYG,High Yield Bond ETF,79.37999725341797
2025-05-19,KKR,KKR,125.48999786376952
2025-05-19,OBDC,Blue Owl BDC,14.720000267028809
2025-05-19,OWL,Blue Owl,19.40999984741211
2025-05-19,^GSPC,US Equity Market,5963.60009765625
2025-05-20,APO,Apollo,139.2899932861328
2025-05-20,ARCC,Ares BDC,21.989999771118164
2025-05-20,ARES,Ares,166.02999877929688
2025-05-20,BAMLH0A0HYM2,ICE BofA US HY OAS,3.2
2025-05-20,BIZD,BDC Sector,16.149999618530273
2025-05-20,BX,Blackstone,144.1999969482422
2025-05-20,BXSL,Blackstone BDC,31.96999931335449
2025-05-20,DGS1,US Treasury 1Y,4.12
2025-05-20,DGS3,US Treasury 3Y,3.95
2025-05-20,DGS5,US Treasury 5Y,4.07
2025-05-20,FSK,KKR BDC,21.38999938964844
2025-05-20,HYG,High Yield Bond ETF,79.33999633789062
2025-05-20,KKR,KKR,124.13999938964844
2025-05-20,OBDC,Blue Owl BDC,14.649999618530272
2025-05-20,OWL,Blue Owl,19.049999237060547
2025-05-20,^GSPC,US Equity Market,5940.4599609375
2025-05-21,APO,Apollo,130.67999267578125
2025-05-21,ARCC,Ares BDC,21.530000686645508
2025-05-21,ARES,Ares,158.97999572753906
2025-05-21,BAMLH0A0HYM2,ICE BofA US HY OAS,3.25
2025-05-21,BIZD,BDC Sector,15.75
2025-05-21,BX,Blackstone,137.49000549316406
2025-05-21,BXSL,Blackstone BDC,31.15999984741211
2025-05-21,DGS1,US Treasury 1Y,4.13
2025-05-21,DGS3,US Treasury 3Y,4.0
2025-05-21,DGS5,US Treasury 5Y,4.15
2025-05-21,FSK,KKR BDC,20.8700008392334
2025-05-21,HYG,High Yield Bond ETF,78.80999755859375
2025-05-21,KKR,KKR,117.76000213623048
2025-05-21,OBDC,Blue Owl BDC,14.300000190734863
2025-05-21,OWL,Blue Owl,18.1299991607666
2025-05-21,^GSPC,US Equity Market,5844.60986328125
2025-05-22,APO,Apollo,130.80999755859375
2025-05-22,ARCC,Ares BDC,21.520000457763672
2025-05-22,ARES,Ares,159.8800048828125
2025-05-22,BAMLH0A0HYM2,ICE BofA US HY OAS,3.32
2025-05-22,BIZD,BDC Sector,15.75
2025-05-22,BX,Blackstone,136.92999267578125
2025-05-22,BXSL,Blackstone BDC,31.13999938964844
2025-05-22,DGS1,US Treasury 1Y,4.13
2025-05-22,DGS3,US Treasury 3Y,3.99
2025-05-22,DGS5,US Treasury 5Y,4.11
2025-05-22,FSK,KKR BDC,20.82999992370605
2025-05-22,HYG,High Yield Bond ETF,78.97000122070312
2025-05-22,KKR,KKR,118.1999969482422
2025-05-22,OBDC,Blue Owl BDC,14.239999771118164
2025-05-22,OWL,Blue Owl,18.229999542236328
2025-05-22,^GSPC,US Equity Market,5842.009765625
2025-05-23,APO,Apollo,130.8699951171875
2025-05-23,ARCC,Ares BDC,21.59000015258789
2025-05-23,ARES,Ares,160.2899932861328
2025-05-23,BAMLH0A0HYM2,ICE BofA US HY OAS,3.4
2025-05-23,BIZD,BDC Sector,15.81999969482422
2025-05-23,BX,Blackstone,136.1199951171875
2025-05-23,BXSL,Blackstone BDC,31.290000915527344
2025-05-23,DGS1,US Treasury 1Y,4.15
2025-05-23,DGS3,US Treasury 3Y,3.96
2025-05-23,DGS5,US Treasury 5Y,4.08
2025-05-23,FSK,KKR BDC,20.93000030517578
2025-05-23,HYG,High Yield Bond ETF,78.94999694824219
2025-05-23,KKR,KKR,117.18000030517578
2025-05-23,OBDC,Blue Owl BDC,14.329999923706056
2025-05-23,OWL,Blue Owl,18.270000457763672
2025-05-23,^GSPC,US Equity Market,5802.81982421875
2025-05-26,BAMLH0A0HYM2,ICE BofA US HY OAS,3.4
2025-05-27,APO,Apollo,133.1699981689453
2025-05-27,ARCC,Ares BDC,21.96999931335449
2025-05-27,ARES,Ares,164.60000610351562
2025-05-27,BAMLH0A0HYM2,ICE BofA US HY OAS,3.24
2025-05-27,BIZD,BDC Sector,16.100000381469727
2025-05-27,BX,Blackstone,139.3000030517578
2025-05-27,BXSL,Blackstone BDC,31.920000076293945
2025-05-27,DGS1,US Treasury 1Y,4.14
2025-05-27,DGS3,US Treasury 3Y,3.93
2025-05-27,DGS5,US Treasury 5Y,4.04
2025-05-27,FSK,KKR BDC,21.31999969482422
2025-05-27,HYG,High Yield Bond ETF,79.43000030517578
2025-05-27,KKR,KKR,120.91999816894533
2025-05-27,OBDC,Blue Owl BDC,14.56999969482422
2025-05-27,OWL,Blue Owl,18.71999931335449
2025-05-27,^GSPC,US Equity Market,5921.5400390625
2025-05-28,APO,Apollo,131.50999450683594
2025-05-28,ARCC,Ares BDC,21.989999771118164
2025-05-28,ARES,Ares,163.99000549316406
2025-05-28,BAMLH0A0HYM2,ICE BofA US HY OAS,3.23
2025-05-28,BIZD,BDC Sector,16.100000381469727
2025-05-28,BX,Blackstone,138.41000366210938
2025-05-28,BXSL,Blackstone BDC,31.86000061035156
2025-05-28,DGS1,US Treasury 1Y,4.16
2025-05-28,DGS3,US Treasury 3Y,3.95
2025-05-28,DGS5,US Treasury 5Y,4.05
2025-05-28,FSK,KKR BDC,21.32999992370605
2025-05-28,HYG,High Yield Bond ETF,79.37999725341797
2025-05-28,KKR,KKR,121.04000091552734
2025-05-28,OBDC,Blue Owl BDC,14.59000015258789
2025-05-28,OWL,Blue Owl,18.780000686645508
2025-05-28,^GSPC,US Equity Market,5888.5498046875
2025-05-29,APO,Apollo,131.6999969482422
2025-05-29,ARCC,Ares BDC,21.989999771118164
2025-05-29,ARES,Ares,164.89999389648438
2025-05-29,BAMLH0A0HYM2,ICE BofA US HY OAS,3.22
2025-05-29,BIZD,BDC Sector,16.1200008392334
2025-05-29,BX,Blackstone,138.8800048828125
2025-05-29,BXSL,Blackstone BDC,31.96999931335449
2025-05-29,DGS1,US Treasury 1Y,4.13
2025-05-29,DGS3,US Treasury 3Y,3.91
2025-05-29,DGS5,US Treasury 5Y,4.0
2025-05-29,FSK,KKR BDC,21.31999969482422
2025-05-29,HYG,High Yield Bond ETF,79.5
2025-05-29,KKR,KKR,122.33000183105467
2025-05-29,OBDC,Blue Owl BDC,14.649999618530272
2025-05-29,OWL,Blue Owl,18.75
2025-05-29,^GSPC,US Equity Market,5912.169921875
2025-05-30,APO,Apollo,130.69000244140625
2025-05-30,ARCC,Ares BDC,22.049999237060547
2025-05-30,ARES,Ares,165.5
2025-05-30,BAMLH0A0HYM2,ICE BofA US HY OAS,3.31
2025-05-30,BIZD,BDC Sector,16.139999389648438
2025-05-30,BX,Blackstone,138.75999450683594
2025-05-30,BXSL,Blackstone BDC,31.8799991607666
2025-05-30,DGS1,US Treasury 1Y,4.11
2025-05-30,DGS3,US Treasury 3Y,3.87
2025-05-30,DGS5,US Treasury 5Y,3.96
2025-05-30,FSK,KKR BDC,21.209999084472656
2025-05-30,HYG,High Yield Bond ETF,79.56999969482422
2025-05-30,KKR,KKR,121.45999908447266
2025-05-30,OBDC,Blue Owl BDC,14.649999618530272
2025-05-30,OWL,Blue Owl,18.68000030517578
2025-05-30,^GSPC,US Equity Market,5911.68994140625
2025-05-31,BAMLH0A0HYM2,ICE BofA US HY OAS,3.32
2025-06-02,APO,Apollo,130.52000427246094
2025-06-02,ARCC,Ares BDC,21.96999931335449
2025-06-02,ARES,Ares,166.7899932861328
2025-06-02,BAMLH0A0HYM2,ICE BofA US HY OAS,3.27
2025-06-02,BIZD,BDC Sector,16.0
2025-06-02,BX,Blackstone,138.80999755859375
2025-06-02,BXSL,Blackstone BDC,31.68000030517578
2025-06-02,DGS1,US Treasury 1Y,4.12
2025-06-02,DGS3,US Treasury 3Y,3.91
2025-06-02,DGS5,US Treasury 5Y,4.01
2025-06-02,FSK,KKR BDC,21.09000015258789
2025-06-02,HYG,High Yield Bond ETF,79.18000030517578
2025-06-02,KKR,KKR,121.87000274658205
2025-06-02,OBDC,Blue Owl BDC,14.43000030517578
2025-06-02,OWL,Blue Owl,18.549999237060547
2025-06-02,^GSPC,US Equity Market,5935.93994140625
2025-06-03,APO,Apollo,131.10000610351562
2025-06-03,ARCC,Ares BDC,21.959999084472656
2025-06-03,ARES,Ares,168.52999877929688
2025-06-03,BAMLH0A0HYM2,ICE BofA US HY OAS,3.19
2025-06-03,BIZD,BDC Sector,16.100000381469727
2025-06-03,BX,Blackstone,139.00999450683594
2025-06-03,BXSL,Blackstone BDC,31.59000015258789
2025-06-03,DGS1,US Treasury 1Y,4.12
2025-06-03,DGS3,US Treasury 3Y,3.93
2025-06-03,DGS5,US Treasury 5Y,4.04
2025-06-03,FSK,KKR BDC,21.200000762939453
2025-06-03,HYG,High Yield Bond ETF,79.33000183105469
2025-06-03,KKR,KKR,120.4800033569336
2025-06-03,OBDC,Blue Owl BDC,14.510000228881836
2025-06-03,OWL,Blue Owl,18.729999542236328
2025-06-03,^GSPC,US Equity Market,5970.3701171875
2025-06-04,APO,Apollo,130.3000030517578
2025-06-04,ARCC,Ares BDC,21.93000030517578
2025-06-04,ARES,Ares,169.00999450683594
2025-06-04,BAMLH0A0HYM2,ICE BofA US HY OAS,3.23
2025-06-04,BIZD,BDC Sector,16.040000915527344
2025-06-04,BX,Blackstone,138.75999450683594
2025-06-04,BXSL,Blackstone BDC,31.549999237060547
2025-06-04,DGS1,US Treasury 1Y,4.06
2025-06-04,DGS3,US Treasury 3Y,3.84
2025-06-04,DGS5,US Treasury 5Y,3.93
2025-06-04,FSK,KKR BDC,21.1299991607666
2025-06-04,HYG,High Yield Bond ETF,79.4800033569336
2025-06-04,KKR,KKR,120.51000213623048
2025-06-04,OBDC,Blue Owl BDC,14.56999969482422
2025-06-04,OWL,Blue Owl,19.030000686645508
2025-06-04,^GSPC,US Equity Market,5970.81005859375
2025-06-05,APO,Apollo,130.27999877929688
2025-06-05,ARCC,Ares BDC,21.950000762939453
2025-06-05,ARES,Ares,169.99000549316406
2025-06-05,BAMLH0A0HYM2,ICE BofA US HY OAS,3.18
2025-06-05,BIZD,BDC Sector,15.989999771118164
2025-06-05,BX,Blackstone,137.75999450683594
2025-06-05,BXSL,Blackstone BDC,31.770000457763672
2025-06-05,DGS1,US Treasury 1Y,4.08
2025-06-05,DGS3,US Treasury 3Y,3.9
2025-06-05,DGS5,US Treasury 5Y,3.99
2025-06-05,FSK,KKR BDC,21.040000915527344
2025-06-05,HYG,High Yield Bond ETF,79.30999755859375
2025-06-05,KKR,KKR,120.63999938964844
2025-06-05,OBDC,Blue Owl BDC,14.529999732971191
2025-06-05,OWL,Blue Owl,19.020000457763672
2025-06-05,^GSPC,US Equity Market,5939.2998046875
2025-06-06,APO,Apollo,133.4499969482422
2025-06-06,ARCC,Ares BDC,22.190000534057617
2025-06-06,ARES,Ares,173.8800048828125
2025-06-06,BAMLH0A0HYM2,ICE BofA US HY OAS,3.09
2025-06-06,BIZD,BDC Sector,16.170000076293945
2025-06-06,BX,Blackstone,140.4499969482422
2025-06-06,BXSL,Blackstone BDC,31.96999931335449
2025-06-06,DGS1,US Treasury 1Y,4.14
2025-06-06,DGS3,US Treasury 3Y,4.02
2025-06-06,DGS5,US Treasury 5Y,4.13
2025-06-06,FSK,KKR BDC,21.299999237060547
2025-06-06,HYG,High Yield Bond ETF,79.30000305175781
2025-06-06,KKR,KKR,123.4000015258789
2025-06-06,OBDC,Blue Owl BDC,14.56999969482422
2025-06-06,OWL,Blue Owl,19.26000022888184
2025-06-06,^GSPC,US Equity Market,6000.35986328125
2025-06-09,APO,Apollo,133.50999450683594
2025-06-09,ARCC,Ares BDC,22.209999084472656
2025-06-09,ARES,Ares,172.3000030517578
2025-06-09,BAMLH0A0HYM2,ICE BofA US HY OAS,3.12
2025-06-09,BIZD,BDC Sector,16.219999313354492
2025-06-09,BX,Blackstone,139.97999572753906
2025-06-09,BXSL,Blackstone BDC,31.940000534057617
2025-06-09,DGS1,US Treasury 1Y,4.13
2025-06-09,DGS3,US Treasury 3Y,3.99
2025-06-09,DGS5,US Treasury 5Y,4.09
2025-06-09,FSK,KKR BDC,21.40999984741211
2025-06-09,HYG,High Yield Bond ETF,79.33999633789062
2025-06-09,KKR,KKR,123.25
2025-06-09,OBDC,Blue Owl BDC,14.699999809265137
2025-06-09,OWL,Blue Owl,19.190000534057617
2025-06-09,^GSPC,US Equity Market,6005.8798828125
2025-06-10,APO,Apollo,135.6199951171875
2025-06-10,ARCC,Ares BDC,22.34000015258789
2025-06-10,ARES,Ares,168.5800018310547
2025-06-10,BAMLH0A0HYM2,ICE BofA US HY OAS,3.12
2025-06-10,BIZD,BDC Sector,16.280000686645508
2025-06-10,BX,Blackstone,142.9600067138672
2025-06-10,BXSL,Blackstone BDC,32.0
2025-06-10,DGS1,US Treasury 1Y,4.12
2025-06-10,DGS3,US Treasury 3Y,3.95
2025-06-10,DGS5,US Treasury 5Y,4.08
2025-06-10,FSK,KKR BDC,21.5
2025-06-10,HYG,High Yield Bond ETF,79.52999877929688
2025-06-10,KKR,KKR,124.0199966430664
2025-06-10,OBDC,Blue Owl BDC,14.729999542236328
2025-06-10,OWL,Blue Owl,19.059999465942383
2025-06-10,^GSPC,US Equity Market,6038.81005859375
2025-06-11,APO,Apollo,138.02999877929688
2025-06-11,ARCC,Ares BDC,22.43000030517578
2025-06-11,ARES,Ares,168.77999877929688
2025-06-11,BAMLH0A0HYM2,ICE BofA US HY OAS,3.12
2025-06-11,BIZD,BDC Sector,16.219999313354492
2025-06-11,BX,Blackstone,141.38999938964844
2025-06-11,BXSL,Blackstone BDC,31.8799991607666
2025-06-11,DGS1,US Treasury 1Y,4.08
2025-06-11,DGS3,US Treasury 3Y,3.89
2025-06-11,DGS5,US Treasury 5Y,4.02
2025-06-11,FSK,KKR BDC,21.5
2025-06-11,HYG,High Yield Bond ETF,79.51000213623047
2025-06-11,KKR,KKR,126.0
2025-06-11,OBDC,Blue Owl BDC,14.75
2025-06-11,OWL,Blue Owl,19.170000076293945
2025-06-11,^GSPC,US Equity Market,6022.240234375
2025-06-12,APO,Apollo,138.11000061035156
2025-06-12,ARCC,Ares BDC,22.280000686645508
2025-06-12,ARES,Ares,170.80999755859375
2025-06-12,BAMLH0A0HYM2,ICE BofA US HY OAS,3.17
2025-06-12,BIZD,BDC Sector,16.25
2025-06-12,BX,Blackstone,140.7899932861328
2025-06-12,BXSL,Blackstone BDC,31.84000015258789
2025-06-12,DGS1,US Treasury 1Y,4.06
2025-06-12,DGS3,US Treasury 3Y,3.85
2025-06-12,DGS5,US Treasury 5Y,3.97
2025-06-12,FSK,KKR BDC,21.3799991607666
2025-06-12,HYG,High Yield Bond ETF,79.5999984741211
2025-06-12,KKR,KKR,125.23999786376952
2025-06-12,OBDC,Blue Owl BDC,14.75
2025-06-12,OTF,Blue Owl Tech BDC,16.559999465942383
2025-06-12,OWL,Blue Owl,19.21999931335449
2025-06-12,^GSPC,US Equity Market,6045.259765625
2025-06-13,APO,Apollo,132.11000061035156
2025-06-13,ARCC,Ares BDC,21.530000686645508
2025-06-13,ARES,Ares,166.55999755859375
2025-06-13,BAMLH0A0HYM2,ICE BofA US HY OAS,3.18
2025-06-13,BIZD,BDC Sector,16.1200008392334
2025-06-13,BX,Blackstone,136.41000366210938
2025-06-13,BXSL,Blackstone BDC,31.6299991607666
2025-06-13,DGS1,US Treasury 1Y,4.09
2025-06-13,DGS3,US Treasury 3Y,3.9
2025-06-13,DGS5,US Treasury 5Y,4.02
2025-06-13,FSK,KKR BDC,21.170000076293945
2025-06-13,HYG,High Yield Bond ETF,79.36000061035156
2025-06-13,KKR,KKR,121.33000183105467
2025-06-13,OBDC,Blue Owl BDC,14.59000015258789
2025-06-13,OTF,Blue Owl Tech BDC,16.0
2025-06-13,OWL,Blue Owl,18.700000762939453
2025-06-13,^GSPC,US Equity Market,5976.97021484375
2025-06-16,APO,Apollo,134.10000610351562
2025-06-16,ARCC,Ares BDC,21.31999969482422
2025-06-16,ARES,Ares,167.02999877929688
2025-06-16,BAMLH0A0HYM2,ICE BofA US HY OAS,3.1
2025-06-16,BIZD,BDC Sector,16.049999237060547
2025-06-16,BX,Blackstone,138.25999450683594
2025-06-16,BXSL,Blackstone BDC,31.190000534057617
2025-06-16,DGS1,US Treasury 1Y,4.1
2025-06-16,DGS3,US Treasury 3Y,3.93
2025-06-16,DGS5,US Treasury 5Y,4.04
2025-06-16,FSK,KKR BDC,20.96999931335449
2025-06-16,HYG,High Yield Bond ETF,79.5199966430664
2025-06-16,KKR,KKR,123.4000015258789
2025-06-16,OBDC,Blue Owl BDC,14.489999771118164
2025-06-16,OTF,Blue Owl Tech BDC,15.9399995803833
2025-06-16,OWL,Blue Owl,18.8799991607666
2025-06-16,^GSPC,US Equity Market,6033.10986328125
2025-06-17,APO,Apollo,132.36000061035156
2025-06-17,ARCC,Ares BDC,21.31999969482422
2025-06-17,ARES,Ares,165.17999267578125
2025-06-17,BAMLH0A0HYM2,ICE BofA US HY OAS,3.17
2025-06-17,BIZD,BDC Sector,15.970000267028809
2025-06-17,BX,Blackstone,135.69000244140625
2025-06-17,BXSL,Blackstone BDC,31.32999992370605
2025-06-17,DGS1,US Treasury 1Y,4.1
2025-06-17,DGS3,US Treasury 3Y,3.9
2025-06-17,DGS5,US Treasury 5Y,3.99
2025-06-17,FSK,KKR BDC,20.979999542236328
2025-06-17,HYG,High Yield Bond ETF,79.43000030517578
2025-06-17,KKR,KKR,121.05999755859376
2025-06-17,OBDC,Blue Owl BDC,14.470000267028809
2025-06-17,OTF,Blue Owl Tech BDC,15.770000457763672
2025-06-17,OWL,Blue Owl,18.57999992370605
2025-06-17,^GSPC,US Equity Market,5982.72021484375
2025-06-18,APO,Apollo,133.08999633789062
2025-06-18,ARCC,Ares BDC,21.51000022888184
2025-06-18,ARES,Ares,167.33999633789062
2025-06-18,BAMLH0A0HYM2,ICE BofA US HY OAS,3.16
2025-06-18,BIZD,BDC Sector,16.1200008392334
2025-06-18,BX,Blackstone,137.49000549316406
2025-06-18,BXSL,Blackstone BDC,31.51000022888184
2025-06-18,DGS1,US Treasury 1Y,4.1
2025-06-18,DGS3,US Treasury 3Y,3.89
2025-06-18,DGS5,US Treasury 5Y,3.98
2025-06-18,FSK,KKR BDC,20.56999969482422
2025-06-18,HYG,High Yield Bond ETF,79.55000305175781
2025-06-18,KKR,KKR,122.41999816894533
2025-06-18,OBDC,Blue Owl BDC,14.579999923706056
2025-06-18,OTF,Blue Owl Tech BDC,15.869999885559082
2025-06-18,OWL,Blue Owl,18.670000076293945
2025-06-18,^GSPC,US Equity Market,5980.8701171875
2025-06-19,BAMLH0A0HYM2,ICE BofA US HY OAS,3.16
2025-06-20,APO,Apollo,134.52000427246094
2025-06-20,ARCC,Ares BDC,21.489999771118164
2025-06-20,ARES,Ares,165.75999450683594
2025-06-20,BAMLH0A0HYM2,ICE BofA US HY OAS,3.13
2025-06-20,BIZD,BDC Sector,16.06999969482422
2025-06-20,BX,Blackstone,137.69000244140625
2025-06-20,BXSL,Blackstone BDC,31.229999542236328
2025-06-20,DGS1,US Treasury 1Y,4.07
2025-06-20,DGS3,US Treasury 3Y,3.86
2025-06-20,DGS5,US Treasury 5Y,3.96
2025-06-20,FSK,KKR BDC,20.61000061035156
2025-06-20,HYG,High Yield Bond ETF,79.80000305175781
2025-06-20,KKR,KKR,122.5999984741211
2025-06-20,OBDC,Blue Owl BDC,14.470000267028809
2025-06-20,OTF,Blue Owl Tech BDC,15.75
2025-06-20,OWL,Blue Owl,18.709999084472656
2025-06-20,^GSPC,US Equity Market,5967.83984375
2025-06-23,APO,Apollo,134.02999877929688
2025-06-23,ARCC,Ares BDC,21.46999931335449
2025-06-23,ARES,Ares,165.35000610351562
2025-06-23,BAMLH0A0HYM2,ICE BofA US HY OAS,3.12
2025-06-23,BIZD,BDC Sector,15.90999984741211
2025-06-23,BX,Blackstone,138.32000732421875
2025-06-23,BXSL,Blackstone BDC,30.940000534057617
2025-06-23,DGS1,US Treasury 1Y,4.0
2025-06-23,DGS3,US Treasury 3Y,3.8
2025-06-23,DGS5,US Treasury 5Y,3.91
2025-06-23,FSK,KKR BDC,20.280000686645508
2025-06-23,HYG,High Yield Bond ETF,79.94999694824219
2025-06-23,KKR,KKR,122.13999938964844
2025-06-23,OBDC,Blue Owl BDC,14.289999961853027
2025-06-23,OTF,Blue Owl Tech BDC,15.649999618530272
2025-06-23,OWL,Blue Owl,18.56999969482422
2025-06-23,^GSPC,US Equity Market,6025.169921875
2025-06-24,APO,Apollo,139.91000366210938
2025-06-24,ARCC,Ares BDC,21.520000457763672
2025-06-24,ARES,Ares,169.82000732421875
2025-06-24,BAMLH0A0HYM2,ICE BofA US HY OAS,3.06
2025-06-24,BIZD,BDC Sector,16.040000915527344
2025-06-24,BX,Blackstone,144.0500030517578
2025-06-24,BXSL,Blackstone BDC,31.34000015258789
2025-06-24,DGS1,US Treasury 1Y,3.99
2025-06-24,DGS3,US Treasury 3Y,3.75
2025-06-24,DGS5,US Treasury 5Y,3.86
2025-06-24,FSK,KKR BDC,20.38999938964844
2025-06-24,HYG,High Yield Bond ETF,80.16999816894531
2025-06-24,KKR,KKR,127.7699966430664
2025-06-24,OBDC,Blue Owl BDC,14.359999656677246
2025-06-24,OTF,Blue Owl Tech BDC,15.800000190734863
2025-06-24,OWL,Blue Owl,19.11000061035156
2025-06-24,^GSPC,US Equity Market,6092.18017578125
2025-06-25,APO,Apollo,137.72999572753906
2025-06-25,ARCC,Ares BDC,21.559999465942383
2025-06-25,ARES,Ares,168.8000030517578
2025-06-25,BAMLH0A0HYM2,ICE BofA US HY OAS,3.04
2025-06-25,BIZD,BDC Sector,16.040000915527344
2025-06-25,BX,Blackstone,143.57000732421875
2025-06-25,BXSL,Blackstone BDC,31.38999938964844
2025-06-25,DGS1,US Treasury 1Y,3.99
2025-06-25,DGS3,US Treasury 3Y,3.74
2025-06-25,DGS5,US Treasury 5Y,3.83
2025-06-25,FSK,KKR BDC,20.39999961853028
2025-06-25,HYG,High Yield Bond ETF,80.1500015258789
2025-06-25,KKR,KKR,128.83999633789062
2025-06-25,OBDC,Blue Owl BDC,14.449999809265137
2025-06-25,OTF,Blue Owl Tech BDC,15.470000267028809
2025-06-25,OWL,Blue Owl,19.030000686645508
2025-06-25,^GSPC,US Equity Market,6092.16015625
2025-06-26,APO,Apollo,139.35000610351562
2025-06-26,ARCC,Ares BDC,21.75
2025-06-26,ARES,Ares,171.11000061035156
2025-06-26,BAMLH0A0HYM2,ICE BofA US HY OAS,3.04
2025-06-26,BIZD,BDC Sector,16.25
2025-06-26,BX,Blackstone,148.17999267578125
2025-06-26,BXSL,Blackstone BDC,31.51000022888184
2025-06-26,DGS1,US Treasury 1Y,3.96
2025-06-26,DGS3,US Treasury 3Y,3.68
2025-06-26,DGS5,US Treasury 5Y,3.79
2025-06-26,FSK,KKR BDC,20.61000061035156
2025-06-26,HYG,High Yield Bond ETF,80.37999725341797
2025-06-26,KKR,KKR,131.94000244140625
2025-06-26,OBDC,Blue Owl BDC,14.630000114440918
2025-06-26,OTF,Blue Owl Tech BDC,15.539999961853027
2025-06-26,OWL,Blue Owl,19.190000534057617
2025-06-26,^GSPC,US Equity Market,6141.02001953125
2025-06-27,APO,Apollo,142.9199981689453
2025-06-27,ARCC,Ares BDC,21.950000762939453
2025-06-27,ARES,Ares,173.17999267578125
2025-06-27,BAMLH0A0HYM2,ICE BofA US HY OAS,3.02
2025-06-27,BIZD,BDC Sector,16.200000762939453
2025-06-27,BX,Blackstone,151.11000061035156
2025-06-27,BXSL,Blackstone BDC,31.34000015258789
2025-06-27,DGS1,US Treasury 1Y,3.97
2025-06-27,DGS3,US Treasury 3Y,3.72
2025-06-27,DGS5,US Treasury 5Y,3.83
2025-06-27,FSK,KKR BDC,20.63999938964844
2025-06-27,HYG,High Yield Bond ETF,80.33999633789062
2025-06-27,KKR,KKR,134.2899932861328
2025-06-27,OBDC,Blue Owl BDC,14.539999961853027
2025-06-27,OTF,Blue Owl Tech BDC,15.399999618530272
2025-06-27,OWL,Blue Owl,19.450000762939453
2025-06-27,^GSPC,US Equity Market,6173.06982421875
2025-06-30,APO,Apollo,141.8699951171875
2025-06-30,ARCC,Ares BDC,21.959999084472656
2025-06-30,ARES,Ares,173.1999969482422
2025-06-30,BAMLH0A0HYM2,ICE BofA US HY OAS,2.96
2025-06-30,BIZD,BDC Sector,16.280000686645508
2025-06-30,BX,Blackstone,149.5800018310547
2025-06-30,BXSL,Blackstone BDC,30.75
2025-06-30,DGS1,US Treasury 1Y,3.96
2025-06-30,DGS3,US Treasury 3Y,3.68
2025-06-30,DGS5,US Treasury 5Y,3.79
2025-06-30,FSK,KKR BDC,20.75
2025-06-30,HYG,High Yield Bond ETF,80.6500015258789
2025-06-30,KKR,KKR,133.02999877929688
2025-06-30,OBDC,Blue Owl BDC,14.34000015258789
2025-06-30,OTF,Blue Owl Tech BDC,15.25
2025-06-30,OWL,Blue Owl,19.209999084472656
2025-06-30,^GSPC,US Equity Market,6204.9501953125
2025-07-01,APO,Apollo,141.6300048828125
2025-07-01,ARCC,Ares BDC,22.049999237060547
2025-07-01,ARES,Ares,174.72999572753906
2025-07-01,BAMLH0A0HYM2,ICE BofA US HY OAS,2.91
2025-07-01,BIZD,BDC Sector,15.920000076293944
2025-07-01,BX,Blackstone,152.77000427246094
2025-07-01,BXSL,Blackstone BDC,30.809999465942383
2025-07-01,DGS1,US Treasury 1Y,3.98
2025-07-01,DGS3,US Treasury 3Y,3.75
2025-07-01,DGS5,US Treasury 5Y,3.84
2025-07-01,FSK,KKR BDC,21.030000686645508
2025-07-01,HYG,High Yield Bond ETF,80.16999816894531
2025-07-01,KKR,KKR,132.4499969482422
2025-07-01,OBDC,Blue Owl BDC,14.390000343322754
2025-07-01,OTF,Blue Owl Tech BDC,15.5600004196167
2025-07-01,OWL,Blue Owl,19.21999931335449
2025-07-01,^GSPC,US Equity Market,6198.009765625
2025-07-02,APO,Apollo,142.77999877929688
2025-07-02,ARCC,Ares BDC,22.26000022888184
2025-07-02,ARES,Ares,177.97999572753906
2025-07-02,BAMLH0A0HYM2,ICE BofA US HY OAS,2.88
2025-07-02,BIZD,BDC Sector,16.040000915527344
2025-07-02,BX,Blackstone,153.55999755859375
2025-07-02,BXSL,Blackstone BDC,30.81999969482422
2025-07-02,DGS1,US Treasury 1Y,3.99
2025-07-02,DGS3,US Treasury 3Y,3.77
2025-07-02,DGS5,US Treasury 5Y,3.87
2025-07-02,FSK,KKR BDC,21.309999465942383
2025-07-02,HYG,High Yield Bond ETF,80.31999969482422
2025-07-02,KKR,KKR,134.52999877929688
2025-07-02,OBDC,Blue Owl BDC,14.489999771118164
2025-07-02,OTF,Blue Owl Tech BDC,15.489999771118164
2025-07-02,OWL,Blue Owl,19.39999961853028
2025-07-02,^GSPC,US Equity Market,6227.419921875
2025-07-03,APO,Apollo,144.47000122070312
2025-07-03,ARCC,Ares BDC,22.40999984741211
2025-07-03,ARES,Ares,177.9600067138672
2025-07-03,BAMLH0A0HYM2,ICE BofA US HY OAS,2.8
2025-07-03,BIZD,BDC Sector,16.219999313354492
2025-07-03,BX,Blackstone,155.1300048828125
2025-07-03,BXSL,Blackstone BDC,31.200000762939453
2025-07-03,DGS1,US Treasury 1Y,4.07
2025-07-03,DGS3,US Treasury 3Y,3.84
2025-07-03,DGS5,US Treasury 5Y,3.94
2025-07-03,FSK,KKR BDC,21.38999938964844
2025-07-03,HYG,High Yield Bond ETF,80.37000274658203
2025-07-03,KKR,KKR,138.60000610351562
2025-07-03,OBDC,Blue Owl BDC,14.630000114440918
2025-07-03,OTF,Blue Owl Tech BDC,15.630000114440918
2025-07-03,OWL,Blue Owl,19.56999969482422
2025-07-03,^GSPC,US Equity Market,6279.35009765625
2025-07-04,BAMLH0A0HYM2,ICE BofA US HY OAS,2.8
2025-07-07,APO,Apollo,141.52999877929688
2025-07-07,ARCC,Ares BDC,22.32999992370605
2025-07-07,ARES,Ares,174.86000061035156
2025-07-07,BAMLH0A0HYM2,ICE BofA US HY OAS,2.86
2025-07-07,BIZD,BDC Sector,16.1299991607666
2025-07-07,BX,Blackstone,152.99000549316406
2025-07-07,BXSL,Blackstone BDC,30.940000534057617
2025-07-07,DGS1,US Treasury 1Y,4.08
2025-07-07,DGS3,US Treasury 3Y,3.85
2025-07-07,DGS5,US Treasury 5Y,3.96
2025-07-07,FSK,KKR BDC,21.15999984741211
2025-07-07,HYG,High Yield Bond ETF,80.0999984741211
2025-07-07,KKR,KKR,135.5399932861328
2025-07-07,OBDC,Blue Owl BDC,14.420000076293944
2025-07-07,OTF,Blue Owl Tech BDC,15.4399995803833
2025-07-07,OWL,Blue Owl,19.309999465942383
2025-07-07,^GSPC,US Equity Market,6229.97998046875
2025-07-08,APO,Apollo,145.00999450683594
2025-07-08,ARCC,Ares BDC,22.420000076293945
2025-07-08,ARES,Ares,175.10000610351562
2025-07-08,BAMLH0A0HYM2,ICE BofA US HY OAS,2.92
2025-07-08,BIZD,BDC Sector,16.149999618530273
2025-07-08,BX,Blackstone,156.35000610351562
2025-07-08,BXSL,Blackstone BDC,31.040000915527344
2025-07-08,DGS1,US Treasury 1Y,4.11
2025-07-08,DGS3,US Treasury 3Y,3.86
2025-07-08,DGS5,US Treasury 5Y,3.99
2025-07-08,FSK,KKR BDC,21.190000534057617
2025-07-08,HYG,High Yield Bond ETF,79.98999786376953
2025-07-08,KKR,KKR,137.94000244140625
2025-07-08,OBDC,Blue Owl BDC,14.420000076293944
2025-07-08,OTF,Blue Owl Tech BDC,15.600000381469728
2025-07-08,OWL,Blue Owl,19.36000061035156
2025-07-08,^GSPC,US Equity Market,6225.52001953125
2025-07-09,APO,Apollo,146.64999389648438
2025-07-09,ARCC,Ares BDC,22.520000457763672
2025-07-09,ARES,Ares,176.97000122070312
2025-07-09,BAMLH0A0HYM2,ICE BofA US HY OAS,2.94
2025-07-09,BIZD,BDC Sector,16.170000076293945
2025-07-09,BX,Blackstone,158.67999267578125
2025-07-09,BXSL,Blackstone BDC,31.11000061035156
2025-07-09,DGS1,US Treasury 1Y,4.07
2025-07-09,DGS3,US Treasury 3Y,3.8
2025-07-09,DGS5,US Treasury 5Y,3.92
2025-07-09,FSK,KKR BDC,21.25
2025-07-09,HYG,High Yield Bond ETF,80.20999908447266
2025-07-09,KKR,KKR,139.22000122070312
2025-07-09,OBDC,Blue Owl BDC,14.399999618530272
2025-07-09,OTF,Blue Owl Tech BDC,15.75
2025-07-09,OWL,Blue Owl,19.440000534057617
2025-07-09,^GSPC,US Equity Market,6263.259765625
2025-07-10,APO,Apollo,148.2100067138672
2025-07-10,ARCC,Ares BDC,22.780000686645508
2025-07-10,ARES,Ares,180.1300048828125
2025-07-10,BAMLH0A0HYM2,ICE BofA US HY OAS,2.92
2025-07-10,BIZD,BDC Sector,16.350000381469727
2025-07-10,BX,Blackstone,164.05999755859375
2025-07-10,BXSL,Blackstone BDC,31.559999465942383
2025-07-10,DGS1,US Treasury 1Y,4.07
2025-07-10,DGS3,US Treasury 3Y,3.82
2025-07-10,DGS5,US Treasury 5Y,3.93
2025-07-10,FSK,KKR BDC,21.59000015258789
2025-07-10,HYG,High Yield Bond ETF,80.12999725341797
2025-07-10,KKR,KKR,143.0500030517578
2025-07-10,OBDC,Blue Owl BDC,14.619999885559082
2025-07-10,OTF,Blue Owl Tech BDC,15.609999656677246
2025-07-10,OWL,Blue Owl,19.600000381469727
2025-07-10,^GSPC,US Equity Market,6280.4599609375
2025-07-11,APO,Apollo,147.17999267578125
2025-07-11,ARCC,Ares BDC,22.84000015258789
2025-07-11,ARES,Ares,177.3699951171875
2025-07-11,BAMLH0A0HYM2,ICE BofA US HY OAS,2.97
2025-07-11,BIZD,BDC Sector,16.520000457763672
2025-07-11,BX,Blackstone,162.0
2025-07-11,BXSL,Blackstone BDC,31.700000762939453
2025-07-11,DGS1,US Treasury 1Y,4.09
2025-07-11,DGS3,US Treasury 3Y,3.86
2025-07-11,DGS5,US Treasury 5Y,3.99
2025-07-11,FSK,KKR BDC,21.780000686645508
2025-07-11,HYG,High Yield Bond ETF,80.02999877929688
2025-07-11,KKR,KKR,141.0500030517578
2025-07-11,OBDC,Blue Owl BDC,14.649999618530272
2025-07-11,OTF,Blue Owl Tech BDC,15.630000114440918
2025-07-11,OWL,Blue Owl,18.90999984741211
2025-07-11,^GSPC,US Equity Market,6259.75
2025-07-14,APO,Apollo,148.52999877929688
2025-07-14,ARCC,Ares BDC,22.86000061035156
2025-07-14,ARES,Ares,180.33999633789065
2025-07-14,BAMLH0A0HYM2,ICE BofA US HY OAS,2.95
2025-07-14,BIZD,BDC Sector,16.5
2025-07-14,BX,Blackstone,163.36000061035156
2025-07-14,BXSL,Blackstone BDC,31.88999938964844
2025-07-14,DGS1,US Treasury 1Y,4.08
2025-07-14,DGS3,US Treasury 3Y,3.86
2025-07-14,DGS5,US Treasury 5Y,3.98
2025-07-14,FSK,KKR BDC,21.809999465942383
2025-07-14,HYG,High Yield Bond ETF,80.08999633789062
2025-07-14,KKR,KKR,139.42999267578125
2025-07-14,OBDC,Blue Owl BDC,14.800000190734863
2025-07-14,OTF,Blue Owl Tech BDC,15.5600004196167
2025-07-14,OWL,Blue Owl,19.229999542236328
2025-07-14,^GSPC,US Equity Market,6268.56005859375
2025-07-15,APO,Apollo,145.72000122070312
2025-07-15,ARCC,Ares BDC,22.75
2025-07-15,ARES,Ares,174.49000549316406
2025-07-15,BAMLH0A0HYM2,ICE BofA US HY OAS,2.95
2025-07-15,BIZD,BDC Sector,16.479999542236328
2025-07-15,BX,Blackstone,159.8000030517578
2025-07-15,BXSL,Blackstone BDC,31.90999984741211
2025-07-15,DGS1,US Treasury 1Y,4.12
2025-07-15,DGS3,US Treasury 3Y,3.93
2025-07-15,DGS5,US Treasury 5Y,4.05
2025-07-15,FSK,KKR BDC,21.799999237060547
2025-07-15,HYG,High Yield Bond ETF,79.8499984741211
2025-07-15,KKR,KKR,137.2100067138672
2025-07-15,OBDC,Blue Owl BDC,14.789999961853027
2025-07-15,OTF,Blue Owl Tech BDC,15.5600004196167
2025-07-15,OWL,Blue Owl,18.809999465942383
2025-07-15,^GSPC,US Equity Market,6243.759765625
2025-07-16,APO,Apollo,152.7100067138672
2025-07-16,ARCC,Ares BDC,23.059999465942383
2025-07-16,ARES,Ares,179.9199981689453
2025-07-16,BAMLH0A0HYM2,ICE BofA US HY OAS,3.0
2025-07-16,BIZD,BDC Sector,16.639999389648438
2025-07-16,BX,Blackstone,165.9199981689453
2025-07-16,BXSL,Blackstone BDC,32.43000030517578
2025-07-16,DGS1,US Treasury 1Y,4.08
2025-07-16,DGS3,US Treasury 3Y,3.86
2025-07-16,DGS5,US Treasury 5Y,3.99
2025-07-16,FSK,KKR BDC,22.26000022888184
2025-07-16,HYG,High Yield Bond ETF,80.05999755859375
2025-07-16,KKR,KKR,143.0500030517578
2025-07-16,OBDC,Blue Owl BDC,14.949999809265137
2025-07-16,OTF,Blue Owl Tech BDC,15.579999923706056
2025-07-16,OWL,Blue Owl,20.18000030517578
2025-07-16,^GSPC,US Equity Market,6263.7001953125
2025-07-17,APO,Apollo,156.0500030517578
2025-07-17,ARCC,Ares BDC,23.25
2025-07-17,ARES,Ares,183.1699981689453
2025-07-17,BAMLH0A0HYM2,ICE BofA US HY OAS,2.91
2025-07-17,BIZD,BDC Sector,16.81999969482422
2025-07-17,BX,Blackstone,172.49000549316406
2025-07-17,BXSL,Blackstone BDC,32.45000076293945
2025-07-17,DGS1,US Treasury 1Y,4.1
2025-07-17,DGS3,US Treasury 3Y,3.89
2025-07-17,DGS5,US Treasury 5Y,4.01
2025-07-17,FSK,KKR BDC,22.479999542236328
2025-07-17,HYG,High Yield Bond ETF,80.13999938964844
2025-07-17,KKR,KKR,147.60000610351562
2025-07-17,OBDC,Blue Owl BDC,15.100000381469728
2025-07-17,OTF,Blue Owl Tech BDC,15.720000267028809
2025-07-17,OWL,Blue Owl,20.799999237060547
2025-07-17,^GSPC,US Equity Market,6297.35986328125
2025-07-18,APO,Apollo,152.0
2025-07-18,ARCC,Ares BDC,23.209999084472656
2025-07-18,ARES,Ares,183.1199951171875
2025-07-18,BAMLH0A0HYM2,ICE BofA US HY OAS,2.93
2025-07-18,BIZD,BDC Sector,16.75
2025-07-18,BX,Blackstone,168.72000122070312
2025-07-18,BXSL,Blackstone BDC,32.380001068115234
2025-07-18,DGS1,US Treasury 1Y,4.08
2025-07-18,DGS3,US Treasury 3Y,3.84
2025-07-18,DGS5,US Treasury 5Y,3.96
2025-07-18,FSK,KKR BDC,22.3700008392334
2025-07-18,HYG,High Yield Bond ETF,80.25
2025-07-18,KKR,KKR,145.97999572753906
2025-07-18,OBDC,Blue Owl BDC,15.09000015258789
2025-07-18,OTF,Blue Owl Tech BDC,15.630000114440918
2025-07-18,OWL,Blue Owl,20.61000061035156
2025-07-18,^GSPC,US Equity Market,6296.7900390625
2025-07-21,APO,Apollo,148.69000244140625
2025-07-21,ARCC,Ares BDC,22.81999969482422
2025-07-21,ARES,Ares,178.88999938964844
2025-07-21,BAMLH0A0HYM2,ICE BofA US HY OAS,2.89
2025-07-21,BIZD,BDC Sector,16.520000457763672
2025-07-21,BX,Blackstone,166.69000244140625
2025-07-21,BXSL,Blackstone BDC,31.959999084472656
2025-07-21,DGS1,US Treasury 1Y,4.06
2025-07-21,DGS3,US Treasury 3Y,3.81
2025-07-21,DGS5,US Treasury 5Y,3.91
2025-07-21,FSK,KKR BDC,22.040000915527344
2025-07-21,HYG,High Yield Bond ETF,80.36000061035156
2025-07-21,KKR,KKR,144.27999877929688
2025-07-21,OBDC,Blue Owl BDC,14.81999969482422
2025-07-21,OTF,Blue Owl Tech BDC,15.380000114440918
2025-07-21,OWL,Blue Owl,20.020000457763672
2025-07-21,^GSPC,US Equity Market,6305.60009765625
2025-07-22,APO,Apollo,149.64999389648438
2025-07-22,ARCC,Ares BDC,22.959999084472656
2025-07-22,ARES,Ares,178.25
2025-07-22,BAMLH0A0HYM2,ICE BofA US HY OAS,2.9
2025-07-22,BIZD,BDC Sector,16.610000610351562
2025-07-22,BX,Blackstone,169.3800048828125
2025-07-22,BXSL,Blackstone BDC,32.220001220703125
2025-07-22,DGS1,US Treasury 1Y,4.05
2025-07-22,DGS3,US Treasury 3Y,3.77
2025-07-22,DGS5,US Treasury 5Y,3.88
2025-07-22,FSK,KKR BDC,22.21999931335449
2025-07-22,HYG,High Yield Bond ETF,80.5
2025-07-22,KKR,KKR,144.97000122070312
2025-07-22,OBDC,Blue Owl BDC,14.880000114440918
2025-07-22,OTF,Blue Owl Tech BDC,15.399999618530272
2025-07-22,OWL,Blue Owl,19.950000762939453
2025-07-22,^GSPC,US Equity Market,6309.6201171875
2025-07-23,APO,Apollo,151.85000610351562
2025-07-23,ARCC,Ares BDC,23.06999969482422
2025-07-23,ARES,Ares,180.57000732421875
2025-07-23,BAMLH0A0HYM2,ICE BofA US HY OAS,2.83
2025-07-23,BIZD,BDC Sector,16.739999771118164
2025-07-23,BX,Blackstone,171.9600067138672
2025-07-23,BXSL,Blackstone BDC,32.54999923706055
2025-07-23,DGS1,US Treasury 1Y,4.08
2025-07-23,DGS3,US Treasury 3Y,3.84
2025-07-23,DGS5,US Treasury 5Y,3.94
2025-07-23,FSK,KKR BDC,22.36000061035156
2025-07-23,HYG,High Yield Bond ETF,80.54000091552734
2025-07-23,KKR,KKR,148.25999450683594
2025-07-23,OBDC,Blue Owl BDC,14.949999809265137
2025-07-23,OTF,Blue Owl Tech BDC,15.5600004196167
2025-07-23,OWL,Blue Owl,20.420000076293945
2025-07-23,^GSPC,US Equity Market,6358.91015625
2025-07-24,APO,Apollo,151.63999938964844
2025-07-24,ARCC,Ares BDC,23.030000686645508
2025-07-24,ARES,Ares,182.33999633789065
2025-07-24,BAMLH0A0HYM2,ICE BofA US HY OAS,2.82
2025-07-24,BIZD,BDC Sector,16.6299991607666
2025-07-24,BX,Blackstone,178.11000061035156
2025-07-24,BXSL,Blackstone BDC,32.439998626708984
2025-07-24,DGS1,US Treasury 1Y,4.1
2025-07-24,DGS3,US Treasury 3Y,3.87
2025-07-24,DGS5,US Treasury 5Y,3.98
2025-07-24,FSK,KKR BDC,22.270000457763672
2025-07-24,HYG,High Yield Bond ETF,80.44000244140625
2025-07-24,KKR,KKR,150.19000244140625
2025-07-24,OBDC,Blue Owl BDC,14.880000114440918
2025-07-24,OTF,Blue Owl Tech BDC,15.5
2025-07-24,OWL,Blue Owl,20.309999465942383
2025-07-24,^GSPC,US Equity Market,6363.35009765625
2025-07-25,APO,Apollo,151.1300048828125
2025-07-25,ARCC,Ares BDC,23.11000061035156
2025-07-25,ARES,Ares,186.22000122070312
2025-07-25,BAMLH0A0HYM2,ICE BofA US HY OAS,2.84
2025-07-25,BIZD,BDC Sector,16.68000030517578
2025-07-25,BX,Blackstone,178.10000610351562
2025-07-25,BXSL,Blackstone BDC,32.45000076293945
2025-07-25,DGS1,US Treasury 1Y,4.09
2025-07-25,DGS3,US Treasury 3Y,3.86
2025-07-25,DGS5,US Treasury 5Y,3.95
2025-07-25,FSK,KKR BDC,22.229999542236328
2025-07-25,HYG,High Yield Bond ETF,80.48999786376953
2025-07-25,KKR,KKR,152.16000366210938
2025-07-25,OBDC,Blue Owl BDC,14.850000381469728
2025-07-25,OTF,Blue Owl Tech BDC,15.579999923706056
2025-07-25,OWL,Blue Owl,20.020000457763672
2025-07-25,^GSPC,US Equity Market,6388.64013671875
2025-07-28,APO,Apollo,148.6999969482422
2025-07-28,ARCC,Ares BDC,22.700000762939453
2025-07-28,ARES,Ares,187.3600006103516
2025-07-28,BAMLH0A0HYM2,ICE BofA US HY OAS,2.82
2025-07-28,BIZD,BDC Sector,16.450000762939453
2025-07-28,BX,Blackstone,176.94000244140625
2025-07-28,BXSL,Blackstone BDC,31.96999931335449
2025-07-28,DGS1,US Treasury 1Y,4.09
2025-07-28,DGS3,US Treasury 3Y,3.87
2025-07-28,DGS5,US Treasury 5Y,3.96
2025-07-28,FSK,KKR BDC,21.82999992370605
2025-07-28,HYG,High Yield Bond ETF,80.44999694824219
2025-07-28,KKR,KKR,152.14999389648438
2025-07-28,OBDC,Blue Owl BDC,14.609999656677246
2025-07-28,OTF,Blue Owl Tech BDC,15.489999771118164
2025-07-28,OWL,Blue Owl,19.809999465942383
2025-07-28,^GSPC,US Equity Market,6389.77001953125
2025-07-29,APO,Apollo,147.82000732421875
2025-07-29,ARCC,Ares BDC,22.540000915527344
2025-07-29,ARES,Ares,187.92999267578125
2025-07-29,BAMLH0A0HYM2,ICE BofA US HY OAS,2.86
2025-07-29,BIZD,BDC Sector,16.31999969482422
2025-07-29,BX,Blackstone,177.0399932861328
2025-07-29,BXSL,Blackstone BDC,31.950000762939453
2025-07-29,DGS1,US Treasury 1Y,4.07
2025-07-29,DGS3,US Treasury 3Y,3.82
2025-07-29,DGS5,US Treasury 5Y,3.9
2025-07-29,FSK,KKR BDC,21.6299991607666
2025-07-29,HYG,High Yield Bond ETF,80.5
2025-07-29,KKR,KKR,151.0
2025-07-29,OBDC,Blue Owl BDC,14.550000190734863
2025-07-29,OTF,Blue Owl Tech BDC,15.25
2025-07-29,OWL,Blue Owl,19.850000381469727
2025-07-29,^GSPC,US Equity Market,6370.85986328125
2025-07-30,APO,Apollo,145.4600067138672
2025-07-30,ARCC,Ares BDC,22.6299991607666
2025-07-30,ARES,Ares,187.72999572753903
2025-07-30,BAMLH0A0HYM2,ICE BofA US HY OAS,2.89
2025-07-30,BIZD,BDC Sector,16.200000762939453
2025-07-30,BX,Blackstone,175.33999633789062
2025-07-30,BXSL,Blackstone BDC,31.790000915527344
2025-07-30,DGS1,US Treasury 1Y,4.12
2025-07-30,DGS3,US Treasury 3Y,3.89
2025-07-30,DGS5,US Treasury 5Y,3.96
2025-07-30,FSK,KKR BDC,21.31999969482422
2025-07-30,HYG,High Yield Bond ETF,80.33000183105469
2025-07-30,KKR,KKR,150.42999267578125
2025-07-30,OBDC,Blue Owl BDC,14.40999984741211
2025-07-30,OTF,Blue Owl Tech BDC,15.300000190734863
2025-07-30,OWL,Blue Owl,19.51000022888184
2025-07-30,^GSPC,US Equity Market,6362.89990234375
2025-07-31,APO,Apollo,145.32000732421875
2025-07-31,ARCC,Ares BDC,22.6299991607666
2025-07-31,ARES,Ares,185.52999877929688
2025-07-31,BAMLH0A0HYM2,ICE BofA US HY OAS,2.86
2025-07-31,BIZD,BDC Sector,16.18000030517578
2025-07-31,BX,Blackstone,172.9600067138672
2025-07-31,BXSL,Blackstone BDC,31.549999237060547
2025-07-31,DGS1,US Treasury 1Y,4.1
2025-07-31,DGS3,US Treasury 3Y,3.89
2025-07-31,DGS5,US Treasury 5Y,3.96
2025-07-31,FSK,KKR BDC,20.90999984741211
2025-07-31,HYG,High Yield Bond ETF,80.37999725341797
2025-07-31,KKR,KKR,146.5800018310547
2025-07-31,OBDC,Blue Owl BDC,14.279999732971191
2025-07-31,OTF,Blue Owl Tech BDC,15.010000228881836
2025-07-31,OWL,Blue Owl,19.350000381469727
2025-07-31,^GSPC,US Equity Market,6339.39013671875
2025-08-01,APO,Apollo,138.2899932861328
2025-08-01,ARCC,Ares BDC,22.38999938964844
2025-08-01,ARES,Ares,182.8300018310547
2025-08-01,BAMLH0A0HYM2,ICE BofA US HY OAS,3.13
2025-08-01,BIZD,BDC Sector,15.970000267028809
2025-08-01,BX,Blackstone,170.39999389648438
2025-08-01,BXSL,Blackstone BDC,31.190000534057617
2025-08-01,DGS1,US Treasury 1Y,3.87
2025-08-01,DGS3,US Treasury 3Y,3.67
2025-08-01,DGS5,US Treasury 5Y,3.77
2025-08-01,FSK,KKR BDC,20.5
2025-08-01,HYG,High Yield Bond ETF,79.9800033569336
2025-08-01,KKR,KKR,142.5500030517578
2025-08-01,OBDC,Blue Owl BDC,14.079999923706056
2025-08-01,OTF,Blue Owl Tech BDC,15.109999656677246
2025-08-01,OWL,Blue Owl,18.84000015258789
2025-08-01,^GSPC,US Equity Market,6238.009765625
2025-08-04,APO,Apollo,142.02000427246094
2025-08-04,ARCC,Ares BDC,22.39999961853028
2025-08-04,ARES,Ares,188.5500030517578
2025-08-04,BAMLH0A0HYM2,ICE BofA US HY OAS,3.02
2025-08-04,BIZD,BDC Sector,15.9399995803833
2025-08-04,BX,Blackstone,170.5
2025-08-04,BXSL,Blackstone BDC,31.059999465942383
2025-08-04,DGS1,US Treasury 1Y,3.82
2025-08-04,DGS3,US Treasury 3Y,3.66
2025-08-04,DGS5,US Treasury 5Y,3.75
2025-08-04,FSK,KKR BDC,20.07999992370605
2025-08-04,HYG,High Yield Bond ETF,80.25
2025-08-04,KKR,KKR,145.1300048828125
2025-08-04,OBDC,Blue Owl BDC,14.09000015258789
2025-08-04,OTF,Blue Owl Tech BDC,14.970000267028809
2025-08-04,OWL,Blue Owl,19.350000381469727
2025-08-04,^GSPC,US Equity Market,6329.93994140625
2025-08-05,APO,Apollo,145.5399932861328
2025-08-05,ARCC,Ares BDC,22.479999542236328
2025-08-05,ARES,Ares,187.97999572753903
2025-08-05,BAMLH0A0HYM2,ICE BofA US HY OAS,2.98
2025-08-05,BIZD,BDC Sector,16.030000686645508
2025-08-05,BX,Blackstone,167.67999267578125
2025-08-05,BXSL,Blackstone BDC,31.15999984741211
2025-08-05,DGS1,US Treasury 1Y,3.92
2025-08-05,DGS3,US Treasury 3Y,3.63
2025-08-05,DGS5,US Treasury 5Y,3.77
2025-08-05,FSK,KKR BDC,20.13999938964844
2025-08-05,HYG,High Yield Bond ETF,80.20999908447266
2025-08-05,KKR,KKR,142.66000366210938
2025-08-05,OBDC,Blue Owl BDC,14.1899995803833
2025-08-05,OTF,Blue Owl Tech BDC,14.949999809265137
2025-08-05,OWL,Blue Owl,19.350000381469727
2025-08-05,^GSPC,US Equity Market,6299.18994140625
2025-08-06,APO,Apollo,145.8699951171875
2025-08-06,ARCC,Ares BDC,22.450000762939453
2025-08-06,ARES,Ares,189.2899932861328
2025-08-06,BAMLH0A0HYM2,ICE BofA US HY OAS,2.98
2025-08-06,BIZD,BDC Sector,15.960000038146973
2025-08-06,BX,Blackstone,169.35000610351562
2025-08-06,BXSL,Blackstone BDC,30.190000534057617
2025-08-06,DGS1,US Treasury 1Y,3.9
2025-08-06,DGS3,US Treasury 3Y,3.63
2025-08-06,DGS5,US Treasury 5Y,3.77
2025-08-06,FSK,KKR BDC,20.239999771118164
2025-08-06,HYG,High Yield Bond ETF,80.29000091552734
2025-08-06,KKR,KKR,144.55999755859375
2025-08-06,OBDC,Blue Owl BDC,14.109999656677246
2025-08-06,OTF,Blue Owl Tech BDC,14.960000038146973
2025-08-06,OWL,Blue Owl,19.540000915527344
2025-08-06,^GSPC,US Equity Market,6345.06005859375
2025-08-07,APO,Apollo,141.11000061035156
2025-08-07,ARCC,Ares BDC,22.38999938964844
2025-08-07,ARES,Ares,186.9499969482422
2025-08-07,BAMLH0A0HYM2,ICE BofA US HY OAS,2.95
2025-08-07,BIZD,BDC Sector,15.850000381469728
2025-08-07,BX,Blackstone,167.63999938964844
2025-08-07,BXSL,Blackstone BDC,30.1200008392334
2025-08-07,DGS1,US Treasury 1Y,3.92
2025-08-07,DGS3,US Treasury 3Y,3.66
2025-08-07,DGS5,US Treasury 5Y,3.79
2025-08-07,FSK,KKR BDC,18.57999992370605
2025-08-07,HYG,High Yield Bond ETF,80.20999908447266
2025-08-07,KKR,KKR,142.19000244140625
2025-08-07,OBDC,Blue Owl BDC,14.079999923706056
2025-08-07,OTF,Blue Owl Tech BDC,14.859999656677246
2025-08-07,OWL,Blue Owl,18.940000534057617
2025-08-07,^GSPC,US Equity Market,6340.0
2025-08-08,APO,Apollo,141.97000122070312
2025-08-08,ARCC,Ares BDC,22.559999465942383
2025-08-08,ARES,Ares,188.42999267578125
2025-08-08,BAMLH0A0HYM2,ICE BofA US HY OAS,2.94
2025-08-08,BIZD,BDC Sector,15.960000038146973
2025-08-08,BX,Blackstone,168.91000366210938
2025-08-08,BXSL,Blackstone BDC,30.540000915527344
2025-08-08,DGS1,US Treasury 1Y,3.93
2025-08-08,DGS3,US Treasury 3Y,3.7
2025-08-08,DGS5,US Treasury 5Y,3.84
2025-08-08,FSK,KKR BDC,17.889999389648438
2025-08-08,HYG,High Yield Bond ETF,80.22000122070312
2025-08-08,KKR,KKR,142.6699981689453
2025-08-08,OBDC,Blue Owl BDC,14.170000076293944
2025-08-08,OTF,Blue Owl Tech BDC,14.859999656677246
2025-08-08,OWL,Blue Owl,19.75
2025-08-08,^GSPC,US Equity Market,6389.4501953125
2025-08-11,APO,Apollo,142.1199951171875
2025-08-11,ARCC,Ares BDC,22.450000762939453
2025-08-11,ARES,Ares,186.5500030517578
2025-08-11,BAMLH0A0HYM2,ICE BofA US HY OAS,2.94
2025-08-11,BIZD,BDC Sector,15.9399995803833
2025-08-11,BX,Blackstone,170.07000732421875
2025-08-11,BXSL,Blackstone BDC,30.34000015258789
2025-08-11,DGS1,US Treasury 1Y,3.93
2025-08-11,DGS3,US Treasury 3Y,3.71
2025-08-11,DGS5,US Treasury 5Y,3.83
2025-08-11,FSK,KKR BDC,17.549999237060547
2025-08-11,HYG,High Yield Bond ETF,80.22000122070312
2025-08-11,KKR,KKR,141.57000732421875
2025-08-11,OBDC,Blue Owl BDC,14.09000015258789
2025-08-11,OTF,Blue Owl Tech BDC,14.420000076293944
2025-08-11,OWL,Blue Owl,19.75
2025-08-11,^GSPC,US Equity Market,6373.4501953125
2025-08-12,APO,Apollo,144.60000610351562
2025-08-12,ARCC,Ares BDC,22.46999931335449
2025-08-12,ARES,Ares,192.759994506836
2025-08-12,BAMLH0A0HYM2,ICE BofA US HY OAS,2.93
2025-08-12,BIZD,BDC Sector,16.0
2025-08-12,BX,Blackstone,173.74000549316406
2025-08-12,BXSL,Blackstone BDC,30.1299991607666
2025-08-12,DGS1,US Treasury 1Y,3.9
2025-08-12,DGS3,US Treasury 3Y,3.69
2025-08-12,DGS5,US Treasury 5Y,3.83
2025-08-12,FSK,KKR BDC,17.719999313354492
2025-08-12,HYG,High Yield Bond ETF,80.4000015258789
2025-08-12,KKR,KKR,147.24000549316406
2025-08-12,OBDC,Blue Owl BDC,14.279999732971191
2025-08-12,OTF,Blue Owl Tech BDC,14.420000076293944
2025-08-12,OWL,Blue Owl,20.31999969482422
2025-08-12,^GSPC,US Equity Market,6445.759765625
2025-08-13,APO,Apollo,140.9499969482422
2025-08-13,ARCC,Ares BDC,22.690000534057617
2025-08-13,ARES,Ares,190.94000244140625
2025-08-13,BAMLH0A0HYM2,ICE BofA US HY OAS,2.9
2025-08-13,BIZD,BDC Sector,16.149999618530273
2025-08-13,BX,Blackstone,176.6199951171875
2025-08-13,BXSL,Blackstone BDC,30.15999984741211
2025-08-13,DGS1,US Treasury 1Y,3.86
2025-08-13,DGS3,US Treasury 3Y,3.64
2025-08-13,DGS5,US Treasury 5Y,3.77
2025-08-13,FSK,KKR BDC,17.899999618530273
2025-08-13,HYG,High Yield Bond ETF,80.61000061035156
2025-08-13,KKR,KKR,147.4600067138672
2025-08-13,OBDC,Blue Owl BDC,14.380000114440918
2025-08-13,OTF,Blue Owl Tech BDC,14.75
2025-08-13,OWL,Blue Owl,20.040000915527344
2025-08-13,^GSPC,US Equity Market,6466.580078125
2025-08-14,APO,Apollo,140.67999267578125
2025-08-14,ARCC,Ares BDC,22.65999984741211
2025-08-14,ARES,Ares,190.4499969482422
2025-08-14,BAMLH0A0HYM2,ICE BofA US HY OAS,2.89
2025-08-14,BIZD,BDC Sector,16.09000015258789
2025-08-14,BX,Blackstone,174.67999267578125
2025-08-14,BXSL,Blackstone BDC,29.950000762939453
2025-08-14,DGS1,US Treasury 1Y,3.91
2025-08-14,DGS3,US Treasury 3Y,3.7
2025-08-14,DGS5,US Treasury 5Y,3.82
2025-08-14,FSK,KKR BDC,17.639999389648438
2025-08-14,HYG,High Yield Bond ETF,80.4000015258789
2025-08-14,KKR,KKR,146.05999755859375
2025-08-14,OBDC,Blue Owl BDC,14.300000190734863
2025-08-14,OTF,Blue Owl Tech BDC,14.470000267028809
2025-08-14,OWL,Blue Owl,19.65999984741211
2025-08-14,^GSPC,US Equity Market,6468.5400390625
2025-08-15,APO,Apollo,139.38999938964844
2025-08-15,ARCC,Ares BDC,22.40999984741211
2025-08-15,ARES,Ares,187.77999877929688
2025-08-15,BAMLH0A0HYM2,ICE BofA US HY OAS,2.88
2025-08-15,BIZD,BDC Sector,15.899999618530272
2025-08-15,BX,Blackstone,171.6199951171875
2025-08-15,BXSL,Blackstone BDC,29.799999237060547
2025-08-15,DGS1,US Treasury 1Y,3.93
2025-08-15,DGS3,US Treasury 3Y,3.73
2025-08-15,DGS5,US Treasury 5Y,3.85
2025-08-15,FSK,KKR BDC,17.489999771118164
2025-08-15,HYG,High Yield Bond ETF,80.45999908447266
2025-08-15,KKR,KKR,142.27999877929688
2025-08-15,OBDC,Blue Owl BDC,14.130000114440918
2025-08-15,OTF,Blue Owl Tech BDC,14.68000030517578
2025-08-15,OWL,Blue Owl,19.040000915527344
2025-08-15,^GSPC,US Equity Market,6449.7998046875
2025-08-18,APO,Apollo,139.38999938964844
2025-08-18,ARCC,Ares BDC,22.40999984741211
2025-08-18,ARES,Ares,189.2700042724609
2025-08-18,BAMLH0A0HYM2,ICE BofA US HY OAS,2.88
2025-08-18,BIZD,BDC Sector,15.93000030517578
2025-08-18,BX,Blackstone,169.22000122070312
2025-08-18,BXSL,Blackstone BDC,29.89999961853028
2025-08-18,DGS1,US Treasury 1Y,3.93
2025-08-18,DGS3,US Treasury 3Y,3.73
2025-08-18,DGS5,US Treasury 5Y,3.86
2025-08-18,FSK,KKR BDC,17.420000076293945
2025-08-18,HYG,High Yield Bond ETF,80.4000015258789
2025-08-18,KKR,KKR,141.1999969482422
2025-08-18,OBDC,Blue Owl BDC,14.15999984741211
2025-08-18,OTF,Blue Owl Tech BDC,14.869999885559082
2025-08-18,OWL,Blue Owl,19.170000076293945
2025-08-18,^GSPC,US Equity Market,6449.14990234375
2025-08-19,APO,Apollo,137.0800018310547
2025-08-19,ARCC,Ares BDC,22.38999938964844
2025-08-19,ARES,Ares,180.58999633789065
2025-08-19,BAMLH0A0HYM2,ICE BofA US HY OAS,2.9
2025-08-19,BIZD,BDC Sector,15.9399995803833
2025-08-19,BX,Blackstone,167.2899932861328
2025-08-19,BXSL,Blackstone BDC,30.07999992370605
2025-08-19,DGS1,US Treasury 1Y,3.91
2025-08-19,DGS3,US Treasury 3Y,3.7
2025-08-19,DGS5,US Treasury 5Y,3.82
2025-08-19,FSK,KKR BDC,17.549999237060547
2025-08-19,HYG,High Yield Bond ETF,80.37999725341797
2025-08-19,KKR,KKR,138.9499969482422
2025-08-19,OBDC,Blue Owl BDC,14.1899995803833
2025-08-19,OTF,Blue Owl Tech BDC,14.869999885559082
2025-08-19,OWL,Blue Owl,18.82999992370605
2025-08-19,^GSPC,US Equity Market,6411.3701171875
2025-08-20,APO,Apollo,135.33999633789062
2025-08-20,ARCC,Ares BDC,22.290000915527344
2025-08-20,ARES,Ares,178.92999267578125
2025-08-20,BAMLH0A0HYM2,ICE BofA US HY OAS,2.94
2025-08-20,BIZD,BDC Sector,15.9399995803833
2025-08-20,BX,Blackstone,164.47000122070312
2025-08-20,BXSL,Blackstone BDC,29.950000762939453
2025-08-20,DGS1,US Treasury 1Y,3.9
2025-08-20,DGS3,US Treasury 3Y,3.69
2025-08-20,DGS5,US Treasury 5Y,3.81
2025-08-20,FSK,KKR BDC,17.75
2025-08-20,HYG,High Yield Bond ETF,80.3499984741211
2025-08-20,KKR,KKR,138.08999633789062
2025-08-20,OBDC,Blue Owl BDC,14.149999618530272
2025-08-20,OTF,Blue Owl Tech BDC,14.630000114440918
2025-08-20,OWL,Blue Owl,18.56999969482422
2025-08-20,^GSPC,US Equity Market,6395.77978515625
2025-08-21,APO,Apollo,134.00999450683594
2025-08-21,ARCC,Ares BDC,22.26000022888184
2025-08-21,ARES,Ares,178.25999450683594
2025-08-21,BAMLH0A0HYM2,ICE BofA US HY OAS,2.95
2025-08-21,BIZD,BDC Sector,15.850000381469728
2025-08-21,BX,Blackstone,163.44000244140625
2025-08-21,BXSL,Blackstone BDC,29.8700008392334
2025-08-21,DGS1,US Treasury 1Y,3.95
2025-08-21,DGS3,US Treasury 3Y,3.75
2025-08-21,DGS5,US Treasury 5Y,3.86
2025-08-21,FSK,KKR BDC,17.719999313354492
2025-08-21,HYG,High Yield Bond ETF,80.19999694824219
2025-08-21,KKR,KKR,137.83999633789062
2025-08-21,OBDC,Blue Owl BDC,14.06999969482422
2025-08-21,OTF,Blue Owl Tech BDC,14.729999542236328
2025-08-21,OWL,Blue Owl,18.559999465942383
2025-08-21,^GSPC,US Equity Market,6370.169921875
2025-08-22,APO,Apollo,134.1999969482422
2025-08-22,ARCC,Ares BDC,22.31999969482422
2025-08-22,ARES,Ares,181.07000732421875
2025-08-22,BAMLH0A0HYM2,ICE BofA US HY OAS,2.88
2025-08-22,BIZD,BDC Sector,15.9399995803833
2025-08-22,BX,Blackstone,170.5
2025-08-22,BXSL,Blackstone BDC,29.979999542236328
2025-08-22,DGS1,US Treasury 1Y,3.87
2025-08-22,DGS3,US Treasury 3Y,3.64
2025-08-22,DGS5,US Treasury 5Y,3.76
2025-08-22,FSK,KKR BDC,18.07999992370605
2025-08-22,HYG,High Yield Bond ETF,80.8499984741211
2025-08-22,KKR,KKR,141.77000427246094
2025-08-22,OBDC,Blue Owl BDC,14.260000228881836
2025-08-22,OTF,Blue Owl Tech BDC,14.859999656677246
2025-08-22,OWL,Blue Owl,18.799999237060547
2025-08-22,^GSPC,US Equity Market,6466.91015625
2025-08-25,APO,Apollo,133.88999938964844
2025-08-25,ARCC,Ares BDC,22.07999992370605
2025-08-25,ARES,Ares,178.1300048828125
2025-08-25,BAMLH0A0HYM2,ICE BofA US HY OAS,2.8
2025-08-25,BIZD,BDC Sector,15.81999969482422
2025-08-25,BX,Blackstone,169.5
2025-08-25,BXSL,Blackstone BDC,29.59000015258789
2025-08-25,DGS1,US Treasury 1Y,3.88
2025-08-25,DGS3,US Treasury 3Y,3.68
2025-08-25,DGS5,US Treasury 5Y,3.8
2025-08-25,FSK,KKR BDC,17.8799991607666
2025-08-25,HYG,High Yield Bond ETF,80.69000244140625
2025-08-25,KKR,KKR,138.7100067138672
2025-08-25,OBDC,Blue Owl BDC,14.109999656677246
2025-08-25,OTF,Blue Owl Tech BDC,14.93000030517578
2025-08-25,OWL,Blue Owl,18.600000381469727
2025-08-25,^GSPC,US Equity Market,6439.31982421875
2025-08-26,APO,Apollo,134.39999389648438
2025-08-26,ARCC,Ares BDC,22.25
2025-08-26,ARES,Ares,178.92999267578125
2025-08-26,BAMLH0A0HYM2,ICE BofA US HY OAS,2.78
2025-08-26,BIZD,BDC Sector,15.920000076293944
2025-08-26,BX,Blackstone,171.42999267578125
2025-08-26,BXSL,Blackstone BDC,30.030000686645508
2025-08-26,DGS1,US Treasury 1Y,3.85
2025-08-26,DGS3,US Treasury 3Y,3.63
2025-08-26,DGS5,US Treasury 5Y,3.75
2025-08-26,FSK,KKR BDC,17.93000030517578
2025-08-26,HYG,High Yield Bond ETF,80.87000274658203
2025-08-26,KKR,KKR,140.0800018310547
2025-08-26,OBDC,Blue Owl BDC,14.170000076293944
2025-08-26,OTF,Blue Owl Tech BDC,14.9399995803833
2025-08-26,OWL,Blue Owl,18.670000076293945
2025-08-26,^GSPC,US Equity Market,6465.93994140625
2025-08-27,APO,Apollo,135.72000122070312
2025-08-27,ARCC,Ares BDC,22.309999465942383
2025-08-27,ARES,Ares,179.50999450683594
2025-08-27,BAMLH0A0HYM2,ICE BofA US HY OAS,2.78
2025-08-27,BIZD,BDC Sector,15.979999542236328
2025-08-27,BX,Blackstone,171.63999938964844
2025-08-27,BXSL,Blackstone BDC,29.84000015258789
2025-08-27,DGS1,US Treasury 1Y,3.83
2025-08-27,DGS3,US Treasury 3Y,3.59
2025-08-27,DGS5,US Treasury 5Y,3.69
2025-08-27,FSK,KKR BDC,18.020000457763672
2025-08-27,HYG,High Yield Bond ETF,80.97000122070312
2025-08-27,KKR,KKR,140.47000122070312
2025-08-27,OBDC,Blue Owl BDC,14.210000038146973
2025-08-27,OTF,Blue Owl Tech BDC,15.050000190734863
2025-08-27,OWL,Blue Owl,18.59000015258789
2025-08-27,^GSPC,US Equity Market,6481.39990234375
2025-08-28,APO,Apollo,136.38999938964844
2025-08-28,ARCC,Ares BDC,22.25
2025-08-28,ARES,Ares,180.2700042724609
2025-08-28,BAMLH0A0HYM2,ICE BofA US HY OAS,2.75
2025-08-28,BIZD,BDC Sector,16.030000686645508
2025-08-28,BX,Blackstone,172.02000427246094
2025-08-28,BXSL,Blackstone BDC,29.799999237060547
2025-08-28,DGS1,US Treasury 1Y,3.85
2025-08-28,DGS3,US Treasury 3Y,3.6
2025-08-28,DGS5,US Treasury 5Y,3.69
2025-08-28,FSK,KKR BDC,17.989999771118164
2025-08-28,HYG,High Yield Bond ETF,81.01000213623047
2025-08-28,KKR,KKR,140.08999633789062
2025-08-28,OBDC,Blue Owl BDC,14.220000267028809
2025-08-28,OTF,Blue Owl Tech BDC,14.869999885559082
2025-08-28,OWL,Blue Owl,18.690000534057617
2025-08-28,^GSPC,US Equity Market,6501.85986328125
2025-08-29,APO,Apollo,136.22999572753906
2025-08-29,ARCC,Ares BDC,22.39999961853028
2025-08-29,ARES,Ares,179.1999969482422
2025-08-29,BAMLH0A0HYM2,ICE BofA US HY OAS,2.82
2025-08-29,BIZD,BDC Sector,16.100000381469727
2025-08-29,BX,Blackstone,171.39999389648438
2025-08-29,BXSL,Blackstone BDC,29.96999931335449
2025-08-29,DGS1,US Treasury 1Y,3.83
2025-08-29,DGS3,US Treasury 3Y,3.58
2025-08-29,DGS5,US Treasury 5Y,3.68
2025-08-29,FSK,KKR BDC,18.239999771118164
2025-08-29,HYG,High Yield Bond ETF,80.86000061035156
2025-08-29,KKR,KKR,139.49000549316406
2025-08-29,OBDC,Blue Owl BDC,14.34000015258789
2025-08-29,OTF,Blue Owl Tech BDC,14.899999618530272
2025-08-29,OWL,Blue Owl,18.520000457763672
2025-08-29,^GSPC,US Equity Market,6460.259765625
2025-08-31,BAMLH0A0HYM2,ICE BofA US HY OAS,2.84
2025-09-01,BAMLH0A0HYM2,ICE BofA US HY OAS,2.84
2025-09-02,APO,Apollo,135.83999633789062
2025-09-02,ARCC,Ares BDC,22.31999969482422
2025-09-02,ARES,Ares,179.77999877929688
2025-09-02,BAMLH0A0HYM2,ICE BofA US HY OAS,2.92
2025-09-02,BIZD,BDC Sector,16.030000686645508
2025-09-02,BX,Blackstone,169.5500030517578
2025-09-02,BXSL,Blackstone BDC,29.59000015258789
2025-09-02,DGS1,US Treasury 1Y,3.82
2025-09-02,DGS3,US Treasury 3Y,3.63
2025-09-02,DGS5,US Treasury 5Y,3.74
2025-09-02,FSK,KKR BDC,18.100000381469727
2025-09-02,HYG,High Yield Bond ETF,80.38999938964844
2025-09-02,KKR,KKR,138.74000549316406
2025-09-02,OBDC,Blue Owl BDC,14.229999542236328
2025-09-02,OTF,Blue Owl Tech BDC,14.699999809265137
2025-09-02,OWL,Blue Owl,18.440000534057617
2025-09-02,^GSPC,US Equity Market,6415.5400390625
2025-09-03,APO,Apollo,132.6300048828125
2025-09-03,ARCC,Ares BDC,22.31999969482422
2025-09-03,ARES,Ares,176.82000732421875
2025-09-03,BAMLH0A0HYM2,ICE BofA US HY OAS,2.88
2025-09-03,BIZD,BDC Sector,15.960000038146973
2025-09-03,BX,Blackstone,167.33999633789062
2025-09-03,BXSL,Blackstone BDC,29.39999961853028
2025-09-03,DGS1,US Treasury 1Y,3.77
2025-09-03,DGS3,US Treasury 3Y,3.58
2025-09-03,DGS5,US Treasury 5Y,3.69
2025-09-03,FSK,KKR BDC,18.059999465942383
2025-09-03,HYG,High Yield Bond ETF,80.61000061035156
2025-09-03,KKR,KKR,134.8300018310547
2025-09-03,OBDC,Blue Owl BDC,14.220000267028809
2025-09-03,OTF,Blue Owl Tech BDC,14.670000076293944
2025-09-03,OWL,Blue Owl,17.90999984741211
2025-09-03,^GSPC,US Equity Market,6448.259765625
2025-09-04,APO,Apollo,134.75999450683594
2025-09-04,ARCC,Ares BDC,22.3700008392334
2025-09-04,ARES,Ares,180.0500030517578
2025-09-04,BAMLH0A0HYM2,ICE BofA US HY OAS,2.84
2025-09-04,BIZD,BDC Sector,16.049999237060547
2025-09-04,BX,Blackstone,169.89999389648438
2025-09-04,BXSL,Blackstone BDC,29.5
2025-09-04,DGS1,US Treasury 1Y,3.76
2025-09-04,DGS3,US Treasury 3Y,3.55
2025-09-04,DGS5,US Treasury 5Y,3.65
2025-09-04,FSK,KKR BDC,18.030000686645508
2025-09-04,HYG,High Yield Bond ETF,80.83000183105469
2025-09-04,KKR,KKR,137.35000610351562
2025-09-04,OBDC,Blue Owl BDC,14.359999656677246
2025-09-04,OTF,Blue Owl Tech BDC,14.630000114440918
2025-09-04,OWL,Blue Owl,18.049999237060547
2025-09-04,^GSPC,US Equity Market,6502.080078125
2025-09-05,APO,Apollo,131.5500030517578
2025-09-05,ARCC,Ares BDC,22.440000534057617
2025-09-05,ARES,Ares,177.30999755859375
2025-09-05,BAMLH0A0HYM2,ICE BofA US HY OAS,2.83
2025-09-05,BIZD,BDC Sector,16.020000457763672
2025-09-05,BX,Blackstone,169.99000549316406
2025-09-05,BXSL,Blackstone BDC,29.270000457763672
2025-09-05,DGS1,US Treasury 1Y,3.65
2025-09-05,DGS3,US Treasury 3Y,3.48
2025-09-05,DGS5,US Treasury 5Y,3.59
2025-09-05,FSK,KKR BDC,18.1299991607666
2025-09-05,HYG,High Yield Bond ETF,80.87000274658203
2025-09-05,KKR,KKR,135.52999877929688
2025-09-05,OBDC,Blue Owl BDC,14.34000015258789
2025-09-05,OTF,Blue Owl Tech BDC,14.710000038146973
2025-09-05,OWL,Blue Owl,17.790000915527344
2025-09-05,^GSPC,US Equity Market,6481.5
2025-09-08,APO,Apollo,134.44000244140625
2025-09-08,ARCC,Ares BDC,22.489999771118164
2025-09-08,ARES,Ares,176.25
2025-09-08,BAMLH0A0HYM2,ICE BofA US HY OAS,2.84
2025-09-08,BIZD,BDC Sector,16.040000915527344
2025-09-08,BX,Blackstone,173.3000030517578
2025-09-08,BXSL,Blackstone BDC,29.15999984741211
2025-09-08,DGS1,US Treasury 1Y,3.64
2025-09-08,DGS3,US Treasury 3Y,3.47
2025-09-08,DGS5,US Treasury 5Y,3.57
2025-09-08,FSK,KKR BDC,18.11000061035156
2025-09-08,HYG,High Yield Bond ETF,80.87000274658203
2025-09-08,KKR,KKR,138.69000244140625
2025-09-08,OBDC,Blue Owl BDC,14.3100004196167
2025-09-08,OTF,Blue Owl Tech BDC,14.899999618530272
2025-09-08,OWL,Blue Owl,18.020000457763672
2025-09-08,^GSPC,US Equity Market,6495.14990234375
2025-09-09,APO,Apollo,134.4199981689453
2025-09-09,ARCC,Ares BDC,22.239999771118164
2025-09-09,ARES,Ares,175.07000732421875
2025-09-09,BAMLH0A0HYM2,ICE BofA US HY OAS,2.87
2025-09-09,BIZD,BDC Sector,15.93000030517578
2025-09-09,BX,Blackstone,173.1699981689453
2025-09-09,BXSL,Blackstone BDC,28.989999771118164
2025-09-09,DGS1,US Treasury 1Y,3.68
2025-09-09,DGS3,US Treasury 3Y,3.48
2025-09-09,DGS5,US Treasury 5Y,3.61
2025-09-09,FSK,KKR BDC,17.850000381469727
2025-09-09,HYG,High Yield Bond ETF,80.77999877929688
2025-09-09,KKR,KKR,137.38999938964844
2025-09-09,OBDC,Blue Owl BDC,14.18000030517578
2025-09-09,OTF,Blue Owl Tech BDC,14.899999618530272
2025-09-09,OWL,Blue Owl,17.780000686645508
2025-09-09,^GSPC,US Equity Market,6512.60986328125
2025-09-10,APO,Apollo,133.63999938964844
2025-09-10,ARCC,Ares BDC,22.350000381469727
2025-09-10,ARES,Ares,178.92999267578125
2025-09-10,BAMLH0A0HYM2,ICE BofA US HY OAS,2.84
2025-09-10,BIZD,BDC Sector,15.880000114440918
2025-09-10,BX,Blackstone,178.22999572753906
2025-09-10,BXSL,Blackstone BDC,28.770000457763672
2025-09-10,DGS1,US Treasury 1Y,3.66
2025-09-10,DGS3,US Treasury 3Y,3.47
2025-09-10,DGS5,US Treasury 5Y,3.59
2025-09-10,FSK,KKR BDC,17.790000915527344
2025-09-10,HYG,High Yield Bond ETF,80.83999633789062
2025-09-10,KKR,KKR,139.2899932861328
2025-09-10,OBDC,Blue Owl BDC,14.149999618530272
2025-09-10,OTF,Blue Owl Tech BDC,14.539999961853027
2025-09-10,OWL,Blue Owl,18.61000061035156
2025-09-10,^GSPC,US Equity Market,6532.0400390625
2025-09-11,APO,Apollo,136.39999389648438
2025-09-11,ARCC,Ares BDC,22.39999961853028
2025-09-11,ARES,Ares,184.7100067138672
2025-09-11,BAMLH0A0HYM2,ICE BofA US HY OAS,2.78
2025-09-11,BIZD,BDC Sector,15.960000038146973
2025-09-11,BX,Blackstone,183.9199981689453
2025-09-11,BXSL,Blackstone BDC,28.790000915527344
2025-09-11,DGS1,US Treasury 1Y,3.63
2025-09-11,DGS3,US Treasury 3Y,3.47
2025-09-11,DGS5,US Treasury 5Y,3.59
2025-09-11,FSK,KKR BDC,17.81999969482422
2025-09-11,HYG,High Yield Bond ETF,81.04000091552734
2025-09-11,KKR,KKR,145.00999450683594
2025-09-11,OBDC,Blue Owl BDC,14.270000457763672
2025-09-11,OTF,Blue Owl Tech BDC,14.720000267028809
2025-09-11,OWL,Blue Owl,18.75
2025-09-11,^GSPC,US Equity Market,6587.47021484375
2025-09-12,APO,Apollo,138.02999877929688
2025-09-12,ARCC,Ares BDC,22.299999237060547
2025-09-12,ARES,Ares,182.7899932861328
2025-09-12,BAMLH0A0HYM2,ICE BofA US HY OAS,2.79
2025-09-12,BIZD,BDC Sector,15.850000381469728
2025-09-12,BX,Blackstone,181.3500061035156
2025-09-12,BXSL,Blackstone BDC,28.59000015258789
2025-09-12,DGS1,US Treasury 1Y,3.66
2025-09-12,DGS3,US Treasury 3Y,3.52
2025-09-12,DGS5,US Treasury 5Y,3.63
2025-09-12,FSK,KKR BDC,17.540000915527344
2025-09-12,HYG,High Yield Bond ETF,80.95999908447266
2025-09-12,KKR,KKR,143.33999633789062
2025-09-12,OBDC,Blue Owl BDC,14.149999618530272
2025-09-12,OTF,Blue Owl Tech BDC,14.699999809265137
2025-09-12,OWL,Blue Owl,18.75
2025-09-12,^GSPC,US Equity Market,6584.2900390625
2025-09-15,APO,Apollo,138.47999572753906
2025-09-15,ARCC,Ares BDC,21.309999465942383
2025-09-15,ARES,Ares,179.9199981689453
2025-09-15,BAMLH0A0HYM2,ICE BofA US HY OAS,2.75
2025-09-15,BIZD,BDC Sector,15.529999732971191
2025-09-15,BX,Blackstone,183.8000030517578
2025-09-15,BXSL,Blackstone BDC,27.76000022888184
2025-09-15,DGS1,US Treasury 1Y,3.64
2025-09-15,DGS3,US Treasury 3Y,3.5
2025-09-15,DGS5,US Treasury 5Y,3.61
2025-09-15,FSK,KKR BDC,16.950000762939453
2025-09-15,HYG,High Yield Bond ETF,81.19000244140625
2025-09-15,KKR,KKR,144.64999389648438
2025-09-15,OBDC,Blue Owl BDC,13.710000038146973
2025-09-15,OTF,Blue Owl Tech BDC,15.130000114440918
2025-09-15,OWL,Blue Owl,18.59000015258789
2025-09-15,^GSPC,US Equity Market,6615.27978515625
2025-09-16,APO,Apollo,140.0500030517578
2025-09-16,ARCC,Ares BDC,21.15999984741211
2025-09-16,ARES,Ares,178.61000061035156
2025-09-16,BAMLH0A0HYM2,ICE BofA US HY OAS,2.79
2025-09-16,BIZD,BDC Sector,15.40999984741211
2025-09-16,BX,Blackstone,183.72000122070312
2025-09-16,BXSL,Blackstone BDC,27.540000915527344
2025-09-16,DGS1,US Treasury 1Y,3.62
2025-09-16,DGS3,US Treasury 3Y,3.47
2025-09-16,DGS5,US Treasury 5Y,3.59
2025-09-16,FSK,KKR BDC,16.90999984741211
2025-09-16,HYG,High Yield Bond ETF,81.12999725341797
2025-09-16,KKR,KKR,144.3800048828125
2025-09-16,OBDC,Blue Owl BDC,13.699999809265137
2025-09-16,OTF,Blue Owl Tech BDC,15.399999618530272
2025-09-16,OWL,Blue Owl,18.549999237060547
2025-09-16,^GSPC,US Equity Market,6606.759765625
2025-09-17,APO,Apollo,138.82000732421875
2025-09-17,ARCC,Ares BDC,21.09000015258789
2025-09-17,ARES,Ares,178.88999938964844
2025-09-17,BAMLH0A0HYM2,ICE BofA US HY OAS,2.79
2025-09-17,BIZD,BDC Sector,15.420000076293944
2025-09-17,BX,Blackstone,183.6199951171875
2025-09-17,BXSL,Blackstone BDC,27.540000915527344
2025-09-17,DGS1,US Treasury 1Y,3.6
2025-09-17,DGS3,US Treasury 3Y,3.51
2025-09-17,DGS5,US Treasury 5Y,3.62
2025-09-17,FSK,KKR BDC,16.030000686645508
2025-09-17,HYG,High Yield Bond ETF,81.05000305175781
2025-09-17,KKR,KKR,144.39999389648438
2025-09-17,OBDC,Blue Owl BDC,13.739999771118164
2025-09-17,OTF,Blue Owl Tech BDC,15.4399995803833
2025-09-17,OWL,Blue Owl,18.549999237060547
2025-09-17,^GSPC,US Equity Market,6600.35009765625
2025-09-18,APO,Apollo,143.49000549316406
2025-09-18,ARCC,Ares BDC,21.420000076293945
2025-09-18,ARES,Ares,183.4199981689453
2025-09-18,BAMLH0A0HYM2,ICE BofA US HY OAS,2.71
2025-09-18,BIZD,BDC Sector,15.600000381469728
2025-09-18,BX,Blackstone,188.67999267578125
2025-09-18,BXSL,Blackstone BDC,28.07999992370605
2025-09-18,DGS1,US Treasury 1Y,3.61
2025-09-18,DGS3,US Treasury 3Y,3.55
2025-09-18,DGS5,US Treasury 5Y,3.67
2025-09-18,FSK,KKR BDC,15.869999885559082
2025-09-18,HYG,High Yield Bond ETF,81.2300033569336
2025-09-18,KKR,KKR,149.33999633789062
2025-09-18,OBDC,Blue Owl BDC,13.84000015258789
2025-09-18,OTF,Blue Owl Tech BDC,15.520000457763672
2025-09-18,OWL,Blue Owl,19.09000015258789
2025-09-18,^GSPC,US Equity Market,6631.9599609375
2025-09-19,APO,Apollo,144.75
2025-09-19,ARCC,Ares BDC,21.559999465942383
2025-09-19,ARES,Ares,183.0
2025-09-19,BAMLH0A0HYM2,ICE BofA US HY OAS,2.72
2025-09-19,BIZD,BDC Sector,15.68000030517578
2025-09-19,BX,Blackstone,187.6199951171875
2025-09-19,BXSL,Blackstone BDC,27.709999084472656
2025-09-19,DGS1,US Treasury 1Y,3.6
2025-09-19,DGS3,US Treasury 3Y,3.56
2025-09-19,DGS5,US Treasury 5Y,3.68
2025-09-19,FSK,KKR BDC,15.859999656677246
2025-09-19,HYG,High Yield Bond ETF,81.26000213623047
2025-09-19,KKR,KKR,148.9199981689453
2025-09-19,OBDC,Blue Owl BDC,14.010000228881836
2025-09-19,OTF,Blue Owl Tech BDC,14.510000228881836
2025-09-19,OWL,Blue Owl,18.89999961853028
2025-09-19,^GSPC,US Equity Market,6664.35986328125
2025-09-22,APO,Apollo,143.9600067138672
2025-09-22,ARCC,Ares BDC,20.940000534057617
2025-09-22,ARES,Ares,181.9900054931641
2025-09-22,BAMLH0A0HYM2,ICE BofA US HY OAS,2.69
2025-09-22,BIZD,BDC Sector,15.289999961853027
2025-09-22,BX,Blackstone,185.63999938964844
2025-09-22,BXSL,Blackstone BDC,27.280000686645508
2025-09-22,DGS1,US Treasury 1Y,3.61
2025-09-22,DGS3,US Treasury 3Y,3.59
2025-09-22,DGS5,US Treasury 5Y,3.71
2025-09-22,FSK,KKR BDC,15.399999618530272
2025-09-22,HYG,High Yield Bond ETF,81.31999969482422
2025-09-22,KKR,KKR,146.9499969482422
2025-09-22,OBDC,Blue Owl BDC,13.609999656677246
2025-09-22,OTF,Blue Owl Tech BDC,14.220000267028809
2025-09-22,OWL,Blue Owl,18.520000457763672
2025-09-22,^GSPC,US Equity Market,6693.75
2025-09-23,APO,Apollo,144.88999938964844
2025-09-23,ARCC,Ares BDC,20.76000022888184
2025-09-23,ARES,Ares,181.1499938964844
2025-09-23,BAMLH0A0HYM2,ICE BofA US HY OAS,2.71
2025-09-23,BIZD,BDC Sector,15.199999809265137
2025-09-23,BX,Blackstone,184.9100036621093
2025-09-23,BXSL,Blackstone BDC,27.280000686645508
2025-09-23,DGS1,US Treasury 1Y,3.61
2025-09-23,DGS3,US Treasury 3Y,3.57
2025-09-23,DGS5,US Treasury 5Y,3.68
2025-09-23,FSK,KKR BDC,15.130000114440918
2025-09-23,HYG,High Yield Bond ETF,81.26000213623047
2025-09-23,KKR,KKR,147.25
2025-09-23,OBDC,Blue Owl BDC,13.56999969482422
2025-09-23,OTF,Blue Owl Tech BDC,14.15999984741211
2025-09-23,OWL,Blue Owl,18.63999938964844
2025-09-23,^GSPC,US Equity Market,6656.919921875
2025-09-24,APO,Apollo,137.16000366210938
2025-09-24,ARCC,Ares BDC,20.43000030517578
2025-09-24,ARES,Ares,168.22999572753906
2025-09-24,BAMLH0A0HYM2,ICE BofA US HY OAS,2.7
2025-09-24,BIZD,BDC Sector,15.0
2025-09-24,BX,Blackstone,178.0800018310547
2025-09-24,BXSL,Blackstone BDC,27.06999969482422
2025-09-24,DGS1,US Treasury 1Y,3.63
2025-09-24,DGS3,US Treasury 3Y,3.6
2025-09-24,DGS5,US Treasury 5Y,3.7
2025-09-24,FSK,KKR BDC,15.06999969482422
2025-09-24,HYG,High Yield Bond ETF,81.1500015258789
2025-09-24,KKR,KKR,137.94000244140625
2025-09-24,OBDC,Blue Owl BDC,13.380000114440918
2025-09-24,OTF,Blue Owl Tech BDC,14.25
2025-09-24,OWL,Blue Owl,17.290000915527344
2025-09-24,^GSPC,US Equity Market,6637.97021484375
2025-09-25,APO,Apollo,136.1300048828125
2025-09-25,ARCC,Ares BDC,20.559999465942383
2025-09-25,ARES,Ares,163.32000732421875
2025-09-25,BAMLH0A0HYM2,ICE BofA US HY OAS,2.76
2025-09-25,BIZD,BDC Sector,15.0600004196167
2025-09-25,BX,Blackstone,175.60000610351562
2025-09-25,BXSL,Blackstone BDC,27.309999465942383
2025-09-25,DGS1,US Treasury 1Y,3.68
2025-09-25,DGS3,US Treasury 3Y,3.66
2025-09-25,DGS5,US Treasury 5Y,3.75
2025-09-25,FSK,KKR BDC,15.18000030517578
2025-09-25,HYG,High Yield Bond ETF,80.91999816894531
2025-09-25,KKR,KKR,135.66000366210938
2025-09-25,OBDC,Blue Owl BDC,13.369999885559082
2025-09-25,OTF,Blue Owl Tech BDC,14.220000267028809
2025-09-25,OWL,Blue Owl,17.360000610351562
2025-09-25,^GSPC,US Equity Market,6604.72021484375
2025-09-26,APO,Apollo,137.6300048828125
2025-09-26,ARCC,Ares BDC,20.459999084472656
2025-09-26,ARES,Ares,163.0500030517578
2025-09-26,BAMLH0A0HYM2,ICE BofA US HY OAS,2.75
2025-09-26,BIZD,BDC Sector,15.039999961853027
2025-09-26,BX,Blackstone,175.32000732421875
2025-09-26,BXSL,Blackstone BDC,26.989999771118164
2025-09-26,DGS1,US Treasury 1Y,3.67
2025-09-26,DGS3,US Treasury 3Y,3.66
2025-09-26,DGS5,US Treasury 5Y,3.76
2025-09-26,FSK,KKR BDC,15.170000076293944
2025-09-26,HYG,High Yield Bond ETF,81.08000183105469
2025-09-26,KKR,KKR,134.00999450683594
2025-09-26,OBDC,Blue Owl BDC,13.239999771118164
2025-09-26,OTF,Blue Owl Tech BDC,14.25
2025-09-26,OWL,Blue Owl,17.760000228881836
2025-09-26,^GSPC,US Equity Market,6643.7001953125
2025-09-29,APO,Apollo,138.44000244140625
2025-09-29,ARCC,Ares BDC,20.440000534057617
2025-09-29,ARES,Ares,163.4199981689453
2025-09-29,BAMLH0A0HYM2,ICE BofA US HY OAS,2.74
2025-09-29,BIZD,BDC Sector,14.960000038146973
2025-09-29,BX,Blackstone,176.13999938964844
2025-09-29,BXSL,Blackstone BDC,26.81999969482422
2025-09-29,DGS1,US Treasury 1Y,3.65
2025-09-29,DGS3,US Treasury 3Y,3.63
2025-09-29,DGS5,US Treasury 5Y,3.74
2025-09-29,FSK,KKR BDC,14.979999542236328
2025-09-29,HYG,High Yield Bond ETF,81.22000122070312
2025-09-29,KKR,KKR,134.47999572753906
2025-09-29,OBDC,Blue Owl BDC,13.210000038146973
2025-09-29,OTF,Blue Owl Tech BDC,14.15999984741211
2025-09-29,OWL,Blue Owl,17.559999465942383
2025-09-29,^GSPC,US Equity Market,6661.2099609375
2025-09-30,APO,Apollo,133.27000427246094
2025-09-30,ARCC,Ares BDC,20.40999984741211
2025-09-30,ARES,Ares,159.88999938964844
2025-09-30,BAMLH0A0HYM2,ICE BofA US HY OAS,2.8
2025-09-30,BIZD,BDC Sector,14.9399995803833
2025-09-30,BX,Blackstone,170.85000610351562
2025-09-30,BXSL,Blackstone BDC,26.06999969482422
2025-09-30,DGS1,US Treasury 1Y,3.68
2025-09-30,DGS3,US Treasury 3Y,3.61
2025-09-30,DGS5,US Treasury 5Y,3.74
2025-09-30,FSK,KKR BDC,14.93000030517578
2025-09-30,HYG,High Yield Bond ETF,81.19000244140625
2025-09-30,KKR,KKR,129.9499969482422
2025-09-30,OBDC,Blue Owl BDC,12.770000457763672
2025-09-30,OTF,Blue Owl Tech BDC,13.81999969482422
2025-09-30,OWL,Blue Owl,16.93000030517578
2025-09-30,^GSPC,US Equity Market,6688.4599609375
2025-10-01,APO,Apollo,129.9499969482422
2025-10-01,ARCC,Ares BDC,20.1299991607666
2025-10-01,ARES,Ares,154.13999938964844
2025-10-01,BAMLH0A0HYM2,ICE BofA US HY OAS,2.81
2025-10-01,BIZD,BDC Sector,14.31999969482422
2025-10-01,BX,Blackstone,168.10000610351562
2025-10-01,BXSL,Blackstone BDC,26.0
2025-10-01,DGS1,US Treasury 1Y,3.62
2025-10-01,DGS3,US Treasury 3Y,3.56
2025-10-01,DGS5,US Treasury 5Y,3.68
2025-10-01,FSK,KKR BDC,14.81999969482422
2025-10-01,HYG,High Yield Bond ETF,80.95999908447266
2025-10-01,KKR,KKR,127.47000122070312
2025-10-01,OBDC,Blue Owl BDC,12.510000228881836
2025-10-01,OTF,Blue Owl Tech BDC,13.609999656677246
2025-10-01,OWL,Blue Owl,16.139999389648438
2025-10-01,^GSPC,US Equity Market,6711.2001953125
2025-10-02,APO,Apollo,127.2300033569336
2025-10-02,ARCC,Ares BDC,20.38999938964844
2025-10-02,ARES,Ares,150.61000061035156
2025-10-02,BAMLH0A0HYM2,ICE BofA US HY OAS,2.81
2025-10-02,BIZD,BDC Sector,14.539999961853027
2025-10-02,BX,Blackstone,166.5800018310547
2025-10-02,BXSL,Blackstone BDC,26.57999992370605
2025-10-02,DGS1,US Treasury 1Y,3.62
2025-10-02,DGS3,US Treasury 3Y,3.56
2025-10-02,DGS5,US Treasury 5Y,3.67
2025-10-02,FSK,KKR BDC,15.300000190734863
2025-10-02,HYG,High Yield Bond ETF,80.93000030517578
2025-10-02,KKR,KKR,124.62999725341795
2025-10-02,OBDC,Blue Owl BDC,12.729999542236328
2025-10-02,OTF,Blue Owl Tech BDC,14.079999923706056
2025-10-02,OWL,Blue Owl,16.049999237060547
2025-10-02,^GSPC,US Equity Market,6715.35009765625
2025-10-03,APO,Apollo,125.88999938964844
2025-10-03,ARCC,Ares BDC,20.14999961853028
2025-10-03,ARES,Ares,152.39999389648438
2025-10-03,BAMLH0A0HYM2,ICE BofA US HY OAS,2.8
2025-10-03,BIZD,BDC Sector,14.390000343322754
2025-10-03,BX,Blackstone,168.4499969482422
2025-10-03,BXSL,Blackstone BDC,26.39999961853028
2025-10-03,DGS1,US Treasury 1Y,3.64
2025-10-03,DGS3,US Treasury 3Y,3.59
2025-10-03,DGS5,US Treasury 5Y,3.72
2025-10-03,FSK,KKR BDC,14.960000038146973
2025-10-03,HYG,High Yield Bond ETF,80.83999633789062
2025-10-03,KKR,KKR,127.6500015258789
2025-10-03,OBDC,Blue Owl BDC,12.65999984741211
2025-10-03,OTF,Blue Owl Tech BDC,14.300000190734863
2025-10-03,OWL,Blue Owl,16.270000457763672
2025-10-03,^GSPC,US Equity Market,6715.7900390625
2025-10-06,APO,Apollo,126.6999969482422
2025-10-06,ARCC,Ares BDC,20.1200008392334
2025-10-06,ARES,Ares,150.10000610351562
2025-10-06,BAMLH0A0HYM2,ICE BofA US HY OAS,2.76
2025-10-06,BIZD,BDC Sector,14.31999969482422
2025-10-06,BX,Blackstone,166.88999938964844
2025-10-06,BXSL,Blackstone BDC,26.040000915527344
2025-10-06,DGS1,US Treasury 1Y,3.66
2025-10-06,DGS3,US Treasury 3Y,3.63
2025-10-06,DGS5,US Treasury 5Y,3.75
2025-10-06,FSK,KKR BDC,14.68000030517578
2025-10-06,HYG,High Yield Bond ETF,80.86000061035156
2025-10-06,KKR,KKR,126.87000274658205
2025-10-06,OBDC,Blue Owl BDC,12.539999961853027
2025-10-06,OTF,Blue Owl Tech BDC,14.15999984741211
2025-10-06,OWL,Blue Owl,16.520000457763672
2025-10-06,^GSPC,US Equity Market,6740.27978515625
2025-10-07,APO,Apollo,126.0500030517578
2025-10-07,ARCC,Ares BDC,19.86000061035156
2025-10-07,ARES,Ares,148.63999938964844
2025-10-07,BAMLH0A0HYM2,ICE BofA US HY OAS,2.82
2025-10-07,BIZD,BDC Sector,14.149999618530272
2025-10-07,BX,Blackstone,164.91000366210938
2025-10-07,BXSL,Blackstone BDC,25.75
2025-10-07,DGS1,US Treasury 1Y,3.65
2025-10-07,DGS3,US Treasury 3Y,3.56
2025-10-07,DGS5,US Treasury 5Y,3.71
2025-10-07,FSK,KKR BDC,14.510000228881836
2025-10-07,HYG,High Yield Bond ETF,80.7699966430664
2025-10-07,KKR,KKR,124.72000122070312
2025-10-07,OBDC,Blue Owl BDC,12.539999961853027
2025-10-07,OTF,Blue Owl Tech BDC,14.0
2025-10-07,OWL,Blue Owl,16.110000610351562
2025-10-07,^GSPC,US Equity Market,6714.58984375
2025-10-08,APO,Apollo,124.8000030517578
2025-10-08,ARCC,Ares BDC,19.670000076293945
2025-10-08,ARES,Ares,149.8000030517578
2025-10-08,BAMLH0A0HYM2,ICE BofA US HY OAS,2.84
2025-10-08,BIZD,BDC Sector,14.050000190734863
2025-10-08,BX,Blackstone,162.4600067138672
2025-10-08,BXSL,Blackstone BDC,25.93000030517578
2025-10-08,DGS1,US Treasury 1Y,3.66
2025-10-08,DGS3,US Treasury 3Y,3.58
2025-10-08,DGS5,US Treasury 5Y,3.72
2025-10-08,FSK,KKR BDC,14.449999809265137
2025-10-08,HYG,High Yield Bond ETF,80.6500015258789
2025-10-08,KKR,KKR,124.7300033569336
2025-10-08,OBDC,Blue Owl BDC,12.43000030517578
2025-10-08,OTF,Blue Owl Tech BDC,13.970000267028809
2025-10-08,OWL,Blue Owl,16.510000228881836
2025-10-08,^GSPC,US Equity Market,6753.72021484375
2025-10-09,APO,Apollo,123.54000091552734
2025-10-09,ARCC,Ares BDC,19.100000381469727
2025-10-09,ARES,Ares,147.25999450683594
2025-10-09,BAMLH0A0HYM2,ICE BofA US HY OAS,2.95
2025-10-09,BIZD,BDC Sector,13.65999984741211
2025-10-09,BX,Blackstone,160.64999389648438
2025-10-09,BXSL,Blackstone BDC,25.290000915527344
2025-10-09,DGS1,US Treasury 1Y,3.66
2025-10-09,DGS3,US Treasury 3Y,3.59
2025-10-09,DGS5,US Treasury 5Y,3.74
2025-10-09,FSK,KKR BDC,14.369999885559082
2025-10-09,HYG,High Yield Bond ETF,80.41999816894531
2025-10-09,KKR,KKR,124.05999755859376
2025-10-09,OBDC,Blue Owl BDC,12.229999542236328
2025-10-09,OTF,Blue Owl Tech BDC,13.68000030517578
2025-10-09,OWL,Blue Owl,16.25
2025-10-09,^GSPC,US Equity Market,6735.10986328125
2025-10-10,APO,Apollo,118.22000122070312
2025-10-10,ARCC,Ares BDC,18.89999961853028
2025-10-10,ARES,Ares,140.8800048828125
2025-10-10,BAMLH0A0HYM2,ICE BofA US HY OAS,3.18
2025-10-10,BIZD,BDC Sector,13.489999771118164
2025-10-10,BX,Blackstone,153.77000427246094
2025-10-10,BXSL,Blackstone BDC,25.020000457763672
2025-10-10,DGS1,US Treasury 1Y,3.6
2025-10-10,DGS3,US Treasury 3Y,3.52
2025-10-10,DGS5,US Treasury 5Y,3.65
2025-10-10,FSK,KKR BDC,14.15999984741211
2025-10-10,HYG,High Yield Bond ETF,79.94999694824219
2025-10-10,KKR,KKR,117.81999969482422
2025-10-10,OBDC,Blue Owl BDC,12.130000114440918
2025-10-10,OTF,Blue Owl Tech BDC,13.449999809265137
2025-10-10,OWL,Blue Owl,15.4399995803833
2025-10-10,^GSPC,US Equity Market,6552.509765625
2025-10-13,APO,Apollo,122.44000244140624
2025-10-13,ARCC,Ares BDC,19.489999771118164
2025-10-13,ARES,Ares,143.6300048828125
2025-10-13,BAMLH0A0HYM2,ICE BofA US HY OAS,3.18
2025-10-13,BIZD,BDC Sector,13.90999984741211
2025-10-13,BX,Blackstone,158.16000366210938
2025-10-13,BXSL,Blackstone BDC,25.989999771118164
2025-10-13,FSK,KKR BDC,14.760000228881836
2025-10-13,HYG,High Yield Bond ETF,80.44999694824219
2025-10-13,KKR,KKR,120.44000244140624
2025-10-13,OBDC,Blue Owl BDC,12.5
2025-10-13,OTF,Blue Owl Tech BDC,14.239999771118164
2025-10-13,OWL,Blue Owl,16.1200008392334
2025-10-13,^GSPC,US Equity Market,6654.72021484375
2025-10-14,APO,Apollo,127.63999938964844
2025-10-14,ARCC,Ares BDC,19.940000534057617
2025-10-14,ARES,Ares,149.5800018310547
2025-10-14,BAMLH0A0HYM2,ICE BofA US HY OAS,3.11
2025-10-14,BIZD,BDC Sector,14.210000038146973
2025-10-14,BX,Blackstone,163.97999572753906
2025-10-14,BXSL,Blackstone BDC,26.40999984741211
2025-10-14,DGS1,US Treasury 1Y,3.58
2025-10-14,DGS3,US Treasury 3Y,3.47
2025-10-14,DGS5,US Treasury 5Y,3.6
2025-10-14,FSK,KKR BDC,15.119999885559082
2025-10-14,HYG,High Yield Bond ETF,80.54000091552734
2025-10-14,KKR,KKR,125.9800033569336
2025-10-14,OBDC,Blue Owl BDC,12.869999885559082
2025-10-14,OTF,Blue Owl Tech BDC,14.40999984741211
2025-10-14,OWL,Blue Owl,16.760000228881836
2025-10-14,^GSPC,US Equity Market,6644.31005859375
2025-10-15,APO,Apollo,127.6999969482422
2025-10-15,ARCC,Ares BDC,20.049999237060547
2025-10-15,ARES,Ares,151.08999633789062
2025-10-15,BAMLH0A0HYM2,ICE BofA US HY OAS,2.95
2025-10-15,BIZD,BDC Sector,14.210000038146973
2025-10-15,BX,Blackstone,163.91000366210938
2025-10-15,BXSL,Blackstone BDC,26.459999084472656
2025-10-15,DGS1,US Treasury 1Y,3.61
2025-10-15,DGS3,US Treasury 3Y,3.51
2025-10-15,DGS5,US Treasury 5Y,3.63
2025-10-15,FSK,KKR BDC,15.0600004196167
2025-10-15,HYG,High Yield Bond ETF,80.80000305175781
2025-10-15,KKR,KKR,124.45999908447266
2025-10-15,OBDC,Blue Owl BDC,12.869999885559082
2025-10-15,OTF,Blue Owl Tech BDC,14.329999923706056
2025-10-15,OWL,Blue Owl,17.1200008392334
2025-10-15,^GSPC,US Equity Market,6671.06005859375
2025-10-16,APO,Apollo,120.83999633789062
2025-10-16,ARCC,Ares BDC,19.530000686645508
2025-10-16,ARES,Ares,141.24000549316406
2025-10-16,BAMLH0A0HYM2,ICE BofA US HY OAS,3.04
2025-10-16,BIZD,BDC Sector,13.899999618530272
2025-10-16,BX,Blackstone,157.97000122070312
2025-10-16,BXSL,Blackstone BDC,25.96999931335449
2025-10-16,DGS1,US Treasury 1Y,3.54
2025-10-16,DGS3,US Treasury 3Y,3.42
2025-10-16,DGS5,US Treasury 5Y,3.55
2025-10-16,FSK,KKR BDC,14.760000228881836
2025-10-16,HYG,High Yield Bond ETF,80.51000213623047
2025-10-16,KKR,KKR,117.5199966430664
2025-10-16,OBDC,Blue Owl BDC,12.539999961853027
2025-10-16,OTF,Blue Owl Tech BDC,13.960000038146973
2025-10-16,OWL,Blue Owl,15.890000343322754
2025-10-16,^GSPC,US Equity Market,6629.06982421875
2025-10-17,APO,Apollo,121.37999725341795
2025-10-17,ARCC,Ares BDC,19.51000022888184
2025-10-17,ARES,Ares,141.8699951171875
2025-10-17,BAMLH0A0HYM2,ICE BofA US HY OAS,3.04
2025-10-17,BIZD,BDC Sector,13.970000267028809
2025-10-17,BX,Blackstone,156.30999755859375
2025-10-17,BXSL,Blackstone BDC,25.959999084472656
2025-10-17,DGS1,US Treasury 1Y,3.56
2025-10-17,DGS3,US Treasury 3Y,3.47
2025-10-17,DGS5,US Treasury 5Y,3.59
2025-10-17,FSK,KKR BDC,14.84000015258789
2025-10-17,HYG,High Yield Bond ETF,80.72000122070312
2025-10-17,KKR,KKR,117.5999984741211
2025-10-17,OBDC,Blue Owl BDC,12.600000381469728
2025-10-17,OTF,Blue Owl Tech BDC,14.369999885559082
2025-10-17,OWL,Blue Owl,16.18000030517578
2025-10-17,^GSPC,US Equity Market,6664.009765625
2025-10-20,APO,Apollo,125.19000244140624
2025-10-20,ARCC,Ares BDC,19.600000381469727
2025-10-20,ARES,Ares,146.61000061035156
2025-10-20,BAMLH0A0HYM2,ICE BofA US HY OAS,2.99
2025-10-20,BIZD,BDC Sector,14.050000190734863
2025-10-20,BX,Blackstone,160.44000244140625
2025-10-20,BXSL,Blackstone BDC,25.950000762939453
2025-10-20,DGS1,US Treasury 1Y,3.55
2025-10-20,DGS3,US Treasury 3Y,3.47
2025-10-20,DGS5,US Treasury 5Y,3.58
2025-10-20,FSK,KKR BDC,14.829999923706056
2025-10-20,HYG,High Yield Bond ETF,80.87999725341797
2025-10-20,KKR,KKR,120.11000061035156
2025-10-20,OBDC,Blue Owl BDC,12.699999809265137
2025-10-20,OTF,Blue Owl Tech BDC,14.170000076293944
2025-10-20,OWL,Blue Owl,16.68000030517578
2025-10-20,^GSPC,US Equity Market,6735.1298828125
2025-10-21,APO,Apollo,125.9800033569336
2025-10-21,ARCC,Ares BDC,19.90999984741211
2025-10-21,ARES,Ares,150.11000061035156
2025-10-21,BAMLH0A0HYM2,ICE BofA US HY OAS,2.97
2025-10-21,BIZD,BDC Sector,14.239999771118164
2025-10-21,BX,Blackstone,161.42999267578125
2025-10-21,BXSL,Blackstone BDC,26.440000534057617
2025-10-21,DGS1,US Treasury 1Y,3.56
2025-10-21,DGS3,US Treasury 3Y,3.46
2025-10-21,DGS5,US Treasury 5Y,3.56
2025-10-21,FSK,KKR BDC,15.109999656677246
2025-10-21,HYG,High Yield Bond ETF,80.76000213623047
2025-10-21,KKR,KKR,123.68000030517578
2025-10-21,OBDC,Blue Owl BDC,12.960000038146973
2025-10-21,OTF,Blue Owl Tech BDC,14.369999885559082
2025-10-21,OWL,Blue Owl,17.049999237060547
2025-10-21,^GSPC,US Equity Market,6735.35009765625
2025-10-22,APO,Apollo,126.52999877929688
2025-10-22,ARCC,Ares BDC,19.959999084472656
2025-10-22,ARES,Ares,150.10000610351562
2025-10-22,BAMLH0A0HYM2,ICE BofA US HY OAS,3.01
2025-10-22,BIZD,BDC Sector,14.18000030517578
2025-10-22,BX,Blackstone,161.72000122070312
2025-10-22,BXSL,Blackstone BDC,26.39999961853028
2025-10-22,DGS1,US Treasury 1Y,3.55
2025-10-22,DGS3,US Treasury 3Y,3.44
2025-10-22,DGS5,US Treasury 5Y,3.56
2025-10-22,FSK,KKR BDC,15.079999923706056
2025-10-22,HYG,High Yield Bond ETF,80.68000030517578
2025-10-22,KKR,KKR,123.3000030517578
2025-10-22,OBDC,Blue Owl BDC,12.960000038146973
2025-10-22,OTF,Blue Owl Tech BDC,14.06999969482422
2025-10-22,OWL,Blue Owl,17.170000076293945
2025-10-22,^GSPC,US Equity Market,6699.39990234375
2025-10-23,APO,Apollo,123.0500030517578
2025-10-23,ARCC,Ares BDC,19.940000534057617
2025-10-23,ARES,Ares,148.42999267578125
2025-10-23,BAMLH0A0HYM2,ICE BofA US HY OAS,2.96
2025-10-23,BIZD,BDC Sector,14.260000228881836
2025-10-23,BX,Blackstone,154.97999572753906
2025-10-23,BXSL,Blackstone BDC,26.57999992370605
2025-10-23,DGS1,US Treasury 1Y,3.59
2025-10-23,DGS3,US Treasury 3Y,3.49
2025-10-23,DGS5,US Treasury 5Y,3.61
2025-10-23,FSK,KKR BDC,15.050000190734863
2025-10-23,HYG,High Yield Bond ETF,80.86000061035156
2025-10-23,KKR,KKR,120.95999908447266
2025-10-23,OBDC,Blue Owl BDC,13.0
2025-10-23,OTF,Blue Owl Tech BDC,14.3100004196167
2025-10-23,OWL,Blue Owl,16.309999465942383
2025-10-23,^GSPC,US Equity Market,6738.43994140625
2025-10-24,APO,Apollo,125.0
2025-10-24,ARCC,Ares BDC,20.07999992370605
2025-10-24,ARES,Ares,149.33999633789062
2025-10-24,BAMLH0A0HYM2,ICE BofA US HY OAS,2.88
2025-10-24,BIZD,BDC Sector,14.329999923706056
2025-10-24,BX,Blackstone,154.60000610351562
2025-10-24,BXSL,Blackstone BDC,26.799999237060547
2025-10-24,DGS1,US Treasury 1Y,3.58
2025-10-24,DGS3,US Treasury 3Y,3.49
2025-10-24,DGS5,US Treasury 5Y,3.61
2025-10-24,FSK,KKR BDC,15.210000038146973
2025-10-24,HYG,High Yield Bond ETF,81.08000183105469
2025-10-24,KKR,KKR,121.23999786376952
2025-10-24,OBDC,Blue Owl BDC,13.029999732971191
2025-10-24,OTF,Blue Owl Tech BDC,14.31999969482422
2025-10-24,OWL,Blue Owl,16.68000030517578
2025-10-24,^GSPC,US Equity Market,6791.68994140625
2025-10-27,APO,Apollo,126.37000274658205
2025-10-27,ARCC,Ares BDC,20.31999969482422
2025-10-27,ARES,Ares,150.97000122070312
2025-10-27,BAMLH0A0HYM2,ICE BofA US HY OAS,2.8
2025-10-27,BIZD,BDC Sector,14.550000190734863
2025-10-27,BX,Blackstone,153.85000610351562
2025-10-27,BXSL,Blackstone BDC,27.01000022888184
2025-10-27,DGS1,US Treasury 1Y,3.59
2025-10-27,DGS3,US Treasury 3Y,3.5
2025-10-27,DGS5,US Treasury 5Y,3.61
2025-10-27,FSK,KKR BDC,15.510000228881836
2025-10-27,HYG,High Yield Bond ETF,81.27999877929688
2025-10-27,KKR,KKR,122.26000213623048
2025-10-27,OBDC,Blue Owl BDC,13.199999809265137
2025-10-27,OTF,Blue Owl Tech BDC,14.670000076293944
2025-10-27,OWL,Blue Owl,16.889999389648438
2025-10-27,^GSPC,US Equity Market,6875.16015625
2025-10-28,APO,Apollo,124.47000122070312
2025-10-28,ARCC,Ares BDC,20.56999969482422
2025-10-28,ARES,Ares,150.92999267578125
2025-10-28,BAMLH0A0HYM2,ICE BofA US HY OAS,2.82
2025-10-28,BIZD,BDC Sector,14.59000015258789
2025-10-28,BX,Blackstone,151.69000244140625
2025-10-28,BXSL,Blackstone BDC,27.15999984741211
2025-10-28,DGS1,US Treasury 1Y,3.59
2025-10-28,DGS3,US Treasury 3Y,3.5
2025-10-28,DGS5,US Treasury 5Y,3.6
2025-10-28,FSK,KKR BDC,15.350000381469728
2025-10-28,HYG,High Yield Bond ETF,81.19999694824219
2025-10-28,KKR,KKR,120.61000061035156
2025-10-28,OBDC,Blue Owl BDC,13.239999771118164
2025-10-28,OTF,Blue Owl Tech BDC,14.710000038146973
2025-10-28,OWL,Blue Owl,16.530000686645508
2025-10-28,^GSPC,US Equity Market,6890.89013671875
2025-10-29,APO,Apollo,124.87999725341795
2025-10-29,ARCC,Ares BDC,20.61000061035156
2025-10-29,ARES,Ares,150.52000427246094
2025-10-29,BAMLH0A0HYM2,ICE BofA US HY OAS,2.76
2025-10-29,BIZD,BDC Sector,14.40999984741211
2025-10-29,BX,Blackstone,148.9199981689453
2025-10-29,BXSL,Blackstone BDC,27.030000686645508
2025-10-29,DGS1,US Treasury 1Y,3.7
2025-10-29,DGS3,US Treasury 3Y,3.6
2025-10-29,DGS5,US Treasury 5Y,3.7
2025-10-29,FSK,KKR BDC,15.199999809265137
2025-10-29,HYG,High Yield Bond ETF,80.94999694824219
2025-10-29,KKR,KKR,118.5500030517578
2025-10-29,OBDC,Blue Owl BDC,13.0600004196167
2025-10-29,OTF,Blue Owl Tech BDC,14.31999969482422
2025-10-29,OWL,Blue Owl,16.559999465942383
2025-10-29,^GSPC,US Equity Market,6890.58984375
2025-10-30,APO,Apollo,123.4499969482422
2025-10-30,ARCC,Ares BDC,20.14999961853028
2025-10-30,ARES,Ares,147.2899932861328
2025-10-30,BAMLH0A0HYM2,ICE BofA US HY OAS,2.85
2025-10-30,BIZD,BDC Sector,14.210000038146973
2025-10-30,BX,Blackstone,148.38999938964844
2025-10-30,BXSL,Blackstone BDC,26.38999938964844
2025-10-30,DGS1,US Treasury 1Y,3.7
2025-10-30,DGS3,US Treasury 3Y,3.61
2025-10-30,DGS5,US Treasury 5Y,3.72
2025-10-30,FSK,KKR BDC,15.0600004196167
2025-10-30,HYG,High Yield Bond ETF,80.80000305175781
2025-10-30,KKR,KKR,118.11000061035156
2025-10-30,OBDC,Blue Owl BDC,12.8100004196167
2025-10-30,OTF,Blue Owl Tech BDC,14.149999618530272
2025-10-30,OWL,Blue Owl,15.859999656677246
2025-10-30,^GSPC,US Equity Market,6822.33984375
2025-10-31,APO,Apollo,124.30999755859376
2025-10-31,ARCC,Ares BDC,20.350000381469727
2025-10-31,ARES,Ares,148.7100067138672
2025-10-31,BAMLH0A0HYM2,ICE BofA US HY OAS,2.94
2025-10-31,BIZD,BDC Sector,14.329999923706056
2025-10-31,BX,Blackstone,146.63999938964844
2025-10-31,BXSL,Blackstone BDC,26.440000534057617
2025-10-31,DGS1,US Treasury 1Y,3.7
2025-10-31,DGS3,US Treasury 3Y,3.6
2025-10-31,DGS5,US Treasury 5Y,3.71
2025-10-31,FSK,KKR BDC,15.09000015258789
2025-10-31,HYG,High Yield Bond ETF,80.80000305175781
2025-10-31,KKR,KKR,118.33000183105467
2025-10-31,OBDC,Blue Owl BDC,13.020000457763672
2025-10-31,OTF,Blue Owl Tech BDC,14.34000015258789
2025-10-31,OWL,Blue Owl,15.770000457763672
2025-10-31,^GSPC,US Equity Market,6840.2001953125
2025-11-03,APO,Apollo,123.9499969482422
2025-11-03,ARCC,Ares BDC,20.40999984741211
2025-11-03,ARES,Ares,155.5
2025-11-03,BAMLH0A0HYM2,ICE BofA US HY OAS,3.04
2025-11-03,BIZD,BDC Sector,14.369999885559082
2025-11-03,BX,Blackstone,144.4199981689453
2025-11-03,BXSL,Blackstone BDC,26.420000076293945
2025-11-03,DGS1,US Treasury 1Y,3.7
2025-11-03,DGS3,US Treasury 3Y,3.61
2025-11-03,DGS5,US Treasury 5Y,3.72
2025-11-03,FSK,KKR BDC,15.109999656677246
2025-11-03,HYG,High Yield Bond ETF,80.13999938964844
2025-11-03,KKR,KKR,117.62999725341795
2025-11-03,OBDC,Blue Owl BDC,13.050000190734863
2025-11-03,OTF,Blue Owl Tech BDC,14.1899995803833
2025-11-03,OWL,Blue Owl,16.15999984741211
2025-11-03,^GSPC,US Equity Market,6851.97021484375
2025-11-04,APO,Apollo,130.50999450683594
2025-11-04,ARCC,Ares BDC,20.270000457763672
2025-11-04,ARES,Ares,153.00999450683594
2025-11-04,BAMLH0A0HYM2,ICE BofA US HY OAS,3.13
2025-11-04,BIZD,BDC Sector,14.25
2025-11-04,BX,Blackstone,142.85000610351562
2025-11-04,BXSL,Blackstone BDC,26.21999931335449
2025-11-04,DGS1,US Treasury 1Y,3.67
2025-11-04,DGS3,US Treasury 3Y,3.59
2025-11-04,DGS5,US Treasury 5Y,3.69
2025-11-04,FSK,KKR BDC,14.920000076293944
2025-11-04,HYG,High Yield Bond ETF,80.1500015258789
2025-11-04,KKR,KKR,118.29000091552734
2025-11-04,OBDC,Blue Owl BDC,12.90999984741211
2025-11-04,OTF,Blue Owl Tech BDC,14.3100004196167
2025-11-04,OWL,Blue Owl,15.65999984741211
2025-11-04,^GSPC,US Equity Market,6771.5498046875
2025-11-05,APO,Apollo,133.75
2025-11-05,ARCC,Ares BDC,20.3799991607666
2025-11-05,ARES,Ares,153.25
2025-11-05,BAMLH0A0HYM2,ICE BofA US HY OAS,3.05
2025-11-05,BIZD,BDC Sector,14.239999771118164
2025-11-05,BX,Blackstone,144.32000732421875
2025-11-05,BXSL,Blackstone BDC,26.13999938964844
2025-11-05,DGS1,US Treasury 1Y,3.71
2025-11-05,DGS3,US Treasury 3Y,3.65
2025-11-05,DGS5,US Treasury 5Y,3.76
2025-11-05,FSK,KKR BDC,14.789999961853027
2025-11-05,HYG,High Yield Bond ETF,80.2300033569336
2025-11-05,KKR,KKR,118.88999938964844
2025-11-05,OBDC,Blue Owl BDC,12.779999732971191
2025-11-05,OTF,Blue Owl Tech BDC,14.380000114440918
2025-11-05,OWL,Blue Owl,15.6899995803833
2025-11-05,^GSPC,US Equity Market,6796.2900390625
2025-11-06,APO,Apollo,128.97999572753906
2025-11-06,ARCC,Ares BDC,20.0
2025-11-06,ARES,Ares,151.25999450683594
2025-11-06,BAMLH0A0HYM2,ICE BofA US HY OAS,3.13
2025-11-06,BIZD,BDC Sector,14.010000228881836
2025-11-06,BX,Blackstone,143.42999267578125
2025-11-06,BXSL,Blackstone BDC,25.959999084472656
2025-11-06,DGS1,US Treasury 1Y,3.65
2025-11-06,DGS3,US Treasury 3Y,3.58
2025-11-06,DGS5,US Treasury 5Y,3.69
2025-11-06,FSK,KKR BDC,15.210000038146973
2025-11-06,HYG,High Yield Bond ETF,80.26000213623047
2025-11-06,KKR,KKR,119.30999755859376
2025-11-06,OBDC,Blue Owl BDC,12.100000381469728
2025-11-06,OTF,Blue Owl Tech BDC,13.960000038146973
2025-11-06,OWL,Blue Owl,14.949999809265137
2025-11-06,^GSPC,US Equity Market,6720.31982421875
2025-11-07,APO,Apollo,132.3699951171875
2025-11-07,ARCC,Ares BDC,20.200000762939453
2025-11-07,ARES,Ares,153.8800048828125
2025-11-07,BAMLH0A0HYM2,ICE BofA US HY OAS,3.15
2025-11-07,BIZD,BDC Sector,14.1899995803833
2025-11-07,BX,Blackstone,145.94000244140625
2025-11-07,BXSL,Blackstone BDC,26.489999771118164
2025-11-07,DGS1,US Treasury 1Y,3.63
2025-11-07,DGS3,US Treasury 3Y,3.57
2025-11-07,DGS5,US Treasury 5Y,3.67
2025-11-07,FSK,KKR BDC,15.229999542236328
2025-11-07,HYG,High Yield Bond ETF,80.33000183105469
2025-11-07,KKR,KKR,121.31999969482422
2025-11-07,OBDC,Blue Owl BDC,12.140000343322754
2025-11-07,OTF,Blue Owl Tech BDC,13.75
2025-11-07,OWL,Blue Owl,15.43000030517578
2025-11-07,^GSPC,US Equity Market,6728.7998046875
2025-11-10,APO,Apollo,130.9199981689453
2025-11-10,ARCC,Ares BDC,20.290000915527344
2025-11-10,ARES,Ares,153.33999633789062
2025-11-10,BAMLH0A0HYM2,ICE BofA US HY OAS,3.02
2025-11-10,BIZD,BDC Sector,14.1899995803833
2025-11-10,BX,Blackstone,144.3000030517578
2025-11-10,BXSL,Blackstone BDC,26.600000381469727
2025-11-10,DGS1,US Treasury 1Y,3.66
2025-11-10,DGS3,US Treasury 3Y,3.56
2025-11-10,DGS5,US Treasury 5Y,3.72
2025-11-10,FSK,KKR BDC,15.369999885559082
2025-11-10,HYG,High Yield Bond ETF,80.5999984741211
2025-11-10,KKR,KKR,120.11000061035156
2025-11-10,OBDC,Blue Owl BDC,12.079999923706056
2025-11-10,OTF,Blue Owl Tech BDC,13.460000038146973
2025-11-10,OWL,Blue Owl,14.90999984741211
2025-11-10,^GSPC,US Equity Market,6832.43017578125
2025-11-11,APO,Apollo,132.8800048828125
2025-11-11,ARCC,Ares BDC,20.309999465942383
2025-11-11,ARES,Ares,153.8699951171875
2025-11-11,BAMLH0A0HYM2,ICE BofA US HY OAS,3.02
2025-11-11,BIZD,BDC Sector,14.260000228881836
2025-11-11,BX,Blackstone,144.97999572753906
2025-11-11,BXSL,Blackstone BDC,26.64999961853028
2025-11-11,FSK,KKR BDC,15.489999771118164
2025-11-11,HYG,High Yield Bond ETF,80.69000244140625
2025-11-11,KKR,KKR,121.36000061035156
2025-11-11,OBDC,Blue Owl BDC,12.06999969482422
2025-11-11,OTF,Blue Owl Tech BDC,13.5
2025-11-11,OWL,Blue Owl,15.079999923706056
2025-11-11,^GSPC,US Equity Market,6846.60986328125
2025-11-12,APO,Apollo,133.5800018310547
2025-11-12,ARCC,Ares BDC,20.3799991607666
2025-11-12,ARES,Ares,153.69000244140625
2025-11-12,BAMLH0A0HYM2,ICE BofA US HY OAS,3.02
2025-11-12,BIZD,BDC Sector,14.300000190734863
2025-11-12,BX,Blackstone,144.36000061035156
2025-11-12,BXSL,Blackstone BDC,26.770000457763672
2025-11-12,DGS1,US Treasury 1Y,3.65
2025-11-12,DGS3,US Treasury 3Y,3.55
2025-11-12,DGS5,US Treasury 5Y,3.68
2025-11-12,FSK,KKR BDC,15.649999618530272
2025-11-12,HYG,High Yield Bond ETF,80.52999877929688
2025-11-12,KKR,KKR,123.06999969482422
2025-11-12,OBDC,Blue Owl BDC,12.100000381469728
2025-11-12,OTF,Blue Owl Tech BDC,13.720000267028809
2025-11-12,OWL,Blue Owl,15.079999923706056
2025-11-12,^GSPC,US Equity Market,6850.919921875
2025-11-13,APO,Apollo,128.7100067138672
2025-11-13,ARCC,Ares BDC,20.290000915527344
2025-11-13,ARES,Ares,148.47000122070312
2025-11-13,BAMLH0A0HYM2,ICE BofA US HY OAS,3.09
2025-11-13,BIZD,BDC Sector,14.199999809265137
2025-11-13,BX,Blackstone,139.52999877929688
2025-11-13,BXSL,Blackstone BDC,26.6200008392334
2025-11-13,DGS1,US Treasury 1Y,3.68
2025-11-13,DGS3,US Treasury 3Y,3.57
2025-11-13,DGS5,US Treasury 5Y,3.71
2025-11-13,FSK,KKR BDC,15.579999923706056
2025-11-13,HYG,High Yield Bond ETF,80.19999694824219
2025-11-13,KKR,KKR,120.75
2025-11-13,OBDC,Blue Owl BDC,11.960000038146973
2025-11-13,OTF,Blue Owl Tech BDC,13.31999969482422
2025-11-13,OWL,Blue Owl,14.81999969482422
2025-11-13,^GSPC,US Equity Market,6737.490234375
2025-11-14,APO,Apollo,130.60000610351562
2025-11-14,ARCC,Ares BDC,20.209999084472656
2025-11-14,ARES,Ares,146.39999389648438
2025-11-14,BAMLH0A0HYM2,ICE BofA US HY OAS,3.07
2025-11-14,BIZD,BDC Sector,14.130000114440918
2025-11-14,BX,Blackstone,141.44000244140625
2025-11-14,BXSL,Blackstone BDC,26.65999984741211
2025-11-14,DGS1,US Treasury 1Y,3.7
2025-11-14,DGS3,US Treasury 3Y,3.61
2025-11-14,DGS5,US Treasury 5Y,3.74
2025-11-14,FSK,KKR BDC,15.59000015258789
2025-11-14,HYG,High Yield Bond ETF,80.22000122070312
2025-11-14,KKR,KKR,119.91999816894533
2025-11-14,OBDC,Blue Owl BDC,11.899999618530272
2025-11-14,OTF,Blue Owl Tech BDC,13.239999771118164
2025-11-14,OWL,Blue Owl,14.619999885559082
2025-11-14,^GSPC,US Equity Market,6734.10986328125
2025-11-17,APO,Apollo,124.33999633789062
2025-11-17,ARCC,Ares BDC,19.68000030517578
2025-11-17,ARES,Ares,142.05999755859375
2025-11-17,BAMLH0A0HYM2,ICE BofA US HY OAS,3.13
2025-11-17,BIZD,BDC Sector,13.859999656677246
2025-11-17,BX,Blackstone,138.4199981689453
2025-11-17,BXSL,Blackstone BDC,26.209999084472656
2025-11-17,DGS1,US Treasury 1Y,3.69
2025-11-17,DGS3,US Treasury 3Y,3.6
2025-11-17,DGS5,US Treasury 5Y,3.72
2025-11-17,FSK,KKR BDC,15.3100004196167
2025-11-17,HYG,High Yield Bond ETF,80.08999633789062
2025-11-17,KKR,KKR,114.0199966430664
2025-11-17,OBDC,Blue Owl BDC,11.859999656677246
2025-11-17,OTF,Blue Owl Tech BDC,13.170000076293944
2025-11-17,OWL,Blue Owl,13.770000457763672
2025-11-17,^GSPC,US Equity Market,6672.41015625
2025-11-18,APO,Apollo,124.31999969482422
2025-11-18,ARCC,Ares BDC,19.520000457763672
2025-11-18,ARES,Ares,142.69000244140625
2025-11-18,BAMLH0A0HYM2,ICE BofA US HY OAS,3.2
2025-11-18,BIZD,BDC Sector,13.84000015258789
2025-11-18,BX,Blackstone,136.52999877929688
2025-11-18,BXSL,Blackstone BDC,26.290000915527344
2025-11-18,DGS1,US Treasury 1Y,3.67
2025-11-18,DGS3,US Treasury 3Y,3.58
2025-11-18,DGS5,US Treasury 5Y,3.7
2025-11-18,FSK,KKR BDC,15.3100004196167
2025-11-18,HYG,High Yield Bond ETF,80.11000061035156
2025-11-18,KKR,KKR,114.18000030517578
2025-11-18,OBDC,Blue Owl BDC,11.75
2025-11-18,OTF,Blue Owl Tech BDC,13.359999656677246
2025-11-18,OWL,Blue Owl,13.90999984741211
2025-11-18,^GSPC,US Equity Market,6617.31982421875
2025-11-19,APO,Apollo,127.1999969482422
2025-11-19,ARCC,Ares BDC,19.530000686645508
2025-11-19,ARES,Ares,145.1699981689453
2025-11-19,BAMLH0A0HYM2,ICE BofA US HY OAS,3.17
2025-11-19,BIZD,BDC Sector,13.890000343322754
2025-11-19,BX,Blackstone,138.64999389648438
2025-11-19,BXSL,Blackstone BDC,26.309999465942383
2025-11-19,DGS1,US Treasury 1Y,3.68
2025-11-19,DGS3,US Treasury 3Y,3.59
2025-11-19,DGS5,US Treasury 5Y,3.71
2025-11-19,FSK,KKR BDC,15.270000457763672
2025-11-19,HYG,High Yield Bond ETF,80.1500015258789
2025-11-19,KKR,KKR,117.5
2025-11-19,OBDC,Blue Owl BDC,11.970000267028809
2025-11-19,OTF,Blue Owl Tech BDC,13.15999984741211
2025-11-19,OWL,Blue Owl,13.789999961853027
2025-11-19,^GSPC,US Equity Market,6642.16015625
2025-11-20,APO,Apollo,126.76000213623048
2025-11-20,ARCC,Ares BDC,19.520000457763672
2025-11-20,ARES,Ares,144.30999755859375
2025-11-20,BAMLH0A0HYM2,ICE BofA US HY OAS,3.17
2025-11-20,BIZD,BDC Sector,13.8100004196167
2025-11-20,BX,Blackstone,138.4199981689453
2025-11-20,BXSL,Blackstone BDC,26.14999961853028
2025-11-20,DGS1,US Treasury 1Y,3.65
2025-11-20,DGS3,US Treasury 3Y,3.56
2025-11-20,DGS5,US Treasury 5Y,3.68
2025-11-20,FSK,KKR BDC,15.25
2025-11-20,HYG,High Yield Bond ETF,80.0999984741211
2025-11-20,KKR,KKR,114.41000366210938
2025-11-20,OBDC,Blue Owl BDC,12.029999732971191
2025-11-20,OTF,Blue Owl Tech BDC,13.140000343322754
2025-11-20,OWL,Blue Owl,13.739999771118164
2025-11-20,^GSPC,US Equity Market,6538.759765625
2025-11-21,APO,Apollo,130.02000427246094
2025-11-21,ARCC,Ares BDC,19.84000015258789
2025-11-21,ARES,Ares,147.42999267578125
2025-11-21,BAMLH0A0HYM2,ICE BofA US HY OAS,3.19
2025-11-21,BIZD,BDC Sector,14.039999961853027
2025-11-21,BX,Blackstone,142.6699981689453
2025-11-21,BXSL,Blackstone BDC,26.549999237060547
2025-11-21,DGS1,US Treasury 1Y,3.62
2025-11-21,DGS3,US Treasury 3Y,3.5
2025-11-21,DGS5,US Treasury 5Y,3.62
2025-11-21,FSK,KKR BDC,15.619999885559082
2025-11-21,HYG,High Yield Bond ETF,80.37000274658203
2025-11-21,KKR,KKR,118.66999816894533
2025-11-21,OBDC,Blue Owl BDC,12.34000015258789
2025-11-21,OTF,Blue Owl Tech BDC,13.40999984741211
2025-11-21,OWL,Blue Owl,14.029999732971191
2025-11-21,^GSPC,US Equity Market,6602.990234375
2025-11-24,APO,Apollo,130.10000610351562
2025-11-24,ARCC,Ares BDC,20.14999961853028
2025-11-24,ARES,Ares,150.11000061035156
2025-11-24,BAMLH0A0HYM2,ICE BofA US HY OAS,3.15
2025-11-24,BIZD,BDC Sector,14.229999542236328
2025-11-24,BX,Blackstone,141.4199981689453
2025-11-24,BXSL,Blackstone BDC,26.8700008392334
2025-11-24,DGS1,US Treasury 1Y,3.61
2025-11-24,DGS3,US Treasury 3Y,3.49
2025-11-24,DGS5,US Treasury 5Y,3.61
2025-11-24,FSK,KKR BDC,15.829999923706056
2025-11-24,HYG,High Yield Bond ETF,80.58999633789062
2025-11-24,KKR,KKR,117.8499984741211
2025-11-24,OBDC,Blue Owl BDC,12.649999618530272
2025-11-24,OTF,Blue Owl Tech BDC,13.56999969482422
2025-11-24,OWL,Blue Owl,14.15999984741211
2025-11-24,^GSPC,US Equity Market,6705.1201171875
2025-11-25,APO,Apollo,130.6199951171875
2025-11-25,ARCC,Ares BDC,20.34000015258789
2025-11-25,ARES,Ares,152.8699951171875
2025-11-25,BAMLH0A0HYM2,ICE BofA US HY OAS,3.1
2025-11-25,BIZD,BDC Sector,14.399999618530272
2025-11-25,BX,Blackstone,143.42999267578125
2025-11-25,BXSL,Blackstone BDC,27.239999771118164
2025-11-25,DGS1,US Treasury 1Y,3.6
2025-11-25,DGS3,US Treasury 3Y,3.46
2025-11-25,DGS5,US Treasury 5Y,3.55
2025-11-25,FSK,KKR BDC,15.960000038146973
2025-11-25,HYG,High Yield Bond ETF,80.87000274658203
2025-11-25,KKR,KKR,120.80999755859376
2025-11-25,OBDC,Blue Owl BDC,12.880000114440918
2025-11-25,OTF,Blue Owl Tech BDC,13.699999809265137
2025-11-25,OWL,Blue Owl,14.449999809265137
2025-11-25,^GSPC,US Equity Market,6765.8798828125
2025-11-26,APO,Apollo,130.27000427246094
2025-11-26,ARCC,Ares BDC,20.51000022888184
2025-11-26,ARES,Ares,154.5500030517578
2025-11-26,BAMLH0A0HYM2,ICE BofA US HY OAS,3.0
2025-11-26,BIZD,BDC Sector,14.550000190734863
2025-11-26,BX,Blackstone,144.9199981689453
2025-11-26,BXSL,Blackstone BDC,27.489999771118164
2025-11-26,DGS1,US Treasury 1Y,3.61
2025-11-26,DGS3,US Treasury 3Y,3.47
2025-11-26,DGS5,US Treasury 5Y,3.56
2025-11-26,FSK,KKR BDC,16.1299991607666
2025-11-26,HYG,High Yield Bond ETF,80.94999694824219
2025-11-26,KKR,KKR,120.83000183105467
2025-11-26,OBDC,Blue Owl BDC,13.130000114440918
2025-11-26,OTF,Blue Owl Tech BDC,13.65999984741211
2025-11-26,OWL,Blue Owl,14.75
2025-11-26,^GSPC,US Equity Market,6812.60986328125
2025-11-27,BAMLH0A0HYM2,ICE BofA US HY OAS,3.0
2025-11-28,APO,Apollo,131.85000610351562
2025-11-28,ARCC,Ares BDC,20.6200008392334
2025-11-28,ARES,Ares,156.85000610351562
2025-11-28,BAMLH0A0HYM2,ICE BofA US HY OAS,2.95
2025-11-28,BIZD,BDC Sector,14.640000343322754
2025-11-28,BX,Blackstone,146.4199981689453
2025-11-28,BXSL,Blackstone BDC,27.59000015258789
2025-11-28,DGS1,US Treasury 1Y,3.61
2025-11-28,DGS3,US Treasury 3Y,3.49
2025-11-28,DGS5,US Treasury 5Y,3.59
2025-11-28,FSK,KKR BDC,16.100000381469727
2025-11-28,HYG,High Yield Bond ETF,80.98999786376953
2025-11-28,KKR,KKR,122.30999755859376
2025-11-28,OBDC,Blue Owl BDC,13.170000076293944
2025-11-28,OTF,Blue Owl Tech BDC,13.899999618530272
2025-11-28,OWL,Blue Owl,15.0
2025-11-28,^GSPC,US Equity Market,6849.08984375
2025-11-30,BAMLH0A0HYM2,ICE BofA US HY OAS,2.92
2025-12-01,APO,Apollo,131.38999938964844
2025-12-01,ARCC,Ares BDC,20.57999992370605
2025-12-01,ARES,Ares,159.50999450683594
2025-12-01,BAMLH0A0HYM2,ICE BofA US HY OAS,2.94
2025-12-01,BIZD,BDC Sector,14.5600004196167
2025-12-01,BX,Blackstone,146.35000610351562
2025-12-01,BXSL,Blackstone BDC,27.61000061035156
2025-12-01,DGS1,US Treasury 1Y,3.62
2025-12-01,DGS3,US Treasury 3Y,3.55
2025-12-01,DGS5,US Treasury 5Y,3.67
2025-12-01,FSK,KKR BDC,15.75
2025-12-01,HYG,High Yield Bond ETF,80.47000122070312
2025-12-01,KKR,KKR,122.19000244140624
2025-12-01,OBDC,Blue Owl BDC,13.239999771118164
2025-12-01,OTF,Blue Owl Tech BDC,14.130000114440918
2025-12-01,OWL,Blue Owl,15.029999732971191
2025-12-01,^GSPC,US Equity Market,6812.6298828125
2025-12-02,APO,Apollo,132.0800018310547
2025-12-02,ARCC,Ares BDC,20.63999938964844
2025-12-02,ARES,Ares,159.9199981689453
2025-12-02,BAMLH0A0HYM2,ICE BofA US HY OAS,2.92
2025-12-02,BIZD,BDC Sector,14.539999961853027
2025-12-02,BX,Blackstone,146.74000549316406
2025-12-02,BXSL,Blackstone BDC,27.440000534057617
2025-12-02,DGS1,US Treasury 1Y,3.59
2025-12-02,DGS3,US Treasury 3Y,3.54
2025-12-02,DGS5,US Treasury 5Y,3.66
2025-12-02,FSK,KKR BDC,15.81999969482422
2025-12-02,HYG,High Yield Bond ETF,80.62000274658203
2025-12-02,KKR,KKR,122.68000030517578
2025-12-02,OBDC,Blue Owl BDC,13.220000267028809
2025-12-02,OTF,Blue Owl Tech BDC,14.270000457763672
2025-12-02,OWL,Blue Owl,14.90999984741211
2025-12-02,^GSPC,US Equity Market,6829.3701171875
2025-12-03,APO,Apollo,134.5
2025-12-03,ARCC,Ares BDC,20.81999969482422
2025-12-03,ARES,Ares,162.0500030517578
2025-12-03,BAMLH0A0HYM2,ICE BofA US HY OAS,2.89
2025-12-03,BIZD,BDC Sector,14.779999732971191
2025-12-03,BX,Blackstone,151.52000427246094
2025-12-03,BXSL,Blackstone BDC,28.09000015258789
2025-12-03,DGS1,US Treasury 1Y,3.57
2025-12-03,DGS3,US Treasury 3Y,3.5
2025-12-03,DGS5,US Treasury 5Y,3.62
2025-12-03,FSK,KKR BDC,15.43000030517578
2025-12-03,HYG,High Yield Bond ETF,80.69000244140625
2025-12-03,KKR,KKR,126.4800033569336
2025-12-03,OBDC,Blue Owl BDC,13.40999984741211
2025-12-03,OTF,Blue Owl Tech BDC,14.550000190734863
2025-12-03,OWL,Blue Owl,15.65999984741211
2025-12-03,^GSPC,US Equity Market,6849.72021484375
2025-12-04,APO,Apollo,136.75
2025-12-04,ARCC,Ares BDC,20.920000076293945
2025-12-04,ARES,Ares,163.07000732421875
2025-12-04,BAMLH0A0HYM2,ICE BofA US HY OAS,2.88
2025-12-04,BIZD,BDC Sector,14.869999885559082
2025-12-04,BX,Blackstone,151.38999938964844
2025-12-04,BXSL,Blackstone BDC,28.26000022888184
2025-12-04,DGS1,US Treasury 1Y,3.6
2025-12-04,DGS3,US Treasury 3Y,3.55
2025-12-04,DGS5,US Treasury 5Y,3.68
2025-12-04,FSK,KKR BDC,15.550000190734863
2025-12-04,HYG,High Yield Bond ETF,80.75
2025-12-04,KKR,KKR,128.42999267578125
2025-12-04,OBDC,Blue Owl BDC,13.449999809265137
2025-12-04,OTF,Blue Owl Tech BDC,14.520000457763672
2025-12-04,OWL,Blue Owl,16.059999465942383
2025-12-04,^GSPC,US Equity Market,6857.1201171875
2025-12-05,APO,Apollo,138.1300048828125
2025-12-05,ARCC,Ares BDC,21.020000457763672
2025-12-05,ARES,Ares,165.4600067138672
2025-12-05,BAMLH0A0HYM2,ICE BofA US HY OAS,2.85
2025-12-05,BIZD,BDC Sector,14.90999984741211
2025-12-05,BX,Blackstone,152.14999389648438
2025-12-05,BXSL,Blackstone BDC,28.309999465942383
2025-12-05,DGS1,US Treasury 1Y,3.61
2025-12-05,DGS3,US Treasury 3Y,3.59
2025-12-05,DGS5,US Treasury 5Y,3.72
2025-12-05,FSK,KKR BDC,15.460000038146973
2025-12-05,HYG,High Yield Bond ETF,80.75
2025-12-05,KKR,KKR,129.4199981689453
2025-12-05,OBDC,Blue Owl BDC,13.479999542236328
2025-12-05,OTF,Blue Owl Tech BDC,14.56999969482422
2025-12-05,OWL,Blue Owl,16.239999771118164
2025-12-05,^GSPC,US Equity Market,6870.39990234375
2025-12-08,APO,Apollo,137.3800048828125
2025-12-08,ARCC,Ares BDC,21.020000457763672
2025-12-08,ARES,Ares,164.25999450683594
2025-12-08,BAMLH0A0HYM2,ICE BofA US HY OAS,2.89
2025-12-08,BIZD,BDC Sector,14.949999809265137
2025-12-08,BX,Blackstone,151.3699951171875
2025-12-08,BXSL,Blackstone BDC,28.270000457763672
2025-12-08,DGS1,US Treasury 1Y,3.61
2025-12-08,DGS3,US Treasury 3Y,3.59
2025-12-08,DGS5,US Treasury 5Y,3.75
2025-12-08,FSK,KKR BDC,15.539999961853027
2025-12-08,HYG,High Yield Bond ETF,80.55000305175781
2025-12-08,KKR,KKR,130.24000549316406
2025-12-08,OBDC,Blue Owl BDC,13.300000190734863
2025-12-08,OTF,Blue Owl Tech BDC,14.510000228881836
2025-12-08,OWL,Blue Owl,16.020000457763672
2025-12-08,^GSPC,US Equity Market,6846.509765625
2025-12-09,APO,Apollo,143.88999938964844
2025-12-09,ARCC,Ares BDC,21.0
2025-12-09,ARES,Ares,176.1999969482422
2025-12-09,BAMLH0A0HYM2,ICE BofA US HY OAS,2.89
2025-12-09,BIZD,BDC Sector,15.010000228881836
2025-12-09,BX,Blackstone,156.02000427246094
2025-12-09,BXSL,Blackstone BDC,28.38999938964844
2025-12-09,DGS1,US Treasury 1Y,3.63
2025-12-09,DGS3,US Treasury 3Y,3.62
2025-12-09,DGS5,US Treasury 5Y,3.78
2025-12-09,FSK,KKR BDC,15.520000457763672
2025-12-09,HYG,High Yield Bond ETF,80.45999908447266
2025-12-09,KKR,KKR,135.77999877929688
2025-12-09,OBDC,Blue Owl BDC,13.34000015258789
2025-12-09,OTF,Blue Owl Tech BDC,14.649999618530272
2025-12-09,OWL,Blue Owl,16.670000076293945
2025-12-09,^GSPC,US Equity Market,6840.509765625
2025-12-10,APO,Apollo,149.0800018310547
2025-12-10,ARCC,Ares BDC,21.030000686645508
2025-12-10,ARES,Ares,178.27999877929688
2025-12-10,BAMLH0A0HYM2,ICE BofA US HY OAS,2.91
2025-12-10,BIZD,BDC Sector,15.050000190734863
2025-12-10,BX,Blackstone,156.60000610351562
2025-12-10,BXSL,Blackstone BDC,28.34000015258789
2025-12-10,DGS1,US Treasury 1Y,3.58
2025-12-10,DGS3,US Treasury 3Y,3.56
2025-12-10,DGS5,US Treasury 5Y,3.72
2025-12-10,FSK,KKR BDC,15.75
2025-12-10,HYG,High Yield Bond ETF,80.7300033569336
2025-12-10,KKR,KKR,141.5399932861328
2025-12-10,OBDC,Blue Owl BDC,13.380000114440918
2025-12-10,OTF,Blue Owl Tech BDC,14.520000457763672
2025-12-10,OWL,Blue Owl,16.559999465942383
2025-12-10,^GSPC,US Equity Market,6886.68017578125
2025-12-11,APO,Apollo,150.3300018310547
2025-12-11,ARCC,Ares BDC,20.8700008392334
2025-12-11,ARES,Ares,176.8699951171875
2025-12-11,BAMLH0A0HYM2,ICE BofA US HY OAS,2.88
2025-12-11,BIZD,BDC Sector,14.859999656677246
2025-12-11,BX,Blackstone,154.11000061035156
2025-12-11,BXSL,Blackstone BDC,28.07999992370605
2025-12-11,DGS1,US Treasury 1Y,3.56
2025-12-11,DGS3,US Treasury 3Y,3.55
2025-12-11,DGS5,US Treasury 5Y,3.72
2025-12-11,FSK,KKR BDC,15.399999618530272
2025-12-11,HYG,High Yield Bond ETF,80.72000122070312
2025-12-11,KKR,KKR,142.77000427246094
2025-12-11,OBDC,Blue Owl BDC,13.149999618530272
2025-12-11,OTF,Blue Owl Tech BDC,14.210000038146973
2025-12-11,OWL,Blue Owl,16.110000610351562
2025-12-11,^GSPC,US Equity Market,6901.0
2025-12-12,APO,Apollo,148.0500030517578
2025-12-12,ARCC,Ares BDC,20.850000381469727
2025-12-12,ARES,Ares,173.77999877929688
2025-12-12,BAMLH0A0HYM2,ICE BofA US HY OAS,2.91
2025-12-12,BIZD,BDC Sector,14.84000015258789
2025-12-12,BX,Blackstone,151.17999267578125
2025-12-12,BXSL,Blackstone BDC,28.170000076293945
2025-12-12,DGS1,US Treasury 1Y,3.54
2025-12-12,DGS3,US Treasury 3Y,3.58
2025-12-12,DGS5,US Treasury 5Y,3.75
2025-12-12,FSK,KKR BDC,15.399999618530272
2025-12-12,HYG,High Yield Bond ETF,80.56999969482422
2025-12-12,KKR,KKR,136.60000610351562
2025-12-12,OBDC,Blue Owl BDC,13.050000190734863
2025-12-12,OTF,Blue Owl Tech BDC,14.15999984741211
2025-12-12,OWL,Blue Owl,15.649999618530272
2025-12-12,^GSPC,US Equity Market,6827.41015625
2025-12-15,APO,Apollo,146.8300018310547
2025-12-15,ARCC,Ares BDC,20.309999465942383
2025-12-15,ARES,Ares,172.67999267578125
2025-12-15,BAMLH0A0HYM2,ICE BofA US HY OAS,2.91
2025-12-15,BIZD,BDC Sector,14.739999771118164
2025-12-15,BX,Blackstone,150.33999633789062
2025-12-15,BXSL,Blackstone BDC,28.11000061035156
2025-12-15,DGS1,US Treasury 1Y,3.52
2025-12-15,DGS3,US Treasury 3Y,3.56
2025-12-15,DGS5,US Treasury 5Y,3.73
2025-12-15,FSK,KKR BDC,15.15999984741211
2025-12-15,HYG,High Yield Bond ETF,80.61000061035156
2025-12-15,KKR,KKR,134.80999755859375
2025-12-15,OBDC,Blue Owl BDC,13.010000228881836
2025-12-15,OTF,Blue Owl Tech BDC,13.93000030517578
2025-12-15,OWL,Blue Owl,15.59000015258789
2025-12-15,^GSPC,US Equity Market,6816.509765625
2025-12-16,APO,Apollo,147.14999389648438
2025-12-16,ARCC,Ares BDC,20.13999938964844
2025-12-16,ARES,Ares,173.61000061035156
2025-12-16,BAMLH0A0HYM2,ICE BofA US HY OAS,2.98
2025-12-16,BIZD,BDC Sector,14.6899995803833
2025-12-16,BX,Blackstone,152.08999633789062
2025-12-16,BXSL,Blackstone BDC,27.84000015258789
2025-12-16,DGS1,US Treasury 1Y,3.51
2025-12-16,DGS3,US Treasury 3Y,3.52
2025-12-16,DGS5,US Treasury 5Y,3.69
2025-12-16,FSK,KKR BDC,15.18000030517578
2025-12-16,HYG,High Yield Bond ETF,80.66000366210938
2025-12-16,KKR,KKR,133.3800048828125
2025-12-16,OBDC,Blue Owl BDC,12.979999542236328
2025-12-16,OTF,Blue Owl Tech BDC,13.920000076293944
2025-12-16,OWL,Blue Owl,15.829999923706056
2025-12-16,^GSPC,US Equity Market,6800.259765625
2025-12-17,APO,Apollo,146.39999389648438
2025-12-17,ARCC,Ares BDC,20.190000534057617
2025-12-17,ARES,Ares,168.50999450683594
2025-12-17,BAMLH0A0HYM2,ICE BofA US HY OAS,2.99
2025-12-17,BIZD,BDC Sector,14.609999656677246
2025-12-17,BX,Blackstone,153.19000244140625
2025-12-17,BXSL,Blackstone BDC,27.739999771118164
2025-12-17,DGS1,US Treasury 1Y,3.51
2025-12-17,DGS3,US Treasury 3Y,3.53
2025-12-17,DGS5,US Treasury 5Y,3.7
2025-12-17,FSK,KKR BDC,15.020000457763672
2025-12-17,HYG,High Yield Bond ETF,80.55999755859375
2025-12-17,KKR,KKR,132.14999389648438
2025-12-17,OBDC,Blue Owl BDC,12.90999984741211
2025-12-17,OTF,Blue Owl Tech BDC,13.899999618530272
2025-12-17,OWL,Blue Owl,15.390000343322754
2025-12-17,^GSPC,US Equity Market,6721.43017578125
2025-12-18,APO,Apollo,146.3000030517578
2025-12-18,ARCC,Ares BDC,20.13999938964844
2025-12-18,ARES,Ares,166.66000366210938
2025-12-18,BAMLH0A0HYM2,ICE BofA US HY OAS,2.95
2025-12-18,BIZD,BDC Sector,14.56999969482422
2025-12-18,BX,Blackstone,153.72999572753906
2025-12-18,BXSL,Blackstone BDC,27.51000022888184
2025-12-18,DGS1,US Treasury 1Y,3.49
2025-12-18,DGS3,US Treasury 3Y,3.5
2025-12-18,DGS5,US Treasury 5Y,3.66
2025-12-18,FSK,KKR BDC,14.970000267028809
2025-12-18,HYG,High Yield Bond ETF,80.77999877929688
2025-12-18,KKR,KKR,131.97000122070312
2025-12-18,OBDC,Blue Owl BDC,12.699999809265137
2025-12-18,OTF,Blue Owl Tech BDC,13.880000114440918
2025-12-18,OWL,Blue Owl,15.479999542236328
2025-12-18,^GSPC,US Equity Market,6774.759765625
2025-12-19,APO,Apollo,146.33999633789062
2025-12-19,ARCC,Ares BDC,19.940000534057617
2025-12-19,ARES,Ares,165.67999267578125
2025-12-19,BAMLH0A0HYM2,ICE BofA US HY OAS,2.9
2025-12-19,BIZD,BDC Sector,14.43000030517578
2025-12-19,BX,Blackstone,151.58999633789062
2025-12-19,BXSL,Blackstone BDC,27.3700008392334
2025-12-19,DGS1,US Treasury 1Y,3.51
2025-12-19,DGS3,US Treasury 3Y,3.53
2025-12-19,DGS5,US Treasury 5Y,3.7
2025-12-19,FSK,KKR BDC,14.6899995803833
2025-12-19,HYG,High Yield Bond ETF,80.36000061035156
2025-12-19,KKR,KKR,130.61000061035156
2025-12-19,OBDC,Blue Owl BDC,12.649999618530272
2025-12-19,OTF,Blue Owl Tech BDC,13.56999969482422
2025-12-19,OWL,Blue Owl,15.390000343322754
2025-12-19,^GSPC,US Equity Market,6834.5
2025-12-22,APO,Apollo,148.88999938964844
2025-12-22,ARCC,Ares BDC,19.90999984741211
2025-12-22,ARES,Ares,170.2899932861328
2025-12-22,BAMLH0A0HYM2,ICE BofA US HY OAS,2.88
2025-12-22,BIZD,BDC Sector,14.43000030517578
2025-12-22,BX,Blackstone,155.8300018310547
2025-12-22,BXSL,Blackstone BDC,27.11000061035156
2025-12-22,DGS1,US Treasury 1Y,3.53
2025-12-22,DGS3,US Treasury 3Y,3.56
2025-12-22,DGS5,US Treasury 5Y,3.71
2025-12-22,FSK,KKR BDC,14.59000015258789
2025-12-22,HYG,High Yield Bond ETF,80.43000030517578
2025-12-22,KKR,KKR,131.4199981689453
2025-12-22,OBDC,Blue Owl BDC,12.65999984741211
2025-12-22,OTF,Blue Owl Tech BDC,14.0
2025-12-22,OWL,Blue Owl,15.880000114440918
2025-12-22,^GSPC,US Equity Market,6878.490234375
2025-12-23,APO,Apollo,148.3699951171875
2025-12-23,ARCC,Ares BDC,19.920000076293945
2025-12-23,ARES,Ares,168.74000549316406
2025-12-23,BAMLH0A0HYM2,ICE BofA US HY OAS,2.83
2025-12-23,BIZD,BDC Sector,14.350000381469728
2025-12-23,BX,Blackstone,155.16000366210938
2025-12-23,BXSL,Blackstone BDC,26.920000076293945
2025-12-23,DGS1,US Treasury 1Y,3.52
2025-12-23,DGS3,US Treasury 3Y,3.58
2025-12-23,DGS5,US Treasury 5Y,3.72
2025-12-23,FSK,KKR BDC,14.449999809265137
2025-12-23,HYG,High Yield Bond ETF,80.48999786376953
2025-12-23,KKR,KKR,131.0
2025-12-23,OBDC,Blue Owl BDC,12.550000190734863
2025-12-23,OTF,Blue Owl Tech BDC,14.100000381469728
2025-12-23,OWL,Blue Owl,15.68000030517578
2025-12-23,^GSPC,US Equity Market,6909.7900390625
2025-12-24,APO,Apollo,148.85000610351562
2025-12-24,ARCC,Ares BDC,20.0
2025-12-24,ARES,Ares,169.05999755859375
2025-12-24,BAMLH0A0HYM2,ICE BofA US HY OAS,2.84
2025-12-24,BIZD,BDC Sector,14.380000114440918
2025-12-24,BX,Blackstone,155.57000732421875
2025-12-24,BXSL,Blackstone BDC,27.07999992370605
2025-12-24,DGS1,US Treasury 1Y,3.5
2025-12-24,DGS3,US Treasury 3Y,3.56
2025-12-24,DGS5,US Treasury 5Y,3.7
2025-12-24,FSK,KKR BDC,14.510000228881836
2025-12-24,HYG,High Yield Bond ETF,80.63999938964844
2025-12-24,KKR,KKR,130.77999877929688
2025-12-24,OBDC,Blue Owl BDC,12.59000015258789
2025-12-24,OTF,Blue Owl Tech BDC,14.109999656677246
2025-12-24,OWL,Blue Owl,15.460000038146973
2025-12-24,^GSPC,US Equity Market,6932.0498046875
2025-12-26,APO,Apollo,148.52000427246094
2025-12-26,ARCC,Ares BDC,20.200000762939453
2025-12-26,ARES,Ares,168.72999572753906
2025-12-26,BAMLH0A0HYM2,ICE BofA US HY OAS,2.86
2025-12-26,BIZD,BDC Sector,14.520000457763672
2025-12-26,BX,Blackstone,155.41000366210938
2025-12-26,BXSL,Blackstone BDC,27.239999771118164
2025-12-26,DGS1,US Treasury 1Y,3.49
2025-12-26,DGS3,US Treasury 3Y,3.54
2025-12-26,DGS5,US Treasury 5Y,3.68
2025-12-26,FSK,KKR BDC,14.729999542236328
2025-12-26,HYG,High Yield Bond ETF,80.5999984741211
2025-12-26,KKR,KKR,130.41000366210938
2025-12-26,OBDC,Blue Owl BDC,12.729999542236328
2025-12-26,OTF,Blue Owl Tech BDC,14.130000114440918
2025-12-26,OWL,Blue Owl,15.029999732971191
2025-12-26,^GSPC,US Equity Market,6929.93994140625
2025-12-29,APO,Apollo,147.27000427246094
2025-12-29,ARCC,Ares BDC,20.170000076293945
2025-12-29,ARES,Ares,169.0500030517578
2025-12-29,BAMLH0A0HYM2,ICE BofA US HY OAS,2.87
2025-12-29,BIZD,BDC Sector,14.079999923706056
2025-12-29,BX,Blackstone,155.1300048828125
2025-12-29,BXSL,Blackstone BDC,27.1200008392334
2025-12-29,DGS1,US Treasury 1Y,3.48
2025-12-29,DGS3,US Treasury 3Y,3.51
2025-12-29,DGS5,US Treasury 5Y,3.67
2025-12-29,FSK,KKR BDC,14.670000076293944
2025-12-29,HYG,High Yield Bond ETF,80.62999725341797
2025-12-29,KKR,KKR,129.4199981689453
2025-12-29,OBDC,Blue Owl BDC,12.670000076293944
2025-12-29,OTF,Blue Owl Tech BDC,14.65999984741211
2025-12-29,OWL,Blue Owl,15.25
2025-12-29,^GSPC,US Equity Market,6905.740234375
2025-12-30,APO,Apollo,146.05999755859375
2025-12-30,ARCC,Ares BDC,20.290000915527344
2025-12-30,ARES,Ares,163.22999572753906
2025-12-30,BAMLH0A0HYM2,ICE BofA US HY OAS,2.84
2025-12-30,BIZD,BDC Sector,14.15999984741211
2025-12-30,BX,Blackstone,154.77999877929688
2025-12-30,BXSL,Blackstone BDC,27.200000762939453
2025-12-30,DGS1,US Treasury 1Y,3.47
2025-12-30,DGS3,US Treasury 3Y,3.5
2025-12-30,DGS5,US Treasury 5Y,3.68
2025-12-30,FSK,KKR BDC,14.760000228881836
2025-12-30,HYG,High Yield Bond ETF,80.70999908447266
2025-12-30,KKR,KKR,128.63999938964844
2025-12-30,OBDC,Blue Owl BDC,12.760000228881836
2025-12-30,OTF,Blue Owl Tech BDC,14.65999984741211
2025-12-30,OWL,Blue Owl,14.989999771118164
2025-12-30,^GSPC,US Equity Market,6896.240234375
2025-12-31,APO,Apollo,144.75999450683594
2025-12-31,ARCC,Ares BDC,20.229999542236328
2025-12-31,ARES,Ares,161.6300048828125
2025-12-31,BAMLH0A0HYM2,ICE BofA US HY OAS,2.81
2025-12-31,BIZD,BDC Sector,14.18000030517578
2025-12-31,BX,Blackstone,154.13999938964844
2025-12-31,BXSL,Blackstone BDC,26.32999992370605
2025-12-31,DGS1,US Treasury 1Y,3.48
2025-12-31,DGS3,US Treasury 3Y,3.55
2025-12-31,DGS5,US Treasury 5Y,3.73
2025-12-31,FSK,KKR BDC,14.8100004196167
2025-12-31,HYG,High Yield Bond ETF,80.62999725341797
2025-12-31,KKR,KKR,127.4800033569336
2025-12-31,OBDC,Blue Owl BDC,12.43000030517578
2025-12-31,OTF,Blue Owl Tech BDC,14.539999961853027
2025-12-31,OWL,Blue Owl,14.9399995803833
2025-12-31,^GSPC,US Equity Market,6845.5
2026-01-02,APO,Apollo,146.61000061035156
2026-01-02,ARCC,Ares BDC,20.440000534057617
2026-01-02,ARES,Ares,166.3300018310547
2026-01-02,BAMLH0A0HYM2,ICE BofA US HY OAS,2.83
2026-01-02,BIZD,BDC Sector,14.260000228881836
2026-01-02,BX,Blackstone,158.8000030517578
2026-01-02,BXSL,Blackstone BDC,26.57999992370605
2026-01-02,DGS1,US Treasury 1Y,3.47
2026-01-02,DGS3,US Treasury 3Y,3.55
2026-01-02,DGS5,US Treasury 5Y,3.74
2026-01-02,FSK,KKR BDC,14.93000030517578
2026-01-02,HYG,High Yield Bond ETF,80.66999816894531
2026-01-02,KKR,KKR,128.89999389648438
2026-01-02,OBDC,Blue Owl BDC,12.5600004196167
2026-01-02,OTF,Blue Owl Tech BDC,14.199999809265137
2026-01-02,OWL,Blue Owl,15.3100004196167
2026-01-02,^GSPC,US Equity Market,6858.47021484375
2026-01-05,APO,Apollo,149.75999450683594
2026-01-05,ARCC,Ares BDC,20.729999542236328
2026-01-05,ARES,Ares,172.0500030517578
2026-01-05,BAMLH0A0HYM2,ICE BofA US HY OAS,2.81
2026-01-05,BIZD,BDC Sector,14.449999809265137
2026-01-05,BX,Blackstone,162.35000610351562
2026-01-05,BXSL,Blackstone BDC,26.979999542236328
2026-01-05,DGS1,US Treasury 1Y,3.47
2026-01-05,DGS3,US Treasury 3Y,3.53
2026-01-05,DGS5,US Treasury 5Y,3.71
2026-01-05,FSK,KKR BDC,14.800000190734863
2026-01-05,HYG,High Yield Bond ETF,80.87999725341797
2026-01-05,KKR,KKR,134.57000732421875
2026-01-05,OBDC,Blue Owl BDC,12.649999618530272
2026-01-05,OTF,Blue Owl Tech BDC,14.68000030517578
2026-01-05,OWL,Blue Owl,15.869999885559082
2026-01-05,^GSPC,US Equity Market,6902.0498046875
2026-01-06,APO,Apollo,152.6999969482422
2026-01-06,ARCC,Ares BDC,20.59000015258789
2026-01-06,ARES,Ares,176.0
2026-01-06,BAMLH0A0HYM2,ICE BofA US HY OAS,2.79
2026-01-06,BIZD,BDC Sector,14.34000015258789
2026-01-06,BX,Blackstone,162.64999389648438
2026-01-06,BXSL,Blackstone BDC,26.56999969482422
2026-01-06,DGS1,US Treasury 1Y,3.48
2026-01-06,DGS3,US Treasury 3Y,3.54
2026-01-06,DGS5,US Treasury 5Y,3.72
2026-01-06,FSK,KKR BDC,14.619999885559082
2026-01-06,HYG,High Yield Bond ETF,80.9000015258789
2026-01-06,KKR,KKR,135.82000732421875
2026-01-06,OBDC,Blue Owl BDC,12.5
2026-01-06,OTF,Blue Owl Tech BDC,14.109999656677246
2026-01-06,OWL,Blue Owl,16.040000915527344
2026-01-06,^GSPC,US Equity Market,6944.81982421875
2026-01-07,APO,Apollo,144.27999877929688
2026-01-07,ARCC,Ares BDC,20.18000030517578
2026-01-07,ARES,Ares,170.8000030517578
2026-01-07,BAMLH0A0HYM2,ICE BofA US HY OAS,2.79
2026-01-07,BIZD,BDC Sector,13.970000267028809
2026-01-07,BX,Blackstone,153.58999633789062
2026-01-07,BXSL,Blackstone BDC,25.559999465942383
2026-01-07,DGS1,US Treasury 1Y,3.48
2026-01-07,DGS3,US Treasury 3Y,3.53
2026-01-07,DGS5,US Treasury 5Y,3.7
2026-01-07,FSK,KKR BDC,14.199999809265137
2026-01-07,HYG,High Yield Bond ETF,80.87999725341797
2026-01-07,KKR,KKR,130.8300018310547
2026-01-07,OBDC,Blue Owl BDC,12.260000228881836
2026-01-07,OTF,Blue Owl Tech BDC,14.0600004196167
2026-01-07,OWL,Blue Owl,15.579999923706056
2026-01-07,^GSPC,US Equity Market,6920.93017578125
2026-01-08,APO,Apollo,146.19000244140625
2026-01-08,ARCC,Ares BDC,20.780000686645508
2026-01-08,ARES,Ares,175.75
2026-01-08,BAMLH0A0HYM2,ICE BofA US HY OAS,2.76
2026-01-08,BIZD,BDC Sector,14.390000343322754
2026-01-08,BX,Blackstone,155.3000030517578
2026-01-08,BXSL,Blackstone BDC,26.350000381469727
2026-01-08,DGS1,US Treasury 1Y,3.48
2026-01-08,DGS3,US Treasury 3Y,3.56
2026-01-08,DGS5,US Treasury 5Y,3.74
2026-01-08,FSK,KKR BDC,14.630000114440918
2026-01-08,HYG,High Yield Bond ETF,80.94000244140625
2026-01-08,KKR,KKR,133.63999938964844
2026-01-08,OBDC,Blue Owl BDC,12.619999885559082
2026-01-08,OTF,Blue Owl Tech BDC,14.229999542236328
2026-01-08,OWL,Blue Owl,15.779999732971191
2026-01-08,^GSPC,US Equity Market,6921.4599609375
2026-01-09,APO,Apollo,145.82000732421875
2026-01-09,ARCC,Ares BDC,20.63999938964844
2026-01-09,ARES,Ares,175.91000366210938
2026-01-09,BAMLH0A0HYM2,ICE BofA US HY OAS,2.74
2026-01-09,BIZD,BDC Sector,14.34000015258789
2026-01-09,BX,Blackstone,157.6199951171875
2026-01-09,BXSL,Blackstone BDC,26.280000686645508
2026-01-09,DGS1,US Treasury 1Y,3.52
2026-01-09,DGS3,US Treasury 3Y,3.59
2026-01-09,DGS5,US Treasury 5Y,3.75
2026-01-09,FSK,KKR BDC,14.56999969482422
2026-01-09,HYG,High Yield Bond ETF,81.0
2026-01-09,KKR,KKR,134.64999389648438
2026-01-09,OBDC,Blue Owl BDC,12.5600004196167
2026-01-09,OTF,Blue Owl Tech BDC,14.020000457763672
2026-01-09,OWL,Blue Owl,15.729999542236328
2026-01-09,^GSPC,US Equity Market,6966.27978515625
2026-01-12,APO,Apollo,143.91000366210938
2026-01-12,ARCC,Ares BDC,20.520000457763672
2026-01-12,ARES,Ares,174.2899932861328
2026-01-12,BAMLH0A0HYM2,ICE BofA US HY OAS,2.74
2026-01-12,BIZD,BDC Sector,14.31999969482422
2026-01-12,BX,Blackstone,156.5800018310547
2026-01-12,BXSL,Blackstone BDC,26.06999969482422
2026-01-12,DGS1,US Treasury 1Y,3.53
2026-01-12,DGS3,US Treasury 3Y,3.59
2026-01-12,DGS5,US Treasury 5Y,3.77
2026-01-12,FSK,KKR BDC,14.470000267028809
2026-01-12,HYG,High Yield Bond ETF,81.04000091552734
2026-01-12,KKR,KKR,133.97000122070312
2026-01-12,OBDC,Blue Owl BDC,12.649999618530272
2026-01-12,OTF,Blue Owl Tech BDC,13.789999961853027
2026-01-12,OWL,Blue Owl,15.779999732971191
2026-01-12,^GSPC,US Equity Market,6977.27001953125
2026-01-13,APO,Apollo,143.24000549316406
2026-01-13,ARCC,Ares BDC,20.479999542236328
2026-01-13,ARES,Ares,169.2100067138672
2026-01-13,BAMLH0A0HYM2,ICE BofA US HY OAS,2.75
2026-01-13,BIZD,BDC Sector,14.229999542236328
2026-01-13,BX,Blackstone,155.25
2026-01-13,BXSL,Blackstone BDC,25.799999237060547
2026-01-13,DGS1,US Treasury 1Y,3.51
2026-01-13,DGS3,US Treasury 3Y,3.57
2026-01-13,DGS5,US Treasury 5Y,3.75
2026-01-13,FSK,KKR BDC,14.380000114440918
2026-01-13,HYG,High Yield Bond ETF,81.04000091552734
2026-01-13,KKR,KKR,130.0800018310547
2026-01-13,OBDC,Blue Owl BDC,12.4399995803833
2026-01-13,OTF,Blue Owl Tech BDC,13.880000114440918
2026-01-13,OWL,Blue Owl,15.300000190734863
2026-01-13,^GSPC,US Equity Market,6963.740234375
2026-01-14,APO,Apollo,144.05999755859375
2026-01-14,ARCC,Ares BDC,20.8799991607666
2026-01-14,ARES,Ares,169.9199981689453
2026-01-14,BAMLH0A0HYM2,ICE BofA US HY OAS,2.76
2026-01-14,BIZD,BDC Sector,14.470000267028809
2026-01-14,BX,Blackstone,158.7100067138672
2026-01-14,BXSL,Blackstone BDC,26.200000762939453
2026-01-14,DGS1,US Treasury 1Y,3.5
2026-01-14,DGS3,US Treasury 3Y,3.56
2026-01-14,DGS5,US Treasury 5Y,3.72
2026-01-14,FSK,KKR BDC,14.619999885559082
2026-01-14,HYG,High Yield Bond ETF,81.04000091552734
2026-01-14,KKR,KKR,132.0800018310547
2026-01-14,OBDC,Blue Owl BDC,12.68000030517578
2026-01-14,OTF,Blue Owl Tech BDC,14.140000343322754
2026-01-14,OWL,Blue Owl,15.600000381469728
2026-01-14,^GSPC,US Equity Market,6926.60009765625
2026-01-15,APO,Apollo,144.14999389648438
2026-01-15,ARCC,Ares BDC,20.989999771118164
2026-01-15,ARES,Ares,169.57000732421875
2026-01-15,BAMLH0A0HYM2,ICE BofA US HY OAS,2.71
2026-01-15,BIZD,BDC Sector,14.600000381469728
2026-01-15,BX,Blackstone,160.80999755859375
2026-01-15,BXSL,Blackstone BDC,26.3700008392334
2026-01-15,DGS1,US Treasury 1Y,3.54
2026-01-15,DGS3,US Treasury 3Y,3.62
2026-01-15,DGS5,US Treasury 5Y,3.77
2026-01-15,FSK,KKR BDC,14.65999984741211
2026-01-15,HYG,High Yield Bond ETF,81.04000091552734
2026-01-15,KKR,KKR,131.32000732421875
2026-01-15,OBDC,Blue Owl BDC,12.729999542236328
2026-01-15,OTF,Blue Owl Tech BDC,14.489999771118164
2026-01-15,OWL,Blue Owl,15.789999961853027
2026-01-15,^GSPC,US Equity Market,6944.47021484375
2026-01-16,APO,Apollo,143.8800048828125
2026-01-16,ARCC,Ares BDC,20.89999961853028
2026-01-16,ARES,Ares,169.69000244140625
2026-01-16,BAMLH0A0HYM2,ICE BofA US HY OAS,2.65
2026-01-16,BIZD,BDC Sector,14.529999732971191
2026-01-16,BX,Blackstone,163.5
2026-01-16,BXSL,Blackstone BDC,26.51000022888184
2026-01-16,DGS1,US Treasury 1Y,3.55
2026-01-16,DGS3,US Treasury 3Y,3.67
2026-01-16,DGS5,US Treasury 5Y,3.82
2026-01-16,FSK,KKR BDC,14.510000228881836
2026-01-16,HYG,High Yield Bond ETF,81.08999633789062
2026-01-16,KKR,KKR,131.4199981689453
2026-01-16,OBDC,Blue Owl BDC,12.609999656677246
2026-01-16,OTF,Blue Owl Tech BDC,14.149999618530272
2026-01-16,OWL,Blue Owl,15.93000030517578
2026-01-16,^GSPC,US Equity Market,6940.009765625
2026-01-19,BAMLH0A0HYM2,ICE BofA US HY OAS,2.65
2026-01-20,APO,Apollo,138.63999938964844
2026-01-20,ARCC,Ares BDC,20.63999938964844
2026-01-20,ARES,Ares,163.16000366210938
2026-01-20,BAMLH0A0HYM2,ICE BofA US HY OAS,2.73
2026-01-20,BIZD,BDC Sector,14.329999923706056
2026-01-20,BX,Blackstone,153.91000366210938
2026-01-20,BXSL,Blackstone BDC,26.07999992370605
2026-01-20,DGS1,US Treasury 1Y,3.53
2026-01-20,DGS3,US Treasury 3Y,3.68
2026-01-20,DGS5,US Treasury 5Y,3.86
2026-01-20,FSK,KKR BDC,14.359999656677246
2026-01-20,HYG,High Yield Bond ETF,80.87999725341797
2026-01-20,KKR,KKR,122.9000015258789
2026-01-20,OBDC,Blue Owl BDC,12.420000076293944
2026-01-20,OTF,Blue Owl Tech BDC,13.81999969482422
2026-01-20,OWL,Blue Owl,15.350000381469728
2026-01-20,^GSPC,US Equity Market,6796.85986328125
2026-01-21,APO,Apollo,139.52999877929688
2026-01-21,ARCC,Ares BDC,20.979999542236328
2026-01-21,ARES,Ares,162.33999633789062
2026-01-21,BAMLH0A0HYM2,ICE BofA US HY OAS,2.69
2026-01-21,BIZD,BDC Sector,14.5
2026-01-21,BX,Blackstone,155.97000122070312
2026-01-21,BXSL,Blackstone BDC,26.459999084472656
2026-01-21,DGS1,US Treasury 1Y,3.53
2026-01-21,DGS3,US Treasury 3Y,3.66
2026-01-21,DGS5,US Treasury 5Y,3.83
2026-01-21,FSK,KKR BDC,14.460000038146973
2026-01-21,HYG,High Yield Bond ETF,81.12000274658203
2026-01-21,KKR,KKR,124.33000183105467
2026-01-21,OBDC,Blue Owl BDC,12.640000343322754
2026-01-21,OTF,Blue Owl Tech BDC,13.84000015258789
2026-01-21,OWL,Blue Owl,15.760000228881836
2026-01-21,^GSPC,US Equity Market,6875.6201171875
2026-01-22,APO,Apollo,139.72999572753906
2026-01-22,ARCC,Ares BDC,20.89999961853028
2026-01-22,ARES,Ares,161.52000427246094
2026-01-22,BAMLH0A0HYM2,ICE BofA US HY OAS,2.64
2026-01-22,BIZD,BDC Sector,14.5
2026-01-22,BX,Blackstone,154.91000366210938
2026-01-22,BXSL,Blackstone BDC,26.690000534057617
2026-01-22,DGS1,US Treasury 1Y,3.53
2026-01-22,DGS3,US Treasury 3Y,3.68
2026-01-22,DGS5,US Treasury 5Y,3.85
2026-01-22,FSK,KKR BDC,14.460000038146973
2026-01-22,HYG,High Yield Bond ETF,81.18000030517578
2026-01-22,KKR,KKR,123.4800033569336
2026-01-22,OBDC,Blue Owl BDC,12.609999656677246
2026-01-22,OTF,Blue Owl Tech BDC,13.979999542236328
2026-01-22,OWL,Blue Owl,15.6899995803833
2026-01-22,^GSPC,US Equity Market,6913.35009765625
2026-01-23,APO,Apollo,136.30999755859375
2026-01-23,ARCC,Ares BDC,20.780000686645508
2026-01-23,ARES,Ares,155.88999938964844
2026-01-23,BAMLH0A0HYM2,ICE BofA US HY OAS,2.68
2026-01-23,BIZD,BDC Sector,14.399999618530272
2026-01-23,BX,Blackstone,150.47999572753906
2026-01-23,BXSL,Blackstone BDC,26.11000061035156
2026-01-23,DGS1,US Treasury 1Y,3.53
2026-01-23,DGS3,US Treasury 3Y,3.67
2026-01-23,DGS5,US Treasury 5Y,3.84
2026-01-23,FSK,KKR BDC,14.470000267028809
2026-01-23,HYG,High Yield Bond ETF,81.13999938964844
2026-01-23,KKR,KKR,121.25
2026-01-23,OBDC,Blue Owl BDC,12.479999542236328
2026-01-23,OTF,Blue Owl Tech BDC,13.800000190734863
2026-01-23,OWL,Blue Owl,15.140000343322754
2026-01-23,^GSPC,US Equity Market,6915.60986328125
2026-01-26,APO,Apollo,131.55999755859375
2026-01-26,ARCC,Ares BDC,20.350000381469727
2026-01-26,ARES,Ares,149.69000244140625
2026-01-26,BAMLH0A0HYM2,ICE BofA US HY OAS,2.69
2026-01-26,BIZD,BDC Sector,14.210000038146973
2026-01-26,BX,Blackstone,150.07000732421875
2026-01-26,BXSL,Blackstone BDC,26.030000686645508
2026-01-26,DGS1,US Treasury 1Y,3.52
2026-01-26,DGS3,US Treasury 3Y,3.66
2026-01-26,DGS5,US Treasury 5Y,3.82
2026-01-26,FSK,KKR BDC,14.31999969482422
2026-01-26,HYG,High Yield Bond ETF,81.18000030517578
2026-01-26,KKR,KKR,118.6500015258789
2026-01-26,OBDC,Blue Owl BDC,12.300000190734863
2026-01-26,OTF,Blue Owl Tech BDC,13.550000190734863
2026-01-26,OWL,Blue Owl,14.609999656677246
2026-01-26,^GSPC,US Equity Market,6950.22998046875
2026-01-27,APO,Apollo,131.72000122070312
2026-01-27,ARCC,Ares BDC,20.290000915527344
2026-01-27,ARES,Ares,149.3800048828125
2026-01-27,BAMLH0A0HYM2,ICE BofA US HY OAS,2.71
2026-01-27,BIZD,BDC Sector,14.229999542236328
2026-01-27,BX,Blackstone,148.41000366210938
2026-01-27,BXSL,Blackstone BDC,26.26000022888184
2026-01-27,DGS1,US Treasury 1Y,3.5
2026-01-27,DGS3,US Treasury 3Y,3.65
2026-01-27,DGS5,US Treasury 5Y,3.81
2026-01-27,FSK,KKR BDC,14.220000267028809
2026-01-27,HYG,High Yield Bond ETF,81.16999816894531
2026-01-27,KKR,KKR,116.0
2026-01-27,OBDC,Blue Owl BDC,12.270000457763672
2026-01-27,OTF,Blue Owl Tech BDC,13.449999809265137
2026-01-27,OWL,Blue Owl,14.529999732971191
2026-01-27,^GSPC,US Equity Market,6978.60009765625
2026-01-28,APO,Apollo,132.88999938964844
2026-01-28,ARCC,Ares BDC,20.190000534057617
2026-01-28,ARES,Ares,149.8000030517578
2026-01-28,BAMLH0A0HYM2,ICE BofA US HY OAS,2.72
2026-01-28,BIZD,BDC Sector,14.119999885559082
2026-01-28,BX,Blackstone,146.7899932861328
2026-01-28,BXSL,Blackstone BDC,26.040000915527344
2026-01-28,DGS1,US Treasury 1Y,3.52
2026-01-28,DGS3,US Treasury 3Y,3.66
2026-01-28,DGS5,US Treasury 5Y,3.83
2026-01-28,FSK,KKR BDC,13.890000343322754
2026-01-28,HYG,High Yield Bond ETF,81.04000091552734
2026-01-28,KKR,KKR,116.7699966430664
2026-01-28,OBDC,Blue Owl BDC,12.06999969482422
2026-01-28,OTF,Blue Owl Tech BDC,13.260000228881836
2026-01-28,OWL,Blue Owl,14.5
2026-01-28,^GSPC,US Equity Market,6978.02978515625
2026-01-29,APO,Apollo,134.49000549316406
2026-01-29,ARCC,Ares BDC,20.15999984741211
2026-01-29,ARES,Ares,151.69000244140625
2026-01-29,BAMLH0A0HYM2,ICE BofA US HY OAS,2.77
2026-01-29,BIZD,BDC Sector,14.140000343322754
2026-01-29,BX,Blackstone,142.94000244140625
2026-01-29,BXSL,Blackstone BDC,25.940000534057617
2026-01-29,DGS1,US Treasury 1Y,3.5
2026-01-29,DGS3,US Treasury 3Y,3.63
2026-01-29,DGS5,US Treasury 5Y,3.8
2026-01-29,FSK,KKR BDC,13.81999969482422
2026-01-29,HYG,High Yield Bond ETF,81.02999877929688
2026-01-29,KKR,KKR,114.9800033569336
2026-01-29,OBDC,Blue Owl BDC,12.149999618530272
2026-01-29,OTF,Blue Owl Tech BDC,13.399999618530272
2026-01-29,OWL,Blue Owl,13.989999771118164
2026-01-29,^GSPC,US Equity Market,6969.009765625
2026-01-30,APO,Apollo,134.5399932861328
2026-01-30,ARCC,Ares BDC,19.88999938964844
2026-01-30,ARES,Ares,149.6699981689453
2026-01-30,BAMLH0A0HYM2,ICE BofA US HY OAS,2.8
2026-01-30,BIZD,BDC Sector,14.0
2026-01-30,BX,Blackstone,142.4199981689453
2026-01-30,BXSL,Blackstone BDC,25.65999984741211
2026-01-30,DGS1,US Treasury 1Y,3.48
2026-01-30,DGS3,US Treasury 3Y,3.6
2026-01-30,DGS5,US Treasury 5Y,3.79
2026-01-30,FSK,KKR BDC,13.789999961853027
2026-01-30,HYG,High Yield Bond ETF,81.12000274658203
2026-01-30,KKR,KKR,114.26000213623048
2026-01-30,OBDC,Blue Owl BDC,12.0
2026-01-30,OTF,Blue Owl Tech BDC,13.329999923706056
2026-01-30,OWL,Blue Owl,13.640000343322754
2026-01-30,^GSPC,US Equity Market,6939.02978515625
2026-01-31,BAMLH0A0HYM2,ICE BofA US HY OAS,2.88
2026-02-02,APO,Apollo,133.19000244140625
2026-02-02,ARCC,Ares BDC,19.520000457763672
2026-02-02,ARES,Ares,146.47000122070312
2026-02-02,BAMLH0A0HYM2,ICE BofA US HY OAS,2.81
2026-02-02,BIZD,BDC Sector,13.760000228881836
2026-02-02,BX,Blackstone,141.27999877929688
2026-02-02,BXSL,Blackstone BDC,25.100000381469727
2026-02-02,DGS1,US Treasury 1Y,3.49
2026-02-02,DGS3,US Treasury 3Y,3.64
2026-02-02,DGS5,US Treasury 5Y,3.83
2026-02-02,FSK,KKR BDC,13.539999961853027
2026-02-02,HYG,High Yield Bond ETF,80.7699966430664
2026-02-02,KKR,KKR,114.36000061035156
2026-02-02,OBDC,Blue Owl BDC,11.489999771118164
2026-02-02,OTF,Blue Owl Tech BDC,13.149999618530272
2026-02-02,OWL,Blue Owl,13.420000076293944
2026-02-02,^GSPC,US Equity Market,6976.43994140625
2026-02-03,APO,Apollo,126.8499984741211
2026-02-03,ARCC,Ares BDC,19.1299991607666
2026-02-03,ARES,Ares,131.60000610351562
2026-02-03,BAMLH0A0HYM2,ICE BofA US HY OAS,2.85
2026-02-03,BIZD,BDC Sector,13.449999809265137
2026-02-03,BX,Blackstone,133.8800048828125
2026-02-03,BXSL,Blackstone BDC,24.489999771118164
2026-02-03,DGS1,US Treasury 1Y,3.49
2026-02-03,DGS3,US Treasury 3Y,3.64
2026-02-03,DGS5,US Treasury 5Y,3.83
2026-02-03,FSK,KKR BDC,13.149999618530272
2026-02-03,HYG,High Yield Bond ETF,80.72000122070312
2026-02-03,KKR,KKR,103.27999877929688
2026-02-03,OBDC,Blue Owl BDC,11.09000015258789
2026-02-03,OTF,Blue Owl Tech BDC,12.300000190734863
2026-02-03,OWL,Blue Owl,12.109999656677246
2026-02-03,^GSPC,US Equity Market,6917.81005859375
2026-02-04,APO,Apollo,132.8000030517578
2026-02-04,ARCC,Ares BDC,19.559999465942383
2026-02-04,ARES,Ares,137.22000122070312
2026-02-04,BAMLH0A0HYM2,ICE BofA US HY OAS,2.86
2026-02-04,BIZD,BDC Sector,13.609999656677246
2026-02-04,BX,Blackstone,134.5399932861328
2026-02-04,BXSL,Blackstone BDC,24.920000076293945
2026-02-04,DGS1,US Treasury 1Y,3.49
2026-02-04,DGS3,US Treasury 3Y,3.64
2026-02-04,DGS5,US Treasury 5Y,3.83
2026-02-04,FSK,KKR BDC,13.289999961853027
2026-02-04,HYG,High Yield Bond ETF,80.62000274658203
2026-02-04,KKR,KKR,104.7699966430664
2026-02-04,OBDC,Blue Owl BDC,11.239999771118164
2026-02-04,OTF,Blue Owl Tech BDC,12.380000114440918
2026-02-04,OWL,Blue Owl,12.0600004196167
2026-02-04,^GSPC,US Equity Market,6882.72021484375
2026-02-05,APO,Apollo,126.08000183105467
2026-02-05,ARCC,Ares BDC,18.790000915527344
2026-02-05,ARES,Ares,121.87000274658205
2026-02-05,BAMLH0A0HYM2,ICE BofA US HY OAS,2.97
2026-02-05,BIZD,BDC Sector,13.210000038146973
2026-02-05,BX,Blackstone,126.83000183105467
2026-02-05,BXSL,Blackstone BDC,24.540000915527344
2026-02-05,DGS1,US Treasury 1Y,3.44
2026-02-05,DGS3,US Treasury 3Y,3.55
2026-02-05,DGS5,US Treasury 5Y,3.74
2026-02-05,FSK,KKR BDC,12.75
2026-02-05,HYG,High Yield Bond ETF,80.52999877929688
2026-02-05,KKR,KKR,99.16999816894533
2026-02-05,OBDC,Blue Owl BDC,10.90999984741211
2026-02-05,OTF,Blue Owl Tech BDC,11.800000190734863
2026-02-05,OWL,Blue Owl,11.630000114440918
2026-02-05,^GSPC,US Equity Market,6798.39990234375
2026-02-06,APO,Apollo,133.02999877929688
2026-02-06,ARCC,Ares BDC,19.309999465942383
2026-02-06,ARES,Ares,130.4600067138672
2026-02-06,BAMLH0A0HYM2,ICE BofA US HY OAS,2.87
2026-02-06,BIZD,BDC Sector,13.420000076293944
2026-02-06,BX,Blackstone,129.69000244140625
2026-02-06,BXSL,Blackstone BDC,24.88999938964844
2026-02-06,DGS1,US Treasury 1Y,3.45
2026-02-06,DGS3,US Treasury 3Y,3.57
2026-02-06,DGS5,US Treasury 5Y,3.76
2026-02-06,FSK,KKR BDC,12.859999656677246
2026-02-06,HYG,High Yield Bond ETF,80.80999755859375
2026-02-06,KKR,KKR,103.1999969482422
2026-02-06,OBDC,Blue Owl BDC,11.460000038146973
2026-02-06,OTF,Blue Owl Tech BDC,12.229999542236328
2026-02-06,OWL,Blue Owl,12.520000457763672
2026-02-06,^GSPC,US Equity Market,6932.2998046875
2026-02-09,APO,Apollo,133.9499969482422
2026-02-09,ARCC,Ares BDC,19.479999542236328
2026-02-09,ARES,Ares,137.25
2026-02-09,BAMLH0A0HYM2,ICE BofA US HY OAS,2.84
2026-02-09,BIZD,BDC Sector,13.579999923706056
2026-02-09,BX,Blackstone,131.4199981689453
2026-02-09,BXSL,Blackstone BDC,25.200000762939453
2026-02-09,DGS1,US Treasury 1Y,3.43
2026-02-09,DGS3,US Treasury 3Y,3.56
2026-02-09,DGS5,US Treasury 5Y,3.75
2026-02-09,FSK,KKR BDC,13.300000190734863
2026-02-09,HYG,High Yield Bond ETF,80.91999816894531
2026-02-09,KKR,KKR,107.29000091552734
2026-02-09,OBDC,Blue Owl BDC,11.739999771118164
2026-02-09,OTF,Blue Owl Tech BDC,13.029999732971191
2026-02-09,OWL,Blue Owl,12.640000343322754
2026-02-09,^GSPC,US Equity Market,6964.81982421875
2026-02-10,APO,Apollo,132.42999267578125
2026-02-10,ARCC,Ares BDC,19.959999084472656
2026-02-10,ARES,Ares,136.99000549316406
2026-02-10,BAMLH0A0HYM2,ICE BofA US HY OAS,2.86
2026-02-10,BIZD,BDC Sector,13.800000190734863
2026-02-10,BX,Blackstone,133.82000732421875
2026-02-10,BXSL,Blackstone BDC,25.670000076293945
2026-02-10,DGS1,US Treasury 1Y,3.4
2026-02-10,DGS3,US Treasury 3Y,3.5
2026-02-10,DGS5,US Treasury 5Y,3.7
2026-02-10,FSK,KKR BDC,13.529999732971191
2026-02-10,HYG,High Yield Bond ETF,80.83999633789062
2026-02-10,KKR,KKR,107.20999908447266
2026-02-10,OBDC,Blue Owl BDC,11.93000030517578
2026-02-10,OTF,Blue Owl Tech BDC,13.329999923706056
2026-02-10,OWL,Blue Owl,12.970000267028809
2026-02-10,^GSPC,US Equity Market,6941.81005859375
2026-02-11,APO,Apollo,126.9499969482422
2026-02-11,ARCC,Ares BDC,19.90999984741211
2026-02-11,ARES,Ares,137.3800048828125
2026-02-11,BAMLH0A0HYM2,ICE BofA US HY OAS,2.84
2026-02-11,BIZD,BDC Sector,13.760000228881836
2026-02-11,BX,Blackstone,133.47000122070312
2026-02-11,BXSL,Blackstone BDC,25.280000686645508
2026-02-11,DGS1,US Treasury 1Y,3.47
2026-02-11,DGS3,US Treasury 3Y,3.55
2026-02-11,DGS5,US Treasury 5Y,3.75
2026-02-11,FSK,KKR BDC,13.460000038146973
2026-02-11,HYG,High Yield Bond ETF,80.83000183105469
2026-02-11,KKR,KKR,105.05999755859376
2026-02-11,OBDC,Blue Owl BDC,11.949999809265137
2026-02-11,OTF,Blue Owl Tech BDC,12.960000038146973
2026-02-11,OWL,Blue Owl,12.609999656677246
2026-02-11,^GSPC,US Equity Market,6941.47021484375
2026-02-12,APO,Apollo,125.37000274658205
2026-02-12,ARCC,Ares BDC,19.46999931335449
2026-02-12,ARES,Ares,133.94000244140625
2026-02-12,BAMLH0A0HYM2,ICE BofA US HY OAS,2.92
2026-02-12,BIZD,BDC Sector,13.609999656677246
2026-02-12,BX,Blackstone,129.77000427246094
2026-02-12,BXSL,Blackstone BDC,25.1200008392334
2026-02-12,DGS1,US Treasury 1Y,3.45
2026-02-12,DGS3,US Treasury 3Y,3.49
2026-02-12,DGS5,US Treasury 5Y,3.67
2026-02-12,FSK,KKR BDC,13.460000038146973
2026-02-12,HYG,High Yield Bond ETF,80.79000091552734
2026-02-12,KKR,KKR,101.12000274658205
2026-02-12,OBDC,Blue Owl BDC,11.859999656677246
2026-02-12,OTF,Blue Owl Tech BDC,12.899999618530272
2026-02-12,OWL,Blue Owl,12.489999771118164
2026-02-12,^GSPC,US Equity Market,6832.759765625
2026-02-13,APO,Apollo,125.06999969482422
2026-02-13,ARCC,Ares BDC,19.3700008392334
2026-02-13,ARES,Ares,133.8800048828125
2026-02-13,BAMLH0A0HYM2,ICE BofA US HY OAS,2.95
2026-02-13,BIZD,BDC Sector,13.420000076293944
2026-02-13,BX,Blackstone,129.86000061035156
2026-02-13,BXSL,Blackstone BDC,24.6200008392334
2026-02-13,DGS1,US Treasury 1Y,3.42
2026-02-13,DGS3,US Treasury 3Y,3.43
2026-02-13,DGS5,US Treasury 5Y,3.61
2026-02-13,FSK,KKR BDC,13.31999969482422
2026-02-13,HYG,High Yield Bond ETF,80.8499984741211
2026-02-13,KKR,KKR,101.7300033569336
2026-02-13,OBDC,Blue Owl BDC,11.470000267028809
2026-02-13,OTF,Blue Owl Tech BDC,12.65999984741211
2026-02-13,OWL,Blue Owl,12.300000190734863
2026-02-13,^GSPC,US Equity Market,6836.169921875
2026-02-16,BAMLH0A0HYM2,ICE BofA US HY OAS,2.94
2026-02-17,APO,Apollo,125.1500015258789
2026-02-17,ARCC,Ares BDC,19.299999237060547
2026-02-17,ARES,Ares,130.41000366210938
2026-02-17,BAMLH0A0HYM2,ICE BofA US HY OAS,2.94
2026-02-17,BIZD,BDC Sector,13.329999923706056
2026-02-17,BX,Blackstone,131.38999938964844
2026-02-17,BXSL,Blackstone BDC,24.229999542236328
2026-02-17,DGS1,US Treasury 1Y,3.48
2026-02-17,DGS3,US Treasury 3Y,3.47
2026-02-17,DGS5,US Treasury 5Y,3.63
2026-02-17,FSK,KKR BDC,13.239999771118164
2026-02-17,HYG,High Yield Bond ETF,80.80999755859375
2026-02-17,KKR,KKR,102.5500030517578
2026-02-17,OBDC,Blue Owl BDC,11.43000030517578
2026-02-17,OTF,Blue Owl Tech BDC,12.470000267028809
2026-02-17,OWL,Blue Owl,12.079999923706056
2026-02-17,^GSPC,US Equity Market,6843.22021484375
2026-02-18,APO,Apollo,125.36000061035156
2026-02-18,ARCC,Ares BDC,19.40999984741211
2026-02-18,ARES,Ares,133.97000122070312
2026-02-18,BAMLH0A0HYM2,ICE BofA US HY OAS,2.86
2026-02-18,BIZD,BDC Sector,13.4399995803833
2026-02-18,BX,Blackstone,132.89999389648438
2026-02-18,BXSL,Blackstone BDC,24.530000686645508
2026-02-18,DGS1,US Treasury 1Y,3.49
2026-02-18,DGS3,US Treasury 3Y,3.5
2026-02-18,DGS5,US Treasury 5Y,3.66
2026-02-18,FSK,KKR BDC,13.420000076293944
2026-02-18,HYG,High Yield Bond ETF,80.91000366210938
2026-02-18,KKR,KKR,103.5999984741211
2026-02-18,OBDC,Blue Owl BDC,11.550000190734863
2026-02-18,OTF,Blue Owl Tech BDC,12.630000114440918
2026-02-18,OWL,Blue Owl,12.3100004196167
2026-02-18,^GSPC,US Equity Market,6881.31005859375
2026-02-19,APO,Apollo,118.33999633789062
2026-02-19,ARCC,Ares BDC,18.950000762939453
2026-02-19,ARES,Ares,129.85000610351562
2026-02-19,BAMLH0A0HYM2,ICE BofA US HY OAS,2.88
2026-02-19,BIZD,BDC Sector,13.199999809265137
2026-02-19,BX,Blackstone,125.76000213623048
2026-02-19,BXSL,Blackstone BDC,23.90999984741211
2026-02-19,DGS1,US Treasury 1Y,3.5
2026-02-19,DGS3,US Treasury 3Y,3.5
2026-02-19,DGS5,US Treasury 5Y,3.65
2026-02-19,FSK,KKR BDC,13.15999984741211
2026-02-19,HYG,High Yield Bond ETF,80.94000244140625
2026-02-19,KKR,KKR,101.63999938964844
2026-02-19,OBDC,Blue Owl BDC,11.43000030517578
2026-02-19,OTF,Blue Owl Tech BDC,12.3100004196167
2026-02-19,OWL,Blue Owl,11.579999923706056
2026-02-19,^GSPC,US Equity Market,6861.89013671875
2026-02-20,APO,Apollo,119.72000122070312
2026-02-20,ARCC,Ares BDC,19.14999961853028
2026-02-20,ARES,Ares,123.16000366210938
2026-02-20,BAMLH0A0HYM2,ICE BofA US HY OAS,2.86
2026-02-20,BIZD,BDC Sector,13.15999984741211
2026-02-20,BX,Blackstone,121.2699966430664
2026-02-20,BXSL,Blackstone BDC,23.709999084472656
2026-02-20,DGS1,US Treasury 1Y,3.51
2026-02-20,DGS3,US Treasury 3Y,3.5
2026-02-20,DGS5,US Treasury 5Y,3.65
2026-02-20,FSK,KKR BDC,12.970000267028809
2026-02-20,HYG,High Yield Bond ETF,81.0
2026-02-20,KKR,KKR,101.18000030517578
2026-02-20,OBDC,Blue Owl BDC,11.470000267028809
2026-02-20,OTF,Blue Owl Tech BDC,11.619999885559082
2026-02-20,OWL,Blue Owl,10.8100004196167
2026-02-20,^GSPC,US Equity Market,6909.509765625
2026-02-23,APO,Apollo,113.7300033569336
2026-02-23,ARCC,Ares BDC,19.049999237060547
2026-02-23,ARES,Ares,114.56999969482422
2026-02-23,BAMLH0A0HYM2,ICE BofA US HY OAS,2.95
2026-02-23,BIZD,BDC Sector,13.020000457763672
2026-02-23,BX,Blackstone,113.70999908447266
2026-02-23,BXSL,Blackstone BDC,23.56999969482422
2026-02-23,DGS1,US Treasury 1Y,3.5
2026-02-23,DGS3,US Treasury 3Y,3.45
2026-02-23,DGS5,US Treasury 5Y,3.59
2026-02-23,FSK,KKR BDC,12.84000015258789
2026-02-23,HYG,High Yield Bond ETF,80.87000274658203
2026-02-23,KKR,KKR,92.19000244140624
2026-02-23,OBDC,Blue Owl BDC,11.510000228881836
2026-02-23,OTF,Blue Owl Tech BDC,11.1899995803833
2026-02-23,OWL,Blue Owl,10.4399995803833
2026-02-23,^GSPC,US Equity Market,6837.75
2026-02-24,APO,Apollo,114.12999725341795
2026-02-24,ARCC,Ares BDC,19.18000030517578
2026-02-24,ARES,Ares,117.16000366210938
2026-02-24,BAMLH0A0HYM2,ICE BofA US HY OAS,2.97
2026-02-24,BIZD,BDC Sector,13.15999984741211
2026-02-24,BX,Blackstone,116.41000366210938
2026-02-24,BXSL,Blackstone BDC,23.84000015258789
2026-02-24,DGS1,US Treasury 1Y,3.52
2026-02-24,DGS3,US Treasury 3Y,3.47
2026-02-24,DGS5,US Treasury 5Y,3.61
2026-02-24,FSK,KKR BDC,13.119999885559082
2026-02-24,HYG,High Yield Bond ETF,80.80999755859375
2026-02-24,KKR,KKR,95.72000122070312
2026-02-24,OBDC,Blue Owl BDC,11.68000030517578
2026-02-24,OTF,Blue Owl Tech BDC,11.529999732971191
2026-02-24,OWL,Blue Owl,10.729999542236328
2026-02-24,^GSPC,US Equity Market,6890.06982421875
2026-02-25,APO,Apollo,117.20999908447266
2026-02-25,ARCC,Ares BDC,19.51000022888184
2026-02-25,ARES,Ares,119.18000030517578
2026-02-25,BAMLH0A0HYM2,ICE BofA US HY OAS,2.94
2026-02-25,BIZD,BDC Sector,13.399999618530272
2026-02-25,BX,Blackstone,118.22000122070312
2026-02-25,BXSL,Blackstone BDC,24.64999961853028
2026-02-25,DGS1,US Treasury 1Y,3.53
2026-02-25,DGS3,US Treasury 3Y,3.49
2026-02-25,DGS5,US Treasury 5Y,3.61
2026-02-25,FSK,KKR BDC,13.31999969482422
2026-02-25,HYG,High Yield Bond ETF,80.91999816894531
2026-02-25,KKR,KKR,96.62999725341795
2026-02-25,OBDC,Blue Owl BDC,11.90999984741211
2026-02-25,OTF,Blue Owl Tech BDC,11.489999771118164
2026-02-25,OWL,Blue Owl,11.350000381469728
2026-02-25,^GSPC,US Equity Market,6946.1298828125
2026-02-26,APO,Apollo,114.4000015258789
2026-02-26,ARCC,Ares BDC,19.280000686645508
2026-02-26,ARES,Ares,118.08000183105467
2026-02-26,BAMLH0A0HYM2,ICE BofA US HY OAS,2.98
2026-02-26,BIZD,BDC Sector,13.15999984741211
2026-02-26,BX,Blackstone,117.9499969482422
2026-02-26,BXSL,Blackstone BDC,24.43000030517578
2026-02-26,DGS1,US Treasury 1Y,3.52
2026-02-26,DGS3,US Treasury 3Y,3.46
2026-02-26,DGS5,US Treasury 5Y,3.57
2026-02-26,FSK,KKR BDC,11.289999961853027
2026-02-26,HYG,High Yield Bond ETF,80.8499984741211
2026-02-26,KKR,KKR,93.62000274658205
2026-02-26,OBDC,Blue Owl BDC,11.720000267028809
2026-02-26,OTF,Blue Owl Tech BDC,11.470000267028809
2026-02-26,OWL,Blue Owl,11.220000267028809
2026-02-26,^GSPC,US Equity Market,6908.85986328125
2026-02-27,APO,Apollo,104.5999984741211
2026-02-27,ARCC,Ares BDC,18.6200008392334
2026-02-27,ARES,Ares,112.01000213623048
2026-02-27,BAMLH0A0HYM2,ICE BofA US HY OAS,3.1
2026-02-27,BIZD,BDC Sector,12.68000030517578
2026-02-27,BX,Blackstone,113.37000274658205
2026-02-27,BXSL,Blackstone BDC,23.8799991607666
2026-02-27,DGS1,US Treasury 1Y,3.48
2026-02-27,DGS3,US Treasury 3Y,3.39
2026-02-27,DGS5,US Treasury 5Y,3.51
2026-02-27,FSK,KKR BDC,10.800000190734863
2026-02-27,HYG,High Yield Bond ETF,80.72000122070312
2026-02-27,KKR,KKR,87.68000030517578
2026-02-27,OBDC,Blue Owl BDC,11.289999961853027
2026-02-27,OTF,Blue Owl Tech BDC,11.149999618530272
2026-02-27,OWL,Blue Owl,10.550000190734863
2026-02-27,^GSPC,US Equity Market,6878.8798828125
2026-02-28,BAMLH0A0HYM2,ICE BofA US HY OAS,3.12
2026-03-02,APO,Apollo,106.4499969482422
2026-03-02,ARCC,Ares BDC,18.979999542236328
2026-03-02,ARES,Ares,113.36000061035156
2026-03-02,BAMLH0A0HYM2,ICE BofA US HY OAS,3.03
2026-03-02,BIZD,BDC Sector,12.899999618530272
2026-03-02,BX,Blackstone,115.33000183105467
2026-03-02,BXSL,Blackstone BDC,24.190000534057617
2026-03-02,DGS1,US Treasury 1Y,3.54
2026-03-02,DGS3,US Treasury 3Y,3.49
2026-03-02,DGS5,US Treasury 5Y,3.62
2026-03-02,FSK,KKR BDC,10.850000381469728
2026-03-02,HYG,High Yield Bond ETF,80.27999877929688
2026-03-02,KKR,KKR,90.61000061035156
2026-03-02,OBDC,Blue Owl BDC,11.529999732971191
2026-03-02,OTF,Blue Owl Tech BDC,11.640000343322754
2026-03-02,OWL,Blue Owl,10.68000030517578
2026-03-02,^GSPC,US Equity Market,6881.6201171875
2026-03-03,APO,Apollo,107.08000183105467
2026-03-03,ARCC,Ares BDC,18.950000762939453
2026-03-03,ARES,Ares,112.6500015258789
2026-03-03,BAMLH0A0HYM2,ICE BofA US HY OAS,3.08
2026-03-03,BIZD,BDC Sector,12.960000038146973
2026-03-03,BX,Blackstone,110.91999816894533
2026-03-03,BXSL,Blackstone BDC,24.32999992370605
2026-03-03,DGS1,US Treasury 1Y,3.55
2026-03-03,DGS3,US Treasury 3Y,3.5
2026-03-03,DGS5,US Treasury 5Y,3.63
2026-03-03,FSK,KKR BDC,10.949999809265137
2026-03-03,HYG,High Yield Bond ETF,80.12000274658203
2026-03-03,KKR,KKR,90.5500030517578
2026-03-03,OBDC,Blue Owl BDC,11.5
2026-03-03,OTF,Blue Owl Tech BDC,11.8100004196167
2026-03-03,OWL,Blue Owl,10.270000457763672
2026-03-03,^GSPC,US Equity Market,6816.6298828125
2026-03-04,APO,Apollo,109.79000091552734
2026-03-04,ARCC,Ares BDC,19.1299991607666
2026-03-04,ARES,Ares,116.20999908447266
2026-03-04,BAMLH0A0HYM2,ICE BofA US HY OAS,2.97
2026-03-04,BIZD,BDC Sector,13.06999969482422
2026-03-04,BX,Blackstone,114.13999938964844
2026-03-04,BXSL,Blackstone BDC,24.39999961853028
2026-03-04,DGS1,US Treasury 1Y,3.58
2026-03-04,DGS3,US Treasury 3Y,3.55
2026-03-04,DGS5,US Treasury 5Y,3.67
2026-03-04,FSK,KKR BDC,11.010000228881836
2026-03-04,HYG,High Yield Bond ETF,80.4000015258789
2026-03-04,KKR,KKR,93.83000183105467
2026-03-04,OBDC,Blue Owl BDC,11.550000190734863
2026-03-04,OTF,Blue Owl Tech BDC,11.920000076293944
2026-03-04,OWL,Blue Owl,10.34000015258789
2026-03-04,^GSPC,US Equity Market,6869.5
2026-03-05,APO,Apollo,111.23999786376952
2026-03-05,ARCC,Ares BDC,19.0
2026-03-05,ARES,Ares,117.04000091552734
2026-03-05,BAMLH0A0HYM2,ICE BofA US HY OAS,3.0
2026-03-05,BIZD,BDC Sector,13.0
2026-03-05,BX,Blackstone,115.5500030517578
2026-03-05,BXSL,Blackstone BDC,24.0
2026-03-05,DGS1,US Treasury 1Y,3.59
2026-03-05,DGS3,US Treasury 3Y,3.59
2026-03-05,DGS5,US Treasury 5Y,3.72
2026-03-05,FSK,KKR BDC,10.920000076293944
2026-03-05,HYG,High Yield Bond ETF,80.08000183105469
2026-03-05,KKR,KKR,95.58999633789062
2026-03-05,OBDC,Blue Owl BDC,11.5600004196167
2026-03-05,OTF,Blue Owl Tech BDC,11.9399995803833
2026-03-05,OWL,Blue Owl,10.420000076293944
2026-03-05,^GSPC,US Equity Market,6830.7099609375
2026-03-06,APO,Apollo,108.6999969482422
2026-03-06,ARCC,Ares BDC,18.739999771118164
2026-03-06,ARES,Ares,110.01000213623048
2026-03-06,BAMLH0A0HYM2,ICE BofA US HY OAS,3.13
2026-03-06,BIZD,BDC Sector,12.829999923706056
2026-03-06,BX,Blackstone,110.4000015258789
2026-03-06,BXSL,Blackstone BDC,23.81999969482422
2026-03-06,DGS1,US Treasury 1Y,3.55
2026-03-06,DGS3,US Treasury 3Y,3.59
2026-03-06,DGS5,US Treasury 5Y,3.72
2026-03-06,FSK,KKR BDC,10.6899995803833
2026-03-06,HYG,High Yield Bond ETF,79.69000244140625
2026-03-06,KKR,KKR,91.33000183105467
2026-03-06,OBDC,Blue Owl BDC,11.470000267028809
2026-03-06,OTF,Blue Owl Tech BDC,11.81999969482422
2026-03-06,OWL,Blue Owl,9.890000343322754
2026-03-06,^GSPC,US Equity Market,6740.02001953125
2026-03-09,APO,Apollo,108.13999938964844
2026-03-09,ARCC,Ares BDC,18.690000534057617
2026-03-09,ARES,Ares,108.8499984741211
2026-03-09,BAMLH0A0HYM2,ICE BofA US HY OAS,3.19
2026-03-09,BIZD,BDC Sector,12.880000114440918
2026-03-09,BX,Blackstone,110.6500015258789
2026-03-09,BXSL,Blackstone BDC,24.07999992370605
2026-03-09,DGS1,US Treasury 1Y,3.56
2026-03-09,DGS3,US Treasury 3Y,3.58
2026-03-09,DGS5,US Treasury 5Y,3.71
2026-03-09,FSK,KKR BDC,10.789999961853027
2026-03-09,HYG,High Yield Bond ETF,80.16999816894531
2026-03-09,KKR,KKR,90.94000244140624
2026-03-09,OBDC,Blue Owl BDC,11.40999984741211
2026-03-09,OTF,Blue Owl Tech BDC,11.710000038146973
2026-03-09,OWL,Blue Owl,9.8100004196167
2026-03-09,^GSPC,US Equity Market,6795.990234375
2026-03-10,APO,Apollo,108.16999816894533
2026-03-10,ARCC,Ares BDC,18.489999771118164
2026-03-10,ARES,Ares,108.68000030517578
2026-03-10,BAMLH0A0HYM2,ICE BofA US HY OAS,3.06
2026-03-10,BIZD,BDC Sector,12.779999732971191
2026-03-10,BX,Blackstone,109.95999908447266
2026-03-10,BXSL,Blackstone BDC,23.959999084472656
2026-03-10,DGS1,US Treasury 1Y,3.56
2026-03-10,DGS3,US Treasury 3Y,3.58
2026-03-10,DGS5,US Treasury 5Y,3.73
2026-03-10,FSK,KKR BDC,10.5600004196167
2026-03-10,HYG,High Yield Bond ETF,80.04000091552734
2026-03-10,KKR,KKR,89.95999908447266
2026-03-10,OBDC,Blue Owl BDC,11.359999656677246
2026-03-10,OTF,Blue Owl Tech BDC,11.460000038146973
2026-03-10,OWL,Blue Owl,9.460000038146973
2026-03-10,^GSPC,US Equity Market,6781.47998046875
2026-03-11,APO,Apollo,106.0999984741211
2026-03-11,ARCC,Ares BDC,18.489999771118164
2026-03-11,ARES,Ares,103.45999908447266
2026-03-11,BAMLH0A0HYM2,ICE BofA US HY OAS,3.09
2026-03-11,BIZD,BDC Sector,12.699999809265137
2026-03-11,BX,Blackstone,107.25
2026-03-11,BXSL,Blackstone BDC,23.989999771118164
2026-03-11,DGS1,US Treasury 1Y,3.6
2026-03-11,DGS3,US Treasury 3Y,3.64
2026-03-11,DGS5,US Treasury 5Y,3.79
2026-03-11,FSK,KKR BDC,10.449999809265137
2026-03-11,HYG,High Yield Bond ETF,79.86000061035156
2026-03-11,KKR,KKR,87.12999725341797
2026-03-11,OBDC,Blue Owl BDC,11.170000076293944
2026-03-11,OTF,Blue Owl Tech BDC,11.699999809265137
2026-03-11,OWL,Blue Owl,9.020000457763672
2026-03-11,^GSPC,US Equity Market,6775.7998046875
2026-03-12,APO,Apollo,100.3000030517578
2026-03-12,ARCC,Ares BDC,18.06999969482422
2026-03-12,ARES,Ares,96.5
2026-03-12,BAMLH0A0HYM2,ICE BofA US HY OAS,3.17
2026-03-12,BIZD,BDC Sector,12.510000228881836
2026-03-12,BX,Blackstone,102.12000274658205
2026-03-12,BXSL,Blackstone BDC,23.709999084472656
2026-03-12,DGS1,US Treasury 1Y,3.66
2026-03-12,DGS3,US Treasury 3Y,3.75
2026-03-12,DGS5,US Treasury 5Y,3.88
2026-03-12,FSK,KKR BDC,10.239999771118164
2026-03-12,HYG,High Yield Bond ETF,79.3499984741211
2026-03-12,KKR,KKR,83.87999725341797
2026-03-12,OBDC,Blue Owl BDC,10.989999771118164
2026-03-12,OTF,Blue Owl Tech BDC,11.380000114440918
2026-03-12,OWL,Blue Owl,8.609999656677246
2026-03-12,^GSPC,US Equity Market,6672.6201171875
2026-03-13,APO,Apollo,104.44000244140624
2026-03-13,ARCC,Ares BDC,17.860000610351562
2026-03-13,ARES,Ares,101.76000213623048
2026-03-13,BAMLH0A0HYM2,ICE BofA US HY OAS,3.28
2026-03-13,BIZD,BDC Sector,12.479999542236328
2026-03-13,BX,Blackstone,106.77999877929688
2026-03-13,BXSL,Blackstone BDC,23.64999961853028
2026-03-13,DGS1,US Treasury 1Y,3.66
2026-03-13,DGS3,US Treasury 3Y,3.74
2026-03-13,DGS5,US Treasury 5Y,3.87
2026-03-13,FSK,KKR BDC,10.09000015258789
2026-03-13,HYG,High Yield Bond ETF,79.19999694824219
2026-03-13,KKR,KKR,85.93000030517578
2026-03-13,OBDC,Blue Owl BDC,10.949999809265137
2026-03-13,OTF,Blue Owl Tech BDC,11.729999542236328
2026-03-13,OWL,Blue Owl,8.75
2026-03-13,^GSPC,US Equity Market,6632.18994140625
2026-03-16,APO,Apollo,103.4499969482422
2026-03-16,ARCC,Ares BDC,17.940000534057617
2026-03-16,ARES,Ares,100.51000213623048
2026-03-16,BAMLH0A0HYM2,ICE BofA US HY OAS,3.27
2026-03-16,BIZD,BDC Sector,12.539999961853027
2026-03-16,BX,Blackstone,107.12000274658205
2026-03-16,BXSL,Blackstone BDC,23.530000686645508
2026-03-16,DGS1,US Treasury 1Y,3.64
2026-03-16,DGS3,US Treasury 3Y,3.69
2026-03-16,DGS5,US Treasury 5Y,3.8
2026-03-16,FSK,KKR BDC,10.149999618530272
2026-03-16,HYG,High Yield Bond ETF,79.44999694824219
2026-03-16,KKR,KKR,86.0999984741211
2026-03-16,OBDC,Blue Owl BDC,11.109999656677246
2026-03-16,OTF,Blue Owl Tech BDC,12.289999961853027
2026-03-16,OWL,Blue Owl,8.760000228881836
2026-03-16,^GSPC,US Equity Market,6699.3798828125
2026-03-17,APO,Apollo,108.88999938964844
2026-03-17,ARCC,Ares BDC,18.440000534057617
2026-03-17,ARES,Ares,105.66999816894533
2026-03-17,BAMLH0A0HYM2,ICE BofA US HY OAS,3.22
2026-03-17,BIZD,BDC Sector,12.949999809265137
2026-03-17,BX,Blackstone,112.0
2026-03-17,BXSL,Blackstone BDC,24.46999931335449
2026-03-17,DGS1,US Treasury 1Y,3.63
2026-03-17,DGS3,US Treasury 3Y,3.68
2026-03-17,DGS5,US Treasury 5Y,3.79
2026-03-17,FSK,KKR BDC,10.260000228881836
2026-03-17,HYG,High Yield Bond ETF,79.80999755859375
2026-03-17,KKR,KKR,88.97000122070312
2026-03-17,OBDC,Blue Owl BDC,11.449999809265137
2026-03-17,OTF,Blue Owl Tech BDC,12.56999969482422
2026-03-17,OWL,Blue Owl,9.149999618530272
2026-03-17,^GSPC,US Equity Market,6716.08984375
2026-03-18,APO,Apollo,111.1999969482422
2026-03-18,ARCC,Ares BDC,18.280000686645508
2026-03-18,ARES,Ares,105.97000122070312
2026-03-18,BAMLH0A0HYM2,ICE BofA US HY OAS,3.2
2026-03-18,BIZD,BDC Sector,12.899999618530272
2026-03-18,BX,Blackstone,113.52999877929688
2026-03-18,BXSL,Blackstone BDC,24.32999992370605
2026-03-18,DGS1,US Treasury 1Y,3.68
2026-03-18,DGS3,US Treasury 3Y,3.76
2026-03-18,DGS5,US Treasury 5Y,3.87
2026-03-18,FSK,KKR BDC,10.100000381469728
2026-03-18,HYG,High Yield Bond ETF,79.4000015258789
2026-03-18,KKR,KKR,90.62999725341795
2026-03-18,OBDC,Blue Owl BDC,11.399999618530272
2026-03-18,OTF,Blue Owl Tech BDC,12.390000343322754
2026-03-18,OWL,Blue Owl,9.109999656677246
2026-03-18,^GSPC,US Equity Market,6624.7001953125
2026-03-19,APO,Apollo,111.37000274658205
2026-03-19,ARCC,Ares BDC,18.190000534057617
2026-03-19,ARES,Ares,107.98999786376952
2026-03-19,BAMLH0A0HYM2,ICE BofA US HY OAS,3.27
2026-03-19,BIZD,BDC Sector,12.9399995803833
2026-03-19,BX,Blackstone,113.47000122070312
2026-03-19,BXSL,Blackstone BDC,24.309999465942383
2026-03-19,DGS1,US Treasury 1Y,3.73
2026-03-19,DGS3,US Treasury 3Y,3.79
2026-03-19,DGS5,US Treasury 5Y,3.88
2026-03-19,FSK,KKR BDC,10.15999984741211
2026-03-19,HYG,High Yield Bond ETF,79.66000366210938
2026-03-19,KKR,KKR,90.5999984741211
2026-03-19,OBDC,Blue Owl BDC,11.4399995803833
2026-03-19,OTF,Blue Owl Tech BDC,12.649999618530272
2026-03-19,OWL,Blue Owl,9.119999885559082
2026-03-19,^GSPC,US Equity Market,6606.490234375
2026-03-20,APO,Apollo,112.0
2026-03-20,ARCC,Ares BDC,17.959999084472656
2026-03-20,ARES,Ares,105.87000274658205
2026-03-20,BAMLH0A0HYM2,ICE BofA US HY OAS,3.24
2026-03-20,BIZD,BDC Sector,12.699999809265137
2026-03-20,BX,Blackstone,110.43000030517578
2026-03-20,BXSL,Blackstone BDC,23.76000022888184
2026-03-20,DGS1,US Treasury 1Y,3.8
2026-03-20,DGS3,US Treasury 3Y,3.9
2026-03-20,DGS5,US Treasury 5Y,4.01
2026-03-20,FSK,KKR BDC,9.970000267028809
2026-03-20,HYG,High Yield Bond ETF,78.91999816894531
2026-03-20,KKR,KKR,90.0
2026-03-20,OBDC,Blue Owl BDC,11.149999618530272
2026-03-20,OTF,Blue Owl Tech BDC,12.5
2026-03-20,OWL,Blue Owl,9.119999885559082
2026-03-20,^GSPC,US Equity Market,6506.47998046875
2026-03-23,APO,Apollo,110.4499969482422
2026-03-23,ARCC,Ares BDC,18.280000686645508
2026-03-23,ARES,Ares,107.12000274658205
2026-03-23,BAMLH0A0HYM2,ICE BofA US HY OAS,3.19
2026-03-23,BIZD,BDC Sector,12.920000076293944
2026-03-23,BX,Blackstone,109.3499984741211
2026-03-23,BXSL,Blackstone BDC,24.450000762939453
2026-03-23,DGS1,US Treasury 1Y,3.76
2026-03-23,DGS3,US Treasury 3Y,3.85
2026-03-23,DGS5,US Treasury 5Y,3.95
2026-03-23,FSK,KKR BDC,10.380000114440918
2026-03-23,HYG,High Yield Bond ETF,79.44000244140625
2026-03-23,KKR,KKR,90.83999633789062
2026-03-23,OBDC,Blue Owl BDC,11.31999969482422
2026-03-23,OTF,Blue Owl Tech BDC,12.260000228881836
2026-03-23,OWL,Blue Owl,9.09000015258789
2026-03-23,^GSPC,US Equity Market,6581.0
2026-03-24,APO,Apollo,111.25
2026-03-24,ARCC,Ares BDC,17.959999084472656
2026-03-24,ARES,Ares,106.04000091552734
2026-03-24,BAMLH0A0HYM2,ICE BofA US HY OAS,3.19
2026-03-24,BIZD,BDC Sector,12.6899995803833
2026-03-24,BX,Blackstone,107.9800033569336
2026-03-24,BXSL,Blackstone BDC,24.09000015258789
2026-03-24,DGS1,US Treasury 1Y,3.81
2026-03-24,DGS3,US Treasury 3Y,3.93
2026-03-24,DGS5,US Treasury 5Y,4.03
2026-03-24,FSK,KKR BDC,10.039999961853027
2026-03-24,HYG,High Yield Bond ETF,79.16999816894531
2026-03-24,KKR,KKR,90.91000366210938
2026-03-24,OBDC,Blue Owl BDC,11.18000030517578
2026-03-24,OTF,Blue Owl Tech BDC,12.399999618530272
2026-03-24,OWL,Blue Owl,8.960000038146973
2026-03-24,^GSPC,US Equity Market,6556.3701171875
2026-03-25,APO,Apollo,109.8000030517578
2026-03-25,ARCC,Ares BDC,18.059999465942383
2026-03-25,ARES,Ares,106.5
2026-03-25,BAMLH0A0HYM2,ICE BofA US HY OAS,3.17
2026-03-25,BIZD,BDC Sector,12.8100004196167
2026-03-25,BX,Blackstone,108.37999725341795
2026-03-25,BXSL,Blackstone BDC,24.13999938964844
2026-03-25,DGS1,US Treasury 1Y,3.77
2026-03-25,DGS3,US Treasury 3Y,3.88
2026-03-25,DGS5,US Treasury 5Y,3.96
2026-03-25,FSK,KKR BDC,10.420000076293944
2026-03-25,HYG,High Yield Bond ETF,79.41999816894531
2026-03-25,KKR,KKR,88.91000366210938
2026-03-25,OBDC,Blue Owl BDC,11.239999771118164
2026-03-25,OTF,Blue Owl Tech BDC,12.649999618530272
2026-03-25,OWL,Blue Owl,9.029999732971191
2026-03-25,^GSPC,US Equity Market,6591.89990234375
2026-03-26,APO,Apollo,109.9800033569336
2026-03-26,ARCC,Ares BDC,17.920000076293945
2026-03-26,ARES,Ares,107.91999816894533
2026-03-26,BAMLH0A0HYM2,ICE BofA US HY OAS,3.21
2026-03-26,BIZD,BDC Sector,12.640000343322754
2026-03-26,BX,Blackstone,109.62999725341795
2026-03-26,BXSL,Blackstone BDC,24.01000022888184
2026-03-26,DGS1,US Treasury 1Y,3.83
2026-03-26,DGS3,US Treasury 3Y,4.0
2026-03-26,DGS5,US Treasury 5Y,4.08
2026-03-26,FSK,KKR BDC,10.1899995803833
2026-03-26,HYG,High Yield Bond ETF,78.91999816894531
2026-03-26,KKR,KKR,89.98999786376953
2026-03-26,OBDC,Blue Owl BDC,11.109999656677246
2026-03-26,OTF,Blue Owl Tech BDC,12.59000015258789
2026-03-26,OWL,Blue Owl,9.020000457763672
2026-03-26,^GSPC,US Equity Market,6477.16015625
2026-03-27,APO,Apollo,108.41999816894533
2026-03-27,ARCC,Ares BDC,17.450000762939453
2026-03-27,ARES,Ares,106.27999877929688
2026-03-27,BAMLH0A0HYM2,ICE BofA US HY OAS,3.42
2026-03-27,BIZD,BDC Sector,12.380000114440918
2026-03-27,BX,Blackstone,108.06999969482422
2026-03-27,BXSL,Blackstone BDC,23.51000022888184
2026-03-27,DGS1,US Treasury 1Y,3.77
2026-03-27,DGS3,US Treasury 3Y,3.94
2026-03-27,DGS5,US Treasury 5Y,4.06
2026-03-27,FSK,KKR BDC,9.90999984741211
2026-03-27,HYG,High Yield Bond ETF,78.72000122070312
2026-03-27,KKR,KKR,88.5
2026-03-27,OBDC,Blue Owl BDC,10.829999923706056
2026-03-27,OTF,Blue Owl Tech BDC,12.270000457763672
2026-03-27,OWL,Blue Owl,8.84000015258789
2026-03-27,^GSPC,US Equity Market,6368.85009765625
2026-03-30,APO,Apollo,109.9499969482422
2026-03-30,ARCC,Ares BDC,17.739999771118164
2026-03-30,ARES,Ares,107.66000366210938
2026-03-30,BAMLH0A0HYM2,ICE BofA US HY OAS,3.46
2026-03-30,BIZD,BDC Sector,12.510000228881836
2026-03-30,BX,Blackstone,111.5999984741211
2026-03-30,BXSL,Blackstone BDC,23.790000915527344
2026-03-30,DGS1,US Treasury 1Y,3.71
2026-03-30,DGS3,US Treasury 3Y,3.85
2026-03-30,DGS5,US Treasury 5Y,3.97
2026-03-30,FSK,KKR BDC,9.949999809265137
2026-03-30,HYG,High Yield Bond ETF,78.80999755859375
2026-03-30,KKR,KKR,90.36000061035156
2026-03-30,OBDC,Blue Owl BDC,10.890000343322754
2026-03-30,OTF,Blue Owl Tech BDC,12.539999961853027
2026-03-30,OWL,Blue Owl,9.06999969482422
2026-03-30,^GSPC,US Equity Market,6343.72021484375
2026-03-31,APO,Apollo,111.41999816894533
2026-03-31,ARCC,Ares BDC,18.020000457763672
2026-03-31,ARES,Ares,109.0999984741211
2026-03-31,BAMLH0A0HYM2,ICE BofA US HY OAS,3.28
2026-03-31,BIZD,BDC Sector,12.800000190734863
2026-03-31,BX,Blackstone,114.98999786376952
2026-03-31,BXSL,Blackstone BDC,23.690000534057617
2026-03-31,DGS1,US Treasury 1Y,3.68
2026-03-31,DGS3,US Treasury 3Y,3.81
2026-03-31,DGS5,US Treasury 5Y,3.92
2026-03-31,FSK,KKR BDC,10.18000030517578
2026-03-31,HYG,High Yield Bond ETF,79.55999755859375
2026-03-31,KKR,KKR,92.5
2026-03-31,OBDC,Blue Owl BDC,11.0600004196167
2026-03-31,OTF,Blue Owl Tech BDC,12.390000343322754
2026-03-31,OWL,Blue Owl,9.130000114440918
2026-03-31,^GSPC,US Equity Market,6528.52001953125
2026-04-01,APO,Apollo,110.25
2026-04-01,ARCC,Ares BDC,17.729999542236328
2026-04-01,ARES,Ares,105.8000030517578
2026-04-01,BAMLH0A0HYM2,ICE BofA US HY OAS,3.16
2026-04-01,BIZD,BDC Sector,12.109999656677246
2026-04-01,BX,Blackstone,114.33000183105467
2026-04-01,BXSL,Blackstone BDC,23.32999992370605
2026-04-01,DGS1,US Treasury 1Y,3.68
2026-04-01,DGS3,US Treasury 3Y,3.84
2026-04-01,DGS5,US Treasury 5Y,3.97
2026-04-01,FSK,KKR BDC,10.109999656677246
2026-04-01,HYG,High Yield Bond ETF,79.37000274658203
2026-04-01,KKR,KKR,91.36000061035156
2026-04-01,OBDC,Blue Owl BDC,10.760000228881836
2026-04-01,OTF,Blue Owl Tech BDC,11.640000343322754
2026-04-01,OWL,Blue Owl,8.710000038146973
2026-04-01,^GSPC,US Equity Market,6575.31982421875
2026-04-02,APO,Apollo,107.04000091552734
2026-04-02,ARCC,Ares BDC,18.09000015258789
2026-04-02,ARES,Ares,102.43000030517578
2026-04-02,BAMLH0A0HYM2,ICE BofA US HY OAS,3.17
2026-04-02,BIZD,BDC Sector,12.369999885559082
2026-04-02,BX,Blackstone,113.0500030517578
2026-04-02,BXSL,Blackstone BDC,23.770000457763672
2026-04-02,DGS1,US Treasury 1Y,3.68
2026-04-02,DGS3,US Treasury 3Y,3.82
2026-04-02,DGS5,US Treasury 5Y,3.94
2026-04-02,FSK,KKR BDC,10.510000228881836
2026-04-02,HYG,High Yield Bond ETF,79.55999755859375
2026-04-02,KKR,KKR,91.2300033569336
2026-04-02,OBDC,Blue Owl BDC,10.859999656677246
2026-04-02,OTF,Blue Owl Tech BDC,11.489999771118164
2026-04-02,OWL,Blue Owl,8.569999694824219
2026-04-02,^GSPC,US Equity Market,6582.68994140625
2026-04-03,BAMLH0A0HYM2,ICE BofA US HY OAS,3.13
2026-04-03,DGS1,US Treasury 1Y,3.72
2026-04-03,DGS3,US Treasury 3Y,3.88
2026-04-03,DGS5,US Treasury 5Y,3.99
2026-04-06,APO,Apollo,106.11000061035156
2026-04-06,ARCC,Ares BDC,18.299999237060547
2026-04-06,ARES,Ares,102.83000183105467
2026-04-06,BAMLH0A0HYM2,ICE BofA US HY OAS,3.05
2026-04-06,BIZD,BDC Sector,12.529999732971191
2026-04-06,BX,Blackstone,112.23999786376952
2026-04-06,BXSL,Blackstone BDC,24.1200008392334
2026-04-06,DGS1,US Treasury 1Y,3.72
2026-04-06,DGS3,US Treasury 3Y,3.88
2026-04-06,DGS5,US Treasury 5Y,3.98
2026-04-06,FSK,KKR BDC,10.729999542236328
2026-04-06,HYG,High Yield Bond ETF,79.69999694824219
2026-04-06,KKR,KKR,91.0500030517578
2026-04-06,OBDC,Blue Owl BDC,11.039999961853027
2026-04-06,OTF,Blue Owl Tech BDC,11.329999923706056
2026-04-06,OWL,Blue Owl,8.449999809265137
2026-04-06,^GSPC,US Equity Market,6611.830078125
2026-04-07,APO,Apollo,105.36000061035156
2026-04-07,ARCC,Ares BDC,18.049999237060547
2026-04-07,ARES,Ares,102.23999786376952
2026-04-07,BAMLH0A0HYM2,ICE BofA US HY OAS,3.12
2026-04-07,BIZD,BDC Sector,12.399999618530272
2026-04-07,BX,Blackstone,112.7300033569336
2026-04-07,BXSL,Blackstone BDC,23.700000762939453
2026-04-07,DGS1,US Treasury 1Y,3.68
2026-04-07,DGS3,US Treasury 3Y,3.82
2026-04-07,DGS5,US Treasury 5Y,3.95
2026-04-07,FSK,KKR BDC,10.539999961853027
2026-04-07,HYG,High Yield Bond ETF,79.72000122070312
2026-04-07,KKR,KKR,90.75
2026-04-07,OBDC,Blue Owl BDC,10.899999618530272
2026-04-07,OTF,Blue Owl Tech BDC,11.119999885559082
2026-04-07,OWL,Blue Owl,8.470000267028809
2026-04-07,^GSPC,US Equity Market,6616.85009765625
2026-04-08,APO,Apollo,107.0500030517578
2026-04-08,ARCC,Ares BDC,18.170000076293945
2026-04-08,ARES,Ares,104.83000183105467
2026-04-08,BAMLH0A0HYM2,ICE BofA US HY OAS,2.94
2026-04-08,BIZD,BDC Sector,12.390000343322754
2026-04-08,BX,Blackstone,117.66999816894533
2026-04-08,BXSL,Blackstone BDC,23.11000061035156
2026-04-08,DGS1,US Treasury 1Y,3.69
2026-04-08,DGS3,US Treasury 3Y,3.78
2026-04-08,DGS5,US Treasury 5Y,3.92
2026-04-08,FSK,KKR BDC,10.239999771118164
2026-04-08,HYG,High Yield Bond ETF,80.19000244140625
2026-04-08,KKR,KKR,93.95999908447266
2026-04-08,OBDC,Blue Owl BDC,10.75
2026-04-08,OTF,Blue Owl Tech BDC,11.15999984741211
2026-04-08,OWL,Blue Owl,8.319999694824219
2026-04-08,^GSPC,US Equity Market,6782.81005859375
2026-04-09,APO,Apollo,106.9800033569336
2026-04-09,ARCC,Ares BDC,18.010000228881836
2026-04-09,ARES,Ares,104.8000030517578
2026-04-09,BAMLH0A0HYM2,ICE BofA US HY OAS,2.9
2026-04-09,BIZD,BDC Sector,12.300000190734863
2026-04-09,BX,Blackstone,116.9000015258789
2026-04-09,BXSL,Blackstone BDC,22.979999542236328
2026-04-09,DGS1,US Treasury 1Y,3.68
2026-04-09,DGS3,US Treasury 3Y,3.77
2026-04-09,DGS5,US Treasury 5Y,3.91
2026-04-09,FSK,KKR BDC,10.140000343322754
2026-04-09,HYG,High Yield Bond ETF,80.27999877929688
2026-04-09,KKR,KKR,92.83000183105467
2026-04-09,OBDC,Blue Owl BDC,10.760000228881836
2026-04-09,OTF,Blue Owl Tech BDC,11.229999542236328
2026-04-09,OWL,Blue Owl,8.279999732971191
2026-04-09,^GSPC,US Equity Market,6824.66015625
2026-04-10,APO,Apollo,104.27999877929688
2026-04-10,ARCC,Ares BDC,18.09000015258789
2026-04-10,ARES,Ares,100.45999908447266
2026-04-10,BAMLH0A0HYM2,ICE BofA US HY OAS,2.94
2026-04-10,BIZD,BDC Sector,12.359999656677246
2026-04-10,BX,Blackstone,114.83000183105467
2026-04-10,BXSL,Blackstone BDC,23.1299991607666
2026-04-10,DGS1,US Treasury 1Y,3.7
2026-04-10,DGS3,US Treasury 3Y,3.8
2026-04-10,DGS5,US Treasury 5Y,3.94
2026-04-10,FSK,KKR BDC,10.130000114440918
2026-04-10,HYG,High Yield Bond ETF,79.95999908447266
2026-04-10,KKR,KKR,91.22000122070312
2026-04-10,OBDC,Blue Owl BDC,10.869999885559082
2026-04-10,OTF,Blue Owl Tech BDC,11.350000381469728
2026-04-10,OWL,Blue Owl,8.229999542236328
2026-04-10,^GSPC,US Equity Market,6816.89013671875
2026-04-13,APO,Apollo,109.9499969482422
2026-04-13,ARCC,Ares BDC,18.190000534057617
2026-04-13,ARES,Ares,106.68000030517578
2026-04-13,BAMLH0A0HYM2,ICE BofA US HY OAS,2.95
2026-04-13,BIZD,BDC Sector,12.510000228881836
2026-04-13,BX,Blackstone,121.81999969482422
2026-04-13,BXSL,Blackstone BDC,23.63999938964844
2026-04-13,DGS1,US Treasury 1Y,3.7
2026-04-13,DGS3,US Treasury 3Y,3.79
2026-04-13,DGS5,US Treasury 5Y,3.92
2026-04-13,FSK,KKR BDC,10.369999885559082
2026-04-13,HYG,High Yield Bond ETF,80.26000213623047
2026-04-13,KKR,KKR,98.13999938964844
2026-04-13,OBDC,Blue Owl BDC,10.93000030517578
2026-04-13,OTF,Blue Owl Tech BDC,11.609999656677246
2026-04-13,OWL,Blue Owl,8.449999809265137
2026-04-13,^GSPC,US Equity Market,6886.240234375
2026-04-14,APO,Apollo,114.81999969482422
2026-04-14,ARCC,Ares BDC,18.6299991607666
2026-04-14,ARES,Ares,112.61000061035156
2026-04-14,BAMLH0A0HYM2,ICE BofA US HY OAS,2.84
2026-04-14,BIZD,BDC Sector,12.850000381469728
2026-04-14,BX,Blackstone,126.33000183105467
2026-04-14,BXSL,Blackstone BDC,24.13999938964844
2026-04-14,DGS1,US Treasury 1Y,3.71
2026-04-14,DGS3,US Treasury 3Y,3.76
2026-04-14,DGS5,US Treasury 5Y,3.87
2026-04-14,FSK,KKR BDC,10.729999542236328
2026-04-14,HYG,High Yield Bond ETF,80.5
2026-04-14,KKR,KKR,100.43000030517578
2026-04-14,OBDC,Blue Owl BDC,11.34000015258789
2026-04-14,OTF,Blue Owl Tech BDC,11.890000343322754
2026-04-14,OWL,Blue Owl,9.170000076293944
2026-04-14,^GSPC,US Equity Market,6967.3798828125
2026-04-15,APO,Apollo,120.54000091552734
2026-04-15,ARCC,Ares BDC,18.96999931335449
2026-04-15,ARES,Ares,119.27999877929688
2026-04-15,BAMLH0A0HYM2,ICE BofA US HY OAS,2.85
2026-04-15,BIZD,BDC Sector,13.170000076293944
2026-04-15,BX,Blackstone,130.19000244140625
2026-04-15,BXSL,Blackstone BDC,24.770000457763672
2026-04-15,DGS1,US Treasury 1Y,3.7
2026-04-15,DGS3,US Treasury 3Y,3.79
2026-04-15,DGS5,US Treasury 5Y,3.9
2026-04-15,FSK,KKR BDC,11.119999885559082
2026-04-15,HYG,High Yield Bond ETF,80.45999908447266
2026-04-15,KKR,KKR,103.8499984741211
2026-04-15,OBDC,Blue Owl BDC,11.630000114440918
2026-04-15,OTF,Blue Owl Tech BDC,12.270000457763672
2026-04-15,OWL,Blue Owl,9.920000076293944
2026-04-15,^GSPC,US Equity Market,7022.9501953125
2026-04-16,APO,Apollo,120.80999755859376
2026-04-16,ARCC,Ares BDC,18.780000686645508
2026-04-16,ARES,Ares,116.22000122070312
2026-04-16,BAMLH0A0HYM2,ICE BofA US HY OAS,2.86
2026-04-16,BIZD,BDC Sector,12.960000038146973
2026-04-16,BX,Blackstone,128.1300048828125
2026-04-16,BXSL,Blackstone BDC,24.540000915527344
2026-04-16,DGS1,US Treasury 1Y,3.69
2026-04-16,DGS3,US Treasury 3Y,3.8
2026-04-16,DGS5,US Treasury 5Y,3.91
2026-04-16,FSK,KKR BDC,10.970000267028809
2026-04-16,HYG,High Yield Bond ETF,80.3499984741211
2026-04-16,KKR,KKR,102.0199966430664
2026-04-16,OBDC,Blue Owl BDC,11.600000381469728
2026-04-16,OTF,Blue Owl Tech BDC,12.06999969482422
2026-04-16,OWL,Blue Owl,9.649999618530272
2026-04-16,^GSPC,US Equity Market,7041.27978515625
2026-04-17,APO,Apollo,124.62000274658205
2026-04-17,ARCC,Ares BDC,19.09000015258789
2026-04-17,ARES,Ares,117.77999877929688
2026-04-17,BAMLH0A0HYM2,ICE BofA US HY OAS,2.83
2026-04-17,BIZD,BDC Sector,13.199999809265137
2026-04-17,BX,Blackstone,129.0800018310547
2026-04-17,BXSL,Blackstone BDC,24.670000076293945
2026-04-17,DGS1,US Treasury 1Y,3.64
2026-04-17,DGS3,US Treasury 3Y,3.72
2026-04-17,DGS5,US Treasury 5Y,3.84
2026-04-17,FSK,KKR BDC,11.390000343322754
2026-04-17,HYG,High Yield Bond ETF,80.6500015258789
2026-04-17,KKR,KKR,103.5999984741211
2026-04-17,OBDC,Blue Owl BDC,11.789999961853027
2026-04-17,OTF,Blue Owl Tech BDC,12.15999984741211
2026-04-17,OWL,Blue Owl,9.850000381469728
2026-04-17,^GSPC,US Equity Market,7126.06005859375
2026-04-20,APO,Apollo,127.33000183105467
2026-04-20,ARCC,Ares BDC,19.1200008392334
2026-04-20,ARES,Ares,118.7699966430664
2026-04-20,BAMLH0A0HYM2,ICE BofA US HY OAS,2.87
2026-04-20,BIZD,BDC Sector,13.18000030517578
2026-04-20,BX,Blackstone,128.99000549316406
2026-04-20,BXSL,Blackstone BDC,24.739999771118164
2026-04-20,DGS1,US Treasury 1Y,3.65
2026-04-20,DGS3,US Treasury 3Y,3.73
2026-04-20,DGS5,US Treasury 5Y,3.86
2026-04-20,FSK,KKR BDC,11.300000190734863
2026-04-20,HYG,High Yield Bond ETF,80.58000183105469
2026-04-20,KKR,KKR,103.91999816894533
2026-04-20,OBDC,Blue Owl BDC,11.779999732971191
2026-04-20,OTF,Blue Owl Tech BDC,12.15999984741211
2026-04-20,OWL,Blue Owl,9.890000343322754
2026-04-20,^GSPC,US Equity Market,7109.14013671875
2026-04-21,APO,Apollo,127.26000213623048
2026-04-21,ARCC,Ares BDC,18.959999084472656
2026-04-21,ARES,Ares,119.83999633789062
2026-04-21,BAMLH0A0HYM2,ICE BofA US HY OAS,2.85
2026-04-21,BIZD,BDC Sector,12.880000114440918
2026-04-21,BX,Blackstone,128.5
2026-04-21,BXSL,Blackstone BDC,24.170000076293945
2026-04-21,DGS1,US Treasury 1Y,3.69
2026-04-21,DGS3,US Treasury 3Y,3.8
2026-04-21,DGS5,US Treasury 5Y,3.91
2026-04-21,FSK,KKR BDC,11.0600004196167
2026-04-21,HYG,High Yield Bond ETF,80.37000274658203
2026-04-21,KKR,KKR,104.4499969482422
2026-04-21,OBDC,Blue Owl BDC,11.510000228881836
2026-04-21,OTF,Blue Owl Tech BDC,11.539999961853027
2026-04-21,OWL,Blue Owl,9.869999885559082
2026-04-21,^GSPC,US Equity Market,7064.009765625
2026-04-22,APO,Apollo,129.05999755859375
2026-04-22,ARCC,Ares BDC,19.100000381469727
2026-04-22,ARES,Ares,121.0500030517578
2026-04-22,BAMLH0A0HYM2,ICE BofA US HY OAS,2.84
2026-04-22,BIZD,BDC Sector,12.989999771118164
2026-04-22,BX,Blackstone,129.72999572753906
2026-04-22,BXSL,Blackstone BDC,24.14999961853028
2026-04-22,DGS1,US Treasury 1Y,3.69
2026-04-22,DGS3,US Treasury 3Y,3.81
2026-04-22,DGS5,US Treasury 5Y,3.91
2026-04-22,FSK,KKR BDC,11.029999732971191
2026-04-22,HYG,High Yield Bond ETF,80.5
2026-04-22,KKR,KKR,105.91999816894533
2026-04-22,OBDC,Blue Owl BDC,11.609999656677246
2026-04-22,OTF,Blue Owl Tech BDC,11.539999961853027
2026-04-22,OWL,Blue Owl,9.920000076293944
2026-04-22,^GSPC,US Equity Market,7137.89990234375
2026-04-23,APO,Apollo,124.7699966430664
2026-04-23,ARCC,Ares BDC,18.6200008392334
2026-04-23,ARES,Ares,114.77999877929688
2026-04-23,BAMLH0A0HYM2,ICE BofA US HY OAS,2.86
2026-04-23,BIZD,BDC Sector,12.710000038146973
2026-04-23,BX,Blackstone,122.33000183105467
2026-04-23,BXSL,Blackstone BDC,23.71999931335449
2026-04-23,DGS1,US Treasury 1Y,3.7
2026-04-23,DGS3,US Treasury 3Y,3.84
2026-04-23,DGS5,US Treasury 5Y,3.96
2026-04-23,FSK,KKR BDC,10.579999923706056
2026-04-23,HYG,High Yield Bond ETF,80.37000274658203
2026-04-23,KKR,KKR,101.63999938964844
2026-04-23,OBDC,Blue Owl BDC,11.350000381469728
2026-04-23,OTF,Blue Owl Tech BDC,11.100000381469728
2026-04-23,OWL,Blue Owl,9.420000076293944
2026-04-23,^GSPC,US Equity Market,7108.39990234375
2026-04-24,APO,Apollo,124.26000213623048
2026-04-24,ARCC,Ares BDC,18.670000076293945
2026-04-24,ARES,Ares,115.2300033569336
2026-04-24,BAMLH0A0HYM2,ICE BofA US HY OAS,2.86
2026-04-24,BIZD,BDC Sector,12.699999809265137
2026-04-24,BX,Blackstone,121.6500015258789
2026-04-24,BXSL,Blackstone BDC,23.39999961853028
2026-04-24,DGS1,US Treasury 1Y,3.67
2026-04-24,DGS3,US Treasury 3Y,3.8
2026-04-24,DGS5,US Treasury 5Y,3.92
2026-04-24,FSK,KKR BDC,10.520000457763672
2026-04-24,HYG,High Yield Bond ETF,80.4800033569336
2026-04-24,KKR,KKR,101.83000183105467
2026-04-24,OBDC,Blue Owl BDC,11.270000457763672
2026-04-24,OTF,Blue Owl Tech BDC,11.100000381469728
2026-04-24,OWL,Blue Owl,9.18000030517578
2026-04-24,^GSPC,US Equity Market,7165.080078125
2026-04-27,APO,Apollo,123.33000183105467
2026-04-27,ARCC,Ares BDC,18.61000061035156
2026-04-27,ARES,Ares,112.18000030517578
2026-04-27,BAMLH0A0HYM2,ICE BofA US HY OAS,2.84
2026-04-27,BIZD,BDC Sector,12.729999542236328
2026-04-27,BX,Blackstone,120.37000274658205
2026-04-27,BXSL,Blackstone BDC,23.780000686645508
2026-04-27,DGS1,US Treasury 1Y,3.69
2026-04-27,DGS3,US Treasury 3Y,3.83
2026-04-27,DGS5,US Treasury 5Y,3.94
2026-04-27,FSK,KKR BDC,10.5
2026-04-27,HYG,High Yield Bond ETF,80.51000213623047
2026-04-27,KKR,KKR,100.6999969482422
2026-04-27,OBDC,Blue Owl BDC,11.1899995803833
2026-04-27,OTF,Blue Owl Tech BDC,10.81999969482422
2026-04-27,OWL,Blue Owl,8.920000076293945
2026-04-27,^GSPC,US Equity Market,7173.91015625
2026-04-28,APO,Apollo,123.56999969482422
2026-04-28,ARCC,Ares BDC,18.920000076293945
2026-04-28,ARES,Ares,113.01000213623048
2026-04-28,BAMLH0A0HYM2,ICE BofA US HY OAS,2.85
2026-04-28,BIZD,BDC Sector,12.90999984741211
2026-04-28,BX,Blackstone,121.5199966430664
2026-04-28,BXSL,Blackstone BDC,23.950000762939453
2026-04-28,DGS1,US Treasury 1Y,3.71
2026-04-28,DGS3,US Treasury 3Y,3.86
2026-04-28,DGS5,US Treasury 5Y,3.97
2026-04-28,FSK,KKR BDC,10.81999969482422
2026-04-28,HYG,High Yield Bond ETF,80.4000015258789
2026-04-28,KKR,KKR,101.4000015258789
2026-04-28,OBDC,Blue Owl BDC,11.359999656677246
2026-04-28,OTF,Blue Owl Tech BDC,10.93000030517578
2026-04-28,OWL,Blue Owl,8.859999656677246
2026-04-28,^GSPC,US Equity Market,7138.7998046875
2026-04-29,APO,Apollo,122.27999877929688
2026-04-29,ARCC,Ares BDC,18.670000076293945
2026-04-29,ARES,Ares,110.86000061035156
2026-04-29,BAMLH0A0HYM2,ICE BofA US HY OAS,2.82
2026-04-29,BIZD,BDC Sector,12.760000228881836
2026-04-29,BX,Blackstone,119.83000183105467
2026-04-29,BXSL,Blackstone BDC,23.940000534057617
2026-04-29,DGS1,US Treasury 1Y,3.75
2026-04-29,DGS3,US Treasury 3Y,3.94
2026-04-29,DGS5,US Treasury 5Y,4.05
2026-04-29,FSK,KKR BDC,10.68000030517578
2026-04-29,HYG,High Yield Bond ETF,80.12999725341797
2026-04-29,KKR,KKR,99.31999969482422
2026-04-29,OBDC,Blue Owl BDC,11.270000457763672
2026-04-29,OTF,Blue Owl Tech BDC,10.75
2026-04-29,OWL,Blue Owl,8.880000114440918
2026-04-29,^GSPC,US Equity Market,7135.9501953125
2026-04-30,APO,Apollo,128.72000122070312
2026-04-30,ARCC,Ares BDC,19.15999984741211
2026-04-30,ARES,Ares,117.4000015258789
2026-04-30,BAMLH0A0HYM2,ICE BofA US HY OAS,2.83
2026-04-30,BIZD,BDC Sector,13.149999618530272
2026-04-30,BX,Blackstone,125.58000183105467
2026-04-30,BXSL,Blackstone BDC,24.799999237060547
2026-04-30,DGS1,US Treasury 1Y,3.72
2026-04-30,DGS3,US Treasury 3Y,3.91
2026-04-30,DGS5,US Treasury 5Y,4.02
2026-04-30,FSK,KKR BDC,11.25
2026-04-30,HYG,High Yield Bond ETF,80.37999725341797
2026-04-30,KKR,KKR,104.33999633789062
2026-04-30,OBDC,Blue Owl BDC,11.720000267028809
2026-04-30,OTF,Blue Owl Tech BDC,11.380000114440918
2026-04-30,OWL,Blue Owl,9.75
2026-04-30,^GSPC,US Equity Market,7209.009765625
2026-05-01,APO,Apollo,130.4600067138672
2026-05-01,ARCC,Ares BDC,19.25
2026-05-01,ARES,Ares,119.0
2026-05-01,BAMLH0A0HYM2,ICE BofA US HY OAS,2.77
2026-05-01,BIZD,BDC Sector,13.289999961853027
2026-05-01,BX,Blackstone,126.3499984741211
2026-05-01,BXSL,Blackstone BDC,24.940000534057617
2026-05-01,DGS1,US Treasury 1Y,3.73
2026-05-01,DGS3,US Treasury 3Y,3.91
2026-05-01,DGS5,US Treasury 5Y,4.02
2026-05-01,FSK,KKR BDC,11.550000190734863
2026-05-01,HYG,High Yield Bond ETF,80.05999755859375
2026-05-01,KKR,KKR,103.68000030517578
2026-05-01,OBDC,Blue Owl BDC,11.859999656677246
2026-05-01,OTF,Blue Owl Tech BDC,11.59000015258789
2026-05-01,OWL,Blue Owl,9.979999542236328
2026-05-01,^GSPC,US Equity Market,7230.1201171875
2026-05-04,APO,Apollo,129.19000244140625
2026-05-04,ARCC,Ares BDC,19.18000030517578
2026-05-04,ARES,Ares,119.9800033569336
2026-05-04,BAMLH0A0HYM2,ICE BofA US HY OAS,2.78
2026-05-04,BIZD,BDC Sector,13.300000190734863
2026-05-04,BX,Blackstone,123.08999633789062
2026-05-04,BXSL,Blackstone BDC,24.71999931335449
2026-05-04,DGS1,US Treasury 1Y,3.78
2026-05-04,DGS3,US Treasury 3Y,3.98
2026-05-04,DGS5,US Treasury 5Y,4.08
2026-05-04,FSK,KKR BDC,11.619999885559082
2026-05-04,HYG,High Yield Bond ETF,79.80000305175781
2026-05-04,KKR,KKR,103.33000183105467
2026-05-04,OBDC,Blue Owl BDC,11.800000190734863
2026-05-04,OTF,Blue Owl Tech BDC,11.460000038146973
2026-05-04,OWL,Blue Owl,10.119999885559082
2026-05-04,^GSPC,US Equity Market,7200.75
2026-05-05,APO,Apollo,130.3000030517578
2026-05-05,ARCC,Ares BDC,19.350000381469727
2026-05-05,ARES,Ares,122.95999908447266
2026-05-05,BAMLH0A0HYM2,ICE BofA US HY OAS,2.77
2026-05-05,BIZD,BDC Sector,13.359999656677246
2026-05-05,BX,Blackstone,122.72000122070312
2026-05-05,BXSL,Blackstone BDC,24.940000534057617
2026-05-05,DGS1,US Treasury 1Y,3.77
2026-05-05,DGS3,US Treasury 3Y,3.97
2026-05-05,DGS5,US Treasury 5Y,4.08
2026-05-05,FSK,KKR BDC,11.5
2026-05-05,HYG,High Yield Bond ETF,79.91999816894531
2026-05-05,KKR,KKR,102.0
2026-05-05,OBDC,Blue Owl BDC,11.90999984741211
2026-05-05,OTF,Blue Owl Tech BDC,11.630000114440918
2026-05-05,OWL,Blue Owl,10.75
2026-05-05,^GSPC,US Equity Market,7259.22021484375
2026-05-06,APO,Apollo,129.52999877929688
2026-05-06,ARCC,Ares BDC,19.15999984741211
2026-05-06,ARES,Ares,123.86000061035156
2026-05-06,BAMLH0A0HYM2,ICE BofA US HY OAS,2.75
2026-05-06,BIZD,BDC Sector,13.270000457763672
2026-05-06,BX,Blackstone,124.69000244140624
2026-05-06,BXSL,Blackstone BDC,24.549999237060547
2026-05-06,DGS1,US Treasury 1Y,3.73
2026-05-06,DGS3,US Treasury 3Y,3.89
2026-05-06,DGS5,US Treasury 5Y,3.99
2026-05-06,FSK,KKR BDC,11.420000076293944
2026-05-06,HYG,High Yield Bond ETF,80.16000366210938
2026-05-06,KKR,KKR,100.79000091552734
2026-05-06,OBDC,Blue Owl BDC,11.760000228881836
2026-05-06,OTF,Blue Owl Tech BDC,11.729999542236328
2026-05-06,OWL,Blue Owl,10.539999961853027
2026-05-06,^GSPC,US Equity Market,7365.1201171875
2026-05-07,APO,Apollo,127.79000091552734
2026-05-07,ARCC,Ares BDC,18.959999084472656
2026-05-07,ARES,Ares,123.1500015258789
2026-05-07,BAMLH0A0HYM2,ICE BofA US HY OAS,2.79
2026-05-07,BIZD,BDC Sector,13.029999732971191
2026-05-07,BX,Blackstone,122.33000183105467
2026-05-07,BXSL,Blackstone BDC,24.36000061035156
2026-05-07,DGS1,US Treasury 1Y,3.76
2026-05-07,DGS3,US Treasury 3Y,3.94
2026-05-07,DGS5,US Treasury 5Y,4.04
2026-05-07,FSK,KKR BDC,10.949999809265137
2026-05-07,HYG,High Yield Bond ETF,79.86000061035156
2026-05-07,KKR,KKR,100.33999633789062
2026-05-07,OBDC,Blue Owl BDC,11.390000343322754
2026-05-07,OTF,Blue Owl Tech BDC,11.029999732971191
2026-05-07,OWL,Blue Owl,10.350000381469728
2026-05-07,^GSPC,US Equity Market,7337.10986328125
2026-05-08,APO,Apollo,133.1999969482422
2026-05-08,ARCC,Ares BDC,19.01000022888184
2026-05-08,ARES,Ares,126.25
2026-05-08,BAMLH0A0HYM2,ICE BofA US HY OAS,2.81
2026-05-08,BIZD,BDC Sector,12.899999618530272
2026-05-08,BX,Blackstone,123.7699966430664
2026-05-08,BXSL,Blackstone BDC,24.18000030517578
2026-05-08,DGS1,US Treasury 1Y,3.75
2026-05-08,DGS3,US Treasury 3Y,3.92
2026-05-08,DGS5,US Treasury 5Y,4.02
2026-05-08,FSK,KKR BDC,10.84000015258789
2026-05-08,HYG,High Yield Bond ETF,80.13999938964844
2026-05-08,KKR,KKR,102.5199966430664
2026-05-08,OBDC,Blue Owl BDC,11.350000381469728
2026-05-08,OTF,Blue Owl Tech BDC,10.920000076293944
2026-05-08,OWL,Blue Owl,10.5600004196167
2026-05-08,^GSPC,US Equity Market,7398.93017578125
2026-05-11,APO,Apollo,130.4600067138672
2026-05-11,ARCC,Ares BDC,18.68000030517578
2026-05-11,ARES,Ares,124.61000061035156
2026-05-11,BAMLH0A0HYM2,ICE BofA US HY OAS,2.79
2026-05-11,BIZD,BDC Sector,12.619999885559082
2026-05-11,BX,Blackstone,121.4000015258789
2026-05-11,BXSL,Blackstone BDC,23.6200008392334
2026-05-11,DGS1,US Treasury 1Y,3.79
2026-05-11,DGS3,US Treasury 3Y,3.96
2026-05-11,DGS5,US Treasury 5Y,4.07
2026-05-11,FSK,KKR BDC,10.760000228881836
2026-05-11,HYG,High Yield Bond ETF,79.9800033569336
2026-05-11,KKR,KKR,99.45999908447266
2026-05-11,OBDC,Blue Owl BDC,11.119999885559082
2026-05-11,OTF,Blue Owl Tech BDC,10.760000228881836
2026-05-11,OWL,Blue Owl,10.079999923706056
2026-05-11,^GSPC,US Equity Market,7412.83984375
2026-05-12,APO,Apollo,131.92999267578125
2026-05-12,ARCC,Ares BDC,18.770000457763672
2026-05-12,ARES,Ares,123.66000366210938
2026-05-12,BAMLH0A0HYM2,ICE BofA US HY OAS,2.82
2026-05-12,BIZD,BDC Sector,12.670000076293944
2026-05-12,BX,Blackstone,122.76000213623048
2026-05-12,BXSL,Blackstone BDC,23.770000457763672
2026-05-12,DGS1,US Treasury 1Y,3.8
2026-05-12,DGS3,US Treasury 3Y,4.01
2026-05-12,DGS5,US Treasury 5Y,4.12
2026-05-12,FSK,KKR BDC,10.779999732971191
2026-05-12,HYG,High Yield Bond ETF,79.87000274658203
2026-05-12,KKR,KKR,99.47000122070312
2026-05-12,OBDC,Blue Owl BDC,11.170000076293944
2026-05-12,OTF,Blue Owl Tech BDC,10.720000267028809
2026-05-12,OWL,Blue Owl,10.0
2026-05-12,^GSPC,US Equity Market,7400.9599609375
2026-05-13,APO,Apollo,131.60000610351562
2026-05-13,ARCC,Ares BDC,18.780000686645508
2026-05-13,ARES,Ares,123.18000030517578
2026-05-13,BAMLH0A0HYM2,ICE BofA US HY OAS,2.82
2026-05-13,BIZD,BDC Sector,12.56999969482422
2026-05-13,BX,Blackstone,119.62000274658205
2026-05-13,BXSL,Blackstone BDC,23.729999542236328
2026-05-13,DGS1,US Treasury 1Y,3.79
2026-05-13,DGS3,US Treasury 3Y,4.0
2026-05-13,DGS5,US Treasury 5Y,4.12
2026-05-13,FSK,KKR BDC,10.720000267028809
2026-05-13,HYG,High Yield Bond ETF,79.91000366210938
2026-05-13,KKR,KKR,97.43000030517578
2026-05-13,OBDC,Blue Owl BDC,11.170000076293944
2026-05-13,OTF,Blue Owl Tech BDC,10.890000343322754
2026-05-13,OWL,Blue Owl,9.770000457763672
2026-05-13,^GSPC,US Equity Market,7444.25
2026-05-14,APO,Apollo,135.52000427246094
2026-05-14,ARCC,Ares BDC,18.940000534057617
2026-05-14,ARES,Ares,128.52999877929688
2026-05-14,BAMLH0A0HYM2,ICE BofA US HY OAS,2.76
2026-05-14,BIZD,BDC Sector,12.630000114440918
2026-05-14,BX,Blackstone,122.45999908447266
2026-05-14,BXSL,Blackstone BDC,24.11000061035156
2026-05-14,DGS1,US Treasury 1Y,3.79
2026-05-14,DGS3,US Treasury 3Y,4.04
2026-05-14,DGS5,US Treasury 5Y,4.13
2026-05-14,FSK,KKR BDC,10.800000190734863
2026-05-14,HYG,High Yield Bond ETF,79.8499984741211
2026-05-14,KKR,KKR,99.56999969482422
2026-05-14,OBDC,Blue Owl BDC,11.260000228881836
2026-05-14,OTF,Blue Owl Tech BDC,11.15999984741211
2026-05-14,OWL,Blue Owl,9.8100004196167
2026-05-14,^GSPC,US Equity Market,7501.240234375
2026-05-15,APO,Apollo,135.3800048828125
2026-05-15,ARCC,Ares BDC,18.89999961853028
2026-05-15,ARES,Ares,123.41000366210938
2026-05-15,BAMLH0A0HYM2,ICE BofA US HY OAS,2.8
2026-05-15,BIZD,BDC Sector,12.609999656677246
2026-05-15,BX,Blackstone,117.88999938964844
2026-05-15,BXSL,Blackstone BDC,24.020000457763672
2026-05-15,DGS1,US Treasury 1Y,3.82
2026-05-15,DGS3,US Treasury 3Y,4.14
2026-05-15,DGS5,US Treasury 5Y,4.26
2026-05-15,FSK,KKR BDC,10.979999542236328
2026-05-15,HYG,High Yield Bond ETF,79.45999908447266
2026-05-15,KKR,KKR,96.97000122070312
2026-05-15,OBDC,Blue Owl BDC,11.210000038146973
2026-05-15,OTF,Blue Owl Tech BDC,11.170000076293944
2026-05-15,OWL,Blue Owl,9.460000038146973
2026-05-15,^GSPC,US Equity Market,7408.5
2026-05-18,APO,Apollo,134.07000732421875
2026-05-18,ARCC,Ares BDC,18.71999931335449
2026-05-18,ARES,Ares,123.6999969482422
2026-05-18,BAMLH0A0HYM2,ICE BofA US HY OAS,2.83
2026-05-18,BIZD,BDC Sector,12.520000457763672
2026-05-18,BX,Blackstone,117.04000091552734
2026-05-18,BXSL,Blackstone BDC,23.670000076293945
2026-05-18,DGS1,US Treasury 1Y,3.81
2026-05-18,DGS3,US Treasury 3Y,4.14
2026-05-18,DGS5,US Treasury 5Y,4.27
2026-05-18,FSK,KKR BDC,10.720000267028809
2026-05-18,HYG,High Yield Bond ETF,79.54000091552734
2026-05-18,KKR,KKR,95.97000122070312
2026-05-18,OBDC,Blue Owl BDC,11.010000228881836
2026-05-18,OTF,Blue Owl Tech BDC,10.970000267028809
2026-05-18,OWL,Blue Owl,9.489999771118164
2026-05-18,^GSPC,US Equity Market,7403.0498046875
2026-05-19,APO,Apollo,131.14999389648438
2026-05-19,ARCC,Ares BDC,18.56999969482422
2026-05-19,ARES,Ares,121.11000061035156
2026-05-19,BAMLH0A0HYM2,ICE BofA US HY OAS,2.86
2026-05-19,BIZD,BDC Sector,12.40999984741211
2026-05-19,BX,Blackstone,114.26000213623048
2026-05-19,BXSL,Blackstone BDC,23.530000686645508
2026-05-19,DGS1,US Treasury 1Y,3.83
2026-05-19,DGS3,US Treasury 3Y,4.2
2026-05-19,DGS5,US Treasury 5Y,4.32
2026-05-19,FSK,KKR BDC,10.59000015258789
2026-05-19,HYG,High Yield Bond ETF,79.3499984741211
2026-05-19,KKR,KKR,92.91999816894533
2026-05-19,OBDC,Blue Owl BDC,11.050000190734863
2026-05-19,OTF,Blue Owl Tech BDC,10.970000267028809
2026-05-19,OWL,Blue Owl,9.43000030517578
2026-05-19,^GSPC,US Equity Market,7353.60986328125
2026-05-20,APO,Apollo,132.24000549316406
2026-05-20,ARCC,Ares BDC,18.700000762939453
2026-05-20,ARES,Ares,122.11000061035156
2026-05-20,BAMLH0A0HYM2,ICE BofA US HY OAS,2.8
2026-05-20,BIZD,BDC Sector,12.510000228881836
2026-05-20,BX,Blackstone,116.83000183105467
2026-05-20,BXSL,Blackstone BDC,23.71999931335449
2026-05-20,DGS1,US Treasury 1Y,3.79
2026-05-20,DGS3,US Treasury 3Y,4.11
2026-05-20,DGS5,US Treasury 5Y,4.22
2026-05-20,FSK,KKR BDC,10.960000038146973
2026-05-20,HYG,High Yield Bond ETF,79.86000061035156
2026-05-20,KKR,KKR,94.33999633789062
2026-05-20,OBDC,Blue Owl BDC,11.119999885559082
2026-05-20,OTF,Blue Owl Tech BDC,10.920000076293944
2026-05-20,OWL,Blue Owl,9.729999542236328
2026-05-20,^GSPC,US Equity Market,7432.97021484375
2026-05-21,APO,Apollo,130.89999389648438
2026-05-21,ARCC,Ares BDC,18.739999771118164
2026-05-21,ARES,Ares,123.98999786376952
2026-05-21,BAMLH0A0HYM2,ICE BofA US HY OAS,2.78
2026-05-21,BIZD,BDC Sector,12.520000457763672
2026-05-21,BX,Blackstone,118.56999969482422
2026-05-21,BXSL,Blackstone BDC,23.549999237060547
2026-05-21,DGS1,US Treasury 1Y,3.83
2026-05-21,DGS3,US Treasury 3Y,4.13
2026-05-21,DGS5,US Treasury 5Y,4.25
2026-05-21,FSK,KKR BDC,10.93000030517578
2026-05-21,HYG,High Yield Bond ETF,79.9000015258789
2026-05-21,KKR,KKR,94.76000213623048
2026-05-21,OBDC,Blue Owl BDC,11.18000030517578
2026-05-21,OTF,Blue Owl Tech BDC,10.75
2026-05-21,OWL,Blue Owl,10.199999809265137
2026-05-21,^GSPC,US Equity Market,7445.72021484375
2026-05-22,APO,Apollo,128.50999450683594
2026-05-22,ARCC,Ares BDC,18.59000015258789
2026-05-22,ARES,Ares,124.41000366210938
2026-05-22,BAMLH0A0HYM2,ICE BofA US HY OAS,2.74
2026-05-22,BIZD,BDC Sector,12.380000114440918
2026-05-22,BX,Blackstone,118.51000213623048
2026-05-22,BXSL,Blackstone BDC,23.32999992370605
2026-05-22,DGS1,US Treasury 1Y,3.86
2026-05-22,DGS3,US Treasury 3Y,4.18
2026-05-22,DGS5,US Treasury 5Y,4.27
2026-05-22,FSK,KKR BDC,10.779999732971191
2026-05-22,HYG,High Yield Bond ETF,79.91000366210938
2026-05-22,KKR,KKR,94.04000091552734
2026-05-22,OBDC,Blue Owl BDC,11.029999732971191
2026-05-22,OTF,Blue Owl Tech BDC,10.630000114440918
2026-05-22,OWL,Blue Owl,10.0600004196167
2026-05-22,^GSPC,US Equity Market,7473.47021484375
2026-05-25,BAMLH0A0HYM2,ICE BofA US HY OAS,2.74
2026-05-26,APO,Apollo,129.91000366210938
2026-05-26,ARCC,Ares BDC,18.81999969482422
2026-05-26,ARES,Ares,125.27999877929688
2026-05-26,BAMLH0A0HYM2,ICE BofA US HY OAS,2.72
2026-05-26,BIZD,BDC Sector,12.56999969482422
2026-05-26,BX,Blackstone,118.12000274658205
2026-05-26,BXSL,Blackstone BDC,23.68000030517578
2026-05-26,DGS1,US Treasury 1Y,3.82
2026-05-26,DGS3,US Treasury 3Y,4.1
2026-05-26,DGS5,US Treasury 5Y,4.19
2026-05-26,FSK,KKR BDC,10.829999923706056
2026-05-26,HYG,High Yield Bond ETF,80.18000030517578
2026-05-26,KKR,KKR,94.98999786376952
2026-05-26,OBDC,Blue Owl BDC,11.1899995803833
2026-05-26,OTF,Blue Owl Tech BDC,10.649999618530272
2026-05-26,OWL,Blue Owl,10.100000381469728
2026-05-26,^GSPC,US Equity Market,7519.1201171875
2026-05-27,APO,Apollo,130.27000427246094
2026-05-27,ARCC,Ares BDC,18.86000061035156
2026-05-27,ARES,Ares,126.58000183105467
2026-05-27,BAMLH0A0HYM2,ICE BofA US HY OAS,2.71
2026-05-27,BIZD,BDC Sector,12.56999969482422
2026-05-27,BX,Blackstone,118.0
2026-05-27,BXSL,Blackstone BDC,23.6299991607666
2026-05-27,DGS1,US Treasury 1Y,3.8
2026-05-27,DGS3,US Treasury 3Y,4.09
2026-05-27,DGS5,US Treasury 5Y,4.17
2026-05-27,FSK,KKR BDC,10.829999923706056
2026-05-27,HYG,High Yield Bond ETF,80.12999725341797
2026-05-27,KKR,KKR,95.02999877929688
2026-05-27,OBDC,Blue Owl BDC,11.170000076293944
2026-05-27,OTF,Blue Owl Tech BDC,10.710000038146973
2026-05-27,OWL,Blue Owl,10.130000114440918
2026-05-27,^GSPC,US Equity Market,7520.35986328125
2026-05-28,APO,Apollo,127.51000213623048
2026-05-28,ARCC,Ares BDC,18.809999465942383
2026-05-28,ARES,Ares,126.0
2026-05-28,BAMLH0A0HYM2,ICE BofA US HY OAS,2.72
2026-05-28,BIZD,BDC Sector,12.59000015258789
2026-05-28,BX,Blackstone,116.13999938964844
2026-05-28,BXSL,Blackstone BDC,23.530000686645508
2026-05-28,DGS1,US Treasury 1Y,3.8
2026-05-28,DGS3,US Treasury 3Y,4.07
2026-05-28,DGS5,US Treasury 5Y,4.15
2026-05-28,FSK,KKR BDC,10.800000190734863
2026-05-28,HYG,High Yield Bond ETF,80.2300033569336
2026-05-28,KKR,KKR,94.02999877929688
2026-05-28,OBDC,Blue Owl BDC,11.109999656677246
2026-05-28,OTF,Blue Owl Tech BDC,10.90999984741211
2026-05-28,OWL,Blue Owl,9.93000030517578
2026-05-28,^GSPC,US Equity Market,7563.6298828125
2026-05-29,APO,Apollo,128.7100067138672
2026-05-29,ARCC,Ares BDC,18.989999771118164
2026-05-29,ARES,Ares,128.5
2026-05-29,BAMLH0A0HYM2,ICE BofA US HY OAS,2.72
2026-05-29,BIZD,BDC Sector,12.630000114440918
2026-05-29,BX,Blackstone,116.97000122070312
2026-05-29,BXSL,Blackstone BDC,23.729999542236328
2026-05-29,DGS1,US Treasury 1Y,3.79
2026-05-29,DGS3,US Treasury 3Y,4.06
2026-05-29,DGS5,US Treasury 5Y,4.13
2026-05-29,FSK,KKR BDC,10.869999885559082
2026-05-29,HYG,High Yield Bond ETF,80.30999755859375
2026-05-29,KKR,KKR,95.94000244140624
2026-05-29,OBDC,Blue Owl BDC,11.260000228881836
2026-05-29,OTF,Blue Owl Tech BDC,11.109999656677246
2026-05-29,OWL,Blue Owl,10.279999732971191
2026-05-29,^GSPC,US Equity Market,7580.06005859375
2026-05-31,BAMLH0A0HYM2,ICE BofA US HY OAS,2.74
2026-06-01,APO,Apollo,128.22000122070312
2026-06-01,ARCC,Ares BDC,19.06999969482422
2026-06-01,ARES,Ares,128.74000549316406
2026-06-01,BAMLH0A0HYM2,ICE BofA US HY OAS,2.72
2026-06-01,BIZD,BDC Sector,12.800000190734863
2026-06-01,BX,Blackstone,116.94000244140624
2026-06-01,BXSL,Blackstone BDC,23.89999961853028
2026-06-01,DGS1,US Treasury 1Y,3.83
2026-06-01,DGS3,US Treasury 3Y,4.09
2026-06-01,DGS5,US Treasury 5Y,4.18
2026-06-01,FSK,KKR BDC,10.899999618530272
2026-06-01,HYG,High Yield Bond ETF,79.83999633789062
2026-06-01,KKR,KKR,95.01000213623048
2026-06-01,OBDC,Blue Owl BDC,11.420000076293944
2026-06-01,OTF,Blue Owl Tech BDC,11.380000114440918
2026-06-01,OWL,Blue Owl,10.470000267028809
2026-06-01,^GSPC,US Equity Market,7599.9599609375
2026-06-02,APO,Apollo,128.75999450683594
2026-06-02,ARCC,Ares BDC,18.96999931335449
2026-06-02,ARES,Ares,128.27999877929688
2026-06-02,BAMLH0A0HYM2,ICE BofA US HY OAS,2.71
2026-06-02,BIZD,BDC Sector,12.710000038146973
2026-06-02,BX,Blackstone,114.91000366210938
2026-06-02,BXSL,Blackstone BDC,23.75
2026-06-02,DGS1,US Treasury 1Y,3.82
2026-06-02,DGS3,US Treasury 3Y,4.09
2026-06-02,DGS5,US Treasury 5Y,4.17
2026-06-02,FSK,KKR BDC,10.899999618530272
2026-06-02,HYG,High Yield Bond ETF,79.9000015258789
2026-06-02,KKR,KKR,94.4499969482422
2026-06-02,OBDC,Blue Owl BDC,11.210000038146973
2026-06-02,OTF,Blue Owl Tech BDC,11.050000190734863
2026-06-02,OWL,Blue Owl,10.06999969482422
2026-06-02,^GSPC,US Equity Market,7609.77978515625
2026-06-03,APO,Apollo,124.3499984741211
2026-06-03,ARCC,Ares BDC,18.68000030517578
2026-06-03,ARES,Ares,123.0999984741211
2026-06-03,BAMLH0A0HYM2,ICE BofA US HY OAS,2.75
2026-06-03,BIZD,BDC Sector,12.420000076293944
2026-06-03,BX,Blackstone,110.27999877929688
2026-06-03,BXSL,Blackstone BDC,23.26000022888184
2026-06-03,DGS1,US Treasury 1Y,3.84
2026-06-03,DGS3,US Treasury 3Y,4.14
2026-06-03,DGS5,US Treasury 5Y,4.21
2026-06-03,FSK,KKR BDC,10.800000190734863
2026-06-03,HYG,High Yield Bond ETF,79.68000030517578
2026-06-03,KKR,KKR,90.52999877929688
2026-06-03,OBDC,Blue Owl BDC,10.95
2026-06-03,OTF,Blue Owl Tech BDC,10.899999618530272
2026-06-03,OWL,Blue Owl,9.6899995803833
2026-06-03,^GSPC,US Equity Market,7553.68017578125
2026-06-04,APO,Apollo,128.41000366210938
2026-06-04,ARCC,Ares BDC,18.89999961853028
2026-06-04,ARES,Ares,130.5
2026-06-04,BAMLH0A0HYM2,ICE BofA US HY OAS,2.74
2026-06-04,BIZD,BDC Sector,12.699999809265137
2026-06-04,BX,Blackstone,118.5500030517578
2026-06-04,BXSL,Blackstone BDC,23.799999237060547
2026-06-04,DGS1,US Treasury 1Y,3.82
2026-06-04,DGS3,US Treasury 3Y,4.1
2026-06-04,DGS5,US Treasury 5Y,4.18
2026-06-04,FSK,KKR BDC,10.970000267028809
2026-06-04,HYG,High Yield Bond ETF,79.83000183105469
2026-06-04,KKR,KKR,95.45999908447266
2026-06-04,OBDC,Blue Owl BDC,11.3
2026-06-04,OTF,Blue Owl Tech BDC,11.489999771118164
2026-06-04,OWL,Blue Owl,10.1899995803833
2026-06-04,^GSPC,US Equity Market,7584.31005859375
2026-06-05,APO,Apollo,128.02999877929688
2026-06-05,ARCC,Ares BDC,18.790000915527344
2026-06-05,ARES,Ares,125.6500015258789
2026-06-05,BAMLH0A0HYM2,ICE BofA US HY OAS,2.76
2026-06-05,BIZD,BDC Sector,12.489999771118164
2026-06-05,BX,Blackstone,115.3499984741211
2026-06-05,BXSL,Blackstone BDC,23.56999969482422
2026-06-05,DGS1,US Treasury 1Y,3.88
2026-06-05,DGS3,US Treasury 3Y,4.22
2026-06-05,DGS5,US Treasury 5Y,4.29
2026-06-05,FSK,KKR BDC,10.699999809265137
2026-06-05,HYG,High Yield Bond ETF,79.43000030517578
2026-06-05,KKR,KKR,93.4000015258789
2026-06-05,OBDC,Blue Owl BDC,11.020000457763672
2026-06-05,OTF,Blue Owl Tech BDC,11.289999961853027
2026-06-05,OWL,Blue Owl,9.800000190734863
2026-06-05,^GSPC,US Equity Market,7383.740234375
2026-06-08,APO,Apollo,127.56999969482422
2026-06-08,ARCC,Ares BDC,18.770000457763672
2026-06-08,ARES,Ares,126.87000274658205
2026-06-08,BAMLH0A0HYM2,ICE BofA US HY OAS,2.75
2026-06-08,BIZD,BDC Sector,12.449999809265137
2026-06-08,BX,Blackstone,114.19000244140624
2026-06-08,BXSL,Blackstone BDC,23.39999961853028
2026-06-08,DGS1,US Treasury 1Y,3.85
2026-06-08,DGS3,US Treasury 3Y,4.21
2026-06-08,DGS5,US Treasury 5Y,4.29
2026-06-08,FSK,KKR BDC,10.640000343322754
2026-06-08,HYG,High Yield Bond ETF,79.54000091552734
2026-06-08,KKR,KKR,93.20999908447266
2026-06-08,OBDC,Blue Owl BDC,10.979999542236328
2026-06-08,OTF,Blue Owl Tech BDC,11.359999656677246
2026-06-08,OWL,Blue Owl,9.420000076293944
2026-06-08,^GSPC,US Equity Market,7405.72998046875
2026-06-09,APO,Apollo,132.6999969482422
2026-06-09,ARCC,Ares BDC,19.030000686645508
2026-06-09,ARES,Ares,130.61000061035156
2026-06-09,BAMLH0A0HYM2,ICE BofA US HY OAS,2.78
2026-06-09,BIZD,BDC Sector,12.59000015258789
2026-06-09,BX,Blackstone,120.29000091552734
2026-06-09,BXSL,Blackstone BDC,23.959999084472656
2026-06-09,DGS1,US Treasury 1Y,3.9
2026-06-09,DGS3,US Treasury 3Y,4.16
2026-06-09,DGS5,US Treasury 5Y,4.26
2026-06-09,FSK,KKR BDC,10.869999885559082
2026-06-09,HYG,High Yield Bond ETF,79.62000274658203
2026-06-09,KKR,KKR,95.83999633789062
2026-06-09,OTF,Blue Owl Tech BDC,11.279999732971191
2026-06-09,OWL,Blue Owl,9.59000015258789
2026-06-09,^GSPC,US Equity Market,7386.64990234375
2026-06-10,APO,Apollo,131.13999938964844
2026-06-10,ARCC,Ares BDC,19.040000915527344
2026-06-10,ARES,Ares,128.30999755859375
2026-06-10,BAMLH0A0HYM2,ICE BofA US HY OAS,2.8
2026-06-10,BIZD,BDC Sector,12.609999656677246
2026-06-10,BX,Blackstone,118.4800033569336
2026-06-10,BXSL,Blackstone BDC,23.93000030517578
2026-06-10,DGS1,US Treasury 1Y,3.9
2026-06-10,DGS3,US Treasury 3Y,4.17
2026-06-10,DGS5,US Treasury 5Y,4.27
2026-06-10,FSK,KKR BDC,11.0
2026-06-10,HYG,High Yield Bond ETF,79.47000122070312
2026-06-10,KKR,KKR,95.0199966430664
2026-06-10,OTF,Blue Owl Tech BDC,11.0600004196167
2026-06-10,OWL,Blue Owl,9.470000267028809
2026-06-10,^GSPC,US Equity Market,7266.990234375
2026-06-11,APO,Apollo,133.91000366210938
2026-06-11,ARCC,Ares BDC,19.06999969482422
2026-06-11,ARES,Ares,132.82000732421875
2026-06-11,BAMLH0A0HYM2,ICE BofA US HY OAS,2.78
2026-06-11,BIZD,BDC Sector,12.619999885559082
2026-06-11,BX,Blackstone,120.87999725341795
2026-06-11,BXSL,Blackstone BDC,23.89999961853028
2026-06-11,DGS1,US Treasury 1Y,3.85
2026-06-11,DGS3,US Treasury 3Y,4.09
2026-06-11,DGS5,US Treasury 5Y,4.18
2026-06-11,FSK,KKR BDC,10.81999969482422
2026-06-11,HYG,High Yield Bond ETF,79.94000244140625
2026-06-11,KKR,KKR,95.3000030517578
2026-06-11,OBDC,Blue Owl BDC,11.170000076293944
2026-06-11,OTF,Blue Owl Tech BDC,11.029999732971191
2026-06-11,OWL,Blue Owl,9.720000267028809
2026-06-11,^GSPC,US Equity Market,7394.2998046875
2026-06-12,APO,Apollo,133.8800048828125
2026-06-12,ARCC,Ares BDC,19.26000022888184
2026-06-12,ARES,Ares,134.89999389648438
2026-06-12,BAMLH0A0HYM2,ICE BofA US HY OAS,2.71
2026-06-12,BIZD,BDC Sector,12.710000038146973
2026-06-12,BX,Blackstone,122.79000091552734
2026-06-12,BXSL,Blackstone BDC,23.850000381469727
2026-06-12,DGS1,US Treasury 1Y,3.86
2026-06-12,DGS3,US Treasury 3Y,4.12
2026-06-12,DGS5,US Treasury 5Y,4.21
2026-06-12,FSK,KKR BDC,11.0600004196167
2026-06-12,HYG,High Yield Bond ETF,79.94000244140625
2026-06-12,KKR,KKR,96.23999786376952
2026-06-12,OBDC,Blue Owl BDC,11.18000030517578
2026-06-12,OTF,Blue Owl Tech BDC,11.149999618530272
2026-06-12,OWL,Blue Owl,9.68000030517578
2026-06-12,^GSPC,US Equity Market,7431.4599609375
2026-06-15,APO,Apollo,136.11000061035156
2026-06-15,ARCC,Ares BDC,18.6200008392334
2026-06-15,ARES,Ares,135.36000061035156
2026-06-15,BAMLH0A0HYM2,ICE BofA US HY OAS,2.66
2026-06-15,BIZD,BDC Sector,12.539999961853027
2026-06-15,BX,Blackstone,124.62999725341795
2026-06-15,BXSL,Blackstone BDC,23.76000022888184
2026-06-15,DGS1,US Treasury 1Y,3.84
2026-06-15,DGS3,US Treasury 3Y,4.1
2026-06-15,DGS5,US Treasury 5Y,4.18
2026-06-15,FSK,KKR BDC,10.93000030517578
2026-06-15,HYG,High Yield Bond ETF,80.04000091552734
2026-06-15,KKR,KKR,98.08000183105467
2026-06-15,OTF,Blue Owl Tech BDC,10.779999732971191
2026-06-15,OWL,Blue Owl,9.609999656677246
2026-06-15,^GSPC,US Equity Market,7554.2900390625
2026-06-16,APO,Apollo,138.47999572753906
2026-06-16,ARCC,Ares BDC,18.6200008392334
2026-06-16,ARES,Ares,134.97999572753906
2026-06-16,BAMLH0A0HYM2,ICE BofA US HY OAS,2.71
2026-06-16,BIZD,BDC Sector,12.619999885559082
2026-06-16,BX,Blackstone,127.87000274658205
2026-06-16,BXSL,Blackstone BDC,23.799999237060547
2026-06-16,DGS1,US Treasury 1Y,3.84
2026-06-16,DGS3,US Treasury 3Y,4.08
2026-06-16,DGS5,US Treasury 5Y,4.16
2026-06-16,FSK,KKR BDC,10.779999732971191
2026-06-16,HYG,High Yield Bond ETF,80.02999877929688
2026-06-16,KKR,KKR,98.97000122070312
2026-06-16,OTF,Blue Owl Tech BDC,11.010000228881836
2026-06-16,OWL,Blue Owl,9.84000015258789
2026-06-16,^GSPC,US Equity Market,7511.35009765625
2026-06-17,APO,Apollo,138.91000366210938
2026-06-17,ARCC,Ares BDC,18.100000381469727
2026-06-17,ARES,Ares,128.35000610351562
2026-06-17,BAMLH0A0HYM2,ICE BofA US HY OAS,2.63
2026-06-17,BIZD,BDC Sector,12.34000015258789
2026-06-17,BX,Blackstone,125.01000213623048
2026-06-17,BXSL,Blackstone BDC,23.489999771118164
2026-06-17,DGS1,US Treasury 1Y,3.98
2026-06-17,DGS3,US Treasury 3Y,4.23
2026-06-17,DGS5,US Treasury 5Y,4.27
2026-06-17,FSK,KKR BDC,10.220000267028809
2026-06-17,HYG,High Yield Bond ETF,79.7300033569336
2026-06-17,KKR,KKR,97.16999816894533
2026-06-17,OBDC,Blue Owl BDC,10.81999969482422
2026-06-17,OTF,Blue Owl Tech BDC,10.770000457763672
2026-06-17,OWL,Blue Owl,9.489999771118164
2026-06-17,^GSPC,US Equity Market,7420.10009765625
2026-06-18,APO,Apollo,137.5
2026-06-18,ARCC,Ares BDC,18.030000686645508
2026-06-18,ARES,Ares,129.33999633789062
2026-06-18,BAMLH0A0HYM2,ICE BofA US HY OAS,2.66
2026-06-18,BIZD,BDC Sector,12.359999656677246
2026-06-18,BX,Blackstone,123.79000091552734
2026-06-18,BXSL,Blackstone BDC,23.61000061035156
2026-06-18,DGS1,US Treasury 1Y,4.0
2026-06-18,DGS3,US Treasury 3Y,4.19
2026-06-18,DGS5,US Treasury 5Y,4.23
2026-06-18,FSK,KKR BDC,10.270000457763672
2026-06-18,HYG,High Yield Bond ETF,80.01000213623047
2026-06-18,KKR,KKR,97.01000213623048
2026-06-18,OBDC,Blue Owl BDC,10.869999885559082
2026-06-18,OTF,Blue Owl Tech BDC,10.65999984741211
2026-06-18,OWL,Blue Owl,9.529999732971191
2026-06-18,^GSPC,US Equity Market,7500.580078125
2026-06-19,BAMLH0A0HYM2,ICE BofA US HY OAS,2.66
2026-06-22,APO,Apollo,135.2100067138672
2026-06-22,ARCC,Ares BDC,17.84000015258789
2026-06-22,ARES,Ares,125.9000015258789
2026-06-22,BAMLH0A0HYM2,ICE BofA US HY OAS,2.65
2026-06-22,BIZD,BDC Sector,12.220000267028809
2026-06-22,BX,Blackstone,123.26000213623048
2026-06-22,BXSL,Blackstone BDC,23.21999931335449
2026-06-22,DGS1,US Treasury 1Y,4.04
2026-06-22,DGS3,US Treasury 3Y,4.25
2026-06-22,DGS5,US Treasury 5Y,4.29
2026-06-22,FSK,KKR BDC,10.130000114440918
2026-06-22,HYG,High Yield Bond ETF,79.94000244140625
2026-06-22,KKR,KKR,96.9000015258789
2026-06-22,OTF,Blue Owl Tech BDC,10.479999542236328
2026-06-22,OWL,Blue Owl,9.229999542236328
2026-06-22,^GSPC,US Equity Market,7472.7900390625
2026-06-23,APO,Apollo,130.61000061035156
2026-06-23,ARCC,Ares BDC,17.889999389648438
2026-06-23,ARES,Ares,120.77999877929688
2026-06-23,BAMLH0A0HYM2,ICE BofA US HY OAS,2.71
2026-06-23,BIZD,BDC Sector,12.300000190734863
2026-06-23,BX,Blackstone,120.06999969482422
2026-06-23,BXSL,Blackstone BDC,23.6299991607666
2026-06-23,DGS1,US Treasury 1Y,4.01
2026-06-23,DGS3,US Treasury 3Y,4.22
2026-06-23,DGS5,US Treasury 5Y,4.27
2026-06-23,FSK,KKR BDC,10.229999542236328
2026-06-23,HYG,High Yield Bond ETF,79.87000274658203
2026-06-23,KKR,KKR,93.5
2026-06-23,OBDC,Blue Owl BDC,10.800000190734863
2026-06-23,OTF,Blue Owl Tech BDC,10.489999771118164
2026-06-23,OWL,Blue Owl,8.90999984741211
2026-06-23,^GSPC,US Equity Market,7365.4599609375
2026-06-24,APO,Apollo,122.5999984741211
2026-06-24,ARCC,Ares BDC,17.850000381469727
2026-06-24,ARES,Ares,113.87000274658205
2026-06-24,BAMLH0A0HYM2,ICE BofA US HY OAS,2.76
2026-06-24,BIZD,BDC Sector,12.210000038146973
2026-06-24,BX,Blackstone,112.98999786376952
2026-06-24,BXSL,Blackstone BDC,23.700000762939453
2026-06-24,DGS1,US Treasury 1Y,3.99
2026-06-24,DGS3,US Treasury 3Y,4.15
2026-06-24,DGS5,US Treasury 5Y,4.17
2026-06-24,FSK,KKR BDC,10.039999961853027
2026-06-24,HYG,High Yield Bond ETF,79.8499984741211
2026-06-24,KKR,KKR,91.51000213623048
2026-06-24,OBDC,Blue Owl BDC,10.720000267028809
2026-06-24,OTF,Blue Owl Tech BDC,10.220000267028809
2026-06-24,OWL,Blue Owl,8.470000267028809
2026-06-24,^GSPC,US Equity Market,7358.22021484375
2026-06-25,APO,Apollo,121.62999725341795
2026-06-25,ARCC,Ares BDC,17.885000228881836
2026-06-25,ARES,Ares,112.43000030517578
2026-06-25,BAMLH0A0HYM2,ICE BofA US HY OAS,2.78
2026-06-25,BIZD,BDC Sector,12.170000076293944
2026-06-25,BX,Blackstone,114.11499786376952
2026-06-25,BXSL,Blackstone BDC,23.795000076293945
2026-06-25,DGS1,US Treasury 1Y,3.96
2026-06-25,DGS3,US Treasury 3Y,4.13
2026-06-25,DGS5,US Treasury 5Y,4.15
2026-06-25,FSK,KKR BDC,10.0649995803833
2026-06-25,HYG,High Yield Bond ETF,79.875
2026-06-25,KKR,KKR,92.97000122070312
2026-06-25,OBDC,Blue Owl BDC,10.68000030517578
2026-06-25,OTF,Blue Owl Tech BDC,10.150099754333496
2026-06-25,OWL,Blue Owl,8.4399995803833
2026-06-25,^GSPC,US Equity Market,7362.4599609375
2026-06-26,APO,Apollo,118.29000091552734
2026-06-26,ARCC,Ares BDC,18.190000534057617
2026-06-26,ARES,Ares,109.12999725341795
2026-06-26,BAMLH0A0HYM2,ICE BofA US HY OAS,2.83
2026-06-26,BIZD,BDC Sector,12.4399995803833
2026-06-26,BX,Blackstone,115.4000015258789
2026-06-26,BXSL,Blackstone BDC,23.989999771118164
2026-06-26,DGS1,US Treasury 1Y,3.94
2026-06-26,DGS3,US Treasury 3Y,4.09
2026-06-26,DGS5,US Treasury 5Y,4.12
2026-06-26,FSK,KKR BDC,10.399999618530272
2026-06-26,HYG,High Yield Bond ETF,79.83000183105469
2026-06-26,KKR,KKR,90.12999725341795
2026-06-26,OBDC,Blue Owl BDC,10.81999969482422
2026-06-26,OTF,Blue Owl Tech BDC,10.510000228881836
2026-06-26,OWL,Blue Owl,8.569999694824219
2026-06-26,^GSPC,US Equity Market,7354.02001953125
2026-06-29,APO,Apollo,114.83000183105467
2026-06-29,ARCC,Ares BDC,18.51000022888184
2026-06-29,ARES,Ares,107.5999984741211
2026-06-29,BAMLH0A0HYM2,ICE BofA US HY OAS,2.8
2026-06-29,BIZD,BDC Sector,12.670000076293944
2026-06-29,BX,Blackstone,114.87999725341795
2026-06-29,BXSL,Blackstone BDC,24.6200008392334
2026-06-29,DGS1,US Treasury 1Y,3.97
2026-06-29,DGS3,US Treasury 3Y,4.1
2026-06-29,DGS5,US Treasury 5Y,4.14
2026-06-29,FSK,KKR BDC,10.609999656677246
2026-06-29,HYG,High Yield Bond ETF,80.01000213623047
2026-06-29,KKR,KKR,88.94000244140625
2026-06-29,OTF,Blue Owl Tech BDC,10.710000038146973
2026-06-29,OWL,Blue Owl,8.520000457763672
2026-06-29,^GSPC,US Equity Market,7440.43017578125
2026-06-30,APO,Apollo,118.30999755859376
2026-06-30,ARCC,Ares BDC,18.530000686645508
2026-06-30,ARES,Ares,111.30999755859376
2026-06-30,BAMLH0A0HYM2,ICE BofA US HY OAS,2.75
2026-06-30,BIZD,BDC Sector,12.65999984741211
2026-06-30,BX,Blackstone,117.66999816894533
2026-06-30,BXSL,Blackstone BDC,23.709999084472656
2026-06-30,DGS1,US Treasury 1Y,3.98
2026-06-30,DGS3,US Treasury 3Y,4.15
2026-06-30,DGS5,US Treasury 5Y,4.19
2026-06-30,FSK,KKR BDC,10.5
2026-06-30,HYG,High Yield Bond ETF,79.97000122070312
2026-06-30,KKR,KKR,91.77999877929688
2026-06-30,OBDC,Blue Owl BDC,10.869999885559082
2026-06-30,OTF,Blue Owl Tech BDC,10.350000381469728
2026-06-30,OWL,Blue Owl,8.75
2026-06-30,^GSPC,US Equity Market,7499.35986328125
2026-07-01,APO,Apollo,118.44000244140624
2026-07-01,ARCC,Ares BDC,18.65999984741211
2026-07-01,ARES,Ares,113.62999725341795
2026-07-01,BAMLH0A0HYM2,ICE BofA US HY OAS,2.74
2026-07-01,BIZD,BDC Sector,12.539999961853027
2026-07-01,BX,Blackstone,119.5500030517578
2026-07-01,BXSL,Blackstone BDC,23.850000381469727
2026-07-01,DGS1,US Treasury 1Y,4.0
2026-07-01,DGS3,US Treasury 3Y,4.19
2026-07-01,DGS5,US Treasury 5Y,4.24
2026-07-01,FSK,KKR BDC,10.640000343322754
2026-07-01,HYG,High Yield Bond ETF,79.58999633789062
2026-07-01,KKR,KKR,92.55999755859376
2026-07-01,OBDC,Blue Owl BDC,10.800000190734863
2026-07-01,OTF,Blue Owl Tech BDC,10.65999984741211
2026-07-01,OWL,Blue Owl,8.640000343322754
2026-07-01,^GSPC,US Equity Market,7483.22998046875
2026-07-02,APO,Apollo,118.61000061035156
2026-07-02,ARCC,Ares BDC,18.729999542236328
2026-07-02,ARES,Ares,116.9000015258789
2026-07-02,BAMLH0A0HYM2,ICE BofA US HY OAS,2.75
2026-07-02,BIZD,BDC Sector,12.510000228881836
2026-07-02,BX,Blackstone,122.77999877929688
2026-07-02,BXSL,Blackstone BDC,23.770000457763672
2026-07-02,DGS1,US Treasury 1Y,3.96
2026-07-02,DGS3,US Treasury 3Y,4.16
2026-07-02,DGS5,US Treasury 5Y,4.23
2026-07-02,FSK,KKR BDC,10.43000030517578
2026-07-02,HYG,High Yield Bond ETF,79.70999908447266
2026-07-02,KKR,KKR,93.83999633789062
2026-07-02,OBDC,Blue Owl BDC,10.81999969482422
2026-07-02,OTF,Blue Owl Tech BDC,10.460000038146973
2026-07-02,OWL,Blue Owl,9.039999961853027
2026-07-02,^GSPC,US Equity Market,7483.240234375
2026-07-03,BAMLH0A0HYM2,ICE BofA US HY OAS,2.74
2026-07-06,APO,Apollo,122.16999816894533
2026-07-06,ARCC,Ares BDC,18.559999465942383
2026-07-06,ARES,Ares,121.83000183105467
2026-07-06,BAMLH0A0HYM2,ICE BofA US HY OAS,2.72
2026-07-06,BIZD,BDC Sector,12.449999809265137
2026-07-06,BX,Blackstone,123.41999816894533
2026-07-06,BXSL,Blackstone BDC,23.209999084472656
2026-07-06,DGS1,US Treasury 1Y,3.95
2026-07-06,DGS3,US Treasury 3Y,4.14
2026-07-06,DGS5,US Treasury 5Y,4.21
2026-07-06,FSK,KKR BDC,10.329999923706056
2026-07-06,HYG,High Yield Bond ETF,79.87000274658203
2026-07-06,KKR,KKR,95.97000122070312
2026-07-06,OTF,Blue Owl Tech BDC,10.369999885559082
2026-07-06,OWL,Blue Owl,9.489999771118164
2026-07-06,^GSPC,US Equity Market,7537.43017578125
2026-07-07,APO,Apollo,119.33000183105467
2026-07-07,ARCC,Ares BDC,18.46999931335449
2026-07-07,ARES,Ares,120.6999969482422
2026-07-07,BAMLH0A0HYM2,ICE BofA US HY OAS,2.67
2026-07-07,BIZD,BDC Sector,12.369999885559082
2026-07-07,BX,Blackstone,120.88999938964844
2026-07-07,BXSL,Blackstone BDC,23.229999542236328
2026-07-07,DGS1,US Treasury 1Y,4.06
2026-07-07,DGS3,US Treasury 3Y,4.18
2026-07-07,DGS5,US Treasury 5Y,4.27
2026-07-07,FSK,KKR BDC,10.449999809265137
2026-07-07,HYG,High Yield Bond ETF,79.76000213623047
2026-07-07,KKR,KKR,95.13999938964844
2026-07-07,OBDC,Blue Owl BDC,10.829999923706056
2026-07-07,OTF,Blue Owl Tech BDC,10.260000228881836
2026-07-07,OWL,Blue Owl,9.390000343322754
2026-07-07,^GSPC,US Equity Market,7503.85009765625
2026-07-08,APO,Apollo,118.13999938964844
2026-07-08,ARCC,Ares BDC,18.3799991607666
2026-07-08,ARES,Ares,118.0
2026-07-08,BAMLH0A0HYM2,ICE BofA US HY OAS,2.7
2026-07-08,BIZD,BDC Sector,12.31999969482422
2026-07-08,BX,Blackstone,118.62000274658205
2026-07-08,BXSL,Blackstone BDC,23.11000061035156
2026-07-08,DGS1,US Treasury 1Y,4.06
2026-07-08,DGS3,US Treasury 3Y,4.21
2026-07-08,DGS5,US Treasury 5Y,4.31
2026-07-08,FSK,KKR BDC,10.5600004196167
2026-07-08,HYG,High Yield Bond ETF,79.66000366210938
2026-07-08,KKR,KKR,93.3000030517578
2026-07-08,OBDC,Blue Owl BDC,10.760000228881836
2026-07-08,OTF,Blue Owl Tech BDC,10.149999618530272
2026-07-08,OWL,Blue Owl,9.239999771118164
2026-07-08,^GSPC,US Equity Market,7482.7099609375
2026-07-09,APO,Apollo,119.83999633789062
2026-07-09,ARCC,Ares BDC,18.40999984741211
2026-07-09,ARES,Ares,121.66000366210938
2026-07-09,BAMLH0A0HYM2,ICE BofA US HY OAS,2.7
2026-07-09,BIZD,BDC Sector,12.279999732971191
2026-07-09,BX,Blackstone,122.1500015258789
2026-07-09,BXSL,Blackstone BDC,23.100000381469727
2026-07-09,DGS1,US Treasury 1Y,4.02
2026-07-09,DGS3,US Treasury 3Y,4.18
2026-07-09,DGS5,US Treasury 5Y,4.27
2026-07-09,FSK,KKR BDC,10.5600004196167
2026-07-09,HYG,High Yield Bond ETF,79.75
2026-07-09,KKR,KKR,96.2699966430664
2026-07-09,OBDC,Blue Owl BDC,10.739999771118164
2026-07-09,OTF,Blue Owl Tech BDC,10.1899995803833
2026-07-09,OWL,Blue Owl,9.300000190734863
2026-07-09,^GSPC,US Equity Market,7543.64013671875
2026-07-10,APO,Apollo,120.33999633789062
2026-07-10,ARCC,Ares BDC,18.780000686645508
2026-07-10,ARES,Ares,121.80999755859376
2026-07-10,BAMLH0A0HYM2,ICE BofA US HY OAS,2.69
2026-07-10,BIZD,BDC Sector,12.550000190734863
2026-07-10,BX,Blackstone,123.08999633789062
2026-07-10,BXSL,Blackstone BDC,23.440000534057617
2026-07-10,DGS1,US Treasury 1Y,4.06
2026-07-10,DGS3,US Treasury 3Y,4.22
2026-07-10,DGS5,US Treasury 5Y,4.3
2026-07-10,FSK,KKR BDC,10.800000190734863
2026-07-10,HYG,High Yield Bond ETF,79.70999908447266
2026-07-10,KKR,KKR,96.94000244140624
2026-07-10,OBDC,Blue Owl BDC,10.960000038146973
2026-07-10,OTF,Blue Owl Tech BDC,10.329999923706056
2026-07-10,OWL,Blue Owl,9.359999656677246
2026-07-10,^GSPC,US Equity Market,7575.39013671875
2026-07-13,APO,Apollo,118.83000183105467
2026-07-13,ARCC,Ares BDC,18.63999938964844
2026-07-13,ARES,Ares,120.4499969482422
2026-07-13,BAMLH0A0HYM2,ICE BofA US HY OAS,2.69
2026-07-13,BIZD,BDC Sector,12.470000267028809
2026-07-13,BX,Blackstone,122.04000091552734
2026-07-13,BXSL,Blackstone BDC,23.3700008392334
2026-07-13,DGS1,US Treasury 1Y,4.12
2026-07-13,DGS3,US Treasury 3Y,4.3
2026-07-13,DGS5,US Treasury 5Y,4.37
2026-07-13,FSK,KKR BDC,10.8100004196167
2026-07-13,HYG,High Yield Bond ETF,79.5199966430664
2026-07-13,KKR,KKR,96.91000366210938
2026-07-13,OTF,Blue Owl Tech BDC,10.149999618530272
2026-07-13,OWL,Blue Owl,9.289999961853027
2026-07-13,^GSPC,US Equity Market,7515.33984375
2026-07-14,APO,Apollo,119.93000030517578
2026-07-14,ARCC,Ares BDC,18.790000915527344
2026-07-14,ARES,Ares,120.3000030517578
2026-07-14,BAMLH0A0HYM2,ICE BofA US HY OAS,2.72
2026-07-14,BIZD,BDC Sector,12.5600004196167
2026-07-14,BX,Blackstone,124.55999755859376
2026-07-14,BXSL,Blackstone BDC,23.479999542236328
2026-07-14,DGS1,US Treasury 1Y,4.02
2026-07-14,DGS3,US Treasury 3Y,4.23
2026-07-14,DGS5,US Treasury 5Y,4.31
2026-07-14,FSK,KKR BDC,10.789999961853027
2026-07-14,HYG,High Yield Bond ETF,79.68000030517578
2026-07-14,KKR,KKR,97.20999908447266
2026-07-14,OTF,Blue Owl Tech BDC,10.279999732971191
2026-07-14,OWL,Blue Owl,9.619999885559082
2026-07-14,^GSPC,US Equity Market,7543.58984375
2026-07-15,APO,Apollo,121.83000183105467
2026-07-15,ARCC,Ares BDC,18.920000076293945
2026-07-15,ARES,Ares,124.79000091552734
2026-07-15,BAMLH0A0HYM2,ICE BofA US HY OAS,2.71
2026-07-15,BIZD,BDC Sector,12.670000076293944
2026-07-15,BX,Blackstone,127.0500030517578
2026-07-15,BXSL,Blackstone BDC,23.540000915527344
2026-07-15,DGS1,US Treasury 1Y,3.97
2026-07-15,DGS3,US Treasury 3Y,4.18
2026-07-15,DGS5,US Treasury 5Y,4.26
2026-07-15,FSK,KKR BDC,10.890000343322754
2026-07-15,HYG,High Yield Bond ETF,79.80999755859375
2026-07-15,KKR,KKR,100.9499969482422
2026-07-15,OTF,Blue Owl Tech BDC,10.380000114440918
2026-07-15,OWL,Blue Owl,9.6899995803833
2026-07-15,^GSPC,US Equity Market,7572.39990234375
2026-07-16,APO,Apollo,123.33999633789062
2026-07-16,ARCC,Ares BDC,19.209999084472656
2026-07-16,ARES,Ares,125.43000030517578
2026-07-16,BAMLH0A0HYM2,ICE BofA US HY OAS,2.71
2026-07-16,BIZD,BDC Sector,12.859999656677246
2026-07-16,BX,Blackstone,128.97000122070312
2026-07-16,BXSL,Blackstone BDC,24.190000534057617
2026-07-16,DGS1,US Treasury 1Y,3.99
2026-07-16,DGS3,US Treasury 3Y,4.2
2026-07-16,DGS5,US Treasury 5Y,4.28
2026-07-16,FSK,KKR BDC,11.109999656677246
2026-07-16,HYG,High Yield Bond ETF,79.80000305175781
2026-07-16,KKR,KKR,102.75
2026-07-16,OTF,Blue Owl Tech BDC,10.289999961853027
2026-07-16,OWL,Blue Owl,9.619999885559082
2026-07-16,^GSPC,US Equity Market,7533.77001953125
2026-07-17,APO,Apollo,120.47000122070312
2026-07-17,ARCC,Ares BDC,19.170000076293945
2026-07-17,ARES,Ares,125.68000030517578
2026-07-17,BAMLH0A0HYM2,ICE BofA US HY OAS,2.73
2026-07-17,BIZD,BDC Sector,12.720000267028809
2026-07-17,BX,Blackstone,126.91000366210938
2026-07-17,BXSL,Blackstone BDC,23.81999969482422
2026-07-17,DGS1,US Treasury 1Y,4.01
2026-07-17,DGS3,US Treasury 3Y,4.21
2026-07-17,DGS5,US Treasury 5Y,4.28
2026-07-17,FSK,KKR BDC,10.93000030517578
2026-07-17,HYG,High Yield Bond ETF,79.6500015258789
2026-07-17,KKR,KKR,100.94000244140624
2026-07-17,OTF,Blue Owl Tech BDC,10.100000381469728
2026-07-17,OWL,Blue Owl,9.520000457763672
2026-07-17,^GSPC,US Equity Market,7457.68994140625
2026-07-20,APO,Apollo,118.23999786376952
2026-07-20,ARCC,Ares BDC,18.979999542236328
2026-07-20,ARES,Ares,121.2699966430664
2026-07-20,BAMLH0A0HYM2,ICE BofA US HY OAS,2.69
2026-07-20,BIZD,BDC Sector,12.56999969482422
2026-07-20,BX,Blackstone,123.61000061035156
2026-07-20,BXSL,Blackstone BDC,23.459999084472656
2026-07-20,DGS1,US Treasury 1Y,4.03
2026-07-20,DGS3,US Treasury 3Y,4.25
2026-07-20,DGS5,US Treasury 5Y,4.33
2026-07-20,FSK,KKR BDC,10.859999656677246
2026-07-20,HYG,High Yield Bond ETF,79.68000030517578
2026-07-20,KKR,KKR,96.97000122070312
2026-07-20,OTF,Blue Owl Tech BDC,10.149999618530272
2026-07-20,OWL,Blue Owl,9.350000381469728
2026-07-20,^GSPC,US Equity Market,7443.27978515625
2026-07-21,APO,Apollo,118.4000015258789
2026-07-21,ARCC,Ares BDC,18.950000762939453
2026-07-21,ARES,Ares,120.77999877929688
2026-07-21,BAMLH0A0HYM2,ICE BofA US HY OAS,2.69
2026-07-21,BIZD,BDC Sector,12.59000015258789
2026-07-21,BX,Blackstone,124.1500015258789
2026-07-21,BXSL,Blackstone BDC,23.420000076293945
2026-07-21,DGS1,US Treasury 1Y,4.08
2026-07-21,DGS3,US Treasury 3Y,4.31
2026-07-21,DGS5,US Treasury 5Y,4.37
2026-07-21,FSK,KKR BDC,10.989999771118164
2026-07-21,HYG,High Yield Bond ETF,79.6500015258789
2026-07-21,KKR,KKR,97.11000061035156
2026-07-21,OTF,Blue Owl Tech BDC,10.079999923706056
2026-07-21,OWL,Blue Owl,9.390000343322754
2026-07-21,^GSPC,US Equity Market,7509.2001953125
2026-07-22,APO,Apollo,119.04000091552734
2026-07-22,ARCC,Ares BDC,18.86000061035156
2026-07-22,ARES,Ares,119.56999969482422
2026-07-22,BAMLH0A0HYM2,ICE BofA US HY OAS,2.68
2026-07-22,BIZD,BDC Sector,12.460000038146973
2026-07-22,BX,Blackstone,122.81999969482422
2026-07-22,BXSL,Blackstone BDC,23.239999771118164
2026-07-22,DGS1,US Treasury 1Y,4.11
2026-07-22,DGS3,US Treasury 3Y,4.34
2026-07-22,DGS5,US Treasury 5Y,4.41
2026-07-22,FSK,KKR BDC,10.859999656677246
2026-07-22,HYG,High Yield Bond ETF,79.5199966430664
2026-07-22,KKR,KKR,95.52999877929688
2026-07-22,OTF,Blue Owl Tech BDC,9.949999809265137
2026-07-22,OWL,Blue Owl,9.15999984741211
2026-07-22,^GSPC,US Equity Market,7498.9599609375
2026-07-23,APO,Apollo,119.0
2026-07-23,ARCC,Ares BDC,18.61000061035156
2026-07-23,ARES,Ares,121.27999877929688
2026-07-23,BAMLH0A0HYM2,ICE BofA US HY OAS,2.77
2026-07-23,BIZD,BDC Sector,12.300000190734863
2026-07-23,BX,Blackstone,124.5
2026-07-23,BXSL,Blackstone BDC,23.1299991607666
2026-07-23,DGS1,US Treasury 1Y,4.15
2026-07-23,DGS3,US Treasury 3Y,4.4
2026-07-23,DGS5,US Treasury 5Y,4.46
2026-07-23,FSK,KKR BDC,10.579999923706056
2026-07-23,HYG,High Yield Bond ETF,79.2300033569336
2026-07-23,KKR,KKR,95.97000122070312
2026-07-23,OBDC,Blue Owl BDC,10.699999809265137
2026-07-23,OTF,Blue Owl Tech BDC,9.93000030517578
2026-07-23,OWL,Blue Owl,9.210000038146973
2026-07-23,^GSPC,US Equity Market,7408.2998046875
2026-07-24,APO,Apollo,122.61000061035156
2026-07-24,ARCC,Ares BDC,18.780000686645508
2026-07-24,ARES,Ares,126.51000213623048
2026-07-24,BAMLH0A0HYM2,ICE BofA US HY OAS,2.79
2026-07-24,BIZD,BDC Sector,12.34000015258789
2026-07-24,BX,Blackstone,130.0
2026-07-24,BXSL,Blackstone BDC,23.239999771118164
2026-07-24,DGS1,US Treasury 1Y,4.14
2026-07-24,DGS3,US Treasury 3Y,4.36
2026-07-24,DGS5,US Treasury 5Y,4.43
2026-07-24,FSK,KKR BDC,10.630000114440918
2026-07-24,HYG,High Yield Bond ETF,79.2300033569336
2026-07-24,KKR,KKR,99.36000061035156
2026-07-24,OBDC,Blue Owl BDC,10.770000457763672
2026-07-24,OTF,Blue Owl Tech BDC,9.949999809265137
2026-07-24,OWL,Blue Owl,9.449999809265137
2026-07-24,^GSPC,US Equity Market,7411.97998046875
2026-07-27,APO,Apollo,124.23999786376952
2026-07-27,ARCC,Ares BDC,18.88999938964844
2026-07-27,ARES,Ares,127.76000213623048
2026-07-27,BAMLH0A0HYM2,ICE BofA US HY OAS,2.81
2026-07-27,BIZD,BDC Sector,12.460000038146973
2026-07-27,BX,Blackstone,132.60000610351562
2026-07-27,BXSL,Blackstone BDC,23.0
2026-07-27,DGS1,US Treasury 1Y,4.14
2026-07-27,DGS3,US Treasury 3Y,4.35
2026-07-27,DGS5,US Treasury 5Y,4.4
2026-07-27,FSK,KKR BDC,10.850000381469728
2026-07-27,HYG,High Yield Bond ETF,79.2699966430664
2026-07-27,KKR,KKR,101.62999725341795
2026-07-27,OTF,Blue Owl Tech BDC,10.06999969482422
2026-07-27,OWL,Blue Owl,9.68000030517578
2026-07-27,^GSPC,US Equity Market,7413.18017578125
2026-07-28,APO,Apollo,124.69000244140624
2026-07-28,ARCC,Ares BDC,19.040000915527344
2026-07-28,ARES,Ares,127.9000015258789
2026-07-28,BAMLH0A0HYM2,ICE BofA US HY OAS,2.84
2026-07-28,BIZD,BDC Sector,12.649999618530272
2026-07-28,BX,Blackstone,133.89999389648438
2026-07-28,BXSL,Blackstone BDC,23.31999969482422
2026-07-28,DGS1,US Treasury 1Y,4.09
2026-07-28,DGS3,US Treasury 3Y,4.31
2026-07-28,DGS5,US Treasury 5Y,4.35
2026-07-28,FSK,KKR BDC,10.989999771118164
2026-07-28,HYG,High Yield Bond ETF,79.41999816894531
2026-07-28,KKR,KKR,102.66000366210938
2026-07-28,OTF,Blue Owl Tech BDC,10.06999969482422
2026-07-28,OWL,Blue Owl,9.8100004196167
2026-07-28,^GSPC,US Equity Market,7428.77978515625
2026-07-29,APO,Apollo,119.7699966430664
2026-07-29,ARCC,Ares BDC,18.709999084472656
2026-07-29,ARES,Ares,124.5999984741211
2026-07-29,BAMLH0A0HYM2,ICE BofA US HY OAS,2.87
2026-07-29,BIZD,BDC Sector,12.449999809265137
2026-07-29,BX,Blackstone,129.39999389648438
2026-07-29,BXSL,Blackstone BDC,23.030000686645508
2026-07-29,DGS1,US Treasury 1Y,4.04
2026-07-29,DGS3,US Treasury 3Y,4.29
2026-07-29,DGS5,US Treasury 5Y,4.37
2026-07-29,FSK,KKR BDC,10.75
2026-07-29,HYG,High Yield Bond ETF,79.23999786376953
2026-07-29,KKR,KKR,99.27999877929688
2026-07-29,OTF,Blue Owl Tech BDC,9.949999809265137
2026-07-29,OWL,Blue Owl,9.550000190734863
2026-07-29,^GSPC,US Equity Market,7316.14990234375
2026-07-30,APO,Apollo,120.25
2026-07-30,ARCC,Ares BDC,18.82999992370605
2026-07-30,ARES,Ares,124.12000274658205
2026-07-30,BAMLH0A0HYM2,ICE BofA US HY OAS,2.84
2026-07-30,BIZD,BDC Sector,12.420000076293944
2026-07-30,BX,Blackstone,128.07000732421875
2026-07-30,BXSL,Blackstone BDC,23.15999984741211
2026-07-30,DGS1,US Treasury 1Y,4.04
2026-07-30,DGS3,US Treasury 3Y,4.3
2026-07-30,DGS5,US Treasury 5Y,4.38
2026-07-30,FSK,KKR BDC,10.5600004196167
2026-07-30,HYG,High Yield Bond ETF,79.47000122070312
2026-07-30,KKR,KKR,100.9800033569336
2026-07-30,OTF,Blue Owl Tech BDC,9.869999885559082
2026-07-30,OWL,Blue Owl,10.15999984741211
2026-07-30,^GSPC,US Equity Market,7437.6298828125
2026-07-31,APO,Apollo,125.58999633789062
2026-07-31,ARCC,Ares BDC,18.76000022888184
2026-07-31,ARES,Ares,128.08999633789062
2026-07-31,BAMLH0A0HYM2,ICE BofA US HY OAS,2.85
2026-07-31,BIZD,BDC Sector,12.399999618530272
2026-07-31,BX,Blackstone,127.75
2026-07-31,BXSL,Blackstone BDC,23.100000381469727
2026-07-31,DGS1,US Treasury 1Y,4.08
2026-07-31,DGS3,US Treasury 3Y,4.34
2026-07-31,DGS5,US Treasury 5Y,4.45
2026-07-31,FSK,KKR BDC,10.56999969482422
2026-07-31,HYG,High Yield Bond ETF,79.4800033569336
2026-07-31,KKR,KKR,101.43000030517578
2026-07-31,OTF,Blue Owl Tech BDC,9.9399995803833
2026-07-31,OWL,Blue Owl,10.300000190734863
2026-07-31,^GSPC,US Equity Market,7489.72021484375
2026-08-03,APO,Apollo,129.4199981689453
2026-08-03,ARCC,Ares BDC,19.170000076293945
2026-08-03,ARES,Ares,138.57000732421875
2026-08-03,BAMLH0A0HYM2,ICE BofA US HY OAS,2.78
2026-08-03,BIZD,BDC Sector,12.739999771118164
2026-08-03,BX,Blackstone,134.67999267578125
2026-08-03,BXSL,Blackstone BDC,23.549999237060547
2026-08-03,DGS1,US Treasury 1Y,4.07
2026-08-03,DGS3,US Treasury 3Y,4.32
2026-08-03,DGS5,US Treasury 5Y,4.4
2026-08-03,FSK,KKR BDC,11.09000015258789
2026-08-03,HYG,High Yield Bond ETF,79.30999755859375
2026-08-03,KKR,KKR,106.55999755859376
2026-08-03,OTF,Blue Owl Tech BDC,10.3100004196167
2026-08-03,OWL,Blue Owl,11.15999984741211
2026-08-03,^GSPC,US Equity Market,7600.5
2026-08-04,APO,Apollo,133.1999969482422
2026-08-04,ARCC,Ares BDC,19.64999961853028
2026-08-04,ARES,Ares,142.91000366210938
2026-08-04,BAMLH0A0HYM2,ICE BofA US HY OAS,2.73
2026-08-04,BIZD,BDC Sector,12.960000038146973
2026-08-04,BX,Blackstone,137.1999969482422
2026-08-04,BXSL,Blackstone BDC,23.780000686645508
2026-08-04,DGS1,US Treasury 1Y,4.04
2026-08-04,DGS3,US Treasury 3Y,4.25
2026-08-04,DGS5,US Treasury 5Y,4.33
2026-08-04,FSK,KKR BDC,11.470000267028809
2026-08-04,HYG,High Yield Bond ETF,79.55000305175781
2026-08-04,KKR,KKR,108.20999908447266
2026-08-04,OTF,Blue Owl Tech BDC,10.699999809265137
2026-08-04,OWL,Blue Owl,11.56999969482422
2026-08-04,^GSPC,US Equity Market,7736.52001953125
2026-08-05,APO,Apollo,129.74000549316406
2026-08-05,ARCC,Ares BDC,19.31999969482422
2026-08-05,ARES,Ares,139.77000427246094
2026-08-05,BAMLH0A0HYM2,ICE BofA US HY OAS,2.75
2026-08-05,BIZD,BDC Sector,12.720000267028809
2026-08-05,BX,Blackstone,136.02999877929688
2026-08-05,BXSL,Blackstone BDC,23.34000015258789
2026-08-05,DGS1,US Treasury 1Y,4.03
2026-08-05,DGS3,US Treasury 3Y,4.24
2026-08-05,DGS5,US Treasury 5Y,4.33
2026-08-05,FSK,KKR BDC,11.039999961853027
2026-08-05,HYG,High Yield Bond ETF,79.5199966430664
2026-08-05,KKR,KKR,105.6500015258789
2026-08-05,OBDC,Blue Owl BDC,10.970000267028809
2026-08-05,OTF,Blue Owl Tech BDC,10.420000076293944
2026-08-05,OWL,Blue Owl,11.550000190734863
2026-08-05,^GSPC,US Equity Market,7723.5498046875
2026-08-06,APO,Apollo,127.98999786376952
2026-08-06,ARCC,Ares BDC,19.6200008392334
2026-08-06,ARES,Ares,138.1699981689453
2026-08-06,BAMLH0A0HYM2,ICE BofA US HY OAS,2.71
2026-08-06,BIZD,BDC Sector,13.119999885559082
2026-08-06,BX,Blackstone,133.4499969482422
2026-08-06,BXSL,Blackstone BDC,24.14999961853028
2026-08-06,DGS1,US Treasury 1Y,4.06
2026-08-06,DGS3,US Treasury 3Y,4.31
2026-08-06,DGS5,US Treasury 5Y,4.4
2026-08-06,FSK,KKR BDC,11.880000114440918
2026-08-06,HYG,High Yield Bond ETF,79.45999908447266
2026-08-06,KKR,KKR,103.3499984741211
2026-08-06,OBDC,Blue Owl BDC,11.3100004196167
2026-08-06,OTF,Blue Owl Tech BDC,11.329999923706056
2026-08-06,OWL,Blue Owl,11.460000038146973
2026-08-06,^GSPC,US Equity Market,7709.9599609375
2026-08-07,APO,Apollo,127.44000244140624
2026-08-07,ARCC,Ares BDC,20.01000022888184
2026-08-07,ARES,Ares,136.85000610351562
2026-08-07,BAMLH0A0HYM2,ICE BofA US HY OAS,2.7
2026-08-07,BIZD,BDC Sector,13.40999984741211
2026-08-07,BX,Blackstone,137.1300048828125
2026-08-07,BXSL,Blackstone BDC,24.540000915527344
2026-08-07,DGS1,US Treasury 1Y,4.01
2026-08-07,DGS3,US Treasury 3Y,4.25
2026-08-07,DGS5,US Treasury 5Y,4.35
2026-08-07,FSK,KKR BDC,12.4399995803833
2026-08-07,HYG,High Yield Bond ETF,79.61000061035156
2026-08-07,KKR,KKR,102.80999755859376
2026-08-07,OBDC,Blue Owl BDC,11.640000343322754
2026-08-07,OTF,Blue Owl Tech BDC,11.699999809265137
2026-08-07,OWL,Blue Owl,11.869999885559082
2026-08-07,^GSPC,US Equity Market,7757.64013671875
2026-08-10,APO,Apollo,132.02000427246094
2026-08-10,ARCC,Ares BDC,19.979999542236328
2026-08-10,ARES,Ares,137.66000366210938
2026-08-10,BAMLH0A0HYM2,ICE BofA US HY OAS,2.7
2026-08-10,BIZD,BDC Sector,13.31999969482422
2026-08-10,BX,Blackstone,141.66000366210938
2026-08-10,BXSL,Blackstone BDC,24.309999465942383
2026-08-10,DGS1,US Treasury 1Y,4.04
2026-08-10,DGS3,US Treasury 3Y,4.31
2026-08-10,DGS5,US Treasury 5Y,4.41
2026-08-10,FSK,KKR BDC,12.1899995803833
2026-08-10,HYG,High Yield Bond ETF,79.4800033569336
2026-08-10,KKR,KKR,103.83000183105467
2026-08-10,OTF,Blue Owl Tech BDC,11.390000343322754
2026-08-10,OWL,Blue Owl,11.649999618530272
2026-08-10,^GSPC,US Equity Market,7753.10986328125
2026-08-11,APO,Apollo,140.27999877929688
2026-08-11,ARCC,Ares BDC,19.96999931335449
2026-08-11,ARES,Ares,143.11000061035156
2026-08-11,BAMLH0A0HYM2,ICE BofA US HY OAS,2.72
2026-08-11,BIZD,BDC Sector,13.359999656677246
2026-08-11,BX,Blackstone,147.1699981689453
2026-08-11,BXSL,Blackstone BDC,24.420000076293945
2026-08-11,DGS1,US Treasury 1Y,4.03
2026-08-11,DGS3,US Treasury 3Y,4.27
2026-08-11,DGS5,US Treasury 5Y,4.39
2026-08-11,FSK,KKR BDC,12.25
2026-08-11,HYG,High Yield Bond ETF,79.51000213623047
2026-08-11,KKR,KKR,110.97000122070312
2026-08-11,OTF,Blue Owl Tech BDC,11.729999542236328
2026-08-11,OWL,Blue Owl,12.31999969482422
2026-08-11,^GSPC,US Equity Market,7728.2001953125
2026-08-12,APO,Apollo,138.61000061035156
2026-08-12,ARCC,Ares BDC,19.8700008392334
2026-08-12,ARES,Ares,142.35000610351562
2026-08-12,BAMLH0A0HYM2,ICE BofA US HY OAS,2.71
2026-08-12,BIZD,BDC Sector,13.289999961853027
2026-08-12,BX,Blackstone,146.41000366210938
2026-08-12,BXSL,Blackstone BDC,24.40999984741211
2026-08-12,DGS1,US Treasury 1Y,4.0
2026-08-12,DGS3,US Treasury 3Y,4.25
2026-08-12,DGS5,US Treasury 5Y,4.38
2026-08-12,FSK,KKR BDC,12.170000076293944
2026-08-12,HYG,High Yield Bond ETF,79.61000061035156
2026-08-12,KKR,KKR,110.9000015258789
2026-08-12,OTF,Blue Owl Tech BDC,11.510000228881836
2026-08-12,OWL,Blue Owl,12.220000267028809
2026-08-12,^GSPC,US Equity Market,7748.5
2026-08-13,APO,Apollo,143.5800018310547
2026-08-13,ARCC,Ares BDC,20.190000534057617
2026-08-13,ARES,Ares,149.4499969482422
2026-08-13,BAMLH0A0HYM2,ICE BofA US HY OAS,2.71
2026-08-13,BIZD,BDC Sector,13.539999961853027
2026-08-13,BX,Blackstone,149.32000732421875
2026-08-13,BXSL,Blackstone BDC,25.01000022888184
2026-08-13,DGS1,US Treasury 1Y,3.97
2026-08-13,DGS3,US Treasury 3Y,4.2
2026-08-13,DGS5,US Treasury 5Y,4.32
2026-08-13,FSK,KKR BDC,12.640000343322754
2026-08-13,HYG,High Yield Bond ETF,79.79000091552734
2026-08-13,KKR,KKR,115.3000030517578
2026-08-13,OBDC,Blue Owl BDC,11.90999984741211
2026-08-13,OTF,Blue Owl Tech BDC,11.5
2026-08-13,OWL,Blue Owl,12.65999984741211
2026-08-13,^GSPC,US Equity Market,7798.990234375
2026-08-14,APO,Apollo,140.75999450683594
2026-08-14,ARCC,Ares BDC,19.8700008392334
2026-08-14,ARES,Ares,144.02000427246094
2026-08-14,BAMLH0A0HYM2,ICE BofA US HY OAS,2.67
2026-08-14,BIZD,BDC Sector,13.369999885559082
2026-08-14,BX,Blackstone,143.92999267578125
2026-08-14,BXSL,Blackstone BDC,24.68000030517578
2026-08-14,DGS1,US Treasury 1Y,3.98
2026-08-14,DGS3,US Treasury 3Y,4.24
2026-08-14,DGS5,US Treasury 5Y,4.36
2026-08-14,FSK,KKR BDC,12.359999656677246
2026-08-14,HYG,High Yield Bond ETF,79.70999908447266
2026-08-14,KKR,KKR,114.01000213623048
2026-08-14,OBDC,Blue Owl BDC,11.720000267028809
2026-08-14,OTF,Blue Owl Tech BDC,11.460000038146973
2026-08-14,OWL,Blue Owl,12.220000267028809
2026-08-14,^GSPC,US Equity Market,7785.759765625
2026-08-17,APO,Apollo,134.5399932861328
2026-08-17,ARCC,Ares BDC,19.63999938964844
2026-08-17,ARES,Ares,141.33999633789062
2026-08-17,BAMLH0A0HYM2,ICE BofA US HY OAS,2.7
2026-08-17,BIZD,BDC Sector,13.18000030517578
2026-08-17,BX,Blackstone,140.57000732421875
2026-08-17,BXSL,Blackstone BDC,24.209999084472656
2026-08-17,DGS1,US Treasury 1Y,4.0
2026-08-17,DGS3,US Treasury 3Y,4.25
2026-08-17,DGS5,US Treasury 5Y,4.38
2026-08-17,FSK,KKR BDC,12.010000228881836
2026-08-17,HYG,High Yield Bond ETF,79.61000061035156
2026-08-17,KKR,KKR,108.83000183105467
2026-08-17,OBDC,Blue Owl BDC,11.5
2026-08-17,OTF,Blue Owl Tech BDC,11.130000114440918
2026-08-17,OWL,Blue Owl,11.65999984741211
2026-08-17,^GSPC,US Equity Market,7745.06005859375
2026-08-18,APO,Apollo,133.85000610351562
2026-08-18,ARCC,Ares BDC,19.670000076293945
2026-08-18,ARES,Ares,140.30999755859375
2026-08-18,BAMLH0A0HYM2,ICE BofA US HY OAS,2.75
2026-08-18,BIZD,BDC Sector,13.220000267028809
2026-08-18,BX,Blackstone,140.58999633789062
2026-08-18,BXSL,Blackstone BDC,24.350000381469727
2026-08-18,DGS1,US Treasury 1Y,3.99
2026-08-18,DGS3,US Treasury 3Y,4.26
2026-08-18,DGS5,US Treasury 5Y,4.37
2026-08-18,FSK,KKR BDC,11.90999984741211
2026-08-18,HYG,High Yield Bond ETF,79.52999877929688
2026-08-18,KKR,KKR,107.19000244140624
2026-08-18,OBDC,Blue Owl BDC,11.40999984741211
2026-08-18,OTF,Blue Owl Tech BDC,11.119999885559082
2026-08-18,OWL,Blue Owl,11.59000015258789
2026-08-18,^GSPC,US Equity Market,7691.759765625
2026-08-19,APO,Apollo,133.6300048828125
2026-08-19,ARCC,Ares BDC,19.799999237060547
2026-08-19,ARES,Ares,143.10000610351562
2026-08-19,BAMLH0A0HYM2,ICE BofA US HY OAS,2.73
2026-08-19,BIZD,BDC Sector,13.260000228881836
2026-08-19,BX,Blackstone,145.08999633789062
2026-08-19,BXSL,Blackstone BDC,24.559999465942383
2026-08-19,DGS1,US Treasury 1Y,4.0
2026-08-19,DGS3,US Treasury 3Y,4.25
2026-08-19,DGS5,US Treasury 5Y,4.35
2026-08-19,FSK,KKR BDC,12.0600004196167
2026-08-19,HYG,High Yield Bond ETF,79.70999908447266
2026-08-19,KKR,KKR,110.45999908447266
2026-08-19,OBDC,Blue Owl BDC,11.329999923706056
2026-08-19,OTF,Blue Owl Tech BDC,11.15999984741211
2026-08-19,OWL,Blue Owl,11.770000457763672
2026-08-19,^GSPC,US Equity Market,7707.97998046875
2026-08-20,APO,Apollo,129.97999572753906
2026-08-20,ARCC,Ares BDC,19.780000686645508
2026-08-20,ARES,Ares,140.22999572753906
2026-08-20,BAMLH0A0HYM2,ICE BofA US HY OAS,2.75
2026-08-20,BIZD,BDC Sector,13.289999961853027
2026-08-20,BX,Blackstone,141.35000610351562
2026-08-20,BXSL,Blackstone BDC,24.670000076293945
2026-08-20,DGS1,US Treasury 1Y,3.99
2026-08-20,DGS3,US Treasury 3Y,4.26
2026-08-20,DGS5,US Treasury 5Y,4.39
2026-08-20,FSK,KKR BDC,11.90999984741211
2026-08-20,HYG,High Yield Bond ETF,79.55999755859375
2026-08-20,KKR,KKR,107.0199966430664
2026-08-20,OBDC,Blue Owl BDC,11.279999732971191
2026-08-20,OTF,Blue Owl Tech BDC,11.109999656677246
2026-08-20,OWL,Blue Owl,11.399999618530272
2026-08-20,^GSPC,US Equity Market,7641.16015625
2026-08-21,APO,Apollo,132.69000244140625
2026-08-21,ARCC,Ares BDC,19.920000076293945
2026-08-21,ARES,Ares,141.25
2026-08-21,BAMLH0A0HYM2,ICE BofA US HY OAS,2.7
2026-08-21,BIZD,BDC Sector,13.289999961853027
2026-08-21,BX,Blackstone,143.3800048828125
2026-08-21,BXSL,Blackstone BDC,24.76000022888184
2026-08-21,DGS1,US Treasury 1Y,4.03
2026-08-21,DGS3,US Treasury 3Y,4.31
2026-08-21,DGS5,US Treasury 5Y,4.43
2026-08-21,FSK,KKR BDC,11.90999984741211
2026-08-21,HYG,High Yield Bond ETF,79.61000061035156
2026-08-21,KKR,KKR,108.4800033569336
2026-08-21,OBDC,Blue Owl BDC,11.300000190734863
2026-08-21,OTF,Blue Owl Tech BDC,10.960000038146973
2026-08-21,OWL,Blue Owl,11.670000076293944
2026-08-21,^GSPC,US Equity Market,7674.3701171875
2026-08-24,APO,Apollo,132.7899932861328
2026-08-24,ARCC,Ares BDC,20.049999237060547
2026-08-24,ARES,Ares,140.00999450683594
2026-08-24,BAMLH0A0HYM2,ICE BofA US HY OAS,2.69
2026-08-24,BIZD,BDC Sector,13.4399995803833
2026-08-24,BX,Blackstone,143.63999938964844
2026-08-24,BXSL,Blackstone BDC,24.989999771118164
2026-08-24,DGS1,US Treasury 1Y,4.04
2026-08-24,DGS3,US Treasury 3Y,4.31
2026-08-24,DGS5,US Treasury 5Y,4.41
2026-08-24,FSK,KKR BDC,12.050000190734863
2026-08-24,HYG,High Yield Bond ETF,79.69999694824219
2026-08-24,KKR,KKR,107.31999969482422
2026-08-24,OBDC,Blue Owl BDC,11.399999618530272
2026-08-24,OTF,Blue Owl Tech BDC,11.100000381469728
2026-08-24,OWL,Blue Owl,11.68000030517578
2026-08-24,^GSPC,US Equity Market,7652.85986328125
2026-08-25,APO,Apollo,133.17999267578125
2026-08-25,ARCC,Ares BDC,19.93000030517578
2026-08-25,ARES,Ares,142.75999450683594
2026-08-25,BAMLH0A0HYM2,ICE BofA US HY OAS,2.7
2026-08-25,BIZD,BDC Sector,13.390000343322754
2026-08-25,BX,Blackstone,143.41000366210938
2026-08-25,BXSL,Blackstone BDC,24.82999992370605
2026-08-25,DGS1,US Treasury 1Y,4.01
2026-08-25,DGS3,US Treasury 3Y,4.25
2026-08-25,DGS5,US Treasury 5Y,4.35
2026-08-25,FSK,KKR BDC,12.050000190734863
2026-08-25,HYG,High Yield Bond ETF,79.91999816894531
2026-08-25,KKR,KKR,107.58000183105467
2026-08-25,OBDC,Blue Owl BDC,11.359999656677246
2026-08-25,OTF,Blue Owl Tech BDC,11.18000030517578
2026-08-25,OWL,Blue Owl,11.789999961853027
2026-08-25,^GSPC,US Equity Market,7677.27978515625
2026-08-26,APO,Apollo,133.6699981689453
2026-08-26,ARCC,Ares BDC,19.89999961853028
2026-08-26,ARES,Ares,141.97999572753906
2026-08-26,BAMLH0A0HYM2,ICE BofA US HY OAS,2.67
2026-08-26,BIZD,BDC Sector,13.369999885559082
2026-08-26,BX,Blackstone,143.1999969482422
2026-08-26,BXSL,Blackstone BDC,24.93000030517578
2026-08-26,DGS1,US Treasury 1Y,4.02
2026-08-26,DGS3,US Treasury 3Y,4.29
2026-08-26,DGS5,US Treasury 5Y,4.37
2026-08-26,FSK,KKR BDC,12.15999984741211
2026-08-26,HYG,High Yield Bond ETF,79.9000015258789
2026-08-26,KKR,KKR,108.5
2026-08-26,OBDC,Blue Owl BDC,11.25
2026-08-26,OTF,Blue Owl Tech BDC,11.06999969482422
2026-08-26,OWL,Blue Owl,11.800000190734863
2026-08-26,^GSPC,US Equity Market,7675.7001953125
2026-08-27,APO,Apollo,133.44000244140625
2026-08-27,ARCC,Ares BDC,19.8799991607666
2026-08-27,ARES,Ares,142.41000366210938
2026-08-27,BAMLH0A0HYM2,ICE BofA US HY OAS,2.63
2026-08-27,BIZD,BDC Sector,13.390000343322754
2026-08-27,BX,Blackstone,143.63999938964844
2026-08-27,BXSL,Blackstone BDC,24.739999771118164
2026-08-27,DGS1,US Treasury 1Y,4.04
2026-08-27,DGS3,US Treasury 3Y,4.3
2026-08-27,DGS5,US Treasury 5Y,4.38
2026-08-27,FSK,KKR BDC,12.229999542236328
2026-08-27,HYG,High Yield Bond ETF,79.87000274658203
2026-08-27,KKR,KKR,109.31999969482422
2026-08-27,OTF,Blue Owl Tech BDC,11.300000190734863
2026-08-27,OWL,Blue Owl,12.020000457763672
2026-08-27,^GSPC,US Equity Market,7730.990234375
2026-08-28,APO,Apollo,135.9600067138672
2026-08-28,ARCC,Ares BDC,19.915000915527344
2026-08-28,ARES,Ares,142.53500366210938
2026-08-28,BIZD,BDC Sector,13.359999656677246
2026-08-28,BX,Blackstone,143.27000427246094
2026-08-28,BXSL,Blackstone BDC,24.799999237060547
2026-08-28,FSK,KKR BDC,12.220000267028809
2026-08-28,HYG,High Yield Bond ETF,79.70500183105469
2026-08-28,KKR,KKR,109.66999816894533
2026-08-28,OTF,Blue Owl Tech BDC,11.369999885559082
2026-08-28,OWL,Blue Owl,12.03499984741211
2026-08-28,^GSPC,US Equity Market,7706.52978515625
