s_m,grade_pct,heading_deg,v_safe_kmh,r_min_m,stop_event,lap,distance_km,altitude_m,v_kmh,weather_scenario,motor_name,fc_name
0.0,0.6607599549986574,330.34485000341067,366.4142253025199,1242.3721783609517,True,1,0.0,11.7,0.0,typical_january,Innotec Power 145-DZS48-010,G-HFCS 600W 24V
10.20141908041536,0.28414283933890383,330.08559529255655,503.4781281235009,2345.677397594458,False,1,0.01020141908041536,11.8,14.4,typical_january,Innotec Power 145-DZS48-010,G-HFCS 600W 24V
20.193906526211297,0.26796694720222247,329.9509541056425,678.6701621366448,4262.109242034565,False,1,0.020193906526211298,11.9,18.0,typical_january,Innotec Power 145-DZS48-010,G-HFCS 600W 24V
30.200336387411426,-0.5530223481961338,329.87930873869686,917.0839908659908,7782.610395468629,False,1,0.030200336387411427,11.8,18.900000000000002,typical_january,Innotec Power 145-DZS48-010,G-HFCS 600W 24V
40.20207774371226,-1.2838541401534609,329.84967792492336,1483.6146881525651,20368.04350656328,False,1,0.04020207774371226,11.8,20.7,typical_january,Innotec Power 145-DZS48-010,G-HFCS 600W 24V
50.22344209463792,-2.3737830197938012,329.8410430047665,3103.74023988982,89141.06103022899,False,1,0.050223442094637916,11.7,22.5,typical_january,Innotec Power 145-DZS48-010,G-HFCS 600W 24V
60.23928497037482,-3.37628694784529,329.85426344672624,1778.4284237302109,29267.110487160204,False,1,0.06023928497037482,11.5,24.3,typical_january,Innotec Power 145-DZS48-010,G-HFCS 600W 24V
70.25051415716594,-3.889742346302907,329.8787914495175,1261.9959691615154,14737.472268859165,False,1,0.07025051415716593,11.1,27.0,typical_january,Innotec Power 145-DZS48-010,G-HFCS 600W 24V
80.19022834457326,-3.8746086763596788,329.9341671933943,938.0377032825436,8142.310404397323,False,1,0.08019022834457326,10.7,29.7,typical_january,Innotec Power 145-DZS48-010,G-HFCS 600W 24V
90.21068423482237,-3.2475195897346536,329.9750976851452,1000.6721303014276,9265.965401099444,False,1,0.09021068423482237,10.3,31.5,typical_january,Innotec Power 145-DZS48-010,G-HFCS 600W 24V
100.23739534895142,-1.8900074197544878,330.02883207799823,1058.7393541823812,10372.541432594437,False,1,0.10023739534895143,9.9,32.4,typical_january,Innotec Power 145-DZS48-010,G-HFCS 600W 24V
110.27654227026912,-0.24974026981257816,330.0713404243199,1150.6738370349992,12252.128488085978,False,1,0.11027654227026912,9.7,33.300000000000004,typical_january,Innotec Power 145-DZS48-010,G-HFCS 600W 24V
120.25946195366228,0.5000684643417358,330.1058337318783,1401.769201900577,18182.77200910417,False,1,0.12025946195366229,9.7,33.300000000000004,typical_january,Innotec Power 145-DZS48-010,G-HFCS 600W 24V
130.25672406420057,0.8748956768955405,330.13280261906857,1508.2081089025696,21048.909858845527,False,1,0.13025672406420058,9.7,33.300000000000004,typical_january,Innotec Power 145-DZS48-010,G-HFCS 600W 24V
140.25216538182016,1.4806963499802195,330.1643123094706,1312.9462317966718,15951.478672011128,False,1,0.14025216538182017,9.9,33.300000000000004,typical_january,Innotec Power 145-DZS48-010,G-HFCS 600W 24V
150.2668929980463,1.2843940963902258,330.1974305111405,1260.6568981345793,14706.21376611592,False,1,0.1502668929980463,10.0,32.4,typical_january,Innotec Power 145-DZS48-010,G-HFCS 600W 24V
160.2912125189844,0.6254560586226653,330.2405021784893,1150.9344695638688,12257.679435326614,False,1,0.1602912125189844,10.2,31.5,typical_january,Innotec Power 145-DZS48-010,G-HFCS 600W 24V
170.28961976980594,-0.2501789426858861,330.29322848397027,986.9666411057508,9013.885008475929,False,1,0.17028961976980594,10.3,31.5,typical_january,Innotec Power 145-DZS48-010,G-HFCS 600W 24V
180.26059251438923,-0.8755762971441747,330.3727683980956,783.2793023815804,5677.28069281652,False,1,0.18026059251438922,10.3,31.5,typical_january,Innotec Power 145-DZS48-010,G-HFCS 600W 24V
190.2423996527129,-2.0009987285930535,330.43515749361035,1108.864577338488,11377.951696578342,False,1,0.1902423996527129,10.2,31.5,typical_january,Innotec Power 145-DZS48-010,G-HFCS 600W 24V
200.2626021676949,-3.318568851093109,330.47230348574885,1325.5995789736298,16260.420796282831,False,1,0.2002626021676949,10.0,32.4,typical_january,Innotec Power 145-DZS48-010,G-HFCS 600W 24V
210.26916953192708,-3.8555796880810655,330.4976664554611,1554.8692775265897,22371.485884270816,False,1,0.21026916953192706,9.6,33.300000000000004,typical_january,Innotec Power 145-DZS48-010,G-HFCS 600W 24V
220.26963934383383,-3.8748568117249786,330.51944661368134,1617.7487981139882,24217.4960209786,False,1,0.22026963934383384,9.2,35.1,typical_january,Innotec Power 145-DZS48-010,G-HFCS 600W 24V
230.2700192942,-3.856666194977791,330.5408083364965,1688.3843283780354,26378.47534817811,False,1,0.23027001929420002,8.8,36.0,typical_january,Innotec Power 145-DZS48-010,G-HFCS 600W 24V
240.2718969866614,-3.998736155706619,330.56636056709795,1424.5856096528291,18779.506328575568,False,1,0.2402718969866614,8.4,36.9,typical_january,Innotec Power 145-DZS48-010,G-HFCS 600W 24V
250.27187741339984,-3.74523058440996,330.6038708634633,1112.9381014375572,11461.701315845605,False,1,0.25027187741339985,8.1,37.800000000000004,typical_january,Innotec Power 145-DZS48-010,G-HFCS 600W 24V
260.2763487357436,-2.1784559157288483,330.6791026936511,790.371547358343,5780.556637048192,False,1,0.2602763487357436,7.6,38.7,typical_january,Innotec Power 145-DZS48-010,G-HFCS 600W 24V
270.3074344840217,-0.25018196798591286,330.8459271329482,488.9600015499576,2212.34948328087,False,1,0.2703074344840217,7.2,39.6,typical_january,Innotec Power 145-DZS48-010,G-HFCS 600W 24V
280.3036332229963,0.7491553806340632,331.17034022017276,410.7602598621416,1561.2911761560983,False,1,0.28030363322299634,7.3,39.6,typical_january,Innotec Power 145-DZS48-010,G-HFCS 600W 24V
290.2074628708445,2.669704699718392,331.40572165679384,493.5667100254519,2254.2329056480207,False,1,0.2902074628708445,7.5,39.6,typical_january,Innotec Power 145-DZS48-010,G-HFCS 600W 24V
300.29536377943737,4.374595872118833,331.3853070153898,630.2144334535557,3675.223510804654,False,1,0.3002953637794374,7.7,38.7,typical_january,Innotec Power 145-DZS48-010,G-HFCS 600W 24V
310.30388640347434,5.000003158329191,331.23162873303465,625.7407730081744,3623.230587821363,False,1,0.31030388640347434,8.0,36.9,typical_january,Innotec Power 145-DZS48-010,G-HFCS 600W 24V
320.2513287774797,5.646440383240239,331.13263346368535,825.5923247574184,6307.225508132724,False,1,0.32025132877747975,8.7,35.1,typical_january,Innotec Power 145-DZS48-010,G-HFCS 600W 24V
330.2529121909716,5.448421832815045,331.07946891344227,1090.2483288193644,10999.119605968532,False,1,0.3302529121909716,9.4,32.4,typical_january,Innotec Power 145-DZS48-010,G-HFCS 600W 24V
340.2536045503319,4.4063504654241115,331.0477209052027,1459.3582921967738,19707.47233940405,False,1,0.3402536045503319,9.9,29.7,typical_january,Innotec Power 145-DZS48-010,G-HFCS 600W 24V
350.2546854012918,3.230809351183764,331.029368546123,1634.1140106063451,24709.944645985728,False,1,0.3502546854012918,10.3,27.900000000000002,typical_january,Innotec Power 145-DZS48-010,G-HFCS 600W 24V
360.2849219248826,2.250554179294932,331.04395179460715,1241.6860715058526,14266.935057409197,False,1,0.3602849219248826,10.7,27.0,typical_january,Innotec Power 145-DZS48-010,G-HFCS 600W 24V
370.28240563709545,1.6536493057325146,331.08123155921913,1237.999327562292,14182.339681292851,False,1,0.37028240563709547,10.9,25.2,typical_january,Innotec Power 145-DZS48-010,G-HFCS 600W 24V
380.2471534074588,1.2508366967852065,331.10945845602316,1466.9939754786635,19914.23950567957,False,1,0.38024715340745885,11.0,23.400000000000002,typical_january,Innotec Power 145-DZS48-010,G-HFCS 600W 24V
390.2392529977965,0.8753403041244449,331.142007957393,1282.9105141940104,15229.996174867323,False,1,0.3902392529977965,11.1,23.400000000000002,typical_january,Innotec Power 145-DZS48-010,G-HFCS 600W 24V
400.2586908055561,-1.0010303357155022,331.1900504859609,1033.6738035044625,9887.217444178885,False,1,0.4002586908055561,11.2,22.5,typical_january,Innotec Power 145-DZS48-010,G-HFCS 600W 24V
410.26094352848384,-2.126405379451926,331.2542106267473,928.3208317827742,7974.49624493797,False,1,0.41026094352848386,11.3,22.5,typical_january,Innotec Power 145-DZS48-010,G-HFCS 600W 24V
420.2404285781563,-2.252406825604143,331.3523331912651,726.8343571403608,4888.526361060232,False,1,0.4202404285781563,11.0,22.5,typical_january,Innotec Power 145-DZS48-010,G-HFCS 600W 24V
430.1974552345444,-2.501108148341877,331.47746901974756,693.0977014518032,4445.247870003681,False,1,0.4301974552345444,10.6,24.3,typical_january,Innotec Power 145-DZS48-010,G-HFCS 600W 24V
440.2263313428024,-1.2058828116066085,331.60875426140126,667.1960367408624,4119.210454728385,False,1,0.44022633134280237,10.3,25.2,typical_january,Innotec Power 145-DZS48-010,G-HFCS 600W 24V
450.2339145993272,-0.5004790104874364,331.7767365581302,548.4962503201351,2783.904873564022,False,1,0.4502339145993272,10.3,25.2,typical_january,Innotec Power 145-DZS48-010,G-HFCS 600W 24V
460.215102624234,-0.347348363480796,331.9987728926552,488.0531933121207,2204.1511994244884,False,1,0.46021510262423404,10.3,26.1,typical_january,Innotec Power 145-DZS48-010,G-HFCS 600W 24V
470.2336748336936,0.23618986322852592,332.303529234832,430.1410487551967,1712.0988859520107,False,1,0.4702336748336936,10.2,27.0,typical_january,Innotec Power 145-DZS48-010,G-HFCS 600W 24V
480.1883307695685,0.8736517421742693,332.6631795134673,392.1366354120416,1422.924646277423,False,1,0.4801883307695685,10.1,26.1,typical_january,Innotec Power 145-DZS48-010,G-HFCS 600W 24V
490.2094886279932,1.8859430822754506,333.137948941103,332.0039526454631,1019.9845037947852,False,1,0.4902094886279932,10.2,25.2,typical_january,Innotec Power 145-DZS48-010,G-HFCS 600W 24V
500.2789159481744,2.270678954048495,333.8903516668982,260.0815156976621,625.9303935966484,False,1,0.5002789159481744,10.6,23.400000000000002,typical_january,Innotec Power 145-DZS48-010,G-HFCS 600W 24V
510.30706446135997,0.4432590995082488,335.04039869283326,205.44901449132627,390.5846667238274,False,1,0.51030706446136,10.8,21.6,typical_january,Innotec Power 145-DZS48-010,G-HFCS 600W 24V
520.436601177463,-1.1403321560310578,337.2232065843739,144.95160977081972,194.4254670914404,False,1,0.520436601177463,11.0,20.7,typical_january,Innotec Power 145-DZS48-010,G-HFCS 600W 24V
530.3990836561028,-2.16090067319376,341.20365931575145,105.7221703427484,103.42825690646904,False,1,0.5303990836561028,10.8,20.7,typical_january,Innotec Power 145-DZS48-010,G-HFCS 600W 24V
540.1801568657656,-2.764068421796173,351.9452535397229,67.18412338403607,41.76768213782808,False,1,0.5401801568657656,10.5,22.5,typical_january,Innotec Power 145-DZS48-010,G-HFCS 600W 24V
554.5397651302404,-2.0923358452117906,5.86172689608,72.83793891497155,49.09331534246107,False,1,0.5545397651302404,10.1,23.400000000000002,typical_january,Innotec Power 145-DZS48-010,G-HFCS 600W 24V
564.0039486832438,0.002440465132407754,13.784038409903303,88.49358921780073,72.46539860701974,False,1,0.5640039486832439,9.8,23.400000000000002,typical_january,Innotec Power 145-DZS48-010,G-HFCS 600W 24V
573.6449942107158,2.618633096168887,21.531668749004808,83.6561826434826,64.7594500158024,False,1,0.5736449942107158,9.6,22.5,typical_january,Innotec Power 145-DZS48-010,G-HFCS 600W 24V
583.1685962353156,5.608154478845119,30.960287438502007,76.16407026022726,53.67936322632591,False,1,0.5831685962353156,9.8,19.8,typical_january,Innotec Power 145-DZS48-010,G-HFCS 600W 24V
592.3158813568017,7.838845463381821,40.01192797334261,77.26317431206108,55.239807844839305,False,1,0.5923158813568017,10.5,15.3,typical_january,Innotec Power 145-DZS48-010,G-HFCS 600W 24V
601.1114530823943,6.82989267813576,51.220884060221614,73.8883417475515,50.51948390334068,False,1,0.6011114530823943,11.3,0.0,typical_january,Innotec Power 145-DZS48-010,G-HFCS 600W 24V
613.607670561226,4.808014204306456,59.857807913227475,86.9903306172746,70.02434065789159,False,1,0.613607670561226,12.6,16.2,typical_january,Innotec Power 145-DZS48-010,G-HFCS 600W 24V
621.2615293611458,1.4703378891923513,68.92923763975087,73.12296363329813,49.47828467199078,False,1,0.6212615293611458,12.8,0.0,typical_january,Innotec Power 145-DZS48-010,G-HFCS 600W 24V
632.4235443492794,-1.507667307785431,79.69838556221333,73.6772492900558,50.23123684564669,False,1,0.6324235443492794,12.9,15.3,typical_january,Innotec Power 145-DZS48-010,G-HFCS 600W 24V
640.4464909452562,-3.449511570644892,92.89099678989822,66.14571752028235,40.4865274851165,False,1,0.6404464909452562,13.0,15.3,typical_january,Innotec Power 145-DZS48-010,G-HFCS 600W 24V
653.1798745828304,-5.5684490774596895,104.07029633090818,80.00662167977531,59.23234550699576,False,1,0.6531798745828304,12.2,18.0,typical_january,Innotec Power 145-DZS48-010,G-HFCS 600W 24V
661.7874042253709,-5.574048198183927,110.38339634205886,92.71737508291888,79.5480102546298,False,1,0.6617874042253709,11.7,20.7,typical_january,Innotec Power 145-DZS48-010,G-HFCS 600W 24V
670.3692785084485,-4.681871070981902,115.78919089761645,108.06380969099769,108.06065947383144,False,1,0.6703692785084485,11.2,24.3,typical_january,Innotec Power 145-DZS48-010,G-HFCS 600W 24V
683.9185671588559,-3.3433508399845717,118.66230424499284,169.43309302047365,265.64616058862464,False,1,0.6839185671588559,10.5,27.0,typical_january,Innotec Power 145-DZS48-010,G-HFCS 600W 24V
693.3373376317187,-2.331270634782614,120.12342549816901,202.0001611896576,377.5813173670069,False,1,0.6933373376317187,10.1,28.8,typical_january,Innotec Power 145-DZS48-010,G-HFCS 600W 24V
702.8451611304365,-1.033825991365096,121.346343734936,221.6767808602665,454.7235822361489,False,1,0.7028451611304365,10.0,30.6,typical_january,Innotec Power 145-DZS48-010,G-HFCS 600W 24V
712.5718131251219,0.11344234443211049,122.62644624649917,206.3372308337855,393.9691912139924,False,1,0.712571813125122,9.9,30.6,typical_january,Innotec Power 145-DZS48-010,G-HFCS 600W 24V
722.3996161769967,0.7892611899779007,124.38179760325377,169.01361553031433,264.33243088015894,False,1,0.7223996161769967,9.8,30.6,typical_january,Innotec Power 145-DZS48-010,G-HFCS 600W 24V
732.3103662700588,1.4676898837378354,126.13414379821896,188.12138207641283,327.47894818490033,False,1,0.7323103662700589,10.0,30.6,typical_january,Innotec Power 145-DZS48-010,G-HFCS 600W 24V
742.1604574157703,2.5979664193653242,127.28290173486968,233.71040317169476,505.43248880764384,False,1,0.7421604574157703,10.2,29.7,typical_january,Innotec Power 145-DZS48-010,G-HFCS 600W 24V
752.0427146986816,3.0217814576181,128.19950254570895,254.9989589908884,601.705360143718,False,1,0.7520427146986816,10.4,28.8,typical_january,Innotec Power 145-DZS48-010,G-HFCS 600W 24V
761.7006373811761,3.129762616416579,129.45723521971007,206.18932520183623,393.40458755560985,False,1,0.7617006373811761,10.6,27.0,typical_january,Innotec Power 145-DZS48-010,G-HFCS 600W 24V
771.6922947118856,2.6174050389645065,130.10240940401408,370.65562100338457,1271.3005842063535,False,1,0.7716922947118856,11.1,25.2,typical_january,Innotec Power 145-DZS48-010,G-HFCS 600W 24V
782.0292972197254,1.4622184516171446,129.87166716763826,329.177399675526,1002.6909284497408,False,1,0.7820292972197255,11.5,23.400000000000002,typical_january,Innotec Power 145-DZS48-010,G-HFCS 600W 24V
792.1127429741906,0.5671294331076049,129.54935930201526,491.03470974044825,2231.1637726265853,False,1,0.7921127429741907,11.5,23.400000000000002,typical_january,Innotec Power 145-DZS48-010,G-HFCS 600W 24V
802.1232207001326,0.5341980280764871,129.34773614306562,551.7195752784629,2816.7211305420965,False,1,0.8021232207001326,11.5,22.5,typical_january,Innotec Power 145-DZS48-010,G-HFCS 600W 24V
812.1412366302008,0.4271745778076288,129.15496043590394,564.0156385439395,2943.6715951122146,False,1,0.8121412366302008,11.6,21.6,typical_january,Innotec Power 145-DZS48-010,G-HFCS 600W 24V
822.2635832367594,-1.3345303112004527,128.9623188065254,542.4496586646663,2722.863974200931,False,1,0.8222635832367594,11.7,20.7,typical_january,Innotec Power 145-DZS48-010,G-HFCS 600W 24V
832.2258548168696,-1.994508346246513,128.75983858861156,554.1820041916188,2841.9203590980937,False,1,0.8322258548168696,11.7,20.7,typical_january,Innotec Power 145-DZS48-010,G-HFCS 600W 24V
842.2240491816119,-1.9914560723514227,128.54234966712266,504.0530477419629,2351.0374950675173,False,1,0.8422240491816119,11.3,21.6,typical_january,Innotec Power 145-DZS48-010,G-HFCS 600W 24V
852.3192067369621,-1.2675223344878699,128.39412688141744,670.0000191123488,4153.906296712222,False,1,0.852319206736962,11.0,22.5,typical_january,Innotec Power 145-DZS48-010,G-HFCS 600W 24V
862.3432051540103,-0.14031443534217164,128.12073167373975,383.74258865040593,1362.6586178061698,False,1,0.8623432051540103,10.9,22.5,typical_january,Innotec Power 145-DZS48-010,G-HFCS 600W 24V
872.6705973254809,0.8821480515870197,127.19536089751475,218.86402617094467,443.2572356227653,False,1,0.8726705973254809,11.0,21.6,typical_january,Innotec Power 145-DZS48-010,G-HFCS 600W 24V
882.9043324179629,1.1391993618718854,124.58740285322963,134.21065022748496,166.6790537504183,False,1,0.882904332417963,11.0,20.7,typical_january,Innotec Power 145-DZS48-010,G-HFCS 600W 24V
892.1569226976173,0.7189525505701561,122.04985602292979,148.36860511245715,203.7000298982801,False,1,0.8921569226976174,11.1,18.900000000000002,typical_january,Innotec Power 145-DZS48-010,G-HFCS 600W 24V
902.01004314839,0.6351191390289934,120.7821317207329,225.253928782209,469.5175327576577,False,1,0.90201004314839,11.3,18.0,typical_january,Innotec Power 145-DZS48-010,G-HFCS 600W 24V
912.0911907941417,-0.42524376770536626,119.9887330592752,284.2536704705491,747.6859641094699,False,1,0.9120911907941417,11.4,17.1,typical_january,Innotec Power 145-DZS48-010,G-HFCS 600W 24V
922.1426585961912,-1.6983238974698665,119.46095668716438,351.2375871967768,1141.5870554683256,False,1,0.9221426585961912,11.3,17.1,typical_january,Innotec Power 145-DZS48-010,G-HFCS 600W 24V
932.2163253436664,-1.5486651218378493,119.0427629265628,387.2664566287372,1387.7998273457267,False,1,0.9322163253436664,11.1,18.0,typical_january,Innotec Power 145-DZS48-010,G-HFCS 600W 24V
942.3522127032757,-1.6803975556079151,118.59011969650118,368.7533801993346,1258.2851910374363,False,1,0.9423522127032756,10.9,18.0,typical_january,Innotec Power 145-DZS48-010,G-HFCS 600W 24V
952.5671701930044,-1.6805649650348924,117.92823663176821,262.97796266528815,639.9496094605203,True,1,0.9525671701930044,10.8,0.0,typical_january,Innotec Power 145-DZS48-010,G-HFCS 600W 24V
962.800447512368,-1.6104481549728582,116.97538464097448,215.15483521988372,428.3603713706328,False,1,0.962800447512368,10.6,14.4,typical_january,Innotec Power 145-DZS48-010,G-HFCS 600W 24V
973.112423898968,-1.627842841898074,115.06260304812216,169.19015376364692,264.88492070625915,False,1,0.973112423898968,10.4,20.7,typical_january,Innotec Power 145-DZS48-010,G-HFCS 600W 24V
982.7965944340856,-0.8935195273556714,113.19737194882046,175.90719145855869,286.3348798452183,False,1,0.9827965944340856,10.29999999999999,23.400000000000002,typical_january,Innotec Power 145-DZS48-010,G-HFCS 600W 24V
992.804713566506,0.22321066825203625,110.8025210634078,150.6679452204674,210.0626289196787,False,1,0.992804713566506,10.1,25.2,typical_january,Innotec Power 145-DZS48-010,G-HFCS 600W 24V
1002.7399952118801,0.8311240741632362,108.34797448159435,154.38018111971184,220.54141545718537,False,1,1.00273999521188,10.0,26.1,typical_january,Innotec Power 145-DZS48-010,G-HFCS 600W 24V
1012.4187482567339,1.7241767583238474,104.19226950087241,110.58621713466503,113.16420319545664,False,1,1.012418748256734,10.2,26.1,typical_january,Innotec Power 145-DZS48-010,G-HFCS 600W 24V
1022.7298885895927,1.9621225801939608,102.51936611868294,264.8896527637799,649.2875171219388,False,1,1.0227298885895928,10.5,26.1,typical_january,Innotec Power 145-DZS48-010,G-HFCS 600W 24V
1033.224246585815,1.4419943489260674,103.00049609481025,210.8232911963677,411.2862998169695,False,1,1.033224246585815,10.7,26.1,typical_january,Innotec Power 145-DZS48-010,G-HFCS 600W 24V
1043.3026111930435,1.3823368487703744,104.56988403561814,171.13959610305207,271.0241997583331,False,1,1.0433026111930435,10.8,26.1,typical_january,Innotec Power 145-DZS48-010,G-HFCS 600W 24V
1053.22769831473,0.9576848420849937,107.58197098994953,122.62991696430907,139.15535825818867,False,1,1.0532276983147302,10.9,26.1,typical_january,Innotec Power 145-DZS48-010,G-HFCS 600W 24V
1063.056340316383,0.6727032338064987,113.43281800323942,87.59730254673013,71.0049344726952,False,1,1.063056340316383,11.1,26.1,typical_january,Innotec Power 145-DZS48-010,G-HFCS 600W 24V
1072.8207756242791,0.5024043135532494,123.34138292546265,71.83890054445884,47.75583241572306,False,1,1.0728207756242791,11.2,26.1,typical_january,Innotec Power 145-DZS48-010,G-HFCS 600W 24V
1082.8110130645662,0.8715751477397273,132.11904405682418,85.74480708030995,68.03348536166439,False,1,1.082811013064566,11.2,26.1,typical_january,Innotec Power 145-DZS48-010,G-HFCS 600W 24V
1092.9497249463736,1.5529493460507333,136.5803781913039,120.6997208200286,134.809220191193,False,1,1.0929497249463735,11.1,26.1,typical_january,Innotec Power 145-DZS48-010,G-HFCS 600W 24V
1103.1165805153666,2.264003173884256,138.88913014488895,166.7130206412603,257.18527893570143,False,1,1.1031165805153667,11.4,26.1,typical_january,Innotec Power 145-DZS48-010,G-HFCS 600W 24V
1113.203072652189,1.9880835600700375,140.07603269218862,230.9115197077595,493.39899941431696,False,1,1.1132030726521889,11.7,26.1,typical_january,Innotec Power 145-DZS48-010,G-HFCS 600W 24V
1123.241585357756,1.195422700491284,140.56202762902691,362.67098711887655,1217.1180247670547,False,1,1.1232415853577562,11.9,26.1,typical_january,Innotec Power 145-DZS48-010,G-HFCS 600W 24V
1133.2762272756206,1.5089102744805247,140.48620861733275,409.5092078851615,1551.7952142147087,False,1,1.1332762272756207,12.0,26.1,typical_january,Innotec Power 145-DZS48-010,G-HFCS 600W 24V
1143.283424502185,1.544774568081141,139.82665363014237,250.1306964894232,578.9499892130206,False,1,1.143283424502185,12.0,26.1,typical_january,Innotec Power 145-DZS48-010,G-HFCS 600W 24V
1153.1477876491567,1.8036236575200553,138.5189432499052,195.23002407393557,352.69579434740695,False,1,1.1531477876491567,12.2,26.1,typical_january,Innotec Power 145-DZS48-010,G-HFCS 600W 24V
1162.947558638194,1.468241572070054,136.6332465434217,164.34165596553615,249.92078879145524,False,1,1.162947558638194,12.5,26.1,typical_january,Innotec Power 145-DZS48-010,G-HFCS 600W 24V
1172.7341705666488,1.0144858402624937,133.78477694810778,130.79629651959914,158.3062129557721,False,1,1.1727341705666487,12.7,26.1,typical_january,Innotec Power 145-DZS48-010,G-HFCS 600W 24V
1182.6114832038218,0.6739461069964917,130.93436952547324,148.0324134688576,202.7779391352807,False,1,1.1826114832038217,12.8,26.1,typical_january,Innotec Power 145-DZS48-010,G-HFCS 600W 24V
1192.5074124939822,0.559943059394182,129.023221883834,181.40648433998427,304.51779674928355,False,1,1.1925074124939823,12.7,26.1,typical_january,Innotec Power 145-DZS48-010,G-HFCS 600W 24V
1202.4451202490493,0.5588567581883854,127.37445985202154,190.60973783526944,336.19963176192,False,1,1.2024451202490494,12.8,26.1,typical_january,Innotec Power 145-DZS48-010,G-HFCS 600W 24V
1212.390193061632,0.6698458196637936,125.65419335533386,188.493078229834,328.77431307920864,False,1,1.212390193061632,12.9,26.1,typical_january,Innotec Power 145-DZS48-010,G-HFCS 600W 24V
1222.342904103593,0.4462397231539073,123.97011652584584,191.5085477412156,339.37776965271763,False,1,1.222342904103593,13.0,26.1,typical_january,Innotec Power 145-DZS48-010,G-HFCS 600W 24V
1232.302962967933,-0.11146283370188302,122.33923153161317,194.72070063084996,350.8579426511959,False,1,1.232302962967933,13.0,26.1,typical_january,Innotec Power 145-DZS48-010,G-HFCS 600W 24V
1242.2700154481508,-0.2228195644761955,120.76204008453792,198.1119778976431,363.18552670044784,False,1,1.2422700154481507,13.0,27.0,typical_january,Innotec Power 145-DZS48-010,G-HFCS 600W 24V
1252.243689489012,-0.11135983754553361,119.25816556467143,201.6653950139784,376.3308558521859,False,1,1.252243689489012,13.0,27.900000000000002,typical_january,Innotec Power 145-DZS48-010,G-HFCS 600W 24V
1262.2236096338734,0.11127048654685982,117.81896103051804,201.9813216986393,377.5108906101293,False,1,1.2622236096338733,12.9,28.8,typical_january,Innotec Power 145-DZS48-010,G-HFCS 600W 24V
1272.208251794753,0.6673718038459564,116.01994921348864,169.79463314791192,266.78105357857754,False,1,1.272208251794753,12.9,28.8,typical_january,Innotec Power 145-DZS48-010,G-HFCS 600W 24V
1282.197939597811,1.0007011968490973,114.26431195647322,190.06196885722275,334.27008593453456,False,1,1.282197939597811,13.0,28.8,typical_january,Innotec Power 145-DZS48-010,G-HFCS 600W 24V
1292.1915940091822,1.2233609131266696,112.97076209560473,221.4971008500494,453.98672901483445,False,1,1.2921915940091822,13.1,27.900000000000002,typical_january,Innotec Power 145-DZS48-010,G-HFCS 600W 24V
1302.1885051793197,1.335827269751464,111.72906248754902,222.4143027892837,457.7543597529087,False,1,1.3021885051793196,13.3,27.0,typical_january,Innotec Power 145-DZS48-010,G-HFCS 600W 24V
1312.1873892876683,1.2257392582889626,110.51377228921481,225.31905245157157,469.7890585399464,False,1,1.3121873892876683,13.4,26.1,typical_january,Innotec Power 145-DZS48-010,G-HFCS 600W 24V
1322.1525713322555,1.1146062448252358,109.36750860055542,230.0007281064337,489.5144170752065,False,1,1.3221525713322555,13.5,25.2,typical_january,Innotec Power 145-DZS48-010,G-HFCS 600W 24V
1332.0977532019594,1.11443600331768,108.0268159917951,198.9241075130515,366.1692764362398,False,1,1.3320977532019596,13.6,24.3,typical_january,Innotec Power 145-DZS48-010,G-HFCS 600W 24V
1342.0526299179492,0.8211709878671778,106.82070061659374,229.3989342697927,486.9561524088091,False,1,1.3420526299179492,13.7,23.400000000000002,typical_january,Innotec Power 145-DZS48-010,G-HFCS 600W 24V
1352.0459865868845,0.5004435325927166,106.10369133846316,297.7029685341856,820.1124328292968,False,1,1.3520459865868846,13.8,22.5,typical_january,Innotec Power 145-DZS48-010,G-HFCS 600W 24V
1362.0480944151973,-0.5531710049962792,105.61844914776833,361.93822130077046,1212.204692705018,False,1,1.3620480944151974,13.9,21.6,typical_january,Innotec Power 145-DZS48-010,G-HFCS 600W 24V
1372.053881797677,-1.8529318451931909,105.19510321576564,377.3693514347571,1317.7721238969727,False,1,1.3720538817976768,13.9,21.6,typical_january,Innotec Power 145-DZS48-010,G-HFCS 600W 24V
1382.0661041532726,-2.275225310454257,104.68739702132237,322.6834790249103,963.5195404369632,False,1,1.3820661041532727,13.6,23.400000000000002,typical_january,Innotec Power 145-DZS48-010,G-HFCS 600W 24V
1392.0865868912815,-1.7522385996239023,103.91324985614477,262.1654430827826,636.0012305962131,False,1,1.3920865868912815,13.3,24.3,typical_january,Innotec Power 145-DZS48-010,G-HFCS 600W 24V
1402.2225673314665,-1.271512766765905,102.69509046373608,196.01067152597943,355.52201479587666,False,1,1.4022225673314666,13.1,26.1,typical_january,Innotec Power 145-DZS48-010,G-HFCS 600W 24V
1412.0979207579028,-1.4024307723379175,100.49990447257821,147.19070361938398,200.47851102658328,False,1,1.4120979207579027,13.1,27.0,typical_january,Innotec Power 145-DZS48-010,G-HFCS 600W 24V
1421.888318333185,-1.7384350226109588,96.34782872022748,95.55384950497732,84.48963638118303,False,1,1.421888318333185,13.0,27.900000000000002,typical_january,Innotec Power 145-DZS48-010,G-HFCS 600W 24V
1431.4467025201818,-2.7294819977974916,91.94498508747628,114.54524061980366,121.4118741625444,False,1,1.4314467025201818,12.8,28.8,typical_january,Innotec Power 145-DZS48-010,G-HFCS 600W 24V
1442.341850797705,-3.420428594047757,92.12988897231719,185.59913681968283,318.75644126763024,False,1,1.442341850797705,12.5,29.7,typical_january,Innotec Power 145-DZS48-010,G-HFCS 600W 24V
1452.4908344543237,-3.6918379626410163,94.25744906292286,162.8488598849096,245.40110285155544,False,1,1.4524908344543237,12.1,31.5,typical_january,Innotec Power 145-DZS48-010,G-HFCS 600W 24V
1462.244527846466,-3.340075692060977,95.53752061728605,246.53994637277845,562.4470713110877,False,1,1.4622445278464662,11.8,33.300000000000004,typical_january,Innotec Power 145-DZS48-010,G-HFCS 600W 24V
1472.4026022187538,-2.4903110789307217,95.87046522869448,448.2877694452094,1859.6056022503196,False,1,1.4724026022187537,11.4,34.2,typical_january,Innotec Power 145-DZS48-010,G-HFCS 600W 24V
1482.7721989666406,-1.244162989948996,95.1846398037942,180.01780403930874,299.8734282072427,False,1,1.4827721989666407,11.1,35.1,typical_january,Innotec Power 145-DZS48-010,G-HFCS 600W 24V
1492.9367610891627,-0.3753406922442658,93.42862516031246,171.05074342762637,270.7428507949484,False,1,1.4929367610891626,11.0,35.1,typical_january,Innotec Power 145-DZS48-010,G-HFCS 600W 24V
1502.5621967551394,-0.1252010165102503,92.55030780854219,263.958206324094,644.7292927073455,False,1,1.5025621967551395,11.0,35.1,typical_january,Innotec Power 145-DZS48-010,G-HFCS 600W 24V
1512.4797376408817,0.0,91.95811056843826,337.6433378822773,1054.9294957153018,False,1,1.5124797376408816,11.0,35.1,typical_january,Innotec Power 145-DZS48-010,G-HFCS 600W 24V
1522.7079769608283,0.14183696758637201,91.41753445395551,318.9284724098868,941.2254264735856,False,1,1.5227079769608283,11.0,35.1,typical_january,Innotec Power 145-DZS48-010,G-HFCS 600W 24V
1532.714419455236,0.8756255873286831,91.120819515358,482.464702222354,2153.962588477595,False,1,1.532714419455236,11.0,35.1,typical_january,Innotec Power 145-DZS48-010,G-HFCS 600W 24V
1542.7422990709938,1.3830739270503443,90.90327536353789,526.9424690707154,2569.41035178876,False,1,1.5427422990709938,11.0,35.1,typical_january,Innotec Power 145-DZS48-010,G-HFCS 600W 24V
1552.7143790907749,1.3397703536773915,90.69828559013803,520.5978268090936,2507.908960133153,False,1,1.552714379090775,11.2,34.2,typical_january,Innotec Power 145-DZS48-010,G-HFCS 600W 24V
1562.5783168771936,1.0565993942421645,90.43794623072716,452.94701971324895,1898.4618672267115,False,1,1.5625783168771936,11.4,33.300000000000004,typical_january,Innotec Power 145-DZS48-010,G-HFCS 600W 24V
1572.479551780269,0.748139315449701,90.12294013827682,426.1934639411443,1680.8177883985209,False,1,1.572479551780269,11.6,32.4,typical_january,Innotec Power 145-DZS48-010,G-HFCS 600W 24V
1582.5126510854768,1.1224101489324672,89.63966444837553,335.0681788335823,1038.8992571536526,False,1,1.5825126510854768,11.6,32.4,typical_january,Innotec Power 145-DZS48-010,G-HFCS 600W 24V
1592.821905032661,1.8730401685933225,89.14607220300263,332.5393565863929,1023.2768986829292,False,1,1.592821905032661,11.5,31.5,typical_january,Innotec Power 145-DZS48-010,G-HFCS 600W 24V
1602.6395391253204,2.500699647523114,88.57192987230175,309.8663826248774,888.4970492463832,False,1,1.6026395391253205,11.8,30.6,typical_january,Innotec Power 145-DZS48-010,G-HFCS 600W 24V
1612.5967416323883,2.133369641370784,87.99109248266737,267.8279787215142,663.7720371337537,False,1,1.6125967416323883,12.1,29.7,typical_january,Innotec Power 145-DZS48-010,G-HFCS 600W 24V
1622.5871887906883,1.1252471925454421,87.42230478871258,347.0272135604097,1114.3821104202632,False,1,1.6225871887906882,12.4,28.8,typical_january,Innotec Power 145-DZS48-010,G-HFCS 600W 24V
1632.6632099864132,0.12424223836181349,86.96732398354487,329.2853032890392,1003.3483958663638,False,1,1.6326632099864131,12.4,27.900000000000002,typical_january,Innotec Power 145-DZS48-010,G-HFCS 600W 24V
1642.595069353673,0.0,86.40092002390435,277.415138311783,712.1432763959094,False,1,1.6425950693536728,12.4,27.900000000000002,typical_january,Innotec Power 145-DZS48-010,G-HFCS 600W 24V
1652.659511305382,0.6747611818467298,85.86319862486124,361.2950428712285,1207.9002500239003,False,1,1.652659511305382,12.4,27.900000000000002,typical_january,Innotec Power 145-DZS48-010,G-HFCS 600W 24V
1662.7537232041936,1.0670194501601489,85.41889381046417,361.3782396867185,1208.4566098562536,False,1,1.6627537232041936,12.5,27.900000000000002,typical_january,Innotec Power 145-DZS48-010,G-HFCS 600W 24V
1672.8601862440369,0.8750294473759628,84.98216866470841,375.7354079095777,1306.3853814059055,False,1,1.6728601862440369,12.6,27.0,typical_january,Innotec Power 145-DZS48-010,G-HFCS 600W 24V
1682.7624168168563,0.48663703312621903,84.65396629952701,421.9924988674964,1647.845642187343,False,1,1.6827624168168562,12.8,26.1,typical_january,Innotec Power 145-DZS48-010,G-HFCS 600W 24V
1692.7443157625612,-0.5007450342271503,84.47222653225964,577.4476252737187,3085.5477005576645,False,1,1.6927443157625612,12.8,25.2,typical_january,Innotec Power 145-DZS48-010,G-HFCS 600W 24V
1702.7594831121205,-2.8939819750854188,84.39617024123709,997.8582765741952,9213.927551285082,False,1,1.7027594831121204,12.8,26.1,typical_january,Innotec Power 145-DZS48-010,G-HFCS 600W 24V
1712.762715449959,-4.769928901935415,84.40895231728118,1056.442723676413,10327.589749992389,False,1,1.712762715449959,12.6,27.0,typical_january,Innotec Power 145-DZS48-010,G-HFCS 600W 24V
1722.7203447838772,-5.136812116021103,84.48787854550477,756.2534120154827,5292.267157187167,False,1,1.7227203447838773,12.0,28.8,typical_january,Innotec Power 145-DZS48-010,G-HFCS 600W 24V
1732.6744434649656,-5.255304649098941,84.652182567448,561.7467288241704,2920.035756947878,False,1,1.7326744434649657,11.3,30.6,typical_january,Innotec Power 145-DZS48-010,G-HFCS 600W 24V
1742.5608658873573,-4.698011927822998,84.83317215200236,563.1849987619399,2935.0075437533023,False,1,1.7425608658873573,10.8,32.4,typical_january,Innotec Power 145-DZS48-010,G-HFCS 600W 24V
1752.5199231076813,-3.8028415248594305,84.97643060533747,637.4020332240486,3759.5334592381537,False,1,1.7525199231076813,10.4,34.2,typical_january,Innotec Power 145-DZS48-010,G-HFCS 600W 24V
1762.4547563387312,-3.237108255312129,85.14913492839301,555.8986925242561,2859.554449853845,False,1,1.7624547563387312,10.0,35.1,typical_january,Innotec Power 145-DZS48-010,G-HFCS 600W 24V
1772.3893823539793,-2.3482867023133256,85.40258106393176,441.75250717246166,1805.7811341519723,False,1,1.7723893823539794,9.7,36.0,typical_january,Innotec Power 145-DZS48-010,G-HFCS 600W 24V
1782.3298995217356,-1.3702080009166995,85.80105450536334,358.41107298097063,1188.693539962359,False,1,1.7823298995217356,9.4,36.9,typical_january,Innotec Power 145-DZS48-010,G-HFCS 600W 24V
1792.3779648205175,-0.1201003623425726,86.55410894217601,245.28318388723252,556.7274243474411,False,1,1.7923779648205176,9.2,36.9,typical_january,Innotec Power 145-DZS48-010,G-HFCS 600W 24V
1802.562627513652,1.2932820607061384,88.0312160057336,170.72577120224673,269.71508176598934,False,1,1.802562627513652,9.3,36.9,typical_january,Innotec Power 145-DZS48-010,G-HFCS 600W 24V
1812.531812041704,1.612804005869839,91.13826738780793,122.66633653401806,139.23802537498025,False,1,1.812531812041704,9.4,36.0,typical_january,Innotec Power 145-DZS48-010,G-HFCS 600W 24V
1821.7668818529955,1.7780111818946551,95.98783216038575,97.45017235286174,87.87640636511344,False,1,1.8217668818529955,9.6,35.1,typical_january,Innotec Power 145-DZS48-010,G-HFCS 600W 24V
1830.8464068533972,1.3305006308747789,101.79721734398785,99.24362398571836,91.14068630984582,False,1,1.8308464068533972,9.8,34.2,typical_january,Innotec Power 145-DZS48-010,G-HFCS 600W 24V
1840.0435171790489,0.7464076209261566,108.27782101256929,104.11449945496112,100.3065969169217,False,1,1.8400435171790488,10.0,33.300000000000004,typical_january,Innotec Power 145-DZS48-010,G-HFCS 600W 24V
1854.1322312172013,0.2519663287774599,115.39105851431214,88.07743923585483,71.78544952449573,False,1,1.8541322312172013,10.0,31.5,typical_january,Innotec Power 145-DZS48-010,G-HFCS 600W 24V
1862.323256910596,0.37867791086937436,122.24198254127154,83.32201293320179,64.24311222635157,False,1,1.862323256910596,10.0,31.5,typical_january,Innotec Power 145-DZS48-010,G-HFCS 600W 24V
1870.5400467897807,1.577865284557542,128.49068140712816,103.0778031563073,98.31898207861528,False,1,1.8705400467897808,10.0,30.6,typical_january,Innotec Power 145-DZS48-010,G-HFCS 600W 24V
1884.5684210090053,2.2750377189443323,134.1093190702756,110.9961041500269,114.00464245948638,False,1,1.8845684210090052,10.2,28.8,typical_january,Innotec Power 145-DZS48-010,G-HFCS 600W 24V
1893.7614425001684,2.4455367188067374,138.40796605581076,113.72813834298614,119.68588226189942,False,1,1.8937614425001683,10.5,27.900000000000002,typical_january,Innotec Power 145-DZS48-010,G-HFCS 600W 24V
1902.8675667557225,2.3371823199800703,142.23769941394573,122.0122825425844,137.7571562228774,False,1,1.9028675667557224,10.8,26.1,typical_january,Innotec Power 145-DZS48-010,G-HFCS 600W 24V
1912.7349365228583,1.9198164655210659,144.77785367131577,170.1706131664167,267.9638400620711,False,1,1.9127349365228583,11.0,24.3,typical_january,Innotec Power 145-DZS48-010,G-HFCS 600W 24V
1922.883648497514,0.9964305206461823,146.53832811197327,186.3659188697247,321.3956950038829,False,1,1.922883648497514,11.1,22.5,typical_january,Innotec Power 145-DZS48-010,G-HFCS 600W 24V
1932.9627527965436,0.5004318989522697,148.4240808574471,177.75786903703775,292.3914950933076,False,1,1.9329627527965436,11.3,21.6,typical_january,Innotec Power 145-DZS48-010,G-HFCS 600W 24V
1942.732860778679,-0.11239557158862436,149.99511051669035,189.7393103466932,333.1361027536886,False,1,1.942732860778679,11.4,20.7,typical_january,Innotec Power 145-DZS48-010,G-HFCS 600W 24V
1952.8186748724104,-1.340605664521235,150.67998961423166,294.1058832400977,800.4136560928331,False,1,1.9528186748724103,11.3,19.8,typical_january,Innotec Power 145-DZS48-010,G-HFCS 600W 24V
1962.727791603724,-1.9290837450580414,151.06609541370025,357.869249867594,1185.1022736347393,False,1,1.962727791603724,11.2,19.8,typical_january,Innotec Power 145-DZS48-010,G-HFCS 600W 24V
1972.411922907108,-2.1602716842572445,151.65545904397408,284.1095970768426,746.9282299711756,False,1,1.972411922907108,11.1,20.7,typical_january,Innotec Power 145-DZS48-010,G-HFCS 600W 24V
1982.1004057914715,-2.264634689103752,152.66144083279568,209.2558780521618,405.19343284368506,False,1,1.9821004057914715,10.700000000000022,21.6,typical_january,Innotec Power 145-DZS48-010,G-HFCS 600W 24V
1991.7096361815893,-2.5007200056670484,154.47764530876373,156.87649838465572,227.7313597553858,False,1,1.9917096361815894,10.5,22.5,typical_january,Innotec Power 145-DZS48-010,G-HFCS 600W 24V
2001.8812620099573,-2.870994199869372,158.78847472080406,102.26869834223216,96.78153859990584,False,1,2.0018812620099573,10.3,23.400000000000002,typical_january,Innotec Power 145-DZS48-010,G-HFCS 600W 24V
2012.378754791142,-3.714558924197058,167.01825549965724,78.71405913736977,57.33392616838066,False,1,2.012378754791142,10.1,24.3,typical_january,Innotec Power 145-DZS48-010,G-HFCS 600W 24V
2021.7212707882961,-3.80142041955511,173.92601355818107,95.82031818698196,84.96152179587975,False,1,2.021721270788296,9.7,25.2,typical_january,Innotec Power 145-DZS48-010,G-HFCS 600W 24V
2031.2112261369525,-4.216965615536832,180.04904544332462,95.90928416940078,85.11936293837516,False,1,2.0312112261369526,9.3,26.1,typical_january,Innotec Power 145-DZS48-010,G-HFCS 600W 24V
2040.739676508088,-4.051659487350774,185.9857968036416,98.82725556039864,90.37754408563302,False,1,2.040739676508088,8.8,27.0,typical_january,Innotec Power 145-DZS48-010,G-HFCS 600W 24V
2050.257675923085,-3.0470650830892567,191.71433498782903,111.1677818614836,114.35757722806676,False,1,2.0502576759230853,8.5,27.900000000000002,typical_january,Innotec Power 145-DZS48-010,G-HFCS 600W 24V
2064.8337485990046,-1.9039963425959805,197.26936408440054,108.74482968382604,109.42695142867284,False,1,2.0648337485990047,7.9,28.8,typical_january,Innotec Power 145-DZS48-010,G-HFCS 600W 24V
2074.7911554243155,-0.8767867266110568,202.62086081964657,103.0563698360139,98.27809872487644,False,1,2.0747911554243155,7.7,28.8,typical_january,Innotec Power 145-DZS48-010,G-HFCS 600W 24V
2084.689657407364,1.098383032468766,206.3766261875104,127.2241368522579,149.77733247795666,False,1,2.084689657407364,7.7,28.8,typical_january,Innotec Power 145-DZS48-010,G-HFCS 600W 24V
2094.910248841199,3.1089774242950146,208.07770538723065,177.70838841418356,292.2287377452491,False,1,2.0949102488411993,7.8,27.900000000000002,typical_january,Innotec Power 145-DZS48-010,G-HFCS 600W 24V
2100.024070140455,5.239265266732854,209.19080560321862,198.52480042124668,364.7007039181617,False,1,2.100024070140455,7.9,27.0,typical_january,Innotec Power 145-DZS48-010,G-HFCS 600W 24V
2110.095345050492,7.608207468744104,210.28486517280606,242.78434786011408,545.4418220505221,False,1,2.110095345050492,8.3,23.400000000000002,typical_january,Innotec Power 145-DZS48-010,G-HFCS 600W 24V
2120.0765094306507,8.370139373674,211.19176921440823,259.6376965484604,623.7959638079057,False,1,2.1200765094306506,9.3,18.0,typical_january,Innotec Power 145-DZS48-010,G-HFCS 600W 24V
2130.044530054003,8.46607271837061,211.88203976379526,306.54484160368713,869.5510627284199,False,1,2.130044530054003,10.2,0.0,typical_january,Innotec Power 145-DZS48-010,G-HFCS 600W 24V
2140.0421934855485,7.459776446460178,212.4706469965093,324.37653694998863,973.6568672207244,False,1,2.1400421934855487,11.1,14.4,typical_january,Innotec Power 145-DZS48-010,G-HFCS 600W 24V
2150.025652345769,6.144349820270038,213.28038038885424,286.194269417467,757.9297117953323,False,1,2.150025652345769,11.8,0.0,typical_january,Innotec Power 145-DZS48-010,G-HFCS 600W 24V
2164.924118252444,5.09547862369843,214.19223845432174,291.7900313898671,787.8580318952215,False,1,2.164924118252444,12.7,17.1,typical_january,Innotec Power 145-DZS48-010,G-HFCS 600W 24V
2174.984921898965,4.458774517830815,214.80450527661756,268.5305493414011,667.2590394843589,False,1,2.174984921898965,13.2,11.700000000000001,typical_january,Innotec Power 145-DZS48-010,G-HFCS 600W 24V
2180.031388174872,4.208792156996902,215.64422166108494,224.4929643100519,466.35059434182506,False,1,2.180031388174872,13.4,0.0,typical_january,Innotec Power 145-DZS48-010,G-HFCS 600W 24V
2190.3165254042115,4.492979262456762,217.2536778461751,180.29072139412463,300.78336820813564,False,1,2.1903165254042114,13.8,14.4,typical_january,Innotec Power 145-DZS48-010,G-HFCS 600W 24V
2200.545961573443,3.853986564618282,220.04662435841766,128.763594630454,153.42398178088737,False,1,2.200545961573443,14.2,0.0,typical_january,Innotec Power 145-DZS48-010,G-HFCS 600W 24V
2210.6193064456097,2.9141175752384556,225.10635313890648,96.7665850477173,86.64787074418587,False,1,2.2106193064456097,14.8,14.4,typical_january,Innotec Power 145-DZS48-010,G-HFCS 600W 24V
2220.63189225515,1.7409468296960031,231.2862001563632,100.59522428574836,93.64008341772563,False,1,2.22063189225515,15.1,0.0,typical_january,Innotec Power 145-DZS48-010,G-HFCS 600W 24V
2230.5696340109016,-0.1752219235799395,237.3906961025527,97.63900160033612,88.2172926258908,False,1,2.2305696340109016,15.2,14.4,typical_january,Innotec Power 145-DZS48-010,G-HFCS 600W 24V
2240.774355457893,-1.6783779149022737,244.9587780249996,87.49234537392194,70.83488328930174,False,1,2.240774355457893,15.2,16.2,typical_january,Innotec Power 145-DZS48-010,G-HFCS 600W 24V
2250.9915381918886,-2.7895014565311618,252.95407255597252,86.95114166511709,69.96126324703927,False,1,2.250991538191889,15.0,18.900000000000002,typical_january,Innotec Power 145-DZS48-010,G-HFCS 600W 24V
2261.204533162008,-3.209940331990231,258.84385202960516,105.4174172267244,102.83283489008384,False,1,2.261204533162008,14.7,21.6,typical_january,Innotec Power 145-DZS48-010,G-HFCS 600W 24V
2271.5401776102312,-3.3601495737723126,264.3696025222808,101.86318598247912,96.01555052997814,False,1,2.2715401776102313,14.3,24.3,typical_january,Innotec Power 145-DZS48-010,G-HFCS 600W 24V
2281.733719107116,-3.229118470298282,270.7689892221382,95.01754923514024,83.54389410650862,False,1,2.281733719107116,14.0,26.1,typical_january,Innotec Power 145-DZS48-010,G-HFCS 600W 24V
2291.7926187177573,-2.243844061186152,274.99510558995667,121.45220017655564,136.49534443946737,False,1,2.291792618717757,13.6,27.900000000000002,typical_january,Innotec Power 145-DZS48-010,G-HFCS 600W 24V
2302.059797171434,-0.6995950882553146,277.30677310704067,169.8550051031179,266.9707999427411,False,1,2.302059797171434,13.3,29.7,typical_january,Innotec Power 145-DZS48-010,G-HFCS 600W 24V
2312.2565426591805,0.6983028263411735,278.7086443870553,219.5376426159649,445.98993554898857,False,1,2.3122565426591803,13.2,30.6,typical_january,Innotec Power 145-DZS48-010,G-HFCS 600W 24V
2322.5038394785024,2.1005451094584897,279.55685609627074,276.535624053211,707.6348901690105,False,1,2.3225038394785025,13.4,30.6,typical_january,Innotec Power 145-DZS48-010,G-HFCS 600W 24V
2332.7617988600323,2.6127996516659913,280.21930704912097,310.92842212921835,894.5979759934527,False,1,2.3327617988600324,13.6,29.7,typical_january,Innotec Power 145-DZS48-010,G-HFCS 600W 24V
2342.902908925179,2.6249655039268616,280.9150204016682,271.4559931882267,681.8768311591867,False,1,2.342902908925179,13.9,28.8,typical_january,Innotec Power 145-DZS48-010,G-HFCS 600W 24V
2352.719043131303,2.0075672649710246,281.852676016621,245.79935424875512,559.0730279551217,False,1,2.352719043131303,14.2,27.900000000000002,typical_january,Innotec Power 145-DZS48-010,G-HFCS 600W 24V
2362.6520388253616,0.8986123535616302,282.2492955681204,473.2289343985396,2072.285778668866,False,1,2.362652038825362,14.5,27.0,typical_january,Innotec Power 145-DZS48-010,G-HFCS 600W 24V
2372.706778671546,-0.3787676278405421,282.0190616415527,389.4166004846279,1403.2530269474062,False,1,2.372706778671546,14.6,27.0,typical_january,Innotec Power 145-DZS48-010,G-HFCS 600W 24V
2382.5027097109914,-0.8984811989690881,281.75815307651783,522.0361195288174,2521.785660415595,False,1,2.3825027097109914,14.5,27.900000000000002,typical_january,Innotec Power 145-DZS48-010,G-HFCS 600W 24V
2392.3702417215068,-1.012037310375388,281.6029215919081,635.5635644694163,3737.877372335354,False,1,2.392370241721507,14.3,27.900000000000002,typical_january,Innotec Power 145-DZS48-010,G-HFCS 600W 24V
2402.2541560535924,-1.4553425786025147,281.5001783911631,782.2360909507128,5662.168177820972,False,1,2.4022541560535924,14.2,28.8,typical_january,Innotec Power 145-DZS48-010,G-HFCS 600W 24V
2412.178343001823,-1.8976164046813193,281.41678598702225,866.4686203085812,6947.247058485371,False,1,2.4121783430018233,14.1,29.7,typical_january,Innotec Power 145-DZS48-010,G-HFCS 600W 24V
2422.1381548967133,-2.3655822982682952,281.32437955254784,764.1545338139338,5403.429054989521,False,1,2.422138154896713,14.1,30.6,typical_january,Innotec Power 145-DZS48-010,G-HFCS 600W 24V
2432.1278162530584,-2.9348280422379425,281.19169795784484,617.5818787291561,3529.3615822508004,False,1,2.4321278162530584,13.7,31.5,typical_january,Innotec Power 145-DZS48-010,G-HFCS 600W 24V
2442.1346602509184,-3.1682038336273735,280.9758019978437,474.612654387771,2084.422211053274,False,1,2.442134660250918,13.3,32.4,typical_january,Innotec Power 145-DZS48-010,G-HFCS 600W 24V
2452.172681994282,-2.746006181154228,280.5706265109602,357.384514803178,1181.8939981387734,False,1,2.452172681994282,13.0,33.300000000000004,typical_january,Innotec Power 145-DZS48-010,G-HFCS 600W 24V
2462.036445561172,-1.9895090770081043,280.09183741218254,342.0469362891114,1082.626055408308,False,1,2.462036445561172,12.7,34.2,typical_january,Innotec Power 145-DZS48-010,G-HFCS 600W 24V
2472.1359370800737,-0.496647155033279,279.6856715741714,360.2138389712157,1200.681593952314,False,1,2.4721359370800737,12.5,35.1,typical_january,Innotec Power 145-DZS48-010,G-HFCS 600W 24V
2482.3093792031827,0.9091948702629822,279.19805322042123,350.3272985391871,1135.677510515376,False,1,2.482309379203183,12.4,35.1,typical_january,Innotec Power 145-DZS48-010,G-HFCS 600W 24V
2492.44272038534,1.3949902939838008,278.635448729279,312.3930001901963,903.045542947002,False,1,2.4924427203853403,12.6,35.1,typical_january,Innotec Power 145-DZS48-010,G-HFCS 600W 24V
2502.387820900005,0.7351783949441917,277.8067448726132,235.00464961418635,511.0459787180697,False,1,2.502387820900005,12.8,34.2,typical_january,Innotec Power 145-DZS48-010,G-HFCS 600W 24V
2512.078201855121,-0.12198224043969663,276.51713677397686,195.8830728673044,355.0592913498972,False,1,2.512078201855121,13.0,34.2,typical_january,Innotec Power 145-DZS48-010,G-HFCS 600W 24V
2521.503551224765,-1.7364837224942937,274.4798337977052,146.48792972789093,198.5686796034932,False,1,2.521503551224765,12.9,34.2,typical_january,Innotec Power 145-DZS48-010,G-HFCS 600W 24V
2530.567992204064,-3.2370422032956463,269.7589649121461,95.42309586994888,84.25856733089793,False,1,2.530567992204064,12.8,35.1,typical_january,Innotec Power 145-DZS48-010,G-HFCS 600W 24V
2543.236151119482,-3.727291702439455,262.62032644233534,90.46368554953392,75.72784876344217,False,1,2.543236151119482,12.3,36.0,typical_january,Innotec Power 145-DZS48-010,G-HFCS 600W 24V
2551.501077910355,-3.669853794683831,255.72970533955063,85.19772995157332,67.16810752242142,False,1,2.551501077910355,11.9,36.9,typical_january,Innotec Power 145-DZS48-010,G-HFCS 600W 24V
2560.420679742841,-2.689988589819057,241.9205287166159,59.93647851466358,33.242181113808776,False,1,2.560420679742841,11.5,37.800000000000004,typical_january,Innotec Power 145-DZS48-010,G-HFCS 600W 24V
2574.2373400588917,-0.8337991215604862,225.72734428174303,67.64539707278709,42.34318930721316,False,1,2.574237340058892,11.2,37.800000000000004,typical_january,Innotec Power 145-DZS48-010,G-HFCS 600W 24V
2583.57748395231,0.35068246687926663,218.36697281819954,90.99247135937247,76.61573753981996,False,1,2.5835774839523102,11.0,37.800000000000004,typical_january,Innotec Power 145-DZS48-010,G-HFCS 600W 24V
2593.031390997688,1.5057370290883119,213.97002024244188,115.96593477690332,124.44227198286131,False,1,2.593031390997688,11.0,37.800000000000004,typical_january,Innotec Power 145-DZS48-010,G-HFCS 600W 24V
2602.629780341486,2.756860367633598,211.51346720050321,157.74293281125966,230.2538430978125,False,1,2.602629780341486,11.3,36.9,typical_january,Innotec Power 145-DZS48-010,G-HFCS 600W 24V
2612.330651184948,3.7567784759677814,210.12072006756537,211.06284548342572,412.2215036266446,False,1,2.612330651184948,11.6,36.0,typical_january,Innotec Power 145-DZS48-010,G-HFCS 600W 24V
2622.143334973222,4.185307551997354,209.33727302238418,281.54620841899987,733.5106629733539,False,1,2.622143334973222,11.9,35.1,typical_january,Innotec Power 145-DZS48-010,G-HFCS 600W 24V
2631.936238506583,4.50931915916711,208.8366413902035,351.8463251128585,1145.5475058743514,False,1,2.631936238506583,12.3,33.300000000000004,typical_january,Innotec Power 145-DZS48-010,G-HFCS 600W 24V
2641.818977917748,3.4913090543903413,208.50178612280135,432.9983017193222,1734.9199911963583,False,1,2.641818977917748,12.9,32.4,typical_january,Innotec Power 145-DZS48-010,G-HFCS 600W 24V
2651.7063016572542,2.2460970964509053,208.27953556380328,537.4406657402544,2672.8101650247945,False,1,2.651706301657254,13.3,31.5,typical_january,Innotec Power 145-DZS48-010,G-HFCS 600W 24V
2661.612014712256,0.5603820204878656,208.08824702911784,559.8639892563936,2900.495086250998,False,1,2.661612014712256,13.7,30.6,typical_january,Innotec Power 145-DZS48-010,G-HFCS 600W 24V
2671.447101572071,-0.6147787753543219,207.9229064194874,588.544661950218,3205.27957027843,False,1,2.671447101572071,13.5,30.6,typical_january,Innotec Power 145-DZS48-010,G-HFCS 600W 24V
2681.428467949684,-1.0034528288248752,207.82848474227166,840.7380205934734,6540.763423635046,False,1,2.6814284679496843,13.4,30.6,typical_january,Innotec Power 145-DZS48-010,G-HFCS 600W 24V
2691.4114150627424,-0.3926428012821425,207.75326567430568,851.6244505278167,6711.248329154497,False,1,2.6914114150627424,13.2,31.5,typical_january,Innotec Power 145-DZS48-010,G-HFCS 600W 24V
2701.442142424245,-0.14259834453742326,207.70603804307967,1148.1486561700056,12198.412323849858,False,1,2.701442142424245,13.2,32.4,typical_january,Innotec Power 145-DZS48-010,G-HFCS 600W 24V
2711.45378551711,0.0,207.6702868363994,1328.6113872019985,16334.393215121614,False,1,2.71145378551711,13.3,33.300000000000004,typical_january,Innotec Power 145-DZS48-010,G-HFCS 600W 24V
2721.488496066068,-0.42743911932371337,207.64994088008467,1779.6113931980442,29306.059047097136,False,1,2.721488496066068,13.2,33.300000000000004,typical_january,Innotec Power 145-DZS48-010,G-HFCS 600W 24V
2731.509820547213,-0.42764321649343695,207.63343998930293,1925.5724531576,34310.48002423106,False,1,2.7315098205472133,13.2,34.2,typical_january,Innotec Power 145-DZS48-010,G-HFCS 600W 24V
2741.5326878851297,-0.427970490544766,207.61819802075465,2020.9713892923853,37794.394848697455,False,1,2.7415326878851296,13.2,35.1,typical_january,Innotec Power 145-DZS48-010,G-HFCS 600W 24V
2751.5540220325915,-0.5705923733219507,207.60401881856092,2025.192262558688,37952.42968181557,False,1,2.7515540220325914,13.1,36.0,typical_january,Innotec Power 145-DZS48-010,G-HFCS 600W 24V
2761.553662920831,-0.28542712877073273,207.59586269693673,3228.1058512755326,96427.87570816584,False,1,2.761553662920831,13.1,36.0,typical_january,Innotec Power 145-DZS48-010,G-HFCS 600W 24V
2771.570974415609,-0.28540519995757735,207.6020056600109,1843.576566926516,31450.63540346243,False,1,2.7715709744156087,13.0,36.0,typical_january,Innotec Power 145-DZS48-010,G-HFCS 600W 24V
2781.5844900275447,0.14269688390389138,207.61930605756305,1712.365719123541,27133.143710431777,False,1,2.781584490027545,13.0,36.0,typical_january,Innotec Power 145-DZS48-010,G-HFCS 600W 24V
2791.587732255654,0.7137898588089908,207.64426826253288,1442.667246847961,19259.251718822063,False,1,2.7915877322556537,13.0,36.0,typical_january,Innotec Power 145-DZS48-010,G-HFCS 600W 24V
2801.6066565960514,1.8556534475719126,207.6826784999455,1201.9516888095063,13368.45102547554,False,1,2.8016066565960513,13.0,36.0,typical_january,Innotec Power 145-DZS48-010,G-HFCS 600W 24V
2811.603333525787,3.424730445745652,207.72344236383373,1219.862717223578,13769.842779625627,False,1,2.8116033335257873,13.2,35.1,typical_january,Innotec Power 145-DZS48-010,G-HFCS 600W 24V
2821.617363681397,3.709082446197277,207.76820365615913,1152.6420166642365,12294.07784377203,False,1,2.821617363681397,13.5,34.2,typical_january,Innotec Power 145-DZS48-010,G-HFCS 600W 24V
2831.6284686133604,3.2282194185969733,207.82363535738506,947.5717685853516,8308.665818118427,False,1,2.8316284686133604,14.1,33.300000000000004,typical_january,Innotec Power 145-DZS48-010,G-HFCS 600W 24V
2841.647668420256,1.7663637049513068,207.8840682580979,917.6339012172358,7791.946554831964,False,1,2.841647668420256,14.4,32.4,typical_january,Innotec Power 145-DZS48-010,G-HFCS 600W 24V
2851.665327020234,0.7500462024070111,207.95338459146535,906.714007273132,7607.600796629246,False,1,2.851665327020234,14.6,31.5,typical_january,Innotec Power 145-DZS48-010,G-HFCS 600W 24V
2861.6487024537623,-0.34739125217136513,208.00791444173012,1026.0764645860606,9742.4125854695,False,1,2.8616487024537625,14.6,31.5,typical_january,Innotec Power 145-DZS48-010,G-HFCS 600W 24V
2871.653313705419,-1.0161154902701504,208.05942288347197,1114.947346329351,11503.123480912776,False,1,2.8716533137054188,14.6,31.5,typical_january,Innotec Power 145-DZS48-010,G-HFCS 600W 24V
2881.645163333344,-1.7489042151765672,208.1130278617935,1002.2250312534514,9294.746639222403,False,1,2.881645163333344,14.5,31.5,typical_january,Innotec Power 145-DZS48-010,G-HFCS 600W 24V
2891.6414305978205,-2.8175946158352216,208.1873076831029,830.3626995370527,6380.32394713853,False,1,2.8916414305978204,14.3,32.4,typical_january,Innotec Power 145-DZS48-010,G-HFCS 600W 24V
2901.6736416530325,-3.851997907630418,208.30420476832984,672.2427760836499,4181.7623998736735,False,1,2.9016736416530327,14.0,33.300000000000004,typical_january,Innotec Power 145-DZS48-010,G-HFCS 600W 24V
2911.700470338907,-5.122379163720419,208.48802240138673,520.5266418871677,2507.223159736627,False,1,2.911700470338907,13.6,35.1,typical_january,Innotec Power 145-DZS48-010,G-HFCS 600W 24V
2921.6890518947275,-5.704161788834352,208.7826968671275,399.4453764519636,1476.460601546031,False,1,2.9216890518947274,13.1,36.9,typical_january,Innotec Power 145-DZS48-010,G-HFCS 600W 24V
2931.684037145122,-6.34211715927538,209.2973798634252,313.98612023198734,912.2796060732718,False,1,2.9316840371451223,12.6,38.7,typical_january,Innotec Power 145-DZS48-010,G-HFCS 600W 24V
2941.703096550932,-7.202101769197803,210.17769331192602,227.2758824305823,477.9844527374497,False,1,2.941703096550932,11.9,40.5,typical_january,Innotec Power 145-DZS48-010,G-HFCS 600W 24V
2951.8661099213336,-7.031261728919155,211.75921258130154,175.0992322449909,283.71059140356374,False,1,2.9518661099213337,11.1,42.300000000000004,typical_january,Innotec Power 145-DZS48-010,G-HFCS 600W 24V
2962.049520743503,-6.026232856064943,214.66981154952543,127.82598905287368,151.19777106106602,False,1,2.962049520743503,10.4,44.1,typical_january,Innotec Power 145-DZS48-010,G-HFCS 600W 24V
2972.19579174438,-4.452091259705417,219.96422860118673,95.0526542525944,83.6056374720197,False,1,2.97219579174438,9.7,45.9,typical_january,Innotec Power 145-DZS48-010,G-HFCS 600W 24V
2982.424297903068,-1.5164643475847068,229.9088447662891,69.4940570336545,44.68918125388948,False,1,2.982424297903068,9.2,46.800000000000004,typical_january,Innotec Power 145-DZS48-010,G-HFCS 600W 24V
2992.816506866503,0.9536689334146886,242.6845837521164,71.70861521424709,47.58277179209029,False,1,2.992816506866503,9.0,46.800000000000004,typical_january,Innotec Power 145-DZS48-010,G-HFCS 600W 24V
3003.35071746086,2.5835148358053743,253.21070239180773,80.06120314588323,59.31319109158231,False,1,3.00335071746086,9.2,45.9,typical_january,Innotec Power 145-DZS48-010,G-HFCS 600W 24V
3013.899318817664,4.083577664474898,262.2759017498191,81.39692640563652,61.30883693114535,False,1,3.013899318817664,9.6,45.0,typical_january,Innotec Power 145-DZS48-010,G-HFCS 600W 24V
3024.358636490363,4.916151054310612,273.3242767985091,74.07830556185749,50.77958475852312,False,1,3.024358636490363,9.9,43.2,typical_january,Innotec Power 145-DZS48-010,G-HFCS 600W 24V
3034.856973312465,5.7479975299711095,281.4293022402088,77.25246590613976,55.22449681733701,False,1,3.034856973312465,10.4,41.4,typical_january,Innotec Power 145-DZS48-010,G-HFCS 600W 24V
3040.0394857026404,5.625875589836593,290.2320236026105,72.43092702654937,48.54619015770703,False,1,3.0400394857026405,10.8,40.5,typical_january,Innotec Power 145-DZS48-010,G-HFCS 600W 24V
3050.491656310881,4.287393914175809,300.6105089285336,77.15035990550217,55.078610831178345,False,1,3.050491656310881,11.5,37.800000000000004,typical_january,Innotec Power 145-DZS48-010,G-HFCS 600W 24V
3060.831190770641,3.2184900801135994,310.89487294549315,78.50903339486581,57.03564090815688,False,1,3.060831190770641,12.0,36.0,typical_january,Innotec Power 145-DZS48-010,G-HFCS 600W 24V
3071.089800612376,2.636016412878144,319.3304177301029,85.28212897065623,67.30125027823159,False,1,3.071089800612376,12.1,35.1,typical_january,Innotec Power 145-DZS48-010,G-HFCS 600W 24V
3081.101427303571,2.130873852320043,324.0334480643935,116.33331219826752,125.23198142169984,False,1,3.081101427303571,12.4,34.2,typical_january,Innotec Power 145-DZS48-010,G-HFCS 600W 24V
3091.032639539457,1.4351036669116575,326.6763594589432,152.82911580040513,216.13209658468824,False,1,3.0910326395394567,12.7,33.300000000000004,typical_january,Innotec Power 145-DZS48-010,G-HFCS 600W 24V
3101.2060197979386,0.565149710802308,327.99991783688506,224.29138128036996,465.5134531095931,False,1,3.1012060197979388,12.9,33.300000000000004,typical_january,Innotec Power 145-DZS48-010,G-HFCS 600W 24V
3111.3724053444744,0.14174243034408796,328.71019435251867,305.4576271451997,863.3939733400091,False,1,3.1113724053444742,12.8,33.300000000000004,typical_january,Innotec Power 145-DZS48-010,G-HFCS 600W 24V
3121.442156316314,0.5688992323878135,329.1199229644086,388.40485245888976,1395.9708815128315,False,1,3.121442156316314,12.8,33.300000000000004,typical_january,Innotec Power 145-DZS48-010,G-HFCS 600W 24V
3131.474901108813,0.1424546339396947,329.37299369456423,497.4599271476464,2289.9356021279923,False,1,3.1314749011088128,12.9,33.300000000000004,typical_january,Innotec Power 145-DZS48-010,G-HFCS 600W 24V
3141.4733546163434,-0.8557612726534993,329.5707958167115,537.3980805544185,2672.38661088989,False,1,3.1414733546163434,13.0,33.300000000000004,typical_january,Innotec Power 145-DZS48-010,G-HFCS 600W 24V
3151.5208907565834,-2.4251238651457174,329.7005288562036,712.3128667125195,4695.141050365511,False,1,3.1515208907565833,12.9,33.300000000000004,typical_january,Innotec Power 145-DZS48-010,G-HFCS 600W 24V
3161.5239193217662,-3.31959994779563,329.8028832233541,774.7149130164863,5553.808457738997,False,1,3.161523919321766,12.6,34.2,typical_january,Innotec Power 145-DZS48-010,G-HFCS 600W 24V
3171.52993551084,-3.5702083490323573,329.8985556495769,765.0925234530218,5416.702472649483,False,1,3.17152993551084,12.2,35.1,typical_january,Innotec Power 145-DZS48-010,G-HFCS 600W 24V
3181.525723840645,-3.725967807048091,330.00909369576766,683.4591028003485,4322.471412174983,False,1,3.181525723840645,11.9,36.0,typical_january,Innotec Power 145-DZS48-010,G-HFCS 600W 24V
3191.530671144136,-2.4269201650469565,330.18628001058664,519.5783125710997,2498.095837009122,False,1,3.1915306711441356,11.5,36.9,typical_january,Innotec Power 145-DZS48-010,G-HFCS 600W 24V
3201.56875404833,-1.25126202580763,330.54269053325646,325.44357439882623,980.0730965087232,False,1,3.20156875404833,11.2,37.800000000000004,typical_january,Innotec Power 145-DZS48-010,G-HFCS 600W 24V
3211.5833771753987,-0.7506198115409337,331.0733137499047,339.47742491259686,1066.4214300586216,False,1,3.2115833771753985,11.1,37.800000000000004,typical_january,Innotec Power 145-DZS48-010,G-HFCS 600W 24V
3221.495153227096,-0.2503281480518138,331.4295727039944,435.2292357813039,1752.8436783895636,False,1,3.2214951532270963,11.1,37.800000000000004,typical_january,Innotec Power 145-DZS48-010,G-HFCS 600W 24V
3231.484428071236,-0.3755794301135247,331.6862868562293,490.1401303752487,2223.04159758233,False,1,3.231484428071236,11.1,37.800000000000004,typical_january,Innotec Power 145-DZS48-010,G-HFCS 600W 24V
3241.516319185632,0.0,331.8769108874116,561.5004890997762,2917.476342994084,False,1,3.241516319185632,11.0,37.800000000000004,typical_january,Innotec Power 145-DZS48-010,G-HFCS 600W 24V
3251.488132917972,0.5179308085013268,331.9957014473139,707.2218718907374,4628.267289841766,False,1,3.251488132917972,10.9,37.800000000000004,typical_january,Innotec Power 145-DZS48-010,G-HFCS 600W 24V
3261.500679525028,3.0975434124116172,332.0387475991613,1148.5678626057436,12207.321599596457,False,1,3.2615006795250276,11.0,37.800000000000004,typical_january,Innotec Power 145-DZS48-010,G-HFCS 600W 24V
3271.513874250621,4.37529014923418,332.03255517189547,2189.13865059711,44345.913233222585,False,1,3.271513874250621,11.2,36.9,typical_january,Innotec Power 145-DZS48-010,G-HFCS 600W 24V
3281.4947086201514,4.362513797575942,332.0261188265771,3551.237407744652,116698.82382334946,False,1,3.2814947086201514,11.8,35.1,typical_january,Innotec Power 145-DZS48-010,G-HFCS 600W 24V
3291.4940550663277,4.3758966412812725,332.0242216696274,5743.620542364485,305266.07701994485,False,1,3.2914940550663276,12.4,33.300000000000004,typical_january,Innotec Power 145-DZS48-010,G-HFCS 600W 24V
3301.494168774678,3.4459755024253464,332.02455147942305,7218.036070650951,482108.91392908816,False,1,3.301494168774678,12.8,31.5,typical_january,Innotec Power 145-DZS48-010,G-HFCS 600W 24V
3311.495478862607,2.9463139619862657,332.0274691836876,3200.20079554602,94767.95804946656,False,1,3.3114954788626068,13.0,29.7,typical_january,Innotec Power 145-DZS48-010,G-HFCS 600W 24V
3321.4986735543584,2.375106191668549,332.03299529489857,2979.885022891715,82168.63646071247,False,1,3.3214986735543586,13.3,27.900000000000002,typical_january,Innotec Power 145-DZS48-010,G-HFCS 600W 24V
3331.501169463126,1.2501313655523845,332.0439669793023,2128.2376009275745,41912.85926801269,False,1,3.331501169463126,13.7,27.0,typical_january,Innotec Power 145-DZS48-010,G-HFCS 600W 24V
3341.488151171669,-0.12498255690427311,332.0526210934778,2650.836033421887,65023.86738821821,False,1,3.341488151171669,13.9,25.2,typical_january,Innotec Power 145-DZS48-010,G-HFCS 600W 24V
3351.4932525537865,-1.7672156838859627,332.0595861439191,2982.825573143929,82330.88447941361,False,1,3.3514932525537864,13.8,24.3,typical_january,Innotec Power 145-DZS48-010,G-HFCS 600W 24V
3361.501157004991,-2.5701979113362388,332.0656715636537,2965.314401805035,81367.04781509863,False,1,3.361501157004991,13.4,24.3,typical_january,Innotec Power 145-DZS48-010,G-HFCS 600W 24V
3371.505019659437,-1.856427433474793,332.06932310552986,4129.0609435157385,157764.63292080275,False,1,3.371505019659437,13.2,25.2,typical_january,Innotec Power 145-DZS48-010,G-HFCS 600W 24V
3381.509366543502,-1.4281532613011019,332.0725017028908,4102.863931404381,155769.0938989957,False,1,3.381509366543502,13.0,25.2,typical_january,Innotec Power 145-DZS48-010,G-HFCS 600W 24V
3391.509859518781,-1.1425844989859348,332.0746491294436,5055.529135140333,236504.98576301915,False,1,3.391509859518781,12.9,25.2,typical_january,Innotec Power 145-DZS48-010,G-HFCS 600W 24V
3401.5144208973325,-0.5712904151832363,332.0776144309877,4416.588398156664,180501.5434757492,False,1,3.4015144208973322,12.8,25.2,typical_january,Innotec Power 145-DZS48-010,G-HFCS 600W 24V
3411.515751769819,0.2856536762382739,332.0812552293185,3900.3536947442535,140771.60071963855,False,1,3.411515751769819,12.7,24.3,typical_january,Innotec Power 145-DZS48-010,G-HFCS 600W 24V
3421.518583641441,0.9997982157299408,332.0874403001381,2834.745999220228,74359.31278251084,False,1,3.4215185836414412,12.7,23.400000000000002,typical_january,Innotec Power 145-DZS48-010,G-HFCS 600W 24V
3431.519471307869,0.6251496481685832,332.0975548988621,2113.48097900933,41333.64951354454,False,1,3.431519471307869,12.9,21.6,typical_january,Innotec Power 145-DZS48-010,G-HFCS 600W 24V
3441.5223275303456,-0.4284899212660868,332.1170969019414,1449.1647172083776,19433.121627569028,False,1,3.4415223275303455,13.0,20.7,typical_january,Innotec Power 145-DZS48-010,G-HFCS 600W 24V
3451.5029197157214,-1.374285678671293,332.14378630393105,1523.6472188908394,21482.05934203932,False,1,3.4515029197157214,13.2,19.8,typical_january,Innotec Power 145-DZS48-010,G-HFCS 600W 24V
3461.52341272857,-3.2827464356015126,332.17425357284907,1352.2641843493527,16921.16095681807,False,1,3.4615234127285697,12.8,19.8,typical_january,Innotec Power 145-DZS48-010,G-HFCS 600W 24V
3471.5290492882327,-3.8550794625183813,332.202582014781,1231.6953308060365,14038.272085468045,False,1,3.471529049288233,12.4,20.7,typical_january,Innotec Power 145-DZS48-010,G-HFCS 600W 24V
3481.5547575445667,-4.374886081947146,332.23641699112784,1251.7502419077323,14499.146345155505,False,1,3.4815547575445667,12.1,22.5,typical_january,Innotec Power 145-DZS48-010,G-HFCS 600W 24V
3491.5351031117,-4.947578786726671,332.25357848389274,1741.0635444927518,28050.222435808915,False,1,3.4915351031117003,11.7,24.3,typical_january,Innotec Power 145-DZS48-010,G-HFCS 600W 24V
3501.5307572735173,-4.6685485245104275,332.26440765721406,2420.777646751882,54227.160780812,False,1,3.5015307572735175,11.2,26.1,typical_january,Innotec Power 145-DZS48-010,G-HFCS 600W 24V
3511.52600613788,-3.8752506568576504,332.2701688392017,3445.766712521861,109869.91988229992,False,1,3.51152600613788,10.6,27.900000000000002,typical_january,Innotec Power 145-DZS48-010,G-HFCS 600W 24V
3521.527294396229,-2.874838979481844,332.2732351451389,4075.293463219581,153682.65019539968,False,1,3.521527294396229,10.1,28.8,typical_january,Innotec Power 145-DZS48-010,G-HFCS 600W 24V
3531.5255199825688,-1.0177667615096555,332.2722657142224,5233.527561856929,253452.2183349669,False,1,3.531525519982569,9.9,29.7,typical_january,Innotec Power 145-DZS48-010,G-HFCS 600W 24V
3541.5343581505454,0.8034205987948994,332.26969419596935,3167.4418460887173,92837.6984820698,False,1,3.541534358150545,9.9,29.7,typical_january,Innotec Power 145-DZS48-010,G-HFCS 600W 24V
3551.5294951718947,1.2855712724168193,332.2596808259267,2176.032822272097,43816.52674976207,False,1,3.5515294951718945,9.9,28.8,typical_january,Innotec Power 145-DZS48-010,G-HFCS 600W 24V
3561.532108557611,1.4817895992751837,332.2413631561676,1591.584088984574,23440.46609906355,False,1,3.561532108557611,10.1,27.0,typical_january,Innotec Power 145-DZS48-010,G-HFCS 600W 24V
3571.535239987187,1.7132184016270378,332.20789565732764,1185.203185871832,12998.483456930227,False,1,3.5715352399871874,10.3,25.2,typical_january,Innotec Power 145-DZS48-010,G-HFCS 600W 24V
3581.538936675151,1.7321286166754573,332.14834396568125,896.4015159300513,7435.535132677871,False,1,3.581538936675151,10.4,23.400000000000002,typical_january,Innotec Power 145-DZS48-010,G-HFCS 600W 24V
3591.5388715574786,1.8763960137627027,332.04113643648043,718.0357472797732,4770.88773822843,False,1,3.5915388715574785,10.6,21.6,typical_january,Innotec Power 145-DZS48-010,G-HFCS 600W 24V
3601.53900853254,2.2694792030910054,331.8281925414384,443.5889034998117,1820.82585933911,False,1,3.60153900853254,10.8,19.8,typical_january,Innotec Power 145-DZS48-010,G-HFCS 600W 24V
3611.5298443741217,2.3353398481685366,331.3875164738565,320.5322854252615,950.715611875649,False,1,3.6115298443741217,11.0,17.1,typical_january,Innotec Power 145-DZS48-010,G-HFCS 600W 24V
3621.4861202053175,1.987536472329343,330.68601286199095,253.6598516435944,595.4023351434176,True,1,3.6214861202053177,11.2,0.0,typical_january,Innotec Power 145-DZS48-010,G-HFCS 600W 24V
3631.421202269492,0.3076324894489345,330.188715274594,406.08293745718026,1525.9368089363502,False,2,3.631421202269492,11.7,14.4,typical_january,Innotec Power 145-DZS48-010,G-HFCS 600W 24V
3641.383102343623,0.28501615241011674,330.00957257382413,602.6402700252287,3360.6506101039627,False,2,3.6413831023436227,11.9,18.900000000000002,typical_january,Innotec Power 145-DZS48-010,G-HFCS 600W 24V
3651.3976779269096,9.099851019930827e-05,329.9075555135046,784.998356431566,5702.227763233645,False,2,3.6513976779269095,11.9,19.8,typical_january,Innotec Power 145-DZS48-010,G-HFCS 600W 24V
3661.3912449642185,-0.9988790318110022,329.8623746116956,1247.9420805754007,14411.059924984096,False,2,3.6613912449642183,11.8,20.7,typical_january,Innotec Power 145-DZS48-010,G-HFCS 600W 24V
3671.414094904884,-1.711441816586527,329.8424050189892,1650.8708121641926,25219.312530450203,False,2,3.6714140949048844,11.8,22.5,typical_january,Innotec Power 145-DZS48-010,G-HFCS 600W 24V
3681.430852887479,-3.0011360571940555,329.8461797481907,1778.4284237302109,29267.110487160204,False,2,3.681430852887479,11.6,24.3,typical_january,Innotec Power 145-DZS48-010,G-HFCS 600W 24V
3691.457870942982,-3.7515889368701836,329.86330159359716,1621.5073974933591,24330.158266001807,False,2,3.691457870942982,11.3,26.1,typical_january,Innotec Power 145-DZS48-010,G-HFCS 600W 24V
3701.419339953334,-3.888806229413183,329.905935000833,938.0377032825436,8142.310404397323,False,2,3.7014193399533344,10.9,28.8,typical_january,Innotec Power 145-DZS48-010,G-HFCS 600W 24V
3711.396167843909,-3.6233762013696555,329.9522655027803,1201.0603822204732,13348.63164226688,False,2,3.711396167843909,10.5,30.6,typical_january,Innotec Power 145-DZS48-010,G-HFCS 600W 24V
3721.4102514549336,-2.63952725329421,330.0044121518376,1000.6721303014276,9265.965401099444,False,2,3.7214102514549334,10.0,32.4,typical_january,Innotec Power 145-DZS48-010,G-HFCS 600W 24V
3731.468237558021,-0.9988780154628172,330.0495481522727,1211.2787006255107,13576.73141345908,False,2,3.731468237558021,9.8,33.300000000000004,typical_january,Innotec Power 145-DZS48-010,G-HFCS 600W 24V
3741.45516990752,0.2500342321708679,330.0908420078549,1150.6738370349992,12252.128488085978,False,2,3.74145516990752,9.7,33.300000000000004,typical_january,Innotec Power 145-DZS48-010,G-HFCS 600W 24V
3751.455655118782,0.6251247159255171,330.11949088387087,1471.348561731079,20032.64078223459,False,2,3.751455655118782,9.7,33.300000000000004,typical_january,Innotec Power 145-DZS48-010,G-HFCS 600W 24V
3761.451851504075,1.1243094840338428,330.14855702494185,1312.9462317966718,15951.478672011128,False,2,3.761451851504075,9.8,33.300000000000004,typical_january,Innotec Power 145-DZS48-010,G-HFCS 600W 24V
3771.462761160558,1.569755108939682,330.1793952379529,1364.9387275308975,17239.845831821916,False,2,3.771462761160558,10.0,32.4,typical_january,Innotec Power 145-DZS48-010,G-HFCS 600W 24V
3781.470760530569,0.9461339279565905,330.2180091133287,1194.9000220340642,13212.049849991216,False,2,3.781470760530569,10.1,32.4,typical_january,Innotec Power 145-DZS48-010,G-HFCS 600W 24V
3791.493269586039,0.25015317720388675,330.26479088732447,1105.0833828913903,11300.487060454734,False,2,3.791493269586039,10.3,32.4,typical_january,Innotec Power 145-DZS48-010,G-HFCS 600W 24V
3801.4864802449483,-0.5003578853717722,330.3283422991008,891.6122756819556,7356.295116904886,False,2,3.8014864802449484,10.3,32.4,typical_january,Innotec Power 145-DZS48-010,G-HFCS 600W 24V
3811.4304798822864,-1.500844932238692,330.41022967406,783.2793023815804,5677.28069281652,False,2,3.8114304798822864,10.3,32.4,typical_january,Innotec Power 145-DZS48-010,G-HFCS 600W 24V
3821.446449327226,-2.695327527435267,330.456545708759,1108.864577338488,11377.951696578342,False,2,3.821446449327226,10.1,33.300000000000004,typical_january,Innotec Power 145-DZS48-010,G-HFCS 600W 24V
3831.46785505843,-3.6048085643597236,330.48564249854996,1490.9781101952562,20570.725086385493,False,2,3.83146785505843,9.8,34.2,typical_january,Innotec Power 145-DZS48-010,G-HFCS 600W 24V
3841.4668933674525,-3.9994653126252073,330.50842394701226,1655.4015576249512,25357.9291671304,False,2,3.8414668933674525,9.4,35.1,typical_january,Innotec Power 145-DZS48-010,G-HFCS 600W 24V
3851.464215495243,-3.7319567056043987,330.5303686584959,1617.7487981139882,24217.4960209786,False,2,3.851464215495243,9.0,36.0,typical_january,Innotec Power 145-DZS48-010,G-HFCS 600W 24V
3861.4679190198226,-3.999104092687806,330.55248956942216,1570.522639851236,22824.19494621941,False,2,3.8614679190198227,8.6,36.9,typical_january,Innotec Power 145-DZS48-010,G-HFCS 600W 24V
3871.4688130058166,-3.99717355624667,330.58268520664734,1330.7076134991078,16385.97729245359,False,2,3.8714688130058166,8.3,37.800000000000004,typical_january,Innotec Power 145-DZS48-010,G-HFCS 600W 24V
3881.4638433808245,-3.1745998728127978,330.63532821677705,902.4068130315728,7535.495180079091,False,2,3.8814638433808244,7.9,38.7,typical_january,Innotec Power 145-DZS48-010,G-HFCS 600W 24V
3891.4800104086094,-1.126332294971904,330.7426426076339,632.6374193767685,3703.538106334234,False,2,3.8914800104086096,7.4,39.6,typical_january,Innotec Power 145-DZS48-010,G-HFCS 600W 24V
3901.528497989872,0.499518296539871,330.9951045725506,424.487332961792,1667.3874775881106,False,2,3.901528497989872,7.2,39.6,typical_january,Innotec Power 145-DZS48-010,G-HFCS 600W 24V
3911.410984731785,1.374666400199461,331.3245341238892,410.7602598621416,1561.2911761560983,False,2,3.911410984731785,7.4,39.6,typical_january,Innotec Power 145-DZS48-010,G-HFCS 600W 24V
3921.4507730707787,3.6719073526318744,331.423748031369,941.0310393728,8194.358544582474,False,2,3.9214507730707786,7.6,38.7,typical_january,Innotec Power 145-DZS48-010,G-HFCS 600W 24V
3931.5251075613646,4.872306088487517,331.3073178961961,625.7407730081744,3623.230587821363,False,2,3.9315251075613644,7.7,36.9,typical_january,Innotec Power 145-DZS48-010,G-HFCS 600W 24V
3941.448145161809,5.2528755265112395,331.17240376632117,647.7428299581109,3882.507417272977,False,2,3.941448145161809,8.4,35.1,typical_january,Innotec Power 145-DZS48-010,G-HFCS 600W 24V
3951.4498147125723,5.772107113047075,331.1025237074914,949.149740595838,8336.361364038989,False,2,3.9514498147125723,9.1,33.300000000000004,typical_january,Innotec Power 145-DZS48-010,G-HFCS 600W 24V
3961.450747804161,4.853456359978216,331.06215570238464,1237.499313994227,14170.885829824228,False,2,3.961450747804161,9.6,30.6,typical_january,Innotec Power 145-DZS48-010,G-HFCS 600W 24V
3971.4461985018456,3.9783628184843747,331.03473599839333,1464.153653504368,19837.20020504129,False,2,3.9714461985018454,10.1,27.900000000000002,typical_january,Innotec Power 145-DZS48-010,G-HFCS 600W 24V
3981.4700816613326,2.6253900141075266,331.0318654619012,2732.607529253545,69097.38100278906,False,2,3.9814700816613326,10.5,26.1,typical_january,Innotec Power 145-DZS48-010,G-HFCS 600W 24V
3991.491736039494,1.8760204050385187,331.0639975543926,1237.999327562292,14182.339681292851,False,2,3.9914917360394937,10.8,24.3,typical_january,Innotec Power 145-DZS48-010,G-HFCS 600W 24V
4001.453363592583,1.4034249898820785,331.0953600238663,1461.928064796785,19776.938914914168,False,2,4.001453363592583,11.0,22.5,typical_january,Innotec Power 145-DZS48-010,G-HFCS 600W 24V
4011.440816176557,1.1256949869707076,331.1246184939637,1390.0805982918885,17880.80343656872,False,2,4.011440816176557,11.1,20.7,typical_january,Innotec Power 145-DZS48-010,G-HFCS 600W 24V
4021.441099428067,-0.0003046787631290071,331.1635033743049,1130.9985512247167,11836.714226738755,False,2,4.021441099428067,11.2,20.7,typical_january,Innotec Power 145-DZS48-010,G-HFCS 600W 24V
4031.464454397545,-1.6261483059064472,331.2204185127141,983.8357174454572,8956.786782208155,False,2,4.031464454397545,11.3,19.8,typical_january,Innotec Power 145-DZS48-010,G-HFCS 600W 24V
4041.445697462625,-2.1268057888919705,331.29766439546523,775.035946683891,5558.412290418783,False,2,4.041445697462625,11.3,19.8,typical_january,Innotec Power 145-DZS48-010,G-HFCS 600W 24V
4051.4006898025787,-2.5023571086393375,331.4136167591502,693.0977014518032,4445.247870003681,False,2,4.051400689802579,10.8,20.7,typical_january,Innotec Power 145-DZS48-010,G-HFCS 600W 24V
4061.4213278977677,-2.0280753662252335,331.5415930538507,689.2920572892838,4396.566168254323,False,2,4.061421327897768,10.4,21.6,typical_january,Innotec Power 145-DZS48-010,G-HFCS 600W 24V
4071.416132572243,-0.6783116496071815,331.68449394016017,613.8339983275748,3486.6547324253143,False,2,4.071416132572243,10.3,23.400000000000002,typical_january,Innotec Power 145-DZS48-010,G-HFCS 600W 24V
4081.437285690587,-0.4725097151094041,331.88090205425954,539.7311651117784,2695.6410228706145,False,2,4.081437285690587,10.3,24.3,typical_january,Innotec Power 145-DZS48-010,G-HFCS 600W 24V
4091.436101187199,-0.013938365313479348,332.1420936796934,442.40981270344014,1811.158955302277,False,2,4.091436101187199,10.3,25.2,typical_january,Innotec Power 145-DZS48-010,G-HFCS 600W 24V
4101.3827601510975,0.499454553717305,332.4745884061251,419.288167756257,1626.7929404176734,False,2,4.101382760151098,10.2,24.3,typical_january,Innotec Power 145-DZS48-010,G-HFCS 600W 24V
4111.413934652367,1.2478755037611151,332.88037160818914,363.8158102902569,1224.8141690777295,False,2,4.111413934652367,10.1,23.400000000000002,typical_january,Innotec Power 145-DZS48-010,G-HFCS 600W 24V
4121.420700333,2.414987248434207,333.47027294382116,284.9805597254192,751.5147962098055,False,2,4.121420700333,10.4,23.400000000000002,typical_january,Innotec Power 145-DZS48-010,G-HFCS 600W 24V
4131.496268417783,1.5615768088348352,334.394657786818,237.2781352534342,520.9817456634943,False,2,4.1314962684177825,10.7,21.6,typical_january,Innotec Power 145-DZS48-010,G-HFCS 600W 24V
4141.556514108057,-0.5040890755651303,335.9513340532597,169.67980435601422,266.4203379672682,False,2,4.141556514108057,10.9,19.8,typical_january,Innotec Power 145-DZS48-010,G-HFCS 600W 24V
4151.653598435704,-1.7824573005602118,338.9046610340057,126.64661310274076,148.42061450044775,False,2,4.151653598435704,10.9,20.7,typical_january,Innotec Power 145-DZS48-010,G-HFCS 600W 24V
4161.542564181549,-2.5171740111700913,344.46483628126975,87.7308875786711,71.22166326638066,False,2,4.161542564181549,10.7,20.7,typical_january,Innotec Power 145-DZS48-010,G-HFCS 600W 24V
4171.097124570339,-2.768924460623107,354.7291767684387,67.18412338403607,41.76768213782808,False,2,4.1710971245703385,10.4,21.6,typical_january,Innotec Power 145-DZS48-010,G-HFCS 600W 24V
4180.737443283954,-2.0923358452117906,5.86172689608,72.83793891497155,49.09331534246107,False,2,4.180737443283954,10.1,22.5,typical_january,Innotec Power 145-DZS48-010,G-HFCS 600W 24V
4190.201626836957,0.6334282378500311,15.667183591157595,87.18043337047928,70.33072793631446,False,2,4.1902016268369575,9.8,23.400000000000002,typical_january,Innotec Power 145-DZS48-010,G-HFCS 600W 24V
4204.573054023394,4.085918990309026,26.14014811615138,76.16407026022726,53.67936322632591,False,2,4.2045730540233945,9.6,21.6,typical_january,Innotec Power 145-DZS48-010,G-HFCS 600W 24V
4214.010263027468,6.946669053223591,35.501480792374736,78.20029485684482,56.58793507004796,False,2,4.214010263027467,10.1,19.8,typical_january,Innotec Power 145-DZS48-010,G-HFCS 600W 24V
4222.944808651421,8.023081357833668,44.74848771517637,73.8883417475515,50.51948390334068,False,2,4.222944808651421,10.9,14.4,typical_january,Innotec Power 145-DZS48-010,G-HFCS 600W 24V
4231.6097037592135,5.969461108285821,54.920466491222726,79.11205225623154,57.91517418638138,False,2,4.231609703759213,11.8,0.0,typical_january,Innotec Power 145-DZS48-010,G-HFCS 600W 24V
4243.7374512251545,3.3078262455204186,63.119259757583905,81.50708345874219,61.47489162229015,False,2,4.2437374512251544,12.8,15.3,typical_january,Innotec Power 145-DZS48-010,G-HFCS 600W 24V
4251.043267651358,0.3687990895406779,73.11925979826304,73.12296363329813,49.47828467199078,False,2,4.251043267651358,12.8,0.0,typical_january,Innotec Power 145-DZS48-010,G-HFCS 600W 24V
4262.610994654486,-2.3594196723421295,84.60526701049133,70.14542851395936,45.53085551223967,False,2,4.2626109946544855,13.0,15.3,typical_january,Innotec Power 145-DZS48-010,G-HFCS 600W 24V
4270.845805079799,-4.283721379210953,97.93982255053017,66.14571752028235,40.4865274851165,False,2,4.270845805079799,12.7,18.0,typical_january,Innotec Power 145-DZS48-010,G-HFCS 600W 24V
4283.647173463504,-5.761065788453255,107.34091125282802,88.43894692687338,72.3759355637868,False,2,4.283647173463504,12.0,22.5,typical_january,Innotec Power 145-DZS48-010,G-HFCS 600W 24V
4292.258972663903,-5.387666157929111,113.02405940292175,94.8155643714586,83.18908246404092,False,2,4.292258972663903,11.5,26.1,typical_january,Innotec Power 145-DZS48-010,G-HFCS 600W 24V
4300.947609778347,-4.4080995999029575,116.59356010610352,125.18063203412238,145.00445498293234,False,2,4.300947609778347,11.0,27.900000000000002,typical_january,Innotec Power 145-DZS48-010,G-HFCS 600W 24V
4310.11624531257,-3.0870490155079495,119.04314112490717,169.43309302047365,265.64616058862464,False,2,4.31011624531257,10.5,29.7,typical_january,Innotec Power 145-DZS48-010,G-HFCS 600W 24V
4324.282882849437,-1.7347431638803,120.74431493176701,215.23245565221077,428.66950237224097,False,2,4.324282882849436,10.1,30.6,typical_january,Innotec Power 145-DZS48-010,G-HFCS 600W 24V
4333.852642744412,-0.3431307789900575,121.95717904988109,221.36078158911363,453.4280933390119,False,2,4.333852642744412,10.0,31.5,typical_january,Innotec Power 145-DZS48-010,G-HFCS 600W 24V
4343.6752595583885,0.452128771072262,123.41412142681,188.87382629642312,330.10387504054347,False,2,4.343675259558388,9.9,31.5,typical_january,Innotec Power 145-DZS48-010,G-HFCS 600W 24V
4353.550743572434,1.1268222822919831,125.35252719256653,169.01361553031433,264.33243088015894,False,2,4.353550743572434,9.9,31.5,typical_january,Innotec Power 145-DZS48-010,G-HFCS 600W 24V
4363.420908286336,2.036205290166494,126.76454093603184,209.1814440499693,404.9052229731494,False,2,4.363420908286336,10.1,30.6,typical_january,Innotec Power 145-DZS48-010,G-HFCS 600W 24V
4373.331593778399,2.8126965261531467,127.75357403790835,254.23364557263983,598.0990539676018,False,2,4.373331593778399,10.3,29.7,typical_january,Innotec Power 145-DZS48-010,G-HFCS 600W 24V
4383.131946088863,3.1926343376841357,128.752411878455,209.55053284848623,406.3353481682514,False,2,4.383131946088863,10.5,27.900000000000002,typical_january,Innotec Power 145-DZS48-010,G-HFCS 600W 24V
4392.782414949629,2.8720136891841106,129.93717334517265,206.18932520183623,393.40458755560985,False,2,4.392782414949629,10.9,26.1,typical_january,Innotec Power 145-DZS48-010,G-HFCS 600W 24V
4403.04405697556,2.0889633668558085,130.08388899329807,484.46621438393566,2171.8711517331617,False,2,4.40304405697556,11.3,24.3,typical_january,Innotec Power 145-DZS48-010,G-HFCS 600W 24V
4413.347154384561,1.0430542261328548,129.66350640646144,329.177399675526,1002.6909284497408,False,2,4.413347154384561,11.5,22.5,typical_january,Innotec Power 145-DZS48-010,G-HFCS 600W 24V
4423.298781321757,0.4269241726095889,129.44809767944497,551.7195752784629,2816.7211305420965,False,2,4.423298781321757,11.5,21.6,typical_january,Innotec Power 145-DZS48-010,G-HFCS 600W 24V
4433.33061183899,0.5341117230268466,129.24937292090226,561.2659725962378,2915.0398234057925,False,2,4.43333061183899,11.6,20.7,typical_january,Innotec Power 145-DZS48-010,G-HFCS 600W 24V
4443.403971246761,-0.480389354332881,129.06220928811678,572.7981912653137,3036.0599383642784,False,2,4.443403971246761,11.6,19.8,typical_january,Innotec Power 145-DZS48-010,G-HFCS 600W 24V
4453.441423844363,-1.5660524182099205,128.8600712409783,542.4496586646663,2722.863974200931,False,2,4.453441423844363,11.7,19.8,typical_january,Innotec Power 145-DZS48-010,G-HFCS 600W 24V
4463.414761192567,-2.1381352354385226,128.64804855658485,504.0530477419629,2351.0374950675173,False,2,4.463414761192567,11.6,21.6,typical_january,Innotec Power 145-DZS48-010,G-HFCS 600W 24V
4473.467758202653,-1.839621122470127,128.4633614128487,593.8735267508794,3263.5855193440016,False,2,4.473467758202653,11.1,22.5,typical_january,Innotec Power 145-DZS48-010,G-HFCS 600W 24V
4483.545231352246,-0.5616583132329876,128.29447790084475,490.8748613764234,2229.711370906732,False,2,4.483545231352246,10.9,22.5,typical_january,Innotec Power 145-DZS48-010,G-HFCS 600W 24V
4493.654554550718,0.37794854864620553,127.76930253233667,257.32543150036696,612.7347127822421,False,2,4.493654554550718,11.0,22.5,typical_january,Innotec Power 145-DZS48-010,G-HFCS 600W 24V
4504.022102200359,1.1360498312193834,126.12416969526834,143.32175990204254,190.07777086927152,False,2,4.504022102200359,11.0,21.6,typical_january,Innotec Power 145-DZS48-010,G-HFCS 600W 24V
4513.823848977904,0.8447095366195349,123.12739801145611,134.21065022748496,166.6790537504183,False,2,4.513823848977904,11.0,19.8,typical_january,Innotec Power 145-DZS48-010,G-HFCS 600W 24V
4523.233173146782,0.7638713509950343,121.33000633148461,192.103913886785,341.4911803813238,False,2,4.523233173146782,11.2,18.900000000000002,typical_january,Innotec Power 145-DZS48-010,G-HFCS 600W 24V
4533.2208867675745,0.2528398355778965,120.34553296354605,254.0956317497586,597.4498595529008,False,2,4.533220886767574,11.5,18.0,typical_january,Innotec Power 145-DZS48-010,G-HFCS 600W 24V
4543.331097491392,-1.274404415542257,119.69977883069254,309.8192790960203,888.2269446607706,False,2,4.543331097491392,11.3,17.1,typical_january,Innotec Power 145-DZS48-010,G-HFCS 600W 24V
4553.3745787003145,-1.5547052652686708,119.2481122005201,372.971823136027,1287.2387717153497,False,2,4.553374578700314,11.2,17.1,typical_january,Innotec Power 145-DZS48-010,G-HFCS 600W 24V
4563.481606868824,-1.685262717645902,118.82208258048914,368.7533801993346,1258.2851910374363,False,2,4.563481606868824,11.0,17.1,typical_january,Innotec Power 145-DZS48-010,G-HFCS 600W 24V
4573.617764790871,-1.6755803001841922,118.31596486661076,318.3027150934585,937.5355653186452,True,2,4.573617764790871,10.8,0.0,typical_january,Innotec Power 145-DZS48-010,G-HFCS 600W 24V
4583.922329200729,-1.5838563490207027,117.50991054972033,262.97796266528815,639.9496094605203,False,2,4.583922329200729,10.7,14.4,typical_january,Innotec Power 145-DZS48-010,G-HFCS 600W 24V
4594.202510136483,-1.7465420606003041,116.09082447629623,169.19015376364692,264.88492070625915,False,2,4.594202510136483,10.5,20.7,typical_january,Innotec Power 145-DZS48-010,G-HFCS 600W 24V
4604.126840692396,-1.3069227409807578,114.13648446277449,175.2935524740397,284.3406489732746,False,2,4.6041268406923965,10.3,22.5,typical_january,Innotec Power 145-DZS48-010,G-HFCS 600W 24V
4614.124709746772,-0.33773198263970605,112.08882282896798,157.90629420282778,230.7310000102714,False,2,4.614124709746772,10.2,24.3,typical_january,Innotec Power 145-DZS48-010,G-HFCS 600W 24V
4623.844417452529,0.555118652608828,109.55081263415124,150.6679452204674,210.0626289196787,False,2,4.6238444174525295,10.0,25.2,typical_january,Innotec Power 145-DZS48-010,G-HFCS 600W 24V
4633.97934238762,1.2414314930786328,106.49120136131904,110.58621713466503,113.16420319545664,False,2,4.63397934238762,10.1,26.1,typical_january,Innotec Power 145-DZS48-010,G-HFCS 600W 24V
4643.612132015127,1.968091046947647,102.88407178646946,122.23546087583266,138.26157315360047,False,2,4.643612132015127,10.4,26.1,typical_january,Innotec Power 145-DZS48-010,G-HFCS 600W 24V
4654.187521039081,1.6740586564689448,102.51842727235834,353.6860610640585,1157.5585154889975,False,2,4.654187521039081,10.6,26.1,typical_january,Innotec Power 145-DZS48-010,G-HFCS 600W 24V
4664.579218057687,1.4948969584224847,103.69800295572296,210.8232911963677,411.2862998169695,False,2,4.664579218057687,10.8,26.1,typical_january,Innotec Power 145-DZS48-010,G-HFCS 600W 24V
4674.477343451592,1.1389016778600354,105.83126834949888,144.59907755777232,193.48090508476093,False,2,4.674477343451592,10.9,26.1,typical_january,Innotec Power 145-DZS48-010,G-HFCS 600W 24V
4684.346126477162,0.8989912773083066,110.0266936341996,103.23825477871644,98.62530832509,False,2,4.684346126477163,11.0,26.1,typical_january,Innotec Power 145-DZS48-010,G-HFCS 600W 24V
4694.1359408289845,0.4756130831784655,117.87372039304032,78.81712968884189,57.48417400089463,False,2,4.694135940828985,11.2,26.1,typical_january,Innotec Power 145-DZS48-010,G-HFCS 600W 24V
4703.985506619164,0.625090919575608,128.47033402458732,71.83890054445884,47.75583241572306,False,2,4.703985506619164,11.2,26.1,typical_january,Innotec Power 145-DZS48-010,G-HFCS 600W 24V
4714.05963332929,1.2030497556019952,134.72547854271244,101.50075021948255,95.33350706930024,False,2,4.71405963332929,11.2,26.1,typical_january,Innotec Power 145-DZS48-010,G-HFCS 600W 24V
4724.241628635043,1.8363084500168472,137.91683999366646,142.67665200487278,188.3704975814955,False,2,4.724241628635043,11.2,26.1,typical_january,Innotec Power 145-DZS48-010,G-HFCS 600W 24V
4734.366133941585,2.4100559620127555,139.58963987325788,195.375958665993,353.2232721699196,False,2,4.734366133941585,11.6,26.1,typical_january,Innotec Power 145-DZS48-010,G-HFCS 600W 24V
4744.426201771492,1.4223186394863676,140.38846073309313,282.4360645485664,738.1546640868029,False,2,4.744426201771492,11.8,26.1,typical_january,Innotec Power 145-DZS48-010,G-HFCS 600W 24V
4754.448903199487,1.379221472906142,140.5981269383767,527.5846529851406,2575.67684022435,False,2,4.754448903199487,12.0,26.1,typical_january,Innotec Power 145-DZS48-010,G-HFCS 600W 24V
4764.4941054384035,1.5135099938939975,140.23220832493126,308.2830044767386,879.4400328204368,False,2,4.764494105438404,12.0,26.1,typical_january,Innotec Power 145-DZS48-010,G-HFCS 600W 24V
4774.433216351705,1.6878142893201487,139.24974802875207,213.48709906524704,421.7453833002669,False,2,4.774433216351705,12.1,26.1,typical_january,Innotec Power 145-DZS48-010,G-HFCS 600W 24V
4784.247988700296,1.6932382144372107,137.65760388167928,180.6705972492677,302.0522156855999,False,2,4.784247988700296,12.4,26.1,typical_january,Innotec Power 145-DZS48-010,G-HFCS 600W 24V
4794.029028335684,1.2416138519695394,135.37563483667896,147.84268645644678,202.25848805832263,False,2,4.794029028335684,12.6,26.1,typical_january,Innotec Power 145-DZS48-010,G-HFCS 600W 24V
4803.869224489228,0.7878157034482647,132.19234703911957,130.79629651959914,158.3062129557721,False,2,4.803869224489228,12.8,26.1,typical_january,Innotec Power 145-DZS48-010,G-HFCS 600W 24V
4813.750692242851,0.672719490072158,129.9076099659284,165.52860685306928,253.54391098554052,False,2,4.813750692242851,12.7,26.1,typical_january,Innotec Power 145-DZS48-010,G-HFCS 600W 24V
4823.673064538564,0.4475179310441384,128.20243755680565,192.14428559219647,341.6347280032268,False,2,4.823673064538564,12.7,26.1,typical_january,Innotec Power 145-DZS48-010,G-HFCS 600W 24V
4833.614374478435,0.6701801591946763,126.51590789642015,188.493078229834,328.77431307920864,False,2,4.833614374478435,12.8,26.1,typical_january,Innotec Power 145-DZS48-010,G-HFCS 600W 24V
4843.563285941224,0.5580214229756562,124.80559147479065,190.0073673031484,334.07805336130053,False,2,4.843563285941224,13.0,26.1,typical_january,Innotec Power 145-DZS48-010,G-HFCS 600W 24V
4853.519714160913,0.2230798742924814,123.14800174571388,193.0947567337712,345.0229846205935,False,2,4.853519714160913,13.0,26.1,typical_january,Innotec Power 145-DZS48-010,G-HFCS 600W 24V
4863.483315890473,-0.22288962620405123,121.54391799820576,196.37888831124232,356.8590045871503,False,2,4.863483315890473,13.0,27.0,typical_january,Innotec Power 145-DZS48-010,G-HFCS 600W 24V
4873.453726762056,-0.22275260951956088,119.99358557773402,199.84747808892615,369.57655233851153,False,2,4.873453726762056,13.0,27.900000000000002,typical_january,Innotec Power 145-DZS48-010,G-HFCS 600W 24V
4883.430569034416,0.0,118.55131021368175,209.0417802724226,404.3647188693363,False,2,4.883430569034417,12.9,28.8,typical_january,Innotec Power 145-DZS48-010,G-HFCS 600W 24V
4893.413093506364,0.3337590358308771,116.99854756112234,187.68884469472184,325.97476992819463,False,2,4.893413093506364,12.9,29.7,typical_january,Innotec Power 145-DZS48-010,G-HFCS 600W 24V
4903.400131909388,0.8896826794291381,115.05194252101592,169.79463314791192,266.78105357857754,False,2,4.903400131909388,12.9,29.7,typical_january,Innotec Power 145-DZS48-010,G-HFCS 600W 24V
4913.391947669237,1.1118561994883986,113.58981864568526,208.3007936039412,401.5031108123307,False,2,4.913391947669237,13.0,29.7,typical_january,Innotec Power 145-DZS48-010,G-HFCS 600W 24V
4923.3875009704,1.3351341440031255,112.35418344655233,222.4143027892837,457.7543597529087,False,2,4.923387500970399,13.2,29.7,typical_january,Innotec Power 145-DZS48-010,G-HFCS 600W 24V
4933.3853747037765,1.336584395064072,111.11223108260046,223.5529564777793,462.4533192194533,False,2,4.933385374703777,13.3,28.8,typical_january,Innotec Power 145-DZS48-010,G-HFCS 600W 24V
4943.373644500408,1.1145501313538835,109.94048639441795,230.0939529482683,489.9113214932659,False,2,4.943373644500408,13.4,27.900000000000002,typical_january,Innotec Power 145-DZS48-010,G-HFCS 600W 24V
4953.324114607041,1.1146078712879852,108.74661789930585,216.9191942654486,435.41464329866807,False,2,4.9533241146070415,13.6,27.900000000000002,typical_january,Innotec Power 145-DZS48-010,G-HFCS 600W 24V
4963.266883040069,1.002595047049085,107.34067968053637,198.9241075130515,366.1692764362398,False,2,4.963266883040069,13.7,27.0,typical_january,Innotec Power 145-DZS48-010,G-HFCS 600W 24V
4973.2456752324015,0.751126406924582,106.42015663533516,262.7912971192696,639.0414409883301,False,2,4.973245675232402,13.8,27.0,typical_january,Innotec Power 145-DZS48-010,G-HFCS 600W 24V
4983.244428419077,7.387938684992601e-05,105.84391990411896,332.1867171520336,1021.1077932815464,False,2,4.983244428419077,13.9,27.0,typical_january,Innotec Power 145-DZS48-010,G-HFCS 600W 24V
4993.248029110586,-1.284381473251158,105.40811684764049,381.9511828072864,1349.965854946647,False,2,4.993248029110585,13.9,27.900000000000002,typical_january,Innotec Power 145-DZS48-010,G-HFCS 600W 24V
5003.256713920186,-2.1340247550154254,104.9614210045518,354.03522759549327,1159.845177273356,False,2,5.003256713920186,13.8,28.8,typical_january,Innotec Power 145-DZS48-010,G-HFCS 600W 24V
5013.272952908052,-2.136854258378795,104.3401867498506,281.8722061346342,735.2102862077891,False,2,5.013272952908052,13.5,30.6,typical_january,Innotec Power 145-DZS48-010,G-HFCS 600W 24V
5023.359418947798,-1.3897003974966036,103.38941963247865,230.38019021920243,491.1309806941538,False,2,5.023359418947798,13.2,31.5,typical_january,Innotec Power 145-DZS48-010,G-HFCS 600W 24V
5033.402056025779,-1.2629143326769605,101.74916122643344,167.0754711959493,258.304786914969,False,2,5.033402056025778,13.1,32.4,typical_january,Innotec Power 145-DZS48-010,G-HFCS 600W 24V
5043.1964722463235,-1.5224472601670491,98.88710190649832,126.57868620904144,148.26144644401006,False,2,5.043196472246324,13.1,33.300000000000004,typical_january,Innotec Power 145-DZS48-010,G-HFCS 600W 24V
5052.559383656195,-2.228505821869108,93.45741324738896,95.55384950497732,84.48963638118303,False,2,5.052559383656194,13.0,34.2,typical_january,Innotec Power 145-DZS48-010,G-HFCS 600W 24V
5063.183961762528,-3.2029142377442037,91.68222871305409,259.56597594063754,623.4513848267372,False,2,5.063183961762528,12.7,35.1,typical_january,Innotec Power 145-DZS48-010,G-HFCS 600W 24V
5073.778977095301,-3.556578393178298,93.13673072483627,165.47359864076526,253.37542433991916,False,2,5.0737789770953015,12.3,36.0,typical_january,Innotec Power 145-DZS48-010,G-HFCS 600W 24V
5083.4206249917015,-3.5757877130025495,95.08722724991199,162.8488598849096,245.40110285155544,False,2,5.083420624991701,11.9,36.9,typical_january,Innotec Power 145-DZS48-010,G-HFCS 600W 24V
5093.464601542068,-2.9685432936113254,95.81049119803339,286.18761282446945,757.8944548284547,False,2,5.093464601542068,11.6,37.800000000000004,typical_january,Innotec Power 145-DZS48-010,G-HFCS 600W 24V
5103.781054642794,-1.8755961308438625,95.76171636409975,427.0055273320757,1687.22910658488,False,2,5.103781054642794,11.2,38.7,typical_january,Innotec Power 145-DZS48-010,G-HFCS 600W 24V
5114.184197481075,-0.749177338714224,94.18339162662602,171.05074342762637,270.7428507949484,False,2,5.114184197481075,11.0,39.6,typical_january,Innotec Power 145-DZS48-010,G-HFCS 600W 24V
5123.825693891142,-0.2504020330205006,92.9656313778257,248.94686519803875,573.4827896697609,False,2,5.123825693891142,11.0,39.6,typical_january,Innotec Power 145-DZS48-010,G-HFCS 600W 24V
5133.726284931682,0.0,92.21919876106739,282.0253371216372,736.009329572823,False,2,5.133726284931682,11.0,39.6,typical_january,Innotec Power 145-DZS48-010,G-HFCS 600W 24V
5143.758719004338,0.0,91.67839385045295,318.9284724098868,941.2254264735856,False,2,5.143758719004338,11.0,39.6,typical_january,Innotec Power 145-DZS48-010,G-HFCS 600W 24V
5153.926904290249,0.5158365331165614,91.2454452318322,384.74988169003126,1369.8217425612145,False,2,5.153926904290249,11.0,39.6,typical_january,Innotec Power 145-DZS48-010,G-HFCS 600W 24V
5163.923344337245,1.1302701696446484,91.00695123088633,519.8414330054006,2500.626606588253,False,2,5.163923344337245,11.0,39.6,typical_january,Innotec Power 145-DZS48-010,G-HFCS 600W 24V
5173.929156473239,1.424362677520824,90.80532200859065,554.1392591866054,2841.48197165794,False,2,5.173929156473239,11.1,39.6,typical_january,Innotec Power 145-DZS48-010,G-HFCS 600W 24V
5183.865717467654,1.2259790006654456,90.57735204490447,487.9333321508842,2203.0686957777384,False,2,5.183865717467653,11.3,38.7,typical_january,Innotec Power 145-DZS48-010,G-HFCS 600W 24V
5193.695030798154,0.8744524957709473,90.2858725822891,449.7641317788296,1871.874384499799,False,2,5.193695030798154,11.5,38.7,typical_january,Innotec Power 145-DZS48-010,G-HFCS 600W 24V
5203.692701868544,0.8733805600257882,89.89551320017145,335.0681788335823,1038.8992571536526,False,2,5.203692701868544,11.6,38.7,typical_january,Innotec Power 145-DZS48-010,G-HFCS 600W 24V
5213.892562067661,1.4980744027866981,89.40476877169996,360.6206684794732,1203.395251745604,False,2,5.213892562067661,11.5,38.7,typical_january,Innotec Power 145-DZS48-010,G-HFCS 600W 24V
5223.957161388203,2.24848984709109,88.84772721284983,309.8663826248774,888.4970492463832,False,2,5.223957161388203,11.6,37.800000000000004,typical_january,Innotec Power 145-DZS48-010,G-HFCS 600W 24V
5233.833482301927,2.37983090005251,88.33208822743674,351.65528653140694,1144.3038699847384,False,2,5.233833482301927,11.9,36.9,typical_january,Innotec Power 145-DZS48-010,G-HFCS 600W 24V
5243.6972671774765,1.7547233013114623,87.64262293121533,267.8279787215142,663.7720371337537,False,2,5.243697267177477,12.3,36.0,typical_january,Innotec Power 145-DZS48-010,G-HFCS 600W 24V
5253.881370839257,0.49865469467562484,87.22177747211998,371.5777075542259,1277.6337258978492,False,2,5.253881370839257,12.5,35.1,typical_january,Innotec Power 145-DZS48-010,G-HFCS 600W 24V
5263.802221279705,0.0,86.71461629060639,329.2853032890392,1003.3483958663638,False,2,5.263802221279705,12.4,35.1,typical_january,Innotec Power 145-DZS48-010,G-HFCS 600W 24V
5273.7536163877585,0.2487749311269002,86.07584196177817,277.415138311783,712.1432763959094,False,2,5.273753616387759,12.4,35.1,typical_january,Innotec Power 145-DZS48-010,G-HFCS 600W 24V
5283.941229825986,0.9940635139132157,85.65213143679716,361.3782396867185,1208.4566098562536,False,2,5.283941229825986,12.4,35.1,typical_january,Innotec Power 145-DZS48-010,G-HFCS 600W 24V
5294.00142651774,0.9990256257049069,85.19526987471886,372.6045155546266,1284.7046406385264,False,2,5.29400142651774,12.5,35.1,typical_january,Innotec Power 145-DZS48-010,G-HFCS 600W 24V
5304.005151604122,0.7503705223473178,84.79237521201694,387.234976398923,1387.5742127535966,False,2,5.304005151604122,12.7,35.1,typical_january,Innotec Power 145-DZS48-010,G-HFCS 600W 24V
5313.957425279889,0.11121251941671974,84.55597773010632,549.7552946181845,2796.700156650348,False,2,5.313957425279889,12.8,35.1,typical_january,Innotec Power 145-DZS48-010,G-HFCS 600W 24V
5323.934555840672,-1.7248949473461237,84.41938493683179,647.5897817730497,3880.672922203661,False,2,5.3239345558406725,12.8,35.1,typical_january,Innotec Power 145-DZS48-010,G-HFCS 600W 24V
5333.956196257702,-3.9272854410108087,84.3918433646505,1436.3505884820186,19090.969275277486,False,2,5.333956196257701,12.8,36.0,typical_january,Innotec Power 145-DZS48-010,G-HFCS 600W 24V
5343.945637545971,-4.968406643552489,84.44181320863282,903.2308141757176,7549.263009494572,False,2,5.343945637545971,12.3,36.9,typical_january,Innotec Power 145-DZS48-010,G-HFCS 600W 24V
5353.889232660796,-5.3638698478765985,84.55919228076465,590.7270875094704,3229.095108416313,False,2,5.353889232660796,11.7,38.7,typical_january,Innotec Power 145-DZS48-010,G-HFCS 600W 24V
5363.802488811274,-5.033082542323046,84.74975594948131,561.7467288241704,2920.035756947878,False,2,5.363802488811274,11.0,40.5,typical_january,Innotec Power 145-DZS48-010,G-HFCS 600W 24V
5373.7466910187595,-4.251381485070273,84.90307485884111,662.1520173088417,4057.163207201984,False,2,5.373746691018759,10.6,42.300000000000004,typical_january,Innotec Power 145-DZS48-010,G-HFCS 600W 24V
5383.686632360657,-3.4643225891176463,85.0567930723947,604.6142380393148,3382.7025099980724,False,2,5.383686632360657,10.2,43.2,typical_january,Innotec Power 145-DZS48-010,G-HFCS 600W 24V
5393.619537288913,-2.784664338107886,85.26123228585803,499.27505219493423,2306.677061557522,False,2,5.393619537288913,9.8,44.1,typical_january,Innotec Power 145-DZS48-010,G-HFCS 600W 24V
5403.556287167193,-1.9977599167463496,85.5805829134693,396.369273139773,1453.8079047412082,False,2,5.403556287167193,9.5,45.0,typical_january,Innotec Power 145-DZS48-010,G-HFCS 600W 24V
5413.518166056236,-0.8712307958310624,86.10670064880273,293.3448931277086,796.2769224201993,False,2,5.413518166056236,9.3,45.9,typical_january,Innotec Power 145-DZS48-010,G-HFCS 600W 24V
5423.682606018569,0.7669911370547509,87.15819240515674,215.22143243633204,428.6255945382995,False,2,5.423682606018569,9.3,45.9,typical_january,Innotec Power 145-DZS48-010,G-HFCS 600W 24V
5433.815586570078,1.5702683465421772,89.37321696983696,135.75190114924504,170.52925950387052,False,2,5.433815586570078,9.4,45.9,typical_january,Innotec Power 145-DZS48-010,G-HFCS 600W 24V
5443.398140571005,1.767787186192256,93.2966025379074,108.37535176885412,108.6846235983956,False,2,5.443398140571005,9.5,45.0,typical_january,Innotec Power 145-DZS48-010,G-HFCS 600W 24V
5452.472473510006,1.5537662553685425,98.92466359260237,97.45017235286174,87.87640636511344,False,2,5.4524724735100065,9.7,44.1,typical_january,Innotec Power 145-DZS48-010,G-HFCS 600W 24V
5461.637671797991,1.1024947713212034,104.57527088859575,100.250074632062,92.99861367187532,False,2,5.461637671797991,9.9,43.2,typical_january,Innotec Power 145-DZS48-010,G-HFCS 600W 24V
5471.070819078062,0.6264707113028148,109.45213637569071,108.47677929695686,108.88815274012232,False,2,5.471070819078062,10.1,42.300000000000004,typical_january,Innotec Power 145-DZS48-010,G-HFCS 600W 24V
5480.329909370916,0.2519505922909055,117.14525127968477,83.32201293320179,64.24311222635157,False,2,5.480329909370916,10.0,42.300000000000004,typical_january,Innotec Power 145-DZS48-010,G-HFCS 600W 24V
5492.52147398089,0.8835661321943262,125.10858815198077,89.60238920818455,74.29271769849905,False,2,5.49252147398089,10.0,41.4,typical_january,Innotec Power 145-DZS48-010,G-HFCS 600W 24V
5501.277659581314,1.7359501458524629,129.54259809476798,116.50921412450158,125.61098207915686,False,2,5.501277659581314,10.0,40.5,typical_january,Innotec Power 145-DZS48-010,G-HFCS 600W 24V
5510.766099162719,2.373731899015925,135.21238631906223,110.9961041500269,114.00464245948638,False,2,5.510766099162719,10.2,39.6,typical_january,Innotec Power 145-DZS48-010,G-HFCS 600W 24V
5524.458542070097,2.3344443648262208,140.30524917664872,119.32058125209268,131.7461054732848,False,2,5.5244585420700965,10.6,38.7,typical_january,Innotec Power 145-DZS48-010,G-HFCS 600W 24V
5533.803601481727,2.1830886006966637,143.80966299714356,122.0122825425844,137.7571562228774,False,2,5.533803601481727,10.9,37.800000000000004,typical_january,Innotec Power 145-DZS48-010,G-HFCS 600W 24V
5544.060566996144,1.5216563368484426,145.64627339392234,186.3659188697247,321.3956950038829,False,2,5.544060566996144,11.1,36.9,typical_january,Innotec Power 145-DZS48-010,G-HFCS 600W 24V
5554.123862616425,0.6244325424793088,147.4656735623759,177.75786903703775,292.3914950933076,False,2,5.554123862616425,11.2,36.0,typical_january,Innotec Power 145-DZS48-010,G-HFCS 600W 24V
5564.004127150265,0.25021594947613485,149.3275039624351,178.10681339899298,293.54056946863045,False,2,5.564004127150265,11.5,36.0,typical_january,Innotec Power 145-DZS48-010,G-HFCS 600W 24V
5573.982708520848,-0.5639440193434702,150.41403719843743,254.8371922925612,600.942180436609,False,2,5.573982708520848,11.4,36.0,typical_january,Innotec Power 145-DZS48-010,G-HFCS 600W 24V
5584.026044900078,-1.7936582336222073,150.85806897713525,405.1346205023577,1518.8181543145972,False,2,5.584026044900078,11.3,36.0,typical_january,Innotec Power 145-DZS48-010,G-HFCS 600W 24V
5593.739822744469,-2.0497552324777337,151.32651553973983,322.92843502639835,964.98295268599,False,2,5.593739822744469,11.1,36.9,typical_january,Innotec Power 145-DZS48-010,G-HFCS 600W 24V
5603.452466720599,-2.261937988635834,152.08176766894766,249.1138074393974,574.2521956475241,False,2,5.603452466720599,10.9,37.800000000000004,typical_january,Innotec Power 145-DZS48-010,G-HFCS 600W 24V
5613.148928315848,-2.388733244258666,153.42007852747207,189.30818123275367,331.62390689673424,False,2,5.613148928315848,10.6,38.7,typical_january,Innotec Power 145-DZS48-010,G-HFCS 600W 24V
5622.907123345571,-2.6017506398251635,156.17814186857407,122.75126817371472,139.43090319423467,False,2,5.622907123345571,10.4,39.6,typical_january,Innotec Power 145-DZS48-010,G-HFCS 600W 24V
5633.293451067546,-3.3034012313071486,162.51562389827427,84.79187033882039,66.52968932923928,False,2,5.633293451067546,10.2,40.5,typical_january,Innotec Power 145-DZS48-010,G-HFCS 600W 24V
5643.462624760131,-3.7621750199049706,170.88597592196538,78.71405913736977,57.33392616838066,False,2,5.643462624760131,9.9,41.4,typical_january,Innotec Power 145-DZS48-010,G-HFCS 600W 24V
5652.674550284313,-4.078604895677664,176.9378171397592,97.98791882631294,88.84891585654019,False,2,5.652674550284313,9.5,42.300000000000004,typical_january,Innotec Power 145-DZS48-010,G-HFCS 600W 24V
5662.13434639242,-4.195252700796942,183.15838629699934,95.90928416940078,85.11936293837516,False,2,5.6621343463924205,9.0,43.2,typical_january,Innotec Power 145-DZS48-010,G-HFCS 600W 24V
5671.744890455894,-3.7998042310460556,188.48202708233802,105.6548314703921,103.29654330090304,False,2,5.671744890455894,8.7,44.1,typical_january,Innotec Power 145-DZS48-010,G-HFCS 600W 24V
5681.245110261035,-2.7348901944431203,192.7386937275146,119.3071856158686,131.71652593521014,False,2,5.681245110261035,8.3,45.0,typical_january,Innotec Power 145-DZS48-010,G-HFCS 600W 24V
5691.031426752719,-1.9039963425959805,197.26936408440054,108.74482968382604,109.42695142867284,False,2,5.691031426752719,7.9,45.9,typical_january,Innotec Power 145-DZS48-010,G-HFCS 600W 24V
5700.98883357803,-0.8767867266110568,202.62086081964657,103.0563698360139,98.27809872487644,False,2,5.700988833578029,7.7,45.9,typical_january,Innotec Power 145-DZS48-010,G-HFCS 600W 24V
5710.887335561078,1.098383032468766,206.3766261875104,127.2241368522579,149.77733247795666,False,2,5.710887335561078,7.7,45.9,typical_january,Innotec Power 145-DZS48-010,G-HFCS 600W 24V
5721.107926994913,3.8152153782933107,208.47492314180545,177.70838841418356,292.2287377452491,False,2,5.721107926994913,7.8,45.9,typical_january,Innotec Power 145-DZS48-010,G-HFCS 600W 24V
5731.2525576884655,6.588557583073289,209.77341539969302,220.857595280039,451.36901595900815,False,2,5.731252557688466,8.1,45.0,typical_january,Innotec Power 145-DZS48-010,G-HFCS 600W 24V
5741.332014005586,8.254544875204498,210.75825463330318,249.50374900452655,576.0513737715376,False,2,5.741332014005586,8.8,43.2,typical_january,Innotec Power 145-DZS48-010,G-HFCS 600W 24V
5751.195485487618,8.451744644088986,211.5649997221495,272.25314673316217,685.8874896278079,False,2,5.751195485487617,9.7,40.5,typical_january,Innotec Power 145-DZS48-010,G-HFCS 600W 24V
5761.27392077596,7.918725641728745,212.1790487024265,319.2795422393261,943.2987297186264,False,2,5.76127392077596,10.7,37.800000000000004,typical_january,Innotec Power 145-DZS48-010,G-HFCS 600W 24V
5771.192822192978,7.006916472500404,212.76745822259372,320.8712227275575,952.727286625605,False,2,5.771192822192979,11.5,35.1,typical_january,Innotec Power 145-DZS48-010,G-HFCS 600W 24V
5781.2450110990685,5.878770121645077,213.4614502056628,286.194269417467,757.9297117953323,False,2,5.7812450110990685,12.2,33.300000000000004,typical_january,Innotec Power 145-DZS48-010,G-HFCS 600W 24V
5791.121796406157,5.09547862369843,214.19223845432174,291.7900313898671,787.8580318952215,False,2,5.791121796406157,12.7,31.5,typical_january,Innotec Power 145-DZS48-010,G-HFCS 600W 24V
5801.182600052679,4.334836977621771,215.0666919206581,244.9958473947212,555.4238338957396,False,2,5.8011826000526785,13.2,29.7,typical_january,Innotec Power 145-DZS48-010,G-HFCS 600W 24V
5811.368417159512,4.348365076335012,216.36340799963244,198.0153211558789,362.8312243859351,False,2,5.811368417159512,13.6,27.900000000000002,typical_january,Innotec Power 145-DZS48-010,G-HFCS 600W 24V
5821.614847985902,4.362947061204412,218.42355997429706,151.9543181418317,213.66488704733624,False,2,5.821614847985902,14.0,26.1,typical_january,Innotec Power 145-DZS48-010,G-HFCS 600W 24V
5831.822415296613,3.2295805831805744,222.21854427549437,112.02119047348104,116.12010845031558,False,2,5.831822415296613,14.5,24.3,typical_january,Innotec Power 145-DZS48-010,G-HFCS 600W 24V
5841.816941615511,2.4192765070908897,228.28729063760605,96.7665850477173,86.64787074418587,False,2,5.841816941615511,15.0,23.400000000000002,typical_january,Innotec Power 145-DZS48-010,G-HFCS 600W 24V
5851.781379942523,0.9928984439160089,234.244605913042,102.24615054881824,96.73886729164586,False,2,5.851781379942523,15.2,22.5,typical_january,Innotec Power 145-DZS48-010,G-HFCS 600W 24V
5861.8675151759235,-1.1247534357292805,240.9682733141238,90.96825214175269,76.57495776438508,False,2,5.861867515175923,15.2,22.5,typical_january,Innotec Power 145-DZS48-010,G-HFCS 600W 24V
5872.079878278525,-2.231059740563418,249.13418894280204,86.95114166511709,69.96126324703927,False,2,5.872079878278525,15.1,24.3,typical_january,Innotec Power 145-DZS48-010,G-HFCS 600W 24V
5882.297529038704,-3.069088272767289,256.1162061604562,96.14491818082682,85.53812647267846,False,2,5.882297529038704,14.8,26.1,typical_january,Innotec Power 145-DZS48-010,G-HFCS 600W 24V
5892.608086401317,-3.356847990736614,261.48407315191133,108.1718939086059,108.27692970890163,False,2,5.892608086401317,14.5,27.900000000000002,typical_january,Innotec Power 145-DZS48-010,G-HFCS 600W 24V
5902.8030465250995,-3.3621950647012797,267.6561372301935,95.01754923514024,83.54389410650862,False,2,5.9028030465251,14.1,29.7,typical_january,Innotec Power 145-DZS48-010,G-HFCS 600W 24V
5912.992259949532,-2.808290680713271,273.1951363196008,107.47912701350326,106.89449155953648,False,2,5.912992259949532,13.8,31.5,typical_january,Innotec Power 145-DZS48-010,G-HFCS 600W 24V
5923.134857603581,-1.5416923991125435,276.2737108234073,148.0151084988495,202.7305324765884,False,2,5.92313485760358,13.5,33.300000000000004,typical_january,Innotec Power 145-DZS48-010,G-HFCS 600W 24V
5933.312150437764,5.258634420216013e-05,278.1225488440977,181.08989597478063,303.4558427863325,False,2,5.933312150437764,13.2,34.2,typical_january,Innotec Power 145-DZS48-010,G-HFCS 600W 24V
5943.586976846438,1.536703516692664,279.17136396671896,250.43439364121775,580.3567114171104,False,2,5.943586976846438,13.3,34.2,typical_january,Innotec Power 145-DZS48-010,G-HFCS 600W 24V
5953.828419267378,2.3654507945367937,279.8985042455271,300.26801809754835,834.3057183456407,False,2,5.953828419267378,13.5,33.300000000000004,typical_january,Innotec Power 145-DZS48-010,G-HFCS 600W 24V
5964.052683626189,2.7431682070357453,280.54162565836407,306.604520988534,869.8896710947395,False,2,5.964052683626189,13.7,32.4,typical_january,Innotec Power 145-DZS48-010,G-HFCS 600W 24V
5974.086565015844,2.2541772166711787,281.3729091749169,245.79935424875512,559.0730279551217,False,2,5.974086565015844,14.0,31.5,typical_january,Innotec Power 145-DZS48-010,G-HFCS 600W 24V
5983.81627744269,1.5665042069071324,282.1517691901016,259.6969425057847,624.0806805970376,False,2,5.98381627744269,14.3,30.6,typical_january,Innotec Power 145-DZS48-010,G-HFCS 600W 24V
5993.879575378049,0.3372199441186259,282.19823825363517,444.0734115215203,1824.80560959947,False,2,5.993879575378049,14.6,30.6,typical_january,Innotec Power 145-DZS48-010,G-HFCS 600W 24V
6003.849251630782,-0.7154061995351586,281.86268815821273,389.4166004846279,1403.2530269474062,False,2,6.003849251630783,14.5,30.6,typical_january,Innotec Power 145-DZS48-010,G-HFCS 600W 24V
6013.6327175093775,-1.124306170420173,281.6714403932855,561.6400667773426,2918.926974624416,False,2,6.013632717509378,14.4,30.6,typical_january,Innotec Power 145-DZS48-010,G-HFCS 600W 24V
6023.507243907542,-1.1217920373929922,281.5472633972327,710.3254854398612,4668.978337739623,False,2,6.023507243907542,14.2,31.5,typical_january,Innotec Power 145-DZS48-010,G-HFCS 600W 24V
6033.4078908225865,-1.6768387580912707,281.4578495584533,839.5676391792903,6522.56546086877,False,2,6.033407890822587,14.2,31.5,typical_january,Innotec Power 145-DZS48-010,G-HFCS 600W 24V
6043.351781997985,-2.117594755727102,281.373571615942,829.3320598355675,6364.495359831583,False,2,6.043351781997985,14.1,32.4,typical_january,Innotec Power 145-DZS48-010,G-HFCS 600W 24V
6053.328749412676,-2.6270841222489745,281.26514174464324,690.5687031383093,4412.867112706107,False,2,6.053328749412676,13.9,33.300000000000004,typical_january,Innotec Power 145-DZS48-010,G-HFCS 600W 24V
6063.324944913333,-3.2281417203863256,281.0980089680593,543.1670842846866,2730.0710730673627,False,2,6.063324944913333,13.5,34.2,typical_january,Innotec Power 145-DZS48-010,G-HFCS 600W 24V
6073.347518159533,-2.872698621377581,280.79863132776495,378.7982210704525,1327.770229551562,False,2,6.073347518159533,13.2,35.1,typical_january,Innotec Power 145-DZS48-010,G-HFCS 600W 24V
6083.289938937736,-2.493110490792385,280.3174859570333,342.0469362891114,1082.626055408308,False,2,6.083289938937736,12.9,36.0,typical_january,Innotec Power 145-DZS48-010,G-HFCS 600W 24V
6093.28616375776,-1.366048831826112,279.9034209754833,405.1435889065374,1518.8853987571165,False,2,6.09328616375776,12.6,36.9,typical_january,Innotec Power 145-DZS48-010,G-HFCS 600W 24V
6103.383121313273,0.28329145339869566,279.44510234097913,360.2138389712157,1200.681593952314,False,2,6.103383121313272,12.4,36.9,typical_january,Innotec Power 145-DZS48-010,G-HFCS 600W 24V
6113.605089468933,1.3830437777959557,278.9318039865449,336.5321726181039,1047.9974934712818,False,2,6.113605089468933,12.5,36.9,typical_january,Innotec Power 145-DZS48-010,G-HFCS 600W 24V
6123.629092878515,1.025488983272701,278.27834385377423,278.0395557345394,715.352727170821,False,2,6.123629092878515,12.7,36.0,typical_january,Innotec Power 145-DZS48-010,G-HFCS 600W 24V
6133.488527525707,0.4652519733755985,277.2165679867218,216.14687483873007,432.3196609079189,False,2,6.1334885275257065,13.0,35.1,typical_january,Innotec Power 145-DZS48-010,G-HFCS 600W 24V
6143.005893454339,-0.8517149900042169,275.6360908680104,170.3327368361419,268.4746682805768,False,2,6.143005893454339,13.0,35.1,typical_january,Innotec Power 145-DZS48-010,G-HFCS 600W 24V
6152.300881318245,-2.5195926612409485,272.98441218479,127.98495075050964,151.57405758994588,False,2,6.152300881318245,12.8,35.1,typical_january,Innotec Power 145-DZS48-010,G-HFCS 600W 24V
6161.116724633026,-3.509401707328634,267.10759337329563,92.7877266367793,79.66877401216506,False,2,6.161116724633026,12.7,36.0,typical_january,Innotec Power 145-DZS48-010,G-HFCS 600W 24V
6173.507608567279,-3.8311324155293303,259.3449661695761,88.71955865355915,72.83595363173276,False,2,6.173507608567279,12.1,36.9,typical_january,Innotec Power 145-DZS48-010,G-HFCS 600W 24V
6182.121510105855,-3.3735954469015965,251.3270719415109,74.9259088523034,51.948271861664985,False,2,6.182121510105855,11.7,37.800000000000004,typical_january,Innotec Power 145-DZS48-010,G-HFCS 600W 24V
6191.110677659595,-2.423732203712265,238.46256630085048,59.93647851466358,33.242181113808776,False,2,6.191110677659595,11.4,38.7,typical_january,Innotec Power 145-DZS48-010,G-HFCS 600W 24V
6200.435018212605,-0.5558660810403241,223.74955469512113,67.64539707278709,42.34318930721316,False,2,6.200435018212605,11.2,38.7,typical_january,Innotec Power 145-DZS48-010,G-HFCS 600W 24V
6214.546678569512,0.9320427913197163,215.8530444111863,101.2076957383812,94.78380512112804,False,2,6.214546678569512,11.0,38.7,typical_january,Innotec Power 145-DZS48-010,G-HFCS 600W 24V
6224.005738200647,2.189974885294145,212.57562588200688,136.4707619625,172.34008313572753,False,2,6.224005738200647,11.2,38.7,typical_january,Innotec Power 145-DZS48-010,G-HFCS 600W 24V
6233.645921846749,3.3167017108909667,210.71028146759463,179.69362070274948,298.79435232807134,False,2,6.233645921846749,11.4,37.800000000000004,typical_january,Innotec Power 145-DZS48-010,G-HFCS 600W 24V
6243.43760877305,3.970144728570046,209.67975410934224,246.0270557996937,560.1093265274195,False,2,6.24343760877305,11.7,36.9,typical_january,Innotec Power 145-DZS48-010,G-HFCS 600W 24V
6253.2328731244725,4.402151717981907,209.0630840949599,315.58807655414694,921.6122491383684,False,2,6.253232873124473,12.1,36.0,typical_january,Innotec Power 145-DZS48-010,G-HFCS 600W 24V
6263.054130980304,4.168824366475753,208.6510117944522,382.93046173339536,1356.8970434936948,False,2,6.263054130980304,12.6,34.2,typical_january,Innotec Power 145-DZS48-010,G-HFCS 600W 24V
6272.970947314542,2.9248269135394054,208.38134605749298,475.0636953676581,2088.385892009686,False,2,6.272970947314542,13.1,32.4,typical_january,Innotec Power 145-DZS48-010,G-HFCS 600W 24V
6282.861449525561,1.3457942871818462,208.18201291789848,558.6564374064624,2887.996618537993,False,2,6.28286144952556,13.6,31.5,typical_january,Innotec Power 145-DZS48-010,G-HFCS 600W 24V
6292.723840287919,0.00020735341979699617,207.99893953989942,579.3136050315285,3105.5213635566847,False,2,6.292723840287919,13.6,31.5,typical_january,Innotec Power 145-DZS48-010,G-HFCS 600W 24V
6302.622091037564,-1.1306398826472936,207.86913644577757,694.3380845249917,4461.172736068772,False,2,6.3026220910375645,13.5,32.4,typical_january,Innotec Power 145-DZS48-010,G-HFCS 600W 24V
6312.622653558167,-0.625745486465777,207.78838428473335,851.6244505278167,6711.248329154497,False,2,6.312622653558167,13.3,33.300000000000004,typical_january,Innotec Power 145-DZS48-010,G-HFCS 600W 24V
6322.624911959464,-0.28528291349674006,207.7285878330326,1057.2513016726823,10343.40481946176,False,2,6.322624911959464,13.2,33.300000000000004,typical_january,Innotec Power 145-DZS48-010,G-HFCS 600W 24V
6332.640042433226,0.0,207.68556146412945,1148.1486561700056,12198.412323849858,False,2,6.332640042433226,13.3,34.2,typical_january,Innotec Power 145-DZS48-010,G-HFCS 600W 24V
6342.668477845842,-0.14248942404166326,207.65889088347004,1541.4296131804974,21986.417054664795,False,2,6.342668477845842,13.3,34.2,typical_january,Innotec Power 145-DZS48-010,G-HFCS 600W 24V
6352.699745722175,-0.5699862265035975,207.64170973141705,1925.5724531576,34310.48002423106,False,2,6.352699745722175,13.2,34.2,typical_january,Innotec Power 145-DZS48-010,G-HFCS 600W 24V
6362.716577558635,-0.2852535448437705,207.62554998234754,1939.9781935723424,34825.772757336825,False,2,6.362716577558635,13.2,34.2,typical_january,Innotec Power 145-DZS48-010,G-HFCS 600W 24V
6372.745377317939,-0.5706134461108168,207.61120380732405,2080.838496791801,40066.7220557584,False,2,6.372745377317939,13.1,35.1,typical_january,Innotec Power 145-DZS48-010,G-HFCS 600W 24V
6382.747644097348,-0.4280096919368016,207.59880142208547,2025.192262558688,37952.42968181557,False,2,6.382747644097348,13.1,35.1,typical_january,Innotec Power 145-DZS48-010,G-HFCS 600W 24V
6392.755419428357,-0.2854231558151834,207.59591961215705,3177.284256446289,93415.55685716936,False,2,6.392755419428356,13.0,36.0,typical_january,Innotec Power 145-DZS48-010,G-HFCS 600W 24V
6402.780875447701,-0.14270203916034405,207.61029687224533,1843.576566926516,31450.63540346243,False,2,6.402780875447701,13.0,36.0,typical_january,Innotec Power 145-DZS48-010,G-HFCS 600W 24V
6412.785333696251,0.42824688673110467,207.6307052944237,1587.1732009532282,23310.721147556254,False,2,6.412785333696251,13.0,36.0,typical_january,Innotec Power 145-DZS48-010,G-HFCS 600W 24V
6422.789382783128,1.141919795902997,207.66184874612884,1234.4013494885332,14100.02364847787,False,2,6.422789382783128,13.0,36.0,typical_january,Innotec Power 145-DZS48-010,G-HFCS 600W 24V
6432.807960108566,2.7117531832280526,207.70320701113545,1201.9516888095063,13368.45102547554,False,2,6.4328079601085655,13.1,36.0,typical_january,Innotec Power 145-DZS48-010,G-HFCS 600W 24V
6442.809267575384,3.7101119724508576,207.74520143663915,1165.2542860523129,12564.594684289126,False,2,6.4428092675753845,13.3,35.1,typical_january,Innotec Power 145-DZS48-010,G-HFCS 600W 24V
6452.812492677054,3.708217089464266,207.7931239525941,1079.4808029577048,10782.933136586902,False,2,6.4528124926770545,13.8,34.2,typical_january,Innotec Power 145-DZS48-010,G-HFCS 600W 24V
6462.8456959790465,2.5156752415873633,207.85328221935464,947.5717685853516,8308.665818118427,False,2,6.462845695979047,14.3,32.4,typical_january,Innotec Power 145-DZS48-010,G-HFCS 600W 24V
6472.861832204297,0.9996351376148682,207.9211629661159,906.714007273132,7607.600796629246,False,2,6.472861832204297,14.5,31.5,typical_january,Innotec Power 145-DZS48-010,G-HFCS 600W 24V
6482.840952475433,0.24996634252903815,207.98005996641157,1068.857934476218,10571.753698750914,False,2,6.482840952475433,14.6,31.5,typical_january,Innotec Power 145-DZS48-010,G-HFCS 600W 24V
6492.8582936234225,-0.6669726881998926,208.0349798450129,1026.0764645860606,9742.4125854695,False,2,6.4928582936234225,14.6,31.5,typical_january,Innotec Power 145-DZS48-010,G-HFCS 600W 24V
6502.843232002461,-1.3210099769446453,208.08456734004614,1085.524717351212,10904.016472568754,False,2,6.502843232002461,14.6,31.5,typical_january,Innotec Power 145-DZS48-010,G-HFCS 600W 24V
6512.843677671885,-2.2478996242600395,208.14662002699507,920.088276441762,7833.684193999464,False,2,6.512843677671885,14.4,32.4,typical_january,Innotec Power 145-DZS48-010,G-HFCS 600W 24V
6522.843396508434,-3.4239277772292516,208.23986292679245,717.5009987935777,4763.78426181121,False,2,6.522843396508434,14.2,33.300000000000004,typical_january,Innotec Power 145-DZS48-010,G-HFCS 600W 24V
6532.883448080184,-4.496447374826377,208.3847877874154,577.4430551592224,3085.498860628786,False,2,6.5328834480801845,13.8,34.2,typical_january,Innotec Power 145-DZS48-010,G-HFCS 600W 24V
6542.895529891638,-5.33601112641141,208.6154677492312,467.56397065256914,2022.9685988427595,False,2,6.542895529891638,13.4,36.0,typical_january,Innotec Power 145-DZS48-010,G-HFCS 600W 24V
6552.8892891172945,-6.103331880585762,209.0099498973131,343.20116579167126,1089.9449767140873,False,2,6.552889289117295,12.9,37.800000000000004,typical_january,Innotec Power 145-DZS48-010,G-HFCS 600W 24V
6562.854428045151,-6.7652812383458985,209.66410533551885,273.1748326227434,690.5393579912294,False,2,6.56285442804515,12.2,39.6,typical_january,Innotec Power 145-DZS48-010,G-HFCS 600W 24V
6573.000892972635,-7.184083499947278,210.86388073016718,202.3353830328319,378.8355592407042,False,2,6.573000892972635,11.5,41.4,typical_january,Innotec Power 145-DZS48-010,G-HFCS 600W 24V
6583.143153260893,-6.742428281594462,212.99125813987348,147.9411536991849,202.52799706631745,False,2,6.5831431532608935,10.8,43.2,typical_january,Innotec Power 145-DZS48-010,G-HFCS 600W 24V
6593.334730633786,-5.306796048147094,216.92120565194534,110.12851465380876,112.22939684667884,False,2,6.593334730633787,10.0,45.0,typical_january,Innotec Power 145-DZS48-010,G-HFCS 600W 24V
6603.4727405853,-3.0476583534959802,224.1439908897375,81.1591219963819,60.95112773805796,False,2,6.6034727405853,9.4,45.9,typical_january,Innotec Power 145-DZS48-010,G-HFCS 600W 24V
6613.806058454255,-0.13886583934408508,236.3731757813013,69.4940570336545,44.68918125388948,False,2,6.613806058454255,9.1,45.9,typical_january,Innotec Power 145-DZS48-010,G-HFCS 600W 24V
6624.272053196167,1.7690536335899598,248.42381888158872,71.70861521424709,47.58277179209029,False,2,6.624272053196167,9.0,45.0,typical_january,Innotec Power 145-DZS48-010,G-HFCS 600W 24V
6634.809286752898,2.9901740985016962,255.44151811896984,85.76698674589854,68.06868644654327,False,2,6.634809286752898,9.4,44.1,typical_january,Innotec Power 145-DZS48-010,G-HFCS 600W 24V
6640.096996971378,4.083577664474898,262.2759017498191,81.39692640563652,61.30883693114535,False,2,6.640096996971378,9.6,43.2,typical_january,Innotec Power 145-DZS48-010,G-HFCS 600W 24V
6650.556314644077,4.916151054310612,273.3242767985091,74.07830556185749,50.77958475852312,False,2,6.650556314644077,9.9,41.4,typical_january,Innotec Power 145-DZS48-010,G-HFCS 600W 24V
6661.054651466179,5.7528758294520035,284.5124552310505,72.43092702654937,48.54619015770703,False,2,6.661054651466179,10.4,39.6,typical_january,Innotec Power 145-DZS48-010,G-HFCS 600W 24V
6671.447547699737,5.092937452421757,295.3908350842365,78.520650045852,57.05252080398261,False,2,6.671447547699737,11.1,36.9,typical_january,Innotec Power 145-DZS48-010,G-HFCS 600W 24V
6681.88733863083,3.754486388425396,305.81165964310514,77.15035990550217,55.078610831178345,False,2,6.68188733863083,11.8,34.2,typical_january,Innotec Power 145-DZS48-010,G-HFCS 600W 24V
6692.204709326156,2.7660450477698326,315.6215288057841,78.50903339486581,57.03564090815688,False,2,6.692204709326156,12.1,32.4,typical_january,Innotec Power 145-DZS48-010,G-HFCS 600W 24V
6702.29259674779,2.4118263314840966,322.0311483120898,99.58525158631237,91.7692357914864,False,2,6.702292596747791,12.2,30.6,typical_january,Innotec Power 145-DZS48-010,G-HFCS 600W 24V
6712.264909011013,1.8633389562374099,325.56106478383845,133.34275228629633,164.53030220600803,False,2,6.7122649090110125,12.5,29.7,typical_january,Innotec Power 145-DZS48-010,G-HFCS 600W 24V
6722.3110862552785,0.9902714374818194,327.4394024024311,186.69348551645604,322.52649222559035,False,2,6.722311086255279,12.9,28.8,typical_january,Innotec Power 145-DZS48-010,G-HFCS 600W 24V
6732.481837332202,0.14112054875139207,328.41597816078166,251.4477306866385,585.0628283377295,False,2,6.732481837332203,12.8,27.900000000000002,typical_january,Innotec Power 145-DZS48-010,G-HFCS 600W 24V
6742.6196755874125,0.4259205672855897,328.93940997024595,350.65019582034165,1137.7719871905708,False,2,6.742619675587412,12.8,27.900000000000002,typical_january,Innotec Power 145-DZS48-010,G-HFCS 600W 24V
6752.661018921583,0.42717572938600645,329.2601689710972,446.3555747885488,1843.6097318256736,False,2,6.752661018921582,12.8,27.900000000000002,typical_january,Innotec Power 145-DZS48-010,G-HFCS 600W 24V
6762.678950308073,-0.28522062134905407,329.47684733053086,537.3980805544185,2672.38661088989,False,2,6.762678950308072,13.0,27.900000000000002,typical_january,Innotec Power 145-DZS48-010,G-HFCS 600W 24V
6772.692173711856,-1.711810992862361,329.6417283603523,619.4934449944325,3551.243862056173,False,2,6.772692173711857,13.0,27.900000000000002,typical_january,Innotec Power 145-DZS48-010,G-HFCS 600W 24V
6782.71998086655,-2.853881258740694,329.7545585986483,738.8815004121418,5051.922175392904,False,2,6.78271998086655,12.8,28.8,typical_january,Innotec Power 145-DZS48-010,G-HFCS 600W 24V
6792.727049008501,-3.6062711367172886,329.848829256908,812.6929302574027,6111.671864280846,False,2,6.792727049008501,12.5,29.7,typical_january,Innotec Power 145-DZS48-010,G-HFCS 600W 24V
6802.721760266014,-3.568564910408763,329.9504734737832,765.0925234530218,5416.702472649483,False,2,6.802721760266014,12.1,31.5,typical_january,Innotec Power 145-DZS48-010,G-HFCS 600W 24V
6812.7164601388395,-3.2970676367571157,330.08552052437483,597.2918562157406,3301.263970982851,False,2,6.812716460138839,11.7,33.300000000000004,typical_january,Innotec Power 145-DZS48-010,G-HFCS 600W 24V
6822.737453896274,-1.7514481682530965,330.3202122074863,450.8201709671085,1880.6749681013785,False,2,6.822737453896274,11.4,34.2,typical_january,Innotec Power 145-DZS48-010,G-HFCS 600W 24V
6832.814443342392,-0.8758886132119759,330.82100193113814,325.44357439882623,980.0730965087232,False,2,6.832814443342392,11.0,35.1,typical_january,Innotec Power 145-DZS48-010,G-HFCS 600W 24V
6842.698109781887,-0.6256380538222807,331.27458592923944,357.1238726152997,1180.1707051974888,False,2,6.842698109781887,11.1,36.0,typical_january,Innotec Power 145-DZS48-010,G-HFCS 600W 24V
6852.680049665906,-0.25059669740895635,331.56762808433996,457.4865340973019,1936.7059911777087,False,2,6.852680049665906,11.1,36.9,typical_january,Innotec Power 145-DZS48-010,G-HFCS 600W 24V
6862.7044245766965,-0.12498273270456835,331.78947483343046,534.146911314433,2640.1494301935472,False,2,6.862704424576696,11.1,36.9,typical_january,Innotec Power 145-DZS48-010,G-HFCS 600W 24V
6872.699803986721,0.14282805560678818,331.9462476232238,632.1432587597086,3697.754610616823,False,2,6.8726998039867215,11.0,36.9,typical_january,Innotec Power 145-DZS48-010,G-HFCS 600W 24V
6882.690252289554,1.5979237249165992,332.02605511728876,910.8153308973788,7676.579104267405,False,2,6.882690252289555,10.9,36.9,typical_january,Innotec Power 145-DZS48-010,G-HFCS 600W 24V
6892.711701928966,3.999646300296108,332.03773954824067,2790.110744318009,72036.0595464034,False,2,6.892711701928966,11.1,36.0,typical_january,Innotec Power 145-DZS48-010,G-HFCS 600W 24V
6902.693467270332,4.361773705386525,332.0281259860539,2189.13865059711,44345.913233222585,False,2,6.902693467270332,11.4,34.2,typical_january,Innotec Power 145-DZS48-010,G-HFCS 600W 24V
6912.691963254545,4.502141598173145,332.02486730892747,4414.805887860517,180355.87405704652,False,2,6.912691963254545,12.1,32.4,typical_january,Innotec Power 145-DZS48-010,G-HFCS 600W 24V
6922.6916855661975,3.9996755867550933,332.0241455825004,9113.974838785232,768639.5301765712,False,2,6.922691685566198,12.6,30.6,typical_january,Innotec Power 145-DZS48-010,G-HFCS 600W 24V
6932.6920425912085,3.1422684160542715,332.02540484614053,5301.2401198265225,260053.08938141985,False,2,6.932692042591208,12.9,28.8,typical_january,Innotec Power 145-DZS48-010,G-HFCS 600W 24V
6942.69607591809,2.7502574170775067,332.03011675107695,3200.20079554602,94767.95804946656,False,2,6.94269607591809,13.1,27.0,typical_january,Innotec Power 145-DZS48-010,G-HFCS 600W 24V
6952.6976861985295,1.6251213435946563,332.03814560943283,2128.2376009275745,41912.85926801269,False,2,6.95269768619853,13.5,25.2,typical_january,Innotec Power 145-DZS48-010,G-HFCS 600W 24V
6962.690456766791,0.7500579224747732,332.0484001355738,2529.112199064242,59189.30740214738,False,2,6.962690456766791,13.8,24.3,typical_january,Innotec Power 145-DZS48-010,G-HFCS 600W 24V
6972.690572656862,-0.8749146430755692,332.05656049751315,2650.836033421887,65023.86738821821,False,2,6.972690572656862,14.0,23.400000000000002,typical_january,Innotec Power 145-DZS48-010,G-HFCS 600W 24V
6982.691872662144,-2.5701752540757568,332.0626338367445,2965.314401805035,81367.04781509863,False,2,6.982691872662144,13.6,23.400000000000002,typical_january,Innotec Power 145-DZS48-010,G-HFCS 600W 24V
6992.701719148649,-2.1418511231802615,332.0678579413551,3481.8356652892003,112182.11005546828,False,2,6.992701719148649,13.3,24.3,typical_january,Innotec Power 145-DZS48-010,G-HFCS 600W 24V
7002.703640864304,-1.5709487473160886,332.0708001010847,4102.863931404381,155769.0938989957,False,2,7.002703640864304,13.1,24.3,typical_january,Innotec Power 145-DZS48-010,G-HFCS 600W 24V
7012.708047675184,-1.2853481136942024,332.0736617579125,4457.33190725783,183847.1974362814,False,2,7.012708047675185,13.0,24.3,typical_january,Innotec Power 145-DZS48-010,G-HFCS 600W 24V
7022.709784046519,-0.9997865753553226,332.0760522866964,4416.588398156664,180501.5434757492,False,2,7.022709784046519,12.8,24.3,typical_january,Innotec Power 145-DZS48-010,G-HFCS 600W 24V
7032.712814107579,7.542190719161956e-06,332.07930903289605,4087.300139384052,154589.5473455429,False,2,7.032712814107579,12.7,24.3,typical_january,Innotec Power 145-DZS48-010,G-HFCS 600W 24V
7042.7139591779405,0.5713099765162074,332.0838948739761,3089.3534557347543,88316.58422204405,False,2,7.042713959177941,12.6,23.400000000000002,typical_january,Innotec Power 145-DZS48-010,G-HFCS 600W 24V
7052.716751799709,1.0714795664325654,332.0917300735295,2556.535393488598,60479.847107385096,False,2,7.052716751799709,12.8,22.5,typical_january,Innotec Power 145-DZS48-010,G-HFCS 600W 24V
7062.719586108519,0.12498491092438625,332.10538701777404,1879.412342481044,32685.205108666734,False,2,7.0627195861085195,12.9,20.7,typical_january,Innotec Power 145-DZS48-010,G-HFCS 600W 24V
7072.720398022739,-1.0533403011493674,332.1307780581576,1449.1647172083776,19433.121627569028,False,2,7.072720398022739,13.1,19.8,typical_january,Innotec Power 145-DZS48-010,G-HFCS 600W 24V
7082.700784539112,-2.1767002630212287,332.1589120165578,1352.2641843493527,16921.16095681807,False,2,7.082700784539112,13.0,19.8,typical_january,Innotec Power 145-DZS48-010,G-HFCS 600W 24V
7092.723807157705,-3.710928093718503,332.1867573259659,1498.4236658030277,20776.687733592047,False,2,7.092723807157705,12.6,20.7,typical_january,Innotec Power 145-DZS48-010,G-HFCS 600W 24V
7102.749726200021,-4.124347731884032,332.22261697990865,1231.6953308060365,14038.272085468045,False,2,7.10274972620002,12.3,22.5,typical_january,Innotec Power 145-DZS48-010,G-HFCS 600W 24V
7112.731936636761,-4.751960149723622,332.2454750179206,1741.0635444927518,28050.222435808915,False,2,7.112731936636761,11.9,24.3,typical_january,Innotec Power 145-DZS48-010,G-HFCS 600W 24V
7122.72779938123,-4.891684514819906,332.2592272528043,2264.5432875080205,47453.50753826731,False,2,7.122727799381231,11.4,26.1,typical_january,Innotec Power 145-DZS48-010,G-HFCS 600W 24V
7132.729174622022,-4.222889498962157,332.26825317678066,2464.5017664749844,56203.75512514017,False,2,7.132729174622022,10.9,27.900000000000002,typical_january,Innotec Power 145-DZS48-010,G-HFCS 600W 24V
7142.721123315903,-3.499868722358816,332.27171550156606,4075.293463219581,153682.65019539968,False,2,7.142721123315903,10.3,28.8,typical_january,Innotec Power 145-DZS48-010,G-HFCS 600W 24V
7152.725753870284,-2.1249089359810296,332.27326186079915,5147.071169254742,245147.46802698416,False,2,7.152725753870285,9.9,29.7,typical_january,Innotec Power 145-DZS48-010,G-HFCS 600W 24V
7162.727479494288,0.23210508287701367,332.27152828310886,5920.691355491345,324378.38657615567,False,2,7.162727479494288,9.9,29.7,typical_january,Innotec Power 145-DZS48-010,G-HFCS 600W 24V
7172.729646565403,0.9998122294396163,332.2655486323669,2428.392299994221,54568.84474839696,False,2,7.1727296465654025,9.9,28.8,typical_january,Innotec Power 145-DZS48-010,G-HFCS 600W 24V
7182.728418908622,1.3391599501638098,332.2519388221991,1853.9634369516848,31806.024945586552,False,2,7.1827284189086225,10.0,27.900000000000002,typical_january,Innotec Power 145-DZS48-010,G-HFCS 600W 24V
7192.731284197564,1.7138049122286552,332.22707712113953,1371.9193801266615,17416.634886066233,False,2,7.1927312841975635,10.2,26.1,typical_january,Innotec Power 145-DZS48-010,G-HFCS 600W 24V
7202.734693916311,1.7132851916493665,332.1822268612725,1025.1488801065595,9724.80604972818,False,2,7.202734693916311,10.4,24.3,typical_january,Innotec Power 145-DZS48-010,G-HFCS 600W 24V
7212.738680944454,1.7501919011834535,332.1001033233946,729.8282090124443,4928.881266488037,False,2,7.2127386809444545,10.5,22.5,typical_january,Innotec Power 145-DZS48-010,G-HFCS 600W 24V
7222.76527567905,2.136061759083682,331.958874409243,541.255848185153,2710.892331889686,False,2,7.22276527567905,10.7,20.7,typical_january,Innotec Power 145-DZS48-010,G-HFCS 600W 24V
7232.702489043623,2.2888474294920265,331.64345355392265,381.3823878238928,1345.9481579037129,False,2,7.232702489043623,10.9,18.900000000000002,typical_january,Innotec Power 145-DZS48-010,G-HFCS 600W 24V
7242.731317916719,2.3978426671418713,331.0234139008069,263.64948556287084,643.2220471230655,False,2,7.242731317916719,11.1,16.2,typical_january,Innotec Power 145-DZS48-010,G-HFCS 600W 24V
7252.395356307428,1.2868367542357586,330.4995180768987,253.6598516435944,595.4023351434176,True,2,7.252395356307428,11.4,0.0,typical_january,Innotec Power 145-DZS48-010,G-HFCS 600W 24V
7262.596775387843,0.28414283933890383,330.08559529255655,503.4781281235009,2345.677397594458,False,3,7.262596775387843,11.8,14.4,typical_january,Innotec Power 145-DZS48-010,G-HFCS 600W 24V
7272.58926283364,0.26796694720222247,329.9509541056425,678.6701621366448,4262.109242034565,False,3,7.272589262833639,11.9,18.0,typical_january,Innotec Power 145-DZS48-010,G-HFCS 600W 24V
7282.595692694839,-0.5530223481961338,329.87930873869686,917.0839908659908,7782.610395468629,False,3,7.282595692694839,11.8,18.900000000000002,typical_january,Innotec Power 145-DZS48-010,G-HFCS 600W 24V
7292.59743405114,-1.2838541401534609,329.84967792492336,1483.6146881525651,20368.04350656328,False,3,7.292597434051141,11.8,20.7,typical_january,Innotec Power 145-DZS48-010,G-HFCS 600W 24V
7302.618798402066,-2.3737830197938012,329.8410430047665,3103.74023988982,89141.06103022899,False,3,7.302618798402066,11.7,22.5,typical_january,Innotec Power 145-DZS48-010,G-HFCS 600W 24V
7312.634641277802,-3.37628694784529,329.85426344672624,1778.4284237302109,29267.110487160204,False,3,7.3126346412778025,11.5,24.3,typical_january,Innotec Power 145-DZS48-010,G-HFCS 600W 24V
7322.645870464594,-3.889742346302907,329.8787914495175,1261.9959691615154,14737.472268859165,False,3,7.322645870464594,11.1,27.0,typical_january,Innotec Power 145-DZS48-010,G-HFCS 600W 24V
7332.585584652002,-3.8746086763596788,329.9341671933943,938.0377032825436,8142.310404397323,False,3,7.332585584652001,10.7,29.7,typical_january,Innotec Power 145-DZS48-010,G-HFCS 600W 24V
7342.60604054225,-3.2475195897346536,329.9750976851452,1000.6721303014276,9265.965401099444,False,3,7.34260604054225,10.3,31.5,typical_january,Innotec Power 145-DZS48-010,G-HFCS 600W 24V
7352.63275165638,-1.8900074197544878,330.02883207799823,1058.7393541823812,10372.541432594437,False,3,7.35263275165638,9.9,32.4,typical_january,Innotec Power 145-DZS48-010,G-HFCS 600W 24V
7362.671898577697,-0.24974026981257816,330.0713404243199,1150.6738370349992,12252.128488085978,False,3,7.362671898577697,9.7,33.300000000000004,typical_january,Innotec Power 145-DZS48-010,G-HFCS 600W 24V
7372.6548182610895,0.5000684643417358,330.1058337318783,1401.769201900577,18182.77200910417,False,3,7.37265481826109,9.7,33.300000000000004,typical_january,Innotec Power 145-DZS48-010,G-HFCS 600W 24V
7382.6520803716285,0.8748956768955405,330.13280261906857,1508.2081089025696,21048.909858845527,False,3,7.382652080371629,9.7,33.300000000000004,typical_january,Innotec Power 145-DZS48-010,G-HFCS 600W 24V
7392.647521689249,1.4806963499802195,330.1643123094706,1312.9462317966718,15951.478672011128,False,3,7.392647521689248,9.9,33.300000000000004,typical_january,Innotec Power 145-DZS48-010,G-HFCS 600W 24V
7402.662249305475,1.2843940963902258,330.1974305111405,1260.6568981345793,14706.21376611592,False,3,7.402662249305474,10.0,32.4,typical_january,Innotec Power 145-DZS48-010,G-HFCS 600W 24V
7412.686568826412,0.6254560586226653,330.2405021784893,1150.9344695638688,12257.679435326614,False,3,7.4126865688264125,10.2,31.5,typical_january,Innotec Power 145-DZS48-010,G-HFCS 600W 24V
7422.684976077234,-0.2501789426858861,330.29322848397027,986.9666411057508,9013.885008475929,False,3,7.4226849760772335,10.3,31.5,typical_january,Innotec Power 145-DZS48-010,G-HFCS 600W 24V
7432.655948821817,-0.8755762971441747,330.3727683980956,783.2793023815804,5677.28069281652,False,3,7.432655948821817,10.3,31.5,typical_january,Innotec Power 145-DZS48-010,G-HFCS 600W 24V
7442.6377559601415,-2.0009987285930535,330.43515749361035,1108.864577338488,11377.951696578342,False,3,7.442637755960141,10.2,31.5,typical_january,Innotec Power 145-DZS48-010,G-HFCS 600W 24V
7452.6579584751225,-3.318568851093109,330.47230348574885,1325.5995789736298,16260.420796282831,False,3,7.452657958475123,10.0,32.4,typical_january,Innotec Power 145-DZS48-010,G-HFCS 600W 24V
7462.6645258393555,-3.8555796880810655,330.4976664554611,1554.8692775265897,22371.485884270816,False,3,7.462664525839355,9.6,33.300000000000004,typical_january,Innotec Power 145-DZS48-010,G-HFCS 600W 24V
7472.664995651262,-3.8748568117249786,330.51944661368134,1617.7487981139882,24217.4960209786,False,3,7.472664995651262,9.2,35.1,typical_january,Innotec Power 145-DZS48-010,G-HFCS 600W 24V
7482.665375601628,-3.856666194977791,330.5408083364965,1688.3843283780354,26378.47534817811,False,3,7.482665375601628,8.8,36.0,typical_january,Innotec Power 145-DZS48-010,G-HFCS 600W 24V
7492.667253294089,-3.998736155706619,330.56636056709795,1424.5856096528291,18779.506328575568,False,3,7.49266725329409,8.4,36.9,typical_january,Innotec Power 145-DZS48-010,G-HFCS 600W 24V
7502.667233720828,-3.74523058440996,330.6038708634633,1112.9381014375572,11461.701315845605,False,3,7.502667233720828,8.1,37.800000000000004,typical_january,Innotec Power 145-DZS48-010,G-HFCS 600W 24V
7512.671705043172,-2.1784559157288483,330.6791026936511,790.371547358343,5780.556637048192,False,3,7.5126717050431715,7.6,38.7,typical_january,Innotec Power 145-DZS48-010,G-HFCS 600W 24V
7522.70279079145,-0.25018196798591286,330.8459271329482,488.9600015499576,2212.34948328087,False,3,7.52270279079145,7.2,39.6,typical_january,Innotec Power 145-DZS48-010,G-HFCS 600W 24V
7532.698989530425,0.7491553806340632,331.17034022017276,410.7602598621416,1561.2911761560983,False,3,7.532698989530425,7.3,39.6,typical_january,Innotec Power 145-DZS48-010,G-HFCS 600W 24V
7542.6028191782725,2.669704699718392,331.40572165679384,493.5667100254519,2254.2329056480207,False,3,7.542602819178272,7.5,39.6,typical_january,Innotec Power 145-DZS48-010,G-HFCS 600W 24V
7552.6907200868645,4.374595872118833,331.3853070153898,630.2144334535557,3675.223510804654,False,3,7.552690720086865,7.7,38.7,typical_january,Innotec Power 145-DZS48-010,G-HFCS 600W 24V
7562.699242710903,5.000003158329191,331.23162873303465,625.7407730081744,3623.230587821363,False,3,7.562699242710902,8.0,36.9,typical_january,Innotec Power 145-DZS48-010,G-HFCS 600W 24V
7572.646685084907,5.646440383240239,331.13263346368535,825.5923247574184,6307.225508132724,False,3,7.572646685084908,8.7,35.1,typical_january,Innotec Power 145-DZS48-010,G-HFCS 600W 24V
7582.648268498399,5.448421832815045,331.07946891344227,1090.2483288193644,10999.119605968532,False,3,7.582648268498399,9.4,32.4,typical_january,Innotec Power 145-DZS48-010,G-HFCS 600W 24V
7592.64896085776,4.4063504654241115,331.0477209052027,1459.3582921967738,19707.47233940405,False,3,7.59264896085776,9.9,29.7,typical_january,Innotec Power 145-DZS48-010,G-HFCS 600W 24V
7602.65004170872,3.230809351183764,331.029368546123,1634.1140106063451,24709.944645985728,False,3,7.60265004170872,10.3,27.0,typical_january,Innotec Power 145-DZS48-010,G-HFCS 600W 24V
7612.68027823231,2.250554179294932,331.04395179460715,1241.6860715058526,14266.935057409197,False,3,7.61268027823231,10.7,26.1,typical_january,Innotec Power 145-DZS48-010,G-HFCS 600W 24V
7622.677761944523,1.6536493057325146,331.08123155921913,1237.999327562292,14182.339681292851,False,3,7.622677761944523,10.9,24.3,typical_january,Innotec Power 145-DZS48-010,G-HFCS 600W 24V
7632.642509714887,1.2508366967852065,331.10945845602316,1466.9939754786635,19914.23950567957,False,3,7.632642509714887,11.0,22.5,typical_january,Innotec Power 145-DZS48-010,G-HFCS 600W 24V
7642.634609305224,0.8753403041244449,331.142007957393,1282.9105141940104,15229.996174867323,False,3,7.642634609305224,11.1,22.5,typical_january,Innotec Power 145-DZS48-010,G-HFCS 600W 24V
7652.654047112984,-1.0010303357155022,331.1900504859609,1033.6738035044625,9887.217444178885,False,3,7.652654047112984,11.2,21.6,typical_january,Innotec Power 145-DZS48-010,G-HFCS 600W 24V
7662.656299835911,-2.126405379451926,331.2542106267473,928.3208317827742,7974.49624493797,False,3,7.662656299835912,11.3,21.6,typical_january,Innotec Power 145-DZS48-010,G-HFCS 600W 24V
7672.635784885585,-2.252406825604143,331.3523331912651,726.8343571403608,4888.526361060232,False,3,7.672635784885585,11.0,21.6,typical_january,Innotec Power 145-DZS48-010,G-HFCS 600W 24V
7682.592811541972,-2.501108148341877,331.47746901974756,693.0977014518032,4445.247870003681,False,3,7.682592811541972,10.6,22.5,typical_january,Innotec Power 145-DZS48-010,G-HFCS 600W 24V
7692.62168765023,-1.2058828116066085,331.60875426140126,667.1960367408624,4119.210454728385,False,3,7.69262168765023,10.3,23.400000000000002,typical_january,Innotec Power 145-DZS48-010,G-HFCS 600W 24V
7702.629270906755,-0.5004790104874364,331.7767365581302,548.4962503201351,2783.904873564022,False,3,7.702629270906755,10.3,23.400000000000002,typical_january,Innotec Power 145-DZS48-010,G-HFCS 600W 24V
7712.610458931662,-0.347348363480796,331.9987728926552,488.0531933121207,2204.1511994244884,False,3,7.712610458931662,10.3,24.3,typical_january,Innotec Power 145-DZS48-010,G-HFCS 600W 24V
7722.629031141121,0.23618986322852592,332.303529234832,430.1410487551967,1712.0988859520107,False,3,7.722629031141121,10.2,25.2,typical_january,Innotec Power 145-DZS48-010,G-HFCS 600W 24V
7732.583687076996,0.8736517421742693,332.6631795134673,392.1366354120416,1422.924646277423,False,3,7.732583687076996,10.1,24.3,typical_january,Innotec Power 145-DZS48-010,G-HFCS 600W 24V
7742.604844935421,1.8859430822754506,333.137948941103,332.0039526454631,1019.9845037947852,False,3,7.742604844935421,10.2,23.400000000000002,typical_january,Innotec Power 145-DZS48-010,G-HFCS 600W 24V
7752.674272255602,2.270678954048495,333.8903516668982,260.0815156976621,625.9303935966484,False,3,7.752674272255602,10.6,21.6,typical_january,Innotec Power 145-DZS48-010,G-HFCS 600W 24V
7762.702420768788,0.4432590995082488,335.04039869283326,205.44901449132627,390.5846667238274,False,3,7.762702420768788,10.8,18.900000000000002,typical_january,Innotec Power 145-DZS48-010,G-HFCS 600W 24V
7772.831957484891,-1.1403321560310578,337.2232065843739,144.95160977081972,194.4254670914404,False,3,7.772831957484891,11.0,18.0,typical_january,Innotec Power 145-DZS48-010,G-HFCS 600W 24V
7782.794439963531,-2.16090067319376,341.20365931575145,105.7221703427484,103.42825690646904,False,3,7.7827944399635305,10.8,18.0,typical_january,Innotec Power 145-DZS48-010,G-HFCS 600W 24V
7792.575513173194,-2.7586882106015826,348.9085926913226,76.11313691490274,53.60759302405408,False,3,7.792575513173194,10.5,18.900000000000002,typical_january,Innotec Power 145-DZS48-010,G-HFCS 600W 24V
7802.095635709368,-2.6655778871647144,180.78100628378112,67.18412338403607,41.76768213782808,False,3,7.802095635709368,10.2,19.8,typical_january,Innotec Power 145-DZS48-010,G-HFCS 600W 24V
7811.614001469076,-1.1637156794485484,10.081171913968689,79.28290171995268,58.16559015943148,False,3,7.811614001469076,9.9,20.7,typical_january,Innotec Power 145-DZS48-010,G-HFCS 600W 24V
7821.282014207383,1.2996856560838417,17.50961170332829,87.18043337047928,70.33072793631446,False,3,7.821282014207384,9.7,20.7,typical_january,Innotec Power 145-DZS48-010,G-HFCS 600W 24V
7830.770732177109,4.085918990309026,26.14014811615138,76.16407026022726,53.67936322632591,False,3,7.8307707321771085,9.6,18.900000000000002,typical_january,Innotec Power 145-DZS48-010,G-HFCS 600W 24V
7840.207941181181,7.354674770962775,37.7646660452433,77.26317431206108,55.239807844839305,False,3,7.840207941181181,10.1,0.0,typical_january,Innotec Power 145-DZS48-010,G-HFCS 600W 24V
7853.506809389823,7.2528920662554786,49.307333287885314,73.8883417475515,50.51948390334068,False,3,7.853506809389822,11.3,16.2,typical_january,Innotec Power 145-DZS48-010,G-HFCS 600W 24V
7861.993950819539,5.199974103503078,58.25453381044972,83.57367298392033,64.63176919220504,False,3,7.86199395081954,12.3,0.0,typical_january,Innotec Power 145-DZS48-010,G-HFCS 600W 24V
7873.6568856685735,1.9512340809409237,66.80168620366524,75.67570626944159,52.99318607073615,False,3,7.873656885668574,12.8,15.3,typical_january,Innotec Power 145-DZS48-010,G-HFCS 600W 24V
7880.930033630074,-0.8355963699585519,77.52703721211627,73.12296363329813,49.47828467199078,False,3,7.880930033630074,12.8,13.5,typical_january,Innotec Power 145-DZS48-010,G-HFCS 600W 24V
7892.841847252684,-2.9342263636530306,90.23017307462703,66.14571752028235,40.4865274851165,False,3,7.892841847252684,13.0,13.5,typical_january,Innotec Power 145-DZS48-010,G-HFCS 600W 24V
7901.321798133142,-5.205660046515998,102.11774562741898,73.16330817290884,49.5328975924189,False,3,7.901321798133142,12.5,17.1,typical_january,Innotec Power 145-DZS48-010,G-HFCS 600W 24V
7914.182760532799,-5.574048198183927,110.38339634205886,92.71737508291888,79.5480102546298,False,3,7.914182760532799,11.7,22.5,typical_january,Innotec Power 145-DZS48-010,G-HFCS 600W 24V
7922.764634815876,-4.9525522524286645,115.06575743150944,108.06380969099769,108.06065947383144,False,3,7.922764634815876,11.2,25.2,typical_january,Innotec Power 145-DZS48-010,G-HFCS 600W 24V
7931.693503883178,-3.873413340852255,117.73900864296749,148.88325590950433,205.1156421001845,False,3,7.931693503883178,10.7,27.0,typical_january,Innotec Power 145-DZS48-010,G-HFCS 600W 24V
7940.990611842887,-2.827414536453859,119.44373195930851,186.52926098427383,321.95932228813825,False,3,7.940990611842887,10.3,28.8,typical_january,Innotec Power 145-DZS48-010,G-HFCS 600W 24V
7950.480561003151,-1.7347431638803,120.74431493176701,215.23245565221077,428.66950237224097,False,3,7.95048056100315,10.1,29.7,typical_january,Innotec Power 145-DZS48-010,G-HFCS 600W 24V
7960.050320898125,-0.15312562303863134,122.29966207031283,206.3372308337855,393.9691912139924,False,3,7.960050320898126,10.0,30.6,typical_january,Innotec Power 145-DZS48-010,G-HFCS 600W 24V
7974.794972484425,0.7892611899779007,124.38179760325377,169.01361553031433,264.33243088015894,False,3,7.974794972484425,9.8,31.5,typical_january,Innotec Power 145-DZS48-010,G-HFCS 600W 24V
7984.705722577487,1.4676898837378354,126.13414379821896,188.12138207641283,327.47894818490033,False,3,7.984705722577487,10.0,30.6,typical_january,Innotec Power 145-DZS48-010,G-HFCS 600W 24V
7994.555813723198,2.5979664193653242,127.28290173486968,233.71040317169476,505.43248880764384,False,3,7.994555813723198,10.2,29.7,typical_january,Innotec Power 145-DZS48-010,G-HFCS 600W 24V
8004.43807100611,3.0217814576181,128.19950254570895,254.9989589908884,601.705360143718,False,3,8.00443807100611,10.4,28.8,typical_january,Innotec Power 145-DZS48-010,G-HFCS 600W 24V
8014.095993688605,3.129762616416579,129.45723521971007,206.18932520183623,393.40458755560985,False,3,8.014095993688604,10.6,27.0,typical_january,Innotec Power 145-DZS48-010,G-HFCS 600W 24V
8024.087651019313,2.6174050389645065,130.10240940401408,370.65562100338457,1271.3005842063535,False,3,8.024087651019313,11.1,25.2,typical_january,Innotec Power 145-DZS48-010,G-HFCS 600W 24V
8034.424653527154,1.4622184516171446,129.87166716763826,329.177399675526,1002.6909284497408,False,3,8.034424653527154,11.5,23.400000000000002,typical_january,Innotec Power 145-DZS48-010,G-HFCS 600W 24V
8044.508099281618,0.5671294331076049,129.54935930201526,491.03470974044825,2231.1637726265853,False,3,8.044508099281618,11.5,23.400000000000002,typical_january,Innotec Power 145-DZS48-010,G-HFCS 600W 24V
8054.5185770075595,0.5341980280764871,129.34773614306562,551.7195752784629,2816.7211305420965,False,3,8.05451857700756,11.5,22.5,typical_january,Innotec Power 145-DZS48-010,G-HFCS 600W 24V
8064.5365929376285,0.4271745778076288,129.15496043590394,564.0156385439395,2943.6715951122146,False,3,8.064536592937628,11.6,21.6,typical_january,Innotec Power 145-DZS48-010,G-HFCS 600W 24V
8074.658939544188,-1.3345303112004527,128.9623188065254,542.4496586646663,2722.863974200931,False,3,8.074658939544188,11.7,20.7,typical_january,Innotec Power 145-DZS48-010,G-HFCS 600W 24V
8084.621211124297,-1.994508346246513,128.75983858861156,554.1820041916188,2841.9203590980937,False,3,8.084621211124297,11.7,20.7,typical_january,Innotec Power 145-DZS48-010,G-HFCS 600W 24V
8094.619405489039,-1.9914560723514227,128.54234966712266,504.0530477419629,2351.0374950675173,False,3,8.09461940548904,11.3,21.6,typical_january,Innotec Power 145-DZS48-010,G-HFCS 600W 24V
8104.714563044389,-1.2675223344878699,128.39412688141744,670.0000191123488,4153.906296712222,False,3,8.10471456304439,11.0,22.5,typical_january,Innotec Power 145-DZS48-010,G-HFCS 600W 24V
8114.738561461439,-0.14031443534217164,128.12073167373975,383.74258865040593,1362.6586178061698,False,3,8.114738561461438,10.9,22.5,typical_january,Innotec Power 145-DZS48-010,G-HFCS 600W 24V
8125.0659536329085,0.7558970972924111,127.5265854427152,257.32543150036696,612.7347127822421,False,3,8.125065953632909,11.0,21.6,typical_january,Innotec Power 145-DZS48-010,G-HFCS 600W 24V
8130.219780354073,1.1360498312193834,126.12416969526834,143.32175990204254,190.07777086927152,False,3,8.130219780354073,11.0,20.7,typical_january,Innotec Power 145-DZS48-010,G-HFCS 600W 24V
8140.021527131617,0.8175343894423147,122.63010490469883,134.21065022748496,166.6790537504183,False,3,8.140021527131617,11.0,18.900000000000002,typical_january,Innotec Power 145-DZS48-010,G-HFCS 600W 24V
8154.405399455818,0.6351191390289934,120.7821317207329,225.253928782209,469.5175327576577,False,3,8.154405399455818,11.3,17.1,typical_january,Innotec Power 145-DZS48-010,G-HFCS 600W 24V
8164.486547101569,-0.42524376770536626,119.9887330592752,284.2536704705491,747.6859641094699,False,3,8.16448654710157,11.4,16.2,typical_january,Innotec Power 145-DZS48-010,G-HFCS 600W 24V
8174.53801490362,-1.6983238974698665,119.46095668716438,351.2375871967768,1141.5870554683256,False,3,8.17453801490362,11.3,16.2,typical_january,Innotec Power 145-DZS48-010,G-HFCS 600W 24V
8184.611681651095,-1.5486651218378493,119.0427629265628,387.2664566287372,1387.7998273457267,False,3,8.184611681651095,11.1,17.1,typical_january,Innotec Power 145-DZS48-010,G-HFCS 600W 24V
8194.747569010702,-1.6803975556079151,118.59011969650118,368.7533801993346,1258.2851910374363,False,3,8.194747569010703,10.9,17.1,typical_january,Innotec Power 145-DZS48-010,G-HFCS 600W 24V
8204.962526500432,-1.6746447120400503,118.15802867502919,318.3027150934585,937.5355653186452,True,3,8.204962526500433,10.8,0.0,typical_january,Innotec Power 145-DZS48-010,G-HFCS 600W 24V
8210.120007354442,-1.5838563490207027,117.50991054972033,262.97796266528815,639.9496094605203,False,3,8.210120007354442,10.7,9.9,typical_january,Innotec Power 145-DZS48-010,G-HFCS 600W 24V
8220.400188290198,-1.7465420606003041,116.09082447629623,169.19015376364692,264.88492070625915,False,3,8.220400188290197,10.5,17.1,typical_january,Innotec Power 145-DZS48-010,G-HFCS 600W 24V
8230.32451884611,-1.3069227409807578,114.13648446277449,175.2935524740397,284.3406489732746,False,3,8.23032451884611,10.3,21.6,typical_january,Innotec Power 145-DZS48-010,G-HFCS 600W 24V
8240.322387900485,-0.33773198263970605,112.08882282896798,157.90629420282778,230.7310000102714,False,3,8.240322387900486,10.2,23.400000000000002,typical_january,Innotec Power 145-DZS48-010,G-HFCS 600W 24V
8250.042095606243,0.555118652608828,109.55081263415124,150.6679452204674,210.0626289196787,False,3,8.250042095606243,10.0,24.3,typical_january,Innotec Power 145-DZS48-010,G-HFCS 600W 24V
8260.177020541332,1.4822618987535279,105.36699468409,110.58621713466503,113.16420319545664,False,3,8.260177020541333,10.1,25.2,typical_january,Innotec Power 145-DZS48-010,G-HFCS 600W 24V
8275.12524489702,1.9722593837919755,102.649562243307,264.8896527637799,649.2875171219388,False,3,8.275125244897021,10.5,25.2,typical_january,Innotec Power 145-DZS48-010,G-HFCS 600W 24V
8280.385199192795,1.6740586564689448,102.51842727235834,353.6860610640585,1157.5585154889975,False,3,8.280385199192795,10.6,25.2,typical_january,Innotec Power 145-DZS48-010,G-HFCS 600W 24V
8290.7768962114,1.4948969584224847,103.69800295572296,210.8232911963677,411.2862998169695,False,3,8.290776896211401,10.8,25.2,typical_january,Innotec Power 145-DZS48-010,G-HFCS 600W 24V
8300.675021605306,1.1389016778600354,105.83126834949888,144.59907755777232,193.48090508476093,False,3,8.300675021605306,10.9,25.2,typical_january,Innotec Power 145-DZS48-010,G-HFCS 600W 24V
8310.543804630877,0.8989912773083066,110.0266936341996,103.23825477871644,98.62530832509,False,3,8.310543804630877,11.0,25.2,typical_january,Innotec Power 145-DZS48-010,G-HFCS 600W 24V
8320.333618982699,0.4756130831784655,117.87372039304032,78.81712968884189,57.48417400089463,False,3,8.3203336189827,11.2,25.2,typical_january,Innotec Power 145-DZS48-010,G-HFCS 600W 24V
8330.183184772877,0.625090919575608,128.47033402458732,71.83890054445884,47.75583241572306,False,3,8.330183184772878,11.2,25.2,typical_january,Innotec Power 145-DZS48-010,G-HFCS 600W 24V
8340.257311483005,1.2030497556019952,134.72547854271244,101.50075021948255,95.33350706930024,False,3,8.340257311483004,11.2,25.2,typical_january,Innotec Power 145-DZS48-010,G-HFCS 600W 24V
8350.439306788758,1.8363084500168472,137.91683999366646,142.67665200487278,188.3704975814955,False,3,8.350439306788758,11.2,25.2,typical_january,Innotec Power 145-DZS48-010,G-HFCS 600W 24V
8360.563812095299,2.4100559620127555,139.58963987325788,195.375958665993,353.2232721699196,False,3,8.360563812095299,11.6,25.2,typical_january,Innotec Power 145-DZS48-010,G-HFCS 600W 24V
8370.623879925204,1.4223186394863676,140.38846073309313,282.4360645485664,738.1546640868029,False,3,8.370623879925205,11.8,25.2,typical_january,Innotec Power 145-DZS48-010,G-HFCS 600W 24V
8380.646581353201,1.379221472906142,140.5981269383767,527.5846529851406,2575.67684022435,False,3,8.3806465813532,12.0,25.2,typical_january,Innotec Power 145-DZS48-010,G-HFCS 600W 24V
8390.691783592118,1.5135099938939975,140.23220832493126,308.2830044767386,879.4400328204368,False,3,8.390691783592118,12.0,25.2,typical_january,Innotec Power 145-DZS48-010,G-HFCS 600W 24V
8400.630894505419,1.6878142893201487,139.24974802875207,213.48709906524704,421.7453833002669,False,3,8.400630894505419,12.1,25.2,typical_january,Innotec Power 145-DZS48-010,G-HFCS 600W 24V
8410.44566685401,1.6932382144372107,137.65760388167928,180.6705972492677,302.0522156855999,False,3,8.41044566685401,12.4,25.2,typical_january,Innotec Power 145-DZS48-010,G-HFCS 600W 24V
8420.226706489399,1.2416138519695394,135.37563483667896,147.84268645644678,202.25848805832263,False,3,8.420226706489398,12.6,25.2,typical_january,Innotec Power 145-DZS48-010,G-HFCS 600W 24V
8430.066902642942,0.7496328137514044,131.58650699477963,130.79629651959914,158.3062129557721,False,3,8.430066902642942,12.8,25.2,typical_january,Innotec Power 145-DZS48-010,G-HFCS 600W 24V
8444.90276880141,0.559943059394182,129.023221883834,181.40648433998427,304.51779674928355,False,3,8.44490276880141,12.7,25.2,typical_january,Innotec Power 145-DZS48-010,G-HFCS 600W 24V
8454.840476556477,0.5588567581883854,127.37445985202154,190.60973783526944,336.19963176192,False,3,8.454840476556477,12.8,25.2,typical_january,Innotec Power 145-DZS48-010,G-HFCS 600W 24V
8464.78554936906,0.6698458196637936,125.65419335533386,188.493078229834,328.77431307920864,False,3,8.46478554936906,12.9,25.2,typical_january,Innotec Power 145-DZS48-010,G-HFCS 600W 24V
8474.73826041102,0.4462397231539073,123.97011652584584,191.5085477412156,339.37776965271763,False,3,8.474738260411021,13.0,25.2,typical_january,Innotec Power 145-DZS48-010,G-HFCS 600W 24V
8484.698319275361,-0.11146283370188302,122.33923153161317,194.72070063084996,350.8579426511959,False,3,8.484698319275362,13.0,25.2,typical_january,Innotec Power 145-DZS48-010,G-HFCS 600W 24V
8494.665371755578,-0.2228195644761955,120.76204008453792,198.1119778976431,363.18552670044784,False,3,8.494665371755579,13.0,26.1,typical_january,Innotec Power 145-DZS48-010,G-HFCS 600W 24V
8504.639045796439,-0.11135983754553361,119.25816556467143,201.6653950139784,376.3308558521859,False,3,8.50463904579644,13.0,27.0,typical_january,Innotec Power 145-DZS48-010,G-HFCS 600W 24V
8514.618965941301,0.11127048654685982,117.81896103051804,201.9813216986393,377.5108906101293,False,3,8.5146189659413,12.9,27.900000000000002,typical_january,Innotec Power 145-DZS48-010,G-HFCS 600W 24V
8524.603608102181,0.6673718038459564,116.01994921348864,169.79463314791192,266.78105357857754,False,3,8.524603608102181,12.9,27.900000000000002,typical_january,Innotec Power 145-DZS48-010,G-HFCS 600W 24V
8534.593295905239,1.0007011968490973,114.26431195647322,190.06196885722275,334.27008593453456,False,3,8.534593295905239,13.0,27.900000000000002,typical_january,Innotec Power 145-DZS48-010,G-HFCS 600W 24V
8544.58695031661,1.2233609131266696,112.97076209560473,221.4971008500494,453.98672901483445,False,3,8.54458695031661,13.1,27.900000000000002,typical_january,Innotec Power 145-DZS48-010,G-HFCS 600W 24V
8554.583861486748,1.335827269751464,111.72906248754902,222.4143027892837,457.7543597529087,False,3,8.554583861486748,13.3,27.0,typical_january,Innotec Power 145-DZS48-010,G-HFCS 600W 24V
8564.582745595097,1.2257392582889626,110.51377228921481,225.31905245157157,469.7890585399464,False,3,8.564582745595096,13.4,26.1,typical_january,Innotec Power 145-DZS48-010,G-HFCS 600W 24V
8574.547927639684,1.1146062448252358,109.36750860055542,230.0007281064337,489.5144170752065,False,3,8.574547927639683,13.5,25.2,typical_january,Innotec Power 145-DZS48-010,G-HFCS 600W 24V
8584.493109509389,1.11443600331768,108.0268159917951,198.9241075130515,366.1692764362398,False,3,8.584493109509388,13.6,24.3,typical_january,Innotec Power 145-DZS48-010,G-HFCS 600W 24V
8594.447986225377,0.8211709878671778,106.82070061659374,229.3989342697927,486.9561524088091,False,3,8.594447986225378,13.7,23.400000000000002,typical_january,Innotec Power 145-DZS48-010,G-HFCS 600W 24V
8604.441342894312,0.5004435325927166,106.10369133846316,297.7029685341856,820.1124328292968,False,3,8.604441342894312,13.8,22.5,typical_january,Innotec Power 145-DZS48-010,G-HFCS 600W 24V
8614.443450722625,-0.5531710049962792,105.61844914776833,361.93822130077046,1212.204692705018,False,3,8.614443450722625,13.9,21.6,typical_january,Innotec Power 145-DZS48-010,G-HFCS 600W 24V
8624.449238105104,-1.8529318451931909,105.19510321576564,377.3693514347571,1317.7721238969727,False,3,8.624449238105104,13.9,21.6,typical_january,Innotec Power 145-DZS48-010,G-HFCS 600W 24V
8634.461460460701,-2.275225310454257,104.68739702132237,322.6834790249103,963.5195404369632,False,3,8.6344614604607,13.6,23.400000000000002,typical_january,Innotec Power 145-DZS48-010,G-HFCS 600W 24V
8644.481943198709,-1.7522385996239023,103.91324985614477,262.1654430827826,636.0012305962131,False,3,8.64448194319871,13.3,24.3,typical_january,Innotec Power 145-DZS48-010,G-HFCS 600W 24V
8654.617923638894,-1.271512766765905,102.69509046373608,196.01067152597943,355.52201479587666,False,3,8.654617923638895,13.1,26.1,typical_january,Innotec Power 145-DZS48-010,G-HFCS 600W 24V
8664.49327706533,-1.4024307723379175,100.49990447257821,147.19070361938398,200.47851102658328,False,3,8.664493277065331,13.1,27.0,typical_january,Innotec Power 145-DZS48-010,G-HFCS 600W 24V
8674.283674640612,-1.7384350226109588,96.34782872022748,95.55384950497732,84.48963638118303,False,3,8.674283674640613,13.0,27.900000000000002,typical_january,Innotec Power 145-DZS48-010,G-HFCS 600W 24V
8683.84205882761,-2.7294819977974916,91.94498508747628,114.54524061980366,121.4118741625444,False,3,8.68384205882761,12.8,28.8,typical_january,Innotec Power 145-DZS48-010,G-HFCS 600W 24V
8694.737207105132,-3.420428594047757,92.12988897231719,185.59913681968283,318.75644126763024,False,3,8.694737207105133,12.5,29.7,typical_january,Innotec Power 145-DZS48-010,G-HFCS 600W 24V
8704.886190761752,-3.6918379626410163,94.25744906292286,162.8488598849096,245.40110285155544,False,3,8.704886190761751,12.1,31.5,typical_january,Innotec Power 145-DZS48-010,G-HFCS 600W 24V
8714.639884153894,-3.340075692060977,95.53752061728605,246.53994637277845,562.4470713110877,False,3,8.714639884153893,11.8,32.4,typical_january,Innotec Power 145-DZS48-010,G-HFCS 600W 24V
8724.797958526182,-2.4903110789307217,95.87046522869448,448.2877694452094,1859.6056022503196,False,3,8.724797958526182,11.4,33.300000000000004,typical_january,Innotec Power 145-DZS48-010,G-HFCS 600W 24V
8735.167555274069,-1.4902506539375753,95.67290265469057,427.0055273320757,1687.22910658488,False,3,8.735167555274069,11.1,34.2,typical_january,Innotec Power 145-DZS48-010,G-HFCS 600W 24V
8740.381875634788,-0.749177338714224,94.18339162662602,171.05074342762637,270.7428507949484,False,3,8.740381875634789,11.0,34.2,typical_january,Innotec Power 145-DZS48-010,G-HFCS 600W 24V
8750.023372044856,-0.16693468868033376,92.76248654578502,248.94686519803875,573.4827896697609,False,3,8.750023372044856,11.0,34.2,typical_january,Innotec Power 145-DZS48-010,G-HFCS 600W 24V
8764.875093948309,0.0,91.95811056843826,337.6433378822773,1054.9294957153018,False,3,8.764875093948309,11.0,34.2,typical_january,Innotec Power 145-DZS48-010,G-HFCS 600W 24V
8775.103333268255,0.0,91.52276720446048,318.9284724098868,941.2254264735856,False,3,8.775103333268255,11.0,34.2,typical_january,Innotec Power 145-DZS48-010,G-HFCS 600W 24V
8780.124582443965,0.5158365331165614,91.2454452318322,384.74988169003126,1369.8217425612145,False,3,8.780124582443964,11.0,34.2,typical_january,Innotec Power 145-DZS48-010,G-HFCS 600W 24V
8790.12102249096,1.1302701696446484,91.00695123088633,519.8414330054006,2500.626606588253,False,3,8.79012102249096,11.0,34.2,typical_january,Innotec Power 145-DZS48-010,G-HFCS 600W 24V
8800.126834626953,1.424362677520824,90.80532200859065,554.1392591866054,2841.48197165794,False,3,8.800126834626953,11.1,34.2,typical_january,Innotec Power 145-DZS48-010,G-HFCS 600W 24V
8810.063395621368,1.150957899735281,90.50583938678477,452.94701971324895,1898.4618672267115,False,3,8.810063395621368,11.3,33.300000000000004,typical_january,Innotec Power 145-DZS48-010,G-HFCS 600W 24V
8824.874908087697,0.748139315449701,90.12294013827682,426.1934639411443,1680.8177883985209,False,3,8.824874908087697,11.6,33.300000000000004,typical_january,Innotec Power 145-DZS48-010,G-HFCS 600W 24V
8834.908007392905,0.9984717828191169,89.7540772178221,335.0681788335823,1038.8992571536526,False,3,8.834908007392904,11.6,33.300000000000004,typical_january,Innotec Power 145-DZS48-010,G-HFCS 600W 24V
8840.090240221376,1.4980744027866981,89.40476877169996,360.6206684794732,1203.395251745604,False,3,8.840090240221375,11.5,33.300000000000004,typical_january,Innotec Power 145-DZS48-010,G-HFCS 600W 24V
8850.154839541916,2.24848984709109,88.84772721284983,309.8663826248774,888.4970492463832,False,3,8.850154839541917,11.6,32.4,typical_january,Innotec Power 145-DZS48-010,G-HFCS 600W 24V
8860.031160455641,2.255812976754894,88.14614960859096,267.8279787215142,663.7720371337537,False,3,8.860031160455641,11.9,31.5,typical_january,Innotec Power 145-DZS48-010,G-HFCS 600W 24V
8874.982545098117,1.5016694724632618,87.51097349153127,347.0272135604097,1114.3821104202632,False,3,8.874982545098117,12.4,29.7,typical_january,Innotec Power 145-DZS48-010,G-HFCS 600W 24V
8880.079048992971,0.33243646311708325,87.0894280176612,329.2853032890392,1003.3483958663638,False,3,8.880079048992972,12.5,29.7,typical_january,Innotec Power 145-DZS48-010,G-HFCS 600W 24V
8894.9904256611,0.0,86.40092002390435,277.415138311783,712.1432763959094,False,3,8.894990425661101,12.4,28.8,typical_january,Innotec Power 145-DZS48-010,G-HFCS 600W 24V
8905.05486761281,0.4975498622538004,85.95434734821674,361.2950428712285,1207.9002500239003,False,3,8.90505486761281,12.4,28.8,typical_january,Innotec Power 145-DZS48-010,G-HFCS 600W 24V
8910.1389079797,0.9940635139132157,85.65213143679716,361.3782396867185,1208.4566098562536,False,3,8.9101389079797,12.4,28.8,typical_january,Innotec Power 145-DZS48-010,G-HFCS 600W 24V
8920.199104671454,0.9990256257049069,85.19526987471886,372.6045155546266,1284.7046406385264,False,3,8.920199104671454,12.5,27.900000000000002,typical_january,Innotec Power 145-DZS48-010,G-HFCS 600W 24V
8930.202829757836,0.7503705223473178,84.79237521201694,387.234976398923,1387.5742127535966,False,3,8.930202829757837,12.7,27.0,typical_january,Innotec Power 145-DZS48-010,G-HFCS 600W 24V
8940.155103433603,0.11121251941671974,84.55597773010632,549.7552946181845,2796.700156650348,False,3,8.940155103433602,12.8,27.0,typical_january,Innotec Power 145-DZS48-010,G-HFCS 600W 24V
8950.132233994387,-1.7248949473461237,84.41938493683179,647.5897817730497,3880.672922203661,False,3,8.950132233994387,12.8,27.0,typical_january,Innotec Power 145-DZS48-010,G-HFCS 600W 24V
8960.153874411415,-3.9272854410108087,84.3918433646505,1436.3505884820186,19090.969275277486,False,3,8.960153874411414,12.8,27.900000000000002,typical_january,Innotec Power 145-DZS48-010,G-HFCS 600W 24V
8970.143315699685,-4.968406643552489,84.44181320863282,903.2308141757176,7549.263009494572,False,3,8.970143315699685,12.3,28.8,typical_january,Innotec Power 145-DZS48-010,G-HFCS 600W 24V
8980.08691081451,-5.3638698478765985,84.55919228076465,590.7270875094704,3229.095108416313,False,3,8.98008691081451,11.7,30.6,typical_january,Innotec Power 145-DZS48-010,G-HFCS 600W 24V
8990.000166964988,-4.846885149603339,84.78909869111096,561.7467288241704,2920.035756947878,False,3,8.990000166964988,11.0,32.4,typical_january,Innotec Power 145-DZS48-010,G-HFCS 600W 24V
9004.915279415109,-3.8028415248594305,84.97643060533747,637.4020332240486,3759.5334592381537,False,3,9.004915279415108,10.4,34.2,typical_january,Innotec Power 145-DZS48-010,G-HFCS 600W 24V
9014.850112646158,-3.237108255312129,85.14913492839301,555.8986925242561,2859.554449853845,False,3,9.014850112646158,10.0,35.1,typical_january,Innotec Power 145-DZS48-010,G-HFCS 600W 24V
9024.784738661408,-2.3482867023133256,85.40258106393176,441.75250717246166,1805.7811341519723,False,3,9.024784738661408,9.7,36.0,typical_january,Innotec Power 145-DZS48-010,G-HFCS 600W 24V
9034.725255829164,-1.3702080009166995,85.80105450536334,358.41107298097063,1188.693539962359,False,3,9.034725255829164,9.4,36.9,typical_january,Innotec Power 145-DZS48-010,G-HFCS 600W 24V
9044.773321127945,-0.1201003623425726,86.55410894217601,245.28318388723252,556.7274243474411,False,3,9.044773321127945,9.2,36.9,typical_january,Innotec Power 145-DZS48-010,G-HFCS 600W 24V
9054.95798382108,1.026844080015305,87.49874810427173,215.22143243633204,428.6255945382995,False,3,9.05495798382108,9.3,36.9,typical_january,Innotec Power 145-DZS48-010,G-HFCS 600W 24V
9060.013264723792,1.59510935104555,90.28007289427045,122.66633653401806,139.23802537498025,False,3,9.060013264723791,9.4,36.9,typical_january,Innotec Power 145-DZS48-010,G-HFCS 600W 24V
9074.162238160425,1.7780111818946551,95.98783216038575,97.45017235286174,87.87640636511344,False,3,9.074162238160424,9.6,36.0,typical_january,Innotec Power 145-DZS48-010,G-HFCS 600W 24V
9083.241763160824,1.3305006308747789,101.79721734398785,99.24362398571836,91.14068630984582,False,3,9.083241763160824,9.8,35.1,typical_january,Innotec Power 145-DZS48-010,G-HFCS 600W 24V
9092.438873486477,0.8676819027285521,107.07890229503093,104.11449945496112,100.3065969169217,False,3,9.092438873486477,10.0,34.2,typical_january,Innotec Power 145-DZS48-010,G-HFCS 600W 24V
9102.049263896371,0.3780647844869609,112.21307912473077,93.1053089940729,80.21506816590188,False,3,9.102049263896372,10.1,33.300000000000004,typical_january,Innotec Power 145-DZS48-010,G-HFCS 600W 24V
9110.622870156214,0.3363393225470375,120.50519410311728,83.32201293320179,64.24311222635157,False,3,9.110622870156215,10.0,32.4,typical_january,Innotec Power 145-DZS48-010,G-HFCS 600W 24V
9122.935403097208,1.3802229881385184,127.44208151785429,103.0778031563073,98.31898207861528,False,3,9.122935403097209,10.0,31.5,typical_january,Innotec Power 145-DZS48-010,G-HFCS 600W 24V
9132.174686610631,2.0766350379280563,131.77535929876558,110.9961041500269,114.00464245948638,False,3,9.13217468661063,10.1,30.6,typical_january,Innotec Power 145-DZS48-010,G-HFCS 600W 24V
9141.619006070227,2.470537749293626,136.33716077266573,111.42412634610304,114.88558512233836,False,3,9.141619006070227,10.3,29.7,typical_january,Innotec Power 145-DZS48-010,G-HFCS 600W 24V
9150.656220223811,2.3344443648262208,140.30524917664872,119.32058125209268,131.7461054732848,False,3,9.15065622022381,10.6,28.8,typical_january,Innotec Power 145-DZS48-010,G-HFCS 600W 24V
9160.001279635442,2.1830886006966637,143.80966299714356,122.0122825425844,137.7571562228774,False,3,9.160001279635441,10.9,27.0,typical_january,Innotec Power 145-DZS48-010,G-HFCS 600W 24V
9170.258245149858,1.5216563368484426,145.64627339392234,186.3659188697247,321.3956950038829,False,3,9.170258245149858,11.1,25.2,typical_january,Innotec Power 145-DZS48-010,G-HFCS 600W 24V
9180.32154077014,0.6244325424793088,147.4656735623759,177.75786903703775,292.3914950933076,False,3,9.180321540770139,11.2,23.400000000000002,typical_january,Innotec Power 145-DZS48-010,G-HFCS 600W 24V
9190.201805303977,0.25021594947613485,149.3275039624351,178.10681339899298,293.54056946863045,False,3,9.190201805303978,11.5,22.5,typical_january,Innotec Power 145-DZS48-010,G-HFCS 600W 24V
9200.180386674561,-0.5639440193434702,150.41403719843743,254.8371922925612,600.942180436609,False,3,9.200180386674562,11.4,21.6,typical_january,Innotec Power 145-DZS48-010,G-HFCS 600W 24V
9210.223723053792,-1.878760641216287,150.96630863722274,357.869249867594,1185.1022736347393,False,3,9.210223723053792,11.3,21.6,typical_january,Innotec Power 145-DZS48-010,G-HFCS 600W 24V
9224.807279214536,-2.1602716842572445,151.65545904397408,284.1095970768426,746.9282299711756,False,3,9.224807279214536,11.1,22.5,typical_january,Innotec Power 145-DZS48-010,G-HFCS 600W 24V
9234.495762098899,-2.264634689103752,152.66144083279568,209.2558780521618,405.19343284368506,False,3,9.234495762098899,10.700000000000022,23.400000000000002,typical_january,Innotec Power 145-DZS48-010,G-HFCS 600W 24V
9244.104992489018,-2.5007200056670484,154.47764530876373,156.87649838465572,227.7313597553858,False,3,9.244104992489017,10.5,24.3,typical_january,Innotec Power 145-DZS48-010,G-HFCS 600W 24V
9254.276618317386,-2.870994199869372,158.78847472080406,102.26869834223216,96.78153859990584,False,3,9.254276618317386,10.3,25.2,typical_january,Innotec Power 145-DZS48-010,G-HFCS 600W 24V
9264.77411109857,-3.714558924197058,167.01825549965724,78.71405913736977,57.33392616838066,False,3,9.26477411109857,10.1,26.1,typical_january,Innotec Power 145-DZS48-010,G-HFCS 600W 24V
9274.116627095724,-3.80142041955511,173.92601355818107,95.82031818698196,84.96152179587975,False,3,9.274116627095724,9.7,27.900000000000002,typical_january,Innotec Power 145-DZS48-010,G-HFCS 600W 24V
9283.606582444381,-4.216965615536832,180.04904544332462,95.90928416940078,85.11936293837516,False,3,9.283606582444381,9.3,28.8,typical_january,Innotec Power 145-DZS48-010,G-HFCS 600W 24V
9293.135032815517,-4.051659487350774,185.9857968036416,98.82725556039864,90.37754408563302,False,3,9.293135032815517,8.8,29.7,typical_january,Innotec Power 145-DZS48-010,G-HFCS 600W 24V
9302.653032230513,-3.3191750102293787,190.71584069614002,111.1677818614836,114.35757722806676,False,3,9.302653032230513,8.5,30.6,typical_january,Innotec Power 145-DZS48-010,G-HFCS 600W 24V
9312.361079303788,-2.2693125057138084,194.84161749776712,115.49757115640634,123.4391061155893,False,3,9.312361079303788,8.1,31.5,typical_january,Innotec Power 145-DZS48-010,G-HFCS 600W 24V
9322.149117827077,-1.5132573163873102,200.0180269909468,103.0563698360139,98.27809872487644,False,3,9.322149117827077,7.8,31.5,typical_january,Innotec Power 145-DZS48-010,G-HFCS 600W 24V
9332.148283744942,-0.0010103314134536079,204.72568578278174,115.12118248333562,122.63587923969972,False,3,9.332148283744942,7.7,31.5,typical_january,Innotec Power 145-DZS48-010,G-HFCS 600W 24V
9342.151672545317,2.4042462145193015,207.57603529928065,150.3249260878584,209.10723687721105,False,3,9.342151672545317,7.8,30.6,typical_january,Innotec Power 145-DZS48-010,G-HFCS 600W 24V
9352.419426447883,5.239265266732854,209.19080560321862,198.52480042124668,364.7007039181617,False,3,9.352419426447883,7.9,28.8,typical_january,Innotec Power 145-DZS48-010,G-HFCS 600W 24V
9362.49070135792,7.608207468744104,210.28486517280606,242.78434786011408,545.4418220505221,False,3,9.36249070135792,8.3,26.1,typical_january,Innotec Power 145-DZS48-010,G-HFCS 600W 24V
9372.471865738078,8.370139373674,211.19176921440823,259.6376965484604,623.7959638079057,False,3,9.372471865738078,9.3,21.6,typical_january,Innotec Power 145-DZS48-010,G-HFCS 600W 24V
9382.439886361431,8.46607271837061,211.88203976379526,306.54484160368713,869.5510627284199,False,3,9.382439886361432,10.2,15.3,typical_january,Innotec Power 145-DZS48-010,G-HFCS 600W 24V
9392.437549792976,7.459776446460178,212.4706469965093,324.37653694998863,973.6568672207244,False,3,9.392437549792977,11.1,0.0,typical_january,Innotec Power 145-DZS48-010,G-HFCS 600W 24V
9402.421008653197,6.340747888849827,213.09671998877008,293.0378540171527,794.6108957536892,False,3,9.402421008653196,11.8,14.4,typical_january,Innotec Power 145-DZS48-010,G-HFCS 600W 24V
9412.344377945494,5.489303787141645,213.82945461444672,286.194269417467,757.9297117953323,False,3,9.412344377945495,12.5,0.0,typical_january,Innotec Power 145-DZS48-010,G-HFCS 600W 24V
9422.362561593101,4.711338937027422,214.58888707269512,268.5305493414011,667.2590394843589,False,3,9.4223625615931,13.0,14.4,typical_january,Innotec Power 145-DZS48-010,G-HFCS 600W 24V
9432.4267444823,4.208792156996902,215.64422166108494,224.4929643100519,466.35059434182506,False,3,9.4324267444823,13.4,0.0,typical_january,Innotec Power 145-DZS48-010,G-HFCS 600W 24V
9442.71188171164,4.492979262456762,217.2536778461751,180.29072139412463,300.78336820813564,False,3,9.44271188171164,13.8,14.4,typical_january,Innotec Power 145-DZS48-010,G-HFCS 600W 24V
9452.941317880872,3.853986564618282,220.04662435841766,128.763594630454,153.42398178088737,False,3,9.452941317880871,14.2,0.0,typical_january,Innotec Power 145-DZS48-010,G-HFCS 600W 24V
9463.014662753038,2.9141175752384556,225.10635313890648,96.7665850477173,86.64787074418587,False,3,9.463014662753038,14.8,14.4,typical_january,Innotec Power 145-DZS48-010,G-HFCS 600W 24V
9473.027248562577,1.7409468296960031,231.2862001563632,100.59522428574836,93.64008341772563,False,3,9.473027248562577,15.1,0.0,typical_january,Innotec Power 145-DZS48-010,G-HFCS 600W 24V
9482.964990318329,-0.1752219235799395,237.3906961025527,97.63900160033612,88.2172926258908,False,3,9.48296499031833,15.2,14.4,typical_january,Innotec Power 145-DZS48-010,G-HFCS 600W 24V
9493.16971176532,-1.6783779149022737,244.9587780249996,87.49234537392194,70.83488328930174,False,3,9.49316971176532,15.2,16.2,typical_january,Innotec Power 145-DZS48-010,G-HFCS 600W 24V
9503.386894499316,-2.7895014565311618,252.95407255597252,86.95114166511709,69.96126324703927,False,3,9.503386894499316,15.0,18.900000000000002,typical_january,Innotec Power 145-DZS48-010,G-HFCS 600W 24V
9513.599889469437,-3.209940331990231,258.84385202960516,105.4174172267244,102.83283489008384,False,3,9.513599889469436,14.7,21.6,typical_january,Innotec Power 145-DZS48-010,G-HFCS 600W 24V
9523.935533917658,-3.3601495737723126,264.3696025222808,101.86318598247912,96.01555052997814,False,3,9.523935533917658,14.3,24.3,typical_january,Innotec Power 145-DZS48-010,G-HFCS 600W 24V
9534.129075414545,-3.229118470298282,270.7689892221382,95.01754923514024,83.54389410650862,False,3,9.534129075414544,14.0,27.0,typical_january,Innotec Power 145-DZS48-010,G-HFCS 600W 24V
9544.187975025185,-2.243844061186152,274.99510558995667,121.45220017655564,136.49534443946737,False,3,9.544187975025185,13.6,28.8,typical_january,Innotec Power 145-DZS48-010,G-HFCS 600W 24V
9554.455153478862,-0.6995950882553146,277.30677310704067,169.8550051031179,266.9707999427411,False,3,9.554455153478862,13.3,30.6,typical_january,Innotec Power 145-DZS48-010,G-HFCS 600W 24V
9564.65189896661,0.6983028263411735,278.7086443870553,219.5376426159649,445.98993554898857,False,3,9.56465189896661,13.2,31.5,typical_january,Innotec Power 145-DZS48-010,G-HFCS 600W 24V
9574.89919578593,1.9559390286290417,279.37979226636776,276.535624053211,707.6348901690105,False,3,9.57489919578593,13.4,31.5,typical_january,Innotec Power 145-DZS48-010,G-HFCS 600W 24V
9580.026097421092,2.3654507945367937,279.8985042455271,300.26801809754835,834.3057183456407,False,3,9.580026097421092,13.5,31.5,typical_january,Innotec Power 145-DZS48-010,G-HFCS 600W 24V
9590.250361779903,2.7431682070357453,280.54162565836407,306.604520988534,869.8896710947395,False,3,9.590250361779903,13.7,30.6,typical_january,Innotec Power 145-DZS48-010,G-HFCS 600W 24V
9600.284243169557,2.2541772166711787,281.3729091749169,245.79935424875512,559.0730279551217,False,3,9.600284243169558,14.0,29.7,typical_january,Innotec Power 145-DZS48-010,G-HFCS 600W 24V
9610.013955596403,1.5665042069071324,282.1517691901016,259.6969425057847,624.0806805970376,False,3,9.610013955596404,14.3,28.8,typical_january,Innotec Power 145-DZS48-010,G-HFCS 600W 24V
9620.077253531763,0.3372199441186259,282.19823825363517,444.0734115215203,1824.80560959947,False,3,9.620077253531763,14.6,28.8,typical_january,Innotec Power 145-DZS48-010,G-HFCS 600W 24V
9630.046929784497,-0.8514992178730868,281.8116181294286,389.4166004846279,1403.2530269474062,False,3,9.630046929784497,14.5,28.8,typical_january,Innotec Power 145-DZS48-010,G-HFCS 600W 24V
9644.765598028935,-1.012037310375388,281.6029215919081,635.5635644694163,3737.877372335354,False,3,9.644765598028934,14.3,29.7,typical_january,Innotec Power 145-DZS48-010,G-HFCS 600W 24V
9654.64951236102,-1.4553425786025147,281.5001783911631,782.2360909507128,5662.168177820972,False,3,9.65464951236102,14.2,29.7,typical_january,Innotec Power 145-DZS48-010,G-HFCS 600W 24V
9664.57369930925,-1.8976164046813193,281.41678598702225,866.4686203085812,6947.247058485371,False,3,9.664573699309251,14.1,30.6,typical_january,Innotec Power 145-DZS48-010,G-HFCS 600W 24V
9674.533511204141,-2.3655822982682952,281.32437955254784,764.1545338139338,5403.429054989521,False,3,9.67453351120414,14.1,31.5,typical_january,Innotec Power 145-DZS48-010,G-HFCS 600W 24V
9684.523172560486,-2.9348280422379425,281.19169795784484,617.5818787291561,3529.3615822508004,False,3,9.684523172560485,13.7,32.4,typical_january,Innotec Power 145-DZS48-010,G-HFCS 600W 24V
9694.530016558347,-3.1682038336273735,280.9758019978437,474.612654387771,2084.422211053274,False,3,9.694530016558346,13.3,34.2,typical_january,Innotec Power 145-DZS48-010,G-HFCS 600W 24V
9704.56803830171,-2.746006181154228,280.5706265109602,357.384514803178,1181.8939981387734,False,3,9.70456803830171,13.0,35.1,typical_january,Innotec Power 145-DZS48-010,G-HFCS 600W 24V
9714.431801868599,-1.9895090770081043,280.09183741218254,342.0469362891114,1082.626055408308,False,3,9.7144318018686,12.7,36.0,typical_january,Innotec Power 145-DZS48-010,G-HFCS 600W 24V
9724.531293387501,-0.496647155033279,279.6856715741714,360.2138389712157,1200.681593952314,False,3,9.724531293387502,12.5,36.9,typical_january,Innotec Power 145-DZS48-010,G-HFCS 600W 24V
9734.704735510611,0.9091948702629822,279.19805322042123,350.3272985391871,1135.677510515376,False,3,9.734704735510611,12.4,36.9,typical_january,Innotec Power 145-DZS48-010,G-HFCS 600W 24V
9744.83807669277,1.3949902939838008,278.635448729279,312.3930001901963,903.045542947002,False,3,9.74483807669277,12.6,36.9,typical_january,Innotec Power 145-DZS48-010,G-HFCS 600W 24V
9754.783177207433,0.7351783949441917,277.8067448726132,235.00464961418635,511.0459787180697,False,3,9.754783177207432,12.8,36.0,typical_january,Innotec Power 145-DZS48-010,G-HFCS 600W 24V
9764.47355816255,-0.12198224043969663,276.51713677397686,195.8830728673044,355.0592913498972,False,3,9.76447355816255,13.0,36.0,typical_january,Innotec Power 145-DZS48-010,G-HFCS 600W 24V
9773.898907532193,-1.7364837224942937,274.4798337977052,146.48792972789093,198.5686796034932,False,3,9.773898907532192,12.9,36.0,typical_january,Innotec Power 145-DZS48-010,G-HFCS 600W 24V
9782.963348511492,-3.056869447880329,271.0669078021557,111.25112562237602,114.52911187883596,False,3,9.782963348511492,12.8,36.9,typical_january,Innotec Power 145-DZS48-010,G-HFCS 600W 24V
9791.546479250828,-3.6839903730017305,264.12791067226584,90.46368554953392,75.72784876344217,False,3,9.791546479250828,12.5,37.800000000000004,typical_january,Innotec Power 145-DZS48-010,G-HFCS 600W 24V
9803.896434217784,-3.669853794683831,255.72970533955063,85.19772995157332,67.16810752242142,False,3,9.803896434217783,11.9,38.7,typical_january,Innotec Power 145-DZS48-010,G-HFCS 600W 24V
9812.816036050268,-2.9514369960816444,245.66525772451666,66.92286723072297,41.44347317978569,False,3,9.812816036050268,11.5,39.6,typical_january,Innotec Power 145-DZS48-010,G-HFCS 600W 24V
9821.95226937685,-1.6804292773874536,231.27478428901833,59.93647851466358,33.242181113808776,False,3,9.821952269376851,11.3,39.6,typical_january,Innotec Power 145-DZS48-010,G-HFCS 600W 24V
9831.266289673302,-0.23691573281997405,221.56508310407062,77.7764854094962,55.97623623958308,False,3,9.831266289673302,11.1,39.6,typical_january,Innotec Power 145-DZS48-010,G-HFCS 600W 24V
9840.744356723226,0.9320427913197163,215.8530444111863,101.2076957383812,94.78380512112804,False,3,9.840744356723226,11.0,39.6,typical_january,Innotec Power 145-DZS48-010,G-HFCS 600W 24V
9850.203416354361,2.45415804818764,212.06695205934648,136.4707619625,172.34008313572753,False,3,9.850203416354361,11.2,39.6,typical_january,Innotec Power 145-DZS48-010,G-HFCS 600W 24V
9864.726007492376,3.7567784759677814,210.12072006756537,211.06284548342572,412.2215036266446,False,3,9.864726007492376,11.6,38.7,typical_january,Innotec Power 145-DZS48-010,G-HFCS 600W 24V
9874.53869128065,4.185307551997354,209.33727302238418,281.54620841899987,733.5106629733539,False,3,9.87453869128065,11.9,37.800000000000004,typical_january,Innotec Power 145-DZS48-010,G-HFCS 600W 24V
9884.331594814012,4.50931915916711,208.8366413902035,351.8463251128585,1145.5475058743514,False,3,9.884331594814011,12.3,36.9,typical_january,Innotec Power 145-DZS48-010,G-HFCS 600W 24V
9894.214334225175,3.4913090543903413,208.50178612280135,432.9983017193222,1734.9199911963583,False,3,9.894214334225175,12.9,35.1,typical_january,Innotec Power 145-DZS48-010,G-HFCS 600W 24V
9904.101657964682,2.2460970964509053,208.27953556380328,537.4406657402544,2672.8101650247945,False,3,9.904101657964683,13.3,34.2,typical_january,Innotec Power 145-DZS48-010,G-HFCS 600W 24V
9914.007371019685,0.5603820204878656,208.08824702911784,559.8639892563936,2900.495086250998,False,3,9.914007371019684,13.7,33.300000000000004,typical_january,Innotec Power 145-DZS48-010,G-HFCS 600W 24V
9923.842457879498,-0.6147787753543219,207.9229064194874,588.544661950218,3205.27957027843,False,3,9.923842457879498,13.5,33.300000000000004,typical_january,Innotec Power 145-DZS48-010,G-HFCS 600W 24V
9933.823824257113,-1.0034528288248752,207.82848474227166,840.7380205934734,6540.763423635046,False,3,9.933823824257113,13.4,33.300000000000004,typical_january,Innotec Power 145-DZS48-010,G-HFCS 600W 24V
9943.80677137017,-0.3926428012821425,207.75326567430568,851.6244505278167,6711.248329154497,False,3,9.94380677137017,13.2,34.2,typical_january,Innotec Power 145-DZS48-010,G-HFCS 600W 24V
9953.837498731673,-0.14259834453742326,207.70603804307967,1148.1486561700056,12198.412323849858,False,3,9.953837498731673,13.2,35.1,typical_january,Innotec Power 145-DZS48-010,G-HFCS 600W 24V
9963.849141824538,0.0,207.6702868363994,1328.6113872019985,16334.393215121614,False,3,9.963849141824538,13.3,35.1,typical_january,Innotec Power 145-DZS48-010,G-HFCS 600W 24V
9973.883852373498,-0.42743911932371337,207.64994088008467,1779.6113931980442,29306.059047097136,False,3,9.973883852373497,13.2,35.1,typical_january,Innotec Power 145-DZS48-010,G-HFCS 600W 24V
9983.905176854641,-0.42764321649343695,207.63343998930293,1925.5724531576,34310.48002423106,False,3,9.983905176854641,13.2,36.0,typical_january,Innotec Power 145-DZS48-010,G-HFCS 600W 24V
9993.928044192558,-0.427970490544766,207.61819802075465,2020.9713892923853,37794.394848697455,False,3,9.993928044192558,13.2,36.9,typical_january,Innotec Power 145-DZS48-010,G-HFCS 600W 24V
10003.94937834002,-0.5705923733219507,207.60401881856092,2025.192262558688,37952.42968181557,False,3,10.00394937834002,13.1,36.9,typical_january,Innotec Power 145-DZS48-010,G-HFCS 600W 24V
10013.94901922826,-0.28542712877073273,207.59586269693673,3228.1058512755326,96427.87570816584,False,3,10.013949019228258,13.1,36.9,typical_january,Innotec Power 145-DZS48-010,G-HFCS 600W 24V
10023.966330723037,-0.28540519995757735,207.6020056600109,1843.576566926516,31450.63540346243,False,3,10.023966330723036,13.0,36.9,typical_january,Innotec Power 145-DZS48-010,G-HFCS 600W 24V
10033.979846334973,0.14269688390389138,207.61930605756305,1712.365719123541,27133.143710431777,False,3,10.033979846334972,13.0,36.9,typical_january,Innotec Power 145-DZS48-010,G-HFCS 600W 24V
10043.983088563082,0.7137898588089908,207.64426826253288,1442.667246847961,19259.251718822063,False,3,10.043983088563081,13.0,36.9,typical_january,Innotec Power 145-DZS48-010,G-HFCS 600W 24V
10054.00201290348,1.8556534475719126,207.6826784999455,1201.9516888095063,13368.45102547554,False,3,10.05400201290348,13.0,36.9,typical_january,Innotec Power 145-DZS48-010,G-HFCS 600W 24V
10063.998689833215,3.424730445745652,207.72344236383373,1219.862717223578,13769.842779625627,False,3,10.063998689833216,13.2,36.0,typical_january,Innotec Power 145-DZS48-010,G-HFCS 600W 24V
10074.012719988825,3.709082446197277,207.76820365615913,1152.6420166642365,12294.07784377203,False,3,10.074012719988826,13.5,35.1,typical_january,Innotec Power 145-DZS48-010,G-HFCS 600W 24V
10084.023824920789,3.2282194185969733,207.82363535738506,947.5717685853516,8308.665818118427,False,3,10.084023824920788,14.1,33.300000000000004,typical_january,Innotec Power 145-DZS48-010,G-HFCS 600W 24V
10094.043024727684,1.7663637049513068,207.8840682580979,917.6339012172358,7791.946554831964,False,3,10.094043024727684,14.4,32.4,typical_january,Innotec Power 145-DZS48-010,G-HFCS 600W 24V
10104.060683327662,0.7500462024070111,207.95338459146535,906.714007273132,7607.600796629246,False,3,10.104060683327662,14.6,31.5,typical_january,Innotec Power 145-DZS48-010,G-HFCS 600W 24V
10114.044058761192,-0.34739125217136513,208.00791444173012,1026.0764645860606,9742.4125854695,False,3,10.114044058761191,14.6,31.5,typical_january,Innotec Power 145-DZS48-010,G-HFCS 600W 24V
10124.048670012848,-1.0161154902701504,208.05942288347197,1114.947346329351,11503.123480912776,False,3,10.124048670012847,14.6,31.5,typical_january,Innotec Power 145-DZS48-010,G-HFCS 600W 24V
10134.040519640772,-1.7489042151765672,208.1130278617935,1002.2250312534514,9294.746639222403,False,3,10.134040519640772,14.5,31.5,typical_january,Innotec Power 145-DZS48-010,G-HFCS 600W 24V
10144.036786905248,-2.8175946158352216,208.1873076831029,830.3626995370527,6380.32394713853,False,3,10.144036786905248,14.3,32.4,typical_january,Innotec Power 145-DZS48-010,G-HFCS 600W 24V
10154.068997960461,-3.851997907630418,208.30420476832984,672.2427760836499,4181.7623998736735,False,3,10.154068997960461,14.0,33.300000000000004,typical_january,Innotec Power 145-DZS48-010,G-HFCS 600W 24V
10164.095826646335,-5.122379163720419,208.48802240138673,520.5266418871677,2507.223159736627,False,3,10.164095826646335,13.6,35.1,typical_january,Innotec Power 145-DZS48-010,G-HFCS 600W 24V
10174.084408202156,-5.704161788834352,208.7826968671275,399.4453764519636,1476.460601546031,False,3,10.174084408202155,13.1,36.9,typical_january,Innotec Power 145-DZS48-010,G-HFCS 600W 24V
10184.07939345255,-6.34211715927538,209.2973798634252,313.98612023198734,912.2796060732718,False,3,10.18407939345255,12.6,38.7,typical_january,Innotec Power 145-DZS48-010,G-HFCS 600W 24V
10194.09845285836,-7.202101769197803,210.17769331192602,227.2758824305823,477.9844527374497,False,3,10.19409845285836,11.9,40.5,typical_january,Innotec Power 145-DZS48-010,G-HFCS 600W 24V
10204.261466228761,-7.031261728919155,211.75921258130154,175.0992322449909,283.71059140356374,False,3,10.204261466228761,11.1,42.300000000000004,typical_january,Innotec Power 145-DZS48-010,G-HFCS 600W 24V
10214.44487705093,-6.026232856064943,214.66981154952543,127.82598905287368,151.19777106106602,False,3,10.21444487705093,10.4,44.1,typical_january,Innotec Power 145-DZS48-010,G-HFCS 600W 24V
10224.591148051808,-4.452091259705417,219.96422860118673,95.0526542525944,83.6056374720197,False,3,10.224591148051807,9.7,45.9,typical_january,Innotec Power 145-DZS48-010,G-HFCS 600W 24V
10234.819654210496,-2.209110843722733,226.57275437567657,81.1591219963819,60.95112773805796,False,3,10.234819654210495,9.2,46.800000000000004,typical_january,Innotec Power 145-DZS48-010,G-HFCS 600W 24V
10240.003736607969,-0.13886583934408508,236.3731757813013,69.4940570336545,44.68918125388948,False,3,10.240003736607969,9.1,46.800000000000004,typical_january,Innotec Power 145-DZS48-010,G-HFCS 600W 24V
10250.46973134988,1.7690536335899598,248.42381888158872,71.70861521424709,47.58277179209029,False,3,10.250469731349881,9.0,45.9,typical_january,Innotec Power 145-DZS48-010,G-HFCS 600W 24V
10261.006964906612,3.398160874708946,257.6298349597217,85.76698674589854,68.06868644654327,False,3,10.261006964906612,9.4,45.0,typical_january,Innotec Power 145-DZS48-010,G-HFCS 600W 24V
10271.550554320875,4.500482948378268,267.69888943908387,74.07830556185749,50.77958475852312,False,3,10.271550554320875,9.7,43.2,typical_january,Innotec Power 145-DZS48-010,G-HFCS 600W 24V
10281.999018829889,5.470170709934699,278.706864329112,77.25246590613976,55.22449681733701,False,3,10.28199901882989,10.1,41.4,typical_january,Innotec Power 145-DZS48-010,G-HFCS 600W 24V
10292.434842010069,5.625875589836593,290.2320236026105,72.43092702654937,48.54619015770703,False,3,10.292434842010069,10.8,39.6,typical_january,Innotec Power 145-DZS48-010,G-HFCS 600W 24V
10302.887012618308,4.287393914175809,300.6105089285336,77.15035990550217,55.078610831178345,False,3,10.302887012618308,11.5,36.9,typical_january,Innotec Power 145-DZS48-010,G-HFCS 600W 24V
10313.226547078068,3.2184900801135994,310.89487294549315,78.50903339486581,57.03564090815688,False,3,10.313226547078068,12.0,35.1,typical_january,Innotec Power 145-DZS48-010,G-HFCS 600W 24V
10323.485156919805,2.636016412878144,319.3304177301029,85.28212897065623,67.30125027823159,False,3,10.323485156919805,12.1,34.2,typical_january,Innotec Power 145-DZS48-010,G-HFCS 600W 24V
10333.496783610999,2.130873852320043,324.0334480643935,116.33331219826752,125.23198142169984,False,3,10.333496783610999,12.4,33.300000000000004,typical_january,Innotec Power 145-DZS48-010,G-HFCS 600W 24V
10343.427995846885,1.4351036669116575,326.6763594589432,152.82911580040513,216.13209658468824,False,3,10.343427995846884,12.7,32.4,typical_january,Innotec Power 145-DZS48-010,G-HFCS 600W 24V
10353.601376105367,0.565149710802308,327.99991783688506,224.29138128036996,465.5134531095931,False,3,10.353601376105367,12.9,32.4,typical_january,Innotec Power 145-DZS48-010,G-HFCS 600W 24V
10363.767761651901,0.14174243034408796,328.71019435251867,305.4576271451997,863.3939733400091,False,3,10.363767761651902,12.8,32.4,typical_january,Innotec Power 145-DZS48-010,G-HFCS 600W 24V
10373.837512623742,0.5688992323878135,329.1199229644086,388.40485245888976,1395.9708815128315,False,3,10.373837512623743,12.8,32.4,typical_january,Innotec Power 145-DZS48-010,G-HFCS 600W 24V
10383.870257416242,0.1424546339396947,329.37299369456423,497.4599271476464,2289.9356021279923,False,3,10.383870257416241,12.9,32.4,typical_january,Innotec Power 145-DZS48-010,G-HFCS 600W 24V
10393.86871092377,-0.8557612726534993,329.5707958167115,537.3980805544185,2672.38661088989,False,3,10.39386871092377,13.0,32.4,typical_january,Innotec Power 145-DZS48-010,G-HFCS 600W 24V
10403.916247064011,-2.4251238651457174,329.7005288562036,712.3128667125195,4695.141050365511,False,3,10.40391624706401,12.9,32.4,typical_january,Innotec Power 145-DZS48-010,G-HFCS 600W 24V
10413.919275629194,-3.31959994779563,329.8028832233541,774.7149130164863,5553.808457738997,False,3,10.413919275629194,12.6,33.300000000000004,typical_january,Innotec Power 145-DZS48-010,G-HFCS 600W 24V
10423.925291818268,-3.5702083490323573,329.8985556495769,765.0925234530218,5416.702472649483,False,3,10.423925291818268,12.2,34.2,typical_january,Innotec Power 145-DZS48-010,G-HFCS 600W 24V
10433.921080148073,-3.725967807048091,330.00909369576766,683.4591028003485,4322.471412174983,False,3,10.433921080148073,11.9,35.1,typical_january,Innotec Power 145-DZS48-010,G-HFCS 600W 24V
10443.926027451564,-2.4269201650469565,330.18628001058664,519.5783125710997,2498.095837009122,False,3,10.443926027451564,11.5,36.0,typical_january,Innotec Power 145-DZS48-010,G-HFCS 600W 24V
10453.964110355757,-1.25126202580763,330.54269053325646,325.44357439882623,980.0730965087232,False,3,10.453964110355757,11.2,36.9,typical_january,Innotec Power 145-DZS48-010,G-HFCS 600W 24V
10463.978733482825,-0.7506198115409337,331.0733137499047,339.47742491259686,1066.4214300586216,False,3,10.463978733482826,11.1,36.9,typical_january,Innotec Power 145-DZS48-010,G-HFCS 600W 24V
10473.890509534524,-0.2503281480518138,331.4295727039944,435.2292357813039,1752.8436783895636,False,3,10.473890509534524,11.1,36.9,typical_january,Innotec Power 145-DZS48-010,G-HFCS 600W 24V
10483.879784378663,-0.3755794301135247,331.6862868562293,490.1401303752487,2223.04159758233,False,3,10.483879784378663,11.1,36.9,typical_january,Innotec Power 145-DZS48-010,G-HFCS 600W 24V
10493.91167549306,0.0,331.8769108874116,561.5004890997762,2917.476342994084,False,3,10.49391167549306,11.0,36.9,typical_january,Innotec Power 145-DZS48-010,G-HFCS 600W 24V
10503.8834892254,0.5179308085013268,331.9957014473139,707.2218718907374,4628.267289841766,False,3,10.5038834892254,10.9,36.9,typical_january,Innotec Power 145-DZS48-010,G-HFCS 600W 24V
10513.896035832457,3.0975434124116172,332.0387475991613,1148.5678626057436,12207.321599596457,False,3,10.513896035832456,11.0,36.9,typical_january,Innotec Power 145-DZS48-010,G-HFCS 600W 24V
10523.909230558049,4.37529014923418,332.03255517189547,2189.13865059711,44345.913233222585,False,3,10.523909230558049,11.2,35.1,typical_january,Innotec Power 145-DZS48-010,G-HFCS 600W 24V
10533.89006492758,4.362513797575942,332.0261188265771,3551.237407744652,116698.82382334946,False,3,10.53389006492758,11.8,33.300000000000004,typical_january,Innotec Power 145-DZS48-010,G-HFCS 600W 24V
10543.889411373755,4.3758966412812725,332.0242216696274,5743.620542364485,305266.07701994485,False,3,10.543889411373755,12.4,31.5,typical_january,Innotec Power 145-DZS48-010,G-HFCS 600W 24V
10553.889525082106,3.4459755024253464,332.02455147942305,7218.036070650951,482108.91392908816,False,3,10.553889525082106,12.8,29.7,typical_january,Innotec Power 145-DZS48-010,G-HFCS 600W 24V
10563.890835170036,2.9463139619862657,332.0274691836876,3200.20079554602,94767.95804946656,False,3,10.563890835170035,13.0,28.8,typical_january,Innotec Power 145-DZS48-010,G-HFCS 600W 24V
10573.894029861787,2.375106191668549,332.03299529489857,2979.885022891715,82168.63646071247,False,3,10.573894029861787,13.3,27.0,typical_january,Innotec Power 145-DZS48-010,G-HFCS 600W 24V
10583.896525770553,1.2501313655523845,332.0439669793023,2128.2376009275745,41912.85926801269,False,3,10.583896525770554,13.7,25.2,typical_january,Innotec Power 145-DZS48-010,G-HFCS 600W 24V
10593.883507479097,-0.12498255690427311,332.0526210934778,2650.836033421887,65023.86738821821,False,3,10.593883507479097,13.9,25.2,typical_january,Innotec Power 145-DZS48-010,G-HFCS 600W 24V
10603.888608861214,-1.7672156838859627,332.0595861439191,2982.825573143929,82330.88447941361,False,3,10.603888608861215,13.8,24.3,typical_january,Innotec Power 145-DZS48-010,G-HFCS 600W 24V
10613.896513312418,-2.5701979113362388,332.0656715636537,2965.314401805035,81367.04781509863,False,3,10.613896513312419,13.4,24.3,typical_january,Innotec Power 145-DZS48-010,G-HFCS 600W 24V
10623.900375966865,-1.856427433474793,332.06932310552986,4129.0609435157385,157764.63292080275,False,3,10.623900375966866,13.2,25.2,typical_january,Innotec Power 145-DZS48-010,G-HFCS 600W 24V
10633.90472285093,-1.4281532613011019,332.0725017028908,4102.863931404381,155769.0938989957,False,3,10.63390472285093,13.0,25.2,typical_january,Innotec Power 145-DZS48-010,G-HFCS 600W 24V
10643.90521582621,-1.1425844989859348,332.0746491294436,5055.529135140333,236504.98576301915,False,3,10.643905215826209,12.9,25.2,typical_january,Innotec Power 145-DZS48-010,G-HFCS 600W 24V
10653.909777204759,-0.5712904151832363,332.0776144309877,4416.588398156664,180501.5434757492,False,3,10.65390977720476,12.8,25.2,typical_january,Innotec Power 145-DZS48-010,G-HFCS 600W 24V
10663.911108077247,0.2856536762382739,332.0812552293185,3900.3536947442535,140771.60071963855,False,3,10.663911108077247,12.7,24.3,typical_january,Innotec Power 145-DZS48-010,G-HFCS 600W 24V
10673.91393994887,0.9997982157299408,332.0874403001381,2834.745999220228,74359.31278251084,False,3,10.67391393994887,12.7,23.400000000000002,typical_january,Innotec Power 145-DZS48-010,G-HFCS 600W 24V
10683.914827615297,0.6251496481685832,332.0975548988621,2113.48097900933,41333.64951354454,False,3,10.683914827615297,12.9,21.6,typical_january,Innotec Power 145-DZS48-010,G-HFCS 600W 24V
10693.917683837773,-0.4284899212660868,332.1170969019414,1449.1647172083776,19433.121627569028,False,3,10.693917683837773,13.0,20.7,typical_january,Innotec Power 145-DZS48-010,G-HFCS 600W 24V
10703.89827602315,-1.374285678671293,332.14378630393105,1523.6472188908394,21482.05934203932,False,3,10.70389827602315,13.2,19.8,typical_january,Innotec Power 145-DZS48-010,G-HFCS 600W 24V
10713.918769035998,-3.2827464356015126,332.17425357284907,1352.2641843493527,16921.16095681807,False,3,10.713918769035997,12.8,19.8,typical_january,Innotec Power 145-DZS48-010,G-HFCS 600W 24V
10723.92440559566,-3.8550794625183813,332.202582014781,1231.6953308060365,14038.272085468045,False,3,10.72392440559566,12.4,20.7,typical_january,Innotec Power 145-DZS48-010,G-HFCS 600W 24V
10733.950113851995,-4.374886081947146,332.23641699112784,1251.7502419077323,14499.146345155505,False,3,10.733950113851995,12.1,22.5,typical_january,Innotec Power 145-DZS48-010,G-HFCS 600W 24V
10743.930459419129,-4.947578786726671,332.25357848389274,1741.0635444927518,28050.222435808915,False,3,10.74393045941913,11.7,24.3,typical_january,Innotec Power 145-DZS48-010,G-HFCS 600W 24V
10753.926113580945,-4.6685485245104275,332.26440765721406,2420.777646751882,54227.160780812,False,3,10.753926113580945,11.2,26.1,typical_january,Innotec Power 145-DZS48-010,G-HFCS 600W 24V
10763.921362445308,-3.8752506568576504,332.2701688392017,3445.766712521861,109869.91988229992,False,3,10.763921362445307,10.6,27.900000000000002,typical_january,Innotec Power 145-DZS48-010,G-HFCS 600W 24V
10773.922650703656,-2.874838979481844,332.2732351451389,4075.293463219581,153682.65019539968,False,3,10.773922650703657,10.1,28.8,typical_january,Innotec Power 145-DZS48-010,G-HFCS 600W 24V
10783.920876289998,-1.0177667615096555,332.2722657142224,5233.527561856929,253452.2183349669,False,3,10.783920876289997,9.9,29.7,typical_january,Innotec Power 145-DZS48-010,G-HFCS 600W 24V
10793.929714457974,0.8034205987948994,332.26969419596935,3167.4418460887173,92837.6984820698,False,3,10.793929714457974,9.9,29.7,typical_january,Innotec Power 145-DZS48-010,G-HFCS 600W 24V
10803.924851479323,1.2855712724168193,332.2596808259267,2176.032822272097,43816.52674976207,False,3,10.803924851479323,9.9,28.8,typical_january,Innotec Power 145-DZS48-010,G-HFCS 600W 24V
10813.927464865039,1.4817895992751837,332.2413631561676,1591.584088984574,23440.46609906355,False,3,10.813927464865039,10.1,27.0,typical_january,Innotec Power 145-DZS48-010,G-HFCS 600W 24V
10823.930596294616,1.7132184016270378,332.20789565732764,1185.203185871832,12998.483456930227,False,3,10.823930596294616,10.3,25.2,typical_january,Innotec Power 145-DZS48-010,G-HFCS 600W 24V
10833.93429298258,1.7321286166754573,332.14834396568125,896.4015159300513,7435.535132677871,False,3,10.83393429298258,10.4,23.400000000000002,typical_january,Innotec Power 145-DZS48-010,G-HFCS 600W 24V
10843.934227864906,1.8763960137627027,332.04113643648043,718.0357472797732,4770.88773822843,False,3,10.843934227864906,10.6,21.6,typical_january,Innotec Power 145-DZS48-010,G-HFCS 600W 24V
10853.934364839968,2.2694792030910054,331.8281925414384,443.5889034998117,1820.82585933911,False,3,10.853934364839969,10.8,19.8,typical_january,Innotec Power 145-DZS48-010,G-HFCS 600W 24V
10863.92520068155,2.3353398481685366,331.3875164738565,320.5322854252615,950.715611875649,False,3,10.86392520068155,11.0,17.1,typical_january,Innotec Power 145-DZS48-010,G-HFCS 600W 24V
10873.881476512746,1.987536472329343,330.68601286199095,253.6598516435944,595.4023351434176,True,3,10.873881476512747,11.2,0.0,typical_january,Innotec Power 145-DZS48-010,G-HFCS 600W 24V
10883.81655857692,0.3076324894489345,330.188715274594,406.08293745718026,1525.9368089363502,False,4,10.88381655857692,11.7,14.4,typical_january,Innotec Power 145-DZS48-010,G-HFCS 600W 24V
10893.778458651052,0.28501615241011674,330.00957257382413,602.6402700252287,3360.6506101039627,False,4,10.89377845865105,11.9,18.900000000000002,typical_january,Innotec Power 145-DZS48-010,G-HFCS 600W 24V
10903.793034234337,9.099851019930827e-05,329.9075555135046,784.998356431566,5702.227763233645,False,4,10.903793034234337,11.9,19.8,typical_january,Innotec Power 145-DZS48-010,G-HFCS 600W 24V
10913.786601271646,-0.9988790318110022,329.8623746116956,1247.9420805754007,14411.059924984096,False,4,10.913786601271646,11.8,20.7,typical_january,Innotec Power 145-DZS48-010,G-HFCS 600W 24V
10923.809451212312,-1.711441816586527,329.8424050189892,1650.8708121641926,25219.312530450203,False,4,10.923809451212312,11.8,22.5,typical_january,Innotec Power 145-DZS48-010,G-HFCS 600W 24V
10933.826209194907,-3.0011360571940555,329.8461797481907,1778.4284237302109,29267.110487160204,False,4,10.933826209194907,11.6,24.3,typical_january,Innotec Power 145-DZS48-010,G-HFCS 600W 24V
10943.853227250409,-3.7515889368701836,329.86330159359716,1621.5073974933591,24330.158266001807,False,4,10.94385322725041,11.3,26.1,typical_january,Innotec Power 145-DZS48-010,G-HFCS 600W 24V
10953.814696260763,-3.888806229413183,329.905935000833,938.0377032825436,8142.310404397323,False,4,10.953814696260762,10.9,28.8,typical_january,Innotec Power 145-DZS48-010,G-HFCS 600W 24V
10963.791524151336,-3.6233762013696555,329.9522655027803,1201.0603822204732,13348.63164226688,False,4,10.963791524151336,10.5,30.6,typical_january,Innotec Power 145-DZS48-010,G-HFCS 600W 24V
10973.805607762362,-2.63952725329421,330.0044121518376,1000.6721303014276,9265.965401099444,False,4,10.973805607762362,10.0,32.4,typical_january,Innotec Power 145-DZS48-010,G-HFCS 600W 24V
10983.863593865448,-0.9988780154628172,330.0495481522727,1211.2787006255107,13576.73141345908,False,4,10.983863593865449,9.8,33.300000000000004,typical_january,Innotec Power 145-DZS48-010,G-HFCS 600W 24V
10993.850526214947,0.2500342321708679,330.0908420078549,1150.6738370349992,12252.128488085978,False,4,10.993850526214947,9.7,33.300000000000004,typical_january,Innotec Power 145-DZS48-010,G-HFCS 600W 24V
11003.85101142621,0.6251247159255171,330.11949088387087,1471.348561731079,20032.64078223459,False,4,11.00385101142621,9.7,33.300000000000004,typical_january,Innotec Power 145-DZS48-010,G-HFCS 600W 24V
11013.847207811503,1.1243094840338428,330.14855702494185,1312.9462317966718,15951.478672011128,False,4,11.013847207811503,9.8,33.300000000000004,typical_january,Innotec Power 145-DZS48-010,G-HFCS 600W 24V
11023.858117467986,1.569755108939682,330.1793952379529,1364.9387275308975,17239.845831821916,False,4,11.023858117467986,10.0,32.4,typical_january,Innotec Power 145-DZS48-010,G-HFCS 600W 24V
11033.866116837997,0.9461339279565905,330.2180091133287,1194.9000220340642,13212.049849991216,False,4,11.033866116837997,10.1,32.4,typical_january,Innotec Power 145-DZS48-010,G-HFCS 600W 24V
11043.888625893467,0.25015317720388675,330.26479088732447,1105.0833828913903,11300.487060454734,False,4,11.043888625893468,10.3,32.4,typical_january,Innotec Power 145-DZS48-010,G-HFCS 600W 24V
11053.881836552377,-0.5003578853717722,330.3283422991008,891.6122756819556,7356.295116904886,False,4,11.053881836552376,10.3,32.4,typical_january,Innotec Power 145-DZS48-010,G-HFCS 600W 24V
11063.825836189715,-1.500844932238692,330.41022967406,783.2793023815804,5677.28069281652,False,4,11.063825836189714,10.3,32.4,typical_january,Innotec Power 145-DZS48-010,G-HFCS 600W 24V
11073.841805634655,-2.695327527435267,330.456545708759,1108.864577338488,11377.951696578342,False,4,11.073841805634654,10.1,33.300000000000004,typical_january,Innotec Power 145-DZS48-010,G-HFCS 600W 24V
11083.863211365857,-3.6048085643597236,330.48564249854996,1490.9781101952562,20570.725086385493,False,4,11.083863211365857,9.8,34.2,typical_january,Innotec Power 145-DZS48-010,G-HFCS 600W 24V
11093.862249674881,-3.9994653126252073,330.50842394701226,1655.4015576249512,25357.9291671304,False,4,11.093862249674881,9.4,35.1,typical_january,Innotec Power 145-DZS48-010,G-HFCS 600W 24V
11103.859571802672,-3.7319567056043987,330.5303686584959,1617.7487981139882,24217.4960209786,False,4,11.103859571802671,9.0,36.0,typical_january,Innotec Power 145-DZS48-010,G-HFCS 600W 24V
11113.86327532725,-3.999104092687806,330.55248956942216,1570.522639851236,22824.19494621941,False,4,11.113863275327251,8.6,36.9,typical_january,Innotec Power 145-DZS48-010,G-HFCS 600W 24V
11123.864169313243,-3.99717355624667,330.58268520664734,1330.7076134991078,16385.97729245359,False,4,11.123864169313244,8.3,37.800000000000004,typical_january,Innotec Power 145-DZS48-010,G-HFCS 600W 24V
11133.859199688253,-3.1745998728127978,330.63532821677705,902.4068130315728,7535.495180079091,False,4,11.133859199688253,7.9,38.7,typical_january,Innotec Power 145-DZS48-010,G-HFCS 600W 24V
11143.875366716038,-1.126332294971904,330.7426426076339,632.6374193767685,3703.538106334234,False,4,11.143875366716038,7.4,39.6,typical_january,Innotec Power 145-DZS48-010,G-HFCS 600W 24V
11153.9238542973,0.499518296539871,330.9951045725506,424.487332961792,1667.3874775881106,False,4,11.1539238542973,7.2,39.6,typical_january,Innotec Power 145-DZS48-010,G-HFCS 600W 24V
11163.806341039213,1.374666400199461,331.3245341238892,410.7602598621416,1561.2911761560983,False,4,11.163806341039214,7.4,39.6,typical_january,Innotec Power 145-DZS48-010,G-HFCS 600W 24V
11173.846129378207,3.6719073526318744,331.423748031369,941.0310393728,8194.358544582474,False,4,11.173846129378207,7.6,38.7,typical_january,Innotec Power 145-DZS48-010,G-HFCS 600W 24V
11183.920463868793,4.872306088487517,331.3073178961961,625.7407730081744,3623.230587821363,False,4,11.183920463868793,7.7,36.9,typical_january,Innotec Power 145-DZS48-010,G-HFCS 600W 24V
11193.843501469237,5.2528755265112395,331.17240376632117,647.7428299581109,3882.507417272977,False,4,11.193843501469237,8.4,35.1,typical_january,Innotec Power 145-DZS48-010,G-HFCS 600W 24V
11203.84517102,5.772107113047075,331.1025237074914,949.149740595838,8336.361364038989,False,4,11.203845171020001,9.1,33.300000000000004,typical_january,Innotec Power 145-DZS48-010,G-HFCS 600W 24V
11213.84610411159,4.853456359978216,331.06215570238464,1237.499313994227,14170.885829824228,False,4,11.213846104111589,9.6,30.6,typical_january,Innotec Power 145-DZS48-010,G-HFCS 600W 24V
11223.841554809273,3.9783628184843747,331.03473599839333,1464.153653504368,19837.20020504129,False,4,11.223841554809272,10.1,27.900000000000002,typical_january,Innotec Power 145-DZS48-010,G-HFCS 600W 24V
11233.865437968761,2.6253900141075266,331.0318654619012,2732.607529253545,69097.38100278906,False,4,11.233865437968761,10.5,26.1,typical_january,Innotec Power 145-DZS48-010,G-HFCS 600W 24V
11243.887092346922,1.8760204050385187,331.0639975543926,1237.999327562292,14182.339681292851,False,4,11.243887092346922,10.8,24.3,typical_january,Innotec Power 145-DZS48-010,G-HFCS 600W 24V
11253.848719900012,1.4034249898820785,331.0953600238663,1461.928064796785,19776.938914914168,False,4,11.253848719900011,11.0,22.5,typical_january,Innotec Power 145-DZS48-010,G-HFCS 600W 24V
11263.836172483983,1.1256949869707076,331.1246184939637,1390.0805982918885,17880.80343656872,False,4,11.263836172483984,11.1,20.7,typical_january,Innotec Power 145-DZS48-010,G-HFCS 600W 24V
11273.836455735494,-0.0003046787631290071,331.1635033743049,1130.9985512247167,11836.714226738755,False,4,11.273836455735495,11.2,20.7,typical_january,Innotec Power 145-DZS48-010,G-HFCS 600W 24V
11283.859810704973,-1.6261483059064472,331.2204185127141,983.8357174454572,8956.786782208155,False,4,11.283859810704973,11.3,19.8,typical_january,Innotec Power 145-DZS48-010,G-HFCS 600W 24V
11293.841053770053,-2.1268057888919705,331.29766439546523,775.035946683891,5558.412290418783,False,4,11.293841053770054,11.3,19.8,typical_january,Innotec Power 145-DZS48-010,G-HFCS 600W 24V
11303.796046110007,-2.5023571086393375,331.4136167591502,693.0977014518032,4445.247870003681,False,4,11.303796046110007,10.8,20.7,typical_january,Innotec Power 145-DZS48-010,G-HFCS 600W 24V
11313.816684205196,-2.0280753662252335,331.5415930538507,689.2920572892838,4396.566168254323,False,4,11.313816684205197,10.4,21.6,typical_january,Innotec Power 145-DZS48-010,G-HFCS 600W 24V
11323.81148887967,-0.6783116496071815,331.68449394016017,613.8339983275748,3486.6547324253143,False,4,11.32381148887967,10.3,23.400000000000002,typical_january,Innotec Power 145-DZS48-010,G-HFCS 600W 24V
11333.832641998015,-0.4725097151094041,331.88090205425954,539.7311651117784,2695.6410228706145,False,4,11.333832641998015,10.3,24.3,typical_january,Innotec Power 145-DZS48-010,G-HFCS 600W 24V
11343.831457494627,-0.013938365313479348,332.1420936796934,442.40981270344014,1811.158955302277,False,4,11.343831457494627,10.3,25.2,typical_january,Innotec Power 145-DZS48-010,G-HFCS 600W 24V
11353.778116458525,0.499454553717305,332.4745884061251,419.288167756257,1626.7929404176734,False,4,11.353778116458525,10.2,24.3,typical_january,Innotec Power 145-DZS48-010,G-HFCS 600W 24V
11363.809290959794,1.2478755037611151,332.88037160818914,363.8158102902569,1224.8141690777295,False,4,11.363809290959795,10.1,23.400000000000002,typical_january,Innotec Power 145-DZS48-010,G-HFCS 600W 24V
11373.816056640428,2.414987248434207,333.47027294382116,284.9805597254192,751.5147962098055,False,4,11.373816056640427,10.4,23.400000000000002,typical_january,Innotec Power 145-DZS48-010,G-HFCS 600W 24V
11383.891624725211,1.5615768088348352,334.394657786818,237.2781352534342,520.9817456634943,False,4,11.38389162472521,10.7,21.6,typical_january,Innotec Power 145-DZS48-010,G-HFCS 600W 24V
11393.951870415485,-0.5040890755651303,335.9513340532597,169.67980435601422,266.4203379672682,False,4,11.393951870415485,10.9,19.8,typical_january,Innotec Power 145-DZS48-010,G-HFCS 600W 24V
11404.048954743132,-1.7824573005602118,338.9046610340057,126.64661310274076,148.42061450044775,False,4,11.404048954743132,10.9,18.900000000000002,typical_january,Innotec Power 145-DZS48-010,G-HFCS 600W 24V
11413.937920488976,-2.5171740111700913,344.46483628126975,87.7308875786711,71.22166326638066,False,4,11.413937920488976,10.7,18.900000000000002,typical_january,Innotec Power 145-DZS48-010,G-HFCS 600W 24V
11423.492480877767,-2.768924460623107,354.7291767684387,67.18412338403607,41.76768213782808,False,4,11.423492480877767,10.4,19.8,typical_january,Innotec Power 145-DZS48-010,G-HFCS 600W 24V
11433.132799591382,-2.0923358452117906,5.86172689608,72.83793891497155,49.09331534246107,False,4,11.433132799591382,10.1,20.7,typical_january,Innotec Power 145-DZS48-010,G-HFCS 600W 24V
11442.596983144385,0.002440465132407754,13.784038409903303,88.49358921780073,72.46539860701974,False,4,11.442596983144385,9.8,20.7,typical_january,Innotec Power 145-DZS48-010,G-HFCS 600W 24V
11452.238028671858,2.618633096168887,21.531668749004808,83.6561826434826,64.7594500158024,False,4,11.452238028671857,9.6,19.8,typical_january,Innotec Power 145-DZS48-010,G-HFCS 600W 24V
11461.761630696457,5.608154478845119,30.960287438502007,76.16407026022726,53.67936322632591,False,4,11.461761630696458,9.8,17.1,typical_january,Innotec Power 145-DZS48-010,G-HFCS 600W 24V
11470.908915817943,7.851055811996612,42.40993160868584,73.8883417475515,50.51948390334068,False,4,11.470908915817944,10.5,0.0,typical_january,Innotec Power 145-DZS48-010,G-HFCS 600W 24V
11484.005060066642,6.307100762590544,53.228356650646276,79.11205225623154,57.91517418638138,False,4,11.484005060066641,11.8,16.2,typical_january,Innotec Power 145-DZS48-010,G-HFCS 600W 24V
11492.200705022367,3.9699447635724048,61.51440189584781,81.50708345874219,61.47489162229015,False,4,11.492200705022368,12.6,0.0,typical_january,Innotec Power 145-DZS48-010,G-HFCS 600W 24V
11503.438623958786,1.0586038927363761,70.98006152908206,73.12296363329813,49.47828467199078,False,4,11.503438623958786,12.8,15.3,typical_january,Innotec Power 145-DZS48-010,G-HFCS 600W 24V
11511.016578810422,-1.9098832871783256,82.20273011920256,70.14542851395936,45.53085551223967,False,4,11.511016578810422,12.9,16.2,typical_january,Innotec Power 145-DZS48-010,G-HFCS 600W 24V
11523.241161387226,-3.8171097329852803,95.73078556825683,66.14571752028235,40.4865274851165,False,4,11.523241161387226,12.7,17.1,typical_january,Innotec Power 145-DZS48-010,G-HFCS 600W 24V
11531.772909043973,-5.5684490774596895,104.07029633090818,80.00662167977531,59.23234550699576,False,4,11.531772909043973,12.2,18.900000000000002,typical_january,Innotec Power 145-DZS48-010,G-HFCS 600W 24V
11540.380438686512,-5.45917013650255,111.64908172158668,92.71737508291888,79.5480102546298,False,4,11.540380438686512,11.7,22.5,typical_january,Innotec Power 145-DZS48-010,G-HFCS 600W 24V
11553.342966085776,-4.4080995999029575,116.59356010610352,125.18063203412238,145.00445498293234,False,4,11.553342966085776,11.0,27.0,typical_january,Innotec Power 145-DZS48-010,G-HFCS 600W 24V
11562.511601619997,-3.3433508399845717,118.66230424499284,169.43309302047365,265.64616058862464,False,4,11.562511601619997,10.5,28.8,typical_january,Innotec Power 145-DZS48-010,G-HFCS 600W 24V
11571.930372092862,-2.331270634782614,120.12342549816901,202.0001611896576,377.5813173670069,False,4,11.571930372092861,10.1,29.7,typical_january,Innotec Power 145-DZS48-010,G-HFCS 600W 24V
11581.43819559158,-1.033825991365096,121.346343734936,221.6767808602665,454.7235822361489,False,4,11.581438195591579,10.0,30.6,typical_january,Innotec Power 145-DZS48-010,G-HFCS 600W 24V
11591.164847586264,0.11344234443211049,122.62644624649917,206.3372308337855,393.9691912139924,False,4,11.591164847586263,9.9,30.6,typical_january,Innotec Power 145-DZS48-010,G-HFCS 600W 24V
11600.992650638138,0.7892611899779007,124.38179760325377,169.01361553031433,264.33243088015894,False,4,11.600992650638139,9.8,30.6,typical_january,Innotec Power 145-DZS48-010,G-HFCS 600W 24V
11610.903400731202,1.4676898837378354,126.13414379821896,188.12138207641283,327.47894818490033,False,4,11.610903400731202,10.0,30.6,typical_january,Innotec Power 145-DZS48-010,G-HFCS 600W 24V
11620.75349187691,2.5979664193653242,127.28290173486968,233.71040317169476,505.43248880764384,False,4,11.620753491876911,10.2,29.7,typical_january,Innotec Power 145-DZS48-010,G-HFCS 600W 24V
11630.635749159825,3.0217814576181,128.19950254570895,254.9989589908884,601.705360143718,False,4,11.630635749159824,10.4,28.8,typical_january,Innotec Power 145-DZS48-010,G-HFCS 600W 24V
11640.293671842319,3.129762616416579,129.45723521971007,206.18932520183623,393.40458755560985,False,4,11.640293671842318,10.6,27.0,typical_january,Innotec Power 145-DZS48-010,G-HFCS 600W 24V
11650.285329173026,2.6174050389645065,130.10240940401408,370.65562100338457,1271.3005842063535,False,4,11.650285329173027,11.1,25.2,typical_january,Innotec Power 145-DZS48-010,G-HFCS 600W 24V
11660.622331680868,1.4622184516171446,129.87166716763826,329.177399675526,1002.6909284497408,False,4,11.660622331680868,11.5,23.400000000000002,typical_january,Innotec Power 145-DZS48-010,G-HFCS 600W 24V
11670.705777435332,0.5671294331076049,129.54935930201526,491.03470974044825,2231.1637726265853,False,4,11.670705777435332,11.5,23.400000000000002,typical_january,Innotec Power 145-DZS48-010,G-HFCS 600W 24V
11680.716255161275,0.5341980280764871,129.34773614306562,551.7195752784629,2816.7211305420965,False,4,11.680716255161274,11.5,22.5,typical_january,Innotec Power 145-DZS48-010,G-HFCS 600W 24V
11690.734271091342,0.4271745778076288,129.15496043590394,564.0156385439395,2943.6715951122146,False,4,11.690734271091342,11.6,21.6,typical_january,Innotec Power 145-DZS48-010,G-HFCS 600W 24V
11700.856617697902,-1.3345303112004527,128.9623188065254,542.4496586646663,2722.863974200931,False,4,11.700856617697902,11.7,20.7,typical_january,Innotec Power 145-DZS48-010,G-HFCS 600W 24V
11710.81888927801,-1.994508346246513,128.75983858861156,554.1820041916188,2841.9203590980937,False,4,11.710818889278011,11.7,20.7,typical_january,Innotec Power 145-DZS48-010,G-HFCS 600W 24V
11720.817083642753,-1.9914560723514227,128.54234966712266,504.0530477419629,2351.0374950675173,False,4,11.720817083642753,11.3,21.6,typical_january,Innotec Power 145-DZS48-010,G-HFCS 600W 24V
11730.912241198102,-1.2675223344878699,128.39412688141744,670.0000191123488,4153.906296712222,False,4,11.730912241198103,11.0,22.5,typical_january,Innotec Power 145-DZS48-010,G-HFCS 600W 24V
11740.936239615152,-0.14031443534217164,128.12073167373975,383.74258865040593,1362.6586178061698,False,4,11.740936239615152,10.9,22.5,typical_january,Innotec Power 145-DZS48-010,G-HFCS 600W 24V
11751.263631786624,0.8821480515870197,127.19536089751475,218.86402617094467,443.2572356227653,False,4,11.751263631786623,11.0,21.6,typical_january,Innotec Power 145-DZS48-010,G-HFCS 600W 24V
11761.497366879104,1.1391993618718854,124.58740285322963,134.21065022748496,166.6790537504183,False,4,11.761497366879105,11.0,20.7,typical_january,Innotec Power 145-DZS48-010,G-HFCS 600W 24V
11770.74995715876,0.7189525505701561,122.04985602292979,148.36860511245715,203.7000298982801,False,4,11.77074995715876,11.1,18.900000000000002,typical_january,Innotec Power 145-DZS48-010,G-HFCS 600W 24V
11780.603077609532,0.6351191390289934,120.7821317207329,225.253928782209,469.5175327576577,False,4,11.780603077609532,11.3,18.0,typical_january,Innotec Power 145-DZS48-010,G-HFCS 600W 24V
11790.684225255283,-0.42524376770536626,119.9887330592752,284.2536704705491,747.6859641094699,False,4,11.790684225255283,11.4,17.1,typical_january,Innotec Power 145-DZS48-010,G-HFCS 600W 24V
11800.735693057333,-1.6983238974698665,119.46095668716438,351.2375871967768,1141.5870554683256,False,4,11.800735693057334,11.3,17.1,typical_january,Innotec Power 145-DZS48-010,G-HFCS 600W 24V
11810.809359804809,-1.5486651218378493,119.0427629265628,387.2664566287372,1387.7998273457267,False,4,11.810809359804809,11.1,18.0,typical_january,Innotec Power 145-DZS48-010,G-HFCS 600W 24V
11820.945247164416,-1.6803975556079151,118.59011969650118,368.7533801993346,1258.2851910374363,False,4,11.820945247164417,10.9,18.0,typical_january,Innotec Power 145-DZS48-010,G-HFCS 600W 24V
11831.160204654147,-1.6805649650348924,117.92823663176821,262.97796266528815,639.9496094605203,True,4,11.831160204654147,10.8,0.0,typical_january,Innotec Power 145-DZS48-010,G-HFCS 600W 24V
11841.39348197351,-1.6104481549728582,116.97538464097448,215.15483521988372,428.3603713706328,False,4,11.84139348197351,10.6,14.4,typical_january,Innotec Power 145-DZS48-010,G-HFCS 600W 24V
11851.70545836011,-1.627842841898074,115.06260304812216,169.19015376364692,264.88492070625915,False,4,11.85170545836011,10.4,20.7,typical_january,Innotec Power 145-DZS48-010,G-HFCS 600W 24V
11861.38962889523,-0.8935195273556714,113.19737194882046,175.90719145855869,286.3348798452183,False,4,11.861389628895228,10.29999999999999,23.400000000000002,typical_january,Innotec Power 145-DZS48-010,G-HFCS 600W 24V
11871.397748027648,0.22321066825203625,110.8025210634078,150.6679452204674,210.0626289196787,False,4,11.871397748027649,10.1,25.2,typical_january,Innotec Power 145-DZS48-010,G-HFCS 600W 24V
11881.333029673024,0.8311240741632362,108.34797448159435,154.38018111971184,220.54141545718537,False,4,11.881333029673023,10.0,26.1,typical_january,Innotec Power 145-DZS48-010,G-HFCS 600W 24V
11891.011782717875,1.7241767583238474,104.19226950087241,110.58621713466503,113.16420319545664,False,4,11.891011782717875,10.2,26.1,typical_january,Innotec Power 145-DZS48-010,G-HFCS 600W 24V
11901.322923050735,1.9621225801939608,102.51936611868294,264.8896527637799,649.2875171219388,False,4,11.901322923050735,10.5,26.1,typical_january,Innotec Power 145-DZS48-010,G-HFCS 600W 24V
11911.817281046957,1.4419943489260674,103.00049609481025,210.8232911963677,411.2862998169695,False,4,11.911817281046957,10.7,26.1,typical_january,Innotec Power 145-DZS48-010,G-HFCS 600W 24V
11921.895645654186,1.3823368487703744,104.56988403561814,171.13959610305207,271.0241997583331,False,4,11.921895645654185,10.8,26.1,typical_january,Innotec Power 145-DZS48-010,G-HFCS 600W 24V
11931.820732775872,0.9576848420849937,107.58197098994953,122.62991696430907,139.15535825818867,False,4,11.931820732775872,10.9,26.1,typical_january,Innotec Power 145-DZS48-010,G-HFCS 600W 24V
11941.649374777524,0.6727032338064987,113.43281800323942,87.59730254673013,71.0049344726952,False,4,11.941649374777525,11.1,26.1,typical_january,Innotec Power 145-DZS48-010,G-HFCS 600W 24V
11951.413810085422,0.5024043135532494,123.34138292546265,71.83890054445884,47.75583241572306,False,4,11.951413810085421,11.2,26.1,typical_january,Innotec Power 145-DZS48-010,G-HFCS 600W 24V
11961.404047525708,0.8715751477397273,132.11904405682418,85.74480708030995,68.03348536166439,False,4,11.961404047525708,11.2,26.1,typical_january,Innotec Power 145-DZS48-010,G-HFCS 600W 24V
11971.542759407515,1.5529493460507333,136.5803781913039,120.6997208200286,134.809220191193,False,4,11.971542759407516,11.1,26.1,typical_january,Innotec Power 145-DZS48-010,G-HFCS 600W 24V
11981.70961497651,2.264003173884256,138.88913014488895,166.7130206412603,257.18527893570143,False,4,11.98170961497651,11.4,26.1,typical_january,Innotec Power 145-DZS48-010,G-HFCS 600W 24V
11991.79610711333,1.9880835600700375,140.07603269218862,230.9115197077595,493.39899941431696,False,4,11.99179610711333,11.7,26.1,typical_january,Innotec Power 145-DZS48-010,G-HFCS 600W 24V
12001.834619818897,1.195422700491284,140.56202762902691,362.67098711887655,1217.1180247670547,False,4,12.001834619818897,11.9,26.1,typical_january,Innotec Power 145-DZS48-010,G-HFCS 600W 24V
12011.869261736763,1.5089102744805247,140.48620861733275,409.5092078851615,1551.7952142147087,False,4,12.011869261736763,12.0,26.1,typical_january,Innotec Power 145-DZS48-010,G-HFCS 600W 24V
12021.876458963327,1.544774568081141,139.82665363014237,250.1306964894232,578.9499892130206,False,4,12.021876458963327,12.0,26.1,typical_january,Innotec Power 145-DZS48-010,G-HFCS 600W 24V
12031.7408221103,1.8036236575200553,138.5189432499052,195.23002407393557,352.69579434740695,False,4,12.031740822110299,12.2,26.1,typical_january,Innotec Power 145-DZS48-010,G-HFCS 600W 24V
12041.540593099337,1.468241572070054,136.6332465434217,164.34165596553615,249.92078879145524,False,4,12.041540593099336,12.5,26.1,typical_january,Innotec Power 145-DZS48-010,G-HFCS 600W 24V
12051.32720502779,1.0144858402624937,133.78477694810778,130.79629651959914,158.3062129557721,False,4,12.05132720502779,12.7,26.1,typical_january,Innotec Power 145-DZS48-010,G-HFCS 600W 24V
12061.204517664963,0.6739461069964917,130.93436952547324,148.0324134688576,202.7779391352807,False,4,12.061204517664963,12.8,26.1,typical_january,Innotec Power 145-DZS48-010,G-HFCS 600W 24V
12071.100446955124,0.559943059394182,129.023221883834,181.40648433998427,304.51779674928355,False,4,12.071100446955125,12.7,26.1,typical_january,Innotec Power 145-DZS48-010,G-HFCS 600W 24V
12081.038154710192,0.5588567581883854,127.37445985202154,190.60973783526944,336.19963176192,False,4,12.08103815471019,12.8,26.1,typical_january,Innotec Power 145-DZS48-010,G-HFCS 600W 24V
12090.983227522773,0.6698458196637936,125.65419335533386,188.493078229834,328.77431307920864,False,4,12.090983227522774,12.9,26.1,typical_january,Innotec Power 145-DZS48-010,G-HFCS 600W 24V
12100.935938564735,0.4462397231539073,123.97011652584584,191.5085477412156,339.37776965271763,False,4,12.100935938564735,13.0,26.1,typical_january,Innotec Power 145-DZS48-010,G-HFCS 600W 24V
12110.895997429076,-0.11146283370188302,122.33923153161317,194.72070063084996,350.8579426511959,False,4,12.110895997429076,13.0,26.1,typical_january,Innotec Power 145-DZS48-010,G-HFCS 600W 24V
12120.863049909292,-0.2228195644761955,120.76204008453792,198.1119778976431,363.18552670044784,False,4,12.120863049909293,13.0,27.0,typical_january,Innotec Power 145-DZS48-010,G-HFCS 600W 24V
12130.836723950153,-0.11135983754553361,119.25816556467143,201.6653950139784,376.3308558521859,False,4,12.130836723950154,13.0,27.900000000000002,typical_january,Innotec Power 145-DZS48-010,G-HFCS 600W 24V
12140.816644095015,0.11127048654685982,117.81896103051804,201.9813216986393,377.5108906101293,False,4,12.140816644095015,12.9,28.8,typical_january,Innotec Power 145-DZS48-010,G-HFCS 600W 24V
12150.801286255895,0.6673718038459564,116.01994921348864,169.79463314791192,266.78105357857754,False,4,12.150801286255895,12.9,28.8,typical_january,Innotec Power 145-DZS48-010,G-HFCS 600W 24V
12160.790974058953,1.0007011968490973,114.26431195647322,190.06196885722275,334.27008593453456,False,4,12.160790974058953,13.0,28.8,typical_january,Innotec Power 145-DZS48-010,G-HFCS 600W 24V
12170.784628470325,1.2233609131266696,112.97076209560473,221.4971008500494,453.98672901483445,False,4,12.170784628470324,13.1,27.900000000000002,typical_january,Innotec Power 145-DZS48-010,G-HFCS 600W 24V
12180.781539640462,1.335827269751464,111.72906248754902,222.4143027892837,457.7543597529087,False,4,12.180781539640462,13.3,27.0,typical_january,Innotec Power 145-DZS48-010,G-HFCS 600W 24V
12190.78042374881,1.2257392582889626,110.51377228921481,225.31905245157157,469.7890585399464,False,4,12.19078042374881,13.4,26.1,typical_january,Innotec Power 145-DZS48-010,G-HFCS 600W 24V
12200.745605793398,1.1146062448252358,109.36750860055542,230.0007281064337,489.5144170752065,False,4,12.200745605793397,13.5,25.2,typical_january,Innotec Power 145-DZS48-010,G-HFCS 600W 24V
12210.690787663101,1.11443600331768,108.0268159917951,198.9241075130515,366.1692764362398,False,4,12.2106907876631,13.6,24.3,typical_january,Innotec Power 145-DZS48-010,G-HFCS 600W 24V
12220.645664379092,0.8211709878671778,106.82070061659374,229.3989342697927,486.9561524088091,False,4,12.220645664379091,13.7,23.400000000000002,typical_january,Innotec Power 145-DZS48-010,G-HFCS 600W 24V
12230.639021048028,0.5004435325927166,106.10369133846316,297.7029685341856,820.1124328292968,False,4,12.230639021048027,13.8,22.5,typical_january,Innotec Power 145-DZS48-010,G-HFCS 600W 24V
12240.64112887634,-0.5531710049962792,105.61844914776833,361.93822130077046,1212.204692705018,False,4,12.240641128876339,13.9,21.6,typical_january,Innotec Power 145-DZS48-010,G-HFCS 600W 24V
12250.64691625882,-1.8529318451931909,105.19510321576564,377.3693514347571,1317.7721238969727,False,4,12.25064691625882,13.9,21.6,typical_january,Innotec Power 145-DZS48-010,G-HFCS 600W 24V
12260.659138614414,-2.275225310454257,104.68739702132237,322.6834790249103,963.5195404369632,False,4,12.260659138614415,13.6,23.400000000000002,typical_january,Innotec Power 145-DZS48-010,G-HFCS 600W 24V
12270.679621352423,-1.7522385996239023,103.91324985614477,262.1654430827826,636.0012305962131,False,4,12.270679621352423,13.3,24.3,typical_january,Innotec Power 145-DZS48-010,G-HFCS 600W 24V
12280.815601792609,-1.271512766765905,102.69509046373608,196.01067152597943,355.52201479587666,False,4,12.28081560179261,13.1,26.1,typical_january,Innotec Power 145-DZS48-010,G-HFCS 600W 24V
12290.690955219045,-1.4024307723379175,100.49990447257821,147.19070361938398,200.47851102658328,False,4,12.290690955219045,13.1,27.0,typical_january,Innotec Power 145-DZS48-010,G-HFCS 600W 24V
12300.481352794326,-1.7384350226109588,96.34782872022748,95.55384950497732,84.48963638118303,False,4,12.300481352794327,13.0,27.900000000000002,typical_january,Innotec Power 145-DZS48-010,G-HFCS 600W 24V
12310.039736981324,-2.7294819977974916,91.94498508747628,114.54524061980366,121.4118741625444,False,4,12.310039736981324,12.8,28.8,typical_january,Innotec Power 145-DZS48-010,G-HFCS 600W 24V
12320.934885258846,-3.420428594047757,92.12988897231719,185.59913681968283,318.75644126763024,False,4,12.320934885258847,12.5,29.7,typical_january,Innotec Power 145-DZS48-010,G-HFCS 600W 24V
12331.083868915466,-3.6918379626410163,94.25744906292286,162.8488598849096,245.40110285155544,False,4,12.331083868915465,12.1,31.5,typical_january,Innotec Power 145-DZS48-010,G-HFCS 600W 24V
12340.837562307608,-3.340075692060977,95.53752061728605,246.53994637277845,562.4470713110877,False,4,12.340837562307609,11.8,33.300000000000004,typical_january,Innotec Power 145-DZS48-010,G-HFCS 600W 24V
12350.995636679896,-2.4903110789307217,95.87046522869448,448.2877694452094,1859.6056022503196,False,4,12.350995636679896,11.4,34.2,typical_january,Innotec Power 145-DZS48-010,G-HFCS 600W 24V
12361.365233427783,-1.244162989948996,95.1846398037942,180.01780403930874,299.8734282072427,False,4,12.361365233427783,11.1,35.1,typical_january,Innotec Power 145-DZS48-010,G-HFCS 600W 24V
12371.529795550305,-0.3753406922442658,93.42862516031246,171.05074342762637,270.7428507949484,False,4,12.371529795550305,11.0,35.1,typical_january,Innotec Power 145-DZS48-010,G-HFCS 600W 24V
12381.155231216282,-0.1252010165102503,92.55030780854219,263.958206324094,644.7292927073455,False,4,12.381155231216281,11.0,35.1,typical_january,Innotec Power 145-DZS48-010,G-HFCS 600W 24V
12391.072772102025,0.0,91.95811056843826,337.6433378822773,1054.9294957153018,False,4,12.391072772102024,11.0,35.1,typical_january,Innotec Power 145-DZS48-010,G-HFCS 600W 24V
12401.30101142197,0.14183696758637201,91.41753445395551,318.9284724098868,941.2254264735856,False,4,12.401301011421971,11.0,35.1,typical_january,Innotec Power 145-DZS48-010,G-HFCS 600W 24V
12411.307453916377,0.8756255873286831,91.120819515358,482.464702222354,2153.962588477595,False,4,12.411307453916377,11.0,35.1,typical_january,Innotec Power 145-DZS48-010,G-HFCS 600W 24V
12421.335333532135,1.3830739270503443,90.90327536353789,526.9424690707154,2569.41035178876,False,4,12.421335333532136,11.0,35.1,typical_january,Innotec Power 145-DZS48-010,G-HFCS 600W 24V
12431.307413551916,1.3397703536773915,90.69828559013803,520.5978268090936,2507.908960133153,False,4,12.431307413551917,11.2,34.2,typical_january,Innotec Power 145-DZS48-010,G-HFCS 600W 24V
12441.171351338335,1.0565993942421645,90.43794623072716,452.94701971324895,1898.4618672267115,False,4,12.441171351338335,11.4,33.300000000000004,typical_january,Innotec Power 145-DZS48-010,G-HFCS 600W 24V
12451.072586241411,0.748139315449701,90.12294013827682,426.1934639411443,1680.8177883985209,False,4,12.451072586241411,11.6,32.4,typical_january,Innotec Power 145-DZS48-010,G-HFCS 600W 24V
12461.105685546618,1.1224101489324672,89.63966444837553,335.0681788335823,1038.8992571536526,False,4,12.461105685546618,11.6,32.4,typical_january,Innotec Power 145-DZS48-010,G-HFCS 600W 24V
12471.414939493803,1.8730401685933225,89.14607220300263,332.5393565863929,1023.2768986829292,False,4,12.471414939493803,11.5,31.5,typical_january,Innotec Power 145-DZS48-010,G-HFCS 600W 24V
12481.232573586462,2.500699647523114,88.57192987230175,309.8663826248774,888.4970492463832,False,4,12.481232573586462,11.8,30.6,typical_january,Innotec Power 145-DZS48-010,G-HFCS 600W 24V
12491.189776093532,2.133369641370784,87.99109248266737,267.8279787215142,663.7720371337537,False,4,12.491189776093531,12.1,29.7,typical_january,Innotec Power 145-DZS48-010,G-HFCS 600W 24V
12501.18022325183,1.1252471925454421,87.42230478871258,347.0272135604097,1114.3821104202632,False,4,12.50118022325183,12.4,28.8,typical_january,Innotec Power 145-DZS48-010,G-HFCS 600W 24V
12511.256244447555,0.12424223836181349,86.96732398354487,329.2853032890392,1003.3483958663638,False,4,12.511256244447555,12.4,27.900000000000002,typical_january,Innotec Power 145-DZS48-010,G-HFCS 600W 24V
12521.188103814815,0.0,86.40092002390435,277.415138311783,712.1432763959094,False,4,12.521188103814815,12.4,27.900000000000002,typical_january,Innotec Power 145-DZS48-010,G-HFCS 600W 24V
12531.252545766523,0.6747611818467298,85.86319862486124,361.2950428712285,1207.9002500239003,False,4,12.531252545766524,12.4,27.900000000000002,typical_january,Innotec Power 145-DZS48-010,G-HFCS 600W 24V
12541.346757665337,1.0670194501601489,85.41889381046417,361.3782396867185,1208.4566098562536,False,4,12.541346757665336,12.5,27.900000000000002,typical_january,Innotec Power 145-DZS48-010,G-HFCS 600W 24V
12551.45322070518,0.8750294473759628,84.98216866470841,375.7354079095777,1306.3853814059055,False,4,12.551453220705179,12.6,27.0,typical_january,Innotec Power 145-DZS48-010,G-HFCS 600W 24V
12561.355451278,0.48663703312621903,84.65396629952701,421.9924988674964,1647.845642187343,False,4,12.561355451277999,12.8,26.1,typical_january,Innotec Power 145-DZS48-010,G-HFCS 600W 24V
12571.337350223705,-0.5007450342271503,84.47222653225964,577.4476252737187,3085.5477005576645,False,4,12.571337350223704,12.8,25.2,typical_january,Innotec Power 145-DZS48-010,G-HFCS 600W 24V
12581.352517573261,-2.8939819750854188,84.39617024123709,997.8582765741952,9213.927551285082,False,4,12.581352517573261,12.8,26.1,typical_january,Innotec Power 145-DZS48-010,G-HFCS 600W 24V
12591.355749911101,-4.769928901935415,84.40895231728118,1056.442723676413,10327.589749992389,False,4,12.5913557499111,12.6,27.0,typical_january,Innotec Power 145-DZS48-010,G-HFCS 600W 24V
12601.313379245019,-5.136812116021103,84.48787854550477,756.2534120154827,5292.267157187167,False,4,12.601313379245019,12.0,28.8,typical_january,Innotec Power 145-DZS48-010,G-HFCS 600W 24V
12611.267477926107,-5.255304649098941,84.652182567448,561.7467288241704,2920.035756947878,False,4,12.611267477926107,11.3,30.6,typical_january,Innotec Power 145-DZS48-010,G-HFCS 600W 24V
12621.1539003485,-4.698011927822998,84.83317215200236,563.1849987619399,2935.0075437533023,False,4,12.6211539003485,10.8,32.4,typical_january,Innotec Power 145-DZS48-010,G-HFCS 600W 24V
12631.112957568825,-3.8028415248594305,84.97643060533747,637.4020332240486,3759.5334592381537,False,4,12.631112957568824,10.4,34.2,typical_january,Innotec Power 145-DZS48-010,G-HFCS 600W 24V
12641.047790799874,-3.237108255312129,85.14913492839301,555.8986925242561,2859.554449853845,False,4,12.641047790799874,10.0,35.1,typical_january,Innotec Power 145-DZS48-010,G-HFCS 600W 24V
12650.982416815123,-2.3482867023133256,85.40258106393176,441.75250717246166,1805.7811341519723,False,4,12.650982416815122,9.7,36.0,typical_january,Innotec Power 145-DZS48-010,G-HFCS 600W 24V
12660.922933982878,-1.3702080009166995,85.80105450536334,358.41107298097063,1188.693539962359,False,4,12.660922933982878,9.4,36.9,typical_january,Innotec Power 145-DZS48-010,G-HFCS 600W 24V
12670.970999281659,-0.1201003623425726,86.55410894217601,245.28318388723252,556.7274243474411,False,4,12.670970999281659,9.2,36.9,typical_january,Innotec Power 145-DZS48-010,G-HFCS 600W 24V
12681.155661974793,1.2932820607061384,88.0312160057336,170.72577120224673,269.71508176598934,False,4,12.681155661974794,9.3,36.9,typical_january,Innotec Power 145-DZS48-010,G-HFCS 600W 24V
12691.124846502846,1.612804005869839,91.13826738780793,122.66633653401806,139.23802537498025,False,4,12.691124846502845,9.4,36.0,typical_january,Innotec Power 145-DZS48-010,G-HFCS 600W 24V
12700.359916314139,1.666105174356434,97.44958250596072,97.45017235286174,87.87640636511344,False,4,12.700359916314138,9.6,35.1,typical_january,Innotec Power 145-DZS48-010,G-HFCS 600W 24V
12714.03302810542,1.1024947713212034,104.57527088859575,100.250074632062,92.99861367187532,False,4,12.714033028105419,9.9,33.300000000000004,typical_january,Innotec Power 145-DZS48-010,G-HFCS 600W 24V
12723.46617538549,0.6264707113028148,109.45213637569071,108.47677929695686,108.88815274012232,False,4,12.723466175385491,10.1,32.4,typical_january,Innotec Power 145-DZS48-010,G-HFCS 600W 24V
12732.725265678344,0.2519663287774599,115.39105851431214,88.07743923585483,71.78544952449573,False,4,12.732725265678344,10.0,31.5,typical_january,Innotec Power 145-DZS48-010,G-HFCS 600W 24V
12740.916291371737,0.6730171279021498,123.62360437146386,83.32201293320179,64.24311222635157,False,4,12.740916291371738,10.0,31.5,typical_january,Innotec Power 145-DZS48-010,G-HFCS 600W 24V
12753.673015888742,1.7359501458524629,129.54259809476798,116.50921412450158,125.61098207915686,False,4,12.753673015888742,10.0,31.5,typical_january,Innotec Power 145-DZS48-010,G-HFCS 600W 24V
12763.161455470146,2.2750377189443323,134.1093190702756,110.9961041500269,114.00464245948638,False,4,12.763161455470147,10.2,30.6,typical_january,Innotec Power 145-DZS48-010,G-HFCS 600W 24V
12772.354476961309,2.4455367188067374,138.40796605581076,113.72813834298614,119.68588226189942,False,4,12.77235447696131,10.5,29.7,typical_january,Innotec Power 145-DZS48-010,G-HFCS 600W 24V
12781.460601216864,2.3371823199800703,142.23769941394573,122.0122825425844,137.7571562228774,False,4,12.781460601216864,10.8,28.8,typical_january,Innotec Power 145-DZS48-010,G-HFCS 600W 24V
12791.327970983999,1.9198164655210659,144.77785367131577,170.1706131664167,267.9638400620711,False,4,12.791327970984,11.0,27.0,typical_january,Innotec Power 145-DZS48-010,G-HFCS 600W 24V
12801.476682958655,0.9964305206461823,146.53832811197327,186.3659188697247,321.3956950038829,False,4,12.801476682958656,11.1,25.2,typical_january,Innotec Power 145-DZS48-010,G-HFCS 600W 24V
12811.555787257685,0.5004318989522697,148.4240808574471,177.75786903703775,292.3914950933076,False,4,12.811555787257685,11.3,24.3,typical_january,Innotec Power 145-DZS48-010,G-HFCS 600W 24V
12821.32589523982,-0.11239557158862436,149.99511051669035,189.7393103466932,333.1361027536886,False,4,12.82132589523982,11.4,23.400000000000002,typical_january,Innotec Power 145-DZS48-010,G-HFCS 600W 24V
12831.411709333554,-1.340605664521235,150.67998961423166,294.1058832400977,800.4136560928331,False,4,12.831411709333553,11.3,22.5,typical_january,Innotec Power 145-DZS48-010,G-HFCS 600W 24V
12841.320826064866,-1.9290837450580414,151.06609541370025,357.869249867594,1185.1022736347393,False,4,12.841320826064866,11.2,22.5,typical_january,Innotec Power 145-DZS48-010,G-HFCS 600W 24V
12851.00495736825,-2.1602716842572445,151.65545904397408,284.1095970768426,746.9282299711756,False,4,12.85100495736825,11.1,22.5,typical_january,Innotec Power 145-DZS48-010,G-HFCS 600W 24V
12860.693440252615,-2.264634689103752,152.66144083279568,209.2558780521618,405.19343284368506,False,4,12.860693440252614,10.700000000000022,23.400000000000002,typical_january,Innotec Power 145-DZS48-010,G-HFCS 600W 24V
12870.302670642732,-2.5007200056670484,154.47764530876373,156.87649838465572,227.7313597553858,False,4,12.870302670642731,10.5,24.3,typical_january,Innotec Power 145-DZS48-010,G-HFCS 600W 24V
12880.4742964711,-2.870994199869372,158.78847472080406,102.26869834223216,96.78153859990584,False,4,12.8804742964711,10.3,25.2,typical_january,Innotec Power 145-DZS48-010,G-HFCS 600W 24V
12890.971789252284,-3.714558924197058,167.01825549965724,78.71405913736977,57.33392616838066,False,4,12.890971789252283,10.1,26.1,typical_january,Innotec Power 145-DZS48-010,G-HFCS 600W 24V
12900.314305249438,-3.9404640138603217,175.4355007866926,95.82031818698196,84.96152179587975,False,4,12.900314305249438,9.7,27.0,typical_january,Innotec Power 145-DZS48-010,G-HFCS 600W 24V
12914.529702699849,-4.195252700796942,183.15838629699934,95.90928416940078,85.11936293837516,False,4,12.914529702699848,9.0,28.8,typical_january,Innotec Power 145-DZS48-010,G-HFCS 600W 24V
12924.140246763322,-3.7998042310460556,188.48202708233802,105.6548314703921,103.29654330090304,False,4,12.924140246763322,8.7,29.7,typical_january,Innotec Power 145-DZS48-010,G-HFCS 600W 24V
12933.640466568462,-2.7348901944431203,192.7386937275146,119.3071856158686,131.71652593521014,False,4,12.933640466568463,8.3,30.6,typical_january,Innotec Power 145-DZS48-010,G-HFCS 600W 24V
12943.426783060147,-1.9039963425959805,197.26936408440054,108.74482968382604,109.42695142867284,False,4,12.943426783060147,7.9,30.6,typical_january,Innotec Power 145-DZS48-010,G-HFCS 600W 24V
12953.384189885459,-0.8767867266110568,202.62086081964657,103.0563698360139,98.27809872487644,False,4,12.953384189885458,7.7,30.6,typical_january,Innotec Power 145-DZS48-010,G-HFCS 600W 24V
12963.282691868508,1.098383032468766,206.3766261875104,127.2241368522579,149.77733247795666,False,4,12.963282691868507,7.7,30.6,typical_january,Innotec Power 145-DZS48-010,G-HFCS 600W 24V
12973.503283302342,3.8152153782933107,208.47492314180545,177.70838841418356,292.2287377452491,False,4,12.97350328330234,7.8,29.7,typical_january,Innotec Power 145-DZS48-010,G-HFCS 600W 24V
12983.647913995894,6.588557583073289,209.77341539969302,220.857595280039,451.36901595900815,False,4,12.983647913995894,8.1,27.0,typical_january,Innotec Power 145-DZS48-010,G-HFCS 600W 24V
12993.727370313014,8.254544875204498,210.75825463330318,249.50374900452655,576.0513737715376,False,4,12.993727370313014,8.8,23.400000000000002,typical_january,Innotec Power 145-DZS48-010,G-HFCS 600W 24V
13003.590841795045,8.451744644088986,211.5649997221495,272.25314673316217,685.8874896278079,False,4,13.003590841795045,9.7,18.0,typical_january,Innotec Power 145-DZS48-010,G-HFCS 600W 24V
13013.669277083387,7.918725641728745,212.1790487024265,319.2795422393261,943.2987297186264,False,4,13.013669277083387,10.7,0.0,typical_january,Innotec Power 145-DZS48-010,G-HFCS 600W 24V
13023.588178500408,7.006916472500404,212.76745822259372,320.8712227275575,952.727286625605,False,4,13.023588178500408,11.5,14.4,typical_january,Innotec Power 145-DZS48-010,G-HFCS 600W 24V
13033.640367406497,5.878770121645077,213.4614502056628,286.194269417467,757.9297117953323,False,4,13.033640367406496,12.2,0.0,typical_january,Innotec Power 145-DZS48-010,G-HFCS 600W 24V
13043.517152713586,5.09547862369843,214.19223845432174,291.7900313898671,787.8580318952215,False,4,13.043517152713585,12.7,14.4,typical_january,Innotec Power 145-DZS48-010,G-HFCS 600W 24V
13053.577956360106,4.334836977621771,215.0666919206581,244.9958473947212,555.4238338957396,False,4,13.053577956360106,13.2,0.0,typical_january,Innotec Power 145-DZS48-010,G-HFCS 600W 24V
13063.76377346694,4.348365076335012,216.36340799963244,198.0153211558789,362.8312243859351,False,4,13.06376377346694,13.6,14.4,typical_january,Innotec Power 145-DZS48-010,G-HFCS 600W 24V
13074.01020429333,4.362947061204412,218.42355997429706,151.9543181418317,213.66488704733624,False,4,13.07401020429333,14.0,0.0,typical_january,Innotec Power 145-DZS48-010,G-HFCS 600W 24V
13084.217771604042,3.2295805831805744,222.21854427549437,112.02119047348104,116.12010845031558,False,4,13.084217771604042,14.5,14.4,typical_january,Innotec Power 145-DZS48-010,G-HFCS 600W 24V
13094.212297922939,2.4192765070908897,228.28729063760605,96.7665850477173,86.64787074418587,False,4,13.094212297922939,15.0,0.0,typical_january,Innotec Power 145-DZS48-010,G-HFCS 600W 24V
13104.17673624995,0.9928984439160089,234.244605913042,102.24615054881824,96.73886729164586,False,4,13.10417673624995,15.2,14.4,typical_january,Innotec Power 145-DZS48-010,G-HFCS 600W 24V
13114.262871483352,-1.1247534357292805,240.9682733141238,90.96825214175269,76.57495776438508,False,4,13.114262871483351,15.2,18.0,typical_january,Innotec Power 145-DZS48-010,G-HFCS 600W 24V
13124.475234585952,-2.231059740563418,249.13418894280204,86.95114166511709,69.96126324703927,False,4,13.124475234585953,15.1,19.8,typical_january,Innotec Power 145-DZS48-010,G-HFCS 600W 24V
13134.692885346132,-3.069088272767289,256.1162061604562,96.14491818082682,85.53812647267846,False,4,13.134692885346132,14.8,22.5,typical_january,Innotec Power 145-DZS48-010,G-HFCS 600W 24V
13145.003442708745,-3.351670358740952,260.12791874854815,111.92091018131384,115.91230229677711,False,4,13.145003442708745,14.5,25.2,typical_january,Innotec Power 145-DZS48-010,G-HFCS 600W 24V
13150.133212071374,-3.3601495737723126,264.3696025222808,101.86318598247912,96.01555052997814,False,4,13.150133212071374,14.3,26.1,typical_january,Innotec Power 145-DZS48-010,G-HFCS 600W 24V
13160.326753568257,-3.229118470298282,270.7689892221382,95.01754923514024,83.54389410650862,False,4,13.160326753568258,14.0,27.900000000000002,typical_january,Innotec Power 145-DZS48-010,G-HFCS 600W 24V
13170.385653178899,-2.243844061186152,274.99510558995667,121.45220017655564,136.49534443946737,False,4,13.170385653178899,13.6,29.7,typical_january,Innotec Power 145-DZS48-010,G-HFCS 600W 24V
13180.652831632577,-0.6995950882553146,277.30677310704067,169.8550051031179,266.9707999427411,False,4,13.180652831632576,13.3,30.6,typical_january,Innotec Power 145-DZS48-010,G-HFCS 600W 24V
13190.849577120322,0.6983028263411735,278.7086443870553,219.5376426159649,445.98993554898857,False,4,13.190849577120321,13.2,31.5,typical_january,Innotec Power 145-DZS48-010,G-HFCS 600W 24V
13201.096873939643,2.1005451094584897,279.55685609627074,276.535624053211,707.6348901690105,False,4,13.201096873939644,13.4,31.5,typical_january,Innotec Power 145-DZS48-010,G-HFCS 600W 24V
13211.354833321175,2.6127996516659913,280.21930704912097,310.92842212921835,894.5979759934527,False,4,13.211354833321174,13.6,30.6,typical_january,Innotec Power 145-DZS48-010,G-HFCS 600W 24V
13221.49594338632,2.6249655039268616,280.9150204016682,271.4559931882267,681.8768311591867,False,4,13.221495943386321,13.9,29.7,typical_january,Innotec Power 145-DZS48-010,G-HFCS 600W 24V
13231.312077592445,2.0075672649710246,281.852676016621,245.79935424875512,559.0730279551217,False,4,13.231312077592445,14.2,28.8,typical_january,Innotec Power 145-DZS48-010,G-HFCS 600W 24V
13241.245073286504,0.8986123535616302,282.2492955681204,473.2289343985396,2072.285778668866,False,4,13.241245073286503,14.5,27.900000000000002,typical_january,Innotec Power 145-DZS48-010,G-HFCS 600W 24V
13251.299813132688,-0.3787676278405421,282.0190616415527,389.4166004846279,1403.2530269474062,False,4,13.251299813132688,14.6,27.900000000000002,typical_january,Innotec Power 145-DZS48-010,G-HFCS 600W 24V
13261.095744172133,-0.8984811989690881,281.75815307651783,522.0361195288174,2521.785660415595,False,4,13.261095744172133,14.5,28.8,typical_january,Innotec Power 145-DZS48-010,G-HFCS 600W 24V
13270.963276182649,-1.012037310375388,281.6029215919081,635.5635644694163,3737.877372335354,False,4,13.270963276182648,14.3,28.8,typical_january,Innotec Power 145-DZS48-010,G-HFCS 600W 24V
13280.847190514734,-1.4553425786025147,281.5001783911631,782.2360909507128,5662.168177820972,False,4,13.280847190514734,14.2,28.8,typical_january,Innotec Power 145-DZS48-010,G-HFCS 600W 24V
13290.771377462965,-1.8976164046813193,281.41678598702225,866.4686203085812,6947.247058485371,False,4,13.290771377462965,14.1,29.7,typical_january,Innotec Power 145-DZS48-010,G-HFCS 600W 24V
13300.731189357855,-2.3655822982682952,281.32437955254784,764.1545338139338,5403.429054989521,False,4,13.300731189357855,14.1,30.6,typical_january,Innotec Power 145-DZS48-010,G-HFCS 600W 24V
13310.7208507142,-2.9348280422379425,281.19169795784484,617.5818787291561,3529.3615822508004,False,4,13.310720850714201,13.7,31.5,typical_january,Innotec Power 145-DZS48-010,G-HFCS 600W 24V
13320.72769471206,-3.1682038336273735,280.9758019978437,474.612654387771,2084.422211053274,False,4,13.32072769471206,13.3,32.4,typical_january,Innotec Power 145-DZS48-010,G-HFCS 600W 24V
13330.765716455424,-2.746006181154228,280.5706265109602,357.384514803178,1181.8939981387734,False,4,13.330765716455424,13.0,33.300000000000004,typical_january,Innotec Power 145-DZS48-010,G-HFCS 600W 24V
13340.629480022313,-1.9895090770081043,280.09183741218254,342.0469362891114,1082.626055408308,False,4,13.340629480022313,12.7,34.2,typical_january,Innotec Power 145-DZS48-010,G-HFCS 600W 24V
13350.728971541215,-0.496647155033279,279.6856715741714,360.2138389712157,1200.681593952314,False,4,13.350728971541216,12.5,35.1,typical_january,Innotec Power 145-DZS48-010,G-HFCS 600W 24V
13360.902413664326,0.9091948702629822,279.19805322042123,350.3272985391871,1135.677510515376,False,4,13.360902413664325,12.4,35.1,typical_january,Innotec Power 145-DZS48-010,G-HFCS 600W 24V
13371.035754846482,1.3949902939838008,278.635448729279,312.3930001901963,903.045542947002,False,4,13.371035754846481,12.6,35.1,typical_january,Innotec Power 145-DZS48-010,G-HFCS 600W 24V
13380.980855361146,0.7351783949441917,277.8067448726132,235.00464961418635,511.0459787180697,False,4,13.380980855361146,12.8,34.2,typical_january,Innotec Power 145-DZS48-010,G-HFCS 600W 24V
13390.671236316262,-0.12198224043969663,276.51713677397686,195.8830728673044,355.0592913498972,False,4,13.390671236316262,13.0,34.2,typical_january,Innotec Power 145-DZS48-010,G-HFCS 600W 24V
13400.096585685906,-2.087741854768995,273.7020743672356,127.98495075050964,151.57405758994588,False,4,13.400096585685906,12.9,34.2,typical_january,Innotec Power 145-DZS48-010,G-HFCS 600W 24V
13413.512080940453,-3.4604342452842705,268.565169615071,95.42309586994888,84.25856733089793,False,4,13.413512080940453,12.7,35.1,typical_january,Innotec Power 145-DZS48-010,G-HFCS 600W 24V
13421.829185580624,-3.727291702439455,262.62032644233534,90.46368554953392,75.72784876344217,False,4,13.421829185580624,12.3,36.0,typical_january,Innotec Power 145-DZS48-010,G-HFCS 600W 24V
13430.094112371497,-3.520736317133435,253.43195474241602,74.9259088523034,51.948271861664985,False,4,13.430094112371497,11.9,36.9,typical_january,Innotec Power 145-DZS48-010,G-HFCS 600W 24V
13443.506033967022,-2.423732203712265,238.46256630085048,59.93647851466358,33.242181113808776,False,4,13.443506033967022,11.4,38.7,typical_january,Innotec Power 145-DZS48-010,G-HFCS 600W 24V
13452.830374520034,-0.8337991215604862,225.72734428174303,67.64539707278709,42.34318930721316,False,4,13.452830374520033,11.2,38.7,typical_january,Innotec Power 145-DZS48-010,G-HFCS 600W 24V
13462.170518413452,0.35068246687926663,218.36697281819954,90.99247135937247,76.61573753981996,False,4,13.462170518413451,11.0,38.7,typical_january,Innotec Power 145-DZS48-010,G-HFCS 600W 24V
13471.62442545883,1.5057370290883119,213.97002024244188,115.96593477690332,124.44227198286131,False,4,13.47162442545883,11.0,38.7,typical_january,Innotec Power 145-DZS48-010,G-HFCS 600W 24V
13481.222814802628,2.756860367633598,211.51346720050321,157.74293281125966,230.2538430978125,False,4,13.481222814802628,11.3,37.800000000000004,typical_january,Innotec Power 145-DZS48-010,G-HFCS 600W 24V
13490.92368564609,3.7567784759677814,210.12072006756537,211.06284548342572,412.2215036266446,False,4,13.49092368564609,11.6,36.9,typical_january,Innotec Power 145-DZS48-010,G-HFCS 600W 24V
13500.736369434364,4.185307551997354,209.33727302238418,281.54620841899987,733.5106629733539,False,4,13.500736369434364,11.9,36.0,typical_january,Innotec Power 145-DZS48-010,G-HFCS 600W 24V
13510.529272967726,4.50931915916711,208.8366413902035,351.8463251128585,1145.5475058743514,False,4,13.510529272967725,12.3,34.2,typical_january,Innotec Power 145-DZS48-010,G-HFCS 600W 24V
13520.412012378889,3.4913090543903413,208.50178612280135,432.9983017193222,1734.9199911963583,False,4,13.52041201237889,12.9,33.300000000000004,typical_january,Innotec Power 145-DZS48-010,G-HFCS 600W 24V
13530.299336118396,2.2460970964509053,208.27953556380328,537.4406657402544,2672.8101650247945,False,4,13.530299336118397,13.3,32.4,typical_january,Innotec Power 145-DZS48-010,G-HFCS 600W 24V
13540.205049173399,0.5603820204878656,208.08824702911784,559.8639892563936,2900.495086250998,False,4,13.540205049173398,13.7,31.5,typical_january,Innotec Power 145-DZS48-010,G-HFCS 600W 24V
13550.040136033213,-0.6147787753543219,207.9229064194874,588.544661950218,3205.27957027843,False,4,13.550040136033212,13.5,31.5,typical_january,Innotec Power 145-DZS48-010,G-HFCS 600W 24V
13560.021502410827,-1.0034528288248752,207.82848474227166,840.7380205934734,6540.763423635046,False,4,13.560021502410827,13.4,31.5,typical_january,Innotec Power 145-DZS48-010,G-HFCS 600W 24V
13570.004449523884,-0.3926428012821425,207.75326567430568,851.6244505278167,6711.248329154497,False,4,13.570004449523884,13.2,32.4,typical_january,Innotec Power 145-DZS48-010,G-HFCS 600W 24V
13580.035176885387,-0.14259834453742326,207.70603804307967,1148.1486561700056,12198.412323849858,False,4,13.580035176885387,13.2,33.300000000000004,typical_january,Innotec Power 145-DZS48-010,G-HFCS 600W 24V
13590.046819978252,0.0,207.6702868363994,1328.6113872019985,16334.393215121614,False,4,13.590046819978252,13.3,33.300000000000004,typical_january,Innotec Power 145-DZS48-010,G-HFCS 600W 24V
13600.08153052721,-0.42743911932371337,207.64994088008467,1779.6113931980442,29306.059047097136,False,4,13.60008153052721,13.2,33.300000000000004,typical_january,Innotec Power 145-DZS48-010,G-HFCS 600W 24V
13610.102855008356,-0.42764321649343695,207.63343998930293,1925.5724531576,34310.48002423106,False,4,13.610102855008355,13.2,34.2,typical_january,Innotec Power 145-DZS48-010,G-HFCS 600W 24V
13620.12572234627,-0.427970490544766,207.61819802075465,2020.9713892923853,37794.394848697455,False,4,13.620125722346272,13.2,35.1,typical_january,Innotec Power 145-DZS48-010,G-HFCS 600W 24V
13630.147056493734,-0.5705923733219507,207.60401881856092,2025.192262558688,37952.42968181557,False,4,13.630147056493733,13.1,36.0,typical_january,Innotec Power 145-DZS48-010,G-HFCS 600W 24V
13640.146697381972,-0.28542712877073273,207.59586269693673,3228.1058512755326,96427.87570816584,False,4,13.640146697381972,13.1,36.0,typical_january,Innotec Power 145-DZS48-010,G-HFCS 600W 24V
13650.16400887675,-0.28540519995757735,207.6020056600109,1843.576566926516,31450.63540346243,False,4,13.65016400887675,13.0,36.0,typical_january,Innotec Power 145-DZS48-010,G-HFCS 600W 24V
13660.177524488687,0.14269688390389138,207.61930605756305,1712.365719123541,27133.143710431777,False,4,13.660177524488686,13.0,36.0,typical_january,Innotec Power 145-DZS48-010,G-HFCS 600W 24V
13670.180766716796,0.7137898588089908,207.64426826253288,1442.667246847961,19259.251718822063,False,4,13.670180766716795,13.0,36.0,typical_january,Innotec Power 145-DZS48-010,G-HFCS 600W 24V
13680.199691057194,1.8556534475719126,207.6826784999455,1201.9516888095063,13368.45102547554,False,4,13.680199691057194,13.0,36.0,typical_january,Innotec Power 145-DZS48-010,G-HFCS 600W 24V
13690.196367986928,3.424730445745652,207.72344236383373,1219.862717223578,13769.842779625627,False,4,13.690196367986928,13.2,35.1,typical_january,Innotec Power 145-DZS48-010,G-HFCS 600W 24V
13700.210398142537,3.709082446197277,207.76820365615913,1152.6420166642365,12294.07784377203,False,4,13.700210398142538,13.5,34.2,typical_january,Innotec Power 145-DZS48-010,G-HFCS 600W 24V
13710.221503074501,3.2282194185969733,207.82363535738506,947.5717685853516,8308.665818118427,False,4,13.710221503074502,14.1,33.300000000000004,typical_january,Innotec Power 145-DZS48-010,G-HFCS 600W 24V
13720.240702881398,1.7663637049513068,207.8840682580979,917.6339012172358,7791.946554831964,False,4,13.720240702881398,14.4,32.4,typical_january,Innotec Power 145-DZS48-010,G-HFCS 600W 24V
13730.258361481376,0.7500462024070111,207.95338459146535,906.714007273132,7607.600796629246,False,4,13.730258361481376,14.6,31.5,typical_january,Innotec Power 145-DZS48-010,G-HFCS 600W 24V
13740.241736914904,-0.34739125217136513,208.00791444173012,1026.0764645860606,9742.4125854695,False,4,13.740241736914903,14.6,31.5,typical_january,Innotec Power 145-DZS48-010,G-HFCS 600W 24V
13750.246348166562,-1.0161154902701504,208.05942288347197,1114.947346329351,11503.123480912776,False,4,13.750246348166561,14.6,31.5,typical_january,Innotec Power 145-DZS48-010,G-HFCS 600W 24V
13760.238197794486,-1.7489042151765672,208.1130278617935,1002.2250312534514,9294.746639222403,False,4,13.760238197794486,14.5,31.5,typical_january,Innotec Power 145-DZS48-010,G-HFCS 600W 24V
13770.234465058962,-2.8175946158352216,208.1873076831029,830.3626995370527,6380.32394713853,False,4,13.770234465058962,14.3,32.4,typical_january,Innotec Power 145-DZS48-010,G-HFCS 600W 24V
13780.266676114174,-3.851997907630418,208.30420476832984,672.2427760836499,4181.7623998736735,False,4,13.780266676114174,14.0,33.300000000000004,typical_january,Innotec Power 145-DZS48-010,G-HFCS 600W 24V
13790.293504800049,-5.122379163720419,208.48802240138673,520.5266418871677,2507.223159736627,False,4,13.790293504800049,13.6,35.1,typical_january,Innotec Power 145-DZS48-010,G-HFCS 600W 24V
13800.28208635587,-5.704161788834352,208.7826968671275,399.4453764519636,1476.460601546031,False,4,13.80028208635587,13.1,36.9,typical_january,Innotec Power 145-DZS48-010,G-HFCS 600W 24V
13810.277071606266,-6.34211715927538,209.2973798634252,313.98612023198734,912.2796060732718,False,4,13.810277071606265,12.6,38.7,typical_january,Innotec Power 145-DZS48-010,G-HFCS 600W 24V
13820.296131012075,-7.202101769197803,210.17769331192602,227.2758824305823,477.9844527374497,False,4,13.820296131012075,11.9,40.5,typical_january,Innotec Power 145-DZS48-010,G-HFCS 600W 24V
13830.459144382476,-7.031261728919155,211.75921258130154,175.0992322449909,283.71059140356374,False,4,13.830459144382475,11.1,42.300000000000004,typical_january,Innotec Power 145-DZS48-010,G-HFCS 600W 24V
13840.642555204646,-6.026232856064943,214.66981154952543,127.82598905287368,151.19777106106602,False,4,13.840642555204646,10.4,44.1,typical_january,Innotec Power 145-DZS48-010,G-HFCS 600W 24V
13850.788826205522,-4.452091259705417,219.96422860118673,95.0526542525944,83.6056374720197,False,4,13.850788826205521,9.7,45.9,typical_january,Innotec Power 145-DZS48-010,G-HFCS 600W 24V
13861.01733236421,-1.5164643475847068,229.9088447662891,69.4940570336545,44.68918125388948,False,4,13.86101733236421,9.2,46.800000000000004,typical_january,Innotec Power 145-DZS48-010,G-HFCS 600W 24V
13871.409541327645,0.9536689334146886,242.6845837521164,71.70861521424709,47.58277179209029,False,4,13.871409541327644,9.0,46.800000000000004,typical_january,Innotec Power 145-DZS48-010,G-HFCS 600W 24V
13881.943751922001,2.5835148358053743,253.21070239180773,80.06120314588323,59.31319109158231,False,4,13.881943751922002,9.2,45.9,typical_january,Innotec Power 145-DZS48-010,G-HFCS 600W 24V
13892.492353278805,4.083577664474898,262.2759017498191,81.39692640563652,61.30883693114535,False,4,13.892492353278806,9.6,45.0,typical_january,Innotec Power 145-DZS48-010,G-HFCS 600W 24V
13902.951670951506,4.916151054310612,273.3242767985091,74.07830556185749,50.77958475852312,False,4,13.902951670951506,9.9,43.2,typical_january,Innotec Power 145-DZS48-010,G-HFCS 600W 24V
13913.450007773607,5.7528758294520035,284.5124552310505,72.43092702654937,48.54619015770703,False,4,13.913450007773607,10.4,41.4,typical_january,Innotec Power 145-DZS48-010,G-HFCS 600W 24V
13923.842904007164,5.092937452421757,295.3908350842365,78.520650045852,57.05252080398261,False,4,13.923842904007165,11.1,38.7,typical_january,Innotec Power 145-DZS48-010,G-HFCS 600W 24V
13934.282694938258,3.754486388425396,305.81165964310514,77.15035990550217,55.078610831178345,False,4,13.934282694938258,11.8,36.9,typical_january,Innotec Power 145-DZS48-010,G-HFCS 600W 24V
13944.600065633584,2.7660450477698326,315.6215288057841,78.50903339486581,57.03564090815688,False,4,13.944600065633583,12.1,35.1,typical_january,Innotec Power 145-DZS48-010,G-HFCS 600W 24V
13954.687953055218,2.4118263314840966,322.0311483120898,99.58525158631237,91.7692357914864,False,4,13.954687953055219,12.2,33.300000000000004,typical_january,Innotec Power 145-DZS48-010,G-HFCS 600W 24V
13964.66026531844,1.8633389562374099,325.56106478383845,133.34275228629633,164.53030220600803,False,4,13.96466026531844,12.5,32.4,typical_january,Innotec Power 145-DZS48-010,G-HFCS 600W 24V
13974.706442562707,0.9902714374818194,327.4394024024311,186.69348551645604,322.52649222559035,False,4,13.974706442562706,12.9,31.5,typical_january,Innotec Power 145-DZS48-010,G-HFCS 600W 24V
13984.87719363963,0.14112054875139207,328.41597816078166,251.4477306866385,585.0628283377295,False,4,13.98487719363963,12.8,30.6,typical_january,Innotec Power 145-DZS48-010,G-HFCS 600W 24V
13995.015031894842,0.2834848606881759,328.8366432325355,350.65019582034165,1137.7719871905708,False,4,13.995015031894841,12.8,30.6,typical_january,Innotec Power 145-DZS48-010,G-HFCS 600W 24V
14000.035190777457,0.5688992323878135,329.1199229644086,388.40485245888976,1395.9708815128315,False,4,14.000035190777457,12.8,30.6,typical_january,Innotec Power 145-DZS48-010,G-HFCS 600W 24V
14010.067935569956,0.1424546339396947,329.37299369456423,497.4599271476464,2289.9356021279923,False,4,14.010067935569955,12.9,30.6,typical_january,Innotec Power 145-DZS48-010,G-HFCS 600W 24V
14020.066389077485,-0.8557612726534993,329.5707958167115,537.3980805544185,2672.38661088989,False,4,14.020066389077485,13.0,30.6,typical_january,Innotec Power 145-DZS48-010,G-HFCS 600W 24V
14030.113925217725,-2.4251238651457174,329.7005288562036,712.3128667125195,4695.141050365511,False,4,14.030113925217725,12.9,30.6,typical_january,Innotec Power 145-DZS48-010,G-HFCS 600W 24V
14040.116953782908,-3.31959994779563,329.8028832233541,774.7149130164863,5553.808457738997,False,4,14.040116953782908,12.6,31.5,typical_january,Innotec Power 145-DZS48-010,G-HFCS 600W 24V
14050.122969971982,-3.5702083490323573,329.8985556495769,765.0925234530218,5416.702472649483,False,4,14.050122969971982,12.2,32.4,typical_january,Innotec Power 145-DZS48-010,G-HFCS 600W 24V
14060.118758301787,-3.725967807048091,330.00909369576766,683.4591028003485,4322.471412174983,False,4,14.060118758301787,11.9,33.300000000000004,typical_january,Innotec Power 145-DZS48-010,G-HFCS 600W 24V
14070.123705605278,-2.4269201650469565,330.18628001058664,519.5783125710997,2498.095837009122,False,4,14.070123705605278,11.5,34.2,typical_january,Innotec Power 145-DZS48-010,G-HFCS 600W 24V
14080.161788509471,-1.25126202580763,330.54269053325646,325.44357439882623,980.0730965087232,False,4,14.080161788509471,11.2,35.1,typical_january,Innotec Power 145-DZS48-010,G-HFCS 600W 24V
14090.176411636541,-0.7506198115409337,331.0733137499047,339.47742491259686,1066.4214300586216,False,4,14.090176411636541,11.1,35.1,typical_january,Innotec Power 145-DZS48-010,G-HFCS 600W 24V
14100.088187688238,-0.2503281480518138,331.4295727039944,435.2292357813039,1752.8436783895636,False,4,14.100088187688238,11.1,35.1,typical_january,Innotec Power 145-DZS48-010,G-HFCS 600W 24V
14110.077462532377,-0.3755794301135247,331.6862868562293,490.1401303752487,2223.04159758233,False,4,14.110077462532377,11.1,35.1,typical_january,Innotec Power 145-DZS48-010,G-HFCS 600W 24V
14120.109353646774,0.0,331.8769108874116,561.5004890997762,2917.476342994084,False,4,14.120109353646773,11.0,35.1,typical_january,Innotec Power 145-DZS48-010,G-HFCS 600W 24V
14130.081167379114,0.5179308085013268,331.9957014473139,707.2218718907374,4628.267289841766,False,4,14.130081167379114,10.9,35.1,typical_january,Innotec Power 145-DZS48-010,G-HFCS 600W 24V
14140.09371398617,3.0975434124116172,332.0387475991613,1148.5678626057436,12207.321599596457,False,4,14.14009371398617,11.0,35.1,typical_january,Innotec Power 145-DZS48-010,G-HFCS 600W 24V
14150.106908711763,4.37529014923418,332.03255517189547,2189.13865059711,44345.913233222585,False,4,14.150106908711763,11.2,33.300000000000004,typical_january,Innotec Power 145-DZS48-010,G-HFCS 600W 24V
14160.087743081293,4.362513797575942,332.0261188265771,3551.237407744652,116698.82382334946,False,4,14.160087743081293,11.8,31.5,typical_january,Innotec Power 145-DZS48-010,G-HFCS 600W 24V
14170.087089527471,4.3758966412812725,332.0242216696274,5743.620542364485,305266.07701994485,False,4,14.17008708952747,12.4,29.7,typical_january,Innotec Power 145-DZS48-010,G-HFCS 600W 24V
14180.08720323582,3.4459755024253464,332.02455147942305,7218.036070650951,482108.91392908816,False,4,14.18008720323582,12.8,27.900000000000002,typical_january,Innotec Power 145-DZS48-010,G-HFCS 600W 24V
14190.08851332375,2.9463139619862657,332.0274691836876,3200.20079554602,94767.95804946656,False,4,14.190088513323749,13.0,27.0,typical_january,Innotec Power 145-DZS48-010,G-HFCS 600W 24V
14200.091708015501,2.375106191668549,332.03299529489857,2979.885022891715,82168.63646071247,False,4,14.200091708015501,13.3,25.2,typical_january,Innotec Power 145-DZS48-010,G-HFCS 600W 24V
14210.094203924267,1.2501313655523845,332.0439669793023,2128.2376009275745,41912.85926801269,False,4,14.210094203924267,13.7,23.400000000000002,typical_january,Innotec Power 145-DZS48-010,G-HFCS 600W 24V
14220.081185632811,-0.12498255690427311,332.0526210934778,2650.836033421887,65023.86738821821,False,4,14.22008118563281,13.9,23.400000000000002,typical_january,Innotec Power 145-DZS48-010,G-HFCS 600W 24V
14230.086287014927,-1.7672156838859627,332.0595861439191,2982.825573143929,82330.88447941361,False,4,14.230086287014927,13.8,24.3,typical_january,Innotec Power 145-DZS48-010,G-HFCS 600W 24V
14240.094191466133,-2.5701979113362388,332.0656715636537,2965.314401805035,81367.04781509863,False,4,14.240094191466133,13.4,24.3,typical_january,Innotec Power 145-DZS48-010,G-HFCS 600W 24V
14250.098054120579,-1.856427433474793,332.06932310552986,4129.0609435157385,157764.63292080275,False,4,14.25009805412058,13.2,25.2,typical_january,Innotec Power 145-DZS48-010,G-HFCS 600W 24V
14260.102401004644,-1.4281532613011019,332.0725017028908,4102.863931404381,155769.0938989957,False,4,14.260102401004644,13.0,25.2,typical_january,Innotec Power 145-DZS48-010,G-HFCS 600W 24V
14270.102893979923,-1.1425844989859348,332.0746491294436,5055.529135140333,236504.98576301915,False,4,14.270102893979923,12.9,25.2,typical_january,Innotec Power 145-DZS48-010,G-HFCS 600W 24V
14280.107455358473,-0.5712904151832363,332.0776144309877,4416.588398156664,180501.5434757492,False,4,14.280107455358474,12.8,25.2,typical_january,Innotec Power 145-DZS48-010,G-HFCS 600W 24V
14290.108786230961,0.2856536762382739,332.0812552293185,3900.3536947442535,140771.60071963855,False,4,14.290108786230961,12.7,24.3,typical_january,Innotec Power 145-DZS48-010,G-HFCS 600W 24V
14300.111618102583,0.9997982157299408,332.0874403001381,2834.745999220228,74359.31278251084,False,4,14.300111618102584,12.7,23.400000000000002,typical_january,Innotec Power 145-DZS48-010,G-HFCS 600W 24V
14310.112505769011,0.6251496481685832,332.0975548988621,2113.48097900933,41333.64951354454,False,4,14.31011250576901,12.9,21.6,typical_january,Innotec Power 145-DZS48-010,G-HFCS 600W 24V
14320.115361991488,-0.4284899212660868,332.1170969019414,1449.1647172083776,19433.121627569028,False,4,14.320115361991487,13.0,20.7,typical_january,Innotec Power 145-DZS48-010,G-HFCS 600W 24V
14330.095954176864,-1.374285678671293,332.14378630393105,1523.6472188908394,21482.05934203932,False,4,14.330095954176864,13.2,19.8,typical_january,Innotec Power 145-DZS48-010,G-HFCS 600W 24V
14340.116447189712,-3.2827464356015126,332.17425357284907,1352.2641843493527,16921.16095681807,False,4,14.340116447189711,12.8,19.8,typical_january,Innotec Power 145-DZS48-010,G-HFCS 600W 24V
14350.122083749375,-3.8550794625183813,332.202582014781,1231.6953308060365,14038.272085468045,False,4,14.350122083749374,12.4,20.7,typical_january,Innotec Power 145-DZS48-010,G-HFCS 600W 24V
14360.147792005708,-4.374886081947146,332.23641699112784,1251.7502419077323,14499.146345155505,False,4,14.360147792005709,12.1,22.5,typical_january,Innotec Power 145-DZS48-010,G-HFCS 600W 24V
14370.128137572841,-4.947578786726671,332.25357848389274,1741.0635444927518,28050.222435808915,False,4,14.370128137572841,11.7,24.3,typical_january,Innotec Power 145-DZS48-010,G-HFCS 600W 24V
14380.123791734659,-4.6685485245104275,332.26440765721406,2420.777646751882,54227.160780812,False,4,14.38012379173466,11.2,26.1,typical_january,Innotec Power 145-DZS48-010,G-HFCS 600W 24V
14390.119040599022,-3.8752506568576504,332.2701688392017,3445.766712521861,109869.91988229992,False,4,14.390119040599021,10.6,27.900000000000002,typical_january,Innotec Power 145-DZS48-010,G-HFCS 600W 24V
14400.12032885737,-2.874838979481844,332.2732351451389,4075.293463219581,153682.65019539968,False,4,14.400120328857371,10.1,28.8,typical_january,Innotec Power 145-DZS48-010,G-HFCS 600W 24V
14410.11855444371,-1.0177667615096555,332.2722657142224,5233.527561856929,253452.2183349669,False,4,14.410118554443711,9.9,29.7,typical_january,Innotec Power 145-DZS48-010,G-HFCS 600W 24V
14420.127392611686,0.8034205987948994,332.26969419596935,3167.4418460887173,92837.6984820698,False,4,14.420127392611686,9.9,29.7,typical_january,Innotec Power 145-DZS48-010,G-HFCS 600W 24V
14430.122529633038,1.2855712724168193,332.2596808259267,2176.032822272097,43816.52674976207,False,4,14.430122529633037,9.9,28.8,typical_january,Innotec Power 145-DZS48-010,G-HFCS 600W 24V
14440.125143018753,1.4817895992751837,332.2413631561676,1591.584088984574,23440.46609906355,False,4,14.440125143018752,10.1,27.0,typical_january,Innotec Power 145-DZS48-010,G-HFCS 600W 24V
14450.128274448329,1.7132184016270378,332.20789565732764,1185.203185871832,12998.483456930227,False,4,14.450128274448328,10.3,25.2,typical_january,Innotec Power 145-DZS48-010,G-HFCS 600W 24V
14460.131971136292,1.7321286166754573,332.14834396568125,896.4015159300513,7435.535132677871,False,4,14.460131971136292,10.4,23.400000000000002,typical_january,Innotec Power 145-DZS48-010,G-HFCS 600W 24V
14470.13190601862,1.8763960137627027,332.04113643648043,718.0357472797732,4770.88773822843,False,4,14.47013190601862,10.6,21.6,typical_january,Innotec Power 145-DZS48-010,G-HFCS 600W 24V
14480.13204299368,2.2694792030910054,331.8281925414384,443.5889034998117,1820.82585933911,False,4,14.48013204299368,10.8,19.8,typical_january,Innotec Power 145-DZS48-010,G-HFCS 600W 24V
14490.122878835264,2.3353398481685366,331.3875164738565,320.5322854252615,950.715611875649,False,4,14.490122878835264,11.0,17.1,typical_january,Innotec Power 145-DZS48-010,G-HFCS 600W 24V
14500.079154666459,2.4861058232748396,330.80885422387473,253.6598516435944,595.4023351434176,False,4,14.500079154666459,11.2,14.4,typical_january,Innotec Power 145-DZS48-010,G-HFCS 600W 24V
